11:50:34.891  INFO     Connecting to 100.122.9.49:5000...
11:50:35.684  DEBUG    TX /CONTROLL/0,0,0,0,0,0,0,0,0
11:50:36.486  DEBUG    TX /CONTROLL/0,0,0,0,0,0,0,0,0
11:50:37.289  DEBUG    TX /CONTROLL/0,0,0,0,0,0,0,0,0
11:50:38.094  DEBUG    TX /CONTROLL/0,0,0,0,0,0,0,0,0
11:50:38.897  DEBUG    TX /CONTROLL/0,0,0,0,0,0,0,0,0
11:50:39.713  DEBUG    TX /CONTROLL/0,0,0,0,0,0,0,0,0
11:50:40.527  DEBUG    TX /CONTROLL/0,0,0,0,0,0,0,0,0
11:50:41.331  DEBUG    TX /CONTROLL/0,0,0,0,0,0,0,0,0
11:50:42.150  DEBUG    TX /CONTROLL/0,0,0,0,0,0,0,0,0
11:50:42.246  INFO     Network connection established
11:50:42.246  INFO     RX        /BATTERY/VDDA/12865 mV
11:50:42.249  INFO     RX        === Hexapod Mainboard ===
11:50:42.249  INFO     RX        PCA9685 Right: OK
11:50:42.249  INFO     RX        PCA9685 Left:  OK
11:50:42.266  INFO     RX        LSM6DSO IMU:   OK
11:50:42.436  INFO     RX        VL53L1X ToF:   OK
11:50:42.486  INFO     RX        Locomotion:    INIT (UN_ARMED, printf mode)
11:50:42.486  INFO     RX        Press L1 to arm, R1 to disarm at any time.
11:50:42.486  INFO     RX        Ready.
11:50:42.953  DEBUG    TX /CONTROLL/0,0,0,0,0,0,0,0,0
11:50:43.760  DEBUG    TX /CONTROLL/0,0,0,0,0,0,0,0,4
11:50:44.568  DEBUG    TX /CONTROLL/0,0,0,0,0,0,0,0,0
11:50:45.371  DEBUG    TX /CONTROLL/0,0,0,0,0,0,0,0,0
11:50:46.177  DEBUG    TX /CONTROLL/0,0,0,0,0,0,0,0,0
11:50:46.978  DEBUG    TX /CONTROLL/0,0,0,-100,0,0,0,0,0
11:50:47.786  DEBUG    TX /CONTROLL/0,27,58,94,0,0,0,0,0
11:50:48.590  DEBUG    TX /CONTROLL/0,0,0,0,0,0,0,0,0
11:50:49.394  DEBUG    TX /CONTROLL/0,0,0,0,0,0,0,0,0
11:50:49.885  INFO     RX        SERVO FR.[C: 90 F:106 T:107] MR.[C: 90 F:106 T:107] BR./BATTERY/VDDA/12859 mV
11:50:49.885  INFO     RX        === Hexapod Mainboard ===
11:50:49.901  INFO     RX        PCA9685 Right: OK
11:50:49.901  INFO     RX        PCA9685 Left:  OK
11:50:49.918  INFO     RX        LSM6DSO IMU:   OK
11:50:50.091  INFO     RX        VL53L1X ToF:   OK
11:50:50.148  INFO     RX        Locomotion:    INIT (UN_ARMED, printf mode)
11:50:50.150  INFO     RX        Press L1 to arm, R1 to disarm at any time.
11:50:50.150  INFO     RX        Ready.
11:50:50.195  DEBUG    TX /CONTROLL/0,0,0,0,0,0,0,0,0
11:50:51.002  DEBUG    TX /CONTROLL/0,0,0,0,0,0,0,0,0
11:50:51.807  DEBUG    TX /CONTROLL/0,0,0,0,0,0,0,0,0
11:50:52.613  DEBUG    TX /CONTROLL/0,0,0,0,0,0,0,0,0
11:50:53.420  DEBUG    TX /CONTROLL/0,0,0,0,0,0,0,0,0
11:50:54.222  DEBUG    TX /CONTROLL/0,0,0,0,0,0,0,0,0
11:50:55.026  DEBUG    TX /CONTROLL/0,0,0,0,0,0,0,0,0
11:50:55.829  DEBUG    TX /CONTROLL/0,0,0,0,0,0,0,0,0
11:50:56.097  INFO     RX        SERVO FR.[C: 90 F:10/BATTERY/VDDA/12857 mV
11:50:56.097  INFO     RX        === Hexapod Mainboard ===
11:50:56.113  INFO     RX        PCA9685 Right: OK
11:50:56.113  INFO     RX        PCA9685 Left:  OK
11:50:56.131  INFO     RX        LSM6DSO IMU:   OK
11:50:56.303  INFO     RX        VL53L1X ToF:   OK
11:50:56.360  INFO     RX        Locomotion:    INIT (UN_ARMED, printf mode)
11:50:56.377  INFO     RX        Press L1 to arm, R1 to disarm at any time.
11:50:56.377  INFO     RX        Ready.
11:50:56.632  DEBUG    TX /CONTROLL/0,0,0,0,0,0,0,0,0
11:50:57.433  DEBUG    TX /CONTROLL/0,0,0,0,0,0,0,0,0
11:50:58.236  DEBUG    TX /CONTROLL/0,0,0,0,0,0,0,0,32
11:50:59.039  DEBUG    TX /CONTROLL/0,0,0,0,0,0,0,0,0
11:50:59.188  INFO     RX        SERVO FR.[C: 90 F:106 T:107] MR.[C: 90 F:10/BATTERY/VDDA/12847 mV
11:50:59.203  INFO     RX        === Hexapod Mainboard ===
11:50:59.218  INFO     RX        PCA9685 Right: OK
11:50:59.218  INFO     RX        PCA9685 Left:  OK
11:50:59.234  INFO     RX        LSM6DSO IMU:   OK
11:50:59.394  INFO     RX        VL53L1X ToF:   OK
11:50:59.453  INFO     RX        Locomotion:    INIT (UN_ARMED, printf mode)
11:50:59.453  INFO     RX        Press L1 to arm, R1 to disarm at any time.
11:50:59.453  INFO     RX        Ready.
11:50:59.845  DEBUG    TX /CONTROLL/0,0,0,0,0,0,0,0,0
11:51:00.648  DEBUG    TX /CONTROLL/0,0,0,0,0,0,0,0,0
11:51:01.143  INFO     RX        SERVO FR.[C: 90 F:106 T:107] MR.[C: 90 F:106 T:/BATTERY/VDDA/12861 mV
11:51:01.152  INFO     RX        === Hexapod Mainboard ===
11:51:01.167  INFO     RX        PCA9685 Right: OK
11:51:01.167  INFO     RX        PCA9685 Left:  OK
11:51:01.183  INFO     RX        LSM6DSO IMU:   OK
11:51:01.350  INFO     RX        VL53L1X ToF:   OK
11:51:01.409  INFO     RX        Locomotion:    INIT (UN_ARMED, printf mode)
11:51:01.409  INFO     RX        Press L1 to arm, R1 to disarm at any time.
11:51:01.409  INFO     RX        Ready.
11:51:01.453  DEBUG    TX /CONTROLL/0,0,0,0,0,0,0,0,0
11:51:02.256  DEBUG    TX /CONTROLL/0,0,0,0,0,0,0,0,0
11:51:03.057  DEBUG    TX /CONTROLL/0,0,0,0,0,0,0,0,0
11:51:03.862  DEBUG    TX /CONTROLL/0,0,0,0,0,0,0,0,0
11:51:04.652  INFO     RX        SERVO FR.[C: 90 F:106 T:107] MR.[C: 90 F:106 T:107] BR./BATTERY/VDDA/12859 mV
11:51:04.652  INFO     RX        === Hexapod Mainboard ===
11:51:04.666  DEBUG    TX /CONTROLL/0,0,0,0,0,0,0,0,0
11:51:04.668  INFO     RX        PCA9685 Right: OK
11:51:04.668  INFO     RX        PCA9685 Left:  OK
11:51:04.687  INFO     RX        LSM6DSO IMU:   OK
11:51:04.859  INFO     RX        VL53L1X ToF:   OK
11:51:04.960  INFO     RX        Locomotion:    INIT (UN_ARMED, printf mode)
11:51:04.960  INFO     RX        Press L1 to arm, R1 to disarm at any time.
11:51:04.960  INFO     RX        Ready.
11:51:05.471  DEBUG    TX /CONTROLL/0,0,0,0,0,0,0,0,0
11:51:06.275  DEBUG    TX /CONTROLL/0,0,0,0,0,0,0,0,0
11:51:07.079  DEBUG    TX /CONTROLL/0,0,0,0,0,0,0,0,0
11:51:07.883  DEBUG    TX /CONTROLL/0,0,0,0,0,0,0,0,0
11:51:08.684  DEBUG    TX /CONTROLL/0,0,0,0,0,0,0,0,0
11:51:08.705  INFO     RX        SERVO FR.[C: 90 F:10/BATTERY/VDDA/12857 mV
11:51:08.720  INFO     RX        === Hexapod Mainboard ===
11:51:08.736  INFO     RX        PCA9685 Right: OK
11:51:08.736  INFO     RX        PCA9685 Left:  OK
11:51:08.751  INFO     RX        LSM6DSO IMU:   OK
11:51:08.915  INFO     RX        VL53L1X ToF:   OK
11:51:08.969  INFO     RX        Locomotion:    INIT (UN_ARMED, printf mode)
11:51:08.969  INFO     RX        Press L1 to arm, R1 to disarm at any time.
11:51:08.969  INFO     RX        Ready.
11:51:09.487  DEBUG    TX /CONTROLL/0,0,0,0,0,0,0,0,0
11:51:10.296  DEBUG    TX /CONTROLL/0,0,0,0,0,0,0,0,32
11:51:11.098  DEBUG    TX /CONTROLL/0,0,0,0,0,0,0,0,0
11:51:11.901  DEBUG    TX /CONTROLL/0,0,0,0,0,0,0,0,0
11:51:12.356  INFO     RX        SERVO FR.[C: 90 F:106 T:107] MR.[C: 90 F:106 T:107] BR./BATTERY/VDDA/12861 mV
11:51:12.356  INFO     RX        === Hexapod Mainboard ===
11:51:12.373  INFO     RX        PCA9685 Right: OK
11:51:12.373  INFO     RX        PCA9685 Left:  OK
11:51:12.388  INFO     RX        LSM6DSO IMU:   OK
11:51:12.551  INFO     RX        VL53L1X ToF:   OK
11:51:12.609  INFO     RX        Locomotion:    INIT (UN_ARMED, printf mode)
11:51:12.612  INFO     RX        Press L1 to arm, R1 to disarm at any time.
11:51:12.612  INFO     RX        Ready.
11:51:12.707  DEBUG    TX /CONTROLL/0,0,0,0,0,0,0,0,0
11:51:13.508  DEBUG    TX /CONTROLL/0,0,0,0,0,0,0,0,0
11:51:13.627  INFO     RX        SERVO FR.[C: 90 F:106 T:107] MR.[C: 90 F:106 T:107] BR./BATTERY/VDDA/12865 mV
11:51:13.627  INFO     RX        === Hexapod Mainboard ===
11:51:13.627  INFO     RX        PCA9685 Right: OK
11:51:13.627  INFO     RX        PCA9685 Left:  OK
11:51:13.627  INFO     RX        LSM6DSO IMU:   OK
11:51:13.627  INFO     RX        VL53L1X ToF:   OK
11:51:13.669  INFO     RX        Locomotion:    INIT (UN_ARMED, printf mode)
11:51:13.669  INFO     RX        Press L1 to arm, R1 to disarm at any time.
11:51:13.669  INFO     RX        Ready.
11:51:14.315  DEBUG    TX /CONTROLL/0,0,0,0,0,0,0,0,0
11:51:14.670  INFO     RX        /BATTERY/VDDA/12851 mV
11:51:14.670  INFO     RX        === Hexapod Mainboard ===
11:51:14.717  INFO     RX        PCA9685 Right: OK
11:51:14.717  INFO     RX        PCA9685 Left:  OK
11:51:14.717  INFO     RX        LSM6DSO IMU:   OK
11:51:14.879  INFO     RX        VL53L1X ToF:   OK
11:51:14.931  INFO     RX        Locomotion:    INIT (UN_ARMED, printf mode)
11:51:14.931  INFO     RX        Press L1 to arm, R1 to disarm at any time.
11:51:14.931  INFO     RX        Ready.
11:51:15.117  DEBUG    TX /CONTROLL/0,0,0,0,0,0,0,0,0
11:51:15.925  DEBUG    TX /CONTROLL/0,0,0,0,0,0,0,0,0
11:51:16.727  DEBUG    TX /CONTROLL/0,0,0,0,0,0,0,0,0
11:51:17.535  DEBUG    TX /CONTROLL/0,0,0,0,0,0,0,0,0
11:51:18.336  DEBUG    TX /CONTROLL/0,0,0,0,0,0,0,0,0
11:51:19.140  DEBUG    TX /CONTROLL/0,0,0,0,0,0,0,0,0
11:51:19.944  DEBUG    TX /CONTROLL/0,0,0,0,0,0,0,0,0
11:51:20.750  DEBUG    TX /CONTROLL/0,0,0,0,0,0,0,0,0
11:51:21.550  DEBUG    TX /CONTROLL/0,0,0,0,0,0,0,0,0
11:51:22.355  DEBUG    TX /CONTROLL/0,0,0,0,0,0,0,0,0
11:51:22.599  INFO     RX        /ERR/LOKO/0x00000002
11:51:22.615  INFO     RX        /ERR/LOKO/0x00000002
11:51:22.615  INFO     RX        /ERR/LOKO/0x00000002
11:51:22.630  INFO     RX        /ERR/LOKO/0x00000002
11:51:22.646  INFO     RX        /ERR/LOKO/0x00000002
11:51:22.662  INFO     RX        /ERR/LOKO/0x00000002
11:51:22.662  INFO     RX        /ERR/LOKO/0x00000002
11:51:22.679  INFO     RX        /ERR/LOKO/0x00000002
11:51:22.695  INFO     RX        /ERR/LOKO/0x00000002
11:51:22.713  INFO     RX        /ERR/LOKO/0x00000002
11:51:22.713  INFO     RX        /ERR/LOKO/0x00000002
11:51:22.727  INFO     RX        /ERR/LOKO/0x00000002
11:51:22.745  INFO     RX        /ERR/LOKO/0x00000002
11:51:22.745  INFO     RX        /ERR/LOKO/0x00000002
11:51:22.762  INFO     RX        /ERR/LOKO/0x00000002
11:51:22.775  INFO     RX        /ERR/LOKO/0x00000002
11:51:22.792  INFO     RX        /ERR/LOKO/0x00000002
11:51:22.792  INFO     RX        /ERR/LOKO/0x00000002
11:51:22.808  INFO     RX        /ERR/LOKO/0x00000002
11:51:22.823  INFO     RX        /ERR/LOKO/0x00000002
11:51:22.840  INFO     RX        /ERR/LOKO/0x00000002
11:51:22.840  INFO     RX        /ERR/LOKO/0x00000002
11:51:22.856  INFO     RX        /ERR/LOKO/0x00000002
11:51:22.873  INFO     RX        /ERR/LOKO/0x00000002
11:51:22.873  INFO     RX        /ERR/LOKO/0x00000002
11:51:22.891  INFO     RX        /ERR/LOKO/0x00000002
11:51:22.905  INFO     RX        /ERR/LOKO/0x00000002
11:51:22.921  INFO     RX        /ERR/LOKO/0x00000002
11:51:22.921  INFO     RX        /ERR/LOKO/0x00000002
11:51:22.937  INFO     RX        /ERR/LOKO/0x00000002
11:51:22.953  INFO     RX        /ERR/LOKO/0x00000002
11:51:22.969  INFO     RX        /ERR/LOKO/0x00000002
11:51:22.969  INFO     RX        /ERR/LOKO/0x00000002
11:51:22.984  INFO     RX        /ERR/LOKO/0x00000002
11:51:23.000  INFO     RX        /ERR/LOKO/0x00000002
11:51:23.016  INFO     RX        /ERR/LOKO/0x00000002
11:51:23.017  INFO     RX        /ERR/LOKO/0x00000002
11:51:23.032  INFO     RX        /ERR/LOKO/0x00000002
11:51:23.050  INFO     RX        /ERR/LOKO/0x00000002
11:51:23.051  INFO     RX        /ERR/LOKO/0x00000002
11:51:23.065  INFO     RX        /ERR/LOKO/0x00000002
11:51:23.081  INFO     RX        /ERR/LOKO/0x00000002
11:51:23.098  INFO     RX        /ERR/LOKO/0x00000002
11:51:23.098  INFO     RX        /ERR/LOKO/0x00000002
11:51:23.114  INFO     RX        /ERR/LOKO/0x00000002
11:51:23.131  INFO     RX        /ERR/LOKO/0x00000002
11:51:23.147  INFO     RX        /ERR/LOKO/0x00000002
11:51:23.147  INFO     RX        /ERR/LOKO/0x00000002
11:51:23.160  DEBUG    TX /CONTROLL/0,0,0,-23,0,0,0,0,0
11:51:23.163  INFO     RX        /ERR/LOKO/0x00000002
11:51:23.178  INFO     RX        /ERR/LOKO/0x00000002
11:51:23.195  INFO     RX        /ERR/LOKO/0x00000002
11:51:23.195  INFO     RX        /ERR/LOKO/0x00000002
11:51:23.211  INFO     RX        /ERR/LOKO/0x00000002
11:51:23.227  INFO     RX        /ERR/LOKO/0x00000002
11:51:23.243  INFO     RX        /ERR/LOKO/0x00000002
11:51:23.243  INFO     RX        /ERR/LOKO/0x00000002
11:51:23.259  INFO     RX        /ERR/LOKO/0x00000002
11:51:23.371  INFO     RX        /ERR/LOKO/0x00000002
11:51:23.388  INFO     RX        /ERR/LOKO/0x00000002
11:51:23.404  INFO     RX        /ERR/LOKO/0x00000002
11:51:23.404  INFO     RX        /ERR/LOKO/0x00000002
11:51:23.420  INFO     RX        /ERR/LOKO/0x00000002
11:51:23.436  INFO     RX        /ERR/LOKO/0x00000002
11:51:23.452  INFO     RX        /ERR/LOKO/0x00000002
11:51:23.453  INFO     RX        /ERR/LOKO/0x00000002
11:51:23.468  INFO     RX        /ERR/LOKO/0x00000002
11:51:23.484  INFO     RX        /ERR/LOKO/0x00000002
11:51:23.598  INFO     RX        /ERR/LOKO/0x00000002
11:51:23.598  INFO     RX        /ERR/LOKO/0x00000002
11:51:23.598  INFO     RX        /ERR/LOKO/0x00000002
11:51:23.598  INFO     RX        /ERR/LOKO/0x00000002
11:51:23.598  INFO     RX        /ERR/LOKO/0x00000002
11:51:23.598  INFO     RX        /ERR/LOKO/0x00000002
11:51:23.599  INFO     RX        /ERR/LOKO/0x00000002
11:51:23.599  INFO     RX        /ERR/LOKO/0x00000002
11:51:23.609  INFO     RX        /ERR/LOKO/0x00000002
11:51:23.609  INFO     RX        /ERR/LOKO/0x00000002
11:51:23.609  INFO     RX        /ERR/LOKO/0x00000002
11:51:23.616  INFO     RX        /ERR/LOKO/0x00000002
11:51:23.635  INFO     RX        /ERR/LOKO/0x00000002
11:51:23.646  INFO     RX        /ERR/LOKO/0x00000002
11:51:23.662  INFO     RX        /ERR/LOKO/0x00000002
11:51:23.662  INFO     RX        /ERR/LOKO/0x00000002
11:51:23.678  INFO     RX        /ERR/LOKO/0x00000002
11:51:23.695  INFO     RX        /ERR/LOKO/0x00000002
11:51:23.710  INFO     RX        /ERR/LOKO/0x00000002
11:51:23.711  INFO     RX        /ERR/LOKO/0x00000002
11:51:23.730  INFO     RX        /ERR/LOKO/0x00000002
11:51:23.743  INFO     RX        /ERR/LOKO/0x00000002
11:51:23.759  INFO     RX        /ERR/LOKO/0x00000002
11:51:23.759  INFO     RX        /ERR/LOKO/0x00000002
11:51:23.775  INFO     RX        /ERR/LOKO/0x00000002
11:51:23.791  INFO     RX        /ERR/LOKO/0x00000002
11:51:23.791  INFO     RX        /ERR/LOKO/0x00000002
11:51:23.806  INFO     RX        /ERR/LOKO/0x00000002
11:51:23.825  INFO     RX        /ERR/LOKO/0x00000002
11:51:23.839  INFO     RX        /ERR/LOKO/0x00000002
11:51:23.839  INFO     RX        /ERR/LOKO/0x00000002
11:51:23.854  INFO     RX        /ERR/LOKO/0x00000002
11:51:23.871  INFO     RX        /ERR/LOKO/0x00000002
11:51:23.886  INFO     RX        /ERR/LOKO/0x00000002
11:51:23.887  INFO     RX        /ERR/LOKO/0x00000002
11:51:23.902  INFO     RX        /ERR/LOKO/0x00000002
11:51:23.919  INFO     RX        /ERR/LOKO/0x00000002
11:51:23.934  INFO     RX        /ERR/LOKO/0x00000002
11:51:23.935  INFO     RX        /ERR/LOKO/0x00000002
11:51:23.951  INFO     RX        /ERR/LOKO/0x00000002
11:51:23.964  DEBUG    TX /CONTROLL/0,0,0,-16,0,0,0,0,0
11:51:23.966  INFO     RX        /ERR/LOKO/0x00000002
11:51:23.983  INFO     RX        /ERR/LOKO/0x00000002
11:51:23.983  INFO     RX        /ERR/LOKO/0x00000002
11:51:23.998  INFO     RX        /ERR/LOKO/0x00000002
11:51:24.014  INFO     RX        /ERR/LOKO/0x00000002
11:51:24.031  INFO     RX        /ERR/LOKO/0x00000002
11:51:24.031  INFO     RX        /ERR/LOKO/0x00000002
11:51:24.048  INFO     RX        /ERR/LOKO/0x00000002
11:51:24.062  INFO     RX        /ERR/LOKO/0x00000002
11:51:24.062  INFO     RX        /ERR/LOKO/0x00000002
11:51:24.079  INFO     RX        /ERR/LOKO/0x00000002
11:51:24.094  INFO     RX        /ERR/LOKO/0x00000002
11:51:24.111  INFO     RX        /ERR/LOKO/0x00000002
11:51:24.111  INFO     RX        /ERR/LOKO/0x00000002
11:51:24.126  INFO     RX        /ERR/LOKO/0x00000002
11:51:24.142  INFO     RX        /ERR/LOKO/0x00000002
11:51:24.159  INFO     RX        /ERR/LOKO/0x00000002
11:51:24.159  INFO     RX        /ERR/LOKO/0x00000002
11:51:24.176  INFO     RX        /ERR/LOKO/0x00000002
11:51:24.190  INFO     RX        /ERR/LOKO/0x00000002
11:51:24.206  INFO     RX        /ERR/LOKO/0x00000002
11:51:24.206  INFO     RX        /ERR/LOKO/0x00000002
11:51:24.223  INFO     RX        /ERR/LOKO/0x00000002
11:51:24.239  INFO     RX        /ERR/LOKO/0x00000002
11:51:24.255  INFO     RX        /ERR/LOKO/0x00000002
11:51:24.255  INFO     RX        /ERR/LOKO/0x00000002
11:51:24.271  INFO     RX        /ERR/LOKO/0x00000002
11:51:24.289  INFO     RX        /ERR/LOKO/0x00000002
11:51:24.302  INFO     RX        /ERR/LOKO/0x00000002
11:51:24.302  INFO     RX        /ERR/LOKO/0x00000002
11:51:24.318  INFO     RX        /ERR/LOKO/0x00000002
11:51:24.335  INFO     RX        /ERR/LOKO/0x00000002
11:51:24.350  INFO     RX        /ERR/LOKO/0x00000002
11:51:24.350  INFO     RX        /ERR/LOKO/0x00000002
11:51:24.366  INFO     RX        /ERR/LOKO/0x00000002
11:51:24.383  INFO     RX        /ERR/LOKO/0x00000002
11:51:24.398  INFO     RX        /ERR/LOKO/0x00000002
11:51:24.398  INFO     RX        /ERR/LOKO/0x00000002
11:51:24.414  INFO     RX        /ERR/LOKO/0x00000002
11:51:24.431  INFO     RX        /ERR/LOKO/0x00000002
11:51:24.446  INFO     RX        /ERR/LOKO/0x00000002
11:51:24.447  INFO     RX        /ERR/LOKO/0x00000002
11:51:24.463  INFO     RX        /ERR/LOKO/0x00000002
11:51:24.479  INFO     RX        /ERR/LOKO/0x00000002
11:51:24.624  INFO     RX        /ERR/LOKO/0x00000002
11:51:24.644  INFO     RX        /ERR/LOKO/0x00000002
11:51:24.644  INFO     RX        /ERR/LOKO/0x00000002
11:51:24.657  INFO     RX        /ERR/LOKO/0x00000002
11:51:24.672  INFO     RX        /ERR/LOKO/0x00000002
11:51:24.691  INFO     RX        /ERR/LOKO/0x00000002
11:51:24.691  INFO     RX        /ERR/LOKO/0x00000002
11:51:24.709  INFO     RX        /ERR/LOKO/0x00000002
11:51:24.724  INFO     RX        /ERR/LOKO/0x00000002
11:51:24.736  INFO     RX        /ERR/LOKO/0x00000002
11:51:24.737  INFO     RX        /ERR/LOKO/0x00000002
11:51:24.753  INFO     RX        /ERR/LOKO/0x00000002
11:51:24.766  DEBUG    TX /CONTROLL/0,0,0,-16,0,0,0,0,0
11:51:24.769  INFO     RX        /ERR/LOKO/0x00000002
11:51:24.785  INFO     RX        /ERR/LOKO/0x00000002
11:51:24.786  INFO     RX        /ERR/LOKO/0x00000002
11:51:24.802  INFO     RX        /ERR/LOKO/0x00000002
11:51:24.817  INFO     RX        /ERR/LOKO/0x00000002
11:51:24.833  INFO     RX        /ERR/LOKO/0x00000002
11:51:24.833  INFO     RX        /ERR/LOKO/0x00000002
11:51:24.850  INFO     RX        /ERR/LOKO/0x00000002
11:51:24.866  INFO     RX        /ERR/LOKO/0x00000002
11:51:24.866  INFO     RX        /ERR/LOKO/0x00000002
11:51:24.882  INFO     RX        /ERR/LOKO/0x00000002
11:51:24.898  INFO     RX        /ERR/LOKO/0x00000002
11:51:24.914  INFO     RX        /ERR/LOKO/0x00000002
11:51:24.914  INFO     RX        /ERR/LOKO/0x00000002
11:51:24.930  INFO     RX        /ERR/LOKO/0x00000002
11:51:24.947  INFO     RX        /ERR/LOKO/0x00000002
11:51:24.963  INFO     RX        /ERR/LOKO/0x00000002
11:51:24.963  INFO     RX        /ERR/LOKO/0x00000002
11:51:24.978  INFO     RX        /ERR/LOKO/0x00000002
11:51:24.995  INFO     RX        /ERR/LOKO/0x00000002
11:51:24.995  INFO     RX        /ERR/LOKO/0x00000002
11:51:25.010  INFO     RX        /ERR/LOKO/0x00000002
11:51:25.026  INFO     RX        /ERR/LOKO/0x00000002
11:51:25.043  INFO     RX        /ERR/LOKO/0x00000002
11:51:25.043  INFO     RX        /ERR/LOKO/0x00000002
11:51:25.059  INFO     RX        /ERR/LOKO/0x00000002
11:51:25.076  INFO     RX        /ERR/LOKO/0x00000002
11:51:25.091  INFO     RX        /ERR/LOKO/0x00000002
11:51:25.091  INFO     RX        /ERR/LOKO/0x00000002
11:51:25.109  INFO     RX        /ERR/LOKO/0x00000002
11:51:25.123  INFO     RX        /ERR/LOKO/0x00000002
11:51:25.140  INFO     RX        /ERR/LOKO/0x00000002
11:51:25.140  INFO     RX        /ERR/LOKO/0x00000002
11:51:25.156  INFO     RX        /ERR/LOKO/0x00000002
11:51:25.170  INFO     RX        /ERR/LOKO/0x00000002
11:51:25.188  INFO     RX        /ERR/LOKO/0x00000002
11:51:25.188  INFO     RX        /ERR/LOKO/0x00000002
11:51:25.203  INFO     RX        /ERR/LOKO/0x00000002
11:51:25.218  INFO     RX        /ERR/LOKO/0x00000002
11:51:25.218  INFO     RX        /ERR/LOKO/0x00000002
11:51:25.235  INFO     RX        /ERR/LOKO/0x00000002
11:51:25.250  INFO     RX        /ERR/LOKO/0x00000002
11:51:25.268  INFO     RX        /ERR/LOKO/0x00000002
11:51:25.268  INFO     RX        /ERR/LOKO/0x00000002
11:51:25.283  INFO     RX        /ERR/LOKO/0x00000002
11:51:25.298  INFO     RX        /ERR/LOKO/0x00000002
11:51:25.314  INFO     RX        /ERR/LOKO/0x00000002
11:51:25.314  INFO     RX        /ERR/LOKO/0x00000002
11:51:25.331  INFO     RX        /ERR/LOKO/0x00000002
11:51:25.346  INFO     RX        /ERR/LOKO/0x00000002
11:51:25.363  INFO     RX        /ERR/LOKO/0x00000002
11:51:25.363  INFO     RX        /ERR/LOKO/0x00000002
11:51:25.379  INFO     RX        /ERR/LOKO/0x00000002
11:51:25.396  INFO     RX        /ERR/LOKO/0x00000002
11:51:25.412  INFO     RX        /ERR/LOKO/0x00000002
11:51:25.412  INFO     RX        /ERR/LOKO/0x00000002
11:51:25.428  INFO     RX        /ERR/LOKO/0x00000002
11:51:25.444  INFO     RX        /ERR/LOKO/0x00000002
11:51:25.444  INFO     RX        /ERR/LOKO/0x00000002
11:51:25.460  INFO     RX        /ERR/LOKO/0x00000002
11:51:25.477  INFO     RX        /ERR/LOKO/0x00000002
11:51:25.492  INFO     RX        /ERR/LOKO/0x00000002
11:51:25.492  INFO     RX        /ERR/LOKO/0x00000002
11:51:25.509  INFO     RX        /ERR/LOKO/0x00000002
11:51:25.525  INFO     RX        /ERR/LOKO/0x00000002
11:51:25.541  INFO     RX        /ERR/LOKO/0x00000002
11:51:25.541  INFO     RX        /ERR/LOKO/0x00000002
11:51:25.557  INFO     RX        /ERR/LOKO/0x00000002
11:51:25.570  DEBUG    TX /CONTROLL/0,0,0,-16,0,0,0,0,0
11:51:25.577  INFO     RX        /ERR/LOKO/0x00000002
11:51:25.577  INFO     RX        /ERR/LOKO/0x00000002
11:51:25.589  INFO     RX        /ERR/LOKO/0x00000002
11:51:25.606  INFO     RX        /ERR/LOKO/0x00000002
11:51:25.621  INFO     RX        /ERR/LOKO/0x00000002
11:51:25.638  INFO     RX        /ERR/LOKO/0x00000002
11:51:25.638  INFO     RX        /ERR/LOKO/0x00000002
11:51:25.654  INFO     RX        /ERR/LOKO/0x00000002
11:51:25.669  INFO     RX        /ERR/LOKO/0x00000002
11:51:25.685  INFO     RX        /ERR/LOKO/0x00000002
11:51:25.685  INFO     RX        /ERR/LOKO/0x00000002
11:51:25.701  INFO     RX        /ERR/LOKO/0x00000002
11:51:25.717  INFO     RX        /ERR/LOKO/0x00000002
11:51:25.734  INFO     RX        /ERR/LOKO/0x00000002
11:51:25.879  INFO     RX        /ERR/LOKO/0x00000002
11:51:25.895  INFO     RX        /ERR/LOKO/0x00000002
11:51:25.895  INFO     RX        /ERR/LOKO/0x00000002
11:51:25.912  INFO     RX        /ERR/LOKO/0x00000002
11:51:25.928  INFO     RX        /ERR/LOKO/0x00000002
11:51:25.928  INFO     RX        /ERR/LOKO/0x00000002
11:51:25.944  INFO     RX        /ERR/LOKO/0x00000002
11:51:25.960  INFO     RX        /ERR/LOKO/0x00000002
11:51:25.977  INFO     RX        /ERR/LOKO/0x00000002
11:51:25.977  INFO     RX        /ERR/LOKO/0x00000002
11:51:25.992  INFO     RX        /ERR/LOKO/0x00000002
11:51:26.106  INFO     RX        /ERR/LOKO/0x00000002
11:51:26.106  INFO     RX        /ERR/LOKO/0x00000002
11:51:26.109  INFO     RX        /ERR/LOKO/0x00000002
11:51:26.109  INFO     RX        /ERR/LOKO/0x00000002
11:51:26.109  INFO     RX        /ERR/LOKO/0x00000002
11:51:26.109  INFO     RX        /ERR/LOKO/0x00000002
11:51:26.109  INFO     RX        /ERR/LOKO/0x00000002
11:51:26.109  INFO     RX        /ERR/LOKO/0x00000002
11:51:26.109  INFO     RX        /ERR/LOKO/0x00000002
11:51:26.109  INFO     RX        /ERR/LOKO/0x00000002
11:51:26.114  INFO     RX        /ERR/LOKO/0x00000002
11:51:26.139  INFO     RX        /ERR/LOKO/0x00000002
11:51:26.139  INFO     RX        /ERR/LOKO/0x00000002
11:51:26.154  INFO     RX        /ERR/LOKO/0x00000002
11:51:26.171  INFO     RX        /ERR/LOKO/0x00000002
11:51:26.187  INFO     RX        /ERR/LOKO/0x00000002
11:51:26.187  INFO     RX        /ERR/LOKO/0x00000002
11:51:26.203  INFO     RX        /ERR/LOKO/0x00000002
11:51:26.220  INFO     RX        /ERR/LOKO/0x00000002
11:51:26.235  INFO     RX        /ERR/LOKO/0x00000002
11:51:26.235  INFO     RX        /ERR/LOKO/0x00000002
11:51:26.253  INFO     RX        /ERR/LOKO/0x00000002
11:51:26.268  INFO     RX        /ERR/LOKO/0x00000002
11:51:26.284  INFO     RX        /ERR/LOKO/0x00000002
11:51:26.284  INFO     RX        /ERR/LOKO/0x00000002
11:51:26.301  INFO     RX        /ERR/LOKO/0x00000002
11:51:26.317  INFO     RX        /ERR/LOKO/0x00000002
11:51:26.317  INFO     RX        /ERR/LOKO/0x00000002
11:51:26.333  INFO     RX        /ERR/LOKO/0x00000002
11:51:26.349  INFO     RX        /ERR/LOKO/0x00000002
11:51:26.364  INFO     RX        /ERR/LOKO/0x00000002
11:51:26.364  INFO     RX        /ERR/LOKO/0x00000002
11:51:26.378  DEBUG    TX /CONTROLL/0,0,0,-16,0,0,0,0,0
11:51:26.380  INFO     RX        /ERR/LOKO/0x00000002
11:51:26.397  INFO     RX        /ERR/LOKO/0x00000002
11:51:26.414  INFO     RX        /ERR/LOKO/0x00000002
11:51:26.414  INFO     RX        /ERR/LOKO/0x00000002
11:51:26.430  INFO     RX        /ERR/LOKO/0x00000002
11:51:26.448  INFO     RX        /ERR/LOKO/0x00000002
11:51:26.448  INFO     RX        /ERR/LOKO/0x00000002
11:51:26.462  INFO     RX        /ERR/LOKO/0x00000002
11:51:26.477  INFO     RX        /ERR/LOKO/0x00000002
11:51:26.497  INFO     RX        /ERR/LOKO/0x00000002
11:51:26.497  INFO     RX        /ERR/LOKO/0x00000002
11:51:26.511  INFO     RX        /ERR/LOKO/0x00000002
11:51:26.527  INFO     RX        /ERR/LOKO/0x00000002
11:51:26.543  INFO     RX        /ERR/LOKO/0x00000002
11:51:26.544  INFO     RX        /ERR/LOKO/0x00000002
11:51:26.558  INFO     RX        /ERR/LOKO/0x00000002
11:51:26.575  INFO     RX        /ERR/LOKO/0x00000002
11:51:26.592  INFO     RX        /ERR/LOKO/0x00000002
11:51:26.592  INFO     RX        /ERR/LOKO/0x00000002
11:51:26.607  INFO     RX        /ERR/LOKO/0x00000002
11:51:26.624  INFO     RX        /ERR/LOKO/0x00000002
11:51:26.640  INFO     RX        /ERR/LOKO/0x00000002
11:51:26.640  INFO     RX        /ERR/LOKO/0x00000002
11:51:26.655  INFO     RX        /ERR/LOKO/0x00000002
11:51:26.671  INFO     RX        /ERR/LOKO/0x00000002
11:51:26.671  INFO     RX        /ERR/LOKO/0x00000002
11:51:26.687  INFO     RX        /ERR/LOKO/0x00000002
11:51:26.703  INFO     RX        /ERR/LOKO/0x00000002
11:51:26.718  INFO     RX        /ERR/LOKO/0x00000002
11:51:26.718  INFO     RX        /ERR/LOKO/0x00000002
11:51:26.738  INFO     RX        /ERR/LOKO/0x00000002
11:51:26.751  INFO     RX        /ERR/LOKO/0x00000002
11:51:26.775  INFO     RX        /ERR/LOKO/0x00000002
11:51:26.775  INFO     RX        /ERR/LOKO/0x00000002
11:51:26.784  INFO     RX        /ERR/LOKO/0x00000002
11:51:26.802  INFO     RX        /ERR/LOKO/0x00000002
11:51:26.802  INFO     RX        /ERR/LOKO/0x00000002
11:51:26.816  INFO     RX        /ERR/LOKO/0x00000002
11:51:26.832  INFO     RX        /ERR/LOKO/0x00000002
11:51:26.848  INFO     RX        /ERR/LOKO/0x00000002
11:51:26.848  INFO     RX        /ERR/LOKO/0x00000002
11:51:26.864  INFO     RX        /ERR/LOKO/0x00000002
11:51:26.880  INFO     RX        /ERR/LOKO/0x00000002
11:51:26.897  INFO     RX        /ERR/LOKO/0x00000002
11:51:26.897  INFO     RX        /ERR/LOKO/0x00000002
11:51:26.913  INFO     RX        /ERR/LOKO/0x00000002
11:51:26.930  INFO     RX        /ERR/LOKO/0x00000002
11:51:26.945  INFO     RX        /ERR/LOKO/0x00000002
11:51:26.946  INFO     RX        /ERR/LOKO/0x00000002
11:51:26.961  INFO     RX        /ERR/LOKO/0x00000002
11:51:26.978  INFO     RX        /ERR/LOKO/0x00000002
11:51:27.125  INFO     RX        /ERR/LOKO/0x00000002
11:51:27.140  INFO     RX        /ERR/LOKO/0x00000002
11:51:27.157  INFO     RX        /ERR/LOKO/0x00000002
11:51:27.157  INFO     RX        /ERR/LOKO/0x00000002
11:51:27.174  INFO     RX        /ERR/LOKO/0x00000002
11:51:27.187  DEBUG    TX /CONTROLL/0,0,0,-16,0,0,0,0,0
11:51:27.190  INFO     RX        /ERR/LOKO/0x00000002
11:51:27.190  INFO     RX        /ERR/LOKO/0x00000002
11:51:27.210  INFO     RX        /ERR/LOKO/0x00000002
11:51:27.223  INFO     RX        /ERR/LOKO/0x00000002
11:51:27.223  INFO     RX        /ERR/LOKO/0x00000002
11:51:27.238  INFO     RX        /ERR/LOKO/0x00000002
11:51:27.255  INFO     RX        /ERR/LOKO/0x00000002
11:51:27.270  INFO     RX        /ERR/LOKO/0x00000002
11:51:27.271  INFO     RX        /ERR/LOKO/0x00000002
11:51:27.288  INFO     RX        /ERR/LOKO/0x00000002
11:51:27.303  INFO     RX        /ERR/LOKO/0x00000002
11:51:27.320  INFO     RX        /ERR/LOKO/0x00000002
11:51:27.320  INFO     RX        /ERR/LOKO/0x00000002
11:51:27.339  INFO     RX        /ERR/LOKO/0x00000002
11:51:27.352  INFO     RX        /ERR/LOKO/0x00000002
11:51:27.368  INFO     RX        /ERR/LOKO/0x00000002
11:51:27.368  INFO     RX        /ERR/LOKO/0x00000002
11:51:27.384  INFO     RX        /ERR/LOKO/0x00000002
11:51:27.400  INFO     RX        /ERR/LOKO/0x00000002
11:51:27.400  INFO     RX        /ERR/LOKO/0x00000002
11:51:27.418  INFO     RX        /ERR/LOKO/0x00000002
11:51:27.433  INFO     RX        /ERR/LOKO/0x00000002
11:51:27.449  INFO     RX        /ERR/LOKO/0x00000002
11:51:27.449  INFO     RX        /ERR/LOKO/0x00000002
11:51:27.465  INFO     RX        /ERR/LOKO/0x00000002
11:51:27.481  INFO     RX        /ERR/LOKO/0x00000002
11:51:27.496  INFO     RX        /ERR/LOKO/0x00000002
11:51:27.496  INFO     RX        /ERR/LOKO/0x00000002
11:51:27.513  INFO     RX        /ERR/LOKO/0x00000002
11:51:27.529  INFO     RX        /ERR/LOKO/0x00000002
11:51:27.529  INFO     RX        /ERR/LOKO/0x00000002
11:51:27.545  INFO     RX        /ERR/LOKO/0x00000002
11:51:27.562  INFO     RX        /ERR/LOKO/0x00000002
11:51:27.578  INFO     RX        /ERR/LOKO/0x00000002
11:51:27.578  INFO     RX        /ERR/LOKO/0x00000002
11:51:27.594  INFO     RX        /ERR/LOKO/0x00000002
11:51:27.610  INFO     RX        /ERR/LOKO/0x00000002
11:51:27.626  INFO     RX        /ERR/LOKO/0x00000002
11:51:27.626  INFO     RX        /ERR/LOKO/0x00000002
11:51:27.643  INFO     RX        /ERR/LOKO/0x00000002
11:51:27.658  INFO     RX        /ERR/LOKO/0x00000002
11:51:27.676  INFO     RX        /ERR/LOKO/0x00000002
11:51:27.677  INFO     RX        /ERR/LOKO/0x00000002
11:51:27.690  INFO     RX        /ERR/LOKO/0x00000002
11:51:27.706  INFO     RX        /ERR/LOKO/0x00000002
11:51:27.723  INFO     RX        /ERR/LOKO/0x00000002
11:51:27.723  INFO     RX        /ERR/LOKO/0x00000002
11:51:27.739  INFO     RX        /ERR/LOKO/0x00000002
11:51:27.755  INFO     RX        /ERR/LOKO/0x00000002
11:51:27.755  INFO     RX        /ERR/LOKO/0x00000002
11:51:27.771  INFO     RX        /ERR/LOKO/0x00000002
11:51:27.787  INFO     RX        /ERR/LOKO/0x00000002
11:51:27.804  INFO     RX        /ERR/LOKO/0x00000002
11:51:27.804  INFO     RX        /ERR/LOKO/0x00000002
11:51:27.821  INFO     RX        /ERR/LOKO/0x00000002
11:51:27.835  INFO     RX        /ERR/LOKO/0x00000002
11:51:27.852  INFO     RX        /ERR/LOKO/0x00000002
11:51:27.852  INFO     RX        /ERR/LOKO/0x00000002
11:51:27.868  INFO     RX        /ERR/LOKO/0x00000002
11:51:27.885  INFO     RX        /ERR/LOKO/0x00000002
11:51:27.885  INFO     RX        /ERR/LOKO/0x00000002
11:51:27.901  INFO     RX        /ERR/LOKO/0x00000002
11:51:27.917  INFO     RX        /ERR/LOKO/0x00000002
11:51:27.933  INFO     RX        /ERR/LOKO/0x00000002
11:51:27.933  INFO     RX        /ERR/LOKO/0x00000002
11:51:27.949  INFO     RX        /ERR/LOKO/0x00000002
11:51:27.965  INFO     RX        /ERR/LOKO/0x00000002
11:51:27.981  INFO     RX        /ERR/LOKO/0x00000002
11:51:27.981  INFO     RX        /ERR/LOKO/0x00000002
11:51:27.994  DEBUG    TX /CONTROLL/0,0,0,-16,0,0,0,0,0
11:51:27.998  INFO     RX        /ERR/LOKO/0x00000002
11:51:28.013  INFO     RX        /ERR/LOKO/0x00000002
11:51:28.029  INFO     RX        /ERR/LOKO/0x00000002
11:51:28.029  INFO     RX        /ERR/LOKO/0x00000002
11:51:28.045  INFO     RX        /ERR/LOKO/0x00000002
11:51:28.061  INFO     RX        /ERR/LOKO/0x00000002
11:51:28.062  INFO     RX        /ERR/LOKO/0x00000002
11:51:28.078  INFO     RX        /ERR/LOKO/0x00000002
11:51:28.094  INFO     RX        /ERR/LOKO/0x00000002
11:51:28.110  INFO     RX        /ERR/LOKO/0x00000002
11:51:28.111  INFO     RX        /ERR/LOKO/0x00000002
11:51:28.127  INFO     RX        /ERR/LOKO/0x00000002
11:51:28.143  INFO     RX        /ERR/LOKO/0x00000002
11:51:28.158  INFO     RX        /ERR/LOKO/0x00000002
11:51:28.158  INFO     RX        /ERR/LOKO/0x00000002
11:51:28.175  INFO     RX        /ERR/LOKO/0x00000002
11:51:28.191  INFO     RX        /ERR/LOKO/0x00000002
11:51:28.207  INFO     RX        /ERR/LOKO/0x00000002
11:51:28.207  INFO     RX        /ERR/LOKO/0x00000002
11:51:28.223  INFO     RX        /ERR/LOKO/0x00000002
11:51:28.370  INFO     RX        /ERR/LOKO/0x00000002
11:51:28.386  INFO     RX        /ERR/LOKO/0x00000002
11:51:28.402  INFO     RX        /ERR/LOKO/0x00000002
11:51:28.418  INFO     RX        /ERR/LOKO/0x00000002
11:51:28.418  INFO     RX        /ERR/LOKO/0x00000002
11:51:28.435  INFO     RX        /ERR/LOKO/0x00000002
11:51:28.450  INFO     RX        /ERR/LOKO/0x00000002
11:51:28.450  INFO     RX        /ERR/LOKO/0x00000002
11:51:28.466  INFO     RX        /ERR/LOKO/0x00000002
11:51:28.482  INFO     RX        /ERR/LOKO/0x00000002
11:51:28.498  INFO     RX        /ERR/LOKO/0x00000002
11:51:28.499  INFO     RX        /ERR/LOKO/0x00000002
11:51:28.514  INFO     RX        /ERR/LOKO/0x00000002
11:51:28.531  INFO     RX        /ERR/LOKO/0x00000002
11:51:28.547  INFO     RX        /ERR/LOKO/0x00000002
11:51:28.547  INFO     RX        /ERR/LOKO/0x00000002
11:51:28.646  INFO     RX        /ERR/LOKO/0x00000002
11:51:28.646  INFO     RX        /ERR/LOKO/0x00000002
11:51:28.646  INFO     RX        /ERR/LOKO/0x00000002
11:51:28.646  INFO     RX        /ERR/LOKO/0x00000002
11:51:28.646  INFO     RX        /ERR/LOKO/0x00000002
11:51:28.646  INFO     RX        /ERR/LOKO/0x00000002
11:51:28.646  INFO     RX        /ERR/LOKO/0x00000002
11:51:28.646  INFO     RX        /ERR/LOKO/0x00000002
11:51:28.652  INFO     RX        /ERR/LOKO/0x00000002
11:51:28.661  INFO     RX        /ERR/LOKO/0x00000002
11:51:28.675  INFO     RX        /ERR/LOKO/0x00000002
11:51:28.692  INFO     RX        /ERR/LOKO/0x00000002
11:51:28.709  INFO     RX        /ERR/LOKO/0x00000002
11:51:28.709  INFO     RX        /ERR/LOKO/0x00000002
11:51:28.727  INFO     RX        /ERR/LOKO/0x00000002
11:51:28.742  INFO     RX        /ERR/LOKO/0x00000002
11:51:28.758  INFO     RX        /ERR/LOKO/0x00000002
11:51:28.758  INFO     RX        /ERR/LOKO/0x00000002
11:51:28.773  INFO     RX        /ERR/LOKO/0x00000002
11:51:28.789  INFO     RX        /ERR/LOKO/0x00000002
11:51:28.801  DEBUG    TX /CONTROLL/0,0,0,-16,0,0,0,0,0
11:51:28.804  INFO     RX        /ERR/LOKO/0x00000002
11:51:28.804  INFO     RX        /ERR/LOKO/0x00000002
11:51:28.821  INFO     RX        /ERR/LOKO/0x00000002
11:51:28.837  INFO     RX        /ERR/LOKO/0x00000002
11:51:28.852  INFO     RX        /ERR/LOKO/0x00000002
11:51:28.852  INFO     RX        /ERR/LOKO/0x00000002
11:51:28.868  INFO     RX        /ERR/LOKO/0x00000002
11:51:28.884  INFO     RX        /ERR/LOKO/0x00000002
11:51:28.900  INFO     RX        /ERR/LOKO/0x00000002
11:51:28.900  INFO     RX        /ERR/LOKO/0x00000002
11:51:28.916  INFO     RX        /ERR/LOKO/0x00000002
11:51:28.932  INFO     RX        /ERR/LOKO/0x00000002
11:51:28.932  INFO     RX        /ERR/LOKO/0x00000002
11:51:28.948  INFO     RX        /ERR/LOKO/0x00000002
11:51:28.965  INFO     RX        /ERR/LOKO/0x00000002
11:51:28.981  INFO     RX        /ERR/LOKO/0x00000002
11:51:28.981  INFO     RX        /ERR/LOKO/0x00000002
11:51:28.997  INFO     RX        /ERR/LOKO/0x00000002
11:51:29.013  INFO     RX        /ERR/LOKO/0x00000002
11:51:29.029  INFO     RX        /ERR/LOKO/0x00000002
11:51:29.029  INFO     RX        /ERR/LOKO/0x00000002
11:51:29.045  INFO     RX        /ERR/LOKO/0x00000002
11:51:29.062  INFO     RX        /ERR/LOKO/0x00000002
11:51:29.077  INFO     RX        /ERR/LOKO/0x00000002
11:51:29.077  INFO     RX        /ERR/LOKO/0x00000002
11:51:29.093  INFO     RX        /ERR/LOKO/0x00000002
11:51:29.109  INFO     RX        /ERR/LOKO/0x00000002
11:51:29.125  INFO     RX        /ERR/LOKO/0x00000002
11:51:29.125  INFO     RX        /ERR/LOKO/0x00000002
11:51:29.142  INFO     RX        /ERR/LOKO/0x00000002
11:51:29.157  INFO     RX        /ERR/LOKO/0x00000002
11:51:29.174  INFO     RX        /ERR/LOKO/0x00000002
11:51:29.174  INFO     RX        /ERR/LOKO/0x00000002
11:51:29.192  INFO     RX        /ERR/LOKO/0x00000002
11:51:29.206  INFO     RX        /ERR/LOKO/0x00000002
11:51:29.206  INFO     RX        /ERR/LOKO/0x00000002
11:51:29.222  INFO     RX        /ERR/LOKO/0x00000002
11:51:29.238  INFO     RX        /ERR/LOKO/0x00000002
11:51:29.255  INFO     RX        /ERR/LOKO/0x00000002
11:51:29.255  INFO     RX        /ERR/LOKO/0x00000002
11:51:29.271  INFO     RX        /ERR/LOKO/0x00000002
11:51:29.288  INFO     RX        /ERR/LOKO/0x00000002
11:51:29.302  INFO     RX        /ERR/LOKO/0x00000002
11:51:29.302  INFO     RX        /ERR/LOKO/0x00000002
11:51:29.319  INFO     RX        /ERR/LOKO/0x00000002
11:51:29.337  INFO     RX        /ERR/LOKO/0x00000002
11:51:29.350  INFO     RX        /ERR/LOKO/0x00000002
11:51:29.350  INFO     RX        /ERR/LOKO/0x00000002
11:51:29.366  INFO     RX        /ERR/LOKO/0x00000002
11:51:29.382  INFO     RX        /ERR/LOKO/0x00000002
11:51:29.398  INFO     RX        /ERR/LOKO/0x00000002
11:51:29.398  INFO     RX        /ERR/LOKO/0x00000002
11:51:29.414  INFO     RX        /ERR/LOKO/0x00000002
11:51:29.430  INFO     RX        /ERR/LOKO/0x00000002
11:51:29.446  INFO     RX        /ERR/LOKO/0x00000002
11:51:29.446  INFO     RX        /ERR/LOKO/0x00000002
11:51:29.464  INFO     RX        /ERR/LOKO/0x00000002
11:51:29.479  INFO     RX        /ERR/LOKO/0x00000002
11:51:29.605  DEBUG    TX /CONTROLL/0,0,0,-16,0,0,0,0,0
11:51:29.624  INFO     RX        /ERR/LOKO/0x00000002
11:51:29.640  INFO     RX        /ERR/LOKO/0x00000002
11:51:29.656  INFO     RX        /ERR/LOKO/0x00000002
11:51:29.656  INFO     RX        /ERR/LOKO/0x00000002
11:51:29.672  INFO     RX        /ERR/LOKO/0x00000002
11:51:29.689  INFO     RX        /ERR/LOKO/0x00000002
11:51:29.689  INFO     RX        /ERR/LOKO/0x00000002
11:51:29.704  INFO     RX        /ERR/LOKO/0x00000002
11:51:29.723  INFO     RX        /ERR/LOKO/0x00000002
11:51:29.737  INFO     RX        /ERR/LOKO/0x00000002
11:51:29.737  INFO     RX        /ERR/LOKO/0x00000002
11:51:29.757  INFO     RX        /ERR/LOKO/0x00000002
11:51:29.771  INFO     RX        /ERR/LOKO/0x00000002
11:51:29.772  INFO     RX        /ERR/LOKO/0x00000002
11:51:29.785  INFO     RX        /ERR/LOKO/0x00000002
11:51:29.800  INFO     RX        /ERR/LOKO/0x00000002
11:51:29.816  INFO     RX        /ERR/LOKO/0x00000002
11:51:29.833  INFO     RX        /ERR/LOKO/0x00000002
11:51:29.833  INFO     RX        /ERR/LOKO/0x00000002
11:51:29.848  INFO     RX        /ERR/LOKO/0x00000002
11:51:29.865  INFO     RX        /ERR/LOKO/0x00000002
11:51:29.865  INFO     RX        /ERR/LOKO/0x00000002
11:51:29.880  INFO     RX        /ERR/LOKO/0x00000002
11:51:29.896  INFO     RX        /ERR/LOKO/0x00000002
11:51:29.913  INFO     RX        /ERR/LOKO/0x00000002
11:51:29.913  INFO     RX        /ERR/LOKO/0x00000002
11:51:29.929  INFO     RX        /ERR/LOKO/0x00000002
11:51:29.944  INFO     RX        /ERR/LOKO/0x00000002
11:51:29.960  INFO     RX        /ERR/LOKO/0x00000002
11:51:29.961  INFO     RX        /ERR/LOKO/0x00000002
11:51:29.977  INFO     RX        /ERR/LOKO/0x00000002
11:51:29.993  INFO     RX        /ERR/LOKO/0x00000002
11:51:30.011  INFO     RX        /ERR/LOKO/0x00000002
11:51:30.011  INFO     RX        /ERR/LOKO/0x00000002
11:51:30.025  INFO     RX        /ERR/LOKO/0x00000002
11:51:30.042  INFO     RX        /ERR/LOKO/0x00000002
11:51:30.042  INFO     RX        /ERR/LOKO/0x00000002
11:51:30.058  INFO     RX        /ERR/LOKO/0x00000002
11:51:30.074  INFO     RX        /ERR/LOKO/0x00000002
11:51:30.089  INFO     RX        /ERR/LOKO/0x00000002
11:51:30.089  INFO     RX        /ERR/LOKO/0x00000002
11:51:30.105  INFO     RX        /ERR/LOKO/0x00000002
11:51:30.122  INFO     RX        /ERR/LOKO/0x00000002
11:51:30.137  INFO     RX        /ERR/LOKO/0x00000002
11:51:30.138  INFO     RX        /ERR/LOKO/0x00000002
11:51:30.154  INFO     RX        /ERR/LOKO/0x00000002
11:51:30.169  INFO     RX        /ERR/LOKO/0x00000002
11:51:30.185  INFO     RX        /ERR/LOKO/0x00000002
11:51:30.185  INFO     RX        /ERR/LOKO/0x00000002
11:51:30.202  INFO     RX        /ERR/LOKO/0x00000002
11:51:30.218  INFO     RX        /ERR/LOKO/0x00000002
11:51:30.233  INFO     RX        /ERR/LOKO/0x00000002
11:51:30.234  INFO     RX        /ERR/LOKO/0x00000002
11:51:30.250  INFO     RX        /ERR/LOKO/0x00000002
11:51:30.266  INFO     RX        /ERR/LOKO/0x00000002
11:51:30.282  INFO     RX        /ERR/LOKO/0x00000002
11:51:30.282  INFO     RX        /ERR/LOKO/0x00000002
11:51:30.298  INFO     RX        /ERR/LOKO/0x00000002
11:51:30.315  INFO     RX        /ERR/LOKO/0x00000002
11:51:30.315  INFO     RX        /ERR/LOKO/0x00000002
11:51:30.331  INFO     RX        /ERR/LOKO/0x00000002
11:51:30.347  INFO     RX        /ERR/LOKO/0x00000002
11:51:30.364  INFO     RX        /ERR/LOKO/0x00000002
11:51:30.364  INFO     RX        /ERR/LOKO/0x00000002
11:51:30.380  INFO     RX        /ERR/LOKO/0x00000002
11:51:30.396  INFO     RX        /ERR/LOKO/0x00000002
11:51:30.410  DEBUG    TX /CONTROLL/0,0,0,-13,0,0,0,0,0
11:51:30.414  INFO     RX        /ERR/LOKO/0x00000002
11:51:30.415  INFO     RX        /ERR/LOKO/0x00000002
11:51:30.429  INFO     RX        /ERR/LOKO/0x00000002
11:51:30.445  INFO     RX        /ERR/LOKO/0x00000002
11:51:30.446  INFO     RX        /ERR/LOKO/0x00000002
11:51:30.462  INFO     RX        /ERR/LOKO/0x00000002
11:51:31.188  INFO     RX        /ERR/LOKO/0x00000002
11:51:31.202  INFO     RX        /ERR/LOKO/0x00000002
11:51:31.215  DEBUG    TX /CONTROLL/0,0,-13,0,0,0,0,0,0
11:51:31.218  INFO     RX        /ERR/LOKO/0x00000002
11:51:31.237  INFO     RX        /ERR/LOKO/0x00000002
11:51:31.237  INFO     RX        /ERR/LOKO/0x00000002
11:51:31.253  INFO     RX        /ERR/LOKO/0x00000002
11:51:31.267  INFO     RX        /ERR/LOKO/0x00000002
11:51:31.285  INFO     RX        /ERR/LOKO/0x00000002
11:51:31.285  INFO     RX        /ERR/LOKO/0x00000002
11:51:31.301  INFO     RX        /ERR/LOKO/0x00000002
11:51:31.315  INFO     RX        /ERR/LOKO/0x00000002
11:51:31.331  INFO     RX        /ERR/LOKO/0x00000002
11:51:31.332  INFO     RX        /ERR/LOKO/0x00000002
11:51:31.348  INFO     RX        /ERR/LOKO/0x00000002
11:51:31.365  INFO     RX        /ERR/LOKO/0x00000002
11:51:31.365  INFO     RX        /ERR/LOKO/0x00000002
11:51:31.381  INFO     RX        /ERR/LOKO/0x00000002
11:51:31.397  INFO     RX        /ERR/LOKO/0x00000002
11:51:31.413  INFO     RX        /ERR/LOKO/0x00000002
11:51:31.429  INFO     RX        /ERR/LOKO/0x00000002
11:51:31.430  INFO     RX        /ERR/LOKO/0x00000002
11:51:31.445  INFO     RX        /ERR/LOKO/0x00000002
11:51:31.462  INFO     RX        /ERR/LOKO/0x00000002
11:51:31.462  INFO     RX        /ERR/LOKO/0x00000002
11:51:31.478  INFO     RX        /ERR/LOKO/0x00000002
11:51:31.494  INFO     RX        /ERR/LOKO/0x00000002
11:51:31.510  INFO     RX        /ERR/LOKO/0x00000002
11:51:31.510  INFO     RX        /ERR/LOKO/0x00000002
11:51:31.526  INFO     RX        /ERR/LOKO/0x00000002
11:51:31.542  INFO     RX        /ERR/LOKO/0x00000002
11:51:31.558  INFO     RX        /ERR/LOKO/0x00000002
11:51:31.558  INFO     RX        /ERR/LOKO/0x00000002
11:51:31.574  INFO     RX        /ERR/LOKO/0x00000002
11:51:31.591  INFO     RX        /ERR/LOKO/0x00000002
11:51:31.786  INFO     RX        /ERR/LOKO/0x00000002
11:51:31.786  INFO     RX        /ERR/LOKO/0x00000002
11:51:31.786  INFO     RX        /ERR/LOKO/0x00000002
11:51:31.786  INFO     RX        /ERR/LOKO/0x00000002
11:51:31.786  INFO     RX        /ERR/LOKO/0x00000002
11:51:31.786  INFO     RX        /ERR/LOKO/0x00000002
11:51:31.786  INFO     RX        /ERR/LOKO/0x00000002
11:51:31.786  INFO     RX        /ERR/LOKO/0x00000002
11:51:31.792  INFO     RX        /ERR/LOKO/0x00000002
11:51:31.792  INFO     RX        /ERR/LOKO/0x00000002
11:51:31.792  INFO     RX        /ERR/LOKO/0x00000002
11:51:31.801  INFO     RX        /ERR/LOKO/0x00000002
11:51:31.816  INFO     RX        /ERR/LOKO/0x00000002
11:51:31.832  INFO     RX        /ERR/LOKO/0x00000002
11:51:31.848  INFO     RX        /ERR/LOKO/0x00000002
11:51:31.880  INFO     RX        /ERR/LOKO/0x00000002
11:51:31.933  INFO     RX        /ERR/LOKO/0x00000002
11:51:31.933  INFO     RX        /ERR/LOKO/0x00000002
11:51:31.946  INFO     RX        /ERR/LOKO/0x00000002
11:51:31.962  INFO     RX        /ERR/LOKO/0x00000002
11:51:31.979  INFO     RX        /ERR/LOKO/0x00000002
11:51:31.979  INFO     RX        /ERR/LOKO/0x00000002
11:51:31.997  INFO     RX        /ERR/LOKO/0x00000002
11:51:32.023  DEBUG    TX /CONTROLL/0,0,-12,0,0,0,0,0,0
11:51:32.061  INFO     RX        /ERR/LOKO/0x00000002
11:51:32.123  INFO     RX        /ERR/LOKO/0x00000002
11:51:32.172  INFO     RX        /ERR/LOKO/0x00000002
11:51:32.172  INFO     RX        /ERR/LOKO/0x00000002
11:51:32.188  INFO     RX        /ERR/LOKO/0x00000002
11:51:32.220  INFO     RX        /ERR/LOKO/0x00000002
11:51:32.220  INFO     RX        /ERR/LOKO/0x00000002
11:51:32.236  INFO     RX        /ERR/LOKO/0x00000002
11:51:32.252  INFO     RX        /ERR/LOKO/0x00000002
11:51:32.268  INFO     RX        /ERR/LOKO/0x00000002
11:51:32.301  INFO     RX        /ERR/LOKO/0x00000002
11:51:32.412  INFO     RX        /ERR/LOKO/0x00000002
11:51:32.829  DEBUG    TX /CONTROLL/0,0,0,0,0,0,0,0,0
11:51:33.154  INFO     RX        /ERR/LOKO/0x00000002
11:51:33.171  INFO     RX        /ERR/LOKO/0x00000002
11:51:33.203  INFO     RX        /ERR/LOKO/0x00000002
11:51:33.203  INFO     RX        /ERR/LOKO/0x00000002
11:51:33.219  INFO     RX        /ERR/LOKO/0x00000002
11:51:33.236  INFO     RX        /ERR/LOKO/0x00000002
11:51:33.257  INFO     RX        /ERR/LOKO/0x00000002
11:51:33.257  INFO     RX        /ERR/LOKO/0x00000002
11:51:33.268  INFO     RX        /ERR/LOKO/0x00000002
11:51:33.285  INFO     RX        /ERR/LOKO/0x00000002
11:51:33.300  INFO     RX        /ERR/LOKO/0x00000002
11:51:33.300  INFO     RX        /ERR/LOKO/0x00000002
11:51:33.317  INFO     RX        /ERR/LOKO/0x00000002
11:51:33.334  INFO     RX        /ERR/LOKO/0x00000002
11:51:33.334  INFO     RX        /ERR/LOKO/0x00000002
11:51:33.349  INFO     RX        /ERR/LOKO/0x00000002
11:51:33.366  INFO     RX        /ERR/LOKO/0x00000002
11:51:33.384  INFO     RX        /ERR/LOKO/0x00000002
11:51:33.384  INFO     RX        /ERR/LOKO/0x00000002
11:51:33.398  INFO     RX        /ERR/LOKO/0x00000002
11:51:33.414  INFO     RX        /ERR/LOKO/0x00000002
11:51:33.430  INFO     RX        /ERR/LOKO/0x00000002
11:51:33.430  INFO     RX        /ERR/LOKO/0x00000002
11:51:33.446  INFO     RX        /ERR/LOKO/0x00000002
11:51:33.463  INFO     RX        /ERR/LOKO/0x00000002
11:51:33.463  INFO     RX        /ERR/LOKO/0x00000002
11:51:33.479  INFO     RX        /ERR/LOKO/0x00000002
11:51:33.495  INFO     RX        /ERR/LOKO/0x00000002
11:51:33.514  INFO     RX        /ERR/LOKO/0x00000002
11:51:33.514  INFO     RX        /ERR/LOKO/0x00000002
11:51:33.527  INFO     RX        /ERR/LOKO/0x00000002
11:51:33.543  INFO     RX        /ERR/LOKO/0x00000002
11:51:33.559  INFO     RX        /ERR/LOKO/0x00000002
11:51:33.559  INFO     RX        /ERR/LOKO/0x00000002
11:51:33.575  INFO     RX        /ERR/LOKO/0x00000002
11:51:33.593  INFO     RX        /ERR/LOKO/0x00000002
11:51:33.593  INFO     RX        /ERR/LOKO/0x00000002
11:51:33.607  INFO     RX        /ERR/LOKO/0x00000002
11:51:33.624  INFO     RX        /ERR/LOKO/0x00000002
11:51:33.636  DEBUG    TX /CONTROLL/0,0,-12,0,0,0,0,0,0
11:51:33.639  INFO     RX        /ERR/LOKO/0x00000002
11:51:33.655  INFO     RX        /ERR/LOKO/0x00000002
11:51:33.655  INFO     RX        /ERR/LOKO/0x00000002
11:51:33.671  INFO     RX        /ERR/LOKO/0x00000002
11:51:33.687  INFO     RX        /ERR/LOKO/0x00000002
11:51:33.703  INFO     RX        /ERR/LOKO/0x00000002
11:51:33.720  INFO     RX        /ERR/LOKO/0x00000002
11:51:33.736  INFO     RX        /ERR/LOKO/0x00000002
11:51:33.736  INFO     RX        /ERR/LOKO/0x00000002
11:51:33.751  INFO     RX        /ERR/LOKO/0x00000002
11:51:33.768  INFO     RX        /ERR/LOKO/0x00000002
11:51:33.784  INFO     RX        /ERR/LOKO/0x00000002
11:51:33.784  INFO     RX        /ERR/LOKO/0x00000002
11:51:33.799  INFO     RX        /ERR/LOKO/0x00000002
11:51:33.832  INFO     RX        /ERR/LOKO/0x00000002
11:51:33.832  INFO     RX        /ERR/LOKO/0x00000002
11:51:33.848  INFO     RX        /ERR/LOKO/0x00000002
11:51:33.930  INFO     RX        /ERR/LOKO/0x00000002
11:51:34.125  INFO     RX        /ERR/LOKO/0x00000002
11:51:34.444  DEBUG    TX /CONTROLL/0,0,0,0,0,0,0,0,0
11:51:34.705  INFO     RX        /ERR/LOKO/0x00000002
11:51:34.705  INFO     RX        /ERR/LOKO/0x00000002
11:51:34.705  INFO     RX        /ERR/LOKO/0x00000002
11:51:34.705  INFO     RX        /ERR/LOKO/0x00000002
11:51:34.705  INFO     RX        /ERR/LOKO/0x00000002
11:51:34.705  INFO     RX        /ERR/LOKO/0x00000002
11:51:34.705  INFO     RX        /ERR/LOKO/0x00000002
11:51:34.712  INFO     RX        /ERR/LOKO/0x00000002
11:51:34.738  INFO     RX        /ERR/LOKO/0x00000002
11:51:34.739  INFO     RX        /ERR/LOKO/0x00000002
11:51:34.754  INFO     RX        /ERR/LOKO/0x00000002
11:51:34.771  INFO     RX        /ERR/LOKO/0x00000002
11:51:34.787  INFO     RX        /ERR/LOKO/0x00000002
11:51:34.787  INFO     RX        /ERR/LOKO/0x00000002
11:51:34.803  INFO     RX        /ERR/LOKO/0x00000002
11:51:34.819  INFO     RX        /ERR/LOKO/0x00000002
11:51:34.836  INFO     RX        /ERR/LOKO/0x00000002
11:51:34.836  INFO     RX        /ERR/LOKO/0x00000002
11:51:34.851  INFO     RX        /ERR/LOKO/0x00000002
11:51:34.867  INFO     RX        /ERR/LOKO/0x00000002
11:51:34.867  INFO     RX        /ERR/LOKO/0x00000002
11:51:34.883  INFO     RX        /ERR/LOKO/0x00000002
11:51:34.996  INFO     RX        /ERR/LOKO/0x00000002
11:51:35.011  INFO     RX        /ERR/LOKO/0x00000002
11:51:35.028  INFO     RX        /ERR/LOKO/0x00000002
11:51:35.044  INFO     RX        /ERR/LOKO/0x00000002
11:51:35.045  INFO     RX        /ERR/LOKO/0x00000002
11:51:35.060  INFO     RX        /ERR/LOKO/0x00000002
11:51:35.075  INFO     RX        /ERR/LOKO/0x00000002
11:51:35.092  INFO     RX        /ERR/LOKO/0x00000002
11:51:35.092  INFO     RX        /ERR/LOKO/0x00000002
11:51:35.108  INFO     RX        /ERR/LOKO/0x00000002
11:51:35.123  INFO     RX        /ERR/LOKO/0x00000002
11:51:35.139  INFO     RX        /ERR/LOKO/0x00000002
11:51:35.139  INFO     RX        /ERR/LOKO/0x00000002
11:51:35.157  INFO     RX        /ERR/LOKO/0x00000002
11:51:35.172  INFO     RX        /ERR/LOKO/0x00000002
11:51:35.172  INFO     RX        /ERR/LOKO/0x00000002
11:51:35.192  INFO     RX        /ERR/LOKO/0x00000002
11:51:35.204  INFO     RX        /ERR/LOKO/0x00000002
11:51:35.221  INFO     RX        /ERR/LOKO/0x00000002
11:51:35.221  INFO     RX        /ERR/LOKO/0x00000002
11:51:35.236  INFO     RX        /ERR/LOKO/0x00000002
11:51:35.249  DEBUG    TX /CONTROLL/0,0,-23,0,0,0,0,0,0
11:51:35.252  INFO     RX        /ERR/LOKO/0x00000002
11:51:35.268  INFO     RX        /ERR/LOKO/0x00000002
11:51:35.268  INFO     RX        /ERR/LOKO/0x00000002
11:51:35.285  INFO     RX        /ERR/LOKO/0x00000002
11:51:35.304  INFO     RX        /ERR/LOKO/0x00000002
11:51:35.304  INFO     RX        /ERR/LOKO/0x00000002
11:51:35.316  INFO     RX        /ERR/LOKO/0x00000002
11:51:35.333  INFO     RX        /ERR/LOKO/0x00000002
11:51:35.349  INFO     RX        /ERR/LOKO/0x00000002
11:51:35.349  INFO     RX        /ERR/LOKO/0x00000002
11:51:35.364  INFO     RX        /ERR/LOKO/0x00000002
11:51:35.381  INFO     RX        /ERR/LOKO/0x00000002
11:51:35.397  INFO     RX        /ERR/LOKO/0x00000002
11:51:35.397  INFO     RX        /ERR/LOKO/0x00000002
11:51:35.412  INFO     RX        /ERR/LOKO/0x00000002
11:51:35.428  INFO     RX        /ERR/LOKO/0x00000002
11:51:35.444  INFO     RX        /ERR/LOKO/0x00000002
11:51:35.444  INFO     RX        /ERR/LOKO/0x00000002
11:51:35.460  INFO     RX        /ERR/LOKO/0x00000002
11:51:35.477  INFO     RX        /ERR/LOKO/0x00000002
11:51:35.493  INFO     RX        /ERR/LOKO/0x00000002
11:51:35.493  INFO     RX        /ERR/LOKO/0x00000002
11:51:35.508  INFO     RX        /ERR/LOKO/0x00000002
11:51:35.525  INFO     RX        /ERR/LOKO/0x00000002
11:51:35.541  INFO     RX        /ERR/LOKO/0x00000002
11:51:35.541  INFO     RX        /ERR/LOKO/0x00000002
11:51:35.556  INFO     RX        /ERR/LOKO/0x00000002
11:51:35.572  INFO     RX        /ERR/LOKO/0x00000002
11:51:35.588  INFO     RX        /ERR/LOKO/0x00000002
11:51:35.588  INFO     RX        /ERR/LOKO/0x00000002
11:51:35.605  INFO     RX        /ERR/LOKO/0x00000002
11:51:35.621  INFO     RX        /ERR/LOKO/0x00000002
11:51:35.621  INFO     RX        /ERR/LOKO/0x00000002
11:51:35.637  INFO     RX        /ERR/LOKO/0x00000002
11:51:35.653  INFO     RX        /ERR/LOKO/0x00000002
11:51:35.670  INFO     RX        /ERR/LOKO/0x00000002
11:51:35.670  INFO     RX        /ERR/LOKO/0x00000002
11:51:35.685  INFO     RX        /ERR/LOKO/0x00000002
11:51:35.701  INFO     RX        /ERR/LOKO/0x00000002
11:51:35.718  INFO     RX        /ERR/LOKO/0x00000002
11:51:35.718  INFO     RX        /ERR/LOKO/0x00000002
11:51:35.734  INFO     RX        /ERR/LOKO/0x00000002
11:51:35.751  INFO     RX        /ERR/LOKO/0x00000002
11:51:35.766  INFO     RX        /ERR/LOKO/0x00000002
11:51:35.766  INFO     RX        /ERR/LOKO/0x00000002
11:51:35.830  INFO     RX        /ERR/LOKO/0x00000002
11:51:35.848  INFO     RX        /ERR/LOKO/0x00000002
11:51:35.848  INFO     RX        /ERR/LOKO/0x00000002
11:51:35.862  INFO     RX        /ERR/LOKO/0x00000002
11:51:35.879  INFO     RX        /ERR/LOKO/0x00000002
11:51:35.895  INFO     RX        /ERR/LOKO/0x00000002
11:51:35.895  INFO     RX        /ERR/LOKO/0x00000002
11:51:35.911  INFO     RX        /ERR/LOKO/0x00000002
11:51:35.927  INFO     RX        /ERR/LOKO/0x00000002
11:51:35.928  INFO     RX        /ERR/LOKO/0x00000002
11:51:35.945  INFO     RX        /ERR/LOKO/0x00000002
11:51:35.960  INFO     RX        /ERR/LOKO/0x00000002
11:51:35.976  INFO     RX        /ERR/LOKO/0x00000002
11:51:35.977  INFO     RX        /ERR/LOKO/0x00000002
11:51:35.993  INFO     RX        /ERR/LOKO/0x00000002
11:51:36.009  INFO     RX        /ERR/LOKO/0x00000002
11:51:36.026  INFO     RX        /ERR/LOKO/0x00000002
11:51:36.026  INFO     RX        /ERR/LOKO/0x00000002
11:51:36.042  INFO     RX        /ERR/LOKO/0x00000002
11:51:36.054  DEBUG    TX /CONTROLL/0,0,-32,0,0,0,0,0,0
11:51:36.057  INFO     RX        /ERR/LOKO/0x00000002
11:51:36.057  INFO     RX        /ERR/LOKO/0x00000002
11:51:36.073  INFO     RX        /ERR/LOKO/0x00000002
11:51:36.089  INFO     RX        /ERR/LOKO/0x00000002
11:51:36.105  INFO     RX        /ERR/LOKO/0x00000002
11:51:36.105  INFO     RX        /ERR/LOKO/0x00000002
11:51:36.121  INFO     RX        /ERR/LOKO/0x00000002
11:51:36.137  INFO     RX        /ERR/LOKO/0x00000002
11:51:36.153  INFO     RX        /ERR/LOKO/0x00000002
11:51:36.153  INFO     RX        /ERR/LOKO/0x00000002
11:51:36.169  INFO     RX        /ERR/LOKO/0x00000002
11:51:36.185  INFO     RX        /ERR/LOKO/0x00000002
11:51:36.201  INFO     RX        /ERR/LOKO/0x00000002
11:51:36.201  INFO     RX        /ERR/LOKO/0x00000002
11:51:36.217  INFO     RX        /ERR/LOKO/0x00000002
11:51:36.235  INFO     RX        /ERR/LOKO/0x00000002
11:51:36.235  INFO     RX        /ERR/LOKO/0x00000002
11:51:36.250  INFO     RX        /ERR/LOKO/0x00000002
11:51:36.266  INFO     RX        /ERR/LOKO/0x00000002
11:51:36.282  INFO     RX        /ERR/LOKO/0x00000002
11:51:36.282  INFO     RX        /ERR/LOKO/0x00000002
11:51:36.298  INFO     RX        /ERR/LOKO/0x00000002
11:51:36.315  INFO     RX        /ERR/LOKO/0x00000002
11:51:36.331  INFO     RX        /ERR/LOKO/0x00000002
11:51:36.331  INFO     RX        /ERR/LOKO/0x00000002
11:51:36.347  INFO     RX        /ERR/LOKO/0x00000002
11:51:36.364  INFO     RX        /ERR/LOKO/0x00000002
11:51:36.380  INFO     RX        /ERR/LOKO/0x00000002
11:51:36.380  INFO     RX        /ERR/LOKO/0x00000002
11:51:36.395  INFO     RX        /ERR/LOKO/0x00000002
11:51:36.412  INFO     RX        /ERR/LOKO/0x00000002
11:51:36.412  INFO     RX        /ERR/LOKO/0x00000002
11:51:36.430  INFO     RX        /ERR/LOKO/0x00000002
11:51:36.444  INFO     RX        /ERR/LOKO/0x00000002
11:51:36.460  INFO     RX        /ERR/LOKO/0x00000002
11:51:36.557  INFO     RX        /ERR/LOKO/0x00000002
11:51:36.557  INFO     RX        /ERR/LOKO/0x00000002
11:51:36.575  INFO     RX        /ERR/LOKO/0x00000002
11:51:36.592  INFO     RX        /ERR/LOKO/0x00000002
11:51:36.592  INFO     RX        /ERR/LOKO/0x00000002
11:51:36.605  INFO     RX        /ERR/LOKO/0x00000002
11:51:36.621  INFO     RX        /ERR/LOKO/0x00000002
11:51:36.639  INFO     RX        /ERR/LOKO/0x00000002
11:51:36.639  INFO     RX        /ERR/LOKO/0x00000002
11:51:36.652  INFO     RX        /ERR/LOKO/0x00000002
11:51:36.669  INFO     RX        /ERR/LOKO/0x00000002
11:51:36.685  INFO     RX        /ERR/LOKO/0x00000002
11:51:36.685  INFO     RX        /ERR/LOKO/0x00000002
11:51:36.700  INFO     RX        /ERR/LOKO/0x00000002
11:51:36.717  INFO     RX        /ERR/LOKO/0x00000002
11:51:36.717  INFO     RX        /ERR/LOKO/0x00000002
11:51:36.733  INFO     RX        /ERR/LOKO/0x00000002
11:51:36.750  INFO     RX        /ERR/LOKO/0x00000002
11:51:36.766  INFO     RX        /ERR/LOKO/0x00000002
11:51:36.767  INFO     RX        /ERR/LOKO/0x00000002
11:51:36.786  INFO     RX        /ERR/LOKO/0x00000002
11:51:36.799  INFO     RX        /ERR/LOKO/0x00000002
11:51:36.816  INFO     RX        /ERR/LOKO/0x00000002
11:51:36.816  INFO     RX        /ERR/LOKO/0x00000002
11:51:36.832  INFO     RX        /ERR/LOKO/0x00000002
11:51:36.848  INFO     RX        /ERR/LOKO/0x00000002
11:51:36.848  INFO     RX        /ERR/LOKO/0x00000002
11:51:36.860  DEBUG    TX /CONTROLL/0,0,-40,0,0,0,0,0,0
11:51:36.863  INFO     RX        /ERR/LOKO/0x00000002
11:51:36.878  INFO     RX        /ERR/LOKO/0x00000002
11:51:36.896  INFO     RX        /ERR/LOKO/0x00000002
11:51:36.896  INFO     RX        /ERR/LOKO/0x00000002
11:51:36.911  INFO     RX        /ERR/LOKO/0x00000002
11:51:36.926  INFO     RX        /ERR/LOKO/0x00000002
11:51:36.943  INFO     RX        /ERR/LOKO/0x00000002
11:51:36.943  INFO     RX        /ERR/LOKO/0x00000002
11:51:36.958  INFO     RX        /ERR/LOKO/0x00000002
11:51:36.974  INFO     RX        /ERR/LOKO/0x00000002
11:51:36.991  INFO     RX        /ERR/LOKO/0x00000002
11:51:36.991  INFO     RX        /ERR/LOKO/0x00000002
11:51:37.007  INFO     RX        /ERR/LOKO/0x00000002
11:51:37.023  INFO     RX        /ERR/LOKO/0x00000002
11:51:37.038  INFO     RX        /ERR/LOKO/0x00000002
11:51:37.038  INFO     RX        /ERR/LOKO/0x00000002
11:51:37.087  INFO     RX        /ERR/LOKO/0x00000002
11:51:37.087  INFO     RX        /ERR/LOKO/0x00000002
11:51:37.103  INFO     RX        /ERR/LOKO/0x00000002
11:51:37.119  INFO     RX        /ERR/LOKO/0x00000002
11:51:37.119  INFO     RX        /ERR/LOKO/0x00000002
11:51:37.236  INFO     RX        /ERR/LOKO/0x00000002
11:51:37.236  INFO     RX        /ERR/LOKO/0x00000002
11:51:37.236  INFO     RX        /ERR/LOKO/0x00000002
11:51:37.236  INFO     RX        /ERR/LOKO/0x00000002
11:51:37.236  INFO     RX        /ERR/LOKO/0x00000002
11:51:37.236  INFO     RX        /ERR/LOKO/0x00000002
11:51:37.236  INFO     RX        /ERR/LOKO/0x00000002
11:51:37.240  INFO     RX        /ERR/LOKO/0x00000002
11:51:37.240  INFO     RX        /ERR/LOKO/0x00000002
11:51:37.240  INFO     RX        /ERR/LOKO/0x00000002
11:51:37.248  INFO     RX        /ERR/LOKO/0x00000002
11:51:37.265  INFO     RX        /ERR/LOKO/0x00000002
11:51:37.283  INFO     RX        /ERR/LOKO/0x00000002
11:51:37.298  INFO     RX        /ERR/LOKO/0x00000002
11:51:37.298  INFO     RX        /ERR/LOKO/0x00000002
11:51:37.312  INFO     RX        /ERR/LOKO/0x00000002
11:51:37.328  INFO     RX        /ERR/LOKO/0x00000002
11:51:37.343  INFO     RX        /ERR/LOKO/0x00000002
11:51:37.343  INFO     RX        /ERR/LOKO/0x00000002
11:51:37.360  INFO     RX        /ERR/LOKO/0x00000002
11:51:37.375  INFO     RX        /ERR/LOKO/0x00000002
11:51:37.391  INFO     RX        /ERR/LOKO/0x00000002
11:51:37.391  INFO     RX        /ERR/LOKO/0x00000002
11:51:37.407  INFO     RX        /ERR/LOKO/0x00000002
11:51:37.423  INFO     RX        /ERR/LOKO/0x00000002
11:51:37.439  INFO     RX        /ERR/LOKO/0x00000002
11:51:37.489  INFO     RX        /ERR/LOKO/0x00000002
11:51:37.489  INFO     RX        /ERR/LOKO/0x00000002
11:51:37.506  INFO     RX        /ERR/LOKO/0x00000002
11:51:37.521  INFO     RX        /ERR/LOKO/0x00000002
11:51:37.521  INFO     RX        /ERR/LOKO/0x00000002
11:51:37.539  INFO     RX        /ERR/LOKO/0x00000002
11:51:37.552  INFO     RX        /ERR/LOKO/0x00000002
11:51:37.569  INFO     RX        /ERR/LOKO/0x00000002
11:51:37.569  INFO     RX        /ERR/LOKO/0x00000002
11:51:37.584  INFO     RX        /ERR/LOKO/0x00000002
11:51:37.600  INFO     RX        /ERR/LOKO/0x00000002
11:51:37.616  INFO     RX        /ERR/LOKO/0x00000002
11:51:37.616  INFO     RX        /ERR/LOKO/0x00000002
11:51:37.633  INFO     RX        /ERR/LOKO/0x00000002
11:51:37.648  INFO     RX        /ERR/LOKO/0x00000002
11:51:37.661  DEBUG    TX /CONTROLL/0,0,-67,0,0,0,0,0,0
11:51:37.665  INFO     RX        /ERR/LOKO/0x00000002
11:51:37.665  INFO     RX        /ERR/LOKO/0x00000002
11:51:37.682  INFO     RX        /ERR/LOKO/0x00000002
11:51:37.697  INFO     RX        /ERR/LOKO/0x00000002
11:51:37.697  INFO     RX        /ERR/LOKO/0x00000002
11:51:37.713  INFO     RX        /ERR/LOKO/0x00000002
11:51:37.729  INFO     RX        /ERR/LOKO/0x00000002
11:51:37.745  INFO     RX        /ERR/LOKO/0x00000002
11:51:37.745  INFO     RX        /ERR/LOKO/0x00000002
11:51:37.780  INFO     RX        /ERR/LOKO/0x00000002
11:51:37.793  INFO     RX        /ERR/LOKO/0x00000002
11:51:37.794  INFO     RX        /ERR/LOKO/0x00000002
11:51:37.809  INFO     RX        /ERR/LOKO/0x00000002
11:51:37.826  INFO     RX        /ERR/LOKO/0x00000002
11:51:37.842  INFO     RX        /ERR/LOKO/0x00000002
11:51:37.842  INFO     RX        /ERR/LOKO/0x00000002
11:51:37.858  INFO     RX        /ERR/LOKO/0x00000002
11:51:37.874  INFO     RX        /ERR/LOKO/0x00000002
11:51:37.874  INFO     RX        /ERR/LOKO/0x00000002
11:51:37.890  INFO     RX        /ERR/LOKO/0x00000002
11:51:37.907  INFO     RX        /ERR/LOKO/0x00000002
11:51:37.923  INFO     RX        /ERR/LOKO/0x00000002
11:51:37.923  INFO     RX        /ERR/LOKO/0x00000002
11:51:37.939  INFO     RX        /ERR/LOKO/0x00000002
11:51:37.955  INFO     RX        /ERR/LOKO/0x00000002
11:51:37.971  INFO     RX        /ERR/LOKO/0x00000002
11:51:37.971  INFO     RX        /ERR/LOKO/0x00000002
11:51:37.988  INFO     RX        /ERR/LOKO/0x00000002
11:51:38.003  INFO     RX        /ERR/LOKO/0x00000002
11:51:38.022  INFO     RX        /ERR/LOKO/0x00000002
11:51:38.022  INFO     RX        /ERR/LOKO/0x00000002
11:51:38.036  INFO     RX        /ERR/LOKO/0x00000002
11:51:38.084  INFO     RX        /ERR/LOKO/0x00000002
11:51:38.100  INFO     RX        /ERR/LOKO/0x00000002
11:51:38.100  INFO     RX        /ERR/LOKO/0x00000002
11:51:38.118  INFO     RX        /ERR/LOKO/0x00000002
11:51:38.133  INFO     RX        /ERR/LOKO/0x00000002
11:51:38.133  INFO     RX        /ERR/LOKO/0x00000002
11:51:38.154  INFO     RX        /ERR/LOKO/0x00000002
11:51:38.168  INFO     RX        /ERR/LOKO/0x00000002
11:51:38.169  INFO     RX        /ERR/LOKO/0x00000002
11:51:38.185  INFO     RX        /ERR/LOKO/0x00000002
11:51:38.197  INFO     RX        /ERR/LOKO/0x00000002
11:51:38.213  INFO     RX        /ERR/LOKO/0x00000002
11:51:38.230  INFO     RX        /ERR/LOKO/0x00000002
11:51:38.230  INFO     RX        /ERR/LOKO/0x00000002
11:51:38.246  INFO     RX        /ERR/LOKO/0x00000002
11:51:38.265  INFO     RX        /ERR/LOKO/0x00000002
11:51:38.278  INFO     RX        /ERR/LOKO/0x00000002
11:51:38.278  INFO     RX        /ERR/LOKO/0x00000002
11:51:38.300  INFO     RX        /ERR/LOKO/0x00000002
11:51:38.311  INFO     RX        /ERR/LOKO/0x00000002
11:51:38.311  INFO     RX        /ERR/LOKO/0x00000002
11:51:38.343  INFO     RX        /ERR/LOKO/0x00000002
11:51:38.359  INFO     RX        /ERR/LOKO/0x00000002
11:51:38.360  INFO     RX        /ERR/LOKO/0x00000002
11:51:38.375  INFO     RX        /ERR/LOKO/0x00000002
11:51:38.392  INFO     RX        /ERR/LOKO/0x00000002
11:51:38.407  INFO     RX        /ERR/LOKO/0x00000002
11:51:38.407  INFO     RX        /ERR/LOKO/0x00000002
11:51:38.424  INFO     RX        /ERR/LOKO/0x00000002
11:51:38.440  INFO     RX        /ERR/LOKO/0x00000002
11:51:38.440  INFO     RX        /ERR/LOKO/0x00000002
11:51:38.456  INFO     RX        /ERR/LOKO/0x00000002
11:51:38.469  DEBUG    TX /CONTROLL/0,0,-74,0,0,0,0,0,0
11:51:38.471  INFO     RX        /ERR/LOKO/0x00000002
11:51:38.488  INFO     RX        /ERR/LOKO/0x00000002
11:51:38.488  INFO     RX        /ERR/LOKO/0x00000002
11:51:38.504  INFO     RX        /ERR/LOKO/0x00000002
11:51:38.521  INFO     RX        /ERR/LOKO/0x00000002
11:51:38.536  INFO     RX        /ERR/LOKO/0x00000002
11:51:38.537  INFO     RX        /ERR/LOKO/0x00000002
11:51:38.553  INFO     RX        /ERR/LOKO/0x00000002
11:51:38.568  INFO     RX        /ERR/LOKO/0x00000002
11:51:38.585  INFO     RX        /ERR/LOKO/0x00000002
11:51:38.619  INFO     RX        /ERR/LOKO/0x00000002
11:51:38.635  INFO     RX        /ERR/LOKO/0x00000002
11:51:38.650  INFO     RX        /ERR/LOKO/0x00000002
11:51:38.666  INFO     RX        /ERR/LOKO/0x00000002
11:51:38.666  INFO     RX        /ERR/LOKO/0x00000002
11:51:38.682  INFO     RX        /ERR/LOKO/0x00000002
11:51:38.697  INFO     RX        /ERR/LOKO/0x00000002
11:51:38.715  INFO     RX        /ERR/LOKO/0x00000002
11:51:38.715  INFO     RX        /ERR/LOKO/0x00000002
11:51:38.729  INFO     RX        /ERR/LOKO/0x00000002
11:51:38.746  INFO     RX        /ERR/LOKO/0x00000002
11:51:38.761  INFO     RX        /ERR/LOKO/0x00000002
11:51:38.761  INFO     RX        /ERR/LOKO/0x00000002
11:51:38.777  INFO     RX        /ERR/LOKO/0x00000002
11:51:38.794  INFO     RX        /ERR/LOKO/0x00000002
11:51:38.812  INFO     RX        /ERR/LOKO/0x00000002
11:51:38.812  INFO     RX        /ERR/LOKO/0x00000002
11:51:38.827  INFO     RX        /ERR/LOKO/0x00000002
11:51:38.843  INFO     RX        /ERR/LOKO/0x00000002
11:51:38.843  INFO     RX        /ERR/LOKO/0x00000002
11:51:38.859  INFO     RX        /ERR/LOKO/0x00000002
11:51:38.895  INFO     RX        /ERR/LOKO/0x00000002
11:51:38.895  INFO     RX        /ERR/LOKO/0x00000002
11:51:38.907  INFO     RX        /ERR/LOKO/0x00000002
11:51:38.924  INFO     RX        /ERR/LOKO/0x00000002
11:51:38.924  INFO     RX        /ERR/LOKO/0x00000002
11:51:38.940  INFO     RX        /ERR/LOKO/0x00000002
11:51:38.956  INFO     RX        /ERR/LOKO/0x00000002
11:51:38.972  INFO     RX        /ERR/LOKO/0x00000002
11:51:38.972  INFO     RX        /ERR/LOKO/0x00000002
11:51:38.987  INFO     RX        /ERR/LOKO/0x00000002
11:51:39.004  INFO     RX        /ERR/LOKO/0x00000002
11:51:39.020  INFO     RX        /ERR/LOKO/0x00000002
11:51:39.020  INFO     RX        /ERR/LOKO/0x00000002
11:51:39.035  INFO     RX        /ERR/LOKO/0x00000002
11:51:39.052  INFO     RX        /ERR/LOKO/0x00000002
11:51:39.068  INFO     RX        /ERR/LOKO/0x00000002
11:51:39.068  INFO     RX        /ERR/LOKO/0x00000002
11:51:39.085  INFO     RX        /ERR/LOKO/0x00000002
11:51:39.101  INFO     RX        /ERR/LOKO/0x00000002
11:51:39.101  INFO     RX        /ERR/LOKO/0x00000002
11:51:39.117  INFO     RX        /ERR/LOKO/0x00000002
11:51:39.165  INFO     RX        /ERR/LOKO/0x00000002
11:51:39.183  INFO     RX        /ERR/LOKO/0x00000002
11:51:39.197  INFO     RX        /ERR/LOKO/0x00000002
11:51:39.197  INFO     RX        /ERR/LOKO/0x00000002
11:51:39.213  INFO     RX        /ERR/LOKO/0x00000002
11:51:39.231  INFO     RX        /ERR/LOKO/0x00000002
11:51:39.246  INFO     RX        /ERR/LOKO/0x00000002
11:51:39.246  INFO     RX        /ERR/LOKO/0x00000002
11:51:39.262  INFO     RX        /ERR/LOKO/0x00000002
11:51:39.274  DEBUG    TX /CONTROLL/0,0,-81,0,0,0,0,0,0
11:51:39.277  INFO     RX        /ERR/LOKO/0x00000002
11:51:39.277  INFO     RX        /ERR/LOKO/0x00000002
11:51:39.294  INFO     RX        /ERR/LOKO/0x00000002
11:51:39.310  INFO     RX        /ERR/LOKO/0x00000002
11:51:39.326  INFO     RX        /ERR/LOKO/0x00000002
11:51:39.326  INFO     RX        /ERR/LOKO/0x00000002
11:51:39.343  INFO     RX        /ERR/LOKO/0x00000002
11:51:39.359  INFO     RX        /ERR/LOKO/0x00000002
11:51:39.375  INFO     RX        /ERR/LOKO/0x00000002
11:51:39.376  INFO     RX        /ERR/LOKO/0x00000002
11:51:39.392  INFO     RX        /ERR/LOKO/0x00000002
11:51:39.408  INFO     RX        /ERR/LOKO/0x00000002
11:51:39.423  INFO     RX        /ERR/LOKO/0x00000002
11:51:39.439  INFO     RX        /ERR/LOKO/0x00000002
11:51:39.456  INFO     RX        /ERR/LOKO/0x00000002
11:51:39.456  INFO     RX        /ERR/LOKO/0x00000002
11:51:39.472  INFO     RX        /ERR/LOKO/0x00000002
11:51:39.488  INFO     RX        /ERR/LOKO/0x00000002
11:51:39.504  INFO     RX        /ERR/LOKO/0x00000002
11:51:39.505  INFO     RX        /ERR/LOKO/0x00000002
11:51:39.521  INFO     RX        /ERR/LOKO/0x00000002
11:51:39.537  INFO     RX        /ERR/LOKO/0x00000002
11:51:39.538  INFO     RX        /ERR/LOKO/0x00000002
11:51:39.556  INFO     RX        /ERR/LOKO/0x00000002
11:51:39.571  INFO     RX        /ERR/LOKO/0x00000002
11:51:39.587  INFO     RX        /ERR/LOKO/0x00000002
11:51:39.587  INFO     RX        /ERR/LOKO/0x00000002
11:51:39.603  INFO     RX        /ERR/LOKO/0x00000002
11:51:39.619  INFO     RX        /ERR/LOKO/0x00000002
11:51:39.651  INFO     RX        /ERR/LOKO/0x00000002
11:51:39.667  INFO     RX        /ERR/LOKO/0x00000002
11:51:39.667  INFO     RX        /ERR/LOKO/0x00000002
11:51:39.775  INFO     RX        /ERR/LOKO/0x00000002
11:51:39.775  INFO     RX        /ERR/LOKO/0x00000002
11:51:39.775  INFO     RX        /ERR/LOKO/0x00000002
11:51:39.775  INFO     RX        /ERR/LOKO/0x00000002
11:51:39.775  INFO     RX        /ERR/LOKO/0x00000002
11:51:39.775  INFO     RX        /ERR/LOKO/0x00000002
11:51:39.775  INFO     RX        /ERR/LOKO/0x00000002
11:51:39.777  INFO     RX        /ERR/LOKO/0x00000002
11:51:39.777  INFO     RX        /ERR/LOKO/0x00000002
11:51:39.784  INFO     RX        /ERR/LOKO/0x00000002
11:51:39.798  INFO     RX        /ERR/LOKO/0x00000002
11:51:39.812  INFO     RX        /ERR/LOKO/0x00000002
11:51:39.828  INFO     RX        /ERR/LOKO/0x00000002
11:51:39.844  INFO     RX        /ERR/LOKO/0x00000002
11:51:39.845  INFO     RX        /ERR/LOKO/0x00000002
11:51:39.861  INFO     RX        /ERR/LOKO/0x00000002
11:51:39.877  INFO     RX        /ERR/LOKO/0x00000002
11:51:39.893  INFO     RX        /ERR/LOKO/0x00000002
11:51:39.893  INFO     RX        /ERR/LOKO/0x00000002
11:51:39.909  INFO     RX        /ERR/LOKO/0x00000002
11:51:39.925  INFO     RX        /ERR/LOKO/0x00000002
11:51:39.941  INFO     RX        /ERR/LOKO/0x00000002
11:51:39.941  INFO     RX        /ERR/LOKO/0x00000002
11:51:39.957  INFO     RX        /ERR/LOKO/0x00000002
11:51:39.975  INFO     RX        /ERR/LOKO/0x00000002
11:51:39.975  INFO     RX        /ERR/LOKO/0x00000002
11:51:39.989  INFO     RX        /ERR/LOKO/0x00000002
11:51:40.005  INFO     RX        /ERR/LOKO/0x00000002
11:51:40.021  INFO     RX        /ERR/LOKO/0x00000002
11:51:40.021  INFO     RX        /ERR/LOKO/0x00000002
11:51:40.069  INFO     RX        /ERR/LOKO/0x00000002
11:51:40.069  INFO     RX        /ERR/LOKO/0x00000002
11:51:40.082  DEBUG    TX /CONTROLL/0,0,-100,0,0,0,0,0,0
11:51:40.086  INFO     RX        /ERR/LOKO/0x00000002
11:51:40.104  INFO     RX        /ERR/LOKO/0x00000002
11:51:40.104  INFO     RX        /ERR/LOKO/0x00000002
11:51:40.122  INFO     RX        /ERR/LOKO/0x00000002
11:51:40.135  INFO     RX        /ERR/LOKO/0x00000002
11:51:40.152  INFO     RX        /ERR/LOKO/0x00000002
11:51:40.152  INFO     RX        /ERR/LOKO/0x00000002
11:51:40.168  INFO     RX        /ERR/LOKO/0x00000002
11:51:40.183  INFO     RX        /ERR/LOKO/0x00000002
11:51:40.199  INFO     RX        /ERR/LOKO/0x00000002
11:51:40.199  INFO     RX        /ERR/LOKO/0x00000002
11:51:40.215  INFO     RX        /ERR/LOKO/0x00000002
11:51:40.232  INFO     RX        /ERR/LOKO/0x00000002
11:51:40.249  INFO     RX        /ERR/LOKO/0x00000002
11:51:40.265  INFO     RX        /ERR/LOKO/0x00000002
11:51:40.282  INFO     RX        /ERR/LOKO/0x00000002
11:51:40.282  INFO     RX        /ERR/LOKO/0x00000002
11:51:40.300  INFO     RX        /ERR/LOKO/0x00000002
11:51:40.312  INFO     RX        /ERR/LOKO/0x00000002
11:51:40.329  INFO     RX        /ERR/LOKO/0x00000002
11:51:40.329  INFO     RX        /ERR/LOKO/0x00000002
11:51:40.344  INFO     RX        /ERR/LOKO/0x00000002
11:51:40.360  INFO     RX        /ERR/LOKO/0x00000002
11:51:40.377  INFO     RX        /ERR/LOKO/0x00000002
11:51:40.377  INFO     RX        /ERR/LOKO/0x00000002
11:51:40.393  INFO     RX        /ERR/LOKO/0x00000002
11:51:40.409  INFO     RX        /ERR/LOKO/0x00000002
11:51:40.425  INFO     RX        /ERR/LOKO/0x00000002
11:51:40.425  INFO     RX        /ERR/LOKO/0x00000002
11:51:40.458  INFO     RX        /ERR/LOKO/0x00000002
11:51:40.474  INFO     RX        /ERR/LOKO/0x00000002
11:51:40.490  INFO     RX        /ERR/LOKO/0x00000002
11:51:40.505  INFO     RX        /ERR/LOKO/0x00000002
11:51:40.505  INFO     RX        /ERR/LOKO/0x00000002
11:51:40.521  INFO     RX        /ERR/LOKO/0x00000002
11:51:40.538  INFO     RX        /ERR/LOKO/0x00000002
11:51:40.554  INFO     RX        /ERR/LOKO/0x00000002
11:51:40.554  INFO     RX        /ERR/LOKO/0x00000002
11:51:40.571  INFO     RX        /ERR/LOKO/0x00000002
11:51:40.590  INFO     RX        /ERR/LOKO/0x00000002
11:51:40.590  INFO     RX        /ERR/LOKO/0x00000002
11:51:40.603  INFO     RX        /ERR/LOKO/0x00000002
11:51:40.620  INFO     RX        /ERR/LOKO/0x00000002
11:51:40.637  INFO     RX        /ERR/LOKO/0x00000002
11:51:40.653  INFO     RX        /ERR/LOKO/0x00000002
11:51:40.668  INFO     RX        /ERR/LOKO/0x00000002
11:51:40.684  INFO     RX        /ERR/LOKO/0x00000002
11:51:40.684  INFO     RX        /ERR/LOKO/0x00000002
11:51:40.700  INFO     RX        /ERR/LOKO/0x00000002
11:51:40.716  INFO     RX        /ERR/LOKO/0x00000002
11:51:40.733  INFO     RX        /ERR/LOKO/0x00000002
11:51:40.733  INFO     RX        /ERR/LOKO/0x00000002
11:51:40.751  INFO     RX        /ERR/LOKO/0x00000002
11:51:40.765  INFO     RX        /ERR/LOKO/0x00000002
11:51:40.765  INFO     RX        /ERR/LOKO/0x00000002
11:51:40.782  INFO     RX        /ERR/LOKO/0x00000002
11:51:40.798  INFO     RX        /ERR/LOKO/0x00000002
11:51:40.815  INFO     RX        /ERR/LOKO/0x00000002
11:51:40.815  INFO     RX        /ERR/LOKO/0x00000002
11:51:40.831  INFO     RX        /ERR/LOKO/0x00000002
11:51:40.863  INFO     RX        /ERR/LOKO/0x00000002
11:51:40.878  INFO     RX        /ERR/LOKO/0x00000002
11:51:40.891  DEBUG    TX /CONTROLL/0,0,-74,0,0,0,0,0,0
11:51:40.894  INFO     RX        /ERR/LOKO/0x00000002
11:51:40.894  INFO     RX        /ERR/LOKO/0x00000002
11:51:40.912  INFO     RX        /ERR/LOKO/0x00000002
11:51:40.929  INFO     RX        /ERR/LOKO/0x00000002
11:51:41.697  DEBUG    TX /CONTROLL/0,0,0,0,0,0,0,0,0
11:51:42.501  DEBUG    TX /CONTROLL/0,0,0,0,0,0,0,0,0
11:51:43.226  INFO     RX        /ERR/LOKO/0x00000002
11:51:43.226  INFO     RX        /ERR/LOKO/0x00000002
11:51:43.244  INFO     RX        /ERR/LOKO/0x00000002
11:51:43.258  INFO     RX        /ERR/LOKO/0x00000002
11:51:43.274  INFO     RX        /ERR/LOKO/0x00000002
11:51:43.274  INFO     RX        /ERR/LOKO/0x00000002
11:51:43.290  INFO     RX        /ERR/LOKO/0x00000002
11:51:43.304  DEBUG    TX /CONTROLL/0,0,0,0,0,0,0,0,2
11:51:43.307  INFO     RX        /ERR/LOKO/0x00000002
11:51:43.307  INFO     RX        /ERR/LOKO/0x00000002
11:51:43.322  INFO     RX        /ERR/LOKO/0x00000002
11:51:43.338  INFO     RX        /ERR/LOKO/0x00000002
11:51:43.355  INFO     RX        /ERR/LOKO/0x00000002
11:51:43.355  INFO     RX        /ERR/LOKO/0x00000002
11:51:43.371  INFO     RX        /ERR/LOKO/0x00000002
11:51:43.386  INFO     RX        /ERR/LOKO/0x00000002
11:51:43.403  INFO     RX        /ERR/LOKO/0x00000002
11:51:43.403  INFO     RX        /ERR/LOKO/0x00000002
11:51:43.419  INFO     RX        /ERR/LOKO/0x00000002
11:51:43.435  INFO     RX        /ERR/LOKO/0x00000002
11:51:43.454  INFO     RX        /ERR/LOKO/0x00000002
11:51:43.454  INFO     RX        /ERR/LOKO/0x00000002
11:51:43.466  INFO     RX        /ERR/LOKO/0x00000002
11:51:43.482  INFO     RX        /ERR/LOKO/0x00000002
11:51:43.498  INFO     RX        /ERR/LOKO/0x00000002
11:51:43.498  INFO     RX        /ERR/LOKO/0x00000002
11:51:43.518  INFO     RX        /ERR/LOKO/0x00000002
11:51:43.531  INFO     RX        /ERR/LOKO/0x00000002
11:51:43.531  INFO     RX        /ERR/LOKO/0x00000002
11:51:43.547  INFO     RX        /ERR/LOKO/0x00000002
11:51:43.564  INFO     RX        /ERR/LOKO/0x00000002
11:51:43.580  INFO     RX        /ERR/LOKO/0x00000002
11:51:43.580  INFO     RX        /ERR/LOKO/0x00000002
11:51:43.595  INFO     RX        /ERR/LOKO/0x00000002
11:51:43.612  INFO     RX        /ERR/LOKO/0x00000002
11:51:43.627  INFO     RX        /ERR/LOKO/0x00000002
11:51:43.628  INFO     RX        /ERR/LOKO/0x00000002
11:51:43.644  INFO     RX        /ERR/LOKO/0x00000002
11:51:43.660  INFO     RX        /ERR/LOKO/0x00000002
11:51:43.676  INFO     RX        /ERR/LOKO/0x00000002
11:51:43.676  INFO     RX        /ERR/LOKO/0x00000002
11:51:43.692  INFO     RX        /ERR/LOKO/0x00000002
11:51:43.708  INFO     RX        /ERR/LOKO/0x00000002
11:51:43.708  INFO     RX        /ERR/LOKO/0x00000002
11:51:43.724  INFO     RX        /ERR/LOKO/0x00000002
11:51:43.741  INFO     RX        /ERR/LOKO/0x00000002
11:51:43.757  INFO     RX        /ERR/LOKO/0x00000002
11:51:43.757  INFO     RX        /ERR/LOKO/0x00000002
11:51:43.773  INFO     RX        /ERR/LOKO/0x00000002
11:51:43.788  INFO     RX        /ERR/LOKO/0x00000002
11:51:43.804  INFO     RX        /ERR/LOKO/0x00000002
11:51:43.805  INFO     RX        /ERR/LOKO/0x00000002
11:51:43.821  INFO     RX        /ERR/LOKO/0x00000002
11:51:43.837  INFO     RX        /ERR/LOKO/0x00000002
11:51:43.837  INFO     RX        /ERR/LOKO/0x00000002
11:51:43.853  INFO     RX        /ERR/LOKO/0x00000002
11:51:43.869  INFO     RX        /ERR/LOKO/0x00000002
11:51:43.884  INFO     RX        /ERR/LOKO/0x00000002
11:51:43.884  INFO     RX        /ERR/LOKO/0x00000002
11:51:43.903  INFO     RX        /ERR/LOKO/0x00000002
11:51:43.916  INFO     RX        /ERR/LOKO/0x00000002
11:51:43.932  INFO     RX        /ERR/LOKO/0x00000002
11:51:43.932  INFO     RX        /ERR/LOKO/0x00000002
11:51:43.948  INFO     RX        /ERR/LOKO/0x00000002
11:51:43.964  INFO     RX        /ERR/LOKO/0x00000002
11:51:43.981  INFO     RX        /ERR/LOKO/0x00000002
11:51:43.981  INFO     RX        /ERR/LOKO/0x00000002
11:51:43.997  INFO     RX        /ERR/LOKO/0x00000002
11:51:44.013  INFO     RX        /ERR/LOKO/0x00000002
11:51:44.013  INFO     RX        /ERR/LOKO/0x00000002
11:51:44.030  INFO     RX        /ERR/LOKO/0x00000002
11:51:44.045  INFO     RX        /ERR/LOKO/0x00000002
11:51:44.062  INFO     RX        /ERR/LOKO/0x00000002
11:51:44.062  INFO     RX        /ERR/LOKO/0x00000002
11:51:44.078  INFO     RX        /ERR/LOKO/0x00000002
11:51:44.094  INFO     RX        /ERR/LOKO/0x00000002
11:51:44.107  DEBUG    TX /CONTROLL/0,0,-100,0,0,0,0,0,2
11:51:44.111  INFO     RX        /ERR/LOKO/0x00000002
11:51:44.111  INFO     RX        /ERR/LOKO/0x00000002
11:51:44.126  INFO     RX        /ERR/LOKO/0x00000002
11:51:44.143  INFO     RX        /ERR/LOKO/0x00000002
11:51:44.143  INFO     RX        /ERR/LOKO/0x00000002
11:51:44.159  INFO     RX        /ERR/LOKO/0x00000002
11:51:44.175  INFO     RX        /ERR/LOKO/0x00000002
11:51:44.190  INFO     RX        /ERR/LOKO/0x00000002
11:51:44.191  INFO     RX        /ERR/LOKO/0x00000002
11:51:44.207  INFO     RX        /ERR/LOKO/0x00000002
11:51:44.222  INFO     RX        /ERR/LOKO/0x00000002
11:51:44.238  INFO     RX        /ERR/LOKO/0x00000002
11:51:44.239  INFO     RX        /ERR/LOKO/0x00000002
11:51:44.255  INFO     RX        /ERR/LOKO/0x00000002
11:51:44.270  INFO     RX        /ERR/LOKO/0x00000002
11:51:44.286  INFO     RX        /ERR/LOKO/0x00000002
11:51:44.286  INFO     RX        /ERR/LOKO/0x00000002
11:51:44.302  INFO     RX        /ERR/LOKO/0x00000002
11:51:44.319  INFO     RX        /ERR/LOKO/0x00000002
11:51:44.319  INFO     RX        /ERR/LOKO/0x00000002
11:51:44.335  INFO     RX        /ERR/LOKO/0x00000002
11:51:44.350  INFO     RX        /ERR/LOKO/0x00000002
11:51:44.367  INFO     RX        /ERR/LOKO/0x00000002
11:51:44.367  INFO     RX        /ERR/LOKO/0x00000002
11:51:44.383  INFO     RX        /ERR/LOKO/0x00000002
11:51:44.398  INFO     RX        /ERR/LOKO/0x00000002
11:51:44.414  INFO     RX        /ERR/LOKO/0x00000002
11:51:44.414  INFO     RX        /ERR/LOKO/0x00000002
11:51:44.431  INFO     RX        /ERR/LOKO/0x00000002
11:51:44.446  INFO     RX        /ERR/LOKO/0x00000002
11:51:44.463  INFO     RX        /ERR/LOKO/0x00000002
11:51:44.463  INFO     RX        /ERR/LOKO/0x00000002
11:51:44.479  INFO     RX        /ERR/LOKO/0x00000002
11:51:44.496  INFO     RX        /ERR/LOKO/0x00000002
11:51:44.496  INFO     RX        /ERR/LOKO/0x00000002
11:51:44.512  INFO     RX        /ERR/LOKO/0x00000002
11:51:44.528  INFO     RX        /ERR/LOKO/0x00000002
11:51:44.543  INFO     RX        /ERR/LOKO/0x00000002
11:51:44.543  INFO     RX        /ERR/LOKO/0x00000002
11:51:44.559  INFO     RX        /ERR/LOKO/0x00000002
11:51:44.578  INFO     RX        /ERR/LOKO/0x00000002
11:51:44.579  INFO     RX        /ERR/LOKO/0x00000002
11:51:44.592  INFO     RX        /ERR/LOKO/0x00000002
11:51:44.609  INFO     RX        /ERR/LOKO/0x00000002
11:51:44.625  INFO     RX        /ERR/LOKO/0x00000002
11:51:44.625  INFO     RX        /ERR/LOKO/0x00000002
11:51:44.641  INFO     RX        /ERR/LOKO/0x00000002
11:51:44.657  INFO     RX        /ERR/LOKO/0x00000002
11:51:44.674  INFO     RX        /ERR/LOKO/0x00000002
11:51:44.674  INFO     RX        /ERR/LOKO/0x00000002
11:51:44.690  INFO     RX        /ERR/LOKO/0x00000002
11:51:44.705  INFO     RX        /ERR/LOKO/0x00000002
11:51:44.819  INFO     RX        /ERR/LOKO/0x00000002
11:51:44.820  INFO     RX        /ERR/LOKO/0x00000002
11:51:44.820  INFO     RX        /ERR/LOKO/0x00000002
11:51:44.820  INFO     RX        /ERR/LOKO/0x00000002
11:51:44.820  INFO     RX        /ERR/LOKO/0x00000002
11:51:44.820  INFO     RX        /ERR/LOKO/0x00000002
11:51:44.820  INFO     RX        /ERR/LOKO/0x00000002
11:51:44.820  INFO     RX        /ERR/LOKO/0x00000002
11:51:44.820  INFO     RX        /ERR/LOKO/0x00000002
11:51:44.820  INFO     RX        /ERR/LOKO/0x00000002
11:51:44.824  INFO     RX        /ERR/LOKO/0x00000002
11:51:44.897  INFO     RX        /ERR/LOKO/0x00000002
11:51:44.910  DEBUG    TX /CONTROLL/41,13,0,0,0,0,0,0,2
11:51:44.953  INFO     RX        /ERR/LOKO/0x00000002
11:51:45.025  INFO     RX        /ERR/LOKO/0x00000002
11:51:45.090  INFO     RX        /ERR/LOKO/0x00000002
11:51:45.271  INFO     RX        /ERR/LOKO/0x00000002
11:51:45.334  INFO     RX        /ERR/LOKO/0x00000002
11:51:45.398  INFO     RX        /ERR/LOKO/0x00000002
11:51:45.461  INFO     RX        /ERR/LOKO/0x00000002
11:51:45.526  INFO     RX        /ERR/LOKO/0x00000002
11:51:45.715  DEBUG    TX /CONTROLL/74,14,0,0,0,0,0,0,2
11:51:45.718  INFO     RX        /ERR/LOKO/0x00000002
11:51:45.782  INFO     RX        /ERR/LOKO/0x00000002
11:51:45.845  INFO     RX        /ERR/LOKO/0x00000002
11:51:45.975  INFO     RX        /ERR/LOKO/0x00000002
11:51:46.038  INFO     RX        /ERR/LOKO/0x00000002
11:51:46.197  INFO     RX        /ERR/LOKO/0x00000002
11:51:46.267  INFO     RX        /ERR/LOKO/0x00000002
11:51:46.389  INFO     RX        /ERR/LOKO/0x00000002
11:51:46.456  INFO     RX        /ERR/LOKO/0x00000002
11:51:46.519  DEBUG    TX /CONTROLL/99,18,0,0,0,0,0,0,2
11:51:46.581  INFO     RX        /ERR/LOKO/0x00000002
11:51:46.620  INFO     RX        /ERR/LOKO/0x00000002
11:51:46.673  INFO     RX        /ERR/LOKO/0x00000002
11:51:46.748  INFO     RX        /ERR/LOKO/0x00000002
11:51:46.765  INFO     RX        /ERR/LOKO/0x00000002
11:51:46.765  INFO     RX        /ERR/LOKO/0x00000002
11:51:46.781  INFO     RX        /ERR/LOKO/0x00000002
11:51:46.797  INFO     RX        /ERR/LOKO/0x00000002
11:51:46.797  INFO     RX        /ERR/LOKO/0x00000002
11:51:46.814  INFO     RX        /ERR/LOKO/0x00000002
11:51:46.830  INFO     RX        /ERR/LOKO/0x00000002
11:51:46.846  INFO     RX        /ERR/LOKO/0x00000002
11:51:46.846  INFO     RX        /ERR/LOKO/0x00000002
11:51:46.861  INFO     RX        /ERR/LOKO/0x00000002
11:51:46.877  INFO     RX        /ERR/LOKO/0x00000002
11:51:46.896  INFO     RX        /ERR/LOKO/0x00000002
11:51:46.896  INFO     RX        /ERR/LOKO/0x00000002
11:51:46.910  INFO     RX        /ERR/LOKO/0x00000002
11:51:46.926  INFO     RX        /ERR/LOKO/0x00000002
11:51:46.942  INFO     RX        /ERR/LOKO/0x00000002
11:51:46.942  INFO     RX        /ERR/LOKO/0x00000002
11:51:46.958  INFO     RX        /ERR/LOKO/0x00000002
11:51:46.973  INFO     RX        /ERR/LOKO/0x00000002
11:51:46.989  INFO     RX        /ERR/LOKO/0x00000002
11:51:46.990  INFO     RX        /ERR/LOKO/0x00000002
11:51:47.006  INFO     RX        /ERR/LOKO/0x00000002
11:51:47.022  INFO     RX        /ERR/LOKO/0x00000002
11:51:47.022  INFO     RX        /ERR/LOKO/0x00000002
11:51:47.038  INFO     RX        /ERR/LOKO/0x00000002
11:51:47.055  INFO     RX        /ERR/LOKO/0x00000002
11:51:47.071  INFO     RX        /ERR/LOKO/0x00000002
11:51:47.071  INFO     RX        /ERR/LOKO/0x00000002
11:51:47.087  INFO     RX        /ERR/LOKO/0x00000002
11:51:47.103  INFO     RX        /ERR/LOKO/0x00000002
11:51:47.119  INFO     RX        /ERR/LOKO/0x00000002
11:51:47.119  INFO     RX        /ERR/LOKO/0x00000002
11:51:47.136  INFO     RX        /ERR/LOKO/0x00000002
11:51:47.152  INFO     RX        /ERR/LOKO/0x00000002
11:51:47.152  INFO     RX        /ERR/LOKO/0x00000002
11:51:47.169  INFO     RX        /ERR/LOKO/0x00000002
11:51:47.184  INFO     RX        /ERR/LOKO/0x00000002
11:51:47.200  INFO     RX        /ERR/LOKO/0x00000002
11:51:47.200  INFO     RX        /ERR/LOKO/0x00000002
11:51:47.216  INFO     RX        /ERR/LOKO/0x00000002
11:51:47.232  INFO     RX        /ERR/LOKO/0x00000002
11:51:47.248  INFO     RX        /ERR/LOKO/0x00000002
11:51:47.248  INFO     RX        /ERR/LOKO/0x00000002
11:51:47.265  INFO     RX        /ERR/LOKO/0x00000002
11:51:47.282  INFO     RX        /ERR/LOKO/0x00000002
11:51:47.282  INFO     RX        /ERR/LOKO/0x00000002
11:51:47.299  INFO     RX        /ERR/LOKO/0x00000002
11:51:47.313  INFO     RX        /ERR/LOKO/0x00000002
11:51:47.326  DEBUG    TX /CONTROLL/0,0,0,0,0,0,0,0,2
11:51:47.329  INFO     RX        /ERR/LOKO/0x00000002
11:51:47.346  INFO     RX        /ERR/LOKO/0x00000002
11:51:47.346  INFO     RX        /ERR/LOKO/0x00000002
11:51:47.361  INFO     RX        /ERR/LOKO/0x00000002
11:51:47.378  INFO     RX        /ERR/LOKO/0x00000002
11:51:47.378  INFO     RX        /ERR/LOKO/0x00000002
11:51:47.394  INFO     RX        /ERR/LOKO/0x00000002
11:51:47.410  INFO     RX        /ERR/LOKO/0x00000002
11:51:47.426  INFO     RX        /ERR/LOKO/0x00000002
11:51:47.426  INFO     RX        /ERR/LOKO/0x00000002
11:51:47.443  INFO     RX        /ERR/LOKO/0x00000002
11:51:47.460  INFO     RX        /ERR/LOKO/0x00000002
11:51:47.511  INFO     RX        /ERR/LOKO/0x00000002
11:51:47.575  INFO     RX        /ERR/LOKO/0x00000002
11:51:47.640  INFO     RX        /ERR/LOKO/0x00000002
11:51:47.704  INFO     RX        /ERR/LOKO/0x00000002
11:51:48.022  INFO     RX        /ERR/LOKO/0x00000002
11:51:48.086  INFO     RX        /ERR/LOKO/0x00000002
11:51:48.131  DEBUG    TX /CONTROLL/-22,0,0,0,0,0,0,0,2
11:51:48.150  INFO     RX        /ERR/LOKO/0x00000002
11:51:48.215  INFO     RX        /ERR/LOKO/0x00000002
11:51:48.279  INFO     RX        /ERR/LOKO/0x00000002
11:51:48.344  INFO     RX        /ERR/LOKO/0x00000002
11:51:48.410  INFO     RX        /ERR/LOKO/0x00000002
11:51:48.475  INFO     RX        /ERR/LOKO/0x00000002
11:51:48.539  INFO     RX        /ERR/LOKO/0x00000002
11:51:48.603  INFO     RX        /ERR/LOKO/0x00000002
11:51:48.914  INFO     RX        /ERR/LOKO/0x00000002
11:51:48.938  DEBUG    TX /CONTROLL/-22,0,0,0,0,0,0,0,2
11:51:48.977  INFO     RX        /ERR/LOKO/0x00000002
11:51:49.041  INFO     RX        /ERR/LOKO/0x00000002
11:51:49.105  INFO     RX        /ERR/LOKO/0x00000002
11:51:49.169  INFO     RX        /ERR/LOKO/0x00000002
11:51:49.232  INFO     RX        /ERR/LOKO/0x00000002
11:51:49.296  INFO     RX        /ERR/LOKO/0x00000002
11:51:49.360  INFO     RX        /ERR/LOKO/0x00000002
11:51:49.423  INFO     RX        /ERR/LOKO/0x00000002
11:51:49.488  INFO     RX        /ERR/LOKO/0x00000002
11:51:49.742  DEBUG    TX /CONTROLL/-22,0,0,0,0,0,0,0,2
11:51:49.815  INFO     RX        /ERR/LOKO/0x00000002
11:51:49.876  INFO     RX        /ERR/LOKO/0x00000002
11:51:49.939  INFO     RX        /ERR/LOKO/0x00000002
11:51:50.006  INFO     RX        /ERR/LOKO/0x00000002
11:51:50.068  INFO     RX        /ERR/LOKO/0x00000002
11:51:50.133  INFO     RX        /ERR/LOKO/0x00000002
11:51:50.196  INFO     RX        /ERR/LOKO/0x00000002
11:51:50.212  INFO     RX        /ERR/LOKO/0x00000002
11:51:50.227  INFO     RX        /ERR/LOKO/0x00000002
11:51:50.228  INFO     RX        /ERR/LOKO/0x00000002
11:51:50.244  INFO     RX        /ERR/LOKO/0x00000002
11:51:50.260  INFO     RX        /ERR/LOKO/0x00000002
11:51:50.365  INFO     RX        /ERR/LOKO/0x00000002
11:51:50.365  INFO     RX        /ERR/LOKO/0x00000002
11:51:50.365  INFO     RX        /ERR/LOKO/0x00000002
11:51:50.365  INFO     RX        /ERR/LOKO/0x00000002
11:51:50.365  INFO     RX        /ERR/LOKO/0x00000002
11:51:50.365  INFO     RX        /ERR/LOKO/0x00000002
11:51:50.365  INFO     RX        /ERR/LOKO/0x00000002
11:51:50.365  INFO     RX        /ERR/LOKO/0x00000002
11:51:50.369  INFO     RX        /ERR/LOKO/0x00000002
11:51:50.369  INFO     RX        /ERR/LOKO/0x00000002
11:51:50.377  INFO     RX        /ERR/LOKO/0x00000002
11:51:50.389  INFO     RX        /ERR/LOKO/0x00000002
11:51:50.405  INFO     RX        /ERR/LOKO/0x00000002
11:51:50.423  INFO     RX        /ERR/LOKO/0x00000002
11:51:50.440  INFO     RX        /ERR/LOKO/0x00000002
11:51:50.440  INFO     RX        /ERR/LOKO/0x00000002
11:51:50.454  INFO     RX        /ERR/LOKO/0x00000002
11:51:50.471  INFO     RX        /ERR/LOKO/0x00000002
11:51:50.486  INFO     RX        /ERR/LOKO/0x00000002
11:51:50.486  INFO     RX        /ERR/LOKO/0x00000002
11:51:50.502  INFO     RX        /ERR/LOKO/0x00000002
11:51:50.518  INFO     RX        /ERR/LOKO/0x00000002
11:51:50.534  INFO     RX        /ERR/LOKO/0x00000002
11:51:50.547  DEBUG    TX /CONTROLL/0,0,0,0,0,0,0,0,0
11:51:51.113  INFO     RX        /ERR/LOKO/0x00000002
11:51:51.130  INFO     RX        /ERR/LOKO/0x00000002
11:51:51.130  INFO     RX        /ERR/LOKO/0x00000002
11:51:51.146  INFO     RX        /ERR/LOKO/0x00000002
11:51:51.162  INFO     RX        /ERR/LOKO/0x00000002
11:51:51.162  INFO     RX        /ERR/LOKO/0x00000002
11:51:51.177  INFO     RX        /ERR/LOKO/0x00000002
11:51:51.193  INFO     RX        /ERR/LOKO/0x00000002
11:51:51.210  INFO     RX        /ERR/LOKO/0x00000002
11:51:51.210  INFO     RX        /ERR/LOKO/0x00000002
11:51:51.226  INFO     RX        /ERR/LOKO/0x00000002
11:51:51.242  INFO     RX        /ERR/LOKO/0x00000002
11:51:51.258  INFO     RX        /ERR/LOKO/0x00000002
11:51:51.258  INFO     RX        /ERR/LOKO/0x00000002
11:51:51.275  INFO     RX        /ERR/LOKO/0x00000002
11:51:51.291  INFO     RX        /ERR/LOKO/0x00000002
11:51:51.352  DEBUG    TX /CONTROLL/0,0,0,0,0,0,0,0,0
11:51:51.421  INFO     RX        /ERR/LOKO/0x00000002
11:51:51.421  INFO     RX        /ERR/LOKO/0x00000002
11:51:51.437  INFO     RX        /ERR/LOKO/0x00000002
11:51:51.453  INFO     RX        /ERR/LOKO/0x00000002
11:51:51.453  INFO     RX        /ERR/LOKO/0x00000002
11:51:51.469  INFO     RX        /ERR/LOKO/0x00000002
11:51:51.485  INFO     RX        /ERR/LOKO/0x00000002
11:51:51.501  INFO     RX        /ERR/LOKO/0x00000002
11:51:51.501  INFO     RX        /ERR/LOKO/0x00000002
11:51:51.517  INFO     RX        /ERR/LOKO/0x00000002
11:51:51.534  INFO     RX        /ERR/LOKO/0x00000002
11:51:51.549  INFO     RX        /ERR/LOKO/0x00000002
11:51:51.549  INFO     RX        /ERR/LOKO/0x00000002
11:51:51.565  INFO     RX        /ERR/LOKO/0x00000002
11:51:51.582  INFO     RX        /ERR/LOKO/0x00000002
11:51:51.710  INFO     RX        /ERR/LOKO/0x00000002
11:51:51.726  INFO     RX        /ERR/LOKO/0x00000002
11:51:51.743  INFO     RX        /ERR/LOKO/0x00000002
11:51:51.759  INFO     RX        /ERR/LOKO/0x00000002
11:51:51.759  INFO     RX        /ERR/LOKO/0x00000002
11:51:51.774  INFO     RX        /ERR/LOKO/0x00000002
11:51:51.791  INFO     RX        /ERR/LOKO/0x00000002
11:51:51.808  INFO     RX        /ERR/LOKO/0x00000002
11:51:51.808  INFO     RX        /ERR/LOKO/0x00000002
11:51:51.823  INFO     RX        /ERR/LOKO/0x00000002
11:51:51.841  INFO     RX        /ERR/LOKO/0x00000002
11:51:51.841  INFO     RX        /ERR/LOKO/0x00000002
11:51:51.855  INFO     RX        /ERR/LOKO/0x00000002
11:51:51.871  INFO     RX        /ERR/LOKO/0x00000002
11:51:51.887  INFO     RX        /ERR/LOKO/0x00000002
11:51:51.968  INFO     RX        /ERR/LOKO/0x00000002
11:51:51.968  INFO     RX        /ERR/LOKO/0x00000002
11:51:51.984  INFO     RX        /ERR/LOKO/0x00000002
11:51:52.000  INFO     RX        /ERR/LOKO/0x00000002
11:51:52.017  INFO     RX        /ERR/LOKO/0x00000002
11:51:52.017  INFO     RX        /ERR/LOKO/0x00000002
11:51:52.033  INFO     RX        /ERR/LOKO/0x00000002
11:51:52.048  INFO     RX        /ERR/LOKO/0x00000002
11:51:52.049  INFO     RX        /ERR/LOKO/0x00000002
11:51:52.065  INFO     RX        /ERR/LOKO/0x00000002
11:51:52.083  INFO     RX        /ERR/LOKO/0x00000002
11:51:52.084  INFO     RX        /ERR/LOKO/0x00000002
11:51:52.097  INFO     RX        /ERR/LOKO/0x00000002
11:51:52.113  INFO     RX        /ERR/LOKO/0x00000002
11:51:52.130  INFO     RX        /ERR/LOKO/0x00000002
11:51:52.158  DEBUG    TX /CONTROLL/0,0,0,0,0,0,0,0,0
11:51:52.308  INFO     RX        /ERR/LOKO/0x00000002
11:51:52.308  INFO     RX        /ERR/LOKO/0x00000002
11:51:52.326  INFO     RX        /ERR/LOKO/0x00000002
11:51:52.338  INFO     RX        /ERR/LOKO/0x00000002
11:51:52.338  INFO     RX        /ERR/LOKO/0x00000002
11:51:52.354  INFO     RX        /ERR/LOKO/0x00000002
11:51:52.371  INFO     RX        /ERR/LOKO/0x00000002
11:51:52.387  INFO     RX        /ERR/LOKO/0x00000002
11:51:52.387  INFO     RX        /ERR/LOKO/0x00000002
11:51:52.403  INFO     RX        /ERR/LOKO/0x00000002
11:51:52.419  INFO     RX        /ERR/LOKO/0x00000002
11:51:52.435  INFO     RX        /ERR/LOKO/0x00000002
11:51:52.435  INFO     RX        /ERR/LOKO/0x00000002
11:51:52.451  INFO     RX        /ERR/LOKO/0x00000002
11:51:52.467  INFO     RX        /ERR/LOKO/0x00000002
11:51:52.933  INFO     RX        /ERR/LOKO/0x00000002
11:51:52.949  INFO     RX        /ERR/LOKO/0x00000002
11:51:52.949  INFO     RX        /ERR/LOKO/0x00000002
11:51:52.963  DEBUG    TX /CONTROLL/0,0,0,0,0,0,0,0,2
11:51:52.966  INFO     RX        /ERR/LOKO/0x00000002
11:51:52.981  INFO     RX        /ERR/LOKO/0x00000002
11:51:52.997  INFO     RX        /ERR/LOKO/0x00000002
11:51:52.997  INFO     RX        /ERR/LOKO/0x00000002
11:51:53.013  INFO     RX        /ERR/LOKO/0x00000002
11:51:53.030  INFO     RX        /ERR/LOKO/0x00000002
11:51:53.045  INFO     RX        /ERR/LOKO/0x00000002
11:51:53.045  INFO     RX        /ERR/LOKO/0x00000002
11:51:53.061  INFO     RX        /ERR/LOKO/0x00000002
11:51:53.078  INFO     RX        /ERR/LOKO/0x00000002
11:51:53.094  INFO     RX        /ERR/LOKO/0x00000002
11:51:53.094  INFO     RX        /ERR/LOKO/0x00000002
11:51:53.112  INFO     RX        /ERR/LOKO/0x00000002
11:51:53.126  INFO     RX        /ERR/LOKO/0x00000002
11:51:53.126  INFO     RX        /ERR/LOKO/0x00000002
11:51:53.142  INFO     RX        /ERR/LOKO/0x00000002
11:51:53.334  INFO     RX        /ERR/LOKO/0x00000002
11:51:53.350  INFO     RX        /ERR/LOKO/0x00000002
11:51:53.365  INFO     RX        /ERR/LOKO/0x00000002
11:51:53.382  INFO     RX        /ERR/LOKO/0x00000002
11:51:53.382  INFO     RX        /ERR/LOKO/0x00000002
11:51:53.398  INFO     RX        /ERR/LOKO/0x00000002
11:51:53.413  INFO     RX        /ERR/LOKO/0x00000002
11:51:53.430  INFO     RX        /ERR/LOKO/0x00000002
11:51:53.430  INFO     RX        /ERR/LOKO/0x00000002
11:51:53.446  INFO     RX        /ERR/LOKO/0x00000002
11:51:53.462  INFO     RX        /ERR/LOKO/0x00000002
11:51:53.462  INFO     RX        /ERR/LOKO/0x00000002
11:51:53.477  INFO     RX        /ERR/LOKO/0x00000002
11:51:53.494  INFO     RX        /ERR/LOKO/0x00000002
11:51:53.510  INFO     RX        /ERR/LOKO/0x00000002
11:51:53.591  INFO     RX        /ERR/LOKO/0x00000002
11:51:53.592  INFO     RX        /ERR/LOKO/0x00000002
11:51:53.605  INFO     RX        /ERR/LOKO/0x00000002
11:51:53.621  INFO     RX        /ERR/LOKO/0x00000002
11:51:53.638  INFO     RX        /ERR/LOKO/0x00000002
11:51:53.638  INFO     RX        /ERR/LOKO/0x00000002
11:51:53.655  INFO     RX        /ERR/LOKO/0x00000002
11:51:53.671  INFO     RX        /ERR/LOKO/0x00000002
11:51:53.687  INFO     RX        /ERR/LOKO/0x00000002
11:51:53.687  INFO     RX        /ERR/LOKO/0x00000002
11:51:53.704  INFO     RX        /ERR/LOKO/0x00000002
11:51:53.719  INFO     RX        /ERR/LOKO/0x00000002
11:51:53.719  INFO     RX        /ERR/LOKO/0x00000002
11:51:53.735  INFO     RX        /ERR/LOKO/0x00000002
11:51:53.751  INFO     RX        /ERR/LOKO/0x00000002
11:51:53.764  DEBUG    TX /CONTROLL/0,0,0,0,0,0,0,0,2
11:51:53.768  INFO     RX        /ERR/LOKO/0x00000002
11:51:53.768  INFO     RX        /ERR/LOKO/0x00000002
11:51:53.784  INFO     RX        /ERR/LOKO/0x00000002
11:51:53.800  INFO     RX        /ERR/LOKO/0x00000002
11:51:53.817  INFO     RX        /ERR/LOKO/0x00000002
11:51:53.817  INFO     RX        /ERR/LOKO/0x00000002
11:51:53.834  INFO     RX        /ERR/LOKO/0x00000002
11:51:53.848  INFO     RX        /ERR/LOKO/0x00000002
11:51:53.848  INFO     RX        /ERR/LOKO/0x00000002
11:51:53.865  INFO     RX        /ERR/LOKO/0x00000002
11:51:53.884  INFO     RX        /ERR/LOKO/0x00000002
11:51:53.897  INFO     RX        /ERR/LOKO/0x00000002
11:51:53.897  INFO     RX        /ERR/LOKO/0x00000002
11:51:53.912  INFO     RX        /ERR/LOKO/0x00000002
11:51:53.928  INFO     RX        /ERR/LOKO/0x00000002
11:51:53.945  INFO     RX        /ERR/LOKO/0x00000002
11:51:53.945  INFO     RX        /ERR/LOKO/0x00000002
11:51:53.960  INFO     RX        /ERR/LOKO/0x00000002
11:51:53.977  INFO     RX        /ERR/LOKO/0x00000002
11:51:53.993  INFO     RX        /ERR/LOKO/0x00000002
11:51:53.993  INFO     RX        /ERR/LOKO/0x00000002
11:51:54.008  INFO     RX        /ERR/LOKO/0x00000002
11:51:54.024  INFO     RX        /ERR/LOKO/0x00000002
11:51:54.040  INFO     RX        /ERR/LOKO/0x00000002
11:51:54.040  INFO     RX        /ERR/LOKO/0x00000002
11:51:54.059  INFO     RX        /ERR/LOKO/0x00000002
11:51:54.073  INFO     RX        /ERR/LOKO/0x00000002
11:51:54.074  INFO     RX        /ERR/LOKO/0x00000002
11:51:54.088  INFO     RX        /ERR/LOKO/0x00000002
11:51:54.105  INFO     RX        /ERR/LOKO/0x00000002
11:51:54.121  INFO     RX        /ERR/LOKO/0x00000002
11:51:54.121  INFO     RX        /ERR/LOKO/0x00000002
11:51:54.139  INFO     RX        /ERR/LOKO/0x00000002
11:51:54.153  INFO     RX        /ERR/LOKO/0x00000002
11:51:54.207  INFO     RX        /ERR/LOKO/0x00000002
11:51:54.271  INFO     RX        /ERR/LOKO/0x00000002
11:51:54.345  INFO     RX        /ERR/LOKO/0x00000002
11:51:54.398  INFO     RX        /ERR/LOKO/0x00000002
11:51:54.461  INFO     RX        /ERR/LOKO/0x00000002
11:51:54.538  INFO     RX        /ERR/LOKO/0x00000002
11:51:54.568  DEBUG    TX /CONTROLL/-20,0,0,0,0,0,0,0,2
11:51:54.591  INFO     RX        /ERR/LOKO/0x00000002
11:51:54.847  INFO     RX        /ERR/LOKO/0x00000002
11:51:54.867  INFO     RX        /ERR/LOKO/0x00000002
11:51:54.879  INFO     RX        /ERR/LOKO/0x00000002
11:51:54.895  INFO     RX        /ERR/LOKO/0x00000002
11:51:54.895  INFO     RX        /ERR/LOKO/0x00000002
11:51:54.911  INFO     RX        /ERR/LOKO/0x00000002
11:51:54.926  INFO     RX        /ERR/LOKO/0x00000002
11:51:54.926  INFO     RX        /ERR/LOKO/0x00000002
11:51:54.943  INFO     RX        /ERR/LOKO/0x00000002
11:51:54.958  INFO     RX        /ERR/LOKO/0x00000002
11:51:54.975  INFO     RX        /ERR/LOKO/0x00000002
11:51:54.975  INFO     RX        /ERR/LOKO/0x00000002
11:51:54.992  INFO     RX        /ERR/LOKO/0x00000002
11:51:55.006  INFO     RX        /ERR/LOKO/0x00000002
11:51:55.022  INFO     RX        /ERR/LOKO/0x00000002
11:51:55.023  INFO     RX        /ERR/LOKO/0x00000002
11:51:55.039  INFO     RX        /ERR/LOKO/0x00000002
11:51:55.055  INFO     RX        /ERR/LOKO/0x00000002
11:51:55.055  INFO     RX        /ERR/LOKO/0x00000002
11:51:55.073  INFO     RX        /ERR/LOKO/0x00000002
11:51:55.088  INFO     RX        /ERR/LOKO/0x00000002
11:51:55.108  INFO     RX        /ERR/LOKO/0x00000002
11:51:55.108  INFO     RX        /ERR/LOKO/0x00000002
11:51:55.121  INFO     RX        /ERR/LOKO/0x00000002
11:51:55.135  INFO     RX        /ERR/LOKO/0x00000002
11:51:55.152  INFO     RX        /ERR/LOKO/0x00000002
11:51:55.152  INFO     RX        /ERR/LOKO/0x00000002
11:51:55.168  INFO     RX        /ERR/LOKO/0x00000002
11:51:55.184  INFO     RX        /ERR/LOKO/0x00000002
11:51:55.200  INFO     RX        /ERR/LOKO/0x00000002
11:51:55.200  INFO     RX        /ERR/LOKO/0x00000002
11:51:55.216  INFO     RX        /ERR/LOKO/0x00000002
11:51:55.232  INFO     RX        /ERR/LOKO/0x00000002
11:51:55.232  INFO     RX        /ERR/LOKO/0x00000002
11:51:55.248  INFO     RX        /ERR/LOKO/0x00000002
11:51:55.265  INFO     RX        /ERR/LOKO/0x00000002
11:51:55.281  INFO     RX        /ERR/LOKO/0x00000002
11:51:55.281  INFO     RX        /ERR/LOKO/0x00000002
11:51:55.296  INFO     RX        /ERR/LOKO/0x00000002
11:51:55.375  DEBUG    TX /CONTROLL/0,0,0,0,0,0,0,0,0
11:51:55.405  INFO     RX        /ERR/LOKO/0x00000002
11:51:55.405  INFO     RX        /ERR/LOKO/0x00000002
11:51:55.405  INFO     RX        /ERR/LOKO/0x00000002
11:51:55.405  INFO     RX        /ERR/LOKO/0x00000002
11:51:55.405  INFO     RX        /ERR/LOKO/0x00000002
11:51:55.405  INFO     RX        /ERR/LOKO/0x00000002
11:51:55.405  INFO     RX        /ERR/LOKO/0x00000002
11:51:55.405  INFO     RX        /ERR/LOKO/0x00000002
11:51:55.416  INFO     RX        /ERR/LOKO/0x00000002
11:51:55.417  INFO     RX        /ERR/LOKO/0x00000002
11:51:55.419  INFO     RX        /ERR/LOKO/0x00000002
11:51:55.444  INFO     RX        /ERR/LOKO/0x00000002
11:51:55.765  INFO     RX        /ERR/LOKO/0x00000002
11:51:55.765  INFO     RX        /ERR/LOKO/0x00000002
11:51:55.782  INFO     RX        /ERR/LOKO/0x00000002
11:51:55.798  INFO     RX        /ERR/LOKO/0x00000002
11:51:55.813  INFO     RX        /ERR/LOKO/0x00000002
11:51:55.813  INFO     RX        /ERR/LOKO/0x00000002
11:51:55.830  INFO     RX        /ERR/LOKO/0x00000002
11:51:55.846  INFO     RX        /ERR/LOKO/0x00000002
11:51:55.846  INFO     RX        /ERR/LOKO/0x00000002
11:51:55.862  INFO     RX        /ERR/LOKO/0x00000002
11:51:55.878  INFO     RX        /ERR/LOKO/0x00000002
11:51:55.895  INFO     RX        /ERR/LOKO/0x00000002
11:51:55.895  INFO     RX        /ERR/LOKO/0x00000002
11:51:55.910  INFO     RX        /ERR/LOKO/0x00000002
11:51:55.927  INFO     RX        /ERR/LOKO/0x00000002
11:51:55.927  INFO     RX        /ERR/LOKO/0x00000002
11:51:55.944  INFO     RX        /ERR/LOKO/0x00000002
11:51:55.960  INFO     RX        /ERR/LOKO/0x00000002
11:51:55.974  INFO     RX        /ERR/LOKO/0x00000002
11:51:55.974  INFO     RX        /ERR/LOKO/0x00000002
11:51:55.991  INFO     RX        /ERR/LOKO/0x00000002
11:51:56.007  INFO     RX        /ERR/LOKO/0x00000002
11:51:56.023  INFO     RX        /ERR/LOKO/0x00000002
11:51:56.023  INFO     RX        /ERR/LOKO/0x00000002
11:51:56.041  INFO     RX        /ERR/LOKO/0x00000002
11:51:56.180  DEBUG    TX /CONTROLL/0,0,0,0,0,0,0,0,0
11:51:56.264  INFO     RX        /ERR/LOKO/0x00000002
11:51:56.264  INFO     RX        /ERR/LOKO/0x00000002
11:51:56.279  INFO     RX        /ERR/LOKO/0x00000002
11:51:56.296  INFO     RX        /ERR/LOKO/0x00000002
11:51:56.311  INFO     RX        /ERR/LOKO/0x00000002
11:51:56.312  INFO     RX        /ERR/LOKO/0x00000002
11:51:56.328  INFO     RX        /ERR/LOKO/0x00000002
11:51:56.344  INFO     RX        /ERR/LOKO/0x00000002
11:51:56.344  INFO     RX        /ERR/LOKO/0x00000002
11:51:56.361  INFO     RX        /ERR/LOKO/0x00000002
11:51:56.376  INFO     RX        /ERR/LOKO/0x00000002
11:51:56.394  INFO     RX        /ERR/LOKO/0x00000002
11:51:56.394  INFO     RX        /ERR/LOKO/0x00000002
11:51:56.408  INFO     RX        /ERR/LOKO/0x00000002
11:51:56.424  INFO     RX        /ERR/LOKO/0x00000002
11:51:56.441  INFO     RX        /ERR/LOKO/0x00000002
11:51:56.584  INFO     RX        /ERR/LOKO/0x00000002
11:51:56.600  INFO     RX        /ERR/LOKO/0x00000002
11:51:56.600  INFO     RX        /ERR/LOKO/0x00000002
11:51:56.617  INFO     RX        /ERR/LOKO/0x00000002
11:51:56.632  INFO     RX        /ERR/LOKO/0x00000002
11:51:56.649  INFO     RX        /ERR/LOKO/0x00000002
11:51:56.649  INFO     RX        /ERR/LOKO/0x00000002
11:51:56.667  INFO     RX        /ERR/LOKO/0x00000002
11:51:56.680  INFO     RX        /ERR/LOKO/0x00000002
11:51:56.680  INFO     RX        /ERR/LOKO/0x00000002
11:51:56.697  INFO     RX        /ERR/LOKO/0x00000002
11:51:56.713  INFO     RX        /ERR/LOKO/0x00000002
11:51:56.729  INFO     RX        /ERR/LOKO/0x00000002
11:51:56.729  INFO     RX        /ERR/LOKO/0x00000002
11:51:56.745  INFO     RX        /ERR/LOKO/0x00000002
11:51:56.764  INFO     RX        /ERR/LOKO/0x00000002
11:51:56.874  INFO     RX        /ERR/LOKO/0x00000002
11:51:56.890  INFO     RX        /ERR/LOKO/0x00000002
11:51:56.890  INFO     RX        /ERR/LOKO/0x00000002
11:51:56.906  INFO     RX        /ERR/LOKO/0x00000002
11:51:56.922  INFO     RX        /ERR/LOKO/0x00000002
11:51:56.939  INFO     RX        /ERR/LOKO/0x00000002
11:51:56.939  INFO     RX        /ERR/LOKO/0x00000002
11:51:56.955  INFO     RX        /ERR/LOKO/0x00000002
11:51:56.971  INFO     RX        /ERR/LOKO/0x00000002
11:51:56.971  INFO     RX        /ERR/LOKO/0x00000002
11:51:56.985  DEBUG    TX /CONTROLL/0,0,0,0,0,0,0,0,0
11:51:56.988  INFO     RX        /ERR/LOKO/0x00000002
11:51:57.004  INFO     RX        /ERR/LOKO/0x00000002
11:51:57.327  INFO     RX        /ERR/LOKO/0x00000002
11:51:57.328  INFO     RX        /ERR/LOKO/0x00000002
11:51:57.344  INFO     RX        /ERR/LOKO/0x00000002
11:51:57.360  INFO     RX        /ERR/LOKO/0x00000002
11:51:57.378  INFO     RX        /ERR/LOKO/0x00000002
11:51:57.378  INFO     RX        /ERR/LOKO/0x00000002
11:51:57.393  INFO     RX        /ERR/LOKO/0x00000002
11:51:57.408  INFO     RX        /ERR/LOKO/0x00000002
11:51:57.424  INFO     RX        /ERR/LOKO/0x00000002
11:51:57.424  INFO     RX        /ERR/LOKO/0x00000002
11:51:57.442  INFO     RX        /ERR/LOKO/0x00000002
11:51:57.456  INFO     RX        /ERR/LOKO/0x00000002
11:51:57.471  INFO     RX        /ERR/LOKO/0x00000002
11:51:57.472  INFO     RX        /ERR/LOKO/0x00000002
11:51:57.487  INFO     RX        /ERR/LOKO/0x00000002
11:51:57.503  INFO     RX        /ERR/LOKO/0x00000002
11:51:57.504  INFO     RX        /ERR/LOKO/0x00000002
11:51:57.520  INFO     RX        /ERR/LOKO/0x00000002
11:51:57.713  INFO     RX        /ERR/LOKO/0x00000002
11:51:57.713  INFO     RX        /ERR/LOKO/0x00000002
11:51:57.729  INFO     RX        /ERR/LOKO/0x00000002
11:51:57.744  INFO     RX        /ERR/LOKO/0x00000002
11:51:57.761  INFO     RX        /ERR/LOKO/0x00000002
11:51:57.761  INFO     RX        /ERR/LOKO/0x00000002
11:51:57.776  INFO     RX        /ERR/LOKO/0x00000002
11:51:57.790  DEBUG    TX /CONTROLL/0,0,0,0,0,0,0,0,2
11:51:57.795  INFO     RX        /ERR/LOKO/0x00000002
11:51:57.795  INFO     RX        /ERR/LOKO/0x00000002
11:51:57.810  INFO     RX        /ERR/LOKO/0x00000002
11:51:57.825  INFO     RX        /ERR/LOKO/0x00000002
11:51:57.929  INFO     RX        /ERR/LOKO/0x00000002
11:51:57.930  INFO     RX        /ERR/LOKO/0x00000002
11:51:57.930  INFO     RX        /ERR/LOKO/0x00000002
11:51:57.930  INFO     RX        /ERR/LOKO/0x00000002
11:51:57.930  INFO     RX        /ERR/LOKO/0x00000002
11:51:57.930  INFO     RX        /ERR/LOKO/0x00000002
11:51:57.930  INFO     RX        /ERR/LOKO/0x00000002
11:51:57.930  INFO     RX        /ERR/LOKO/0x00000002
11:51:57.930  INFO     RX        /ERR/LOKO/0x00000002
11:51:57.932  INFO     RX        /ERR/LOKO/0x00000002
11:51:57.954  INFO     RX        /ERR/LOKO/0x00000002
11:51:58.115  INFO     RX        /ERR/LOKO/0x00000002
11:51:58.130  INFO     RX        /ERR/LOKO/0x00000002
11:51:58.130  INFO     RX        /ERR/LOKO/0x00000002
11:51:58.147  INFO     RX        /ERR/LOKO/0x00000002
11:51:58.162  INFO     RX        /ERR/LOKO/0x00000002
11:51:58.162  INFO     RX        /ERR/LOKO/0x00000002
11:51:58.179  INFO     RX        /ERR/LOKO/0x00000002
11:51:58.195  INFO     RX        /ERR/LOKO/0x00000002
11:51:58.211  INFO     RX        /ERR/LOKO/0x00000002
11:51:58.211  INFO     RX        /ERR/LOKO/0x00000002
11:51:58.228  INFO     RX        /ERR/LOKO/0x00000002
11:51:58.245  INFO     RX        /ERR/LOKO/0x00000002
11:51:58.245  INFO     RX        /ERR/LOKO/0x00000002
11:51:58.262  INFO     RX        /ERR/LOKO/0x00000002
11:51:58.276  INFO     RX        /ERR/LOKO/0x00000002
11:51:58.292  INFO     RX        /ERR/LOKO/0x00000002
11:51:58.292  INFO     RX        /ERR/LOKO/0x00000002
11:51:58.308  INFO     RX        /ERR/LOKO/0x00000002
11:51:58.534  INFO     RX        /ERR/LOKO/0x00000002
11:51:58.549  INFO     RX        /ERR/LOKO/0x00000002
11:51:58.566  INFO     RX        /ERR/LOKO/0x00000002
11:51:58.581  INFO     RX        /ERR/LOKO/0x00000002
11:51:58.581  INFO     RX        /ERR/LOKO/0x00000002
11:51:58.595  DEBUG    TX /CONTROLL/0,0,0,0,0,0,0,0,2
11:51:58.598  INFO     RX        /ERR/LOKO/0x00000002
11:51:58.614  INFO     RX        /ERR/LOKO/0x00000002
11:51:58.630  INFO     RX        /ERR/LOKO/0x00000002
11:51:58.630  INFO     RX        /ERR/LOKO/0x00000002
11:51:58.646  INFO     RX        /ERR/LOKO/0x00000002
11:51:58.664  INFO     RX        /ERR/LOKO/0x00000002
11:51:58.664  INFO     RX        /ERR/LOKO/0x00000002
11:51:58.679  INFO     RX        /ERR/LOKO/0x00000002
11:51:58.696  INFO     RX        /ERR/LOKO/0x00000002
11:51:58.712  INFO     RX        /ERR/LOKO/0x00000002
11:51:58.712  INFO     RX        /ERR/LOKO/0x00000002
11:51:58.729  INFO     RX        /ERR/LOKO/0x00000002
11:51:58.744  INFO     RX        /ERR/LOKO/0x00000002
11:51:59.066  INFO     RX        /ERR/LOKO/0x00000002
11:51:59.066  INFO     RX        /ERR/LOKO/0x00000002
11:51:59.082  INFO     RX        /ERR/LOKO/0x00000002
11:51:59.098  INFO     RX        /ERR/LOKO/0x00000002
11:51:59.115  INFO     RX        /ERR/LOKO/0x00000002
11:51:59.115  INFO     RX        /ERR/LOKO/0x00000002
11:51:59.130  INFO     RX        /ERR/LOKO/0x00000002
11:51:59.147  INFO     RX        /ERR/LOKO/0x00000002
11:51:59.147  INFO     RX        /ERR/LOKO/0x00000002
11:51:59.163  INFO     RX        /ERR/LOKO/0x00000002
11:51:59.179  INFO     RX        /ERR/LOKO/0x00000002
11:51:59.196  INFO     RX        /ERR/LOKO/0x00000002
11:51:59.196  INFO     RX        /ERR/LOKO/0x00000002
11:51:59.211  INFO     RX        /ERR/LOKO/0x00000002
11:51:59.227  INFO     RX        /ERR/LOKO/0x00000002
11:51:59.243  INFO     RX        /ERR/LOKO/0x00000002
11:51:59.243  INFO     RX        /ERR/LOKO/0x00000002
11:51:59.259  INFO     RX        /ERR/LOKO/0x00000002
11:51:59.284  INFO     RX        /ERR/LOKO/0x00000002
11:51:59.400  DEBUG    TX /CONTROLL/0,0,0,0,0,0,0,0,0
11:51:59.467  INFO     RX        /ERR/LOKO/0x00000002
11:51:59.484  INFO     RX        /ERR/LOKO/0x00000002
11:51:59.484  INFO     RX        /ERR/LOKO/0x00000002
11:51:59.500  INFO     RX        /ERR/LOKO/0x00000002
11:51:59.517  INFO     RX        /ERR/LOKO/0x00000002
11:51:59.517  INFO     RX        /ERR/LOKO/0x00000002
11:51:59.532  INFO     RX        /ERR/LOKO/0x00000002
11:51:59.548  INFO     RX        /ERR/LOKO/0x00000002
11:51:59.563  INFO     RX        /ERR/LOKO/0x00000002
11:51:59.563  INFO     RX        /ERR/LOKO/0x00000002
11:51:59.580  INFO     RX        /ERR/LOKO/0x00000002
11:51:59.597  INFO     RX        /ERR/LOKO/0x00000002
11:51:59.613  INFO     RX        /ERR/LOKO/0x00000002
11:51:59.613  INFO     RX        /ERR/LOKO/0x00000002
11:51:59.629  INFO     RX        /ERR/LOKO/0x00000002
11:51:59.645  INFO     RX        /ERR/LOKO/0x00000002
11:51:59.774  INFO     RX        /ERR/LOKO/0x00000002
11:51:59.774  INFO     RX        /ERR/LOKO/0x00000002
11:51:59.790  INFO     RX        /ERR/LOKO/0x00000002
11:51:59.806  INFO     RX        /ERR/LOKO/0x00000002
11:51:59.806  INFO     RX        /ERR/LOKO/0x00000002
11:51:59.822  INFO     RX        /ERR/LOKO/0x00000002
11:51:59.838  INFO     RX        /ERR/LOKO/0x00000002
11:51:59.855  INFO     RX        /ERR/LOKO/0x00000002
11:51:59.855  INFO     RX        /ERR/LOKO/0x00000002
11:51:59.874  INFO     RX        /ERR/LOKO/0x00000002
11:51:59.887  INFO     RX        /ERR/LOKO/0x00000002
11:51:59.905  INFO     RX        /ERR/LOKO/0x00000002
11:51:59.905  INFO     RX        /ERR/LOKO/0x00000002
11:51:59.921  INFO     RX        /ERR/LOKO/0x00000002
11:51:59.937  INFO     RX        /ERR/LOKO/0x00000002
11:52:00.018  INFO     RX        /ERR/LOKO/0x00000002
11:52:00.018  INFO     RX        /ERR/LOKO/0x00000002
11:52:00.034  INFO     RX        /ERR/LOKO/0x00000002
11:52:00.050  INFO     RX        /ERR/LOKO/0x00000002
11:52:00.066  INFO     RX        /ERR/LOKO/0x00000002
11:52:00.067  INFO     RX        /ERR/LOKO/0x00000002
11:52:00.082  INFO     RX        /ERR/LOKO/0x00000002
11:52:00.099  INFO     RX        /ERR/LOKO/0x00000002
11:52:00.099  INFO     RX        /ERR/LOKO/0x00000002
11:52:00.115  INFO     RX        /ERR/LOKO/0x00000002
11:52:00.131  INFO     RX        /ERR/LOKO/0x00000002
11:52:00.208  DEBUG    TX /CONTROLL/0,0,0,0,0,0,0,0,2
11:52:00.227  INFO     RX        /ERR/LOKO/0x00000002
11:52:00.227  INFO     RX        /ERR/LOKO/0x00000002
11:52:00.244  INFO     RX        /ERR/LOKO/0x00000002
11:52:00.259  INFO     RX        /ERR/LOKO/0x00000002
11:52:00.274  INFO     RX        /ERR/LOKO/0x00000002
11:52:00.274  INFO     RX        /ERR/LOKO/0x00000002
11:52:00.290  INFO     RX        /ERR/LOKO/0x00000002
11:52:00.306  INFO     RX        /ERR/LOKO/0x00000002
11:52:00.323  INFO     RX        /ERR/LOKO/0x00000002
11:52:00.323  INFO     RX        /ERR/LOKO/0x00000002
11:52:00.482  INFO     RX        /ERR/LOKO/0x00000002
11:52:00.482  INFO     RX        /ERR/LOKO/0x00000002
11:52:00.482  INFO     RX        /ERR/LOKO/0x00000002
11:52:00.482  INFO     RX        /ERR/LOKO/0x00000002
11:52:00.482  INFO     RX        /ERR/LOKO/0x00000002
11:52:00.482  INFO     RX        /ERR/LOKO/0x00000002
11:52:00.482  INFO     RX        /ERR/LOKO/0x00000002
11:52:00.485  INFO     RX        /ERR/LOKO/0x00000002
11:52:00.485  INFO     RX        /ERR/LOKO/0x00000002
11:52:00.493  INFO     RX        /ERR/LOKO/0x00000002
11:52:00.515  INFO     RX        /ERR/LOKO/0x00000002
11:52:01.010  DEBUG    TX /CONTROLL/0,0,0,0,0,0,0,0,0
11:52:01.705  INFO     RX        /ERR/LOKO/0x00000002
11:52:01.705  INFO     RX        /ERR/LOKO/0x00000002
11:52:01.720  INFO     RX        /ERR/LOKO/0x00000002
11:52:01.736  INFO     RX        /ERR/LOKO/0x00000002
11:52:01.753  INFO     RX        /ERR/LOKO/0x00000002
11:52:01.768  INFO     RX        /ERR/LOKO/0x00000002
11:52:01.768  INFO     RX        /ERR/LOKO/0x00000002
11:52:01.784  INFO     RX        /ERR/LOKO/0x00000002
11:52:01.800  INFO     RX        /ERR/LOKO/0x00000002
11:52:01.800  INFO     RX        /ERR/LOKO/0x00000002
11:52:01.813  DEBUG    TX /CONTROLL/0,0,0,-20,0,0,0,0,0
11:52:01.816  INFO     RX        /ERR/LOKO/0x00000002
11:52:01.831  INFO     RX        /ERR/LOKO/0x00000002
11:52:01.848  INFO     RX        /ERR/LOKO/0x00000002
11:52:01.848  INFO     RX        /ERR/LOKO/0x00000002
11:52:01.864  INFO     RX        /ERR/LOKO/0x00000002
11:52:01.880  INFO     RX        /ERR/LOKO/0x00000002
11:52:01.895  INFO     RX        /ERR/LOKO/0x00000002
11:52:01.895  INFO     RX        /ERR/LOKO/0x00000002
11:52:01.911  INFO     RX        /ERR/LOKO/0x00000002
11:52:01.927  INFO     RX        /ERR/LOKO/0x00000002
11:52:01.944  INFO     RX        /ERR/LOKO/0x00000002
11:52:01.944  INFO     RX        /ERR/LOKO/0x00000002
11:52:01.959  INFO     RX        /ERR/LOKO/0x00000002
11:52:01.976  INFO     RX        /ERR/LOKO/0x00000002
11:52:01.976  INFO     RX        /ERR/LOKO/0x00000002
11:52:01.996  INFO     RX        /ERR/LOKO/0x00000002
11:52:02.008  INFO     RX        /ERR/LOKO/0x00000002
11:52:02.023  INFO     RX        /ERR/LOKO/0x00000002
11:52:02.023  INFO     RX        /ERR/LOKO/0x00000002
11:52:02.039  INFO     RX        /ERR/LOKO/0x00000002
11:52:02.056  INFO     RX        /ERR/LOKO/0x00000002
11:52:02.073  INFO     RX        /ERR/LOKO/0x00000002
11:52:02.073  INFO     RX        /ERR/LOKO/0x00000002
11:52:02.088  INFO     RX        /ERR/LOKO/0x00000002
11:52:02.104  INFO     RX        /ERR/LOKO/0x00000002
11:52:02.120  INFO     RX        /ERR/LOKO/0x00000002
11:52:02.120  INFO     RX        /ERR/LOKO/0x00000002
11:52:02.136  INFO     RX        /ERR/LOKO/0x00000002
11:52:02.153  INFO     RX        /ERR/LOKO/0x00000002
11:52:02.153  INFO     RX        /ERR/LOKO/0x00000002
11:52:02.169  INFO     RX        /ERR/LOKO/0x00000002
11:52:02.185  INFO     RX        /ERR/LOKO/0x00000002
11:52:02.201  INFO     RX        /ERR/LOKO/0x00000002
11:52:02.201  INFO     RX        /ERR/LOKO/0x00000002
11:52:02.218  INFO     RX        /ERR/LOKO/0x00000002
11:52:02.233  INFO     RX        /ERR/LOKO/0x00000002
11:52:02.249  INFO     RX        /ERR/LOKO/0x00000002
11:52:02.249  INFO     RX        /ERR/LOKO/0x00000002
11:52:02.265  INFO     RX        /ERR/LOKO/0x00000002
11:52:02.280  INFO     RX        /ERR/LOKO/0x00000002
11:52:02.297  INFO     RX        /ERR/LOKO/0x00000002
11:52:02.297  INFO     RX        /ERR/LOKO/0x00000002
11:52:02.313  INFO     RX        /ERR/LOKO/0x00000002
11:52:02.329  INFO     RX        /ERR/LOKO/0x00000002
11:52:02.349  INFO     RX        /ERR/LOKO/0x00000002
11:52:02.349  INFO     RX        /ERR/LOKO/0x00000002
11:52:02.361  INFO     RX        /ERR/LOKO/0x00000002
11:52:02.378  INFO     RX        /ERR/LOKO/0x00000002
11:52:02.378  INFO     RX        /ERR/LOKO/0x00000002
11:52:02.397  INFO     RX        /ERR/LOKO/0x00000002
11:52:02.410  INFO     RX        /ERR/LOKO/0x00000002
11:52:02.615  DEBUG    TX /CONTROLL/0,0,0,0,0,0,0,0,0
11:52:03.020  INFO     RX        /ERR/LOKO/0x00000002
11:52:03.036  INFO     RX        /ERR/LOKO/0x00000002
11:52:03.052  INFO     RX        /ERR/LOKO/0x00000002
11:52:03.052  INFO     RX        /ERR/LOKO/0x00000002
11:52:03.068  INFO     RX        /ERR/LOKO/0x00000002
11:52:03.084  INFO     RX        /ERR/LOKO/0x00000002
11:52:03.100  INFO     RX        /ERR/LOKO/0x00000002
11:52:03.100  INFO     RX        /ERR/LOKO/0x00000002
11:52:03.116  INFO     RX        /ERR/LOKO/0x00000002
11:52:03.132  INFO     RX        /ERR/LOKO/0x00000002
11:52:03.148  INFO     RX        /ERR/LOKO/0x00000002
11:52:03.164  INFO     RX        /ERR/LOKO/0x00000002
11:52:03.164  INFO     RX        /ERR/LOKO/0x00000002
11:52:03.228  INFO     RX        /ERR/LOKO/0x00000002
11:52:03.245  INFO     RX        /ERR/LOKO/0x00000002
11:52:03.245  INFO     RX        /ERR/LOKO/0x00000002
11:52:03.261  INFO     RX        /ERR/LOKO/0x00000002
11:52:03.278  INFO     RX        /ERR/LOKO/0x00000002
11:52:03.293  INFO     RX        /ERR/LOKO/0x00000002
11:52:03.293  INFO     RX        /ERR/LOKO/0x00000002
11:52:03.310  INFO     RX        /ERR/LOKO/0x00000002
11:52:03.324  INFO     RX        /ERR/LOKO/0x00000002
11:52:03.324  INFO     RX        /ERR/LOKO/0x00000002
11:52:03.341  INFO     RX        /ERR/LOKO/0x00000002
11:52:03.357  INFO     RX        /ERR/LOKO/0x00000002
11:52:03.373  INFO     RX        /ERR/LOKO/0x00000002
11:52:03.373  INFO     RX        /ERR/LOKO/0x00000002
11:52:03.388  INFO     RX        /ERR/LOKO/0x00000002
11:52:03.404  INFO     RX        /ERR/LOKO/0x00000002
11:52:03.418  DEBUG    TX /CONTROLL/0,0,0,33,0,0,0,0,0
11:52:03.420  INFO     RX        /ERR/LOKO/0x00000002
11:52:03.420  INFO     RX        /ERR/LOKO/0x00000002
11:52:03.437  INFO     RX        /ERR/LOKO/0x00000002
11:52:03.453  INFO     RX        /ERR/LOKO/0x00000002
11:52:03.470  INFO     RX        /ERR/LOKO/0x00000002
11:52:03.470  INFO     RX        /ERR/LOKO/0x00000002
11:52:04.221  DEBUG    TX /CONTROLL/0,0,0,0,0,0,0,0,0
11:52:05.027  DEBUG    TX /CONTROLL/0,0,0,0,0,0,1,0,0
11:52:05.833  DEBUG    TX /CONTROLL/0,0,0,0,0,0,0,0,0
11:52:06.638  DEBUG    TX /CONTROLL/0,0,0,0,0,0,1,0,0
11:52:07.438  DEBUG    TX /CONTROLL/0,0,0,0,0,0,0,0,0
11:52:08.241  DEBUG    TX /CONTROLL/0,0,0,0,0,0,0,0,0
11:52:09.045  DEBUG    TX /CONTROLL/0,0,0,0,0,0,0,0,0
11:52:09.854  DEBUG    TX /CONTROLL/0,0,0,0,0,0,0,0,0
11:52:10.659  DEBUG    TX /CONTROLL/0,0,0,0,0,0,0,0,0
11:52:11.463  DEBUG    TX /CONTROLL/0,0,0,0,0,0,0,0,0
11:52:11.644  INFO     RX        /ERR/LOKO/0x00000002
11:52:11.644  INFO     RX        /ERR/LOKO/0x00000002
11:52:11.659  INFO     RX        /ERR/LOKO/0x00000002
11:52:11.676  INFO     RX        /ERR/LOKO/0x00000002
11:52:11.676  INFO     RX        /ERR/LOKO/0x00000002
11:52:11.692  INFO     RX        /ERR/LOKO/0x00000002
11:52:11.707  INFO     RX        /ERR/LOKO/0x00000002
11:52:11.723  INFO     RX        /ERR/LOKO/0x00000002
11:52:11.723  INFO     RX        /ERR/LOKO/0x00000002
11:52:11.740  INFO     RX        /ERR/LOKO/0x00000002
11:52:12.062  INFO     RX        /ERR/LOKO/0x00000002
11:52:12.062  INFO     RX        /ERR/LOKO/0x00000002
11:52:12.078  INFO     RX        /ERR/LOKO/0x00000002
11:52:12.094  INFO     RX        /ERR/LOKO/0x00000002
11:52:12.094  INFO     RX        /ERR/LOKO/0x00000002
11:52:12.109  INFO     RX        /ERR/LOKO/0x00000002
11:52:12.125  INFO     RX        /ERR/LOKO/0x00000002
11:52:12.142  INFO     RX        /ERR/LOKO/0x00000002
11:52:12.142  INFO     RX        /ERR/LOKO/0x00000002
11:52:12.158  INFO     RX        /ERR/LOKO/0x00000002
11:52:12.174  INFO     RX        /ERR/LOKO/0x00000002
11:52:12.192  INFO     RX        /ERR/LOKO/0x00000002
11:52:12.192  INFO     RX        /ERR/LOKO/0x00000002
11:52:12.206  INFO     RX        /ERR/LOKO/0x00000002
11:52:12.268  DEBUG    TX /CONTROLL/0,0,0,-22,0,0,0,0,0
11:52:12.561  INFO     RX        /ERR/LOKO/0x00000002
11:52:12.577  INFO     RX        /ERR/LOKO/0x00000002
11:52:12.593  INFO     RX        /ERR/LOKO/0x00000002
11:52:12.593  INFO     RX        /ERR/LOKO/0x00000002
11:52:12.611  INFO     RX        /ERR/LOKO/0x00000002
11:52:12.626  INFO     RX        /ERR/LOKO/0x00000002
11:52:12.642  INFO     RX        /ERR/LOKO/0x00000002
11:52:12.642  INFO     RX        /ERR/LOKO/0x00000002
11:52:12.662  INFO     RX        /ERR/LOKO/0x00000002
11:52:12.676  INFO     RX        /ERR/LOKO/0x00000002
11:52:12.676  INFO     RX        /ERR/LOKO/0x00000002
11:52:12.690  INFO     RX        /ERR/LOKO/0x00000002
11:52:12.707  INFO     RX        /ERR/LOKO/0x00000002
11:52:12.722  INFO     RX        /ERR/LOKO/0x00000002
11:52:12.722  INFO     RX        /ERR/LOKO/0x00000002
11:52:12.739  INFO     RX        /ERR/LOKO/0x00000002
11:52:12.754  INFO     RX        /ERR/LOKO/0x00000002
11:52:12.770  INFO     RX        /ERR/LOKO/0x00000002
11:52:12.770  INFO     RX        /ERR/LOKO/0x00000002
11:52:12.787  INFO     RX        /ERR/LOKO/0x00000002
11:52:12.803  INFO     RX        /ERR/LOKO/0x00000002
11:52:12.820  INFO     RX        /ERR/LOKO/0x00000002
11:52:12.820  INFO     RX        /ERR/LOKO/0x00000002
11:52:12.836  INFO     RX        /ERR/LOKO/0x00000002
11:52:12.853  INFO     RX        /ERR/LOKO/0x00000002
11:52:13.013  INFO     RX        /ERR/LOKO/0x00000002
11:52:13.074  DEBUG    TX /CONTROLL/0,0,0,-22,0,0,0,0,0
11:52:13.131  INFO     RX        /ERR/LOKO/0x00000002
11:52:13.131  INFO     RX        /ERR/LOKO/0x00000002
11:52:13.131  INFO     RX        /ERR/LOKO/0x00000002
11:52:13.131  INFO     RX        /ERR/LOKO/0x00000002
11:52:13.131  INFO     RX        /ERR/LOKO/0x00000002
11:52:13.131  INFO     RX        /ERR/LOKO/0x00000002
11:52:13.131  INFO     RX        /ERR/LOKO/0x00000002
11:52:13.135  INFO     RX        /ERR/LOKO/0x00000002
11:52:13.135  INFO     RX        /ERR/LOKO/0x00000002
11:52:13.135  INFO     RX        /ERR/LOKO/0x00000002
11:52:13.141  INFO     RX        /ERR/LOKO/0x00000002
11:52:13.157  INFO     RX        /ERR/LOKO/0x00000002
11:52:13.174  INFO     RX        /ERR/LOKO/0x00000002
11:52:13.190  INFO     RX        /ERR/LOKO/0x00000002
11:52:13.190  INFO     RX        /ERR/LOKO/0x00000002
11:52:13.206  INFO     RX        /ERR/LOKO/0x00000002
11:52:13.221  INFO     RX        /ERR/LOKO/0x00000002
11:52:13.238  INFO     RX        /ERR/LOKO/0x00000002
11:52:13.238  INFO     RX        /ERR/LOKO/0x00000002
11:52:13.257  INFO     RX        /ERR/LOKO/0x00000002
11:52:13.270  INFO     RX        /ERR/LOKO/0x00000002
11:52:13.286  INFO     RX        /ERR/LOKO/0x00000002
11:52:13.286  INFO     RX        /ERR/LOKO/0x00000002
11:52:13.302  INFO     RX        /ERR/LOKO/0x00000002
11:52:13.398  INFO     RX        /ERR/LOKO/0x00000002
11:52:13.398  INFO     RX        /ERR/LOKO/0x00000002
11:52:13.415  INFO     RX        /ERR/LOKO/0x00000002
11:52:13.431  INFO     RX        /ERR/LOKO/0x00000002
11:52:13.447  INFO     RX        /ERR/LOKO/0x00000002
11:52:13.447  INFO     RX        /ERR/LOKO/0x00000002
11:52:13.464  INFO     RX        /ERR/LOKO/0x00000002
11:52:13.481  INFO     RX        /ERR/LOKO/0x00000002
11:52:13.659  INFO     RX        /ERR/LOKO/0x00000002
11:52:13.676  INFO     RX        /ERR/LOKO/0x00000002
11:52:13.691  INFO     RX        /ERR/LOKO/0x00000002
11:52:13.691  INFO     RX        /ERR/LOKO/0x00000002
11:52:13.707  INFO     RX        /ERR/LOKO/0x00000002
11:52:13.725  INFO     RX        /ERR/LOKO/0x00000002
11:52:13.739  INFO     RX        /ERR/LOKO/0x00000002
11:52:13.882  DEBUG    TX /CONTROLL/0,0,0,-45,0,0,0,0,0
11:52:13.918  INFO     RX        /ERR/LOKO/0x00000002
11:52:13.932  INFO     RX        /ERR/LOKO/0x00000002
11:52:13.948  INFO     RX        /ERR/LOKO/0x00000002
11:52:13.948  INFO     RX        /ERR/LOKO/0x00000002
11:52:13.965  INFO     RX        /ERR/LOKO/0x00000002
11:52:13.981  INFO     RX        /ERR/LOKO/0x00000002
11:52:13.981  INFO     RX        /ERR/LOKO/0x00000002
11:52:13.997  INFO     RX        /ERR/LOKO/0x00000002
11:52:14.012  INFO     RX        /ERR/LOKO/0x00000002
11:52:14.029  INFO     RX        /ERR/LOKO/0x00000002
11:52:14.029  INFO     RX        /ERR/LOKO/0x00000002
11:52:14.045  INFO     RX        /ERR/LOKO/0x00000002
11:52:14.141  INFO     RX        /ERR/LOKO/0x00000002
11:52:14.158  INFO     RX        /ERR/LOKO/0x00000002
11:52:14.158  INFO     RX        /ERR/LOKO/0x00000002
11:52:14.174  INFO     RX        /ERR/LOKO/0x00000002
11:52:14.190  INFO     RX        /ERR/LOKO/0x00000002
11:52:14.206  INFO     RX        /ERR/LOKO/0x00000002
11:52:14.207  INFO     RX        /ERR/LOKO/0x00000002
11:52:14.222  INFO     RX        /ERR/LOKO/0x00000002
11:52:14.239  INFO     RX        /ERR/LOKO/0x00000002
11:52:14.239  INFO     RX        /ERR/LOKO/0x00000002
11:52:14.256  INFO     RX        /ERR/LOKO/0x00000002
11:52:14.272  INFO     RX        /ERR/LOKO/0x00000002
11:52:14.320  INFO     RX        /ERR/LOKO/0x00000002
11:52:14.336  INFO     RX        /ERR/LOKO/0x00000002
11:52:14.352  INFO     RX        /ERR/LOKO/0x00000002
11:52:14.368  INFO     RX        /ERR/LOKO/0x00000002
11:52:14.368  INFO     RX        /ERR/LOKO/0x00000002
11:52:14.384  INFO     RX        /ERR/LOKO/0x00000002
11:52:14.546  INFO     RX        /ERR/LOKO/0x00000002
11:52:14.561  INFO     RX        /ERR/LOKO/0x00000002
11:52:14.578  INFO     RX        /ERR/LOKO/0x00000002
11:52:14.578  INFO     RX        /ERR/LOKO/0x00000002
11:52:14.594  INFO     RX        /ERR/LOKO/0x00000002
11:52:14.610  INFO     RX        /ERR/LOKO/0x00000002
11:52:14.687  DEBUG    TX /CONTROLL/0,0,0,-46,0,0,0,0,0
11:52:14.786  INFO     RX        /ERR/LOKO/0x00000002
11:52:14.802  INFO     RX        /ERR/LOKO/0x00000002
11:52:14.819  INFO     RX        /ERR/LOKO/0x00000002
11:52:14.835  INFO     RX        /ERR/LOKO/0x00000002
11:52:14.835  INFO     RX        /ERR/LOKO/0x00000002
11:52:14.851  INFO     RX        /ERR/LOKO/0x00000002
11:52:14.867  INFO     RX        /ERR/LOKO/0x00000002
11:52:14.867  INFO     RX        /ERR/LOKO/0x00000002
11:52:14.883  INFO     RX        /ERR/LOKO/0x00000002
11:52:14.899  INFO     RX        /ERR/LOKO/0x00000002
11:52:14.915  INFO     RX        /ERR/LOKO/0x00000002
11:52:14.915  INFO     RX        /ERR/LOKO/0x00000002
11:52:14.997  INFO     RX        /ERR/LOKO/0x00000002
11:52:15.013  INFO     RX        /ERR/LOKO/0x00000002
11:52:15.029  INFO     RX        /ERR/LOKO/0x00000002
11:52:15.045  INFO     RX        /ERR/LOKO/0x00000002
11:52:15.045  INFO     RX        /ERR/LOKO/0x00000002
11:52:15.061  INFO     RX        /ERR/LOKO/0x00000002
11:52:15.077  INFO     RX        /ERR/LOKO/0x00000002
11:52:15.077  INFO     RX        /ERR/LOKO/0x00000002
11:52:15.093  INFO     RX        /ERR/LOKO/0x00000002
11:52:15.109  INFO     RX        /ERR/LOKO/0x00000002
11:52:15.125  INFO     RX        /ERR/LOKO/0x00000002
11:52:15.125  INFO     RX        /ERR/LOKO/0x00000002
11:52:15.215  INFO     RX        /ERR/LOKO/0x00000002
11:52:15.215  INFO     RX        /ERR/LOKO/0x00000002
11:52:15.223  INFO     RX        /ERR/LOKO/0x00000002
11:52:15.239  INFO     RX        /ERR/LOKO/0x00000002
11:52:15.255  INFO     RX        /ERR/LOKO/0x00000002
11:52:15.496  DEBUG    TX /CONTROLL/0,0,0,0,0,0,0,0,0
11:52:16.303  DEBUG    TX /CONTROLL/0,0,0,0,0,0,0,0,0
11:52:17.109  DEBUG    TX /CONTROLL/0,0,0,0,0,0,0,0,0
11:52:17.914  DEBUG    TX /CONTROLL/0,0,0,0,0,0,0,0,0
11:52:18.719  DEBUG    TX /CONTROLL/0,0,0,0,0,0,0,0,0
11:52:19.521  DEBUG    TX /CONTROLL/0,0,0,0,0,0,0,0,32
11:52:20.327  DEBUG    TX /CONTROLL/0,0,0,0,0,0,0,0,0
11:52:21.133  DEBUG    TX /CONTROLL/0,0,0,0,0,0,0,0,0
11:52:21.939  DEBUG    TX /CONTROLL/0,0,0,0,0,0,0,0,0
11:52:22.745  DEBUG    TX /CONTROLL/0,0,0,0,0,0,0,0,0
11:52:23.550  DEBUG    TX /CONTROLL/0,0,0,0,0,0,0,0,0
11:52:24.359  DEBUG    TX /CONTROLL/0,0,0,0,0,0,0,0,0
11:52:25.162  DEBUG    TX /CONTROLL/0,0,0,0,0,0,0,0,0
11:52:25.966  DEBUG    TX /CONTROLL/0,0,0,0,0,0,0,0,0
11:52:26.769  DEBUG    TX /CONTROLL/0,0,0,0,0,0,0,0,0
11:52:27.576  DEBUG    TX /CONTROLL/0,0,0,0,0,0,0,0,0
11:52:28.383  DEBUG    TX /CONTROLL/0,0,0,0,0,0,0,0,0
11:52:29.188  DEBUG    TX /CONTROLL/0,0,0,0,0,0,0,0,0
11:52:29.998  DEBUG    TX /CONTROLL/0,0,0,0,0,0,0,0,0
11:52:30.804  DEBUG    TX /CONTROLL/0,0,0,0,0,0,0,0,0
11:52:31.610  DEBUG    TX /CONTROLL/0,0,0,0,0,0,0,0,0
11:52:32.417  DEBUG    TX /CONTROLL/0,0,0,0,0,0,0,0,0
11:52:33.222  DEBUG    TX /CONTROLL/0,0,0,0,0,0,0,0,0
11:52:34.026  DEBUG    TX /CONTROLL/0,0,0,0,0,0,0,0,0
11:52:34.832  DEBUG    TX /CONTROLL/0,0,0,0,0,0,0,0,0
11:52:35.637  DEBUG    TX /CONTROLL/0,0,0,0,0,0,0,0,0
11:52:36.440  DEBUG    TX /CONTROLL/0,0,0,0,0,0,0,0,0
11:52:37.245  DEBUG    TX /CONTROLL/0,0,0,0,0,0,0,0,0
11:52:38.054  DEBUG    TX /CONTROLL/0,0,0,0,0,0,0,0,0
11:52:38.858  DEBUG    TX /CONTROLL/0,0,0,0,0,0,0,0,0
11:52:39.662  DEBUG    TX /CONTROLL/0,0,0,0,0,0,0,0,0
11:52:40.468  DEBUG    TX /CONTROLL/0,0,0,0,0,0,0,0,0
11:52:41.275  DEBUG    TX /CONTROLL/0,0,0,0,0,0,0,0,0
11:52:42.082  DEBUG    TX /CONTROLL/0,0,0,0,0,0,0,0,0
11:52:42.889  DEBUG    TX /CONTROLL/0,0,0,0,0,0,0,0,0
11:52:43.699  DEBUG    TX /CONTROLL/0,0,0,0,0,0,0,0,0
11:52:44.505  DEBUG    TX /CONTROLL/0,0,0,0,0,0,0,0,0
11:52:45.309  DEBUG    TX /CONTROLL/0,0,0,0,0,0,0,0,0
11:52:46.112  DEBUG    TX /CONTROLL/0,0,0,0,0,0,0,0,0
11:52:46.916  DEBUG    TX /CONTROLL/0,0,0,0,0,0,0,0,0
11:52:47.722  DEBUG    TX /CONTROLL/0,0,0,0,0,0,0,0,0
11:52:48.524  DEBUG    TX /CONTROLL/0,0,0,0,0,0,0,0,0
11:52:49.328  DEBUG    TX /CONTROLL/0,0,0,0,0,0,0,0,0
11:52:50.134  DEBUG    TX /CONTROLL/0,0,0,0,0,0,0,0,0
11:52:50.937  DEBUG    TX /CONTROLL/0,0,0,0,0,0,0,0,0
11:52:51.743  DEBUG    TX /CONTROLL/0,0,0,0,0,0,0,0,0
11:52:52.547  DEBUG    TX /CONTROLL/0,0,0,0,0,0,0,0,0
11:52:53.351  DEBUG    TX /CONTROLL/0,0,0,0,0,0,0,0,0
11:52:54.156  DEBUG    TX /CONTROLL/0,0,0,0,0,0,0,0,0
11:52:54.960  DEBUG    TX /CONTROLL/0,0,0,0,0,0,0,0,0
11:52:55.763  DEBUG    TX /CONTROLL/0,0,0,0,0,0,0,0,0
11:52:56.564  DEBUG    TX /CONTROLL/0,0,0,0,0,0,0,0,0
11:52:57.370  DEBUG    TX /CONTROLL/0,0,0,0,0,0,0,0,0
11:52:58.173  DEBUG    TX /CONTROLL/0,0,0,0,0,0,0,0,0
11:52:58.977  DEBUG    TX /CONTROLL/0,0,0,0,0,0,0,0,0
11:52:59.783  DEBUG    TX /CONTROLL/0,0,0,0,0,0,0,0,0
11:53:00.589  DEBUG    TX /CONTROLL/0,0,0,0,0,0,0,0,0
11:53:01.392  DEBUG    TX /CONTROLL/0,0,0,0,0,0,0,0,0
11:53:02.196  DEBUG    TX /CONTROLL/0,0,0,0,0,0,0,0,0
11:53:02.666  INFO     RX        /BATTERY/VDDA/12870 mV
11:53:02.666  INFO     RX        === Hexapod Mainboard ===
11:53:02.682  INFO     RX        PCA9685 Right: OK
11:53:02.682  INFO     RX        PCA9685 Left:  OK
11:53:02.699  INFO     RX        LSM6DSO IMU:   OK
11:53:02.862  INFO     RX        VL53L1X ToF:   OK
11:53:02.918  INFO     RX        Locomotion:    INIT (UN_ARMED, printf mode)
11:53:02.921  INFO     RX        Press L1 to arm, R1 to disarm at any time.
11:53:02.921  INFO     RX        Ready.
11:53:03.003  DEBUG    TX /CONTROLL/0,0,0,0,0,0,0,0,0
11:53:03.807  DEBUG    TX /CONTROLL/0,0,0,0,0,0,0,0,0
11:53:04.615  DEBUG    TX /CONTROLL/0,0,0,0,0,0,0,0,0
11:53:05.418  DEBUG    TX /CONTROLL/0,0,0,0,0,0,0,0,0
11:53:06.220  DEBUG    TX /CONTROLL/0,0,0,0,0,0,0,0,0
11:53:07.027  DEBUG    TX /CONTROLL/0,0,0,0,0,0,0,0,0
11:53:07.833  DEBUG    TX /CONTROLL/0,0,0,0,0,0,0,0,0
11:53:08.636  DEBUG    TX /CONTROLL/0,0,0,0,0,0,0,0,0
11:53:09.445  DEBUG    TX /CONTROLL/0,0,0,0,0,0,0,0,0
11:53:09.738  INFO     RX        /ERR/LOKO/0x00000002
11:53:09.755  INFO     RX        /ERR/LOKO/0x00000002
11:53:09.755  INFO     RX        /ERR/LOKO/0x00000002
11:53:09.773  INFO     RX        /ERR/LOKO/0x00000002
11:53:09.788  INFO     RX        /ERR/LOKO/0x00000002
11:53:09.788  INFO     RX        /ERR/LOKO/0x00000002
11:53:09.811  INFO     RX        /ERR/LOKO/0x00000002
11:53:09.811  INFO     RX        /ERR/LOKO/0x00000002
11:53:09.822  INFO     RX        /ERR/LOKO/0x00000002
11:53:09.838  INFO     RX        /ERR/LOKO/0x00000002
11:53:09.853  INFO     RX        /ERR/LOKO/0x00000002
11:53:09.869  INFO     RX        /ERR/LOKO/0x00000002
11:53:09.869  INFO     RX        /ERR/LOKO/0x00000002
11:53:09.885  INFO     RX        /ERR/LOKO/0x00000002
11:53:09.903  INFO     RX        /ERR/LOKO/0x00000002
11:53:09.917  INFO     RX        /ERR/LOKO/0x00000002
11:53:09.917  INFO     RX        /ERR/LOKO/0x00000002
11:53:09.936  INFO     RX        /ERR/LOKO/0x00000002
11:53:09.950  INFO     RX        /ERR/LOKO/0x00000002
11:53:09.950  INFO     RX        /ERR/LOKO/0x00000002
11:53:09.966  INFO     RX        /ERR/LOKO/0x00000002
11:53:09.983  INFO     RX        /ERR/LOKO/0x00000002
11:53:10.000  INFO     RX        /ERR/LOKO/0x00000002
11:53:10.252  DEBUG    TX /CONTROLL/0,0,0,0,0,0,0,0,0
11:53:11.060  DEBUG    TX /CONTROLL/0,0,0,0,0,0,0,0,0
11:53:11.864  DEBUG    TX /CONTROLL/0,0,0,0,0,0,0,0,0
11:53:12.672  DEBUG    TX /CONTROLL/0,0,0,0,0,0,0,0,0
11:53:13.479  DEBUG    TX /CONTROLL/0,0,0,0,0,0,0,0,0
11:53:14.279  DEBUG    TX /CONTROLL/0,0,0,0,0,0,0,0,0
11:53:15.085  DEBUG    TX /CONTROLL/0,0,0,0,0,0,0,0,0
11:53:15.892  DEBUG    TX /CONTROLL/0,0,0,0,0,0,0,0,0
11:53:16.698  DEBUG    TX /CONTROLL/0,0,0,0,0,0,0,0,0
11:53:17.500  DEBUG    TX /CONTROLL/0,0,0,0,0,0,0,0,0
11:53:18.306  DEBUG    TX /CONTROLL/0,0,0,0,0,0,0,0,0
11:53:19.116  DEBUG    TX /CONTROLL/0,0,0,0,0,0,0,0,0
11:53:19.922  DEBUG    TX /CONTROLL/0,0,0,0,0,0,0,0,0
11:53:20.730  DEBUG    TX /CONTROLL/0,0,0,0,0,0,0,0,0
11:53:21.535  DEBUG    TX /CONTROLL/0,0,0,0,0,0,0,0,0
11:53:22.343  DEBUG    TX /CONTROLL/0,0,0,0,0,0,0,0,0
11:53:23.166  DEBUG    TX /CONTROLL/0,0,0,0,0,0,0,0,0
11:53:23.971  DEBUG    TX /CONTROLL/0,0,0,0,0,0,0,0,0
11:53:24.775  DEBUG    TX /CONTROLL/0,0,0,0,0,0,0,0,0
11:53:25.578  DEBUG    TX /CONTROLL/0,0,0,0,0,0,0,0,0
11:53:26.381  DEBUG    TX /CONTROLL/0,0,0,0,0,0,0,0,0
11:53:27.185  DEBUG    TX /CONTROLL/0,0,0,0,0,0,0,0,0
11:53:27.989  DEBUG    TX /CONTROLL/0,0,0,0,0,0,0,0,0
11:53:28.795  DEBUG    TX /CONTROLL/0,0,0,0,0,0,0,0,0
11:53:29.241  INFO     RX        /BATTERY/VDDA/12861 mV
11:53:29.241  INFO     RX        === Hexapod Mainboard ===
11:53:29.257  INFO     RX        PCA9685 Right: OK
11:53:29.257  INFO     RX        PCA9685 Left:  OK
11:53:29.275  INFO     RX        LSM6DSO IMU:   OK
11:53:29.448  INFO     RX        VL53L1X ToF:   OK
11:53:29.502  INFO     RX        Locomotion:    INIT (UN_ARMED, printf mode)
11:53:29.520  INFO     RX        Press L1 to arm, R1 to disarm at any time.
11:53:29.520  INFO     RX        Ready.
11:53:29.598  DEBUG    TX /CONTROLL/0,0,0,0,0,0,0,0,0
11:53:30.401  DEBUG    TX /CONTROLL/0,0,0,0,0,0,0,0,0
11:53:31.204  DEBUG    TX /CONTROLL/0,0,0,0,0,0,0,0,0
11:53:32.010  DEBUG    TX /CONTROLL/0,0,0,0,0,0,0,0,0
11:53:32.813  DEBUG    TX /CONTROLL/0,0,0,0,0,0,0,0,0
11:53:33.618  DEBUG    TX /CONTROLL/0,0,0,0,0,0,0,0,0
11:53:34.419  DEBUG    TX /CONTROLL/0,0,0,0,0,0,0,0,0
11:53:35.224  DEBUG    TX /CONTROLL/0,0,0,0,0,0,0,0,0
11:53:36.034  DEBUG    TX /CONTROLL/0,0,0,0,0,0,0,0,0
11:53:36.841  DEBUG    TX /CONTROLL/0,0,0,0,0,0,0,0,0
11:53:37.648  DEBUG    TX /CONTROLL/0,0,0,0,0,0,0,0,0
11:53:38.456  DEBUG    TX /CONTROLL/0,0,0,0,0,0,0,0,0
11:53:39.259  DEBUG    TX /CONTROLL/0,0,0,0,0,0,0,0,0
11:53:40.066  DEBUG    TX /CONTROLL/0,0,0,0,0,0,0,0,4
11:53:40.870  DEBUG    TX /CONTROLL/0,0,0,0,0,0,0,0,0
11:53:41.678  DEBUG    TX /CONTROLL/0,0,0,0,0,0,0,0,0
11:53:42.483  DEBUG    TX /CONTROLL/0,0,0,0,0,0,0,0,0
11:53:43.286  DEBUG    TX /CONTROLL/0,0,0,0,0,0,0,0,0
11:53:44.093  DEBUG    TX /CONTROLL/0,0,0,0,0,0,4,0,0
11:53:44.896  DEBUG    TX /CONTROLL/0,0,0,0,0,0,0,0,0
11:53:45.702  DEBUG    TX /CONTROLL/0,0,0,0,0,0,0,0,0
11:53:46.510  DEBUG    TX /CONTROLL/0,0,0,0,0,0,0,0,0
11:53:47.314  DEBUG    TX /CONTROLL/0,0,0,0,0,0,0,0,0
11:53:48.119  DEBUG    TX /CONTROLL/0,0,0,0,0,0,0,0,0
11:53:48.925  DEBUG    TX /CONTROLL/0,0,0,0,0,0,0,0,0
11:53:49.730  DEBUG    TX /CONTROLL/0,0,0,0,0,0,0,0,0
11:53:50.536  DEBUG    TX /CONTROLL/0,0,0,0,0,0,0,0,0
11:53:51.339  DEBUG    TX /CONTROLL/0,0,0,0,0,0,0,0,32
11:53:52.146  DEBUG    TX /CONTROLL/0,0,0,0,0,0,0,0,4
11:53:52.948  DEBUG    TX /CONTROLL/0,0,0,0,0,0,0,0,0
11:53:53.756  DEBUG    TX /CONTROLL/0,0,0,0,0,0,0,0,0
11:53:54.504  INFO     RX        /ERR/LOKO/0x00000002
11:53:54.517  INFO     RX        /ERR/LOKO/0x00000002
11:53:54.562  DEBUG    TX /CONTROLL/0,0,0,-49,0,0,0,0,0
11:53:54.563  INFO     RX        /ERR/LOKO/0x00000002
11:53:54.563  INFO     RX        /ERR/LOKO/0x00000002
11:53:54.563  INFO     RX        /ERR/LOKO/0x00000002
11:53:54.566  INFO     RX        /ERR/LOKO/0x00000002
11:53:54.611  INFO     RX        /ERR/LOKO/0x00000002
11:53:54.620  INFO     RX        /ERR/LOKO/0x00000002
11:53:54.620  INFO     RX        /ERR/LOKO/0x00000002
11:53:54.620  INFO     RX        /ERR/LOKO/0x00000002
11:53:54.630  INFO     RX        /ERR/LOKO/0x00000002
11:53:54.672  INFO     RX        /ERR/LOKO/0x00000002
11:53:54.672  INFO     RX        /ERR/LOKO/0x00000002
11:53:54.672  INFO     RX        /ERR/LOKO/0x00000002
11:53:54.672  INFO     RX        /ERR/LOKO/0x00000002
11:53:54.678  INFO     RX        /ERR/LOKO/0x00000002
11:53:54.696  INFO     RX        /ERR/LOKO/0x00000002
11:53:55.374  DEBUG    TX /CONTROLL/0,0,0,0,0,0,0,0,0
11:53:56.180  DEBUG    TX /CONTROLL/0,0,0,0,0,0,4,0,0
11:53:56.986  DEBUG    TX /CONTROLL/0,0,0,0,0,0,1,0,0
11:53:57.790  DEBUG    TX /CONTROLL/0,0,0,0,0,0,0,0,0
11:53:58.595  DEBUG    TX /CONTROLL/0,0,0,0,0,0,0,0,2
11:53:59.402  DEBUG    TX /CONTROLL/0,0,0,0,0,0,0,0,0
11:54:00.210  DEBUG    TX /CONTROLL/0,0,0,0,0,0,0,0,0
11:54:01.017  DEBUG    TX /CONTROLL/0,0,0,0,0,0,0,0,0
11:54:01.822  DEBUG    TX /CONTROLL/0,0,0,0,0,0,0,0,0
11:54:02.629  DEBUG    TX /CONTROLL/0,0,0,0,0,0,0,0,0
11:54:03.434  DEBUG    TX /CONTROLL/0,0,0,0,0,0,0,0,0
11:54:04.237  DEBUG    TX /CONTROLL/0,0,0,0,0,0,0,0,0
11:54:05.043  DEBUG    TX /CONTROLL/0,0,0,0,0,0,0,0,0
11:54:05.847  DEBUG    TX /CONTROLL/0,0,0,0,1,0,0,0,0
11:54:06.652  DEBUG    TX /CONTROLL/0,0,0,0,0,0,0,0,0
11:54:07.453  DEBUG    TX /CONTROLL/0,0,0,0,0,0,0,0,0
11:54:08.259  DEBUG    TX /CONTROLL/0,0,0,0,0,0,0,0,0
11:54:09.063  DEBUG    TX /CONTROLL/0,0,0,0,0,0,0,0,0
11:54:09.871  DEBUG    TX /CONTROLL/0,0,0,0,0,0,0,0,0
11:54:10.677  DEBUG    TX /CONTROLL/0,0,0,0,0,0,0,0,0
11:54:11.487  DEBUG    TX /CONTROLL/0,0,0,0,-1,0,0,0,0
11:54:12.294  DEBUG    TX /CONTROLL/0,0,0,0,-1,0,0,0,0
11:54:13.101  DEBUG    TX /CONTROLL/0,0,0,0,0,0,0,0,0
11:54:13.904  DEBUG    TX /CONTROLL/0,0,0,0,0,0,0,0,0
11:54:14.707  DEBUG    TX /CONTROLL/0,0,0,0,0,0,0,0,0
11:54:15.509  DEBUG    TX /CONTROLL/0,0,0,0,0,0,0,0,0
11:54:16.317  DEBUG    TX /CONTROLL/0,0,0,0,0,0,0,0,0
11:54:17.120  DEBUG    TX /CONTROLL/0,0,0,0,0,0,0,0,0
11:54:17.926  DEBUG    TX /CONTROLL/0,0,0,0,0,0,0,0,0
11:54:18.728  DEBUG    TX /CONTROLL/0,0,0,0,0,0,0,0,0
11:54:19.538  DEBUG    TX /CONTROLL/0,0,0,0,0,0,0,0,32
11:54:20.347  DEBUG    TX /CONTROLL/0,0,0,0,0,0,0,0,0
11:54:21.151  DEBUG    TX /CONTROLL/0,0,0,0,0,0,0,0,0
11:54:21.953  DEBUG    TX /CONTROLL/0,0,0,0,0,0,0,0,0
11:54:22.760  DEBUG    TX /CONTROLL/0,0,0,0,0,0,0,0,0
11:54:23.569  DEBUG    TX /CONTROLL/0,0,0,0,0,0,0,0,0
11:54:24.372  DEBUG    TX /CONTROLL/0,0,0,0,0,0,0,0,0
11:54:25.176  DEBUG    TX /CONTROLL/0,0,0,0,0,0,0,0,0
11:54:25.980  DEBUG    TX /CONTROLL/0,0,0,0,0,0,0,0,0
11:54:26.781  DEBUG    TX /CONTROLL/0,0,0,0,0,0,0,0,0
11:54:27.588  DEBUG    TX /CONTROLL/0,0,0,0,0,0,0,0,0
11:54:28.395  DEBUG    TX /CONTROLL/0,0,0,0,0,0,0,0,0
11:54:29.202  DEBUG    TX /CONTROLL/0,0,0,0,0,0,0,0,0
11:54:30.012  DEBUG    TX /CONTROLL/0,0,0,0,0,0,0,0,0
11:54:30.813  DEBUG    TX /CONTROLL/0,0,0,0,0,0,0,0,0
11:54:31.617  DEBUG    TX /CONTROLL/0,0,0,0,0,0,0,0,0
11:54:32.421  DEBUG    TX /CONTROLL/0,0,0,0,0,0,0,0,0
11:54:33.229  DEBUG    TX /CONTROLL/0,0,0,0,0,0,0,0,0
11:54:34.034  DEBUG    TX /CONTROLL/0,0,0,0,0,0,0,0,0
11:54:34.839  DEBUG    TX /CONTROLL/0,0,0,0,0,0,0,0,0
11:54:35.645  DEBUG    TX /CONTROLL/0,0,0,0,0,0,0,0,0
11:54:36.452  DEBUG    TX /CONTROLL/0,0,0,0,0,0,0,0,0
11:54:37.256  DEBUG    TX /CONTROLL/0,0,0,0,0,0,0,0,0
11:54:38.061  DEBUG    TX /CONTROLL/0,0,0,0,0,0,0,0,0
11:54:38.866  DEBUG    TX /CONTROLL/0,0,0,0,0,0,0,0,0
11:54:39.670  DEBUG    TX /CONTROLL/0,0,0,0,0,0,0,0,0
11:54:40.475  DEBUG    TX /CONTROLL/0,0,0,0,0,0,0,0,0
11:54:41.280  DEBUG    TX /CONTROLL/0,0,0,0,0,0,0,0,0
11:54:42.084  DEBUG    TX /CONTROLL/0,0,0,0,0,0,0,0,0
