10:12:09.199  INFO     Connecting to 100.122.9.49:5000...
10:12:10.794  DEBUG    TX /CONTROLL/0,0,0,0,0,0,0,0,0
10:12:12.407  DEBUG    TX /CONTROLL/0,0,0,0,0,0,0,0,0
10:12:14.010  DEBUG    TX /CONTROLL/0,0,0,0,0,0,0,0,0
10:12:14.945  INFO     Network connection established
10:12:14.945  INFO     RX        /BATTERY/VDDA/12861 mV
10:12:14.959  INFO     RX        === Hexapod MaiPCA9685 Right: OK
10:12:14.960  INFO     RX        PCA9685 Left:  OK
10:12:14.960  INFO     RX        LSM6DSO IMU:   OK
10:12:15.062  INFO     RX        VL53L1X ToF:   OK
10:12:15.137  INFO     RX        Locomotion:    INIT (UN_ARMED, printf mode)
10:12:15.137  INFO     RX        Press L1 to arm, R1 to disarm at any time.
10:12:15.137  INFO     RX        Ready.
10:12:15.616  DEBUG    TX /CONTROLL/0,0,0,0,0,0,0,0,0
10:12:17.226  DEBUG    TX /CONTROLL/0,0,0,0,0,0,0,0,0
10:12:18.836  DEBUG    TX /CONTROLL/0,0,0,-39,0,0,0,0,0
10:12:19.262  INFO     RX        /ERR/LOKO/0x00000002
10:12:19.262  INFO     RX        /ERR/LOKO/0x00000002
10:12:19.322  INFO     RX        /ERR/LOKO/0x00000002
10:12:19.508  INFO     RX        /ERR/LOKO/0x00000002
10:12:19.508  INFO     RX        /ERR/LOKO/0x00000002
10:12:19.509  INFO     RX        /ERR/LOKO/0x00000002
10:12:19.509  INFO     RX        /ERR/LOKO/0x00000002
10:12:20.278  INFO     RX        /ERR/LOKO/0x00000002
10:12:20.326  INFO     RX        /ERR/LOKO/0x00000002
10:12:20.326  INFO     RX        /ERR/LOKO/0x00000002
10:12:20.326  INFO     RX        /ERR/LOKO/0x00000002
10:12:20.443  DEBUG    TX /CONTROLL/0,0,0,-38,0,0,0,0,0
10:12:20.559  INFO     RX        /ERR/LOKO/0x00000002
10:12:20.559  INFO     RX        /ERR/LOKO/0x00000002
10:12:20.559  INFO     RX        /ERR/LOKO/0x00000002
10:12:20.559  INFO     RX        /ERR/LOKO/0x00000002
10:12:22.047  DEBUG    TX /CONTROLL/0,0,0,0,0,0,0,0,0
10:12:23.652  DEBUG    TX /CONTROLL/0,0,0,0,0,0,0,0,0
10:12:25.263  DEBUG    TX /CONTROLL/0,0,0,0,0,0,0,0,0
10:12:26.872  DEBUG    TX /CONTROLL/0,0,0,0,0,0,0,0,0
10:12:28.487  DEBUG    TX /CONTROLL/0,0,0,0,0,0,0,0,0
10:12:30.107  DEBUG    TX /CONTROLL/0,0,0,0,0,0,0,0,0
10:12:31.724  DEBUG    TX /CONTROLL/0,0,0,0,0,0,0,0,0
10:12:33.339  DEBUG    TX /CONTROLL/0,0,0,0,0,0,0,0,0
10:12:34.973  DEBUG    TX /CONTROLL/0,0,0,0,0,0,0,0,0
10:12:35.391  INFO     RX        /BATTERY/VDDA/12855 mV
10:12:35.391  INFO     RX        === Hexapod Mainboard ===
10:12:35.469  INFO     RX        PCA9685 Right: OK
10:12:35.469  INFO     RX        PCA9685 Left:  OK
10:12:35.469  INFO     RX        LSM6DSO IMU:   OK
10:12:35.584  INFO     RX        VL53L1X ToF:   OK
10:12:35.671  INFO     RX        Locomotion:    INIT (UN_ARMED, printf mode)
10:12:35.671  INFO     RX        Press L1 to arm, R1 to disarm at any time.
10:12:35.671  INFO     RX        Ready.
10:12:36.592  DEBUG    TX /CONTROLL/0,0,0,0,0,0,0,0,0
10:12:38.201  DEBUG    TX /CONTROLL/0,0,0,0,0,0,0,0,0
10:12:39.823  DEBUG    TX /CONTROLL/0,0,0,0,0,0,0,0,0
10:12:41.438  DEBUG    TX /CONTROLL/0,0,0,0,0,0,0,0,0
10:12:43.055  DEBUG    TX /CONTROLL/0,0,0,0,0,0,0,0,0
10:12:44.664  DEBUG    TX /CONTROLL/0,0,0,0,0,0,0,0,0
10:12:46.275  DEBUG    TX /CONTROLL/0,0,0,0,0,0,0,0,0
10:12:47.892  DEBUG    TX /CONTROLL/0,0,0,0,0,0,0,0,0
10:12:49.501  DEBUG    TX /CONTROLL/0,0,0,0,0,0,0,0,0
10:12:51.110  DEBUG    TX /CONTROLL/0,0,0,0,0,0,0,0,0
10:12:52.720  DEBUG    TX /CONTROLL/0,0,0,0,0,0,0,0,0
10:12:54.330  DEBUG    TX /CONTROLL/0,0,0,0,0,0,0,0,0
10:12:55.946  DEBUG    TX /CONTROLL/0,0,0,0,0,0,0,0,0
10:12:57.560  DEBUG    TX /CONTROLL/0,0,0,0,0,0,0,0,0
10:12:59.168  DEBUG    TX /CONTROLL/0,0,0,0,0,0,0,0,0
10:13:00.780  DEBUG    TX /CONTROLL/0,0,0,0,0,0,0,0,0
10:13:02.391  DEBUG    TX /CONTROLL/0,0,0,0,0,0,0,0,0
10:13:04.007  DEBUG    TX /CONTROLL/0,0,0,0,0,0,0,0,0
10:13:05.625  DEBUG    TX /CONTROLL/0,0,0,0,0,0,0,0,0
10:13:07.244  DEBUG    TX /CONTROLL/0,0,0,0,0,0,0,0,0
10:13:08.858  DEBUG    TX /CONTROLL/0,0,0,0,0,0,0,0,0
10:13:10.485  DEBUG    TX /CONTROLL/0,0,0,0,0,0,0,0,0
10:13:12.110  DEBUG    TX /CONTROLL/0,0,0,0,0,0,0,0,0
10:13:13.739  DEBUG    TX /CONTROLL/0,0,0,0,0,0,0,0,0
10:13:15.358  DEBUG    TX /CONTROLL/0,0,0,0,0,0,0,0,0
10:13:16.981  DEBUG    TX /CONTROLL/0,0,0,0,0,0,0,0,0
10:13:18.620  DEBUG    TX /CONTROLL/0,0,0,0,0,0,0,0,0
10:13:20.255  DEBUG    TX /CONTROLL/0,0,0,0,0,0,0,0,0
10:13:21.868  DEBUG    TX /CONTROLL/0,0,0,0,0,0,0,0,0
10:13:23.481  DEBUG    TX /CONTROLL/0,0,0,0,0,0,0,0,0
10:13:25.094  DEBUG    TX /CONTROLL/0,0,0,0,0,0,0,0,0
10:13:26.705  DEBUG    TX /CONTROLL/0,0,0,0,0,0,0,0,0
10:13:28.312  DEBUG    TX /CONTROLL/0,0,0,0,0,0,0,0,0
10:13:29.920  DEBUG    TX /CONTROLL/0,0,0,0,0,0,0,0,0
10:13:31.529  DEBUG    TX /CONTROLL/0,0,0,0,0,0,0,0,0
10:13:33.139  DEBUG    TX /CONTROLL/0,0,0,0,0,0,0,0,0
10:13:34.746  DEBUG    TX /CONTROLL/0,0,0,0,0,0,0,0,0
10:13:36.358  DEBUG    TX /CONTROLL/0,0,0,0,0,0,0,0,0
10:13:37.964  DEBUG    TX /CONTROLL/0,0,0,0,0,0,0,0,0
10:13:39.578  DEBUG    TX /CONTROLL/0,0,0,0,0,0,0,0,0
10:13:41.185  DEBUG    TX /CONTROLL/0,0,0,0,0,0,0,0,0
10:13:42.796  DEBUG    TX /CONTROLL/0,0,0,0,0,0,0,0,0
10:13:44.415  DEBUG    TX /CONTROLL/0,0,0,0,0,0,0,0,0
10:13:46.034  DEBUG    TX /CONTROLL/0,0,0,0,0,0,0,0,0
10:13:47.651  DEBUG    TX /CONTROLL/0,0,0,0,0,0,0,0,0
10:13:49.274  DEBUG    TX /CONTROLL/0,0,0,0,0,0,0,0,0
10:13:50.900  DEBUG    TX /CONTROLL/0,0,0,0,0,0,0,0,0
10:13:52.523  DEBUG    TX /CONTROLL/0,0,0,0,0,0,0,0,0
10:13:54.148  DEBUG    TX /CONTROLL/0,0,0,0,0,0,0,0,0
10:13:55.768  DEBUG    TX /CONTROLL/0,0,0,0,0,0,0,0,0
10:13:57.389  DEBUG    TX /CONTROLL/0,0,0,0,0,0,0,0,0
10:13:59.010  DEBUG    TX /CONTROLL/0,0,0,0,0,0,0,0,0
10:14:00.624  DEBUG    TX /CONTROLL/0,0,0,0,0,0,0,0,0
10:14:02.242  DEBUG    TX /CONTROLL/0,0,0,0,0,0,0,0,0
10:14:03.852  DEBUG    TX /CONTROLL/0,0,0,0,0,0,0,0,0
10:14:05.467  DEBUG    TX /CONTROLL/0,0,0,0,0,0,0,0,0
10:14:07.080  DEBUG    TX /CONTROLL/0,0,0,0,0,0,0,0,0
10:14:08.687  DEBUG    TX /CONTROLL/0,0,0,0,0,0,0,0,0
10:14:10.299  DEBUG    TX /CONTROLL/0,0,0,0,0,0,0,0,0
10:14:11.908  DEBUG    TX /CONTROLL/0,0,0,0,0,0,0,0,0
10:14:13.516  DEBUG    TX /CONTROLL/0,0,0,0,0,0,0,0,0
10:14:15.125  DEBUG    TX /CONTROLL/0,0,0,0,0,0,0,0,0
10:14:16.734  DEBUG    TX /CONTROLL/0,0,0,0,0,0,0,0,0
10:14:18.338  DEBUG    TX /CONTROLL/0,0,0,0,0,0,0,0,0
10:14:19.950  DEBUG    TX /CONTROLL/0,0,0,0,0,0,0,0,0
10:14:21.565  DEBUG    TX /CONTROLL/0,0,0,0,0,0,0,0,0
10:14:23.176  DEBUG    TX /CONTROLL/0,0,0,0,0,0,0,0,0
10:14:24.778  DEBUG    TX /CONTROLL/0,0,0,0,0,0,0,0,0
10:14:26.389  DEBUG    TX /CONTROLL/0,0,0,0,0,0,0,0,0
10:14:28.014  DEBUG    TX /CONTROLL/0,0,0,0,0,0,0,0,0
10:14:29.629  DEBUG    TX /CONTROLL/0,0,0,0,0,0,0,0,0
10:14:31.245  DEBUG    TX /CONTROLL/0,0,0,0,0,0,0,0,0
10:14:32.857  DEBUG    TX /CONTROLL/0,0,0,0,0,0,0,0,0
10:14:34.483  DEBUG    TX /CONTROLL/0,0,0,0,0,0,0,0,0
10:14:36.107  DEBUG    TX /CONTROLL/0,0,0,0,0,0,0,0,0
10:14:37.727  DEBUG    TX /CONTROLL/0,0,0,0,0,0,0,0,0
10:14:39.344  DEBUG    TX /CONTROLL/0,0,0,0,0,0,0,0,0
10:14:40.967  DEBUG    TX /CONTROLL/0,0,0,0,0,0,0,0,0
10:14:42.581  DEBUG    TX /CONTROLL/0,0,0,0,0,0,0,0,0
10:14:44.195  DEBUG    TX /CONTROLL/0,0,0,0,0,0,0,0,0
10:14:45.799  DEBUG    TX /CONTROLL/0,0,0,0,0,0,0,0,0
10:14:47.406  DEBUG    TX /CONTROLL/0,0,0,0,0,0,0,0,0
10:14:49.016  DEBUG    TX /CONTROLL/0,0,0,0,0,0,0,0,0
10:14:50.626  DEBUG    TX /CONTROLL/0,0,0,0,0,0,0,0,0
10:14:52.234  DEBUG    TX /CONTROLL/0,0,0,0,0,0,0,0,0
10:14:53.846  DEBUG    TX /CONTROLL/0,0,0,0,0,0,0,0,0
10:14:55.457  DEBUG    TX /CONTROLL/0,0,0,0,0,0,0,0,0
10:14:57.064  DEBUG    TX /CONTROLL/0,0,0,0,0,0,0,0,0
10:14:58.669  DEBUG    TX /CONTROLL/0,0,0,0,0,0,0,0,0
10:15:00.283  DEBUG    TX /CONTROLL/0,0,0,0,0,0,0,0,0
10:15:01.896  DEBUG    TX /CONTROLL/0,0,0,0,0,0,0,0,0
10:15:03.514  DEBUG    TX /CONTROLL/0,0,0,0,0,0,0,0,0
10:15:05.130  DEBUG    TX /CONTROLL/0,0,0,0,0,0,0,0,0
10:15:06.742  DEBUG    TX /CONTROLL/0,0,0,0,0,0,0,0,0
10:15:08.375  DEBUG    TX /CONTROLL/0,0,0,0,0,0,0,0,0
10:15:09.999  DEBUG    TX /CONTROLL/0,0,0,0,0,0,0,0,0
10:15:11.630  DEBUG    TX /CONTROLL/0,0,0,0,0,0,0,0,0
10:15:13.258  DEBUG    TX /CONTROLL/0,0,0,0,0,0,0,0,0
10:15:14.872  DEBUG    TX /CONTROLL/0,0,0,0,0,0,0,0,0
10:15:16.488  DEBUG    TX /CONTROLL/0,0,0,0,0,0,0,0,0
10:15:18.116  DEBUG    TX /CONTROLL/0,0,0,0,0,0,0,0,0
10:15:19.740  DEBUG    TX /CONTROLL/0,0,0,0,0,0,0,0,0
10:15:21.361  DEBUG    TX /CONTROLL/0,0,0,0,0,0,0,0,0
10:15:22.971  DEBUG    TX /CONTROLL/0,0,0,0,0,0,0,0,0
10:15:24.585  DEBUG    TX /CONTROLL/0,0,0,0,0,0,0,0,0
10:15:26.191  DEBUG    TX /CONTROLL/0,0,0,0,0,0,0,0,0
10:15:27.801  DEBUG    TX /CONTROLL/0,0,0,0,0,0,0,0,0
10:15:29.408  DEBUG    TX /CONTROLL/0,0,0,0,0,0,0,0,0
10:15:31.021  DEBUG    TX /CONTROLL/0,0,0,0,0,0,0,0,0
10:15:32.630  DEBUG    TX /CONTROLL/0,0,0,0,0,0,0,0,0
10:15:34.241  DEBUG    TX /CONTROLL/0,0,0,0,0,0,0,0,0
10:15:35.856  DEBUG    TX /CONTROLL/0,0,0,0,0,0,0,0,0
10:15:37.468  DEBUG    TX /CONTROLL/0,0,0,0,0,0,0,0,0
10:15:39.083  DEBUG    TX /CONTROLL/0,0,0,0,0,0,0,0,0
10:15:40.698  DEBUG    TX /CONTROLL/0,0,0,0,0,0,0,0,0
10:15:42.313  DEBUG    TX /CONTROLL/0,0,0,0,0,0,0,0,0
10:15:43.926  DEBUG    TX /CONTROLL/0,0,0,0,0,0,0,0,0
10:15:45.553  DEBUG    TX /CONTROLL/0,0,0,0,0,0,0,0,0
10:15:47.174  DEBUG    TX /CONTROLL/0,0,0,0,0,0,0,0,0
10:15:48.794  DEBUG    TX /CONTROLL/0,0,0,0,0,0,0,0,0
10:15:50.400  DEBUG    TX /CONTROLL/0,0,0,0,0,0,0,0,0
10:15:52.013  DEBUG    TX /CONTROLL/0,0,0,0,0,0,0,0,0
10:15:53.625  DEBUG    TX /CONTROLL/0,0,0,0,0,0,0,0,0
10:15:55.233  DEBUG    TX /CONTROLL/0,0,0,0,0,0,0,0,0
10:15:56.844  DEBUG    TX /CONTROLL/0,0,0,0,0,0,0,0,0
10:15:58.465  DEBUG    TX /CONTROLL/0,0,0,0,0,0,0,0,0
10:16:00.076  DEBUG    TX /CONTROLL/0,0,0,0,0,0,0,0,0
10:16:01.688  DEBUG    TX /CONTROLL/0,0,0,0,0,0,0,0,0
10:16:03.296  DEBUG    TX /CONTROLL/0,0,0,0,0,0,0,0,0
10:16:04.904  DEBUG    TX /CONTROLL/0,0,0,0,0,0,0,0,0
10:16:06.518  DEBUG    TX /CONTROLL/0,0,0,0,0,0,0,0,0
10:16:08.121  DEBUG    TX /CONTROLL/0,0,0,0,0,0,0,0,0
10:16:09.730  DEBUG    TX /CONTROLL/0,0,0,0,0,0,0,0,0
10:16:11.339  DEBUG    TX /CONTROLL/0,0,0,0,0,0,0,0,0
10:16:12.947  DEBUG    TX /CONTROLL/0,0,0,0,0,0,0,0,0
10:16:14.552  DEBUG    TX /CONTROLL/0,0,0,0,0,0,0,0,0
10:16:16.156  DEBUG    TX /CONTROLL/0,0,0,0,0,0,0,0,0
10:16:17.769  DEBUG    TX /CONTROLL/0,0,0,0,0,0,0,0,0
10:16:19.375  DEBUG    TX /CONTROLL/0,0,0,0,0,0,0,0,0
10:16:20.984  DEBUG    TX /CONTROLL/0,0,0,0,0,0,0,0,0
10:16:22.590  DEBUG    TX /CONTROLL/0,0,0,0,0,0,0,0,0
10:16:24.197  DEBUG    TX /CONTROLL/0,0,0,0,0,0,0,0,0
10:16:25.806  DEBUG    TX /CONTROLL/0,0,0,0,0,0,0,0,0
10:16:27.418  DEBUG    TX /CONTROLL/0,0,0,0,0,0,0,0,0
10:16:29.025  DEBUG    TX /CONTROLL/0,0,0,0,0,0,0,0,0
10:16:30.633  DEBUG    TX /CONTROLL/0,0,0,0,0,0,0,0,0
10:16:32.252  DEBUG    TX /CONTROLL/0,0,0,0,0,0,0,0,0
10:16:33.861  DEBUG    TX /CONTROLL/0,0,0,0,0,0,0,0,0
10:16:35.476  DEBUG    TX /CONTROLL/0,0,0,0,0,0,0,0,0
10:16:37.082  DEBUG    TX /CONTROLL/0,0,0,0,0,0,0,0,0
10:16:38.687  DEBUG    TX /CONTROLL/0,0,0,0,0,0,0,0,0
10:16:40.290  DEBUG    TX /CONTROLL/0,0,0,0,0,0,0,0,0
10:16:41.896  DEBUG    TX /CONTROLL/0,0,0,0,0,0,0,0,0
10:16:43.504  DEBUG    TX /CONTROLL/0,0,0,0,0,0,0,0,0
10:16:45.113  DEBUG    TX /CONTROLL/0,0,0,0,0,0,0,0,0
10:16:46.728  DEBUG    TX /CONTROLL/0,0,0,0,0,0,0,0,0
10:16:48.334  DEBUG    TX /CONTROLL/0,0,0,0,0,0,0,0,0
10:16:49.943  DEBUG    TX /CONTROLL/0,0,0,0,0,0,0,0,0
10:16:51.547  DEBUG    TX /CONTROLL/0,0,0,0,0,0,0,0,0
10:16:53.160  DEBUG    TX /CONTROLL/0,0,0,0,0,0,0,0,0
10:16:54.762  DEBUG    TX /CONTROLL/0,0,0,0,0,0,0,0,0
10:16:56.362  DEBUG    TX /CONTROLL/0,0,0,0,0,0,0,0,0
10:16:57.977  DEBUG    TX /CONTROLL/0,0,0,0,0,0,0,0,0
10:16:59.587  DEBUG    TX /CONTROLL/0,0,0,0,0,0,0,0,0
10:17:01.191  DEBUG    TX /CONTROLL/0,0,0,0,0,0,0,0,0
10:17:02.807  DEBUG    TX /CONTROLL/0,0,0,0,0,0,0,0,0
10:17:04.418  DEBUG    TX /CONTROLL/0,0,0,0,0,0,0,0,0
10:17:06.031  DEBUG    TX /CONTROLL/0,0,0,0,0,0,0,0,0
10:17:07.635  DEBUG    TX /CONTROLL/0,0,0,0,0,0,0,0,0
10:17:09.252  DEBUG    TX /CONTROLL/0,0,0,0,0,0,0,0,0
10:17:10.863  DEBUG    TX /CONTROLL/0,0,0,0,0,0,0,0,0
10:17:12.475  DEBUG    TX /CONTROLL/0,0,0,0,0,0,0,0,0
10:17:14.091  DEBUG    TX /CONTROLL/0,0,0,0,0,0,0,0,0
10:17:15.699  DEBUG    TX /CONTROLL/0,0,0,0,0,0,0,0,0
10:17:17.302  DEBUG    TX /CONTROLL/0,0,0,0,0,0,0,0,0
10:17:18.913  DEBUG    TX /CONTROLL/0,0,0,0,0,0,0,0,0
10:17:20.520  DEBUG    TX /CONTROLL/0,0,0,0,0,0,0,0,0
10:17:22.126  DEBUG    TX /CONTROLL/0,0,0,0,0,0,0,0,0
10:17:23.734  DEBUG    TX /CONTROLL/0,0,0,0,0,0,0,0,0
10:17:25.345  DEBUG    TX /CONTROLL/0,0,0,0,0,0,0,0,0
10:17:26.950  DEBUG    TX /CONTROLL/0,0,0,0,0,0,0,0,0
10:17:28.557  DEBUG    TX /CONTROLL/0,0,0,0,0,0,0,0,0
10:17:30.165  DEBUG    TX /CONTROLL/0,0,0,0,0,0,0,0,0
10:17:31.769  DEBUG    TX /CONTROLL/0,0,0,0,0,0,0,0,0
10:17:33.378  DEBUG    TX /CONTROLL/0,0,0,0,0,0,0,0,0
10:17:34.988  DEBUG    TX /CONTROLL/0,0,0,0,0,0,0,0,0
10:17:36.592  DEBUG    TX /CONTROLL/0,0,0,0,0,0,0,0,0
10:17:38.200  DEBUG    TX /CONTROLL/0,0,0,0,0,0,0,0,0
10:17:39.804  DEBUG    TX /CONTROLL/0,0,0,0,0,0,0,0,0
10:17:41.415  DEBUG    TX /CONTROLL/0,0,0,0,0,0,0,0,0
10:17:43.023  DEBUG    TX /CONTROLL/0,0,0,0,0,0,0,0,0
10:17:44.638  DEBUG    TX /CONTROLL/0,0,0,0,0,0,0,0,0
10:17:46.249  DEBUG    TX /CONTROLL/0,0,0,0,0,0,0,0,0
10:17:47.861  DEBUG    TX /CONTROLL/0,0,0,0,0,0,0,0,0
10:17:49.473  DEBUG    TX /CONTROLL/0,0,0,0,0,0,0,0,0
10:17:51.084  DEBUG    TX /CONTROLL/0,0,0,0,0,0,0,0,0
10:17:52.689  DEBUG    TX /CONTROLL/0,0,0,0,0,0,0,0,0
10:17:54.298  DEBUG    TX /CONTROLL/0,0,0,0,0,0,0,0,0
10:17:55.907  DEBUG    TX /CONTROLL/0,0,0,0,0,0,0,0,0
10:17:57.515  DEBUG    TX /CONTROLL/0,0,0,0,0,0,0,0,0
10:17:59.118  DEBUG    TX /CONTROLL/0,0,0,0,0,0,0,0,0
10:18:00.727  DEBUG    TX /CONTROLL/0,0,0,0,0,0,0,0,0
10:18:02.329  DEBUG    TX /CONTROLL/0,0,0,0,0,0,0,0,0
10:18:03.934  DEBUG    TX /CONTROLL/0,0,0,0,0,0,0,0,0
10:18:05.540  DEBUG    TX /CONTROLL/0,0,0,0,0,0,0,0,0
10:18:07.148  DEBUG    TX /CONTROLL/0,0,0,0,0,0,0,0,0
10:18:08.758  DEBUG    TX /CONTROLL/0,0,0,0,0,0,0,0,0
10:18:10.364  DEBUG    TX /CONTROLL/0,0,0,0,0,0,0,0,0
10:18:11.970  DEBUG    TX /CONTROLL/0,0,0,0,0,0,0,0,0
10:18:13.574  DEBUG    TX /CONTROLL/0,0,0,0,0,0,0,0,0
10:18:15.184  DEBUG    TX /CONTROLL/0,0,0,0,0,0,0,0,0
10:18:16.802  DEBUG    TX /CONTROLL/0,0,0,0,0,0,0,0,0
10:18:18.412  DEBUG    TX /CONTROLL/0,0,0,0,0,0,0,0,0
10:18:20.018  DEBUG    TX /CONTROLL/0,0,0,0,0,0,0,0,0
10:18:21.629  DEBUG    TX /CONTROLL/0,0,0,0,0,0,0,0,0
10:18:23.239  DEBUG    TX /CONTROLL/0,0,0,0,0,0,0,0,0
10:18:24.852  DEBUG    TX /CONTROLL/0,0,0,0,0,0,0,0,0
10:18:26.456  DEBUG    TX /CONTROLL/0,0,0,0,0,0,0,0,0
10:18:28.079  DEBUG    TX /CONTROLL/0,0,0,0,0,0,0,0,0
10:18:29.684  DEBUG    TX /CONTROLL/0,0,0,0,0,0,0,0,0
10:18:31.288  DEBUG    TX /CONTROLL/0,0,0,0,0,0,0,0,0
10:18:32.891  DEBUG    TX /CONTROLL/0,0,0,0,0,0,0,0,0
10:18:34.500  DEBUG    TX /CONTROLL/0,0,0,0,0,0,0,0,0
10:18:36.106  DEBUG    TX /CONTROLL/0,0,0,0,0,0,0,0,0
10:18:37.713  DEBUG    TX /CONTROLL/0,0,0,0,0,0,0,0,0
10:18:39.325  DEBUG    TX /CONTROLL/0,0,0,0,0,0,0,0,0
10:18:40.928  DEBUG    TX /CONTROLL/0,0,0,0,0,0,0,0,0
10:18:42.535  DEBUG    TX /CONTROLL/0,0,0,0,0,0,0,0,0
10:18:44.141  DEBUG    TX /CONTROLL/0,0,0,0,0,0,0,0,0
10:18:45.749  DEBUG    TX /CONTROLL/0,0,0,0,0,0,0,0,0
10:18:47.357  DEBUG    TX /CONTROLL/0,0,0,0,0,0,0,0,0
10:18:48.966  DEBUG    TX /CONTROLL/0,0,0,0,0,0,0,0,0
10:18:50.575  DEBUG    TX /CONTROLL/0,0,0,0,0,0,0,0,0
10:18:52.178  DEBUG    TX /CONTROLL/0,0,0,0,0,0,0,0,0
10:18:53.782  DEBUG    TX /CONTROLL/0,0,0,0,0,0,0,0,0
10:18:55.391  DEBUG    TX /CONTROLL/0,0,0,0,0,0,0,0,0
10:18:56.995  DEBUG    TX /CONTROLL/0,0,0,0,0,0,0,0,0
10:18:58.607  DEBUG    TX /CONTROLL/0,0,0,0,0,0,0,0,0
10:19:00.214  DEBUG    TX /CONTROLL/0,0,0,0,0,0,0,0,0
10:19:01.820  DEBUG    TX /CONTROLL/0,0,0,0,0,0,0,0,0
10:19:03.426  DEBUG    TX /CONTROLL/0,0,0,0,0,0,0,0,0
10:19:05.050  DEBUG    TX /CONTROLL/0,0,0,0,0,0,0,0,0
10:19:06.662  DEBUG    TX /CONTROLL/0,0,0,0,0,0,0,0,0
10:19:08.273  DEBUG    TX /CONTROLL/0,0,0,0,0,0,0,0,0
10:19:09.880  DEBUG    TX /CONTROLL/0,0,0,0,0,0,0,0,0
10:19:11.494  DEBUG    TX /CONTROLL/0,0,0,0,0,0,0,0,0
10:19:13.099  DEBUG    TX /CONTROLL/0,0,0,0,0,0,0,0,0
10:19:14.703  DEBUG    TX /CONTROLL/0,0,0,0,0,0,0,0,0
10:19:16.311  DEBUG    TX /CONTROLL/0,0,0,0,0,0,0,0,0
10:19:17.916  DEBUG    TX /CONTROLL/0,0,0,0,0,0,0,0,0
10:19:19.522  DEBUG    TX /CONTROLL/0,0,0,0,0,0,0,0,0
10:19:21.131  DEBUG    TX /CONTROLL/0,0,0,0,0,0,0,0,0
10:19:22.740  DEBUG    TX /CONTROLL/0,0,0,0,0,0,0,0,0
10:19:24.348  DEBUG    TX /CONTROLL/0,0,0,0,0,0,0,0,0
10:19:25.958  DEBUG    TX /CONTROLL/0,0,0,0,0,0,0,0,0
10:19:27.565  DEBUG    TX /CONTROLL/0,0,0,0,0,0,0,0,0
10:19:29.172  DEBUG    TX /CONTROLL/0,0,0,0,0,0,0,0,0
10:19:30.784  DEBUG    TX /CONTROLL/0,0,0,0,0,0,0,0,0
10:19:32.394  DEBUG    TX /CONTROLL/0,0,0,0,0,0,0,0,0
10:19:34.005  DEBUG    TX /CONTROLL/0,0,0,0,0,0,0,0,0
10:19:35.620  DEBUG    TX /CONTROLL/0,0,0,0,0,0,0,0,0
10:19:36.274  INFO     RX        /BATTERY/VDDA/12874 mV
10:19:36.331  INFO     RX        === Hexapod Mainboard ===
10:19:36.331  INFO     RX        PCA9685 Right: OK
10:19:36.331  INFO     RX        PCA9685 Left:  OK
10:19:36.331  INFO     RX        LSM6DSO IMU:   OK
10:19:36.500  INFO     RX        VL53L1X ToF:   OK
10:19:36.550  INFO     RX        Locomotion:    INIT (UN_ARMED, printf mode)
10:19:36.550  INFO     RX        Press L1 to arm, R1 to disarm at any time.
10:19:36.550  INFO     RX        Ready.
10:19:37.229  DEBUG    TX /CONTROLL/0,0,0,0,0,0,0,0,0
10:19:38.833  DEBUG    TX /CONTROLL/0,0,0,0,0,0,0,0,0
10:19:40.444  DEBUG    TX /CONTROLL/0,0,0,0,0,0,0,0,0
10:19:42.059  DEBUG    TX /CONTROLL/0,0,0,0,0,0,0,0,0
10:19:43.670  DEBUG    TX /CONTROLL/0,0,0,0,0,0,0,0,0
10:19:45.278  DEBUG    TX /CONTROLL/0,0,0,-45,0,0,0,0,0
10:19:45.288  INFO     RX        /ERR/LOKO/0x00000002
10:19:45.288  INFO     RX        /ERR/LOKO/0x00000002
10:19:45.330  INFO     RX        /ERR/LOKO/0x00000002
10:19:45.491  INFO     RX        /ERR/LOKO/0x00000002
10:19:45.509  INFO     RX        /ERR/LOKO/0x00000002
10:19:45.509  INFO     RX        /ERR/LOKO/0x00000002
10:19:46.178  INFO     RX        /ERR/LOKO/0x00000002
10:19:46.201  INFO     RX        /ERR/LOKO/0x00000002
10:19:46.202  INFO     RX        /ERR/LOKO/0x00000002
10:19:46.393  INFO     RX        /ERR/LOKO/0x00000002
10:19:46.409  INFO     RX        /ERR/LOKO/0x00000002
10:19:46.409  INFO     RX        /ERR/LOKO/0x00000002
10:19:46.884  DEBUG    TX /CONTROLL/0,0,0,-45,0,0,0,0,0
10:19:47.053  INFO     RX        /ERR/LOKO/0x00000002
10:19:47.092  INFO     RX        /ERR/LOKO/0x00000002
10:19:47.092  INFO     RX        /ERR/LOKO/0x00000002
10:19:48.403  INFO     RX        /ERR/LOKO/0x00000002
10:19:48.403  INFO     RX        /ERR/LOKO/0x00000002
10:19:48.472  INFO     RX        /ERR/LOKO/0x00000002
10:19:48.472  INFO     RX        /ERR/LOKO/0x00000002
10:19:48.472  INFO     RX        /ERR/LOKO/0x00000002
10:19:48.472  INFO     RX        /ERR/LOKO/0x00000002
10:19:48.472  INFO     RX        /ERR/LOKO/0x00000002
10:19:48.480  INFO     RX        /ERR/LOKO/0x00000002
10:19:48.490  DEBUG    TX /CONTROLL/0,0,0,-17,0,0,0,0,0
10:19:50.107  DEBUG    TX /CONTROLL/0,0,0,-17,0,0,0,0,0
10:19:50.210  INFO     RX        /ERR/LOKO/0x00000002
10:19:50.210  INFO     RX        /ERR/LOKO/0x00000002
10:19:50.210  INFO     RX        /ERR/LOKO/0x00000002
10:19:50.254  INFO     RX        /ERR/LOKO/0x00000002
10:19:50.254  INFO     RX        /ERR/LOKO/0x00000002
10:19:50.254  INFO     RX        /ERR/LOKO/0x00000002
10:19:50.276  INFO     RX        /ERR/LOKO/0x00000002
10:19:50.276  INFO     RX        /ERR/LOKO/0x00000002
10:19:50.763  INFO     RX        /ERR/LOKO/0x00000002
10:19:50.802  INFO     RX        /ERR/LOKO/0x00000002
10:19:50.802  INFO     RX        /ERR/LOKO/0x00000002
10:19:50.802  INFO     RX        /ERR/LOKO/0x00000002
10:19:50.802  INFO     RX        /ERR/LOKO/0x00000002
10:19:50.818  INFO     RX        /ERR/LOKO/0x00000002
10:19:50.864  INFO     RX        /ERR/LOKO/0x00000002
10:19:51.710  DEBUG    TX /CONTROLL/0,0,0,-17,0,0,0,0,0
10:19:52.558  INFO     RX        /ERR/LOKO/0x00000002
10:19:52.559  INFO     RX        /ERR/LOKO/0x00000002
10:19:52.588  INFO     RX        /ERR/LOKO/0x00000002
10:19:52.588  INFO     RX        /ERR/LOKO/0x00000002
10:19:52.588  INFO     RX        /ERR/LOKO/0x00000002
10:19:52.625  INFO     RX        /ERR/LOKO/0x00000002
10:19:52.625  INFO     RX        /ERR/LOKO/0x00000002
10:19:53.106  INFO     RX        /ERR/LOKO/0x00000002
10:19:53.129  INFO     RX        /ERR/LOKO/0x00000002
10:19:53.129  INFO     RX        /ERR/LOKO/0x00000002
10:19:53.161  INFO     RX        /ERR/LOKO/0x00000002
10:19:53.161  INFO     RX        /ERR/LOKO/0x00000002
10:19:53.161  INFO     RX        /ERR/LOKO/0x00000002
10:19:53.199  INFO     RX        /ERR/LOKO/0x00000002
10:19:53.199  INFO     RX        /ERR/LOKO/0x00000002
10:19:53.317  DEBUG    TX /CONTROLL/0,0,0,-17,0,0,0,0,0
10:19:54.898  INFO     RX        /ERR/LOKO/0x00000002
10:19:54.898  INFO     RX        /ERR/LOKO/0x00000002
10:19:54.921  DEBUG    TX /CONTROLL/0,0,0,-17,0,0,0,0,0
10:19:54.926  INFO     RX        /ERR/LOKO/0x00000002
10:19:54.926  INFO     RX        /ERR/LOKO/0x00000002
10:19:54.970  INFO     RX        /ERR/LOKO/0x00000002
10:19:54.970  INFO     RX        /ERR/LOKO/0x00000002
10:19:54.970  INFO     RX        /ERR/LOKO/0x00000002
10:19:55.004  INFO     RX        /ERR/LOKO/0x00000002
10:19:55.478  INFO     RX        /ERR/LOKO/0x00000002
10:19:55.478  INFO     RX        /ERR/LOKO/0x00000002
10:19:55.512  INFO     RX        /ERR/LOKO/0x00000002
10:19:55.512  INFO     RX        /ERR/LOKO/0x00000002
10:19:55.512  INFO     RX        /ERR/LOKO/0x00000002
10:19:55.551  INFO     RX        /ERR/LOKO/0x00000002
10:19:55.551  INFO     RX        /ERR/LOKO/0x00000002
10:19:56.535  DEBUG    TX /CONTROLL/0,0,0,-17,0,0,0,0,0
10:19:57.246  INFO     RX        /ERR/LOKO/0x00000002
10:19:57.284  INFO     RX        /ERR/LOKO/0x00000002
10:19:57.284  INFO     RX        /ERR/LOKO/0x00000002
10:19:57.284  INFO     RX        /ERR/LOKO/0x00000002
10:19:57.330  INFO     RX        /ERR/LOKO/0x00000002
10:19:57.330  INFO     RX        /ERR/LOKO/0x00000002
10:19:57.330  INFO     RX        /ERR/LOKO/0x00000002
10:19:57.840  INFO     RX        /ERR/LOKO/0x00000002
10:19:57.840  INFO     RX        /ERR/LOKO/0x00000002
10:19:57.840  INFO     RX        /ERR/LOKO/0x00000002
10:19:57.858  INFO     RX        /ERR/LOKO/0x00000002
10:19:57.858  INFO     RX        /ERR/LOKO/0x00000002
10:19:57.885  INFO     RX        /ERR/LOKO/0x00000002
10:19:57.885  INFO     RX        /ERR/LOKO/0x00000002
10:19:57.885  INFO     RX        /ERR/LOKO/0x00000002
10:19:58.136  DEBUG    TX /CONTROLL/0,0,0,-17,0,0,0,0,0
10:19:59.621  INFO     RX        /ERR/LOKO/0x00000002
10:19:59.621  INFO     RX        /ERR/LOKO/0x00000002
10:19:59.621  INFO     RX        /ERR/LOKO/0x00000002
10:19:59.647  INFO     RX        /ERR/LOKO/0x00000002
10:19:59.648  INFO     RX        /ERR/LOKO/0x00000002
10:19:59.685  INFO     RX        /ERR/LOKO/0x00000002
10:19:59.685  INFO     RX        /ERR/LOKO/0x00000002
10:19:59.685  INFO     RX        /ERR/LOKO/0x00000002
10:19:59.740  DEBUG    TX /CONTROLL/0,0,0,-17,0,0,0,0,0
10:20:00.177  INFO     RX        /ERR/LOKO/0x00000002
10:20:00.208  INFO     RX        /ERR/LOKO/0x00000002
10:20:00.208  INFO     RX        /ERR/LOKO/0x00000002
10:20:00.208  INFO     RX        /ERR/LOKO/0x00000002
10:20:00.231  INFO     RX        /ERR/LOKO/0x00000002
10:20:00.231  INFO     RX        /ERR/LOKO/0x00000002
10:20:00.280  INFO     RX        /ERR/LOKO/0x00000002
10:20:01.352  DEBUG    TX /CONTROLL/0,0,0,-17,0,0,0,0,0
10:20:01.982  INFO     RX        /ERR/LOKO/0x00000002
10:20:01.982  INFO     RX        /ERR/LOKO/0x00000002
10:20:01.982  INFO     RX        /ERR/LOKO/0x00000002
10:20:02.015  INFO     RX        /ERR/LOKO/0x00000002
10:20:02.015  INFO     RX        /ERR/LOKO/0x00000002
10:20:02.053  INFO     RX        /ERR/LOKO/0x00000002
10:20:02.054  INFO     RX        /ERR/LOKO/0x00000002
10:20:02.517  INFO     RX        /ERR/LOKO/0x00000002
10:20:02.567  INFO     RX        /ERR/LOKO/0x00000002
10:20:02.567  INFO     RX        /ERR/LOKO/0x00000002
10:20:02.567  INFO     RX        /ERR/LOKO/0x00000002
10:20:02.582  INFO     RX        /ERR/LOKO/0x00000002
10:20:02.582  INFO     RX        /ERR/LOKO/0x00000002
10:20:02.582  INFO     RX        /ERR/LOKO/0x00000002
10:20:02.624  INFO     RX        /ERR/LOKO/0x00000002
10:20:02.962  DEBUG    TX /CONTROLL/0,0,0,-17,0,0,0,0,0
10:20:04.328  INFO     RX        /ERR/LOKO/0x00000002
10:20:04.328  INFO     RX        /ERR/LOKO/0x00000002
10:20:04.328  INFO     RX        /ERR/LOKO/0x00000002
10:20:04.363  INFO     RX        /ERR/LOKO/0x00000002
10:20:04.363  INFO     RX        /ERR/LOKO/0x00000002
10:20:04.363  INFO     RX        /ERR/LOKO/0x00000002
10:20:04.386  INFO     RX        /ERR/LOKO/0x00000002
10:20:04.386  INFO     RX        /ERR/LOKO/0x00000002
10:20:04.568  DEBUG    TX /CONTROLL/0,0,0,-17,0,0,0,0,0
10:20:04.873  INFO     RX        /ERR/LOKO/0x00000002
10:20:04.895  INFO     RX        /ERR/LOKO/0x00000002
10:20:04.895  INFO     RX        /ERR/LOKO/0x00000002
10:20:04.941  INFO     RX        /ERR/LOKO/0x00000002
10:20:04.942  INFO     RX        /ERR/LOKO/0x00000002
10:20:04.942  INFO     RX        /ERR/LOKO/0x00000002
10:20:04.959  INFO     RX        /ERR/LOKO/0x00000002
10:20:06.176  DEBUG    TX /CONTROLL/0,0,0,-17,0,0,0,0,0
10:20:07.786  DEBUG    TX /CONTROLL/0,0,0,0,0,0,0,0,0
10:20:09.394  DEBUG    TX /CONTROLL/0,0,0,0,0,0,0,0,0
10:20:11.003  DEBUG    TX /CONTROLL/0,0,0,0,0,0,0,0,0
10:20:12.608  DEBUG    TX /CONTROLL/0,0,0,0,0,0,0,0,0
10:20:14.213  DEBUG    TX /CONTROLL/0,0,0,0,0,0,0,0,0
10:20:15.835  DEBUG    TX /CONTROLL/0,0,0,0,0,0,0,0,0
10:20:17.445  DEBUG    TX /CONTROLL/0,0,0,0,0,0,0,0,0
10:20:19.050  DEBUG    TX /CONTROLL/0,0,0,0,0,0,0,0,0
10:20:20.659  DEBUG    TX /CONTROLL/0,0,0,0,0,0,0,0,0
10:20:22.268  DEBUG    TX /CONTROLL/0,0,0,0,0,0,0,0,0
10:20:23.871  DEBUG    TX /CONTROLL/0,0,0,0,0,0,0,0,0
10:20:25.474  DEBUG    TX /CONTROLL/0,0,0,0,0,0,0,0,0
10:20:27.081  DEBUG    TX /CONTROLL/0,0,0,0,0,0,0,0,0
10:20:28.690  DEBUG    TX /CONTROLL/0,0,0,0,0,0,0,0,0
10:20:30.299  DEBUG    TX /CONTROLL/0,0,0,0,0,0,0,0,0
10:20:31.905  DEBUG    TX /CONTROLL/0,0,0,0,0,0,0,0,0
10:20:33.513  DEBUG    TX /CONTROLL/0,0,0,0,0,0,0,0,0
10:20:35.122  DEBUG    TX /CONTROLL/0,0,0,0,0,0,0,0,0
10:20:36.725  DEBUG    TX /CONTROLL/0,0,0,0,0,0,0,0,0
10:20:38.334  DEBUG    TX /CONTROLL/0,0,0,0,0,0,0,0,0
10:20:39.946  DEBUG    TX /CONTROLL/0,0,0,0,0,0,0,0,0
10:20:41.553  DEBUG    TX /CONTROLL/0,0,0,0,0,0,0,0,0
10:20:43.158  DEBUG    TX /CONTROLL/0,0,0,0,0,0,0,0,0
10:20:44.766  DEBUG    TX /CONTROLL/0,0,0,0,0,0,0,0,0
10:20:46.372  DEBUG    TX /CONTROLL/0,0,0,0,0,0,0,0,0
10:20:47.983  DEBUG    TX /CONTROLL/0,0,0,0,0,0,0,0,0
10:20:49.597  DEBUG    TX /CONTROLL/0,0,0,0,0,0,0,0,0
10:20:51.206  DEBUG    TX /CONTROLL/0,0,0,0,0,0,0,0,0
10:20:52.822  DEBUG    TX /CONTROLL/0,0,0,0,0,0,0,0,0
10:20:54.429  DEBUG    TX /CONTROLL/0,0,0,0,0,0,0,0,0
10:20:56.034  DEBUG    TX /CONTROLL/0,0,0,0,0,0,0,0,0
10:20:57.642  DEBUG    TX /CONTROLL/0,0,0,0,0,0,0,0,0
10:20:59.251  DEBUG    TX /CONTROLL/0,0,0,0,0,0,0,0,0
10:21:00.860  DEBUG    TX /CONTROLL/0,0,0,0,0,0,0,0,0
10:21:02.465  DEBUG    TX /CONTROLL/0,0,0,0,0,0,0,0,0
10:21:04.071  DEBUG    TX /CONTROLL/0,0,0,0,0,0,0,0,0
10:21:05.681  DEBUG    TX /CONTROLL/0,0,0,0,0,0,0,0,0
10:21:07.289  DEBUG    TX /CONTROLL/0,0,0,0,0,0,0,0,0
10:21:08.909  DEBUG    TX /CONTROLL/0,0,0,0,0,0,0,0,0
10:21:10.513  DEBUG    TX /CONTROLL/0,0,0,0,0,0,0,0,0
10:21:12.129  DEBUG    TX /CONTROLL/0,0,0,0,0,0,0,0,0
10:21:13.739  DEBUG    TX /CONTROLL/0,0,0,0,0,0,0,0,0
10:21:15.347  DEBUG    TX /CONTROLL/0,0,0,0,0,0,0,0,0
10:21:16.953  DEBUG    TX /CONTROLL/0,0,0,0,0,0,0,0,0
10:21:18.563  DEBUG    TX /CONTROLL/0,0,0,0,0,0,0,0,0
10:21:20.168  DEBUG    TX /CONTROLL/0,0,0,0,0,0,0,0,0
10:21:21.778  DEBUG    TX /CONTROLL/0,0,0,0,0,0,0,0,0
10:21:23.389  DEBUG    TX /CONTROLL/0,0,0,0,0,0,0,0,0
10:21:25.002  DEBUG    TX /CONTROLL/0,0,0,0,0,0,0,0,0
10:21:26.614  DEBUG    TX /CONTROLL/0,0,0,0,0,0,0,0,0
10:21:28.230  DEBUG    TX /CONTROLL/0,0,0,0,0,0,0,0,0
10:21:29.847  DEBUG    TX /CONTROLL/0,0,0,0,0,0,0,0,0
10:21:31.451  DEBUG    TX /CONTROLL/0,0,0,0,0,0,0,0,0
10:21:33.063  DEBUG    TX /CONTROLL/0,0,0,0,0,0,0,0,0
10:21:34.668  DEBUG    TX /CONTROLL/0,0,0,0,0,0,0,0,0
10:21:36.275  DEBUG    TX /CONTROLL/0,0,0,0,0,0,0,0,0
10:21:37.880  DEBUG    TX /CONTROLL/0,0,0,0,0,0,0,0,0
10:21:39.485  DEBUG    TX /CONTROLL/0,0,0,0,0,0,0,0,0
10:21:41.089  DEBUG    TX /CONTROLL/0,0,0,0,0,0,0,0,0
10:21:42.699  DEBUG    TX /CONTROLL/0,0,0,0,0,0,0,0,0
10:21:44.304  DEBUG    TX /CONTROLL/0,0,0,0,0,0,0,0,0
10:21:45.915  DEBUG    TX /CONTROLL/0,0,0,0,0,0,0,0,0
10:21:47.519  DEBUG    TX /CONTROLL/0,0,0,0,0,0,0,0,0
10:21:49.126  DEBUG    TX /CONTROLL/0,0,0,0,0,0,0,0,0
10:21:50.735  DEBUG    TX /CONTROLL/0,0,0,0,0,0,0,0,0
10:21:52.342  DEBUG    TX /CONTROLL/0,0,0,0,0,0,0,0,0
10:21:53.951  DEBUG    TX /CONTROLL/0,0,0,0,0,0,0,0,0
10:21:55.553  DEBUG    TX /CONTROLL/0,0,0,0,0,0,0,0,0
10:21:57.164  DEBUG    TX /CONTROLL/0,0,0,0,0,0,0,0,0
10:21:58.772  DEBUG    TX /CONTROLL/0,0,0,0,0,0,0,0,0
10:22:00.386  DEBUG    TX /CONTROLL/0,0,0,0,0,0,0,0,0
10:22:02.002  DEBUG    TX /CONTROLL/0,0,0,0,0,0,0,0,0
10:22:03.607  DEBUG    TX /CONTROLL/0,0,0,0,0,0,0,0,0
10:22:05.216  DEBUG    TX /CONTROLL/0,0,0,0,0,0,0,0,0
10:22:06.834  DEBUG    TX /CONTROLL/0,0,0,0,0,0,0,0,0
10:22:08.442  DEBUG    TX /CONTROLL/0,0,0,0,0,0,0,0,0
10:22:10.050  DEBUG    TX /CONTROLL/0,0,0,0,0,0,0,0,0
10:22:11.658  DEBUG    TX /CONTROLL/0,0,0,0,0,0,0,0,0
10:22:13.267  DEBUG    TX /CONTROLL/0,0,0,0,0,0,0,0,0
10:22:14.874  DEBUG    TX /CONTROLL/0,0,0,0,0,0,0,0,0
10:22:16.482  DEBUG    TX /CONTROLL/0,0,0,0,0,0,0,0,0
10:22:18.092  DEBUG    TX /CONTROLL/0,0,0,0,0,0,0,0,0
10:22:19.704  DEBUG    TX /CONTROLL/0,0,0,0,0,0,0,0,0
10:22:21.313  DEBUG    TX /CONTROLL/0,0,0,0,0,0,0,0,0
10:22:22.920  DEBUG    TX /CONTROLL/0,0,0,0,0,0,0,0,0
10:22:24.527  DEBUG    TX /CONTROLL/0,0,0,0,0,0,0,0,0
10:22:26.133  DEBUG    TX /CONTROLL/0,0,0,0,0,0,0,0,0
10:22:27.744  DEBUG    TX /CONTROLL/0,0,0,0,0,0,0,0,0
10:22:29.348  DEBUG    TX /CONTROLL/0,0,0,0,0,0,0,0,0
10:22:30.957  DEBUG    TX /CONTROLL/0,0,0,0,0,0,0,0,0
10:22:32.568  DEBUG    TX /CONTROLL/0,0,0,0,0,0,0,0,0
10:22:34.180  DEBUG    TX /CONTROLL/0,0,0,0,0,0,0,0,0
10:22:35.787  DEBUG    TX /CONTROLL/0,0,0,0,0,0,0,0,0
10:22:37.402  DEBUG    TX /CONTROLL/0,0,0,0,0,0,0,0,0
10:22:39.018  DEBUG    TX /CONTROLL/0,0,0,0,0,0,0,0,0
10:22:40.622  DEBUG    TX /CONTROLL/0,0,0,0,0,0,0,0,0
10:22:42.235  DEBUG    TX /CONTROLL/0,0,0,0,0,0,0,0,0
10:22:43.842  DEBUG    TX /CONTROLL/0,0,0,0,0,0,0,0,0
10:22:45.450  DEBUG    TX /CONTROLL/0,0,0,0,0,0,0,0,0
10:22:47.055  DEBUG    TX /CONTROLL/0,0,0,0,0,0,0,0,0
10:22:48.665  DEBUG    TX /CONTROLL/0,0,0,0,0,0,0,0,0
10:22:50.270  DEBUG    TX /CONTROLL/0,0,0,0,0,0,0,0,0
10:22:51.879  DEBUG    TX /CONTROLL/0,0,0,0,0,0,0,0,0
10:22:53.485  DEBUG    TX /CONTROLL/0,0,0,0,0,0,0,0,0
10:22:55.096  DEBUG    TX /CONTROLL/0,0,0,0,0,0,0,0,0
10:22:56.700  DEBUG    TX /CONTROLL/0,0,0,0,0,0,0,0,0
10:22:58.311  DEBUG    TX /CONTROLL/0,0,0,0,0,0,0,0,0
10:22:59.922  DEBUG    TX /CONTROLL/0,0,0,0,0,0,0,0,0
10:23:01.531  DEBUG    TX /CONTROLL/0,0,0,0,0,0,0,0,0
10:23:03.141  DEBUG    TX /CONTROLL/0,0,0,0,0,0,0,0,0
10:23:04.752  DEBUG    TX /CONTROLL/0,0,0,0,0,0,0,0,0
10:23:06.361  DEBUG    TX /CONTROLL/0,0,0,0,0,0,0,0,0
10:23:07.969  DEBUG    TX /CONTROLL/0,0,0,0,0,0,0,0,0
10:23:09.578  DEBUG    TX /CONTROLL/0,0,0,0,0,0,0,0,0
10:23:11.191  DEBUG    TX /CONTROLL/0,0,0,0,0,0,0,0,0
10:23:12.804  DEBUG    TX /CONTROLL/0,0,0,0,0,0,0,0,0
10:23:14.419  DEBUG    TX /CONTROLL/0,0,0,0,0,0,0,0,0
10:23:16.024  DEBUG    TX /CONTROLL/0,0,0,0,0,0,0,0,0
10:23:17.633  DEBUG    TX /CONTROLL/0,0,0,0,0,0,0,0,0
10:23:19.240  DEBUG    TX /CONTROLL/0,0,0,0,0,0,0,0,0
10:23:20.846  DEBUG    TX /CONTROLL/0,0,0,0,0,0,0,0,0
10:23:22.451  DEBUG    TX /CONTROLL/0,0,0,0,0,0,0,0,0
10:23:24.055  DEBUG    TX /CONTROLL/0,0,0,0,0,0,0,0,0
10:23:25.664  DEBUG    TX /CONTROLL/0,0,0,0,0,0,0,0,0
10:23:27.267  DEBUG    TX /CONTROLL/0,0,0,0,0,0,0,0,0
10:23:28.876  DEBUG    TX /CONTROLL/0,0,0,0,0,0,0,0,0
10:23:30.485  DEBUG    TX /CONTROLL/0,0,0,0,0,0,0,0,0
10:23:32.093  DEBUG    TX /CONTROLL/0,0,0,0,0,0,0,0,0
10:23:33.700  DEBUG    TX /CONTROLL/0,0,0,0,0,0,0,0,0
10:23:35.310  DEBUG    TX /CONTROLL/0,0,0,0,0,0,0,0,0
10:23:35.933  INFO     RX        /BATTERY/VDDA/12863 mV
10:23:35.933  INFO     RX        === Hexapod Mainboard ===
10:23:35.960  INFO     RX        PCA9685 Right: OK
10:23:35.987  INFO     RX        PCA9685 Left:  OK
10:23:36.022  INFO     RX        LSM6DSO IMU:   OK
10:23:36.161  INFO     RX        VL53L1X ToF:   OK
10:23:36.187  INFO     RX        Locomotion:    INIT (UN_ARMED, printf mode)
10:23:36.187  INFO     RX        Press L1 to arm, R1 to disarm at any time.
10:23:36.187  INFO     RX        Ready.
10:23:36.918  DEBUG    TX /CONTROLL/0,0,0,0,0,0,0,0,0
10:23:38.528  DEBUG    TX /CONTROLL/0,0,0,0,0,0,0,0,4
10:23:40.135  DEBUG    TX /CONTROLL/0,0,0,0,0,0,0,0,0
10:23:41.685  INFO     RX        /ERR/LOKO/0x00000002
10:23:41.715  INFO     RX        /ERR/LOKO/0x00000002
10:23:41.715  INFO     RX        /ERR/LOKO/0x00000002
10:23:41.715  INFO     RX        /ERR/LOKO/0x00000002
10:23:41.743  DEBUG    TX /CONTROLL/0,0,0,-19,0,0,0,0,0
10:23:41.747  INFO     RX        /ERR/LOKO/0x00000002
10:23:41.747  INFO     RX        /ERR/LOKO/0x00000002
10:23:41.747  INFO     RX        /ERR/LOKO/0x00000002
10:23:42.198  INFO     RX        /ERR/LOKO/0x00000002
10:23:42.198  INFO     RX        /ERR/LOKO/0x00000002
10:23:42.230  INFO     RX        /ERR/LOKO/0x00000002
10:23:42.230  INFO     RX        /ERR/LOKO/0x00000002
10:23:42.264  INFO     RX        /ERR/LOKO/0x00000002
10:23:42.264  INFO     RX        /ERR/LOKO/0x00000002
10:23:42.264  INFO     RX        /ERR/LOKO/0x00000002
10:23:43.354  DEBUG    TX /CONTROLL/0,0,0,-19,0,0,0,0,0
10:23:43.808  INFO     RX        /ERR/LOKO/0x00000002
10:23:43.809  INFO     RX        /ERR/LOKO/0x00000002
10:23:43.809  INFO     RX        /ERR/LOKO/0x00000002
10:23:43.844  INFO     RX        /ERR/LOKO/0x00000002
10:23:43.844  INFO     RX        /ERR/LOKO/0x00000002
10:23:43.844  INFO     RX        /ERR/LOKO/0x00000002
10:23:43.874  INFO     RX        /ERR/LOKO/0x00000002
10:23:44.296  INFO     RX        /ERR/LOKO/0x00000002
10:23:44.331  INFO     RX        /ERR/LOKO/0x00000002
10:23:44.331  INFO     RX        /ERR/LOKO/0x00000002
10:23:44.331  INFO     RX        /ERR/LOKO/0x00000002
10:23:44.358  INFO     RX        /ERR/LOKO/0x00000002
10:23:44.358  INFO     RX        /ERR/LOKO/0x00000002
10:23:44.961  DEBUG    TX /CONTROLL/0,0,0,-19,0,0,0,0,0
10:23:45.906  INFO     RX        /ERR/LOKO/0x00000002
10:23:45.906  INFO     RX        /ERR/LOKO/0x00000002
10:23:45.936  INFO     RX        /ERR/LOKO/0x00000002
10:23:45.936  INFO     RX        /ERR/LOKO/0x00000002
10:23:45.974  INFO     RX        /ERR/LOKO/0x00000002
10:23:45.974  INFO     RX        /ERR/LOKO/0x00000002
10:23:45.974  INFO     RX        /ERR/LOKO/0x00000002
10:23:46.394  INFO     RX        /ERR/LOKO/0x00000002
10:23:46.426  INFO     RX        /ERR/LOKO/0x00000002
10:23:46.426  INFO     RX        /ERR/LOKO/0x00000002
10:23:46.426  INFO     RX        /ERR/LOKO/0x00000002
10:23:46.456  INFO     RX        /ERR/LOKO/0x00000002
10:23:46.457  INFO     RX        /ERR/LOKO/0x00000002
10:23:46.490  INFO     RX        /ERR/LOKO/0x00000002
10:23:46.581  DEBUG    TX /CONTROLL/0,0,0,-19,0,0,0,0,0
10:23:48.012  INFO     RX        /ERR/LOKO/0x00000002
10:23:48.012  INFO     RX        /ERR/LOKO/0x00000002
10:23:48.012  INFO     RX        /ERR/LOKO/0x00000002
10:23:48.041  INFO     RX        /ERR/LOKO/0x00000002
10:23:48.041  INFO     RX        /ERR/LOKO/0x00000002
10:23:48.076  INFO     RX        /ERR/LOKO/0x00000002
10:23:48.076  INFO     RX        /ERR/LOKO/0x00000002
10:23:48.199  DEBUG    TX /CONTROLL/0,0,0,-19,0,0,0,0,0
10:23:48.528  INFO     RX        /ERR/LOKO/0x00000002
10:23:48.528  INFO     RX        /ERR/LOKO/0x00000002
10:23:48.528  INFO     RX        /ERR/LOKO/0x00000002
10:23:48.555  INFO     RX        /ERR/LOKO/0x00000002
10:23:48.555  INFO     RX        /ERR/LOKO/0x00000002
10:23:48.555  INFO     RX        /ERR/LOKO/0x00000002
10:23:48.591  INFO     RX        /ERR/LOKO/0x00000002
10:23:49.811  DEBUG    TX /CONTROLL/0,0,0,-19,0,0,0,0,0
10:23:50.106  INFO     RX        /ERR/LOKO/0x00000002
10:23:50.143  INFO     RX        /ERR/LOKO/0x00000002
10:23:50.143  INFO     RX        /ERR/LOKO/0x00000002
10:23:50.143  INFO     RX        /ERR/LOKO/0x00000002
10:23:50.143  INFO     RX        /ERR/LOKO/0x00000002
10:23:50.172  INFO     RX        /ERR/LOKO/0x00000002
10:23:50.172  INFO     RX        /ERR/LOKO/0x00000002
10:23:50.629  INFO     RX        /ERR/LOKO/0x00000002
10:23:50.630  INFO     RX        /ERR/LOKO/0x00000002
10:23:50.630  INFO     RX        /ERR/LOKO/0x00000002
10:23:50.662  INFO     RX        /ERR/LOKO/0x00000002
10:23:50.662  INFO     RX        /ERR/LOKO/0x00000002
10:23:50.694  INFO     RX        /ERR/LOKO/0x00000002
10:23:50.695  INFO     RX        /ERR/LOKO/0x00000002
10:23:51.432  DEBUG    TX /CONTROLL/0,0,0,-19,0,0,0,0,0
10:23:52.206  INFO     RX        /ERR/LOKO/0x00000002
10:23:52.240  INFO     RX        /ERR/LOKO/0x00000002
10:23:52.240  INFO     RX        /ERR/LOKO/0x00000002
10:23:52.240  INFO     RX        /ERR/LOKO/0x00000002
10:23:52.269  INFO     RX        /ERR/LOKO/0x00000002
10:23:52.269  INFO     RX        /ERR/LOKO/0x00000002
10:23:52.304  INFO     RX        /ERR/LOKO/0x00000002
10:23:52.720  INFO     RX        /ERR/LOKO/0x00000002
10:23:52.756  INFO     RX        /ERR/LOKO/0x00000002
10:23:52.756  INFO     RX        /ERR/LOKO/0x00000002
10:23:52.756  INFO     RX        /ERR/LOKO/0x00000002
10:23:52.782  INFO     RX        /ERR/LOKO/0x00000002
10:23:52.782  INFO     RX        /ERR/LOKO/0x00000002
10:23:53.036  DEBUG    TX /CONTROLL/0,0,0,-19,0,0,0,0,0
10:23:54.441  INFO     RX        /ERR/LOKO/0x00000002
10:23:54.441  INFO     RX        /ERR/LOKO/0x00000002
10:23:54.441  INFO     RX        /ERR/LOKO/0x00000002
10:23:54.441  INFO     RX        /ERR/LOKO/0x00000002
10:23:54.441  INFO     RX        /ERR/LOKO/0x00000002
10:23:54.441  INFO     RX        /ERR/LOKO/0x00000002
10:23:54.441  INFO     RX        /ERR/LOKO/0x00000002
10:23:54.642  DEBUG    TX /CONTROLL/0,0,0,-19,0,0,0,0,0
10:23:54.898  INFO     RX        /ERR/LOKO/0x00000002
10:23:54.898  INFO     RX        /ERR/LOKO/0x00000002
10:23:54.898  INFO     RX        /ERR/LOKO/0x00000002
10:23:54.898  INFO     RX        /ERR/LOKO/0x00000002
10:23:54.898  INFO     RX        /ERR/LOKO/0x00000002
10:23:54.903  INFO     RX        /ERR/LOKO/0x00000002
10:23:54.903  INFO     RX        /ERR/LOKO/0x00000002
10:23:56.246  DEBUG    TX /CONTROLL/0,0,0,0,0,0,0,0,0
10:23:57.849  DEBUG    TX /CONTROLL/0,0,0,0,0,0,0,0,0
10:23:58.076  INFO     RX        /ERR/LOKO/0x00000002
10:23:58.112  INFO     RX        /ERR/LOKO/0x00000002
10:23:58.208  INFO     RX        /ERR/LOKO/0x00000002
10:23:58.208  INFO     RX        /ERR/LOKO/0x00000002
10:23:58.592  INFO     RX        /ERR/LOKO/0x00000002
10:23:58.592  INFO     RX        /ERR/LOKO/0x00000002
10:23:58.712  INFO     RX        /ERR/LOKO/0x00000002
10:23:59.453  DEBUG    TX /CONTROLL/0,0,0,0,0,0,0,0,0
10:24:01.057  DEBUG    TX /CONTROLL/0,0,0,-80,0,0,0,0,0
10:24:01.060  INFO     RX        /ERR/LOKO/0x00000002
10:24:01.192  INFO     RX        /ERR/LOKO/0x00000002
10:24:02.665  DEBUG    TX /CONTROLL/0,0,0,0,0,0,0,0,0
10:24:04.279  DEBUG    TX /CONTROLL/0,0,0,-12,0,0,0,0,0
10:24:05.600  INFO     RX        /ERR/LOKO/0x00000002
10:24:05.637  INFO     RX        /ERR/LOKO/0x00000002
10:24:05.637  INFO     RX        /ERR/LOKO/0x00000002
10:24:05.637  INFO     RX        /ERR/LOKO/0x00000002
10:24:05.667  INFO     RX        /ERR/LOKO/0x00000002
10:24:05.667  INFO     RX        /ERR/LOKO/0x00000002
10:24:05.701  INFO     RX        /ERR/LOKO/0x00000002
10:24:05.701  INFO     RX        /ERR/LOKO/0x00000002
10:24:05.888  DEBUG    TX /CONTROLL/0,0,0,-17,0,0,0,0,0
10:24:06.183  INFO     RX        /ERR/LOKO/0x00000002
10:24:06.183  INFO     RX        /ERR/LOKO/0x00000002
10:24:06.220  INFO     RX        /ERR/LOKO/0x00000002
10:24:06.220  INFO     RX        /ERR/LOKO/0x00000002
10:24:06.220  INFO     RX        /ERR/LOKO/0x00000002
10:24:06.246  INFO     RX        /ERR/LOKO/0x00000002
10:24:06.246  INFO     RX        /ERR/LOKO/0x00000002
10:24:06.279  INFO     RX        /ERR/LOKO/0x00000002
10:24:07.490  DEBUG    TX /CONTROLL/0,0,0,-17,0,0,0,0,0
10:24:07.974  INFO     RX        /ERR/LOKO/0x00000002
10:24:07.974  INFO     RX        /ERR/LOKO/0x00000002
10:24:07.974  INFO     RX        /ERR/LOKO/0x00000002
10:24:08.009  INFO     RX        /ERR/LOKO/0x00000002
10:24:08.009  INFO     RX        /ERR/LOKO/0x00000002
10:24:08.039  INFO     RX        /ERR/LOKO/0x00000002
10:24:08.039  INFO     RX        /ERR/LOKO/0x00000002
10:24:08.039  INFO     RX        /ERR/LOKO/0x00000002
10:24:08.556  INFO     RX        /ERR/LOKO/0x00000002
10:24:08.556  INFO     RX        /ERR/LOKO/0x00000002
10:24:08.556  INFO     RX        /ERR/LOKO/0x00000002
10:24:08.556  INFO     RX        /ERR/LOKO/0x00000002
10:24:08.597  INFO     RX        /ERR/LOKO/0x00000002
10:24:08.597  INFO     RX        /ERR/LOKO/0x00000002
10:24:08.597  INFO     RX        /ERR/LOKO/0x00000002
10:24:08.616  INFO     RX        /ERR/LOKO/0x00000002
10:24:09.094  DEBUG    TX /CONTROLL/0,0,0,-17,0,0,0,0,0
10:24:10.325  INFO     RX        /ERR/LOKO/0x00000002
10:24:10.351  INFO     RX        /ERR/LOKO/0x00000002
10:24:10.355  INFO     RX        /ERR/LOKO/0x00000002
10:24:10.355  INFO     RX        /ERR/LOKO/0x00000002
10:24:10.387  INFO     RX        /ERR/LOKO/0x00000002
10:24:10.388  INFO     RX        /ERR/LOKO/0x00000002
10:24:10.388  INFO     RX        /ERR/LOKO/0x00000002
10:24:10.700  DEBUG    TX /CONTROLL/0,0,0,-17,0,0,0,0,0
10:24:10.900  INFO     RX        /ERR/LOKO/0x00000002
10:24:10.900  INFO     RX        /ERR/LOKO/0x00000002
10:24:10.900  INFO     RX        /ERR/LOKO/0x00000002
10:24:10.931  INFO     RX        /ERR/LOKO/0x00000002
10:24:10.931  INFO     RX        /ERR/LOKO/0x00000002
10:24:10.931  INFO     RX        /ERR/LOKO/0x00000002
10:24:10.960  INFO     RX        /ERR/LOKO/0x00000002
10:24:10.960  INFO     RX        /ERR/LOKO/0x00000002
10:24:12.305  DEBUG    TX /CONTROLL/0,0,0,-17,0,0,0,0,0
10:24:12.667  INFO     RX        /ERR/LOKO/0x00000002
10:24:12.697  INFO     RX        /ERR/LOKO/0x00000002
10:24:12.697  INFO     RX        /ERR/LOKO/0x00000002
10:24:12.733  INFO     RX        /ERR/LOKO/0x00000002
10:24:12.733  INFO     RX        /ERR/LOKO/0x00000002
10:24:12.733  INFO     RX        /ERR/LOKO/0x00000002
10:24:12.761  INFO     RX        /ERR/LOKO/0x00000002
10:24:13.248  INFO     RX        /ERR/LOKO/0x00000002
10:24:13.248  INFO     RX        /ERR/LOKO/0x00000002
10:24:13.277  INFO     RX        /ERR/LOKO/0x00000002
10:24:13.277  INFO     RX        /ERR/LOKO/0x00000002
10:24:13.312  INFO     RX        /ERR/LOKO/0x00000002
10:24:13.312  INFO     RX        /ERR/LOKO/0x00000002
10:24:13.312  INFO     RX        /ERR/LOKO/0x00000002
10:24:13.918  DEBUG    TX /CONTROLL/0,0,0,-17,0,0,0,0,0
10:24:15.049  INFO     RX        /ERR/LOKO/0x00000002
10:24:15.049  INFO     RX        /ERR/LOKO/0x00000002
10:24:15.049  INFO     RX        /ERR/LOKO/0x00000002
10:24:15.078  INFO     RX        /ERR/LOKO/0x00000002
10:24:15.079  INFO     RX        /ERR/LOKO/0x00000002
10:24:15.079  INFO     RX        /ERR/LOKO/0x00000002
10:24:15.115  INFO     RX        /ERR/LOKO/0x00000002
10:24:15.528  DEBUG    TX /CONTROLL/0,0,0,-17,0,0,0,0,0
10:24:15.594  INFO     RX        /ERR/LOKO/0x00000002
10:24:15.629  INFO     RX        /ERR/LOKO/0x00000002
10:24:15.629  INFO     RX        /ERR/LOKO/0x00000002
10:24:15.629  INFO     RX        /ERR/LOKO/0x00000002
10:24:15.664  INFO     RX        /ERR/LOKO/0x00000002
10:24:15.664  INFO     RX        /ERR/LOKO/0x00000002
10:24:15.664  INFO     RX        /ERR/LOKO/0x00000002
10:24:17.132  DEBUG    TX /CONTROLL/0,0,0,-17,0,0,0,0,0
10:24:17.392  INFO     RX        /ERR/LOKO/0x00000002
10:24:17.392  INFO     RX        /ERR/LOKO/0x00000002
10:24:17.392  INFO     RX        /ERR/LOKO/0x00000002
10:24:17.427  INFO     RX        /ERR/LOKO/0x00000002
10:24:17.427  INFO     RX        /ERR/LOKO/0x00000002
10:24:17.427  INFO     RX        /ERR/LOKO/0x00000002
10:24:17.456  INFO     RX        /ERR/LOKO/0x00000002
10:24:17.456  INFO     RX        /ERR/LOKO/0x00000002
10:24:17.944  INFO     RX        /ERR/LOKO/0x00000002
10:24:17.972  INFO     RX        /ERR/LOKO/0x00000002
10:24:17.972  INFO     RX        /ERR/LOKO/0x00000002
10:24:17.972  INFO     RX        /ERR/LOKO/0x00000002
10:24:18.007  INFO     RX        /ERR/LOKO/0x00000002
10:24:18.007  INFO     RX        /ERR/LOKO/0x00000002
10:24:18.007  INFO     RX        /ERR/LOKO/0x00000002
10:24:18.742  DEBUG    TX /CONTROLL/0,0,0,-17,0,0,0,0,0
10:24:19.751  INFO     RX        /ERR/LOKO/0x00000002
10:24:19.751  INFO     RX        /ERR/LOKO/0x00000002
10:24:19.751  INFO     RX        /ERR/LOKO/0x00000002
10:24:19.784  INFO     RX        /ERR/LOKO/0x00000002
10:24:19.784  INFO     RX        /ERR/LOKO/0x00000002
10:24:19.784  INFO     RX        /ERR/LOKO/0x00000002
10:24:19.811  INFO     RX        /ERR/LOKO/0x00000002
10:24:19.811  INFO     RX        /ERR/LOKO/0x00000002
10:24:20.298  INFO     RX        /ERR/LOKO/0x00000002
10:24:20.333  INFO     RX        /ERR/LOKO/0x00000002
10:24:20.333  INFO     RX        /ERR/LOKO/0x00000002
10:24:20.333  INFO     RX        /ERR/LOKO/0x00000002
10:24:20.354  DEBUG    TX /CONTROLL/0,0,0,-17,0,0,0,0,0
10:24:20.366  INFO     RX        /ERR/LOKO/0x00000002
10:24:20.366  INFO     RX        /ERR/LOKO/0x00000002
10:24:20.366  INFO     RX        /ERR/LOKO/0x00000002
10:24:21.871  INFO     RX        /ERR/LOKO/0x00000002
10:24:21.871  INFO     RX        /ERR/LOKO/0x00000002
10:24:21.906  INFO     RX        /ERR/LOKO/0x00000002
10:24:21.934  INFO     RX        /ERR/LOKO/0x00000002
10:24:21.935  INFO     RX        /ERR/LOKO/0x00000002
10:24:21.964  DEBUG    TX /CONTROLL/0,0,12,-16,0,0,0,0,0
10:24:21.969  INFO     RX        /ERR/LOKO/0x00000002
10:24:21.970  INFO     RX        /ERR/LOKO/0x00000002
10:24:21.970  INFO     RX        /ERR/LOKO/0x00000002
10:24:22.004  INFO     RX        /ERR/LOKO/0x00000002
10:24:22.004  INFO     RX        /ERR/LOKO/0x00000002
10:24:22.004  INFO     RX        /ERR/LOKO/0x00000002
10:24:22.034  INFO     RX        /ERR/LOKO/0x00000002
10:24:22.034  INFO     RX        /ERR/LOKO/0x00000002
10:24:22.067  INFO     RX        /ERR/LOKO/0x00000002
10:24:22.067  INFO     RX        /ERR/LOKO/0x00000002
10:24:22.067  INFO     RX        /ERR/LOKO/0x00000002
10:24:22.094  INFO     RX        /ERR/LOKO/0x00000002
10:24:22.094  INFO     RX        /ERR/LOKO/0x00000002
10:24:22.129  INFO     RX        /ERR/LOKO/0x00000002
10:24:22.130  INFO     RX        /ERR/LOKO/0x00000002
10:24:22.130  INFO     RX        /ERR/LOKO/0x00000002
10:24:22.162  INFO     RX        /ERR/LOKO/0x00000002
10:24:22.162  INFO     RX        /ERR/LOKO/0x00000002
10:24:22.901  INFO     RX        /ERR/LOKO/0x00000002
10:24:22.901  INFO     RX        /ERR/LOKO/0x00000002
10:24:22.937  INFO     RX        /ERR/LOKO/0x00000002
10:24:22.938  INFO     RX        /ERR/LOKO/0x00000002
10:24:22.938  INFO     RX        /ERR/LOKO/0x00000002
10:24:22.971  INFO     RX        /ERR/LOKO/0x00000002
10:24:22.971  INFO     RX        /ERR/LOKO/0x00000002
10:24:22.971  INFO     RX        /ERR/LOKO/0x00000002
10:24:23.003  INFO     RX        /ERR/LOKO/0x00000002
10:24:23.003  INFO     RX        /ERR/LOKO/0x00000002
10:24:23.003  INFO     RX        /ERR/LOKO/0x00000002
10:24:23.034  INFO     RX        /ERR/LOKO/0x00000002
10:24:23.034  INFO     RX        /ERR/LOKO/0x00000002
10:24:23.070  INFO     RX        /ERR/LOKO/0x00000002
10:24:23.070  INFO     RX        /ERR/LOKO/0x00000002
10:24:23.070  INFO     RX        /ERR/LOKO/0x00000002
10:24:23.103  INFO     RX        /ERR/LOKO/0x00000002
10:24:23.103  INFO     RX        /ERR/LOKO/0x00000002
10:24:23.103  INFO     RX        /ERR/LOKO/0x00000002
10:24:23.135  INFO     RX        /ERR/LOKO/0x00000002
10:24:23.135  INFO     RX        /ERR/LOKO/0x00000002
10:24:23.135  INFO     RX        /ERR/LOKO/0x00000002
10:24:23.167  INFO     RX        /ERR/LOKO/0x00000002
10:24:23.167  INFO     RX        /ERR/LOKO/0x00000002
10:24:23.167  INFO     RX        /ERR/LOKO/0x00000002
10:24:23.196  INFO     RX        /ERR/LOKO/0x00000002
10:24:23.196  INFO     RX        /ERR/LOKO/0x00000002
10:24:23.233  INFO     RX        /ERR/LOKO/0x00000002
10:24:23.233  INFO     RX        /ERR/LOKO/0x00000002
10:24:23.233  INFO     RX        /ERR/LOKO/0x00000002
10:24:23.263  INFO     RX        /ERR/LOKO/0x00000002
10:24:23.579  DEBUG    TX /CONTROLL/0,0,13,0,0,0,0,0,0
10:24:25.188  DEBUG    TX /CONTROLL/0,0,15,0,0,0,0,0,0
10:24:25.674  INFO     RX        /ERR/LOKO/0x00000002
10:24:25.706  INFO     RX        /ERR/LOKO/0x00000002
10:24:25.706  INFO     RX        /ERR/LOKO/0x00000002
10:24:25.706  INFO     RX        /ERR/LOKO/0x00000002
10:24:25.738  INFO     RX        /ERR/LOKO/0x00000002
10:24:25.738  INFO     RX        /ERR/LOKO/0x00000002
10:24:25.738  INFO     RX        /ERR/LOKO/0x00000002
10:24:25.770  INFO     RX        /ERR/LOKO/0x00000002
10:24:25.770  INFO     RX        /ERR/LOKO/0x00000002
10:24:25.802  INFO     RX        /ERR/LOKO/0x00000002
10:24:25.802  INFO     RX        /ERR/LOKO/0x00000002
10:24:25.802  INFO     RX        /ERR/LOKO/0x00000002
10:24:25.831  INFO     RX        /ERR/LOKO/0x00000002
10:24:25.831  INFO     RX        /ERR/LOKO/0x00000002
10:24:25.866  INFO     RX        /ERR/LOKO/0x00000002
10:24:25.866  INFO     RX        /ERR/LOKO/0x00000002
10:24:25.867  INFO     RX        /ERR/LOKO/0x00000002
10:24:25.900  INFO     RX        /ERR/LOKO/0x00000002
10:24:25.900  INFO     RX        /ERR/LOKO/0x00000002
10:24:25.900  INFO     RX        /ERR/LOKO/0x00000002
10:24:25.930  INFO     RX        /ERR/LOKO/0x00000002
10:24:25.930  INFO     RX        /ERR/LOKO/0x00000002
10:24:25.930  INFO     RX        /ERR/LOKO/0x00000002
10:24:25.966  INFO     RX        /ERR/LOKO/0x00000002
10:24:25.966  INFO     RX        /ERR/LOKO/0x00000002
10:24:25.966  INFO     RX        /ERR/LOKO/0x00000002
10:24:26.000  INFO     RX        /ERR/LOKO/0x00000002
10:24:26.000  INFO     RX        /ERR/LOKO/0x00000002
10:24:26.000  INFO     RX        /ERR/LOKO/0x00000002
10:24:26.026  INFO     RX        /ERR/LOKO/0x00000002
10:24:26.026  INFO     RX        /ERR/LOKO/0x00000002
10:24:26.061  INFO     RX        /ERR/LOKO/0x00000002
10:24:26.061  INFO     RX        /ERR/LOKO/0x00000002
10:24:26.061  INFO     RX        /ERR/LOKO/0x00000002
10:24:26.095  INFO     RX        /ERR/LOKO/0x00000002
10:24:26.095  INFO     RX        /ERR/LOKO/0x00000002
10:24:26.095  INFO     RX        /ERR/LOKO/0x00000002
10:24:26.123  INFO     RX        /ERR/LOKO/0x00000002
10:24:26.798  DEBUG    TX /CONTROLL/0,0,14,0,0,0,0,0,0
10:24:28.407  DEBUG    TX /CONTROLL/0,0,14,0,0,0,0,0,0
10:24:28.506  INFO     RX        /ERR/LOKO/0x00000002
10:24:28.506  INFO     RX        /ERR/LOKO/0x00000002
10:24:28.544  INFO     RX        /ERR/LOKO/0x00000002
10:24:28.544  INFO     RX        /ERR/LOKO/0x00000002
10:24:28.544  INFO     RX        /ERR/LOKO/0x00000002
10:24:28.572  INFO     RX        /ERR/LOKO/0x00000002
10:24:28.572  INFO     RX        /ERR/LOKO/0x00000002
10:24:28.572  INFO     RX        /ERR/LOKO/0x00000002
10:24:28.606  INFO     RX        /ERR/LOKO/0x00000002
10:24:28.606  INFO     RX        /ERR/LOKO/0x00000002
10:24:28.606  INFO     RX        /ERR/LOKO/0x00000002
10:24:28.635  INFO     RX        /ERR/LOKO/0x00000002
10:24:28.635  INFO     RX        /ERR/LOKO/0x00000002
10:24:28.667  INFO     RX        /ERR/LOKO/0x00000002
10:24:28.667  INFO     RX        /ERR/LOKO/0x00000002
10:24:28.667  INFO     RX        /ERR/LOKO/0x00000002
10:24:28.701  INFO     RX        /ERR/LOKO/0x00000002
10:24:28.701  INFO     RX        /ERR/LOKO/0x00000002
10:24:28.701  INFO     RX        /ERR/LOKO/0x00000002
10:24:28.734  INFO     RX        /ERR/LOKO/0x00000002
10:24:28.734  INFO     RX        /ERR/LOKO/0x00000002
10:24:28.734  INFO     RX        /ERR/LOKO/0x00000002
10:24:28.766  INFO     RX        /ERR/LOKO/0x00000002
10:24:28.766  INFO     RX        /ERR/LOKO/0x00000002
10:24:28.766  INFO     RX        /ERR/LOKO/0x00000002
10:24:28.800  INFO     RX        /ERR/LOKO/0x00000002
10:24:28.800  INFO     RX        /ERR/LOKO/0x00000002
10:24:28.833  INFO     RX        /ERR/LOKO/0x00000002
10:24:28.833  INFO     RX        /ERR/LOKO/0x00000002
10:24:28.833  INFO     RX        /ERR/LOKO/0x00000002
10:24:28.866  INFO     RX        /ERR/LOKO/0x00000002
10:24:28.866  INFO     RX        /ERR/LOKO/0x00000002
10:24:28.866  INFO     RX        /ERR/LOKO/0x00000002
10:24:28.893  INFO     RX        /ERR/LOKO/0x00000002
10:24:28.893  INFO     RX        /ERR/LOKO/0x00000002
10:24:28.928  INFO     RX        /ERR/LOKO/0x00000002
10:24:30.017  DEBUG    TX /CONTROLL/0,0,15,0,0,0,0,0,0
10:24:31.307  INFO     RX        /ERR/LOKO/0x00000002
10:24:31.307  INFO     RX        /ERR/LOKO/0x00000002
10:24:31.307  INFO     RX        /ERR/LOKO/0x00000002
10:24:31.338  INFO     RX        /ERR/LOKO/0x00000002
10:24:31.338  INFO     RX        /ERR/LOKO/0x00000002
10:24:31.338  INFO     RX        /ERR/LOKO/0x00000002
10:24:31.371  INFO     RX        /ERR/LOKO/0x00000002
10:24:31.371  INFO     RX        /ERR/LOKO/0x00000002
10:24:31.399  INFO     RX        /ERR/LOKO/0x00000002
10:24:31.399  INFO     RX        /ERR/LOKO/0x00000002
10:24:31.399  INFO     RX        /ERR/LOKO/0x00000002
10:24:31.432  INFO     RX        /ERR/LOKO/0x00000002
10:24:31.432  INFO     RX        /ERR/LOKO/0x00000002
10:24:31.467  INFO     RX        /ERR/LOKO/0x00000002
10:24:31.467  INFO     RX        /ERR/LOKO/0x00000002
10:24:31.467  INFO     RX        /ERR/LOKO/0x00000002
10:24:31.498  INFO     RX        /ERR/LOKO/0x00000002
10:24:31.498  INFO     RX        /ERR/LOKO/0x00000002
10:24:31.498  INFO     RX        /ERR/LOKO/0x00000002
10:24:31.532  INFO     RX        /ERR/LOKO/0x00000002
10:24:31.532  INFO     RX        /ERR/LOKO/0x00000002
10:24:31.532  INFO     RX        /ERR/LOKO/0x00000002
10:24:31.559  INFO     RX        /ERR/LOKO/0x00000002
10:24:31.559  INFO     RX        /ERR/LOKO/0x00000002
10:24:31.594  INFO     RX        /ERR/LOKO/0x00000002
10:24:31.595  INFO     RX        /ERR/LOKO/0x00000002
10:24:31.595  INFO     RX        /ERR/LOKO/0x00000002
10:24:31.622  DEBUG    TX /CONTROLL/0,0,14,0,0,0,0,0,0
10:24:31.628  INFO     RX        /ERR/LOKO/0x00000002
10:24:31.628  INFO     RX        /ERR/LOKO/0x00000002
10:24:31.628  INFO     RX        /ERR/LOKO/0x00000002
10:24:31.657  INFO     RX        /ERR/LOKO/0x00000002
10:24:31.657  INFO     RX        /ERR/LOKO/0x00000002
10:24:31.657  INFO     RX        /ERR/LOKO/0x00000002
10:24:31.692  INFO     RX        /ERR/LOKO/0x00000002
10:24:31.692  INFO     RX        /ERR/LOKO/0x00000002
10:24:33.227  DEBUG    TX /CONTROLL/0,0,14,0,0,0,0,0,0
10:24:34.067  INFO     RX        /ERR/LOKO/0x00000002
10:24:34.098  INFO     RX        /ERR/LOKO/0x00000002
10:24:34.098  INFO     RX        /ERR/LOKO/0x00000002
10:24:34.098  INFO     RX        /ERR/LOKO/0x00000002
10:24:34.134  INFO     RX        /ERR/LOKO/0x00000002
10:24:34.134  INFO     RX        /ERR/LOKO/0x00000002
10:24:34.134  INFO     RX        /ERR/LOKO/0x00000002
10:24:34.162  INFO     RX        /ERR/LOKO/0x00000002
10:24:34.162  INFO     RX        /ERR/LOKO/0x00000002
10:24:34.196  INFO     RX        /ERR/LOKO/0x00000002
10:24:34.196  INFO     RX        /ERR/LOKO/0x00000002
10:24:34.196  INFO     RX        /ERR/LOKO/0x00000002
10:24:34.226  INFO     RX        /ERR/LOKO/0x00000002
10:24:34.226  INFO     RX        /ERR/LOKO/0x00000002
10:24:34.260  INFO     RX        /ERR/LOKO/0x00000002
10:24:34.260  INFO     RX        /ERR/LOKO/0x00000002
10:24:34.260  INFO     RX        /ERR/LOKO/0x00000002
10:24:34.289  INFO     RX        /ERR/LOKO/0x00000002
10:24:34.289  INFO     RX        /ERR/LOKO/0x00000002
10:24:34.289  INFO     RX        /ERR/LOKO/0x00000002
10:24:34.328  INFO     RX        /ERR/LOKO/0x00000002
10:24:34.328  INFO     RX        /ERR/LOKO/0x00000002
10:24:34.328  INFO     RX        /ERR/LOKO/0x00000002
10:24:34.353  INFO     RX        /ERR/LOKO/0x00000002
10:24:34.353  INFO     RX        /ERR/LOKO/0x00000002
10:24:34.388  INFO     RX        /ERR/LOKO/0x00000002
10:24:34.388  INFO     RX        /ERR/LOKO/0x00000002
10:24:34.388  INFO     RX        /ERR/LOKO/0x00000002
10:24:34.418  INFO     RX        /ERR/LOKO/0x00000002
10:24:34.418  INFO     RX        /ERR/LOKO/0x00000002
10:24:34.418  INFO     RX        /ERR/LOKO/0x00000002
10:24:34.451  INFO     RX        /ERR/LOKO/0x00000002
10:24:34.451  INFO     RX        /ERR/LOKO/0x00000002
10:24:34.451  INFO     RX        /ERR/LOKO/0x00000002
10:24:34.487  INFO     RX        /ERR/LOKO/0x00000002
10:24:34.487  INFO     RX        /ERR/LOKO/0x00000002
10:24:34.832  DEBUG    TX /CONTROLL/0,0,14,0,0,0,0,0,0
10:24:36.435  DEBUG    TX /CONTROLL/0,0,14,0,0,0,0,0,0
10:24:36.860  INFO     RX        /ERR/LOKO/0x00000002
10:24:36.888  INFO     RX        /ERR/LOKO/0x00000002
10:24:36.888  INFO     RX        /ERR/LOKO/0x00000002
10:24:36.924  INFO     RX        /ERR/LOKO/0x00000002
10:24:36.924  INFO     RX        /ERR/LOKO/0x00000002
10:24:36.924  INFO     RX        /ERR/LOKO/0x00000002
10:24:36.953  INFO     RX        /ERR/LOKO/0x00000002
10:24:36.953  INFO     RX        /ERR/LOKO/0x00000002
10:24:36.953  INFO     RX        /ERR/LOKO/0x00000002
10:24:36.988  INFO     RX        /ERR/LOKO/0x00000002
10:24:36.988  INFO     RX        /ERR/LOKO/0x00000002
10:24:36.988  INFO     RX        /ERR/LOKO/0x00000002
10:24:37.016  INFO     RX        /ERR/LOKO/0x00000002
10:24:37.016  INFO     RX        /ERR/LOKO/0x00000002
10:24:37.052  INFO     RX        /ERR/LOKO/0x00000002
10:24:37.052  INFO     RX        /ERR/LOKO/0x00000002
10:24:37.052  INFO     RX        /ERR/LOKO/0x00000002
10:24:37.081  INFO     RX        /ERR/LOKO/0x00000002
10:24:37.081  INFO     RX        /ERR/LOKO/0x00000002
10:24:37.081  INFO     RX        /ERR/LOKO/0x00000002
10:24:37.117  INFO     RX        /ERR/LOKO/0x00000002
10:24:37.117  INFO     RX        /ERR/LOKO/0x00000002
10:24:37.117  INFO     RX        /ERR/LOKO/0x00000002
10:24:37.150  INFO     RX        /ERR/LOKO/0x00000002
10:24:37.150  INFO     RX        /ERR/LOKO/0x00000002
10:24:37.150  INFO     RX        /ERR/LOKO/0x00000002
10:24:37.184  INFO     RX        /ERR/LOKO/0x00000002
10:24:37.184  INFO     RX        /ERR/LOKO/0x00000002
10:24:37.212  INFO     RX        /ERR/LOKO/0x00000002
10:24:37.212  INFO     RX        /ERR/LOKO/0x00000002
10:24:37.212  INFO     RX        /ERR/LOKO/0x00000002
10:24:37.248  INFO     RX        /ERR/LOKO/0x00000002
10:24:37.248  INFO     RX        /ERR/LOKO/0x00000002
10:24:37.248  INFO     RX        /ERR/LOKO/0x00000002
10:24:37.279  INFO     RX        /ERR/LOKO/0x00000002
10:24:37.279  INFO     RX        /ERR/LOKO/0x00000002
10:24:38.042  DEBUG    TX /CONTROLL/0,0,14,0,0,0,0,0,0
10:24:39.650  DEBUG    TX /CONTROLL/0,0,14,0,0,0,0,0,0
10:24:39.657  INFO     RX        /ERR/LOKO/0x00000002
10:24:39.686  INFO     RX        /ERR/LOKO/0x00000002
10:24:39.686  INFO     RX        /ERR/LOKO/0x00000002
10:24:39.722  INFO     RX        /ERR/LOKO/0x00000002
10:24:39.722  INFO     RX        /ERR/LOKO/0x00000002
10:24:39.722  INFO     RX        /ERR/LOKO/0x00000002
10:24:39.751  INFO     RX        /ERR/LOKO/0x00000002
10:24:39.751  INFO     RX        /ERR/LOKO/0x00000002
10:24:39.751  INFO     RX        /ERR/LOKO/0x00000002
10:24:39.785  INFO     RX        /ERR/LOKO/0x00000002
10:24:39.785  INFO     RX        /ERR/LOKO/0x00000002
10:24:39.785  INFO     RX        /ERR/LOKO/0x00000002
10:24:39.814  INFO     RX        /ERR/LOKO/0x00000002
10:24:39.814  INFO     RX        /ERR/LOKO/0x00000002
10:24:39.851  INFO     RX        /ERR/LOKO/0x00000002
10:24:39.851  INFO     RX        /ERR/LOKO/0x00000002
10:24:39.851  INFO     RX        /ERR/LOKO/0x00000002
10:24:39.878  INFO     RX        /ERR/LOKO/0x00000002
10:24:39.878  INFO     RX        /ERR/LOKO/0x00000002
10:24:39.878  INFO     RX        /ERR/LOKO/0x00000002
10:24:39.914  INFO     RX        /ERR/LOKO/0x00000002
10:24:39.914  INFO     RX        /ERR/LOKO/0x00000002
10:24:39.914  INFO     RX        /ERR/LOKO/0x00000002
10:24:39.942  INFO     RX        /ERR/LOKO/0x00000002
10:24:39.942  INFO     RX        /ERR/LOKO/0x00000002
10:24:39.977  INFO     RX        /ERR/LOKO/0x00000002
10:24:39.977  INFO     RX        /ERR/LOKO/0x00000002
10:24:39.977  INFO     RX        /ERR/LOKO/0x00000002
10:24:40.007  INFO     RX        /ERR/LOKO/0x00000002
10:24:40.007  INFO     RX        /ERR/LOKO/0x00000002
10:24:40.007  INFO     RX        /ERR/LOKO/0x00000002
10:24:40.042  INFO     RX        /ERR/LOKO/0x00000002
10:24:40.042  INFO     RX        /ERR/LOKO/0x00000002
10:24:40.042  INFO     RX        /ERR/LOKO/0x00000002
10:24:40.071  INFO     RX        /ERR/LOKO/0x00000002
10:24:41.257  DEBUG    TX /CONTROLL/0,0,14,0,0,0,0,0,0
10:24:42.450  INFO     RX        /ERR/LOKO/0x00000002
10:24:42.450  INFO     RX        /ERR/LOKO/0x00000002
10:24:42.482  INFO     RX        /ERR/LOKO/0x00000002
10:24:42.482  INFO     RX        /ERR/LOKO/0x00000002
10:24:42.482  INFO     RX        /ERR/LOKO/0x00000002
10:24:42.515  INFO     RX        /ERR/LOKO/0x00000002
10:24:42.515  INFO     RX        /ERR/LOKO/0x00000002
10:24:42.547  INFO     RX        /ERR/LOKO/0x00000002
10:24:42.547  INFO     RX        /ERR/LOKO/0x00000002
10:24:42.547  INFO     RX        /ERR/LOKO/0x00000002
10:24:42.576  INFO     RX        /ERR/LOKO/0x00000002
10:24:42.576  INFO     RX        /ERR/LOKO/0x00000002
10:24:42.576  INFO     RX        /ERR/LOKO/0x00000002
10:24:42.613  INFO     RX        /ERR/LOKO/0x00000002
10:24:42.613  INFO     RX        /ERR/LOKO/0x00000002
10:24:42.613  INFO     RX        /ERR/LOKO/0x00000002
10:24:42.641  INFO     RX        /ERR/LOKO/0x00000002
10:24:42.641  INFO     RX        /ERR/LOKO/0x00000002
10:24:42.678  INFO     RX        /ERR/LOKO/0x00000002
10:24:42.678  INFO     RX        /ERR/LOKO/0x00000002
10:24:42.678  INFO     RX        /ERR/LOKO/0x00000002
10:24:42.709  INFO     RX        /ERR/LOKO/0x00000002
10:24:42.709  INFO     RX        /ERR/LOKO/0x00000002
10:24:42.709  INFO     RX        /ERR/LOKO/0x00000002
10:24:42.740  INFO     RX        /ERR/LOKO/0x00000002
10:24:42.740  INFO     RX        /ERR/LOKO/0x00000002
10:24:42.740  INFO     RX        /ERR/LOKO/0x00000002
10:24:42.770  INFO     RX        /ERR/LOKO/0x00000002
10:24:42.770  INFO     RX        /ERR/LOKO/0x00000002
10:24:42.804  INFO     RX        /ERR/LOKO/0x00000002
10:24:42.805  INFO     RX        /ERR/LOKO/0x00000002
10:24:42.805  INFO     RX        /ERR/LOKO/0x00000002
10:24:42.834  INFO     RX        /ERR/LOKO/0x00000002
10:24:42.834  INFO     RX        /ERR/LOKO/0x00000002
10:24:42.834  INFO     RX        /ERR/LOKO/0x00000002
10:24:42.863  DEBUG    TX /CONTROLL/0,0,14,0,0,0,0,0,0
10:24:42.869  INFO     RX        /ERR/LOKO/0x00000002
10:24:44.472  DEBUG    TX /CONTROLL/0,0,0,0,0,0,0,0,0
10:24:46.017  INFO     RX        /ERR/LOKO/0x00000002
10:24:46.017  INFO     RX        /ERR/LOKO/0x00000002
10:24:46.053  INFO     RX        /ERR/LOKO/0x00000002
10:24:46.079  DEBUG    TX /CONTROLL/0,0,0,-42,0,0,0,0,0
10:24:46.760  INFO     RX        /ERR/LOKO/0x00000002
10:24:46.760  INFO     RX        /ERR/LOKO/0x00000002
10:24:46.760  INFO     RX        /ERR/LOKO/0x00000002
10:24:46.982  INFO     RX        /ERR/LOKO/0x00000002
10:24:46.982  INFO     RX        /ERR/LOKO/0x00000002
10:24:47.011  INFO     RX        /ERR/LOKO/0x00000002
10:24:47.682  DEBUG    TX /CONTROLL/0,0,0,-40,0,0,0,0,0
10:24:47.721  INFO     RX        /ERR/LOKO/0x00000002
10:24:47.721  INFO     RX        /ERR/LOKO/0x00000002
10:24:47.749  INFO     RX        /ERR/LOKO/0x00000002
10:24:47.749  INFO     RX        /ERR/LOKO/0x00000002
10:24:47.977  INFO     RX        /ERR/LOKO/0x00000002
10:24:47.978  INFO     RX        /ERR/LOKO/0x00000002
10:24:47.978  INFO     RX        /ERR/LOKO/0x00000002
10:24:49.292  DEBUG    TX /CONTROLL/0,0,0,0,0,0,0,0,0
10:24:50.905  DEBUG    TX /CONTROLL/0,0,0,0,0,0,0,0,0
10:24:52.520  DEBUG    TX /CONTROLL/0,0,0,0,0,0,0,0,0
10:24:54.147  DEBUG    TX /CONTROLL/0,0,0,0,0,0,0,0,0
10:24:55.764  DEBUG    TX /CONTROLL/0,0,0,0,0,0,0,0,0
10:24:57.374  DEBUG    TX /CONTROLL/0,0,0,0,0,0,0,0,0
10:24:58.980  DEBUG    TX /CONTROLL/0,0,0,0,0,0,0,0,0
10:25:00.588  DEBUG    TX /CONTROLL/0,0,0,0,0,0,0,0,0
10:25:02.194  DEBUG    TX /CONTROLL/0,0,0,0,0,0,0,0,0
10:25:03.801  DEBUG    TX /CONTROLL/0,0,0,0,0,0,0,0,0
10:25:05.410  DEBUG    TX /CONTROLL/0,0,0,0,0,0,0,0,0
10:25:07.019  DEBUG    TX /CONTROLL/0,0,0,0,0,0,0,0,0
10:25:08.629  DEBUG    TX /CONTROLL/0,0,0,0,0,0,0,0,0
10:25:10.234  DEBUG    TX /CONTROLL/0,0,0,0,0,0,0,0,0
10:25:11.840  DEBUG    TX /CONTROLL/0,0,0,0,0,0,0,0,0
10:25:13.450  DEBUG    TX /CONTROLL/0,0,0,0,0,0,0,0,0
10:25:15.057  DEBUG    TX /CONTROLL/0,0,0,0,0,0,0,0,0
10:25:16.315  INFO     RX        SERVO/BATTERY/VDDA/12861 mV
10:25:16.315  INFO     RX        === Hexapod Mainboard ===
10:25:16.363  INFO     RX        PCA9685 Right: OK
10:25:16.363  INFO     RX        PCA9685 Left:  OK
10:25:16.370  INFO     RX        LSM6DSO IMU:   OK
10:25:16.541  INFO     RX        VL53L1X ToF:   OK
10:25:16.603  INFO     RX        Locomotion:    INIT (UN_ARMED, printf mode)
10:25:16.603  INFO     RX        Press L1 to arm, R1 to disarm at any time.
10:25:16.604  INFO     RX        Ready.
10:25:16.666  DEBUG    TX /CONTROLL/0,0,0,0,0,0,0,0,0
10:25:18.273  DEBUG    TX /CONTROLL/0,0,0,0,0,0,0,0,0
10:25:19.888  DEBUG    TX /CONTROLL/0,0,0,0,0,0,0,0,0
10:25:21.496  DEBUG    TX /CONTROLL/0,0,0,0,0,0,0,0,0
10:25:23.104  DEBUG    TX /CONTROLL/0,0,0,0,0,0,0,0,0
10:25:24.711  DEBUG    TX /CONTROLL/0,0,0,0,0,0,0,0,0
10:25:26.319  DEBUG    TX /CONTROLL/0,0,0,0,0,0,0,0,0
10:25:27.936  DEBUG    TX /CONTROLL/0,0,0,0,0,0,0,0,0
10:25:29.538  DEBUG    TX /CONTROLL/0,0,0,0,0,0,0,0,0
10:25:31.145  DEBUG    TX /CONTROLL/0,0,0,0,0,0,0,0,0
10:25:32.759  DEBUG    TX /CONTROLL/0,0,0,0,0,0,0,0,0
10:25:34.367  DEBUG    TX /CONTROLL/0,0,0,0,0,0,0,0,0
10:25:35.971  DEBUG    TX /CONTROLL/0,0,0,0,0,0,0,0,0
10:25:37.582  DEBUG    TX /CONTROLL/0,0,0,0,0,0,0,0,0
10:25:39.193  DEBUG    TX /CONTROLL/0,0,0,0,0,0,0,0,0
10:25:40.798  DEBUG    TX /CONTROLL/0,0,0,0,0,0,0,0,0
10:25:42.402  DEBUG    TX /CONTROLL/0,0,0,0,0,0,0,0,0
10:25:44.012  DEBUG    TX /CONTROLL/0,0,0,0,0,0,0,0,0
10:25:45.618  DEBUG    TX /CONTROLL/0,0,0,0,0,0,0,0,0
10:25:47.222  DEBUG    TX /CONTROLL/0,0,0,0,0,0,0,0,0
10:25:48.829  DEBUG    TX /CONTROLL/0,0,0,0,0,0,0,0,0
10:25:50.438  DEBUG    TX /CONTROLL/0,0,0,0,0,0,0,0,0
10:25:52.045  DEBUG    TX /CONTROLL/0,0,0,0,0,0,0,0,0
10:25:53.652  DEBUG    TX /CONTROLL/0,0,0,0,0,0,0,0,0
10:25:55.261  DEBUG    TX /CONTROLL/0,0,0,0,0,0,0,0,0
10:25:56.866  DEBUG    TX /CONTROLL/0,0,0,0,0,0,0,0,0
10:25:58.480  DEBUG    TX /CONTROLL/0,0,0,0,0,0,0,0,0
10:26:00.092  DEBUG    TX /CONTROLL/0,0,0,0,0,0,0,0,0
10:26:01.705  DEBUG    TX /CONTROLL/0,0,0,0,0,0,0,0,0
10:26:03.321  DEBUG    TX /CONTROLL/0,0,0,0,0,0,0,0,0
10:26:04.931  DEBUG    TX /CONTROLL/0,0,0,0,0,0,0,0,0
10:26:06.544  DEBUG    TX /CONTROLL/0,0,0,0,0,0,0,0,0
10:26:08.153  DEBUG    TX /CONTROLL/0,0,0,0,0,0,0,0,0
10:26:09.768  DEBUG    TX /CONTROLL/0,0,0,0,0,0,0,0,0
10:26:11.372  DEBUG    TX /CONTROLL/0,0,0,0,0,0,0,0,0
10:26:12.982  DEBUG    TX /CONTROLL/0,0,0,0,0,0,0,0,0
10:26:14.602  DEBUG    TX /CONTROLL/0,0,0,0,0,0,0,0,0
10:26:16.215  DEBUG    TX /CONTROLL/0,0,0,0,0,0,0,0,0
10:26:17.831  DEBUG    TX /CONTROLL/0,0,0,0,0,0,0,0,0
10:26:19.436  DEBUG    TX /CONTROLL/0,0,0,0,0,0,0,0,0
10:26:21.045  DEBUG    TX /CONTROLL/0,0,0,0,0,0,0,0,0
10:26:22.651  DEBUG    TX /CONTROLL/0,0,0,0,0,0,0,0,0
10:26:24.267  DEBUG    TX /CONTROLL/0,0,0,0,0,0,0,0,0
10:26:25.878  DEBUG    TX /CONTROLL/0,0,0,0,0,0,0,0,0
10:26:27.489  DEBUG    TX /CONTROLL/0,0,0,0,0,0,0,0,0
10:26:29.103  DEBUG    TX /CONTROLL/0,0,0,0,0,0,0,0,0
10:26:30.722  DEBUG    TX /CONTROLL/0,0,0,0,0,0,0,0,0
10:26:32.332  DEBUG    TX /CONTROLL/0,0,0,0,0,0,0,0,0
10:26:33.945  DEBUG    TX /CONTROLL/0,0,0,0,0,0,0,0,0
10:26:35.568  DEBUG    TX /CONTROLL/0,0,0,0,0,0,0,0,0
10:26:37.178  DEBUG    TX /CONTROLL/0,0,0,0,0,0,0,0,0
10:26:38.798  DEBUG    TX /CONTROLL/0,0,0,0,0,0,0,0,0
10:26:40.407  DEBUG    TX /CONTROLL/0,0,0,0,0,0,0,0,0
10:26:42.025  DEBUG    TX /CONTROLL/0,0,0,0,0,0,0,0,0
10:26:43.645  DEBUG    TX /CONTROLL/0,0,0,0,0,0,0,0,0
10:26:45.255  DEBUG    TX /CONTROLL/0,0,0,0,0,0,0,0,0
10:26:46.859  DEBUG    TX /CONTROLL/0,0,0,0,0,0,0,0,0
10:26:48.470  DEBUG    TX /CONTROLL/0,0,0,0,0,0,0,0,0
10:26:50.083  DEBUG    TX /CONTROLL/0,0,0,0,0,0,0,0,0
10:26:51.694  DEBUG    TX /CONTROLL/0,0,0,0,0,0,0,0,0
10:26:53.307  DEBUG    TX /CONTROLL/0,0,0,0,0,0,0,0,0
10:26:54.916  DEBUG    TX /CONTROLL/0,0,0,0,0,0,0,0,0
10:26:56.521  DEBUG    TX /CONTROLL/0,0,0,0,0,0,0,0,0
10:26:58.125  DEBUG    TX /CONTROLL/0,0,0,0,0,0,0,0,0
10:26:59.735  DEBUG    TX /CONTROLL/0,0,0,0,0,0,0,0,0
10:27:01.350  DEBUG    TX /CONTROLL/0,0,0,0,0,0,0,0,0
10:27:02.957  DEBUG    TX /CONTROLL/0,0,0,0,0,0,0,0,0
10:27:04.562  DEBUG    TX /CONTROLL/0,0,0,0,0,0,0,0,0
10:27:06.166  DEBUG    TX /CONTROLL/0,0,0,0,0,0,0,0,0
10:27:07.772  DEBUG    TX /CONTROLL/0,0,0,0,0,0,0,0,0
10:27:09.376  DEBUG    TX /CONTROLL/0,0,0,0,0,0,0,0,0
10:27:10.982  DEBUG    TX /CONTROLL/0,0,0,0,0,0,0,0,0
10:27:12.598  DEBUG    TX /CONTROLL/0,0,0,0,0,0,0,0,0
10:27:14.214  DEBUG    TX /CONTROLL/0,0,0,0,0,0,0,0,0
10:27:15.826  DEBUG    TX /CONTROLL/0,0,0,0,0,0,0,0,0
10:27:17.440  DEBUG    TX /CONTROLL/0,0,0,0,0,0,0,0,0
10:27:19.054  DEBUG    TX /CONTROLL/0,0,0,0,0,0,0,0,0
10:27:20.669  DEBUG    TX /CONTROLL/0,0,0,0,0,0,0,0,0
10:27:22.279  DEBUG    TX /CONTROLL/0,0,0,0,0,0,0,0,0
10:27:23.886  DEBUG    TX /CONTROLL/0,0,0,0,0,0,0,0,0
10:27:25.494  DEBUG    TX /CONTROLL/0,0,0,0,0,0,0,0,0
10:27:27.104  DEBUG    TX /CONTROLL/0,0,0,0,0,0,0,0,0
10:27:28.719  DEBUG    TX /CONTROLL/0,0,0,0,0,0,0,0,0
10:27:30.327  DEBUG    TX /CONTROLL/0,0,0,0,0,0,0,0,0
10:27:31.937  DEBUG    TX /CONTROLL/0,0,0,0,0,0,0,0,0
10:27:33.549  DEBUG    TX /CONTROLL/0,0,0,0,0,0,0,0,0
10:27:35.158  DEBUG    TX /CONTROLL/0,0,0,0,0,0,0,0,0
10:27:36.761  DEBUG    TX /CONTROLL/0,0,0,0,0,0,0,0,0
10:27:38.371  DEBUG    TX /CONTROLL/0,0,0,0,0,0,0,0,0
10:27:38.407  INFO     RX        /BATTERY/VDDA/12865 mV
10:27:38.407  INFO     RX        === Hexapod Mainboard ===
10:27:38.442  INFO     RX        PCA9685 Right: OK
10:27:38.442  INFO     RX        PCA9685 Left:  OK
10:27:38.472  INFO     RX        LSM6DSO IMU:   OK
10:27:38.621  INFO     RX        VL53L1X ToF:   OK
10:27:38.664  INFO     RX        Locomotion:    INIT (UN_ARMED, printf mode)
10:27:38.665  INFO     RX        Press L1 to arm, R1 to disarm at any time.
10:27:38.665  INFO     RX        Ready.
10:27:39.979  DEBUG    TX /CONTROLL/0,0,0,0,0,0,0,0,0
10:27:41.591  DEBUG    TX /CONTROLL/0,0,0,0,0,0,0,0,0
10:27:43.204  DEBUG    TX /CONTROLL/0,0,0,0,0,0,0,0,0
10:27:44.816  DEBUG    TX /CONTROLL/0,0,0,0,0,0,0,0,0
10:27:46.082  INFO     RX        /ERR/LOKO/0x00000002
10:27:46.082  INFO     RX        /ERR/LOKO/0x00000002
10:27:46.112  INFO     RX        /ERR/LOKO/0x00000002
10:27:46.112  INFO     RX        /ERR/LOKO/0x00000002
10:27:46.406  INFO     RX        /ERR/LOKO/0x00000002
10:27:46.429  DEBUG    TX /CONTROLL/0,0,0,-30,0,0,0,0,0
10:27:46.433  INFO     RX        /ERR/LOKO/0x00000002
10:27:46.433  INFO     RX        /ERR/LOKO/0x00000002
10:27:46.433  INFO     RX        /ERR/LOKO/0x00000002
10:27:47.406  INFO     RX        /ERR/LOKO/0x00000002
10:27:47.438  INFO     RX        /ERR/LOKO/0x00000002
10:27:47.438  INFO     RX        /ERR/LOKO/0x00000002
10:27:47.472  INFO     RX        /ERR/LOKO/0x00000002
10:27:47.762  INFO     RX        /ERR/LOKO/0x00000002
10:27:47.762  INFO     RX        /ERR/LOKO/0x00000002
10:27:47.762  INFO     RX        /ERR/LOKO/0x00000002
10:27:47.791  INFO     RX        /ERR/LOKO/0x00000002
10:27:48.044  DEBUG    TX /CONTROLL/0,0,0,-28,0,0,0,0,0
10:27:48.823  INFO     RX        /ERR/LOKO/0x00000002
10:27:48.824  INFO     RX        /ERR/LOKO/0x00000002
10:27:48.851  INFO     RX        /ERR/LOKO/0x00000002
10:27:48.852  INFO     RX        /ERR/LOKO/0x00000002
10:27:49.654  DEBUG    TX /CONTROLL/0,0,0,0,0,0,0,0,0
10:27:51.269  DEBUG    TX /CONTROLL/0,0,0,0,0,0,0,0,0
10:27:52.872  DEBUG    TX /CONTROLL/0,0,0,0,0,0,0,0,0
10:27:54.480  DEBUG    TX /CONTROLL/0,0,0,0,0,0,0,0,0
10:27:56.089  DEBUG    TX /CONTROLL/0,0,0,0,0,0,0,0,0
10:27:57.698  DEBUG    TX /CONTROLL/0,0,0,0,0,0,0,0,0
10:27:59.305  DEBUG    TX /CONTROLL/0,0,0,-12,0,0,0,0,0
10:27:59.823  INFO     RX        /ERR/LOKO/0x00000002
10:27:59.823  INFO     RX        /ERR/LOKO/0x00000002
10:27:59.857  INFO     RX        /ERR/LOKO/0x00000002
10:27:59.857  INFO     RX        /ERR/LOKO/0x00000002
10:27:59.857  INFO     RX        /ERR/LOKO/0x00000002
10:27:59.889  INFO     RX        /ERR/LOKO/0x00000002
10:27:59.889  INFO     RX        /ERR/LOKO/0x00000002
10:27:59.889  INFO     RX        /ERR/LOKO/0x00000002
10:27:59.921  INFO     RX        /ERR/LOKO/0x00000002
10:27:59.921  INFO     RX        /ERR/LOKO/0x00000002
10:28:00.911  DEBUG    TX /CONTROLL/0,0,0,-12,0,0,0,0,0
10:28:02.520  DEBUG    TX /CONTROLL/0,0,0,0,0,0,0,0,0
10:28:04.130  DEBUG    TX /CONTROLL/0,0,0,0,0,0,0,0,0
10:28:05.738  DEBUG    TX /CONTROLL/0,0,0,0,0,0,0,0,0
10:28:07.347  DEBUG    TX /CONTROLL/0,0,0,0,0,0,0,0,0
10:28:08.938  DEBUG    TX /CONTROLL/0,0,0,0,0,0,0,0,0
10:28:10.545  DEBUG    TX /CONTROLL/0,0,0,0,0,0,0,0,0
10:28:12.154  DEBUG    TX /CONTROLL/0,0,0,0,0,0,0,0,0
10:28:13.763  DEBUG    TX /CONTROLL/0,0,0,0,0,0,0,0,0
10:28:15.371  DEBUG    TX /CONTROLL/0,0,0,0,0,0,0,0,0
10:28:16.983  DEBUG    TX /CONTROLL/0,0,0,0,0,0,0,0,0
10:28:18.590  DEBUG    TX /CONTROLL/0,0,0,0,0,0,0,0,0
10:28:20.194  DEBUG    TX /CONTROLL/0,0,0,0,0,0,0,0,0
10:28:21.797  DEBUG    TX /CONTROLL/0,0,0,0,0,0,0,0,0
10:28:23.398  DEBUG    TX /CONTROLL/0,0,0,0,0,0,0,0,0
10:28:25.013  DEBUG    TX /CONTROLL/0,0,0,0,0,0,0,0,0
10:28:26.619  DEBUG    TX /CONTROLL/0,0,0,0,0,0,0,0,0
10:28:28.223  DEBUG    TX /CONTROLL/0,0,0,0,0,0,0,0,0
10:28:29.830  DEBUG    TX /CONTROLL/0,0,0,0,0,0,0,0,0
10:28:31.443  DEBUG    TX /CONTROLL/0,0,0,0,0,0,0,0,0
10:28:33.052  DEBUG    TX /CONTROLL/0,0,0,0,0,0,0,0,0
10:28:34.661  DEBUG    TX /CONTROLL/0,0,0,0,0,0,0,0,0
10:28:36.271  DEBUG    TX /CONTROLL/0,0,0,0,0,0,0,0,0
10:28:37.877  DEBUG    TX /CONTROLL/0,0,0,0,0,0,0,0,0
10:28:39.487  DEBUG    TX /CONTROLL/0,0,0,0,0,0,0,0,0
10:28:41.091  DEBUG    TX /CONTROLL/0,0,0,0,0,0,0,0,0
10:28:42.697  DEBUG    TX /CONTROLL/0,0,0,0,0,0,0,0,0
10:28:44.303  DEBUG    TX /CONTROLL/0,0,0,0,0,0,0,0,0
10:28:45.918  DEBUG    TX /CONTROLL/0,0,0,0,0,0,0,0,0
10:28:47.531  DEBUG    TX /CONTROLL/0,0,0,0,0,0,0,0,0
10:28:49.142  DEBUG    TX /CONTROLL/0,0,0,0,0,0,0,0,0
10:28:50.753  DEBUG    TX /CONTROLL/0,0,0,0,0,0,0,0,0
10:28:52.363  DEBUG    TX /CONTROLL/0,0,0,0,0,0,0,0,0
10:28:53.981  DEBUG    TX /CONTROLL/0,0,0,0,0,0,0,0,0
10:28:55.591  DEBUG    TX /CONTROLL/0,0,0,0,0,0,0,0,0
10:28:57.197  DEBUG    TX /CONTROLL/0,0,0,0,0,0,0,0,0
10:28:58.805  DEBUG    TX /CONTROLL/0,0,0,0,0,0,0,0,0
10:29:00.419  DEBUG    TX /CONTROLL/0,0,0,0,0,0,0,0,0
10:29:02.027  DEBUG    TX /CONTROLL/0,0,0,0,0,0,0,0,0
10:29:03.634  DEBUG    TX /CONTROLL/0,0,0,0,0,0,0,0,0
10:29:05.240  DEBUG    TX /CONTROLL/0,0,0,0,0,0,0,0,0
10:29:06.852  DEBUG    TX /CONTROLL/0,0,0,0,0,0,0,0,0
10:29:08.465  DEBUG    TX /CONTROLL/0,0,0,0,0,0,0,0,0
10:29:10.076  DEBUG    TX /CONTROLL/0,0,0,0,0,0,0,0,0
10:29:11.691  DEBUG    TX /CONTROLL/0,0,0,0,0,0,0,0,0
10:29:13.300  DEBUG    TX /CONTROLL/0,0,0,0,0,0,0,0,0
10:29:14.907  DEBUG    TX /CONTROLL/0,0,0,0,0,0,0,0,0
10:29:16.511  DEBUG    TX /CONTROLL/0,0,0,0,0,0,0,0,0
10:29:18.119  DEBUG    TX /CONTROLL/0,0,0,0,0,0,0,0,0
10:29:19.729  DEBUG    TX /CONTROLL/0,0,0,0,0,0,0,0,0
10:29:21.338  DEBUG    TX /CONTROLL/0,0,0,0,0,0,0,0,0
10:29:22.951  DEBUG    TX /CONTROLL/0,0,0,0,0,0,0,0,0
10:29:24.564  DEBUG    TX /CONTROLL/0,0,0,0,0,0,0,0,0
10:29:26.175  DEBUG    TX /CONTROLL/0,0,0,0,0,0,0,0,0
10:29:27.784  DEBUG    TX /CONTROLL/0,0,0,0,0,0,0,0,0
10:29:29.402  DEBUG    TX /CONTROLL/0,0,0,0,0,0,0,0,0
10:29:31.015  DEBUG    TX /CONTROLL/0,0,0,0,0,0,0,0,0
10:29:32.624  DEBUG    TX /CONTROLL/0,0,0,0,0,0,0,0,0
10:29:34.232  DEBUG    TX /CONTROLL/0,0,0,0,0,0,0,0,0
10:29:35.848  DEBUG    TX /CONTROLL/0,0,0,0,0,0,0,0,0
10:29:37.456  DEBUG    TX /CONTROLL/0,0,0,0,0,0,0,0,0
10:29:39.063  DEBUG    TX /CONTROLL/0,0,0,0,0,0,0,0,0
10:29:40.672  DEBUG    TX /CONTROLL/0,0,0,0,0,0,0,0,0
10:29:42.285  DEBUG    TX /CONTROLL/0,0,0,0,0,0,0,0,0
10:29:43.892  DEBUG    TX /CONTROLL/0,0,0,0,0,0,0,0,0
10:29:45.501  DEBUG    TX /CONTROLL/0,0,0,0,0,0,0,0,0
10:29:47.110  DEBUG    TX /CONTROLL/0,0,0,0,0,0,0,0,0
10:29:48.730  DEBUG    TX /CONTROLL/0,0,0,0,0,0,0,0,0
10:29:50.343  DEBUG    TX /CONTROLL/0,0,0,0,0,0,0,0,0
10:29:51.948  DEBUG    TX /CONTROLL/0,0,0,0,0,0,0,0,0
10:29:53.559  DEBUG    TX /CONTROLL/0,0,0,0,0,0,0,0,0
10:29:55.166  DEBUG    TX /CONTROLL/0,0,0,0,0,0,0,0,0
10:29:56.782  DEBUG    TX /CONTROLL/0,0,0,0,0,0,0,0,0
10:29:58.398  DEBUG    TX /CONTROLL/0,0,0,0,0,0,0,0,0
10:30:00.006  DEBUG    TX /CONTROLL/0,0,0,0,0,0,0,0,0
10:30:01.613  DEBUG    TX /CONTROLL/0,0,0,0,0,0,0,0,0
10:30:03.224  DEBUG    TX /CONTROLL/0,0,0,0,0,0,0,0,0
10:30:04.836  DEBUG    TX /CONTROLL/0,0,0,0,0,0,0,0,0
10:30:06.447  DEBUG    TX /CONTROLL/0,0,0,0,0,0,0,0,0
10:30:08.055  DEBUG    TX /CONTROLL/0,0,0,0,0,0,0,0,0
10:30:09.666  DEBUG    TX /CONTROLL/0,0,0,0,0,0,0,0,0
10:30:11.277  DEBUG    TX /CONTROLL/0,0,0,0,0,0,0,0,0
10:30:12.881  DEBUG    TX /CONTROLL/0,0,0,0,0,0,0,0,0
10:30:14.484  DEBUG    TX /CONTROLL/0,0,0,0,0,0,0,0,0
10:30:16.091  DEBUG    TX /CONTROLL/0,0,0,0,0,0,0,0,0
10:30:17.709  DEBUG    TX /CONTROLL/0,0,0,0,0,0,0,0,0
10:30:19.325  DEBUG    TX /CONTROLL/0,0,0,0,0,0,0,0,0
10:30:20.933  DEBUG    TX /CONTROLL/0,0,0,0,0,0,0,0,0
10:30:22.542  DEBUG    TX /CONTROLL/0,0,0,0,0,0,0,0,0
10:30:24.160  DEBUG    TX /CONTROLL/0,0,0,0,0,0,0,0,0
10:30:25.780  DEBUG    TX /CONTROLL/0,0,0,0,0,0,0,0,0
10:30:27.390  DEBUG    TX /CONTROLL/0,0,0,0,0,0,0,0,0
10:30:29.006  DEBUG    TX /CONTROLL/0,0,0,0,0,0,0,0,0
10:30:30.621  DEBUG    TX /CONTROLL/0,0,0,0,0,0,0,0,0
10:30:32.229  DEBUG    TX /CONTROLL/0,0,0,0,0,0,0,0,0
10:30:33.832  DEBUG    TX /CONTROLL/0,0,0,0,0,0,0,0,0
10:30:35.443  DEBUG    TX /CONTROLL/0,0,0,0,0,0,0,0,0
10:30:37.057  DEBUG    TX /CONTROLL/0,0,0,0,0,0,0,0,0
10:30:38.662  DEBUG    TX /CONTROLL/0,0,0,0,0,0,0,0,0
10:30:40.272  DEBUG    TX /CONTROLL/0,0,0,0,0,0,0,0,0
10:30:41.878  DEBUG    TX /CONTROLL/0,0,0,0,0,0,0,0,0
10:30:43.485  DEBUG    TX /CONTROLL/0,0,0,0,0,0,0,0,0
10:30:45.093  DEBUG    TX /CONTROLL/0,0,0,0,0,0,0,0,0
10:30:46.705  DEBUG    TX /CONTROLL/0,0,0,0,0,0,0,0,0
10:30:48.313  DEBUG    TX /CONTROLL/0,0,0,0,0,0,0,0,0
10:30:49.918  DEBUG    TX /CONTROLL/0,0,0,0,0,0,0,0,0
10:30:51.530  DEBUG    TX /CONTROLL/0,0,0,0,0,0,0,0,0
10:30:53.146  DEBUG    TX /CONTROLL/0,0,0,0,0,0,0,0,0
10:30:54.750  DEBUG    TX /CONTROLL/0,0,0,0,0,0,0,0,0
10:30:56.360  DEBUG    TX /CONTROLL/0,0,0,0,0,0,0,0,0
10:30:57.971  DEBUG    TX /CONTROLL/0,0,0,0,0,0,0,0,0
10:30:59.582  DEBUG    TX /CONTROLL/0,0,0,0,0,0,0,0,0
10:31:01.187  DEBUG    TX /CONTROLL/0,0,0,0,0,0,0,0,0
10:31:02.796  DEBUG    TX /CONTROLL/0,0,0,0,0,0,0,0,0
10:31:04.407  DEBUG    TX /CONTROLL/0,0,0,0,0,0,0,0,0
10:31:06.009  DEBUG    TX /CONTROLL/0,0,0,0,0,0,0,0,0
10:31:07.620  DEBUG    TX /CONTROLL/0,0,0,0,0,0,0,0,0
10:31:09.235  DEBUG    TX /CONTROLL/0,0,0,0,0,0,0,0,0
10:31:10.845  DEBUG    TX /CONTROLL/0,0,0,0,0,0,0,0,0
10:31:12.456  DEBUG    TX /CONTROLL/0,0,0,0,0,0,0,0,0
10:31:14.070  DEBUG    TX /CONTROLL/0,0,0,0,0,0,0,0,0
10:31:15.679  DEBUG    TX /CONTROLL/0,0,0,0,0,0,0,0,0
10:31:17.288  DEBUG    TX /CONTROLL/0,0,0,0,0,0,0,0,0
10:31:18.898  DEBUG    TX /CONTROLL/0,0,0,0,0,0,0,0,0
10:31:20.512  DEBUG    TX /CONTROLL/0,0,0,0,0,0,0,0,0
10:31:22.119  DEBUG    TX /CONTROLL/0,0,0,0,0,0,0,0,0
10:31:23.730  DEBUG    TX /CONTROLL/0,0,0,0,0,0,0,0,0
10:31:25.340  DEBUG    TX /CONTROLL/0,0,0,0,0,0,0,0,0
10:31:26.948  DEBUG    TX /CONTROLL/0,0,0,0,0,0,0,0,0
10:31:28.554  DEBUG    TX /CONTROLL/0,0,0,0,0,0,0,0,0
10:31:30.165  DEBUG    TX /CONTROLL/0,0,0,0,0,0,0,0,0
10:31:31.770  DEBUG    TX /CONTROLL/0,0,0,0,0,0,0,0,0
10:31:33.376  DEBUG    TX /CONTROLL/0,0,0,0,0,0,0,0,0
10:31:34.992  DEBUG    TX /CONTROLL/0,0,0,0,0,0,0,0,0
10:31:36.599  DEBUG    TX /CONTROLL/0,0,0,0,0,0,0,0,0
10:31:38.210  DEBUG    TX /CONTROLL/0,0,0,0,0,0,0,0,0
10:31:39.823  DEBUG    TX /CONTROLL/0,0,0,0,0,0,0,0,0
10:31:41.437  DEBUG    TX /CONTROLL/0,0,0,0,0,0,0,0,0
10:31:43.044  DEBUG    TX /CONTROLL/0,0,0,0,0,0,0,0,0
10:31:44.656  DEBUG    TX /CONTROLL/0,0,0,0,0,0,0,0,0
10:31:46.262  DEBUG    TX /CONTROLL/0,0,0,0,0,0,0,0,0
10:31:47.872  DEBUG    TX /CONTROLL/0,0,0,0,0,0,0,0,0
10:31:49.477  DEBUG    TX /CONTROLL/0,0,0,0,0,0,0,0,0
10:31:51.086  DEBUG    TX /CONTROLL/0,0,0,0,0,0,0,0,0
10:31:52.701  DEBUG    TX /CONTROLL/0,0,0,0,0,0,0,0,0
10:31:54.308  DEBUG    TX /CONTROLL/0,0,0,0,0,0,0,0,0
10:31:55.916  DEBUG    TX /CONTROLL/0,0,0,0,0,0,0,0,0
10:31:57.529  DEBUG    TX /CONTROLL/0,0,0,0,0,0,0,0,0
10:31:59.134  DEBUG    TX /CONTROLL/0,0,0,0,0,0,0,0,0
10:32:00.740  DEBUG    TX /CONTROLL/0,0,0,0,0,0,0,0,0
10:32:02.355  DEBUG    TX /CONTROLL/0,0,0,0,0,0,0,0,0
10:32:03.974  DEBUG    TX /CONTROLL/0,0,0,0,0,0,0,0,0
10:32:05.593  DEBUG    TX /CONTROLL/0,0,0,0,0,0,0,0,0
10:32:07.207  DEBUG    TX /CONTROLL/0,0,0,0,0,0,0,0,0
10:32:08.826  DEBUG    TX /CONTROLL/0,0,0,0,0,0,0,0,0
10:32:10.442  DEBUG    TX /CONTROLL/0,0,0,0,0,0,0,0,0
10:32:12.056  DEBUG    TX /CONTROLL/0,0,0,0,0,0,0,0,0
10:32:13.670  DEBUG    TX /CONTROLL/0,0,0,0,0,0,0,0,0
10:32:15.289  DEBUG    TX /CONTROLL/0,0,0,0,0,0,0,0,0
10:32:16.898  DEBUG    TX /CONTROLL/0,0,0,0,0,0,0,0,0
10:32:18.502  DEBUG    TX /CONTROLL/0,0,0,0,0,0,0,0,0
10:32:20.112  DEBUG    TX /CONTROLL/0,0,0,0,0,0,0,0,0
10:32:21.723  DEBUG    TX /CONTROLL/0,0,0,0,0,0,0,0,0
10:32:23.331  DEBUG    TX /CONTROLL/0,0,0,0,0,0,0,0,0
10:32:24.942  DEBUG    TX /CONTROLL/0,0,0,0,0,0,0,0,0
10:32:26.556  DEBUG    TX /CONTROLL/0,0,0,0,0,0,0,0,0
10:32:28.171  DEBUG    TX /CONTROLL/0,0,0,0,0,0,0,0,0
10:32:29.781  DEBUG    TX /CONTROLL/0,0,0,-60,0,0,0,0,0
10:32:29.789  INFO     RX        /ERR/LOKO/0x00000002
10:32:29.816  INFO     RX        /ERR/LOKO/0x00000002
10:32:30.496  INFO     RX        /ERR/LOKO/0x00000002
10:32:30.496  INFO     RX        /ERR/LOKO/0x00000002
10:32:30.525  INFO     RX        /ERR/LOKO/0x00000002
10:32:30.525  INFO     RX        /ERR/LOKO/0x00000002
10:32:30.525  INFO     RX        /ERR/LOKO/0x00000002
10:32:30.561  INFO     RX        /ERR/LOKO/0x00000002
10:32:30.561  INFO     RX        /ERR/LOKO/0x00000002
10:32:30.561  INFO     RX        /ERR/LOKO/0x00000002
10:32:30.593  INFO     RX        /ERR/LOKO/0x00000002
10:32:30.593  INFO     RX        /ERR/LOKO/0x00000002
10:32:31.393  DEBUG    TX /CONTROLL/0,0,0,-12,0,0,0,0,0
10:32:33.003  DEBUG    TX /CONTROLL/0,0,0,-12,0,0,0,0,0
10:32:33.010  INFO     RX        /ERR/LOKO/0x00000002
10:32:33.045  INFO     RX        /ERR/LOKO/0x00000002
10:32:33.045  INFO     RX        /ERR/LOKO/0x00000002
10:32:33.045  INFO     RX        /ERR/LOKO/0x00000002
10:32:33.072  INFO     RX        /ERR/LOKO/0x00000002
10:32:33.072  INFO     RX        /ERR/LOKO/0x00000002
10:32:33.107  INFO     RX        /ERR/LOKO/0x00000002
10:32:33.107  INFO     RX        /ERR/LOKO/0x00000002
10:32:33.107  INFO     RX        /ERR/LOKO/0x00000002
10:32:33.140  INFO     RX        /ERR/LOKO/0x00000002
10:32:33.813  INFO     RX        /ERR/LOKO/0x00000002
10:32:33.843  INFO     RX        /ERR/LOKO/0x00000002
10:32:33.843  INFO     RX        /ERR/LOKO/0x00000002
10:32:33.877  INFO     RX        /ERR/LOKO/0x00000002
10:32:33.877  INFO     RX        /ERR/LOKO/0x00000002
10:32:33.877  INFO     RX        /ERR/LOKO/0x00000002
10:32:33.911  INFO     RX        /ERR/LOKO/0x00000002
10:32:33.911  INFO     RX        /ERR/LOKO/0x00000002
10:32:33.911  INFO     RX        /ERR/LOKO/0x00000002
10:32:33.939  INFO     RX        /ERR/LOKO/0x00000002
10:32:34.614  DEBUG    TX /CONTROLL/0,0,0,-12,0,0,0,0,0
10:32:36.223  DEBUG    TX /CONTROLL/0,0,0,0,0,0,0,0,0
10:32:37.830  DEBUG    TX /CONTROLL/0,0,0,0,0,0,0,0,0
10:32:39.436  DEBUG    TX /CONTROLL/0,0,0,0,0,0,0,0,0
10:32:41.044  DEBUG    TX /CONTROLL/0,0,0,0,0,0,0,0,0
10:32:42.657  DEBUG    TX /CONTROLL/0,0,0,0,0,0,0,0,0
10:32:44.262  DEBUG    TX /CONTROLL/0,0,0,0,0,0,0,0,0
10:32:45.872  DEBUG    TX /CONTROLL/0,0,0,0,0,0,0,0,0
10:32:47.486  DEBUG    TX /CONTROLL/0,0,0,-34,0,0,0,0,0
10:32:47.650  INFO     RX        /ERR/LOKO/0x00000002
10:32:47.650  INFO     RX        /ERR/LOKO/0x00000002
10:32:47.650  INFO     RX        /ERR/LOKO/0x00000002
10:32:47.685  INFO     RX        /ERR/LOKO/0x00000002
10:32:47.909  INFO     RX        /ERR/LOKO/0x00000002
10:32:47.943  INFO     RX        /ERR/LOKO/0x00000002
10:32:47.944  INFO     RX        /ERR/LOKO/0x00000002
10:32:47.944  INFO     RX        /ERR/LOKO/0x00000002
10:32:48.846  INFO     RX        /ERR/LOKO/0x00000002
10:32:48.875  INFO     RX        /ERR/LOKO/0x00000002
10:32:48.875  INFO     RX        /ERR/LOKO/0x00000002
10:32:48.910  INFO     RX        /ERR/LOKO/0x00000002
10:32:49.096  DEBUG    TX /CONTROLL/0,0,0,-29,0,0,0,0,0
10:32:49.196  INFO     RX        /ERR/LOKO/0x00000002
10:32:49.196  INFO     RX        /ERR/LOKO/0x00000002
10:32:49.229  INFO     RX        /ERR/LOKO/0x00000002
10:32:49.229  INFO     RX        /ERR/LOKO/0x00000002
10:32:50.704  DEBUG    TX /CONTROLL/0,0,0,0,0,0,0,0,0
10:32:52.312  DEBUG    TX /CONTROLL/0,0,0,0,0,0,0,0,0
10:32:53.921  DEBUG    TX /CONTROLL/0,0,0,0,0,0,0,0,0
10:32:55.532  DEBUG    TX /CONTROLL/0,0,0,0,0,0,0,0,0
10:32:57.142  DEBUG    TX /CONTROLL/0,0,0,-12,0,0,0,0,0
10:32:57.691  INFO     RX        /ERR/LOKO/0x00000002
10:32:57.691  INFO     RX        /ERR/LOKO/0x00000002
10:32:57.726  INFO     RX        /ERR/LOKO/0x00000002
10:32:57.727  INFO     RX        /ERR/LOKO/0x00000002
10:32:57.727  INFO     RX        /ERR/LOKO/0x00000002
10:32:57.756  INFO     RX        /ERR/LOKO/0x00000002
10:32:57.756  INFO     RX        /ERR/LOKO/0x00000002
10:32:57.790  INFO     RX        /ERR/LOKO/0x00000002
10:32:57.791  INFO     RX        /ERR/LOKO/0x00000002
10:32:57.791  INFO     RX        /ERR/LOKO/0x00000002
10:32:58.497  INFO     RX        /ERR/LOKO/0x00000002
10:32:58.497  INFO     RX        /ERR/LOKO/0x00000002
10:32:58.526  INFO     RX        /ERR/LOKO/0x00000002
10:32:58.526  INFO     RX        /ERR/LOKO/0x00000002
10:32:58.561  INFO     RX        /ERR/LOKO/0x00000002
10:32:58.561  INFO     RX        /ERR/LOKO/0x00000002
10:32:58.561  INFO     RX        /ERR/LOKO/0x00000002
10:32:58.590  INFO     RX        /ERR/LOKO/0x00000002
10:32:58.590  INFO     RX        /ERR/LOKO/0x00000002
10:32:58.590  INFO     RX        /ERR/LOKO/0x00000002
10:32:58.748  DEBUG    TX /CONTROLL/0,0,0,-12,0,0,0,0,0
10:33:00.360  DEBUG    TX /CONTROLL/0,0,0,-12,0,0,0,0,0
10:33:01.044  INFO     RX        /ERR/LOKO/0x00000002
10:33:01.044  INFO     RX        /ERR/LOKO/0x00000002
10:33:01.044  INFO     RX        /ERR/LOKO/0x00000002
10:33:01.074  INFO     RX        /ERR/LOKO/0x00000002
10:33:01.074  INFO     RX        /ERR/LOKO/0x00000002
10:33:01.074  INFO     RX        /ERR/LOKO/0x00000002
10:33:01.110  INFO     RX        /ERR/LOKO/0x00000002
10:33:01.111  INFO     RX        /ERR/LOKO/0x00000002
10:33:01.111  INFO     RX        /ERR/LOKO/0x00000002
10:33:01.140  INFO     RX        /ERR/LOKO/0x00000002
10:33:01.815  INFO     RX        /ERR/LOKO/0x00000002
10:33:01.848  INFO     RX        /ERR/LOKO/0x00000002
10:33:01.848  INFO     RX        /ERR/LOKO/0x00000002
10:33:01.876  INFO     RX        /ERR/LOKO/0x00000002
10:33:01.876  INFO     RX        /ERR/LOKO/0x00000002
10:33:01.877  INFO     RX        /ERR/LOKO/0x00000002
10:33:01.913  INFO     RX        /ERR/LOKO/0x00000002
10:33:01.913  INFO     RX        /ERR/LOKO/0x00000002
10:33:01.913  INFO     RX        /ERR/LOKO/0x00000002
10:33:01.943  INFO     RX        /ERR/LOKO/0x00000002
10:33:01.970  DEBUG    TX /CONTROLL/0,0,0,-12,0,0,0,0,0
10:33:03.576  DEBUG    TX /CONTROLL/0,0,0,-12,0,0,0,0,0
10:33:05.186  DEBUG    TX /CONTROLL/0,0,0,0,0,0,0,0,0
10:33:06.795  DEBUG    TX /CONTROLL/0,0,0,0,0,0,0,0,0
10:33:08.409  DEBUG    TX /CONTROLL/0,0,0,0,0,0,0,0,0
10:33:10.020  DEBUG    TX /CONTROLL/0,0,0,0,0,0,0,0,0
10:33:11.636  DEBUG    TX /CONTROLL/0,0,0,0,0,0,0,0,0
10:33:13.246  DEBUG    TX /CONTROLL/0,0,0,0,0,0,0,0,0
10:33:14.858  DEBUG    TX /CONTROLL/0,0,0,0,0,0,0,0,0
10:33:16.469  DEBUG    TX /CONTROLL/0,0,0,0,0,0,0,0,0
10:33:18.078  DEBUG    TX /CONTROLL/0,0,0,0,0,0,0,0,0
10:33:19.685  DEBUG    TX /CONTROLL/0,0,0,0,0,0,0,0,0
10:33:21.294  DEBUG    TX /CONTROLL/0,0,0,0,0,0,0,0,0
10:33:21.817  INFO     RX        /ERR/LOKO/0x00000002
10:33:21.817  INFO     RX        /ERR/LOKO/0x00000002
10:33:21.817  INFO     RX        /ERR/LOKO/0x00000002
10:33:21.846  INFO     RX        /ERR/LOKO/0x00000002
10:33:21.846  INFO     RX        /ERR/LOKO/0x00000002
10:33:22.202  INFO     RX        /ERR/LOKO/0x00000002
10:33:22.202  INFO     RX        /ERR/LOKO/0x00000002
10:33:22.229  INFO     RX        /ERR/LOKO/0x00000002
10:33:22.230  INFO     RX        /ERR/LOKO/0x00000002
10:33:22.265  INFO     RX        /ERR/LOKO/0x00000002
10:33:22.904  DEBUG    TX /CONTROLL/0,0,0,-24,0,0,0,0,0
10:33:23.460  INFO     RX        /ERR/LOKO/0x00000002
10:33:23.490  INFO     RX        /ERR/LOKO/0x00000002
10:33:23.490  INFO     RX        /ERR/LOKO/0x00000002
10:33:23.490  INFO     RX        /ERR/LOKO/0x00000002
10:33:23.524  INFO     RX        /ERR/LOKO/0x00000002
10:33:23.877  INFO     RX        /ERR/LOKO/0x00000002
10:33:23.877  INFO     RX        /ERR/LOKO/0x00000002
10:33:23.907  INFO     RX        /ERR/LOKO/0x00000002
10:33:23.907  INFO     RX        /ERR/LOKO/0x00000002
10:33:23.907  INFO     RX        /ERR/LOKO/0x00000002
10:33:24.516  DEBUG    TX /CONTROLL/0,0,0,0,0,0,0,0,0
10:33:26.125  DEBUG    TX /CONTROLL/0,0,0,0,0,0,0,0,0
10:33:27.738  DEBUG    TX /CONTROLL/0,0,0,0,0,0,0,0,0
10:33:29.348  DEBUG    TX /CONTROLL/0,0,0,0,0,0,0,0,0
10:33:30.957  DEBUG    TX /CONTROLL/0,0,0,0,0,0,0,0,0
10:33:32.568  DEBUG    TX /CONTROLL/0,0,0,0,0,0,0,0,0
10:33:34.180  DEBUG    TX /CONTROLL/0,0,0,0,0,0,0,0,0
10:33:35.798  DEBUG    TX /CONTROLL/0,0,0,0,0,0,0,0,0
10:33:37.416  DEBUG    TX /CONTROLL/0,0,0,0,0,0,0,0,0
10:33:39.027  DEBUG    TX /CONTROLL/0,0,0,0,0,0,0,0,0
10:33:40.635  DEBUG    TX /CONTROLL/0,0,0,0,0,0,0,0,0
10:33:42.240  DEBUG    TX /CONTROLL/0,0,0,0,0,0,0,0,0
10:33:43.852  DEBUG    TX /CONTROLL/0,0,0,0,0,0,0,0,0
10:33:45.460  DEBUG    TX /CONTROLL/0,0,0,0,0,0,0,0,0
10:33:47.071  DEBUG    TX /CONTROLL/0,0,0,0,0,0,0,0,0
10:33:48.682  DEBUG    TX /CONTROLL/0,0,0,0,0,0,0,0,0
10:33:50.289  DEBUG    TX /CONTROLL/0,0,0,0,0,0,0,0,0
10:33:51.896  DEBUG    TX /CONTROLL/0,0,0,0,0,0,0,0,0
10:33:53.505  DEBUG    TX /CONTROLL/0,0,0,0,0,0,0,0,0
10:33:55.111  DEBUG    TX /CONTROLL/0,0,0,0,0,0,0,0,0
10:33:56.719  DEBUG    TX /CONTROLL/0,0,0,0,0,0,0,0,0
10:33:58.332  DEBUG    TX /CONTROLL/0,0,0,0,0,0,0,0,0
10:33:59.943  DEBUG    TX /CONTROLL/0,0,0,0,0,0,0,0,0
10:34:01.552  DEBUG    TX /CONTROLL/0,0,0,0,0,0,0,0,0
10:34:03.161  DEBUG    TX /CONTROLL/0,0,0,0,0,0,0,0,0
10:34:04.779  DEBUG    TX /CONTROLL/0,0,0,0,0,0,0,0,0
10:34:06.388  DEBUG    TX /CONTROLL/0,0,0,0,0,0,0,0,0
10:34:07.995  DEBUG    TX /CONTROLL/0,0,0,0,0,0,0,0,0
10:34:09.602  DEBUG    TX /CONTROLL/0,0,0,0,0,0,0,0,0
10:34:11.210  DEBUG    TX /CONTROLL/0,0,0,0,0,0,0,0,0
10:34:12.817  DEBUG    TX /CONTROLL/0,0,0,0,0,0,0,0,0
10:34:14.422  DEBUG    TX /CONTROLL/0,0,0,0,0,0,0,0,0
10:34:16.028  DEBUG    TX /CONTROLL/0,0,0,0,0,0,0,0,0
10:34:17.638  DEBUG    TX /CONTROLL/0,0,0,0,0,0,0,0,0
10:34:19.246  DEBUG    TX /CONTROLL/0,0,0,0,0,0,0,0,0
10:34:20.860  DEBUG    TX /CONTROLL/0,0,0,0,0,0,0,0,0
10:34:22.471  DEBUG    TX /CONTROLL/0,0,0,0,0,0,0,0,0
10:34:24.078  DEBUG    TX /CONTROLL/0,0,0,0,0,0,0,0,0
10:34:25.687  DEBUG    TX /CONTROLL/0,0,0,0,0,0,0,0,0
10:34:27.295  DEBUG    TX /CONTROLL/0,0,0,0,0,0,0,0,0
10:34:28.901  DEBUG    TX /CONTROLL/0,0,0,0,0,0,0,0,0
10:34:30.513  DEBUG    TX /CONTROLL/0,0,0,0,0,0,0,0,0
10:34:32.122  DEBUG    TX /CONTROLL/0,0,0,0,0,0,0,0,0
10:34:33.729  DEBUG    TX /CONTROLL/0,0,0,0,0,0,0,0,0
10:34:35.340  DEBUG    TX /CONTROLL/0,0,0,0,0,0,0,0,0
10:34:36.950  DEBUG    TX /CONTROLL/0,0,0,0,0,0,0,0,0
10:34:38.560  DEBUG    TX /CONTROLL/0,0,0,0,0,0,0,0,0
10:34:40.171  DEBUG    TX /CONTROLL/0,0,0,0,0,0,0,0,0
10:34:41.782  DEBUG    TX /CONTROLL/0,0,0,0,0,0,0,0,0
10:34:43.392  DEBUG    TX /CONTROLL/0,0,0,0,0,0,0,0,0
10:34:43.904  INFO     RX        /BATTERY/VDDA/12870 mV
10:34:43.910  INFO     RX        === Hexapod Mainboard ===
10:34:43.946  INFO     RX        PCA9685 Right: OK
10:34:43.946  INFO     RX        PCA9685 Left:  OK
10:34:43.974  INFO     RX        LSM6DSO IMU:   OK
10:34:44.132  INFO     RX        VL53L1X ToF:   OK
10:34:44.162  INFO     RX        Locomotion:    INIT (UN_ARMED, printf mode)
10:34:44.162  INFO     RX        Press L1 to arm, R1 to disarm at any time.
10:34:44.162  INFO     RX        Ready.
10:34:45.006  DEBUG    TX /CONTROLL/0,0,0,0,0,0,0,0,0
10:34:46.613  DEBUG    TX /CONTROLL/0,0,0,0,0,0,0,0,0
10:34:48.221  DEBUG    TX /CONTROLL/0,0,0,0,0,0,0,0,0
10:34:49.832  DEBUG    TX /CONTROLL/0,0,0,0,0,0,0,0,0
10:34:51.207  INFO     RX        /BATTERY/VDDA/12859 mV
10:34:51.207  INFO     RX        === Hexapod Mainboard ===
10:34:51.224  INFO     RX        PCA9685 Right: OK
10:34:51.256  INFO     RX        PCA9685 Left:  OK
10:34:51.289  INFO     RX        LSM6DSO IMU:   OK
10:34:51.432  INFO     RX        VL53L1X ToF:   OK
10:34:51.444  DEBUG    TX /CONTROLL/0,0,0,0,0,0,0,0,0
10:34:51.463  INFO     RX        Locomotion:    INIT (UN_ARMED, printf mode)
10:34:51.463  INFO     RX        Press L1 to arm, R1 to disarm at any time.
10:34:51.463  INFO     RX        Ready.
10:34:53.053  DEBUG    TX /CONTROLL/0,0,0,0,0,0,0,0,0
10:34:54.665  DEBUG    TX /CONTROLL/0,0,0,0,0,0,0,0,0
10:34:56.275  DEBUG    TX /CONTROLL/0,0,0,0,0,0,0,0,0
10:34:57.887  DEBUG    TX /CONTROLL/0,0,0,0,0,0,0,0,0
10:34:59.496  DEBUG    TX /CONTROLL/0,0,0,0,0,0,0,0,0
10:35:01.106  DEBUG    TX /CONTROLL/0,0,0,0,0,0,0,0,0
10:35:02.717  DEBUG    TX /CONTROLL/0,0,0,-30,0,0,0,0,0
10:35:03.368  INFO     RX        /ERR/LOKO/0x00000002
10:35:03.368  INFO     RX        /ERR/LOKO/0x00000002
10:35:03.368  INFO     RX        /ERR/LOKO/0x00000002
10:35:03.397  INFO     RX        /ERR/LOKO/0x00000002
10:35:03.397  INFO     RX        /ERR/LOKO/0x00000002
10:35:03.691  INFO     RX        /ERR/LOKO/0x00000002
10:35:03.719  INFO     RX        /ERR/LOKO/0x00000002
10:35:03.720  INFO     RX        /ERR/LOKO/0x00000002
10:35:03.754  INFO     RX        /ERR/LOKO/0x00000002
10:35:04.332  DEBUG    TX /CONTROLL/0,0,0,-26,0,0,0,0,0
10:35:04.886  INFO     RX        /ERR/LOKO/0x00000002
10:35:04.887  INFO     RX        /ERR/LOKO/0x00000002
10:35:04.887  INFO     RX        /ERR/LOKO/0x00000002
10:35:04.919  INFO     RX        /ERR/LOKO/0x00000002
10:35:04.919  INFO     RX        /ERR/LOKO/0x00000002
10:35:04.919  INFO     RX        /ERR/LOKO/0x00000002
10:35:05.272  INFO     RX        /ERR/LOKO/0x00000002
10:35:05.304  INFO     RX        /ERR/LOKO/0x00000002
10:35:05.304  INFO     RX        /ERR/LOKO/0x00000002
10:35:05.304  INFO     RX        /ERR/LOKO/0x00000002
10:35:05.334  INFO     RX        /ERR/LOKO/0x00000002
10:35:05.946  DEBUG    TX /CONTROLL/0,0,0,-24,0,0,0,0,0
10:35:07.555  DEBUG    TX /CONTROLL/0,0,0,0,0,0,0,0,0
10:35:09.160  DEBUG    TX /CONTROLL/0,0,0,0,0,0,0,0,0
10:35:10.765  DEBUG    TX /CONTROLL/0,0,0,0,0,0,0,0,0
10:35:12.373  DEBUG    TX /CONTROLL/0,0,0,0,0,0,0,0,0
10:35:13.986  DEBUG    TX /CONTROLL/0,0,0,0,0,0,0,0,0
10:35:15.597  DEBUG    TX /CONTROLL/0,0,0,0,0,0,0,0,0
10:35:17.204  DEBUG    TX /CONTROLL/0,0,0,0,0,0,0,0,0
10:35:18.809  DEBUG    TX /CONTROLL/0,0,0,0,0,0,0,0,0
10:35:20.418  DEBUG    TX /CONTROLL/0,0,0,0,0,0,0,0,0
10:35:22.027  DEBUG    TX /CONTROLL/0,0,0,0,0,0,0,0,0
10:35:23.633  DEBUG    TX /CONTROLL/0,0,0,0,0,0,0,0,0
10:35:25.242  DEBUG    TX /CONTROLL/0,0,0,0,0,0,0,0,0
10:35:26.847  DEBUG    TX /CONTROLL/0,0,0,0,0,0,0,0,0
10:35:28.458  DEBUG    TX /CONTROLL/0,0,0,0,0,0,0,0,0
10:35:30.070  DEBUG    TX /CONTROLL/0,0,0,0,0,0,0,0,0
10:35:31.683  DEBUG    TX /CONTROLL/0,0,0,0,0,0,0,0,0
10:35:33.292  DEBUG    TX /CONTROLL/0,0,0,0,0,0,0,0,0
10:35:34.904  DEBUG    TX /CONTROLL/0,0,0,0,0,0,0,0,0
10:35:36.512  DEBUG    TX /CONTROLL/0,0,0,0,0,0,0,0,0
10:35:38.124  DEBUG    TX /CONTROLL/0,0,0,0,0,0,0,0,0
10:35:38.546  INFO     RX        /BATTERY/VDDA/12859 mV
10:35:38.546  INFO     RX        === Hexapod Mainboard ===
10:35:38.546  INFO     RX        PCA9685 Right: OK
10:35:38.580  INFO     RX        PCA9685 Left:  OK
10:35:38.580  INFO     RX        LSM6DSO IMU:   OK
10:35:38.751  INFO     RX        VL53L1X ToF:   OK
10:35:38.782  INFO     RX        Locomotion:    INIT (UN_ARMED, printf mode)
10:35:38.817  INFO     RX        Press L1 to arm, R1 to disarm at any time.
10:35:38.817  INFO     RX        Ready.
10:35:39.736  DEBUG    TX /CONTROLL/0,0,0,0,0,0,0,0,0
10:35:41.342  DEBUG    TX /CONTROLL/0,0,0,0,0,0,0,0,0
10:35:42.949  DEBUG    TX /CONTROLL/0,0,0,0,0,0,0,0,0
10:35:44.540  DEBUG    TX /CONTROLL/0,0,0,0,0,0,0,0,0
10:35:46.149  DEBUG    TX /CONTROLL/0,0,0,-16,0,0,0,0,0
10:35:46.219  INFO     RX        /ERR/LOKO/0x00000002
10:35:46.219  INFO     RX        /ERR/LOKO/0x00000002
10:35:46.250  INFO     RX        /ERR/LOKO/0x00000002
10:35:46.251  INFO     RX        /ERR/LOKO/0x00000002
10:35:46.285  INFO     RX        /ERR/LOKO/0x00000002
10:35:46.285  INFO     RX        /ERR/LOKO/0x00000002
10:35:46.285  INFO     RX        /ERR/LOKO/0x00000002
10:35:46.314  INFO     RX        /ERR/LOKO/0x00000002
10:35:46.829  INFO     RX        /ERR/LOKO/0x00000002
10:35:46.829  INFO     RX        /ERR/LOKO/0x00000002
10:35:46.860  INFO     RX        /ERR/LOKO/0x00000002
10:35:46.860  INFO     RX        /ERR/LOKO/0x00000002
10:35:46.860  INFO     RX        /ERR/LOKO/0x00000002
10:35:46.895  INFO     RX        /ERR/LOKO/0x00000002
10:35:46.895  INFO     RX        /ERR/LOKO/0x00000002
10:35:46.895  INFO     RX        /ERR/LOKO/0x00000002
10:35:47.763  DEBUG    TX /CONTROLL/0,0,0,-16,0,0,0,0,0
10:35:48.732  INFO     RX        /ERR/LOKO/0x00000002
10:35:48.732  INFO     RX        /ERR/LOKO/0x00000002
10:35:48.732  INFO     RX        /ERR/LOKO/0x00000002
10:35:48.761  INFO     RX        /ERR/LOKO/0x00000002
10:35:48.761  INFO     RX        /ERR/LOKO/0x00000002
10:35:48.796  INFO     RX        /ERR/LOKO/0x00000002
10:35:48.796  INFO     RX        /ERR/LOKO/0x00000002
10:35:48.796  INFO     RX        /ERR/LOKO/0x00000002
10:35:49.339  INFO     RX        /ERR/LOKO/0x00000002
10:35:49.339  INFO     RX        /ERR/LOKO/0x00000002
10:35:49.339  INFO     RX        /ERR/LOKO/0x00000002
10:35:49.368  DEBUG    TX /CONTROLL/0,0,0,-16,0,0,0,0,0
10:35:49.375  INFO     RX        /ERR/LOKO/0x00000002
10:35:49.375  INFO     RX        /ERR/LOKO/0x00000002
10:35:49.375  INFO     RX        /ERR/LOKO/0x00000002
10:35:49.407  INFO     RX        /ERR/LOKO/0x00000002
10:35:49.407  INFO     RX        /ERR/LOKO/0x00000002
10:35:50.976  DEBUG    TX /CONTROLL/0,0,0,-16,0,0,0,0,0
10:35:51.207  INFO     RX        /ERR/LOKO/0x00000002
10:35:51.240  INFO     RX        /ERR/LOKO/0x00000002
10:35:51.240  INFO     RX        /ERR/LOKO/0x00000002
10:35:51.240  INFO     RX        /ERR/LOKO/0x00000002
10:35:51.269  INFO     RX        /ERR/LOKO/0x00000002
10:35:51.269  INFO     RX        /ERR/LOKO/0x00000002
10:35:51.300  INFO     RX        /ERR/LOKO/0x00000002
10:35:51.300  INFO     RX        /ERR/LOKO/0x00000002
10:35:51.300  INFO     RX        /ERR/LOKO/0x00000002
10:35:51.819  INFO     RX        /ERR/LOKO/0x00000002
10:35:51.847  INFO     RX        /ERR/LOKO/0x00000002
10:35:51.847  INFO     RX        /ERR/LOKO/0x00000002
10:35:51.847  INFO     RX        /ERR/LOKO/0x00000002
10:35:51.882  INFO     RX        /ERR/LOKO/0x00000002
10:35:51.882  INFO     RX        /ERR/LOKO/0x00000002
10:35:51.882  INFO     RX        /ERR/LOKO/0x00000002
10:35:51.911  INFO     RX        /ERR/LOKO/0x00000002
10:35:52.581  DEBUG    TX /CONTROLL/0,0,0,-16,0,0,0,0,0
10:35:54.190  DEBUG    TX /CONTROLL/0,0,0,0,0,0,0,0,0
10:35:55.796  DEBUG    TX /CONTROLL/0,0,0,0,0,0,0,0,0
10:35:57.403  DEBUG    TX /CONTROLL/0,0,0,0,0,0,0,0,0
10:35:59.012  DEBUG    TX /CONTROLL/0,0,0,0,0,0,0,0,0
10:36:00.619  DEBUG    TX /CONTROLL/0,0,0,0,0,0,0,0,0
10:36:02.226  DEBUG    TX /CONTROLL/0,0,0,0,0,0,0,0,0
10:36:03.828  DEBUG    TX /CONTROLL/0,0,0,0,0,0,0,0,0
10:36:05.437  DEBUG    TX /CONTROLL/0,0,0,0,0,0,0,0,0
10:36:07.047  DEBUG    TX /CONTROLL/0,0,0,0,0,0,0,0,0
10:36:08.658  DEBUG    TX /CONTROLL/0,0,0,0,0,0,0,0,0
10:36:10.276  DEBUG    TX /CONTROLL/0,0,0,0,0,0,0,0,0
10:36:11.886  DEBUG    TX /CONTROLL/0,0,0,0,0,0,0,0,0
10:36:13.495  DEBUG    TX /CONTROLL/0,0,0,0,0,0,0,0,0
10:36:15.102  DEBUG    TX /CONTROLL/0,0,0,0,0,0,0,0,0
10:36:16.704  DEBUG    TX /CONTROLL/0,0,0,0,0,0,0,0,0
10:36:18.314  DEBUG    TX /CONTROLL/0,0,0,0,0,0,0,0,0
10:36:19.918  DEBUG    TX /CONTROLL/0,0,0,0,0,0,0,0,0
10:36:21.526  DEBUG    TX /CONTROLL/0,0,0,0,0,0,0,0,0
10:36:23.145  DEBUG    TX /CONTROLL/0,0,0,0,0,0,0,0,0
10:36:24.756  DEBUG    TX /CONTROLL/0,0,0,0,0,0,0,0,0
10:36:26.365  DEBUG    TX /CONTROLL/0,0,0,0,0,0,0,0,0
10:36:27.982  DEBUG    TX /CONTROLL/0,0,0,0,0,0,0,0,0
10:36:29.594  DEBUG    TX /CONTROLL/0,0,0,0,0,0,0,0,0
10:36:31.207  DEBUG    TX /CONTROLL/0,0,0,0,0,0,0,0,0
10:36:32.825  DEBUG    TX /CONTROLL/0,0,0,0,0,0,0,0,0
10:36:34.429  DEBUG    TX /CONTROLL/0,0,0,0,0,0,0,0,0
10:36:36.035  DEBUG    TX /CONTROLL/0,0,0,0,0,0,0,0,0
10:36:37.642  DEBUG    TX /CONTROLL/0,0,0,0,0,0,0,0,0
10:36:39.247  DEBUG    TX /CONTROLL/0,0,0,0,0,0,0,0,0
10:36:40.862  DEBUG    TX /CONTROLL/0,0,0,0,0,0,0,0,0
10:36:42.475  DEBUG    TX /CONTROLL/0,0,0,0,0,0,0,0,0
10:36:44.088  DEBUG    TX /CONTROLL/0,0,0,0,0,0,0,0,0
10:36:45.698  DEBUG    TX /CONTROLL/0,0,0,0,0,0,0,0,0
10:36:47.306  DEBUG    TX /CONTROLL/0,0,0,0,0,0,0,0,0
10:36:48.922  DEBUG    TX /CONTROLL/0,0,0,0,0,0,0,0,0
10:36:50.536  DEBUG    TX /CONTROLL/0,0,0,0,0,0,0,0,0
10:36:52.141  DEBUG    TX /CONTROLL/0,0,0,0,0,0,0,0,0
10:36:53.746  DEBUG    TX /CONTROLL/0,0,0,0,0,0,0,0,0
10:36:55.245  INFO     RX        /BATTERY/VDDA/12863 mV
10:36:55.260  INFO     RX        === Hexapod Mainboard ===
10:36:55.295  INFO     RX        PCA9685 Right: OK
10:36:55.295  INFO     RX        PCA9685 Left:  OK
10:36:55.324  INFO     RX        LSM6DSO IMU:   OK
10:36:55.353  DEBUG    TX /CONTROLL/0,0,0,0,0,0,0,0,0
10:36:55.473  INFO     RX        VL53L1X ToF:   OK
10:36:55.502  INFO     RX        Locomotion:    INIT (UN_ARMED, printf mode)
10:36:55.517  INFO     RX        Press L1 to arm, R1 to disarm at any time.
10:36:55.517  INFO     RX        Ready.
10:36:56.955  DEBUG    TX /CONTROLL/0,0,0,0,0,0,0,0,0
10:36:58.565  DEBUG    TX /CONTROLL/0,0,0,0,0,0,0,0,0
10:37:00.172  DEBUG    TX /CONTROLL/0,0,0,0,0,0,0,0,0
10:37:01.778  DEBUG    TX /CONTROLL/0,0,0,0,0,0,0,0,0
10:37:03.383  DEBUG    TX /CONTROLL/0,0,0,0,0,0,0,0,0
10:37:04.993  DEBUG    TX /CONTROLL/0,0,0,0,0,0,0,0,0
10:37:06.605  DEBUG    TX /CONTROLL/0,0,0,0,0,0,0,0,0
10:37:08.216  DEBUG    TX /CONTROLL/0,0,0,0,0,0,0,0,0
10:37:09.828  DEBUG    TX /CONTROLL/0,0,0,0,0,0,0,0,0
10:37:11.436  DEBUG    TX /CONTROLL/0,0,0,0,0,0,0,0,0
10:37:13.048  DEBUG    TX /CONTROLL/0,0,0,0,0,0,0,0,0
10:37:14.659  DEBUG    TX /CONTROLL/0,0,0,0,0,0,0,0,0
10:37:16.267  DEBUG    TX /CONTROLL/0,0,0,0,0,0,0,0,0
10:37:17.881  DEBUG    TX /CONTROLL/0,0,0,0,0,0,0,0,0
10:37:19.495  DEBUG    TX /CONTROLL/0,0,0,0,0,0,0,0,0
10:37:21.107  DEBUG    TX /CONTROLL/0,0,0,0,0,0,0,0,0
10:37:22.716  DEBUG    TX /CONTROLL/0,0,0,0,0,0,0,0,0
10:37:24.323  DEBUG    TX /CONTROLL/0,0,0,0,0,0,0,0,0
10:37:25.932  DEBUG    TX /CONTROLL/0,0,0,0,0,0,0,0,0
10:37:27.546  DEBUG    TX /CONTROLL/0,0,0,0,0,0,0,0,0
10:37:29.161  DEBUG    TX /CONTROLL/0,0,0,0,0,0,0,0,0
10:37:30.768  DEBUG    TX /CONTROLL/0,0,0,0,0,0,0,0,0
10:37:32.381  DEBUG    TX /CONTROLL/0,0,0,0,0,0,0,0,0
10:37:33.990  DEBUG    TX /CONTROLL/0,0,0,0,0,0,0,0,0
10:37:35.600  DEBUG    TX /CONTROLL/0,0,0,0,0,0,0,0,0
10:37:37.213  DEBUG    TX /CONTROLL/0,0,0,0,0,0,0,0,0
10:37:38.826  DEBUG    TX /CONTROLL/0,0,0,0,0,0,0,0,0
10:37:40.436  DEBUG    TX /CONTROLL/0,0,0,0,0,0,0,0,0
10:37:42.047  DEBUG    TX /CONTROLL/0,0,0,0,0,0,0,0,0
10:37:43.660  DEBUG    TX /CONTROLL/0,0,0,0,0,0,0,0,0
10:37:45.270  DEBUG    TX /CONTROLL/0,0,0,0,0,0,0,0,0
10:37:46.880  DEBUG    TX /CONTROLL/0,0,0,0,0,0,0,0,0
10:37:48.491  DEBUG    TX /CONTROLL/0,0,0,0,0,0,0,0,0
10:37:50.098  DEBUG    TX /CONTROLL/0,0,0,0,0,0,0,0,0
10:37:51.709  DEBUG    TX /CONTROLL/0,0,0,0,0,0,0,0,0
10:37:53.317  DEBUG    TX /CONTROLL/0,0,0,0,0,0,0,0,0
10:37:54.921  DEBUG    TX /CONTROLL/0,0,0,0,0,0,0,0,0
10:37:56.532  DEBUG    TX /CONTROLL/0,0,0,0,0,0,0,0,0
10:37:58.147  DEBUG    TX /CONTROLL/0,0,0,0,0,0,0,0,0
10:37:59.757  DEBUG    TX /CONTROLL/0,0,0,0,0,0,0,0,0
10:38:01.366  DEBUG    TX /CONTROLL/0,0,0,0,0,0,0,0,0
10:38:02.972  DEBUG    TX /CONTROLL/0,0,0,0,0,0,0,0,0
10:38:04.578  DEBUG    TX /CONTROLL/0,0,0,0,0,0,0,0,0
10:38:06.187  DEBUG    TX /CONTROLL/0,0,0,0,0,0,0,0,0
10:38:07.447  INFO     RX        /BATTERY/VDDA/12863 mV
10:38:07.447  INFO     RX        === Hexapod Mainboard ===
10:38:07.476  INFO     RX        PCA9685 Right: OK
10:38:07.512  INFO     RX        PCA9685 Left:  OK
10:38:07.512  INFO     RX        LSM6DSO IMU:   OK
10:38:07.674  INFO     RX        VL53L1X ToF:   OK
10:38:07.702  INFO     RX        Locomotion:    INIT (UN_ARMED, printf mode)
10:38:07.702  INFO     RX        Press L1 to arm, R1 to disarm at any time.
10:38:07.702  INFO     RX        Ready.
10:38:07.794  DEBUG    TX /CONTROLL/0,0,0,0,0,0,0,0,0
10:38:09.403  DEBUG    TX /CONTROLL/0,0,0,0,0,0,0,0,0
10:38:11.011  DEBUG    TX /CONTROLL/0,0,0,0,0,0,0,0,0
10:38:12.621  DEBUG    TX /CONTROLL/0,0,0,0,0,0,0,0,0
10:38:14.229  DEBUG    TX /CONTROLL/0,0,0,0,0,0,0,0,0
10:38:15.838  DEBUG    TX /CONTROLL/0,0,0,-35,0,0,0,0,0
10:38:16.293  INFO     RX        /ERR/LOKO/0x00000002
10:38:16.325  INFO     RX        /ERR/LOKO/0x00000002
10:38:16.325  INFO     RX        /ERR/LOKO/0x00000002
10:38:16.325  INFO     RX        /ERR/LOKO/0x00000002
10:38:16.582  INFO     RX        /ERR/LOKO/0x00000002
10:38:16.582  INFO     RX        /ERR/LOKO/0x00000002
10:38:16.582  INFO     RX        /ERR/LOKO/0x00000002
10:38:16.612  INFO     RX        /ERR/LOKO/0x00000002
10:38:17.415  INFO     RX        /ERR/LOKO/0x00000002
10:38:17.415  INFO     RX        /ERR/LOKO/0x00000002
10:38:17.444  DEBUG    TX /CONTROLL/0,0,0,-36,0,0,0,0,0
10:38:17.449  INFO     RX        /ERR/LOKO/0x00000002
10:38:17.449  INFO     RX        /ERR/LOKO/0x00000002
10:38:17.677  INFO     RX        /ERR/LOKO/0x00000002
10:38:17.706  INFO     RX        /ERR/LOKO/0x00000002
10:38:17.706  INFO     RX        /ERR/LOKO/0x00000002
10:38:17.706  INFO     RX        /ERR/LOKO/0x00000002
10:38:18.514  INFO     RX        /ERR/LOKO/0x00000002
10:38:18.543  INFO     RX        /ERR/LOKO/0x00000002
10:38:18.543  INFO     RX        /ERR/LOKO/0x00000002
10:38:18.578  INFO     RX        /ERR/LOKO/0x00000002
10:38:18.805  INFO     RX        /ERR/LOKO/0x00000002
10:38:18.805  INFO     RX        /ERR/LOKO/0x00000002
10:38:18.805  INFO     RX        /ERR/LOKO/0x00000002
10:38:19.055  DEBUG    TX /CONTROLL/0,0,0,-36,0,0,0,0,0
10:38:19.643  INFO     RX        /ERR/LOKO/0x00000002
10:38:19.643  INFO     RX        /ERR/LOKO/0x00000002
10:38:19.671  INFO     RX        /ERR/LOKO/0x00000002
10:38:19.901  INFO     RX        /ERR/LOKO/0x00000002
10:38:19.931  INFO     RX        /ERR/LOKO/0x00000002
10:38:19.931  INFO     RX        /ERR/LOKO/0x00000002
10:38:20.674  DEBUG    TX /CONTROLL/0,0,0,-35,0,0,0,0,0
10:38:20.773  INFO     RX        /ERR/LOKO/0x00000002
10:38:20.773  INFO     RX        /ERR/LOKO/0x00000002
10:38:20.773  INFO     RX        /ERR/LOKO/0x00000002
10:38:20.804  INFO     RX        /ERR/LOKO/0x00000002
10:38:21.034  INFO     RX        /ERR/LOKO/0x00000002
10:38:21.065  INFO     RX        /ERR/LOKO/0x00000002
10:38:21.065  INFO     RX        /ERR/LOKO/0x00000002
10:38:21.065  INFO     RX        /ERR/LOKO/0x00000002
10:38:21.904  INFO     RX        /ERR/LOKO/0x00000002
10:38:21.933  INFO     RX        /ERR/LOKO/0x00000002
10:38:21.933  INFO     RX        /ERR/LOKO/0x00000002
10:38:21.933  INFO     RX        /ERR/LOKO/0x00000002
10:38:22.192  INFO     RX        /ERR/LOKO/0x00000002
10:38:22.193  INFO     RX        /ERR/LOKO/0x00000002
10:38:22.222  INFO     RX        /ERR/LOKO/0x00000002
10:38:22.222  INFO     RX        /ERR/LOKO/0x00000002
10:38:22.283  DEBUG    TX /CONTROLL/0,0,0,-35,0,0,0,0,0
10:38:23.058  INFO     RX        /ERR/LOKO/0x00000002
10:38:23.058  INFO     RX        /ERR/LOKO/0x00000002
10:38:23.093  INFO     RX        /ERR/LOKO/0x00000002
10:38:23.316  INFO     RX        /ERR/LOKO/0x00000002
10:38:23.353  INFO     RX        /ERR/LOKO/0x00000002
10:38:23.353  INFO     RX        /ERR/LOKO/0x00000002
10:38:23.353  INFO     RX        /ERR/LOKO/0x00000002
10:38:23.890  DEBUG    TX /CONTROLL/0,0,0,-35,0,0,0,0,0
10:38:24.186  INFO     RX        /ERR/LOKO/0x00000002
10:38:24.215  INFO     RX        /ERR/LOKO/0x00000002
10:38:24.215  INFO     RX        /ERR/LOKO/0x00000002
10:38:24.215  INFO     RX        /ERR/LOKO/0x00000002
10:38:24.473  INFO     RX        /ERR/LOKO/0x00000002
10:38:24.474  INFO     RX        /ERR/LOKO/0x00000002
10:38:24.503  INFO     RX        /ERR/LOKO/0x00000002
10:38:24.503  INFO     RX        /ERR/LOKO/0x00000002
10:38:25.341  INFO     RX        /ERR/LOKO/0x00000002
10:38:25.341  INFO     RX        /ERR/LOKO/0x00000002
10:38:25.375  INFO     RX        /ERR/LOKO/0x00000002
10:38:25.375  INFO     RX        /ERR/LOKO/0x00000002
10:38:25.498  DEBUG    TX /CONTROLL/0,0,0,-35,0,0,0,0,0
10:38:25.602  INFO     RX        /ERR/LOKO/0x00000002
10:38:25.632  INFO     RX        /ERR/LOKO/0x00000002
10:38:25.633  INFO     RX        /ERR/LOKO/0x00000002
10:38:26.471  INFO     RX        /ERR/LOKO/0x00000002
10:38:26.500  INFO     RX        /ERR/LOKO/0x00000002
10:38:26.500  INFO     RX        /ERR/LOKO/0x00000002
10:38:26.761  INFO     RX        /ERR/LOKO/0x00000002
10:38:26.762  INFO     RX        /ERR/LOKO/0x00000002
10:38:26.796  INFO     RX        /ERR/LOKO/0x00000002
10:38:27.112  DEBUG    TX /CONTROLL/0,0,0,0,0,0,0,0,0
10:38:28.721  DEBUG    TX /CONTROLL/0,0,0,0,0,0,0,0,0
10:38:30.334  DEBUG    TX /CONTROLL/0,0,0,0,0,0,0,0,0
10:38:31.942  DEBUG    TX /CONTROLL/0,0,0,-13,0,0,0,0,0
10:38:32.627  INFO     RX        /ERR/LOKO/0x00000002
10:38:32.627  INFO     RX        /ERR/LOKO/0x00000002
10:38:32.656  INFO     RX        /ERR/LOKO/0x00000002
10:38:32.657  INFO     RX        /ERR/LOKO/0x00000002
10:38:32.657  INFO     RX        /ERR/LOKO/0x00000002
10:38:32.691  INFO     RX        /ERR/LOKO/0x00000002
10:38:32.692  INFO     RX        /ERR/LOKO/0x00000002
10:38:32.692  INFO     RX        /ERR/LOKO/0x00000002
10:38:32.734  INFO     RX        /ERR/LOKO/0x00000002
10:38:32.734  INFO     RX        /ERR/LOKO/0x00000002
10:38:33.366  INFO     RX        /ERR/LOKO/0x00000002
10:38:33.402  INFO     RX        /ERR/LOKO/0x00000002
10:38:33.402  INFO     RX        /ERR/LOKO/0x00000002
10:38:33.402  INFO     RX        /ERR/LOKO/0x00000002
10:38:33.430  INFO     RX        /ERR/LOKO/0x00000002
10:38:33.430  INFO     RX        /ERR/LOKO/0x00000002
10:38:33.430  INFO     RX        /ERR/LOKO/0x00000002
10:38:33.465  INFO     RX        /ERR/LOKO/0x00000002
10:38:33.465  INFO     RX        /ERR/LOKO/0x00000002
10:38:33.465  INFO     RX        /ERR/LOKO/0x00000002
10:38:33.556  DEBUG    TX /CONTROLL/0,0,0,-13,0,0,0,0,0
10:38:35.168  DEBUG    TX /CONTROLL/0,0,0,-13,0,0,0,0,0
10:38:35.722  INFO     RX        /ERR/LOKO/0x00000002
10:38:35.722  INFO     RX        /ERR/LOKO/0x00000002
10:38:35.758  INFO     RX        /ERR/LOKO/0x00000002
10:38:35.758  INFO     RX        /ERR/LOKO/0x00000002
10:38:35.758  INFO     RX        /ERR/LOKO/0x00000002
10:38:35.788  INFO     RX        /ERR/LOKO/0x00000002
10:38:35.788  INFO     RX        /ERR/LOKO/0x00000002
10:38:35.820  INFO     RX        /ERR/LOKO/0x00000002
10:38:35.821  INFO     RX        /ERR/LOKO/0x00000002
10:38:35.821  INFO     RX        /ERR/LOKO/0x00000002
10:38:36.463  INFO     RX        /ERR/LOKO/0x00000002
10:38:36.496  INFO     RX        /ERR/LOKO/0x00000002
10:38:36.496  INFO     RX        /ERR/LOKO/0x00000002
10:38:36.528  INFO     RX        /ERR/LOKO/0x00000002
10:38:36.528  INFO     RX        /ERR/LOKO/0x00000002
10:38:36.528  INFO     RX        /ERR/LOKO/0x00000002
10:38:36.561  INFO     RX        /ERR/LOKO/0x00000002
10:38:36.561  INFO     RX        /ERR/LOKO/0x00000002
10:38:36.561  INFO     RX        /ERR/LOKO/0x00000002
10:38:36.779  DEBUG    TX /CONTROLL/0,0,0,-13,0,0,0,0,0
10:38:38.389  DEBUG    TX /CONTROLL/0,0,0,-13,0,0,0,0,0
10:38:38.811  INFO     RX        /ERR/LOKO/0x00000002
10:38:38.846  INFO     RX        /ERR/LOKO/0x00000002
10:38:38.847  INFO     RX        /ERR/LOKO/0x00000002
10:38:38.847  INFO     RX        /ERR/LOKO/0x00000002
10:38:38.875  INFO     RX        /ERR/LOKO/0x00000002
10:38:38.876  INFO     RX        /ERR/LOKO/0x00000002
10:38:38.876  INFO     RX        /ERR/LOKO/0x00000002
10:38:38.907  INFO     RX        /ERR/LOKO/0x00000002
10:38:38.907  INFO     RX        /ERR/LOKO/0x00000002
10:38:38.907  INFO     RX        /ERR/LOKO/0x00000002
10:38:39.584  INFO     RX        /ERR/LOKO/0x00000002
10:38:39.584  INFO     RX        /ERR/LOKO/0x00000002
10:38:39.584  INFO     RX        /ERR/LOKO/0x00000002
10:38:39.613  INFO     RX        /ERR/LOKO/0x00000002
10:38:39.614  INFO     RX        /ERR/LOKO/0x00000002
10:38:39.653  INFO     RX        /ERR/LOKO/0x00000002
10:38:39.653  INFO     RX        /ERR/LOKO/0x00000002
10:38:39.653  INFO     RX        /ERR/LOKO/0x00000002
10:38:39.677  INFO     RX        /ERR/LOKO/0x00000002
10:38:39.678  INFO     RX        /ERR/LOKO/0x00000002
10:38:39.997  DEBUG    TX /CONTROLL/0,0,0,-12,0,0,0,0,0
10:38:41.606  DEBUG    TX /CONTROLL/0,0,0,-12,0,0,0,0,0
10:38:42.092  INFO     RX        /ERR/LOKO/0x00000002
10:38:42.092  INFO     RX        /ERR/LOKO/0x00000002
10:38:42.125  INFO     RX        /ERR/LOKO/0x00000002
10:38:42.125  INFO     RX        /ERR/LOKO/0x00000002
10:38:42.155  INFO     RX        /ERR/LOKO/0x00000002
10:38:42.156  INFO     RX        /ERR/LOKO/0x00000002
10:38:42.156  INFO     RX        /ERR/LOKO/0x00000002
10:38:42.187  INFO     RX        /ERR/LOKO/0x00000002
10:38:42.188  INFO     RX        /ERR/LOKO/0x00000002
10:38:42.188  INFO     RX        /ERR/LOKO/0x00000002
10:38:43.212  DEBUG    TX /CONTROLL/0,0,0,0,0,0,0,0,0
10:38:44.827  DEBUG    TX /CONTROLL/0,0,0,0,0,0,0,0,0
10:38:45.252  INFO     RX        /ERR/LOKO/0x00000002
10:38:45.252  INFO     RX        /ERR/LOKO/0x00000002
10:38:45.293  INFO     RX        /ERR/LOKO/0x00000002
10:38:45.293  INFO     RX        /ERR/LOKO/0x00000002
10:38:45.293  INFO     RX        /ERR/LOKO/0x00000002
10:38:45.313  INFO     RX        /ERR/LOKO/0x00000002
10:38:45.313  INFO     RX        /ERR/LOKO/0x00000002
10:38:45.348  INFO     RX        /ERR/LOKO/0x00000002
10:38:45.348  INFO     RX        /ERR/LOKO/0x00000002
10:38:45.348  INFO     RX        /ERR/LOKO/0x00000002
10:38:45.382  INFO     RX        /ERR/LOKO/0x00000002
10:38:46.438  DEBUG    TX /CONTROLL/0,0,0,-12,0,0,0,0,0
10:38:48.048  DEBUG    TX /CONTROLL/0,0,0,-13,0,0,0,0,0
10:38:48.339  INFO     RX        /ERR/LOKO/0x00000002
10:38:48.374  INFO     RX        /ERR/LOKO/0x00000002
10:38:48.374  INFO     RX        /ERR/LOKO/0x00000002
10:38:48.374  INFO     RX        /ERR/LOKO/0x00000002
10:38:48.403  INFO     RX        /ERR/LOKO/0x00000002
10:38:48.403  INFO     RX        /ERR/LOKO/0x00000002
10:38:48.439  INFO     RX        /ERR/LOKO/0x00000002
10:38:48.439  INFO     RX        /ERR/LOKO/0x00000002
10:38:48.439  INFO     RX        /ERR/LOKO/0x00000002
10:38:48.467  INFO     RX        /ERR/LOKO/0x00000002
10:38:49.113  INFO     RX        /ERR/LOKO/0x00000002
10:38:49.113  INFO     RX        /ERR/LOKO/0x00000002
10:38:49.113  INFO     RX        /ERR/LOKO/0x00000002
10:38:49.141  INFO     RX        /ERR/LOKO/0x00000002
10:38:49.141  INFO     RX        /ERR/LOKO/0x00000002
10:38:49.141  INFO     RX        /ERR/LOKO/0x00000002
10:38:49.176  INFO     RX        /ERR/LOKO/0x00000002
10:38:49.176  INFO     RX        /ERR/LOKO/0x00000002
10:38:49.176  INFO     RX        /ERR/LOKO/0x00000002
10:38:49.207  INFO     RX        /ERR/LOKO/0x00000002
10:38:49.652  DEBUG    TX /CONTROLL/0,0,0,-13,0,0,0,0,0
10:38:51.265  DEBUG    TX /CONTROLL/0,0,0,-13,0,0,0,0,0
10:38:51.432  INFO     RX        /ERR/LOKO/0x00000002
10:38:51.432  INFO     RX        /ERR/LOKO/0x00000002
10:38:51.459  INFO     RX        /ERR/LOKO/0x00000002
10:38:51.459  INFO     RX        /ERR/LOKO/0x00000002
10:38:51.495  INFO     RX        /ERR/LOKO/0x00000002
10:38:51.495  INFO     RX        /ERR/LOKO/0x00000002
10:38:51.495  INFO     RX        /ERR/LOKO/0x00000002
10:38:51.524  INFO     RX        /ERR/LOKO/0x00000002
10:38:51.524  INFO     RX        /ERR/LOKO/0x00000002
10:38:51.524  INFO     RX        /ERR/LOKO/0x00000002
10:38:52.166  INFO     RX        /ERR/LOKO/0x00000002
10:38:52.203  INFO     RX        /ERR/LOKO/0x00000002
10:38:52.203  INFO     RX        /ERR/LOKO/0x00000002
10:38:52.203  INFO     RX        /ERR/LOKO/0x00000002
10:38:52.232  INFO     RX        /ERR/LOKO/0x00000002
10:38:52.232  INFO     RX        /ERR/LOKO/0x00000002
10:38:52.232  INFO     RX        /ERR/LOKO/0x00000002
10:38:52.268  INFO     RX        /ERR/LOKO/0x00000002
10:38:52.268  INFO     RX        /ERR/LOKO/0x00000002
10:38:52.268  INFO     RX        /ERR/LOKO/0x00000002
10:38:52.871  DEBUG    TX /CONTROLL/0,0,0,-13,0,0,0,0,0
10:38:54.483  DEBUG    TX /CONTROLL/0,0,0,-12,0,0,0,0,0
10:38:54.621  INFO     RX        /ERR/LOKO/0x00000002
10:38:54.621  INFO     RX        /ERR/LOKO/0x00000002
10:38:54.621  INFO     RX        /ERR/LOKO/0x00000002
10:38:54.651  INFO     RX        /ERR/LOKO/0x00000002
10:38:54.651  INFO     RX        /ERR/LOKO/0x00000002
10:38:54.651  INFO     RX        /ERR/LOKO/0x00000002
10:38:54.685  INFO     RX        /ERR/LOKO/0x00000002
10:38:54.686  INFO     RX        /ERR/LOKO/0x00000002
10:38:54.686  INFO     RX        /ERR/LOKO/0x00000002
10:38:54.713  INFO     RX        /ERR/LOKO/0x00000002
10:38:54.713  INFO     RX        /ERR/LOKO/0x00000002
10:38:56.092  DEBUG    TX /CONTROLL/0,0,0,0,0,0,0,0,0
10:38:57.700  DEBUG    TX /CONTROLL/0,0,0,0,0,0,0,0,0
10:38:58.026  INFO     RX        /ERR/LOKO/0x00000002
10:38:58.026  INFO     RX        /ERR/LOKO/0x00000002
10:38:58.056  INFO     RX        /ERR/LOKO/0x00000002
10:38:58.056  INFO     RX        /ERR/LOKO/0x00000002
10:38:58.056  INFO     RX        /ERR/LOKO/0x00000002
10:38:58.092  INFO     RX        /ERR/LOKO/0x00000002
10:38:58.092  INFO     RX        /ERR/LOKO/0x00000002
10:38:58.092  INFO     RX        /ERR/LOKO/0x00000002
10:38:58.120  INFO     RX        /ERR/LOKO/0x00000002
10:38:58.120  INFO     RX        /ERR/LOKO/0x00000002
10:38:58.154  INFO     RX        /ERR/LOKO/0x00000002
10:38:59.305  DEBUG    TX /CONTROLL/0,0,0,0,0,0,0,0,0
10:39:00.914  DEBUG    TX /CONTROLL/0,0,0,0,0,0,0,0,0
10:39:02.524  DEBUG    TX /CONTROLL/0,0,0,0,0,0,0,0,0
10:39:04.126  DEBUG    TX /CONTROLL/0,0,0,0,0,0,0,0,0
10:39:05.737  DEBUG    TX /CONTROLL/0,0,0,0,0,0,0,0,0
10:39:07.345  DEBUG    TX /CONTROLL/0,0,0,0,0,0,0,0,0
10:39:08.953  DEBUG    TX /CONTROLL/0,0,0,0,0,0,0,0,0
10:39:10.564  DEBUG    TX /CONTROLL/0,0,0,0,0,0,0,0,0
10:39:12.177  DEBUG    TX /CONTROLL/0,0,0,0,0,0,0,0,0
10:39:13.783  DEBUG    TX /CONTROLL/0,0,0,0,0,0,0,0,0
10:39:15.394  DEBUG    TX /CONTROLL/0,0,0,0,0,0,0,0,0
10:39:17.007  DEBUG    TX /CONTROLL/0,0,0,0,0,0,0,0,0
10:39:18.623  DEBUG    TX /CONTROLL/0,0,0,0,0,0,0,0,0
10:39:20.232  DEBUG    TX /CONTROLL/0,0,0,0,0,0,0,0,0
10:39:21.845  DEBUG    TX /CONTROLL/0,0,0,0,0,0,0,0,0
10:39:23.449  DEBUG    TX /CONTROLL/0,0,0,0,0,0,0,0,0
10:39:25.060  DEBUG    TX /CONTROLL/0,0,0,0,0,0,0,0,0
10:39:26.669  DEBUG    TX /CONTROLL/0,0,0,0,0,0,0,0,0
10:39:28.275  DEBUG    TX /CONTROLL/0,0,0,0,0,0,0,0,0
10:39:29.885  DEBUG    TX /CONTROLL/0,0,0,0,0,0,0,0,0
10:39:31.491  DEBUG    TX /CONTROLL/0,0,0,0,0,0,0,0,0
10:39:33.096  DEBUG    TX /CONTROLL/0,0,0,0,0,0,0,0,0
10:39:34.699  DEBUG    TX /CONTROLL/0,0,0,0,0,0,0,0,0
10:39:36.313  DEBUG    TX /CONTROLL/0,0,0,0,0,0,0,0,0
10:39:37.918  DEBUG    TX /CONTROLL/0,0,0,0,0,0,0,0,0
10:39:39.528  DEBUG    TX /CONTROLL/0,0,0,0,0,0,0,0,0
10:39:41.135  DEBUG    TX /CONTROLL/0,0,0,0,0,0,0,0,0
10:39:42.743  DEBUG    TX /CONTROLL/0,0,0,0,0,0,0,0,0
10:39:44.353  DEBUG    TX /CONTROLL/0,0,0,0,0,0,0,0,0
10:39:45.961  DEBUG    TX /CONTROLL/0,0,0,0,0,0,0,0,0
10:39:47.571  DEBUG    TX /CONTROLL/0,0,0,0,0,0,0,0,0
10:39:49.181  DEBUG    TX /CONTROLL/0,0,0,0,0,0,0,0,0
10:39:50.791  DEBUG    TX /CONTROLL/0,0,0,0,0,0,0,0,0
10:39:52.396  DEBUG    TX /CONTROLL/0,0,0,0,0,0,0,0,0
10:39:54.012  DEBUG    TX /CONTROLL/0,0,0,0,0,0,0,0,0
10:39:55.624  DEBUG    TX /CONTROLL/0,0,0,0,0,0,0,0,0
10:39:57.229  DEBUG    TX /CONTROLL/0,0,0,0,0,0,0,0,0
10:39:58.836  DEBUG    TX /CONTROLL/0,0,0,0,0,0,0,0,0
10:40:00.444  DEBUG    TX /CONTROLL/0,0,0,0,0,0,0,0,0
10:40:02.049  DEBUG    TX /CONTROLL/0,0,0,0,0,0,0,0,0
10:40:03.660  DEBUG    TX /CONTROLL/0,0,0,0,0,0,0,0,0
10:40:05.270  DEBUG    TX /CONTROLL/0,0,0,0,0,0,0,0,0
10:40:06.879  DEBUG    TX /CONTROLL/0,0,0,0,0,0,0,0,0
10:40:08.489  DEBUG    TX /CONTROLL/0,0,0,0,0,0,0,0,0
10:40:10.097  DEBUG    TX /CONTROLL/0,0,0,0,0,0,0,0,0
10:40:11.704  DEBUG    TX /CONTROLL/0,0,0,0,0,0,0,0,0
10:40:13.313  DEBUG    TX /CONTROLL/0,0,0,0,0,0,0,0,0
10:40:14.922  DEBUG    TX /CONTROLL/0,0,0,0,0,0,0,0,0
10:40:16.531  DEBUG    TX /CONTROLL/0,0,0,0,0,0,0,0,0
10:40:18.143  DEBUG    TX /CONTROLL/0,0,0,0,0,0,0,0,0
10:40:19.759  DEBUG    TX /CONTROLL/0,0,0,0,0,0,0,0,0
10:40:21.370  DEBUG    TX /CONTROLL/0,0,0,0,0,0,0,0,0
10:40:22.967  DEBUG    TX /CONTROLL/0,0,0,0,0,0,0,0,0
10:40:24.578  DEBUG    TX /CONTROLL/0,0,0,0,0,0,0,0,0
10:40:26.189  DEBUG    TX /CONTROLL/0,0,0,0,0,0,0,0,0
10:40:27.148  INFO     RX        /BATTERY/VDDA/12863 mV
10:40:27.148  INFO     RX        === Hexapod Mainboard ===
10:40:27.166  INFO     RX        PCA9685 Right: OK
10:40:27.188  INFO     RX        PCA9685 Left:  OK
10:40:27.224  INFO     RX        LSM6DSO IMU:   OK
10:40:27.375  INFO     RX        VL53L1X ToF:   OK
10:40:27.401  INFO     RX        Locomotion:    INIT (UN_ARMED, printf mode)
10:40:27.401  INFO     RX        Press L1 to arm, R1 to disarm at any time.
10:40:27.402  INFO     RX        Ready.
10:40:27.796  DEBUG    TX /CONTROLL/0,0,0,0,0,0,0,0,0
10:40:29.408  DEBUG    TX /CONTROLL/0,0,0,-16,0,0,0,0,0
10:40:30.543  INFO     RX        /ERR/LOKO/0x00000002
10:40:30.570  INFO     RX        /ERR/LOKO/0x00000002
10:40:30.570  INFO     RX        /ERR/LOKO/0x00000002
10:40:30.605  INFO     RX        /ERR/LOKO/0x00000002
10:40:30.605  INFO     RX        /ERR/LOKO/0x00000002
10:40:30.605  INFO     RX        /ERR/LOKO/0x00000002
10:40:30.639  INFO     RX        /ERR/LOKO/0x00000002
10:40:30.639  INFO     RX        /ERR/LOKO/0x00000002
10:40:31.021  DEBUG    TX /CONTROLL/0,0,0,-16,0,0,0,0,0
10:40:31.153  INFO     RX        /ERR/LOKO/0x00000002
10:40:31.187  INFO     RX        /ERR/LOKO/0x00000002
10:40:31.187  INFO     RX        /ERR/LOKO/0x00000002
10:40:31.187  INFO     RX        /ERR/LOKO/0x00000002
10:40:31.221  INFO     RX        /ERR/LOKO/0x00000002
10:40:31.221  INFO     RX        /ERR/LOKO/0x00000002
10:40:31.221  INFO     RX        /ERR/LOKO/0x00000002
10:40:31.252  INFO     RX        /ERR/LOKO/0x00000002
10:40:32.632  DEBUG    TX /CONTROLL/0,0,0,-16,0,0,0,0,0
10:40:33.055  INFO     RX        /ERR/LOKO/0x00000002
10:40:33.055  INFO     RX        /ERR/LOKO/0x00000002
10:40:33.088  INFO     RX        /ERR/LOKO/0x00000002
10:40:33.088  INFO     RX        /ERR/LOKO/0x00000002
10:40:33.118  INFO     RX        /ERR/LOKO/0x00000002
10:40:33.118  INFO     RX        /ERR/LOKO/0x00000002
10:40:33.118  INFO     RX        /ERR/LOKO/0x00000002
10:40:33.153  INFO     RX        /ERR/LOKO/0x00000002
10:40:33.666  INFO     RX        /ERR/LOKO/0x00000002
10:40:33.666  INFO     RX        /ERR/LOKO/0x00000002
10:40:33.700  INFO     RX        /ERR/LOKO/0x00000002
10:40:33.701  INFO     RX        /ERR/LOKO/0x00000002
10:40:33.701  INFO     RX        /ERR/LOKO/0x00000002
10:40:33.730  INFO     RX        /ERR/LOKO/0x00000002
10:40:33.730  INFO     RX        /ERR/LOKO/0x00000002
10:40:33.730  INFO     RX        /ERR/LOKO/0x00000002
10:40:34.241  DEBUG    TX /CONTROLL/0,0,-27,0,0,0,0,0,0
10:40:34.858  INFO     RX        /ERR/LOKO/0x00000002
10:40:34.859  INFO     RX        /ERR/LOKO/0x00000002
10:40:34.859  INFO     RX        /ERR/LOKO/0x00000002
10:40:34.893  INFO     RX        /ERR/LOKO/0x00000002
10:40:34.893  INFO     RX        /ERR/LOKO/0x00000002
10:40:34.893  INFO     RX        /ERR/LOKO/0x00000002
10:40:34.924  INFO     RX        /ERR/LOKO/0x00000002
10:40:34.924  INFO     RX        /ERR/LOKO/0x00000002
10:40:34.955  INFO     RX        /ERR/LOKO/0x00000002
10:40:34.955  INFO     RX        /ERR/LOKO/0x00000002
10:40:34.955  INFO     RX        /ERR/LOKO/0x00000002
10:40:34.987  INFO     RX        /ERR/LOKO/0x00000002
10:40:34.988  INFO     RX        /ERR/LOKO/0x00000002
10:40:34.988  INFO     RX        /ERR/LOKO/0x00000002
10:40:35.019  INFO     RX        /ERR/LOKO/0x00000002
10:40:35.019  INFO     RX        /ERR/LOKO/0x00000002
10:40:35.055  INFO     RX        /ERR/LOKO/0x00000002
10:40:35.055  INFO     RX        /ERR/LOKO/0x00000002
10:40:35.055  INFO     RX        /ERR/LOKO/0x00000002
10:40:35.086  INFO     RX        /ERR/LOKO/0x00000002
10:40:35.086  INFO     RX        /ERR/LOKO/0x00000002
10:40:35.086  INFO     RX        /ERR/LOKO/0x00000002
10:40:35.119  INFO     RX        /ERR/LOKO/0x00000002
10:40:35.119  INFO     RX        /ERR/LOKO/0x00000002
10:40:35.119  INFO     RX        /ERR/LOKO/0x00000002
10:40:35.854  DEBUG    TX /CONTROLL/0,0,-19,0,0,0,0,0,0
10:40:35.958  INFO     RX        /ERR/LOKO/0x00000002
10:40:35.990  INFO     RX        /ERR/LOKO/0x00000002
10:40:35.990  INFO     RX        /ERR/LOKO/0x00000002
10:40:35.990  INFO     RX        /ERR/LOKO/0x00000002
10:40:36.024  INFO     RX        /ERR/LOKO/0x00000002
10:40:36.024  INFO     RX        /ERR/LOKO/0x00000002
10:40:36.024  INFO     RX        /ERR/LOKO/0x00000002
10:40:36.925  INFO     RX        /ERR/LOKO/0x00000002
10:40:36.925  INFO     RX        /ERR/LOKO/0x00000002
10:40:36.954  INFO     RX        /ERR/LOKO/0x00000002
10:40:36.954  INFO     RX        /ERR/LOKO/0x00000002
10:40:36.990  INFO     RX        /ERR/LOKO/0x00000002
10:40:36.990  INFO     RX        /ERR/LOKO/0x00000002
10:40:36.990  INFO     RX        /ERR/LOKO/0x00000002
10:40:37.023  INFO     RX        /ERR/LOKO/0x00000002
10:40:37.023  INFO     RX        /ERR/LOKO/0x00000002
10:40:37.023  INFO     RX        /ERR/LOKO/0x00000002
10:40:37.052  INFO     RX        /ERR/LOKO/0x00000002
10:40:37.052  INFO     RX        /ERR/LOKO/0x00000002
10:40:37.086  INFO     RX        /ERR/LOKO/0x00000002
10:40:37.086  INFO     RX        /ERR/LOKO/0x00000002
10:40:37.086  INFO     RX        /ERR/LOKO/0x00000002
10:40:37.119  INFO     RX        /ERR/LOKO/0x00000002
10:40:37.119  INFO     RX        /ERR/LOKO/0x00000002
10:40:37.119  INFO     RX        /ERR/LOKO/0x00000002
10:40:37.149  INFO     RX        /ERR/LOKO/0x00000002
10:40:37.149  INFO     RX        /ERR/LOKO/0x00000002
10:40:37.149  INFO     RX        /ERR/LOKO/0x00000002
10:40:37.183  INFO     RX        /ERR/LOKO/0x00000002
10:40:37.183  INFO     RX        /ERR/LOKO/0x00000002
10:40:37.183  INFO     RX        /ERR/LOKO/0x00000002
10:40:37.213  INFO     RX        /ERR/LOKO/0x00000002
10:40:37.213  INFO     RX        /ERR/LOKO/0x00000002
10:40:37.468  DEBUG    TX /CONTROLL/0,0,-19,0,0,0,0,0,0
10:40:38.085  INFO     RX        /ERR/LOKO/0x00000002
10:40:38.085  INFO     RX        /ERR/LOKO/0x00000002
10:40:38.085  INFO     RX        /ERR/LOKO/0x00000002
10:40:38.120  INFO     RX        /ERR/LOKO/0x00000002
10:40:38.120  INFO     RX        /ERR/LOKO/0x00000002
10:40:38.149  INFO     RX        /ERR/LOKO/0x00000002
10:40:39.052  INFO     RX        /ERR/LOKO/0x00000002
10:40:39.078  DEBUG    TX /CONTROLL/0,0,-17,0,0,0,0,0,0
10:40:39.081  INFO     RX        /ERR/LOKO/0x00000002
10:40:39.081  INFO     RX        /ERR/LOKO/0x00000002
10:40:39.082  INFO     RX        /ERR/LOKO/0x00000002
10:40:39.116  INFO     RX        /ERR/LOKO/0x00000002
10:40:39.116  INFO     RX        /ERR/LOKO/0x00000002
10:40:39.145  INFO     RX        /ERR/LOKO/0x00000002
10:40:39.145  INFO     RX        /ERR/LOKO/0x00000002
10:40:39.145  INFO     RX        /ERR/LOKO/0x00000002
10:40:39.180  INFO     RX        /ERR/LOKO/0x00000002
10:40:39.181  INFO     RX        /ERR/LOKO/0x00000002
10:40:39.181  INFO     RX        /ERR/LOKO/0x00000002
10:40:39.208  INFO     RX        /ERR/LOKO/0x00000002
10:40:39.210  INFO     RX        /ERR/LOKO/0x00000002
10:40:39.244  INFO     RX        /ERR/LOKO/0x00000002
10:40:39.244  INFO     RX        /ERR/LOKO/0x00000002
10:40:39.244  INFO     RX        /ERR/LOKO/0x00000002
10:40:39.272  INFO     RX        /ERR/LOKO/0x00000002
10:40:39.272  INFO     RX        /ERR/LOKO/0x00000002
10:40:39.272  INFO     RX        /ERR/LOKO/0x00000002
10:40:39.304  INFO     RX        /ERR/LOKO/0x00000002
10:40:39.305  INFO     RX        /ERR/LOKO/0x00000002
10:40:39.337  INFO     RX        /ERR/LOKO/0x00000002
10:40:39.337  INFO     RX        /ERR/LOKO/0x00000002
10:40:39.337  INFO     RX        /ERR/LOKO/0x00000002
10:40:39.372  INFO     RX        /ERR/LOKO/0x00000002
10:40:39.372  INFO     RX        /ERR/LOKO/0x00000002
10:40:40.237  INFO     RX        /ERR/LOKO/0x00000002
10:40:40.237  INFO     RX        /ERR/LOKO/0x00000002
10:40:40.237  INFO     RX        /ERR/LOKO/0x00000002
10:40:40.271  INFO     RX        /ERR/LOKO/0x00000002
10:40:40.271  INFO     RX        /ERR/LOKO/0x00000002
10:40:40.271  INFO     RX        /ERR/LOKO/0x00000002
10:40:40.301  INFO     RX        /ERR/LOKO/0x00000002
10:40:40.686  DEBUG    TX /CONTROLL/0,0,-17,0,0,0,0,0,0
10:40:41.236  INFO     RX        /ERR/LOKO/0x00000002
10:40:41.237  INFO     RX        /ERR/LOKO/0x00000002
10:40:41.271  INFO     RX        /ERR/LOKO/0x00000002
10:40:41.271  INFO     RX        /ERR/LOKO/0x00000002
10:40:41.271  INFO     RX        /ERR/LOKO/0x00000002
10:40:41.301  INFO     RX        /ERR/LOKO/0x00000002
10:40:41.301  INFO     RX        /ERR/LOKO/0x00000002
10:40:41.301  INFO     RX        /ERR/LOKO/0x00000002
10:40:41.335  INFO     RX        /ERR/LOKO/0x00000002
10:40:41.335  INFO     RX        /ERR/LOKO/0x00000002
10:40:41.335  INFO     RX        /ERR/LOKO/0x00000002
10:40:41.368  INFO     RX        /ERR/LOKO/0x00000002
10:40:41.368  INFO     RX        /ERR/LOKO/0x00000002
10:40:41.397  INFO     RX        /ERR/LOKO/0x00000002
10:40:41.397  INFO     RX        /ERR/LOKO/0x00000002
10:40:41.397  INFO     RX        /ERR/LOKO/0x00000002
10:40:41.433  INFO     RX        /ERR/LOKO/0x00000002
10:40:41.433  INFO     RX        /ERR/LOKO/0x00000002
10:40:41.433  INFO     RX        /ERR/LOKO/0x00000002
10:40:41.462  INFO     RX        /ERR/LOKO/0x00000002
10:40:41.462  INFO     RX        /ERR/LOKO/0x00000002
10:40:41.497  INFO     RX        /ERR/LOKO/0x00000002
10:40:41.497  INFO     RX        /ERR/LOKO/0x00000002
10:40:41.498  INFO     RX        /ERR/LOKO/0x00000002
10:40:41.526  INFO     RX        /ERR/LOKO/0x00000002
10:40:41.527  INFO     RX        /ERR/LOKO/0x00000002
10:40:41.527  INFO     RX        /ERR/LOKO/0x00000002
10:40:41.562  INFO     RX        /ERR/LOKO/0x00000002
10:40:41.562  INFO     RX        /ERR/LOKO/0x00000002
10:40:42.293  DEBUG    TX /CONTROLL/0,0,-17,0,0,0,0,0,0
10:40:42.463  INFO     RX        /ERR/LOKO/0x00000002
10:40:42.463  INFO     RX        /ERR/LOKO/0x00000002
10:40:42.489  INFO     RX        /ERR/LOKO/0x00000002
10:40:42.489  INFO     RX        /ERR/LOKO/0x00000002
10:40:42.526  INFO     RX        /ERR/LOKO/0x00000002
10:40:42.526  INFO     RX        /ERR/LOKO/0x00000002
10:40:42.526  INFO     RX        /ERR/LOKO/0x00000002
10:40:43.522  INFO     RX        /ERR/LOKO/0x00000002
10:40:43.522  INFO     RX        /ERR/LOKO/0x00000002
10:40:43.522  INFO     RX        /ERR/LOKO/0x00000002
10:40:43.554  INFO     RX        /ERR/LOKO/0x00000002
10:40:43.554  INFO     RX        /ERR/LOKO/0x00000002
10:40:43.554  INFO     RX        /ERR/LOKO/0x00000002
10:40:43.587  INFO     RX        /ERR/LOKO/0x00000002
10:40:43.587  INFO     RX        /ERR/LOKO/0x00000002
10:40:43.587  INFO     RX        /ERR/LOKO/0x00000002
10:40:43.620  INFO     RX        /ERR/LOKO/0x00000002
10:40:43.620  INFO     RX        /ERR/LOKO/0x00000002
10:40:43.650  INFO     RX        /ERR/LOKO/0x00000002
10:40:43.650  INFO     RX        /ERR/LOKO/0x00000002
10:40:43.650  INFO     RX        /ERR/LOKO/0x00000002
10:40:43.684  INFO     RX        /ERR/LOKO/0x00000002
10:40:43.684  INFO     RX        /ERR/LOKO/0x00000002
10:40:43.684  INFO     RX        /ERR/LOKO/0x00000002
10:40:43.714  INFO     RX        /ERR/LOKO/0x00000002
10:40:43.714  INFO     RX        /ERR/LOKO/0x00000002
10:40:43.749  INFO     RX        /ERR/LOKO/0x00000002
10:40:43.749  INFO     RX        /ERR/LOKO/0x00000002
10:40:43.749  INFO     RX        /ERR/LOKO/0x00000002
10:40:43.777  INFO     RX        /ERR/LOKO/0x00000002
10:40:43.778  INFO     RX        /ERR/LOKO/0x00000002
10:40:43.778  INFO     RX        /ERR/LOKO/0x00000002
10:40:43.812  INFO     RX        /ERR/LOKO/0x00000002
10:40:43.812  INFO     RX        /ERR/LOKO/0x00000002
10:40:43.812  INFO     RX        /ERR/LOKO/0x00000002
10:40:43.903  DEBUG    TX /CONTROLL/0,0,-17,0,0,0,0,0,0
10:40:45.512  DEBUG    TX /CONTROLL/0,0,0,0,0,0,0,0,0
10:40:46.384  INFO     RX        /ERR/LOKO/0x00000002
10:40:46.384  INFO     RX        /ERR/LOKO/0x00000002
10:40:46.384  INFO     RX        /ERR/LOKO/0x00000002
10:40:46.419  INFO     RX        /ERR/LOKO/0x00000002
10:40:46.419  INFO     RX        /ERR/LOKO/0x00000002
10:40:46.419  INFO     RX        /ERR/LOKO/0x00000002
10:40:46.454  INFO     RX        /ERR/LOKO/0x00000002
10:40:46.899  INFO     RX        /ERR/LOKO/0x00000002
10:40:46.900  INFO     RX        /ERR/LOKO/0x00000002
10:40:46.929  INFO     RX        /ERR/LOKO/0x00000002
10:40:46.929  INFO     RX        /ERR/LOKO/0x00000002
10:40:46.962  INFO     RX        /ERR/LOKO/0x00000002
10:40:46.962  INFO     RX        /ERR/LOKO/0x00000002
10:40:46.962  INFO     RX        /ERR/LOKO/0x00000002
10:40:46.998  INFO     RX        /ERR/LOKO/0x00000002
10:40:47.120  DEBUG    TX /CONTROLL/0,0,0,-18,0,0,0,0,0
10:40:48.606  INFO     RX        /ERR/LOKO/0x00000002
10:40:48.606  INFO     RX        /ERR/LOKO/0x00000002
10:40:48.606  INFO     RX        /ERR/LOKO/0x00000002
10:40:48.635  INFO     RX        /ERR/LOKO/0x00000002
10:40:48.635  INFO     RX        /ERR/LOKO/0x00000002
10:40:48.670  INFO     RX        /ERR/LOKO/0x00000002
10:40:48.670  INFO     RX        /ERR/LOKO/0x00000002
10:40:48.729  DEBUG    TX /CONTROLL/0,0,0,-18,0,0,0,0,0
10:40:49.118  INFO     RX        /ERR/LOKO/0x00000002
10:40:49.154  INFO     RX        /ERR/LOKO/0x00000002
10:40:49.154  INFO     RX        /ERR/LOKO/0x00000002
10:40:49.154  INFO     RX        /ERR/LOKO/0x00000002
10:40:49.182  INFO     RX        /ERR/LOKO/0x00000002
10:40:49.183  INFO     RX        /ERR/LOKO/0x00000002
10:40:49.183  INFO     RX        /ERR/LOKO/0x00000002
10:40:50.336  DEBUG    TX /CONTROLL/0,0,0,46,0,0,0,0,0
10:40:50.631  INFO     RX        /ERR/LOKO/0x00000002
10:40:50.631  INFO     RX        /ERR/LOKO/0x00000002
10:40:50.660  INFO     RX        /ERR/LOKO/0x00000002
10:40:50.916  INFO     RX        /ERR/LOKO/0x00000002
10:40:50.916  INFO     RX        /ERR/LOKO/0x00000002
10:40:50.916  INFO     RX        /ERR/LOKO/0x00000002
10:40:50.951  INFO     RX        /ERR/LOKO/0x00000002
10:40:50.951  INFO     RX        /ERR/LOKO/0x00000002
10:40:51.948  DEBUG    TX /CONTROLL/0,0,0,0,0,0,0,0,0
10:40:53.557  DEBUG    TX /CONTROLL/0,0,0,12,0,0,0,0,0
10:40:54.950  INFO     RX        /ERR/LOKO/0x00000002
10:40:54.950  INFO     RX        /ERR/LOKO/0x00000002
10:40:54.980  INFO     RX        /ERR/LOKO/0x00000002
10:40:54.980  INFO     RX        /ERR/LOKO/0x00000002
10:40:54.980  INFO     RX        /ERR/LOKO/0x00000002
10:40:55.015  INFO     RX        /ERR/LOKO/0x00000002
10:40:55.015  INFO     RX        /ERR/LOKO/0x00000002
10:40:55.015  INFO     RX        /ERR/LOKO/0x00000002
10:40:55.047  INFO     RX        /ERR/LOKO/0x00000002
10:40:55.047  INFO     RX        /ERR/LOKO/0x00000002
10:40:55.079  INFO     RX        /ERR/LOKO/0x00000002
10:40:55.169  DEBUG    TX /CONTROLL/0,0,0,12,0,0,0,0,0
10:40:55.754  INFO     RX        /ERR/LOKO/0x00000002
10:40:55.754  INFO     RX        /ERR/LOKO/0x00000002
10:40:55.782  INFO     RX        /ERR/LOKO/0x00000002
10:40:55.782  INFO     RX        /ERR/LOKO/0x00000002
10:40:55.783  INFO     RX        /ERR/LOKO/0x00000002
10:40:55.817  INFO     RX        /ERR/LOKO/0x00000002
10:40:55.817  INFO     RX        /ERR/LOKO/0x00000002
10:40:55.817  INFO     RX        /ERR/LOKO/0x00000002
10:40:55.846  INFO     RX        /ERR/LOKO/0x00000002
10:40:55.847  INFO     RX        /ERR/LOKO/0x00000002
10:40:55.881  INFO     RX        /ERR/LOKO/0x00000002
10:40:56.778  DEBUG    TX /CONTROLL/0,0,0,12,0,0,0,0,0
10:40:58.295  INFO     RX        /ERR/LOKO/0x00000002
10:40:58.295  INFO     RX        /ERR/LOKO/0x00000002
10:40:58.295  INFO     RX        /ERR/LOKO/0x00000002
10:40:58.330  INFO     RX        /ERR/LOKO/0x00000002
10:40:58.330  INFO     RX        /ERR/LOKO/0x00000002
10:40:58.330  INFO     RX        /ERR/LOKO/0x00000002
10:40:58.359  INFO     RX        /ERR/LOKO/0x00000002
10:40:58.359  INFO     RX        /ERR/LOKO/0x00000002
10:40:58.387  DEBUG    TX /CONTROLL/0,0,0,12,0,0,0,0,0
10:40:58.393  INFO     RX        /ERR/LOKO/0x00000002
10:40:58.393  INFO     RX        /ERR/LOKO/0x00000002
10:40:59.068  INFO     RX        /ERR/LOKO/0x00000002
10:40:59.104  INFO     RX        /ERR/LOKO/0x00000002
10:40:59.104  INFO     RX        /ERR/LOKO/0x00000002
10:40:59.104  INFO     RX        /ERR/LOKO/0x00000002
10:40:59.133  INFO     RX        /ERR/LOKO/0x00000002
10:40:59.133  INFO     RX        /ERR/LOKO/0x00000002
10:40:59.165  INFO     RX        /ERR/LOKO/0x00000002
10:40:59.165  INFO     RX        /ERR/LOKO/0x00000002
10:40:59.168  INFO     RX        /ERR/LOKO/0x00000002
10:40:59.199  INFO     RX        /ERR/LOKO/0x00000002
10:40:59.998  DEBUG    TX /CONTROLL/0,0,0,12,0,0,0,0,0
10:41:01.607  DEBUG    TX /CONTROLL/0,0,0,0,0,0,0,0,0
10:41:02.483  INFO     RX        /ERR/LOKO/0x00000002
10:41:02.577  INFO     RX        /ERR/LOKO/0x00000002
10:41:02.577  INFO     RX        /ERR/LOKO/0x00000002
10:41:02.577  INFO     RX        /ERR/LOKO/0x00000002
10:41:02.612  INFO     RX        /ERR/LOKO/0x00000002
10:41:02.715  INFO     RX        /ERR/LOKO/0x00000002
10:41:02.875  INFO     RX        /ERR/LOKO/0x00000002
10:41:02.984  INFO     RX        /ERR/LOKO/0x00000002
10:41:02.984  INFO     RX        /ERR/LOKO/0x00000002
10:41:02.984  INFO     RX        /ERR/LOKO/0x00000002
10:41:03.119  INFO     RX        /ERR/LOKO/0x00000002
10:41:03.119  INFO     RX        /ERR/LOKO/0x00000002
10:41:03.119  INFO     RX        /ERR/LOKO/0x00000002
10:41:03.220  DEBUG    TX /CONTROLL/-12,0,0,20,0,0,0,0,0
10:41:03.252  INFO     RX        /ERR/LOKO/0x00000002
10:41:04.275  INFO     RX        /ERR/LOKO/0x00000002
10:41:04.275  INFO     RX        /ERR/LOKO/0x00000002
10:41:04.275  INFO     RX        /ERR/LOKO/0x00000002
10:41:04.286  INFO     RX        /ERR/LOKO/0x00000002
10:41:04.396  INFO     RX        /ERR/LOKO/0x00000002
10:41:04.396  INFO     RX        /ERR/LOKO/0x00000002
10:41:04.731  INFO     RX        /ERR/LOKO/0x00000002
10:41:04.731  INFO     RX        /ERR/LOKO/0x00000002
10:41:04.731  INFO     RX        /ERR/LOKO/0x00000002
10:41:04.731  INFO     RX        /ERR/LOKO/0x00000002
10:41:04.830  DEBUG    TX /CONTROLL/-12,0,0,20,0,0,0,0,0
10:41:04.837  INFO     RX        /ERR/LOKO/0x00000002
10:41:04.904  INFO     RX        /ERR/LOKO/0x00000002
10:41:04.904  INFO     RX        /ERR/LOKO/0x00000002
10:41:04.904  INFO     RX        /ERR/LOKO/0x00000002
10:41:05.903  INFO     RX        /ERR/LOKO/0x00000002
10:41:05.930  INFO     RX        /ERR/LOKO/0x00000002
10:41:05.966  INFO     RX        /ERR/LOKO/0x00000002
10:41:06.000  INFO     RX        /ERR/LOKO/0x00000002
10:41:06.059  INFO     RX        /ERR/LOKO/0x00000002
10:41:06.096  INFO     RX        /ERR/LOKO/0x00000002
10:41:06.321  INFO     RX        /ERR/LOKO/0x00000002
10:41:06.355  INFO     RX        /ERR/LOKO/0x00000002
10:41:06.385  INFO     RX        /ERR/LOKO/0x00000002
10:41:06.421  INFO     RX        /ERR/LOKO/0x00000002
10:41:06.446  DEBUG    TX /CONTROLL/-14,0,0,20,0,0,0,0,0
10:41:06.450  INFO     RX        /ERR/LOKO/0x00000002
10:41:06.513  INFO     RX        /ERR/LOKO/0x00000002
10:41:06.548  INFO     RX        /ERR/LOKO/0x00000002
10:41:07.609  INFO     RX        /ERR/LOKO/0x00000002
10:41:07.609  INFO     RX        /ERR/LOKO/0x00000002
10:41:07.641  INFO     RX        /ERR/LOKO/0x00000002
10:41:07.677  INFO     RX        /ERR/LOKO/0x00000002
10:41:07.739  INFO     RX        /ERR/LOKO/0x00000002
10:41:07.967  INFO     RX        /ERR/LOKO/0x00000002
10:41:07.997  INFO     RX        /ERR/LOKO/0x00000002
10:41:08.032  INFO     RX        /ERR/LOKO/0x00000002
10:41:08.059  DEBUG    TX /CONTROLL/-14,0,0,20,0,0,0,0,0
10:41:08.062  INFO     RX        /ERR/LOKO/0x00000002
10:41:08.097  INFO     RX        /ERR/LOKO/0x00000002
10:41:08.132  INFO     RX        /ERR/LOKO/0x00000002
10:41:08.192  INFO     RX        /ERR/LOKO/0x00000002
10:41:09.222  INFO     RX        /ERR/LOKO/0x00000002
10:41:09.259  INFO     RX        /ERR/LOKO/0x00000002
10:41:09.285  INFO     RX        /ERR/LOKO/0x00000002
10:41:09.318  INFO     RX        /ERR/LOKO/0x00000002
10:41:09.543  INFO     RX        /ERR/LOKO/0x00000002
10:41:09.578  INFO     RX        /ERR/LOKO/0x00000002
10:41:09.669  DEBUG    TX /CONTROLL/-16,0,0,20,0,0,0,0,0
10:41:09.889  INFO     RX        /ERR/LOKO/0x00000002
10:41:09.889  INFO     RX        /ERR/LOKO/0x00000002
10:41:09.890  INFO     RX        /ERR/LOKO/0x00000002
10:41:09.890  INFO     RX        /ERR/LOKO/0x00000002
10:41:09.890  INFO     RX        /ERR/LOKO/0x00000002
10:41:10.731  INFO     RX        /ERR/LOKO/0x00000002
10:41:10.799  INFO     RX        /ERR/LOKO/0x00000002
10:41:10.828  INFO     RX        /ERR/LOKO/0x00000002
10:41:11.086  INFO     RX        /ERR/LOKO/0x00000002
10:41:11.122  INFO     RX        /ERR/LOKO/0x00000002
10:41:11.150  INFO     RX        /ERR/LOKO/0x00000002
10:41:11.186  INFO     RX        /ERR/LOKO/0x00000002
10:41:11.219  INFO     RX        /ERR/LOKO/0x00000002
10:41:11.251  INFO     RX        /ERR/LOKO/0x00000002
10:41:11.278  DEBUG    TX /CONTROLL/-18,0,0,20,0,0,0,0,0
10:41:12.282  INFO     RX        /ERR/LOKO/0x00000002
10:41:12.317  INFO     RX        /ERR/LOKO/0x00000002
10:41:12.409  INFO     RX        /ERR/LOKO/0x00000002
10:41:12.446  INFO     RX        /ERR/LOKO/0x00000002
10:41:12.509  INFO     RX        /ERR/LOKO/0x00000002
10:41:12.538  INFO     RX        /ERR/LOKO/0x00000002
10:41:12.667  INFO     RX        /ERR/LOKO/0x00000002
10:41:12.733  INFO     RX        /ERR/LOKO/0x00000002
10:41:12.763  INFO     RX        /ERR/LOKO/0x00000002
10:41:12.798  INFO     RX        /ERR/LOKO/0x00000002
10:41:12.831  INFO     RX        /ERR/LOKO/0x00000002
10:41:12.860  INFO     RX        /ERR/LOKO/0x00000002
10:41:12.889  DEBUG    TX /CONTROLL/-18,12,0,28,0,0,0,0,0
10:41:13.603  INFO     RX        /ERR/LOKO/0x00000002
10:41:13.635  INFO     RX        /ERR/LOKO/0x00000002
10:41:13.699  INFO     RX        /ERR/LOKO/0x00000002
10:41:13.729  INFO     RX        /ERR/LOKO/0x00000002
10:41:13.913  INFO     RX        /ERR/LOKO/0x00000002
10:41:13.954  INFO     RX        /ERR/LOKO/0x00000002
10:41:13.989  INFO     RX        /ERR/LOKO/0x00000002
10:41:14.018  INFO     RX        /ERR/LOKO/0x00000002
10:41:14.053  INFO     RX        /ERR/LOKO/0x00000002
10:41:14.501  DEBUG    TX /CONTROLL/-18,12,0,28,0,0,0,0,0
10:41:14.766  INFO     RX        /ERR/LOKO/0x00000002
10:41:14.795  INFO     RX        /ERR/LOKO/0x00000002
10:41:14.831  INFO     RX        /ERR/LOKO/0x00000002
10:41:14.898  INFO     RX        /ERR/LOKO/0x00000002
10:41:16.108  DEBUG    TX /CONTROLL/0,0,0,0,0,0,0,0,0
10:41:17.277  INFO     RX        /ERR/LOKO/0x00000002
10:41:17.278  INFO     RX        /ERR/LOKO/0x00000002
10:41:17.314  INFO     RX        /ERR/LOKO/0x00000002
10:41:17.314  INFO     RX        /ERR/LOKO/0x00000002
10:41:17.314  INFO     RX        /ERR/LOKO/0x00000002
10:41:17.342  INFO     RX        /ERR/LOKO/0x00000002
10:41:17.342  INFO     RX        /ERR/LOKO/0x00000002
10:41:17.342  INFO     RX        /ERR/LOKO/0x00000002
10:41:17.724  DEBUG    TX /CONTROLL/0,0,0,20,0,0,0,0,0
10:41:17.760  INFO     RX        /ERR/LOKO/0x00000002
10:41:17.760  INFO     RX        /ERR/LOKO/0x00000002
10:41:17.796  INFO     RX        /ERR/LOKO/0x00000002
10:41:17.797  INFO     RX        /ERR/LOKO/0x00000002
10:41:17.797  INFO     RX        /ERR/LOKO/0x00000002
10:41:17.825  INFO     RX        /ERR/LOKO/0x00000002
10:41:17.825  INFO     RX        /ERR/LOKO/0x00000002
10:41:19.278  INFO     RX        /ERR/LOKO/0x00000002
10:41:19.312  INFO     RX        /ERR/LOKO/0x00000002
10:41:19.312  INFO     RX        /ERR/LOKO/0x00000002
10:41:19.312  INFO     RX        /ERR/LOKO/0x00000002
10:41:19.337  DEBUG    TX /CONTROLL/0,0,0,20,0,0,0,0,0
10:41:19.343  INFO     RX        /ERR/LOKO/0x00000002
10:41:19.343  INFO     RX        /ERR/LOKO/0x00000002
10:41:19.761  INFO     RX        /ERR/LOKO/0x00000002
10:41:19.761  INFO     RX        /ERR/LOKO/0x00000002
10:41:19.799  INFO     RX        /ERR/LOKO/0x00000002
10:41:19.799  INFO     RX        /ERR/LOKO/0x00000002
10:41:19.831  INFO     RX        /ERR/LOKO/0x00000002
10:41:19.832  INFO     RX        /ERR/LOKO/0x00000002
10:41:19.832  INFO     RX        /ERR/LOKO/0x00000002
10:41:20.950  DEBUG    TX /CONTROLL/0,0,0,20,0,0,0,0,0
10:41:21.280  INFO     RX        /ERR/LOKO/0x00000002
10:41:21.280  INFO     RX        /ERR/LOKO/0x00000002
10:41:21.308  INFO     RX        /ERR/LOKO/0x00000002
10:41:21.308  INFO     RX        /ERR/LOKO/0x00000002
10:41:21.341  INFO     RX        /ERR/LOKO/0x00000002
10:41:21.341  INFO     RX        /ERR/LOKO/0x00000002
10:41:21.341  INFO     RX        /ERR/LOKO/0x00000002
10:41:21.768  INFO     RX        /ERR/LOKO/0x00000002
10:41:21.768  INFO     RX        /ERR/LOKO/0x00000002
10:41:21.793  INFO     RX        /ERR/LOKO/0x00000002
10:41:21.793  INFO     RX        /ERR/LOKO/0x00000002
10:41:21.828  INFO     RX        /ERR/LOKO/0x00000002
10:41:21.828  INFO     RX        /ERR/LOKO/0x00000002
10:41:22.564  DEBUG    TX /CONTROLL/0,0,0,20,0,0,0,0,0
10:41:24.179  DEBUG    TX /CONTROLL/0,0,-14,0,0,0,0,0,0
10:41:24.730  INFO     RX        /ERR/LOKO/0x00000002
10:41:24.730  INFO     RX        /ERR/LOKO/0x00000002
10:41:24.730  INFO     RX        /ERR/LOKO/0x00000002
10:41:24.765  INFO     RX        /ERR/LOKO/0x00000002
10:41:24.765  INFO     RX        /ERR/LOKO/0x00000002
10:41:24.765  INFO     RX        /ERR/LOKO/0x00000002
10:41:24.798  INFO     RX        /ERR/LOKO/0x00000002
10:41:24.798  INFO     RX        /ERR/LOKO/0x00000002
10:41:24.798  INFO     RX        /ERR/LOKO/0x00000002
10:41:25.789  DEBUG    TX /CONTROLL/0,0,-15,0,0,0,0,0,0
10:41:26.021  INFO     RX        /ERR/LOKO/0x00000002
10:41:26.021  INFO     RX        /ERR/LOKO/0x00000002
10:41:26.021  INFO     RX        /ERR/LOKO/0x00000002
10:41:26.050  INFO     RX        /ERR/LOKO/0x00000002
10:41:26.050  INFO     RX        /ERR/LOKO/0x00000002
10:41:26.050  INFO     RX        /ERR/LOKO/0x00000002
10:41:26.086  INFO     RX        /ERR/LOKO/0x00000002
10:41:26.086  INFO     RX        /ERR/LOKO/0x00000002
10:41:26.086  INFO     RX        /ERR/LOKO/0x00000002
10:41:26.114  INFO     RX        /ERR/LOKO/0x00000002
10:41:26.114  INFO     RX        /ERR/LOKO/0x00000002
10:41:26.147  INFO     RX        /ERR/LOKO/0x00000002
10:41:26.147  INFO     RX        /ERR/LOKO/0x00000002
10:41:26.147  INFO     RX        /ERR/LOKO/0x00000002
10:41:26.182  INFO     RX        /ERR/LOKO/0x00000002
10:41:26.182  INFO     RX        /ERR/LOKO/0x00000002
10:41:26.182  INFO     RX        /ERR/LOKO/0x00000002
10:41:26.215  INFO     RX        /ERR/LOKO/0x00000002
10:41:26.215  INFO     RX        /ERR/LOKO/0x00000002
10:41:26.215  INFO     RX        /ERR/LOKO/0x00000002
10:41:26.242  INFO     RX        /ERR/LOKO/0x00000002
10:41:26.243  INFO     RX        /ERR/LOKO/0x00000002
10:41:26.278  INFO     RX        /ERR/LOKO/0x00000002
10:41:26.278  INFO     RX        /ERR/LOKO/0x00000002
10:41:26.278  INFO     RX        /ERR/LOKO/0x00000002
10:41:26.310  INFO     RX        /ERR/LOKO/0x00000002
10:41:26.311  INFO     RX        /ERR/LOKO/0x00000002
10:41:26.311  INFO     RX        /ERR/LOKO/0x00000002
10:41:26.342  INFO     RX        /ERR/LOKO/0x00000002
10:41:26.342  INFO     RX        /ERR/LOKO/0x00000002
10:41:26.371  INFO     RX        /ERR/LOKO/0x00000002
10:41:26.371  INFO     RX        /ERR/LOKO/0x00000002
10:41:26.371  INFO     RX        /ERR/LOKO/0x00000002
10:41:26.406  INFO     RX        /ERR/LOKO/0x00000002
10:41:26.406  INFO     RX        /ERR/LOKO/0x00000002
10:41:26.406  INFO     RX        /ERR/LOKO/0x00000002
10:41:26.442  INFO     RX        /ERR/LOKO/0x00000002
10:41:27.406  DEBUG    TX /CONTROLL/0,0,-14,0,0,0,0,0,0
10:41:27.607  INFO     RX        /ERR/LOKO/0x00000002
10:41:27.608  INFO     RX        /ERR/LOKO/0x00000002
10:41:27.608  INFO     RX        /ERR/LOKO/0x00000002
10:41:27.636  INFO     RX        /ERR/LOKO/0x00000002
10:41:27.637  INFO     RX        /ERR/LOKO/0x00000002
10:41:27.670  INFO     RX        /ERR/LOKO/0x00000002
10:41:27.670  INFO     RX        /ERR/LOKO/0x00000002
10:41:27.670  INFO     RX        /ERR/LOKO/0x00000002
10:41:27.703  INFO     RX        /ERR/LOKO/0x00000002
10:41:28.958  INFO     RX        /ERR/LOKO/0x00000002
10:41:28.994  INFO     RX        /ERR/LOKO/0x00000002
10:41:28.994  INFO     RX        /ERR/LOKO/0x00000002
10:41:28.994  INFO     RX        /ERR/LOKO/0x00000002
10:41:29.020  DEBUG    TX /CONTROLL/0,0,-14,0,0,0,0,0,0
10:41:29.032  INFO     RX        /ERR/LOKO/0x00000002
10:41:29.032  INFO     RX        /ERR/LOKO/0x00000002
10:41:29.032  INFO     RX        /ERR/LOKO/0x00000002
10:41:29.057  INFO     RX        /ERR/LOKO/0x00000002
10:41:29.057  INFO     RX        /ERR/LOKO/0x00000002
10:41:29.057  INFO     RX        /ERR/LOKO/0x00000002
10:41:29.091  INFO     RX        /ERR/LOKO/0x00000002
10:41:29.091  INFO     RX        /ERR/LOKO/0x00000002
10:41:29.122  INFO     RX        /ERR/LOKO/0x00000002
10:41:29.122  INFO     RX        /ERR/LOKO/0x00000002
10:41:29.123  INFO     RX        /ERR/LOKO/0x00000002
10:41:29.152  INFO     RX        /ERR/LOKO/0x00000002
10:41:29.152  INFO     RX        /ERR/LOKO/0x00000002
10:41:29.152  INFO     RX        /ERR/LOKO/0x00000002
10:41:29.186  INFO     RX        /ERR/LOKO/0x00000002
10:41:29.186  INFO     RX        /ERR/LOKO/0x00000002
10:41:29.186  INFO     RX        /ERR/LOKO/0x00000002
10:41:29.219  INFO     RX        /ERR/LOKO/0x00000002
10:41:29.219  INFO     RX        /ERR/LOKO/0x00000002
10:41:29.249  INFO     RX        /ERR/LOKO/0x00000002
10:41:29.249  INFO     RX        /ERR/LOKO/0x00000002
10:41:29.249  INFO     RX        /ERR/LOKO/0x00000002
10:41:29.284  INFO     RX        /ERR/LOKO/0x00000002
10:41:29.284  INFO     RX        /ERR/LOKO/0x00000002
10:41:29.284  INFO     RX        /ERR/LOKO/0x00000002
10:41:29.312  INFO     RX        /ERR/LOKO/0x00000002
10:41:29.313  INFO     RX        /ERR/LOKO/0x00000002
10:41:29.349  INFO     RX        /ERR/LOKO/0x00000002
10:41:29.349  INFO     RX        /ERR/LOKO/0x00000002
10:41:29.349  INFO     RX        /ERR/LOKO/0x00000002
10:41:29.378  INFO     RX        /ERR/LOKO/0x00000002
10:41:29.378  INFO     RX        /ERR/LOKO/0x00000002
10:41:30.571  INFO     RX        /ERR/LOKO/0x00000002
10:41:30.599  INFO     RX        /ERR/LOKO/0x00000002
10:41:30.599  INFO     RX        /ERR/LOKO/0x00000002
10:41:30.628  DEBUG    TX /CONTROLL/0,0,-13,0,0,0,0,0,0
10:41:30.634  INFO     RX        /ERR/LOKO/0x00000002
10:41:30.634  INFO     RX        /ERR/LOKO/0x00000002
10:41:30.634  INFO     RX        /ERR/LOKO/0x00000002
10:41:30.663  INFO     RX        /ERR/LOKO/0x00000002
10:41:30.663  INFO     RX        /ERR/LOKO/0x00000002
10:41:30.663  INFO     RX        /ERR/LOKO/0x00000002
10:41:30.698  INFO     RX        /ERR/LOKO/0x00000002
10:41:31.996  INFO     RX        /ERR/LOKO/0x00000002
10:41:32.024  INFO     RX        /ERR/LOKO/0x00000002
10:41:32.024  INFO     RX        /ERR/LOKO/0x00000002
10:41:32.024  INFO     RX        /ERR/LOKO/0x00000002
10:41:32.053  INFO     RX        /ERR/LOKO/0x00000002
10:41:32.053  INFO     RX        /ERR/LOKO/0x00000002
10:41:32.078  INFO     RX        /ERR/LOKO/0x00000002
10:41:32.078  INFO     RX        /ERR/LOKO/0x00000002
10:41:32.078  INFO     RX        /ERR/LOKO/0x00000002
10:41:32.112  INFO     RX        /ERR/LOKO/0x00000002
10:41:32.113  INFO     RX        /ERR/LOKO/0x00000002
10:41:32.113  INFO     RX        /ERR/LOKO/0x00000002
10:41:32.142  INFO     RX        /ERR/LOKO/0x00000002
10:41:32.142  INFO     RX        /ERR/LOKO/0x00000002
10:41:32.178  INFO     RX        /ERR/LOKO/0x00000002
10:41:32.179  INFO     RX        /ERR/LOKO/0x00000002
10:41:32.179  INFO     RX        /ERR/LOKO/0x00000002
10:41:32.237  DEBUG    TX /CONTROLL/0,0,-13,0,0,0,0,0,0
10:41:32.283  INFO     RX        /ERR/LOKO/0x00000002
10:41:32.284  INFO     RX        /ERR/LOKO/0x00000002
10:41:32.284  INFO     RX        /ERR/LOKO/0x00000002
10:41:32.292  INFO     RX        /ERR/LOKO/0x00000002
10:41:32.292  INFO     RX        /ERR/LOKO/0x00000002
10:41:32.292  INFO     RX        /ERR/LOKO/0x00000002
10:41:32.292  INFO     RX        /ERR/LOKO/0x00000002
10:41:32.292  INFO     RX        /ERR/LOKO/0x00000002
10:41:32.292  INFO     RX        /ERR/LOKO/0x00000002
10:41:32.293  INFO     RX        /ERR/LOKO/0x00000002
10:41:32.304  INFO     RX        /ERR/LOKO/0x00000002
10:41:32.339  INFO     RX        /ERR/LOKO/0x00000002
10:41:32.340  INFO     RX        /ERR/LOKO/0x00000002
10:41:32.340  INFO     RX        /ERR/LOKO/0x00000002
10:41:32.370  INFO     RX        /ERR/LOKO/0x00000002
10:41:32.370  INFO     RX        /ERR/LOKO/0x00000002
10:41:32.370  INFO     RX        /ERR/LOKO/0x00000002
10:41:32.403  INFO     RX        /ERR/LOKO/0x00000002
10:41:32.403  INFO     RX        /ERR/LOKO/0x00000002
10:41:32.403  INFO     RX        /ERR/LOKO/0x00000002
10:41:32.433  INFO     RX        /ERR/LOKO/0x00000002
10:41:33.697  INFO     RX        /ERR/LOKO/0x00000002
10:41:33.724  INFO     RX        /ERR/LOKO/0x00000002
10:41:33.724  INFO     RX        /ERR/LOKO/0x00000002
10:41:33.725  INFO     RX        /ERR/LOKO/0x00000002
10:41:33.759  INFO     RX        /ERR/LOKO/0x00000002
10:41:33.759  INFO     RX        /ERR/LOKO/0x00000002
10:41:33.759  INFO     RX        /ERR/LOKO/0x00000002
10:41:33.792  INFO     RX        /ERR/LOKO/0x00000002
10:41:33.792  INFO     RX        /ERR/LOKO/0x00000002
10:41:33.821  INFO     RX        /ERR/LOKO/0x00000002
10:41:33.821  INFO     RX        /ERR/LOKO/0x00000002
10:41:33.850  DEBUG    TX /CONTROLL/0,0,-12,0,0,0,0,0,0
10:41:35.460  DEBUG    TX /CONTROLL/0,0,0,0,0,0,0,0,0
10:41:37.068  DEBUG    TX /CONTROLL/0,0,0,0,0,0,0,0,0
10:41:38.674  DEBUG    TX /CONTROLL/0,0,0,0,0,0,0,0,0
10:41:40.286  DEBUG    TX /CONTROLL/0,0,0,0,0,0,0,0,0
10:41:41.896  DEBUG    TX /CONTROLL/0,0,0,0,0,0,0,0,0
10:41:43.504  DEBUG    TX /CONTROLL/0,0,0,0,0,0,0,0,0
10:41:45.114  DEBUG    TX /CONTROLL/0,0,0,0,0,0,0,0,0
10:41:46.722  DEBUG    TX /CONTROLL/0,0,0,0,0,0,0,0,0
10:41:48.334  DEBUG    TX /CONTROLL/0,0,0,0,0,0,0,0,0
10:41:49.945  DEBUG    TX /CONTROLL/0,0,0,0,0,0,0,0,0
10:41:51.550  DEBUG    TX /CONTROLL/0,0,0,0,0,0,0,0,0
10:41:53.159  DEBUG    TX /CONTROLL/0,0,0,0,0,0,0,0,0
10:41:54.767  DEBUG    TX /CONTROLL/0,0,0,0,0,0,0,0,0
10:41:56.375  DEBUG    TX /CONTROLL/0,0,0,0,0,0,0,0,0
10:41:57.986  DEBUG    TX /CONTROLL/0,0,0,0,0,0,0,0,0
10:41:59.592  DEBUG    TX /CONTROLL/0,0,0,0,0,0,0,0,0
10:42:01.203  DEBUG    TX /CONTROLL/0,0,0,0,0,0,0,0,0
10:42:02.811  DEBUG    TX /CONTROLL/0,0,0,0,0,0,0,0,0
10:42:04.419  DEBUG    TX /CONTROLL/0,0,0,0,0,0,0,0,0
10:42:06.024  DEBUG    TX /CONTROLL/0,0,0,0,0,0,0,0,0
10:42:07.631  DEBUG    TX /CONTROLL/0,0,0,0,0,0,0,0,0
10:42:09.237  DEBUG    TX /CONTROLL/0,0,0,0,0,0,0,0,0
10:42:10.844  DEBUG    TX /CONTROLL/0,0,0,0,0,0,0,0,0
10:42:12.454  DEBUG    TX /CONTROLL/0,0,0,0,0,0,0,0,0
10:42:14.061  DEBUG    TX /CONTROLL/0,0,0,0,0,0,0,0,0
10:42:15.667  DEBUG    TX /CONTROLL/0,0,0,0,0,0,0,0,0
10:42:17.272  DEBUG    TX /CONTROLL/0,0,0,0,0,0,0,0,0
10:42:18.876  DEBUG    TX /CONTROLL/0,0,0,0,0,0,0,0,0
10:42:20.480  DEBUG    TX /CONTROLL/0,0,0,0,0,0,0,0,0
10:42:22.087  DEBUG    TX /CONTROLL/0,0,0,0,0,0,0,0,0
10:42:23.694  DEBUG    TX /CONTROLL/0,0,0,0,0,0,0,0,0
10:42:25.299  DEBUG    TX /CONTROLL/0,0,0,0,0,0,0,0,0
10:42:26.904  DEBUG    TX /CONTROLL/0,0,0,0,0,0,0,0,0
10:42:28.513  DEBUG    TX /CONTROLL/0,0,0,0,0,0,0,0,0
10:42:30.121  DEBUG    TX /CONTROLL/0,0,0,0,0,0,0,0,0
10:42:31.734  DEBUG    TX /CONTROLL/0,0,0,0,0,0,0,0,0
10:42:33.341  DEBUG    TX /CONTROLL/0,0,0,0,0,0,0,0,0
10:42:34.948  DEBUG    TX /CONTROLL/0,0,0,0,0,0,0,0,0
10:42:36.564  DEBUG    TX /CONTROLL/0,0,0,0,0,0,0,0,0
10:42:38.174  DEBUG    TX /CONTROLL/0,0,0,0,0,0,0,0,0
10:42:39.784  DEBUG    TX /CONTROLL/0,0,0,0,0,0,0,0,0
10:42:41.393  DEBUG    TX /CONTROLL/0,0,0,0,0,0,0,0,0
10:42:43.001  DEBUG    TX /CONTROLL/0,0,0,0,0,0,0,0,0
10:42:44.613  DEBUG    TX /CONTROLL/0,0,0,0,0,0,0,0,0
10:42:46.220  DEBUG    TX /CONTROLL/0,0,0,0,0,0,0,0,0
10:42:47.824  DEBUG    TX /CONTROLL/0,0,0,0,0,0,0,0,0
10:42:49.439  DEBUG    TX /CONTROLL/0,0,0,0,0,0,0,0,0
10:42:51.050  DEBUG    TX /CONTROLL/0,0,0,0,0,0,0,0,0
10:42:52.658  DEBUG    TX /CONTROLL/0,0,0,0,0,0,0,0,0
10:42:54.268  DEBUG    TX /CONTROLL/0,0,0,0,0,0,0,0,0
10:42:55.875  DEBUG    TX /CONTROLL/0,0,0,0,0,0,0,0,0
10:42:57.484  DEBUG    TX /CONTROLL/-15,0,0,-17,0,0,0,0,0
10:42:57.651  INFO     RX        /ERR/LOKO/0x00000002
10:42:57.679  INFO     RX        /ERR/LOKO/0x00000002
10:42:57.713  INFO     RX        /ERR/LOKO/0x00000002
10:42:57.746  INFO     RX        /ERR/LOKO/0x00000002
10:42:57.775  INFO     RX        /ERR/LOKO/0x00000002
10:42:57.809  INFO     RX        /ERR/LOKO/0x00000002
10:42:57.874  INFO     RX        /ERR/LOKO/0x00000002
10:42:57.906  INFO     RX        /ERR/LOKO/0x00000002
10:42:57.938  INFO     RX        /ERR/LOKO/0x00000002
10:42:57.970  INFO     RX        /ERR/LOKO/0x00000002
10:42:58.003  INFO     RX        /ERR/LOKO/0x00000002
10:42:58.131  INFO     RX        /ERR/LOKO/0x00000002
10:42:58.161  INFO     RX        /ERR/LOKO/0x00000002
10:42:58.195  INFO     RX        /ERR/LOKO/0x00000002
10:42:58.224  INFO     RX        /ERR/LOKO/0x00000002
10:42:58.258  INFO     RX        /ERR/LOKO/0x00000002
10:42:58.323  INFO     RX        /ERR/LOKO/0x00000002
10:42:58.353  INFO     RX        /ERR/LOKO/0x00000002
10:42:58.388  INFO     RX        /ERR/LOKO/0x00000002
10:42:58.417  INFO     RX        /ERR/LOKO/0x00000002
10:42:58.452  INFO     RX        /ERR/LOKO/0x00000002
10:42:58.481  INFO     RX        /ERR/LOKO/0x00000002
10:42:58.515  INFO     RX        /ERR/LOKO/0x00000002
10:42:59.090  DEBUG    TX /CONTROLL/-16,0,0,-17,0,0,0,0,0
10:42:59.353  INFO     RX        /ERR/LOKO/0x00000002
10:42:59.387  INFO     RX        /ERR/LOKO/0x00000002
10:42:59.416  INFO     RX        /ERR/LOKO/0x00000002
10:42:59.451  INFO     RX        /ERR/LOKO/0x00000002
10:42:59.516  INFO     RX        /ERR/LOKO/0x00000002
10:42:59.544  INFO     RX        /ERR/LOKO/0x00000002
10:42:59.580  INFO     RX        /ERR/LOKO/0x00000002
10:42:59.608  INFO     RX        /ERR/LOKO/0x00000002
10:42:59.643  INFO     RX        /ERR/LOKO/0x00000002
10:42:59.673  INFO     RX        /ERR/LOKO/0x00000002
10:42:59.707  INFO     RX        /ERR/LOKO/0x00000002
10:42:59.832  INFO     RX        /ERR/LOKO/0x00000002
10:42:59.867  INFO     RX        /ERR/LOKO/0x00000002
10:42:59.903  INFO     RX        /ERR/LOKO/0x00000002
10:42:59.935  INFO     RX        /ERR/LOKO/0x00000002
10:42:59.997  INFO     RX        /ERR/LOKO/0x00000002
10:43:00.024  INFO     RX        /ERR/LOKO/0x00000002
10:43:00.060  INFO     RX        /ERR/LOKO/0x00000002
10:43:00.088  INFO     RX        /ERR/LOKO/0x00000002
10:43:00.123  INFO     RX        /ERR/LOKO/0x00000002
10:43:00.185  INFO     RX        /ERR/LOKO/0x00000002
10:43:00.220  INFO     RX        /ERR/LOKO/0x00000002
10:43:00.249  INFO     RX        /ERR/LOKO/0x00000002
10:43:00.697  DEBUG    TX /CONTROLL/-16,0,0,-17,0,0,0,0,0
10:43:01.059  INFO     RX        /ERR/LOKO/0x00000002
10:43:01.086  INFO     RX        /ERR/LOKO/0x00000002
10:43:01.150  INFO     RX        /ERR/LOKO/0x00000002
10:43:01.187  INFO     RX        /ERR/LOKO/0x00000002
10:43:02.311  DEBUG    TX /CONTROLL/0,0,0,0,0,0,0,0,0
10:43:03.918  DEBUG    TX /CONTROLL/0,0,0,0,0,0,0,0,0
10:43:05.527  DEBUG    TX /CONTROLL/0,0,0,0,0,0,0,0,0
10:43:07.134  DEBUG    TX /CONTROLL/0,0,0,0,0,0,0,0,0
10:43:08.741  DEBUG    TX /CONTROLL/0,0,0,0,0,0,0,0,0
10:43:08.875  INFO     RX        /ERR/LOKO/0x00000002
10:43:08.875  INFO     RX        /ERR/LOKO/0x00000002
10:43:08.905  INFO     RX        /ERR/LOKO/0x00000002
10:43:08.905  INFO     RX        /ERR/LOKO/0x00000002
10:43:08.936  INFO     RX        /ERR/LOKO/0x00000002
10:43:08.937  INFO     RX        /ERR/LOKO/0x00000002
10:43:08.937  INFO     RX        /ERR/LOKO/0x00000002
10:43:09.451  INFO     RX        /ERR/LOKO/0x00000002
10:43:09.452  INFO     RX        /ERR/LOKO/0x00000002
10:43:09.487  INFO     RX        /ERR/LOKO/0x00000002
10:43:09.488  INFO     RX        /ERR/LOKO/0x00000002
10:43:09.488  INFO     RX        /ERR/LOKO/0x00000002
10:43:09.517  INFO     RX        /ERR/LOKO/0x00000002
10:43:09.517  INFO     RX        /ERR/LOKO/0x00000002
10:43:09.556  INFO     RX        /ERR/LOKO/0x00000002
10:43:10.351  DEBUG    TX /CONTROLL/0,0,0,-16,0,0,0,0,0
10:43:11.357  INFO     RX        /ERR/LOKO/0x00000002
10:43:11.357  INFO     RX        /ERR/LOKO/0x00000002
10:43:11.390  INFO     RX        /ERR/LOKO/0x00000002
10:43:11.390  INFO     RX        /ERR/LOKO/0x00000002
10:43:11.390  INFO     RX        /ERR/LOKO/0x00000002
10:43:11.422  INFO     RX        /ERR/LOKO/0x00000002
10:43:11.423  INFO     RX        /ERR/LOKO/0x00000002
10:43:11.423  INFO     RX        /ERR/LOKO/0x00000002
10:43:11.872  INFO     RX        /ERR/LOKO/0x00000002
10:43:11.872  INFO     RX        /ERR/LOKO/0x00000002
10:43:11.872  INFO     RX        /ERR/LOKO/0x00000002
10:43:11.905  INFO     RX        /ERR/LOKO/0x00000002
10:43:11.905  INFO     RX        /ERR/LOKO/0x00000002
10:43:11.968  DEBUG    TX /CONTROLL/0,0,0,-32,0,0,0,0,0
10:43:12.807  INFO     RX        /ERR/LOKO/0x00000002
10:43:12.842  INFO     RX        /ERR/LOKO/0x00000002
10:43:12.842  INFO     RX        /ERR/LOKO/0x00000002
10:43:12.842  INFO     RX        /ERR/LOKO/0x00000002
10:43:13.102  INFO     RX        /ERR/LOKO/0x00000002
10:43:13.102  INFO     RX        /ERR/LOKO/0x00000002
10:43:13.132  INFO     RX        /ERR/LOKO/0x00000002
10:43:13.132  INFO     RX        /ERR/LOKO/0x00000002
10:43:13.580  DEBUG    TX /CONTROLL/0,0,0,-32,0,0,0,0,0
10:43:14.035  INFO     RX        /ERR/LOKO/0x00000002
10:43:14.072  INFO     RX        /ERR/LOKO/0x00000002
10:43:14.072  INFO     RX        /ERR/LOKO/0x00000002
10:43:14.072  INFO     RX        /ERR/LOKO/0x00000002
10:43:14.360  INFO     RX        /ERR/LOKO/0x00000002
10:43:14.360  INFO     RX        /ERR/LOKO/0x00000002
10:43:14.360  INFO     RX        /ERR/LOKO/0x00000002
10:43:14.393  INFO     RX        /ERR/LOKO/0x00000002
10:43:15.193  DEBUG    TX /CONTROLL/0,0,0,-29,0,0,0,0,0
10:43:15.360  INFO     RX        /ERR/LOKO/0x00000002
10:43:15.360  INFO     RX        /ERR/LOKO/0x00000002
10:43:15.360  INFO     RX        /ERR/LOKO/0x00000002
10:43:15.390  INFO     RX        /ERR/LOKO/0x00000002
10:43:15.390  INFO     RX        /ERR/LOKO/0x00000002
10:43:15.683  INFO     RX        /ERR/LOKO/0x00000002
10:43:15.713  INFO     RX        /ERR/LOKO/0x00000002
10:43:15.713  INFO     RX        /ERR/LOKO/0x00000002
10:43:15.713  INFO     RX        /ERR/LOKO/0x00000002
10:43:16.749  INFO     RX        /ERR/LOKO/0x00000002
10:43:16.749  INFO     RX        /ERR/LOKO/0x00000002
10:43:16.749  INFO     RX        /ERR/LOKO/0x00000002
10:43:16.778  INFO     RX        /ERR/LOKO/0x00000002
10:43:16.778  INFO     RX        /ERR/LOKO/0x00000002
10:43:16.806  DEBUG    TX /CONTROLL/0,0,0,-29,0,0,0,0,0
10:43:17.067  INFO     RX        /ERR/LOKO/0x00000002
10:43:17.067  INFO     RX        /ERR/LOKO/0x00000002
10:43:17.102  INFO     RX        /ERR/LOKO/0x00000002
10:43:17.102  INFO     RX        /ERR/LOKO/0x00000002
10:43:18.418  DEBUG    TX /CONTROLL/0,0,0,0,0,0,0,0,0
10:43:20.030  DEBUG    TX /CONTROLL/0,0,0,0,0,0,0,0,0
10:43:21.635  DEBUG    TX /CONTROLL/0,0,0,0,0,0,0,0,0
10:43:23.253  DEBUG    TX /CONTROLL/0,0,0,0,0,0,0,0,0
10:43:24.865  DEBUG    TX /CONTROLL/0,0,0,0,0,0,0,0,0
10:43:26.225  INFO     RX        /ERR/LOKO/0x00000002
10:43:26.225  INFO     RX        /ERR/LOKO/0x00000002
10:43:26.258  INFO     RX        /ERR/LOKO/0x00000002
10:43:26.258  INFO     RX        /ERR/LOKO/0x00000002
10:43:26.289  INFO     RX        /ERR/LOKO/0x00000002
10:43:26.289  INFO     RX        /ERR/LOKO/0x00000002
10:43:26.290  INFO     RX        /ERR/LOKO/0x00000002
10:43:26.318  INFO     RX        /ERR/LOKO/0x00000002
10:43:26.319  INFO     RX        /ERR/LOKO/0x00000002
10:43:26.477  DEBUG    TX /CONTROLL/0,0,0,-16,0,0,0,0,0
10:43:26.835  INFO     RX        /ERR/LOKO/0x00000002
10:43:26.864  INFO     RX        /ERR/LOKO/0x00000002
10:43:26.864  INFO     RX        /ERR/LOKO/0x00000002
10:43:26.864  INFO     RX        /ERR/LOKO/0x00000002
10:43:26.900  INFO     RX        /ERR/LOKO/0x00000002
10:43:26.900  INFO     RX        /ERR/LOKO/0x00000002
10:43:26.900  INFO     RX        /ERR/LOKO/0x00000002
10:43:26.929  INFO     RX        /ERR/LOKO/0x00000002
10:43:28.091  DEBUG    TX /CONTROLL/0,0,-12,-15,0,0,0,0,0
10:43:29.094  INFO     RX        /ERR/LOKO/0x00000002
10:43:29.094  INFO     RX        /ERR/LOKO/0x00000002
10:43:29.127  INFO     RX        /ERR/LOKO/0x00000002
10:43:29.127  INFO     RX        /ERR/LOKO/0x00000002
10:43:29.127  INFO     RX        /ERR/LOKO/0x00000002
10:43:29.158  INFO     RX        /ERR/LOKO/0x00000002
10:43:29.158  INFO     RX        /ERR/LOKO/0x00000002
10:43:29.158  INFO     RX        /ERR/LOKO/0x00000002
10:43:29.193  INFO     RX        /ERR/LOKO/0x00000002
10:43:29.193  INFO     RX        /ERR/LOKO/0x00000002
10:43:29.193  INFO     RX        /ERR/LOKO/0x00000002
10:43:29.225  INFO     RX        /ERR/LOKO/0x00000002
10:43:29.225  INFO     RX        /ERR/LOKO/0x00000002
10:43:29.258  INFO     RX        /ERR/LOKO/0x00000002
10:43:29.258  INFO     RX        /ERR/LOKO/0x00000002
10:43:29.258  INFO     RX        /ERR/LOKO/0x00000002
10:43:29.287  INFO     RX        /ERR/LOKO/0x00000002
10:43:29.287  INFO     RX        /ERR/LOKO/0x00000002
10:43:29.287  INFO     RX        /ERR/LOKO/0x00000002
10:43:29.318  INFO     RX        /ERR/LOKO/0x00000002
10:43:29.318  INFO     RX        /ERR/LOKO/0x00000002
10:43:29.353  INFO     RX        /ERR/LOKO/0x00000002
10:43:29.353  INFO     RX        /ERR/LOKO/0x00000002
10:43:29.353  INFO     RX        /ERR/LOKO/0x00000002
10:43:29.386  INFO     RX        /ERR/LOKO/0x00000002
10:43:29.708  DEBUG    TX /CONTROLL/0,0,-12,-16,0,0,0,0,0
10:43:31.034  INFO     RX        /ERR/LOKO/0x00000002
10:43:31.034  INFO     RX        /ERR/LOKO/0x00000002
10:43:31.062  INFO     RX        /ERR/LOKO/0x00000002
10:43:31.063  INFO     RX        /ERR/LOKO/0x00000002
10:43:31.097  INFO     RX        /ERR/LOKO/0x00000002
10:43:31.097  INFO     RX        /ERR/LOKO/0x00000002
10:43:31.098  INFO     RX        /ERR/LOKO/0x00000002
10:43:31.129  INFO     RX        /ERR/LOKO/0x00000002
10:43:31.129  INFO     RX        /ERR/LOKO/0x00000002
10:43:31.129  INFO     RX        /ERR/LOKO/0x00000002
10:43:31.162  INFO     RX        /ERR/LOKO/0x00000002
10:43:31.162  INFO     RX        /ERR/LOKO/0x00000002
10:43:31.190  INFO     RX        /ERR/LOKO/0x00000002
10:43:31.190  INFO     RX        /ERR/LOKO/0x00000002
10:43:31.190  INFO     RX        /ERR/LOKO/0x00000002
10:43:31.226  INFO     RX        /ERR/LOKO/0x00000002
10:43:31.226  INFO     RX        /ERR/LOKO/0x00000002
10:43:31.226  INFO     RX        /ERR/LOKO/0x00000002
10:43:31.254  INFO     RX        /ERR/LOKO/0x00000002
10:43:31.254  INFO     RX        /ERR/LOKO/0x00000002
10:43:31.290  INFO     RX        /ERR/LOKO/0x00000002
10:43:31.290  INFO     RX        /ERR/LOKO/0x00000002
10:43:31.290  INFO     RX        /ERR/LOKO/0x00000002
10:43:31.316  DEBUG    TX /CONTROLL/0,0,-14,-16,0,0,0,0,0
10:43:32.902  INFO     RX        /ERR/LOKO/0x00000002
10:43:32.931  DEBUG    TX /CONTROLL/0,0,-14,-16,0,0,0,0,0
10:43:32.937  INFO     RX        /ERR/LOKO/0x00000002
10:43:32.937  INFO     RX        /ERR/LOKO/0x00000002
10:43:32.938  INFO     RX        /ERR/LOKO/0x00000002
10:43:32.966  INFO     RX        /ERR/LOKO/0x00000002
10:43:32.966  INFO     RX        /ERR/LOKO/0x00000002
10:43:33.002  INFO     RX        /ERR/LOKO/0x00000002
10:43:33.002  INFO     RX        /ERR/LOKO/0x00000002
10:43:33.002  INFO     RX        /ERR/LOKO/0x00000002
10:43:33.034  INFO     RX        /ERR/LOKO/0x00000002
10:43:33.034  INFO     RX        /ERR/LOKO/0x00000002
10:43:33.034  INFO     RX        /ERR/LOKO/0x00000002
10:43:33.066  INFO     RX        /ERR/LOKO/0x00000002
10:43:33.067  INFO     RX        /ERR/LOKO/0x00000002
10:43:33.067  INFO     RX        /ERR/LOKO/0x00000002
10:43:33.096  INFO     RX        /ERR/LOKO/0x00000002
10:43:33.096  INFO     RX        /ERR/LOKO/0x00000002
10:43:33.131  INFO     RX        /ERR/LOKO/0x00000002
10:43:33.131  INFO     RX        /ERR/LOKO/0x00000002
10:43:33.131  INFO     RX        /ERR/LOKO/0x00000002
10:43:33.161  INFO     RX        /ERR/LOKO/0x00000002
10:43:33.161  INFO     RX        /ERR/LOKO/0x00000002
10:43:33.161  INFO     RX        /ERR/LOKO/0x00000002
10:43:33.194  INFO     RX        /ERR/LOKO/0x00000002
10:43:34.544  DEBUG    TX /CONTROLL/0,0,0,0,0,0,0,0,0
10:43:36.158  DEBUG    TX /CONTROLL/0,0,0,0,0,0,0,0,0
10:43:37.768  DEBUG    TX /CONTROLL/0,0,0,0,0,0,0,0,0
10:43:39.376  DEBUG    TX /CONTROLL/0,0,0,0,0,0,0,0,0
10:43:40.985  DEBUG    TX /CONTROLL/0,0,0,0,0,0,0,0,0
10:43:42.597  DEBUG    TX /CONTROLL/0,0,0,0,0,0,0,0,0
10:43:44.213  DEBUG    TX /CONTROLL/0,0,0,0,0,0,0,0,0
10:43:45.825  DEBUG    TX /CONTROLL/0,0,0,0,0,0,0,0,0
10:43:47.434  DEBUG    TX /CONTROLL/0,0,0,0,0,0,0,0,0
10:43:49.041  DEBUG    TX /CONTROLL/0,0,0,0,0,0,0,0,0
10:43:50.202  INFO     RX        /ERR/LOKO/0x00000002
10:43:50.202  INFO     RX        /ERR/LOKO/0x00000002
10:43:50.202  INFO     RX        /ERR/LOKO/0x00000002
10:43:50.238  INFO     RX        /ERR/LOKO/0x00000002
10:43:50.238  INFO     RX        /ERR/LOKO/0x00000002
10:43:50.238  INFO     RX        /ERR/LOKO/0x00000002
10:43:50.652  DEBUG    TX /CONTROLL/0,0,15,-45,0,0,0,0,0
10:43:51.105  INFO     RX        /ERR/LOKO/0x00000002
10:43:51.135  INFO     RX        /ERR/LOKO/0x00000002
10:43:51.135  INFO     RX        /ERR/LOKO/0x00000002
10:43:51.135  INFO     RX        /ERR/LOKO/0x00000002
10:43:51.170  INFO     RX        /ERR/LOKO/0x00000002
10:43:51.170  INFO     RX        /ERR/LOKO/0x00000002
10:43:51.204  INFO     RX        /ERR/LOKO/0x00000002
10:43:51.204  INFO     RX        /ERR/LOKO/0x00000002
10:43:51.877  INFO     RX        /ERR/LOKO/0x00000002
10:43:51.909  INFO     RX        /ERR/LOKO/0x00000002
10:43:51.909  INFO     RX        /ERR/LOKO/0x00000002
10:43:51.941  INFO     RX        /ERR/LOKO/0x00000002
10:43:51.941  INFO     RX        /ERR/LOKO/0x00000002
10:43:51.941  INFO     RX        /ERR/LOKO/0x00000002
10:43:51.971  INFO     RX        /ERR/LOKO/0x00000002
10:43:52.256  DEBUG    TX /CONTROLL/0,0,19,-78,0,0,0,0,0
10:43:52.451  INFO     RX        /ERR/LOKO/0x00000002
10:43:52.485  INFO     RX        /ERR/LOKO/0x00000002
10:43:52.485  INFO     RX        /ERR/LOKO/0x00000002
10:43:52.485  INFO     RX        /ERR/LOKO/0x00000002
10:43:52.517  INFO     RX        /ERR/LOKO/0x00000002
10:43:53.221  INFO     RX        /ERR/LOKO/0x00000002
10:43:53.257  INFO     RX        /ERR/LOKO/0x00000002
10:43:53.257  INFO     RX        /ERR/LOKO/0x00000002
10:43:53.257  INFO     RX        /ERR/LOKO/0x00000002
10:43:53.289  INFO     RX        /ERR/LOKO/0x00000002
10:43:53.289  INFO     RX        /ERR/LOKO/0x00000002
10:43:53.321  INFO     RX        /ERR/LOKO/0x00000002
10:43:53.321  INFO     RX        /ERR/LOKO/0x00000002
10:43:53.321  INFO     RX        /ERR/LOKO/0x00000002
10:43:53.350  INFO     RX        /ERR/LOKO/0x00000002
10:43:53.350  INFO     RX        /ERR/LOKO/0x00000002
10:43:53.350  INFO     RX        /ERR/LOKO/0x00000002
10:43:53.384  INFO     RX        /ERR/LOKO/0x00000002
10:43:53.384  INFO     RX        /ERR/LOKO/0x00000002
10:43:53.861  DEBUG    TX /CONTROLL/0,0,16,-28,0,0,0,0,0
10:43:54.475  INFO     RX        /ERR/LOKO/0x00000002
10:43:54.475  INFO     RX        /ERR/LOKO/0x00000002
10:43:54.475  INFO     RX        /ERR/LOKO/0x00000002
10:43:54.506  INFO     RX        /ERR/LOKO/0x00000002
10:43:54.506  INFO     RX        /ERR/LOKO/0x00000002
10:43:54.541  INFO     RX        /ERR/LOKO/0x00000002
10:43:54.541  INFO     RX        /ERR/LOKO/0x00000002
10:43:54.541  INFO     RX        /ERR/LOKO/0x00000002
10:43:54.575  INFO     RX        /ERR/LOKO/0x00000002
10:43:54.575  INFO     RX        /ERR/LOKO/0x00000002
10:43:54.575  INFO     RX        /ERR/LOKO/0x00000002
10:43:54.603  INFO     RX        /ERR/LOKO/0x00000002
10:43:54.603  INFO     RX        /ERR/LOKO/0x00000002
10:43:54.603  INFO     RX        /ERR/LOKO/0x00000002
10:43:54.638  INFO     RX        /ERR/LOKO/0x00000002
10:43:55.469  DEBUG    TX /CONTROLL/0,0,15,-28,0,0,0,0,0
10:43:55.730  INFO     RX        /ERR/LOKO/0x00000002
10:43:55.731  INFO     RX        /ERR/LOKO/0x00000002
10:43:55.731  INFO     RX        /ERR/LOKO/0x00000002
10:43:55.761  INFO     RX        /ERR/LOKO/0x00000002
10:43:55.761  INFO     RX        /ERR/LOKO/0x00000002
10:43:55.761  INFO     RX        /ERR/LOKO/0x00000002
10:43:55.793  INFO     RX        /ERR/LOKO/0x00000002
10:43:55.793  INFO     RX        /ERR/LOKO/0x00000002
10:43:55.827  INFO     RX        /ERR/LOKO/0x00000002
10:43:55.827  INFO     RX        /ERR/LOKO/0x00000002
10:43:55.827  INFO     RX        /ERR/LOKO/0x00000002
10:43:55.858  INFO     RX        /ERR/LOKO/0x00000002
10:43:55.858  INFO     RX        /ERR/LOKO/0x00000002
10:43:55.858  INFO     RX        /ERR/LOKO/0x00000002
10:43:55.892  INFO     RX        /ERR/LOKO/0x00000002
10:43:57.054  INFO     RX        /ERR/LOKO/0x00000002
10:43:57.054  INFO     RX        /ERR/LOKO/0x00000002
10:43:57.054  INFO     RX        /ERR/LOKO/0x00000002
10:43:57.081  DEBUG    TX /CONTROLL/0,0,12,-28,0,0,0,0,0
10:43:57.083  INFO     RX        /ERR/LOKO/0x00000002
10:43:57.083  INFO     RX        /ERR/LOKO/0x00000002
10:43:57.083  INFO     RX        /ERR/LOKO/0x00000002
10:43:57.119  INFO     RX        /ERR/LOKO/0x00000002
10:43:57.119  INFO     RX        /ERR/LOKO/0x00000002
10:43:57.119  INFO     RX        /ERR/LOKO/0x00000002
10:43:57.148  INFO     RX        /ERR/LOKO/0x00000002
10:43:57.148  INFO     RX        /ERR/LOKO/0x00000002
10:43:57.182  INFO     RX        /ERR/LOKO/0x00000002
10:43:57.182  INFO     RX        /ERR/LOKO/0x00000002
10:43:57.182  INFO     RX        /ERR/LOKO/0x00000002
10:43:57.212  INFO     RX        /ERR/LOKO/0x00000002
10:43:58.338  INFO     RX        /ERR/LOKO/0x00000002
10:43:58.370  INFO     RX        /ERR/LOKO/0x00000002
10:43:58.370  INFO     RX        /ERR/LOKO/0x00000002
10:43:58.370  INFO     RX        /ERR/LOKO/0x00000002
10:43:58.405  INFO     RX        /ERR/LOKO/0x00000002
10:43:58.405  INFO     RX        /ERR/LOKO/0x00000002
10:43:58.405  INFO     RX        /ERR/LOKO/0x00000002
10:43:58.438  INFO     RX        /ERR/LOKO/0x00000002
10:43:58.438  INFO     RX        /ERR/LOKO/0x00000002
10:43:58.470  INFO     RX        /ERR/LOKO/0x00000002
10:43:58.470  INFO     RX        /ERR/LOKO/0x00000002
10:43:58.470  INFO     RX        /ERR/LOKO/0x00000002
10:43:58.499  INFO     RX        /ERR/LOKO/0x00000002
10:43:58.499  INFO     RX        /ERR/LOKO/0x00000002
10:43:58.499  INFO     RX        /ERR/LOKO/0x00000002
10:43:58.690  DEBUG    TX /CONTROLL/0,0,12,-28,0,0,0,0,0
10:43:59.663  INFO     RX        /ERR/LOKO/0x00000002
10:43:59.663  INFO     RX        /ERR/LOKO/0x00000002
10:43:59.663  INFO     RX        /ERR/LOKO/0x00000002
10:43:59.693  INFO     RX        /ERR/LOKO/0x00000002
10:43:59.693  INFO     RX        /ERR/LOKO/0x00000002
10:43:59.694  INFO     RX        /ERR/LOKO/0x00000002
10:43:59.729  INFO     RX        /ERR/LOKO/0x00000002
10:43:59.729  INFO     RX        /ERR/LOKO/0x00000002
10:43:59.729  INFO     RX        /ERR/LOKO/0x00000002
10:43:59.759  INFO     RX        /ERR/LOKO/0x00000002
10:43:59.759  INFO     RX        /ERR/LOKO/0x00000002
10:43:59.794  INFO     RX        /ERR/LOKO/0x00000002
10:43:59.794  INFO     RX        /ERR/LOKO/0x00000002
10:43:59.794  INFO     RX        /ERR/LOKO/0x00000002
10:43:59.824  INFO     RX        /ERR/LOKO/0x00000002
10:43:59.824  INFO     RX        /ERR/LOKO/0x00000002
10:44:00.305  DEBUG    TX /CONTROLL/0,0,13,-28,0,0,0,0,0
10:44:00.954  INFO     RX        /ERR/LOKO/0x00000002
10:44:00.987  INFO     RX        /ERR/LOKO/0x00000002
10:44:00.987  INFO     RX        /ERR/LOKO/0x00000002
10:44:00.987  INFO     RX        /ERR/LOKO/0x00000002
10:44:01.015  INFO     RX        /ERR/LOKO/0x00000002
10:44:01.015  INFO     RX        /ERR/LOKO/0x00000002
10:44:01.015  INFO     RX        /ERR/LOKO/0x00000002
10:44:01.050  INFO     RX        /ERR/LOKO/0x00000002
10:44:01.050  INFO     RX        /ERR/LOKO/0x00000002
10:44:01.050  INFO     RX        /ERR/LOKO/0x00000002
10:44:01.079  INFO     RX        /ERR/LOKO/0x00000002
10:44:01.079  INFO     RX        /ERR/LOKO/0x00000002
10:44:01.111  INFO     RX        /ERR/LOKO/0x00000002
10:44:01.112  INFO     RX        /ERR/LOKO/0x00000002
10:44:01.112  INFO     RX        /ERR/LOKO/0x00000002
10:44:01.915  DEBUG    TX /CONTROLL/0,0,12,-28,0,0,0,0,0
10:44:02.275  INFO     RX        /ERR/LOKO/0x00000002
10:44:02.275  INFO     RX        /ERR/LOKO/0x00000002
10:44:02.304  INFO     RX        /ERR/LOKO/0x00000002
10:44:02.304  INFO     RX        /ERR/LOKO/0x00000002
10:44:02.304  INFO     RX        /ERR/LOKO/0x00000002
10:44:02.336  INFO     RX        /ERR/LOKO/0x00000002
10:44:02.336  INFO     RX        /ERR/LOKO/0x00000002
10:44:02.336  INFO     RX        /ERR/LOKO/0x00000002
10:44:02.371  INFO     RX        /ERR/LOKO/0x00000002
10:44:02.371  INFO     RX        /ERR/LOKO/0x00000002
10:44:02.371  INFO     RX        /ERR/LOKO/0x00000002
10:44:02.400  INFO     RX        /ERR/LOKO/0x00000002
10:44:02.400  INFO     RX        /ERR/LOKO/0x00000002
10:44:02.434  INFO     RX        /ERR/LOKO/0x00000002
10:44:02.434  INFO     RX        /ERR/LOKO/0x00000002
10:44:03.524  DEBUG    TX /CONTROLL/0,0,0,0,0,0,0,0,0
10:44:05.136  DEBUG    TX /CONTROLL/0,0,0,0,0,0,0,0,0
10:44:06.744  DEBUG    TX /CONTROLL/0,0,0,0,0,0,0,0,0
10:44:08.351  DEBUG    TX /CONTROLL/0,0,0,0,0,0,0,0,0
10:44:09.958  DEBUG    TX /CONTROLL/0,0,0,0,0,0,0,0,0
10:44:11.563  DEBUG    TX /CONTROLL/0,0,0,0,0,0,0,0,0
10:44:13.170  DEBUG    TX /CONTROLL/0,0,0,0,0,0,0,0,0
10:44:14.776  DEBUG    TX /CONTROLL/0,0,0,0,0,0,0,0,0
10:44:16.378  DEBUG    TX /CONTROLL/0,0,0,0,0,0,0,0,0
10:44:17.994  DEBUG    TX /CONTROLL/0,0,0,0,0,0,0,0,0
10:44:19.602  DEBUG    TX /CONTROLL/0,0,0,0,0,0,0,0,0
10:44:21.212  DEBUG    TX /CONTROLL/0,0,0,0,0,0,0,0,0
10:44:22.830  DEBUG    TX /CONTROLL/0,0,0,0,0,0,0,0,0
10:44:24.446  DEBUG    TX /CONTROLL/0,0,0,0,0,0,0,0,0
10:44:26.058  DEBUG    TX /CONTROLL/0,0,0,0,0,0,0,0,0
10:44:27.672  DEBUG    TX /CONTROLL/0,0,0,0,0,0,0,0,0
10:44:29.277  DEBUG    TX /CONTROLL/0,0,0,0,0,0,0,0,0
10:44:30.890  DEBUG    TX /CONTROLL/0,0,0,0,0,0,0,0,0
10:44:32.498  DEBUG    TX /CONTROLL/0,0,0,0,0,0,0,0,0
10:44:34.105  DEBUG    TX /CONTROLL/0,0,0,0,0,0,0,0,0
10:44:35.715  DEBUG    TX /CONTROLL/0,0,0,0,0,0,0,0,0
10:44:37.326  DEBUG    TX /CONTROLL/0,0,0,0,0,0,0,0,0
10:44:38.939  DEBUG    TX /CONTROLL/0,0,0,0,0,0,0,0,0
10:44:40.546  DEBUG    TX /CONTROLL/0,0,0,0,0,0,0,0,0
10:44:42.160  DEBUG    TX /CONTROLL/0,0,0,0,0,0,0,0,0
10:44:43.771  DEBUG    TX /CONTROLL/0,0,0,0,0,0,0,0,0
10:44:45.374  DEBUG    TX /CONTROLL/0,0,0,0,0,0,0,0,0
10:44:46.981  DEBUG    TX /CONTROLL/0,0,0,0,0,0,0,0,0
10:44:48.596  DEBUG    TX /CONTROLL/0,0,0,0,0,0,0,0,0
10:44:50.206  DEBUG    TX /CONTROLL/0,0,0,0,0,0,0,0,0
10:44:51.818  DEBUG    TX /CONTROLL/0,0,0,-23,0,0,0,0,0
10:44:53.424  DEBUG    TX /CONTROLL/0,0,0,-16,0,0,0,0,0
10:44:53.430  INFO     RX        /ERR/LOKO/0x00000002
10:44:53.461  INFO     RX        /ERR/LOKO/0x00000002
10:44:53.461  INFO     RX        /ERR/LOKO/0x00000002
10:44:53.461  INFO     RX        /ERR/LOKO/0x00000002
10:44:53.491  INFO     RX        /ERR/LOKO/0x00000002
10:44:53.491  INFO     RX        /ERR/LOKO/0x00000002
10:44:53.526  INFO     RX        /ERR/LOKO/0x00000002
10:44:53.526  INFO     RX        /ERR/LOKO/0x00000002
10:44:54.038  INFO     RX        /ERR/LOKO/0x00000002
10:44:54.038  INFO     RX        /ERR/LOKO/0x00000002
10:44:54.069  INFO     RX        /ERR/LOKO/0x00000002
10:44:54.070  INFO     RX        /ERR/LOKO/0x00000002
10:44:54.070  INFO     RX        /ERR/LOKO/0x00000002
10:44:54.105  INFO     RX        /ERR/LOKO/0x00000002
10:44:54.105  INFO     RX        /ERR/LOKO/0x00000002
10:44:55.035  DEBUG    TX /CONTROLL/0,0,0,-17,0,0,0,0,0
10:44:55.844  INFO     RX        /ERR/LOKO/0x00000002
10:44:55.844  INFO     RX        /ERR/LOKO/0x00000002
10:44:55.845  INFO     RX        /ERR/LOKO/0x00000002
10:44:55.875  INFO     RX        /ERR/LOKO/0x00000002
10:44:55.875  INFO     RX        /ERR/LOKO/0x00000002
10:44:55.875  INFO     RX        /ERR/LOKO/0x00000002
10:44:55.910  INFO     RX        /ERR/LOKO/0x00000002
10:44:55.910  INFO     RX        /ERR/LOKO/0x00000002
10:44:56.643  DEBUG    TX /CONTROLL/0,0,0,0,0,0,0,0,0
10:44:58.255  DEBUG    TX /CONTROLL/0,0,0,0,0,0,0,0,0
10:44:59.869  DEBUG    TX /CONTROLL/0,0,0,0,0,0,0,0,0
10:45:01.478  DEBUG    TX /CONTROLL/0,0,0,0,0,0,0,0,0
10:45:03.085  DEBUG    TX /CONTROLL/0,0,0,0,0,0,0,0,0
10:45:04.692  DEBUG    TX /CONTROLL/0,0,0,0,0,0,0,0,0
10:45:06.299  DEBUG    TX /CONTROLL/0,0,0,0,0,0,0,0,0
10:45:07.909  DEBUG    TX /CONTROLL/0,0,0,0,0,0,0,0,0
10:45:09.521  DEBUG    TX /CONTROLL/0,0,0,0,0,0,0,0,0
10:45:11.129  DEBUG    TX /CONTROLL/0,0,0,0,0,0,0,0,0
10:45:12.746  DEBUG    TX /CONTROLL/0,0,0,0,0,0,0,0,0
10:45:14.362  DEBUG    TX /CONTROLL/0,0,0,0,0,0,0,0,0
10:45:15.975  DEBUG    TX /CONTROLL/0,0,0,0,0,0,0,0,0
10:45:17.584  DEBUG    TX /CONTROLL/0,0,0,0,0,0,0,0,0
10:45:19.187  DEBUG    TX /CONTROLL/0,0,0,0,0,0,0,0,0
10:45:20.795  DEBUG    TX /CONTROLL/0,0,0,0,0,0,0,0,0
10:45:22.402  DEBUG    TX /CONTROLL/0,0,0,0,0,0,0,0,0
10:45:24.011  DEBUG    TX /CONTROLL/0,0,0,0,0,0,0,0,0
10:45:25.621  DEBUG    TX /CONTROLL/0,0,0,0,0,0,0,0,0
10:45:26.819  INFO     RX        /BATTERY/VDDA/12867 mV
10:45:26.819  INFO     RX        === Hexapod Mainboard ===
10:45:26.876  INFO     RX        PCA9685 Right: OK
10:45:26.876  INFO     RX        PCA9685 Left:  OK
10:45:26.880  INFO     RX        LSM6DSO IMU:   OK
10:45:27.044  INFO     RX        VL53L1X ToF:   OK
10:45:27.104  INFO     RX        Locomotion:    INIT (UN_ARMED, printf mode)
10:45:27.104  INFO     RX        Press L1 to arm, R1 to disarm at any time.
10:45:27.104  INFO     RX        Ready.
10:45:27.229  DEBUG    TX /CONTROLL/0,0,0,0,0,0,0,0,0
10:45:28.823  DEBUG    TX /CONTROLL/0,0,0,0,0,0,0,0,0
10:45:30.434  DEBUG    TX /CONTROLL/0,0,0,0,0,0,0,0,0
10:45:32.045  DEBUG    TX /CONTROLL/0,0,0,0,0,0,0,0,0
10:45:33.654  DEBUG    TX /CONTROLL/0,0,0,0,0,0,0,0,0
10:45:35.042  INFO     RX        /ERR/LOKO/0x00000002
10:45:35.042  INFO     RX        /ERR/LOKO/0x00000002
10:45:35.042  INFO     RX        /ERR/LOKO/0x00000002
10:45:35.072  INFO     RX        /ERR/LOKO/0x00000002
10:45:35.072  INFO     RX        /ERR/LOKO/0x00000002
10:45:35.072  INFO     RX        /ERR/LOKO/0x00000002
10:45:35.108  INFO     RX        /ERR/LOKO/0x00000002
10:45:35.108  INFO     RX        /ERR/LOKO/0x00000002
10:45:35.261  DEBUG    TX /CONTROLL/0,0,0,-17,0,0,0,0,0
10:45:35.589  INFO     RX        /ERR/LOKO/0x00000002
10:45:35.617  INFO     RX        /ERR/LOKO/0x00000002
10:45:35.618  INFO     RX        /ERR/LOKO/0x00000002
10:45:35.618  INFO     RX        /ERR/LOKO/0x00000002
10:45:35.653  INFO     RX        /ERR/LOKO/0x00000002
10:45:35.653  INFO     RX        /ERR/LOKO/0x00000002
10:45:35.653  INFO     RX        /ERR/LOKO/0x00000002
10:45:35.681  INFO     RX        /ERR/LOKO/0x00000002
10:45:36.869  DEBUG    TX /CONTROLL/0,0,0,-17,0,0,0,0,0
10:45:37.393  INFO     RX        /ERR/LOKO/0x00000002
10:45:37.393  INFO     RX        /ERR/LOKO/0x00000002
10:45:37.393  INFO     RX        /ERR/LOKO/0x00000002
10:45:37.422  INFO     RX        /ERR/LOKO/0x00000002
10:45:37.422  INFO     RX        /ERR/LOKO/0x00000002
10:45:37.422  INFO     RX        /ERR/LOKO/0x00000002
10:45:37.459  INFO     RX        /ERR/LOKO/0x00000002
10:45:37.459  INFO     RX        /ERR/LOKO/0x00000002
10:45:38.484  DEBUG    TX /CONTROLL/0,0,0,0,0,0,0,0,0
10:45:38.969  INFO     RX        /ERR/LOKO/0x00000002
10:45:38.969  INFO     RX        /ERR/LOKO/0x00000002
10:45:39.004  INFO     RX        /ERR/LOKO/0x00000002
10:45:39.004  INFO     RX        /ERR/LOKO/0x00000002
10:45:39.004  INFO     RX        /ERR/LOKO/0x00000002
10:45:39.037  INFO     RX        /ERR/LOKO/0x00000002
10:45:39.038  INFO     RX        /ERR/LOKO/0x00000002
10:45:39.038  INFO     RX        /ERR/LOKO/0x00000002
10:45:39.070  INFO     RX        /ERR/LOKO/0x00000002
10:45:39.070  INFO     RX        /ERR/LOKO/0x00000002
10:45:39.103  INFO     RX        /ERR/LOKO/0x00000002
10:45:39.103  INFO     RX        /ERR/LOKO/0x00000002
10:45:39.519  INFO     RX        /ERR/LOKO/0x00000002
10:45:39.519  INFO     RX        /ERR/LOKO/0x00000002
10:45:39.549  INFO     RX        /ERR/LOKO/0x00000002
10:45:39.550  INFO     RX        /ERR/LOKO/0x00000002
10:45:39.550  INFO     RX        /ERR/LOKO/0x00000002
10:45:39.585  INFO     RX        /ERR/LOKO/0x00000002
10:45:39.585  INFO     RX        /ERR/LOKO/0x00000002
10:45:39.585  INFO     RX        /ERR/LOKO/0x00000002
10:45:39.617  INFO     RX        /ERR/LOKO/0x00000002
10:45:39.617  INFO     RX        /ERR/LOKO/0x00000002
10:45:39.647  INFO     RX        /ERR/LOKO/0x00000002
10:45:40.035  INFO     RX        /ERR/LOKO/0x00000002
10:45:40.065  INFO     RX        /ERR/LOKO/0x00000002
10:45:40.065  INFO     RX        /ERR/LOKO/0x00000002
10:45:40.065  INFO     RX        /ERR/LOKO/0x00000002
10:45:40.094  DEBUG    TX /CONTROLL/0,0,35,13,0,0,0,0,0
10:45:40.099  INFO     RX        /ERR/LOKO/0x00000002
10:45:40.100  INFO     RX        /ERR/LOKO/0x00000002
10:45:40.100  INFO     RX        /ERR/LOKO/0x00000002
10:45:40.129  INFO     RX        /ERR/LOKO/0x00000002
10:45:40.129  INFO     RX        /ERR/LOKO/0x00000002
10:45:40.165  INFO     RX        /ERR/LOKO/0x00000002
10:45:40.165  INFO     RX        /ERR/LOKO/0x00000002
10:45:40.165  INFO     RX        /ERR/LOKO/0x00000002
10:45:40.582  INFO     RX        /ERR/LOKO/0x00000002
10:45:40.582  INFO     RX        /ERR/LOKO/0x00000002
10:45:40.611  INFO     RX        /ERR/LOKO/0x00000002
10:45:40.611  INFO     RX        /ERR/LOKO/0x00000002
10:45:40.647  INFO     RX        /ERR/LOKO/0x00000002
10:45:40.647  INFO     RX        /ERR/LOKO/0x00000002
10:45:40.647  INFO     RX        /ERR/LOKO/0x00000002
10:45:40.675  INFO     RX        /ERR/LOKO/0x00000002
10:45:40.676  INFO     RX        /ERR/LOKO/0x00000002
10:45:40.676  INFO     RX        /ERR/LOKO/0x00000002
10:45:41.066  INFO     RX        /ERR/LOKO/0x00000002
10:45:41.096  INFO     RX        /ERR/LOKO/0x00000002
10:45:41.096  INFO     RX        /ERR/LOKO/0x00000002
10:45:41.096  INFO     RX        /ERR/LOKO/0x00000002
10:45:41.131  INFO     RX        /ERR/LOKO/0x00000002
10:45:41.131  INFO     RX        /ERR/LOKO/0x00000002
10:45:41.131  INFO     RX        /ERR/LOKO/0x00000002
10:45:41.162  INFO     RX        /ERR/LOKO/0x00000002
10:45:41.162  INFO     RX        /ERR/LOKO/0x00000002
10:45:41.195  INFO     RX        /ERR/LOKO/0x00000002
10:45:41.195  INFO     RX        /ERR/LOKO/0x00000002
10:45:41.195  INFO     RX        /ERR/LOKO/0x00000002
10:45:41.581  INFO     RX        /ERR/LOKO/0x00000002
10:45:41.615  INFO     RX        /ERR/LOKO/0x00000002
10:45:41.615  INFO     RX        /ERR/LOKO/0x00000002
10:45:41.644  INFO     RX        /ERR/LOKO/0x00000002
10:45:41.644  INFO     RX        /ERR/LOKO/0x00000002
10:45:41.644  INFO     RX        /ERR/LOKO/0x00000002
10:45:41.679  INFO     RX        /ERR/LOKO/0x00000002
10:45:41.679  INFO     RX        /ERR/LOKO/0x00000002
10:45:41.679  INFO     RX        /ERR/LOKO/0x00000002
10:45:41.706  DEBUG    TX /CONTROLL/0,0,38,13,0,0,0,0,0
10:45:43.316  DEBUG    TX /CONTROLL/0,0,-15,0,0,0,0,0,0
10:45:43.704  INFO     RX        /ERR/LOKO/0x00000002
10:45:43.704  INFO     RX        /ERR/LOKO/0x00000002
10:45:43.705  INFO     RX        /ERR/LOKO/0x00000002
10:45:43.738  INFO     RX        /ERR/LOKO/0x00000002
10:45:43.738  INFO     RX        /ERR/LOKO/0x00000002
10:45:43.769  INFO     RX        /ERR/LOKO/0x00000002
10:45:43.770  INFO     RX        /ERR/LOKO/0x00000002
10:45:43.770  INFO     RX        /ERR/LOKO/0x00000002
10:45:43.805  INFO     RX        /ERR/LOKO/0x00000002
10:45:43.805  INFO     RX        /ERR/LOKO/0x00000002
10:45:43.805  INFO     RX        /ERR/LOKO/0x00000002
10:45:43.838  INFO     RX        /ERR/LOKO/0x00000002
10:45:43.838  INFO     RX        /ERR/LOKO/0x00000002
10:45:43.838  INFO     RX        /ERR/LOKO/0x00000002
10:45:43.868  INFO     RX        /ERR/LOKO/0x00000002
10:45:43.868  INFO     RX        /ERR/LOKO/0x00000002
10:45:43.902  INFO     RX        /ERR/LOKO/0x00000002
10:45:43.902  INFO     RX        /ERR/LOKO/0x00000002
10:45:43.902  INFO     RX        /ERR/LOKO/0x00000002
10:45:43.931  INFO     RX        /ERR/LOKO/0x00000002
10:45:43.931  INFO     RX        /ERR/LOKO/0x00000002
10:45:43.931  INFO     RX        /ERR/LOKO/0x00000002
10:45:43.967  INFO     RX        /ERR/LOKO/0x00000002
10:45:43.967  INFO     RX        /ERR/LOKO/0x00000002
10:45:43.967  INFO     RX        /ERR/LOKO/0x00000002
10:45:43.996  INFO     RX        /ERR/LOKO/0x00000002
10:45:43.996  INFO     RX        /ERR/LOKO/0x00000002
10:45:44.028  INFO     RX        /ERR/LOKO/0x00000002
10:45:44.029  INFO     RX        /ERR/LOKO/0x00000002
10:45:44.029  INFO     RX        /ERR/LOKO/0x00000002
10:45:44.063  INFO     RX        /ERR/LOKO/0x00000002
10:45:44.064  INFO     RX        /ERR/LOKO/0x00000002
10:45:44.064  INFO     RX        /ERR/LOKO/0x00000002
10:45:44.094  INFO     RX        /ERR/LOKO/0x00000002
10:45:44.926  DEBUG    TX /CONTROLL/0,0,0,0,0,0,0,0,0
10:45:46.536  DEBUG    TX /CONTROLL/0,0,0,0,0,0,0,0,0
10:45:48.147  DEBUG    TX /CONTROLL/0,0,0,0,0,0,0,0,0
10:45:49.757  DEBUG    TX /CONTROLL/0,0,0,0,0,0,0,0,0
10:45:51.364  DEBUG    TX /CONTROLL/0,0,0,0,0,0,0,0,0
10:45:52.975  DEBUG    TX /CONTROLL/0,0,0,0,0,0,0,0,0
10:45:54.585  DEBUG    TX /CONTROLL/0,0,0,0,0,0,0,0,0
10:45:56.193  DEBUG    TX /CONTROLL/0,0,0,0,0,0,0,0,0
10:45:57.798  DEBUG    TX /CONTROLL/0,0,0,0,0,0,0,0,0
10:45:59.409  DEBUG    TX /CONTROLL/0,0,0,0,0,0,0,0,0
10:46:01.024  DEBUG    TX /CONTROLL/0,0,0,0,0,0,0,0,0
10:46:02.631  DEBUG    TX /CONTROLL/0,0,0,0,0,0,0,0,0
10:46:04.239  DEBUG    TX /CONTROLL/0,0,0,0,0,0,0,0,0
10:46:05.849  DEBUG    TX /CONTROLL/0,0,0,0,0,0,0,0,0
10:46:07.454  DEBUG    TX /CONTROLL/0,0,0,0,0,0,0,0,0
10:46:09.065  DEBUG    TX /CONTROLL/0,0,0,0,0,0,0,0,0
10:46:10.680  DEBUG    TX /CONTROLL/0,0,0,0,0,0,0,0,0
10:46:12.284  DEBUG    TX /CONTROLL/0,0,0,0,0,0,0,0,0
10:46:13.893  DEBUG    TX /CONTROLL/0,0,0,0,0,0,0,0,0
10:46:15.502  DEBUG    TX /CONTROLL/0,0,0,0,0,0,0,0,0
10:46:17.110  DEBUG    TX /CONTROLL/0,0,0,0,0,0,0,0,0
10:46:18.720  DEBUG    TX /CONTROLL/0,0,0,0,0,0,0,0,0
10:46:20.334  DEBUG    TX /CONTROLL/0,0,0,0,0,0,0,0,0
10:46:21.949  DEBUG    TX /CONTROLL/0,0,0,0,0,0,0,0,0
10:46:23.563  DEBUG    TX /CONTROLL/0,0,0,0,0,0,0,0,0
10:46:25.174  DEBUG    TX /CONTROLL/0,0,0,0,0,0,0,0,0
10:46:26.784  DEBUG    TX /CONTROLL/0,0,0,0,0,0,0,0,0
10:46:28.397  DEBUG    TX /CONTROLL/0,0,0,0,0,0,0,0,0
10:46:30.008  DEBUG    TX /CONTROLL/0,0,0,0,0,0,0,0,0
10:46:31.615  DEBUG    TX /CONTROLL/0,0,0,0,0,0,0,0,0
10:46:33.222  DEBUG    TX /CONTROLL/0,0,0,0,0,0,0,0,0
10:46:34.836  DEBUG    TX /CONTROLL/0,0,0,0,0,0,0,0,0
10:46:36.446  DEBUG    TX /CONTROLL/0,0,0,0,0,0,0,0,0
10:46:38.053  DEBUG    TX /CONTROLL/0,0,0,0,0,0,0,0,0
10:46:39.663  DEBUG    TX /CONTROLL/0,0,0,0,0,0,0,0,0
10:46:41.276  DEBUG    TX /CONTROLL/0,0,0,0,0,0,0,0,0
10:46:42.883  DEBUG    TX /CONTROLL/0,0,0,0,0,0,0,0,0
10:46:44.493  DEBUG    TX /CONTROLL/0,0,0,0,0,0,0,0,0
10:46:46.099  DEBUG    TX /CONTROLL/0,0,0,0,0,0,0,0,0
10:46:47.702  DEBUG    TX /CONTROLL/0,0,0,0,0,0,0,0,0
10:46:49.307  DEBUG    TX /CONTROLL/0,0,0,0,0,0,0,0,0
10:46:50.910  DEBUG    TX /CONTROLL/0,0,0,0,0,0,0,0,0
10:46:52.518  DEBUG    TX /CONTROLL/0,0,0,0,0,0,0,0,0
10:46:54.123  DEBUG    TX /CONTROLL/0,0,0,0,0,0,0,0,0
10:46:55.732  DEBUG    TX /CONTROLL/0,0,0,0,0,0,0,0,0
10:46:57.347  DEBUG    TX /CONTROLL/0,0,0,0,0,0,0,0,0
10:46:58.957  DEBUG    TX /CONTROLL/0,0,0,0,0,0,0,0,0
10:47:00.568  DEBUG    TX /CONTROLL/0,0,0,0,0,0,0,0,0
10:47:02.175  DEBUG    TX /CONTROLL/0,0,0,0,0,0,0,0,0
10:47:03.787  DEBUG    TX /CONTROLL/0,0,0,0,0,0,0,0,0
10:47:05.393  DEBUG    TX /CONTROLL/0,0,0,0,0,0,0,0,0
10:47:07.002  DEBUG    TX /CONTROLL/0,0,0,0,0,0,0,0,0
10:47:08.612  DEBUG    TX /CONTROLL/0,0,0,0,0,0,0,0,0
10:47:10.222  DEBUG    TX /CONTROLL/0,0,0,0,0,0,0,0,0
10:47:11.831  DEBUG    TX /CONTROLL/0,0,0,0,0,0,0,0,0
10:47:13.444  DEBUG    TX /CONTROLL/0,0,0,0,0,0,0,0,0
10:47:15.054  DEBUG    TX /CONTROLL/0,0,0,0,0,0,0,0,0
10:47:16.664  DEBUG    TX /CONTROLL/0,0,0,0,0,0,0,0,0
10:47:18.275  DEBUG    TX /CONTROLL/0,0,0,0,0,0,0,0,0
10:47:19.888  DEBUG    TX /CONTROLL/0,0,0,0,0,0,0,0,0
10:47:21.501  DEBUG    TX /CONTROLL/0,0,0,0,0,0,0,0,0
10:47:23.105  DEBUG    TX /CONTROLL/0,0,0,0,0,0,0,0,0
10:47:24.713  DEBUG    TX /CONTROLL/0,0,0,0,0,0,0,0,0
10:47:26.325  DEBUG    TX /CONTROLL/0,0,0,0,0,0,0,0,0
10:47:27.934  DEBUG    TX /CONTROLL/0,0,0,0,0,0,0,0,0
10:47:29.544  DEBUG    TX /CONTROLL/0,0,0,0,0,0,0,0,0
10:47:31.156  DEBUG    TX /CONTROLL/0,0,0,0,0,0,0,0,0
10:47:32.766  DEBUG    TX /CONTROLL/0,0,0,0,0,0,0,0,0
10:47:34.373  DEBUG    TX /CONTROLL/0,0,0,0,0,0,0,0,0
10:47:35.981  DEBUG    TX /CONTROLL/0,0,0,0,0,0,0,0,0
10:47:37.585  DEBUG    TX /CONTROLL/0,0,0,0,0,0,0,0,0
10:47:39.199  DEBUG    TX /CONTROLL/0,0,0,0,0,0,0,0,0
10:47:40.812  DEBUG    TX /CONTROLL/0,0,0,0,0,0,0,0,0
10:47:42.417  DEBUG    TX /CONTROLL/0,0,0,0,0,0,0,0,0
10:47:44.029  DEBUG    TX /CONTROLL/0,0,0,0,0,0,0,0,0
10:47:45.639  DEBUG    TX /CONTROLL/0,0,0,0,0,0,0,0,0
10:47:47.243  DEBUG    TX /CONTROLL/0,0,0,0,0,0,0,0,0
10:47:48.851  DEBUG    TX /CONTROLL/0,0,0,0,0,0,0,0,0
10:47:50.464  DEBUG    TX /CONTROLL/0,0,0,0,0,0,0,0,0
10:47:52.072  DEBUG    TX /CONTROLL/0,0,0,0,0,0,0,0,0
10:47:53.681  DEBUG    TX /CONTROLL/0,0,0,0,0,0,0,0,0
10:47:55.293  DEBUG    TX /CONTROLL/0,0,0,0,0,0,0,0,0
10:47:56.898  DEBUG    TX /CONTROLL/0,0,0,0,0,0,0,0,0
10:47:58.505  DEBUG    TX /CONTROLL/0,0,0,0,0,0,0,0,0
10:48:00.111  DEBUG    TX /CONTROLL/0,0,0,0,0,0,0,0,0
10:48:01.716  DEBUG    TX /CONTROLL/0,0,0,0,0,0,0,0,0
10:48:03.322  DEBUG    TX /CONTROLL/0,0,0,0,0,0,0,0,0
10:48:04.930  DEBUG    TX /CONTROLL/0,0,0,0,0,0,0,0,0
10:48:06.537  DEBUG    TX /CONTROLL/0,0,0,0,0,0,0,0,0
10:48:08.143  DEBUG    TX /CONTROLL/0,0,0,0,0,0,0,0,0
10:48:09.753  DEBUG    TX /CONTROLL/0,0,0,0,0,0,0,0,0
10:48:11.360  DEBUG    TX /CONTROLL/0,0,0,0,0,0,0,0,0
10:48:12.964  DEBUG    TX /CONTROLL/0,0,0,0,0,0,0,0,0
10:48:14.572  DEBUG    TX /CONTROLL/0,0,0,0,0,0,0,0,0
10:48:16.180  DEBUG    TX /CONTROLL/0,0,0,0,0,0,0,0,0
10:48:17.785  DEBUG    TX /CONTROLL/0,0,0,0,0,0,0,0,0
10:48:19.389  DEBUG    TX /CONTROLL/0,0,0,0,0,0,0,0,0
10:48:20.997  DEBUG    TX /CONTROLL/0,0,0,0,0,0,0,0,0
10:48:22.605  DEBUG    TX /CONTROLL/0,0,0,0,0,0,0,0,0
10:48:24.212  DEBUG    TX /CONTROLL/0,0,0,0,0,0,0,0,0
10:48:25.813  DEBUG    TX /CONTROLL/0,0,0,0,0,0,0,0,0
10:48:27.425  DEBUG    TX /CONTROLL/0,0,0,0,0,0,0,0,0
10:48:29.032  DEBUG    TX /CONTROLL/0,0,0,0,0,0,0,0,0
10:48:30.644  DEBUG    TX /CONTROLL/0,0,0,0,0,0,0,0,0
10:48:32.257  DEBUG    TX /CONTROLL/0,0,0,0,0,0,0,0,0
10:48:33.870  DEBUG    TX /CONTROLL/0,0,0,0,0,0,0,0,0
10:48:35.478  DEBUG    TX /CONTROLL/0,0,0,0,0,0,0,0,0
10:48:37.085  DEBUG    TX /CONTROLL/0,0,0,0,0,0,0,0,0
10:48:38.695  DEBUG    TX /CONTROLL/0,0,0,0,0,0,0,0,0
10:48:40.305  DEBUG    TX /CONTROLL/0,0,0,0,0,0,0,0,0
10:48:41.914  DEBUG    TX /CONTROLL/0,0,0,0,0,0,0,0,0
10:48:43.522  DEBUG    TX /CONTROLL/0,0,0,0,0,0,0,0,0
10:48:45.133  DEBUG    TX /CONTROLL/0,0,0,0,0,0,0,0,0
10:48:46.742  DEBUG    TX /CONTROLL/0,0,0,0,0,0,0,0,0
10:48:48.355  DEBUG    TX /CONTROLL/0,0,0,0,0,0,0,0,0
10:48:49.963  DEBUG    TX /CONTROLL/0,0,0,0,0,0,0,0,0
10:48:51.575  DEBUG    TX /CONTROLL/0,0,0,0,0,0,0,0,0
10:48:53.179  DEBUG    TX /CONTROLL/0,0,0,0,0,0,0,0,0
10:48:54.787  DEBUG    TX /CONTROLL/0,0,0,0,0,0,0,0,0
10:48:56.394  DEBUG    TX /CONTROLL/0,0,0,0,0,0,0,0,0
10:48:57.998  DEBUG    TX /CONTROLL/0,0,0,0,0,0,0,0,0
10:48:59.610  DEBUG    TX /CONTROLL/0,0,0,0,0,0,0,0,0
10:49:01.219  DEBUG    TX /CONTROLL/0,0,0,0,0,0,0,0,0
10:49:02.830  DEBUG    TX /CONTROLL/0,0,0,0,0,0,0,0,0
10:49:04.436  DEBUG    TX /CONTROLL/0,0,0,0,0,0,0,0,0
10:49:06.043  DEBUG    TX /CONTROLL/0,0,0,0,0,0,0,0,0
10:49:07.654  DEBUG    TX /CONTROLL/0,0,0,0,0,0,0,0,0
10:49:09.261  DEBUG    TX /CONTROLL/0,0,0,0,0,0,0,0,0
10:49:10.868  DEBUG    TX /CONTROLL/0,0,0,0,0,0,0,0,0
10:49:12.478  DEBUG    TX /CONTROLL/0,0,0,0,0,0,0,0,0
10:49:14.082  DEBUG    TX /CONTROLL/0,0,0,0,0,0,0,0,0
10:49:15.690  DEBUG    TX /CONTROLL/0,0,0,0,0,0,0,0,0
10:49:17.301  DEBUG    TX /CONTROLL/0,0,0,0,0,0,0,0,0
10:49:18.907  DEBUG    TX /CONTROLL/0,0,0,0,0,0,0,0,0
10:49:20.524  DEBUG    TX /CONTROLL/0,0,0,0,0,0,0,0,0
10:49:22.132  DEBUG    TX /CONTROLL/0,0,0,0,0,0,0,0,0
10:49:23.738  DEBUG    TX /CONTROLL/0,0,0,0,0,0,0,0,0
10:49:25.345  DEBUG    TX /CONTROLL/0,0,0,0,0,0,0,0,0
10:49:26.954  DEBUG    TX /CONTROLL/0,0,0,0,0,0,0,0,0
10:49:28.566  DEBUG    TX /CONTROLL/0,0,0,0,0,0,0,0,0
10:49:30.174  DEBUG    TX /CONTROLL/0,0,0,0,0,0,0,0,0
10:49:31.785  DEBUG    TX /CONTROLL/0,0,0,0,0,0,0,0,0
10:49:33.396  DEBUG    TX /CONTROLL/0,0,0,0,0,0,0,0,0
10:49:35.004  DEBUG    TX /CONTROLL/0,0,0,0,0,0,0,0,0
10:49:36.613  DEBUG    TX /CONTROLL/0,0,0,0,0,0,0,0,0
10:49:38.223  DEBUG    TX /CONTROLL/0,0,0,0,0,0,0,0,0
10:49:39.829  DEBUG    TX /CONTROLL/0,0,0,0,0,0,0,0,0
10:49:41.443  DEBUG    TX /CONTROLL/0,0,0,0,0,0,0,0,0
10:49:43.053  DEBUG    TX /CONTROLL/0,0,0,0,0,0,0,0,0
10:49:44.664  DEBUG    TX /CONTROLL/0,0,0,0,0,0,0,0,0
10:49:46.271  DEBUG    TX /CONTROLL/0,0,0,0,0,0,0,0,0
10:49:47.886  DEBUG    TX /CONTROLL/0,0,0,0,0,0,0,0,0
10:49:49.495  DEBUG    TX /CONTROLL/0,0,0,0,0,0,0,0,0
10:49:51.104  DEBUG    TX /CONTROLL/0,0,0,0,0,0,0,0,0
10:49:52.698  DEBUG    TX /CONTROLL/0,0,0,0,0,0,0,0,0
10:49:54.304  DEBUG    TX /CONTROLL/0,0,0,0,0,0,0,0,0
10:49:55.397  INFO     RX        /BATTERY/VDDA/12863 mV
10:49:55.443  INFO     RX        === Hexapod Mainboard ===
10:49:55.444  INFO     RX        PCA9685 Right: OK
10:49:55.444  INFO     RX        PCA9685 Left:  OK
10:49:55.452  INFO     RX        LSM6DSO IMU:   OK
10:49:55.624  INFO     RX        VL53L1X ToF:   OK
10:49:55.668  INFO     RX        Locomotion:    INIT (UN_ARMED, printf mode)
10:49:55.668  INFO     RX        Press L1 to arm, R1 to disarm at any time.
10:49:55.668  INFO     RX        Ready.
10:49:55.909  DEBUG    TX /CONTROLL/0,0,0,0,0,0,0,0,0
10:49:57.527  DEBUG    TX /CONTROLL/0,0,0,0,0,0,0,0,0
10:49:59.138  DEBUG    TX /CONTROLL/0,0,0,-18,0,0,0,0,0
10:49:59.365  INFO     RX        /ERR/LOKO/0x00000002
10:49:59.401  INFO     RX        /ERR/LOKO/0x00000002
10:49:59.401  INFO     RX        /ERR/LOKO/0x00000002
10:49:59.401  INFO     RX        /ERR/LOKO/0x00000002
10:49:59.431  INFO     RX        /ERR/LOKO/0x00000002
10:49:59.432  INFO     RX        /ERR/LOKO/0x00000002
10:49:59.465  INFO     RX        /ERR/LOKO/0x00000002
10:49:59.915  INFO     RX        /ERR/LOKO/0x00000002
10:49:59.915  INFO     RX        /ERR/LOKO/0x00000002
10:49:59.944  INFO     RX        /ERR/LOKO/0x00000002
10:49:59.944  INFO     RX        /ERR/LOKO/0x00000002
10:49:59.980  INFO     RX        /ERR/LOKO/0x00000002
10:49:59.980  INFO     RX        /ERR/LOKO/0x00000002
10:49:59.980  INFO     RX        /ERR/LOKO/0x00000002
10:50:00.746  DEBUG    TX /CONTROLL/0,0,0,-17,0,0,0,0,0
10:50:01.654  INFO     RX        /ERR/LOKO/0x00000002
10:50:01.683  INFO     RX        /ERR/LOKO/0x00000002
10:50:01.683  INFO     RX        /ERR/LOKO/0x00000002
10:50:01.718  INFO     RX        /ERR/LOKO/0x00000002
10:50:01.718  INFO     RX        /ERR/LOKO/0x00000002
10:50:01.718  INFO     RX        /ERR/LOKO/0x00000002
10:50:01.747  INFO     RX        /ERR/LOKO/0x00000002
10:50:02.232  INFO     RX        /ERR/LOKO/0x00000002
10:50:02.232  INFO     RX        /ERR/LOKO/0x00000002
10:50:02.268  INFO     RX        /ERR/LOKO/0x00000002
10:50:02.268  INFO     RX        /ERR/LOKO/0x00000002
10:50:02.268  INFO     RX        /ERR/LOKO/0x00000002
10:50:02.296  INFO     RX        /ERR/LOKO/0x00000002
10:50:02.297  INFO     RX        /ERR/LOKO/0x00000002
10:50:02.297  INFO     RX        /ERR/LOKO/0x00000002
10:50:02.358  DEBUG    TX /CONTROLL/0,0,0,-17,0,0,0,0,0
10:50:03.976  DEBUG    TX /CONTROLL/0,0,0,0,0,0,0,0,0
10:50:04.656  INFO     RX        /ERR/LOKO/0x00000002
10:50:04.692  INFO     RX        /ERR/LOKO/0x00000002
10:50:04.692  INFO     RX        /ERR/LOKO/0x00000002
10:50:04.692  INFO     RX        /ERR/LOKO/0x00000002
10:50:04.721  INFO     RX        /ERR/LOKO/0x00000002
10:50:04.721  INFO     RX        /ERR/LOKO/0x00000002
10:50:04.721  INFO     RX        /ERR/LOKO/0x00000002
10:50:04.756  INFO     RX        /ERR/LOKO/0x00000002
10:50:04.756  INFO     RX        /ERR/LOKO/0x00000002
10:50:04.756  INFO     RX        /ERR/LOKO/0x00000002
10:50:04.785  INFO     RX        /ERR/LOKO/0x00000002
10:50:05.495  INFO     RX        /ERR/LOKO/0x00000002
10:50:05.529  INFO     RX        /ERR/LOKO/0x00000002
10:50:05.530  INFO     RX        /ERR/LOKO/0x00000002
10:50:05.530  INFO     RX        /ERR/LOKO/0x00000002
10:50:05.562  INFO     RX        /ERR/LOKO/0x00000002
10:50:05.562  INFO     RX        /ERR/LOKO/0x00000002
10:50:05.562  INFO     RX        /ERR/LOKO/0x00000002
10:50:05.588  DEBUG    TX /CONTROLL/0,0,-20,0,0,0,0,0,0
10:50:05.593  INFO     RX        /ERR/LOKO/0x00000002
10:50:05.594  INFO     RX        /ERR/LOKO/0x00000002
10:50:05.626  INFO     RX        /ERR/LOKO/0x00000002
10:50:05.626  INFO     RX        /ERR/LOKO/0x00000002
10:50:05.626  INFO     RX        /ERR/LOKO/0x00000002
10:50:05.660  INFO     RX        /ERR/LOKO/0x00000002
10:50:05.660  INFO     RX        /ERR/LOKO/0x00000002
10:50:05.660  INFO     RX        /ERR/LOKO/0x00000002
10:50:05.687  INFO     RX        /ERR/LOKO/0x00000002
10:50:05.688  INFO     RX        /ERR/LOKO/0x00000002
10:50:05.723  INFO     RX        /ERR/LOKO/0x00000002
10:50:05.724  INFO     RX        /ERR/LOKO/0x00000002
10:50:05.724  INFO     RX        /ERR/LOKO/0x00000002
10:50:05.752  INFO     RX        /ERR/LOKO/0x00000002
10:50:05.752  INFO     RX        /ERR/LOKO/0x00000002
10:50:05.752  INFO     RX        /ERR/LOKO/0x00000002
10:50:05.785  INFO     RX        /ERR/LOKO/0x00000002
10:50:07.211  DEBUG    TX /CONTROLL/0,0,-21,0,0,0,0,0,0
10:50:07.411  INFO     RX        /ERR/LOKO/0x00000002
10:50:07.411  INFO     RX        /ERR/LOKO/0x00000002
10:50:07.411  INFO     RX        /ERR/LOKO/0x00000002
10:50:07.441  INFO     RX        /ERR/LOKO/0x00000002
10:50:07.441  INFO     RX        /ERR/LOKO/0x00000002
10:50:07.441  INFO     RX        /ERR/LOKO/0x00000002
10:50:07.476  INFO     RX        /ERR/LOKO/0x00000002
10:50:07.476  INFO     RX        /ERR/LOKO/0x00000002
10:50:07.476  INFO     RX        /ERR/LOKO/0x00000002
10:50:07.506  INFO     RX        /ERR/LOKO/0x00000002
10:50:07.506  INFO     RX        /ERR/LOKO/0x00000002
10:50:07.540  INFO     RX        /ERR/LOKO/0x00000002
10:50:07.540  INFO     RX        /ERR/LOKO/0x00000002
10:50:07.540  INFO     RX        /ERR/LOKO/0x00000002
10:50:07.571  INFO     RX        /ERR/LOKO/0x00000002
10:50:07.571  INFO     RX        /ERR/LOKO/0x00000002
10:50:07.571  INFO     RX        /ERR/LOKO/0x00000002
10:50:07.605  INFO     RX        /ERR/LOKO/0x00000002
10:50:07.606  INFO     RX        /ERR/LOKO/0x00000002
10:50:07.606  INFO     RX        /ERR/LOKO/0x00000002
10:50:07.638  INFO     RX        /ERR/LOKO/0x00000002
10:50:07.638  INFO     RX        /ERR/LOKO/0x00000002
10:50:08.823  DEBUG    TX /CONTROLL/0,0,-21,0,0,0,0,0,0
10:50:09.278  INFO     RX        /ERR/LOKO/0x00000002
10:50:09.307  INFO     RX        /ERR/LOKO/0x00000002
10:50:09.307  INFO     RX        /ERR/LOKO/0x00000002
10:50:09.307  INFO     RX        /ERR/LOKO/0x00000002
10:50:09.340  INFO     RX        /ERR/LOKO/0x00000002
10:50:09.340  INFO     RX        /ERR/LOKO/0x00000002
10:50:09.375  INFO     RX        /ERR/LOKO/0x00000002
10:50:09.375  INFO     RX        /ERR/LOKO/0x00000002
10:50:09.375  INFO     RX        /ERR/LOKO/0x00000002
10:50:09.404  INFO     RX        /ERR/LOKO/0x00000002
10:50:09.404  INFO     RX        /ERR/LOKO/0x00000002
10:50:09.404  INFO     RX        /ERR/LOKO/0x00000002
10:50:09.440  INFO     RX        /ERR/LOKO/0x00000002
10:50:09.440  INFO     RX        /ERR/LOKO/0x00000002
10:50:09.440  INFO     RX        /ERR/LOKO/0x00000002
10:50:09.469  INFO     RX        /ERR/LOKO/0x00000002
10:50:09.469  INFO     RX        /ERR/LOKO/0x00000002
10:50:09.504  INFO     RX        /ERR/LOKO/0x00000002
10:50:09.504  INFO     RX        /ERR/LOKO/0x00000002
10:50:09.504  INFO     RX        /ERR/LOKO/0x00000002
10:50:09.534  INFO     RX        /ERR/LOKO/0x00000002
10:50:09.534  INFO     RX        /ERR/LOKO/0x00000002
10:50:09.534  INFO     RX        /ERR/LOKO/0x00000002
10:50:09.566  INFO     RX        /ERR/LOKO/0x00000002
10:50:09.566  INFO     RX        /ERR/LOKO/0x00000002
10:50:10.433  DEBUG    TX /CONTROLL/0,0,-21,0,0,0,0,0,0
10:50:11.241  INFO     RX        /ERR/LOKO/0x00000002
10:50:11.273  INFO     RX        /ERR/LOKO/0x00000002
10:50:11.273  INFO     RX        /ERR/LOKO/0x00000002
10:50:11.274  INFO     RX        /ERR/LOKO/0x00000002
10:50:11.307  INFO     RX        /ERR/LOKO/0x00000002
10:50:11.307  INFO     RX        /ERR/LOKO/0x00000002
10:50:11.307  INFO     RX        /ERR/LOKO/0x00000002
10:50:11.335  INFO     RX        /ERR/LOKO/0x00000002
10:50:11.335  INFO     RX        /ERR/LOKO/0x00000002
10:50:11.370  INFO     RX        /ERR/LOKO/0x00000002
10:50:11.371  INFO     RX        /ERR/LOKO/0x00000002
10:50:11.371  INFO     RX        /ERR/LOKO/0x00000002
10:50:11.400  INFO     RX        /ERR/LOKO/0x00000002
10:50:11.400  INFO     RX        /ERR/LOKO/0x00000002
10:50:11.400  INFO     RX        /ERR/LOKO/0x00000002
10:50:11.434  INFO     RX        /ERR/LOKO/0x00000002
10:50:11.435  INFO     RX        /ERR/LOKO/0x00000002
10:50:11.435  INFO     RX        /ERR/LOKO/0x00000002
10:50:11.464  INFO     RX        /ERR/LOKO/0x00000002
10:50:11.464  INFO     RX        /ERR/LOKO/0x00000002
10:50:11.499  INFO     RX        /ERR/LOKO/0x00000002
10:50:11.499  INFO     RX        /ERR/LOKO/0x00000002
10:50:11.499  INFO     RX        /ERR/LOKO/0x00000002
10:50:11.528  INFO     RX        /ERR/LOKO/0x00000002
10:50:12.039  DEBUG    TX /CONTROLL/0,0,-20,0,0,0,0,0,0
10:50:13.651  DEBUG    TX /CONTROLL/0,0,0,0,0,0,0,0,0
10:50:15.254  DEBUG    TX /CONTROLL/0,0,0,-16,0,0,0,0,0
10:50:15.260  INFO     RX        /ERR/LOKO/0x00000002
10:50:15.260  INFO     RX        /ERR/LOKO/0x00000002
10:50:15.288  INFO     RX        /ERR/LOKO/0x00000002
10:50:15.289  INFO     RX        /ERR/LOKO/0x00000002
10:50:15.289  INFO     RX        /ERR/LOKO/0x00000002
10:50:15.321  INFO     RX        /ERR/LOKO/0x00000002
10:50:15.321  INFO     RX        /ERR/LOKO/0x00000002
10:50:15.321  INFO     RX        /ERR/LOKO/0x00000002
10:50:16.612  INFO     RX        /ERR/LOKO/0x00000002
10:50:16.642  INFO     RX        /ERR/LOKO/0x00000002
10:50:16.642  INFO     RX        /ERR/LOKO/0x00000002
10:50:16.676  INFO     RX        /ERR/LOKO/0x00000002
10:50:16.676  INFO     RX        /ERR/LOKO/0x00000002
10:50:16.676  INFO     RX        /ERR/LOKO/0x00000002
10:50:16.709  INFO     RX        /ERR/LOKO/0x00000002
10:50:16.709  INFO     RX        /ERR/LOKO/0x00000002
10:50:16.864  DEBUG    TX /CONTROLL/0,0,0,-17,0,0,0,0,0
10:50:18.411  INFO     RX        /ERR/LOKO/0x00000002
10:50:18.411  INFO     RX        /ERR/LOKO/0x00000002
10:50:18.411  INFO     RX        /ERR/LOKO/0x00000002
10:50:18.441  INFO     RX        /ERR/LOKO/0x00000002
10:50:18.441  INFO     RX        /ERR/LOKO/0x00000002
10:50:18.469  DEBUG    TX /CONTROLL/0,0,0,-18,0,0,0,0,0
10:50:18.475  INFO     RX        /ERR/LOKO/0x00000002
10:50:18.475  INFO     RX        /ERR/LOKO/0x00000002
10:50:18.955  INFO     RX        /ERR/LOKO/0x00000002
10:50:18.955  INFO     RX        /ERR/LOKO/0x00000002
10:50:18.987  INFO     RX        /ERR/LOKO/0x00000002
10:50:18.987  INFO     RX        /ERR/LOKO/0x00000002
10:50:19.022  INFO     RX        /ERR/LOKO/0x00000002
10:50:19.022  INFO     RX        /ERR/LOKO/0x00000002
10:50:19.022  INFO     RX        /ERR/LOKO/0x00000002
10:50:19.051  INFO     RX        /ERR/LOKO/0x00000002
10:50:20.078  DEBUG    TX /CONTROLL/0,0,0,-16,0,0,0,0,0
10:50:20.827  INFO     RX        /ERR/LOKO/0x00000002
10:50:20.856  INFO     RX        /ERR/LOKO/0x00000002
10:50:20.856  INFO     RX        /ERR/LOKO/0x00000002
10:50:20.856  INFO     RX        /ERR/LOKO/0x00000002
10:50:20.888  INFO     RX        /ERR/LOKO/0x00000002
10:50:20.888  INFO     RX        /ERR/LOKO/0x00000002
10:50:20.923  INFO     RX        /ERR/LOKO/0x00000002
10:50:20.923  INFO     RX        /ERR/LOKO/0x00000002
10:50:21.438  INFO     RX        /ERR/LOKO/0x00000002
10:50:21.438  INFO     RX        /ERR/LOKO/0x00000002
10:50:21.470  INFO     RX        /ERR/LOKO/0x00000002
10:50:21.470  INFO     RX        /ERR/LOKO/0x00000002
10:50:21.500  INFO     RX        /ERR/LOKO/0x00000002
10:50:21.500  INFO     RX        /ERR/LOKO/0x00000002
10:50:21.500  INFO     RX        /ERR/LOKO/0x00000002
10:50:21.535  INFO     RX        /ERR/LOKO/0x00000002
10:50:21.689  DEBUG    TX /CONTROLL/0,0,0,0,0,0,0,0,0
10:50:23.297  DEBUG    TX /CONTROLL/0,0,0,0,0,0,0,0,0
10:50:24.905  DEBUG    TX /CONTROLL/0,0,0,0,0,0,0,0,0
10:50:26.512  DEBUG    TX /CONTROLL/0,0,0,0,0,0,0,0,0
10:50:28.119  DEBUG    TX /CONTROLL/0,0,0,0,0,0,0,0,0
10:50:29.729  DEBUG    TX /CONTROLL/0,0,0,0,0,0,0,0,0
10:50:31.340  DEBUG    TX /CONTROLL/0,0,0,0,0,0,0,0,0
10:50:32.952  DEBUG    TX /CONTROLL/0,0,0,0,0,0,0,0,0
10:50:34.565  DEBUG    TX /CONTROLL/0,0,0,0,0,0,0,0,0
10:50:36.172  DEBUG    TX /CONTROLL/0,0,0,0,0,0,0,0,0
10:50:37.782  DEBUG    TX /CONTROLL/0,0,0,0,0,0,0,0,0
10:50:39.390  DEBUG    TX /CONTROLL/0,0,0,0,0,0,0,0,0
10:50:40.997  DEBUG    TX /CONTROLL/0,0,0,0,0,0,0,0,0
10:50:42.605  DEBUG    TX /CONTROLL/0,0,0,0,0,0,0,0,0
10:50:44.210  DEBUG    TX /CONTROLL/0,0,0,0,0,0,0,0,0
10:50:45.817  DEBUG    TX /CONTROLL/0,0,0,0,0,0,0,0,0
10:50:47.425  DEBUG    TX /CONTROLL/0,0,0,0,0,0,0,0,0
10:50:49.038  DEBUG    TX /CONTROLL/0,0,0,0,0,0,0,0,0
10:50:50.648  DEBUG    TX /CONTROLL/0,0,0,0,0,0,0,0,0
10:50:52.256  DEBUG    TX /CONTROLL/0,0,0,0,0,0,0,0,0
10:50:53.866  DEBUG    TX /CONTROLL/0,0,0,0,0,0,0,0,0
10:50:55.472  DEBUG    TX /CONTROLL/0,0,0,0,0,0,0,0,0
10:50:57.078  DEBUG    TX /CONTROLL/0,0,0,0,0,0,0,0,0
10:50:58.688  DEBUG    TX /CONTROLL/0,0,0,0,0,0,0,0,0
10:51:00.296  DEBUG    TX /CONTROLL/0,0,0,0,0,0,0,0,0
10:51:01.913  DEBUG    TX /CONTROLL/0,0,0,0,0,0,0,0,0
10:51:03.523  DEBUG    TX /CONTROLL/0,0,0,0,0,0,0,0,0
10:51:05.133  DEBUG    TX /CONTROLL/0,0,0,0,0,0,0,0,0
10:51:06.739  DEBUG    TX /CONTROLL/0,0,0,0,0,0,0,0,0
10:51:08.346  DEBUG    TX /CONTROLL/0,0,0,0,0,0,0,0,0
10:51:09.954  DEBUG    TX /CONTROLL/0,0,0,0,0,0,0,0,0
10:51:11.562  DEBUG    TX /CONTROLL/0,0,0,0,0,0,0,0,0
10:51:13.169  DEBUG    TX /CONTROLL/0,0,0,0,0,0,0,0,0
10:51:14.781  DEBUG    TX /CONTROLL/0,0,0,0,0,0,0,0,0
10:51:16.388  DEBUG    TX /CONTROLL/0,0,0,0,0,0,0,0,0
10:51:17.994  DEBUG    TX /CONTROLL/0,0,0,0,0,0,0,0,0
10:51:19.604  DEBUG    TX /CONTROLL/0,0,0,0,0,0,0,0,0
10:51:21.211  DEBUG    TX /CONTROLL/0,0,0,0,0,0,0,0,0
10:51:22.821  DEBUG    TX /CONTROLL/0,0,0,0,0,0,0,0,0
10:51:24.428  DEBUG    TX /CONTROLL/0,0,0,0,0,0,0,0,0
10:51:26.032  DEBUG    TX /CONTROLL/0,0,0,0,0,0,0,0,0
10:51:27.642  DEBUG    TX /CONTROLL/0,0,0,0,0,0,0,0,0
10:51:29.253  DEBUG    TX /CONTROLL/0,0,0,0,0,0,0,0,0
10:51:30.861  DEBUG    TX /CONTROLL/0,0,0,0,0,0,0,0,0
10:51:32.471  DEBUG    TX /CONTROLL/0,0,0,0,0,0,0,0,0
10:51:34.080  DEBUG    TX /CONTROLL/0,0,0,0,0,0,0,0,0
10:51:35.690  DEBUG    TX /CONTROLL/0,0,0,0,0,0,0,0,0
10:51:37.297  DEBUG    TX /CONTROLL/0,0,0,0,0,0,0,0,0
10:51:38.906  DEBUG    TX /CONTROLL/0,0,0,0,0,0,0,0,0
10:51:40.509  DEBUG    TX /CONTROLL/0,0,0,0,0,0,0,0,0
10:51:42.115  DEBUG    TX /CONTROLL/0,0,0,0,0,0,0,0,0
10:51:43.726  DEBUG    TX /CONTROLL/0,0,0,0,0,0,0,0,0
10:51:45.331  DEBUG    TX /CONTROLL/0,0,0,0,0,0,0,0,0
10:51:46.940  DEBUG    TX /CONTROLL/0,0,0,0,0,0,0,0,0
10:51:48.553  DEBUG    TX /CONTROLL/0,0,0,0,0,0,0,0,0
10:51:50.160  DEBUG    TX /CONTROLL/0,0,0,0,0,0,0,0,0
10:51:51.772  DEBUG    TX /CONTROLL/0,0,0,0,0,0,0,0,0
10:51:53.386  DEBUG    TX /CONTROLL/0,0,0,0,0,0,0,0,0
10:51:54.997  DEBUG    TX /CONTROLL/0,0,0,0,0,0,0,0,0
10:51:56.610  DEBUG    TX /CONTROLL/0,0,0,0,0,0,0,0,0
10:51:58.223  DEBUG    TX /CONTROLL/0,0,0,0,0,0,0,0,0
10:51:59.833  DEBUG    TX /CONTROLL/0,0,0,0,0,0,0,0,0
10:52:01.439  DEBUG    TX /CONTROLL/0,0,0,0,0,0,0,0,0
10:52:03.048  DEBUG    TX /CONTROLL/0,0,0,0,0,0,0,0,0
10:52:04.664  DEBUG    TX /CONTROLL/0,0,0,0,0,0,0,0,0
10:52:06.271  DEBUG    TX /CONTROLL/0,0,0,0,0,0,0,0,0
10:52:07.888  DEBUG    TX /CONTROLL/0,0,0,0,0,0,0,0,0
10:52:07.912  INFO     RX        /BATTERY/VDDA/12870 mV
10:52:07.922  INFO     RX        === Hexapod Mainboard ===
10:52:07.958  INFO     RX        PCA9685 Right: OK
10:52:07.958  INFO     RX        PCA9685 Left:  OK
10:52:07.990  INFO     RX        LSM6DSO IMU:   OK
10:52:08.139  INFO     RX        VL53L1X ToF:   OK
10:52:08.166  INFO     RX        Locomotion:    INIT (UN_ARMED, printf mode)
10:52:08.180  INFO     RX        Press L1 to arm, R1 to disarm at any time.
10:52:08.180  INFO     RX        Ready.
10:52:09.497  DEBUG    TX /CONTROLL/0,0,0,0,0,0,0,0,0
10:52:11.110  DEBUG    TX /CONTROLL/0,0,0,0,0,0,0,0,0
10:52:12.720  DEBUG    TX /CONTROLL/0,0,0,0,0,0,0,0,0
10:52:14.328  DEBUG    TX /CONTROLL/0,0,0,0,0,0,0,0,0
10:52:15.937  DEBUG    TX /CONTROLL/0,0,0,0,0,0,0,0,0
10:52:17.543  DEBUG    TX /CONTROLL/0,0,0,0,0,0,0,0,0
10:52:18.512  INFO     RX        /ERR/LOKO/0x00000002
10:52:18.541  INFO     RX        /ERR/LOKO/0x00000002
10:52:18.541  INFO     RX        /ERR/LOKO/0x00000002
10:52:18.578  INFO     RX        /ERR/LOKO/0x00000002
10:52:18.838  INFO     RX        /ERR/LOKO/0x00000002
10:52:18.838  INFO     RX        /ERR/LOKO/0x00000002
10:52:18.870  INFO     RX        /ERR/LOKO/0x00000002
10:52:18.870  INFO     RX        /ERR/LOKO/0x00000002
10:52:19.156  DEBUG    TX /CONTROLL/0,0,0,-31,0,0,0,0,0
10:52:19.834  INFO     RX        /ERR/LOKO/0x00000002
10:52:19.834  INFO     RX        /ERR/LOKO/0x00000002
10:52:19.834  INFO     RX        /ERR/LOKO/0x00000002
10:52:19.868  INFO     RX        /ERR/LOKO/0x00000002
10:52:20.122  INFO     RX        /ERR/LOKO/0x00000002
10:52:20.154  INFO     RX        /ERR/LOKO/0x00000002
10:52:20.154  INFO     RX        /ERR/LOKO/0x00000002
10:52:20.189  INFO     RX        /ERR/LOKO/0x00000002
10:52:20.763  DEBUG    TX /CONTROLL/0,0,0,0,0,0,0,0,0
10:52:21.219  INFO     RX        /ERR/LOKO/0x00000002
10:52:21.249  INFO     RX        /ERR/LOKO/0x00000002
10:52:21.249  INFO     RX        /ERR/LOKO/0x00000002
10:52:21.249  INFO     RX        /ERR/LOKO/0x00000002
10:52:21.283  INFO     RX        /ERR/LOKO/0x00000002
10:52:21.283  INFO     RX        /ERR/LOKO/0x00000002
10:52:21.283  INFO     RX        /ERR/LOKO/0x00000002
10:52:21.312  INFO     RX        /ERR/LOKO/0x00000002
10:52:21.312  INFO     RX        /ERR/LOKO/0x00000002
10:52:21.344  INFO     RX        /ERR/LOKO/0x00000002
10:52:21.345  INFO     RX        /ERR/LOKO/0x00000002
10:52:21.345  INFO     RX        /ERR/LOKO/0x00000002
10:52:21.379  INFO     RX        /ERR/LOKO/0x00000002
10:52:21.379  INFO     RX        /ERR/LOKO/0x00000002
10:52:21.380  INFO     RX        /ERR/LOKO/0x00000002
10:52:21.409  INFO     RX        /ERR/LOKO/0x00000002
10:52:21.409  INFO     RX        /ERR/LOKO/0x00000002
10:52:21.444  INFO     RX        /ERR/LOKO/0x00000002
10:52:21.444  INFO     RX        /ERR/LOKO/0x00000002
10:52:21.444  INFO     RX        /ERR/LOKO/0x00000002
10:52:21.474  INFO     RX        /ERR/LOKO/0x00000002
10:52:21.474  INFO     RX        /ERR/LOKO/0x00000002
10:52:22.375  DEBUG    TX /CONTROLL/0,0,-22,0,0,0,0,0,0
10:52:22.994  INFO     RX        /ERR/LOKO/0x00000002
10:52:22.994  INFO     RX        /ERR/LOKO/0x00000002
10:52:23.026  INFO     RX        /ERR/LOKO/0x00000002
10:52:23.026  INFO     RX        /ERR/LOKO/0x00000002
10:52:23.026  INFO     RX        /ERR/LOKO/0x00000002
10:52:23.058  INFO     RX        /ERR/LOKO/0x00000002
10:52:23.058  INFO     RX        /ERR/LOKO/0x00000002
10:52:23.059  INFO     RX        /ERR/LOKO/0x00000002
10:52:23.087  INFO     RX        /ERR/LOKO/0x00000002
10:52:23.087  INFO     RX        /ERR/LOKO/0x00000002
10:52:23.122  INFO     RX        /ERR/LOKO/0x00000002
10:52:23.122  INFO     RX        /ERR/LOKO/0x00000002
10:52:23.122  INFO     RX        /ERR/LOKO/0x00000002
10:52:23.154  INFO     RX        /ERR/LOKO/0x00000002
10:52:23.154  INFO     RX        /ERR/LOKO/0x00000002
10:52:23.154  INFO     RX        /ERR/LOKO/0x00000002
10:52:23.186  INFO     RX        /ERR/LOKO/0x00000002
10:52:23.186  INFO     RX        /ERR/LOKO/0x00000002
10:52:23.218  INFO     RX        /ERR/LOKO/0x00000002
10:52:23.218  INFO     RX        /ERR/LOKO/0x00000002
10:52:23.218  INFO     RX        /ERR/LOKO/0x00000002
10:52:23.251  INFO     RX        /ERR/LOKO/0x00000002
10:52:23.251  INFO     RX        /ERR/LOKO/0x00000002
10:52:23.986  DEBUG    TX /CONTROLL/0,0,-22,0,0,0,0,0,0
10:52:24.990  INFO     RX        /ERR/LOKO/0x00000002
10:52:25.024  INFO     RX        /ERR/LOKO/0x00000002
10:52:25.024  INFO     RX        /ERR/LOKO/0x00000002
10:52:25.024  INFO     RX        /ERR/LOKO/0x00000002
10:52:25.051  INFO     RX        /ERR/LOKO/0x00000002
10:52:25.052  INFO     RX        /ERR/LOKO/0x00000002
10:52:25.089  INFO     RX        /ERR/LOKO/0x00000002
10:52:25.089  INFO     RX        /ERR/LOKO/0x00000002
10:52:25.089  INFO     RX        /ERR/LOKO/0x00000002
10:52:25.116  INFO     RX        /ERR/LOKO/0x00000002
10:52:25.116  INFO     RX        /ERR/LOKO/0x00000002
10:52:25.116  INFO     RX        /ERR/LOKO/0x00000002
10:52:25.152  INFO     RX        /ERR/LOKO/0x00000002
10:52:25.152  INFO     RX        /ERR/LOKO/0x00000002
10:52:25.152  INFO     RX        /ERR/LOKO/0x00000002
10:52:25.180  INFO     RX        /ERR/LOKO/0x00000002
10:52:25.180  INFO     RX        /ERR/LOKO/0x00000002
10:52:25.598  DEBUG    TX /CONTROLL/0,0,18,0,0,0,0,0,0
10:52:27.209  DEBUG    TX /CONTROLL/0,0,0,0,0,0,0,0,0
10:52:28.824  DEBUG    TX /CONTROLL/0,0,0,-21,0,0,0,0,0
10:52:28.830  INFO     RX        /ERR/LOKO/0x00000002
10:52:28.830  INFO     RX        /ERR/LOKO/0x00000002
10:52:28.862  INFO     RX        /ERR/LOKO/0x00000002
10:52:28.862  INFO     RX        /ERR/LOKO/0x00000002
10:52:28.862  INFO     RX        /ERR/LOKO/0x00000002
10:52:28.892  INFO     RX        /ERR/LOKO/0x00000002
10:52:28.892  INFO     RX        /ERR/LOKO/0x00000002
10:52:29.282  INFO     RX        /ERR/LOKO/0x00000002
10:52:29.311  INFO     RX        /ERR/LOKO/0x00000002
10:52:29.311  INFO     RX        /ERR/LOKO/0x00000002
10:52:29.311  INFO     RX        /ERR/LOKO/0x00000002
10:52:29.346  INFO     RX        /ERR/LOKO/0x00000002
10:52:29.346  INFO     RX        /ERR/LOKO/0x00000002
10:52:30.433  DEBUG    TX /CONTROLL/0,0,0,-21,0,0,0,0,0
10:52:30.758  INFO     RX        /ERR/LOKO/0x00000002
10:52:30.758  INFO     RX        /ERR/LOKO/0x00000002
10:52:30.758  INFO     RX        /ERR/LOKO/0x00000002
10:52:30.793  INFO     RX        /ERR/LOKO/0x00000002
10:52:30.793  INFO     RX        /ERR/LOKO/0x00000002
10:52:30.793  INFO     RX        /ERR/LOKO/0x00000002
10:52:31.211  INFO     RX        /ERR/LOKO/0x00000002
10:52:31.240  INFO     RX        /ERR/LOKO/0x00000002
10:52:31.240  INFO     RX        /ERR/LOKO/0x00000002
10:52:31.275  INFO     RX        /ERR/LOKO/0x00000002
10:52:31.275  INFO     RX        /ERR/LOKO/0x00000002
10:52:31.275  INFO     RX        /ERR/LOKO/0x00000002
10:52:31.304  INFO     RX        /ERR/LOKO/0x00000002
10:52:32.040  DEBUG    TX /CONTROLL/0,0,0,0,0,0,0,0,0
10:52:33.493  INFO     RX        /ERR/LOKO/0x00000002
10:52:33.526  INFO     RX        /ERR/LOKO/0x00000002
10:52:33.526  INFO     RX        /ERR/LOKO/0x00000002
10:52:33.650  DEBUG    TX /CONTROLL/0,0,0,16,0,0,0,0,0
10:52:33.681  INFO     RX        /ERR/LOKO/0x00000002
10:52:33.681  INFO     RX        /ERR/LOKO/0x00000002
10:52:33.681  INFO     RX        /ERR/LOKO/0x00000002
10:52:33.681  INFO     RX        /ERR/LOKO/0x00000002
10:52:33.681  INFO     RX        /ERR/LOKO/0x00000002
10:52:34.136  INFO     RX        /ERR/LOKO/0x00000002
10:52:34.136  INFO     RX        /ERR/LOKO/0x00000002
10:52:34.168  INFO     RX        /ERR/LOKO/0x00000002
10:52:34.168  INFO     RX        /ERR/LOKO/0x00000002
10:52:34.168  INFO     RX        /ERR/LOKO/0x00000002
10:52:34.204  INFO     RX        /ERR/LOKO/0x00000002
10:52:34.205  INFO     RX        /ERR/LOKO/0x00000002
10:52:34.205  INFO     RX        /ERR/LOKO/0x00000002
10:52:34.234  INFO     RX        /ERR/LOKO/0x00000002
10:52:35.259  DEBUG    TX /CONTROLL/0,0,0,12,0,0,0,0,0
10:52:36.649  INFO     RX        /ERR/LOKO/0x00000002
10:52:36.649  INFO     RX        /ERR/LOKO/0x00000002
10:52:36.678  INFO     RX        /ERR/LOKO/0x00000002
10:52:36.678  INFO     RX        /ERR/LOKO/0x00000002
10:52:36.678  INFO     RX        /ERR/LOKO/0x00000002
10:52:36.713  INFO     RX        /ERR/LOKO/0x00000002
10:52:36.713  INFO     RX        /ERR/LOKO/0x00000002
10:52:36.713  INFO     RX        /ERR/LOKO/0x00000002
10:52:36.746  INFO     RX        /ERR/LOKO/0x00000002
10:52:36.746  INFO     RX        /ERR/LOKO/0x00000002
10:52:36.746  INFO     RX        /ERR/LOKO/0x00000002
10:52:36.868  DEBUG    TX /CONTROLL/0,0,0,12,0,0,0,0,0
10:52:37.937  INFO     RX        /ERR/LOKO/0x00000002
10:52:37.964  INFO     RX        /ERR/LOKO/0x00000002
10:52:37.964  INFO     RX        /ERR/LOKO/0x00000002
10:52:37.964  INFO     RX        /ERR/LOKO/0x00000002
10:52:37.999  INFO     RX        /ERR/LOKO/0x00000002
10:52:37.999  INFO     RX        /ERR/LOKO/0x00000002
10:52:38.029  INFO     RX        /ERR/LOKO/0x00000002
10:52:38.029  INFO     RX        /ERR/LOKO/0x00000002
10:52:38.475  DEBUG    TX /CONTROLL/0,0,0,16,0,0,0,0,0
10:52:39.840  INFO     RX        /ERR/LOKO/0x00000002
10:52:39.840  INFO     RX        /ERR/LOKO/0x00000002
10:52:39.870  INFO     RX        /ERR/LOKO/0x00000002
10:52:39.870  INFO     RX        /ERR/LOKO/0x00000002
10:52:39.905  INFO     RX        /ERR/LOKO/0x00000002
10:52:39.905  INFO     RX        /ERR/LOKO/0x00000002
10:52:39.905  INFO     RX        /ERR/LOKO/0x00000002
10:52:39.933  INFO     RX        /ERR/LOKO/0x00000002
10:52:39.933  INFO     RX        /ERR/LOKO/0x00000002
10:52:39.968  INFO     RX        /ERR/LOKO/0x00000002
10:52:39.968  INFO     RX        /ERR/LOKO/0x00000002
10:52:39.968  INFO     RX        /ERR/LOKO/0x00000002
10:52:39.998  INFO     RX        /ERR/LOKO/0x00000002
10:52:40.094  DEBUG    TX /CONTROLL/0,0,-23,0,0,0,0,0,0
10:52:41.486  INFO     RX        /ERR/LOKO/0x00000002
10:52:41.487  INFO     RX        /ERR/LOKO/0x00000002
10:52:41.487  INFO     RX        /ERR/LOKO/0x00000002
10:52:41.516  INFO     RX        /ERR/LOKO/0x00000002
10:52:41.516  INFO     RX        /ERR/LOKO/0x00000002
10:52:41.552  INFO     RX        /ERR/LOKO/0x00000002
10:52:41.552  INFO     RX        /ERR/LOKO/0x00000002
10:52:41.552  INFO     RX        /ERR/LOKO/0x00000002
10:52:41.580  INFO     RX        /ERR/LOKO/0x00000002
10:52:41.580  INFO     RX        /ERR/LOKO/0x00000002
10:52:41.615  INFO     RX        /ERR/LOKO/0x00000002
10:52:41.615  INFO     RX        /ERR/LOKO/0x00000002
10:52:41.616  INFO     RX        /ERR/LOKO/0x00000002
10:52:41.643  INFO     RX        /ERR/LOKO/0x00000002
10:52:41.643  INFO     RX        /ERR/LOKO/0x00000002
10:52:41.643  INFO     RX        /ERR/LOKO/0x00000002
10:52:41.678  INFO     RX        /ERR/LOKO/0x00000002
10:52:41.678  INFO     RX        /ERR/LOKO/0x00000002
10:52:41.678  INFO     RX        /ERR/LOKO/0x00000002
10:52:41.705  DEBUG    TX /CONTROLL/0,0,-23,0,0,0,0,0,0
10:52:41.710  INFO     RX        /ERR/LOKO/0x00000002
10:52:41.710  INFO     RX        /ERR/LOKO/0x00000002
10:52:41.710  INFO     RX        /ERR/LOKO/0x00000002
10:52:43.314  DEBUG    TX /CONTROLL/0,0,0,0,0,0,0,0,0
10:52:44.923  DEBUG    TX /CONTROLL/0,0,0,0,0,0,0,0,0
10:52:46.521  DEBUG    TX /CONTROLL/0,0,0,0,0,0,0,0,0
10:52:48.132  DEBUG    TX /CONTROLL/0,0,0,0,0,0,0,0,0
10:52:49.743  DEBUG    TX /CONTROLL/0,0,0,0,0,0,0,0,0
10:52:51.351  DEBUG    TX /CONTROLL/0,0,0,0,0,0,0,0,0
10:52:52.959  DEBUG    TX /CONTROLL/0,0,0,0,0,0,0,0,0
10:52:54.574  DEBUG    TX /CONTROLL/0,0,0,0,0,0,0,0,0
10:52:56.189  DEBUG    TX /CONTROLL/0,0,0,0,0,0,0,0,0
10:52:57.796  DEBUG    TX /CONTROLL/0,0,0,0,0,0,0,0,0
10:52:59.405  DEBUG    TX /CONTROLL/0,0,0,0,0,0,0,0,0
10:53:01.013  DEBUG    TX /CONTROLL/0,0,0,0,0,0,0,0,0
10:53:02.623  DEBUG    TX /CONTROLL/0,0,0,0,0,0,0,0,0
10:53:04.237  DEBUG    TX /CONTROLL/0,0,0,0,0,0,0,0,0
10:53:05.850  DEBUG    TX /CONTROLL/0,0,0,0,0,0,0,0,0
10:53:07.453  DEBUG    TX /CONTROLL/0,0,0,0,0,0,0,0,0
10:53:09.059  DEBUG    TX /CONTROLL/0,0,0,0,0,0,0,0,0
10:53:10.666  DEBUG    TX /CONTROLL/0,0,0,0,0,0,0,0,0
10:53:12.271  DEBUG    TX /CONTROLL/0,0,0,0,0,0,0,0,0
10:53:13.874  DEBUG    TX /CONTROLL/0,0,0,0,0,0,0,0,0
10:53:15.481  DEBUG    TX /CONTROLL/0,0,0,0,0,0,0,0,0
10:53:17.094  DEBUG    TX /CONTROLL/0,0,0,0,0,0,0,0,0
10:53:18.697  DEBUG    TX /CONTROLL/0,0,0,0,0,0,0,0,0
10:53:20.305  DEBUG    TX /CONTROLL/0,0,0,0,0,0,0,0,0
10:53:21.913  DEBUG    TX /CONTROLL/0,0,0,0,0,0,0,0,0
10:53:23.523  DEBUG    TX /CONTROLL/0,0,0,0,0,0,0,0,0
10:53:25.138  DEBUG    TX /CONTROLL/0,0,0,0,0,0,0,0,0
10:53:26.745  DEBUG    TX /CONTROLL/0,0,0,0,0,0,0,0,0
10:53:28.355  DEBUG    TX /CONTROLL/0,0,0,0,0,0,0,0,0
10:53:29.965  DEBUG    TX /CONTROLL/0,0,0,0,0,0,0,0,0
10:53:31.576  DEBUG    TX /CONTROLL/0,0,0,0,0,0,0,0,0
10:53:33.188  DEBUG    TX /CONTROLL/0,0,0,0,0,0,0,0,0
10:53:34.797  DEBUG    TX /CONTROLL/0,0,0,0,0,0,0,0,0
10:53:36.406  DEBUG    TX /CONTROLL/0,0,0,0,0,0,0,0,0
10:53:38.015  DEBUG    TX /CONTROLL/0,0,0,0,0,0,0,0,0
10:53:39.624  DEBUG    TX /CONTROLL/0,0,0,0,0,0,0,0,0
10:53:41.237  DEBUG    TX /CONTROLL/0,0,0,0,0,0,0,0,0
10:53:42.852  DEBUG    TX /CONTROLL/0,0,0,0,0,0,0,0,0
10:53:44.464  DEBUG    TX /CONTROLL/0,0,0,0,0,0,0,0,0
10:53:46.076  DEBUG    TX /CONTROLL/0,0,0,0,0,0,0,0,0
10:53:47.681  DEBUG    TX /CONTROLL/0,0,0,0,0,0,0,0,0
10:53:49.289  DEBUG    TX /CONTROLL/0,0,0,0,0,0,0,0,0
10:53:50.900  DEBUG    TX /CONTROLL/0,0,0,0,0,0,0,0,0
10:53:52.509  DEBUG    TX /CONTROLL/0,0,0,0,0,0,0,0,0
10:53:54.117  DEBUG    TX /CONTROLL/0,0,0,0,0,0,0,0,0
10:53:55.729  DEBUG    TX /CONTROLL/0,0,0,0,0,0,0,0,0
10:53:57.336  DEBUG    TX /CONTROLL/0,0,0,0,0,0,0,0,0
10:53:58.945  DEBUG    TX /CONTROLL/0,0,0,0,0,0,0,0,0
10:54:00.554  DEBUG    TX /CONTROLL/0,0,0,0,0,0,0,0,0
10:54:02.163  DEBUG    TX /CONTROLL/0,0,0,0,0,0,0,0,0
10:54:03.771  DEBUG    TX /CONTROLL/0,0,0,0,0,0,0,0,0
10:54:05.387  DEBUG    TX /CONTROLL/0,0,0,0,0,0,0,0,0
10:54:06.997  DEBUG    TX /CONTROLL/0,0,0,0,0,0,0,0,0
10:54:08.605  DEBUG    TX /CONTROLL/0,0,0,0,0,0,0,0,0
10:54:10.212  DEBUG    TX /CONTROLL/0,0,0,0,0,0,0,0,0
10:54:11.818  DEBUG    TX /CONTROLL/0,0,0,0,0,0,0,0,0
10:54:13.430  DEBUG    TX /CONTROLL/0,0,0,0,0,0,0,0,0
10:54:15.035  DEBUG    TX /CONTROLL/0,0,0,0,0,0,0,0,0
10:54:16.643  DEBUG    TX /CONTROLL/0,0,0,0,0,0,0,0,0
10:54:18.247  DEBUG    TX /CONTROLL/0,0,0,0,0,0,0,0,0
10:54:19.859  DEBUG    TX /CONTROLL/0,0,0,0,0,0,0,0,0
10:54:21.467  DEBUG    TX /CONTROLL/0,0,0,0,0,0,0,0,0
10:54:22.212  INFO     RX        /BATTERY/VDDA/12861 mV
10:54:22.212  INFO     RX        === Hexapod Mainboard ===
10:54:22.248  INFO     RX        PCA9685 Right: OK
10:54:22.276  INFO     RX        PCA9685 Left:  OK
10:54:22.276  INFO     RX        LSM6DSO IMU:   OK
10:54:22.439  INFO     RX        VL53L1X ToF:   OK
10:54:22.469  INFO     RX        Locomotion:    INIT (UN_ARMED, printf mode)
10:54:22.469  INFO     RX        Press L1 to arm, R1 to disarm at any time.
10:54:22.469  INFO     RX        Ready.
10:54:23.078  DEBUG    TX /CONTROLL/0,0,0,0,0,0,0,0,0
10:54:24.684  DEBUG    TX /CONTROLL/0,0,0,0,0,0,0,0,0
10:54:26.194  INFO     RX        /ERR/LOKO/0x00000002
10:54:26.226  INFO     RX        /ERR/LOKO/0x00000002
10:54:26.227  INFO     RX        /ERR/LOKO/0x00000002
10:54:26.227  INFO     RX        /ERR/LOKO/0x00000002
10:54:26.260  INFO     RX        /ERR/LOKO/0x00000002
10:54:26.288  DEBUG    TX /CONTROLL/0,0,0,-25,0,0,0,0,0
10:54:26.583  INFO     RX        /ERR/LOKO/0x00000002
10:54:26.583  INFO     RX        /ERR/LOKO/0x00000002
10:54:26.613  INFO     RX        /ERR/LOKO/0x00000002
10:54:26.613  INFO     RX        /ERR/LOKO/0x00000002
10:54:26.613  INFO     RX        /ERR/LOKO/0x00000002
10:54:26.646  INFO     RX        /ERR/LOKO/0x00000002
10:54:27.806  INFO     RX        /ERR/LOKO/0x00000002
10:54:27.806  INFO     RX        /ERR/LOKO/0x00000002
10:54:27.839  INFO     RX        /ERR/LOKO/0x00000002
10:54:27.839  INFO     RX        /ERR/LOKO/0x00000002
10:54:27.839  INFO     RX        /ERR/LOKO/0x00000002
10:54:27.898  DEBUG    TX /CONTROLL/0,0,0,-25,0,0,0,0,0
10:54:28.195  INFO     RX        /ERR/LOKO/0x00000002
10:54:28.195  INFO     RX        /ERR/LOKO/0x00000002
10:54:28.225  INFO     RX        /ERR/LOKO/0x00000002
10:54:28.225  INFO     RX        /ERR/LOKO/0x00000002
10:54:28.225  INFO     RX        /ERR/LOKO/0x00000002
10:54:29.390  INFO     RX        /ERR/LOKO/0x00000002
10:54:29.418  INFO     RX        /ERR/LOKO/0x00000002
10:54:29.418  INFO     RX        /ERR/LOKO/0x00000002
10:54:29.418  INFO     RX        /ERR/LOKO/0x00000002
10:54:29.450  INFO     RX        /ERR/LOKO/0x00000002
10:54:29.450  INFO     RX        /ERR/LOKO/0x00000002
10:54:29.511  DEBUG    TX /CONTROLL/0,0,0,-25,0,0,0,0,0
10:54:29.777  INFO     RX        /ERR/LOKO/0x00000002
10:54:29.806  INFO     RX        /ERR/LOKO/0x00000002
10:54:29.806  INFO     RX        /ERR/LOKO/0x00000002
10:54:29.840  INFO     RX        /ERR/LOKO/0x00000002
10:54:29.840  INFO     RX        /ERR/LOKO/0x00000002
10:54:30.933  INFO     RX        /ERR/LOKO/0x00000002
10:54:30.933  INFO     RX        /ERR/LOKO/0x00000002
10:54:30.966  INFO     RX        /ERR/LOKO/0x00000002
10:54:30.967  INFO     RX        /ERR/LOKO/0x00000002
10:54:30.967  INFO     RX        /ERR/LOKO/0x00000002
10:54:31.002  INFO     RX        /ERR/LOKO/0x00000002
10:54:31.002  INFO     RX        /ERR/LOKO/0x00000002
10:54:31.002  INFO     RX        /ERR/LOKO/0x00000002
10:54:31.030  INFO     RX        /ERR/LOKO/0x00000002
10:54:31.030  INFO     RX        /ERR/LOKO/0x00000002
10:54:31.063  INFO     RX        /ERR/LOKO/0x00000002
10:54:31.063  INFO     RX        /ERR/LOKO/0x00000002
10:54:31.063  INFO     RX        /ERR/LOKO/0x00000002
10:54:31.097  INFO     RX        /ERR/LOKO/0x00000002
10:54:31.098  INFO     RX        /ERR/LOKO/0x00000002
10:54:31.098  INFO     RX        /ERR/LOKO/0x00000002
10:54:31.123  DEBUG    TX /CONTROLL/0,0,-28,0,0,0,0,0,0
10:54:31.998  INFO     RX        /ERR/LOKO/0x00000002
10:54:32.029  INFO     RX        /ERR/LOKO/0x00000002
10:54:32.029  INFO     RX        /ERR/LOKO/0x00000002
10:54:32.029  INFO     RX        /ERR/LOKO/0x00000002
10:54:32.062  INFO     RX        /ERR/LOKO/0x00000002
10:54:32.062  INFO     RX        /ERR/LOKO/0x00000002
10:54:32.095  INFO     RX        /ERR/LOKO/0x00000002
10:54:32.095  INFO     RX        /ERR/LOKO/0x00000002
10:54:32.095  INFO     RX        /ERR/LOKO/0x00000002
10:54:32.127  INFO     RX        /ERR/LOKO/0x00000002
10:54:32.127  INFO     RX        /ERR/LOKO/0x00000002
10:54:32.127  INFO     RX        /ERR/LOKO/0x00000002
10:54:32.157  INFO     RX        /ERR/LOKO/0x00000002
10:54:32.157  INFO     RX        /ERR/LOKO/0x00000002
10:54:32.193  INFO     RX        /ERR/LOKO/0x00000002
10:54:32.193  INFO     RX        /ERR/LOKO/0x00000002
10:54:32.193  INFO     RX        /ERR/LOKO/0x00000002
10:54:32.193  INFO     RX        /ERR/LOKO/0x00000002
10:54:32.221  INFO     RX        /ERR/LOKO/0x00000002
10:54:32.221  INFO     RX        /ERR/LOKO/0x00000002
10:54:32.260  INFO     RX        /ERR/LOKO/0x00000002
10:54:32.446  INFO     RX        /ERR/LOKO/0x00000002
10:54:32.446  INFO     RX        /ERR/LOKO/0x00000002
10:54:32.482  INFO     RX        /ERR/LOKO/0x00000002
10:54:32.482  INFO     RX        /ERR/LOKO/0x00000002
10:54:32.482  INFO     RX        /ERR/LOKO/0x00000002
10:54:32.509  INFO     RX        /ERR/LOKO/0x00000002
10:54:32.509  INFO     RX        /ERR/LOKO/0x00000002
10:54:32.509  INFO     RX        /ERR/LOKO/0x00000002
10:54:32.546  INFO     RX        /ERR/LOKO/0x00000002
10:54:32.546  INFO     RX        /ERR/LOKO/0x00000002
10:54:32.546  INFO     RX        /ERR/LOKO/0x00000002
10:54:32.574  INFO     RX        /ERR/LOKO/0x00000002
10:54:32.574  INFO     RX        /ERR/LOKO/0x00000002
10:54:32.608  INFO     RX        /ERR/LOKO/0x00000002
10:54:32.609  INFO     RX        /ERR/LOKO/0x00000002
10:54:32.609  INFO     RX        /ERR/LOKO/0x00000002
10:54:32.637  INFO     RX        /ERR/LOKO/0x00000002
10:54:32.638  INFO     RX        /ERR/LOKO/0x00000002
10:54:32.638  INFO     RX        /ERR/LOKO/0x00000002
10:54:32.671  INFO     RX        /ERR/LOKO/0x00000002
10:54:32.671  INFO     RX        /ERR/LOKO/0x00000002
10:54:32.730  DEBUG    TX /CONTROLL/0,0,-24,0,0,0,0,0,0
10:54:33.668  INFO     RX        /ERR/LOKO/0x00000002
10:54:33.669  INFO     RX        /ERR/LOKO/0x00000002
10:54:33.703  INFO     RX        /ERR/LOKO/0x00000002
10:54:33.703  INFO     RX        /ERR/LOKO/0x00000002
10:54:33.703  INFO     RX        /ERR/LOKO/0x00000002
10:54:33.732  INFO     RX        /ERR/LOKO/0x00000002
10:54:33.732  INFO     RX        /ERR/LOKO/0x00000002
10:54:33.767  INFO     RX        /ERR/LOKO/0x00000002
10:54:33.767  INFO     RX        /ERR/LOKO/0x00000002
10:54:33.767  INFO     RX        /ERR/LOKO/0x00000002
10:54:33.797  INFO     RX        /ERR/LOKO/0x00000002
10:54:33.797  INFO     RX        /ERR/LOKO/0x00000002
10:54:33.797  INFO     RX        /ERR/LOKO/0x00000002
10:54:33.832  INFO     RX        /ERR/LOKO/0x00000002
10:54:33.833  INFO     RX        /ERR/LOKO/0x00000002
10:54:33.833  INFO     RX        /ERR/LOKO/0x00000002
10:54:33.862  INFO     RX        /ERR/LOKO/0x00000002
10:54:33.862  INFO     RX        /ERR/LOKO/0x00000002
10:54:33.897  INFO     RX        /ERR/LOKO/0x00000002
10:54:33.897  INFO     RX        /ERR/LOKO/0x00000002
10:54:33.897  INFO     RX        /ERR/LOKO/0x00000002
10:54:34.122  INFO     RX        /ERR/LOKO/0x00000002
10:54:34.122  INFO     RX        /ERR/LOKO/0x00000002
10:54:34.122  INFO     RX        /ERR/LOKO/0x00000002
10:54:34.155  INFO     RX        /ERR/LOKO/0x00000002
10:54:34.155  INFO     RX        /ERR/LOKO/0x00000002
10:54:34.184  INFO     RX        /ERR/LOKO/0x00000002
10:54:34.184  INFO     RX        /ERR/LOKO/0x00000002
10:54:34.184  INFO     RX        /ERR/LOKO/0x00000002
10:54:34.219  INFO     RX        /ERR/LOKO/0x00000002
10:54:34.219  INFO     RX        /ERR/LOKO/0x00000002
10:54:34.219  INFO     RX        /ERR/LOKO/0x00000002
10:54:34.251  INFO     RX        /ERR/LOKO/0x00000002
10:54:34.251  INFO     RX        /ERR/LOKO/0x00000002
10:54:34.280  INFO     RX        /ERR/LOKO/0x00000002
10:54:34.281  INFO     RX        /ERR/LOKO/0x00000002
10:54:34.281  INFO     RX        /ERR/LOKO/0x00000002
10:54:34.315  INFO     RX        /ERR/LOKO/0x00000002
10:54:34.315  INFO     RX        /ERR/LOKO/0x00000002
10:54:34.315  INFO     RX        /ERR/LOKO/0x00000002
10:54:34.341  DEBUG    TX /CONTROLL/0,0,-24,0,0,0,0,0,0
10:54:34.345  INFO     RX        /ERR/LOKO/0x00000002
10:54:34.345  INFO     RX        /ERR/LOKO/0x00000002
10:54:35.341  INFO     RX        /ERR/LOKO/0x00000002
10:54:35.341  INFO     RX        /ERR/LOKO/0x00000002
10:54:35.376  INFO     RX        /ERR/LOKO/0x00000002
10:54:35.376  INFO     RX        /ERR/LOKO/0x00000002
10:54:35.376  INFO     RX        /ERR/LOKO/0x00000002
10:54:35.405  INFO     RX        /ERR/LOKO/0x00000002
10:54:35.405  INFO     RX        /ERR/LOKO/0x00000002
10:54:35.443  INFO     RX        /ERR/LOKO/0x00000002
10:54:35.443  INFO     RX        /ERR/LOKO/0x00000002
10:54:35.443  INFO     RX        /ERR/LOKO/0x00000002
10:54:35.469  INFO     RX        /ERR/LOKO/0x00000002
10:54:35.470  INFO     RX        /ERR/LOKO/0x00000002
10:54:35.505  INFO     RX        /ERR/LOKO/0x00000002
10:54:35.505  INFO     RX        /ERR/LOKO/0x00000002
10:54:35.505  INFO     RX        /ERR/LOKO/0x00000002
10:54:35.505  INFO     RX        /ERR/LOKO/0x00000002
10:54:35.534  INFO     RX        /ERR/LOKO/0x00000002
10:54:35.535  INFO     RX        /ERR/LOKO/0x00000002
10:54:35.565  INFO     RX        /ERR/LOKO/0x00000002
10:54:35.565  INFO     RX        /ERR/LOKO/0x00000002
10:54:35.565  INFO     RX        /ERR/LOKO/0x00000002
10:54:35.762  INFO     RX        /ERR/LOKO/0x00000002
10:54:35.794  INFO     RX        /ERR/LOKO/0x00000002
10:54:35.794  INFO     RX        /ERR/LOKO/0x00000002
10:54:35.827  INFO     RX        /ERR/LOKO/0x00000002
10:54:35.827  INFO     RX        /ERR/LOKO/0x00000002
10:54:35.827  INFO     RX        /ERR/LOKO/0x00000002
10:54:35.855  INFO     RX        /ERR/LOKO/0x00000002
10:54:35.855  INFO     RX        /ERR/LOKO/0x00000002
10:54:35.855  INFO     RX        /ERR/LOKO/0x00000002
10:54:35.891  INFO     RX        /ERR/LOKO/0x00000002
10:54:35.891  INFO     RX        /ERR/LOKO/0x00000002
10:54:35.891  INFO     RX        /ERR/LOKO/0x00000002
10:54:35.922  INFO     RX        /ERR/LOKO/0x00000002
10:54:35.922  INFO     RX        /ERR/LOKO/0x00000002
10:54:35.949  DEBUG    TX /CONTROLL/0,0,-24,0,0,0,0,0,0
10:54:35.955  INFO     RX        /ERR/LOKO/0x00000002
10:54:35.955  INFO     RX        /ERR/LOKO/0x00000002
10:54:35.955  INFO     RX        /ERR/LOKO/0x00000002
10:54:35.987  INFO     RX        /ERR/LOKO/0x00000002
10:54:35.987  INFO     RX        /ERR/LOKO/0x00000002
10:54:35.987  INFO     RX        /ERR/LOKO/0x00000002
10:54:36.017  INFO     RX        /ERR/LOKO/0x00000002
10:54:37.016  INFO     RX        /ERR/LOKO/0x00000002
10:54:37.016  INFO     RX        /ERR/LOKO/0x00000002
10:54:37.016  INFO     RX        /ERR/LOKO/0x00000002
10:54:37.051  INFO     RX        /ERR/LOKO/0x00000002
10:54:37.051  INFO     RX        /ERR/LOKO/0x00000002
10:54:37.051  INFO     RX        /ERR/LOKO/0x00000002
10:54:37.081  INFO     RX        /ERR/LOKO/0x00000002
10:54:37.081  INFO     RX        /ERR/LOKO/0x00000002
10:54:37.115  INFO     RX        /ERR/LOKO/0x00000002
10:54:37.116  INFO     RX        /ERR/LOKO/0x00000002
10:54:37.116  INFO     RX        /ERR/LOKO/0x00000002
10:54:37.310  INFO     RX        /ERR/LOKO/0x00000002
10:54:37.310  INFO     RX        /ERR/LOKO/0x00000002
10:54:37.310  INFO     RX        /ERR/LOKO/0x00000002
10:54:37.310  INFO     RX        /ERR/LOKO/0x00000002
10:54:37.310  INFO     RX        /ERR/LOKO/0x00000002
10:54:37.310  INFO     RX        /ERR/LOKO/0x00000002
10:54:37.310  INFO     RX        /ERR/LOKO/0x00000002
10:54:37.310  INFO     RX        /ERR/LOKO/0x00000002
10:54:37.310  INFO     RX        /ERR/LOKO/0x00000002
10:54:37.311  INFO     RX        /ERR/LOKO/0x00000002
10:54:37.439  INFO     RX        /ERR/LOKO/0x00000002
10:54:37.439  INFO     RX        /ERR/LOKO/0x00000002
10:54:37.466  INFO     RX        /ERR/LOKO/0x00000002
10:54:37.466  INFO     RX        /ERR/LOKO/0x00000002
10:54:37.501  INFO     RX        /ERR/LOKO/0x00000002
10:54:37.501  INFO     RX        /ERR/LOKO/0x00000002
10:54:37.501  INFO     RX        /ERR/LOKO/0x00000002
10:54:37.530  INFO     RX        /ERR/LOKO/0x00000002
10:54:37.560  DEBUG    TX /CONTROLL/0,0,0,0,0,0,0,0,0
10:54:39.169  DEBUG    TX /CONTROLL/0,0,0,0,0,0,0,0,0
10:54:40.779  DEBUG    TX /CONTROLL/0,0,0,0,0,0,0,0,0
10:54:42.390  DEBUG    TX /CONTROLL/0,0,0,0,0,0,0,0,0
10:54:43.998  DEBUG    TX /CONTROLL/0,0,0,0,0,0,0,0,0
10:54:45.611  DEBUG    TX /CONTROLL/0,0,0,0,0,0,0,0,0
10:54:47.225  DEBUG    TX /CONTROLL/0,0,0,0,0,0,0,0,0
10:54:48.832  DEBUG    TX /CONTROLL/0,0,0,0,0,0,0,0,0
10:54:50.449  DEBUG    TX /CONTROLL/0,0,0,0,0,0,0,0,0
10:54:52.057  DEBUG    TX /CONTROLL/0,0,0,0,0,0,0,0,0
10:54:53.662  DEBUG    TX /CONTROLL/0,0,0,0,0,0,0,0,0
10:54:55.273  DEBUG    TX /CONTROLL/0,0,0,0,0,0,0,0,0
10:54:56.883  DEBUG    TX /CONTROLL/0,0,0,0,0,0,0,0,0
10:54:58.490  DEBUG    TX /CONTROLL/0,0,0,0,0,0,0,0,0
10:55:00.099  DEBUG    TX /CONTROLL/0,0,0,0,0,0,0,0,0
10:55:01.704  DEBUG    TX /CONTROLL/0,0,0,0,0,0,0,0,0
10:55:03.309  DEBUG    TX /CONTROLL/0,0,0,0,0,0,0,0,0
10:55:04.920  DEBUG    TX /CONTROLL/0,0,0,0,0,0,0,0,0
10:55:06.526  DEBUG    TX /CONTROLL/0,0,0,0,0,0,0,0,0
10:55:08.128  DEBUG    TX /CONTROLL/0,0,0,0,0,0,0,0,0
10:55:09.738  DEBUG    TX /CONTROLL/0,0,0,0,0,0,0,0,0
10:55:11.348  DEBUG    TX /CONTROLL/0,0,0,0,0,0,0,0,0
10:55:12.956  DEBUG    TX /CONTROLL/0,0,0,0,0,0,0,0,0
10:55:14.563  DEBUG    TX /CONTROLL/0,0,0,0,0,0,0,0,0
10:55:16.172  DEBUG    TX /CONTROLL/0,0,0,0,0,0,0,0,0
10:55:17.779  DEBUG    TX /CONTROLL/0,0,0,0,0,0,0,0,0
10:55:19.387  DEBUG    TX /CONTROLL/0,0,0,0,0,0,0,0,0
10:55:21.000  DEBUG    TX /CONTROLL/0,0,0,0,0,0,0,0,0
10:55:22.606  DEBUG    TX /CONTROLL/0,0,0,0,0,0,0,0,0
10:55:24.215  DEBUG    TX /CONTROLL/0,0,0,0,0,0,0,0,0
10:55:25.820  DEBUG    TX /CONTROLL/0,0,0,0,0,0,0,0,0
10:55:27.430  DEBUG    TX /CONTROLL/0,0,0,0,0,0,0,0,0
10:55:29.041  DEBUG    TX /CONTROLL/0,0,0,0,0,0,0,0,0
10:55:30.652  DEBUG    TX /CONTROLL/0,0,0,0,0,0,0,0,0
10:55:32.262  DEBUG    TX /CONTROLL/0,0,0,0,0,0,0,0,0
10:55:32.547  INFO     RX        /BATTERY/VDDA/12861 mV
10:55:32.547  INFO     RX        === Hexapod Mainboard ===
10:55:32.565  INFO     RX        PCA9685 Right: OK
10:55:32.586  INFO     RX        PCA9685 Left:  OK
10:55:32.621  INFO     RX        LSM6DSO IMU:   OK
10:55:32.775  INFO     RX        VL53L1X ToF:   OK
10:55:32.801  INFO     RX        Locomotion:    INIT (UN_ARMED, printf mode)
10:55:32.802  INFO     RX        Press L1 to arm, R1 to disarm at any time.
10:55:32.802  INFO     RX        Ready.
10:55:33.871  DEBUG    TX /CONTROLL/0,0,0,0,0,0,0,0,0
10:55:35.478  DEBUG    TX /CONTROLL/0,0,0,-27,0,0,0,0,0
10:55:35.616  INFO     RX        /ERR/LOKO/0x00000002
10:55:35.616  INFO     RX        /ERR/LOKO/0x00000002
10:55:35.616  INFO     RX        /ERR/LOKO/0x00000002
10:55:35.642  INFO     RX        /ERR/LOKO/0x00000002
10:55:35.643  INFO     RX        /ERR/LOKO/0x00000002
10:55:35.965  INFO     RX        /ERR/LOKO/0x00000002
10:55:35.965  INFO     RX        /ERR/LOKO/0x00000002
10:55:35.965  INFO     RX        /ERR/LOKO/0x00000002
10:55:35.999  INFO     RX        /ERR/LOKO/0x00000002
10:55:36.000  INFO     RX        /ERR/LOKO/0x00000002
10:55:37.090  DEBUG    TX /CONTROLL/0,0,0,0,0,0,0,0,0
10:55:37.901  INFO     RX        /ERR/LOKO/0x00000002
10:55:37.937  INFO     RX        /ERR/LOKO/0x00000002
10:55:38.130  INFO     RX        /ERR/LOKO/0x00000002
10:55:38.130  INFO     RX        /ERR/LOKO/0x00000002
10:55:38.159  INFO     RX        /ERR/LOKO/0x00000002
10:55:38.708  DEBUG    TX /CONTROLL/0,0,0,31,0,0,0,0,0
10:55:40.316  DEBUG    TX /CONTROLL/0,0,-21,0,0,0,0,0,0
10:55:40.641  INFO     RX        /ERR/LOKO/0x00000002
10:55:40.641  INFO     RX        /ERR/LOKO/0x00000002
10:55:40.677  INFO     RX        /ERR/LOKO/0x00000002
10:55:40.677  INFO     RX        /ERR/LOKO/0x00000002
10:55:40.677  INFO     RX        /ERR/LOKO/0x00000002
10:55:40.706  INFO     RX        /ERR/LOKO/0x00000002
10:55:40.706  INFO     RX        /ERR/LOKO/0x00000002
10:55:40.740  INFO     RX        /ERR/LOKO/0x00000002
10:55:40.740  INFO     RX        /ERR/LOKO/0x00000002
10:55:40.740  INFO     RX        /ERR/LOKO/0x00000002
10:55:40.769  INFO     RX        /ERR/LOKO/0x00000002
10:55:40.769  INFO     RX        /ERR/LOKO/0x00000002
10:55:40.804  INFO     RX        /ERR/LOKO/0x00000002
10:55:40.804  INFO     RX        /ERR/LOKO/0x00000002
10:55:40.804  INFO     RX        /ERR/LOKO/0x00000002
10:55:40.833  INFO     RX        /ERR/LOKO/0x00000002
10:55:40.834  INFO     RX        /ERR/LOKO/0x00000002
10:55:40.834  INFO     RX        /ERR/LOKO/0x00000002
10:55:40.869  INFO     RX        /ERR/LOKO/0x00000002
10:55:40.869  INFO     RX        /ERR/LOKO/0x00000002
10:55:40.869  INFO     RX        /ERR/LOKO/0x00000002
10:55:40.899  INFO     RX        /ERR/LOKO/0x00000002
10:55:40.899  INFO     RX        /ERR/LOKO/0x00000002
10:55:40.933  INFO     RX        /ERR/LOKO/0x00000002
10:55:41.124  INFO     RX        /ERR/LOKO/0x00000002
10:55:41.160  INFO     RX        /ERR/LOKO/0x00000002
10:55:41.160  INFO     RX        /ERR/LOKO/0x00000002
10:55:41.160  INFO     RX        /ERR/LOKO/0x00000002
10:55:41.189  INFO     RX        /ERR/LOKO/0x00000002
10:55:41.189  INFO     RX        /ERR/LOKO/0x00000002
10:55:41.226  INFO     RX        /ERR/LOKO/0x00000002
10:55:41.226  INFO     RX        /ERR/LOKO/0x00000002
10:55:41.226  INFO     RX        /ERR/LOKO/0x00000002
10:55:41.252  INFO     RX        /ERR/LOKO/0x00000002
10:55:41.252  INFO     RX        /ERR/LOKO/0x00000002
10:55:41.252  INFO     RX        /ERR/LOKO/0x00000002
10:55:41.288  INFO     RX        /ERR/LOKO/0x00000002
10:55:41.288  INFO     RX        /ERR/LOKO/0x00000002
10:55:41.317  INFO     RX        /ERR/LOKO/0x00000002
10:55:41.317  INFO     RX        /ERR/LOKO/0x00000002
10:55:41.317  INFO     RX        /ERR/LOKO/0x00000002
10:55:41.348  INFO     RX        /ERR/LOKO/0x00000002
10:55:41.348  INFO     RX        /ERR/LOKO/0x00000002
10:55:41.349  INFO     RX        /ERR/LOKO/0x00000002
10:55:41.384  INFO     RX        /ERR/LOKO/0x00000002
10:55:41.384  INFO     RX        /ERR/LOKO/0x00000002
10:55:41.384  INFO     RX        /ERR/LOKO/0x00000002
10:55:41.412  INFO     RX        /ERR/LOKO/0x00000002
10:55:41.923  DEBUG    TX /CONTROLL/0,0,-21,0,0,0,0,0,0
10:55:43.184  INFO     RX        /ERR/LOKO/0x00000002
10:55:43.184  INFO     RX        /ERR/LOKO/0x00000002
10:55:43.220  INFO     RX        /ERR/LOKO/0x00000002
10:55:43.220  INFO     RX        /ERR/LOKO/0x00000002
10:55:43.220  INFO     RX        /ERR/LOKO/0x00000002
10:55:43.250  INFO     RX        /ERR/LOKO/0x00000002
10:55:43.250  INFO     RX        /ERR/LOKO/0x00000002
10:55:43.250  INFO     RX        /ERR/LOKO/0x00000002
10:55:43.284  INFO     RX        /ERR/LOKO/0x00000002
10:55:43.284  INFO     RX        /ERR/LOKO/0x00000002
10:55:43.284  INFO     RX        /ERR/LOKO/0x00000002
10:55:43.313  INFO     RX        /ERR/LOKO/0x00000002
10:55:43.313  INFO     RX        /ERR/LOKO/0x00000002
10:55:43.350  INFO     RX        /ERR/LOKO/0x00000002
10:55:43.350  INFO     RX        /ERR/LOKO/0x00000002
10:55:43.350  INFO     RX        /ERR/LOKO/0x00000002
10:55:43.378  INFO     RX        /ERR/LOKO/0x00000002
10:55:43.378  INFO     RX        /ERR/LOKO/0x00000002
10:55:43.378  INFO     RX        /ERR/LOKO/0x00000002
10:55:43.536  DEBUG    TX /CONTROLL/0,0,25,0,0,0,0,0,0
10:55:43.574  INFO     RX        /ERR/LOKO/0x00000002
10:55:43.574  INFO     RX        /ERR/LOKO/0x00000002
10:55:43.604  INFO     RX        /ERR/LOKO/0x00000002
10:55:43.604  INFO     RX        /ERR/LOKO/0x00000002
10:55:43.639  INFO     RX        /ERR/LOKO/0x00000002
10:55:43.639  INFO     RX        /ERR/LOKO/0x00000002
10:55:43.639  INFO     RX        /ERR/LOKO/0x00000002
10:55:43.668  INFO     RX        /ERR/LOKO/0x00000002
10:55:43.668  INFO     RX        /ERR/LOKO/0x00000002
10:55:43.704  INFO     RX        /ERR/LOKO/0x00000002
10:55:43.704  INFO     RX        /ERR/LOKO/0x00000002
10:55:43.704  INFO     RX        /ERR/LOKO/0x00000002
10:55:43.734  INFO     RX        /ERR/LOKO/0x00000002
10:55:43.734  INFO     RX        /ERR/LOKO/0x00000002
10:55:43.734  INFO     RX        /ERR/LOKO/0x00000002
10:55:43.769  INFO     RX        /ERR/LOKO/0x00000002
10:55:43.769  INFO     RX        /ERR/LOKO/0x00000002
10:55:43.769  INFO     RX        /ERR/LOKO/0x00000002
10:55:43.799  INFO     RX        /ERR/LOKO/0x00000002
10:55:43.799  INFO     RX        /ERR/LOKO/0x00000002
10:55:43.834  INFO     RX        /ERR/LOKO/0x00000002
10:55:43.835  INFO     RX        /ERR/LOKO/0x00000002
10:55:45.148  DEBUG    TX /CONTROLL/0,0,0,0,0,0,0,0,0
10:55:46.756  DEBUG    TX /CONTROLL/0,0,0,0,0,0,0,0,0
10:55:48.350  DEBUG    TX /CONTROLL/0,0,0,0,0,0,0,0,0
10:55:49.957  DEBUG    TX /CONTROLL/0,0,0,0,0,0,0,0,0
10:55:51.564  DEBUG    TX /CONTROLL/0,0,0,0,0,0,0,0,0
10:55:53.172  DEBUG    TX /CONTROLL/0,0,0,0,0,0,0,0,0
10:55:54.781  DEBUG    TX /CONTROLL/0,0,0,0,0,0,0,0,0
10:55:56.391  DEBUG    TX /CONTROLL/0,0,0,0,0,0,0,0,0
10:55:58.001  DEBUG    TX /CONTROLL/0,0,0,0,0,0,0,0,0
10:55:59.610  DEBUG    TX /CONTROLL/0,0,0,0,0,0,0,0,0
10:56:01.220  DEBUG    TX /CONTROLL/0,0,0,0,0,0,0,0,0
10:56:02.833  DEBUG    TX /CONTROLL/0,0,0,0,0,0,0,0,0
10:56:04.447  DEBUG    TX /CONTROLL/0,0,0,0,0,0,0,0,0
10:56:06.053  DEBUG    TX /CONTROLL/0,0,0,0,0,0,0,0,0
10:56:07.663  DEBUG    TX /CONTROLL/0,0,0,0,0,0,0,0,0
10:56:09.270  DEBUG    TX /CONTROLL/0,0,0,0,0,0,0,0,0
10:56:10.874  DEBUG    TX /CONTROLL/0,0,0,0,0,0,0,0,0
10:56:12.480  DEBUG    TX /CONTROLL/0,0,0,0,0,0,0,0,0
10:56:14.090  DEBUG    TX /CONTROLL/0,0,0,0,0,0,0,0,0
10:56:15.698  DEBUG    TX /CONTROLL/0,0,0,0,0,0,0,0,0
10:56:17.309  DEBUG    TX /CONTROLL/0,0,0,0,0,0,0,0,0
10:56:18.921  DEBUG    TX /CONTROLL/0,0,0,0,0,0,0,0,0
10:56:20.529  DEBUG    TX /CONTROLL/0,0,0,0,0,0,0,0,0
10:56:22.134  DEBUG    TX /CONTROLL/0,0,0,0,0,0,0,0,0
10:56:23.747  DEBUG    TX /CONTROLL/0,0,0,0,0,0,0,0,0
10:56:25.357  DEBUG    TX /CONTROLL/0,0,0,0,0,0,0,0,0
10:56:26.962  DEBUG    TX /CONTROLL/0,0,0,0,0,0,0,0,0
10:56:28.577  DEBUG    TX /CONTROLL/0,0,0,0,0,0,0,0,0
10:56:30.184  DEBUG    TX /CONTROLL/0,0,0,0,0,0,0,0,0
10:56:31.795  DEBUG    TX /CONTROLL/0,0,0,0,0,0,0,0,0
10:56:33.404  DEBUG    TX /CONTROLL/0,0,0,0,0,0,0,0,0
10:56:35.017  DEBUG    TX /CONTROLL/0,0,0,0,0,0,0,0,0
10:56:36.626  DEBUG    TX /CONTROLL/0,0,0,0,0,0,0,0,0
10:56:38.233  DEBUG    TX /CONTROLL/0,0,0,0,0,0,0,0,0
10:56:39.844  DEBUG    TX /CONTROLL/0,0,0,0,0,0,0,0,0
10:56:41.451  DEBUG    TX /CONTROLL/0,0,0,0,0,0,0,0,0
10:56:43.058  DEBUG    TX /CONTROLL/0,0,0,0,0,0,0,0,0
10:56:44.668  DEBUG    TX /CONTROLL/0,0,0,0,0,0,0,0,0
10:56:46.280  DEBUG    TX /CONTROLL/0,0,0,0,0,0,0,0,0
10:56:47.888  DEBUG    TX /CONTROLL/0,0,0,0,0,0,0,0,0
10:56:49.509  DEBUG    TX /CONTROLL/0,0,0,0,0,0,0,0,0
10:56:51.121  DEBUG    TX /CONTROLL/0,0,0,0,0,0,0,0,0
10:56:52.727  DEBUG    TX /CONTROLL/0,0,0,0,0,0,0,0,0
10:56:54.337  DEBUG    TX /CONTROLL/0,0,0,0,0,0,0,0,0
10:56:55.942  DEBUG    TX /CONTROLL/0,0,0,0,0,0,0,0,0
10:56:57.551  DEBUG    TX /CONTROLL/0,0,0,0,0,0,0,0,0
10:56:59.161  DEBUG    TX /CONTROLL/0,0,0,0,0,0,0,0,0
10:57:00.765  DEBUG    TX /CONTROLL/0,0,0,0,0,0,0,0,0
10:57:02.371  DEBUG    TX /CONTROLL/0,0,0,0,0,0,0,0,0
10:57:03.977  DEBUG    TX /CONTROLL/0,0,0,0,0,0,0,0,0
10:57:05.590  DEBUG    TX /CONTROLL/0,0,0,0,0,0,0,0,0
10:57:07.202  DEBUG    TX /CONTROLL/0,0,0,0,0,0,0,0,0
10:57:08.810  DEBUG    TX /CONTROLL/0,0,0,0,0,0,0,0,0
10:57:10.412  DEBUG    TX /CONTROLL/0,0,0,0,0,0,0,0,0
10:57:12.021  DEBUG    TX /CONTROLL/0,0,0,0,0,0,0,0,0
10:57:13.628  DEBUG    TX /CONTROLL/0,0,0,0,0,0,0,0,0
10:57:15.239  DEBUG    TX /CONTROLL/0,0,0,0,0,0,0,0,0
10:57:16.847  DEBUG    TX /CONTROLL/0,0,0,0,0,0,0,0,0
10:57:18.455  DEBUG    TX /CONTROLL/0,0,0,0,0,0,0,0,0
10:57:20.067  DEBUG    TX /CONTROLL/0,0,0,0,0,0,0,0,0
10:57:21.677  DEBUG    TX /CONTROLL/0,0,0,0,0,0,0,0,0
10:57:23.282  DEBUG    TX /CONTROLL/0,0,0,0,0,0,0,0,0
10:57:24.893  DEBUG    TX /CONTROLL/0,0,0,0,0,0,0,0,0
10:57:26.508  DEBUG    TX /CONTROLL/0,0,0,0,0,0,0,0,0
10:57:28.113  DEBUG    TX /CONTROLL/0,0,0,0,0,0,0,0,0
10:57:29.721  DEBUG    TX /CONTROLL/0,0,0,0,0,0,0,0,0
10:57:31.335  DEBUG    TX /CONTROLL/0,0,0,0,0,0,0,0,0
10:57:32.942  DEBUG    TX /CONTROLL/0,0,0,0,0,0,0,0,0
10:57:34.547  DEBUG    TX /CONTROLL/0,0,0,0,0,0,0,0,0
10:57:36.158  DEBUG    TX /CONTROLL/0,0,0,0,0,0,0,0,0
10:57:37.767  DEBUG    TX /CONTROLL/0,0,0,0,0,0,0,0,0
10:57:39.375  DEBUG    TX /CONTROLL/0,0,0,0,0,0,0,0,0
10:57:40.981  DEBUG    TX /CONTROLL/0,0,0,0,0,0,0,0,0
10:57:42.592  DEBUG    TX /CONTROLL/0,0,0,0,0,0,0,0,0
10:57:44.202  DEBUG    TX /CONTROLL/0,0,0,0,0,0,0,0,0
10:57:45.808  DEBUG    TX /CONTROLL/0,0,0,0,0,0,0,0,0
10:57:47.413  DEBUG    TX /CONTROLL/0,0,0,0,0,0,0,0,0
10:57:49.024  DEBUG    TX /CONTROLL/0,0,0,0,0,0,0,0,0
10:57:50.637  DEBUG    TX /CONTROLL/0,0,0,0,0,0,0,0,0
10:57:52.243  DEBUG    TX /CONTROLL/0,0,0,0,0,0,0,0,0
10:57:53.848  DEBUG    TX /CONTROLL/0,0,0,0,0,0,0,0,0
10:57:55.452  DEBUG    TX /CONTROLL/0,0,0,0,0,0,0,0,0
10:57:57.059  DEBUG    TX /CONTROLL/0,0,0,0,0,0,0,0,0
10:57:58.666  DEBUG    TX /CONTROLL/0,0,0,0,0,0,0,0,0
10:58:00.272  DEBUG    TX /CONTROLL/0,0,0,0,0,0,0,0,0
10:58:01.882  DEBUG    TX /CONTROLL/0,0,0,0,0,0,0,0,0
10:58:03.493  DEBUG    TX /CONTROLL/0,0,0,0,0,0,0,0,0
10:58:05.105  DEBUG    TX /CONTROLL/0,0,0,0,0,0,0,0,0
10:58:06.710  DEBUG    TX /CONTROLL/0,0,0,0,0,0,0,0,0
10:58:08.316  DEBUG    TX /CONTROLL/0,0,0,0,0,0,0,0,0
10:58:09.923  DEBUG    TX /CONTROLL/0,0,0,0,0,0,0,0,0
10:58:11.532  DEBUG    TX /CONTROLL/0,0,0,0,0,0,0,0,0
10:58:13.141  DEBUG    TX /CONTROLL/0,0,0,0,0,0,0,0,0
10:58:14.756  DEBUG    TX /CONTROLL/0,0,0,0,0,0,0,0,0
10:58:16.365  DEBUG    TX /CONTROLL/0,0,0,0,0,0,0,0,0
10:58:17.981  DEBUG    TX /CONTROLL/0,0,0,0,0,0,0,0,0
10:58:19.593  DEBUG    TX /CONTROLL/0,0,0,0,0,0,0,0,0
10:58:21.202  DEBUG    TX /CONTROLL/0,0,0,0,0,0,0,0,0
10:58:22.818  DEBUG    TX /CONTROLL/0,0,0,0,0,0,0,0,0
10:58:24.427  DEBUG    TX /CONTROLL/0,0,0,0,0,0,0,0,0
10:58:26.036  DEBUG    TX /CONTROLL/0,0,0,0,0,0,0,0,0
10:58:27.648  DEBUG    TX /CONTROLL/0,0,0,0,0,0,0,0,0
10:58:29.259  DEBUG    TX /CONTROLL/0,0,0,0,0,0,0,0,0
10:58:30.861  DEBUG    TX /CONTROLL/0,0,0,0,0,0,0,0,0
10:58:32.471  DEBUG    TX /CONTROLL/0,0,0,0,0,0,0,0,0
10:58:34.078  DEBUG    TX /CONTROLL/0,0,0,0,0,0,0,0,0
10:58:35.683  DEBUG    TX /CONTROLL/0,0,0,0,0,0,0,0,0
10:58:37.291  DEBUG    TX /CONTROLL/0,0,0,0,0,0,0,0,0
10:58:38.903  DEBUG    TX /CONTROLL/0,0,0,0,0,0,0,0,0
10:58:40.513  DEBUG    TX /CONTROLL/0,0,0,0,0,0,0,0,0
10:58:42.124  DEBUG    TX /CONTROLL/0,0,0,0,0,0,0,0,0
10:58:43.735  DEBUG    TX /CONTROLL/0,0,0,0,0,0,0,0,0
10:58:45.345  DEBUG    TX /CONTROLL/0,0,0,0,0,0,0,0,0
10:58:46.955  DEBUG    TX /CONTROLL/0,0,0,0,0,0,0,0,0
10:58:48.564  DEBUG    TX /CONTROLL/0,0,0,0,0,0,0,0,0
10:58:50.172  DEBUG    TX /CONTROLL/0,0,0,0,0,0,0,0,0
10:58:51.784  DEBUG    TX /CONTROLL/0,0,0,0,0,0,0,0,0
10:58:53.401  DEBUG    TX /CONTROLL/0,0,0,0,0,0,0,0,0
10:58:55.008  DEBUG    TX /CONTROLL/0,0,0,0,0,0,0,0,0
10:58:56.616  DEBUG    TX /CONTROLL/0,0,0,0,0,0,0,0,0
10:58:58.225  DEBUG    TX /CONTROLL/0,0,0,0,0,0,0,0,0
10:58:59.835  DEBUG    TX /CONTROLL/0,0,0,0,0,0,0,0,0
10:59:01.446  DEBUG    TX /CONTROLL/0,0,0,0,0,0,0,0,0
10:59:03.058  DEBUG    TX /CONTROLL/0,0,0,0,0,0,0,0,0
10:59:04.661  DEBUG    TX /CONTROLL/0,0,0,0,0,0,0,0,0
10:59:06.273  DEBUG    TX /CONTROLL/0,0,0,0,0,0,0,0,0
10:59:07.885  DEBUG    TX /CONTROLL/0,0,0,0,0,0,0,0,0
10:59:09.494  DEBUG    TX /CONTROLL/0,0,0,0,0,0,0,0,0
10:59:11.109  DEBUG    TX /CONTROLL/0,0,0,0,0,0,0,0,0
10:59:12.716  DEBUG    TX /CONTROLL/0,0,0,0,0,0,0,0,0
10:59:14.322  DEBUG    TX /CONTROLL/0,0,0,0,0,0,0,0,0
10:59:15.935  DEBUG    TX /CONTROLL/0,0,0,0,0,0,0,0,0
10:59:17.546  DEBUG    TX /CONTROLL/0,0,0,0,0,0,0,0,0
10:59:19.156  DEBUG    TX /CONTROLL/0,0,0,0,0,0,0,0,0
10:59:20.773  DEBUG    TX /CONTROLL/0,0,0,0,0,0,0,0,0
10:59:22.381  DEBUG    TX /CONTROLL/0,0,0,0,0,0,0,0,0
10:59:23.995  DEBUG    TX /CONTROLL/0,0,0,0,0,0,0,0,0
10:59:25.603  DEBUG    TX /CONTROLL/0,0,0,0,0,0,0,0,0
10:59:27.209  DEBUG    TX /CONTROLL/0,0,0,0,0,0,0,0,0
10:59:28.813  DEBUG    TX /CONTROLL/0,0,0,0,0,0,0,0,0
10:59:30.425  DEBUG    TX /CONTROLL/0,0,0,0,0,0,0,0,0
10:59:32.033  DEBUG    TX /CONTROLL/0,0,0,0,0,0,0,0,0
10:59:33.643  DEBUG    TX /CONTROLL/0,0,0,0,0,0,0,0,0
10:59:35.251  DEBUG    TX /CONTROLL/0,0,0,0,0,0,0,0,0
10:59:36.859  DEBUG    TX /CONTROLL/0,0,0,0,0,0,0,0,0
10:59:38.468  DEBUG    TX /CONTROLL/0,0,0,0,0,0,0,0,0
10:59:40.082  DEBUG    TX /CONTROLL/0,0,0,0,0,0,0,0,0
10:59:41.693  DEBUG    TX /CONTROLL/0,0,0,0,0,0,0,0,0
10:59:43.304  DEBUG    TX /CONTROLL/0,0,0,0,0,0,0,0,0
10:59:44.913  DEBUG    TX /CONTROLL/0,0,0,0,0,0,0,0,0
10:59:46.522  DEBUG    TX /CONTROLL/0,0,0,0,0,0,0,0,0
10:59:48.135  DEBUG    TX /CONTROLL/0,0,0,0,0,0,0,0,0
10:59:49.743  DEBUG    TX /CONTROLL/0,0,0,0,0,0,0,0,0
10:59:51.349  DEBUG    TX /CONTROLL/0,0,0,0,0,0,0,0,0
10:59:52.956  DEBUG    TX /CONTROLL/0,0,0,0,0,0,0,0,0
10:59:54.563  DEBUG    TX /CONTROLL/0,0,0,0,0,0,0,0,0
10:59:55.435  INFO     RX        /BATTERY/VDDA/12859 mV
10:59:55.435  INFO     RX        === Hexapod Mainboard ===
10:59:55.456  INFO     RX        PCA9685 Right: OK
10:59:55.483  INFO     RX        PCA9685 Left:  OK
10:59:55.517  INFO     RX        LSM6DSO IMU:   OK
10:59:55.664  INFO     RX        VL53L1X ToF:   OK
10:59:55.707  INFO     RX        Locomotion:    INIT (UN_ARMED, printf mode)
10:59:55.707  INFO     RX        Press L1 to arm, R1 to disarm at any time.
10:59:55.707  INFO     RX        Ready.
10:59:56.154  DEBUG    TX /CONTROLL/0,0,0,0,0,0,0,0,0
10:59:57.765  DEBUG    TX /CONTROLL/0,0,0,0,0,0,0,0,0
10:59:59.377  DEBUG    TX /CONTROLL/0,0,0,0,0,0,0,0,0
11:00:00.926  INFO     RX        /ERR/LOKO/0x00000002
11:00:00.926  INFO     RX        /ERR/LOKO/0x00000002
11:00:00.962  INFO     RX        /ERR/LOKO/0x00000002
11:00:00.962  INFO     RX        /ERR/LOKO/0x00000002
11:00:00.962  INFO     RX        /ERR/LOKO/0x00000002
11:00:00.989  DEBUG    TX /CONTROLL/0,0,0,-18,0,0,0,0,0
11:00:00.991  INFO     RX        /ERR/LOKO/0x00000002
11:00:01.475  INFO     RX        /ERR/LOKO/0x00000002
11:00:01.511  INFO     RX        /ERR/LOKO/0x00000002
11:00:01.511  INFO     RX        /ERR/LOKO/0x00000002
11:00:01.511  INFO     RX        /ERR/LOKO/0x00000002
11:00:01.540  INFO     RX        /ERR/LOKO/0x00000002
11:00:01.540  INFO     RX        /ERR/LOKO/0x00000002
11:00:01.574  INFO     RX        /ERR/LOKO/0x00000002
11:00:01.574  INFO     RX        /ERR/LOKO/0x00000002
11:00:02.598  DEBUG    TX /CONTROLL/0,0,0,-16,0,0,0,0,0
11:00:03.376  INFO     RX        /ERR/LOKO/0x00000002
11:00:03.405  INFO     RX        /ERR/LOKO/0x00000002
11:00:03.406  INFO     RX        /ERR/LOKO/0x00000002
11:00:03.406  INFO     RX        /ERR/LOKO/0x00000002
11:00:03.441  INFO     RX        /ERR/LOKO/0x00000002
11:00:03.441  INFO     RX        /ERR/LOKO/0x00000002
11:00:03.441  INFO     RX        /ERR/LOKO/0x00000002
11:00:03.470  INFO     RX        /ERR/LOKO/0x00000002
11:00:04.209  DEBUG    TX /CONTROLL/0,0,0,0,0,0,0,0,0
11:00:04.693  INFO     RX        /ERR/LOKO/0x00000002
11:00:04.693  INFO     RX        /ERR/LOKO/0x00000002
11:00:04.729  INFO     RX        /ERR/LOKO/0x00000002
11:00:04.730  INFO     RX        /ERR/LOKO/0x00000002
11:00:04.730  INFO     RX        /ERR/LOKO/0x00000002
11:00:04.758  INFO     RX        /ERR/LOKO/0x00000002
11:00:04.758  INFO     RX        /ERR/LOKO/0x00000002
11:00:04.794  INFO     RX        /ERR/LOKO/0x00000002
11:00:04.794  INFO     RX        /ERR/LOKO/0x00000002
11:00:04.794  INFO     RX        /ERR/LOKO/0x00000002
11:00:04.822  INFO     RX        /ERR/LOKO/0x00000002
11:00:04.822  INFO     RX        /ERR/LOKO/0x00000002
11:00:04.859  INFO     RX        /ERR/LOKO/0x00000002
11:00:04.860  INFO     RX        /ERR/LOKO/0x00000002
11:00:04.860  INFO     RX        /ERR/LOKO/0x00000002
11:00:04.886  INFO     RX        /ERR/LOKO/0x00000002
11:00:04.886  INFO     RX        /ERR/LOKO/0x00000002
11:00:04.886  INFO     RX        /ERR/LOKO/0x00000002
11:00:04.920  INFO     RX        /ERR/LOKO/0x00000002
11:00:04.920  INFO     RX        /ERR/LOKO/0x00000002
11:00:04.920  INFO     RX        /ERR/LOKO/0x00000002
11:00:04.953  INFO     RX        /ERR/LOKO/0x00000002
11:00:04.953  INFO     RX        /ERR/LOKO/0x00000002
11:00:04.953  INFO     RX        /ERR/LOKO/0x00000002
11:00:05.210  INFO     RX        /ERR/LOKO/0x00000002
11:00:05.210  INFO     RX        /ERR/LOKO/0x00000002
11:00:05.239  INFO     RX        /ERR/LOKO/0x00000002
11:00:05.239  INFO     RX        /ERR/LOKO/0x00000002
11:00:05.239  INFO     RX        /ERR/LOKO/0x00000002
11:00:05.275  INFO     RX        /ERR/LOKO/0x00000002
11:00:05.275  INFO     RX        /ERR/LOKO/0x00000002
11:00:05.275  INFO     RX        /ERR/LOKO/0x00000002
11:00:05.302  INFO     RX        /ERR/LOKO/0x00000002
11:00:05.302  INFO     RX        /ERR/LOKO/0x00000002
11:00:05.338  INFO     RX        /ERR/LOKO/0x00000002
11:00:05.338  INFO     RX        /ERR/LOKO/0x00000002
11:00:05.338  INFO     RX        /ERR/LOKO/0x00000002
11:00:05.367  INFO     RX        /ERR/LOKO/0x00000002
11:00:05.367  INFO     RX        /ERR/LOKO/0x00000002
11:00:05.367  INFO     RX        /ERR/LOKO/0x00000002
11:00:05.402  INFO     RX        /ERR/LOKO/0x00000002
11:00:05.402  INFO     RX        /ERR/LOKO/0x00000002
11:00:05.402  INFO     RX        /ERR/LOKO/0x00000002
11:00:05.431  INFO     RX        /ERR/LOKO/0x00000002
11:00:05.431  INFO     RX        /ERR/LOKO/0x00000002
11:00:05.465  INFO     RX        /ERR/LOKO/0x00000002
11:00:05.466  INFO     RX        /ERR/LOKO/0x00000002
11:00:05.466  INFO     RX        /ERR/LOKO/0x00000002
11:00:05.814  DEBUG    TX /CONTROLL/0,0,-21,0,0,0,0,0,0
11:00:06.590  INFO     RX        /ERR/LOKO/0x00000002
11:00:06.624  INFO     RX        /ERR/LOKO/0x00000002
11:00:06.625  INFO     RX        /ERR/LOKO/0x00000002
11:00:06.654  INFO     RX        /ERR/LOKO/0x00000002
11:00:06.654  INFO     RX        /ERR/LOKO/0x00000002
11:00:06.654  INFO     RX        /ERR/LOKO/0x00000002
11:00:06.688  INFO     RX        /ERR/LOKO/0x00000002
11:00:06.688  INFO     RX        /ERR/LOKO/0x00000002
11:00:06.688  INFO     RX        /ERR/LOKO/0x00000002
11:00:06.717  INFO     RX        /ERR/LOKO/0x00000002
11:00:06.717  INFO     RX        /ERR/LOKO/0x00000002
11:00:06.753  INFO     RX        /ERR/LOKO/0x00000002
11:00:06.753  INFO     RX        /ERR/LOKO/0x00000002
11:00:06.753  INFO     RX        /ERR/LOKO/0x00000002
11:00:06.781  INFO     RX        /ERR/LOKO/0x00000002
11:00:06.781  INFO     RX        /ERR/LOKO/0x00000002
11:00:06.781  INFO     RX        /ERR/LOKO/0x00000002
11:00:06.817  INFO     RX        /ERR/LOKO/0x00000002
11:00:06.817  INFO     RX        /ERR/LOKO/0x00000002
11:00:06.817  INFO     RX        /ERR/LOKO/0x00000002
11:00:06.846  INFO     RX        /ERR/LOKO/0x00000002
11:00:06.847  INFO     RX        /ERR/LOKO/0x00000002
11:00:06.882  INFO     RX        /ERR/LOKO/0x00000002
11:00:06.882  INFO     RX        /ERR/LOKO/0x00000002
11:00:07.107  INFO     RX        /ERR/LOKO/0x00000002
11:00:07.107  INFO     RX        /ERR/LOKO/0x00000002
11:00:07.136  INFO     RX        /ERR/LOKO/0x00000002
11:00:07.136  INFO     RX        /ERR/LOKO/0x00000002
11:00:07.173  INFO     RX        /ERR/LOKO/0x00000002
11:00:07.173  INFO     RX        /ERR/LOKO/0x00000002
11:00:07.173  INFO     RX        /ERR/LOKO/0x00000002
11:00:07.201  INFO     RX        /ERR/LOKO/0x00000002
11:00:07.201  INFO     RX        /ERR/LOKO/0x00000002
11:00:07.236  INFO     RX        /ERR/LOKO/0x00000002
11:00:07.236  INFO     RX        /ERR/LOKO/0x00000002
11:00:07.236  INFO     RX        /ERR/LOKO/0x00000002
11:00:07.266  INFO     RX        /ERR/LOKO/0x00000002
11:00:07.266  INFO     RX        /ERR/LOKO/0x00000002
11:00:07.266  INFO     RX        /ERR/LOKO/0x00000002
11:00:07.301  INFO     RX        /ERR/LOKO/0x00000002
11:00:07.301  INFO     RX        /ERR/LOKO/0x00000002
11:00:07.301  INFO     RX        /ERR/LOKO/0x00000002
11:00:07.332  INFO     RX        /ERR/LOKO/0x00000002
11:00:07.332  INFO     RX        /ERR/LOKO/0x00000002
11:00:07.333  INFO     RX        /ERR/LOKO/0x00000002
11:00:07.362  INFO     RX        /ERR/LOKO/0x00000002
11:00:07.363  INFO     RX        /ERR/LOKO/0x00000002
11:00:07.397  INFO     RX        /ERR/LOKO/0x00000002
11:00:07.422  DEBUG    TX /CONTROLL/0,0,-21,0,0,0,0,0,0
11:00:09.037  DEBUG    TX /CONTROLL/0,0,0,0,0,0,0,0,0
11:00:09.624  INFO     RX        /ERR/LOKO/0x00000002
11:00:09.625  INFO     RX        /ERR/LOKO/0x00000002
11:00:09.625  INFO     RX        /ERR/LOKO/0x00000002
11:00:09.625  INFO     RX        /ERR/LOKO/0x00000002
11:00:09.655  INFO     RX        /ERR/LOKO/0x00000002
11:00:09.655  INFO     RX        /ERR/LOKO/0x00000002
11:00:09.688  INFO     RX        /ERR/LOKO/0x00000002
11:00:09.688  INFO     RX        /ERR/LOKO/0x00000002
11:00:10.650  DEBUG    TX /CONTROLL/0,0,0,0,0,0,0,0,0
11:00:12.264  DEBUG    TX /CONTROLL/0,0,0,-17,0,0,0,0,0
11:00:12.363  INFO     RX        /ERR/LOKO/0x00000002
11:00:12.397  INFO     RX        /ERR/LOKO/0x00000002
11:00:12.397  INFO     RX        /ERR/LOKO/0x00000002
11:00:12.397  INFO     RX        /ERR/LOKO/0x00000002
11:00:12.427  INFO     RX        /ERR/LOKO/0x00000002
11:00:12.427  INFO     RX        /ERR/LOKO/0x00000002
11:00:12.462  INFO     RX        /ERR/LOKO/0x00000002
11:00:12.462  INFO     RX        /ERR/LOKO/0x00000002
11:00:12.947  INFO     RX        /ERR/LOKO/0x00000002
11:00:12.947  INFO     RX        /ERR/LOKO/0x00000002
11:00:12.979  INFO     RX        /ERR/LOKO/0x00000002
11:00:12.979  INFO     RX        /ERR/LOKO/0x00000002
11:00:12.979  INFO     RX        /ERR/LOKO/0x00000002
11:00:13.012  INFO     RX        /ERR/LOKO/0x00000002
11:00:13.012  INFO     RX        /ERR/LOKO/0x00000002
11:00:13.877  DEBUG    TX /CONTROLL/0,0,0,-17,0,0,0,0,0
11:00:14.722  INFO     RX        /ERR/LOKO/0x00000002
11:00:14.750  INFO     RX        /ERR/LOKO/0x00000002
11:00:14.750  INFO     RX        /ERR/LOKO/0x00000002
11:00:14.750  INFO     RX        /ERR/LOKO/0x00000002
11:00:14.785  INFO     RX        /ERR/LOKO/0x00000002
11:00:14.786  INFO     RX        /ERR/LOKO/0x00000002
11:00:14.786  INFO     RX        /ERR/LOKO/0x00000002
11:00:14.813  INFO     RX        /ERR/LOKO/0x00000002
11:00:15.298  INFO     RX        /ERR/LOKO/0x00000002
11:00:15.298  INFO     RX        /ERR/LOKO/0x00000002
11:00:15.330  INFO     RX        /ERR/LOKO/0x00000002
11:00:15.331  INFO     RX        /ERR/LOKO/0x00000002
11:00:15.364  INFO     RX        /ERR/LOKO/0x00000002
11:00:15.364  INFO     RX        /ERR/LOKO/0x00000002
11:00:15.365  INFO     RX        /ERR/LOKO/0x00000002
11:00:15.487  DEBUG    TX /CONTROLL/0,0,0,-17,0,0,0,0,0
11:00:17.098  DEBUG    TX /CONTROLL/0,0,0,-16,0,0,0,0,0
11:00:17.105  INFO     RX        /ERR/LOKO/0x00000002
11:00:17.105  INFO     RX        /ERR/LOKO/0x00000002
11:00:17.133  INFO     RX        /ERR/LOKO/0x00000002
11:00:17.133  INFO     RX        /ERR/LOKO/0x00000002
11:00:17.166  INFO     RX        /ERR/LOKO/0x00000002
11:00:17.166  INFO     RX        /ERR/LOKO/0x00000002
11:00:17.166  INFO     RX        /ERR/LOKO/0x00000002
11:00:17.201  INFO     RX        /ERR/LOKO/0x00000002
11:00:18.706  DEBUG    TX /CONTROLL/0,0,0,0,0,0,0,0,0
11:00:20.317  DEBUG    TX /CONTROLL/0,0,0,0,0,0,0,0,0
11:00:21.927  DEBUG    TX /CONTROLL/0,0,0,0,0,0,0,0,0
11:00:23.539  DEBUG    TX /CONTROLL/0,0,0,0,0,0,0,0,0
11:00:25.150  DEBUG    TX /CONTROLL/0,0,0,0,0,0,0,0,0
11:00:26.761  DEBUG    TX /CONTROLL/0,0,0,0,0,0,0,0,0
11:00:28.371  DEBUG    TX /CONTROLL/0,0,0,0,0,0,0,0,0
11:00:29.982  DEBUG    TX /CONTROLL/0,0,0,0,0,0,0,0,0
11:00:31.596  DEBUG    TX /CONTROLL/0,0,0,0,0,0,0,0,0
11:00:33.201  DEBUG    TX /CONTROLL/0,0,0,0,0,0,0,0,0
11:00:34.814  DEBUG    TX /CONTROLL/0,0,0,0,0,0,0,0,0
11:00:36.427  DEBUG    TX /CONTROLL/0,0,0,0,0,0,0,0,0
11:00:38.038  DEBUG    TX /CONTROLL/0,0,0,0,0,0,0,0,0
11:00:39.647  DEBUG    TX /CONTROLL/0,0,0,0,0,0,0,0,0
11:00:41.256  DEBUG    TX /CONTROLL/0,0,0,0,0,0,0,0,0
11:00:42.864  DEBUG    TX /CONTROLL/0,0,0,0,0,0,0,0,0
11:00:44.469  DEBUG    TX /CONTROLL/0,0,0,0,0,0,0,0,0
11:00:46.077  DEBUG    TX /CONTROLL/0,0,0,0,0,0,0,0,0
11:00:47.688  DEBUG    TX /CONTROLL/0,0,0,0,0,0,0,0,0
11:00:49.301  DEBUG    TX /CONTROLL/0,0,0,0,0,0,0,0,0
11:00:50.912  DEBUG    TX /CONTROLL/0,0,0,0,0,0,0,0,0
11:00:52.525  DEBUG    TX /CONTROLL/0,0,0,0,0,0,0,0,0
11:00:54.135  DEBUG    TX /CONTROLL/0,0,0,0,0,0,0,0,0
11:00:55.746  DEBUG    TX /CONTROLL/0,0,0,0,0,0,0,0,0
11:00:57.352  DEBUG    TX /CONTROLL/0,0,0,0,0,0,0,0,0
11:00:58.962  DEBUG    TX /CONTROLL/0,0,0,0,0,0,0,0,0
11:01:00.579  DEBUG    TX /CONTROLL/0,0,0,0,0,0,0,0,0
11:01:02.189  DEBUG    TX /CONTROLL/0,0,0,0,0,0,0,0,0
11:01:03.798  DEBUG    TX /CONTROLL/0,0,0,0,0,0,0,0,0
11:01:05.412  DEBUG    TX /CONTROLL/0,0,0,0,0,0,0,0,0
11:01:07.020  DEBUG    TX /CONTROLL/0,0,0,0,0,0,0,0,0
11:01:08.629  DEBUG    TX /CONTROLL/0,0,0,0,0,0,0,0,0
11:01:10.239  DEBUG    TX /CONTROLL/0,0,0,0,0,0,0,0,0
11:01:11.849  DEBUG    TX /CONTROLL/0,0,0,0,0,0,0,0,0
11:01:13.456  DEBUG    TX /CONTROLL/0,0,0,0,0,0,0,0,0
11:01:15.062  DEBUG    TX /CONTROLL/0,0,0,0,0,0,0,0,0
11:01:16.671  DEBUG    TX /CONTROLL/0,0,0,0,0,0,0,0,0
11:01:18.277  DEBUG    TX /CONTROLL/0,0,0,0,0,0,0,0,0
11:01:19.888  DEBUG    TX /CONTROLL/0,0,0,0,0,0,0,0,0
11:01:21.492  DEBUG    TX /CONTROLL/0,0,0,0,0,0,0,0,0
11:01:23.105  DEBUG    TX /CONTROLL/0,0,0,0,0,0,0,0,0
11:01:24.715  DEBUG    TX /CONTROLL/0,0,0,0,0,0,0,0,0
11:01:26.250  INFO     RX        /BATTERY/VDDA/12861 mV
11:01:26.263  INFO     RX        === Hexapod Mainboard ===
11:01:26.298  INFO     RX        PCA9685 Right: OK
11:01:26.299  INFO     RX        PCA9685 Left:  OK
11:01:26.325  DEBUG    TX /CONTROLL/0,0,0,0,0,0,0,0,0
11:01:26.328  INFO     RX        LSM6DSO IMU:   OK
11:01:26.477  INFO     RX        VL53L1X ToF:   OK
11:01:26.504  INFO     RX        Locomotion:    INIT (UN_ARMED, printf mode)
11:01:26.521  INFO     RX        Press L1 to arm, R1 to disarm at any time.
11:01:26.521  INFO     RX        Ready.
11:01:27.940  DEBUG    TX /CONTROLL/0,0,0,0,0,0,0,0,0
11:01:29.551  DEBUG    TX /CONTROLL/0,0,0,0,0,0,0,0,0
11:01:31.164  DEBUG    TX /CONTROLL/0,0,0,0,0,0,0,0,0
11:01:32.072  INFO     RX        /ERR/LOKO/0x00000002
11:01:32.072  INFO     RX        /ERR/LOKO/0x00000002
11:01:32.106  INFO     RX        /ERR/LOKO/0x00000002
11:01:32.106  INFO     RX        /ERR/LOKO/0x00000002
11:01:32.106  INFO     RX        /ERR/LOKO/0x00000002
11:01:32.135  INFO     RX        /ERR/LOKO/0x00000002
11:01:32.428  INFO     RX        /ERR/LOKO/0x00000002
11:01:32.428  INFO     RX        /ERR/LOKO/0x00000002
11:01:32.461  INFO     RX        /ERR/LOKO/0x00000002
11:01:32.461  INFO     RX        /ERR/LOKO/0x00000002
11:01:32.777  DEBUG    TX /CONTROLL/0,0,0,-29,0,0,0,0,0
11:01:32.780  INFO     RX        /ERR/LOKO/0x00000002
11:01:32.816  INFO     RX        /ERR/LOKO/0x00000002
11:01:32.816  INFO     RX        /ERR/LOKO/0x00000002
11:01:32.816  INFO     RX        /ERR/LOKO/0x00000002
11:01:33.108  INFO     RX        /ERR/LOKO/0x00000002
11:01:33.136  INFO     RX        /ERR/LOKO/0x00000002
11:01:33.136  INFO     RX        /ERR/LOKO/0x00000002
11:01:33.169  INFO     RX        /ERR/LOKO/0x00000002
11:01:33.523  INFO     RX        /ERR/LOKO/0x00000002
11:01:33.523  INFO     RX        /ERR/LOKO/0x00000002
11:01:33.523  INFO     RX        /ERR/LOKO/0x00000002
11:01:33.531  INFO     RX        /ERR/LOKO/0x00000002
11:01:33.818  INFO     RX        /ERR/LOKO/0x00000002
11:01:33.819  INFO     RX        /ERR/LOKO/0x00000002
11:01:33.819  INFO     RX        /ERR/LOKO/0x00000002
11:01:33.846  INFO     RX        /ERR/LOKO/0x00000002
11:01:34.172  INFO     RX        /ERR/LOKO/0x00000002
11:01:34.172  INFO     RX        /ERR/LOKO/0x00000002
11:01:34.205  INFO     RX        /ERR/LOKO/0x00000002
11:01:34.205  INFO     RX        /ERR/LOKO/0x00000002
11:01:34.392  DEBUG    TX /CONTROLL/0,0,0,-30,0,0,0,0,0
11:01:34.494  INFO     RX        /ERR/LOKO/0x00000002
11:01:34.494  INFO     RX        /ERR/LOKO/0x00000002
11:01:34.494  INFO     RX        /ERR/LOKO/0x00000002
11:01:34.524  INFO     RX        /ERR/LOKO/0x00000002
11:01:34.524  INFO     RX        /ERR/LOKO/0x00000002
11:01:34.850  INFO     RX        /ERR/LOKO/0x00000002
11:01:34.851  INFO     RX        /ERR/LOKO/0x00000002
11:01:34.851  INFO     RX        /ERR/LOKO/0x00000002
11:01:34.877  INFO     RX        /ERR/LOKO/0x00000002
11:01:35.137  INFO     RX        /ERR/LOKO/0x00000002
11:01:35.166  INFO     RX        /ERR/LOKO/0x00000002
11:01:35.166  INFO     RX        /ERR/LOKO/0x00000002
11:01:35.202  INFO     RX        /ERR/LOKO/0x00000002
11:01:35.492  INFO     RX        /ERR/LOKO/0x00000002
11:01:35.492  INFO     RX        /ERR/LOKO/0x00000002
11:01:35.521  INFO     RX        /ERR/LOKO/0x00000002
11:01:35.521  INFO     RX        /ERR/LOKO/0x00000002
11:01:35.999  DEBUG    TX /CONTROLL/0,0,0,0,0,0,0,0,0
11:01:37.420  INFO     RX        /ERR/LOKO/0x00000002
11:01:37.420  INFO     RX        /ERR/LOKO/0x00000002
11:01:37.420  INFO     RX        /ERR/LOKO/0x00000002
11:01:37.448  INFO     RX        /ERR/LOKO/0x00000002
11:01:37.449  INFO     RX        /ERR/LOKO/0x00000002
11:01:37.449  INFO     RX        /ERR/LOKO/0x00000002
11:01:37.481  INFO     RX        /ERR/LOKO/0x00000002
11:01:37.481  INFO     RX        /ERR/LOKO/0x00000002
11:01:37.512  INFO     RX        /ERR/LOKO/0x00000002
11:01:37.512  INFO     RX        /ERR/LOKO/0x00000002
11:01:37.512  INFO     RX        /ERR/LOKO/0x00000002
11:01:37.548  INFO     RX        /ERR/LOKO/0x00000002
11:01:37.548  INFO     RX        /ERR/LOKO/0x00000002
11:01:37.548  INFO     RX        /ERR/LOKO/0x00000002
11:01:37.581  INFO     RX        /ERR/LOKO/0x00000002
11:01:37.582  INFO     RX        /ERR/LOKO/0x00000002
11:01:37.582  INFO     RX        /ERR/LOKO/0x00000002
11:01:37.607  DEBUG    TX /CONTROLL/0,0,-15,0,0,0,0,0,0
11:01:37.610  INFO     RX        /ERR/LOKO/0x00000002
11:01:37.610  INFO     RX        /ERR/LOKO/0x00000002
11:01:37.645  INFO     RX        /ERR/LOKO/0x00000002
11:01:37.645  INFO     RX        /ERR/LOKO/0x00000002
11:01:37.645  INFO     RX        /ERR/LOKO/0x00000002
11:01:37.674  INFO     RX        /ERR/LOKO/0x00000002
11:01:37.674  INFO     RX        /ERR/LOKO/0x00000002
11:01:37.675  INFO     RX        /ERR/LOKO/0x00000002
11:01:37.710  INFO     RX        /ERR/LOKO/0x00000002
11:01:37.710  INFO     RX        /ERR/LOKO/0x00000002
11:01:37.710  INFO     RX        /ERR/LOKO/0x00000002
11:01:37.738  INFO     RX        /ERR/LOKO/0x00000002
11:01:37.738  INFO     RX        /ERR/LOKO/0x00000002
11:01:37.774  INFO     RX        /ERR/LOKO/0x00000002
11:01:37.774  INFO     RX        /ERR/LOKO/0x00000002
11:01:37.774  INFO     RX        /ERR/LOKO/0x00000002
11:01:38.030  INFO     RX        /ERR/LOKO/0x00000002
11:01:38.030  INFO     RX        /ERR/LOKO/0x00000002
11:01:38.065  INFO     RX        /ERR/LOKO/0x00000002
11:01:38.065  INFO     RX        /ERR/LOKO/0x00000002
11:01:38.065  INFO     RX        /ERR/LOKO/0x00000002
11:01:38.094  INFO     RX        /ERR/LOKO/0x00000002
11:01:38.094  INFO     RX        /ERR/LOKO/0x00000002
11:01:38.129  INFO     RX        /ERR/LOKO/0x00000002
11:01:38.130  INFO     RX        /ERR/LOKO/0x00000002
11:01:38.130  INFO     RX        /ERR/LOKO/0x00000002
11:01:38.158  INFO     RX        /ERR/LOKO/0x00000002
11:01:38.158  INFO     RX        /ERR/LOKO/0x00000002
11:01:38.158  INFO     RX        /ERR/LOKO/0x00000002
11:01:38.191  INFO     RX        /ERR/LOKO/0x00000002
11:01:38.191  INFO     RX        /ERR/LOKO/0x00000002
11:01:38.191  INFO     RX        /ERR/LOKO/0x00000002
11:01:38.225  INFO     RX        /ERR/LOKO/0x00000002
11:01:38.225  INFO     RX        /ERR/LOKO/0x00000002
11:01:38.255  INFO     RX        /ERR/LOKO/0x00000002
11:01:38.255  INFO     RX        /ERR/LOKO/0x00000002
11:01:38.255  INFO     RX        /ERR/LOKO/0x00000002
11:01:38.291  INFO     RX        /ERR/LOKO/0x00000002
11:01:38.291  INFO     RX        /ERR/LOKO/0x00000002
11:01:38.291  INFO     RX        /ERR/LOKO/0x00000002
11:01:38.319  INFO     RX        /ERR/LOKO/0x00000002
11:01:38.319  INFO     RX        /ERR/LOKO/0x00000002
11:01:38.355  INFO     RX        /ERR/LOKO/0x00000002
11:01:38.355  INFO     RX        /ERR/LOKO/0x00000002
11:01:38.355  INFO     RX        /ERR/LOKO/0x00000002
11:01:38.384  INFO     RX        /ERR/LOKO/0x00000002
11:01:38.384  INFO     RX        /ERR/LOKO/0x00000002
11:01:38.384  INFO     RX        /ERR/LOKO/0x00000002
11:01:38.418  INFO     RX        /ERR/LOKO/0x00000002
11:01:38.418  INFO     RX        /ERR/LOKO/0x00000002
11:01:39.215  DEBUG    TX /CONTROLL/0,0,-25,0,0,0,0,0,0
11:01:39.446  INFO     RX        /ERR/LOKO/0x00000002
11:01:39.446  INFO     RX        /ERR/LOKO/0x00000002
11:01:39.475  INFO     RX        /ERR/LOKO/0x00000002
11:01:39.475  INFO     RX        /ERR/LOKO/0x00000002
11:01:39.511  INFO     RX        /ERR/LOKO/0x00000002
11:01:39.511  INFO     RX        /ERR/LOKO/0x00000002
11:01:39.511  INFO     RX        /ERR/LOKO/0x00000002
11:01:39.539  INFO     RX        /ERR/LOKO/0x00000002
11:01:39.539  INFO     RX        /ERR/LOKO/0x00000002
11:01:39.539  INFO     RX        /ERR/LOKO/0x00000002
11:01:39.574  INFO     RX        /ERR/LOKO/0x00000002
11:01:39.575  INFO     RX        /ERR/LOKO/0x00000002
11:01:39.575  INFO     RX        /ERR/LOKO/0x00000002
11:01:39.604  INFO     RX        /ERR/LOKO/0x00000002
11:01:39.604  INFO     RX        /ERR/LOKO/0x00000002
11:01:39.638  INFO     RX        /ERR/LOKO/0x00000002
11:01:39.638  INFO     RX        /ERR/LOKO/0x00000002
11:01:39.638  INFO     RX        /ERR/LOKO/0x00000002
11:01:39.765  INFO     RX        /ERR/LOKO/0x00000002
11:01:39.765  INFO     RX        /ERR/LOKO/0x00000002
11:01:39.794  INFO     RX        /ERR/LOKO/0x00000002
11:01:39.795  INFO     RX        /ERR/LOKO/0x00000002
11:01:39.830  INFO     RX        /ERR/LOKO/0x00000002
11:01:39.830  INFO     RX        /ERR/LOKO/0x00000002
11:01:39.830  INFO     RX        /ERR/LOKO/0x00000002
11:01:39.830  INFO     RX        /ERR/LOKO/0x00000002
11:01:39.860  INFO     RX        /ERR/LOKO/0x00000002
11:01:39.860  INFO     RX        /ERR/LOKO/0x00000002
11:01:39.895  INFO     RX        /ERR/LOKO/0x00000002
11:01:39.896  INFO     RX        /ERR/LOKO/0x00000002
11:01:39.896  INFO     RX        /ERR/LOKO/0x00000002
11:01:40.568  INFO     RX        /ERR/LOKO/0x00000002
11:01:40.569  INFO     RX        /ERR/LOKO/0x00000002
11:01:40.604  INFO     RX        /ERR/LOKO/0x00000002
11:01:40.604  INFO     RX        /ERR/LOKO/0x00000002
11:01:40.604  INFO     RX        /ERR/LOKO/0x00000002
11:01:40.631  INFO     RX        /ERR/LOKO/0x00000002
11:01:40.631  INFO     RX        /ERR/LOKO/0x00000002
11:01:40.666  INFO     RX        /ERR/LOKO/0x00000002
11:01:40.667  INFO     RX        /ERR/LOKO/0x00000002
11:01:40.667  INFO     RX        /ERR/LOKO/0x00000002
11:01:40.695  INFO     RX        /ERR/LOKO/0x00000002
11:01:40.695  INFO     RX        /ERR/LOKO/0x00000002
11:01:40.727  INFO     RX        /ERR/LOKO/0x00000002
11:01:40.727  INFO     RX        /ERR/LOKO/0x00000002
11:01:40.821  DEBUG    TX /CONTROLL/0,0,-37,0,0,0,0,0,0
11:01:40.827  INFO     RX        /ERR/LOKO/0x00000002
11:01:40.827  INFO     RX        /ERR/LOKO/0x00000002
11:01:40.856  INFO     RX        /ERR/LOKO/0x00000002
11:01:40.856  INFO     RX        /ERR/LOKO/0x00000002
11:01:40.891  INFO     RX        /ERR/LOKO/0x00000002
11:01:40.891  INFO     RX        /ERR/LOKO/0x00000002
11:01:40.891  INFO     RX        /ERR/LOKO/0x00000002
11:01:40.919  INFO     RX        /ERR/LOKO/0x00000002
11:01:40.920  INFO     RX        /ERR/LOKO/0x00000002
11:01:40.920  INFO     RX        /ERR/LOKO/0x00000002
11:01:40.954  INFO     RX        /ERR/LOKO/0x00000002
11:01:40.955  INFO     RX        /ERR/LOKO/0x00000002
11:01:40.955  INFO     RX        /ERR/LOKO/0x00000002
11:01:41.662  INFO     RX        /ERR/LOKO/0x00000002
11:01:41.662  INFO     RX        /ERR/LOKO/0x00000002
11:01:41.662  INFO     RX        /ERR/LOKO/0x00000002
11:01:41.692  INFO     RX        /ERR/LOKO/0x00000002
11:01:41.692  INFO     RX        /ERR/LOKO/0x00000002
11:01:41.692  INFO     RX        /ERR/LOKO/0x00000002
11:01:41.844  INFO     RX        /ERR/LOKO/0x00000002
11:01:41.844  INFO     RX        /ERR/LOKO/0x00000002
11:01:41.844  INFO     RX        /ERR/LOKO/0x00000002
11:01:41.844  INFO     RX        /ERR/LOKO/0x00000002
11:01:41.844  INFO     RX        /ERR/LOKO/0x00000002
11:01:41.844  INFO     RX        /ERR/LOKO/0x00000002
11:01:41.844  INFO     RX        /ERR/LOKO/0x00000002
11:01:41.845  INFO     RX        /ERR/LOKO/0x00000002
11:01:41.920  INFO     RX        /ERR/LOKO/0x00000002
11:01:41.920  INFO     RX        /ERR/LOKO/0x00000002
11:01:41.920  INFO     RX        /ERR/LOKO/0x00000002
11:01:41.948  INFO     RX        /ERR/LOKO/0x00000002
11:01:41.949  INFO     RX        /ERR/LOKO/0x00000002
11:01:41.980  INFO     RX        /ERR/LOKO/0x00000002
11:01:41.980  INFO     RX        /ERR/LOKO/0x00000002
11:01:41.980  INFO     RX        /ERR/LOKO/0x00000002
11:01:42.016  INFO     RX        /ERR/LOKO/0x00000002
11:01:42.016  INFO     RX        /ERR/LOKO/0x00000002
11:01:42.016  INFO     RX        /ERR/LOKO/0x00000002
11:01:42.049  INFO     RX        /ERR/LOKO/0x00000002
11:01:42.049  INFO     RX        /ERR/LOKO/0x00000002
11:01:42.049  INFO     RX        /ERR/LOKO/0x00000002
11:01:42.432  DEBUG    TX /CONTROLL/0,0,-36,0,0,0,0,0,0
11:01:42.728  INFO     RX        /ERR/LOKO/0x00000002
11:01:42.760  INFO     RX        /ERR/LOKO/0x00000002
11:01:42.761  INFO     RX        /ERR/LOKO/0x00000002
11:01:42.761  INFO     RX        /ERR/LOKO/0x00000002
11:01:42.789  INFO     RX        /ERR/LOKO/0x00000002
11:01:42.789  INFO     RX        /ERR/LOKO/0x00000002
11:01:42.823  INFO     RX        /ERR/LOKO/0x00000002
11:01:42.823  INFO     RX        /ERR/LOKO/0x00000002
11:01:42.823  INFO     RX        /ERR/LOKO/0x00000002
11:01:42.856  INFO     RX        /ERR/LOKO/0x00000002
11:01:42.856  INFO     RX        /ERR/LOKO/0x00000002
11:01:42.856  INFO     RX        /ERR/LOKO/0x00000002
11:01:42.889  INFO     RX        /ERR/LOKO/0x00000002
11:01:42.889  INFO     RX        /ERR/LOKO/0x00000002
11:01:43.014  INFO     RX        /ERR/LOKO/0x00000002
11:01:43.014  INFO     RX        /ERR/LOKO/0x00000002
11:01:43.014  INFO     RX        /ERR/LOKO/0x00000002
11:01:43.049  INFO     RX        /ERR/LOKO/0x00000002
11:01:43.049  INFO     RX        /ERR/LOKO/0x00000002
11:01:43.079  INFO     RX        /ERR/LOKO/0x00000002
11:01:43.079  INFO     RX        /ERR/LOKO/0x00000002
11:01:43.079  INFO     RX        /ERR/LOKO/0x00000002
11:01:43.114  INFO     RX        /ERR/LOKO/0x00000002
11:01:43.114  INFO     RX        /ERR/LOKO/0x00000002
11:01:43.114  INFO     RX        /ERR/LOKO/0x00000002
11:01:43.142  INFO     RX        /ERR/LOKO/0x00000002
11:01:43.142  INFO     RX        /ERR/LOKO/0x00000002
11:01:43.822  INFO     RX        /ERR/LOKO/0x00000002
11:01:43.851  INFO     RX        /ERR/LOKO/0x00000002
11:01:43.851  INFO     RX        /ERR/LOKO/0x00000002
11:01:43.883  INFO     RX        /ERR/LOKO/0x00000002
11:01:44.039  DEBUG    TX /CONTROLL/0,0,0,0,0,0,0,0,0
11:01:45.645  DEBUG    TX /CONTROLL/0,0,0,0,0,0,0,0,0
11:01:47.256  DEBUG    TX /CONTROLL/0,0,0,0,0,0,0,0,0
11:01:48.864  DEBUG    TX /CONTROLL/0,0,0,0,0,0,0,0,0
11:01:50.474  DEBUG    TX /CONTROLL/0,0,0,0,0,0,0,0,0
11:01:52.090  DEBUG    TX /CONTROLL/0,0,0,0,0,0,0,0,0
11:01:53.715  DEBUG    TX /CONTROLL/0,0,0,0,0,0,0,0,0
11:01:55.337  DEBUG    TX /CONTROLL/0,0,0,0,0,0,0,0,0
11:01:56.949  DEBUG    TX /CONTROLL/0,0,0,0,0,0,0,0,0
11:01:58.557  DEBUG    TX /CONTROLL/0,0,0,0,0,0,0,0,0
11:02:00.166  DEBUG    TX /CONTROLL/0,0,0,0,0,0,0,0,0
11:02:01.780  DEBUG    TX /CONTROLL/0,0,0,0,0,0,0,0,0
11:02:02.413  INFO     RX        /BATTERY/VDDA/12863 mV
11:02:02.414  INFO     RX        === Hexapod Mainboard ===
11:02:02.432  INFO     RX        PCA9685 Right: OK
11:02:02.457  INFO     RX        PCA9685 Left:  OK
11:02:02.492  INFO     RX        LSM6DSO IMU:   OK
11:02:02.641  INFO     RX        VL53L1X ToF:   OK
11:02:02.668  INFO     RX        Locomotion:    INIT (UN_ARMED, printf mode)
11:02:02.681  INFO     RX        Press L1 to arm, R1 to disarm at any time.
11:02:02.681  INFO     RX        Ready.
11:02:03.386  DEBUG    TX /CONTROLL/0,0,0,0,0,0,0,0,0
11:02:04.996  DEBUG    TX /CONTROLL/0,0,0,0,0,0,0,0,0
11:02:06.608  DEBUG    TX /CONTROLL/0,0,0,0,0,0,0,0,0
11:02:08.213  DEBUG    TX /CONTROLL/0,0,0,0,0,0,0,0,0
11:02:09.820  DEBUG    TX /CONTROLL/0,0,0,0,0,0,0,0,0
11:02:11.435  DEBUG    TX /CONTROLL/0,0,0,0,0,0,0,0,0
11:02:13.042  DEBUG    TX /CONTROLL/0,0,0,0,0,0,0,0,0
11:02:14.650  DEBUG    TX /CONTROLL/0,0,0,0,0,0,0,0,0
11:02:15.556  INFO     RX        /ERR/LOKO/0x00000002
11:02:15.556  INFO     RX        /ERR/LOKO/0x00000002
11:02:15.589  INFO     RX        /ERR/LOKO/0x00000002
11:02:15.785  INFO     RX        /ERR/LOKO/0x00000002
11:02:15.818  INFO     RX        /ERR/LOKO/0x00000002
11:02:15.818  INFO     RX        /ERR/LOKO/0x00000002
11:02:16.072  INFO     RX        /ERR/LOKO/0x00000002
11:02:16.072  INFO     RX        /ERR/LOKO/0x00000002
11:02:16.107  INFO     RX        /ERR/LOKO/0x00000002
11:02:16.261  DEBUG    TX /CONTROLL/0,0,0,-39,0,0,0,0,0
11:02:16.296  INFO     RX        /ERR/LOKO/0x00000002
11:02:16.332  INFO     RX        /ERR/LOKO/0x00000002
11:02:16.332  INFO     RX        /ERR/LOKO/0x00000002
11:02:16.588  INFO     RX        /ERR/LOKO/0x00000002
11:02:16.588  INFO     RX        /ERR/LOKO/0x00000002
11:02:16.588  INFO     RX        /ERR/LOKO/0x00000002
11:02:16.814  INFO     RX        /ERR/LOKO/0x00000002
11:02:16.843  INFO     RX        /ERR/LOKO/0x00000002
11:02:16.843  INFO     RX        /ERR/LOKO/0x00000002
11:02:17.103  INFO     RX        /ERR/LOKO/0x00000002
11:02:17.103  INFO     RX        /ERR/LOKO/0x00000002
11:02:17.103  INFO     RX        /ERR/LOKO/0x00000002
11:02:17.325  INFO     RX        /ERR/LOKO/0x00000002
11:02:17.361  INFO     RX        /ERR/LOKO/0x00000002
11:02:17.361  INFO     RX        /ERR/LOKO/0x00000002
11:02:17.618  INFO     RX        /ERR/LOKO/0x00000002
11:02:17.618  INFO     RX        /ERR/LOKO/0x00000002
11:02:17.618  INFO     RX        /ERR/LOKO/0x00000002
11:02:17.839  INFO     RX        /ERR/LOKO/0x00000002
11:02:17.868  DEBUG    TX /CONTROLL/0,0,0,-41,0,0,0,0,0
11:02:17.875  INFO     RX        /ERR/LOKO/0x00000002
11:02:17.875  INFO     RX        /ERR/LOKO/0x00000002
11:02:18.099  INFO     RX        /ERR/LOKO/0x00000002
11:02:18.129  INFO     RX        /ERR/LOKO/0x00000002
11:02:18.129  INFO     RX        /ERR/LOKO/0x00000002
11:02:18.323  INFO     RX        /ERR/LOKO/0x00000002
11:02:18.323  INFO     RX        /ERR/LOKO/0x00000002
11:02:18.464  INFO     RX        /ERR/LOKO/0x00000002
11:02:18.548  INFO     RX        /ERR/LOKO/0x00000002
11:02:18.548  INFO     RX        /ERR/LOKO/0x00000002
11:02:18.696  INFO     RX        /ERR/LOKO/0x00000002
11:02:18.773  INFO     RX        /ERR/LOKO/0x00000002
11:02:18.773  INFO     RX        /ERR/LOKO/0x00000002
11:02:18.773  INFO     RX        /ERR/LOKO/0x00000002
11:02:19.029  INFO     RX        /ERR/LOKO/0x00000002
11:02:19.029  INFO     RX        /ERR/LOKO/0x00000002
11:02:19.029  INFO     RX        /ERR/LOKO/0x00000002
11:02:19.248  INFO     RX        /ERR/LOKO/0x00000002
11:02:19.248  INFO     RX        /ERR/LOKO/0x00000002
11:02:19.248  INFO     RX        /ERR/LOKO/0x00000002
11:02:19.468  INFO     RX        /ERR/LOKO/0x00000002
11:02:19.472  INFO     RX        /ERR/LOKO/0x00000002
11:02:19.472  INFO     RX        /ERR/LOKO/0x00000002
11:02:19.478  DEBUG    TX /CONTROLL/0,0,0,-42,0,0,0,0,0
11:02:19.645  INFO     RX        /ERR/LOKO/0x00000002
11:02:19.681  INFO     RX        /ERR/LOKO/0x00000002
11:02:20.567  INFO     RX        /ERR/LOKO/0x00000002
11:02:20.567  INFO     RX        /ERR/LOKO/0x00000002
11:02:20.567  INFO     RX        /ERR/LOKO/0x00000002
11:02:20.573  INFO     RX        /ERR/LOKO/0x00000002
11:02:20.573  INFO     RX        /ERR/LOKO/0x00000002
11:02:20.574  INFO     RX        /ERR/LOKO/0x00000002
11:02:20.574  INFO     RX        /ERR/LOKO/0x00000002
11:02:20.580  INFO     RX        /ERR/LOKO/0x00000002
11:02:20.772  INFO     RX        /ERR/LOKO/0x00000002
11:02:20.773  INFO     RX        /ERR/LOKO/0x00000002
11:02:20.773  INFO     RX        /ERR/LOKO/0x00000002
11:02:20.773  INFO     RX        /ERR/LOKO/0x00000002
11:02:20.773  INFO     RX        /ERR/LOKO/0x00000002
11:02:20.773  INFO     RX        /ERR/LOKO/0x00000002
11:02:20.773  INFO     RX        /ERR/LOKO/0x00000002
11:02:20.773  INFO     RX        /ERR/LOKO/0x00000002
11:02:20.776  INFO     RX        /ERR/LOKO/0x00000002
11:02:21.092  DEBUG    TX /CONTROLL/0,0,59,0,0,0,0,0,0
11:02:21.174  INFO     RX        /ERR/LOKO/0x00000002
11:02:21.192  INFO     RX        /ERR/LOKO/0x00000002
11:02:21.192  INFO     RX        /ERR/LOKO/0x00000002
11:02:21.231  INFO     RX        /ERR/LOKO/0x00000002
11:02:21.231  INFO     RX        /ERR/LOKO/0x00000002
11:02:21.231  INFO     RX        /ERR/LOKO/0x00000002
11:02:21.285  INFO     RX        /ERR/LOKO/0x00000002
11:02:21.285  INFO     RX        /ERR/LOKO/0x00000002
11:02:21.285  INFO     RX        /ERR/LOKO/0x00000002
11:02:21.353  INFO     RX        /ERR/LOKO/0x00000002
11:02:21.353  INFO     RX        /ERR/LOKO/0x00000002
11:02:21.382  INFO     RX        /ERR/LOKO/0x00000002
11:02:21.383  INFO     RX        /ERR/LOKO/0x00000002
11:02:21.383  INFO     RX        /ERR/LOKO/0x00000002
11:02:21.418  INFO     RX        /ERR/LOKO/0x00000002
11:02:21.418  INFO     RX        /ERR/LOKO/0x00000002
11:02:21.418  INFO     RX        /ERR/LOKO/0x00000002
11:02:21.705  INFO     RX        /ERR/LOKO/0x00000002
11:02:21.705  INFO     RX        /ERR/LOKO/0x00000002
11:02:21.741  INFO     RX        /ERR/LOKO/0x00000002
11:02:21.741  INFO     RX        /ERR/LOKO/0x00000002
11:02:21.773  INFO     RX        /ERR/LOKO/0x00000002
11:02:21.866  INFO     RX        /ERR/LOKO/0x00000002
11:02:21.866  INFO     RX        /ERR/LOKO/0x00000002
11:02:21.903  INFO     RX        /ERR/LOKO/0x00000002
11:02:21.903  INFO     RX        /ERR/LOKO/0x00000002
11:02:21.903  INFO     RX        /ERR/LOKO/0x00000002
11:02:21.932  INFO     RX        /ERR/LOKO/0x00000002
11:02:21.932  INFO     RX        /ERR/LOKO/0x00000002
11:02:21.932  INFO     RX        /ERR/LOKO/0x00000002
11:02:22.001  INFO     RX        /ERR/LOKO/0x00000002
11:02:22.028  INFO     RX        /ERR/LOKO/0x00000002
11:02:22.028  INFO     RX        /ERR/LOKO/0x00000002
11:02:22.064  INFO     RX        /ERR/LOKO/0x00000002
11:02:22.065  INFO     RX        /ERR/LOKO/0x00000002
11:02:22.065  INFO     RX        /ERR/LOKO/0x00000002
11:02:22.092  INFO     RX        /ERR/LOKO/0x00000002
11:02:22.092  INFO     RX        /ERR/LOKO/0x00000002
11:02:22.188  INFO     RX        /ERR/LOKO/0x00000002
11:02:22.223  INFO     RX        /ERR/LOKO/0x00000002
11:02:22.223  INFO     RX        /ERR/LOKO/0x00000002
11:02:22.223  INFO     RX        /ERR/LOKO/0x00000002
11:02:22.253  INFO     RX        /ERR/LOKO/0x00000002
11:02:22.352  INFO     RX        /ERR/LOKO/0x00000002
11:02:22.385  INFO     RX        /ERR/LOKO/0x00000002
11:02:22.385  INFO     RX        /ERR/LOKO/0x00000002
11:02:22.424  INFO     RX        /ERR/LOKO/0x00000002
11:02:22.424  INFO     RX        /ERR/LOKO/0x00000002
11:02:22.511  INFO     RX        /ERR/LOKO/0x00000002
11:02:22.545  INFO     RX        /ERR/LOKO/0x00000002
11:02:22.545  INFO     RX        /ERR/LOKO/0x00000002
11:02:22.545  INFO     RX        /ERR/LOKO/0x00000002
11:02:22.574  INFO     RX        /ERR/LOKO/0x00000002
11:02:22.574  INFO     RX        /ERR/LOKO/0x00000002
11:02:22.610  INFO     RX        /ERR/LOKO/0x00000002
11:02:22.610  INFO     RX        /ERR/LOKO/0x00000002
11:02:22.701  DEBUG    TX /CONTROLL/0,0,0,0,0,0,0,0,0
11:02:23.448  INFO     RX        /ERR/LOKO/0x00000002
11:02:23.449  INFO     RX        /ERR/LOKO/0x00000002
11:02:23.480  INFO     RX        /ERR/LOKO/0x00000002
11:02:23.481  INFO     RX        /ERR/LOKO/0x00000002
11:02:23.513  INFO     RX        /ERR/LOKO/0x00000002
11:02:23.513  INFO     RX        /ERR/LOKO/0x00000002
11:02:23.578  INFO     RX        /ERR/LOKO/0x00000002
11:02:23.578  INFO     RX        /ERR/LOKO/0x00000002
11:02:23.607  INFO     RX        /ERR/LOKO/0x00000002
11:02:23.607  INFO     RX        /ERR/LOKO/0x00000002
11:02:23.642  INFO     RX        /ERR/LOKO/0x00000002
11:02:23.642  INFO     RX        /ERR/LOKO/0x00000002
11:02:23.707  INFO     RX        /ERR/LOKO/0x00000002
11:02:23.707  INFO     RX        /ERR/LOKO/0x00000002
11:02:23.707  INFO     RX        /ERR/LOKO/0x00000002
11:02:23.737  INFO     RX        /ERR/LOKO/0x00000002
11:02:23.737  INFO     RX        /ERR/LOKO/0x00000002
11:02:23.771  INFO     RX        /ERR/LOKO/0x00000002
11:02:23.835  INFO     RX        /ERR/LOKO/0x00000002
11:02:23.835  INFO     RX        /ERR/LOKO/0x00000002
11:02:23.866  INFO     RX        /ERR/LOKO/0x00000002
11:02:23.867  INFO     RX        /ERR/LOKO/0x00000002
11:02:23.964  INFO     RX        /ERR/LOKO/0x00000002
11:02:23.964  INFO     RX        /ERR/LOKO/0x00000002
11:02:23.964  INFO     RX        /ERR/LOKO/0x00000002
11:02:24.029  INFO     RX        /ERR/LOKO/0x00000002
11:02:24.062  INFO     RX        /ERR/LOKO/0x00000002
11:02:24.062  INFO     RX        /ERR/LOKO/0x00000002
11:02:24.062  INFO     RX        /ERR/LOKO/0x00000002
11:02:24.093  INFO     RX        /ERR/LOKO/0x00000002
11:02:24.125  INFO     RX        /ERR/LOKO/0x00000002
11:02:24.154  INFO     RX        /ERR/LOKO/0x00000002
11:02:24.154  INFO     RX        /ERR/LOKO/0x00000002
11:02:24.154  INFO     RX        /ERR/LOKO/0x00000002
11:02:24.187  INFO     RX        /ERR/LOKO/0x00000002
11:02:24.251  INFO     RX        /ERR/LOKO/0x00000002
11:02:24.251  INFO     RX        /ERR/LOKO/0x00000002
11:02:24.313  DEBUG    TX /CONTROLL/0,0,-100,16,0,0,0,0,0
11:02:24.352  INFO     RX        /ERR/LOKO/0x00000002
11:02:24.352  INFO     RX        /ERR/LOKO/0x00000002
11:02:24.445  INFO     RX        /ERR/LOKO/0x00000002
11:02:24.445  INFO     RX        /ERR/LOKO/0x00000002
11:02:24.481  INFO     RX        /ERR/LOKO/0x00000002
11:02:24.481  INFO     RX        /ERR/LOKO/0x00000002
11:02:24.481  INFO     RX        /ERR/LOKO/0x00000002
11:02:24.546  INFO     RX        /ERR/LOKO/0x00000002
11:02:24.546  INFO     RX        /ERR/LOKO/0x00000002
11:02:24.546  INFO     RX        /ERR/LOKO/0x00000002
11:02:24.576  INFO     RX        /ERR/LOKO/0x00000002
11:02:24.576  INFO     RX        /ERR/LOKO/0x00000002
11:02:24.640  INFO     RX        /ERR/LOKO/0x00000002
11:02:24.674  INFO     RX        /ERR/LOKO/0x00000002
11:02:24.742  INFO     RX        /ERR/LOKO/0x00000002
11:02:24.769  INFO     RX        /ERR/LOKO/0x00000002
11:02:24.832  INFO     RX        /ERR/LOKO/0x00000002
11:02:24.871  INFO     RX        /ERR/LOKO/0x00000002
11:02:24.871  INFO     RX        /ERR/LOKO/0x00000002
11:02:24.871  INFO     RX        /ERR/LOKO/0x00000002
11:02:24.871  INFO     RX        /ERR/LOKO/0x00000002
11:02:24.929  INFO     RX        /ERR/LOKO/0x00000002
11:02:24.929  INFO     RX        /ERR/LOKO/0x00000002
11:02:24.965  INFO     RX        /ERR/LOKO/0x00000002
11:02:24.965  INFO     RX        /ERR/LOKO/0x00000002
11:02:24.965  INFO     RX        /ERR/LOKO/0x00000002
11:02:25.057  INFO     RX        /ERR/LOKO/0x00000002
11:02:25.057  INFO     RX        /ERR/LOKO/0x00000002
11:02:25.153  INFO     RX        /ERR/LOKO/0x00000002
11:02:25.153  INFO     RX        /ERR/LOKO/0x00000002
11:02:25.221  INFO     RX        /ERR/LOKO/0x00000002
11:02:25.249  INFO     RX        /ERR/LOKO/0x00000002
11:02:25.249  INFO     RX        /ERR/LOKO/0x00000002
11:02:25.285  INFO     RX        /ERR/LOKO/0x00000002
11:02:25.285  INFO     RX        /ERR/LOKO/0x00000002
11:02:25.349  INFO     RX        /ERR/LOKO/0x00000002
11:02:25.349  INFO     RX        /ERR/LOKO/0x00000002
11:02:25.349  INFO     RX        /ERR/LOKO/0x00000002
11:02:25.378  INFO     RX        /ERR/LOKO/0x00000002
11:02:25.379  INFO     RX        /ERR/LOKO/0x00000002
11:02:25.477  INFO     RX        /ERR/LOKO/0x00000002
11:02:25.542  INFO     RX        /ERR/LOKO/0x00000002
11:02:25.570  INFO     RX        /ERR/LOKO/0x00000002
11:02:25.635  INFO     RX        /ERR/LOKO/0x00000002
11:02:25.635  INFO     RX        /ERR/LOKO/0x00000002
11:02:25.670  INFO     RX        /ERR/LOKO/0x00000002
11:02:25.671  INFO     RX        /ERR/LOKO/0x00000002
11:02:25.671  INFO     RX        /ERR/LOKO/0x00000002
11:02:25.739  INFO     RX        /ERR/LOKO/0x00000002
11:02:25.739  INFO     RX        /ERR/LOKO/0x00000002
11:02:25.768  INFO     RX        /ERR/LOKO/0x00000002
11:02:25.768  INFO     RX        /ERR/LOKO/0x00000002
11:02:25.769  INFO     RX        /ERR/LOKO/0x00000002
11:02:25.920  DEBUG    TX /CONTROLL/0,0,0,0,0,0,0,0,0
11:02:26.725  INFO     RX        /ERR/LOKO/0x00000002
11:02:26.725  INFO     RX        /ERR/LOKO/0x00000002
11:02:26.759  INFO     RX        /ERR/LOKO/0x00000002
11:02:26.853  INFO     RX        /ERR/LOKO/0x00000002
11:02:26.887  INFO     RX        /ERR/LOKO/0x00000002
11:02:26.887  INFO     RX        /ERR/LOKO/0x00000002
11:02:26.950  INFO     RX        /ERR/LOKO/0x00000002
11:02:26.980  INFO     RX        /ERR/LOKO/0x00000002
11:02:26.980  INFO     RX        /ERR/LOKO/0x00000002
11:02:27.080  INFO     RX        /ERR/LOKO/0x00000002
11:02:27.177  INFO     RX        /ERR/LOKO/0x00000002
11:02:27.271  INFO     RX        /ERR/LOKO/0x00000002
11:02:27.366  INFO     RX        /ERR/LOKO/0x00000002
11:02:27.469  INFO     RX        /ERR/LOKO/0x00000002
11:02:27.526  DEBUG    TX /CONTROLL/0,0,0,-100,0,0,0,0,0
11:02:27.564  INFO     RX        /ERR/LOKO/0x00000002
11:02:27.661  INFO     RX        /ERR/LOKO/0x00000002
11:02:27.756  INFO     RX        /ERR/LOKO/0x00000002
11:02:27.790  INFO     RX        /ERR/LOKO/0x00000002
11:02:27.855  INFO     RX        /ERR/LOKO/0x00000002
11:02:27.884  INFO     RX        /ERR/LOKO/0x00000002
11:02:27.952  INFO     RX        /ERR/LOKO/0x00000002
11:02:28.076  INFO     RX        /ERR/LOKO/0x00000002
11:02:28.076  INFO     RX        /ERR/LOKO/0x00000002
11:02:28.176  INFO     RX        /ERR/LOKO/0x00000002
11:02:28.176  INFO     RX        /ERR/LOKO/0x00000002
11:02:28.271  INFO     RX        /ERR/LOKO/0x00000002
11:02:28.271  INFO     RX        /ERR/LOKO/0x00000002
11:02:28.367  INFO     RX        /ERR/LOKO/0x00000002
11:02:28.367  INFO     RX        /ERR/LOKO/0x00000002
11:02:28.465  INFO     RX        /ERR/LOKO/0x00000002
11:02:28.558  INFO     RX        /ERR/LOKO/0x00000002
11:02:28.592  INFO     RX        /ERR/LOKO/0x00000002
11:02:28.658  INFO     RX        /ERR/LOKO/0x00000002
11:02:28.783  INFO     RX        /ERR/LOKO/0x00000002
11:02:28.854  INFO     RX        /ERR/LOKO/0x00000002
11:02:28.980  INFO     RX        /ERR/LOKO/0x00000002
11:02:28.980  INFO     RX        /ERR/LOKO/0x00000002
11:02:29.135  DEBUG    TX /CONTROLL/0,0,0,0,0,0,0,0,0
11:02:29.712  INFO     RX        /ERR/LOKO/0x00000002
11:02:29.727  INFO     RX        /ERR/LOKO/0x00000002
11:02:29.727  INFO     RX        /ERR/LOKO/0x00000002
11:02:29.974  INFO     RX        /ERR/LOKO/0x00000002
11:02:30.009  INFO     RX        /ERR/LOKO/0x00000002
11:02:30.038  INFO     RX        /ERR/LOKO/0x00000002
11:02:30.073  INFO     RX        /ERR/LOKO/0x00000002
11:02:30.169  INFO     RX        /ERR/LOKO/0x00000002
11:02:30.204  INFO     RX        /ERR/LOKO/0x00000002
11:02:30.237  INFO     RX        /ERR/LOKO/0x00000002
11:02:30.268  INFO     RX        /ERR/LOKO/0x00000002
11:02:30.397  INFO     RX        /ERR/LOKO/0x00000002
11:02:30.449  INFO     RX        /ERR/LOKO/0x00000002
11:02:30.463  INFO     RX        /ERR/LOKO/0x00000002
11:02:30.584  INFO     RX        /ERR/LOKO/0x00000002
11:02:30.622  INFO     RX        /ERR/LOKO/0x00000002
11:02:30.725  INFO     RX        /ERR/LOKO/0x00000002
11:02:30.748  DEBUG    TX /CONTROLL/35,-12,0,-41,0,0,0,0,0
11:02:30.752  INFO     RX        /ERR/LOKO/0x00000002
11:02:30.785  INFO     RX        /ERR/LOKO/0x00000002
11:02:30.814  INFO     RX        /ERR/LOKO/0x00000002
11:02:30.943  INFO     RX        /ERR/LOKO/0x00000002
11:02:30.981  INFO     RX        /ERR/LOKO/0x00000002
11:02:31.039  INFO     RX        /ERR/LOKO/0x00000002
11:02:31.160  INFO     RX        /ERR/LOKO/0x00000002
11:02:31.167  INFO     RX        /ERR/LOKO/0x00000002
11:02:31.199  INFO     RX        /ERR/LOKO/0x00000002
11:02:31.328  INFO     RX        /ERR/LOKO/0x00000002
11:02:31.365  INFO     RX        /ERR/LOKO/0x00000002
11:02:31.429  INFO     RX        /ERR/LOKO/0x00000002
11:02:31.494  INFO     RX        /ERR/LOKO/0x00000002
11:02:31.521  INFO     RX        /ERR/LOKO/0x00000002
11:02:31.702  INFO     RX        /ERR/LOKO/0x00000002
11:02:31.751  INFO     RX        /ERR/LOKO/0x00000002
11:02:31.751  INFO     RX        /ERR/LOKO/0x00000002
11:02:31.912  INFO     RX        /ERR/LOKO/0x00000002
11:02:31.972  INFO     RX        /ERR/LOKO/0x00000002
11:02:32.008  INFO     RX        /ERR/LOKO/0x00000002
11:02:32.101  INFO     RX        /ERR/LOKO/0x00000002
11:02:32.165  INFO     RX        /ERR/LOKO/0x00000002
11:02:32.201  INFO     RX        /ERR/LOKO/0x00000002
11:02:32.356  DEBUG    TX /CONTROLL/-38,0,0,-41,0,0,0,0,0
11:02:32.478  INFO     RX        /ERR/LOKO/0x00000002
11:02:32.552  INFO     RX        /ERR/LOKO/0x00000002
11:02:32.595  INFO     RX        /ERR/LOKO/0x00000002
11:02:32.653  INFO     RX        /ERR/LOKO/0x00000002
11:02:32.684  INFO     RX        /ERR/LOKO/0x00000002
11:02:32.719  INFO     RX        /ERR/LOKO/0x00000002
11:02:32.844  INFO     RX        /ERR/LOKO/0x00000002
11:02:32.876  INFO     RX        /ERR/LOKO/0x00000002
11:02:33.618  INFO     RX        /ERR/LOKO/0x00000002
11:02:33.618  INFO     RX        /ERR/LOKO/0x00000002
11:02:33.710  INFO     RX        /ERR/LOKO/0x00000002
11:02:33.810  INFO     RX        /ERR/LOKO/0x00000002
11:02:33.904  INFO     RX        /ERR/LOKO/0x00000002
11:02:33.964  DEBUG    TX /CONTROLL/0,14,0,99,0,0,0,0,0
11:02:34.005  INFO     RX        /ERR/LOKO/0x00000002
11:02:34.096  INFO     RX        /ERR/LOKO/0x00000002
11:02:34.131  INFO     RX        /ERR/LOKO/0x00000002
11:02:34.227  INFO     RX        /ERR/LOKO/0x00000002
11:02:34.227  INFO     RX        /ERR/LOKO/0x00000002
11:02:34.320  INFO     RX        /ERR/LOKO/0x00000002
11:02:34.464  INFO     RX        /ERR/LOKO/0x00000002
11:02:34.518  INFO     RX        /ERR/LOKO/0x00000002
11:02:34.611  INFO     RX        /ERR/LOKO/0x00000002
11:02:34.711  INFO     RX        /ERR/LOKO/0x00000002
11:02:34.808  INFO     RX        /ERR/LOKO/0x00000002
11:02:34.939  INFO     RX        /ERR/LOKO/0x00000002
11:02:35.035  INFO     RX        /ERR/LOKO/0x00000002
11:02:35.134  INFO     RX        /ERR/LOKO/0x00000002
11:02:35.225  INFO     RX        /ERR/LOKO/0x00000002
11:02:35.329  INFO     RX        /ERR/LOKO/0x00000002
11:02:35.421  INFO     RX        /ERR/LOKO/0x00000002
11:02:35.518  INFO     RX        /ERR/LOKO/0x00000002
11:02:35.518  INFO     RX        /ERR/LOKO/0x00000002
11:02:35.574  DEBUG    TX /CONTROLL/0,14,0,99,0,0,0,0,0
11:02:35.612  INFO     RX        /ERR/LOKO/0x00000002
11:02:35.645  INFO     RX        /ERR/LOKO/0x00000002
11:02:35.740  INFO     RX        /ERR/LOKO/0x00000002
11:02:35.740  INFO     RX        /ERR/LOKO/0x00000002
11:02:35.839  INFO     RX        /ERR/LOKO/0x00000002
11:02:35.931  INFO     RX        /ERR/LOKO/0x00000002
11:02:36.029  INFO     RX        /ERR/LOKO/0x00000002
11:02:36.124  INFO     RX        /ERR/LOKO/0x00000002
11:02:36.124  INFO     RX        /ERR/LOKO/0x00000002
11:02:36.156  INFO     RX        /ERR/LOKO/0x00000002
11:02:36.221  INFO     RX        /ERR/LOKO/0x00000002
11:02:36.221  INFO     RX        /ERR/LOKO/0x00000002
11:02:36.257  INFO     RX        /ERR/LOKO/0x00000002
11:02:36.320  INFO     RX        /ERR/LOKO/0x00000002
11:02:36.467  INFO     RX        /ERR/LOKO/0x00000002
11:02:36.467  INFO     RX        /ERR/LOKO/0x00000002
11:02:36.469  INFO     RX        /ERR/LOKO/0x00000002
11:02:36.544  INFO     RX        /ERR/LOKO/0x00000002
11:02:36.637  INFO     RX        /ERR/LOKO/0x00000002
11:02:36.736  INFO     RX        /ERR/LOKO/0x00000002
11:02:36.833  INFO     RX        /ERR/LOKO/0x00000002
11:02:36.926  INFO     RX        /ERR/LOKO/0x00000002
11:02:37.065  INFO     RX        /ERR/LOKO/0x00000002
11:02:37.065  INFO     RX        /ERR/LOKO/0x00000002
11:02:37.078  INFO     RX        /ERR/LOKO/0x00000002
11:02:37.180  DEBUG    TX /CONTROLL/0,0,0,0,0,0,0,0,0
11:02:38.785  DEBUG    TX /CONTROLL/0,0,0,0,0,0,0,0,0
11:02:39.758  INFO     RX        /ERR/LOKO/0x00000002
11:02:39.758  INFO     RX        /ERR/LOKO/0x00000002
11:02:39.887  INFO     RX        /ERR/LOKO/0x00000002
11:02:39.921  INFO     RX        /ERR/LOKO/0x00000002
11:02:40.046  INFO     RX        /ERR/LOKO/0x00000002
11:02:40.177  INFO     RX        /ERR/LOKO/0x00000002
11:02:40.178  INFO     RX        /ERR/LOKO/0x00000002
11:02:40.305  INFO     RX        /ERR/LOKO/0x00000002
11:02:40.305  INFO     RX        /ERR/LOKO/0x00000002
11:02:40.396  DEBUG    TX /CONTROLL/0,12,0,75,0,0,0,0,0
11:02:40.434  INFO     RX        /ERR/LOKO/0x00000002
11:02:40.463  INFO     RX        /ERR/LOKO/0x00000002
11:02:40.562  INFO     RX        /ERR/LOKO/0x00000002
11:02:40.597  INFO     RX        /ERR/LOKO/0x00000002
11:02:40.727  INFO     RX        /ERR/LOKO/0x00000002
11:02:40.728  INFO     RX        /ERR/LOKO/0x00000002
11:02:40.826  INFO     RX        /ERR/LOKO/0x00000002
11:02:40.854  INFO     RX        /ERR/LOKO/0x00000002
11:02:40.982  INFO     RX        /ERR/LOKO/0x00000002
11:02:40.983  INFO     RX        /ERR/LOKO/0x00000002
11:02:41.194  INFO     RX        /ERR/LOKO/0x00000002
11:02:41.194  INFO     RX        /ERR/LOKO/0x00000002
11:02:41.372  INFO     RX        /ERR/LOKO/0x00000002
11:02:41.372  INFO     RX        /ERR/LOKO/0x00000002
11:02:41.400  INFO     RX        /ERR/LOKO/0x00000002
11:02:41.496  INFO     RX        /ERR/LOKO/0x00000002
11:02:41.531  INFO     RX        /ERR/LOKO/0x00000002
11:02:41.882  INFO     RX        /ERR/LOKO/0x00000002
11:02:41.917  INFO     RX        /ERR/LOKO/0x00000002
11:02:41.917  INFO     RX        /ERR/LOKO/0x00000002
11:02:42.008  DEBUG    TX /CONTROLL/0,12,0,75,0,0,0,0,0
11:02:42.046  INFO     RX        /ERR/LOKO/0x00000002
11:02:42.171  INFO     RX        /ERR/LOKO/0x00000002
11:02:42.300  INFO     RX        /ERR/LOKO/0x00000002
11:02:42.300  INFO     RX        /ERR/LOKO/0x00000002
11:02:42.400  INFO     RX        /ERR/LOKO/0x00000002
11:02:42.432  INFO     RX        /ERR/LOKO/0x00000002
11:02:42.432  INFO     RX        /ERR/LOKO/0x00000002
11:02:42.466  INFO     RX        /ERR/LOKO/0x00000002
11:02:42.466  INFO     RX        /ERR/LOKO/0x00000002
11:02:42.528  INFO     RX        /ERR/LOKO/0x00000002
11:02:42.557  INFO     RX        /ERR/LOKO/0x00000002
11:02:42.558  INFO     RX        /ERR/LOKO/0x00000002
11:02:42.596  INFO     RX        /ERR/LOKO/0x00000002
11:02:42.596  INFO     RX        /ERR/LOKO/0x00000002
11:02:42.945  INFO     RX        /ERR/LOKO/0x00000002
11:02:42.945  INFO     RX        /ERR/LOKO/0x00000002
11:02:42.975  INFO     RX        /ERR/LOKO/0x00000002
11:02:42.975  INFO     RX        /ERR/LOKO/0x00000002
11:02:42.975  INFO     RX        /ERR/LOKO/0x00000002
11:02:43.077  INFO     RX        /ERR/LOKO/0x00000002
11:02:43.103  INFO     RX        /ERR/LOKO/0x00000002
11:02:43.614  DEBUG    TX /CONTROLL/0,0,0,0,0,0,0,0,0
11:02:44.975  INFO     RX        /ERR/LOKO/0x00000002
11:02:44.975  INFO     RX        /ERR/LOKO/0x00000002
11:02:45.002  INFO     RX        /ERR/LOKO/0x00000002
11:02:45.003  INFO     RX        /ERR/LOKO/0x00000002
11:02:45.226  DEBUG    TX /CONTROLL/0,0,0,-50,0,0,0,0,0
11:02:45.265  INFO     RX        /ERR/LOKO/0x00000002
11:02:45.265  INFO     RX        /ERR/LOKO/0x00000002
11:02:45.265  INFO     RX        /ERR/LOKO/0x00000002
11:02:45.454  INFO     RX        /ERR/LOKO/0x00000002
11:02:45.454  INFO     RX        /ERR/LOKO/0x00000002
11:02:45.619  INFO     RX        /ERR/LOKO/0x00000002
11:02:45.619  INFO     RX        /ERR/LOKO/0x00000002
11:02:45.745  INFO     RX        /ERR/LOKO/0x00000002
11:02:45.745  INFO     RX        /ERR/LOKO/0x00000002
11:02:45.876  INFO     RX        /ERR/LOKO/0x00000002
11:02:45.876  INFO     RX        /ERR/LOKO/0x00000002
11:02:46.033  INFO     RX        /ERR/LOKO/0x00000002
11:02:46.068  INFO     RX        /ERR/LOKO/0x00000002
11:02:46.106  INFO     RX        /ERR/LOKO/0x00000002
11:02:46.166  INFO     RX        /ERR/LOKO/0x00000002
11:02:46.226  INFO     RX        /ERR/LOKO/0x00000002
11:02:46.262  INFO     RX        /ERR/LOKO/0x00000002
11:02:46.290  INFO     RX        /ERR/LOKO/0x00000002
11:02:46.389  INFO     RX        /ERR/LOKO/0x00000002
11:02:46.518  INFO     RX        /ERR/LOKO/0x00000002
11:02:46.547  INFO     RX        /ERR/LOKO/0x00000002
11:02:46.582  INFO     RX        /ERR/LOKO/0x00000002
11:02:46.615  INFO     RX        /ERR/LOKO/0x00000002
11:02:46.681  INFO     RX        /ERR/LOKO/0x00000002
11:02:46.774  INFO     RX        /ERR/LOKO/0x00000002
11:02:46.808  INFO     RX        /ERR/LOKO/0x00000002
11:02:46.834  DEBUG    TX /CONTROLL/0,0,0,-79,0,0,0,0,0
11:02:46.905  INFO     RX        /ERR/LOKO/0x00000002
11:02:46.997  INFO     RX        /ERR/LOKO/0x00000002
11:02:47.062  INFO     RX        /ERR/LOKO/0x00000002
11:02:47.097  INFO     RX        /ERR/LOKO/0x00000002
11:02:47.189  INFO     RX        /ERR/LOKO/0x00000002
11:02:47.225  INFO     RX        /ERR/LOKO/0x00000002
11:02:47.254  INFO     RX        /ERR/LOKO/0x00000002
11:02:47.289  INFO     RX        /ERR/LOKO/0x00000002
11:02:47.447  INFO     RX        /ERR/LOKO/0x00000002
11:02:47.447  INFO     RX        /ERR/LOKO/0x00000002
11:02:47.480  INFO     RX        /ERR/LOKO/0x00000002
11:02:47.548  INFO     RX        /ERR/LOKO/0x00000002
11:02:47.609  INFO     RX        /ERR/LOKO/0x00000002
11:02:47.644  INFO     RX        /ERR/LOKO/0x00000002
11:02:47.676  INFO     RX        /ERR/LOKO/0x00000002
11:02:47.736  INFO     RX        /ERR/LOKO/0x00000002
11:02:47.803  INFO     RX        /ERR/LOKO/0x00000002
11:02:47.836  INFO     RX        /ERR/LOKO/0x00000002
11:02:47.937  INFO     RX        /ERR/LOKO/0x00000002
11:02:47.966  INFO     RX        /ERR/LOKO/0x00000002
11:02:48.026  INFO     RX        /ERR/LOKO/0x00000002
11:02:48.061  INFO     RX        /ERR/LOKO/0x00000002
11:02:48.126  INFO     RX        /ERR/LOKO/0x00000002
11:02:48.155  INFO     RX        /ERR/LOKO/0x00000002
11:02:48.223  INFO     RX        /ERR/LOKO/0x00000002
11:02:48.259  INFO     RX        /ERR/LOKO/0x00000002
11:02:48.320  INFO     RX        /ERR/LOKO/0x00000002
11:02:48.349  INFO     RX        /ERR/LOKO/0x00000002
11:02:48.383  INFO     RX        /ERR/LOKO/0x00000002
11:02:48.441  DEBUG    TX /CONTROLL/49,0,0,-79,0,0,0,0,0
11:02:48.476  INFO     RX        /ERR/LOKO/0x00000002
11:02:48.512  INFO     RX        /ERR/LOKO/0x00000002
11:02:48.544  INFO     RX        /ERR/LOKO/0x00000002
11:02:48.574  INFO     RX        /ERR/LOKO/0x00000002
11:02:48.608  INFO     RX        /ERR/LOKO/0x00000002
11:02:48.673  INFO     RX        /ERR/LOKO/0x00000002
11:02:48.802  INFO     RX        /ERR/LOKO/0x00000002
11:02:48.899  INFO     RX        /ERR/LOKO/0x00000002
11:02:48.929  INFO     RX        /ERR/LOKO/0x00000002
11:02:49.027  INFO     RX        /ERR/LOKO/0x00000002
11:02:49.061  INFO     RX        /ERR/LOKO/0x00000002
11:02:49.126  INFO     RX        /ERR/LOKO/0x00000002
11:02:49.186  INFO     RX        /ERR/LOKO/0x00000002
11:02:49.285  INFO     RX        /ERR/LOKO/0x00000002
11:02:49.320  INFO     RX        /ERR/LOKO/0x00000002
11:02:49.384  INFO     RX        /ERR/LOKO/0x00000002
11:02:49.480  INFO     RX        /ERR/LOKO/0x00000002
11:02:49.510  INFO     RX        /ERR/LOKO/0x00000002
11:02:49.576  INFO     RX        /ERR/LOKO/0x00000002
11:02:49.642  INFO     RX        /ERR/LOKO/0x00000002
11:02:49.701  INFO     RX        /ERR/LOKO/0x00000002
11:02:49.802  INFO     RX        /ERR/LOKO/0x00000002
11:02:49.867  INFO     RX        /ERR/LOKO/0x00000002
11:02:49.894  INFO     RX        /ERR/LOKO/0x00000002
11:02:50.040  INFO     RX        /ERR/LOKO/0x00000002
11:02:50.040  INFO     RX        /ERR/LOKO/0x00000002
11:02:50.051  DEBUG    TX /CONTROLL/70,12,0,-77,0,0,0,0,0
11:02:50.077  INFO     RX        /ERR/LOKO/0x00000002
11:02:50.112  INFO     RX        /ERR/LOKO/0x00000002
11:02:50.203  INFO     RX        /ERR/LOKO/0x00000002
11:02:50.274  INFO     RX        /ERR/LOKO/0x00000002
11:02:50.331  INFO     RX        /ERR/LOKO/0x00000002
11:02:50.400  INFO     RX        /ERR/LOKO/0x00000002
11:02:50.497  INFO     RX        /ERR/LOKO/0x00000002
11:02:50.497  INFO     RX        /ERR/LOKO/0x00000002
11:02:50.626  INFO     RX        /ERR/LOKO/0x00000002
11:02:50.626  INFO     RX        /ERR/LOKO/0x00000002
11:02:50.755  INFO     RX        /ERR/LOKO/0x00000002
11:02:50.755  INFO     RX        /ERR/LOKO/0x00000002
11:02:50.916  INFO     RX        /ERR/LOKO/0x00000002
11:02:50.944  INFO     RX        /ERR/LOKO/0x00000002
11:02:51.012  INFO     RX        /ERR/LOKO/0x00000002
11:02:51.041  INFO     RX        /ERR/LOKO/0x00000002
11:02:51.076  INFO     RX        /ERR/LOKO/0x00000002
11:02:51.137  INFO     RX        /ERR/LOKO/0x00000002
11:02:51.205  INFO     RX        /ERR/LOKO/0x00000002
11:02:51.235  INFO     RX        /ERR/LOKO/0x00000002
11:02:51.270  INFO     RX        /ERR/LOKO/0x00000002
11:02:51.298  INFO     RX        /ERR/LOKO/0x00000002
11:02:51.333  INFO     RX        /ERR/LOKO/0x00000002
11:02:51.432  INFO     RX        /ERR/LOKO/0x00000002
11:02:51.462  INFO     RX        /ERR/LOKO/0x00000002
11:02:51.496  INFO     RX        /ERR/LOKO/0x00000002
11:02:51.525  INFO     RX        /ERR/LOKO/0x00000002
11:02:51.590  INFO     RX        /ERR/LOKO/0x00000002
11:02:51.651  DEBUG    TX /CONTROLL/-19,0,0,-77,0,0,0,0,0
11:02:51.654  INFO     RX        /ERR/LOKO/0x00000002
11:02:51.690  INFO     RX        /ERR/LOKO/0x00000002
11:02:51.719  INFO     RX        /ERR/LOKO/0x00000002
11:02:51.783  INFO     RX        /ERR/LOKO/0x00000002
11:02:51.818  INFO     RX        /ERR/LOKO/0x00000002
11:02:51.852  INFO     RX        /ERR/LOKO/0x00000002
11:02:51.916  INFO     RX        /ERR/LOKO/0x00000002
11:02:51.950  INFO     RX        /ERR/LOKO/0x00000002
11:02:52.012  INFO     RX        /ERR/LOKO/0x00000002
11:02:52.044  INFO     RX        /ERR/LOKO/0x00000002
11:02:52.073  INFO     RX        /ERR/LOKO/0x00000002
11:02:52.170  INFO     RX        /ERR/LOKO/0x00000002
11:02:52.205  INFO     RX        /ERR/LOKO/0x00000002
11:02:52.236  INFO     RX        /ERR/LOKO/0x00000002
11:02:52.271  INFO     RX        /ERR/LOKO/0x00000002
11:02:52.300  INFO     RX        /ERR/LOKO/0x00000002
11:02:52.336  INFO     RX        /ERR/LOKO/0x00000002
11:02:52.430  INFO     RX        /ERR/LOKO/0x00000002
11:02:52.464  INFO     RX        /ERR/LOKO/0x00000002
11:02:52.495  INFO     RX        /ERR/LOKO/0x00000002
11:02:52.640  INFO     RX        /ERR/LOKO/0x00000002
11:02:52.640  INFO     RX        /ERR/LOKO/0x00000002
11:02:52.645  INFO     RX        /ERR/LOKO/0x00000002
11:02:52.686  INFO     RX        /ERR/LOKO/0x00000002
11:02:52.786  INFO     RX        /ERR/LOKO/0x00000002
11:02:52.880  INFO     RX        /ERR/LOKO/0x00000002
11:02:52.943  INFO     RX        /ERR/LOKO/0x00000002
11:02:52.979  INFO     RX        /ERR/LOKO/0x00000002
11:02:53.039  INFO     RX        /ERR/LOKO/0x00000002
11:02:53.075  INFO     RX        /ERR/LOKO/0x00000002
11:02:53.168  INFO     RX        /ERR/LOKO/0x00000002
11:02:53.262  DEBUG    TX /CONTROLL/-97,0,0,-74,0,0,0,0,0
11:02:53.367  INFO     RX        /ERR/LOKO/0x00000002
11:02:53.458  INFO     RX        /ERR/LOKO/0x00000002
11:02:53.587  INFO     RX        /ERR/LOKO/0x00000002
11:02:53.748  INFO     RX        /ERR/LOKO/0x00000002
11:02:53.789  INFO     RX        /ERR/LOKO/0x00000002
11:02:53.878  INFO     RX        /ERR/LOKO/0x00000002
11:02:53.908  INFO     RX        /ERR/LOKO/0x00000002
11:02:53.972  INFO     RX        /ERR/LOKO/0x00000002
11:02:54.070  INFO     RX        /ERR/LOKO/0x00000002
11:02:54.071  INFO     RX        /ERR/LOKO/0x00000002
11:02:54.198  INFO     RX        /ERR/LOKO/0x00000002
11:02:54.227  INFO     RX        /ERR/LOKO/0x00000002
11:02:54.326  INFO     RX        /ERR/LOKO/0x00000002
11:02:54.355  INFO     RX        /ERR/LOKO/0x00000002
11:02:54.488  INFO     RX        /ERR/LOKO/0x00000002
11:02:54.488  INFO     RX        /ERR/LOKO/0x00000002
11:02:54.614  INFO     RX        /ERR/LOKO/0x00000002
11:02:54.778  INFO     RX        /ERR/LOKO/0x00000002
11:02:54.868  DEBUG    TX /CONTROLL/18,0,0,-74,0,0,0,0,0
11:02:54.906  INFO     RX        /ERR/LOKO/0x00000002
11:02:54.936  INFO     RX        /ERR/LOKO/0x00000002
11:02:54.970  INFO     RX        /ERR/LOKO/0x00000002
11:02:55.034  INFO     RX        /ERR/LOKO/0x00000002
11:02:55.064  INFO     RX        /ERR/LOKO/0x00000002
11:02:55.128  INFO     RX        /ERR/LOKO/0x00000002
11:02:55.161  INFO     RX        /ERR/LOKO/0x00000002
11:02:55.255  INFO     RX        /ERR/LOKO/0x00000002
11:02:55.287  INFO     RX        /ERR/LOKO/0x00000002
11:02:55.351  INFO     RX        /ERR/LOKO/0x00000002
11:02:55.454  INFO     RX        /ERR/LOKO/0x00000002
11:02:55.479  INFO     RX        /ERR/LOKO/0x00000002
11:02:55.580  INFO     RX        /ERR/LOKO/0x00000002
11:02:55.608  INFO     RX        /ERR/LOKO/0x00000002
11:02:55.741  INFO     RX        /ERR/LOKO/0x00000002
11:02:55.741  INFO     RX        /ERR/LOKO/0x00000002
11:02:55.899  INFO     RX        /ERR/LOKO/0x00000002
11:02:55.936  INFO     RX        /ERR/LOKO/0x00000002
11:02:56.031  INFO     RX        /ERR/LOKO/0x00000002
11:02:56.124  INFO     RX        /ERR/LOKO/0x00000002
11:02:56.159  INFO     RX        /ERR/LOKO/0x00000002
11:02:56.191  INFO     RX        /ERR/LOKO/0x00000002
11:02:56.225  INFO     RX        /ERR/LOKO/0x00000002
11:02:56.318  INFO     RX        /ERR/LOKO/0x00000002
11:02:56.447  INFO     RX        /ERR/LOKO/0x00000002
11:02:56.475  DEBUG    TX /CONTROLL/0,0,0,-72,0,0,0,0,0
11:02:56.482  INFO     RX        /ERR/LOKO/0x00000002
11:02:56.609  INFO     RX        /ERR/LOKO/0x00000002
11:02:56.639  INFO     RX        /ERR/LOKO/0x00000002
11:02:56.675  INFO     RX        /ERR/LOKO/0x00000002
11:02:56.771  INFO     RX        /ERR/LOKO/0x00000002
11:02:56.864  INFO     RX        /ERR/LOKO/0x00000002
11:02:56.964  INFO     RX        /ERR/LOKO/0x00000002
11:02:56.993  INFO     RX        /ERR/LOKO/0x00000002
11:02:57.058  INFO     RX        /ERR/LOKO/0x00000002
11:02:57.093  INFO     RX        /ERR/LOKO/0x00000002
11:02:57.186  INFO     RX        /ERR/LOKO/0x00000002
11:02:57.221  INFO     RX        /ERR/LOKO/0x00000002
11:02:57.286  INFO     RX        /ERR/LOKO/0x00000002
11:02:57.378  INFO     RX        /ERR/LOKO/0x00000002
11:02:57.418  INFO     RX        /ERR/LOKO/0x00000002
11:02:57.442  INFO     RX        /ERR/LOKO/0x00000002
11:02:57.546  INFO     RX        /ERR/LOKO/0x00000002
11:02:57.574  INFO     RX        /ERR/LOKO/0x00000002
11:02:57.635  INFO     RX        /ERR/LOKO/0x00000002
11:02:57.670  INFO     RX        /ERR/LOKO/0x00000002
11:02:57.735  INFO     RX        /ERR/LOKO/0x00000002
11:02:57.764  INFO     RX        /ERR/LOKO/0x00000002
11:02:57.897  INFO     RX        /ERR/LOKO/0x00000002
11:02:57.926  INFO     RX        /ERR/LOKO/0x00000002
11:02:58.055  INFO     RX        /ERR/LOKO/0x00000002
11:02:58.058  INFO     RX        /ERR/LOKO/0x00000002
11:02:58.084  DEBUG    TX /CONTROLL/0,0,0,-69,0,0,0,0,0
11:02:58.221  INFO     RX        /ERR/LOKO/0x00000002
11:02:58.221  INFO     RX        /ERR/LOKO/0x00000002
11:02:58.285  INFO     RX        /ERR/LOKO/0x00000002
11:02:58.351  INFO     RX        /ERR/LOKO/0x00000002
11:02:58.414  INFO     RX        /ERR/LOKO/0x00000002
11:02:58.443  INFO     RX        /ERR/LOKO/0x00000002
11:02:58.507  INFO     RX        /ERR/LOKO/0x00000002
11:02:58.543  INFO     RX        /ERR/LOKO/0x00000002
11:02:58.636  INFO     RX        /ERR/LOKO/0x00000002
11:02:58.699  INFO     RX        /ERR/LOKO/0x00000002
11:02:58.764  INFO     RX        /ERR/LOKO/0x00000002
11:02:58.805  INFO     RX        /ERR/LOKO/0x00000002
11:02:58.832  INFO     RX        /ERR/LOKO/0x00000002
11:02:58.897  INFO     RX        /ERR/LOKO/0x00000002
11:02:58.991  INFO     RX        /ERR/LOKO/0x00000002
11:02:59.125  INFO     RX        /ERR/LOKO/0x00000002
11:02:59.187  INFO     RX        /ERR/LOKO/0x00000002
11:02:59.322  INFO     RX        /ERR/LOKO/0x00000002
11:02:59.384  INFO     RX        /ERR/LOKO/0x00000002
11:02:59.414  INFO     RX        /ERR/LOKO/0x00000002
11:02:59.514  INFO     RX        /ERR/LOKO/0x00000002
11:02:59.605  INFO     RX        /ERR/LOKO/0x00000002
11:02:59.605  INFO     RX        /ERR/LOKO/0x00000002
11:02:59.699  DEBUG    TX /CONTROLL/0,0,0,-100,0,0,0,0,0
11:02:59.705  INFO     RX        /ERR/LOKO/0x00000002
11:02:59.705  INFO     RX        /ERR/LOKO/0x00000002
11:02:59.799  INFO     RX        /ERR/LOKO/0x00000002
11:02:59.900  INFO     RX        /ERR/LOKO/0x00000002
11:02:59.900  INFO     RX        /ERR/LOKO/0x00000002
11:03:00.026  INFO     RX        /ERR/LOKO/0x00000002
11:03:00.123  INFO     RX        /ERR/LOKO/0x00000002
11:03:00.219  INFO     RX        /ERR/LOKO/0x00000002
11:03:00.316  INFO     RX        /ERR/LOKO/0x00000002
11:03:00.409  INFO     RX        /ERR/LOKO/0x00000002
11:03:00.505  INFO     RX        /ERR/LOKO/0x00000002
11:03:00.605  INFO     RX        /ERR/LOKO/0x00000002
11:03:00.698  INFO     RX        /ERR/LOKO/0x00000002
11:03:01.304  DEBUG    TX /CONTROLL/0,0,0,0,0,0,0,0,0
11:03:02.018  INFO     RX        /ERR/LOKO/0x00000002
11:03:02.047  INFO     RX        /ERR/LOKO/0x00000002
11:03:02.047  INFO     RX        /ERR/LOKO/0x00000002
11:03:02.278  INFO     RX        /ERR/LOKO/0x00000002
11:03:02.278  INFO     RX        /ERR/LOKO/0x00000002
11:03:02.405  INFO     RX        /ERR/LOKO/0x00000002
11:03:02.405  INFO     RX        /ERR/LOKO/0x00000002
11:03:02.564  INFO     RX        /ERR/LOKO/0x00000002
11:03:02.564  INFO     RX        /ERR/LOKO/0x00000002
11:03:02.696  INFO     RX        /ERR/LOKO/0x00000002
11:03:02.696  INFO     RX        /ERR/LOKO/0x00000002
11:03:02.855  INFO     RX        /ERR/LOKO/0x00000002
11:03:02.890  INFO     RX        /ERR/LOKO/0x00000002
11:03:02.917  DEBUG    TX /CONTROLL/0,0,0,-61,0,0,0,0,0
11:03:03.019  INFO     RX        /ERR/LOKO/0x00000002
11:03:03.019  INFO     RX        /ERR/LOKO/0x00000002
11:03:03.048  INFO     RX        /ERR/LOKO/0x00000002
11:03:03.211  INFO     RX        /ERR/LOKO/0x00000002
11:03:03.211  INFO     RX        /ERR/LOKO/0x00000002
11:03:03.340  INFO     RX        /ERR/LOKO/0x00000002
11:03:03.340  INFO     RX        /ERR/LOKO/0x00000002
11:03:03.497  INFO     RX        /ERR/LOKO/0x00000002
11:03:03.626  INFO     RX        /ERR/LOKO/0x00000002
11:03:03.755  INFO     RX        /ERR/LOKO/0x00000002
11:03:03.786  INFO     RX        /ERR/LOKO/0x00000002
11:03:03.914  INFO     RX        /ERR/LOKO/0x00000002
11:03:03.914  INFO     RX        /ERR/LOKO/0x00000002
11:03:04.078  INFO     RX        /ERR/LOKO/0x00000002
11:03:04.078  INFO     RX        /ERR/LOKO/0x00000002
11:03:04.208  INFO     RX        /ERR/LOKO/0x00000002
11:03:04.208  INFO     RX        /ERR/LOKO/0x00000002
11:03:04.366  INFO     RX        /ERR/LOKO/0x00000002
11:03:04.401  INFO     RX        /ERR/LOKO/0x00000002
11:03:04.430  INFO     RX        /ERR/LOKO/0x00000002
11:03:04.524  DEBUG    TX /CONTROLL/54,0,0,-69,0,0,0,0,0
11:03:04.530  INFO     RX        /ERR/LOKO/0x00000002
11:03:04.591  INFO     RX        /ERR/LOKO/0x00000002
11:03:04.626  INFO     RX        /ERR/LOKO/0x00000002
11:03:04.719  INFO     RX        /ERR/LOKO/0x00000002
11:03:04.754  INFO     RX        /ERR/LOKO/0x00000002
11:03:04.819  INFO     RX        /ERR/LOKO/0x00000002
11:03:04.881  INFO     RX        /ERR/LOKO/0x00000002
11:03:04.981  INFO     RX        /ERR/LOKO/0x00000002
11:03:05.074  INFO     RX        /ERR/LOKO/0x00000002
11:03:05.110  INFO     RX        /ERR/LOKO/0x00000002
11:03:05.172  INFO     RX        /ERR/LOKO/0x00000002
11:03:05.206  INFO     RX        /ERR/LOKO/0x00000002
11:03:05.304  INFO     RX        /ERR/LOKO/0x00000002
11:03:05.333  INFO     RX        /ERR/LOKO/0x00000002
11:03:05.465  INFO     RX        /ERR/LOKO/0x00000002
11:03:05.526  INFO     RX        /ERR/LOKO/0x00000002
11:03:05.561  INFO     RX        /ERR/LOKO/0x00000002
11:03:05.655  INFO     RX        /ERR/LOKO/0x00000002
11:03:05.690  INFO     RX        /ERR/LOKO/0x00000002
11:03:05.754  INFO     RX        /ERR/LOKO/0x00000002
11:03:05.879  INFO     RX        /ERR/LOKO/0x00000002
11:03:05.879  INFO     RX        /ERR/LOKO/0x00000002
11:03:06.044  INFO     RX        /ERR/LOKO/0x00000002
11:03:06.044  INFO     RX        /ERR/LOKO/0x00000002
11:03:06.106  INFO     RX        /ERR/LOKO/0x00000002
11:03:06.134  DEBUG    TX /CONTROLL/-95,0,0,-70,0,0,0,0,0
11:03:06.269  INFO     RX        /ERR/LOKO/0x00000002
11:03:06.298  INFO     RX        /ERR/LOKO/0x00000002
11:03:06.362  INFO     RX        /ERR/LOKO/0x00000002
11:03:06.490  INFO     RX        /ERR/LOKO/0x00000002
11:03:06.687  INFO     RX        /ERR/LOKO/0x00000002
11:03:06.817  INFO     RX        /ERR/LOKO/0x00000002
11:03:07.070  INFO     RX        /ERR/LOKO/0x00000002
11:03:07.106  INFO     RX        /ERR/LOKO/0x00000002
11:03:07.201  INFO     RX        /ERR/LOKO/0x00000002
11:03:07.299  INFO     RX        /ERR/LOKO/0x00000002
11:03:07.457  INFO     RX        /ERR/LOKO/0x00000002
11:03:07.492  INFO     RX        /ERR/LOKO/0x00000002
11:03:07.586  INFO     RX        /ERR/LOKO/0x00000002
11:03:07.621  INFO     RX        /ERR/LOKO/0x00000002
11:03:07.682  INFO     RX        /ERR/LOKO/0x00000002
11:03:07.744  DEBUG    TX /CONTROLL/-63,0,0,-70,0,0,0,0,0
11:03:07.816  INFO     RX        /ERR/LOKO/0x00000002
11:03:07.876  INFO     RX        /ERR/LOKO/0x00000002
11:03:07.877  INFO     RX        /ERR/LOKO/0x00000002
11:03:08.040  INFO     RX        /ERR/LOKO/0x00000002
11:03:08.040  INFO     RX        /ERR/LOKO/0x00000002
11:03:08.204  INFO     RX        /ERR/LOKO/0x00000002
11:03:08.329  INFO     RX        /ERR/LOKO/0x00000002
11:03:08.330  INFO     RX        /ERR/LOKO/0x00000002
11:03:08.457  INFO     RX        /ERR/LOKO/0x00000002
11:03:08.457  INFO     RX        /ERR/LOKO/0x00000002
11:03:08.556  INFO     RX        /ERR/LOKO/0x00000002
11:03:08.587  INFO     RX        /ERR/LOKO/0x00000002
11:03:08.717  INFO     RX        /ERR/LOKO/0x00000002
11:03:08.717  INFO     RX        /ERR/LOKO/0x00000002
11:03:08.846  INFO     RX        /ERR/LOKO/0x00000002
11:03:08.880  INFO     RX        /ERR/LOKO/0x00000002
11:03:09.011  INFO     RX        /ERR/LOKO/0x00000002
11:03:09.137  INFO     RX        /ERR/LOKO/0x00000002
11:03:09.137  INFO     RX        /ERR/LOKO/0x00000002
11:03:09.238  INFO     RX        /ERR/LOKO/0x00000002
11:03:09.262  INFO     RX        /ERR/LOKO/0x00000002
11:03:09.326  INFO     RX        /ERR/LOKO/0x00000002
11:03:09.354  DEBUG    TX /CONTROLL/19,0,0,-81,0,0,0,0,0
11:03:09.390  INFO     RX        /ERR/LOKO/0x00000002
11:03:09.425  INFO     RX        /ERR/LOKO/0x00000002
11:03:09.489  INFO     RX        /ERR/LOKO/0x00000002
11:03:09.518  INFO     RX        /ERR/LOKO/0x00000002
11:03:09.554  INFO     RX        /ERR/LOKO/0x00000002
11:03:09.617  INFO     RX        /ERR/LOKO/0x00000002
11:03:09.679  INFO     RX        /ERR/LOKO/0x00000002
11:03:09.711  INFO     RX        /ERR/LOKO/0x00000002
11:03:09.743  INFO     RX        /ERR/LOKO/0x00000002
11:03:09.781  INFO     RX        /ERR/LOKO/0x00000002
11:03:09.872  INFO     RX        /ERR/LOKO/0x00000002
11:03:09.906  INFO     RX        /ERR/LOKO/0x00000002
11:03:09.936  INFO     RX        /ERR/LOKO/0x00000002
11:03:09.970  INFO     RX        /ERR/LOKO/0x00000002
11:03:10.034  INFO     RX        /ERR/LOKO/0x00000002
11:03:10.063  INFO     RX        /ERR/LOKO/0x00000002
11:03:10.131  INFO     RX        /ERR/LOKO/0x00000002
11:03:10.164  INFO     RX        /ERR/LOKO/0x00000002
11:03:10.196  INFO     RX        /ERR/LOKO/0x00000002
11:03:10.260  INFO     RX        /ERR/LOKO/0x00000002
11:03:10.291  INFO     RX        /ERR/LOKO/0x00000002
11:03:10.354  INFO     RX        /ERR/LOKO/0x00000002
11:03:10.389  INFO     RX        /ERR/LOKO/0x00000002
11:03:10.454  INFO     RX        /ERR/LOKO/0x00000002
11:03:10.487  INFO     RX        /ERR/LOKO/0x00000002
11:03:10.519  INFO     RX        /ERR/LOKO/0x00000002
11:03:10.585  INFO     RX        /ERR/LOKO/0x00000002
11:03:10.646  INFO     RX        /ERR/LOKO/0x00000002
11:03:10.680  INFO     RX        /ERR/LOKO/0x00000002
11:03:10.710  INFO     RX        /ERR/LOKO/0x00000002
11:03:10.746  INFO     RX        /ERR/LOKO/0x00000002
11:03:10.844  INFO     RX        /ERR/LOKO/0x00000002
11:03:10.878  INFO     RX        /ERR/LOKO/0x00000002
11:03:10.904  INFO     RX        /ERR/LOKO/0x00000002
11:03:10.942  INFO     RX        /ERR/LOKO/0x00000002
11:03:10.966  DEBUG    TX /CONTROLL/16,0,0,-81,0,0,0,0,0
11:03:11.004  INFO     RX        /ERR/LOKO/0x00000002
11:03:11.036  INFO     RX        /ERR/LOKO/0x00000002
11:03:11.102  INFO     RX        /ERR/LOKO/0x00000002
11:03:11.129  INFO     RX        /ERR/LOKO/0x00000002
11:03:11.165  INFO     RX        /ERR/LOKO/0x00000002
11:03:11.228  INFO     RX        /ERR/LOKO/0x00000002
11:03:11.259  INFO     RX        /ERR/LOKO/0x00000002
11:03:11.326  INFO     RX        /ERR/LOKO/0x00000002
11:03:11.391  INFO     RX        /ERR/LOKO/0x00000002
11:03:11.424  INFO     RX        /ERR/LOKO/0x00000002
11:03:11.456  INFO     RX        /ERR/LOKO/0x00000002
11:03:11.488  INFO     RX        /ERR/LOKO/0x00000002
11:03:11.554  INFO     RX        /ERR/LOKO/0x00000002
11:03:11.618  INFO     RX        /ERR/LOKO/0x00000002
11:03:11.647  INFO     RX        /ERR/LOKO/0x00000002
11:03:11.681  INFO     RX        /ERR/LOKO/0x00000002
11:03:11.711  INFO     RX        /ERR/LOKO/0x00000002
11:03:11.776  INFO     RX        /ERR/LOKO/0x00000002
11:03:11.903  INFO     RX        /ERR/LOKO/0x00000002
11:03:12.035  INFO     RX        /ERR/LOKO/0x00000002
11:03:12.161  INFO     RX        /ERR/LOKO/0x00000002
11:03:12.322  INFO     RX        /ERR/LOKO/0x00000002
11:03:12.355  INFO     RX        /ERR/LOKO/0x00000002
11:03:12.417  INFO     RX        /ERR/LOKO/0x00000002
11:03:12.449  INFO     RX        /ERR/LOKO/0x00000002
11:03:12.514  INFO     RX        /ERR/LOKO/0x00000002
11:03:12.574  DEBUG    TX /CONTROLL/-28,0,0,-81,0,0,0,0,0
11:03:12.577  INFO     RX        /ERR/LOKO/0x00000002
11:03:12.612  INFO     RX        /ERR/LOKO/0x00000002
11:03:12.641  INFO     RX        /ERR/LOKO/0x00000002
11:03:12.678  INFO     RX        /ERR/LOKO/0x00000002
11:03:12.706  INFO     RX        /ERR/LOKO/0x00000002
11:03:12.806  INFO     RX        /ERR/LOKO/0x00000002
11:03:12.835  INFO     RX        /ERR/LOKO/0x00000002
11:03:12.871  INFO     RX        /ERR/LOKO/0x00000002
11:03:12.903  INFO     RX        /ERR/LOKO/0x00000002
11:03:13.001  INFO     RX        /ERR/LOKO/0x00000002
11:03:13.030  INFO     RX        /ERR/LOKO/0x00000002
11:03:13.065  INFO     RX        /ERR/LOKO/0x00000002
11:03:13.094  INFO     RX        /ERR/LOKO/0x00000002
11:03:13.130  INFO     RX        /ERR/LOKO/0x00000002
11:03:13.191  INFO     RX        /ERR/LOKO/0x00000002
11:03:13.256  INFO     RX        /ERR/LOKO/0x00000002
11:03:13.290  INFO     RX        /ERR/LOKO/0x00000002
11:03:13.324  INFO     RX        /ERR/LOKO/0x00000002
11:03:13.387  INFO     RX        /ERR/LOKO/0x00000002
11:03:13.420  INFO     RX        /ERR/LOKO/0x00000002
11:03:13.451  INFO     RX        /ERR/LOKO/0x00000002
11:03:13.480  INFO     RX        /ERR/LOKO/0x00000002
11:03:13.545  INFO     RX        /ERR/LOKO/0x00000002
11:03:13.580  INFO     RX        /ERR/LOKO/0x00000002
11:03:13.609  INFO     RX        /ERR/LOKO/0x00000002
11:03:13.645  INFO     RX        /ERR/LOKO/0x00000002
11:03:13.743  INFO     RX        /ERR/LOKO/0x00000002
11:03:13.777  INFO     RX        /ERR/LOKO/0x00000002
11:03:13.807  INFO     RX        /ERR/LOKO/0x00000002
11:03:13.843  INFO     RX        /ERR/LOKO/0x00000002
11:03:13.875  INFO     RX        /ERR/LOKO/0x00000002
11:03:13.909  INFO     RX        /ERR/LOKO/0x00000002
11:03:13.973  INFO     RX        /ERR/LOKO/0x00000002
11:03:14.004  INFO     RX        /ERR/LOKO/0x00000002
11:03:14.068  INFO     RX        /ERR/LOKO/0x00000002
11:03:14.132  INFO     RX        /ERR/LOKO/0x00000002
11:03:14.189  DEBUG    TX /CONTROLL/-34,0,0,-81,0,0,0,0,0
11:03:14.193  INFO     RX        /ERR/LOKO/0x00000002
11:03:14.228  INFO     RX        /ERR/LOKO/0x00000002
11:03:14.260  INFO     RX        /ERR/LOKO/0x00000002
11:03:14.325  INFO     RX        /ERR/LOKO/0x00000002
11:03:14.389  INFO     RX        /ERR/LOKO/0x00000002
11:03:14.418  INFO     RX        /ERR/LOKO/0x00000002
11:03:14.453  INFO     RX        /ERR/LOKO/0x00000002
11:03:14.518  INFO     RX        /ERR/LOKO/0x00000002
11:03:14.547  INFO     RX        /ERR/LOKO/0x00000002
11:03:14.611  INFO     RX        /ERR/LOKO/0x00000002
11:03:14.646  INFO     RX        /ERR/LOKO/0x00000002
11:03:14.710  INFO     RX        /ERR/LOKO/0x00000002
11:03:14.739  INFO     RX        /ERR/LOKO/0x00000002
11:03:14.774  INFO     RX        /ERR/LOKO/0x00000002
11:03:14.838  INFO     RX        /ERR/LOKO/0x00000002
11:03:14.902  INFO     RX        /ERR/LOKO/0x00000002
11:03:14.967  INFO     RX        /ERR/LOKO/0x00000002
11:03:14.995  INFO     RX        /ERR/LOKO/0x00000002
11:03:15.059  INFO     RX        /ERR/LOKO/0x00000002
11:03:15.158  INFO     RX        /ERR/LOKO/0x00000002
11:03:15.194  INFO     RX        /ERR/LOKO/0x00000002
11:03:15.298  INFO     RX        /ERR/LOKO/0x00000002
11:03:15.298  INFO     RX        /ERR/LOKO/0x00000002
11:03:15.420  INFO     RX        /ERR/LOKO/0x00000002
11:03:15.420  INFO     RX        /ERR/LOKO/0x00000002
11:03:15.547  INFO     RX        /ERR/LOKO/0x00000002
11:03:15.547  INFO     RX        /ERR/LOKO/0x00000002
11:03:15.639  INFO     RX        /ERR/LOKO/0x00000002
11:03:15.738  INFO     RX        /ERR/LOKO/0x00000002
11:03:15.767  INFO     RX        /ERR/LOKO/0x00000002
11:03:15.796  DEBUG    TX /CONTROLL/0,0,0,-95,0,0,0,0,0
11:03:15.866  INFO     RX        /ERR/LOKO/0x00000002
11:03:15.961  INFO     RX        /ERR/LOKO/0x00000002
11:03:16.062  INFO     RX        /ERR/LOKO/0x00000002
11:03:16.185  INFO     RX        /ERR/LOKO/0x00000002
11:03:16.282  INFO     RX        /ERR/LOKO/0x00000002
11:03:16.282  INFO     RX        /ERR/LOKO/0x00000002
11:03:16.380  INFO     RX        /ERR/LOKO/0x00000002
11:03:16.510  INFO     RX        /ERR/LOKO/0x00000002
11:03:16.510  INFO     RX        /ERR/LOKO/0x00000002
11:03:16.607  INFO     RX        /ERR/LOKO/0x00000002
11:03:16.704  INFO     RX        /ERR/LOKO/0x00000002
11:03:16.801  INFO     RX        /ERR/LOKO/0x00000002
11:03:16.829  INFO     RX        /ERR/LOKO/0x00000002
11:03:16.927  INFO     RX        /ERR/LOKO/0x00000002
11:03:17.121  INFO     RX        /ERR/LOKO/0x00000002
11:03:17.246  INFO     RX        /ERR/LOKO/0x00000002
11:03:17.403  DEBUG    TX /CONTROLL/0,0,0,0,0,0,0,0,0
11:03:19.015  DEBUG    TX /CONTROLL/0,0,0,0,0,0,0,0,0
11:03:20.621  DEBUG    TX /CONTROLL/0,0,0,0,0,0,0,0,0
11:03:21.464  INFO     RX        /ERR/LOKO/0x00000002
11:03:21.464  INFO     RX        /ERR/LOKO/0x00000002
11:03:21.591  INFO     RX        /ERR/LOKO/0x00000002
11:03:21.719  INFO     RX        /ERR/LOKO/0x00000002
11:03:21.752  INFO     RX        /ERR/LOKO/0x00000002
11:03:21.850  INFO     RX        /ERR/LOKO/0x00000002
11:03:21.976  INFO     RX        /ERR/LOKO/0x00000002
11:03:22.007  INFO     RX        /ERR/LOKO/0x00000002
11:03:22.107  INFO     RX        /ERR/LOKO/0x00000002
11:03:22.135  INFO     RX        /ERR/LOKO/0x00000002
11:03:22.227  DEBUG    TX /CONTROLL/0,0,0,-81,0,0,0,0,0
11:03:22.230  INFO     RX        /ERR/LOKO/0x00000002
11:03:22.264  INFO     RX        /ERR/LOKO/0x00000002
11:03:22.358  INFO     RX        /ERR/LOKO/0x00000002
11:03:22.486  INFO     RX        /ERR/LOKO/0x00000002
11:03:22.585  INFO     RX        /ERR/LOKO/0x00000002
11:03:22.682  INFO     RX        /ERR/LOKO/0x00000002
11:03:22.779  INFO     RX        /ERR/LOKO/0x00000002
11:03:22.877  INFO     RX        /ERR/LOKO/0x00000002
11:03:22.970  INFO     RX        /ERR/LOKO/0x00000002
11:03:23.006  INFO     RX        /ERR/LOKO/0x00000002
11:03:23.069  INFO     RX        /ERR/LOKO/0x00000002
11:03:23.162  INFO     RX        /ERR/LOKO/0x00000002
11:03:23.195  INFO     RX        /ERR/LOKO/0x00000002
11:03:23.294  INFO     RX        /ERR/LOKO/0x00000002
11:03:23.294  INFO     RX        /ERR/LOKO/0x00000002
11:03:23.388  INFO     RX        /ERR/LOKO/0x00000002
11:03:23.388  INFO     RX        /ERR/LOKO/0x00000002
11:03:23.486  INFO     RX        /ERR/LOKO/0x00000002
11:03:23.486  INFO     RX        /ERR/LOKO/0x00000002
11:03:23.582  INFO     RX        /ERR/LOKO/0x00000002
11:03:23.676  INFO     RX        /ERR/LOKO/0x00000002
11:03:23.676  INFO     RX        /ERR/LOKO/0x00000002
11:03:23.810  INFO     RX        /ERR/LOKO/0x00000002
11:03:23.835  DEBUG    TX /CONTROLL/21,0,0,-100,0,0,0,0,0
11:03:23.840  INFO     RX        /ERR/LOKO/0x00000002
11:03:23.907  INFO     RX        /ERR/LOKO/0x00000002
11:03:23.939  INFO     RX        /ERR/LOKO/0x00000002
11:03:24.002  INFO     RX        /ERR/LOKO/0x00000002
11:03:24.035  INFO     RX        /ERR/LOKO/0x00000002
11:03:24.129  INFO     RX        /ERR/LOKO/0x00000002
11:03:24.162  INFO     RX        /ERR/LOKO/0x00000002
11:03:24.197  INFO     RX        /ERR/LOKO/0x00000002
11:03:24.226  INFO     RX        /ERR/LOKO/0x00000002
11:03:24.290  INFO     RX        /ERR/LOKO/0x00000002
11:03:24.326  INFO     RX        /ERR/LOKO/0x00000002
11:03:24.355  INFO     RX        /ERR/LOKO/0x00000002
11:03:24.390  INFO     RX        /ERR/LOKO/0x00000002
11:03:24.423  INFO     RX        /ERR/LOKO/0x00000002
11:03:24.487  INFO     RX        /ERR/LOKO/0x00000002
11:03:24.519  INFO     RX        /ERR/LOKO/0x00000002
11:03:24.552  INFO     RX        /ERR/LOKO/0x00000002
11:03:24.615  INFO     RX        /ERR/LOKO/0x00000002
11:03:24.680  INFO     RX        /ERR/LOKO/0x00000002
11:03:24.709  INFO     RX        /ERR/LOKO/0x00000002
11:03:24.745  INFO     RX        /ERR/LOKO/0x00000002
11:03:24.871  INFO     RX        /ERR/LOKO/0x00000002
11:03:24.973  INFO     RX        /ERR/LOKO/0x00000002
11:03:25.452  DEBUG    TX /CONTROLL/0,0,0,0,0,0,0,0,0
11:03:25.843  INFO     RX        /ERR/LOKO/0x00000002
11:03:25.843  INFO     RX        /ERR/LOKO/0x00000002
11:03:26.004  INFO     RX        /ERR/LOKO/0x00000002
11:03:26.004  INFO     RX        /ERR/LOKO/0x00000002
11:03:26.194  INFO     RX        /ERR/LOKO/0x00000002
11:03:26.194  INFO     RX        /ERR/LOKO/0x00000002
11:03:26.357  INFO     RX        /ERR/LOKO/0x00000002
11:03:26.391  INFO     RX        /ERR/LOKO/0x00000002
11:03:26.392  INFO     RX        /ERR/LOKO/0x00000002
11:03:26.392  INFO     RX        /ERR/LOKO/0x00000002
11:03:27.063  DEBUG    TX /CONTROLL/0,0,0,0,0,0,0,0,0
11:03:28.674  DEBUG    TX /CONTROLL/0,0,0,0,0,0,0,0,0
11:03:30.279  DEBUG    TX /CONTROLL/0,0,0,0,0,0,0,0,0
11:03:31.419  INFO     RX        /ERR/LOKO/0x00000002
11:03:31.419  INFO     RX        /ERR/LOKO/0x00000002
11:03:31.446  INFO     RX        /ERR/LOKO/0x00000002
11:03:31.544  INFO     RX        /ERR/LOKO/0x00000002
11:03:31.545  INFO     RX        /ERR/LOKO/0x00000002
11:03:31.673  INFO     RX        /ERR/LOKO/0x00000002
11:03:31.891  DEBUG    TX /CONTROLL/0,0,19,-100,0,0,0,0,0
11:03:31.962  INFO     RX        /ERR/LOKO/0x00000002
11:03:31.962  INFO     RX        /ERR/LOKO/0x00000002
11:03:31.995  INFO     RX        /ERR/LOKO/0x00000002
11:03:31.995  INFO     RX        /ERR/LOKO/0x00000002
11:03:33.501  DEBUG    TX /CONTROLL/0,0,0,0,0,0,0,0,0
11:03:35.105  DEBUG    TX /CONTROLL/0,0,0,0,0,0,0,0,0
11:03:36.717  DEBUG    TX /CONTROLL/0,0,0,0,0,0,0,0,0
11:03:38.331  DEBUG    TX /CONTROLL/0,0,0,0,0,0,0,0,0
11:03:39.951  DEBUG    TX /CONTROLL/0,0,0,0,0,0,0,0,0
11:03:41.562  DEBUG    TX /CONTROLL/0,0,0,0,0,0,0,0,0
11:03:43.172  DEBUG    TX /CONTROLL/0,0,0,0,0,0,0,0,0
11:03:44.777  DEBUG    TX /CONTROLL/0,0,0,0,0,0,0,0,0
11:03:46.391  DEBUG    TX /CONTROLL/0,0,0,0,0,0,0,0,0
11:03:48.003  DEBUG    TX /CONTROLL/0,0,0,0,0,0,0,0,0
11:03:49.616  DEBUG    TX /CONTROLL/0,0,0,0,0,0,0,0,0
11:03:51.229  DEBUG    TX /CONTROLL/0,0,0,0,0,0,0,0,0
11:03:52.844  DEBUG    TX /CONTROLL/0,0,0,0,0,0,0,0,0
11:03:54.453  DEBUG    TX /CONTROLL/0,0,0,0,0,0,0,0,0
11:03:56.065  DEBUG    TX /CONTROLL/0,0,0,0,0,0,0,0,0
11:03:57.680  DEBUG    TX /CONTROLL/0,0,0,0,0,0,0,0,0
11:03:59.284  DEBUG    TX /CONTROLL/0,0,0,0,0,0,0,0,0
11:04:00.897  DEBUG    TX /CONTROLL/0,0,0,0,0,0,0,0,0
11:04:02.517  DEBUG    TX /CONTROLL/0,0,0,0,0,0,0,0,0
11:04:04.130  DEBUG    TX /CONTROLL/0,0,0,0,0,0,0,0,0
11:04:05.736  DEBUG    TX /CONTROLL/0,0,0,0,0,0,0,0,0
11:04:07.352  DEBUG    TX /CONTROLL/0,0,0,0,0,0,0,0,0
11:04:08.962  DEBUG    TX /CONTROLL/0,0,0,0,0,0,0,0,0
11:04:10.575  DEBUG    TX /CONTROLL/0,0,0,0,0,0,0,0,0
11:04:11.454  INFO     RX        /ERR/LOKO/0x00000002
11:04:11.580  INFO     RX        /ERR/LOKO/0x00000002
11:04:11.580  INFO     RX        /ERR/LOKO/0x00000002
11:04:11.580  INFO     RX        /ERR/LOKO/0x00000002
11:04:11.609  INFO     RX        /ERR/LOKO/0x00000002
11:04:11.674  INFO     RX        /ERR/LOKO/0x00000002
11:04:11.675  INFO     RX        /ERR/LOKO/0x00000002
11:04:11.675  INFO     RX        /ERR/LOKO/0x00000002
11:04:11.708  INFO     RX        /ERR/LOKO/0x00000002
11:04:11.976  INFO     RX        /ERR/LOKO/0x00000002
11:04:11.976  INFO     RX        /ERR/LOKO/0x00000002
11:04:11.976  INFO     RX        /ERR/LOKO/0x00000002
11:04:11.985  INFO     RX        /ERR/LOKO/0x00000002
11:04:12.061  INFO     RX        /ERR/LOKO/0x00000002
11:04:12.093  INFO     RX        /ERR/LOKO/0x00000002
11:04:12.093  INFO     RX        /ERR/LOKO/0x00000002
11:04:12.185  DEBUG    TX /CONTROLL/0,0,-14,-100,0,0,0,0,0
11:04:12.383  INFO     RX        /ERR/LOKO/0x00000002
11:04:12.383  INFO     RX        /ERR/LOKO/0x00000002
11:04:12.383  INFO     RX        /ERR/LOKO/0x00000002
11:04:12.477  INFO     RX        /ERR/LOKO/0x00000002
11:04:12.477  INFO     RX        /ERR/LOKO/0x00000002
11:04:12.477  INFO     RX        /ERR/LOKO/0x00000002
11:04:12.514  INFO     RX        /ERR/LOKO/0x00000002
11:04:12.769  INFO     RX        /ERR/LOKO/0x00000002
11:04:12.769  INFO     RX        /ERR/LOKO/0x00000002
11:04:12.798  INFO     RX        /ERR/LOKO/0x00000002
11:04:13.793  DEBUG    TX /CONTROLL/0,0,0,0,0,0,0,0,0
11:04:15.400  DEBUG    TX /CONTROLL/0,0,0,0,0,0,0,0,0
11:04:17.010  DEBUG    TX /CONTROLL/0,0,0,0,0,0,0,0,0
11:04:18.619  DEBUG    TX /CONTROLL/0,0,0,0,0,0,0,0,0
11:04:20.231  DEBUG    TX /CONTROLL/0,0,0,0,0,0,0,0,0
11:04:21.844  DEBUG    TX /CONTROLL/0,0,0,0,0,0,0,0,0
11:04:23.452  DEBUG    TX /CONTROLL/0,0,0,0,0,0,0,0,0
11:04:25.062  DEBUG    TX /CONTROLL/0,0,0,0,0,0,0,0,0
11:04:26.668  DEBUG    TX /CONTROLL/0,0,0,0,0,0,0,0,0
11:04:28.278  DEBUG    TX /CONTROLL/0,0,0,0,0,0,0,0,0
11:04:29.669  INFO     RX        /ERR/LOKO/0x00000002
11:04:29.698  INFO     RX        /ERR/LOKO/0x00000002
11:04:29.698  INFO     RX        /ERR/LOKO/0x00000002
11:04:29.698  INFO     RX        /ERR/LOKO/0x00000002
11:04:29.729  INFO     RX        /ERR/LOKO/0x00000002
11:04:29.763  INFO     RX        /ERR/LOKO/0x00000002
11:04:29.800  INFO     RX        /ERR/LOKO/0x00000002
11:04:29.800  INFO     RX        /ERR/LOKO/0x00000002
11:04:29.800  INFO     RX        /ERR/LOKO/0x00000002
11:04:29.825  INFO     RX        /ERR/LOKO/0x00000002
11:04:29.887  DEBUG    TX /CONTROLL/0,0,93,-62,0,0,0,0,0
11:04:29.894  INFO     RX        /ERR/LOKO/0x00000002
11:04:29.894  INFO     RX        /ERR/LOKO/0x00000002
11:04:29.894  INFO     RX        /ERR/LOKO/0x00000002
11:04:29.988  INFO     RX        /ERR/LOKO/0x00000002
11:04:29.988  INFO     RX        /ERR/LOKO/0x00000002
11:04:29.988  INFO     RX        /ERR/LOKO/0x00000002
11:04:30.023  INFO     RX        /ERR/LOKO/0x00000002
11:04:31.494  DEBUG    TX /CONTROLL/0,0,0,0,0,0,0,0,2
11:04:33.101  DEBUG    TX /CONTROLL/-74,0,0,0,0,0,0,0,2
11:04:34.622  INFO     RX        /ERR/LOKO/0x00000002
11:04:34.714  DEBUG    TX /CONTROLL/0,0,0,0,0,0,0,0,0
11:04:35.332  INFO     RX        /ERR/LOKO/0x00000002
11:04:35.332  INFO     RX        /ERR/LOKO/0x00000002
11:04:35.361  INFO     RX        /ERR/LOKO/0x00000002
11:04:35.361  INFO     RX        /ERR/LOKO/0x00000002
11:04:35.361  INFO     RX        /ERR/LOKO/0x00000002
11:04:35.396  INFO     RX        /ERR/LOKO/0x00000002
11:04:35.396  INFO     RX        /ERR/LOKO/0x00000002
11:04:35.396  INFO     RX        /ERR/LOKO/0x00000002
11:04:35.426  INFO     RX        /ERR/LOKO/0x00000002
11:04:35.426  INFO     RX        /ERR/LOKO/0x00000002
11:04:35.461  INFO     RX        /ERR/LOKO/0x00000002
11:04:35.461  INFO     RX        /ERR/LOKO/0x00000002
11:04:35.461  INFO     RX        /ERR/LOKO/0x00000002
11:04:35.490  INFO     RX        /ERR/LOKO/0x00000002
11:04:35.490  INFO     RX        /ERR/LOKO/0x00000002
11:04:35.528  INFO     RX        /ERR/LOKO/0x00000002
11:04:35.528  INFO     RX        /ERR/LOKO/0x00000002
11:04:35.529  INFO     RX        /ERR/LOKO/0x00000002
11:04:35.529  INFO     RX        /ERR/LOKO/0x00000002
11:04:35.564  INFO     RX        /ERR/LOKO/0x00000002
11:04:35.564  INFO     RX        /ERR/LOKO/0x00000002
11:04:35.564  INFO     RX        /ERR/LOKO/0x00000002
11:04:35.589  INFO     RX        /ERR/LOKO/0x00000002
11:04:35.589  INFO     RX        /ERR/LOKO/0x00000002
11:04:35.713  INFO     RX        /ERR/LOKO/0x00000002
11:04:35.713  INFO     RX        /ERR/LOKO/0x00000002
11:04:35.713  INFO     RX        /ERR/LOKO/0x00000002
11:04:35.713  INFO     RX        /ERR/LOKO/0x00000002
11:04:35.713  INFO     RX        /ERR/LOKO/0x00000002
11:04:35.713  INFO     RX        /ERR/LOKO/0x00000002
11:04:35.713  INFO     RX        /ERR/LOKO/0x00000002
11:04:35.713  INFO     RX        /ERR/LOKO/0x00000002
11:04:35.723  INFO     RX        /ERR/LOKO/0x00000002
11:04:35.723  INFO     RX        /ERR/LOKO/0x00000002
11:04:35.723  INFO     RX        /ERR/LOKO/0x00000002
11:04:35.728  INFO     RX        /ERR/LOKO/0x00000002
11:04:35.748  INFO     RX        /ERR/LOKO/0x00000002
11:04:35.783  INFO     RX        /ERR/LOKO/0x00000002
11:04:35.783  INFO     RX        /ERR/LOKO/0x00000002
11:04:35.783  INFO     RX        /ERR/LOKO/0x00000002
11:04:35.812  INFO     RX        /ERR/LOKO/0x00000002
11:04:36.325  DEBUG    TX /CONTROLL/99,0,0,0,0,0,0,0,2
11:04:36.617  INFO     RX        /ERR/LOKO/0x00000002
11:04:36.617  INFO     RX        /ERR/LOKO/0x00000002
11:04:36.652  INFO     RX        /ERR/LOKO/0x00000002
11:04:36.652  INFO     RX        /ERR/LOKO/0x00000002
11:04:36.653  INFO     RX        /ERR/LOKO/0x00000002
11:04:36.681  INFO     RX        /ERR/LOKO/0x00000002
11:04:36.682  INFO     RX        /ERR/LOKO/0x00000002
11:04:36.682  INFO     RX        /ERR/LOKO/0x00000002
11:04:36.717  INFO     RX        /ERR/LOKO/0x00000002
11:04:36.717  INFO     RX        /ERR/LOKO/0x00000002
11:04:36.717  INFO     RX        /ERR/LOKO/0x00000002
11:04:36.746  INFO     RX        /ERR/LOKO/0x00000002
11:04:36.746  INFO     RX        /ERR/LOKO/0x00000002
11:04:36.782  INFO     RX        /ERR/LOKO/0x00000002
11:04:36.782  INFO     RX        /ERR/LOKO/0x00000002
11:04:36.782  INFO     RX        /ERR/LOKO/0x00000002
11:04:36.814  INFO     RX        /ERR/LOKO/0x00000002
11:04:36.814  INFO     RX        /ERR/LOKO/0x00000002
11:04:36.814  INFO     RX        /ERR/LOKO/0x00000002
11:04:36.842  INFO     RX        /ERR/LOKO/0x00000002
11:04:36.842  INFO     RX        /ERR/LOKO/0x00000002
11:04:36.874  INFO     RX        /ERR/LOKO/0x00000002
11:04:36.874  INFO     RX        /ERR/LOKO/0x00000002
11:04:36.874  INFO     RX        /ERR/LOKO/0x00000002
11:04:36.912  INFO     RX        /ERR/LOKO/0x00000002
11:04:36.912  INFO     RX        /ERR/LOKO/0x00000002
11:04:36.912  INFO     RX        /ERR/LOKO/0x00000002
11:04:36.940  INFO     RX        /ERR/LOKO/0x00000002
11:04:36.940  INFO     RX        /ERR/LOKO/0x00000002
11:04:36.940  INFO     RX        /ERR/LOKO/0x00000002
11:04:36.974  INFO     RX        /ERR/LOKO/0x00000002
11:04:36.974  INFO     RX        /ERR/LOKO/0x00000002
11:04:36.974  INFO     RX        /ERR/LOKO/0x00000002
11:04:37.005  INFO     RX        /ERR/LOKO/0x00000002
11:04:37.933  DEBUG    TX /CONTROLL/0,0,0,0,0,0,0,0,2
11:04:38.005  INFO     RX        /ERR/LOKO/0x00000002
11:04:38.005  INFO     RX        /ERR/LOKO/0x00000002
11:04:38.033  INFO     RX        /ERR/LOKO/0x00000002
11:04:38.033  INFO     RX        /ERR/LOKO/0x00000002
11:04:38.069  INFO     RX        /ERR/LOKO/0x00000002
11:04:38.069  INFO     RX        /ERR/LOKO/0x00000002
11:04:38.069  INFO     RX        /ERR/LOKO/0x00000002
11:04:38.101  INFO     RX        /ERR/LOKO/0x00000002
11:04:38.102  INFO     RX        /ERR/LOKO/0x00000002
11:04:38.102  INFO     RX        /ERR/LOKO/0x00000002
11:04:38.134  INFO     RX        /ERR/LOKO/0x00000002
11:04:38.134  INFO     RX        /ERR/LOKO/0x00000002
11:04:38.134  INFO     RX        /ERR/LOKO/0x00000002
11:04:38.163  INFO     RX        /ERR/LOKO/0x00000002
11:04:38.163  INFO     RX        /ERR/LOKO/0x00000002
11:04:38.199  INFO     RX        /ERR/LOKO/0x00000002
11:04:39.546  DEBUG    TX /CONTROLL/0,0,0,0,0,0,0,0,0
11:04:39.713  INFO     RX        /ERR/LOKO/0x00000002
11:04:39.713  INFO     RX        /ERR/LOKO/0x00000002
11:04:39.743  INFO     RX        /ERR/LOKO/0x00000002
11:04:39.969  INFO     RX        /ERR/LOKO/0x00000002
11:04:39.969  INFO     RX        /ERR/LOKO/0x00000002
11:04:40.004  INFO     RX        /ERR/LOKO/0x00000002
11:04:40.102  INFO     RX        /ERR/LOKO/0x00000002
11:04:40.135  INFO     RX        /ERR/LOKO/0x00000002
11:04:40.163  INFO     RX        /ERR/LOKO/0x00000002
11:04:40.323  INFO     RX        /ERR/LOKO/0x00000002
11:04:40.359  INFO     RX        /ERR/LOKO/0x00000002
11:04:40.486  INFO     RX        /ERR/LOKO/0x00000002
11:04:40.486  INFO     RX        /ERR/LOKO/0x00000002
11:04:40.515  INFO     RX        /ERR/LOKO/0x00000002
11:04:40.550  INFO     RX        /ERR/LOKO/0x00000002
11:04:40.711  INFO     RX        /ERR/LOKO/0x00000002
11:04:40.741  INFO     RX        /ERR/LOKO/0x00000002
11:04:40.931  INFO     RX        /ERR/LOKO/0x00000002
11:04:40.931  INFO     RX        /ERR/LOKO/0x00000002
11:04:40.931  INFO     RX        /ERR/LOKO/0x00000002
11:04:40.935  INFO     RX        /ERR/LOKO/0x00000002
11:04:41.028  INFO     RX        /ERR/LOKO/0x00000002
11:04:41.155  DEBUG    TX /CONTROLL/-100,0,21,-100,0,0,0,0,0
11:04:41.257  INFO     RX        /ERR/LOKO/0x00000002
11:04:41.290  INFO     RX        /ERR/LOKO/0x00000002
11:04:41.350  INFO     RX        /ERR/LOKO/0x00000002
11:04:41.417  INFO     RX        /ERR/LOKO/0x00000002
11:04:41.640  INFO     RX        /ERR/LOKO/0x00000002
11:04:41.676  INFO     RX        /ERR/LOKO/0x00000002
11:04:41.739  INFO     RX        /ERR/LOKO/0x00000002
11:04:41.768  INFO     RX        /ERR/LOKO/0x00000002
11:04:41.833  INFO     RX        /ERR/LOKO/0x00000002
11:04:42.030  INFO     RX        /ERR/LOKO/0x00000002
11:04:42.094  INFO     RX        /ERR/LOKO/0x00000002
11:04:42.125  INFO     RX        /ERR/LOKO/0x00000002
11:04:42.161  INFO     RX        /ERR/LOKO/0x00000002
11:04:42.226  INFO     RX        /ERR/LOKO/0x00000002
11:04:42.449  INFO     RX        /ERR/LOKO/0x00000002
11:04:42.513  INFO     RX        /ERR/LOKO/0x00000002
11:04:42.549  INFO     RX        /ERR/LOKO/0x00000002
11:04:42.577  INFO     RX        /ERR/LOKO/0x00000002
11:04:42.613  INFO     RX        /ERR/LOKO/0x00000002
11:04:42.767  DEBUG    TX /CONTROLL/-100,-12,27,-100,0,0,0,0,0
11:04:42.838  INFO     RX        /ERR/LOKO/0x00000002
11:04:42.902  INFO     RX        /ERR/LOKO/0x00000002
11:04:42.931  INFO     RX        /ERR/LOKO/0x00000002
11:04:42.966  INFO     RX        /ERR/LOKO/0x00000002
11:04:43.064  INFO     RX        /ERR/LOKO/0x00000002
11:04:43.259  INFO     RX        /ERR/LOKO/0x00000002
11:04:43.289  INFO     RX        /ERR/LOKO/0x00000002
11:04:43.322  INFO     RX        /ERR/LOKO/0x00000002
11:04:43.350  INFO     RX        /ERR/LOKO/0x00000002
11:04:43.417  INFO     RX        /ERR/LOKO/0x00000002
11:04:44.378  DEBUG    TX /CONTROLL/0,0,0,0,0,0,0,0,0
11:04:45.989  DEBUG    TX /CONTROLL/0,0,0,0,0,0,0,0,0
11:04:46.673  INFO     RX        /ERR/LOKO/0x00000002
11:04:46.705  INFO     RX        /ERR/LOKO/0x00000002
11:04:46.706  INFO     RX        /ERR/LOKO/0x00000002
11:04:46.996  INFO     RX        /ERR/LOKO/0x00000002
11:04:46.996  INFO     RX        /ERR/LOKO/0x00000002
11:04:47.025  INFO     RX        /ERR/LOKO/0x00000002
11:04:47.093  INFO     RX        /ERR/LOKO/0x00000002
11:04:47.094  INFO     RX        /ERR/LOKO/0x00000002
11:04:47.094  INFO     RX        /ERR/LOKO/0x00000002
11:04:47.186  INFO     RX        /ERR/LOKO/0x00000002
11:04:47.285  INFO     RX        /ERR/LOKO/0x00000002
11:04:47.317  INFO     RX        /ERR/LOKO/0x00000002
11:04:47.600  DEBUG    TX /CONTROLL/0,0,0,0,0,0,0,0,0
11:04:49.217  DEBUG    TX /CONTROLL/0,0,0,0,0,0,0,0,0
11:04:50.826  DEBUG    TX /CONTROLL/0,0,0,0,0,0,0,0,0
11:04:52.434  DEBUG    TX /CONTROLL/0,0,0,0,0,0,0,0,0
11:04:54.044  DEBUG    TX /CONTROLL/0,0,0,0,0,0,0,0,0
11:04:55.657  DEBUG    TX /CONTROLL/0,0,0,0,0,0,0,0,0
11:04:57.263  DEBUG    TX /CONTROLL/0,0,0,0,0,0,0,0,0
11:04:58.870  DEBUG    TX /CONTROLL/0,0,0,0,0,0,0,0,0
11:05:00.480  DEBUG    TX /CONTROLL/0,0,0,0,0,0,0,0,0
11:05:02.090  DEBUG    TX /CONTROLL/0,0,0,0,0,0,0,0,0
11:05:03.700  DEBUG    TX /CONTROLL/0,0,0,0,0,0,0,0,0
11:05:05.313  DEBUG    TX /CONTROLL/0,0,0,0,0,0,0,0,0
11:05:06.922  DEBUG    TX /CONTROLL/0,0,0,0,0,0,0,0,0
11:05:08.536  DEBUG    TX /CONTROLL/0,0,0,0,0,0,0,0,0
11:05:10.147  DEBUG    TX /CONTROLL/0,0,0,0,0,0,0,0,0
11:05:11.757  DEBUG    TX /CONTROLL/0,0,0,0,0,0,0,0,0
11:05:13.369  DEBUG    TX /CONTROLL/0,0,0,0,0,0,0,0,0
11:05:14.979  DEBUG    TX /CONTROLL/0,0,0,0,0,0,0,0,0
11:05:16.588  DEBUG    TX /CONTROLL/0,0,0,0,0,0,0,0,0
11:05:18.196  DEBUG    TX /CONTROLL/0,0,0,0,0,0,0,0,0
11:05:19.807  DEBUG    TX /CONTROLL/0,0,0,0,0,0,0,0,0
11:05:21.414  DEBUG    TX /CONTROLL/0,0,0,0,0,0,0,0,0
11:05:23.030  DEBUG    TX /CONTROLL/0,0,0,0,0,0,0,0,0
11:05:24.639  DEBUG    TX /CONTROLL/0,0,0,0,0,0,0,0,0
11:05:26.243  DEBUG    TX /CONTROLL/0,0,0,0,0,0,0,0,0
11:05:27.854  DEBUG    TX /CONTROLL/0,0,0,0,0,0,0,0,0
11:05:29.468  DEBUG    TX /CONTROLL/0,0,0,0,0,0,0,0,0
11:05:31.076  DEBUG    TX /CONTROLL/0,0,0,0,0,0,0,0,0
11:05:31.567  INFO     RX        /ERR/LOKO/0x00000002
11:05:31.567  INFO     RX        /ERR/LOKO/0x00000002
11:05:32.210  INFO     RX        /ERR/LOKO/0x00000002
11:05:32.210  INFO     RX        /ERR/LOKO/0x00000002
11:05:32.240  INFO     RX        /ERR/LOKO/0x00000002
11:05:32.241  INFO     RX        /ERR/LOKO/0x00000002
11:05:32.241  INFO     RX        /ERR/LOKO/0x00000002
11:05:32.273  INFO     RX        /ERR/LOKO/0x00000002
11:05:32.656  INFO     RX        /ERR/LOKO/0x00000002
11:05:32.685  DEBUG    TX /CONTROLL/0,0,0,-23,0,0,0,0,0
11:05:32.691  INFO     RX        /ERR/LOKO/0x00000002
11:05:32.691  INFO     RX        /ERR/LOKO/0x00000002
11:05:32.691  INFO     RX        /ERR/LOKO/0x00000002
11:05:32.720  INFO     RX        /ERR/LOKO/0x00000002
11:05:32.720  INFO     RX        /ERR/LOKO/0x00000002
11:05:32.947  INFO     RX        /ERR/LOKO/0x00000002
11:05:32.947  INFO     RX        /ERR/LOKO/0x00000002
11:05:32.980  INFO     RX        /ERR/LOKO/0x00000002
11:05:33.174  INFO     RX        /ERR/LOKO/0x00000002
11:05:33.174  INFO     RX        /ERR/LOKO/0x00000002
11:05:33.364  INFO     RX        /ERR/LOKO/0x00000002
11:05:33.365  INFO     RX        /ERR/LOKO/0x00000002
11:05:33.400  INFO     RX        /ERR/LOKO/0x00000002
11:05:33.560  INFO     RX        /ERR/LOKO/0x00000002
11:05:33.589  INFO     RX        /ERR/LOKO/0x00000002
11:05:33.589  INFO     RX        /ERR/LOKO/0x00000002
11:05:33.750  INFO     RX        /ERR/LOKO/0x00000002
11:05:33.785  INFO     RX        /ERR/LOKO/0x00000002
11:05:33.785  INFO     RX        /ERR/LOKO/0x00000002
11:05:33.977  INFO     RX        /ERR/LOKO/0x00000002
11:05:33.977  INFO     RX        /ERR/LOKO/0x00000002
11:05:34.171  INFO     RX        /ERR/LOKO/0x00000002
11:05:34.171  INFO     RX        /ERR/LOKO/0x00000002
11:05:34.293  DEBUG    TX /CONTROLL/0,0,0,-52,0,0,0,0,0
11:05:34.363  INFO     RX        /ERR/LOKO/0x00000002
11:05:34.363  INFO     RX        /ERR/LOKO/0x00000002
11:05:34.363  INFO     RX        /ERR/LOKO/0x00000002
11:05:34.557  INFO     RX        /ERR/LOKO/0x00000002
11:05:34.557  INFO     RX        /ERR/LOKO/0x00000002
11:05:34.749  INFO     RX        /ERR/LOKO/0x00000002
11:05:34.750  INFO     RX        /ERR/LOKO/0x00000002
11:05:34.909  INFO     RX        /ERR/LOKO/0x00000002
11:05:34.941  INFO     RX        /ERR/LOKO/0x00000002
11:05:35.101  INFO     RX        /ERR/LOKO/0x00000002
11:05:35.101  INFO     RX        /ERR/LOKO/0x00000002
11:05:35.131  INFO     RX        /ERR/LOKO/0x00000002
11:05:35.292  INFO     RX        /ERR/LOKO/0x00000002
11:05:35.293  INFO     RX        /ERR/LOKO/0x00000002
11:05:35.486  INFO     RX        /ERR/LOKO/0x00000002
11:05:35.486  INFO     RX        /ERR/LOKO/0x00000002
11:05:35.647  INFO     RX        /ERR/LOKO/0x00000002
11:05:35.647  INFO     RX        /ERR/LOKO/0x00000002
11:05:35.680  INFO     RX        /ERR/LOKO/0x00000002
11:05:35.843  INFO     RX        /ERR/LOKO/0x00000002
11:05:35.843  INFO     RX        /ERR/LOKO/0x00000002
11:05:35.900  DEBUG    TX /CONTROLL/0,0,0,-58,0,0,0,0,0
11:05:36.001  INFO     RX        /ERR/LOKO/0x00000002
11:05:36.001  INFO     RX        /ERR/LOKO/0x00000002
11:05:36.163  INFO     RX        /ERR/LOKO/0x00000002
11:05:36.163  INFO     RX        /ERR/LOKO/0x00000002
11:05:36.192  INFO     RX        /ERR/LOKO/0x00000002
11:05:36.325  INFO     RX        /ERR/LOKO/0x00000002
11:05:36.358  INFO     RX        /ERR/LOKO/0x00000002
11:05:36.515  INFO     RX        /ERR/LOKO/0x00000002
11:05:36.516  INFO     RX        /ERR/LOKO/0x00000002
11:05:36.550  INFO     RX        /ERR/LOKO/0x00000002
11:05:36.676  INFO     RX        /ERR/LOKO/0x00000002
11:05:36.708  INFO     RX        /ERR/LOKO/0x00000002
11:05:36.871  INFO     RX        /ERR/LOKO/0x00000002
11:05:36.872  INFO     RX        /ERR/LOKO/0x00000002
11:05:36.903  INFO     RX        /ERR/LOKO/0x00000002
11:05:37.029  INFO     RX        /ERR/LOKO/0x00000002
11:05:37.061  INFO     RX        /ERR/LOKO/0x00000002
11:05:37.258  INFO     RX        /ERR/LOKO/0x00000002
11:05:37.508  DEBUG    TX /CONTROLL/0,0,0,0,0,0,0,0,0
11:05:39.122  DEBUG    TX /CONTROLL/0,0,0,0,0,0,0,0,0
11:05:40.727  DEBUG    TX /CONTROLL/0,0,0,0,0,0,0,0,0
11:05:42.339  DEBUG    TX /CONTROLL/0,0,0,0,0,0,0,0,0
11:05:43.945  DEBUG    TX /CONTROLL/0,0,0,0,0,0,0,0,0
11:05:44.660  INFO     RX        /ERR/LOKO/0x00000002
11:05:44.660  INFO     RX        /ERR/LOKO/0x00000002
11:05:44.689  INFO     RX        /ERR/LOKO/0x00000002
11:05:44.689  INFO     RX        /ERR/LOKO/0x00000002
11:05:44.727  INFO     RX        /ERR/LOKO/0x00000002
11:05:44.727  INFO     RX        /ERR/LOKO/0x00000002
11:05:44.727  INFO     RX        /ERR/LOKO/0x00000002
11:05:44.755  INFO     RX        /ERR/LOKO/0x00000002
11:05:44.755  INFO     RX        /ERR/LOKO/0x00000002
11:05:44.755  INFO     RX        /ERR/LOKO/0x00000002
11:05:44.790  INFO     RX        /ERR/LOKO/0x00000002
11:05:44.790  INFO     RX        /ERR/LOKO/0x00000002
11:05:44.822  INFO     RX        /ERR/LOKO/0x00000002
11:05:44.822  INFO     RX        /ERR/LOKO/0x00000002
11:05:44.822  INFO     RX        /ERR/LOKO/0x00000002
11:05:44.849  INFO     RX        /ERR/LOKO/0x00000002
11:05:44.849  INFO     RX        /ERR/LOKO/0x00000002
11:05:44.849  INFO     RX        /ERR/LOKO/0x00000002
11:05:44.885  INFO     RX        /ERR/LOKO/0x00000002
11:05:44.885  INFO     RX        /ERR/LOKO/0x00000002
11:05:44.885  INFO     RX        /ERR/LOKO/0x00000002
11:05:44.916  INFO     RX        /ERR/LOKO/0x00000002
11:05:44.916  INFO     RX        /ERR/LOKO/0x00000002
11:05:44.949  INFO     RX        /ERR/LOKO/0x00000002
11:05:44.949  INFO     RX        /ERR/LOKO/0x00000002
11:05:44.949  INFO     RX        /ERR/LOKO/0x00000002
11:05:44.979  INFO     RX        /ERR/LOKO/0x00000002
11:05:44.980  INFO     RX        /ERR/LOKO/0x00000002
11:05:44.980  INFO     RX        /ERR/LOKO/0x00000002
11:05:45.012  INFO     RX        /ERR/LOKO/0x00000002
11:05:45.012  INFO     RX        /ERR/LOKO/0x00000002
11:05:45.046  INFO     RX        /ERR/LOKO/0x00000002
11:05:45.047  INFO     RX        /ERR/LOKO/0x00000002
11:05:45.047  INFO     RX        /ERR/LOKO/0x00000002
11:05:45.075  INFO     RX        /ERR/LOKO/0x00000002
11:05:45.075  INFO     RX        /ERR/LOKO/0x00000002
11:05:45.075  INFO     RX        /ERR/LOKO/0x00000002
11:05:45.110  INFO     RX        /ERR/LOKO/0x00000002
11:05:45.110  INFO     RX        /ERR/LOKO/0x00000002
11:05:45.110  INFO     RX        /ERR/LOKO/0x00000002
11:05:45.139  INFO     RX        /ERR/LOKO/0x00000002
11:05:45.139  INFO     RX        /ERR/LOKO/0x00000002
11:05:45.174  INFO     RX        /ERR/LOKO/0x00000002
11:05:45.174  INFO     RX        /ERR/LOKO/0x00000002
11:05:45.174  INFO     RX        /ERR/LOKO/0x00000002
11:05:45.207  INFO     RX        /ERR/LOKO/0x00000002
11:05:45.207  INFO     RX        /ERR/LOKO/0x00000002
11:05:45.207  INFO     RX        /ERR/LOKO/0x00000002
11:05:45.236  INFO     RX        /ERR/LOKO/0x00000002
11:05:45.236  INFO     RX        /ERR/LOKO/0x00000002
11:05:45.236  INFO     RX        /ERR/LOKO/0x00000002
11:05:45.268  INFO     RX        /ERR/LOKO/0x00000002
11:05:45.268  INFO     RX        /ERR/LOKO/0x00000002
11:05:45.303  INFO     RX        /ERR/LOKO/0x00000002
11:05:45.303  INFO     RX        /ERR/LOKO/0x00000002
11:05:45.303  INFO     RX        /ERR/LOKO/0x00000002
11:05:45.332  INFO     RX        /ERR/LOKO/0x00000002
11:05:45.332  INFO     RX        /ERR/LOKO/0x00000002
11:05:45.332  INFO     RX        /ERR/LOKO/0x00000002
11:05:45.367  INFO     RX        /ERR/LOKO/0x00000002
11:05:45.368  INFO     RX        /ERR/LOKO/0x00000002
11:05:45.368  INFO     RX        /ERR/LOKO/0x00000002
11:05:45.397  INFO     RX        /ERR/LOKO/0x00000002
11:05:45.397  INFO     RX        /ERR/LOKO/0x00000002
11:05:45.430  INFO     RX        /ERR/LOKO/0x00000002
11:05:45.430  INFO     RX        /ERR/LOKO/0x00000002
11:05:45.430  INFO     RX        /ERR/LOKO/0x00000002
11:05:45.463  INFO     RX        /ERR/LOKO/0x00000002
11:05:45.463  INFO     RX        /ERR/LOKO/0x00000002
11:05:45.464  INFO     RX        /ERR/LOKO/0x00000002
11:05:45.496  INFO     RX        /ERR/LOKO/0x00000002
11:05:45.496  INFO     RX        /ERR/LOKO/0x00000002
11:05:45.496  INFO     RX        /ERR/LOKO/0x00000002
11:05:45.528  INFO     RX        /ERR/LOKO/0x00000002
11:05:45.528  INFO     RX        /ERR/LOKO/0x00000002
11:05:45.554  DEBUG    TX /CONTROLL/-85,0,0,0,0,0,0,0,2
11:05:45.561  INFO     RX        /ERR/LOKO/0x00000002
11:05:46.171  INFO     RX        /ERR/LOKO/0x00000002
11:05:46.171  INFO     RX        /ERR/LOKO/0x00000002
11:05:46.171  INFO     RX        /ERR/LOKO/0x00000002
11:05:46.200  INFO     RX        /ERR/LOKO/0x00000002
11:05:46.200  INFO     RX        /ERR/LOKO/0x00000002
11:05:46.235  INFO     RX        /ERR/LOKO/0x00000002
11:05:46.235  INFO     RX        /ERR/LOKO/0x00000002
11:05:46.235  INFO     RX        /ERR/LOKO/0x00000002
11:05:46.264  INFO     RX        /ERR/LOKO/0x00000002
11:05:46.264  INFO     RX        /ERR/LOKO/0x00000002
11:05:46.299  INFO     RX        /ERR/LOKO/0x00000002
11:05:46.299  INFO     RX        /ERR/LOKO/0x00000002
11:05:46.299  INFO     RX        /ERR/LOKO/0x00000002
11:05:46.329  INFO     RX        /ERR/LOKO/0x00000002
11:05:46.329  INFO     RX        /ERR/LOKO/0x00000002
11:05:46.329  INFO     RX        /ERR/LOKO/0x00000002
11:05:46.364  INFO     RX        /ERR/LOKO/0x00000002
11:05:47.165  DEBUG    TX /CONTROLL/99,0,0,0,0,0,0,0,2
11:05:48.777  DEBUG    TX /CONTROLL/99,0,0,0,0,0,0,0,2
11:05:49.138  INFO     RX        /ERR/LOKO/0x00000002
11:05:49.138  INFO     RX        /ERR/LOKO/0x00000002
11:05:49.138  INFO     RX        /ERR/LOKO/0x00000002
11:05:49.168  INFO     RX        /ERR/LOKO/0x00000002
11:05:49.168  INFO     RX        /ERR/LOKO/0x00000002
11:05:49.203  INFO     RX        /ERR/LOKO/0x00000002
11:05:49.203  INFO     RX        /ERR/LOKO/0x00000002
11:05:49.203  INFO     RX        /ERR/LOKO/0x00000002
11:05:49.232  INFO     RX        /ERR/LOKO/0x00000002
11:05:49.232  INFO     RX        /ERR/LOKO/0x00000002
11:05:49.232  INFO     RX        /ERR/LOKO/0x00000002
11:05:49.268  INFO     RX        /ERR/LOKO/0x00000002
11:05:49.268  INFO     RX        /ERR/LOKO/0x00000002
11:05:49.268  INFO     RX        /ERR/LOKO/0x00000002
11:05:49.296  INFO     RX        /ERR/LOKO/0x00000002
11:05:49.296  INFO     RX        /ERR/LOKO/0x00000002
11:05:49.331  INFO     RX        /ERR/LOKO/0x00000002
11:05:49.331  INFO     RX        /ERR/LOKO/0x00000002
11:05:49.331  INFO     RX        /ERR/LOKO/0x00000002
11:05:49.360  INFO     RX        /ERR/LOKO/0x00000002
11:05:49.360  INFO     RX        /ERR/LOKO/0x00000002
11:05:49.398  INFO     RX        /ERR/LOKO/0x00000002
11:05:49.398  INFO     RX        /ERR/LOKO/0x00000002
11:05:49.398  INFO     RX        /ERR/LOKO/0x00000002
11:05:49.428  INFO     RX        /ERR/LOKO/0x00000002
11:05:49.428  INFO     RX        /ERR/LOKO/0x00000002
11:05:49.428  INFO     RX        /ERR/LOKO/0x00000002
11:05:49.460  INFO     RX        /ERR/LOKO/0x00000002
11:05:49.460  INFO     RX        /ERR/LOKO/0x00000002
11:05:49.460  INFO     RX        /ERR/LOKO/0x00000002
11:05:49.493  INFO     RX        /ERR/LOKO/0x00000002
11:05:49.493  INFO     RX        /ERR/LOKO/0x00000002
11:05:49.493  INFO     RX        /ERR/LOKO/0x00000002
11:05:49.521  INFO     RX        /ERR/LOKO/0x00000002
11:05:49.522  INFO     RX        /ERR/LOKO/0x00000002
11:05:49.557  INFO     RX        /ERR/LOKO/0x00000002
11:05:49.557  INFO     RX        /ERR/LOKO/0x00000002
11:05:49.557  INFO     RX        /ERR/LOKO/0x00000002
11:05:49.585  INFO     RX        /ERR/LOKO/0x00000002
11:05:49.585  INFO     RX        /ERR/LOKO/0x00000002
11:05:49.618  INFO     RX        /ERR/LOKO/0x00000002
11:05:49.618  INFO     RX        /ERR/LOKO/0x00000002
11:05:49.618  INFO     RX        /ERR/LOKO/0x00000002
11:05:49.653  INFO     RX        /ERR/LOKO/0x00000002
11:05:49.653  INFO     RX        /ERR/LOKO/0x00000002
11:05:49.653  INFO     RX        /ERR/LOKO/0x00000002
11:05:49.682  INFO     RX        /ERR/LOKO/0x00000002
11:05:49.682  INFO     RX        /ERR/LOKO/0x00000002
11:05:49.683  INFO     RX        /ERR/LOKO/0x00000002
11:05:49.715  INFO     RX        /ERR/LOKO/0x00000002
11:05:49.715  INFO     RX        /ERR/LOKO/0x00000002
11:05:49.751  INFO     RX        /ERR/LOKO/0x00000002
11:05:49.751  INFO     RX        /ERR/LOKO/0x00000002
11:05:49.751  INFO     RX        /ERR/LOKO/0x00000002
11:05:49.779  INFO     RX        /ERR/LOKO/0x00000002
11:05:49.779  INFO     RX        /ERR/LOKO/0x00000002
11:05:49.779  INFO     RX        /ERR/LOKO/0x00000002
11:05:49.814  INFO     RX        /ERR/LOKO/0x00000002
11:05:49.814  INFO     RX        /ERR/LOKO/0x00000002
11:05:49.814  INFO     RX        /ERR/LOKO/0x00000002
11:05:49.843  INFO     RX        /ERR/LOKO/0x00000002
11:05:49.844  INFO     RX        /ERR/LOKO/0x00000002
11:05:49.878  INFO     RX        /ERR/LOKO/0x00000002
11:05:49.878  INFO     RX        /ERR/LOKO/0x00000002
11:05:49.878  INFO     RX        /ERR/LOKO/0x00000002
11:05:49.907  INFO     RX        /ERR/LOKO/0x00000002
11:05:49.907  INFO     RX        /ERR/LOKO/0x00000002
11:05:49.942  INFO     RX        /ERR/LOKO/0x00000002
11:05:49.942  INFO     RX        /ERR/LOKO/0x00000002
11:05:49.942  INFO     RX        /ERR/LOKO/0x00000002
11:05:49.971  INFO     RX        /ERR/LOKO/0x00000002
11:05:49.971  INFO     RX        /ERR/LOKO/0x00000002
11:05:49.971  INFO     RX        /ERR/LOKO/0x00000002
11:05:50.003  INFO     RX        /ERR/LOKO/0x00000002
11:05:50.004  INFO     RX        /ERR/LOKO/0x00000002
11:05:50.004  INFO     RX        /ERR/LOKO/0x00000002
11:05:50.038  INFO     RX        /ERR/LOKO/0x00000002
11:05:50.386  DEBUG    TX /CONTROLL/0,0,0,0,0,0,0,0,0
11:05:51.488  INFO     RX        /ERR/LOKO/0x00000002
11:05:51.488  INFO     RX        /ERR/LOKO/0x00000002
11:05:51.582  INFO     RX        /ERR/LOKO/0x00000002
11:05:51.682  INFO     RX        /ERR/LOKO/0x00000002
11:05:51.682  INFO     RX        /ERR/LOKO/0x00000002
11:05:51.775  INFO     RX        /ERR/LOKO/0x00000002
11:05:51.903  INFO     RX        /ERR/LOKO/0x00000002
11:05:51.972  INFO     RX        /ERR/LOKO/0x00000002
11:05:51.998  DEBUG    TX /CONTROLL/0,0,0,-100,0,0,0,0,0
11:05:52.100  INFO     RX        /ERR/LOKO/0x00000002
11:05:52.197  INFO     RX        /ERR/LOKO/0x00000002
11:05:52.289  INFO     RX        /ERR/LOKO/0x00000002
11:05:52.389  INFO     RX        /ERR/LOKO/0x00000002
11:05:52.487  INFO     RX        /ERR/LOKO/0x00000002
11:05:52.581  INFO     RX        /ERR/LOKO/0x00000002
11:05:52.581  INFO     RX        /ERR/LOKO/0x00000002
11:05:52.675  INFO     RX        /ERR/LOKO/0x00000002
11:05:52.774  INFO     RX        /ERR/LOKO/0x00000002
11:05:52.803  INFO     RX        /ERR/LOKO/0x00000002
11:05:52.902  INFO     RX        /ERR/LOKO/0x00000002
11:05:52.902  INFO     RX        /ERR/LOKO/0x00000002
11:05:52.965  INFO     RX        /ERR/LOKO/0x00000002
11:05:52.995  INFO     RX        /ERR/LOKO/0x00000002
11:05:53.095  INFO     RX        /ERR/LOKO/0x00000002
11:05:53.095  INFO     RX        /ERR/LOKO/0x00000002
11:05:53.221  INFO     RX        /ERR/LOKO/0x00000002
11:05:53.256  INFO     RX        /ERR/LOKO/0x00000002
11:05:53.321  INFO     RX        /ERR/LOKO/0x00000002
11:05:53.350  INFO     RX        /ERR/LOKO/0x00000002
11:05:53.414  INFO     RX        /ERR/LOKO/0x00000002
11:05:53.450  INFO     RX        /ERR/LOKO/0x00000002
11:05:53.513  INFO     RX        /ERR/LOKO/0x00000002
11:05:53.543  INFO     RX        /ERR/LOKO/0x00000002
11:05:53.603  DEBUG    TX /CONTROLL/34,0,0,-100,0,0,0,0,0
11:05:53.607  INFO     RX        /ERR/LOKO/0x00000002
11:05:53.642  INFO     RX        /ERR/LOKO/0x00000002
11:05:53.705  INFO     RX        /ERR/LOKO/0x00000002
11:05:53.735  INFO     RX        /ERR/LOKO/0x00000002
11:05:53.799  INFO     RX        /ERR/LOKO/0x00000002
11:05:53.835  INFO     RX        /ERR/LOKO/0x00000002
11:05:53.927  INFO     RX        /ERR/LOKO/0x00000002
11:05:53.963  INFO     RX        /ERR/LOKO/0x00000002
11:05:53.996  INFO     RX        /ERR/LOKO/0x00000002
11:05:54.028  INFO     RX        /ERR/LOKO/0x00000002
11:05:54.094  INFO     RX        /ERR/LOKO/0x00000002
11:05:54.189  INFO     RX        /ERR/LOKO/0x00000002
11:05:54.286  INFO     RX        /ERR/LOKO/0x00000002
11:05:54.321  INFO     RX        /ERR/LOKO/0x00000002
11:05:54.351  INFO     RX        /ERR/LOKO/0x00000002
11:05:54.386  INFO     RX        /ERR/LOKO/0x00000002
11:05:54.450  INFO     RX        /ERR/LOKO/0x00000002
11:05:54.515  INFO     RX        /ERR/LOKO/0x00000002
11:05:54.543  INFO     RX        /ERR/LOKO/0x00000002
11:05:54.641  INFO     RX        /ERR/LOKO/0x00000002
11:05:54.672  INFO     RX        /ERR/LOKO/0x00000002
11:05:54.706  INFO     RX        /ERR/LOKO/0x00000002
11:05:54.736  INFO     RX        /ERR/LOKO/0x00000002
11:05:54.832  INFO     RX        /ERR/LOKO/0x00000002
11:05:54.867  INFO     RX        /ERR/LOKO/0x00000002
11:05:54.896  INFO     RX        /ERR/LOKO/0x00000002
11:05:54.930  INFO     RX        /ERR/LOKO/0x00000002
11:05:55.028  INFO     RX        /ERR/LOKO/0x00000002
11:05:55.060  INFO     RX        /ERR/LOKO/0x00000002
11:05:55.093  INFO     RX        /ERR/LOKO/0x00000002
11:05:55.123  INFO     RX        /ERR/LOKO/0x00000002
11:05:55.215  DEBUG    TX /CONTROLL/-15,0,0,-100,0,0,0,0,0
11:05:55.221  INFO     RX        /ERR/LOKO/0x00000002
11:05:55.251  INFO     RX        /ERR/LOKO/0x00000002
11:05:55.285  INFO     RX        /ERR/LOKO/0x00000002
11:05:55.378  INFO     RX        /ERR/LOKO/0x00000002
11:05:55.479  INFO     RX        /ERR/LOKO/0x00000002
11:05:55.479  INFO     RX        /ERR/LOKO/0x00000002
11:05:55.605  INFO     RX        /ERR/LOKO/0x00000002
11:05:56.822  DEBUG    TX /CONTROLL/0,0,0,0,0,0,0,0,0
11:05:58.436  DEBUG    TX /CONTROLL/0,0,0,0,0,0,0,0,0
11:06:00.045  DEBUG    TX /CONTROLL/0,0,0,0,0,0,0,0,0
11:06:01.653  DEBUG    TX /CONTROLL/0,0,0,0,0,0,0,0,0
11:06:03.269  DEBUG    TX /CONTROLL/0,0,0,0,0,0,0,0,0
11:06:04.873  DEBUG    TX /CONTROLL/0,0,0,0,0,0,0,0,0
11:06:06.484  DEBUG    TX /CONTROLL/0,0,0,0,0,0,0,0,0
11:06:08.087  DEBUG    TX /CONTROLL/0,0,0,0,0,0,0,0,0
11:06:09.695  DEBUG    TX /CONTROLL/0,0,0,0,0,0,0,0,0
11:06:11.305  DEBUG    TX /CONTROLL/0,0,0,0,0,0,0,0,0
11:06:12.918  DEBUG    TX /CONTROLL/0,0,0,0,0,0,0,0,0
11:06:14.525  DEBUG    TX /CONTROLL/0,0,0,0,0,0,0,0,0
11:06:16.129  DEBUG    TX /CONTROLL/0,0,0,0,0,0,0,0,0
11:06:17.736  DEBUG    TX /CONTROLL/0,0,0,0,0,0,0,0,0
11:06:19.342  DEBUG    TX /CONTROLL/0,0,0,0,0,0,0,0,0
11:06:20.951  DEBUG    TX /CONTROLL/0,0,0,0,0,0,0,0,0
11:06:22.562  DEBUG    TX /CONTROLL/0,0,0,0,0,0,0,0,0
11:06:24.171  DEBUG    TX /CONTROLL/0,0,0,0,0,0,0,0,0
11:06:25.777  DEBUG    TX /CONTROLL/0,0,0,0,0,0,0,0,0
11:06:27.381  DEBUG    TX /CONTROLL/0,0,0,0,0,0,0,0,0
11:06:28.989  DEBUG    TX /CONTROLL/0,0,0,0,0,0,0,0,0
11:06:30.601  DEBUG    TX /CONTROLL/0,0,0,0,0,0,0,0,0
11:06:32.213  DEBUG    TX /CONTROLL/0,0,0,0,0,0,0,0,0
11:06:33.807  DEBUG    TX /CONTROLL/0,0,0,0,0,0,0,0,0
11:06:35.416  DEBUG    TX /CONTROLL/0,0,0,0,0,0,0,0,0
11:06:37.024  DEBUG    TX /CONTROLL/0,0,0,0,0,0,0,0,0
11:06:38.634  DEBUG    TX /CONTROLL/0,0,0,0,0,0,0,0,0
11:06:40.242  DEBUG    TX /CONTROLL/0,0,0,0,0,0,0,0,0
11:06:41.849  DEBUG    TX /CONTROLL/0,0,0,0,0,0,0,0,0
11:06:43.461  DEBUG    TX /CONTROLL/0,0,0,0,0,0,0,0,0
11:06:45.068  DEBUG    TX /CONTROLL/0,0,0,0,0,0,0,0,0
11:06:46.679  DEBUG    TX /CONTROLL/0,0,0,0,0,0,0,0,0
11:06:48.287  DEBUG    TX /CONTROLL/0,0,0,0,0,0,0,0,0
11:06:49.899  DEBUG    TX /CONTROLL/0,0,0,0,0,0,0,0,0
11:06:51.505  DEBUG    TX /CONTROLL/0,0,0,0,0,0,0,0,0
11:06:53.113  DEBUG    TX /CONTROLL/0,0,0,0,0,0,0,0,0
11:06:54.722  DEBUG    TX /CONTROLL/0,0,0,0,0,0,0,0,0
11:06:56.325  DEBUG    TX /CONTROLL/0,0,0,0,0,0,0,0,0
11:06:57.940  DEBUG    TX /CONTROLL/0,0,0,0,0,0,0,0,0
11:06:59.550  DEBUG    TX /CONTROLL/0,0,0,0,0,0,0,0,0
11:07:01.161  DEBUG    TX /CONTROLL/0,0,0,0,0,0,0,0,0
11:07:02.765  DEBUG    TX /CONTROLL/0,0,0,0,0,0,0,0,0
11:07:04.374  DEBUG    TX /CONTROLL/0,0,0,0,0,0,0,0,0
11:07:05.990  DEBUG    TX /CONTROLL/0,0,0,0,0,0,0,0,0
11:07:07.597  DEBUG    TX /CONTROLL/0,0,0,0,0,0,0,0,0
11:07:09.205  DEBUG    TX /CONTROLL/0,0,0,0,0,0,0,0,0
11:07:10.813  DEBUG    TX /CONTROLL/0,0,0,0,0,0,0,0,0
11:07:12.423  DEBUG    TX /CONTROLL/0,0,0,0,0,0,0,0,0
11:07:14.029  DEBUG    TX /CONTROLL/0,0,0,0,0,0,0,0,0
11:07:15.637  DEBUG    TX /CONTROLL/0,0,0,0,0,0,0,0,0
11:07:17.247  DEBUG    TX /CONTROLL/0,0,0,0,0,0,0,0,0
11:07:18.856  DEBUG    TX /CONTROLL/0,0,0,0,0,0,0,0,0
11:07:20.460  DEBUG    TX /CONTROLL/0,0,0,0,0,0,0,0,0
11:07:22.066  DEBUG    TX /CONTROLL/0,0,0,0,0,0,0,0,0
11:07:23.682  DEBUG    TX /CONTROLL/0,0,0,0,0,0,0,0,0
11:07:25.289  DEBUG    TX /CONTROLL/0,0,0,0,0,0,0,0,0
11:07:26.903  DEBUG    TX /CONTROLL/0,0,0,0,0,0,0,0,0
11:07:28.512  DEBUG    TX /CONTROLL/0,0,0,0,0,0,0,0,0
11:07:30.120  DEBUG    TX /CONTROLL/0,0,0,0,0,0,0,0,0
11:07:31.728  DEBUG    TX /CONTROLL/0,0,0,0,0,0,0,0,0
11:07:33.342  DEBUG    TX /CONTROLL/0,0,0,0,0,0,0,0,0
11:07:34.953  DEBUG    TX /CONTROLL/0,0,0,0,0,0,0,0,0
11:07:36.569  DEBUG    TX /CONTROLL/0,0,0,0,0,0,0,0,0
11:07:38.177  DEBUG    TX /CONTROLL/0,0,0,0,0,0,0,0,0
11:07:39.788  DEBUG    TX /CONTROLL/0,0,0,0,0,0,0,0,0
11:07:41.393  DEBUG    TX /CONTROLL/0,0,0,0,0,0,0,0,0
11:07:43.007  DEBUG    TX /CONTROLL/0,0,0,0,0,0,0,0,0
11:07:44.617  DEBUG    TX /CONTROLL/0,0,0,0,0,0,0,0,0
11:07:46.225  DEBUG    TX /CONTROLL/0,0,0,0,0,0,0,0,0
11:07:47.833  DEBUG    TX /CONTROLL/0,0,0,0,0,0,0,0,0
11:07:49.439  DEBUG    TX /CONTROLL/0,0,0,0,0,0,0,0,0
11:07:51.045  DEBUG    TX /CONTROLL/0,0,0,0,0,0,0,0,0
11:07:52.655  DEBUG    TX /CONTROLL/0,0,0,0,0,0,0,0,0
11:07:54.266  DEBUG    TX /CONTROLL/0,0,0,0,0,0,0,0,0
11:07:55.873  DEBUG    TX /CONTROLL/0,0,0,0,0,0,0,0,0
11:07:57.488  DEBUG    TX /CONTROLL/0,0,0,0,0,0,0,0,0
11:07:59.106  DEBUG    TX /CONTROLL/0,0,0,0,0,0,0,0,0
11:08:00.716  DEBUG    TX /CONTROLL/0,0,0,0,0,0,0,0,0
11:08:02.322  DEBUG    TX /CONTROLL/0,0,0,0,0,0,0,0,0
11:08:03.926  DEBUG    TX /CONTROLL/0,0,0,0,0,0,0,0,0
11:08:05.536  DEBUG    TX /CONTROLL/0,0,0,0,0,0,0,0,0
11:08:07.147  DEBUG    TX /CONTROLL/0,0,0,0,0,0,0,0,0
11:08:08.755  DEBUG    TX /CONTROLL/0,0,0,0,0,0,0,0,0
11:08:10.372  DEBUG    TX /CONTROLL/0,0,0,0,0,0,0,0,0
11:08:11.981  DEBUG    TX /CONTROLL/0,0,0,0,0,0,0,0,0
11:08:13.590  DEBUG    TX /CONTROLL/0,0,0,0,0,0,0,0,0
11:08:15.198  DEBUG    TX /CONTROLL/0,0,0,0,0,0,0,0,0
11:08:16.813  DEBUG    TX /CONTROLL/0,0,0,0,0,0,0,0,0
11:08:18.422  DEBUG    TX /CONTROLL/0,0,0,0,0,0,0,0,0
11:08:20.027  DEBUG    TX /CONTROLL/0,0,0,0,0,0,0,0,0
11:08:21.633  DEBUG    TX /CONTROLL/0,0,0,0,0,0,0,0,0
11:08:23.244  DEBUG    TX /CONTROLL/0,0,0,0,0,0,0,0,0
11:08:24.855  DEBUG    TX /CONTROLL/0,0,0,0,0,0,0,0,0
11:08:26.473  DEBUG    TX /CONTROLL/0,0,0,0,0,0,0,0,0
11:08:28.079  DEBUG    TX /CONTROLL/0,0,0,0,0,0,0,0,0
11:08:29.697  DEBUG    TX /CONTROLL/0,0,0,0,0,0,0,0,0
11:08:31.309  DEBUG    TX /CONTROLL/0,0,0,0,0,0,0,0,0
11:08:32.917  DEBUG    TX /CONTROLL/0,0,0,0,0,0,0,0,0
11:08:34.524  DEBUG    TX /CONTROLL/0,0,0,0,0,0,0,0,0
11:08:36.135  DEBUG    TX /CONTROLL/0,0,0,0,0,0,0,0,0
11:08:37.749  DEBUG    TX /CONTROLL/0,0,0,0,0,0,0,0,0
11:08:39.353  DEBUG    TX /CONTROLL/0,0,0,0,0,0,0,0,0
11:08:40.957  DEBUG    TX /CONTROLL/0,0,0,0,0,0,0,0,0
11:08:42.567  DEBUG    TX /CONTROLL/0,0,0,0,0,0,0,0,0
11:08:44.177  DEBUG    TX /CONTROLL/0,0,0,0,0,0,0,0,0
11:08:45.789  DEBUG    TX /CONTROLL/0,0,0,0,0,0,0,0,0
11:08:47.396  DEBUG    TX /CONTROLL/0,0,0,0,0,0,0,0,0
11:08:49.010  DEBUG    TX /CONTROLL/0,0,0,0,0,0,0,0,0
11:08:50.621  DEBUG    TX /CONTROLL/0,0,0,0,0,0,0,0,0
11:08:52.228  DEBUG    TX /CONTROLL/0,0,0,0,0,0,0,0,0
11:08:53.835  DEBUG    TX /CONTROLL/0,0,0,0,0,0,0,0,0
11:08:55.438  DEBUG    TX /CONTROLL/0,0,0,0,0,0,0,0,0
11:08:57.048  DEBUG    TX /CONTROLL/0,0,0,0,0,0,0,0,0
11:08:58.654  DEBUG    TX /CONTROLL/0,0,0,0,0,0,0,0,0
11:09:00.262  DEBUG    TX /CONTROLL/0,0,0,0,0,0,0,0,0
11:09:01.872  DEBUG    TX /CONTROLL/0,0,0,0,0,0,0,0,0
11:09:03.481  DEBUG    TX /CONTROLL/0,0,0,0,0,0,0,0,0
11:09:05.089  DEBUG    TX /CONTROLL/0,0,0,0,0,0,0,0,0
11:09:06.697  DEBUG    TX /CONTROLL/0,0,0,0,0,0,0,0,0
11:09:08.311  DEBUG    TX /CONTROLL/0,0,0,0,0,0,0,0,0
11:09:09.919  DEBUG    TX /CONTROLL/0,0,0,0,0,0,0,0,0
11:09:11.532  DEBUG    TX /CONTROLL/0,0,0,0,0,0,0,0,0
11:09:13.138  DEBUG    TX /CONTROLL/0,0,0,0,0,0,0,0,0
11:09:14.748  DEBUG    TX /CONTROLL/0,0,0,0,0,0,0,0,0
11:09:16.354  DEBUG    TX /CONTROLL/0,0,0,0,0,0,0,0,0
11:09:17.963  DEBUG    TX /CONTROLL/0,0,0,0,0,0,0,0,0
11:09:19.571  DEBUG    TX /CONTROLL/0,0,0,0,0,0,0,0,0
11:09:21.183  DEBUG    TX /CONTROLL/0,0,0,0,0,0,0,0,0
11:09:22.786  DEBUG    TX /CONTROLL/0,0,0,0,0,0,0,0,0
11:09:24.395  DEBUG    TX /CONTROLL/0,0,0,0,0,0,0,0,0
11:09:26.006  DEBUG    TX /CONTROLL/0,0,0,0,0,0,0,0,0
11:09:27.616  DEBUG    TX /CONTROLL/0,0,0,0,0,0,0,0,0
11:09:29.232  DEBUG    TX /CONTROLL/0,0,0,0,0,0,0,0,0
11:09:30.845  DEBUG    TX /CONTROLL/0,0,0,0,0,0,0,0,0
11:09:32.454  DEBUG    TX /CONTROLL/0,0,0,0,0,0,0,0,0
11:09:34.067  DEBUG    TX /CONTROLL/0,0,0,0,0,0,0,0,0
11:09:35.675  DEBUG    TX /CONTROLL/0,0,0,0,0,0,0,0,0
11:09:37.286  DEBUG    TX /CONTROLL/0,0,0,0,0,0,0,0,0
11:09:38.885  DEBUG    TX /CONTROLL/0,0,0,0,0,0,0,0,0
11:09:40.494  DEBUG    TX /CONTROLL/0,0,0,0,0,0,0,0,0
11:09:42.108  DEBUG    TX /CONTROLL/0,0,0,0,0,0,0,0,0
11:09:43.722  DEBUG    TX /CONTROLL/0,0,0,0,0,0,0,0,0
11:09:45.333  DEBUG    TX /CONTROLL/0,0,0,0,0,0,0,0,0
11:09:46.941  DEBUG    TX /CONTROLL/0,0,0,0,0,0,0,0,0
11:09:48.546  DEBUG    TX /CONTROLL/0,0,0,0,0,0,0,0,0
11:09:50.150  DEBUG    TX /CONTROLL/0,0,0,0,0,0,0,0,0
11:09:51.755  DEBUG    TX /CONTROLL/0,0,0,0,0,0,0,0,0
11:09:53.370  DEBUG    TX /CONTROLL/0,0,0,0,0,0,0,0,0
11:09:54.980  DEBUG    TX /CONTROLL/0,0,0,0,0,0,0,0,0
11:09:56.598  DEBUG    TX /CONTROLL/0,0,0,0,0,0,0,0,0
11:09:58.212  DEBUG    TX /CONTROLL/0,0,0,0,0,0,0,0,0
11:09:59.823  DEBUG    TX /CONTROLL/0,0,0,0,0,0,0,0,0
11:10:01.435  DEBUG    TX /CONTROLL/0,0,0,0,0,0,0,0,0
11:10:03.045  DEBUG    TX /CONTROLL/0,0,0,0,0,0,0,0,0
11:10:04.653  DEBUG    TX /CONTROLL/0,0,0,0,0,0,0,0,0
11:10:06.260  DEBUG    TX /CONTROLL/0,0,0,0,0,0,0,0,0
11:10:07.867  DEBUG    TX /CONTROLL/0,0,0,0,0,0,0,0,0
11:10:09.478  DEBUG    TX /CONTROLL/0,0,0,0,0,0,0,0,0
11:10:11.088  DEBUG    TX /CONTROLL/0,0,0,0,0,0,0,0,0
11:10:12.701  DEBUG    TX /CONTROLL/0,0,0,0,0,0,0,0,0
11:10:14.312  DEBUG    TX /CONTROLL/0,0,0,0,0,0,0,0,0
11:10:15.919  DEBUG    TX /CONTROLL/0,0,0,0,0,0,0,0,0
11:10:17.526  DEBUG    TX /CONTROLL/0,0,0,0,0,0,0,0,0
11:10:19.139  DEBUG    TX /CONTROLL/0,0,0,0,0,0,0,0,0
11:10:20.754  DEBUG    TX /CONTROLL/0,0,0,0,0,0,0,0,0
11:10:22.366  DEBUG    TX /CONTROLL/0,0,0,0,0,0,0,0,0
11:10:23.974  DEBUG    TX /CONTROLL/0,0,0,0,0,0,0,0,0
11:10:25.592  DEBUG    TX /CONTROLL/0,0,0,0,0,0,0,0,0
11:10:27.204  DEBUG    TX /CONTROLL/0,0,0,0,0,0,0,0,0
11:10:28.815  DEBUG    TX /CONTROLL/0,0,0,0,0,0,0,0,0
11:10:30.429  DEBUG    TX /CONTROLL/0,0,0,0,0,0,0,0,0
11:10:32.049  DEBUG    TX /CONTROLL/0,0,0,0,0,0,0,0,0
11:10:33.661  DEBUG    TX /CONTROLL/0,0,0,0,0,0,0,0,0
11:10:35.274  DEBUG    TX /CONTROLL/0,0,0,0,0,0,0,0,0
11:10:36.887  DEBUG    TX /CONTROLL/0,0,0,0,0,0,0,0,0
11:10:38.489  DEBUG    TX /CONTROLL/0,0,0,0,0,0,0,0,0
11:10:40.100  DEBUG    TX /CONTROLL/0,0,0,0,0,0,0,0,0
11:10:41.712  DEBUG    TX /CONTROLL/0,0,0,0,0,0,0,0,0
11:10:43.324  DEBUG    TX /CONTROLL/0,0,0,0,0,0,0,0,0
11:10:44.932  DEBUG    TX /CONTROLL/0,0,0,0,0,0,0,0,0
11:10:46.539  DEBUG    TX /CONTROLL/0,0,0,0,0,0,0,0,0
11:10:48.148  DEBUG    TX /CONTROLL/0,0,0,0,0,0,0,0,0
11:10:49.757  DEBUG    TX /CONTROLL/0,0,0,0,0,0,0,0,0
11:10:51.367  DEBUG    TX /CONTROLL/0,0,0,0,0,0,0,0,0
11:10:52.971  DEBUG    TX /CONTROLL/0,0,0,0,0,0,0,0,0
11:10:54.580  DEBUG    TX /CONTROLL/0,0,0,0,0,0,0,0,0
11:10:56.190  DEBUG    TX /CONTROLL/0,0,0,0,0,0,0,0,0
11:10:57.799  DEBUG    TX /CONTROLL/0,0,0,0,0,0,0,0,0
11:10:59.405  DEBUG    TX /CONTROLL/0,0,0,0,0,0,0,0,0
11:11:01.022  DEBUG    TX /CONTROLL/0,0,0,0,0,0,0,0,0
11:11:02.627  DEBUG    TX /CONTROLL/0,0,0,0,0,0,0,0,0
11:11:04.231  DEBUG    TX /CONTROLL/0,0,0,0,0,0,0,0,0
11:11:05.842  DEBUG    TX /CONTROLL/0,0,0,0,0,0,0,0,0
11:11:07.456  DEBUG    TX /CONTROLL/0,0,0,0,0,0,0,0,0
11:11:09.071  DEBUG    TX /CONTROLL/0,0,0,0,0,0,0,0,0
11:11:10.686  DEBUG    TX /CONTROLL/0,0,0,0,0,0,0,0,0
11:11:12.290  DEBUG    TX /CONTROLL/0,0,0,0,0,0,0,0,0
11:11:13.897  DEBUG    TX /CONTROLL/0,0,0,0,0,0,0,0,0
11:11:15.505  DEBUG    TX /CONTROLL/0,0,0,0,0,0,0,0,0
11:11:17.114  DEBUG    TX /CONTROLL/0,0,0,0,0,0,0,0,0
11:11:18.726  DEBUG    TX /CONTROLL/0,0,0,0,0,0,0,0,0
11:11:20.337  DEBUG    TX /CONTROLL/0,0,0,0,0,0,0,0,0
11:11:21.948  DEBUG    TX /CONTROLL/0,0,0,0,0,0,0,0,0
11:11:23.555  DEBUG    TX /CONTROLL/0,0,0,0,0,0,0,0,0
11:11:25.169  DEBUG    TX /CONTROLL/0,0,0,0,0,0,0,0,0
11:11:26.784  DEBUG    TX /CONTROLL/0,0,0,0,0,0,0,0,0
11:11:28.392  DEBUG    TX /CONTROLL/0,0,0,0,0,0,0,0,0
11:11:30.001  DEBUG    TX /CONTROLL/0,0,0,0,0,0,0,0,0
11:11:31.609  DEBUG    TX /CONTROLL/0,0,0,0,0,0,0,0,0
11:11:33.217  DEBUG    TX /CONTROLL/0,0,0,0,0,0,0,0,0
11:11:34.827  DEBUG    TX /CONTROLL/0,0,0,0,0,0,0,0,0
11:11:36.439  DEBUG    TX /CONTROLL/0,0,0,0,0,0,0,0,0
11:11:38.048  DEBUG    TX /CONTROLL/0,0,0,0,0,0,0,0,0
11:11:39.656  DEBUG    TX /CONTROLL/0,0,0,0,0,0,0,0,0
11:11:41.264  DEBUG    TX /CONTROLL/0,0,0,0,0,0,0,0,0
11:11:42.874  DEBUG    TX /CONTROLL/0,0,0,0,0,0,0,0,0
11:11:44.481  DEBUG    TX /CONTROLL/0,0,0,0,0,0,0,0,0
11:11:46.089  DEBUG    TX /CONTROLL/0,0,0,0,0,0,0,0,0
11:11:47.700  DEBUG    TX /CONTROLL/0,0,0,0,0,0,0,0,0
11:11:49.308  DEBUG    TX /CONTROLL/0,0,0,0,0,0,0,0,0
11:11:50.924  DEBUG    TX /CONTROLL/0,0,0,0,0,0,0,0,0
11:11:52.532  DEBUG    TX /CONTROLL/0,0,0,0,0,0,0,0,0
11:11:54.141  DEBUG    TX /CONTROLL/0,0,0,0,0,0,0,0,0
11:11:55.756  DEBUG    TX /CONTROLL/0,0,0,0,0,0,0,0,0
11:11:57.367  DEBUG    TX /CONTROLL/0,0,0,0,0,0,0,0,0
11:11:58.976  DEBUG    TX /CONTROLL/0,0,0,0,0,0,0,0,0
11:12:00.584  DEBUG    TX /CONTROLL/0,0,0,0,0,0,0,0,0
11:12:02.189  DEBUG    TX /CONTROLL/0,0,0,0,0,0,0,0,0
11:12:03.802  DEBUG    TX /CONTROLL/0,0,0,0,0,0,0,0,0
11:12:05.413  DEBUG    TX /CONTROLL/0,0,0,0,0,0,0,0,0
11:12:07.023  DEBUG    TX /CONTROLL/0,0,0,0,0,0,0,0,0
11:12:08.629  DEBUG    TX /CONTROLL/0,0,0,0,0,0,0,0,0
11:12:10.241  DEBUG    TX /CONTROLL/0,0,0,0,0,0,0,0,0
11:12:11.846  DEBUG    TX /CONTROLL/0,0,0,0,0,0,0,0,0
11:12:13.457  DEBUG    TX /CONTROLL/0,0,0,0,0,0,0,0,0
11:12:15.072  DEBUG    TX /CONTROLL/0,0,0,0,0,0,0,0,0
11:12:16.682  DEBUG    TX /CONTROLL/0,0,0,0,0,0,0,0,0
11:12:18.295  DEBUG    TX /CONTROLL/0,0,0,0,0,0,0,0,0
11:12:19.911  DEBUG    TX /CONTROLL/0,0,0,0,0,0,0,0,0
11:12:21.518  DEBUG    TX /CONTROLL/0,0,0,0,0,0,0,0,0
11:12:23.128  DEBUG    TX /CONTROLL/0,0,0,0,0,0,0,0,0
11:12:23.139  INFO     RX        /BATTERY/VDDA/12867 mV
11:12:23.162  INFO     RX        === Hexapod Mainboard ===
11:12:23.163  INFO     RX        PCA9685 Right: OK
11:12:23.198  INFO     RX        PCA9685 Left:  OK
11:12:23.198  INFO     RX        LSM6DSO IMU:   OK
11:12:23.366  INFO     RX        VL53L1X ToF:   OK
11:12:23.396  INFO     RX        Locomotion:    INIT (UN_ARMED, printf mode)
11:12:23.420  INFO     RX        Press L1 to arm, R1 to disarm at any time.
11:12:23.420  INFO     RX        Ready.
11:12:24.742  DEBUG    TX /CONTROLL/0,0,0,0,0,0,0,0,0
11:12:26.350  DEBUG    TX /CONTROLL/0,0,0,0,0,0,0,0,0
11:12:27.958  DEBUG    TX /CONTROLL/0,0,0,0,0,0,0,0,0
11:12:29.570  DEBUG    TX /CONTROLL/0,0,0,0,0,0,0,0,0
11:12:30.415  INFO     RX        /ERR/LOKO/0x00000002
11:12:30.415  INFO     RX        /ERR/LOKO/0x00000002
11:12:30.441  INFO     RX        /ERR/LOKO/0x00000002
11:12:30.441  INFO     RX        /ERR/LOKO/0x00000002
11:12:30.441  INFO     RX        /ERR/LOKO/0x00000002
11:12:30.476  INFO     RX        /ERR/LOKO/0x00000002
11:12:30.476  INFO     RX        /ERR/LOKO/0x00000002
11:12:30.476  INFO     RX        /ERR/LOKO/0x00000002
11:12:30.509  INFO     RX        /ERR/LOKO/0x00000002
11:12:30.509  INFO     RX        /ERR/LOKO/0x00000002
11:12:30.539  INFO     RX        /ERR/LOKO/0x00000002
11:12:30.539  INFO     RX        /ERR/LOKO/0x00000002
11:12:30.539  INFO     RX        /ERR/LOKO/0x00000002
11:12:30.573  INFO     RX        /ERR/LOKO/0x00000002
11:12:30.574  INFO     RX        /ERR/LOKO/0x00000002
11:12:30.574  INFO     RX        /ERR/LOKO/0x00000002
11:12:30.603  INFO     RX        /ERR/LOKO/0x00000002
11:12:30.603  INFO     RX        /ERR/LOKO/0x00000002
11:12:30.639  INFO     RX        /ERR/LOKO/0x00000002
11:12:30.639  INFO     RX        /ERR/LOKO/0x00000002
11:12:30.639  INFO     RX        /ERR/LOKO/0x00000002
11:12:30.667  INFO     RX        /ERR/LOKO/0x00000002
11:12:30.667  INFO     RX        /ERR/LOKO/0x00000002
11:12:30.667  INFO     RX        /ERR/LOKO/0x00000002
11:12:30.705  INFO     RX        /ERR/LOKO/0x00000002
11:12:30.705  INFO     RX        /ERR/LOKO/0x00000002
11:12:30.705  INFO     RX        /ERR/LOKO/0x00000002
11:12:30.731  INFO     RX        /ERR/LOKO/0x00000002
11:12:30.731  INFO     RX        /ERR/LOKO/0x00000002
11:12:30.767  INFO     RX        /ERR/LOKO/0x00000002
11:12:30.767  INFO     RX        /ERR/LOKO/0x00000002
11:12:30.767  INFO     RX        /ERR/LOKO/0x00000002
11:12:30.796  INFO     RX        /ERR/LOKO/0x00000002
11:12:30.796  INFO     RX        /ERR/LOKO/0x00000002
11:12:30.796  INFO     RX        /ERR/LOKO/0x00000002
11:12:30.832  INFO     RX        /ERR/LOKO/0x00000002
11:12:30.832  INFO     RX        /ERR/LOKO/0x00000002
11:12:30.832  INFO     RX        /ERR/LOKO/0x00000002
11:12:30.865  INFO     RX        /ERR/LOKO/0x00000002
11:12:30.865  INFO     RX        /ERR/LOKO/0x00000002
11:12:30.865  INFO     RX        /ERR/LOKO/0x00000002
11:12:30.894  INFO     RX        /ERR/LOKO/0x00000002
11:12:30.894  INFO     RX        /ERR/LOKO/0x00000002
11:12:30.930  INFO     RX        /ERR/LOKO/0x00000002
11:12:30.930  INFO     RX        /ERR/LOKO/0x00000002
11:12:30.930  INFO     RX        /ERR/LOKO/0x00000002
11:12:30.969  INFO     RX        /ERR/LOKO/0x00000002
11:12:30.970  INFO     RX        /ERR/LOKO/0x00000002
11:12:30.970  INFO     RX        /ERR/LOKO/0x00000002
11:12:30.991  INFO     RX        /ERR/LOKO/0x00000002
11:12:30.991  INFO     RX        /ERR/LOKO/0x00000002
11:12:31.026  INFO     RX        /ERR/LOKO/0x00000002
11:12:31.026  INFO     RX        /ERR/LOKO/0x00000002
11:12:31.026  INFO     RX        /ERR/LOKO/0x00000002
11:12:31.056  INFO     RX        /ERR/LOKO/0x00000002
11:12:31.056  INFO     RX        /ERR/LOKO/0x00000002
11:12:31.056  INFO     RX        /ERR/LOKO/0x00000002
11:12:31.091  INFO     RX        /ERR/LOKO/0x00000002
11:12:31.091  INFO     RX        /ERR/LOKO/0x00000002
11:12:31.091  INFO     RX        /ERR/LOKO/0x00000002
11:12:31.119  INFO     RX        /ERR/LOKO/0x00000002
11:12:31.119  INFO     RX        /ERR/LOKO/0x00000002
11:12:31.154  INFO     RX        /ERR/LOKO/0x00000002
11:12:31.154  INFO     RX        /ERR/LOKO/0x00000002
11:12:31.154  INFO     RX        /ERR/LOKO/0x00000002
11:12:31.181  DEBUG    TX /CONTROLL/0,0,0,-20,0,0,0,0,0
11:12:31.184  INFO     RX        /ERR/LOKO/0x00000002
11:12:31.184  INFO     RX        /ERR/LOKO/0x00000002
11:12:31.184  INFO     RX        /ERR/LOKO/0x00000002
11:12:31.219  INFO     RX        /ERR/LOKO/0x00000002
11:12:31.219  INFO     RX        /ERR/LOKO/0x00000002
11:12:31.219  INFO     RX        /ERR/LOKO/0x00000002
11:12:31.248  INFO     RX        /ERR/LOKO/0x00000002
11:12:31.248  INFO     RX        /ERR/LOKO/0x00000002
11:12:31.284  INFO     RX        /ERR/LOKO/0x00000002
11:12:31.284  INFO     RX        /ERR/LOKO/0x00000002
11:12:31.284  INFO     RX        /ERR/LOKO/0x00000002
11:12:31.313  INFO     RX        /ERR/LOKO/0x00000002
11:12:31.313  INFO     RX        /ERR/LOKO/0x00000002
11:12:31.313  INFO     RX        /ERR/LOKO/0x00000002
11:12:31.349  INFO     RX        /ERR/LOKO/0x00000002
11:12:31.349  INFO     RX        /ERR/LOKO/0x00000002
11:12:31.349  INFO     RX        /ERR/LOKO/0x00000002
11:12:31.379  INFO     RX        /ERR/LOKO/0x00000002
11:12:31.379  INFO     RX        /ERR/LOKO/0x00000002
11:12:31.414  INFO     RX        /ERR/LOKO/0x00000002
11:12:31.414  INFO     RX        /ERR/LOKO/0x00000002
11:12:31.414  INFO     RX        /ERR/LOKO/0x00000002
11:12:31.444  INFO     RX        /ERR/LOKO/0x00000002
11:12:31.444  INFO     RX        /ERR/LOKO/0x00000002
11:12:31.444  INFO     RX        /ERR/LOKO/0x00000002
11:12:31.480  INFO     RX        /ERR/LOKO/0x00000002
11:12:31.480  INFO     RX        /ERR/LOKO/0x00000002
11:12:31.480  INFO     RX        /ERR/LOKO/0x00000002
11:12:31.507  INFO     RX        /ERR/LOKO/0x00000002
11:12:31.507  INFO     RX        /ERR/LOKO/0x00000002
11:12:31.543  INFO     RX        /ERR/LOKO/0x00000002
11:12:31.543  INFO     RX        /ERR/LOKO/0x00000002
11:12:31.543  INFO     RX        /ERR/LOKO/0x00000002
11:12:31.571  INFO     RX        /ERR/LOKO/0x00000002
11:12:31.571  INFO     RX        /ERR/LOKO/0x00000002
11:12:31.605  INFO     RX        /ERR/LOKO/0x00000002
11:12:31.605  INFO     RX        /ERR/LOKO/0x00000002
11:12:31.606  INFO     RX        /ERR/LOKO/0x00000002
11:12:31.635  INFO     RX        /ERR/LOKO/0x00000002
11:12:31.635  INFO     RX        /ERR/LOKO/0x00000002
11:12:31.635  INFO     RX        /ERR/LOKO/0x00000002
11:12:31.670  INFO     RX        /ERR/LOKO/0x00000002
11:12:31.670  INFO     RX        /ERR/LOKO/0x00000002
11:12:31.670  INFO     RX        /ERR/LOKO/0x00000002
11:12:31.698  INFO     RX        /ERR/LOKO/0x00000002
11:12:31.698  INFO     RX        /ERR/LOKO/0x00000002
11:12:31.730  INFO     RX        /ERR/LOKO/0x00000002
11:12:31.731  INFO     RX        /ERR/LOKO/0x00000002
11:12:31.731  INFO     RX        /ERR/LOKO/0x00000002
11:12:31.766  INFO     RX        /ERR/LOKO/0x00000002
11:12:31.766  INFO     RX        /ERR/LOKO/0x00000002
11:12:31.766  INFO     RX        /ERR/LOKO/0x00000002
11:12:31.795  INFO     RX        /ERR/LOKO/0x00000002
11:12:31.795  INFO     RX        /ERR/LOKO/0x00000002
11:12:31.828  INFO     RX        /ERR/LOKO/0x00000002
11:12:31.829  INFO     RX        /ERR/LOKO/0x00000002
11:12:31.829  INFO     RX        /ERR/LOKO/0x00000002
11:12:31.862  INFO     RX        /ERR/LOKO/0x00000002
11:12:31.862  INFO     RX        /ERR/LOKO/0x00000002
11:12:31.862  INFO     RX        /ERR/LOKO/0x00000002
11:12:31.890  INFO     RX        /ERR/LOKO/0x00000002
11:12:31.890  INFO     RX        /ERR/LOKO/0x00000002
11:12:31.926  INFO     RX        /ERR/LOKO/0x00000002
11:12:31.926  INFO     RX        /ERR/LOKO/0x00000002
11:12:31.926  INFO     RX        /ERR/LOKO/0x00000002
11:12:31.926  INFO     RX        /ERR/LOKO/0x00000002
11:12:31.955  INFO     RX        /ERR/LOKO/0x00000002
11:12:31.955  INFO     RX        /ERR/LOKO/0x00000002
11:12:31.989  INFO     RX        /ERR/LOKO/0x00000002
11:12:31.990  INFO     RX        /ERR/LOKO/0x00000002
11:12:31.990  INFO     RX        /ERR/LOKO/0x00000002
11:12:32.020  INFO     RX        /ERR/LOKO/0x00000002
11:12:32.021  INFO     RX        /ERR/LOKO/0x00000002
11:12:32.054  INFO     RX        /ERR/LOKO/0x00000002
11:12:32.054  INFO     RX        /ERR/LOKO/0x00000002
11:12:32.054  INFO     RX        /ERR/LOKO/0x00000002
11:12:32.083  INFO     RX        /ERR/LOKO/0x00000002
11:12:32.083  INFO     RX        /ERR/LOKO/0x00000002
11:12:32.083  INFO     RX        /ERR/LOKO/0x00000002
11:12:32.119  INFO     RX        /ERR/LOKO/0x00000002
11:12:32.119  INFO     RX        /ERR/LOKO/0x00000002
11:12:32.119  INFO     RX        /ERR/LOKO/0x00000002
11:12:32.148  INFO     RX        /ERR/LOKO/0x00000002
11:12:32.148  INFO     RX        /ERR/LOKO/0x00000002
11:12:32.183  INFO     RX        /ERR/LOKO/0x00000002
11:12:32.183  INFO     RX        /ERR/LOKO/0x00000002
11:12:32.183  INFO     RX        /ERR/LOKO/0x00000002
11:12:32.212  INFO     RX        /ERR/LOKO/0x00000002
11:12:32.213  INFO     RX        /ERR/LOKO/0x00000002
11:12:32.213  INFO     RX        /ERR/LOKO/0x00000002
11:12:32.248  INFO     RX        /ERR/LOKO/0x00000002
11:12:32.248  INFO     RX        /ERR/LOKO/0x00000002
11:12:32.248  INFO     RX        /ERR/LOKO/0x00000002
11:12:32.280  INFO     RX        /ERR/LOKO/0x00000002
11:12:32.280  INFO     RX        /ERR/LOKO/0x00000002
11:12:32.312  INFO     RX        /ERR/LOKO/0x00000002
11:12:32.312  INFO     RX        /ERR/LOKO/0x00000002
11:12:32.312  INFO     RX        /ERR/LOKO/0x00000002
11:12:32.345  INFO     RX        /ERR/LOKO/0x00000002
11:12:32.345  INFO     RX        /ERR/LOKO/0x00000002
11:12:32.345  INFO     RX        /ERR/LOKO/0x00000002
11:12:32.376  INFO     RX        /ERR/LOKO/0x00000002
11:12:32.376  INFO     RX        /ERR/LOKO/0x00000002
11:12:32.376  INFO     RX        /ERR/LOKO/0x00000002
11:12:32.407  INFO     RX        /ERR/LOKO/0x00000002
11:12:32.408  INFO     RX        /ERR/LOKO/0x00000002
11:12:32.441  INFO     RX        /ERR/LOKO/0x00000002
11:12:32.441  INFO     RX        /ERR/LOKO/0x00000002
11:12:32.441  INFO     RX        /ERR/LOKO/0x00000002
11:12:32.473  INFO     RX        /ERR/LOKO/0x00000002
11:12:32.473  INFO     RX        /ERR/LOKO/0x00000002
11:12:32.473  INFO     RX        /ERR/LOKO/0x00000002
11:12:32.505  INFO     RX        /ERR/LOKO/0x00000002
11:12:32.505  INFO     RX        /ERR/LOKO/0x00000002
11:12:32.505  INFO     RX        /ERR/LOKO/0x00000002
11:12:32.536  INFO     RX        /ERR/LOKO/0x00000002
11:12:32.537  INFO     RX        /ERR/LOKO/0x00000002
11:12:32.568  INFO     RX        /ERR/LOKO/0x00000002
11:12:32.569  INFO     RX        /ERR/LOKO/0x00000002
11:12:32.569  INFO     RX        /ERR/LOKO/0x00000002
11:12:32.601  INFO     RX        /ERR/LOKO/0x00000002
11:12:32.601  INFO     RX        /ERR/LOKO/0x00000002
11:12:32.601  INFO     RX        /ERR/LOKO/0x00000002
11:12:32.633  INFO     RX        /ERR/LOKO/0x00000002
11:12:32.633  INFO     RX        /ERR/LOKO/0x00000002
11:12:32.633  INFO     RX        /ERR/LOKO/0x00000002
11:12:32.667  INFO     RX        /ERR/LOKO/0x00000002
11:12:32.667  INFO     RX        /ERR/LOKO/0x00000002
11:12:32.695  INFO     RX        /ERR/LOKO/0x00000002
11:12:32.695  INFO     RX        /ERR/LOKO/0x00000002
11:12:32.695  INFO     RX        /ERR/LOKO/0x00000002
11:12:32.730  INFO     RX        /ERR/LOKO/0x00000002
11:12:32.731  INFO     RX        /ERR/LOKO/0x00000002
11:12:32.731  INFO     RX        /ERR/LOKO/0x00000002
11:12:32.761  INFO     RX        /ERR/LOKO/0x00000002
11:12:32.761  INFO     RX        /ERR/LOKO/0x00000002
11:12:32.789  DEBUG    TX /CONTROLL/0,0,0,-20,0,0,0,0,0
11:12:32.795  INFO     RX        /ERR/LOKO/0x00000002
11:12:32.795  INFO     RX        /ERR/LOKO/0x00000002
11:12:32.795  INFO     RX        /ERR/LOKO/0x00000002
11:12:32.824  INFO     RX        /ERR/LOKO/0x00000002
11:12:32.824  INFO     RX        /ERR/LOKO/0x00000002
11:12:32.825  INFO     RX        /ERR/LOKO/0x00000002
11:12:32.859  INFO     RX        /ERR/LOKO/0x00000002
11:12:32.859  INFO     RX        /ERR/LOKO/0x00000002
11:12:32.859  INFO     RX        /ERR/LOKO/0x00000002
11:12:32.888  INFO     RX        /ERR/LOKO/0x00000002
11:12:32.888  INFO     RX        /ERR/LOKO/0x00000002
11:12:32.924  INFO     RX        /ERR/LOKO/0x00000002
11:12:32.924  INFO     RX        /ERR/LOKO/0x00000002
11:12:32.924  INFO     RX        /ERR/LOKO/0x00000002
11:12:32.956  INFO     RX        /ERR/LOKO/0x00000002
11:12:32.956  INFO     RX        /ERR/LOKO/0x00000002
11:12:32.956  INFO     RX        /ERR/LOKO/0x00000002
11:12:32.988  INFO     RX        /ERR/LOKO/0x00000002
11:12:32.988  INFO     RX        /ERR/LOKO/0x00000002
11:12:32.988  INFO     RX        /ERR/LOKO/0x00000002
11:12:33.020  INFO     RX        /ERR/LOKO/0x00000002
11:12:33.020  INFO     RX        /ERR/LOKO/0x00000002
11:12:33.053  INFO     RX        /ERR/LOKO/0x00000002
11:12:33.053  INFO     RX        /ERR/LOKO/0x00000002
11:12:33.053  INFO     RX        /ERR/LOKO/0x00000002
11:12:33.082  INFO     RX        /ERR/LOKO/0x00000002
11:12:33.082  INFO     RX        /ERR/LOKO/0x00000002
11:12:33.117  INFO     RX        /ERR/LOKO/0x00000002
11:12:33.117  INFO     RX        /ERR/LOKO/0x00000002
11:12:33.117  INFO     RX        /ERR/LOKO/0x00000002
11:12:33.147  INFO     RX        /ERR/LOKO/0x00000002
11:12:33.147  INFO     RX        /ERR/LOKO/0x00000002
11:12:33.147  INFO     RX        /ERR/LOKO/0x00000002
11:12:33.179  INFO     RX        /ERR/LOKO/0x00000002
11:12:33.179  INFO     RX        /ERR/LOKO/0x00000002
11:12:33.179  INFO     RX        /ERR/LOKO/0x00000002
11:12:33.214  INFO     RX        /ERR/LOKO/0x00000002
11:12:33.214  INFO     RX        /ERR/LOKO/0x00000002
11:12:33.214  INFO     RX        /ERR/LOKO/0x00000002
11:12:33.244  INFO     RX        /ERR/LOKO/0x00000002
11:12:33.244  INFO     RX        /ERR/LOKO/0x00000002
11:12:33.275  INFO     RX        /ERR/LOKO/0x00000002
11:12:33.275  INFO     RX        /ERR/LOKO/0x00000002
11:12:33.275  INFO     RX        /ERR/LOKO/0x00000002
11:12:33.310  INFO     RX        /ERR/LOKO/0x00000002
11:12:33.310  INFO     RX        /ERR/LOKO/0x00000002
11:12:33.310  INFO     RX        /ERR/LOKO/0x00000002
11:12:33.340  INFO     RX        /ERR/LOKO/0x00000002
11:12:33.340  INFO     RX        /ERR/LOKO/0x00000002
11:12:33.377  INFO     RX        /ERR/LOKO/0x00000002
11:12:33.377  INFO     RX        /ERR/LOKO/0x00000002
11:12:33.377  INFO     RX        /ERR/LOKO/0x00000002
11:12:33.404  INFO     RX        /ERR/LOKO/0x00000002
11:12:33.404  INFO     RX        /ERR/LOKO/0x00000002
11:12:33.404  INFO     RX        /ERR/LOKO/0x00000002
11:12:33.439  INFO     RX        /ERR/LOKO/0x00000002
11:12:33.439  INFO     RX        /ERR/LOKO/0x00000002
11:12:33.439  INFO     RX        /ERR/LOKO/0x00000002
11:12:33.469  INFO     RX        /ERR/LOKO/0x00000002
11:12:33.469  INFO     RX        /ERR/LOKO/0x00000002
11:12:33.503  INFO     RX        /ERR/LOKO/0x00000002
11:12:33.503  INFO     RX        /ERR/LOKO/0x00000002
11:12:33.503  INFO     RX        /ERR/LOKO/0x00000002
11:12:33.533  INFO     RX        /ERR/LOKO/0x00000002
11:12:33.533  INFO     RX        /ERR/LOKO/0x00000002
11:12:33.533  INFO     RX        /ERR/LOKO/0x00000002
11:12:33.568  INFO     RX        /ERR/LOKO/0x00000002
11:12:33.568  INFO     RX        /ERR/LOKO/0x00000002
11:12:33.568  INFO     RX        /ERR/LOKO/0x00000002
11:12:33.598  INFO     RX        /ERR/LOKO/0x00000002
11:12:33.598  INFO     RX        /ERR/LOKO/0x00000002
11:12:33.631  INFO     RX        /ERR/LOKO/0x00000002
11:12:33.631  INFO     RX        /ERR/LOKO/0x00000002
11:12:33.631  INFO     RX        /ERR/LOKO/0x00000002
11:12:33.664  INFO     RX        /ERR/LOKO/0x00000002
11:12:33.664  INFO     RX        /ERR/LOKO/0x00000002
11:12:33.665  INFO     RX        /ERR/LOKO/0x00000002
11:12:33.696  INFO     RX        /ERR/LOKO/0x00000002
11:12:33.696  INFO     RX        /ERR/LOKO/0x00000002
11:12:33.696  INFO     RX        /ERR/LOKO/0x00000002
11:12:33.728  INFO     RX        /ERR/LOKO/0x00000002
11:12:33.728  INFO     RX        /ERR/LOKO/0x00000002
11:12:33.758  INFO     RX        /ERR/LOKO/0x00000002
11:12:33.758  INFO     RX        /ERR/LOKO/0x00000002
11:12:33.758  INFO     RX        /ERR/LOKO/0x00000002
11:12:33.793  INFO     RX        /ERR/LOKO/0x00000002
11:12:33.793  INFO     RX        /ERR/LOKO/0x00000002
11:12:33.794  INFO     RX        /ERR/LOKO/0x00000002
11:12:33.824  INFO     RX        /ERR/LOKO/0x00000002
11:12:33.824  INFO     RX        /ERR/LOKO/0x00000002
11:12:33.824  INFO     RX        /ERR/LOKO/0x00000002
11:12:33.861  INFO     RX        /ERR/LOKO/0x00000002
11:12:33.861  INFO     RX        /ERR/LOKO/0x00000002
11:12:33.861  INFO     RX        /ERR/LOKO/0x00000002
11:12:33.892  INFO     RX        /ERR/LOKO/0x00000002
11:12:33.892  INFO     RX        /ERR/LOKO/0x00000002
11:12:33.924  INFO     RX        /ERR/LOKO/0x00000002
11:12:33.925  INFO     RX        /ERR/LOKO/0x00000002
11:12:33.925  INFO     RX        /ERR/LOKO/0x00000002
11:12:33.957  INFO     RX        /ERR/LOKO/0x00000002
11:12:33.957  INFO     RX        /ERR/LOKO/0x00000002
11:12:33.957  INFO     RX        /ERR/LOKO/0x00000002
11:12:33.987  INFO     RX        /ERR/LOKO/0x00000002
11:12:33.987  INFO     RX        /ERR/LOKO/0x00000002
11:12:34.022  INFO     RX        /ERR/LOKO/0x00000002
11:12:34.022  INFO     RX        /ERR/LOKO/0x00000002
11:12:34.023  INFO     RX        /ERR/LOKO/0x00000002
11:12:34.052  INFO     RX        /ERR/LOKO/0x00000002
11:12:34.052  INFO     RX        /ERR/LOKO/0x00000002
11:12:34.052  INFO     RX        /ERR/LOKO/0x00000002
11:12:34.086  INFO     RX        /ERR/LOKO/0x00000002
11:12:34.087  INFO     RX        /ERR/LOKO/0x00000002
11:12:34.087  INFO     RX        /ERR/LOKO/0x00000002
11:12:34.116  INFO     RX        /ERR/LOKO/0x00000002
11:12:34.116  INFO     RX        /ERR/LOKO/0x00000002
11:12:34.150  INFO     RX        /ERR/LOKO/0x00000002
11:12:34.151  INFO     RX        /ERR/LOKO/0x00000002
11:12:34.151  INFO     RX        /ERR/LOKO/0x00000002
11:12:34.180  INFO     RX        /ERR/LOKO/0x00000002
11:12:34.180  INFO     RX        /ERR/LOKO/0x00000002
11:12:34.215  INFO     RX        /ERR/LOKO/0x00000002
11:12:34.215  INFO     RX        /ERR/LOKO/0x00000002
11:12:34.215  INFO     RX        /ERR/LOKO/0x00000002
11:12:34.244  INFO     RX        /ERR/LOKO/0x00000002
11:12:34.244  INFO     RX        /ERR/LOKO/0x00000002
11:12:34.244  INFO     RX        /ERR/LOKO/0x00000002
11:12:34.280  INFO     RX        /ERR/LOKO/0x00000002
11:12:34.280  INFO     RX        /ERR/LOKO/0x00000002
11:12:34.280  INFO     RX        /ERR/LOKO/0x00000002
11:12:34.309  INFO     RX        /ERR/LOKO/0x00000002
11:12:34.309  INFO     RX        /ERR/LOKO/0x00000002
11:12:34.344  INFO     RX        /ERR/LOKO/0x00000002
11:12:34.344  INFO     RX        /ERR/LOKO/0x00000002
11:12:34.344  INFO     RX        /ERR/LOKO/0x00000002
11:12:34.373  INFO     RX        /ERR/LOKO/0x00000002
11:12:34.373  INFO     RX        /ERR/LOKO/0x00000002
11:12:34.373  INFO     RX        /ERR/LOKO/0x00000002
11:12:34.401  DEBUG    TX /CONTROLL/0,0,0,-20,0,0,0,0,0
11:12:34.408  INFO     RX        /ERR/LOKO/0x00000002
11:12:34.408  INFO     RX        /ERR/LOKO/0x00000002
11:12:34.408  INFO     RX        /ERR/LOKO/0x00000002
11:12:34.441  INFO     RX        /ERR/LOKO/0x00000002
11:12:34.441  INFO     RX        /ERR/LOKO/0x00000002
11:12:34.441  INFO     RX        /ERR/LOKO/0x00000002
11:12:34.472  INFO     RX        /ERR/LOKO/0x00000002
11:12:34.472  INFO     RX        /ERR/LOKO/0x00000002
11:12:34.506  INFO     RX        /ERR/LOKO/0x00000002
11:12:34.506  INFO     RX        /ERR/LOKO/0x00000002
11:12:34.506  INFO     RX        /ERR/LOKO/0x00000002
11:12:34.534  INFO     RX        /ERR/LOKO/0x00000002
11:12:34.534  INFO     RX        /ERR/LOKO/0x00000002
11:12:34.534  INFO     RX        /ERR/LOKO/0x00000002
11:12:34.572  INFO     RX        /ERR/LOKO/0x00000002
11:12:34.572  INFO     RX        /ERR/LOKO/0x00000002
11:12:34.572  INFO     RX        /ERR/LOKO/0x00000002
11:12:34.599  INFO     RX        /ERR/LOKO/0x00000002
11:12:34.599  INFO     RX        /ERR/LOKO/0x00000002
11:12:34.635  INFO     RX        /ERR/LOKO/0x00000002
11:12:34.635  INFO     RX        /ERR/LOKO/0x00000002
11:12:34.635  INFO     RX        /ERR/LOKO/0x00000002
11:12:34.665  INFO     RX        /ERR/LOKO/0x00000002
11:12:34.665  INFO     RX        /ERR/LOKO/0x00000002
11:12:34.665  INFO     RX        /ERR/LOKO/0x00000002
11:12:34.696  INFO     RX        /ERR/LOKO/0x00000002
11:12:34.696  INFO     RX        /ERR/LOKO/0x00000002
11:12:34.734  INFO     RX        /ERR/LOKO/0x00000002
11:12:34.735  INFO     RX        /ERR/LOKO/0x00000002
11:12:34.735  INFO     RX        /ERR/LOKO/0x00000002
11:12:34.765  INFO     RX        /ERR/LOKO/0x00000002
11:12:34.765  INFO     RX        /ERR/LOKO/0x00000002
11:12:34.765  INFO     RX        /ERR/LOKO/0x00000002
11:12:34.798  INFO     RX        /ERR/LOKO/0x00000002
11:12:34.798  INFO     RX        /ERR/LOKO/0x00000002
11:12:34.798  INFO     RX        /ERR/LOKO/0x00000002
11:12:34.830  INFO     RX        /ERR/LOKO/0x00000002
11:12:34.830  INFO     RX        /ERR/LOKO/0x00000002
11:12:34.863  INFO     RX        /ERR/LOKO/0x00000002
11:12:34.863  INFO     RX        /ERR/LOKO/0x00000002
11:12:34.863  INFO     RX        /ERR/LOKO/0x00000002
11:12:34.896  INFO     RX        /ERR/LOKO/0x00000002
11:12:34.896  INFO     RX        /ERR/LOKO/0x00000002
11:12:34.896  INFO     RX        /ERR/LOKO/0x00000002
11:12:34.926  INFO     RX        /ERR/LOKO/0x00000002
11:12:34.926  INFO     RX        /ERR/LOKO/0x00000002
11:12:34.926  INFO     RX        /ERR/LOKO/0x00000002
11:12:34.961  INFO     RX        /ERR/LOKO/0x00000002
11:12:34.961  INFO     RX        /ERR/LOKO/0x00000002
11:12:34.961  INFO     RX        /ERR/LOKO/0x00000002
11:12:34.993  INFO     RX        /ERR/LOKO/0x00000002
11:12:34.993  INFO     RX        /ERR/LOKO/0x00000002
11:12:35.022  INFO     RX        /ERR/LOKO/0x00000002
11:12:35.022  INFO     RX        /ERR/LOKO/0x00000002
11:12:35.022  INFO     RX        /ERR/LOKO/0x00000002
11:12:35.059  INFO     RX        /ERR/LOKO/0x00000002
11:12:35.059  INFO     RX        /ERR/LOKO/0x00000002
11:12:35.059  INFO     RX        /ERR/LOKO/0x00000002
11:12:35.087  INFO     RX        /ERR/LOKO/0x00000002
11:12:35.087  INFO     RX        /ERR/LOKO/0x00000002
11:12:35.122  INFO     RX        /ERR/LOKO/0x00000002
11:12:35.122  INFO     RX        /ERR/LOKO/0x00000002
11:12:35.122  INFO     RX        /ERR/LOKO/0x00000002
11:12:35.150  INFO     RX        /ERR/LOKO/0x00000002
11:12:35.151  INFO     RX        /ERR/LOKO/0x00000002
11:12:35.151  INFO     RX        /ERR/LOKO/0x00000002
11:12:35.183  INFO     RX        /ERR/LOKO/0x00000002
11:12:35.183  INFO     RX        /ERR/LOKO/0x00000002
11:12:35.218  INFO     RX        /ERR/LOKO/0x00000002
11:12:35.218  INFO     RX        /ERR/LOKO/0x00000002
11:12:35.218  INFO     RX        /ERR/LOKO/0x00000002
11:12:35.218  INFO     RX        /ERR/LOKO/0x00000002
11:12:35.246  INFO     RX        /ERR/LOKO/0x00000002
11:12:35.247  INFO     RX        /ERR/LOKO/0x00000002
11:12:35.284  INFO     RX        /ERR/LOKO/0x00000002
11:12:35.284  INFO     RX        /ERR/LOKO/0x00000002
11:12:35.284  INFO     RX        /ERR/LOKO/0x00000002
11:12:35.312  INFO     RX        /ERR/LOKO/0x00000002
11:12:35.312  INFO     RX        /ERR/LOKO/0x00000002
11:12:35.347  INFO     RX        /ERR/LOKO/0x00000002
11:12:35.347  INFO     RX        /ERR/LOKO/0x00000002
11:12:35.347  INFO     RX        /ERR/LOKO/0x00000002
11:12:35.376  INFO     RX        /ERR/LOKO/0x00000002
11:12:35.376  INFO     RX        /ERR/LOKO/0x00000002
11:12:35.376  INFO     RX        /ERR/LOKO/0x00000002
11:12:35.411  INFO     RX        /ERR/LOKO/0x00000002
11:12:35.412  INFO     RX        /ERR/LOKO/0x00000002
11:12:35.412  INFO     RX        /ERR/LOKO/0x00000002
11:12:35.441  INFO     RX        /ERR/LOKO/0x00000002
11:12:35.441  INFO     RX        /ERR/LOKO/0x00000002
11:12:35.476  INFO     RX        /ERR/LOKO/0x00000002
11:12:35.476  INFO     RX        /ERR/LOKO/0x00000002
11:12:35.476  INFO     RX        /ERR/LOKO/0x00000002
11:12:35.506  INFO     RX        /ERR/LOKO/0x00000002
11:12:35.506  INFO     RX        /ERR/LOKO/0x00000002
11:12:35.506  INFO     RX        /ERR/LOKO/0x00000002
11:12:35.541  INFO     RX        /ERR/LOKO/0x00000002
11:12:35.541  INFO     RX        /ERR/LOKO/0x00000002
11:12:35.541  INFO     RX        /ERR/LOKO/0x00000002
11:12:35.572  INFO     RX        /ERR/LOKO/0x00000002
11:12:35.572  INFO     RX        /ERR/LOKO/0x00000002
11:12:35.573  INFO     RX        /ERR/LOKO/0x00000002
11:12:35.601  INFO     RX        /ERR/LOKO/0x00000002
11:12:35.601  INFO     RX        /ERR/LOKO/0x00000002
11:12:35.639  INFO     RX        /ERR/LOKO/0x00000002
11:12:35.639  INFO     RX        /ERR/LOKO/0x00000002
11:12:35.639  INFO     RX        /ERR/LOKO/0x00000002
11:12:35.667  INFO     RX        /ERR/LOKO/0x00000002
11:12:35.667  INFO     RX        /ERR/LOKO/0x00000002
11:12:35.667  INFO     RX        /ERR/LOKO/0x00000002
11:12:35.703  INFO     RX        /ERR/LOKO/0x00000002
11:12:35.703  INFO     RX        /ERR/LOKO/0x00000002
11:12:35.703  INFO     RX        /ERR/LOKO/0x00000002
11:12:35.732  INFO     RX        /ERR/LOKO/0x00000002
11:12:35.733  INFO     RX        /ERR/LOKO/0x00000002
11:12:35.769  INFO     RX        /ERR/LOKO/0x00000002
11:12:35.770  INFO     RX        /ERR/LOKO/0x00000002
11:12:35.770  INFO     RX        /ERR/LOKO/0x00000002
11:12:35.797  INFO     RX        /ERR/LOKO/0x00000002
11:12:35.797  INFO     RX        /ERR/LOKO/0x00000002
11:12:35.797  INFO     RX        /ERR/LOKO/0x00000002
11:12:35.832  INFO     RX        /ERR/LOKO/0x00000002
11:12:35.832  INFO     RX        /ERR/LOKO/0x00000002
11:12:35.833  INFO     RX        /ERR/LOKO/0x00000002
11:12:35.865  INFO     RX        /ERR/LOKO/0x00000002
11:12:35.865  INFO     RX        /ERR/LOKO/0x00000002
11:12:35.897  INFO     RX        /ERR/LOKO/0x00000002
11:12:35.897  INFO     RX        /ERR/LOKO/0x00000002
11:12:35.897  INFO     RX        /ERR/LOKO/0x00000002
11:12:35.927  INFO     RX        /ERR/LOKO/0x00000002
11:12:35.927  INFO     RX        /ERR/LOKO/0x00000002
11:12:35.927  INFO     RX        /ERR/LOKO/0x00000002
11:12:35.962  INFO     RX        /ERR/LOKO/0x00000002
11:12:35.962  INFO     RX        /ERR/LOKO/0x00000002
11:12:35.962  INFO     RX        /ERR/LOKO/0x00000002
11:12:35.997  INFO     RX        /ERR/LOKO/0x00000002
11:12:35.997  INFO     RX        /ERR/LOKO/0x00000002
11:12:35.997  INFO     RX        /ERR/LOKO/0x00000002
11:12:36.020  DEBUG    TX /CONTROLL/0,0,0,-20,0,0,0,0,0
11:12:36.023  INFO     RX        /ERR/LOKO/0x00000002
11:12:36.023  INFO     RX        /ERR/LOKO/0x00000002
11:12:36.058  INFO     RX        /ERR/LOKO/0x00000002
11:12:36.058  INFO     RX        /ERR/LOKO/0x00000002
11:12:36.058  INFO     RX        /ERR/LOKO/0x00000002
11:12:36.087  INFO     RX        /ERR/LOKO/0x00000002
11:12:36.087  INFO     RX        /ERR/LOKO/0x00000002
11:12:36.122  INFO     RX        /ERR/LOKO/0x00000002
11:12:36.122  INFO     RX        /ERR/LOKO/0x00000002
11:12:36.122  INFO     RX        /ERR/LOKO/0x00000002
11:12:36.152  INFO     RX        /ERR/LOKO/0x00000002
11:12:36.152  INFO     RX        /ERR/LOKO/0x00000002
11:12:36.152  INFO     RX        /ERR/LOKO/0x00000002
11:12:36.187  INFO     RX        /ERR/LOKO/0x00000002
11:12:36.187  INFO     RX        /ERR/LOKO/0x00000002
11:12:36.187  INFO     RX        /ERR/LOKO/0x00000002
11:12:36.216  INFO     RX        /ERR/LOKO/0x00000002
11:12:36.216  INFO     RX        /ERR/LOKO/0x00000002
11:12:36.250  INFO     RX        /ERR/LOKO/0x00000002
11:12:36.251  INFO     RX        /ERR/LOKO/0x00000002
11:12:36.251  INFO     RX        /ERR/LOKO/0x00000002
11:12:36.284  INFO     RX        /ERR/LOKO/0x00000002
11:12:36.284  INFO     RX        /ERR/LOKO/0x00000002
11:12:36.284  INFO     RX        /ERR/LOKO/0x00000002
11:12:36.317  INFO     RX        /ERR/LOKO/0x00000002
11:12:36.317  INFO     RX        /ERR/LOKO/0x00000002
11:12:36.317  INFO     RX        /ERR/LOKO/0x00000002
11:12:36.346  INFO     RX        /ERR/LOKO/0x00000002
11:12:36.346  INFO     RX        /ERR/LOKO/0x00000002
11:12:36.381  INFO     RX        /ERR/LOKO/0x00000002
11:12:36.382  INFO     RX        /ERR/LOKO/0x00000002
11:12:36.382  INFO     RX        /ERR/LOKO/0x00000002
11:12:36.409  INFO     RX        /ERR/LOKO/0x00000002
11:12:36.409  INFO     RX        /ERR/LOKO/0x00000002
11:12:36.445  INFO     RX        /ERR/LOKO/0x00000002
11:12:36.445  INFO     RX        /ERR/LOKO/0x00000002
11:12:36.445  INFO     RX        /ERR/LOKO/0x00000002
11:12:36.479  INFO     RX        /ERR/LOKO/0x00000002
11:12:36.479  INFO     RX        /ERR/LOKO/0x00000002
11:12:36.479  INFO     RX        /ERR/LOKO/0x00000002
11:12:36.512  INFO     RX        /ERR/LOKO/0x00000002
11:12:36.512  INFO     RX        /ERR/LOKO/0x00000002
11:12:36.512  INFO     RX        /ERR/LOKO/0x00000002
11:12:36.546  INFO     RX        /ERR/LOKO/0x00000002
11:12:36.546  INFO     RX        /ERR/LOKO/0x00000002
11:12:36.547  INFO     RX        /ERR/LOKO/0x00000002
11:12:36.579  INFO     RX        /ERR/LOKO/0x00000002
11:12:36.579  INFO     RX        /ERR/LOKO/0x00000002
11:12:36.579  INFO     RX        /ERR/LOKO/0x00000002
11:12:36.612  INFO     RX        /ERR/LOKO/0x00000002
11:12:36.612  INFO     RX        /ERR/LOKO/0x00000002
11:12:36.612  INFO     RX        /ERR/LOKO/0x00000002
11:12:36.645  INFO     RX        /ERR/LOKO/0x00000002
11:12:36.646  INFO     RX        /ERR/LOKO/0x00000002
11:12:36.646  INFO     RX        /ERR/LOKO/0x00000002
11:12:36.674  INFO     RX        /ERR/LOKO/0x00000002
11:12:36.674  INFO     RX        /ERR/LOKO/0x00000002
11:12:36.711  INFO     RX        /ERR/LOKO/0x00000002
11:12:36.711  INFO     RX        /ERR/LOKO/0x00000002
11:12:36.711  INFO     RX        /ERR/LOKO/0x00000002
11:12:36.744  INFO     RX        /ERR/LOKO/0x00000002
11:12:36.745  INFO     RX        /ERR/LOKO/0x00000002
11:12:36.745  INFO     RX        /ERR/LOKO/0x00000002
11:12:36.777  INFO     RX        /ERR/LOKO/0x00000002
11:12:36.777  INFO     RX        /ERR/LOKO/0x00000002
11:12:36.777  INFO     RX        /ERR/LOKO/0x00000002
11:12:36.809  INFO     RX        /ERR/LOKO/0x00000002
11:12:36.809  INFO     RX        /ERR/LOKO/0x00000002
11:12:36.841  INFO     RX        /ERR/LOKO/0x00000002
11:12:36.841  INFO     RX        /ERR/LOKO/0x00000002
11:12:36.841  INFO     RX        /ERR/LOKO/0x00000002
11:12:36.873  INFO     RX        /ERR/LOKO/0x00000002
11:12:36.873  INFO     RX        /ERR/LOKO/0x00000002
11:12:36.873  INFO     RX        /ERR/LOKO/0x00000002
11:12:36.903  INFO     RX        /ERR/LOKO/0x00000002
11:12:36.903  INFO     RX        /ERR/LOKO/0x00000002
11:12:36.938  INFO     RX        /ERR/LOKO/0x00000002
11:12:36.938  INFO     RX        /ERR/LOKO/0x00000002
11:12:36.938  INFO     RX        /ERR/LOKO/0x00000002
11:12:36.967  INFO     RX        /ERR/LOKO/0x00000002
11:12:36.967  INFO     RX        /ERR/LOKO/0x00000002
11:12:36.967  INFO     RX        /ERR/LOKO/0x00000002
11:12:37.006  INFO     RX        /ERR/LOKO/0x00000002
11:12:37.006  INFO     RX        /ERR/LOKO/0x00000002
11:12:37.006  INFO     RX        /ERR/LOKO/0x00000002
11:12:37.041  INFO     RX        /ERR/LOKO/0x00000002
11:12:37.042  INFO     RX        /ERR/LOKO/0x00000002
11:12:37.042  INFO     RX        /ERR/LOKO/0x00000002
11:12:37.066  INFO     RX        /ERR/LOKO/0x00000002
11:12:37.066  INFO     RX        /ERR/LOKO/0x00000002
11:12:37.100  INFO     RX        /ERR/LOKO/0x00000002
11:12:37.101  INFO     RX        /ERR/LOKO/0x00000002
11:12:37.101  INFO     RX        /ERR/LOKO/0x00000002
11:12:37.132  INFO     RX        /ERR/LOKO/0x00000002
11:12:37.132  INFO     RX        /ERR/LOKO/0x00000002
11:12:37.132  INFO     RX        /ERR/LOKO/0x00000002
11:12:37.165  INFO     RX        /ERR/LOKO/0x00000002
11:12:37.165  INFO     RX        /ERR/LOKO/0x00000002
11:12:37.165  INFO     RX        /ERR/LOKO/0x00000002
11:12:37.194  INFO     RX        /ERR/LOKO/0x00000002
11:12:37.194  INFO     RX        /ERR/LOKO/0x00000002
11:12:37.231  INFO     RX        /ERR/LOKO/0x00000002
11:12:37.231  INFO     RX        /ERR/LOKO/0x00000002
11:12:37.231  INFO     RX        /ERR/LOKO/0x00000002
11:12:37.257  INFO     RX        /ERR/LOKO/0x00000002
11:12:37.257  INFO     RX        /ERR/LOKO/0x00000002
11:12:37.293  INFO     RX        /ERR/LOKO/0x00000002
11:12:37.293  INFO     RX        /ERR/LOKO/0x00000002
11:12:37.293  INFO     RX        /ERR/LOKO/0x00000002
11:12:37.326  INFO     RX        /ERR/LOKO/0x00000002
11:12:37.641  DEBUG    TX /CONTROLL/0,0,0,0,0,0,0,0,0
11:12:39.253  DEBUG    TX /CONTROLL/0,0,0,0,0,0,0,0,0
11:12:40.863  DEBUG    TX /CONTROLL/0,0,0,0,0,0,0,0,0
11:12:42.473  DEBUG    TX /CONTROLL/0,0,0,0,0,0,0,0,0
11:12:44.087  DEBUG    TX /CONTROLL/0,0,0,0,0,0,0,0,0
11:12:45.695  DEBUG    TX /CONTROLL/0,0,0,0,0,0,0,0,0
11:12:47.297  DEBUG    TX /CONTROLL/0,0,0,0,0,0,0,0,0
11:12:48.908  DEBUG    TX /CONTROLL/0,0,0,0,0,0,0,0,0
11:12:50.515  DEBUG    TX /CONTROLL/0,0,0,0,0,0,0,0,0
11:12:52.127  DEBUG    TX /CONTROLL/0,0,0,0,0,0,0,0,0
11:12:53.737  DEBUG    TX /CONTROLL/0,0,0,0,0,0,0,0,0
11:12:55.062  INFO     RX        /ERR/LOKO/0x00000002
11:12:55.062  INFO     RX        /ERR/LOKO/0x00000002
11:12:55.098  INFO     RX        /ERR/LOKO/0x00000002
11:12:55.098  INFO     RX        /ERR/LOKO/0x00000002
11:12:55.098  INFO     RX        /ERR/LOKO/0x00000002
11:12:55.122  INFO     RX        /ERR/LOKO/0x00000002
11:12:55.122  INFO     RX        /ERR/LOKO/0x00000002
11:12:55.157  INFO     RX        /ERR/LOKO/0x00000002
11:12:55.157  INFO     RX        /ERR/LOKO/0x00000002
11:12:55.157  INFO     RX        /ERR/LOKO/0x00000002
11:12:55.186  INFO     RX        /ERR/LOKO/0x00000002
11:12:55.186  INFO     RX        /ERR/LOKO/0x00000002
11:12:55.221  INFO     RX        /ERR/LOKO/0x00000002
11:12:55.222  INFO     RX        /ERR/LOKO/0x00000002
11:12:55.222  INFO     RX        /ERR/LOKO/0x00000002
11:12:55.253  INFO     RX        /ERR/LOKO/0x00000002
11:12:55.254  INFO     RX        /ERR/LOKO/0x00000002
11:12:55.254  INFO     RX        /ERR/LOKO/0x00000002
11:12:55.284  INFO     RX        /ERR/LOKO/0x00000002
11:12:55.284  INFO     RX        /ERR/LOKO/0x00000002
11:12:55.284  INFO     RX        /ERR/LOKO/0x00000002
11:12:55.317  INFO     RX        /ERR/LOKO/0x00000002
11:12:55.318  INFO     RX        /ERR/LOKO/0x00000002
11:12:55.344  DEBUG    TX /CONTROLL/0,0,0,-53,0,0,0,0,0
11:12:55.347  INFO     RX        /ERR/LOKO/0x00000002
11:12:55.347  INFO     RX        /ERR/LOKO/0x00000002
11:12:55.347  INFO     RX        /ERR/LOKO/0x00000002
11:12:55.382  INFO     RX        /ERR/LOKO/0x00000002
11:12:55.382  INFO     RX        /ERR/LOKO/0x00000002
11:12:55.382  INFO     RX        /ERR/LOKO/0x00000002
11:12:55.411  INFO     RX        /ERR/LOKO/0x00000002
11:12:55.411  INFO     RX        /ERR/LOKO/0x00000002
11:12:55.447  INFO     RX        /ERR/LOKO/0x00000002
11:12:55.447  INFO     RX        /ERR/LOKO/0x00000002
11:12:55.447  INFO     RX        /ERR/LOKO/0x00000002
11:12:55.481  INFO     RX        /ERR/LOKO/0x00000002
11:12:55.481  INFO     RX        /ERR/LOKO/0x00000002
11:12:55.481  INFO     RX        /ERR/LOKO/0x00000002
11:12:55.507  INFO     RX        /ERR/LOKO/0x00000002
11:12:55.507  INFO     RX        /ERR/LOKO/0x00000002
11:12:55.542  INFO     RX        /ERR/LOKO/0x00000002
11:12:55.542  INFO     RX        /ERR/LOKO/0x00000002
11:12:55.542  INFO     RX        /ERR/LOKO/0x00000002
11:12:55.572  INFO     RX        /ERR/LOKO/0x00000002
11:12:55.572  INFO     RX        /ERR/LOKO/0x00000002
11:12:55.572  INFO     RX        /ERR/LOKO/0x00000002
11:12:55.607  INFO     RX        /ERR/LOKO/0x00000002
11:12:55.607  INFO     RX        /ERR/LOKO/0x00000002
11:12:55.607  INFO     RX        /ERR/LOKO/0x00000002
11:12:55.636  INFO     RX        /ERR/LOKO/0x00000002
11:12:55.637  INFO     RX        /ERR/LOKO/0x00000002
11:12:55.671  INFO     RX        /ERR/LOKO/0x00000002
11:12:55.671  INFO     RX        /ERR/LOKO/0x00000002
11:12:55.671  INFO     RX        /ERR/LOKO/0x00000002
11:12:55.704  INFO     RX        /ERR/LOKO/0x00000002
11:12:55.704  INFO     RX        /ERR/LOKO/0x00000002
11:12:55.704  INFO     RX        /ERR/LOKO/0x00000002
11:12:55.733  INFO     RX        /ERR/LOKO/0x00000002
11:12:55.733  INFO     RX        /ERR/LOKO/0x00000002
11:12:55.767  INFO     RX        /ERR/LOKO/0x00000002
11:12:55.767  INFO     RX        /ERR/LOKO/0x00000002
11:12:55.767  INFO     RX        /ERR/LOKO/0x00000002
11:12:55.797  INFO     RX        /ERR/LOKO/0x00000002
11:12:55.797  INFO     RX        /ERR/LOKO/0x00000002
11:12:55.797  INFO     RX        /ERR/LOKO/0x00000002
11:12:55.831  INFO     RX        /ERR/LOKO/0x00000002
11:12:55.831  INFO     RX        /ERR/LOKO/0x00000002
11:12:55.831  INFO     RX        /ERR/LOKO/0x00000002
11:12:55.861  INFO     RX        /ERR/LOKO/0x00000002
11:12:55.861  INFO     RX        /ERR/LOKO/0x00000002
11:12:55.892  INFO     RX        /ERR/LOKO/0x00000002
11:12:55.892  INFO     RX        /ERR/LOKO/0x00000002
11:12:55.892  INFO     RX        /ERR/LOKO/0x00000002
11:12:55.927  INFO     RX        /ERR/LOKO/0x00000002
11:12:55.927  INFO     RX        /ERR/LOKO/0x00000002
11:12:55.927  INFO     RX        /ERR/LOKO/0x00000002
11:12:55.957  INFO     RX        /ERR/LOKO/0x00000002
11:12:55.957  INFO     RX        /ERR/LOKO/0x00000002
11:12:55.991  INFO     RX        /ERR/LOKO/0x00000002
11:12:55.991  INFO     RX        /ERR/LOKO/0x00000002
11:12:55.991  INFO     RX        /ERR/LOKO/0x00000002
11:12:56.020  INFO     RX        /ERR/LOKO/0x00000002
11:12:56.020  INFO     RX        /ERR/LOKO/0x00000002
11:12:56.020  INFO     RX        /ERR/LOKO/0x00000002
11:12:56.054  INFO     RX        /ERR/LOKO/0x00000002
11:12:56.055  INFO     RX        /ERR/LOKO/0x00000002
11:12:56.055  INFO     RX        /ERR/LOKO/0x00000002
11:12:56.085  INFO     RX        /ERR/LOKO/0x00000002
11:12:56.085  INFO     RX        /ERR/LOKO/0x00000002
11:12:56.119  INFO     RX        /ERR/LOKO/0x00000002
11:12:56.120  INFO     RX        /ERR/LOKO/0x00000002
11:12:56.120  INFO     RX        /ERR/LOKO/0x00000002
11:12:56.149  INFO     RX        /ERR/LOKO/0x00000002
11:12:56.149  INFO     RX        /ERR/LOKO/0x00000002
11:12:56.149  INFO     RX        /ERR/LOKO/0x00000002
11:12:56.187  INFO     RX        /ERR/LOKO/0x00000002
11:12:56.187  INFO     RX        /ERR/LOKO/0x00000002
11:12:56.187  INFO     RX        /ERR/LOKO/0x00000002
11:12:56.213  INFO     RX        /ERR/LOKO/0x00000002
11:12:56.214  INFO     RX        /ERR/LOKO/0x00000002
11:12:56.246  INFO     RX        /ERR/LOKO/0x00000002
11:12:56.246  INFO     RX        /ERR/LOKO/0x00000002
11:12:56.246  INFO     RX        /ERR/LOKO/0x00000002
11:12:56.279  INFO     RX        /ERR/LOKO/0x00000002
11:12:56.280  INFO     RX        /ERR/LOKO/0x00000002
11:12:56.280  INFO     RX        /ERR/LOKO/0x00000002
11:12:56.308  INFO     RX        /ERR/LOKO/0x00000002
11:12:56.309  INFO     RX        /ERR/LOKO/0x00000002
11:12:56.343  INFO     RX        /ERR/LOKO/0x00000002
11:12:56.344  INFO     RX        /ERR/LOKO/0x00000002
11:12:56.344  INFO     RX        /ERR/LOKO/0x00000002
11:12:56.376  INFO     RX        /ERR/LOKO/0x00000002
11:12:56.376  INFO     RX        /ERR/LOKO/0x00000002
11:12:56.376  INFO     RX        /ERR/LOKO/0x00000002
11:12:56.407  INFO     RX        /ERR/LOKO/0x00000002
11:12:56.408  INFO     RX        /ERR/LOKO/0x00000002
11:12:56.408  INFO     RX        /ERR/LOKO/0x00000002
11:12:56.441  INFO     RX        /ERR/LOKO/0x00000002
11:12:56.441  INFO     RX        /ERR/LOKO/0x00000002
11:12:56.441  INFO     RX        /ERR/LOKO/0x00000002
11:12:56.469  INFO     RX        /ERR/LOKO/0x00000002
11:12:56.469  INFO     RX        /ERR/LOKO/0x00000002
11:12:56.508  INFO     RX        /ERR/LOKO/0x00000002
11:12:56.508  INFO     RX        /ERR/LOKO/0x00000002
11:12:56.508  INFO     RX        /ERR/LOKO/0x00000002
11:12:56.534  INFO     RX        /ERR/LOKO/0x00000002
11:12:56.535  INFO     RX        /ERR/LOKO/0x00000002
11:12:56.535  INFO     RX        /ERR/LOKO/0x00000002
11:12:56.566  INFO     RX        /ERR/LOKO/0x00000002
11:12:56.567  INFO     RX        /ERR/LOKO/0x00000002
11:12:56.602  INFO     RX        /ERR/LOKO/0x00000002
11:12:56.602  INFO     RX        /ERR/LOKO/0x00000002
11:12:56.602  INFO     RX        /ERR/LOKO/0x00000002
11:12:56.728  INFO     RX        /ERR/LOKO/0x00000002
11:12:56.729  INFO     RX        /ERR/LOKO/0x00000002
11:12:56.729  INFO     RX        /ERR/LOKO/0x00000002
11:12:56.729  INFO     RX        /ERR/LOKO/0x00000002
11:12:56.729  INFO     RX        /ERR/LOKO/0x00000002
11:12:56.729  INFO     RX        /ERR/LOKO/0x00000002
11:12:56.729  INFO     RX        /ERR/LOKO/0x00000002
11:12:56.729  INFO     RX        /ERR/LOKO/0x00000002
11:12:56.729  INFO     RX        /ERR/LOKO/0x00000002
11:12:56.729  INFO     RX        /ERR/LOKO/0x00000002
11:12:56.729  INFO     RX        /ERR/LOKO/0x00000002
11:12:56.736  INFO     RX        /ERR/LOKO/0x00000002
11:12:56.761  INFO     RX        /ERR/LOKO/0x00000002
11:12:56.761  INFO     RX        /ERR/LOKO/0x00000002
11:12:56.790  INFO     RX        /ERR/LOKO/0x00000002
11:12:56.790  INFO     RX        /ERR/LOKO/0x00000002
11:12:56.825  INFO     RX        /ERR/LOKO/0x00000002
11:12:56.826  INFO     RX        /ERR/LOKO/0x00000002
11:12:56.826  INFO     RX        /ERR/LOKO/0x00000002
11:12:56.858  INFO     RX        /ERR/LOKO/0x00000002
11:12:56.858  INFO     RX        /ERR/LOKO/0x00000002
11:12:56.858  INFO     RX        /ERR/LOKO/0x00000002
11:12:56.893  INFO     RX        /ERR/LOKO/0x00000002
11:12:56.893  INFO     RX        /ERR/LOKO/0x00000002
11:12:56.893  INFO     RX        /ERR/LOKO/0x00000002
11:12:56.920  INFO     RX        /ERR/LOKO/0x00000002
11:12:56.920  INFO     RX        /ERR/LOKO/0x00000002
11:12:56.949  DEBUG    TX /CONTROLL/0,0,-16,-81,0,0,0,0,0
11:12:56.954  INFO     RX        /ERR/LOKO/0x00000002
11:12:56.955  INFO     RX        /ERR/LOKO/0x00000002
11:12:56.955  INFO     RX        /ERR/LOKO/0x00000002
11:12:56.984  INFO     RX        /ERR/LOKO/0x00000002
11:12:56.984  INFO     RX        /ERR/LOKO/0x00000002
11:12:56.984  INFO     RX        /ERR/LOKO/0x00000002
11:12:57.018  INFO     RX        /ERR/LOKO/0x00000002
11:12:57.018  INFO     RX        /ERR/LOKO/0x00000002
11:12:57.018  INFO     RX        /ERR/LOKO/0x00000002
11:12:57.048  INFO     RX        /ERR/LOKO/0x00000002
11:12:57.048  INFO     RX        /ERR/LOKO/0x00000002
11:12:57.082  INFO     RX        /ERR/LOKO/0x00000002
11:12:57.082  INFO     RX        /ERR/LOKO/0x00000002
11:12:57.082  INFO     RX        /ERR/LOKO/0x00000002
11:12:57.112  INFO     RX        /ERR/LOKO/0x00000002
11:12:57.112  INFO     RX        /ERR/LOKO/0x00000002
11:12:57.146  INFO     RX        /ERR/LOKO/0x00000002
11:12:57.146  INFO     RX        /ERR/LOKO/0x00000002
11:12:57.147  INFO     RX        /ERR/LOKO/0x00000002
11:12:57.176  INFO     RX        /ERR/LOKO/0x00000002
11:12:57.176  INFO     RX        /ERR/LOKO/0x00000002
11:12:57.177  INFO     RX        /ERR/LOKO/0x00000002
11:12:57.211  INFO     RX        /ERR/LOKO/0x00000002
11:12:57.211  INFO     RX        /ERR/LOKO/0x00000002
11:12:57.211  INFO     RX        /ERR/LOKO/0x00000002
11:12:57.240  INFO     RX        /ERR/LOKO/0x00000002
11:12:57.240  INFO     RX        /ERR/LOKO/0x00000002
11:12:57.273  INFO     RX        /ERR/LOKO/0x00000002
11:12:57.273  INFO     RX        /ERR/LOKO/0x00000002
11:12:57.273  INFO     RX        /ERR/LOKO/0x00000002
11:12:57.308  INFO     RX        /ERR/LOKO/0x00000002
11:12:57.308  INFO     RX        /ERR/LOKO/0x00000002
11:12:57.308  INFO     RX        /ERR/LOKO/0x00000002
11:12:57.337  INFO     RX        /ERR/LOKO/0x00000002
11:12:57.337  INFO     RX        /ERR/LOKO/0x00000002
11:12:57.372  INFO     RX        /ERR/LOKO/0x00000002
11:12:57.372  INFO     RX        /ERR/LOKO/0x00000002
11:12:57.372  INFO     RX        /ERR/LOKO/0x00000002
11:12:57.401  INFO     RX        /ERR/LOKO/0x00000002
11:12:57.401  INFO     RX        /ERR/LOKO/0x00000002
11:12:57.401  INFO     RX        /ERR/LOKO/0x00000002
11:12:57.437  INFO     RX        /ERR/LOKO/0x00000002
11:12:57.437  INFO     RX        /ERR/LOKO/0x00000002
11:12:57.437  INFO     RX        /ERR/LOKO/0x00000002
11:12:57.469  INFO     RX        /ERR/LOKO/0x00000002
11:12:57.469  INFO     RX        /ERR/LOKO/0x00000002
11:12:57.469  INFO     RX        /ERR/LOKO/0x00000002
11:12:57.498  INFO     RX        /ERR/LOKO/0x00000002
11:12:57.499  INFO     RX        /ERR/LOKO/0x00000002
11:12:57.533  INFO     RX        /ERR/LOKO/0x00000002
11:12:57.533  INFO     RX        /ERR/LOKO/0x00000002
11:12:57.533  INFO     RX        /ERR/LOKO/0x00000002
11:12:57.565  INFO     RX        /ERR/LOKO/0x00000002
11:12:57.565  INFO     RX        /ERR/LOKO/0x00000002
11:12:57.565  INFO     RX        /ERR/LOKO/0x00000002
11:12:57.597  INFO     RX        /ERR/LOKO/0x00000002
11:12:57.597  INFO     RX        /ERR/LOKO/0x00000002
11:12:57.597  INFO     RX        /ERR/LOKO/0x00000002
11:12:57.632  INFO     RX        /ERR/LOKO/0x00000002
11:12:57.632  INFO     RX        /ERR/LOKO/0x00000002
11:12:57.659  INFO     RX        /ERR/LOKO/0x00000002
11:12:57.659  INFO     RX        /ERR/LOKO/0x00000002
11:12:57.659  INFO     RX        /ERR/LOKO/0x00000002
11:12:57.693  INFO     RX        /ERR/LOKO/0x00000002
11:12:57.694  INFO     RX        /ERR/LOKO/0x00000002
11:12:57.694  INFO     RX        /ERR/LOKO/0x00000002
11:12:57.723  INFO     RX        /ERR/LOKO/0x00000002
11:12:57.723  INFO     RX        /ERR/LOKO/0x00000002
11:12:57.757  INFO     RX        /ERR/LOKO/0x00000002
11:12:57.758  INFO     RX        /ERR/LOKO/0x00000002
11:12:57.758  INFO     RX        /ERR/LOKO/0x00000002
11:12:57.794  INFO     RX        /ERR/LOKO/0x00000002
11:12:57.794  INFO     RX        /ERR/LOKO/0x00000002
11:12:57.794  INFO     RX        /ERR/LOKO/0x00000002
11:12:57.821  INFO     RX        /ERR/LOKO/0x00000002
11:12:58.553  DEBUG    TX /CONTROLL/0,0,0,0,0,0,0,0,0
11:13:00.158  DEBUG    TX /CONTROLL/0,0,0,0,0,0,0,0,0
11:13:01.769  DEBUG    TX /CONTROLL/0,0,0,0,0,0,0,0,0
11:13:03.378  DEBUG    TX /CONTROLL/0,0,0,0,0,0,0,0,0
11:13:04.986  DEBUG    TX /CONTROLL/0,0,0,0,0,0,0,0,0
11:13:06.432  INFO     RX        /ERR/LOKO/0x00000002
11:13:06.467  INFO     RX        /ERR/LOKO/0x00000002
11:13:06.589  DEBUG    TX /CONTROLL/0,0,0,0,0,0,0,0,0
11:13:07.204  INFO     RX        /ERR/LOKO/0x00000002
11:13:07.237  INFO     RX        /ERR/LOKO/0x00000002
11:13:07.237  INFO     RX        /ERR/LOKO/0x00000002
11:13:07.237  INFO     RX        /ERR/LOKO/0x00000002
11:13:07.268  INFO     RX        /ERR/LOKO/0x00000002
11:13:07.269  INFO     RX        /ERR/LOKO/0x00000002
11:13:07.380  INFO     RX        /ERR/LOKO/0x00000002
11:13:07.380  INFO     RX        /ERR/LOKO/0x00000002
11:13:07.380  INFO     RX        /ERR/LOKO/0x00000002
11:13:07.380  INFO     RX        /ERR/LOKO/0x00000002
11:13:07.380  INFO     RX        /ERR/LOKO/0x00000002
11:13:07.380  INFO     RX        /ERR/LOKO/0x00000002
11:13:07.380  INFO     RX        /ERR/LOKO/0x00000002
11:13:07.380  INFO     RX        /ERR/LOKO/0x00000002
11:13:07.380  INFO     RX        /ERR/LOKO/0x00000002
11:13:07.380  INFO     RX        /ERR/LOKO/0x00000002
11:13:07.397  INFO     RX        /ERR/LOKO/0x00000002
11:13:07.428  INFO     RX        /ERR/LOKO/0x00000002
11:13:07.428  INFO     RX        /ERR/LOKO/0x00000002
11:13:07.428  INFO     RX        /ERR/LOKO/0x00000002
11:13:07.464  INFO     RX        /ERR/LOKO/0x00000002
11:13:07.464  INFO     RX        /ERR/LOKO/0x00000002
11:13:07.464  INFO     RX        /ERR/LOKO/0x00000002
11:13:07.492  INFO     RX        /ERR/LOKO/0x00000002
11:13:07.492  INFO     RX        /ERR/LOKO/0x00000002
11:13:07.527  INFO     RX        /ERR/LOKO/0x00000002
11:13:07.527  INFO     RX        /ERR/LOKO/0x00000002
11:13:07.527  INFO     RX        /ERR/LOKO/0x00000002
11:13:07.562  INFO     RX        /ERR/LOKO/0x00000002
11:13:07.562  INFO     RX        /ERR/LOKO/0x00000002
11:13:07.562  INFO     RX        /ERR/LOKO/0x00000002
11:13:07.594  INFO     RX        /ERR/LOKO/0x00000002
11:13:07.594  INFO     RX        /ERR/LOKO/0x00000002
11:13:07.595  INFO     RX        /ERR/LOKO/0x00000002
11:13:07.622  INFO     RX        /ERR/LOKO/0x00000002
11:13:07.622  INFO     RX        /ERR/LOKO/0x00000002
11:13:07.659  INFO     RX        /ERR/LOKO/0x00000002
11:13:07.659  INFO     RX        /ERR/LOKO/0x00000002
11:13:07.660  INFO     RX        /ERR/LOKO/0x00000002
11:13:07.688  INFO     RX        /ERR/LOKO/0x00000002
11:13:07.688  INFO     RX        /ERR/LOKO/0x00000002
11:13:07.688  INFO     RX        /ERR/LOKO/0x00000002
11:13:07.720  INFO     RX        /ERR/LOKO/0x00000002
11:13:07.720  INFO     RX        /ERR/LOKO/0x00000002
11:13:07.720  INFO     RX        /ERR/LOKO/0x00000002
11:13:07.752  INFO     RX        /ERR/LOKO/0x00000002
11:13:07.752  INFO     RX        /ERR/LOKO/0x00000002
11:13:07.784  INFO     RX        /ERR/LOKO/0x00000002
11:13:07.784  INFO     RX        /ERR/LOKO/0x00000002
11:13:07.784  INFO     RX        /ERR/LOKO/0x00000002
11:13:07.819  INFO     RX        /ERR/LOKO/0x00000002
11:13:07.819  INFO     RX        /ERR/LOKO/0x00000002
11:13:07.819  INFO     RX        /ERR/LOKO/0x00000002
11:13:07.846  INFO     RX        /ERR/LOKO/0x00000002
11:13:07.846  INFO     RX        /ERR/LOKO/0x00000002
11:13:07.880  INFO     RX        /ERR/LOKO/0x00000002
11:13:07.881  INFO     RX        /ERR/LOKO/0x00000002
11:13:07.881  INFO     RX        /ERR/LOKO/0x00000002
11:13:07.913  INFO     RX        /ERR/LOKO/0x00000002
11:13:07.913  INFO     RX        /ERR/LOKO/0x00000002
11:13:07.913  INFO     RX        /ERR/LOKO/0x00000002
11:13:07.949  INFO     RX        /ERR/LOKO/0x00000002
11:13:07.949  INFO     RX        /ERR/LOKO/0x00000002
11:13:07.949  INFO     RX        /ERR/LOKO/0x00000002
11:13:07.977  INFO     RX        /ERR/LOKO/0x00000002
11:13:07.977  INFO     RX        /ERR/LOKO/0x00000002
11:13:08.010  INFO     RX        /ERR/LOKO/0x00000002
11:13:08.010  INFO     RX        /ERR/LOKO/0x00000002
11:13:08.010  INFO     RX        /ERR/LOKO/0x00000002
11:13:08.038  INFO     RX        /ERR/LOKO/0x00000002
11:13:08.038  INFO     RX        /ERR/LOKO/0x00000002
11:13:08.038  INFO     RX        /ERR/LOKO/0x00000002
11:13:08.070  INFO     RX        /ERR/LOKO/0x00000002
11:13:08.070  INFO     RX        /ERR/LOKO/0x00000002
11:13:08.106  INFO     RX        /ERR/LOKO/0x00000002
11:13:08.106  INFO     RX        /ERR/LOKO/0x00000002
11:13:08.106  INFO     RX        /ERR/LOKO/0x00000002
11:13:08.135  INFO     RX        /ERR/LOKO/0x00000002
11:13:08.135  INFO     RX        /ERR/LOKO/0x00000002
11:13:08.135  INFO     RX        /ERR/LOKO/0x00000002
11:13:08.169  INFO     RX        /ERR/LOKO/0x00000002
11:13:08.170  INFO     RX        /ERR/LOKO/0x00000002
11:13:08.170  INFO     RX        /ERR/LOKO/0x00000002
11:13:08.197  DEBUG    TX /CONTROLL/0,0,0,-33,0,0,0,0,0
11:13:08.200  INFO     RX        /ERR/LOKO/0x00000002
11:13:08.200  INFO     RX        /ERR/LOKO/0x00000002
11:13:08.234  INFO     RX        /ERR/LOKO/0x00000002
11:13:08.235  INFO     RX        /ERR/LOKO/0x00000002
11:13:08.235  INFO     RX        /ERR/LOKO/0x00000002
11:13:08.264  INFO     RX        /ERR/LOKO/0x00000002
11:13:08.264  INFO     RX        /ERR/LOKO/0x00000002
11:13:08.265  INFO     RX        /ERR/LOKO/0x00000002
11:13:08.299  INFO     RX        /ERR/LOKO/0x00000002
11:13:08.299  INFO     RX        /ERR/LOKO/0x00000002
11:13:08.299  INFO     RX        /ERR/LOKO/0x00000002
11:13:08.333  INFO     RX        /ERR/LOKO/0x00000002
11:13:08.333  INFO     RX        /ERR/LOKO/0x00000002
11:13:08.333  INFO     RX        /ERR/LOKO/0x00000002
11:13:08.361  INFO     RX        /ERR/LOKO/0x00000002
11:13:08.361  INFO     RX        /ERR/LOKO/0x00000002
11:13:08.392  INFO     RX        /ERR/LOKO/0x00000002
11:13:08.392  INFO     RX        /ERR/LOKO/0x00000002
11:13:08.392  INFO     RX        /ERR/LOKO/0x00000002
11:13:08.428  INFO     RX        /ERR/LOKO/0x00000002
11:13:08.428  INFO     RX        /ERR/LOKO/0x00000002
11:13:08.428  INFO     RX        /ERR/LOKO/0x00000002
11:13:08.461  INFO     RX        /ERR/LOKO/0x00000002
11:13:08.461  INFO     RX        /ERR/LOKO/0x00000002
11:13:08.490  INFO     RX        /ERR/LOKO/0x00000002
11:13:08.490  INFO     RX        /ERR/LOKO/0x00000002
11:13:08.490  INFO     RX        /ERR/LOKO/0x00000002
11:13:08.524  INFO     RX        /ERR/LOKO/0x00000002
11:13:08.524  INFO     RX        /ERR/LOKO/0x00000002
11:13:08.524  INFO     RX        /ERR/LOKO/0x00000002
11:13:08.559  INFO     RX        /ERR/LOKO/0x00000002
11:13:08.559  INFO     RX        /ERR/LOKO/0x00000002
11:13:08.559  INFO     RX        /ERR/LOKO/0x00000002
11:13:08.586  INFO     RX        /ERR/LOKO/0x00000002
11:13:08.586  INFO     RX        /ERR/LOKO/0x00000002
11:13:08.621  INFO     RX        /ERR/LOKO/0x00000002
11:13:08.621  INFO     RX        /ERR/LOKO/0x00000002
11:13:08.621  INFO     RX        /ERR/LOKO/0x00000002
11:13:08.651  INFO     RX        /ERR/LOKO/0x00000002
11:13:08.651  INFO     RX        /ERR/LOKO/0x00000002
11:13:08.651  INFO     RX        /ERR/LOKO/0x00000002
11:13:08.686  INFO     RX        /ERR/LOKO/0x00000002
11:13:08.686  INFO     RX        /ERR/LOKO/0x00000002
11:13:08.686  INFO     RX        /ERR/LOKO/0x00000002
11:13:08.716  INFO     RX        /ERR/LOKO/0x00000002
11:13:08.716  INFO     RX        /ERR/LOKO/0x00000002
11:13:08.752  INFO     RX        /ERR/LOKO/0x00000002
11:13:08.752  INFO     RX        /ERR/LOKO/0x00000002
11:13:08.752  INFO     RX        /ERR/LOKO/0x00000002
11:13:08.784  INFO     RX        /ERR/LOKO/0x00000002
11:13:08.784  INFO     RX        /ERR/LOKO/0x00000002
11:13:08.784  INFO     RX        /ERR/LOKO/0x00000002
11:13:08.816  INFO     RX        /ERR/LOKO/0x00000002
11:13:08.816  INFO     RX        /ERR/LOKO/0x00000002
11:13:08.816  INFO     RX        /ERR/LOKO/0x00000002
11:13:08.845  INFO     RX        /ERR/LOKO/0x00000002
11:13:08.845  INFO     RX        /ERR/LOKO/0x00000002
11:13:08.880  INFO     RX        /ERR/LOKO/0x00000002
11:13:09.805  DEBUG    TX /CONTROLL/0,0,0,0,0,0,0,0,0
11:13:10.613  INFO     RX        /ERR/LOKO/0x00000002
11:13:10.642  INFO     RX        /ERR/LOKO/0x00000002
11:13:10.642  INFO     RX        /ERR/LOKO/0x00000002
11:13:10.642  INFO     RX        /ERR/LOKO/0x00000002
11:13:10.678  INFO     RX        /ERR/LOKO/0x00000002
11:13:10.678  INFO     RX        /ERR/LOKO/0x00000002
11:13:10.678  INFO     RX        /ERR/LOKO/0x00000002
11:13:10.706  INFO     RX        /ERR/LOKO/0x00000002
11:13:10.706  INFO     RX        /ERR/LOKO/0x00000002
11:13:10.741  INFO     RX        /ERR/LOKO/0x00000002
11:13:10.741  INFO     RX        /ERR/LOKO/0x00000002
11:13:10.741  INFO     RX        /ERR/LOKO/0x00000002
11:13:10.770  INFO     RX        /ERR/LOKO/0x00000002
11:13:10.770  INFO     RX        /ERR/LOKO/0x00000002
11:13:10.770  INFO     RX        /ERR/LOKO/0x00000002
11:13:10.806  INFO     RX        /ERR/LOKO/0x00000002
11:13:10.806  INFO     RX        /ERR/LOKO/0x00000002
11:13:10.806  INFO     RX        /ERR/LOKO/0x00000002
11:13:10.835  INFO     RX        /ERR/LOKO/0x00000002
11:13:10.835  INFO     RX        /ERR/LOKO/0x00000002
11:13:10.871  INFO     RX        /ERR/LOKO/0x00000002
11:13:10.871  INFO     RX        /ERR/LOKO/0x00000002
11:13:10.871  INFO     RX        /ERR/LOKO/0x00000002
11:13:10.899  INFO     RX        /ERR/LOKO/0x00000002
11:13:10.899  INFO     RX        /ERR/LOKO/0x00000002
11:13:10.899  INFO     RX        /ERR/LOKO/0x00000002
11:13:10.934  INFO     RX        /ERR/LOKO/0x00000002
11:13:10.934  INFO     RX        /ERR/LOKO/0x00000002
11:13:10.934  INFO     RX        /ERR/LOKO/0x00000002
11:13:10.964  INFO     RX        /ERR/LOKO/0x00000002
11:13:10.964  INFO     RX        /ERR/LOKO/0x00000002
11:13:11.000  INFO     RX        /ERR/LOKO/0x00000002
11:13:11.000  INFO     RX        /ERR/LOKO/0x00000002
11:13:11.000  INFO     RX        /ERR/LOKO/0x00000002
11:13:11.028  INFO     RX        /ERR/LOKO/0x00000002
11:13:11.060  INFO     RX        /ERR/LOKO/0x00000002
11:13:11.095  INFO     RX        /ERR/LOKO/0x00000002
11:13:11.123  INFO     RX        /ERR/LOKO/0x00000002
11:13:11.187  INFO     RX        /ERR/LOKO/0x00000002
11:13:11.222  INFO     RX        /ERR/LOKO/0x00000002
11:13:11.251  INFO     RX        /ERR/LOKO/0x00000002
11:13:11.290  INFO     RX        /ERR/LOKO/0x00000002
11:13:11.315  INFO     RX        /ERR/LOKO/0x00000002
11:13:11.379  INFO     RX        /ERR/LOKO/0x00000002
11:13:11.409  DEBUG    TX /CONTROLL/0,0,0,0,0,0,0,0,0
11:13:12.213  INFO     RX        /ERR/LOKO/0x00000002
11:13:12.245  INFO     RX        /ERR/LOKO/0x00000002
11:13:12.278  INFO     RX        /ERR/LOKO/0x00000002
11:13:12.343  INFO     RX        /ERR/LOKO/0x00000002
11:13:12.378  INFO     RX        /ERR/LOKO/0x00000002
11:13:12.413  INFO     RX        /ERR/LOKO/0x00000002
11:13:12.676  INFO     RX        /ERR/LOKO/0x00000002
11:13:12.676  INFO     RX        /ERR/LOKO/0x00000002
11:13:12.676  INFO     RX        /ERR/LOKO/0x00000002
11:13:12.676  INFO     RX        /ERR/LOKO/0x00000002
11:13:12.676  INFO     RX        /ERR/LOKO/0x00000002
11:13:12.676  INFO     RX        /ERR/LOKO/0x00000002
11:13:12.676  INFO     RX        /ERR/LOKO/0x00000002
11:13:12.733  INFO     RX        /ERR/LOKO/0x00000002
11:13:12.765  INFO     RX        /ERR/LOKO/0x00000002
11:13:12.799  INFO     RX        /ERR/LOKO/0x00000002
11:13:13.016  DEBUG    TX /CONTROLL/0,0,0,0,0,0,0,0,0
11:13:14.623  DEBUG    TX /CONTROLL/0,0,0,0,0,0,0,0,0
11:13:16.240  DEBUG    TX /CONTROLL/0,0,0,0,0,0,0,0,0
11:13:17.849  DEBUG    TX /CONTROLL/0,0,0,0,0,0,0,0,32
11:13:19.465  DEBUG    TX /CONTROLL/0,0,0,0,0,0,0,0,0
11:13:21.076  DEBUG    TX /CONTROLL/0,0,0,0,0,0,0,0,0
11:13:22.688  DEBUG    TX /CONTROLL/0,0,0,0,0,0,0,0,0
11:13:24.296  DEBUG    TX /CONTROLL/0,0,0,0,0,0,0,0,0
11:13:25.904  DEBUG    TX /CONTROLL/0,0,0,0,0,0,0,0,0
11:13:27.516  DEBUG    TX /CONTROLL/0,0,0,0,0,0,0,0,0
11:13:29.121  DEBUG    TX /CONTROLL/0,0,0,0,0,0,0,0,0
11:13:30.736  DEBUG    TX /CONTROLL/0,0,0,0,0,0,0,0,0
11:13:32.354  DEBUG    TX /CONTROLL/0,0,0,0,0,0,0,0,0
11:13:33.963  DEBUG    TX /CONTROLL/0,0,0,0,0,0,0,0,0
11:13:35.570  DEBUG    TX /CONTROLL/0,0,0,0,0,0,0,0,0
11:13:37.181  DEBUG    TX /CONTROLL/0,0,0,0,0,0,0,0,0
11:13:38.792  DEBUG    TX /CONTROLL/0,0,0,0,0,0,0,0,0
11:13:40.402  DEBUG    TX /CONTROLL/0,0,0,0,0,0,0,0,0
11:13:42.012  DEBUG    TX /CONTROLL/0,0,0,0,0,0,0,0,0
11:13:43.623  DEBUG    TX /CONTROLL/0,0,0,0,0,0,0,0,0
11:13:45.237  DEBUG    TX /CONTROLL/0,0,0,0,0,0,0,0,0
11:13:46.849  DEBUG    TX /CONTROLL/0,0,0,0,0,0,0,0,0
11:13:48.455  DEBUG    TX /CONTROLL/0,0,0,0,0,0,0,0,0
11:13:50.063  DEBUG    TX /CONTROLL/0,0,0,0,0,0,0,0,0
11:13:51.676  DEBUG    TX /CONTROLL/0,0,0,0,0,0,0,0,0
11:13:53.287  DEBUG    TX /CONTROLL/0,0,0,0,0,0,0,0,0
11:13:54.899  DEBUG    TX /CONTROLL/0,0,0,0,0,0,0,0,0
11:13:56.509  DEBUG    TX /CONTROLL/0,0,0,0,0,0,0,0,0
11:13:58.116  DEBUG    TX /CONTROLL/0,0,0,0,0,0,0,0,0
11:13:59.727  DEBUG    TX /CONTROLL/0,0,0,0,0,0,0,0,0
11:14:01.340  DEBUG    TX /CONTROLL/0,0,0,0,0,0,0,0,0
11:14:02.951  DEBUG    TX /CONTROLL/0,0,0,0,0,0,0,0,0
11:14:04.557  DEBUG    TX /CONTROLL/0,0,0,0,0,0,0,0,0
11:14:06.163  DEBUG    TX /CONTROLL/0,0,0,0,0,0,0,0,0
11:14:07.777  DEBUG    TX /CONTROLL/0,0,0,0,0,0,0,0,0
11:14:09.388  DEBUG    TX /CONTROLL/0,0,0,0,0,0,0,0,0
11:14:10.999  DEBUG    TX /CONTROLL/0,0,0,0,0,0,0,0,0
11:14:12.604  DEBUG    TX /CONTROLL/0,0,0,0,0,0,0,0,0
11:14:14.212  DEBUG    TX /CONTROLL/0,0,0,0,0,0,0,0,0
11:14:15.818  DEBUG    TX /CONTROLL/0,0,0,0,0,0,0,0,0
11:14:17.429  DEBUG    TX /CONTROLL/0,0,0,0,0,0,0,0,0
11:14:19.036  DEBUG    TX /CONTROLL/0,0,0,0,0,0,0,0,0
11:14:20.654  DEBUG    TX /CONTROLL/0,0,0,0,0,0,0,0,0
11:14:22.267  DEBUG    TX /CONTROLL/0,0,0,0,0,0,0,0,0
11:14:23.878  DEBUG    TX /CONTROLL/0,0,0,0,0,0,0,0,0
11:14:25.489  DEBUG    TX /CONTROLL/0,0,0,0,0,0,0,0,0
11:14:27.094  DEBUG    TX /CONTROLL/0,0,0,0,0,0,0,0,0
11:14:28.705  DEBUG    TX /CONTROLL/0,0,0,0,0,0,0,0,0
11:14:30.309  DEBUG    TX /CONTROLL/0,0,0,0,0,0,0,0,0
11:14:31.916  DEBUG    TX /CONTROLL/0,0,0,0,0,0,0,0,0
11:14:33.524  DEBUG    TX /CONTROLL/0,0,0,0,0,0,0,0,0
11:14:35.133  DEBUG    TX /CONTROLL/0,0,0,0,0,0,0,0,0
11:14:36.741  DEBUG    TX /CONTROLL/0,0,0,0,0,0,0,0,0
11:14:38.344  DEBUG    TX /CONTROLL/0,0,0,0,0,0,0,0,0
11:14:39.950  DEBUG    TX /CONTROLL/0,0,0,0,0,0,0,0,0
11:14:41.571  DEBUG    TX /CONTROLL/0,0,0,0,0,0,0,0,0
11:14:43.182  DEBUG    TX /CONTROLL/0,0,0,0,0,0,0,0,0
11:14:44.792  DEBUG    TX /CONTROLL/0,0,0,0,0,0,0,0,0
11:14:46.404  DEBUG    TX /CONTROLL/0,0,0,0,0,0,0,0,0
11:14:48.013  DEBUG    TX /CONTROLL/0,0,0,0,0,0,0,0,0
11:14:49.627  DEBUG    TX /CONTROLL/0,0,0,0,0,0,0,0,0
11:14:51.242  DEBUG    TX /CONTROLL/0,0,0,0,0,0,0,0,0
11:14:52.860  DEBUG    TX /CONTROLL/0,0,0,0,0,0,0,0,0
11:14:54.469  DEBUG    TX /CONTROLL/0,0,0,0,0,0,0,0,0
11:14:56.073  DEBUG    TX /CONTROLL/0,0,0,0,0,0,0,0,0
11:14:57.680  DEBUG    TX /CONTROLL/0,0,0,0,0,0,0,0,0
11:14:59.294  DEBUG    TX /CONTROLL/0,0,0,0,0,0,0,0,0
11:15:00.901  DEBUG    TX /CONTROLL/0,0,0,0,0,0,0,0,0
11:15:02.514  DEBUG    TX /CONTROLL/0,0,0,0,0,0,0,0,0
11:15:04.125  DEBUG    TX /CONTROLL/0,0,0,0,0,0,0,0,0
11:15:05.735  DEBUG    TX /CONTROLL/0,0,0,0,0,0,0,0,0
11:15:07.344  DEBUG    TX /CONTROLL/0,0,0,0,0,0,0,0,0
11:15:08.955  DEBUG    TX /CONTROLL/0,0,0,0,0,0,0,0,0
11:15:10.570  DEBUG    TX /CONTROLL/0,0,0,0,0,0,0,0,0
11:15:12.173  DEBUG    TX /CONTROLL/0,0,0,0,0,0,0,0,0
11:15:13.781  DEBUG    TX /CONTROLL/0,0,0,0,0,0,0,0,0
11:15:15.395  DEBUG    TX /CONTROLL/0,0,0,0,0,0,0,0,0
11:15:17.005  DEBUG    TX /CONTROLL/0,0,0,0,0,0,0,0,0
11:15:18.614  DEBUG    TX /CONTROLL/0,0,0,0,0,0,0,0,0
11:15:20.221  DEBUG    TX /CONTROLL/0,0,0,0,0,0,0,0,0
11:15:21.835  DEBUG    TX /CONTROLL/0,0,0,0,0,0,0,0,0
11:15:23.446  DEBUG    TX /CONTROLL/0,0,0,0,0,0,0,0,0
11:15:25.059  DEBUG    TX /CONTROLL/0,0,0,0,0,0,0,0,0
11:15:26.682  DEBUG    TX /CONTROLL/0,0,0,0,0,0,0,0,0
11:15:28.293  DEBUG    TX /CONTROLL/0,0,0,0,0,0,0,0,0
11:15:29.905  DEBUG    TX /CONTROLL/0,0,0,0,0,0,0,0,0
11:15:31.520  DEBUG    TX /CONTROLL/0,0,0,0,0,0,0,0,0
11:15:33.128  DEBUG    TX /CONTROLL/0,0,0,0,0,0,0,0,0
11:15:34.739  DEBUG    TX /CONTROLL/0,0,0,0,0,0,0,0,0
11:28:16.001  WARNING  Connection closed by remote
11:28:16.682  DEBUG    TX /CONTROLL/0,0,0,0,0,0,0,0,0
11:28:18.303  DEBUG    TX /CONTROLL/0,0,0,0,0,0,0,0,0
11:28:19.912  DEBUG    TX /CONTROLL/0,0,0,0,0,0,0,0,0
11:28:21.521  DEBUG    TX /CONTROLL/0,0,0,0,0,0,0,0,0
11:28:23.134  DEBUG    TX /CONTROLL/0,0,0,0,0,0,0,0,0
11:28:24.742  DEBUG    TX /CONTROLL/0,0,0,0,0,0,0,0,0
11:28:26.360  DEBUG    TX /CONTROLL/0,0,0,0,0,0,0,0,0
11:28:27.968  DEBUG    TX /CONTROLL/0,0,0,0,0,0,0,0,0
11:28:29.578  DEBUG    TX /CONTROLL/0,0,0,0,0,0,0,0,0
11:28:31.182  DEBUG    TX /CONTROLL/0,0,0,0,0,0,0,0,0
