11:55:20.453  INFO     Connecting to 100.122.9.49:5000...
11:55:20.467  INFO     Network connection established
11:55:20.467  INFO     RX        6 T:107] MR.[C: 90 F:106 T:107] BR.[C: 90 F:106 T:107] BL.[C: 90 F: 73 T: 72] ML.[C: 90 F: 73 T: 72] FL.[C: 90 F: 73 T: 72]
11:55:21.257  DEBUG    TX /CONTROLL/0,0,0,0,0,0,0,0,0
11:55:22.061  DEBUG    TX /CONTROLL/0,0,0,0,0,0,0,0,0
11:55:22.863  DEBUG    TX /CONTROLL/0,0,0,0,0,0,0,0,0
11:55:23.667  DEBUG    TX /CONTROLL/0,0,0,0,0,0,0,0,0
11:55:24.473  DEBUG    TX /CONTROLL/0,0,0,0,0,0,0,0,0
11:55:25.275  DEBUG    TX /CONTROLL/0,0,0,0,0,0,0,0,0
11:55:26.079  DEBUG    TX /CONTROLL/0,0,0,0,0,0,0,0,0
11:55:26.887  DEBUG    TX /CONTROLL/0,0,0,0,0,0,0,0,0
11:55:27.691  DEBUG    TX /CONTROLL/0,0,0,-49,0,0,0,0,0
11:55:28.501  DEBUG    TX /CONTROLL/0,0,0,0,0,0,0,0,0
11:55:28.729  INFO     RX        /ERR/LOKO/0x00000002
11:55:28.747  INFO     RX        /ERR/LOKO/0x00000002
11:55:28.765  INFO     RX        /ERR/LOKO/0x00000002
11:55:28.765  INFO     RX        /ERR/LOKO/0x00000002
11:55:28.778  INFO     RX        /ERR/LOKO/0x00000002
11:55:28.792  INFO     RX        /ERR/LOKO/0x00000002
11:55:28.809  INFO     RX        /ERR/LOKO/0x00000002
11:55:28.825  INFO     RX        /ERR/LOKO/0x00000002
11:55:28.825  INFO     RX        /ERR/LOKO/0x00000002
11:55:28.841  INFO     RX        /ERR/LOKO/0x00000002
11:55:28.857  INFO     RX        /ERR/LOKO/0x00000002
11:55:28.873  INFO     RX        /ERR/LOKO/0x00000002
11:55:28.874  INFO     RX        /ERR/LOKO/0x00000002
11:55:28.892  INFO     RX        /ERR/LOKO/0x00000002
11:55:28.906  INFO     RX        /ERR/LOKO/0x00000002
11:55:28.906  INFO     RX        /ERR/LOKO/0x00000002
11:55:28.922  INFO     RX        /ERR/LOKO/0x00000002
11:55:28.987  INFO     RX        /ERR/LOKO/0x00000002
11:55:28.987  INFO     RX        /ERR/LOKO/0x00000002
11:55:29.003  INFO     RX        /ERR/LOKO/0x00000002
11:55:29.019  INFO     RX        /ERR/LOKO/0x00000002
11:55:29.035  INFO     RX        /ERR/LOKO/0x00000002
11:55:29.306  DEBUG    TX /CONTROLL/0,0,0,0,0,0,0,0,0
11:55:29.533  INFO     RX        /ERR/LOKO/0x00000002
11:55:29.552  INFO     RX        /ERR/LOKO/0x00000002
11:55:29.552  INFO     RX        /ERR/LOKO/0x00000002
11:55:29.566  INFO     RX        /ERR/LOKO/0x00000002
11:55:29.584  INFO     RX        /ERR/LOKO/0x00000002
11:55:29.603  INFO     RX        /ERR/LOKO/0x00000002
11:55:29.603  INFO     RX        /ERR/LOKO/0x00000002
11:55:29.614  INFO     RX        /ERR/LOKO/0x00000002
11:55:29.630  INFO     RX        /ERR/LOKO/0x00000002
11:55:29.646  INFO     RX        /ERR/LOKO/0x00000002
11:55:29.646  INFO     RX        /ERR/LOKO/0x00000002
11:55:29.662  INFO     RX        /ERR/LOKO/0x00000002
11:55:29.680  INFO     RX        /ERR/LOKO/0x00000002
11:55:29.680  INFO     RX        /ERR/LOKO/0x00000002
11:55:29.695  INFO     RX        /ERR/LOKO/0x00000002
11:55:29.713  INFO     RX        /ERR/LOKO/0x00000002
11:55:29.727  INFO     RX        /ERR/LOKO/0x00000002
11:55:29.728  INFO     RX        /ERR/LOKO/0x00000002
11:55:29.743  INFO     RX        /ERR/LOKO/0x00000002
11:55:29.759  INFO     RX        /ERR/LOKO/0x00000002
11:55:30.108  DEBUG    TX /CONTROLL/0,0,0,0,0,0,0,0,0
11:55:30.276  INFO     RX        /ERR/LOKO/0x00000002
11:55:30.276  INFO     RX        /ERR/LOKO/0x00000002
11:55:30.288  INFO     RX        /ERR/LOKO/0x00000002
11:55:30.305  INFO     RX        /ERR/LOKO/0x00000002
11:55:30.330  INFO     RX        /ERR/LOKO/0x00000002
11:55:30.330  INFO     RX        /ERR/LOKO/0x00000002
11:55:30.335  INFO     RX        /ERR/LOKO/0x00000002
11:55:30.352  INFO     RX        /ERR/LOKO/0x00000002
11:55:30.369  INFO     RX        /ERR/LOKO/0x00000002
11:55:30.383  INFO     RX        /ERR/LOKO/0x00000002
11:55:30.384  INFO     RX        /ERR/LOKO/0x00000002
11:55:30.399  INFO     RX        /ERR/LOKO/0x00000002
11:55:30.416  INFO     RX        /ERR/LOKO/0x00000002
11:55:30.431  INFO     RX        /ERR/LOKO/0x00000002
11:55:30.431  INFO     RX        /ERR/LOKO/0x00000002
11:55:30.447  INFO     RX        /ERR/LOKO/0x00000002
11:55:30.463  INFO     RX        /ERR/LOKO/0x00000002
11:55:30.481  INFO     RX        /ERR/LOKO/0x00000002
11:55:30.481  INFO     RX        /ERR/LOKO/0x00000002
11:55:30.495  INFO     RX        /ERR/LOKO/0x00000002
11:55:30.511  INFO     RX        /ERR/LOKO/0x00000002
11:55:30.528  INFO     RX        /ERR/LOKO/0x00000002
11:55:30.528  INFO     RX        /ERR/LOKO/0x00000002
11:55:30.543  INFO     RX        /ERR/LOKO/0x00000002
11:55:30.563  INFO     RX        /ERR/LOKO/0x00000002
11:55:30.563  INFO     RX        /ERR/LOKO/0x00000002
11:55:30.574  INFO     RX        /ERR/LOKO/0x00000002
11:55:30.595  INFO     RX        /ERR/LOKO/0x00000002
11:55:30.609  INFO     RX        /ERR/LOKO/0x00000002
11:55:30.610  INFO     RX        /ERR/LOKO/0x00000002
11:55:30.625  INFO     RX        /ERR/LOKO/0x00000002
11:55:30.643  INFO     RX        /ERR/LOKO/0x00000002
11:55:30.658  INFO     RX        /ERR/LOKO/0x00000002
11:55:30.658  INFO     RX        /ERR/LOKO/0x00000002
11:55:30.675  INFO     RX        /ERR/LOKO/0x00000002
11:55:30.690  INFO     RX        /ERR/LOKO/0x00000002
11:55:30.708  INFO     RX        /ERR/LOKO/0x00000002
11:55:30.708  INFO     RX        /ERR/LOKO/0x00000002
11:55:30.818  INFO     RX        /ERR/LOKO/0x00000002
11:55:30.844  INFO     RX        /ERR/LOKO/0x00000002
11:55:30.844  INFO     RX        /ERR/LOKO/0x00000002
11:55:30.850  INFO     RX        /ERR/LOKO/0x00000002
11:55:30.866  INFO     RX        /ERR/LOKO/0x00000002
11:55:30.893  INFO     RX        /ERR/LOKO/0x00000002
11:55:30.893  INFO     RX        /ERR/LOKO/0x00000002
11:55:30.893  INFO     RX        /ERR/LOKO/0x00000002
11:55:30.901  INFO     RX        /ERR/LOKO/0x00000002
11:55:30.911  DEBUG    TX /CONTROLL/0,0,0,-21,0,0,0,0,0
11:55:30.914  INFO     RX        /ERR/LOKO/0x00000002
11:55:30.930  INFO     RX        /ERR/LOKO/0x00000002
11:55:30.946  INFO     RX        /ERR/LOKO/0x00000002
11:55:30.963  INFO     RX        /ERR/LOKO/0x00000002
11:55:30.963  INFO     RX        /ERR/LOKO/0x00000002
11:55:30.979  INFO     RX        /ERR/LOKO/0x00000002
11:55:30.995  INFO     RX        /ERR/LOKO/0x00000002
11:55:30.995  INFO     RX        /ERR/LOKO/0x00000002
11:55:31.012  INFO     RX        /ERR/LOKO/0x00000002
11:55:31.028  INFO     RX        /ERR/LOKO/0x00000002
11:55:31.044  INFO     RX        /ERR/LOKO/0x00000002
11:55:31.044  INFO     RX        /ERR/LOKO/0x00000002
11:55:31.060  INFO     RX        /ERR/LOKO/0x00000002
11:55:31.077  INFO     RX        /ERR/LOKO/0x00000002
11:55:31.093  INFO     RX        /ERR/LOKO/0x00000002
11:55:31.093  INFO     RX        /ERR/LOKO/0x00000002
11:55:31.109  INFO     RX        /ERR/LOKO/0x00000002
11:55:31.125  INFO     RX        /ERR/LOKO/0x00000002
11:55:31.244  INFO     RX        /ERR/LOKO/0x00000002
11:55:31.244  INFO     RX        /ERR/LOKO/0x00000002
11:55:31.244  INFO     RX        /ERR/LOKO/0x00000002
11:55:31.244  INFO     RX        /ERR/LOKO/0x00000002
11:55:31.244  INFO     RX        /ERR/LOKO/0x00000002
11:55:31.244  INFO     RX        /ERR/LOKO/0x00000002
11:55:31.244  INFO     RX        /ERR/LOKO/0x00000002
11:55:31.244  INFO     RX        /ERR/LOKO/0x00000002
11:55:31.244  INFO     RX        /ERR/LOKO/0x00000002
11:55:31.244  INFO     RX        /ERR/LOKO/0x00000002
11:55:31.247  INFO     RX        /ERR/LOKO/0x00000002
11:55:31.255  INFO     RX        /ERR/LOKO/0x00000002
11:55:31.270  INFO     RX        /ERR/LOKO/0x00000002
11:55:31.287  INFO     RX        /ERR/LOKO/0x00000002
11:55:31.308  INFO     RX        /ERR/LOKO/0x00000002
11:55:31.308  INFO     RX        /ERR/LOKO/0x00000002
11:55:31.318  INFO     RX        /ERR/LOKO/0x00000002
11:55:31.338  INFO     RX        /ERR/LOKO/0x00000002
11:55:31.354  INFO     RX        /ERR/LOKO/0x00000002
11:55:31.354  INFO     RX        /ERR/LOKO/0x00000002
11:55:31.367  INFO     RX        /ERR/LOKO/0x00000002
11:55:31.383  INFO     RX        /ERR/LOKO/0x00000002
11:55:31.398  INFO     RX        /ERR/LOKO/0x00000002
11:55:31.398  INFO     RX        /ERR/LOKO/0x00000002
11:55:31.414  INFO     RX        /ERR/LOKO/0x00000002
11:55:31.430  INFO     RX        /ERR/LOKO/0x00000002
11:55:31.446  INFO     RX        /ERR/LOKO/0x00000002
11:55:31.446  INFO     RX        /ERR/LOKO/0x00000002
11:55:31.462  INFO     RX        /ERR/LOKO/0x00000002
11:55:31.479  INFO     RX        /ERR/LOKO/0x00000002
11:55:31.495  INFO     RX        /ERR/LOKO/0x00000002
11:55:31.495  INFO     RX        /ERR/LOKO/0x00000002
11:55:31.511  INFO     RX        /ERR/LOKO/0x00000002
11:55:31.527  INFO     RX        /ERR/LOKO/0x00000002
11:55:31.544  INFO     RX        /ERR/LOKO/0x00000002
11:55:31.544  INFO     RX        /ERR/LOKO/0x00000002
11:55:31.560  INFO     RX        /ERR/LOKO/0x00000002
11:55:31.576  INFO     RX        /ERR/LOKO/0x00000002
11:55:31.576  INFO     RX        /ERR/LOKO/0x00000002
11:55:31.592  INFO     RX        /ERR/LOKO/0x00000002
11:55:31.608  INFO     RX        /ERR/LOKO/0x00000002
11:55:31.624  INFO     RX        /ERR/LOKO/0x00000002
11:55:31.624  INFO     RX        /ERR/LOKO/0x00000002
11:55:31.640  INFO     RX        /ERR/LOKO/0x00000002
11:55:31.657  INFO     RX        /ERR/LOKO/0x00000002
11:55:31.673  INFO     RX        /ERR/LOKO/0x00000002
11:55:31.673  INFO     RX        /ERR/LOKO/0x00000002
11:55:31.690  INFO     RX        /ERR/LOKO/0x00000002
11:55:31.706  INFO     RX        /ERR/LOKO/0x00000002
11:55:31.719  DEBUG    TX /CONTROLL/0,0,0,-30,0,0,0,0,0
11:55:31.787  INFO     RX        /ERR/LOKO/0x00000002
11:55:31.804  INFO     RX        /ERR/LOKO/0x00000002
11:55:31.819  INFO     RX        /ERR/LOKO/0x00000002
11:55:31.835  INFO     RX        /ERR/LOKO/0x00000002
11:55:31.835  INFO     RX        /ERR/LOKO/0x00000002
11:55:31.851  INFO     RX        /ERR/LOKO/0x00000002
11:55:31.867  INFO     RX        /ERR/LOKO/0x00000002
11:55:31.884  INFO     RX        /ERR/LOKO/0x00000002
11:55:31.884  INFO     RX        /ERR/LOKO/0x00000002
11:55:31.900  INFO     RX        /ERR/LOKO/0x00000002
11:55:31.915  INFO     RX        /ERR/LOKO/0x00000002
11:55:31.932  INFO     RX        /ERR/LOKO/0x00000002
11:55:31.932  INFO     RX        /ERR/LOKO/0x00000002
11:55:31.947  INFO     RX        /ERR/LOKO/0x00000002
11:55:31.964  INFO     RX        /ERR/LOKO/0x00000002
11:55:31.964  INFO     RX        /ERR/LOKO/0x00000002
11:55:31.982  INFO     RX        /ERR/LOKO/0x00000002
11:55:31.996  INFO     RX        /ERR/LOKO/0x00000002
11:55:32.019  INFO     RX        /ERR/LOKO/0x00000002
11:55:32.019  INFO     RX        /ERR/LOKO/0x00000002
11:55:32.029  INFO     RX        /ERR/LOKO/0x00000002
11:55:32.046  INFO     RX        /ERR/LOKO/0x00000002
11:55:32.061  INFO     RX        /ERR/LOKO/0x00000002
11:55:32.061  INFO     RX        /ERR/LOKO/0x00000002
11:55:32.076  INFO     RX        /ERR/LOKO/0x00000002
11:55:32.092  INFO     RX        /ERR/LOKO/0x00000002
11:55:32.108  INFO     RX        /ERR/LOKO/0x00000002
11:55:32.108  INFO     RX        /ERR/LOKO/0x00000002
11:55:32.123  INFO     RX        /ERR/LOKO/0x00000002
11:55:32.140  INFO     RX        /ERR/LOKO/0x00000002
11:55:32.140  INFO     RX        /ERR/LOKO/0x00000002
11:55:32.157  INFO     RX        /ERR/LOKO/0x00000002
11:55:32.173  INFO     RX        /ERR/LOKO/0x00000002
11:55:32.189  INFO     RX        /ERR/LOKO/0x00000002
11:55:32.189  INFO     RX        /ERR/LOKO/0x00000002
11:55:32.211  INFO     RX        /ERR/LOKO/0x00000002
11:55:32.211  INFO     RX        /ERR/LOKO/0x00000002
11:55:32.237  INFO     RX        /ERR/LOKO/0x00000002
11:55:32.237  INFO     RX        /ERR/LOKO/0x00000002
11:55:32.253  INFO     RX        /ERR/LOKO/0x00000002
11:55:32.269  INFO     RX        /ERR/LOKO/0x00000002
11:55:32.288  INFO     RX        /ERR/LOKO/0x00000002
11:55:32.288  INFO     RX        /ERR/LOKO/0x00000002
11:55:32.301  INFO     RX        /ERR/LOKO/0x00000002
11:55:32.317  INFO     RX        /ERR/LOKO/0x00000002
11:55:32.333  INFO     RX        /ERR/LOKO/0x00000002
11:55:32.333  INFO     RX        /ERR/LOKO/0x00000002
11:55:32.352  INFO     RX        /ERR/LOKO/0x00000002
11:55:32.367  INFO     RX        /ERR/LOKO/0x00000002
11:55:32.367  INFO     RX        /ERR/LOKO/0x00000002
11:55:32.381  INFO     RX        /ERR/LOKO/0x00000002
11:55:32.399  INFO     RX        /ERR/LOKO/0x00000002
11:55:32.414  INFO     RX        /ERR/LOKO/0x00000002
11:55:32.414  INFO     RX        /ERR/LOKO/0x00000002
11:55:32.430  INFO     RX        /ERR/LOKO/0x00000002
11:55:32.445  INFO     RX        /ERR/LOKO/0x00000002
11:55:32.462  INFO     RX        /ERR/LOKO/0x00000002
11:55:32.462  INFO     RX        /ERR/LOKO/0x00000002
11:55:32.478  INFO     RX        /ERR/LOKO/0x00000002
11:55:32.494  INFO     RX        /ERR/LOKO/0x00000002
11:55:32.511  INFO     RX        /ERR/LOKO/0x00000002
11:55:32.511  INFO     RX        /ERR/LOKO/0x00000002
11:55:32.523  DEBUG    TX /CONTROLL/0,0,0,-15,0,0,0,0,0
11:55:32.526  INFO     RX        /ERR/LOKO/0x00000002
11:55:32.544  INFO     RX        /ERR/LOKO/0x00000002
11:55:32.557  INFO     RX        /ERR/LOKO/0x00000002
11:55:32.558  INFO     RX        /ERR/LOKO/0x00000002
11:55:32.577  INFO     RX        /ERR/LOKO/0x00000002
11:55:32.591  INFO     RX        /ERR/LOKO/0x00000002
11:55:32.607  INFO     RX        /ERR/LOKO/0x00000002
11:55:32.607  INFO     RX        /ERR/LOKO/0x00000002
11:55:32.623  INFO     RX        /ERR/LOKO/0x00000002
11:55:32.639  INFO     RX        /ERR/LOKO/0x00000002
11:55:32.655  INFO     RX        /ERR/LOKO/0x00000002
11:55:32.655  INFO     RX        /ERR/LOKO/0x00000002
11:55:32.672  INFO     RX        /ERR/LOKO/0x00000002
11:55:32.688  INFO     RX        /ERR/LOKO/0x00000002
11:55:32.688  INFO     RX        /ERR/LOKO/0x00000002
11:55:32.705  INFO     RX        /ERR/LOKO/0x00000002
11:55:32.864  INFO     RX        /ERR/LOKO/0x00000002
11:55:32.864  INFO     RX        /ERR/LOKO/0x00000002
11:55:32.880  INFO     RX        /ERR/LOKO/0x00000002
11:55:32.898  INFO     RX        /ERR/LOKO/0x00000002
11:55:32.898  INFO     RX        /ERR/LOKO/0x00000002
11:55:32.913  INFO     RX        /ERR/LOKO/0x00000002
11:55:32.929  INFO     RX        /ERR/LOKO/0x00000002
11:55:32.945  INFO     RX        /ERR/LOKO/0x00000002
11:55:32.945  INFO     RX        /ERR/LOKO/0x00000002
11:55:32.961  INFO     RX        /ERR/LOKO/0x00000002
11:55:32.977  INFO     RX        /ERR/LOKO/0x00000002
11:55:32.994  INFO     RX        /ERR/LOKO/0x00000002
11:55:32.994  INFO     RX        /ERR/LOKO/0x00000002
11:55:33.010  INFO     RX        /ERR/LOKO/0x00000002
11:55:33.026  INFO     RX        /ERR/LOKO/0x00000002
11:55:33.026  INFO     RX        /ERR/LOKO/0x00000002
11:55:33.042  INFO     RX        /ERR/LOKO/0x00000002
11:55:33.059  INFO     RX        /ERR/LOKO/0x00000002
11:55:33.076  INFO     RX        /ERR/LOKO/0x00000002
11:55:33.076  INFO     RX        /ERR/LOKO/0x00000002
11:55:33.091  INFO     RX        /ERR/LOKO/0x00000002
11:55:33.107  INFO     RX        /ERR/LOKO/0x00000002
11:55:33.108  INFO     RX        /ERR/LOKO/0x00000002
11:55:33.124  INFO     RX        /ERR/LOKO/0x00000002
11:55:33.142  INFO     RX        /ERR/LOKO/0x00000002
11:55:33.155  INFO     RX        /ERR/LOKO/0x00000002
11:55:33.155  INFO     RX        /ERR/LOKO/0x00000002
11:55:33.171  INFO     RX        /ERR/LOKO/0x00000002
11:55:33.188  INFO     RX        /ERR/LOKO/0x00000002
11:55:33.206  INFO     RX        /ERR/LOKO/0x00000002
11:55:33.206  INFO     RX        /ERR/LOKO/0x00000002
11:55:33.219  INFO     RX        /ERR/LOKO/0x00000002
11:55:33.235  INFO     RX        /ERR/LOKO/0x00000002
11:55:33.250  INFO     RX        /ERR/LOKO/0x00000002
11:55:33.250  INFO     RX        /ERR/LOKO/0x00000002
11:55:33.267  INFO     RX        /ERR/LOKO/0x00000002
11:55:33.286  INFO     RX        /ERR/LOKO/0x00000002
11:55:33.299  INFO     RX        /ERR/LOKO/0x00000002
11:55:33.299  INFO     RX        /ERR/LOKO/0x00000002
11:55:33.315  INFO     RX        /ERR/LOKO/0x00000002
11:55:33.328  DEBUG    TX /CONTROLL/0,0,0,-15,0,0,0,0,0
11:55:33.330  INFO     RX        /ERR/LOKO/0x00000002
11:55:33.347  INFO     RX        /ERR/LOKO/0x00000002
11:55:33.347  INFO     RX        /ERR/LOKO/0x00000002
11:55:33.363  INFO     RX        /ERR/LOKO/0x00000002
11:55:33.379  INFO     RX        /ERR/LOKO/0x00000002
11:55:33.379  INFO     RX        /ERR/LOKO/0x00000002
11:55:33.395  INFO     RX        /ERR/LOKO/0x00000002
11:55:33.411  INFO     RX        /ERR/LOKO/0x00000002
11:55:33.427  INFO     RX        /ERR/LOKO/0x00000002
11:55:33.427  INFO     RX        /ERR/LOKO/0x00000002
11:55:33.445  INFO     RX        /ERR/LOKO/0x00000002
11:55:33.459  INFO     RX        /ERR/LOKO/0x00000002
11:55:33.475  INFO     RX        /ERR/LOKO/0x00000002
11:55:33.475  INFO     RX        /ERR/LOKO/0x00000002
11:55:33.491  INFO     RX        /ERR/LOKO/0x00000002
11:55:33.508  INFO     RX        /ERR/LOKO/0x00000002
11:55:33.524  INFO     RX        /ERR/LOKO/0x00000002
11:55:33.524  INFO     RX        /ERR/LOKO/0x00000002
11:55:33.539  INFO     RX        /ERR/LOKO/0x00000002
11:55:33.567  INFO     RX        /ERR/LOKO/0x00000002
11:55:33.567  INFO     RX        /ERR/LOKO/0x00000002
11:55:33.572  INFO     RX        /ERR/LOKO/0x00000002
11:55:33.588  INFO     RX        /ERR/LOKO/0x00000002
11:55:33.604  INFO     RX        /ERR/LOKO/0x00000002
11:55:33.604  INFO     RX        /ERR/LOKO/0x00000002
11:55:33.620  INFO     RX        /ERR/LOKO/0x00000002
11:55:33.637  INFO     RX        /ERR/LOKO/0x00000002
11:55:33.652  INFO     RX        /ERR/LOKO/0x00000002
11:55:33.652  INFO     RX        /ERR/LOKO/0x00000002
11:55:33.668  INFO     RX        /ERR/LOKO/0x00000002
11:55:33.687  INFO     RX        /ERR/LOKO/0x00000002
11:55:33.702  INFO     RX        /ERR/LOKO/0x00000002
11:55:33.702  INFO     RX        /ERR/LOKO/0x00000002
11:55:33.717  INFO     RX        /ERR/LOKO/0x00000002
11:55:33.736  INFO     RX        /ERR/LOKO/0x00000002
11:55:33.846  INFO     RX        /ERR/LOKO/0x00000002
11:55:33.846  INFO     RX        /ERR/LOKO/0x00000002
11:55:33.846  INFO     RX        /ERR/LOKO/0x00000002
11:55:33.846  INFO     RX        /ERR/LOKO/0x00000002
11:55:33.846  INFO     RX        /ERR/LOKO/0x00000002
11:55:33.846  INFO     RX        /ERR/LOKO/0x00000002
11:55:33.846  INFO     RX        /ERR/LOKO/0x00000002
11:55:33.846  INFO     RX        /ERR/LOKO/0x00000002
11:55:33.846  INFO     RX        /ERR/LOKO/0x00000002
11:55:33.846  INFO     RX        /ERR/LOKO/0x00000002
11:55:33.852  INFO     RX        /ERR/LOKO/0x00000002
11:55:33.878  INFO     RX        /ERR/LOKO/0x00000002
11:55:33.878  INFO     RX        /ERR/LOKO/0x00000002
11:55:33.894  INFO     RX        /ERR/LOKO/0x00000002
11:55:33.910  INFO     RX        /ERR/LOKO/0x00000002
11:55:33.926  INFO     RX        /ERR/LOKO/0x00000002
11:55:33.926  INFO     RX        /ERR/LOKO/0x00000002
11:55:33.942  INFO     RX        /ERR/LOKO/0x00000002
11:55:33.958  INFO     RX        /ERR/LOKO/0x00000002
11:55:33.974  INFO     RX        /ERR/LOKO/0x00000002
11:55:33.974  INFO     RX        /ERR/LOKO/0x00000002
11:55:33.989  INFO     RX        /ERR/LOKO/0x00000002
11:55:34.008  INFO     RX        /ERR/LOKO/0x00000002
11:55:34.022  INFO     RX        /ERR/LOKO/0x00000002
11:55:34.022  INFO     RX        /ERR/LOKO/0x00000002
11:55:34.039  INFO     RX        /ERR/LOKO/0x00000002
11:55:34.132  DEBUG    TX /CONTROLL/0,0,0,-15,0,0,0,0,0
11:55:34.184  INFO     RX        /ERR/LOKO/0x00000002
11:55:34.200  INFO     RX        /ERR/LOKO/0x00000002
11:55:34.216  INFO     RX        /ERR/LOKO/0x00000002
11:55:34.234  INFO     RX        /ERR/LOKO/0x00000002
11:55:34.234  INFO     RX        /ERR/LOKO/0x00000002
11:55:34.248  INFO     RX        /ERR/LOKO/0x00000002
11:55:34.267  INFO     RX        /ERR/LOKO/0x00000002
11:55:34.267  INFO     RX        /ERR/LOKO/0x00000002
11:55:34.281  INFO     RX        /ERR/LOKO/0x00000002
11:55:34.298  INFO     RX        /ERR/LOKO/0x00000002
11:55:34.313  INFO     RX        /ERR/LOKO/0x00000002
11:55:34.313  INFO     RX        /ERR/LOKO/0x00000002
11:55:34.329  INFO     RX        /ERR/LOKO/0x00000002
11:55:34.344  INFO     RX        /ERR/LOKO/0x00000002
11:55:34.361  INFO     RX        /ERR/LOKO/0x00000002
11:55:34.361  INFO     RX        /ERR/LOKO/0x00000002
11:55:34.377  INFO     RX        /ERR/LOKO/0x00000002
11:55:34.395  INFO     RX        /ERR/LOKO/0x00000002
11:55:34.395  INFO     RX        /ERR/LOKO/0x00000002
11:55:34.409  INFO     RX        /ERR/LOKO/0x00000002
11:55:34.425  INFO     RX        /ERR/LOKO/0x00000002
11:55:34.441  INFO     RX        /ERR/LOKO/0x00000002
11:55:34.441  INFO     RX        /ERR/LOKO/0x00000002
11:55:34.457  INFO     RX        /ERR/LOKO/0x00000002
11:55:34.474  INFO     RX        /ERR/LOKO/0x00000002
11:55:34.491  INFO     RX        /ERR/LOKO/0x00000002
11:55:34.491  INFO     RX        /ERR/LOKO/0x00000002
11:55:34.507  INFO     RX        /ERR/LOKO/0x00000002
11:55:34.522  INFO     RX        /ERR/LOKO/0x00000002
11:55:34.538  INFO     RX        /ERR/LOKO/0x00000002
11:55:34.538  INFO     RX        /ERR/LOKO/0x00000002
11:55:34.555  INFO     RX        /ERR/LOKO/0x00000002
11:55:34.571  INFO     RX        /ERR/LOKO/0x00000002
11:55:34.572  INFO     RX        /ERR/LOKO/0x00000002
11:55:34.586  INFO     RX        /ERR/LOKO/0x00000002
11:55:34.602  INFO     RX        /ERR/LOKO/0x00000002
11:55:34.619  INFO     RX        /ERR/LOKO/0x00000002
11:55:34.619  INFO     RX        /ERR/LOKO/0x00000002
11:55:34.634  INFO     RX        /ERR/LOKO/0x00000002
11:55:34.650  INFO     RX        /ERR/LOKO/0x00000002
11:55:34.668  INFO     RX        /ERR/LOKO/0x00000002
11:55:34.668  INFO     RX        /ERR/LOKO/0x00000002
11:55:34.682  INFO     RX        /ERR/LOKO/0x00000002
11:55:34.698  INFO     RX        /ERR/LOKO/0x00000002
11:55:34.714  INFO     RX        /ERR/LOKO/0x00000002
11:55:34.714  INFO     RX        /ERR/LOKO/0x00000002
11:55:34.730  INFO     RX        /ERR/LOKO/0x00000002
11:55:34.745  INFO     RX        /ERR/LOKO/0x00000002
11:55:34.762  INFO     RX        /ERR/LOKO/0x00000002
11:55:34.762  INFO     RX        /ERR/LOKO/0x00000002
11:55:34.778  INFO     RX        /ERR/LOKO/0x00000002
11:55:34.793  INFO     RX        /ERR/LOKO/0x00000002
11:55:34.793  INFO     RX        /ERR/LOKO/0x00000002
11:55:34.810  INFO     RX        /ERR/LOKO/0x00000002
11:55:34.826  INFO     RX        /ERR/LOKO/0x00000002
11:55:34.842  INFO     RX        /ERR/LOKO/0x00000002
11:55:34.842  INFO     RX        /ERR/LOKO/0x00000002
11:55:34.858  INFO     RX        /ERR/LOKO/0x00000002
11:55:34.874  INFO     RX        /ERR/LOKO/0x00000002
11:55:34.890  INFO     RX        /ERR/LOKO/0x00000002
11:55:34.890  INFO     RX        /ERR/LOKO/0x00000002
11:55:34.906  INFO     RX        /ERR/LOKO/0x00000002
11:55:34.922  INFO     RX        /ERR/LOKO/0x00000002
11:55:34.935  DEBUG    TX /CONTROLL/0,0,0,-15,0,0,0,0,0
11:55:34.939  INFO     RX        /ERR/LOKO/0x00000002
11:55:34.939  INFO     RX        /ERR/LOKO/0x00000002
11:55:34.954  INFO     RX        /ERR/LOKO/0x00000002
11:55:34.970  INFO     RX        /ERR/LOKO/0x00000002
11:55:34.988  INFO     RX        /ERR/LOKO/0x00000002
11:55:34.989  INFO     RX        /ERR/LOKO/0x00000002
11:55:35.002  INFO     RX        /ERR/LOKO/0x00000002
11:55:35.019  INFO     RX        /ERR/LOKO/0x00000002
11:55:35.019  INFO     RX        /ERR/LOKO/0x00000002
11:55:35.036  INFO     RX        /ERR/LOKO/0x00000002
11:55:35.051  INFO     RX        /ERR/LOKO/0x00000002
11:55:35.067  INFO     RX        /ERR/LOKO/0x00000002
11:55:35.067  INFO     RX        /ERR/LOKO/0x00000002
11:55:35.087  INFO     RX        /ERR/LOKO/0x00000002
11:55:35.100  INFO     RX        /ERR/LOKO/0x00000002
11:55:35.115  INFO     RX        /ERR/LOKO/0x00000002
11:55:35.115  INFO     RX        /ERR/LOKO/0x00000002
11:55:35.131  INFO     RX        /ERR/LOKO/0x00000002
11:55:35.147  INFO     RX        /ERR/LOKO/0x00000002
11:55:35.163  INFO     RX        /ERR/LOKO/0x00000002
11:55:35.163  INFO     RX        /ERR/LOKO/0x00000002
11:55:35.181  INFO     RX        /ERR/LOKO/0x00000002
11:55:35.195  INFO     RX        /ERR/LOKO/0x00000002
11:55:35.211  INFO     RX        /ERR/LOKO/0x00000002
11:55:35.211  INFO     RX        /ERR/LOKO/0x00000002
11:55:35.229  INFO     RX        /ERR/LOKO/0x00000002
11:55:35.243  INFO     RX        /ERR/LOKO/0x00000002
11:55:35.259  INFO     RX        /ERR/LOKO/0x00000002
11:55:35.259  INFO     RX        /ERR/LOKO/0x00000002
11:55:35.275  INFO     RX        /ERR/LOKO/0x00000002
11:55:35.290  INFO     RX        /ERR/LOKO/0x00000002
11:55:35.307  INFO     RX        /ERR/LOKO/0x00000002
11:55:35.307  INFO     RX        /ERR/LOKO/0x00000002
11:55:35.324  INFO     RX        /ERR/LOKO/0x00000002
11:55:35.339  INFO     RX        /ERR/LOKO/0x00000002
11:55:35.355  INFO     RX        /ERR/LOKO/0x00000002
11:55:35.355  INFO     RX        /ERR/LOKO/0x00000002
11:55:35.371  INFO     RX        /ERR/LOKO/0x00000002
11:55:35.515  INFO     RX        /ERR/LOKO/0x00000002
11:55:35.532  INFO     RX        /ERR/LOKO/0x00000002
11:55:35.547  INFO     RX        /ERR/LOKO/0x00000002
11:55:35.563  INFO     RX        /ERR/LOKO/0x00000002
11:55:35.564  INFO     RX        /ERR/LOKO/0x00000002
11:55:35.580  INFO     RX        /ERR/LOKO/0x00000002
11:55:35.597  INFO     RX        /ERR/LOKO/0x00000002
11:55:35.598  INFO     RX        /ERR/LOKO/0x00000002
11:55:35.610  INFO     RX        /ERR/LOKO/0x00000002
11:55:35.626  INFO     RX        /ERR/LOKO/0x00000002
11:55:35.643  INFO     RX        /ERR/LOKO/0x00000002
11:55:35.660  INFO     RX        /ERR/LOKO/0x00000002
11:55:35.660  INFO     RX        /ERR/LOKO/0x00000002
11:55:35.676  INFO     RX        /ERR/LOKO/0x00000002
11:55:35.693  INFO     RX        /ERR/LOKO/0x00000002
11:55:35.693  INFO     RX        /ERR/LOKO/0x00000002
11:55:35.708  INFO     RX        /ERR/LOKO/0x00000002
11:55:35.725  INFO     RX        /ERR/LOKO/0x00000002
11:55:35.738  DEBUG    TX /CONTROLL/0,0,0,-15,0,0,0,0,0
11:55:35.742  INFO     RX        /ERR/LOKO/0x00000002
11:55:35.742  INFO     RX        /ERR/LOKO/0x00000002
11:55:35.757  INFO     RX        /ERR/LOKO/0x00000002
11:55:35.773  INFO     RX        /ERR/LOKO/0x00000002
11:55:35.773  INFO     RX        /ERR/LOKO/0x00000002
11:55:35.788  INFO     RX        /ERR/LOKO/0x00000002
11:55:35.806  INFO     RX        /ERR/LOKO/0x00000002
11:55:35.821  INFO     RX        /ERR/LOKO/0x00000002
11:55:35.821  INFO     RX        /ERR/LOKO/0x00000002
11:55:35.837  INFO     RX        /ERR/LOKO/0x00000002
11:55:36.546  DEBUG    TX /CONTROLL/0,0,0,0,0,0,1,0,0
11:55:37.353  DEBUG    TX /CONTROLL/0,0,0,0,0,0,0,0,0
11:55:37.780  INFO     RX        /ERR/LOKO/0x00000002
11:55:37.791  INFO     RX        /ERR/LOKO/0x00000002
11:55:37.811  INFO     RX        /ERR/LOKO/0x00000002
11:55:37.811  INFO     RX        /ERR/LOKO/0x00000002
11:55:37.823  INFO     RX        /ERR/LOKO/0x00000002
11:55:37.841  INFO     RX        /ERR/LOKO/0x00000002
11:55:37.857  INFO     RX        /ERR/LOKO/0x00000002
11:55:37.857  INFO     RX        /ERR/LOKO/0x00000002
11:55:37.871  INFO     RX        /ERR/LOKO/0x00000002
11:55:37.887  INFO     RX        /ERR/LOKO/0x00000002
11:55:37.909  INFO     RX        /ERR/LOKO/0x00000002
11:55:37.909  INFO     RX        /ERR/LOKO/0x00000002
11:55:37.921  INFO     RX        /ERR/LOKO/0x00000002
11:55:37.938  INFO     RX        /ERR/LOKO/0x00000002
11:55:37.954  INFO     RX        /ERR/LOKO/0x00000002
11:55:37.954  INFO     RX        /ERR/LOKO/0x00000002
11:55:37.967  INFO     RX        /ERR/LOKO/0x00000002
11:55:38.095  INFO     RX        /ERR/LOKO/0x00000002
11:55:38.112  INFO     RX        /ERR/LOKO/0x00000002
11:55:38.112  INFO     RX        /ERR/LOKO/0x00000002
11:55:38.126  INFO     RX        /ERR/LOKO/0x00000002
11:55:38.143  INFO     RX        /ERR/LOKO/0x00000002
11:55:38.156  DEBUG    TX /CONTROLL/0,0,0,-32,0,0,0,0,0
11:55:38.159  INFO     RX        /ERR/LOKO/0x00000002
11:55:38.159  INFO     RX        /ERR/LOKO/0x00000002
11:55:38.175  INFO     RX        /ERR/LOKO/0x00000002
11:55:38.191  INFO     RX        /ERR/LOKO/0x00000002
11:55:38.207  INFO     RX        /ERR/LOKO/0x00000002
11:55:38.207  INFO     RX        /ERR/LOKO/0x00000002
11:55:38.224  INFO     RX        /ERR/LOKO/0x00000002
11:55:38.240  INFO     RX        /ERR/LOKO/0x00000002
11:55:38.240  INFO     RX        /ERR/LOKO/0x00000002
11:55:38.256  INFO     RX        /ERR/LOKO/0x00000002
11:55:38.272  INFO     RX        /ERR/LOKO/0x00000002
11:55:38.288  INFO     RX        /ERR/LOKO/0x00000002
11:55:38.367  INFO     RX        /ERR/LOKO/0x00000002
11:55:38.385  INFO     RX        /ERR/LOKO/0x00000002
11:55:38.385  INFO     RX        /ERR/LOKO/0x00000002
11:55:38.398  INFO     RX        /ERR/LOKO/0x00000002
11:55:38.415  INFO     RX        /ERR/LOKO/0x00000002
11:55:38.415  INFO     RX        /ERR/LOKO/0x00000002
11:55:38.431  INFO     RX        /ERR/LOKO/0x00000002
11:55:38.447  INFO     RX        /ERR/LOKO/0x00000002
11:55:38.464  INFO     RX        /ERR/LOKO/0x00000002
11:55:38.690  INFO     RX        /ERR/LOKO/0x00000002
11:55:38.714  INFO     RX        /ERR/LOKO/0x00000002
11:55:38.715  INFO     RX        /ERR/LOKO/0x00000002
11:55:38.722  INFO     RX        /ERR/LOKO/0x00000002
11:55:38.739  INFO     RX        /ERR/LOKO/0x00000002
11:55:38.780  INFO     RX        /ERR/LOKO/0x00000002
11:55:38.780  INFO     RX        /ERR/LOKO/0x00000002
11:55:38.780  INFO     RX        /ERR/LOKO/0x00000002
11:55:38.780  INFO     RX        /ERR/LOKO/0x00000002
11:55:38.786  INFO     RX        /ERR/LOKO/0x00000002
11:55:38.804  INFO     RX        /ERR/LOKO/0x00000002
11:55:38.959  DEBUG    TX /CONTROLL/0,0,0,-27,0,0,0,0,0
11:55:39.105  INFO     RX        /ERR/LOKO/0x00000002
11:55:39.122  INFO     RX        /ERR/LOKO/0x00000002
11:55:39.138  INFO     RX        /ERR/LOKO/0x00000002
11:55:39.138  INFO     RX        /ERR/LOKO/0x00000002
11:55:39.153  INFO     RX        /ERR/LOKO/0x00000002
11:55:39.169  INFO     RX        /ERR/LOKO/0x00000002
11:55:39.170  INFO     RX        /ERR/LOKO/0x00000002
11:55:39.186  INFO     RX        /ERR/LOKO/0x00000002
11:55:39.207  INFO     RX        /ERR/LOKO/0x00000002
11:55:39.207  INFO     RX        /ERR/LOKO/0x00000002
11:55:39.219  INFO     RX        /ERR/LOKO/0x00000002
11:55:39.238  INFO     RX        /ERR/LOKO/0x00000002
11:55:39.251  INFO     RX        /ERR/LOKO/0x00000002
11:55:39.267  INFO     RX        /ERR/LOKO/0x00000002
11:55:39.268  INFO     RX        /ERR/LOKO/0x00000002
11:55:39.283  INFO     RX        /ERR/LOKO/0x00000002
11:55:39.298  INFO     RX        /ERR/LOKO/0x00000002
11:55:39.314  INFO     RX        /ERR/LOKO/0x00000002
11:55:39.314  INFO     RX        /ERR/LOKO/0x00000002
11:55:39.331  INFO     RX        /ERR/LOKO/0x00000002
11:55:39.477  INFO     RX        /ERR/LOKO/0x00000002
11:55:39.494  INFO     RX        /ERR/LOKO/0x00000002
11:55:39.509  INFO     RX        /ERR/LOKO/0x00000002
11:55:39.525  INFO     RX        /ERR/LOKO/0x00000002
11:55:39.525  INFO     RX        /ERR/LOKO/0x00000002
11:55:39.541  INFO     RX        /ERR/LOKO/0x00000002
11:55:39.557  INFO     RX        /ERR/LOKO/0x00000002
11:55:39.557  INFO     RX        /ERR/LOKO/0x00000002
11:55:39.575  INFO     RX        /ERR/LOKO/0x00000002
11:55:39.589  INFO     RX        /ERR/LOKO/0x00000002
11:55:39.607  INFO     RX        /ERR/LOKO/0x00000002
11:55:39.607  INFO     RX        /ERR/LOKO/0x00000002
11:55:39.621  INFO     RX        /ERR/LOKO/0x00000002
11:55:39.637  INFO     RX        /ERR/LOKO/0x00000002
11:55:39.653  INFO     RX        /ERR/LOKO/0x00000002
11:55:39.654  INFO     RX        /ERR/LOKO/0x00000002
11:55:39.672  INFO     RX        /ERR/LOKO/0x00000002
11:55:39.686  INFO     RX        /ERR/LOKO/0x00000002
11:55:39.687  INFO     RX        /ERR/LOKO/0x00000002
11:55:39.703  INFO     RX        /ERR/LOKO/0x00000002
11:55:39.764  DEBUG    TX /CONTROLL/0,0,0,-27,0,0,0,0,0
11:55:39.815  INFO     RX        /ERR/LOKO/0x00000002
11:55:39.815  INFO     RX        /ERR/LOKO/0x00000002
11:55:39.831  INFO     RX        /ERR/LOKO/0x00000002
11:55:39.846  INFO     RX        /ERR/LOKO/0x00000002
11:55:39.863  INFO     RX        /ERR/LOKO/0x00000002
11:55:39.863  INFO     RX        /ERR/LOKO/0x00000002
11:55:39.880  INFO     RX        /ERR/LOKO/0x00000002
11:55:39.896  INFO     RX        /ERR/LOKO/0x00000002
11:55:40.568  DEBUG    TX /CONTROLL/0,0,0,0,0,0,0,0,0
11:55:41.374  DEBUG    TX /CONTROLL/0,0,0,0,0,0,0,0,2
11:55:42.178  DEBUG    TX /CONTROLL/0,0,0,0,0,0,0,0,0
11:55:42.983  DEBUG    TX /CONTROLL/0,0,0,0,0,0,0,0,0
11:55:43.791  DEBUG    TX /CONTROLL/0,0,0,0,0,0,0,0,2
11:55:44.594  DEBUG    TX /CONTROLL/0,0,0,0,0,0,0,0,0
11:55:45.398  DEBUG    TX /CONTROLL/0,0,0,0,0,0,0,0,0
11:55:46.204  DEBUG    TX /CONTROLL/0,12,0,0,0,0,0,0,0
11:55:47.009  DEBUG    TX /CONTROLL/0,0,0,0,0,0,0,0,0
11:55:47.818  DEBUG    TX /CONTROLL/0,0,0,0,0,0,0,0,2
11:55:48.625  DEBUG    TX /CONTROLL/0,0,0,0,0,0,0,0,2
11:55:49.434  DEBUG    TX /CONTROLL/0,0,0,0,0,0,0,0,0
11:55:50.240  DEBUG    TX /CONTROLL/0,0,0,0,0,0,0,0,0
11:55:51.049  DEBUG    TX /CONTROLL/0,14,0,0,0,0,0,0,0
11:55:51.856  DEBUG    TX /CONTROLL/0,0,0,0,0,0,0,0,0
11:55:52.054  INFO     RX        /ERR/LOKO/0x00000002
11:55:52.054  INFO     RX        /ERR/LOKO/0x00000002
11:55:52.069  INFO     RX        /ERR/LOKO/0x00000002
11:55:52.085  INFO     RX        /ERR/LOKO/0x00000002
11:55:52.101  INFO     RX        /ERR/LOKO/0x00000002
11:55:52.101  INFO     RX        /ERR/LOKO/0x00000002
11:55:52.118  INFO     RX        /ERR/LOKO/0x00000002
11:55:52.134  INFO     RX        /ERR/LOKO/0x00000002
11:55:52.425  INFO     RX        /ERR/LOKO/0x00000002
11:55:52.440  INFO     RX        /ERR/LOKO/0x00000002
11:55:52.456  INFO     RX        /ERR/LOKO/0x00000002
11:55:52.473  INFO     RX        /ERR/LOKO/0x00000002
11:55:52.473  INFO     RX        /ERR/LOKO/0x00000002
11:55:52.490  INFO     RX        /ERR/LOKO/0x00000002
11:55:52.505  INFO     RX        /ERR/LOKO/0x00000002
11:55:52.505  INFO     RX        /ERR/LOKO/0x00000002
11:55:52.522  INFO     RX        /ERR/LOKO/0x00000002
11:55:52.538  INFO     RX        /ERR/LOKO/0x00000002
11:55:52.553  INFO     RX        /ERR/LOKO/0x00000002
11:55:52.663  DEBUG    TX /CONTROLL/0,0,0,-25,0,0,0,0,0
11:55:52.874  INFO     RX        /ERR/LOKO/0x00000002
11:55:52.890  INFO     RX        /ERR/LOKO/0x00000002
11:55:52.891  INFO     RX        /ERR/LOKO/0x00000002
11:55:52.908  INFO     RX        /ERR/LOKO/0x00000002
11:55:52.922  INFO     RX        /ERR/LOKO/0x00000002
11:55:52.940  INFO     RX        /ERR/LOKO/0x00000002
11:55:52.940  INFO     RX        /ERR/LOKO/0x00000002
11:55:52.962  INFO     RX        /ERR/LOKO/0x00000002
11:55:52.962  INFO     RX        /ERR/LOKO/0x00000002
11:55:52.971  INFO     RX        /ERR/LOKO/0x00000002
11:55:52.987  INFO     RX        /ERR/LOKO/0x00000002
11:55:53.002  INFO     RX        /ERR/LOKO/0x00000002
11:55:53.019  INFO     RX        /ERR/LOKO/0x00000002
11:55:53.019  INFO     RX        /ERR/LOKO/0x00000002
11:55:53.035  INFO     RX        /ERR/LOKO/0x00000002
11:55:53.051  INFO     RX        /ERR/LOKO/0x00000002
11:55:53.067  INFO     RX        /ERR/LOKO/0x00000002
11:55:53.067  INFO     RX        /ERR/LOKO/0x00000002
11:55:53.084  INFO     RX        /ERR/LOKO/0x00000002
11:55:53.100  INFO     RX        /ERR/LOKO/0x00000002
11:55:53.100  INFO     RX        /ERR/LOKO/0x00000002
11:55:53.116  INFO     RX        /ERR/LOKO/0x00000002
11:55:53.132  INFO     RX        /ERR/LOKO/0x00000002
11:55:53.292  INFO     RX        /ERR/LOKO/0x00000002
11:55:53.309  INFO     RX        /ERR/LOKO/0x00000002
11:55:53.309  INFO     RX        /ERR/LOKO/0x00000002
11:55:53.324  INFO     RX        /ERR/LOKO/0x00000002
11:55:53.341  INFO     RX        /ERR/LOKO/0x00000002
11:55:53.356  INFO     RX        /ERR/LOKO/0x00000002
11:55:53.357  INFO     RX        /ERR/LOKO/0x00000002
11:55:53.373  INFO     RX        /ERR/LOKO/0x00000002
11:55:53.388  INFO     RX        /ERR/LOKO/0x00000002
11:55:53.404  INFO     RX        /ERR/LOKO/0x00000002
11:55:53.405  INFO     RX        /ERR/LOKO/0x00000002
11:55:53.422  INFO     RX        /ERR/LOKO/0x00000002
11:55:53.437  INFO     RX        /ERR/LOKO/0x00000002
11:55:53.452  INFO     RX        /ERR/LOKO/0x00000002
11:55:53.452  INFO     RX        /ERR/LOKO/0x00000002
11:55:53.465  DEBUG    TX /CONTROLL/0,0,0,-24,0,0,0,0,0
11:55:53.468  INFO     RX        /ERR/LOKO/0x00000002
11:55:53.484  INFO     RX        /ERR/LOKO/0x00000002
11:55:53.484  INFO     RX        /ERR/LOKO/0x00000002
11:55:53.501  INFO     RX        /ERR/LOKO/0x00000002
11:55:53.516  INFO     RX        /ERR/LOKO/0x00000002
11:55:53.532  INFO     RX        /ERR/LOKO/0x00000002
11:55:53.532  INFO     RX        /ERR/LOKO/0x00000002
11:55:53.661  INFO     RX        /ERR/LOKO/0x00000002
11:55:53.661  INFO     RX        /ERR/LOKO/0x00000002
11:55:53.677  INFO     RX        /ERR/LOKO/0x00000002
11:55:53.693  INFO     RX        /ERR/LOKO/0x00000002
11:55:53.694  INFO     RX        /ERR/LOKO/0x00000002
11:55:53.710  INFO     RX        /ERR/LOKO/0x00000002
11:55:53.726  INFO     RX        /ERR/LOKO/0x00000002
11:55:53.742  INFO     RX        /ERR/LOKO/0x00000002
11:55:53.742  INFO     RX        /ERR/LOKO/0x00000002
11:55:53.759  INFO     RX        /ERR/LOKO/0x00000002
11:55:53.777  INFO     RX        /ERR/LOKO/0x00000002
11:55:53.777  INFO     RX        /ERR/LOKO/0x00000002
11:55:54.066  INFO     RX        /ERR/LOKO/0x00000002
11:55:54.082  INFO     RX        /ERR/LOKO/0x00000002
11:55:54.098  INFO     RX        /ERR/LOKO/0x00000002
11:55:54.114  INFO     RX        /ERR/LOKO/0x00000002
11:55:54.114  INFO     RX        /ERR/LOKO/0x00000002
11:55:54.130  INFO     RX        /ERR/LOKO/0x00000002
11:55:54.146  INFO     RX        /ERR/LOKO/0x00000002
11:55:54.163  INFO     RX        /ERR/LOKO/0x00000002
11:55:54.163  INFO     RX        /ERR/LOKO/0x00000002
11:55:54.181  INFO     RX        /ERR/LOKO/0x00000002
11:55:54.195  INFO     RX        /ERR/LOKO/0x00000002
11:55:54.212  INFO     RX        /ERR/LOKO/0x00000002
11:55:54.273  DEBUG    TX /CONTROLL/0,0,0,-23,0,0,0,0,0
11:55:54.568  INFO     RX        /ERR/LOKO/0x00000002
11:55:54.568  INFO     RX        /ERR/LOKO/0x00000002
11:55:54.584  INFO     RX        /ERR/LOKO/0x00000002
11:55:54.601  INFO     RX        /ERR/LOKO/0x00000002
11:55:54.601  INFO     RX        /ERR/LOKO/0x00000002
11:55:54.617  INFO     RX        /ERR/LOKO/0x00000002
11:55:54.633  INFO     RX        /ERR/LOKO/0x00000002
11:55:54.651  INFO     RX        /ERR/LOKO/0x00000002
11:55:54.651  INFO     RX        /ERR/LOKO/0x00000002
11:55:54.665  INFO     RX        /ERR/LOKO/0x00000002
11:55:54.682  INFO     RX        /ERR/LOKO/0x00000002
11:55:54.698  INFO     RX        /ERR/LOKO/0x00000002
11:55:54.698  INFO     RX        /ERR/LOKO/0x00000002
11:55:54.714  INFO     RX        /ERR/LOKO/0x00000002
11:55:54.731  INFO     RX        /ERR/LOKO/0x00000002
11:55:54.731  INFO     RX        /ERR/LOKO/0x00000002
11:55:54.747  INFO     RX        /ERR/LOKO/0x00000002
11:55:54.764  INFO     RX        /ERR/LOKO/0x00000002
11:55:54.780  INFO     RX        /ERR/LOKO/0x00000002
11:55:54.780  INFO     RX        /ERR/LOKO/0x00000002
11:55:54.795  INFO     RX        /ERR/LOKO/0x00000002
11:55:54.811  INFO     RX        /ERR/LOKO/0x00000002
11:55:54.827  INFO     RX        /ERR/LOKO/0x00000002
11:55:54.987  INFO     RX        /ERR/LOKO/0x00000002
11:55:55.003  INFO     RX        /ERR/LOKO/0x00000002
11:55:55.020  INFO     RX        /ERR/LOKO/0x00000002
11:55:55.035  INFO     RX        /ERR/LOKO/0x00000002
11:55:55.035  INFO     RX        /ERR/LOKO/0x00000002
11:55:55.081  DEBUG    TX /CONTROLL/0,0,0,-23,0,0,0,0,0
11:55:55.165  INFO     RX        /ERR/LOKO/0x00000002
11:55:55.165  INFO     RX        /ERR/LOKO/0x00000002
11:55:55.165  INFO     RX        /ERR/LOKO/0x00000002
11:55:55.165  INFO     RX        /ERR/LOKO/0x00000002
11:55:55.165  INFO     RX        /ERR/LOKO/0x00000002
11:55:55.165  INFO     RX        /ERR/LOKO/0x00000002
11:55:55.165  INFO     RX        /ERR/LOKO/0x00000002
11:55:55.165  INFO     RX        /ERR/LOKO/0x00000002
11:55:55.165  INFO     RX        /ERR/LOKO/0x00000002
11:55:55.170  INFO     RX        /ERR/LOKO/0x00000002
11:55:55.170  INFO     RX        /ERR/LOKO/0x00000002
11:55:55.183  INFO     RX        /ERR/LOKO/0x00000002
11:55:55.197  INFO     RX        /ERR/LOKO/0x00000002
11:55:55.197  INFO     RX        /ERR/LOKO/0x00000002
11:55:55.213  INFO     RX        /ERR/LOKO/0x00000002
11:55:55.229  INFO     RX        /ERR/LOKO/0x00000002
11:55:55.246  INFO     RX        /ERR/LOKO/0x00000002
11:55:55.278  INFO     RX        /ERR/LOKO/0x00000002
11:55:55.296  INFO     RX        /ERR/LOKO/0x00000002
11:55:55.311  INFO     RX        /ERR/LOKO/0x00000002
11:55:55.311  INFO     RX        /ERR/LOKO/0x00000002
11:55:55.327  INFO     RX        /ERR/LOKO/0x00000002
11:55:55.341  INFO     RX        /ERR/LOKO/0x00000002
11:55:55.358  INFO     RX        /ERR/LOKO/0x00000002
11:55:55.358  INFO     RX        /ERR/LOKO/0x00000002
11:55:55.374  INFO     RX        /ERR/LOKO/0x00000002
11:55:55.389  INFO     RX        /ERR/LOKO/0x00000002
11:55:55.407  INFO     RX        /ERR/LOKO/0x00000002
11:55:55.407  INFO     RX        /ERR/LOKO/0x00000002
11:55:55.421  INFO     RX        /ERR/LOKO/0x00000002
11:55:55.438  INFO     RX        /ERR/LOKO/0x00000002
11:55:55.454  INFO     RX        /ERR/LOKO/0x00000002
11:55:55.454  INFO     RX        /ERR/LOKO/0x00000002
11:55:55.470  INFO     RX        /ERR/LOKO/0x00000002
11:55:55.486  INFO     RX        /ERR/LOKO/0x00000002
11:55:55.888  DEBUG    TX /CONTROLL/0,0,0,0,0,0,0,0,0
11:55:56.692  DEBUG    TX /CONTROLL/0,0,0,0,0,0,0,0,0
11:55:57.256  INFO     RX        /ERR/LOKO/0x00000002
11:55:57.273  INFO     RX        /ERR/LOKO/0x00000002
11:55:57.273  INFO     RX        /ERR/LOKO/0x00000002
11:55:57.289  INFO     RX        /ERR/LOKO/0x00000002
11:55:57.305  INFO     RX        /ERR/LOKO/0x00000002
11:55:57.322  INFO     RX        /ERR/LOKO/0x00000002
11:55:57.322  INFO     RX        /ERR/LOKO/0x00000002
11:55:57.338  INFO     RX        /ERR/LOKO/0x00000002
11:55:57.354  INFO     RX        /ERR/LOKO/0x00000002
11:55:57.370  INFO     RX        /ERR/LOKO/0x00000002
11:55:57.370  INFO     RX        /ERR/LOKO/0x00000002
11:55:57.386  INFO     RX        /ERR/LOKO/0x00000002
11:55:57.402  INFO     RX        /ERR/LOKO/0x00000002
11:55:57.402  INFO     RX        /ERR/LOKO/0x00000002
11:55:57.418  INFO     RX        /ERR/LOKO/0x00000002
11:55:57.434  INFO     RX        /ERR/LOKO/0x00000002
11:55:57.451  INFO     RX        /ERR/LOKO/0x00000002
11:55:57.451  INFO     RX        /ERR/LOKO/0x00000002
11:55:57.467  INFO     RX        /ERR/LOKO/0x00000002
11:55:57.483  INFO     RX        /ERR/LOKO/0x00000002
11:55:57.496  DEBUG    TX /CONTROLL/0,0,0,-24,0,0,0,0,0
11:55:57.501  INFO     RX        /ERR/LOKO/0x00000002
11:55:57.502  INFO     RX        /ERR/LOKO/0x00000002
11:55:57.515  INFO     RX        /ERR/LOKO/0x00000002
11:55:57.532  INFO     RX        /ERR/LOKO/0x00000002
11:55:57.548  INFO     RX        /ERR/LOKO/0x00000002
11:55:57.693  INFO     RX        /ERR/LOKO/0x00000002
11:55:57.709  INFO     RX        /ERR/LOKO/0x00000002
11:55:57.709  INFO     RX        /ERR/LOKO/0x00000002
11:55:57.725  INFO     RX        /ERR/LOKO/0x00000002
11:55:57.741  INFO     RX        /ERR/LOKO/0x00000002
11:55:57.757  INFO     RX        /ERR/LOKO/0x00000002
11:55:57.757  INFO     RX        /ERR/LOKO/0x00000002
11:55:57.773  INFO     RX        /ERR/LOKO/0x00000002
11:55:57.788  INFO     RX        /ERR/LOKO/0x00000002
11:55:57.806  INFO     RX        /ERR/LOKO/0x00000002
11:55:57.806  INFO     RX        /ERR/LOKO/0x00000002
11:55:57.820  INFO     RX        /ERR/LOKO/0x00000002
11:55:57.837  INFO     RX        /ERR/LOKO/0x00000002
11:55:57.837  INFO     RX        /ERR/LOKO/0x00000002
11:55:57.853  INFO     RX        /ERR/LOKO/0x00000002
11:55:57.869  INFO     RX        /ERR/LOKO/0x00000002
11:55:57.885  INFO     RX        /ERR/LOKO/0x00000002
11:55:57.885  INFO     RX        /ERR/LOKO/0x00000002
11:55:57.901  INFO     RX        /ERR/LOKO/0x00000002
11:55:57.926  INFO     RX        /ERR/LOKO/0x00000002
11:55:57.927  INFO     RX        /ERR/LOKO/0x00000002
11:55:57.935  INFO     RX        /ERR/LOKO/0x00000002
11:55:57.951  INFO     RX        /ERR/LOKO/0x00000002
11:55:57.968  INFO     RX        /ERR/LOKO/0x00000002
11:55:57.982  INFO     RX        /ERR/LOKO/0x00000002
11:55:57.982  INFO     RX        /ERR/LOKO/0x00000002
11:55:57.998  INFO     RX        /ERR/LOKO/0x00000002
11:55:58.015  INFO     RX        /ERR/LOKO/0x00000002
11:55:58.015  INFO     RX        /ERR/LOKO/0x00000002
11:55:58.033  INFO     RX        /ERR/LOKO/0x00000002
11:55:58.174  INFO     RX        /ERR/LOKO/0x00000002
11:55:58.190  INFO     RX        /ERR/LOKO/0x00000002
11:55:58.191  INFO     RX        /ERR/LOKO/0x00000002
11:55:58.206  INFO     RX        /ERR/LOKO/0x00000002
11:55:58.222  INFO     RX        /ERR/LOKO/0x00000002
11:55:58.239  INFO     RX        /ERR/LOKO/0x00000002
11:55:58.239  INFO     RX        /ERR/LOKO/0x00000002
11:55:58.255  INFO     RX        /ERR/LOKO/0x00000002
11:55:58.271  INFO     RX        /ERR/LOKO/0x00000002
11:55:58.271  INFO     RX        /ERR/LOKO/0x00000002
11:55:58.287  INFO     RX        /ERR/LOKO/0x00000002
11:55:58.300  DEBUG    TX /CONTROLL/0,0,0,-24,0,0,0,0,0
11:55:58.303  INFO     RX        /ERR/LOKO/0x00000002
11:55:58.319  INFO     RX        /ERR/LOKO/0x00000002
11:55:58.319  INFO     RX        /ERR/LOKO/0x00000002
11:55:58.335  INFO     RX        /ERR/LOKO/0x00000002
11:55:58.352  INFO     RX        /ERR/LOKO/0x00000002
11:55:58.369  INFO     RX        /ERR/LOKO/0x00000002
11:55:58.369  INFO     RX        /ERR/LOKO/0x00000002
11:55:58.386  INFO     RX        /ERR/LOKO/0x00000002
11:55:58.400  INFO     RX        /ERR/LOKO/0x00000002
11:55:58.416  INFO     RX        /ERR/LOKO/0x00000002
11:55:58.416  INFO     RX        /ERR/LOKO/0x00000002
11:55:58.433  INFO     RX        /ERR/LOKO/0x00000002
11:55:58.449  INFO     RX        /ERR/LOKO/0x00000002
11:55:58.449  INFO     RX        /ERR/LOKO/0x00000002
11:55:58.466  INFO     RX        /ERR/LOKO/0x00000002
11:55:58.481  INFO     RX        /ERR/LOKO/0x00000002
11:55:58.496  INFO     RX        /ERR/LOKO/0x00000002
11:55:58.496  INFO     RX        /ERR/LOKO/0x00000002
11:55:58.512  INFO     RX        /ERR/LOKO/0x00000002
11:55:58.528  INFO     RX        /ERR/LOKO/0x00000002
11:55:58.545  INFO     RX        /ERR/LOKO/0x00000002
11:55:58.545  INFO     RX        /ERR/LOKO/0x00000002
11:55:58.560  INFO     RX        /ERR/LOKO/0x00000002
11:55:58.576  INFO     RX        /ERR/LOKO/0x00000002
11:55:58.592  INFO     RX        /ERR/LOKO/0x00000002
11:55:58.592  INFO     RX        /ERR/LOKO/0x00000002
11:55:58.608  INFO     RX        /ERR/LOKO/0x00000002
11:55:58.624  INFO     RX        /ERR/LOKO/0x00000002
11:55:58.640  INFO     RX        /ERR/LOKO/0x00000002
11:55:58.640  INFO     RX        /ERR/LOKO/0x00000002
11:55:58.656  INFO     RX        /ERR/LOKO/0x00000002
11:55:58.720  INFO     RX        /ERR/LOKO/0x00000002
11:55:58.737  INFO     RX        /ERR/LOKO/0x00000002
11:55:58.753  INFO     RX        /ERR/LOKO/0x00000002
11:55:58.769  INFO     RX        /ERR/LOKO/0x00000002
11:55:58.769  INFO     RX        /ERR/LOKO/0x00000002
11:55:58.784  INFO     RX        /ERR/LOKO/0x00000002
11:55:58.801  INFO     RX        /ERR/LOKO/0x00000002
11:55:58.818  INFO     RX        /ERR/LOKO/0x00000002
11:55:58.818  INFO     RX        /ERR/LOKO/0x00000002
11:55:58.833  INFO     RX        /ERR/LOKO/0x00000002
11:55:58.850  INFO     RX        /ERR/LOKO/0x00000002
11:55:58.850  INFO     RX        /ERR/LOKO/0x00000002
11:55:58.866  INFO     RX        /ERR/LOKO/0x00000002
11:55:58.903  INFO     RX        /ERR/LOKO/0x00000002
11:55:58.903  INFO     RX        /ERR/LOKO/0x00000002
11:55:58.903  INFO     RX        /ERR/LOKO/0x00000002
11:55:58.909  INFO     RX        /ERR/LOKO/0x00000002
11:55:58.919  INFO     RX        /ERR/LOKO/0x00000002
11:55:58.945  INFO     RX        /ERR/LOKO/0x00000002
11:55:58.945  INFO     RX        /ERR/LOKO/0x00000002
11:55:58.961  INFO     RX        /ERR/LOKO/0x00000002
11:55:58.977  INFO     RX        /ERR/LOKO/0x00000002
11:55:58.993  INFO     RX        /ERR/LOKO/0x00000002
11:55:58.993  INFO     RX        /ERR/LOKO/0x00000002
11:55:59.009  INFO     RX        /ERR/LOKO/0x00000002
11:55:59.025  INFO     RX        /ERR/LOKO/0x00000002
11:55:59.041  INFO     RX        /ERR/LOKO/0x00000002
11:55:59.041  INFO     RX        /ERR/LOKO/0x00000002
11:55:59.057  INFO     RX        /ERR/LOKO/0x00000002
11:55:59.073  INFO     RX        /ERR/LOKO/0x00000002
11:55:59.089  INFO     RX        /ERR/LOKO/0x00000002
11:55:59.089  INFO     RX        /ERR/LOKO/0x00000002
11:55:59.103  DEBUG    TX /CONTROLL/0,0,0,-24,0,0,0,0,0
11:55:59.105  INFO     RX        /ERR/LOKO/0x00000002
11:55:59.121  INFO     RX        /ERR/LOKO/0x00000002
11:55:59.138  INFO     RX        /ERR/LOKO/0x00000002
11:55:59.138  INFO     RX        /ERR/LOKO/0x00000002
11:55:59.154  INFO     RX        /ERR/LOKO/0x00000002
11:55:59.170  INFO     RX        /ERR/LOKO/0x00000002
11:55:59.170  INFO     RX        /ERR/LOKO/0x00000002
11:55:59.281  INFO     RX        /ERR/LOKO/0x00000002
11:55:59.281  INFO     RX        /ERR/LOKO/0x00000002
11:55:59.281  INFO     RX        /ERR/LOKO/0x00000002
11:55:59.347  INFO     RX        /ERR/LOKO/0x00000002
11:55:59.364  INFO     RX        /ERR/LOKO/0x00000002
11:55:59.380  INFO     RX        /ERR/LOKO/0x00000002
11:55:59.380  INFO     RX        /ERR/LOKO/0x00000002
11:55:59.394  INFO     RX        /ERR/LOKO/0x00000002
11:55:59.411  INFO     RX        /ERR/LOKO/0x00000002
11:55:59.426  INFO     RX        /ERR/LOKO/0x00000002
11:55:59.426  INFO     RX        /ERR/LOKO/0x00000002
11:55:59.443  INFO     RX        /ERR/LOKO/0x00000002
11:55:59.459  INFO     RX        /ERR/LOKO/0x00000002
11:55:59.475  INFO     RX        /ERR/LOKO/0x00000002
11:55:59.475  INFO     RX        /ERR/LOKO/0x00000002
11:55:59.491  INFO     RX        /ERR/LOKO/0x00000002
11:55:59.507  INFO     RX        /ERR/LOKO/0x00000002
11:55:59.523  INFO     RX        /ERR/LOKO/0x00000002
11:55:59.524  INFO     RX        /ERR/LOKO/0x00000002
11:55:59.540  INFO     RX        /ERR/LOKO/0x00000002
11:55:59.556  INFO     RX        /ERR/LOKO/0x00000002
11:55:59.556  INFO     RX        /ERR/LOKO/0x00000002
11:55:59.573  INFO     RX        /ERR/LOKO/0x00000002
11:55:59.588  INFO     RX        /ERR/LOKO/0x00000002
11:55:59.604  INFO     RX        /ERR/LOKO/0x00000002
11:55:59.604  INFO     RX        /ERR/LOKO/0x00000002
11:55:59.621  INFO     RX        /ERR/LOKO/0x00000002
11:55:59.637  INFO     RX        /ERR/LOKO/0x00000002
11:55:59.653  INFO     RX        /ERR/LOKO/0x00000002
11:55:59.653  INFO     RX        /ERR/LOKO/0x00000002
11:55:59.669  INFO     RX        /ERR/LOKO/0x00000002
11:55:59.685  INFO     RX        /ERR/LOKO/0x00000002
11:55:59.701  INFO     RX        /ERR/LOKO/0x00000002
11:55:59.701  INFO     RX        /ERR/LOKO/0x00000002
11:55:59.847  INFO     RX        /ERR/LOKO/0x00000002
11:55:59.863  INFO     RX        /ERR/LOKO/0x00000002
11:55:59.863  INFO     RX        /ERR/LOKO/0x00000002
11:55:59.878  INFO     RX        /ERR/LOKO/0x00000002
11:55:59.894  INFO     RX        /ERR/LOKO/0x00000002
11:55:59.907  DEBUG    TX /CONTROLL/0,0,0,-24,0,0,0,0,0
11:55:59.910  INFO     RX        /ERR/LOKO/0x00000002
11:55:59.910  INFO     RX        /ERR/LOKO/0x00000002
11:55:59.925  INFO     RX        /ERR/LOKO/0x00000002
11:55:59.942  INFO     RX        /ERR/LOKO/0x00000002
11:55:59.958  INFO     RX        /ERR/LOKO/0x00000002
11:55:59.958  INFO     RX        /ERR/LOKO/0x00000002
11:55:59.974  INFO     RX        /ERR/LOKO/0x00000002
11:55:59.990  INFO     RX        /ERR/LOKO/0x00000002
11:56:00.006  INFO     RX        /ERR/LOKO/0x00000002
11:56:00.006  INFO     RX        /ERR/LOKO/0x00000002
11:56:00.022  INFO     RX        /ERR/LOKO/0x00000002
11:56:00.038  INFO     RX        /ERR/LOKO/0x00000002
11:56:00.039  INFO     RX        /ERR/LOKO/0x00000002
11:56:00.056  INFO     RX        /ERR/LOKO/0x00000002
11:56:00.071  INFO     RX        /ERR/LOKO/0x00000002
11:56:00.087  INFO     RX        /ERR/LOKO/0x00000002
11:56:00.087  INFO     RX        /ERR/LOKO/0x00000002
11:56:00.102  INFO     RX        /ERR/LOKO/0x00000002
11:56:00.119  INFO     RX        /ERR/LOKO/0x00000002
11:56:00.136  INFO     RX        /ERR/LOKO/0x00000002
11:56:00.136  INFO     RX        /ERR/LOKO/0x00000002
11:56:00.152  INFO     RX        /ERR/LOKO/0x00000002
11:56:00.168  INFO     RX        /ERR/LOKO/0x00000002
11:56:00.168  INFO     RX        /ERR/LOKO/0x00000002
11:56:00.185  INFO     RX        /ERR/LOKO/0x00000002
11:56:00.200  INFO     RX        /ERR/LOKO/0x00000002
11:56:00.216  INFO     RX        /ERR/LOKO/0x00000002
11:56:00.216  INFO     RX        /ERR/LOKO/0x00000002
11:56:00.232  INFO     RX        /ERR/LOKO/0x00000002
11:56:00.248  INFO     RX        /ERR/LOKO/0x00000002
11:56:00.265  INFO     RX        /ERR/LOKO/0x00000002
11:56:00.265  INFO     RX        /ERR/LOKO/0x00000002
11:56:00.281  INFO     RX        /ERR/LOKO/0x00000002
11:56:00.297  INFO     RX        /ERR/LOKO/0x00000002
11:56:00.312  INFO     RX        /ERR/LOKO/0x00000002
11:56:00.312  INFO     RX        /ERR/LOKO/0x00000002
11:56:00.392  INFO     RX        /ERR/LOKO/0x00000002
11:56:00.409  INFO     RX        /ERR/LOKO/0x00000002
11:56:00.425  INFO     RX        /ERR/LOKO/0x00000002
11:56:00.441  INFO     RX        /ERR/LOKO/0x00000002
11:56:00.441  INFO     RX        /ERR/LOKO/0x00000002
11:56:00.457  INFO     RX        /ERR/LOKO/0x00000002
11:56:00.473  INFO     RX        /ERR/LOKO/0x00000002
11:56:00.490  INFO     RX        /ERR/LOKO/0x00000002
11:56:00.490  INFO     RX        /ERR/LOKO/0x00000002
11:56:00.505  INFO     RX        /ERR/LOKO/0x00000002
11:56:00.522  INFO     RX        /ERR/LOKO/0x00000002
11:56:00.522  INFO     RX        /ERR/LOKO/0x00000002
11:56:00.537  INFO     RX        /ERR/LOKO/0x00000002
11:56:00.553  INFO     RX        /ERR/LOKO/0x00000002
11:56:00.569  INFO     RX        /ERR/LOKO/0x00000002
11:56:00.569  INFO     RX        /ERR/LOKO/0x00000002
11:56:00.585  INFO     RX        /ERR/LOKO/0x00000002
11:56:00.602  INFO     RX        /ERR/LOKO/0x00000002
11:56:00.617  INFO     RX        /ERR/LOKO/0x00000002
11:56:00.617  INFO     RX        /ERR/LOKO/0x00000002
11:56:00.633  INFO     RX        /ERR/LOKO/0x00000002
11:56:00.649  INFO     RX        /ERR/LOKO/0x00000002
11:56:00.666  INFO     RX        /ERR/LOKO/0x00000002
11:56:00.666  INFO     RX        /ERR/LOKO/0x00000002
11:56:00.682  INFO     RX        /ERR/LOKO/0x00000002
11:56:00.699  INFO     RX        /ERR/LOKO/0x00000002
11:56:00.699  INFO     RX        /ERR/LOKO/0x00000002
11:56:00.711  DEBUG    TX /CONTROLL/0,0,0,-24,0,0,0,0,0
11:56:00.715  INFO     RX        /ERR/LOKO/0x00000002
11:56:00.731  INFO     RX        /ERR/LOKO/0x00000002
11:56:00.746  INFO     RX        /ERR/LOKO/0x00000002
11:56:00.746  INFO     RX        /ERR/LOKO/0x00000002
11:56:00.764  INFO     RX        /ERR/LOKO/0x00000002
11:56:00.779  INFO     RX        /ERR/LOKO/0x00000002
11:56:00.794  INFO     RX        /ERR/LOKO/0x00000002
11:56:00.794  INFO     RX        /ERR/LOKO/0x00000002
11:56:00.810  INFO     RX        /ERR/LOKO/0x00000002
11:56:00.826  INFO     RX        /ERR/LOKO/0x00000002
11:56:00.842  INFO     RX        /ERR/LOKO/0x00000002
11:56:00.842  INFO     RX        /ERR/LOKO/0x00000002
11:56:00.861  INFO     RX        /ERR/LOKO/0x00000002
11:56:00.874  INFO     RX        /ERR/LOKO/0x00000002
11:56:00.890  INFO     RX        /ERR/LOKO/0x00000002
11:56:01.020  INFO     RX        /ERR/LOKO/0x00000002
11:56:01.035  INFO     RX        /ERR/LOKO/0x00000002
11:56:01.050  INFO     RX        /ERR/LOKO/0x00000002
11:56:01.050  INFO     RX        /ERR/LOKO/0x00000002
11:56:01.069  INFO     RX        /ERR/LOKO/0x00000002
11:56:01.083  INFO     RX        /ERR/LOKO/0x00000002
11:56:01.099  INFO     RX        /ERR/LOKO/0x00000002
11:56:01.099  INFO     RX        /ERR/LOKO/0x00000002
11:56:01.115  INFO     RX        /ERR/LOKO/0x00000002
11:56:01.132  INFO     RX        /ERR/LOKO/0x00000002
11:56:01.149  INFO     RX        /ERR/LOKO/0x00000002
11:56:01.149  INFO     RX        /ERR/LOKO/0x00000002
11:56:01.165  INFO     RX        /ERR/LOKO/0x00000002
11:56:01.181  INFO     RX        /ERR/LOKO/0x00000002
11:56:01.181  INFO     RX        /ERR/LOKO/0x00000002
11:56:01.197  INFO     RX        /ERR/LOKO/0x00000002
11:56:01.213  INFO     RX        /ERR/LOKO/0x00000002
11:56:01.229  INFO     RX        /ERR/LOKO/0x00000002
11:56:01.229  INFO     RX        /ERR/LOKO/0x00000002
11:56:01.245  INFO     RX        /ERR/LOKO/0x00000002
11:56:01.261  INFO     RX        /ERR/LOKO/0x00000002
11:56:01.277  INFO     RX        /ERR/LOKO/0x00000002
11:56:01.277  INFO     RX        /ERR/LOKO/0x00000002
11:56:01.293  INFO     RX        /ERR/LOKO/0x00000002
11:56:01.309  INFO     RX        /ERR/LOKO/0x00000002
11:56:01.326  INFO     RX        /ERR/LOKO/0x00000002
11:56:01.326  INFO     RX        /ERR/LOKO/0x00000002
11:56:01.342  INFO     RX        /ERR/LOKO/0x00000002
11:56:01.359  INFO     RX        /ERR/LOKO/0x00000002
11:56:01.359  INFO     RX        /ERR/LOKO/0x00000002
11:56:01.504  INFO     RX        /ERR/LOKO/0x00000002
11:56:01.518  DEBUG    TX /CONTROLL/0,0,0,-24,0,0,0,0,0
11:56:01.521  INFO     RX        /ERR/LOKO/0x00000002
11:56:01.538  INFO     RX        /ERR/LOKO/0x00000002
11:56:01.538  INFO     RX        /ERR/LOKO/0x00000002
11:56:01.553  INFO     RX        /ERR/LOKO/0x00000002
11:56:01.570  INFO     RX        /ERR/LOKO/0x00000002
11:56:01.570  INFO     RX        /ERR/LOKO/0x00000002
11:56:01.585  INFO     RX        /ERR/LOKO/0x00000002
11:56:01.602  INFO     RX        /ERR/LOKO/0x00000002
11:56:01.617  INFO     RX        /ERR/LOKO/0x00000002
11:56:01.617  INFO     RX        /ERR/LOKO/0x00000002
11:56:01.633  INFO     RX        /ERR/LOKO/0x00000002
11:56:01.649  INFO     RX        /ERR/LOKO/0x00000002
11:56:01.666  INFO     RX        /ERR/LOKO/0x00000002
11:56:01.666  INFO     RX        /ERR/LOKO/0x00000002
11:56:01.681  INFO     RX        /ERR/LOKO/0x00000002
11:56:01.697  INFO     RX        /ERR/LOKO/0x00000002
11:56:01.715  INFO     RX        /ERR/LOKO/0x00000002
11:56:01.715  INFO     RX        /ERR/LOKO/0x00000002
11:56:01.729  INFO     RX        /ERR/LOKO/0x00000002
11:56:01.746  INFO     RX        /ERR/LOKO/0x00000002
11:56:01.746  INFO     RX        /ERR/LOKO/0x00000002
11:56:01.762  INFO     RX        /ERR/LOKO/0x00000002
11:56:01.778  INFO     RX        /ERR/LOKO/0x00000002
11:56:01.794  INFO     RX        /ERR/LOKO/0x00000002
11:56:01.794  INFO     RX        /ERR/LOKO/0x00000002
11:56:01.810  INFO     RX        /ERR/LOKO/0x00000002
11:56:01.826  INFO     RX        /ERR/LOKO/0x00000002
11:56:01.842  INFO     RX        /ERR/LOKO/0x00000002
11:56:01.842  INFO     RX        /ERR/LOKO/0x00000002
11:56:01.858  INFO     RX        /ERR/LOKO/0x00000002
11:56:01.874  INFO     RX        /ERR/LOKO/0x00000002
11:56:01.890  INFO     RX        /ERR/LOKO/0x00000002
11:56:01.891  INFO     RX        /ERR/LOKO/0x00000002
11:56:01.906  INFO     RX        /ERR/LOKO/0x00000002
11:56:01.923  INFO     RX        /ERR/LOKO/0x00000002
11:56:01.923  INFO     RX        /ERR/LOKO/0x00000002
11:56:01.939  INFO     RX        /ERR/LOKO/0x00000002
11:56:01.955  INFO     RX        /ERR/LOKO/0x00000002
11:56:01.971  INFO     RX        /ERR/LOKO/0x00000002
11:56:01.972  INFO     RX        /ERR/LOKO/0x00000002
11:56:01.988  INFO     RX        /ERR/LOKO/0x00000002
11:56:02.052  INFO     RX        /ERR/LOKO/0x00000002
11:56:02.068  INFO     RX        /ERR/LOKO/0x00000002
11:56:02.086  INFO     RX        /ERR/LOKO/0x00000002
11:56:02.101  INFO     RX        /ERR/LOKO/0x00000002
11:56:02.101  INFO     RX        /ERR/LOKO/0x00000002
11:56:02.116  INFO     RX        /ERR/LOKO/0x00000002
11:56:02.133  INFO     RX        /ERR/LOKO/0x00000002
11:56:02.148  INFO     RX        /ERR/LOKO/0x00000002
11:56:02.148  INFO     RX        /ERR/LOKO/0x00000002
11:56:02.164  INFO     RX        /ERR/LOKO/0x00000002
11:56:02.181  INFO     RX        /ERR/LOKO/0x00000002
11:56:02.197  INFO     RX        /ERR/LOKO/0x00000002
11:56:02.198  INFO     RX        /ERR/LOKO/0x00000002
11:56:02.213  INFO     RX        /ERR/LOKO/0x00000002
11:56:02.230  INFO     RX        /ERR/LOKO/0x00000002
11:56:02.230  INFO     RX        /ERR/LOKO/0x00000002
11:56:02.246  INFO     RX        /ERR/LOKO/0x00000002
11:56:02.262  INFO     RX        /ERR/LOKO/0x00000002
11:56:02.277  INFO     RX        /ERR/LOKO/0x00000002
11:56:02.277  INFO     RX        /ERR/LOKO/0x00000002
11:56:02.294  INFO     RX        /ERR/LOKO/0x00000002
11:56:02.310  INFO     RX        /ERR/LOKO/0x00000002
11:56:02.323  DEBUG    TX /CONTROLL/0,0,0,-24,0,0,0,0,0
11:56:02.326  INFO     RX        /ERR/LOKO/0x00000002
11:56:02.326  INFO     RX        /ERR/LOKO/0x00000002
11:56:02.342  INFO     RX        /ERR/LOKO/0x00000002
11:56:02.357  INFO     RX        /ERR/LOKO/0x00000002
11:56:02.374  INFO     RX        /ERR/LOKO/0x00000002
11:56:02.374  INFO     RX        /ERR/LOKO/0x00000002
11:56:02.390  INFO     RX        /ERR/LOKO/0x00000002
11:56:02.406  INFO     RX        /ERR/LOKO/0x00000002
11:56:02.406  INFO     RX        /ERR/LOKO/0x00000002
11:56:02.421  INFO     RX        /ERR/LOKO/0x00000002
11:56:02.438  INFO     RX        /ERR/LOKO/0x00000002
11:56:02.455  INFO     RX        /ERR/LOKO/0x00000002
11:56:02.455  INFO     RX        /ERR/LOKO/0x00000002
11:56:02.471  INFO     RX        /ERR/LOKO/0x00000002
11:56:02.487  INFO     RX        /ERR/LOKO/0x00000002
11:56:02.503  INFO     RX        /ERR/LOKO/0x00000002
11:56:02.503  INFO     RX        /ERR/LOKO/0x00000002
11:56:02.520  INFO     RX        /ERR/LOKO/0x00000002
11:56:02.536  INFO     RX        /ERR/LOKO/0x00000002
11:56:02.536  INFO     RX        /ERR/LOKO/0x00000002
11:56:02.682  INFO     RX        /ERR/LOKO/0x00000002
11:56:02.699  INFO     RX        /ERR/LOKO/0x00000002
11:56:02.714  INFO     RX        /ERR/LOKO/0x00000002
11:56:02.714  INFO     RX        /ERR/LOKO/0x00000002
11:56:02.730  INFO     RX        /ERR/LOKO/0x00000002
11:56:02.746  INFO     RX        /ERR/LOKO/0x00000002
11:56:02.762  INFO     RX        /ERR/LOKO/0x00000002
11:56:02.762  INFO     RX        /ERR/LOKO/0x00000002
11:56:02.778  INFO     RX        /ERR/LOKO/0x00000002
11:56:02.794  INFO     RX        /ERR/LOKO/0x00000002
11:56:02.794  INFO     RX        /ERR/LOKO/0x00000002
11:56:02.810  INFO     RX        /ERR/LOKO/0x00000002
11:56:02.826  INFO     RX        /ERR/LOKO/0x00000002
11:56:02.843  INFO     RX        /ERR/LOKO/0x00000002
11:56:02.843  INFO     RX        /ERR/LOKO/0x00000002
11:56:02.859  INFO     RX        /ERR/LOKO/0x00000002
11:56:02.875  INFO     RX        /ERR/LOKO/0x00000002
11:56:02.892  INFO     RX        /ERR/LOKO/0x00000002
11:56:02.892  INFO     RX        /ERR/LOKO/0x00000002
11:56:02.908  INFO     RX        /ERR/LOKO/0x00000002
11:56:02.926  INFO     RX        /ERR/LOKO/0x00000002
11:56:02.926  INFO     RX        /ERR/LOKO/0x00000002
11:56:02.941  INFO     RX        /ERR/LOKO/0x00000002
11:56:02.959  INFO     RX        /ERR/LOKO/0x00000002
11:56:02.972  INFO     RX        /ERR/LOKO/0x00000002
11:56:02.972  INFO     RX        /ERR/LOKO/0x00000002
11:56:02.989  INFO     RX        /ERR/LOKO/0x00000002
11:56:03.005  INFO     RX        /ERR/LOKO/0x00000002
11:56:03.022  INFO     RX        /ERR/LOKO/0x00000002
11:56:03.022  INFO     RX        /ERR/LOKO/0x00000002
11:56:03.038  INFO     RX        /ERR/LOKO/0x00000002
11:56:03.131  DEBUG    TX /CONTROLL/0,0,0,-24,0,0,0,0,0
11:56:03.182  INFO     RX        /ERR/LOKO/0x00000002
11:56:03.198  INFO     RX        /ERR/LOKO/0x00000002
11:56:03.198  INFO     RX        /ERR/LOKO/0x00000002
11:56:03.214  INFO     RX        /ERR/LOKO/0x00000002
11:56:03.230  INFO     RX        /ERR/LOKO/0x00000002
11:56:03.230  INFO     RX        /ERR/LOKO/0x00000002
11:56:03.247  INFO     RX        /ERR/LOKO/0x00000002
11:56:03.263  INFO     RX        /ERR/LOKO/0x00000002
11:56:03.279  INFO     RX        /ERR/LOKO/0x00000002
11:56:03.279  INFO     RX        /ERR/LOKO/0x00000002
11:56:03.295  INFO     RX        /ERR/LOKO/0x00000002
11:56:03.312  INFO     RX        /ERR/LOKO/0x00000002
11:56:03.312  INFO     RX        /ERR/LOKO/0x00000002
11:56:03.328  INFO     RX        /ERR/LOKO/0x00000002
11:56:03.345  INFO     RX        /ERR/LOKO/0x00000002
11:56:03.360  INFO     RX        /ERR/LOKO/0x00000002
11:56:03.360  INFO     RX        /ERR/LOKO/0x00000002
11:56:03.378  INFO     RX        /ERR/LOKO/0x00000002
11:56:03.393  INFO     RX        /ERR/LOKO/0x00000002
11:56:03.409  INFO     RX        /ERR/LOKO/0x00000002
11:56:03.409  INFO     RX        /ERR/LOKO/0x00000002
11:56:03.425  INFO     RX        /ERR/LOKO/0x00000002
11:56:03.442  INFO     RX        /ERR/LOKO/0x00000002
11:56:03.442  INFO     RX        /ERR/LOKO/0x00000002
11:56:03.457  INFO     RX        /ERR/LOKO/0x00000002
11:56:03.474  INFO     RX        /ERR/LOKO/0x00000002
11:56:03.491  INFO     RX        /ERR/LOKO/0x00000002
11:56:03.491  INFO     RX        /ERR/LOKO/0x00000002
11:56:03.506  INFO     RX        /ERR/LOKO/0x00000002
11:56:03.521  INFO     RX        /ERR/LOKO/0x00000002
11:56:03.538  INFO     RX        /ERR/LOKO/0x00000002
11:56:03.538  INFO     RX        /ERR/LOKO/0x00000002
11:56:03.554  INFO     RX        /ERR/LOKO/0x00000002
11:56:03.570  INFO     RX        /ERR/LOKO/0x00000002
11:56:03.586  INFO     RX        /ERR/LOKO/0x00000002
11:56:03.586  INFO     RX        /ERR/LOKO/0x00000002
11:56:03.601  INFO     RX        /ERR/LOKO/0x00000002
11:56:03.618  INFO     RX        /ERR/LOKO/0x00000002
11:56:03.636  INFO     RX        /ERR/LOKO/0x00000002
11:56:03.636  INFO     RX        /ERR/LOKO/0x00000002
11:56:03.650  INFO     RX        /ERR/LOKO/0x00000002
11:56:03.666  INFO     RX        /ERR/LOKO/0x00000002
11:56:03.730  INFO     RX        /ERR/LOKO/0x00000002
11:56:03.747  INFO     RX        /ERR/LOKO/0x00000002
11:56:03.763  INFO     RX        /ERR/LOKO/0x00000002
11:56:03.763  INFO     RX        /ERR/LOKO/0x00000002
11:56:03.779  INFO     RX        /ERR/LOKO/0x00000002
11:56:03.795  INFO     RX        /ERR/LOKO/0x00000002
11:56:03.795  INFO     RX        /ERR/LOKO/0x00000002
11:56:03.812  INFO     RX        /ERR/LOKO/0x00000002
11:56:03.828  INFO     RX        /ERR/LOKO/0x00000002
11:56:03.844  INFO     RX        /ERR/LOKO/0x00000002
11:56:03.937  DEBUG    TX /CONTROLL/0,0,0,0,0,0,0,0,0
11:56:04.744  DEBUG    TX /CONTROLL/0,0,0,0,0,0,0,0,0
11:56:05.361  INFO     RX        /ERR/LOKO/0x00000002
11:56:05.378  INFO     RX        /ERR/LOKO/0x00000002
11:56:05.378  INFO     RX        /ERR/LOKO/0x00000002
11:56:05.393  INFO     RX        /ERR/LOKO/0x00000002
11:56:05.409  INFO     RX        /ERR/LOKO/0x00000002
11:56:05.425  INFO     RX        /ERR/LOKO/0x00000002
11:56:05.425  INFO     RX        /ERR/LOKO/0x00000002
11:56:05.441  INFO     RX        /ERR/LOKO/0x00000002
11:56:05.457  INFO     RX        /ERR/LOKO/0x00000002
11:56:05.473  INFO     RX        /ERR/LOKO/0x00000002
11:56:05.473  INFO     RX        /ERR/LOKO/0x00000002
11:56:05.490  INFO     RX        /ERR/LOKO/0x00000002
11:56:05.506  INFO     RX        /ERR/LOKO/0x00000002
11:56:05.506  INFO     RX        /ERR/LOKO/0x00000002
11:56:05.522  INFO     RX        /ERR/LOKO/0x00000002
11:56:05.538  INFO     RX        /ERR/LOKO/0x00000002
11:56:05.551  DEBUG    TX /CONTROLL/0,0,0,-29,0,0,0,0,0
11:56:05.554  INFO     RX        /ERR/LOKO/0x00000002
11:56:05.554  INFO     RX        /ERR/LOKO/0x00000002
11:56:05.571  INFO     RX        /ERR/LOKO/0x00000002
11:56:05.587  INFO     RX        /ERR/LOKO/0x00000002
11:56:05.603  INFO     RX        /ERR/LOKO/0x00000002
11:56:05.603  INFO     RX        /ERR/LOKO/0x00000002
11:56:05.621  INFO     RX        /ERR/LOKO/0x00000002
11:56:05.636  INFO     RX        /ERR/LOKO/0x00000002
11:56:05.652  INFO     RX        /ERR/LOKO/0x00000002
11:56:05.652  INFO     RX        /ERR/LOKO/0x00000002
11:56:05.733  INFO     RX        /ERR/LOKO/0x00000002
11:56:05.748  INFO     RX        /ERR/LOKO/0x00000002
11:56:05.764  INFO     RX        /ERR/LOKO/0x00000002
11:56:05.780  INFO     RX        /ERR/LOKO/0x00000002
11:56:05.780  INFO     RX        /ERR/LOKO/0x00000002
11:56:05.796  INFO     RX        /ERR/LOKO/0x00000002
11:56:05.812  INFO     RX        /ERR/LOKO/0x00000002
11:56:05.812  INFO     RX        /ERR/LOKO/0x00000002
11:56:05.829  INFO     RX        /ERR/LOKO/0x00000002
11:56:05.845  INFO     RX        /ERR/LOKO/0x00000002
11:56:05.861  INFO     RX        /ERR/LOKO/0x00000002
11:56:05.861  INFO     RX        /ERR/LOKO/0x00000002
11:56:05.875  INFO     RX        /ERR/LOKO/0x00000002
11:56:05.892  INFO     RX        /ERR/LOKO/0x00000002
11:56:05.908  INFO     RX        /ERR/LOKO/0x00000002
11:56:05.908  INFO     RX        /ERR/LOKO/0x00000002
11:56:05.925  INFO     RX        /ERR/LOKO/0x00000002
11:56:05.940  INFO     RX        /ERR/LOKO/0x00000002
11:56:05.956  INFO     RX        /ERR/LOKO/0x00000002
11:56:05.956  INFO     RX        /ERR/LOKO/0x00000002
11:56:05.973  INFO     RX        /ERR/LOKO/0x00000002
11:56:05.988  INFO     RX        /ERR/LOKO/0x00000002
11:56:06.003  INFO     RX        /ERR/LOKO/0x00000002
11:56:06.004  INFO     RX        /ERR/LOKO/0x00000002
11:56:06.020  INFO     RX        /ERR/LOKO/0x00000002
11:56:06.036  INFO     RX        /ERR/LOKO/0x00000002
11:56:06.036  INFO     RX        /ERR/LOKO/0x00000002
11:56:06.053  INFO     RX        /ERR/LOKO/0x00000002
11:56:06.069  INFO     RX        /ERR/LOKO/0x00000002
11:56:06.085  INFO     RX        /ERR/LOKO/0x00000002
11:56:06.086  INFO     RX        /ERR/LOKO/0x00000002
11:56:06.101  INFO     RX        /ERR/LOKO/0x00000002
11:56:06.118  INFO     RX        /ERR/LOKO/0x00000002
11:56:06.134  INFO     RX        /ERR/LOKO/0x00000002
11:56:06.134  INFO     RX        /ERR/LOKO/0x00000002
11:56:06.150  INFO     RX        /ERR/LOKO/0x00000002
11:56:06.166  INFO     RX        /ERR/LOKO/0x00000002
11:56:06.166  INFO     RX        /ERR/LOKO/0x00000002
11:56:06.183  INFO     RX        /ERR/LOKO/0x00000002
11:56:06.199  INFO     RX        /ERR/LOKO/0x00000002
11:56:06.215  INFO     RX        /ERR/LOKO/0x00000002
11:56:06.215  INFO     RX        /ERR/LOKO/0x00000002
11:56:06.232  INFO     RX        /ERR/LOKO/0x00000002
11:56:06.247  INFO     RX        /ERR/LOKO/0x00000002
11:56:06.263  INFO     RX        /ERR/LOKO/0x00000002
11:56:06.263  INFO     RX        /ERR/LOKO/0x00000002
11:56:06.279  INFO     RX        /ERR/LOKO/0x00000002
11:56:06.294  INFO     RX        /ERR/LOKO/0x00000002
11:56:06.310  INFO     RX        /ERR/LOKO/0x00000002
11:56:06.311  INFO     RX        /ERR/LOKO/0x00000002
11:56:06.327  INFO     RX        /ERR/LOKO/0x00000002
11:56:06.343  INFO     RX        /ERR/LOKO/0x00000002
11:56:06.356  DEBUG    TX /CONTROLL/0,0,0,-28,0,0,0,0,0
11:56:06.359  INFO     RX        /ERR/LOKO/0x00000002
11:56:06.359  INFO     RX        /ERR/LOKO/0x00000002
11:56:06.456  INFO     RX        /ERR/LOKO/0x00000002
11:56:06.472  INFO     RX        /ERR/LOKO/0x00000002
11:56:06.490  INFO     RX        /ERR/LOKO/0x00000002
11:56:06.490  INFO     RX        /ERR/LOKO/0x00000002
11:56:06.505  INFO     RX        /ERR/LOKO/0x00000002
11:56:06.521  INFO     RX        /ERR/LOKO/0x00000002
11:56:06.521  INFO     RX        /ERR/LOKO/0x00000002
11:56:06.537  INFO     RX        /ERR/LOKO/0x00000002
11:56:06.552  INFO     RX        /ERR/LOKO/0x00000002
11:56:06.569  INFO     RX        /ERR/LOKO/0x00000002
11:56:06.569  INFO     RX        /ERR/LOKO/0x00000002
11:56:06.585  INFO     RX        /ERR/LOKO/0x00000002
11:56:06.601  INFO     RX        /ERR/LOKO/0x00000002
11:56:06.616  INFO     RX        /ERR/LOKO/0x00000002
11:56:06.617  INFO     RX        /ERR/LOKO/0x00000002
11:56:06.633  INFO     RX        /ERR/LOKO/0x00000002
11:56:06.649  INFO     RX        /ERR/LOKO/0x00000002
11:56:06.649  INFO     RX        /ERR/LOKO/0x00000002
11:56:06.666  INFO     RX        /ERR/LOKO/0x00000002
11:56:06.682  INFO     RX        /ERR/LOKO/0x00000002
11:56:06.698  INFO     RX        /ERR/LOKO/0x00000002
11:56:06.698  INFO     RX        /ERR/LOKO/0x00000002
11:56:06.714  INFO     RX        /ERR/LOKO/0x00000002
11:56:06.730  INFO     RX        /ERR/LOKO/0x00000002
11:56:06.746  INFO     RX        /ERR/LOKO/0x00000002
11:56:06.746  INFO     RX        /ERR/LOKO/0x00000002
11:56:06.762  INFO     RX        /ERR/LOKO/0x00000002
11:56:06.778  INFO     RX        /ERR/LOKO/0x00000002
11:56:06.794  INFO     RX        /ERR/LOKO/0x00000002
11:56:06.794  INFO     RX        /ERR/LOKO/0x00000002
11:56:06.810  INFO     RX        /ERR/LOKO/0x00000002
11:56:06.826  INFO     RX        /ERR/LOKO/0x00000002
11:56:06.826  INFO     RX        /ERR/LOKO/0x00000002
11:56:06.842  INFO     RX        /ERR/LOKO/0x00000002
11:56:06.858  INFO     RX        /ERR/LOKO/0x00000002
11:56:06.874  INFO     RX        /ERR/LOKO/0x00000002
11:56:06.874  INFO     RX        /ERR/LOKO/0x00000002
11:56:06.891  INFO     RX        /ERR/LOKO/0x00000002
11:56:06.907  INFO     RX        /ERR/LOKO/0x00000002
11:56:06.921  INFO     RX        /ERR/LOKO/0x00000002
11:56:06.922  INFO     RX        /ERR/LOKO/0x00000002
11:56:06.938  INFO     RX        /ERR/LOKO/0x00000002
11:56:06.954  INFO     RX        /ERR/LOKO/0x00000002
11:56:06.970  INFO     RX        /ERR/LOKO/0x00000002
11:56:06.970  INFO     RX        /ERR/LOKO/0x00000002
11:56:06.986  INFO     RX        /ERR/LOKO/0x00000002
11:56:07.002  INFO     RX        /ERR/LOKO/0x00000002
11:56:07.017  INFO     RX        /ERR/LOKO/0x00000002
11:56:07.017  INFO     RX        /ERR/LOKO/0x00000002
11:56:07.033  INFO     RX        /ERR/LOKO/0x00000002
11:56:07.050  INFO     RX        /ERR/LOKO/0x00000002
11:56:07.066  INFO     RX        /ERR/LOKO/0x00000002
11:56:07.066  INFO     RX        /ERR/LOKO/0x00000002
11:56:07.082  INFO     RX        /ERR/LOKO/0x00000002
11:56:07.159  DEBUG    TX /CONTROLL/0,0,0,-28,0,0,0,0,0
11:56:07.180  INFO     RX        /ERR/LOKO/0x00000002
11:56:07.196  INFO     RX        /ERR/LOKO/0x00000002
11:56:07.196  INFO     RX        /ERR/LOKO/0x00000002
11:56:07.210  INFO     RX        /ERR/LOKO/0x00000002
11:56:07.227  INFO     RX        /ERR/LOKO/0x00000002
11:56:07.227  INFO     RX        /ERR/LOKO/0x00000002
11:56:07.243  INFO     RX        /ERR/LOKO/0x00000002
11:56:07.258  INFO     RX        /ERR/LOKO/0x00000002
11:56:07.274  INFO     RX        /ERR/LOKO/0x00000002
11:56:07.289  INFO     RX        /ERR/LOKO/0x00000002
11:56:07.290  INFO     RX        /ERR/LOKO/0x00000002
11:56:07.306  INFO     RX        /ERR/LOKO/0x00000002
11:56:07.323  INFO     RX        /ERR/LOKO/0x00000002
11:56:07.323  INFO     RX        /ERR/LOKO/0x00000002
11:56:07.339  INFO     RX        /ERR/LOKO/0x00000002
11:56:07.355  INFO     RX        /ERR/LOKO/0x00000002
11:56:07.372  INFO     RX        /ERR/LOKO/0x00000002
11:56:07.372  INFO     RX        /ERR/LOKO/0x00000002
11:56:07.387  INFO     RX        /ERR/LOKO/0x00000002
11:56:07.403  INFO     RX        /ERR/LOKO/0x00000002
11:56:07.420  INFO     RX        /ERR/LOKO/0x00000002
11:56:07.420  INFO     RX        /ERR/LOKO/0x00000002
11:56:07.436  INFO     RX        /ERR/LOKO/0x00000002
11:56:07.452  INFO     RX        /ERR/LOKO/0x00000002
11:56:07.452  INFO     RX        /ERR/LOKO/0x00000002
11:56:07.468  INFO     RX        /ERR/LOKO/0x00000002
11:56:07.483  INFO     RX        /ERR/LOKO/0x00000002
11:56:07.500  INFO     RX        /ERR/LOKO/0x00000002
11:56:07.500  INFO     RX        /ERR/LOKO/0x00000002
11:56:07.516  INFO     RX        /ERR/LOKO/0x00000002
11:56:07.532  INFO     RX        /ERR/LOKO/0x00000002
11:56:07.548  INFO     RX        /ERR/LOKO/0x00000002
11:56:07.548  INFO     RX        /ERR/LOKO/0x00000002
11:56:07.565  INFO     RX        /ERR/LOKO/0x00000002
11:56:07.580  INFO     RX        /ERR/LOKO/0x00000002
11:56:07.597  INFO     RX        /ERR/LOKO/0x00000002
11:56:07.597  INFO     RX        /ERR/LOKO/0x00000002
11:56:07.613  INFO     RX        /ERR/LOKO/0x00000002
11:56:07.629  INFO     RX        /ERR/LOKO/0x00000002
11:56:07.645  INFO     RX        /ERR/LOKO/0x00000002
11:56:07.645  INFO     RX        /ERR/LOKO/0x00000002
11:56:07.660  INFO     RX        /ERR/LOKO/0x00000002
11:56:07.676  INFO     RX        /ERR/LOKO/0x00000002
11:56:07.676  INFO     RX        /ERR/LOKO/0x00000002
11:56:07.692  INFO     RX        /ERR/LOKO/0x00000002
11:56:07.708  INFO     RX        /ERR/LOKO/0x00000002
11:56:07.726  INFO     RX        /ERR/LOKO/0x00000002
11:56:07.726  INFO     RX        /ERR/LOKO/0x00000002
11:56:07.741  INFO     RX        /ERR/LOKO/0x00000002
11:56:07.758  INFO     RX        /ERR/LOKO/0x00000002
11:56:07.774  INFO     RX        /ERR/LOKO/0x00000002
11:56:07.774  INFO     RX        /ERR/LOKO/0x00000002
11:56:07.790  INFO     RX        /ERR/LOKO/0x00000002
11:56:07.886  INFO     RX        /ERR/LOKO/0x00000002
11:56:07.902  INFO     RX        /ERR/LOKO/0x00000002
11:56:07.902  INFO     RX        /ERR/LOKO/0x00000002
11:56:07.919  INFO     RX        /ERR/LOKO/0x00000002
11:56:07.935  INFO     RX        /ERR/LOKO/0x00000002
11:56:07.935  INFO     RX        /ERR/LOKO/0x00000002
11:56:07.952  INFO     RX        /ERR/LOKO/0x00000002
11:56:07.964  DEBUG    TX /CONTROLL/0,0,0,-28,0,0,0,0,0
11:56:07.968  INFO     RX        /ERR/LOKO/0x00000002
11:56:07.984  INFO     RX        /ERR/LOKO/0x00000002
11:56:07.984  INFO     RX        /ERR/LOKO/0x00000002
11:56:08.000  INFO     RX        /ERR/LOKO/0x00000002
11:56:08.016  INFO     RX        /ERR/LOKO/0x00000002
11:56:08.032  INFO     RX        /ERR/LOKO/0x00000002
11:56:08.032  INFO     RX        /ERR/LOKO/0x00000002
11:56:08.048  INFO     RX        /ERR/LOKO/0x00000002
11:56:08.065  INFO     RX        /ERR/LOKO/0x00000002
11:56:08.065  INFO     RX        /ERR/LOKO/0x00000002
11:56:08.080  INFO     RX        /ERR/LOKO/0x00000002
11:56:08.096  INFO     RX        /ERR/LOKO/0x00000002
11:56:08.112  INFO     RX        /ERR/LOKO/0x00000002
11:56:08.112  INFO     RX        /ERR/LOKO/0x00000002
11:56:08.130  INFO     RX        /ERR/LOKO/0x00000002
11:56:08.145  INFO     RX        /ERR/LOKO/0x00000002
11:56:08.161  INFO     RX        /ERR/LOKO/0x00000002
11:56:08.161  INFO     RX        /ERR/LOKO/0x00000002
11:56:08.177  INFO     RX        /ERR/LOKO/0x00000002
11:56:08.193  INFO     RX        /ERR/LOKO/0x00000002
11:56:08.210  INFO     RX        /ERR/LOKO/0x00000002
11:56:08.210  INFO     RX        /ERR/LOKO/0x00000002
11:56:08.226  INFO     RX        /ERR/LOKO/0x00000002
11:56:08.242  INFO     RX        /ERR/LOKO/0x00000002
11:56:08.242  INFO     RX        /ERR/LOKO/0x00000002
11:56:08.258  INFO     RX        /ERR/LOKO/0x00000002
11:56:08.274  INFO     RX        /ERR/LOKO/0x00000002
11:56:08.290  INFO     RX        /ERR/LOKO/0x00000002
11:56:08.290  INFO     RX        /ERR/LOKO/0x00000002
11:56:08.308  INFO     RX        /ERR/LOKO/0x00000002
11:56:08.322  INFO     RX        /ERR/LOKO/0x00000002
11:56:08.339  INFO     RX        /ERR/LOKO/0x00000002
11:56:08.339  INFO     RX        /ERR/LOKO/0x00000002
11:56:08.356  INFO     RX        /ERR/LOKO/0x00000002
11:56:08.371  INFO     RX        /ERR/LOKO/0x00000002
11:56:08.387  INFO     RX        /ERR/LOKO/0x00000002
11:56:08.387  INFO     RX        /ERR/LOKO/0x00000002
11:56:08.403  INFO     RX        /ERR/LOKO/0x00000002
11:56:08.423  INFO     RX        /ERR/LOKO/0x00000002
11:56:08.423  INFO     RX        /ERR/LOKO/0x00000002
11:56:08.435  INFO     RX        /ERR/LOKO/0x00000002
11:56:08.451  INFO     RX        /ERR/LOKO/0x00000002
11:56:08.468  INFO     RX        /ERR/LOKO/0x00000002
11:56:08.468  INFO     RX        /ERR/LOKO/0x00000002
11:56:08.486  INFO     RX        /ERR/LOKO/0x00000002
11:56:08.501  INFO     RX        /ERR/LOKO/0x00000002
11:56:08.517  INFO     RX        /ERR/LOKO/0x00000002
11:56:08.623  INFO     RX        /ERR/LOKO/0x00000002
11:56:08.623  INFO     RX        /ERR/LOKO/0x00000002
11:56:08.623  INFO     RX        /ERR/LOKO/0x00000002
11:56:08.631  INFO     RX        /ERR/LOKO/0x00000002
11:56:08.645  INFO     RX        /ERR/LOKO/0x00000002
11:56:08.662  INFO     RX        /ERR/LOKO/0x00000002
11:56:08.678  INFO     RX        /ERR/LOKO/0x00000002
11:56:08.694  INFO     RX        /ERR/LOKO/0x00000002
11:56:08.694  INFO     RX        /ERR/LOKO/0x00000002
11:56:08.711  INFO     RX        /ERR/LOKO/0x00000002
11:56:08.725  INFO     RX        /ERR/LOKO/0x00000002
11:56:08.726  INFO     RX        /ERR/LOKO/0x00000002
11:56:08.742  INFO     RX        /ERR/LOKO/0x00000002
11:56:08.758  INFO     RX        /ERR/LOKO/0x00000002
11:56:08.771  DEBUG    TX /CONTROLL/0,0,0,0,0,0,0,0,0
11:56:09.575  DEBUG    TX /CONTROLL/0,0,0,0,0,0,0,0,0
11:56:09.904  INFO     RX        /ERR/LOKO/0x00000002
11:56:09.920  INFO     RX        /ERR/LOKO/0x00000002
11:56:09.920  INFO     RX        /ERR/LOKO/0x00000002
11:56:09.936  INFO     RX        /ERR/LOKO/0x00000002
11:56:09.952  INFO     RX        /ERR/LOKO/0x00000002
11:56:09.968  INFO     RX        /ERR/LOKO/0x00000002
11:56:09.968  INFO     RX        /ERR/LOKO/0x00000002
11:56:09.984  INFO     RX        /ERR/LOKO/0x00000002
11:56:10.000  INFO     RX        /ERR/LOKO/0x00000002
11:56:10.016  INFO     RX        /ERR/LOKO/0x00000002
11:56:10.016  INFO     RX        /ERR/LOKO/0x00000002
11:56:10.032  INFO     RX        /ERR/LOKO/0x00000002
11:56:10.048  INFO     RX        /ERR/LOKO/0x00000002
11:56:10.065  INFO     RX        /ERR/LOKO/0x00000002
11:56:10.065  INFO     RX        /ERR/LOKO/0x00000002
11:56:10.081  INFO     RX        /ERR/LOKO/0x00000002
11:56:10.097  INFO     RX        /ERR/LOKO/0x00000002
11:56:10.097  INFO     RX        /ERR/LOKO/0x00000002
11:56:10.113  INFO     RX        /ERR/LOKO/0x00000002
11:56:10.129  INFO     RX        /ERR/LOKO/0x00000002
11:56:10.144  INFO     RX        /ERR/LOKO/0x00000002
11:56:10.144  INFO     RX        /ERR/LOKO/0x00000002
11:56:10.370  INFO     RX        /ERR/LOKO/0x00000002
11:56:10.384  DEBUG    TX /CONTROLL/0,0,0,-16,0,0,0,0,0
11:56:10.387  INFO     RX        /ERR/LOKO/0x00000002
11:56:10.403  INFO     RX        /ERR/LOKO/0x00000002
11:56:10.403  INFO     RX        /ERR/LOKO/0x00000002
11:56:10.419  INFO     RX        /ERR/LOKO/0x00000002
11:56:10.435  INFO     RX        /ERR/LOKO/0x00000002
11:56:10.451  INFO     RX        /ERR/LOKO/0x00000002
11:56:10.451  INFO     RX        /ERR/LOKO/0x00000002
11:56:10.467  INFO     RX        /ERR/LOKO/0x00000002
11:56:10.483  INFO     RX        /ERR/LOKO/0x00000002
11:56:10.483  INFO     RX        /ERR/LOKO/0x00000002
11:56:10.500  INFO     RX        /ERR/LOKO/0x00000002
11:56:10.516  INFO     RX        /ERR/LOKO/0x00000002
11:56:10.532  INFO     RX        /ERR/LOKO/0x00000002
11:56:10.532  INFO     RX        /ERR/LOKO/0x00000002
11:56:10.547  INFO     RX        /ERR/LOKO/0x00000002
11:56:10.564  INFO     RX        /ERR/LOKO/0x00000002
11:56:10.580  INFO     RX        /ERR/LOKO/0x00000002
11:56:10.580  INFO     RX        /ERR/LOKO/0x00000002
11:56:10.596  INFO     RX        /ERR/LOKO/0x00000002
11:56:10.612  INFO     RX        /ERR/LOKO/0x00000002
11:56:10.612  INFO     RX        /ERR/LOKO/0x00000002
11:56:10.790  INFO     RX        /ERR/LOKO/0x00000002
11:56:10.806  INFO     RX        /ERR/LOKO/0x00000002
11:56:10.822  INFO     RX        /ERR/LOKO/0x00000002
11:56:10.823  INFO     RX        /ERR/LOKO/0x00000002
11:56:10.839  INFO     RX        /ERR/LOKO/0x00000002
11:56:10.855  INFO     RX        /ERR/LOKO/0x00000002
11:56:10.871  INFO     RX        /ERR/LOKO/0x00000002
11:56:10.871  INFO     RX        /ERR/LOKO/0x00000002
11:56:10.887  INFO     RX        /ERR/LOKO/0x00000002
11:56:10.903  INFO     RX        /ERR/LOKO/0x00000002
11:56:10.919  INFO     RX        /ERR/LOKO/0x00000002
11:56:10.920  INFO     RX        /ERR/LOKO/0x00000002
11:56:10.936  INFO     RX        /ERR/LOKO/0x00000002
11:56:10.952  INFO     RX        /ERR/LOKO/0x00000002
11:56:10.968  INFO     RX        /ERR/LOKO/0x00000002
11:56:10.968  INFO     RX        /ERR/LOKO/0x00000002
11:56:10.984  INFO     RX        /ERR/LOKO/0x00000002
11:56:11.000  INFO     RX        /ERR/LOKO/0x00000002
11:56:11.000  INFO     RX        /ERR/LOKO/0x00000002
11:56:11.017  INFO     RX        /ERR/LOKO/0x00000002
11:56:11.033  INFO     RX        /ERR/LOKO/0x00000002
11:56:11.049  INFO     RX        /ERR/LOKO/0x00000002
11:56:11.145  INFO     RX        /ERR/LOKO/0x00000002
11:56:11.161  INFO     RX        /ERR/LOKO/0x00000002
11:56:11.177  INFO     RX        /ERR/LOKO/0x00000002
11:56:11.177  INFO     RX        /ERR/LOKO/0x00000002
11:56:11.191  DEBUG    TX /CONTROLL/0,0,0,-17,0,0,0,0,0
11:56:11.194  INFO     RX        /ERR/LOKO/0x00000002
11:56:11.210  INFO     RX        /ERR/LOKO/0x00000002
11:56:11.226  INFO     RX        /ERR/LOKO/0x00000002
11:56:11.227  INFO     RX        /ERR/LOKO/0x00000002
11:56:11.243  INFO     RX        /ERR/LOKO/0x00000002
11:56:11.259  INFO     RX        /ERR/LOKO/0x00000002
11:56:11.260  INFO     RX        /ERR/LOKO/0x00000002
11:56:11.276  INFO     RX        /ERR/LOKO/0x00000002
11:56:11.292  INFO     RX        /ERR/LOKO/0x00000002
11:56:11.308  INFO     RX        /ERR/LOKO/0x00000002
11:56:11.308  INFO     RX        /ERR/LOKO/0x00000002
11:56:11.324  INFO     RX        /ERR/LOKO/0x00000002
11:56:11.341  INFO     RX        /ERR/LOKO/0x00000002
11:56:11.356  INFO     RX        /ERR/LOKO/0x00000002
11:56:11.356  INFO     RX        /ERR/LOKO/0x00000002
11:56:11.372  INFO     RX        /ERR/LOKO/0x00000002
11:56:11.388  INFO     RX        /ERR/LOKO/0x00000002
11:56:11.388  INFO     RX        /ERR/LOKO/0x00000002
11:56:11.486  INFO     RX        /ERR/LOKO/0x00000002
11:56:11.502  INFO     RX        /ERR/LOKO/0x00000002
11:56:11.518  INFO     RX        /ERR/LOKO/0x00000002
11:56:11.518  INFO     RX        /ERR/LOKO/0x00000002
11:56:11.534  INFO     RX        /ERR/LOKO/0x00000002
11:56:11.550  INFO     RX        /ERR/LOKO/0x00000002
11:56:11.566  INFO     RX        /ERR/LOKO/0x00000002
11:56:11.566  INFO     RX        /ERR/LOKO/0x00000002
11:56:11.583  INFO     RX        /ERR/LOKO/0x00000002
11:56:11.599  INFO     RX        /ERR/LOKO/0x00000002
11:56:11.599  INFO     RX        /ERR/LOKO/0x00000002
11:56:11.614  INFO     RX        /ERR/LOKO/0x00000002
11:56:11.629  INFO     RX        /ERR/LOKO/0x00000002
11:56:11.645  INFO     RX        /ERR/LOKO/0x00000002
11:56:11.646  INFO     RX        /ERR/LOKO/0x00000002
11:56:11.662  INFO     RX        /ERR/LOKO/0x00000002
11:56:11.678  INFO     RX        /ERR/LOKO/0x00000002
11:56:11.694  INFO     RX        /ERR/LOKO/0x00000002
11:56:11.694  INFO     RX        /ERR/LOKO/0x00000002
11:56:11.711  INFO     RX        /ERR/LOKO/0x00000002
11:56:11.727  INFO     RX        /ERR/LOKO/0x00000002
11:56:11.743  INFO     RX        /ERR/LOKO/0x00000002
11:56:11.887  INFO     RX        /ERR/LOKO/0x00000002
11:56:11.903  INFO     RX        /ERR/LOKO/0x00000002
11:56:11.904  INFO     RX        /ERR/LOKO/0x00000002
11:56:11.920  INFO     RX        /ERR/LOKO/0x00000002
11:56:11.936  INFO     RX        /ERR/LOKO/0x00000002
11:56:11.951  INFO     RX        /ERR/LOKO/0x00000002
11:56:11.951  INFO     RX        /ERR/LOKO/0x00000002
11:56:11.968  INFO     RX        /ERR/LOKO/0x00000002
11:56:11.984  INFO     RX        /ERR/LOKO/0x00000002
11:56:11.996  DEBUG    TX /CONTROLL/0,0,0,-17,0,0,0,0,0
11:56:11.999  INFO     RX        /ERR/LOKO/0x00000002
11:56:11.999  INFO     RX        /ERR/LOKO/0x00000002
11:56:12.016  INFO     RX        /ERR/LOKO/0x00000002
11:56:12.031  INFO     RX        /ERR/LOKO/0x00000002
11:56:12.049  INFO     RX        /ERR/LOKO/0x00000002
11:56:12.049  INFO     RX        /ERR/LOKO/0x00000002
11:56:12.064  INFO     RX        /ERR/LOKO/0x00000002
11:56:12.079  INFO     RX        /ERR/LOKO/0x00000002
11:56:12.079  INFO     RX        /ERR/LOKO/0x00000002
11:56:12.095  INFO     RX        /ERR/LOKO/0x00000002
11:56:12.112  INFO     RX        /ERR/LOKO/0x00000002
11:56:12.128  INFO     RX        /ERR/LOKO/0x00000002
11:56:12.336  INFO     RX        /ERR/LOKO/0x00000002
11:56:12.336  INFO     RX        /ERR/LOKO/0x00000002
11:56:12.352  INFO     RX        /ERR/LOKO/0x00000002
11:56:12.368  INFO     RX        /ERR/LOKO/0x00000002
11:56:12.385  INFO     RX        /ERR/LOKO/0x00000002
11:56:12.385  INFO     RX        /ERR/LOKO/0x00000002
11:56:12.401  INFO     RX        /ERR/LOKO/0x00000002
11:56:12.417  INFO     RX        /ERR/LOKO/0x00000002
11:56:12.433  INFO     RX        /ERR/LOKO/0x00000002
11:56:12.433  INFO     RX        /ERR/LOKO/0x00000002
11:56:12.449  INFO     RX        /ERR/LOKO/0x00000002
11:56:12.465  INFO     RX        /ERR/LOKO/0x00000002
11:56:12.465  INFO     RX        /ERR/LOKO/0x00000002
11:56:12.481  INFO     RX        /ERR/LOKO/0x00000002
11:56:12.498  INFO     RX        /ERR/LOKO/0x00000002
11:56:12.514  INFO     RX        /ERR/LOKO/0x00000002
11:56:12.514  INFO     RX        /ERR/LOKO/0x00000002
11:56:12.530  INFO     RX        /ERR/LOKO/0x00000002
11:56:12.546  INFO     RX        /ERR/LOKO/0x00000002
11:56:12.562  INFO     RX        /ERR/LOKO/0x00000002
11:56:12.562  INFO     RX        /ERR/LOKO/0x00000002
11:56:12.787  INFO     RX        /ERR/LOKO/0x00000002
11:56:12.787  INFO     RX        /ERR/LOKO/0x00000002
11:56:12.787  INFO     RX        /ERR/LOKO/0x00000002
11:56:12.801  DEBUG    TX /CONTROLL/0,0,0,-17,0,0,0,0,0
11:56:12.803  INFO     RX        /ERR/LOKO/0x00000002
11:56:12.820  INFO     RX        /ERR/LOKO/0x00000002
11:56:12.820  INFO     RX        /ERR/LOKO/0x00000002
11:56:12.837  INFO     RX        /ERR/LOKO/0x00000002
11:56:12.852  INFO     RX        /ERR/LOKO/0x00000002
11:56:12.852  INFO     RX        /ERR/LOKO/0x00000002
11:56:12.869  INFO     RX        /ERR/LOKO/0x00000002
11:56:12.885  INFO     RX        /ERR/LOKO/0x00000002
11:56:12.901  INFO     RX        /ERR/LOKO/0x00000002
11:56:12.901  INFO     RX        /ERR/LOKO/0x00000002
11:56:12.918  INFO     RX        /ERR/LOKO/0x00000002
11:56:12.934  INFO     RX        /ERR/LOKO/0x00000002
11:56:12.950  INFO     RX        /ERR/LOKO/0x00000002
11:56:12.950  INFO     RX        /ERR/LOKO/0x00000002
11:56:12.966  INFO     RX        /ERR/LOKO/0x00000002
11:56:12.982  INFO     RX        /ERR/LOKO/0x00000002
11:56:13.000  INFO     RX        /ERR/LOKO/0x00000002
11:56:13.000  INFO     RX        /ERR/LOKO/0x00000002
11:56:13.158  INFO     RX        /ERR/LOKO/0x00000002
11:56:13.175  INFO     RX        /ERR/LOKO/0x00000002
11:56:13.192  INFO     RX        /ERR/LOKO/0x00000002
11:56:13.206  INFO     RX        /ERR/LOKO/0x00000002
11:56:13.206  INFO     RX        /ERR/LOKO/0x00000002
11:56:13.223  INFO     RX        /ERR/LOKO/0x00000002
11:56:13.239  INFO     RX        /ERR/LOKO/0x00000002
11:56:13.239  INFO     RX        /ERR/LOKO/0x00000002
11:56:13.255  INFO     RX        /ERR/LOKO/0x00000002
11:56:13.271  INFO     RX        /ERR/LOKO/0x00000002
11:56:13.287  INFO     RX        /ERR/LOKO/0x00000002
11:56:13.287  INFO     RX        /ERR/LOKO/0x00000002
11:56:13.303  INFO     RX        /ERR/LOKO/0x00000002
11:56:13.319  INFO     RX        /ERR/LOKO/0x00000002
11:56:13.336  INFO     RX        /ERR/LOKO/0x00000002
11:56:13.337  INFO     RX        /ERR/LOKO/0x00000002
11:56:13.351  INFO     RX        /ERR/LOKO/0x00000002
11:56:13.367  INFO     RX        /ERR/LOKO/0x00000002
11:56:13.383  INFO     RX        /ERR/LOKO/0x00000002
11:56:13.383  INFO     RX        /ERR/LOKO/0x00000002
11:56:13.400  INFO     RX        /ERR/LOKO/0x00000002
11:56:13.510  INFO     RX        /ERR/LOKO/0x00000002
11:56:13.511  INFO     RX        /ERR/LOKO/0x00000002
11:56:13.527  INFO     RX        /ERR/LOKO/0x00000002
11:56:13.544  INFO     RX        /ERR/LOKO/0x00000002
11:56:13.561  INFO     RX        /ERR/LOKO/0x00000002
11:56:13.561  INFO     RX        /ERR/LOKO/0x00000002
11:56:13.575  INFO     RX        /ERR/LOKO/0x00000002
11:56:13.593  INFO     RX        /ERR/LOKO/0x00000002
11:56:13.593  INFO     RX        /ERR/LOKO/0x00000002
11:56:13.605  DEBUG    TX /CONTROLL/0,0,0,-17,0,0,0,0,0
11:56:13.608  INFO     RX        /ERR/LOKO/0x00000002
11:56:13.623  INFO     RX        /ERR/LOKO/0x00000002
11:56:13.640  INFO     RX        /ERR/LOKO/0x00000002
11:56:13.640  INFO     RX        /ERR/LOKO/0x00000002
11:56:13.656  INFO     RX        /ERR/LOKO/0x00000002
11:56:13.671  INFO     RX        /ERR/LOKO/0x00000002
11:56:13.688  INFO     RX        /ERR/LOKO/0x00000002
11:56:13.688  INFO     RX        /ERR/LOKO/0x00000002
11:56:13.703  INFO     RX        /ERR/LOKO/0x00000002
11:56:13.720  INFO     RX        /ERR/LOKO/0x00000002
11:56:13.736  INFO     RX        /ERR/LOKO/0x00000002
11:56:13.736  INFO     RX        /ERR/LOKO/0x00000002
11:56:13.848  INFO     RX        /ERR/LOKO/0x00000002
11:56:13.864  INFO     RX        /ERR/LOKO/0x00000002
11:56:13.864  INFO     RX        /ERR/LOKO/0x00000002
11:56:13.881  INFO     RX        /ERR/LOKO/0x00000002
11:56:13.897  INFO     RX        /ERR/LOKO/0x00000002
11:56:13.913  INFO     RX        /ERR/LOKO/0x00000002
11:56:13.913  INFO     RX        /ERR/LOKO/0x00000002
11:56:13.929  INFO     RX        /ERR/LOKO/0x00000002
11:56:13.946  INFO     RX        /ERR/LOKO/0x00000002
11:56:13.946  INFO     RX        /ERR/LOKO/0x00000002
11:56:13.961  INFO     RX        /ERR/LOKO/0x00000002
11:56:13.978  INFO     RX        /ERR/LOKO/0x00000002
11:56:13.993  INFO     RX        /ERR/LOKO/0x00000002
11:56:13.993  INFO     RX        /ERR/LOKO/0x00000002
11:56:14.009  INFO     RX        /ERR/LOKO/0x00000002
11:56:14.026  INFO     RX        /ERR/LOKO/0x00000002
11:56:14.041  INFO     RX        /ERR/LOKO/0x00000002
11:56:14.041  INFO     RX        /ERR/LOKO/0x00000002
11:56:14.057  INFO     RX        /ERR/LOKO/0x00000002
11:56:14.073  INFO     RX        /ERR/LOKO/0x00000002
11:56:14.089  INFO     RX        /ERR/LOKO/0x00000002
11:56:14.235  INFO     RX        /ERR/LOKO/0x00000002
11:56:14.252  INFO     RX        /ERR/LOKO/0x00000002
11:56:14.252  INFO     RX        /ERR/LOKO/0x00000002
11:56:14.268  INFO     RX        /ERR/LOKO/0x00000002
11:56:14.284  INFO     RX        /ERR/LOKO/0x00000002
11:56:14.285  INFO     RX        /ERR/LOKO/0x00000002
11:56:14.301  INFO     RX        /ERR/LOKO/0x00000002
11:56:14.316  INFO     RX        /ERR/LOKO/0x00000002
11:56:14.333  INFO     RX        /ERR/LOKO/0x00000002
11:56:14.333  INFO     RX        /ERR/LOKO/0x00000002
11:56:14.348  INFO     RX        /ERR/LOKO/0x00000002
11:56:14.364  INFO     RX        /ERR/LOKO/0x00000002
11:56:14.381  INFO     RX        /ERR/LOKO/0x00000002
11:56:14.381  INFO     RX        /ERR/LOKO/0x00000002
11:56:14.397  INFO     RX        /ERR/LOKO/0x00000002
11:56:14.410  DEBUG    TX /CONTROLL/0,0,0,-17,0,0,0,0,0
11:56:14.413  INFO     RX        /ERR/LOKO/0x00000002
11:56:14.429  INFO     RX        /ERR/LOKO/0x00000002
11:56:14.429  INFO     RX        /ERR/LOKO/0x00000002
11:56:14.445  INFO     RX        /ERR/LOKO/0x00000002
11:56:14.460  INFO     RX        /ERR/LOKO/0x00000002
11:56:14.477  INFO     RX        /ERR/LOKO/0x00000002
11:56:14.477  INFO     RX        /ERR/LOKO/0x00000002
11:56:14.686  INFO     RX        /ERR/LOKO/0x00000002
11:56:14.686  INFO     RX        /ERR/LOKO/0x00000002
11:56:14.702  INFO     RX        /ERR/LOKO/0x00000002
11:56:14.718  INFO     RX        /ERR/LOKO/0x00000002
11:56:14.718  INFO     RX        /ERR/LOKO/0x00000002
11:56:14.734  INFO     RX        /ERR/LOKO/0x00000002
11:56:14.750  INFO     RX        /ERR/LOKO/0x00000002
11:56:14.766  INFO     RX        /ERR/LOKO/0x00000002
11:56:14.767  INFO     RX        /ERR/LOKO/0x00000002
11:56:14.782  INFO     RX        /ERR/LOKO/0x00000002
11:56:14.798  INFO     RX        /ERR/LOKO/0x00000002
11:56:14.815  INFO     RX        /ERR/LOKO/0x00000002
11:56:14.815  INFO     RX        /ERR/LOKO/0x00000002
11:56:14.831  INFO     RX        /ERR/LOKO/0x00000002
11:56:14.847  INFO     RX        /ERR/LOKO/0x00000002
11:56:14.863  INFO     RX        /ERR/LOKO/0x00000002
11:56:14.863  INFO     RX        /ERR/LOKO/0x00000002
11:56:14.879  INFO     RX        /ERR/LOKO/0x00000002
11:56:14.895  INFO     RX        /ERR/LOKO/0x00000002
11:56:14.912  INFO     RX        /ERR/LOKO/0x00000002
11:56:14.925  INFO     RX        /ERR/LOKO/0x00000002
11:56:15.122  INFO     RX        /ERR/LOKO/0x00000002
11:56:15.138  INFO     RX        /ERR/LOKO/0x00000002
11:56:15.154  INFO     RX        /ERR/LOKO/0x00000002
11:56:15.154  INFO     RX        /ERR/LOKO/0x00000002
11:56:15.171  INFO     RX        /ERR/LOKO/0x00000002
11:56:15.185  INFO     RX        /ERR/LOKO/0x00000002
11:56:15.202  INFO     RX        /ERR/LOKO/0x00000002
11:56:15.202  INFO     RX        /ERR/LOKO/0x00000002
11:56:15.215  DEBUG    TX /CONTROLL/0,0,0,-17,0,0,0,0,0
11:56:15.218  INFO     RX        /ERR/LOKO/0x00000002
11:56:15.234  INFO     RX        /ERR/LOKO/0x00000002
11:56:15.235  INFO     RX        /ERR/LOKO/0x00000002
11:56:15.250  INFO     RX        /ERR/LOKO/0x00000002
11:56:15.267  INFO     RX        /ERR/LOKO/0x00000002
11:56:15.283  INFO     RX        /ERR/LOKO/0x00000002
11:56:15.283  INFO     RX        /ERR/LOKO/0x00000002
11:56:15.299  INFO     RX        /ERR/LOKO/0x00000002
11:56:15.315  INFO     RX        /ERR/LOKO/0x00000002
11:56:15.331  INFO     RX        /ERR/LOKO/0x00000002
11:56:15.331  INFO     RX        /ERR/LOKO/0x00000002
11:56:15.348  INFO     RX        /ERR/LOKO/0x00000002
11:56:15.363  INFO     RX        /ERR/LOKO/0x00000002
11:56:15.508  INFO     RX        /ERR/LOKO/0x00000002
11:56:15.524  INFO     RX        /ERR/LOKO/0x00000002
11:56:15.540  INFO     RX        /ERR/LOKO/0x00000002
11:56:15.540  INFO     RX        /ERR/LOKO/0x00000002
11:56:15.556  INFO     RX        /ERR/LOKO/0x00000002
11:56:15.573  INFO     RX        /ERR/LOKO/0x00000002
11:56:15.589  INFO     RX        /ERR/LOKO/0x00000002
11:56:15.589  INFO     RX        /ERR/LOKO/0x00000002
11:56:15.605  INFO     RX        /ERR/LOKO/0x00000002
11:56:15.621  INFO     RX        /ERR/LOKO/0x00000002
11:56:15.637  INFO     RX        /ERR/LOKO/0x00000002
11:56:15.637  INFO     RX        /ERR/LOKO/0x00000002
11:56:15.654  INFO     RX        /ERR/LOKO/0x00000002
11:56:15.670  INFO     RX        /ERR/LOKO/0x00000002
11:56:15.670  INFO     RX        /ERR/LOKO/0x00000002
11:56:15.686  INFO     RX        /ERR/LOKO/0x00000002
11:56:15.702  INFO     RX        /ERR/LOKO/0x00000002
11:56:15.718  INFO     RX        /ERR/LOKO/0x00000002
11:56:15.718  INFO     RX        /ERR/LOKO/0x00000002
11:56:15.733  INFO     RX        /ERR/LOKO/0x00000002
11:56:15.749  INFO     RX        /ERR/LOKO/0x00000002
11:56:15.846  INFO     RX        /ERR/LOKO/0x00000002
11:56:15.863  INFO     RX        /ERR/LOKO/0x00000002
11:56:15.879  INFO     RX        /ERR/LOKO/0x00000002
11:56:15.898  INFO     RX        /ERR/LOKO/0x00000002
11:56:15.898  INFO     RX        /ERR/LOKO/0x00000002
11:56:15.911  INFO     RX        /ERR/LOKO/0x00000002
11:56:15.927  INFO     RX        /ERR/LOKO/0x00000002
11:56:15.927  INFO     RX        /ERR/LOKO/0x00000002
11:56:15.943  INFO     RX        /ERR/LOKO/0x00000002
11:56:15.959  INFO     RX        /ERR/LOKO/0x00000002
11:56:15.975  INFO     RX        /ERR/LOKO/0x00000002
11:56:15.975  INFO     RX        /ERR/LOKO/0x00000002
11:56:15.992  INFO     RX        /ERR/LOKO/0x00000002
11:56:16.009  INFO     RX        /ERR/LOKO/0x00000002
11:56:16.021  DEBUG    TX /CONTROLL/0,0,0,-17,0,0,0,0,0
11:56:16.024  INFO     RX        /ERR/LOKO/0x00000002
11:56:16.024  INFO     RX        /ERR/LOKO/0x00000002
11:56:16.040  INFO     RX        /ERR/LOKO/0x00000002
11:56:16.055  INFO     RX        /ERR/LOKO/0x00000002
11:56:16.072  INFO     RX        /ERR/LOKO/0x00000002
11:56:16.072  INFO     RX        /ERR/LOKO/0x00000002
11:56:16.088  INFO     RX        /ERR/LOKO/0x00000002
11:56:16.104  INFO     RX        /ERR/LOKO/0x00000002
11:56:16.200  INFO     RX        /ERR/LOKO/0x00000002
11:56:16.200  INFO     RX        /ERR/LOKO/0x00000002
11:56:16.216  INFO     RX        /ERR/LOKO/0x00000002
11:56:16.232  INFO     RX        /ERR/LOKO/0x00000002
11:56:16.248  INFO     RX        /ERR/LOKO/0x00000002
11:56:16.249  INFO     RX        /ERR/LOKO/0x00000002
11:56:16.265  INFO     RX        /ERR/LOKO/0x00000002
11:56:16.282  INFO     RX        /ERR/LOKO/0x00000002
11:56:16.282  INFO     RX        /ERR/LOKO/0x00000002
11:56:16.485  INFO     RX        /ERR/LOKO/0x00000002
11:56:16.485  INFO     RX        /ERR/LOKO/0x00000002
11:56:16.485  INFO     RX        /ERR/LOKO/0x00000002
11:56:16.485  INFO     RX        /ERR/LOKO/0x00000002
11:56:16.485  INFO     RX        /ERR/LOKO/0x00000002
11:56:16.485  INFO     RX        /ERR/LOKO/0x00000002
11:56:16.485  INFO     RX        /ERR/LOKO/0x00000002
11:56:16.485  INFO     RX        /ERR/LOKO/0x00000002
11:56:16.485  INFO     RX        /ERR/LOKO/0x00000002
11:56:16.485  INFO     RX        /ERR/LOKO/0x00000002
11:56:16.485  INFO     RX        /ERR/LOKO/0x00000002
11:56:16.485  INFO     RX        /ERR/LOKO/0x00000002
11:56:16.488  INFO     RX        /ERR/LOKO/0x00000002
11:56:16.586  INFO     RX        /ERR/LOKO/0x00000002
11:56:16.602  INFO     RX        /ERR/LOKO/0x00000002
11:56:16.618  INFO     RX        /ERR/LOKO/0x00000002
11:56:16.634  INFO     RX        /ERR/LOKO/0x00000002
11:56:16.634  INFO     RX        /ERR/LOKO/0x00000002
11:56:16.651  INFO     RX        /ERR/LOKO/0x00000002
11:56:16.666  INFO     RX        /ERR/LOKO/0x00000002
11:56:16.666  INFO     RX        /ERR/LOKO/0x00000002
11:56:16.683  INFO     RX        /ERR/LOKO/0x00000002
11:56:16.699  INFO     RX        /ERR/LOKO/0x00000002
11:56:16.715  INFO     RX        /ERR/LOKO/0x00000002
11:56:16.715  INFO     RX        /ERR/LOKO/0x00000002
11:56:16.731  INFO     RX        /ERR/LOKO/0x00000002
11:56:16.747  INFO     RX        /ERR/LOKO/0x00000002
11:56:16.763  INFO     RX        /ERR/LOKO/0x00000002
11:56:16.763  INFO     RX        /ERR/LOKO/0x00000002
11:56:16.778  INFO     RX        /ERR/LOKO/0x00000002
11:56:16.795  INFO     RX        /ERR/LOKO/0x00000002
11:56:16.811  INFO     RX        /ERR/LOKO/0x00000002
11:56:16.811  INFO     RX        /ERR/LOKO/0x00000002
11:56:16.824  DEBUG    TX /CONTROLL/0,0,0,-17,0,0,0,0,0
11:56:16.828  INFO     RX        /ERR/LOKO/0x00000002
11:56:17.038  INFO     RX        /ERR/LOKO/0x00000002
11:56:17.053  INFO     RX        /ERR/LOKO/0x00000002
11:56:17.053  INFO     RX        /ERR/LOKO/0x00000002
11:56:17.069  INFO     RX        /ERR/LOKO/0x00000002
11:56:17.085  INFO     RX        /ERR/LOKO/0x00000002
11:56:17.101  INFO     RX        /ERR/LOKO/0x00000002
11:56:17.101  INFO     RX        /ERR/LOKO/0x00000002
11:56:17.117  INFO     RX        /ERR/LOKO/0x00000002
11:56:17.132  INFO     RX        /ERR/LOKO/0x00000002
11:56:17.149  INFO     RX        /ERR/LOKO/0x00000002
11:56:17.149  INFO     RX        /ERR/LOKO/0x00000002
11:56:17.165  INFO     RX        /ERR/LOKO/0x00000002
11:56:17.182  INFO     RX        /ERR/LOKO/0x00000002
11:56:17.182  INFO     RX        /ERR/LOKO/0x00000002
11:56:17.198  INFO     RX        /ERR/LOKO/0x00000002
11:56:17.214  INFO     RX        /ERR/LOKO/0x00000002
11:56:17.231  INFO     RX        /ERR/LOKO/0x00000002
11:56:17.231  INFO     RX        /ERR/LOKO/0x00000002
11:56:17.246  INFO     RX        /ERR/LOKO/0x00000002
11:56:17.262  INFO     RX        /ERR/LOKO/0x00000002
11:56:17.278  INFO     RX        /ERR/LOKO/0x00000002
11:56:17.470  INFO     RX        /ERR/LOKO/0x00000002
11:56:17.486  INFO     RX        /ERR/LOKO/0x00000002
11:56:17.486  INFO     RX        /ERR/LOKO/0x00000002
11:56:17.502  INFO     RX        /ERR/LOKO/0x00000002
11:56:17.518  INFO     RX        /ERR/LOKO/0x00000002
11:56:17.533  INFO     RX        /ERR/LOKO/0x00000002
11:56:17.534  INFO     RX        /ERR/LOKO/0x00000002
11:56:17.550  INFO     RX        /ERR/LOKO/0x00000002
11:56:17.566  INFO     RX        /ERR/LOKO/0x00000002
11:56:17.582  INFO     RX        /ERR/LOKO/0x00000002
11:56:17.582  INFO     RX        /ERR/LOKO/0x00000002
11:56:17.598  INFO     RX        /ERR/LOKO/0x00000002
11:56:17.614  INFO     RX        /ERR/LOKO/0x00000002
11:56:17.627  DEBUG    TX /CONTROLL/0,0,0,-17,0,0,0,0,0
11:56:17.632  INFO     RX        /ERR/LOKO/0x00000002
11:56:17.632  INFO     RX        /ERR/LOKO/0x00000002
11:56:17.646  INFO     RX        /ERR/LOKO/0x00000002
11:56:17.662  INFO     RX        /ERR/LOKO/0x00000002
11:56:17.678  INFO     RX        /ERR/LOKO/0x00000002
11:56:17.678  INFO     RX        /ERR/LOKO/0x00000002
11:56:17.693  INFO     RX        /ERR/LOKO/0x00000002
11:56:17.710  INFO     RX        /ERR/LOKO/0x00000002
11:56:17.873  INFO     RX        /ERR/LOKO/0x00000002
11:56:17.888  INFO     RX        /ERR/LOKO/0x00000002
11:56:17.888  INFO     RX        /ERR/LOKO/0x00000002
11:56:17.905  INFO     RX        /ERR/LOKO/0x00000002
11:56:17.921  INFO     RX        /ERR/LOKO/0x00000002
11:56:17.921  INFO     RX        /ERR/LOKO/0x00000002
11:56:17.937  INFO     RX        /ERR/LOKO/0x00000002
11:56:17.952  INFO     RX        /ERR/LOKO/0x00000002
11:56:17.968  INFO     RX        /ERR/LOKO/0x00000002
11:56:17.968  INFO     RX        /ERR/LOKO/0x00000002
11:56:17.985  INFO     RX        /ERR/LOKO/0x00000002
11:56:18.001  INFO     RX        /ERR/LOKO/0x00000002
11:56:18.017  INFO     RX        /ERR/LOKO/0x00000002
11:56:18.017  INFO     RX        /ERR/LOKO/0x00000002
11:56:18.033  INFO     RX        /ERR/LOKO/0x00000002
11:56:18.049  INFO     RX        /ERR/LOKO/0x00000002
11:56:18.064  INFO     RX        /ERR/LOKO/0x00000002
11:56:18.065  INFO     RX        /ERR/LOKO/0x00000002
11:56:18.080  INFO     RX        /ERR/LOKO/0x00000002
11:56:18.097  INFO     RX        /ERR/LOKO/0x00000002
11:56:18.113  INFO     RX        /ERR/LOKO/0x00000002
11:56:18.209  INFO     RX        /ERR/LOKO/0x00000002
11:56:18.228  INFO     RX        /ERR/LOKO/0x00000002
11:56:18.228  INFO     RX        /ERR/LOKO/0x00000002
11:56:18.242  INFO     RX        /ERR/LOKO/0x00000002
11:56:18.259  INFO     RX        /ERR/LOKO/0x00000002
11:56:18.275  INFO     RX        /ERR/LOKO/0x00000002
11:56:18.275  INFO     RX        /ERR/LOKO/0x00000002
11:56:18.291  INFO     RX        /ERR/LOKO/0x00000002
11:56:18.306  INFO     RX        /ERR/LOKO/0x00000002
11:56:18.324  INFO     RX        /ERR/LOKO/0x00000002
11:56:18.324  INFO     RX        /ERR/LOKO/0x00000002
11:56:18.339  INFO     RX        /ERR/LOKO/0x00000002
11:56:18.355  INFO     RX        /ERR/LOKO/0x00000002
11:56:18.372  INFO     RX        /ERR/LOKO/0x00000002
11:56:18.373  INFO     RX        /ERR/LOKO/0x00000002
11:56:18.388  INFO     RX        /ERR/LOKO/0x00000002
11:56:18.403  INFO     RX        /ERR/LOKO/0x00000002
11:56:18.403  INFO     RX        /ERR/LOKO/0x00000002
11:56:18.420  INFO     RX        /ERR/LOKO/0x00000002
11:56:18.433  DEBUG    TX /CONTROLL/0,0,0,-17,0,0,0,0,0
11:56:18.436  INFO     RX        /ERR/LOKO/0x00000002
11:56:18.453  INFO     RX        /ERR/LOKO/0x00000002
11:56:18.549  INFO     RX        /ERR/LOKO/0x00000002
11:56:18.565  INFO     RX        /ERR/LOKO/0x00000002
11:56:18.582  INFO     RX        /ERR/LOKO/0x00000002
11:56:18.582  INFO     RX        /ERR/LOKO/0x00000002
11:56:18.597  INFO     RX        /ERR/LOKO/0x00000002
11:56:18.613  INFO     RX        /ERR/LOKO/0x00000002
11:56:18.629  INFO     RX        /ERR/LOKO/0x00000002
11:56:18.629  INFO     RX        /ERR/LOKO/0x00000002
11:56:18.645  INFO     RX        /ERR/LOKO/0x00000002
11:56:18.663  INFO     RX        /ERR/LOKO/0x00000002
11:56:18.663  INFO     RX        /ERR/LOKO/0x00000002
11:56:18.679  INFO     RX        /ERR/LOKO/0x00000002
11:56:18.695  INFO     RX        /ERR/LOKO/0x00000002
11:56:18.711  INFO     RX        /ERR/LOKO/0x00000002
11:56:18.711  INFO     RX        /ERR/LOKO/0x00000002
11:56:18.727  INFO     RX        /ERR/LOKO/0x00000002
11:56:18.744  INFO     RX        /ERR/LOKO/0x00000002
11:56:18.744  INFO     RX        /ERR/LOKO/0x00000002
11:56:18.760  INFO     RX        /ERR/LOKO/0x00000002
11:56:18.776  INFO     RX        /ERR/LOKO/0x00000002
11:56:18.792  INFO     RX        /ERR/LOKO/0x00000002
11:56:18.953  INFO     RX        /ERR/LOKO/0x00000002
11:56:18.969  INFO     RX        /ERR/LOKO/0x00000002
11:56:18.969  INFO     RX        /ERR/LOKO/0x00000002
11:56:18.985  INFO     RX        /ERR/LOKO/0x00000002
11:56:19.002  INFO     RX        /ERR/LOKO/0x00000002
11:56:19.002  INFO     RX        /ERR/LOKO/0x00000002
11:56:19.018  INFO     RX        /ERR/LOKO/0x00000002
11:56:19.033  INFO     RX        /ERR/LOKO/0x00000002
11:56:19.050  INFO     RX        /ERR/LOKO/0x00000002
11:56:19.050  INFO     RX        /ERR/LOKO/0x00000002
11:56:19.066  INFO     RX        /ERR/LOKO/0x00000002
11:56:19.083  INFO     RX        /ERR/LOKO/0x00000002
11:56:19.098  INFO     RX        /ERR/LOKO/0x00000002
11:56:19.099  INFO     RX        /ERR/LOKO/0x00000002
11:56:19.114  INFO     RX        /ERR/LOKO/0x00000002
11:56:19.131  INFO     RX        /ERR/LOKO/0x00000002
11:56:19.131  INFO     RX        /ERR/LOKO/0x00000002
11:56:19.147  INFO     RX        /ERR/LOKO/0x00000002
11:56:19.165  INFO     RX        /ERR/LOKO/0x00000002
11:56:19.180  INFO     RX        /ERR/LOKO/0x00000002
11:56:19.180  INFO     RX        /ERR/LOKO/0x00000002
11:56:19.242  DEBUG    TX /CONTROLL/0,0,0,-17,0,0,0,0,0
11:56:19.390  INFO     RX        /ERR/LOKO/0x00000002
11:56:19.390  INFO     RX        /ERR/LOKO/0x00000002
11:56:19.406  INFO     RX        /ERR/LOKO/0x00000002
11:56:19.423  INFO     RX        /ERR/LOKO/0x00000002
11:56:19.423  INFO     RX        /ERR/LOKO/0x00000002
11:56:19.438  INFO     RX        /ERR/LOKO/0x00000002
11:56:19.455  INFO     RX        /ERR/LOKO/0x00000002
11:56:19.471  INFO     RX        /ERR/LOKO/0x00000002
11:56:19.471  INFO     RX        /ERR/LOKO/0x00000002
11:56:19.489  INFO     RX        /ERR/LOKO/0x00000002
11:56:19.503  INFO     RX        /ERR/LOKO/0x00000002
11:56:19.519  INFO     RX        /ERR/LOKO/0x00000002
11:56:19.519  INFO     RX        /ERR/LOKO/0x00000002
11:56:19.535  INFO     RX        /ERR/LOKO/0x00000002
11:56:19.550  INFO     RX        /ERR/LOKO/0x00000002
11:56:19.567  INFO     RX        /ERR/LOKO/0x00000002
11:56:19.567  INFO     RX        /ERR/LOKO/0x00000002
11:56:19.584  INFO     RX        /ERR/LOKO/0x00000002
11:56:19.599  INFO     RX        /ERR/LOKO/0x00000002
11:56:19.615  INFO     RX        /ERR/LOKO/0x00000002
11:56:19.615  INFO     RX        /ERR/LOKO/0x00000002
11:56:19.823  INFO     RX        /ERR/LOKO/0x00000002
11:56:19.840  INFO     RX        /ERR/LOKO/0x00000002
11:56:19.856  INFO     RX        /ERR/LOKO/0x00000002
11:56:19.856  INFO     RX        /ERR/LOKO/0x00000002
11:56:19.872  INFO     RX        /ERR/LOKO/0x00000002
11:56:20.046  DEBUG    TX /CONTROLL/0,0,0,0,0,0,0,0,0
11:56:20.851  DEBUG    TX /CONTROLL/0,0,0,0,0,0,0,0,0
11:56:21.654  DEBUG    TX /CONTROLL/0,0,0,0,0,0,0,0,0
11:56:22.462  DEBUG    TX /CONTROLL/0,0,0,0,0,0,0,0,0
11:56:23.268  DEBUG    TX /CONTROLL/0,0,0,0,0,0,0,0,0
11:56:24.073  DEBUG    TX /CONTROLL/0,0,0,0,0,0,0,0,0
11:56:24.880  DEBUG    TX /CONTROLL/0,0,0,0,0,0,0,0,0
11:56:25.683  DEBUG    TX /CONTROLL/0,0,0,0,0,0,0,0,0
11:56:26.487  DEBUG    TX /CONTROLL/0,0,0,0,0,0,0,0,0
11:56:27.290  DEBUG    TX /CONTROLL/0,0,0,0,0,0,0,0,0
11:56:28.094  DEBUG    TX /CONTROLL/0,0,0,0,0,0,0,0,0
11:56:28.902  DEBUG    TX /CONTROLL/0,0,0,0,0,0,0,0,0
11:56:29.711  DEBUG    TX /CONTROLL/0,0,0,0,0,0,0,0,0
11:56:30.514  DEBUG    TX /CONTROLL/0,0,0,0,0,0,0,0,0
11:56:31.317  DEBUG    TX /CONTROLL/0,0,0,0,0,0,0,0,0
11:56:32.122  DEBUG    TX /CONTROLL/0,0,0,0,0,0,0,0,0
11:56:32.927  DEBUG    TX /CONTROLL/0,0,0,0,0,0,0,0,0
11:56:33.728  DEBUG    TX /CONTROLL/0,0,0,0,0,0,0,0,0
11:56:34.532  DEBUG    TX /CONTROLL/0,0,0,0,0,0,0,0,0
11:56:35.342  DEBUG    TX /CONTROLL/0,0,0,0,0,0,0,0,0
11:56:36.149  DEBUG    TX /CONTROLL/0,0,0,0,0,0,0,0,0
11:56:36.954  DEBUG    TX /CONTROLL/0,0,0,0,0,0,0,0,0
11:56:37.759  DEBUG    TX /CONTROLL/0,0,0,0,0,0,0,0,0
11:56:38.563  DEBUG    TX /CONTROLL/0,0,0,0,0,0,0,0,0
11:56:39.371  DEBUG    TX /CONTROLL/0,0,0,0,0,0,0,0,0
