15:41:41.700  INFO     Connecting to 100.122.9.49:5000...
15:41:43.291  DEBUG    TX /CONTROLL/0,0,0,0,0,0,0,0,0
15:41:44.901  DEBUG    TX /CONTROLL/0,0,0,0,0,0,0,0,0
15:41:46.508  DEBUG    TX /CONTROLL/0,0,0,0,0,0,0,0,0
15:41:48.120  DEBUG    TX /CONTROLL/0,0,0,0,0,0,0,0,0
15:41:49.723  DEBUG    TX /CONTROLL/0,0,0,0,0,0,0,0,0
15:41:51.334  DEBUG    TX /CONTROLL/0,0,0,0,0,0,0,0,0
15:41:52.501  INFO     Network connection established
15:41:52.501  INFO     RX        /BATTERY/VDDA/12867 mV
15:41:52.501  INFO     RX        === Hexapod Mainboard ===
15:41:52.503  INFO     RX        PCA9685 Right: OK
15:41:52.506  INFO     RX        PCA9685 Left:  OK
15:41:52.524  INFO     RX        LSM6DSO IMU:   OK
15:41:52.696  INFO     RX        VL53L1X ToF:   OK
15:41:52.724  INFO     RX        Locomotion:    INIT (UN_ARMED, printf mode)
15:41:52.724  INFO     RX        Press L1 to arm, R1 to disarm at any time.
15:41:52.724  INFO     RX        Ready.
15:41:52.945  DEBUG    TX /CONTROLL/0,0,0,0,0,0,0,0,0
15:41:54.554  DEBUG    TX /CONTROLL/0,0,0,0,0,0,0,0,0
15:41:56.166  DEBUG    TX /CONTROLL/0,0,0,0,0,0,0,0,0
15:41:57.345  INFO     RX        SERVO FR.[C: 90 F:106 T:107] MR.[C: 90 F:106 T:107] BR.[C: 90 F:106 T/BATTERY/VDDA/12851 mV
15:41:57.345  INFO     RX        === Hexapod Mainboard ===
15:41:57.364  INFO     RX        PCA9685 Right: OK
15:41:57.392  INFO     RX        PCA9685 Left:  OK
15:41:57.423  INFO     RX        LSM6DSO IMU:   OK
15:41:57.572  INFO     RX        VL53L1X ToF:   OK
15:41:57.616  INFO     RX        Locomotion:    INIT (UN_ARMED, printf mode)
15:41:57.616  INFO     RX        Press L1 to arm, R1 to disarm at any time.
15:41:57.616  INFO     RX        Ready.
15:41:57.773  DEBUG    TX /CONTROLL/0,0,0,0,0,0,0,0,0
15:41:59.391  DEBUG    TX /CONTROLL/0,0,-30,-100,0,0,0,0,0
15:42:01.009  DEBUG    TX /CONTROLL/0,0,0,0,0,0,1,0,20
15:42:02.537  INFO     RX        SERVO FR.[C: 90 F:106 T:107] MR.[C: 90 F:106 T:107] BR.[C: 90 F:106 T/BATTERY/VDDA/12863 mV
15:42:02.556  INFO     RX        === Hexapod Mainboard ===
15:42:02.557  INFO     RX        PCA9685 Right: OK
15:42:02.591  INFO     RX        PCA9685 Left:  OK
15:42:02.618  DEBUG    TX /CONTROLL/0,0,0,0,0,0,0,0,0
15:42:02.626  INFO     RX        LSM6DSO IMU:   OK
15:42:02.765  INFO     RX        VL53L1X ToF:   OK
15:42:02.813  INFO     RX        Locomotion:    INIT (UN_ARMED, printf mode)
15:42:02.813  INFO     RX        Press L1 to arm, R1 to disarm at any time.
15:42:02.813  INFO     RX        Ready.
15:42:04.229  DEBUG    TX /CONTROLL/0,0,0,0,0,0,0,0,0
15:42:05.837  DEBUG    TX /CONTROLL/0,0,0,-51,0,0,0,0,0
15:42:06.092  INFO     RX        SERVO FR.[C: 90 F:106 T/BATTERY/VDDA/12865 mV
15:42:06.092  INFO     RX        === Hexapod Mainboard ===
15:42:06.110  INFO     RX        PCA9685 Right: OK
15:42:06.129  INFO     RX        PCA9685 Left:  OK
15:42:06.163  INFO     RX        LSM6DSO IMU:   OK
15:42:06.318  INFO     RX        VL53L1X ToF:   OK
15:42:06.346  INFO     RX        Locomotion:    INIT (UN_ARMED, printf mode)
15:42:06.357  INFO     RX        Press L1 to arm, R1 to disarm at any time.
15:42:06.357  INFO     RX        Ready.
15:42:07.446  DEBUG    TX /CONTROLL/0,0,0,0,0,0,0,0,0
15:42:09.056  DEBUG    TX /CONTROLL/0,0,0,0,0,0,0,0,0
15:42:10.675  DEBUG    TX /CONTROLL/0,0,0,0,0,0,0,0,0
15:42:11.547  INFO     RX        /ERR/LOKO/0x00000002
15:42:11.547  INFO     RX        /ERR/LOKO/0x00000002
15:42:11.582  INFO     RX        /ERR/LOKO/0x00000002
15:42:11.582  INFO     RX        /ERR/LOKO/0x00000002
15:42:11.582  INFO     RX        /ERR/LOKO/0x00000002
15:42:11.611  INFO     RX        /ERR/LOKO/0x00000002
15:42:11.611  INFO     RX        /ERR/LOKO/0x00000002
15:42:11.647  INFO     RX        /ERR/LOKO/0x00000002
15:42:11.647  INFO     RX        /ERR/LOKO/0x00000002
15:42:11.647  INFO     RX        /ERR/LOKO/0x00000002
15:42:11.675  INFO     RX        /ERR/LOKO/0x00000002
15:42:11.675  INFO     RX        /ERR/LOKO/0x00000002
15:42:11.675  INFO     RX        /ERR/LOKO/0x00000002
15:42:11.707  INFO     RX        /ERR/LOKO/0x00000002
15:42:11.707  INFO     RX        /ERR/LOKO/0x00000002
15:42:11.707  INFO     RX        /ERR/LOKO/0x00000002
15:42:11.742  INFO     RX        /ERR/LOKO/0x00000002
15:42:11.742  INFO     RX        /ERR/LOKO/0x00000002
15:42:11.742  INFO     RX        /ERR/LOKO/0x00000002
15:42:11.771  INFO     RX        /ERR/LOKO/0x00000002
15:42:11.771  INFO     RX        /ERR/LOKO/0x00000002
15:42:11.803  INFO     RX        /ERR/LOKO/0x00000002
15:42:11.803  INFO     RX        /ERR/LOKO/0x00000002
15:42:11.803  INFO     RX        /ERR/LOKO/0x00000002
15:42:11.835  INFO     RX        /ERR/LOKO/0x00000002
15:42:11.835  INFO     RX        /ERR/LOKO/0x00000002
15:42:11.836  INFO     RX        /ERR/LOKO/0x00000002
15:42:11.867  INFO     RX        /ERR/LOKO/0x00000002
15:42:11.867  INFO     RX        /ERR/LOKO/0x00000002
15:42:11.934  INFO     RX        /ERR/LOKO/0x00000002
15:42:11.935  INFO     RX        /ERR/LOKO/0x00000002
15:42:11.935  INFO     RX        /ERR/LOKO/0x00000002
15:42:11.935  INFO     RX        /ERR/LOKO/0x00000002
15:42:11.935  INFO     RX        /ERR/LOKO/0x00000002
15:42:11.935  INFO     RX        /ERR/LOKO/0x00000002
15:42:11.942  INFO     RX        /ERR/LOKO/0x00000002
15:42:12.282  DEBUG    TX /CONTROLL/0,0,0,0,0,0,0,0,0
15:42:13.025  INFO     RX        /ERR/LOKO/0x00000002
15:42:13.025  INFO     RX        /ERR/LOKO/0x00000002
15:42:13.060  INFO     RX        /ERR/LOKO/0x00000002
15:42:13.060  INFO     RX        /ERR/LOKO/0x00000002
15:42:13.060  INFO     RX        /ERR/LOKO/0x00000002
15:42:13.089  INFO     RX        /ERR/LOKO/0x00000002
15:42:13.089  INFO     RX        /ERR/LOKO/0x00000002
15:42:13.122  INFO     RX        /ERR/LOKO/0x00000002
15:42:13.122  INFO     RX        /ERR/LOKO/0x00000002
15:42:13.122  INFO     RX        /ERR/LOKO/0x00000002
15:42:13.156  INFO     RX        /ERR/LOKO/0x00000002
15:42:13.156  INFO     RX        /ERR/LOKO/0x00000002
15:42:13.156  INFO     RX        /ERR/LOKO/0x00000002
15:42:13.186  INFO     RX        /ERR/LOKO/0x00000002
15:42:13.187  INFO     RX        /ERR/LOKO/0x00000002
15:42:13.220  INFO     RX        /ERR/LOKO/0x00000002
15:42:13.220  INFO     RX        /ERR/LOKO/0x00000002
15:42:13.220  INFO     RX        /ERR/LOKO/0x00000002
15:42:13.250  INFO     RX        /ERR/LOKO/0x00000002
15:42:13.250  INFO     RX        /ERR/LOKO/0x00000002
15:42:13.250  INFO     RX        /ERR/LOKO/0x00000002
15:42:13.282  INFO     RX        /ERR/LOKO/0x00000002
15:42:13.282  INFO     RX        /ERR/LOKO/0x00000002
15:42:13.282  INFO     RX        /ERR/LOKO/0x00000002
15:42:13.317  INFO     RX        /ERR/LOKO/0x00000002
15:42:13.318  INFO     RX        /ERR/LOKO/0x00000002
15:42:13.318  INFO     RX        /ERR/LOKO/0x00000002
15:42:13.346  INFO     RX        /ERR/LOKO/0x00000002
15:42:13.347  INFO     RX        /ERR/LOKO/0x00000002
15:42:13.379  INFO     RX        /ERR/LOKO/0x00000002
15:42:13.379  INFO     RX        /ERR/LOKO/0x00000002
15:42:13.379  INFO     RX        /ERR/LOKO/0x00000002
15:42:13.411  INFO     RX        /ERR/LOKO/0x00000002
15:42:13.411  INFO     RX        /ERR/LOKO/0x00000002
15:42:13.414  INFO     RX        /ERR/LOKO/0x00000002
15:42:13.444  INFO     RX        /ERR/LOKO/0x00000002
15:42:13.444  INFO     RX        /ERR/LOKO/0x00000002
15:42:13.444  INFO     RX        /ERR/LOKO/0x00000002
15:42:13.476  INFO     RX        /ERR/LOKO/0x00000002
15:42:13.476  INFO     RX        /ERR/LOKO/0x00000002
15:42:13.511  INFO     RX        /ERR/LOKO/0x00000002
15:42:13.511  INFO     RX        /ERR/LOKO/0x00000002
15:42:13.511  INFO     RX        /ERR/LOKO/0x00000002
15:42:13.543  INFO     RX        /ERR/LOKO/0x00000002
15:42:13.543  INFO     RX        /ERR/LOKO/0x00000002
15:42:13.543  INFO     RX        /ERR/LOKO/0x00000002
15:42:13.575  INFO     RX        /ERR/LOKO/0x00000002
15:42:13.575  INFO     RX        /ERR/LOKO/0x00000002
15:42:13.575  INFO     RX        /ERR/LOKO/0x00000002
15:42:13.607  INFO     RX        /ERR/LOKO/0x00000002
15:42:13.607  INFO     RX        /ERR/LOKO/0x00000002
15:42:13.607  INFO     RX        /ERR/LOKO/0x00000002
15:42:13.641  INFO     RX        /ERR/LOKO/0x00000002
15:42:13.641  INFO     RX        /ERR/LOKO/0x00000002
15:42:13.669  INFO     RX        /ERR/LOKO/0x00000002
15:42:13.669  INFO     RX        /ERR/LOKO/0x00000002
15:42:13.670  INFO     RX        /ERR/LOKO/0x00000002
15:42:13.704  INFO     RX        /ERR/LOKO/0x00000002
15:42:13.704  INFO     RX        /ERR/LOKO/0x00000002
15:42:13.704  INFO     RX        /ERR/LOKO/0x00000002
15:42:13.733  INFO     RX        /ERR/LOKO/0x00000002
15:42:13.733  INFO     RX        /ERR/LOKO/0x00000002
15:42:13.770  INFO     RX        /ERR/LOKO/0x00000002
15:42:13.770  INFO     RX        /ERR/LOKO/0x00000002
15:42:13.770  INFO     RX        /ERR/LOKO/0x00000002
15:42:13.799  INFO     RX        /ERR/LOKO/0x00000002
15:42:13.799  INFO     RX        /ERR/LOKO/0x00000002
15:42:13.799  INFO     RX        /ERR/LOKO/0x00000002
15:42:13.835  INFO     RX        /ERR/LOKO/0x00000002
15:42:13.835  INFO     RX        /ERR/LOKO/0x00000002
15:42:13.835  INFO     RX        /ERR/LOKO/0x00000002
15:42:13.863  INFO     RX        /ERR/LOKO/0x00000002
15:42:13.864  INFO     RX        /ERR/LOKO/0x00000002
15:42:13.891  DEBUG    TX /CONTROLL/0,0,-77,-69,0,0,0,0,0
15:42:13.896  INFO     RX        /ERR/LOKO/0x00000002
15:42:13.897  INFO     RX        /ERR/LOKO/0x00000002
15:42:13.897  INFO     RX        /ERR/LOKO/0x00000002
15:42:13.927  INFO     RX        /ERR/LOKO/0x00000002
15:42:13.927  INFO     RX        /ERR/LOKO/0x00000002
15:42:13.927  INFO     RX        /ERR/LOKO/0x00000002
15:42:13.961  INFO     RX        /ERR/LOKO/0x00000002
15:42:13.961  INFO     RX        /ERR/LOKO/0x00000002
15:42:13.961  INFO     RX        /ERR/LOKO/0x00000002
15:42:13.991  INFO     RX        /ERR/LOKO/0x00000002
15:42:13.991  INFO     RX        /ERR/LOKO/0x00000002
15:42:14.022  INFO     RX        /ERR/LOKO/0x00000002
15:42:14.023  INFO     RX        /ERR/LOKO/0x00000002
15:42:14.023  INFO     RX        /ERR/LOKO/0x00000002
15:42:14.057  INFO     RX        /ERR/LOKO/0x00000002
15:42:14.057  INFO     RX        /ERR/LOKO/0x00000002
15:42:14.057  INFO     RX        /ERR/LOKO/0x00000002
15:42:14.086  INFO     RX        /ERR/LOKO/0x00000002
15:42:14.086  INFO     RX        /ERR/LOKO/0x00000002
15:42:14.086  INFO     RX        /ERR/LOKO/0x00000002
15:42:14.121  INFO     RX        /ERR/LOKO/0x00000002
15:42:14.121  INFO     RX        /ERR/LOKO/0x00000002
15:42:14.121  INFO     RX        /ERR/LOKO/0x00000002
15:42:14.151  INFO     RX        /ERR/LOKO/0x00000002
15:42:14.151  INFO     RX        /ERR/LOKO/0x00000002
15:42:14.185  INFO     RX        /ERR/LOKO/0x00000002
15:42:14.185  INFO     RX        /ERR/LOKO/0x00000002
15:42:14.185  INFO     RX        /ERR/LOKO/0x00000002
15:42:14.214  INFO     RX        /ERR/LOKO/0x00000002
15:42:14.214  INFO     RX        /ERR/LOKO/0x00000002
15:42:14.214  INFO     RX        /ERR/LOKO/0x00000002
15:42:14.250  INFO     RX        /ERR/LOKO/0x00000002
15:42:14.250  INFO     RX        /ERR/LOKO/0x00000002
15:42:14.250  INFO     RX        /ERR/LOKO/0x00000002
15:42:14.284  INFO     RX        /ERR/LOKO/0x00000002
15:42:14.284  INFO     RX        /ERR/LOKO/0x00000002
15:42:14.311  INFO     RX        /ERR/LOKO/0x00000002
15:42:14.312  INFO     RX        /ERR/LOKO/0x00000002
15:42:14.312  INFO     RX        /ERR/LOKO/0x00000002
15:42:14.346  INFO     RX        /ERR/LOKO/0x00000002
15:42:14.346  INFO     RX        /ERR/LOKO/0x00000002
15:42:14.347  INFO     RX        /ERR/LOKO/0x00000002
15:42:14.379  INFO     RX        /ERR/LOKO/0x00000002
15:42:14.379  INFO     RX        /ERR/LOKO/0x00000002
15:42:14.379  INFO     RX        /ERR/LOKO/0x00000002
15:42:14.407  INFO     RX        /ERR/LOKO/0x00000002
15:42:14.407  INFO     RX        /ERR/LOKO/0x00000002
15:42:14.440  INFO     RX        /ERR/LOKO/0x00000002
15:42:14.440  INFO     RX        /ERR/LOKO/0x00000002
15:42:14.440  INFO     RX        /ERR/LOKO/0x00000002
15:42:14.471  INFO     RX        /ERR/LOKO/0x00000002
15:42:14.471  INFO     RX        /ERR/LOKO/0x00000002
15:42:14.471  INFO     RX        /ERR/LOKO/0x00000002
15:42:14.506  INFO     RX        /ERR/LOKO/0x00000002
15:42:14.506  INFO     RX        /ERR/LOKO/0x00000002
15:42:14.506  INFO     RX        /ERR/LOKO/0x00000002
15:42:14.536  INFO     RX        /ERR/LOKO/0x00000002
15:42:14.536  INFO     RX        /ERR/LOKO/0x00000002
15:42:14.571  INFO     RX        /ERR/LOKO/0x00000002
15:42:14.571  INFO     RX        /ERR/LOKO/0x00000002
15:42:14.571  INFO     RX        /ERR/LOKO/0x00000002
15:42:14.600  INFO     RX        /ERR/LOKO/0x00000002
15:42:14.600  INFO     RX        /ERR/LOKO/0x00000002
15:42:14.600  INFO     RX        /ERR/LOKO/0x00000002
15:42:14.635  INFO     RX        /ERR/LOKO/0x00000002
15:42:14.635  INFO     RX        /ERR/LOKO/0x00000002
15:42:14.635  INFO     RX        /ERR/LOKO/0x00000002
15:42:14.667  INFO     RX        /ERR/LOKO/0x00000002
15:42:14.667  INFO     RX        /ERR/LOKO/0x00000002
15:42:14.700  INFO     RX        /ERR/LOKO/0x00000002
15:42:14.700  INFO     RX        /ERR/LOKO/0x00000002
15:42:14.700  INFO     RX        /ERR/LOKO/0x00000002
15:42:14.728  INFO     RX        /ERR/LOKO/0x00000002
15:42:14.728  INFO     RX        /ERR/LOKO/0x00000002
15:42:14.728  INFO     RX        /ERR/LOKO/0x00000002
15:42:14.764  INFO     RX        /ERR/LOKO/0x00000002
15:42:14.764  INFO     RX        /ERR/LOKO/0x00000002
15:42:14.764  INFO     RX        /ERR/LOKO/0x00000002
15:42:14.794  INFO     RX        /ERR/LOKO/0x00000002
15:42:14.794  INFO     RX        /ERR/LOKO/0x00000002
15:42:14.827  INFO     RX        /ERR/LOKO/0x00000002
15:42:14.827  INFO     RX        /ERR/LOKO/0x00000002
15:42:14.827  INFO     RX        /ERR/LOKO/0x00000002
15:42:14.861  INFO     RX        /ERR/LOKO/0x00000002
15:42:14.861  INFO     RX        /ERR/LOKO/0x00000002
15:42:14.861  INFO     RX        /ERR/LOKO/0x00000002
15:42:14.888  INFO     RX        /ERR/LOKO/0x00000002
15:42:14.888  INFO     RX        /ERR/LOKO/0x00000002
15:42:14.924  INFO     RX        /ERR/LOKO/0x00000002
15:42:14.924  INFO     RX        /ERR/LOKO/0x00000002
15:42:14.924  INFO     RX        /ERR/LOKO/0x00000002
15:42:14.955  INFO     RX        /ERR/LOKO/0x00000002
15:42:14.955  INFO     RX        /ERR/LOKO/0x00000002
15:42:14.955  INFO     RX        /ERR/LOKO/0x00000002
15:42:14.987  INFO     RX        /ERR/LOKO/0x00000002
15:42:14.987  INFO     RX        /ERR/LOKO/0x00000002
15:42:14.987  INFO     RX        /ERR/LOKO/0x00000002
15:42:15.016  INFO     RX        /ERR/LOKO/0x00000002
15:42:15.016  INFO     RX        /ERR/LOKO/0x00000002
15:42:15.052  INFO     RX        /ERR/LOKO/0x00000002
15:42:15.052  INFO     RX        /ERR/LOKO/0x00000002
15:42:15.052  INFO     RX        /ERR/LOKO/0x00000002
15:42:15.084  INFO     RX        /ERR/LOKO/0x00000002
15:42:15.084  INFO     RX        /ERR/LOKO/0x00000002
15:42:15.084  INFO     RX        /ERR/LOKO/0x00000002
15:42:15.116  INFO     RX        /ERR/LOKO/0x00000002
15:42:15.116  INFO     RX        /ERR/LOKO/0x00000002
15:42:15.116  INFO     RX        /ERR/LOKO/0x00000002
15:42:15.146  INFO     RX        /ERR/LOKO/0x00000002
15:42:15.146  INFO     RX        /ERR/LOKO/0x00000002
15:42:15.146  INFO     RX        /ERR/LOKO/0x00000002
15:42:15.180  INFO     RX        /ERR/LOKO/0x00000002
15:42:15.180  INFO     RX        /ERR/LOKO/0x00000002
15:42:15.180  INFO     RX        /ERR/LOKO/0x00000002
15:42:15.208  INFO     RX        /ERR/LOKO/0x00000002
15:42:15.208  INFO     RX        /ERR/LOKO/0x00000002
15:42:15.244  INFO     RX        /ERR/LOKO/0x00000002
15:42:15.244  INFO     RX        /ERR/LOKO/0x00000002
15:42:15.244  INFO     RX        /ERR/LOKO/0x00000002
15:42:15.273  INFO     RX        /ERR/LOKO/0x00000002
15:42:15.273  INFO     RX        /ERR/LOKO/0x00000002
15:42:15.273  INFO     RX        /ERR/LOKO/0x00000002
15:42:15.309  INFO     RX        /ERR/LOKO/0x00000002
15:42:15.309  INFO     RX        /ERR/LOKO/0x00000002
15:42:15.309  INFO     RX        /ERR/LOKO/0x00000002
15:42:15.337  INFO     RX        /ERR/LOKO/0x00000002
15:42:15.337  INFO     RX        /ERR/LOKO/0x00000002
15:42:15.369  INFO     RX        /ERR/LOKO/0x00000002
15:42:15.369  INFO     RX        /ERR/LOKO/0x00000002
15:42:15.369  INFO     RX        /ERR/LOKO/0x00000002
15:42:15.406  INFO     RX        /ERR/LOKO/0x00000002
15:42:15.406  INFO     RX        /ERR/LOKO/0x00000002
15:42:15.406  INFO     RX        /ERR/LOKO/0x00000002
15:42:15.434  INFO     RX        /ERR/LOKO/0x00000002
15:42:15.434  INFO     RX        /ERR/LOKO/0x00000002
15:42:15.468  INFO     RX        /ERR/LOKO/0x00000002
15:42:15.468  INFO     RX        /ERR/LOKO/0x00000002
15:42:15.468  INFO     RX        /ERR/LOKO/0x00000002
15:42:15.468  INFO     RX        /ERR/LOKO/0x00000002
15:42:15.494  DEBUG    TX /CONTROLL/0,0,0,0,0,0,0,0,0
15:42:15.499  INFO     RX        /ERR/LOKO/0x00000002
15:42:15.499  INFO     RX        /ERR/LOKO/0x00000002
15:42:15.532  INFO     RX        /ERR/LOKO/0x00000002
15:42:15.532  INFO     RX        /ERR/LOKO/0x00000002
15:42:15.532  INFO     RX        /ERR/LOKO/0x00000002
15:42:15.562  INFO     RX        /ERR/LOKO/0x00000002
15:42:15.562  INFO     RX        /ERR/LOKO/0x00000002
15:42:15.562  INFO     RX        /ERR/LOKO/0x00000002
15:42:15.593  INFO     RX        /ERR/LOKO/0x00000002
15:42:15.593  INFO     RX        /ERR/LOKO/0x00000002
15:42:15.629  INFO     RX        /ERR/LOKO/0x00000002
15:42:15.629  INFO     RX        /ERR/LOKO/0x00000002
15:42:15.629  INFO     RX        /ERR/LOKO/0x00000002
15:42:15.657  INFO     RX        /ERR/LOKO/0x00000002
15:42:15.657  INFO     RX        /ERR/LOKO/0x00000002
15:42:15.657  INFO     RX        /ERR/LOKO/0x00000002
15:42:15.694  INFO     RX        /ERR/LOKO/0x00000002
15:42:15.694  INFO     RX        /ERR/LOKO/0x00000002
15:42:15.694  INFO     RX        /ERR/LOKO/0x00000002
15:42:15.723  INFO     RX        /ERR/LOKO/0x00000002
15:42:15.723  INFO     RX        /ERR/LOKO/0x00000002
15:42:15.723  INFO     RX        /ERR/LOKO/0x00000002
15:42:15.758  INFO     RX        /ERR/LOKO/0x00000002
15:42:15.758  INFO     RX        /ERR/LOKO/0x00000002
15:42:15.758  INFO     RX        /ERR/LOKO/0x00000002
15:42:15.787  INFO     RX        /ERR/LOKO/0x00000002
15:42:15.787  INFO     RX        /ERR/LOKO/0x00000002
15:42:15.821  INFO     RX        /ERR/LOKO/0x00000002
15:42:15.821  INFO     RX        /ERR/LOKO/0x00000002
15:42:15.821  INFO     RX        /ERR/LOKO/0x00000002
15:42:15.850  INFO     RX        /ERR/LOKO/0x00000002
15:42:15.850  INFO     RX        /ERR/LOKO/0x00000002
15:42:15.850  INFO     RX        /ERR/LOKO/0x00000002
15:42:15.884  INFO     RX        /ERR/LOKO/0x00000002
15:42:15.884  INFO     RX        /ERR/LOKO/0x00000002
15:42:15.921  INFO     RX        /ERR/LOKO/0x00000002
15:42:15.921  INFO     RX        /ERR/LOKO/0x00000002
15:42:15.921  INFO     RX        /ERR/LOKO/0x00000002
15:42:15.921  INFO     RX        /ERR/LOKO/0x00000002
15:42:15.948  INFO     RX        /ERR/LOKO/0x00000002
15:42:15.949  INFO     RX        /ERR/LOKO/0x00000002
15:42:15.984  INFO     RX        /ERR/LOKO/0x00000002
15:42:15.984  INFO     RX        /ERR/LOKO/0x00000002
15:42:15.984  INFO     RX        /ERR/LOKO/0x00000002
15:42:16.016  INFO     RX        /ERR/LOKO/0x00000002
15:42:16.016  INFO     RX        /ERR/LOKO/0x00000002
15:42:16.016  INFO     RX        /ERR/LOKO/0x00000002
15:42:16.051  INFO     RX        /ERR/LOKO/0x00000002
15:42:16.051  INFO     RX        /ERR/LOKO/0x00000002
15:42:16.051  INFO     RX        /ERR/LOKO/0x00000002
15:42:16.085  INFO     RX        /ERR/LOKO/0x00000002
15:42:16.085  INFO     RX        /ERR/LOKO/0x00000002
15:42:16.085  INFO     RX        /ERR/LOKO/0x00000002
15:42:16.111  INFO     RX        /ERR/LOKO/0x00000002
15:42:16.111  INFO     RX        /ERR/LOKO/0x00000002
15:42:16.147  INFO     RX        /ERR/LOKO/0x00000002
15:42:16.147  INFO     RX        /ERR/LOKO/0x00000002
15:42:16.147  INFO     RX        /ERR/LOKO/0x00000002
15:42:16.177  INFO     RX        /ERR/LOKO/0x00000002
15:42:16.177  INFO     RX        /ERR/LOKO/0x00000002
15:42:16.177  INFO     RX        /ERR/LOKO/0x00000002
15:42:16.213  INFO     RX        /ERR/LOKO/0x00000002
15:42:16.213  INFO     RX        /ERR/LOKO/0x00000002
15:42:16.213  INFO     RX        /ERR/LOKO/0x00000002
15:42:16.241  INFO     RX        /ERR/LOKO/0x00000002
15:42:16.242  INFO     RX        /ERR/LOKO/0x00000002
15:42:16.276  INFO     RX        /ERR/LOKO/0x00000002
15:42:16.276  INFO     RX        /ERR/LOKO/0x00000002
15:42:16.276  INFO     RX        /ERR/LOKO/0x00000002
15:42:16.304  INFO     RX        /ERR/LOKO/0x00000002
15:42:16.304  INFO     RX        /ERR/LOKO/0x00000002
15:42:16.304  INFO     RX        /ERR/LOKO/0x00000002
15:42:16.339  INFO     RX        /ERR/LOKO/0x00000002
15:42:16.339  INFO     RX        /ERR/LOKO/0x00000002
15:42:16.339  INFO     RX        /ERR/LOKO/0x00000002
15:42:16.371  INFO     RX        /ERR/LOKO/0x00000002
15:42:16.371  INFO     RX        /ERR/LOKO/0x00000002
15:42:16.371  INFO     RX        /ERR/LOKO/0x00000002
15:42:16.403  INFO     RX        /ERR/LOKO/0x00000002
15:42:16.403  INFO     RX        /ERR/LOKO/0x00000002
15:42:16.432  INFO     RX        /ERR/LOKO/0x00000002
15:42:16.432  INFO     RX        /ERR/LOKO/0x00000002
15:42:16.432  INFO     RX        /ERR/LOKO/0x00000002
15:42:16.464  INFO     RX        /ERR/LOKO/0x00000002
15:42:16.465  INFO     RX        /ERR/LOKO/0x00000002
15:42:16.465  INFO     RX        /ERR/LOKO/0x00000002
15:42:16.500  INFO     RX        /ERR/LOKO/0x00000002
15:42:16.500  INFO     RX        /ERR/LOKO/0x00000002
15:42:16.500  INFO     RX        /ERR/LOKO/0x00000002
15:42:16.528  INFO     RX        /ERR/LOKO/0x00000002
15:42:16.528  INFO     RX        /ERR/LOKO/0x00000002
15:42:16.561  INFO     RX        /ERR/LOKO/0x00000002
15:42:16.561  INFO     RX        /ERR/LOKO/0x00000002
15:42:16.561  INFO     RX        /ERR/LOKO/0x00000002
15:42:16.593  INFO     RX        /ERR/LOKO/0x00000002
15:42:16.593  INFO     RX        /ERR/LOKO/0x00000002
15:42:16.593  INFO     RX        /ERR/LOKO/0x00000002
15:42:16.626  INFO     RX        /ERR/LOKO/0x00000002
15:42:16.626  INFO     RX        /ERR/LOKO/0x00000002
15:42:16.626  INFO     RX        /ERR/LOKO/0x00000002
15:42:16.661  INFO     RX        /ERR/LOKO/0x00000002
15:42:16.661  INFO     RX        /ERR/LOKO/0x00000002
15:42:16.662  INFO     RX        /ERR/LOKO/0x00000002
15:42:16.689  INFO     RX        /ERR/LOKO/0x00000002
15:42:16.689  INFO     RX        /ERR/LOKO/0x00000002
15:42:16.724  INFO     RX        /ERR/LOKO/0x00000002
15:42:16.724  INFO     RX        /ERR/LOKO/0x00000002
15:42:16.724  INFO     RX        /ERR/LOKO/0x00000002
15:42:16.753  INFO     RX        /ERR/LOKO/0x00000002
15:42:16.754  INFO     RX        /ERR/LOKO/0x00000002
15:42:16.754  INFO     RX        /ERR/LOKO/0x00000002
15:42:16.786  INFO     RX        /ERR/LOKO/0x00000002
15:42:16.786  INFO     RX        /ERR/LOKO/0x00000002
15:42:16.786  INFO     RX        /ERR/LOKO/0x00000002
15:42:16.819  INFO     RX        /ERR/LOKO/0x00000002
15:42:16.820  INFO     RX        /ERR/LOKO/0x00000002
15:42:16.850  INFO     RX        /ERR/LOKO/0x00000002
15:42:16.850  INFO     RX        /ERR/LOKO/0x00000002
15:42:16.850  INFO     RX        /ERR/LOKO/0x00000002
15:42:16.885  INFO     RX        /ERR/LOKO/0x00000002
15:42:16.885  INFO     RX        /ERR/LOKO/0x00000002
15:42:16.885  INFO     RX        /ERR/LOKO/0x00000002
15:42:16.914  INFO     RX        /ERR/LOKO/0x00000002
15:42:16.914  INFO     RX        /ERR/LOKO/0x00000002
15:42:16.914  INFO     RX        /ERR/LOKO/0x00000002
15:42:16.950  INFO     RX        /ERR/LOKO/0x00000002
15:42:16.950  INFO     RX        /ERR/LOKO/0x00000002
15:42:16.950  INFO     RX        /ERR/LOKO/0x00000002
15:42:16.980  INFO     RX        /ERR/LOKO/0x00000002
15:42:16.980  INFO     RX        /ERR/LOKO/0x00000002
15:42:17.012  INFO     RX        /ERR/LOKO/0x00000002
15:42:17.012  INFO     RX        /ERR/LOKO/0x00000002
15:42:17.012  INFO     RX        /ERR/LOKO/0x00000002
15:42:17.044  INFO     RX        /ERR/LOKO/0x00000002
15:42:17.044  INFO     RX        /ERR/LOKO/0x00000002
15:42:17.044  INFO     RX        /ERR/LOKO/0x00000002
15:42:17.079  INFO     RX        /ERR/LOKO/0x00000002
15:42:17.079  INFO     RX        /ERR/LOKO/0x00000002
15:42:17.079  INFO     RX        /ERR/LOKO/0x00000002
15:42:17.104  DEBUG    TX /CONTROLL/0,0,0,0,0,0,0,0,0
15:42:17.107  INFO     RX        /ERR/LOKO/0x00000002
15:42:17.107  INFO     RX        /ERR/LOKO/0x00000002
15:42:17.140  INFO     RX        /ERR/LOKO/0x00000002
15:42:17.140  INFO     RX        /ERR/LOKO/0x00000002
15:42:17.140  INFO     RX        /ERR/LOKO/0x00000002
15:42:17.171  INFO     RX        /ERR/LOKO/0x00000002
15:42:17.171  INFO     RX        /ERR/LOKO/0x00000002
15:42:17.171  INFO     RX        /ERR/LOKO/0x00000002
15:42:17.205  INFO     RX        /ERR/LOKO/0x00000002
15:42:17.205  INFO     RX        /ERR/LOKO/0x00000002
15:42:17.205  INFO     RX        /ERR/LOKO/0x00000002
15:42:17.239  INFO     RX        /ERR/LOKO/0x00000002
15:42:17.239  INFO     RX        /ERR/LOKO/0x00000002
15:42:17.239  INFO     RX        /ERR/LOKO/0x00000002
15:42:17.267  INFO     RX        /ERR/LOKO/0x00000002
15:42:17.267  INFO     RX        /ERR/LOKO/0x00000002
15:42:17.302  INFO     RX        /ERR/LOKO/0x00000002
15:42:17.302  INFO     RX        /ERR/LOKO/0x00000002
15:42:17.302  INFO     RX        /ERR/LOKO/0x00000002
15:42:17.331  INFO     RX        /ERR/LOKO/0x00000002
15:42:17.332  INFO     RX        /ERR/LOKO/0x00000002
15:42:17.332  INFO     RX        /ERR/LOKO/0x00000002
15:42:17.365  INFO     RX        /ERR/LOKO/0x00000002
15:42:17.365  INFO     RX        /ERR/LOKO/0x00000002
15:42:17.365  INFO     RX        /ERR/LOKO/0x00000002
15:42:17.396  INFO     RX        /ERR/LOKO/0x00000002
15:42:17.396  INFO     RX        /ERR/LOKO/0x00000002
15:42:17.428  INFO     RX        /ERR/LOKO/0x00000002
15:42:17.428  INFO     RX        /ERR/LOKO/0x00000002
15:42:17.428  INFO     RX        /ERR/LOKO/0x00000002
15:42:17.463  INFO     RX        /ERR/LOKO/0x00000002
15:42:17.463  INFO     RX        /ERR/LOKO/0x00000002
15:42:17.463  INFO     RX        /ERR/LOKO/0x00000002
15:42:17.492  INFO     RX        /ERR/LOKO/0x00000002
15:42:17.492  INFO     RX        /ERR/LOKO/0x00000002
15:42:17.492  INFO     RX        /ERR/LOKO/0x00000002
15:42:17.527  INFO     RX        /ERR/LOKO/0x00000002
15:42:17.527  INFO     RX        /ERR/LOKO/0x00000002
15:42:17.527  INFO     RX        /ERR/LOKO/0x00000002
15:42:17.559  INFO     RX        /ERR/LOKO/0x00000002
15:42:17.559  INFO     RX        /ERR/LOKO/0x00000002
15:42:17.592  INFO     RX        /ERR/LOKO/0x00000002
15:42:17.592  INFO     RX        /ERR/LOKO/0x00000002
15:42:17.592  INFO     RX        /ERR/LOKO/0x00000002
15:42:17.622  INFO     RX        /ERR/LOKO/0x00000002
15:42:17.622  INFO     RX        /ERR/LOKO/0x00000002
15:42:17.622  INFO     RX        /ERR/LOKO/0x00000002
15:42:17.658  INFO     RX        /ERR/LOKO/0x00000002
15:42:17.658  INFO     RX        /ERR/LOKO/0x00000002
15:42:17.658  INFO     RX        /ERR/LOKO/0x00000002
15:42:17.686  INFO     RX        /ERR/LOKO/0x00000002
15:42:17.687  INFO     RX        /ERR/LOKO/0x00000002
15:42:17.687  INFO     RX        /ERR/LOKO/0x00000002
15:42:17.722  INFO     RX        /ERR/LOKO/0x00000002
15:42:17.722  INFO     RX        /ERR/LOKO/0x00000002
15:42:17.750  INFO     RX        /ERR/LOKO/0x00000002
15:42:17.751  INFO     RX        /ERR/LOKO/0x00000002
15:42:17.751  INFO     RX        /ERR/LOKO/0x00000002
15:42:17.786  INFO     RX        /ERR/LOKO/0x00000002
15:42:17.787  INFO     RX        /ERR/LOKO/0x00000002
15:42:17.787  INFO     RX        /ERR/LOKO/0x00000002
15:42:17.816  INFO     RX        /ERR/LOKO/0x00000002
15:42:17.816  INFO     RX        /ERR/LOKO/0x00000002
15:42:17.816  INFO     RX        /ERR/LOKO/0x00000002
15:42:17.850  INFO     RX        /ERR/LOKO/0x00000002
15:42:17.850  INFO     RX        /ERR/LOKO/0x00000002
15:42:17.880  INFO     RX        /ERR/LOKO/0x00000002
15:42:17.880  INFO     RX        /ERR/LOKO/0x00000002
15:42:17.880  INFO     RX        /ERR/LOKO/0x00000002
15:42:17.914  INFO     RX        /ERR/LOKO/0x00000002
15:42:17.914  INFO     RX        /ERR/LOKO/0x00000002
15:42:17.914  INFO     RX        /ERR/LOKO/0x00000002
15:42:17.946  INFO     RX        /ERR/LOKO/0x00000002
15:42:17.946  INFO     RX        /ERR/LOKO/0x00000002
15:42:17.946  INFO     RX        /ERR/LOKO/0x00000002
15:42:17.980  INFO     RX        /ERR/LOKO/0x00000002
15:42:17.980  INFO     RX        /ERR/LOKO/0x00000002
15:42:17.981  INFO     RX        /ERR/LOKO/0x00000002
15:42:18.007  INFO     RX        /ERR/LOKO/0x00000002
15:42:18.007  INFO     RX        /ERR/LOKO/0x00000002
15:42:18.040  INFO     RX        /ERR/LOKO/0x00000002
15:42:18.040  INFO     RX        /ERR/LOKO/0x00000002
15:42:18.040  INFO     RX        /ERR/LOKO/0x00000002
15:42:18.076  INFO     RX        /ERR/LOKO/0x00000002
15:42:18.076  INFO     RX        /ERR/LOKO/0x00000002
15:42:18.076  INFO     RX        /ERR/LOKO/0x00000002
15:42:18.107  INFO     RX        /ERR/LOKO/0x00000002
15:42:18.107  INFO     RX        /ERR/LOKO/0x00000002
15:42:18.107  INFO     RX        /ERR/LOKO/0x00000002
15:42:18.145  INFO     RX        /ERR/LOKO/0x00000002
15:42:18.145  INFO     RX        /ERR/LOKO/0x00000002
15:42:18.145  INFO     RX        /ERR/LOKO/0x00000002
15:42:18.171  INFO     RX        /ERR/LOKO/0x00000002
15:42:18.171  INFO     RX        /ERR/LOKO/0x00000002
15:42:18.200  INFO     RX        /ERR/LOKO/0x00000002
15:42:18.201  INFO     RX        /ERR/LOKO/0x00000002
15:42:18.201  INFO     RX        /ERR/LOKO/0x00000002
15:42:18.235  INFO     RX        /ERR/LOKO/0x00000002
15:42:18.235  INFO     RX        /ERR/LOKO/0x00000002
15:42:18.235  INFO     RX        /ERR/LOKO/0x00000002
15:42:18.269  INFO     RX        /ERR/LOKO/0x00000002
15:42:18.269  INFO     RX        /ERR/LOKO/0x00000002
15:42:18.269  INFO     RX        /ERR/LOKO/0x00000002
15:42:18.299  INFO     RX        /ERR/LOKO/0x00000002
15:42:18.299  INFO     RX        /ERR/LOKO/0x00000002
15:42:18.299  INFO     RX        /ERR/LOKO/0x00000002
15:42:18.331  INFO     RX        /ERR/LOKO/0x00000002
15:42:18.331  INFO     RX        /ERR/LOKO/0x00000002
15:42:18.364  INFO     RX        /ERR/LOKO/0x00000002
15:42:18.364  INFO     RX        /ERR/LOKO/0x00000002
15:42:18.364  INFO     RX        /ERR/LOKO/0x00000002
15:42:18.394  INFO     RX        /ERR/LOKO/0x00000002
15:42:18.394  INFO     RX        /ERR/LOKO/0x00000002
15:42:18.394  INFO     RX        /ERR/LOKO/0x00000002
15:42:18.427  INFO     RX        /ERR/LOKO/0x00000002
15:42:18.427  INFO     RX        /ERR/LOKO/0x00000002
15:42:18.427  INFO     RX        /ERR/LOKO/0x00000002
15:42:18.458  INFO     RX        /ERR/LOKO/0x00000002
15:42:18.458  INFO     RX        /ERR/LOKO/0x00000002
15:42:18.490  INFO     RX        /ERR/LOKO/0x00000002
15:42:18.490  INFO     RX        /ERR/LOKO/0x00000002
15:42:18.490  INFO     RX        /ERR/LOKO/0x00000002
15:42:18.526  INFO     RX        /ERR/LOKO/0x00000002
15:42:18.526  INFO     RX        /ERR/LOKO/0x00000002
15:42:18.526  INFO     RX        /ERR/LOKO/0x00000002
15:42:18.559  INFO     RX        /ERR/LOKO/0x00000002
15:42:18.559  INFO     RX        /ERR/LOKO/0x00000002
15:42:18.559  INFO     RX        /ERR/LOKO/0x00000002
15:42:18.591  INFO     RX        /ERR/LOKO/0x00000002
15:42:18.591  INFO     RX        /ERR/LOKO/0x00000002
15:42:18.591  INFO     RX        /ERR/LOKO/0x00000002
15:42:18.622  INFO     RX        /ERR/LOKO/0x00000002
15:42:18.622  INFO     RX        /ERR/LOKO/0x00000002
15:42:18.655  INFO     RX        /ERR/LOKO/0x00000002
15:42:18.655  INFO     RX        /ERR/LOKO/0x00000002
15:42:18.655  INFO     RX        /ERR/LOKO/0x00000002
15:42:18.689  INFO     RX        /ERR/LOKO/0x00000002
15:42:18.690  INFO     RX        /ERR/LOKO/0x00000002
15:42:18.690  INFO     RX        /ERR/LOKO/0x00000002
15:42:18.713  DEBUG    TX /CONTROLL/0,0,0,0,-1,0,0,0,0
15:42:18.717  INFO     RX        /ERR/LOKO/0x00000002
15:42:18.717  INFO     RX        /ERR/LOKO/0x00000002
15:42:18.717  INFO     RX        /ERR/LOKO/0x00000002
15:42:18.749  INFO     RX        /ERR/LOKO/0x00000002
15:42:18.749  INFO     RX        /ERR/LOKO/0x00000002
15:42:18.749  INFO     RX        /ERR/LOKO/0x00000002
15:42:18.785  INFO     RX        /ERR/LOKO/0x00000002
15:42:18.785  INFO     RX        /ERR/LOKO/0x00000002
15:42:18.785  INFO     RX        /ERR/LOKO/0x00000002
15:42:18.815  INFO     RX        /ERR/LOKO/0x00000002
15:42:18.815  INFO     RX        /ERR/LOKO/0x00000002
15:42:18.849  INFO     RX        /ERR/LOKO/0x00000002
15:42:18.849  INFO     RX        /ERR/LOKO/0x00000002
15:42:18.849  INFO     RX        /ERR/LOKO/0x00000002
15:42:18.879  INFO     RX        /ERR/LOKO/0x00000002
15:42:18.880  INFO     RX        /ERR/LOKO/0x00000002
15:42:18.880  INFO     RX        /ERR/LOKO/0x00000002
15:42:18.913  INFO     RX        /ERR/LOKO/0x00000002
15:42:18.913  INFO     RX        /ERR/LOKO/0x00000002
15:42:18.913  INFO     RX        /ERR/LOKO/0x00000002
15:42:18.941  INFO     RX        /ERR/LOKO/0x00000002
15:42:18.941  INFO     RX        /ERR/LOKO/0x00000002
15:42:18.978  INFO     RX        /ERR/LOKO/0x00000002
15:42:18.978  INFO     RX        /ERR/LOKO/0x00000002
15:42:18.978  INFO     RX        /ERR/LOKO/0x00000002
15:42:19.007  INFO     RX        /ERR/LOKO/0x00000002
15:42:19.007  INFO     RX        /ERR/LOKO/0x00000002
15:42:19.007  INFO     RX        /ERR/LOKO/0x00000002
15:42:19.039  INFO     RX        /ERR/LOKO/0x00000002
15:42:19.040  INFO     RX        /ERR/LOKO/0x00000002
15:42:19.040  INFO     RX        /ERR/LOKO/0x00000002
15:42:19.071  INFO     RX        /ERR/LOKO/0x00000002
15:42:19.071  INFO     RX        /ERR/LOKO/0x00000002
15:42:19.106  INFO     RX        /ERR/LOKO/0x00000002
15:42:19.106  INFO     RX        /ERR/LOKO/0x00000002
15:42:19.106  INFO     RX        /ERR/LOKO/0x00000002
15:42:19.139  INFO     RX        /ERR/LOKO/0x00000002
15:42:19.139  INFO     RX        /ERR/LOKO/0x00000002
15:42:19.139  INFO     RX        /ERR/LOKO/0x00000002
15:42:19.167  INFO     RX        /ERR/LOKO/0x00000002
15:42:19.167  INFO     RX        /ERR/LOKO/0x00000002
15:42:19.167  INFO     RX        /ERR/LOKO/0x00000002
15:42:19.202  INFO     RX        /ERR/LOKO/0x00000002
15:42:19.203  INFO     RX        /ERR/LOKO/0x00000002
15:42:19.203  INFO     RX        /ERR/LOKO/0x00000002
15:42:19.235  INFO     RX        /ERR/LOKO/0x00000002
15:42:19.236  INFO     RX        /ERR/LOKO/0x00000002
15:42:19.236  INFO     RX        /ERR/LOKO/0x00000002
15:42:19.266  INFO     RX        /ERR/LOKO/0x00000002
15:42:19.266  INFO     RX        /ERR/LOKO/0x00000002
15:42:19.299  INFO     RX        /ERR/LOKO/0x00000002
15:42:19.299  INFO     RX        /ERR/LOKO/0x00000002
15:42:19.299  INFO     RX        /ERR/LOKO/0x00000002
15:42:19.327  INFO     RX        /ERR/LOKO/0x00000002
15:42:19.327  INFO     RX        /ERR/LOKO/0x00000002
15:42:19.327  INFO     RX        /ERR/LOKO/0x00000002
15:42:19.362  INFO     RX        /ERR/LOKO/0x00000002
15:42:19.362  INFO     RX        /ERR/LOKO/0x00000002
15:42:19.362  INFO     RX        /ERR/LOKO/0x00000002
15:42:19.395  INFO     RX        /ERR/LOKO/0x00000002
15:42:19.395  INFO     RX        /ERR/LOKO/0x00000002
15:42:19.425  INFO     RX        /ERR/LOKO/0x00000002
15:42:19.425  INFO     RX        /ERR/LOKO/0x00000002
15:42:19.425  INFO     RX        /ERR/LOKO/0x00000002
15:42:19.460  INFO     RX        /ERR/LOKO/0x00000002
15:42:19.460  INFO     RX        /ERR/LOKO/0x00000002
15:42:19.460  INFO     RX        /ERR/LOKO/0x00000002
15:42:19.488  INFO     RX        /ERR/LOKO/0x00000002
15:42:19.488  INFO     RX        /ERR/LOKO/0x00000002
15:42:19.523  INFO     RX        /ERR/LOKO/0x00000002
15:42:19.523  INFO     RX        /ERR/LOKO/0x00000002
15:42:19.523  INFO     RX        /ERR/LOKO/0x00000002
15:42:19.557  INFO     RX        /ERR/LOKO/0x00000002
15:42:19.557  INFO     RX        /ERR/LOKO/0x00000002
15:42:19.557  INFO     RX        /ERR/LOKO/0x00000002
15:42:19.586  INFO     RX        /ERR/LOKO/0x00000002
15:42:19.587  INFO     RX        /ERR/LOKO/0x00000002
15:42:19.587  INFO     RX        /ERR/LOKO/0x00000002
15:42:19.619  INFO     RX        /ERR/LOKO/0x00000002
15:42:19.619  INFO     RX        /ERR/LOKO/0x00000002
15:42:19.619  INFO     RX        /ERR/LOKO/0x00000002
15:42:19.651  INFO     RX        /ERR/LOKO/0x00000002
15:42:19.651  INFO     RX        /ERR/LOKO/0x00000002
15:42:19.651  INFO     RX        /ERR/LOKO/0x00000002
15:42:19.681  INFO     RX        /ERR/LOKO/0x00000002
15:42:19.681  INFO     RX        /ERR/LOKO/0x00000002
15:42:19.715  INFO     RX        /ERR/LOKO/0x00000002
15:42:19.715  INFO     RX        /ERR/LOKO/0x00000002
15:42:19.715  INFO     RX        /ERR/LOKO/0x00000002
15:42:19.745  INFO     RX        /ERR/LOKO/0x00000002
15:42:19.745  INFO     RX        /ERR/LOKO/0x00000002
15:42:19.745  INFO     RX        /ERR/LOKO/0x00000002
15:42:19.783  INFO     RX        /ERR/LOKO/0x00000002
15:42:19.783  INFO     RX        /ERR/LOKO/0x00000002
15:42:19.783  INFO     RX        /ERR/LOKO/0x00000002
15:42:19.810  INFO     RX        /ERR/LOKO/0x00000002
15:42:19.810  INFO     RX        /ERR/LOKO/0x00000002
15:42:19.845  INFO     RX        /ERR/LOKO/0x00000002
15:42:19.845  INFO     RX        /ERR/LOKO/0x00000002
15:42:19.845  INFO     RX        /ERR/LOKO/0x00000002
15:42:19.873  INFO     RX        /ERR/LOKO/0x00000002
15:42:19.873  INFO     RX        /ERR/LOKO/0x00000002
15:42:19.873  INFO     RX        /ERR/LOKO/0x00000002
15:42:19.908  INFO     RX        /ERR/LOKO/0x00000002
15:42:19.908  INFO     RX        /ERR/LOKO/0x00000002
15:42:19.908  INFO     RX        /ERR/LOKO/0x00000002
15:42:19.937  INFO     RX        /ERR/LOKO/0x00000002
15:42:19.937  INFO     RX        /ERR/LOKO/0x00000002
15:42:19.969  INFO     RX        /ERR/LOKO/0x00000002
15:42:19.969  INFO     RX        /ERR/LOKO/0x00000002
15:42:19.969  INFO     RX        /ERR/LOKO/0x00000002
15:42:20.008  INFO     RX        /ERR/LOKO/0x00000002
15:42:20.008  INFO     RX        /ERR/LOKO/0x00000002
15:42:20.008  INFO     RX        /ERR/LOKO/0x00000002
15:42:20.034  INFO     RX        /ERR/LOKO/0x00000002
15:42:20.034  INFO     RX        /ERR/LOKO/0x00000002
15:42:20.034  INFO     RX        /ERR/LOKO/0x00000002
15:42:20.065  INFO     RX        /ERR/LOKO/0x00000002
15:42:20.065  INFO     RX        /ERR/LOKO/0x00000002
15:42:20.099  INFO     RX        /ERR/LOKO/0x00000002
15:42:20.100  INFO     RX        /ERR/LOKO/0x00000002
15:42:20.100  INFO     RX        /ERR/LOKO/0x00000002
15:42:20.130  INFO     RX        /ERR/LOKO/0x00000002
15:42:20.130  INFO     RX        /ERR/LOKO/0x00000002
15:42:20.130  INFO     RX        /ERR/LOKO/0x00000002
15:42:20.164  INFO     RX        /ERR/LOKO/0x00000002
15:42:20.164  INFO     RX        /ERR/LOKO/0x00000002
15:42:20.164  INFO     RX        /ERR/LOKO/0x00000002
15:42:20.194  INFO     RX        /ERR/LOKO/0x00000002
15:42:20.194  INFO     RX        /ERR/LOKO/0x00000002
15:42:20.194  INFO     RX        /ERR/LOKO/0x00000002
15:42:20.228  INFO     RX        /ERR/LOKO/0x00000002
15:42:20.228  INFO     RX        /ERR/LOKO/0x00000002
15:42:20.228  INFO     RX        /ERR/LOKO/0x00000002
15:42:20.259  INFO     RX        /ERR/LOKO/0x00000002
15:42:20.259  INFO     RX        /ERR/LOKO/0x00000002
15:42:20.293  INFO     RX        /ERR/LOKO/0x00000002
15:42:20.293  INFO     RX        /ERR/LOKO/0x00000002
15:42:20.293  INFO     RX        /ERR/LOKO/0x00000002
15:42:20.320  DEBUG    TX /CONTROLL/0,0,0,0,0,0,0,0,0
15:42:20.323  INFO     RX        /ERR/LOKO/0x00000002
15:42:20.323  INFO     RX        /ERR/LOKO/0x00000002
15:42:20.323  INFO     RX        /ERR/LOKO/0x00000002
15:42:20.358  INFO     RX        /ERR/LOKO/0x00000002
15:42:20.358  INFO     RX        /ERR/LOKO/0x00000002
15:42:20.358  INFO     RX        /ERR/LOKO/0x00000002
15:42:20.387  INFO     RX        /ERR/LOKO/0x00000002
15:42:20.387  INFO     RX        /ERR/LOKO/0x00000002
15:42:20.418  INFO     RX        /ERR/LOKO/0x00000002
15:42:20.418  INFO     RX        /ERR/LOKO/0x00000002
15:42:20.418  INFO     RX        /ERR/LOKO/0x00000002
15:42:20.453  INFO     RX        /ERR/LOKO/0x00000002
15:42:20.453  INFO     RX        /ERR/LOKO/0x00000002
15:42:20.453  INFO     RX        /ERR/LOKO/0x00000002
15:42:20.482  INFO     RX        /ERR/LOKO/0x00000002
15:42:20.482  INFO     RX        /ERR/LOKO/0x00000002
15:42:20.518  INFO     RX        /ERR/LOKO/0x00000002
15:42:20.519  INFO     RX        /ERR/LOKO/0x00000002
15:42:20.519  INFO     RX        /ERR/LOKO/0x00000002
15:42:20.519  INFO     RX        /ERR/LOKO/0x00000002
15:42:20.546  INFO     RX        /ERR/LOKO/0x00000002
15:42:20.546  INFO     RX        /ERR/LOKO/0x00000002
15:42:20.580  INFO     RX        /ERR/LOKO/0x00000002
15:42:20.581  INFO     RX        /ERR/LOKO/0x00000002
15:42:20.581  INFO     RX        /ERR/LOKO/0x00000002
15:42:20.611  INFO     RX        /ERR/LOKO/0x00000002
15:42:20.611  INFO     RX        /ERR/LOKO/0x00000002
15:42:20.611  INFO     RX        /ERR/LOKO/0x00000002
15:42:20.642  INFO     RX        /ERR/LOKO/0x00000002
15:42:20.642  INFO     RX        /ERR/LOKO/0x00000002
15:42:20.678  INFO     RX        /ERR/LOKO/0x00000002
15:42:20.678  INFO     RX        /ERR/LOKO/0x00000002
15:42:20.678  INFO     RX        /ERR/LOKO/0x00000002
15:42:20.678  INFO     RX        /ERR/LOKO/0x00000002
15:42:20.707  INFO     RX        /ERR/LOKO/0x00000002
15:42:20.707  INFO     RX        /ERR/LOKO/0x00000002
15:42:20.741  INFO     RX        /ERR/LOKO/0x00000002
15:42:20.741  INFO     RX        /ERR/LOKO/0x00000002
15:42:20.741  INFO     RX        /ERR/LOKO/0x00000002
15:42:20.770  INFO     RX        /ERR/LOKO/0x00000002
15:42:20.771  INFO     RX        /ERR/LOKO/0x00000002
15:42:20.803  INFO     RX        /ERR/LOKO/0x00000002
15:42:20.803  INFO     RX        /ERR/LOKO/0x00000002
15:42:20.803  INFO     RX        /ERR/LOKO/0x00000002
15:42:20.837  INFO     RX        /ERR/LOKO/0x00000002
15:42:20.837  INFO     RX        /ERR/LOKO/0x00000002
15:42:20.837  INFO     RX        /ERR/LOKO/0x00000002
15:42:20.867  INFO     RX        /ERR/LOKO/0x00000002
15:42:20.867  INFO     RX        /ERR/LOKO/0x00000002
15:42:20.867  INFO     RX        /ERR/LOKO/0x00000002
15:42:20.900  INFO     RX        /ERR/LOKO/0x00000002
15:42:20.900  INFO     RX        /ERR/LOKO/0x00000002
15:42:20.933  INFO     RX        /ERR/LOKO/0x00000002
15:42:20.933  INFO     RX        /ERR/LOKO/0x00000002
15:42:20.933  INFO     RX        /ERR/LOKO/0x00000002
15:42:20.933  INFO     RX        /ERR/LOKO/0x00000002
15:42:20.964  INFO     RX        /ERR/LOKO/0x00000002
15:42:20.964  INFO     RX        /ERR/LOKO/0x00000002
15:42:20.995  INFO     RX        /ERR/LOKO/0x00000002
15:42:20.995  INFO     RX        /ERR/LOKO/0x00000002
15:42:20.995  INFO     RX        /ERR/LOKO/0x00000002
15:42:21.030  INFO     RX        /ERR/LOKO/0x00000002
15:42:21.030  INFO     RX        /ERR/LOKO/0x00000002
15:42:21.030  INFO     RX        /ERR/LOKO/0x00000002
15:42:21.064  INFO     RX        /ERR/LOKO/0x00000002
15:42:21.064  INFO     RX        /ERR/LOKO/0x00000002
15:42:21.064  INFO     RX        /ERR/LOKO/0x00000002
15:42:21.095  INFO     RX        /ERR/LOKO/0x00000002
15:42:21.095  INFO     RX        /ERR/LOKO/0x00000002
15:42:21.095  INFO     RX        /ERR/LOKO/0x00000002
15:42:21.126  INFO     RX        /ERR/LOKO/0x00000002
15:42:21.126  INFO     RX        /ERR/LOKO/0x00000002
15:42:21.160  INFO     RX        /ERR/LOKO/0x00000002
15:42:21.160  INFO     RX        /ERR/LOKO/0x00000002
15:42:21.161  INFO     RX        /ERR/LOKO/0x00000002
15:42:21.188  INFO     RX        /ERR/LOKO/0x00000002
15:42:21.188  INFO     RX        /ERR/LOKO/0x00000002
15:42:21.188  INFO     RX        /ERR/LOKO/0x00000002
15:42:21.223  INFO     RX        /ERR/LOKO/0x00000002
15:42:21.224  INFO     RX        /ERR/LOKO/0x00000002
15:42:21.224  INFO     RX        /ERR/LOKO/0x00000002
15:42:21.256  INFO     RX        /ERR/LOKO/0x00000002
15:42:21.256  INFO     RX        /ERR/LOKO/0x00000002
15:42:21.285  INFO     RX        /ERR/LOKO/0x00000002
15:42:21.285  INFO     RX        /ERR/LOKO/0x00000002
15:42:21.285  INFO     RX        /ERR/LOKO/0x00000002
15:42:21.320  INFO     RX        /ERR/LOKO/0x00000002
15:42:21.320  INFO     RX        /ERR/LOKO/0x00000002
15:42:21.320  INFO     RX        /ERR/LOKO/0x00000002
15:42:21.350  INFO     RX        /ERR/LOKO/0x00000002
15:42:21.351  INFO     RX        /ERR/LOKO/0x00000002
15:42:21.351  INFO     RX        /ERR/LOKO/0x00000002
15:42:21.384  INFO     RX        /ERR/LOKO/0x00000002
15:42:21.576  INFO     RX        /ERR/LOKO/0x00000002
15:42:21.611  INFO     RX        /ERR/LOKO/0x00000002
15:42:21.611  INFO     RX        /ERR/LOKO/0x00000002
15:42:21.611  INFO     RX        /ERR/LOKO/0x00000002
15:42:21.639  INFO     RX        /ERR/LOKO/0x00000002
15:42:21.639  INFO     RX        /ERR/LOKO/0x00000002
15:42:21.639  INFO     RX        /ERR/LOKO/0x00000002
15:42:21.674  INFO     RX        /ERR/LOKO/0x00000002
15:42:21.674  INFO     RX        /ERR/LOKO/0x00000002
15:42:21.674  INFO     RX        /ERR/LOKO/0x00000002
15:42:21.704  INFO     RX        /ERR/LOKO/0x00000002
15:42:21.704  INFO     RX        /ERR/LOKO/0x00000002
15:42:21.736  INFO     RX        /ERR/LOKO/0x00000002
15:42:21.736  INFO     RX        /ERR/LOKO/0x00000002
15:42:21.736  INFO     RX        /ERR/LOKO/0x00000002
15:42:21.770  INFO     RX        /ERR/LOKO/0x00000002
15:42:21.770  INFO     RX        /ERR/LOKO/0x00000002
15:42:21.770  INFO     RX        /ERR/LOKO/0x00000002
15:42:21.805  INFO     RX        /ERR/LOKO/0x00000002
15:42:21.805  INFO     RX        /ERR/LOKO/0x00000002
15:42:21.805  INFO     RX        /ERR/LOKO/0x00000002
15:42:21.833  INFO     RX        /ERR/LOKO/0x00000002
15:42:21.834  INFO     RX        /ERR/LOKO/0x00000002
15:42:21.834  INFO     RX        /ERR/LOKO/0x00000002
15:42:21.868  INFO     RX        /ERR/LOKO/0x00000002
15:42:21.868  INFO     RX        /ERR/LOKO/0x00000002
15:42:21.868  INFO     RX        /ERR/LOKO/0x00000002
15:42:21.898  INFO     RX        /ERR/LOKO/0x00000002
15:42:21.898  INFO     RX        /ERR/LOKO/0x00000002
15:42:21.926  DEBUG    TX /CONTROLL/0,0,0,0,0,0,0,0,0
15:42:21.932  INFO     RX        /ERR/LOKO/0x00000002
15:42:21.932  INFO     RX        /ERR/LOKO/0x00000002
15:42:21.932  INFO     RX        /ERR/LOKO/0x00000002
15:42:21.967  INFO     RX        /ERR/LOKO/0x00000002
15:42:21.967  INFO     RX        /ERR/LOKO/0x00000002
15:42:21.967  INFO     RX        /ERR/LOKO/0x00000002
15:42:21.994  INFO     RX        /ERR/LOKO/0x00000002
15:42:21.994  INFO     RX        /ERR/LOKO/0x00000002
15:42:21.994  INFO     RX        /ERR/LOKO/0x00000002
15:42:22.032  INFO     RX        /ERR/LOKO/0x00000002
15:42:22.032  INFO     RX        /ERR/LOKO/0x00000002
15:42:22.032  INFO     RX        /ERR/LOKO/0x00000002
15:42:22.060  INFO     RX        /ERR/LOKO/0x00000002
15:42:22.060  INFO     RX        /ERR/LOKO/0x00000002
15:42:22.091  INFO     RX        /ERR/LOKO/0x00000002
15:42:22.092  INFO     RX        /ERR/LOKO/0x00000002
15:42:22.092  INFO     RX        /ERR/LOKO/0x00000002
15:42:22.121  INFO     RX        /ERR/LOKO/0x00000002
15:42:22.122  INFO     RX        /ERR/LOKO/0x00000002
15:42:22.122  INFO     RX        /ERR/LOKO/0x00000002
15:42:22.156  INFO     RX        /ERR/LOKO/0x00000002
15:42:22.156  INFO     RX        /ERR/LOKO/0x00000002
15:42:22.156  INFO     RX        /ERR/LOKO/0x00000002
15:42:22.187  INFO     RX        /ERR/LOKO/0x00000002
15:42:22.187  INFO     RX        /ERR/LOKO/0x00000002
15:42:22.219  INFO     RX        /ERR/LOKO/0x00000002
15:42:22.219  INFO     RX        /ERR/LOKO/0x00000002
15:42:22.219  INFO     RX        /ERR/LOKO/0x00000002
15:42:22.252  INFO     RX        /ERR/LOKO/0x00000002
15:42:22.896  INFO     RX        /ERR/LOKO/0x00000002
15:42:22.896  INFO     RX        /ERR/LOKO/0x00000002
15:42:22.927  INFO     RX        /ERR/LOKO/0x00000002
15:42:22.927  INFO     RX        /ERR/LOKO/0x00000002
15:42:22.958  INFO     RX        /ERR/LOKO/0x00000002
15:42:22.958  INFO     RX        /ERR/LOKO/0x00000002
15:42:22.958  INFO     RX        /ERR/LOKO/0x00000002
15:42:22.993  INFO     RX        /ERR/LOKO/0x00000002
15:42:22.993  INFO     RX        /ERR/LOKO/0x00000002
15:42:22.993  INFO     RX        /ERR/LOKO/0x00000002
15:42:23.023  INFO     RX        /ERR/LOKO/0x00000002
15:42:23.023  INFO     RX        /ERR/LOKO/0x00000002
15:42:23.058  INFO     RX        /ERR/LOKO/0x00000002
15:42:23.058  INFO     RX        /ERR/LOKO/0x00000002
15:42:23.058  INFO     RX        /ERR/LOKO/0x00000002
15:42:23.058  INFO     RX        /ERR/LOKO/0x00000002
15:42:23.088  INFO     RX        /ERR/LOKO/0x00000002
15:42:23.088  INFO     RX        /ERR/LOKO/0x00000002
15:42:23.120  INFO     RX        /ERR/LOKO/0x00000002
15:42:23.120  INFO     RX        /ERR/LOKO/0x00000002
15:42:23.120  INFO     RX        /ERR/LOKO/0x00000002
15:42:23.152  INFO     RX        /ERR/LOKO/0x00000002
15:42:23.152  INFO     RX        /ERR/LOKO/0x00000002
15:42:23.152  INFO     RX        /ERR/LOKO/0x00000002
15:42:23.188  INFO     RX        /ERR/LOKO/0x00000002
15:42:23.188  INFO     RX        /ERR/LOKO/0x00000002
15:42:23.188  INFO     RX        /ERR/LOKO/0x00000002
15:42:23.222  INFO     RX        /ERR/LOKO/0x00000002
15:42:23.222  INFO     RX        /ERR/LOKO/0x00000002
15:42:23.222  INFO     RX        /ERR/LOKO/0x00000002
15:42:23.250  INFO     RX        /ERR/LOKO/0x00000002
15:42:23.250  INFO     RX        /ERR/LOKO/0x00000002
15:42:23.284  INFO     RX        /ERR/LOKO/0x00000002
15:42:23.284  INFO     RX        /ERR/LOKO/0x00000002
15:42:23.284  INFO     RX        /ERR/LOKO/0x00000002
15:42:23.313  INFO     RX        /ERR/LOKO/0x00000002
15:42:23.313  INFO     RX        /ERR/LOKO/0x00000002
15:42:23.313  INFO     RX        /ERR/LOKO/0x00000002
15:42:23.349  INFO     RX        /ERR/LOKO/0x00000002
15:42:23.349  INFO     RX        /ERR/LOKO/0x00000002
15:42:23.349  INFO     RX        /ERR/LOKO/0x00000002
15:42:23.376  INFO     RX        /ERR/LOKO/0x00000002
15:42:23.376  INFO     RX        /ERR/LOKO/0x00000002
15:42:23.412  INFO     RX        /ERR/LOKO/0x00000002
15:42:23.533  DEBUG    TX /CONTROLL/0,0,0,0,0,0,0,0,2
15:42:23.954  INFO     RX        /ERR/LOKO/0x00000002
15:42:23.954  INFO     RX        /ERR/LOKO/0x00000002
15:42:23.986  INFO     RX        /ERR/LOKO/0x00000002
15:42:23.986  INFO     RX        /ERR/LOKO/0x00000002
15:42:23.986  INFO     RX        /ERR/LOKO/0x00000002
15:42:24.021  INFO     RX        /ERR/LOKO/0x00000002
15:42:24.021  INFO     RX        /ERR/LOKO/0x00000002
15:42:24.021  INFO     RX        /ERR/LOKO/0x00000002
15:42:24.051  INFO     RX        /ERR/LOKO/0x00000002
15:42:24.051  INFO     RX        /ERR/LOKO/0x00000002
15:42:24.085  INFO     RX        /ERR/LOKO/0x00000002
15:42:24.085  INFO     RX        /ERR/LOKO/0x00000002
15:42:24.085  INFO     RX        /ERR/LOKO/0x00000002
15:42:24.115  INFO     RX        /ERR/LOKO/0x00000002
15:42:24.115  INFO     RX        /ERR/LOKO/0x00000002
15:42:24.115  INFO     RX        /ERR/LOKO/0x00000002
15:42:24.149  INFO     RX        /ERR/LOKO/0x00000002
15:42:24.149  INFO     RX        /ERR/LOKO/0x00000002
15:42:24.149  INFO     RX        /ERR/LOKO/0x00000002
15:42:24.178  INFO     RX        /ERR/LOKO/0x00000002
15:42:24.178  INFO     RX        /ERR/LOKO/0x00000002
15:42:24.214  INFO     RX        /ERR/LOKO/0x00000002
15:42:24.214  INFO     RX        /ERR/LOKO/0x00000002
15:42:24.214  INFO     RX        /ERR/LOKO/0x00000002
15:42:24.244  INFO     RX        /ERR/LOKO/0x00000002
15:42:24.244  INFO     RX        /ERR/LOKO/0x00000002
15:42:24.244  INFO     RX        /ERR/LOKO/0x00000002
15:42:24.275  INFO     RX        /ERR/LOKO/0x00000002
15:42:24.275  INFO     RX        /ERR/LOKO/0x00000002
15:42:24.275  INFO     RX        /ERR/LOKO/0x00000002
15:42:24.309  INFO     RX        /ERR/LOKO/0x00000002
15:42:24.310  INFO     RX        /ERR/LOKO/0x00000002
15:42:24.310  INFO     RX        /ERR/LOKO/0x00000002
15:42:24.343  INFO     RX        /ERR/LOKO/0x00000002
15:42:24.343  INFO     RX        /ERR/LOKO/0x00000002
15:42:24.343  INFO     RX        /ERR/LOKO/0x00000002
15:42:24.376  INFO     RX        /ERR/LOKO/0x00000002
15:42:24.376  INFO     RX        /ERR/LOKO/0x00000002
15:42:24.406  INFO     RX        /ERR/LOKO/0x00000002
15:42:24.406  INFO     RX        /ERR/LOKO/0x00000002
15:42:24.406  INFO     RX        /ERR/LOKO/0x00000002
15:42:24.444  INFO     RX        /ERR/LOKO/0x00000002
15:42:24.632  INFO     RX        /ERR/LOKO/0x00000002
15:42:24.670  INFO     RX        /ERR/LOKO/0x00000002
15:42:24.670  INFO     RX        /ERR/LOKO/0x00000002
15:42:24.670  INFO     RX        /ERR/LOKO/0x00000002
15:42:24.697  INFO     RX        /ERR/LOKO/0x00000002
15:42:24.697  INFO     RX        /ERR/LOKO/0x00000002
15:42:24.732  INFO     RX        /ERR/LOKO/0x00000002
15:42:24.732  INFO     RX        /ERR/LOKO/0x00000002
15:42:24.732  INFO     RX        /ERR/LOKO/0x00000002
15:42:24.759  INFO     RX        /ERR/LOKO/0x00000002
15:42:24.759  INFO     RX        /ERR/LOKO/0x00000002
15:42:24.759  INFO     RX        /ERR/LOKO/0x00000002
15:42:24.795  INFO     RX        /ERR/LOKO/0x00000002
15:42:24.795  INFO     RX        /ERR/LOKO/0x00000002
15:42:24.795  INFO     RX        /ERR/LOKO/0x00000002
15:42:24.824  INFO     RX        /ERR/LOKO/0x00000002
15:42:24.824  INFO     RX        /ERR/LOKO/0x00000002
15:42:24.861  INFO     RX        /ERR/LOKO/0x00000002
15:42:24.861  INFO     RX        /ERR/LOKO/0x00000002
15:42:24.861  INFO     RX        /ERR/LOKO/0x00000002
15:42:24.861  INFO     RX        /ERR/LOKO/0x00000002
15:42:24.890  INFO     RX        /ERR/LOKO/0x00000002
15:42:24.890  INFO     RX        /ERR/LOKO/0x00000002
15:42:24.924  INFO     RX        /ERR/LOKO/0x00000002
15:42:24.924  INFO     RX        /ERR/LOKO/0x00000002
15:42:24.924  INFO     RX        /ERR/LOKO/0x00000002
15:42:24.953  INFO     RX        /ERR/LOKO/0x00000002
15:42:24.953  INFO     RX        /ERR/LOKO/0x00000002
15:42:24.953  INFO     RX        /ERR/LOKO/0x00000002
15:42:24.986  INFO     RX        /ERR/LOKO/0x00000002
15:42:24.987  INFO     RX        /ERR/LOKO/0x00000002
15:42:24.987  INFO     RX        /ERR/LOKO/0x00000002
15:42:25.019  INFO     RX        /ERR/LOKO/0x00000002
15:42:25.019  INFO     RX        /ERR/LOKO/0x00000002
15:42:25.050  INFO     RX        /ERR/LOKO/0x00000002
15:42:25.141  DEBUG    TX /CONTROLL/0,0,0,0,0,0,0,0,2
15:42:25.631  INFO     RX        /ERR/LOKO/0x00000002
15:42:25.631  INFO     RX        /ERR/LOKO/0x00000002
15:42:25.660  INFO     RX        /ERR/LOKO/0x00000002
15:42:25.661  INFO     RX        /ERR/LOKO/0x00000002
15:42:25.661  INFO     RX        /ERR/LOKO/0x00000002
15:42:25.694  INFO     RX        /ERR/LOKO/0x00000002
15:42:25.694  INFO     RX        /ERR/LOKO/0x00000002
15:42:25.694  INFO     RX        /ERR/LOKO/0x00000002
15:42:25.727  INFO     RX        /ERR/LOKO/0x00000002
15:42:25.727  INFO     RX        /ERR/LOKO/0x00000002
15:42:25.760  INFO     RX        /ERR/LOKO/0x00000002
15:42:25.760  INFO     RX        /ERR/LOKO/0x00000002
15:42:25.760  INFO     RX        /ERR/LOKO/0x00000002
15:42:25.788  INFO     RX        /ERR/LOKO/0x00000002
15:42:25.788  INFO     RX        /ERR/LOKO/0x00000002
15:42:25.788  INFO     RX        /ERR/LOKO/0x00000002
15:42:25.823  INFO     RX        /ERR/LOKO/0x00000002
15:42:25.823  INFO     RX        /ERR/LOKO/0x00000002
15:42:25.823  INFO     RX        /ERR/LOKO/0x00000002
15:42:25.856  INFO     RX        /ERR/LOKO/0x00000002
15:42:25.856  INFO     RX        /ERR/LOKO/0x00000002
15:42:25.856  INFO     RX        /ERR/LOKO/0x00000002
15:42:25.904  INFO     RX        /ERR/LOKO/0x00000002
15:42:25.904  INFO     RX        /ERR/LOKO/0x00000002
15:42:25.904  INFO     RX        /ERR/LOKO/0x00000002
15:42:25.904  INFO     RX        /ERR/LOKO/0x00000002
15:42:25.920  INFO     RX        /ERR/LOKO/0x00000002
15:42:25.950  INFO     RX        /ERR/LOKO/0x00000002
15:42:25.950  INFO     RX        /ERR/LOKO/0x00000002
15:42:25.950  INFO     RX        /ERR/LOKO/0x00000002
15:42:25.980  INFO     RX        /ERR/LOKO/0x00000002
15:42:25.981  INFO     RX        /ERR/LOKO/0x00000002
15:42:26.017  INFO     RX        /ERR/LOKO/0x00000002
15:42:26.017  INFO     RX        /ERR/LOKO/0x00000002
15:42:26.018  INFO     RX        /ERR/LOKO/0x00000002
15:42:26.018  INFO     RX        /ERR/LOKO/0x00000002
15:42:26.045  INFO     RX        /ERR/LOKO/0x00000002
15:42:26.045  INFO     RX        /ERR/LOKO/0x00000002
15:42:26.077  INFO     RX        /ERR/LOKO/0x00000002
15:42:26.077  INFO     RX        /ERR/LOKO/0x00000002
15:42:26.077  INFO     RX        /ERR/LOKO/0x00000002
15:42:26.112  INFO     RX        /ERR/LOKO/0x00000002
15:42:26.112  INFO     RX        /ERR/LOKO/0x00000002
15:42:26.113  INFO     RX        /ERR/LOKO/0x00000002
15:42:26.140  INFO     RX        /ERR/LOKO/0x00000002
15:42:26.141  INFO     RX        /ERR/LOKO/0x00000002
15:42:26.176  INFO     RX        /ERR/LOKO/0x00000002
15:42:26.176  INFO     RX        /ERR/LOKO/0x00000002
15:42:26.176  INFO     RX        /ERR/LOKO/0x00000002
15:42:26.206  INFO     RX        /ERR/LOKO/0x00000002
15:42:26.206  INFO     RX        /ERR/LOKO/0x00000002
15:42:26.206  INFO     RX        /ERR/LOKO/0x00000002
15:42:26.237  INFO     RX        /ERR/LOKO/0x00000002
15:42:26.237  INFO     RX        /ERR/LOKO/0x00000002
15:42:26.237  INFO     RX        /ERR/LOKO/0x00000002
15:42:26.272  INFO     RX        /ERR/LOKO/0x00000002
15:42:26.272  INFO     RX        /ERR/LOKO/0x00000002
15:42:26.272  INFO     RX        /ERR/LOKO/0x00000002
15:42:26.301  INFO     RX        /ERR/LOKO/0x00000002
15:42:26.301  INFO     RX        /ERR/LOKO/0x00000002
15:42:26.336  INFO     RX        /ERR/LOKO/0x00000002
15:42:26.336  INFO     RX        /ERR/LOKO/0x00000002
15:42:26.336  INFO     RX        /ERR/LOKO/0x00000002
15:42:26.366  INFO     RX        /ERR/LOKO/0x00000002
15:42:26.367  INFO     RX        /ERR/LOKO/0x00000002
15:42:26.367  INFO     RX        /ERR/LOKO/0x00000002
15:42:26.402  INFO     RX        /ERR/LOKO/0x00000002
15:42:26.402  INFO     RX        /ERR/LOKO/0x00000002
15:42:26.402  INFO     RX        /ERR/LOKO/0x00000002
15:42:26.430  INFO     RX        /ERR/LOKO/0x00000002
15:42:26.430  INFO     RX        /ERR/LOKO/0x00000002
15:42:26.462  INFO     RX        /ERR/LOKO/0x00000002
15:42:26.462  INFO     RX        /ERR/LOKO/0x00000002
15:42:26.462  INFO     RX        /ERR/LOKO/0x00000002
15:42:26.497  INFO     RX        /ERR/LOKO/0x00000002
15:42:26.497  INFO     RX        /ERR/LOKO/0x00000002
15:42:26.497  INFO     RX        /ERR/LOKO/0x00000002
15:42:26.527  INFO     RX        /ERR/LOKO/0x00000002
15:42:26.528  INFO     RX        /ERR/LOKO/0x00000002
15:42:26.528  INFO     RX        /ERR/LOKO/0x00000002
15:42:26.563  INFO     RX        /ERR/LOKO/0x00000002
15:42:26.563  INFO     RX        /ERR/LOKO/0x00000002
15:42:26.563  INFO     RX        /ERR/LOKO/0x00000002
15:42:26.595  INFO     RX        /ERR/LOKO/0x00000002
15:42:26.595  INFO     RX        /ERR/LOKO/0x00000002
15:42:26.595  INFO     RX        /ERR/LOKO/0x00000002
15:42:26.627  INFO     RX        /ERR/LOKO/0x00000002
15:42:26.627  INFO     RX        /ERR/LOKO/0x00000002
15:42:26.657  INFO     RX        /ERR/LOKO/0x00000002
15:42:26.657  INFO     RX        /ERR/LOKO/0x00000002
15:42:26.657  INFO     RX        /ERR/LOKO/0x00000002
15:42:26.692  INFO     RX        /ERR/LOKO/0x00000002
15:42:26.692  INFO     RX        /ERR/LOKO/0x00000002
15:42:26.692  INFO     RX        /ERR/LOKO/0x00000002
15:42:26.720  INFO     RX        /ERR/LOKO/0x00000002
15:42:26.720  INFO     RX        /ERR/LOKO/0x00000002
15:42:26.749  DEBUG    TX /CONTROLL/0,0,0,0,0,0,0,0,0
15:42:26.752  INFO     RX        /ERR/LOKO/0x00000002
15:42:26.752  INFO     RX        /ERR/LOKO/0x00000002
15:42:26.752  INFO     RX        /ERR/LOKO/0x00000002
15:42:26.784  INFO     RX        /ERR/LOKO/0x00000002
15:42:26.784  INFO     RX        /ERR/LOKO/0x00000002
15:42:26.784  INFO     RX        /ERR/LOKO/0x00000002
15:42:26.819  INFO     RX        /ERR/LOKO/0x00000002
15:42:26.820  INFO     RX        /ERR/LOKO/0x00000002
15:42:26.820  INFO     RX        /ERR/LOKO/0x00000002
15:42:26.852  INFO     RX        /ERR/LOKO/0x00000002
15:42:26.852  INFO     RX        /ERR/LOKO/0x00000002
15:42:26.852  INFO     RX        /ERR/LOKO/0x00000002
15:42:26.881  INFO     RX        /ERR/LOKO/0x00000002
15:42:26.881  INFO     RX        /ERR/LOKO/0x00000002
15:42:26.916  INFO     RX        /ERR/LOKO/0x00000002
15:42:26.916  INFO     RX        /ERR/LOKO/0x00000002
15:42:26.916  INFO     RX        /ERR/LOKO/0x00000002
15:42:26.946  INFO     RX        /ERR/LOKO/0x00000002
15:42:26.946  INFO     RX        /ERR/LOKO/0x00000002
15:42:26.946  INFO     RX        /ERR/LOKO/0x00000002
15:42:26.982  INFO     RX        /ERR/LOKO/0x00000002
15:42:26.982  INFO     RX        /ERR/LOKO/0x00000002
15:42:26.982  INFO     RX        /ERR/LOKO/0x00000002
15:42:27.010  INFO     RX        /ERR/LOKO/0x00000002
15:42:27.010  INFO     RX        /ERR/LOKO/0x00000002
15:42:27.045  INFO     RX        /ERR/LOKO/0x00000002
15:42:27.045  INFO     RX        /ERR/LOKO/0x00000002
15:42:27.045  INFO     RX        /ERR/LOKO/0x00000002
15:42:27.075  INFO     RX        /ERR/LOKO/0x00000002
15:42:27.075  INFO     RX        /ERR/LOKO/0x00000002
15:42:27.075  INFO     RX        /ERR/LOKO/0x00000002
15:42:27.107  INFO     RX        /ERR/LOKO/0x00000002
15:42:27.107  INFO     RX        /ERR/LOKO/0x00000002
15:42:27.107  INFO     RX        /ERR/LOKO/0x00000002
15:42:27.144  INFO     RX        /ERR/LOKO/0x00000002
15:42:27.144  INFO     RX        /ERR/LOKO/0x00000002
15:42:27.144  INFO     RX        /ERR/LOKO/0x00000002
15:42:27.173  INFO     RX        /ERR/LOKO/0x00000002
15:42:27.173  INFO     RX        /ERR/LOKO/0x00000002
15:42:27.173  INFO     RX        /ERR/LOKO/0x00000002
15:42:27.209  INFO     RX        /ERR/LOKO/0x00000002
15:42:27.209  INFO     RX        /ERR/LOKO/0x00000002
15:42:27.209  INFO     RX        /ERR/LOKO/0x00000002
15:42:27.244  INFO     RX        /ERR/LOKO/0x00000002
15:42:27.244  INFO     RX        /ERR/LOKO/0x00000002
15:42:27.244  INFO     RX        /ERR/LOKO/0x00000002
15:42:27.273  INFO     RX        /ERR/LOKO/0x00000002
15:42:27.273  INFO     RX        /ERR/LOKO/0x00000002
15:42:27.304  INFO     RX        /ERR/LOKO/0x00000002
15:42:27.304  INFO     RX        /ERR/LOKO/0x00000002
15:42:27.304  INFO     RX        /ERR/LOKO/0x00000002
15:42:27.334  INFO     RX        /ERR/LOKO/0x00000002
15:42:27.335  INFO     RX        /ERR/LOKO/0x00000002
15:42:27.335  INFO     RX        /ERR/LOKO/0x00000002
15:42:27.367  INFO     RX        /ERR/LOKO/0x00000002
15:42:27.367  INFO     RX        /ERR/LOKO/0x00000002
15:42:27.399  INFO     RX        /ERR/LOKO/0x00000002
15:42:27.399  INFO     RX        /ERR/LOKO/0x00000002
15:42:27.399  INFO     RX        /ERR/LOKO/0x00000002
15:42:27.431  INFO     RX        /ERR/LOKO/0x00000002
15:42:27.431  INFO     RX        /ERR/LOKO/0x00000002
15:42:27.431  INFO     RX        /ERR/LOKO/0x00000002
15:42:27.465  INFO     RX        /ERR/LOKO/0x00000002
15:42:27.465  INFO     RX        /ERR/LOKO/0x00000002
15:42:27.465  INFO     RX        /ERR/LOKO/0x00000002
15:42:27.498  INFO     RX        /ERR/LOKO/0x00000002
15:42:27.498  INFO     RX        /ERR/LOKO/0x00000002
15:42:27.498  INFO     RX        /ERR/LOKO/0x00000002
15:42:27.528  INFO     RX        /ERR/LOKO/0x00000002
15:42:27.528  INFO     RX        /ERR/LOKO/0x00000002
15:42:27.645  INFO     RX        /ERR/LOKO/0x00000002
15:42:27.645  INFO     RX        /ERR/LOKO/0x00000002
15:42:27.645  INFO     RX        /ERR/LOKO/0x00000002
15:42:27.645  INFO     RX        /ERR/LOKO/0x00000002
15:42:27.645  INFO     RX        /ERR/LOKO/0x00000002
15:42:27.645  INFO     RX        /ERR/LOKO/0x00000002
15:42:27.645  INFO     RX        /ERR/LOKO/0x00000002
15:42:27.645  INFO     RX        /ERR/LOKO/0x00000002
15:42:27.653  INFO     RX        /ERR/LOKO/0x00000002
15:42:27.653  INFO     RX        /ERR/LOKO/0x00000002
15:42:27.653  INFO     RX        /ERR/LOKO/0x00000002
15:42:27.662  INFO     RX        /ERR/LOKO/0x00000002
15:42:27.708  INFO     RX        /ERR/LOKO/0x00000002
15:42:27.708  INFO     RX        /ERR/LOKO/0x00000002
15:42:27.708  INFO     RX        /ERR/LOKO/0x00000002
15:42:27.709  INFO     RX        /ERR/LOKO/0x00000002
15:42:27.726  INFO     RX        /ERR/LOKO/0x00000002
15:42:27.760  INFO     RX        /ERR/LOKO/0x00000002
15:42:27.761  INFO     RX        /ERR/LOKO/0x00000002
15:42:27.761  INFO     RX        /ERR/LOKO/0x00000002
15:42:27.789  INFO     RX        /ERR/LOKO/0x00000002
15:42:27.789  INFO     RX        /ERR/LOKO/0x00000002
15:42:27.789  INFO     RX        /ERR/LOKO/0x00000002
15:42:27.829  INFO     RX        /ERR/LOKO/0x00000002
15:42:27.830  INFO     RX        /ERR/LOKO/0x00000002
15:42:27.830  INFO     RX        /ERR/LOKO/0x00000002
15:42:27.854  INFO     RX        /ERR/LOKO/0x00000002
15:42:27.854  INFO     RX        /ERR/LOKO/0x00000002
15:42:27.887  INFO     RX        /ERR/LOKO/0x00000002
15:42:27.887  INFO     RX        /ERR/LOKO/0x00000002
15:42:27.887  INFO     RX        /ERR/LOKO/0x00000002
15:42:27.920  INFO     RX        /ERR/LOKO/0x00000002
15:42:27.921  INFO     RX        /ERR/LOKO/0x00000002
15:42:27.921  INFO     RX        /ERR/LOKO/0x00000002
15:42:27.949  INFO     RX        /ERR/LOKO/0x00000002
15:42:27.949  INFO     RX        /ERR/LOKO/0x00000002
15:42:27.950  INFO     RX        /ERR/LOKO/0x00000002
15:42:27.982  INFO     RX        /ERR/LOKO/0x00000002
15:42:27.982  INFO     RX        /ERR/LOKO/0x00000002
15:42:27.982  INFO     RX        /ERR/LOKO/0x00000002
15:42:28.017  INFO     RX        /ERR/LOKO/0x00000002
15:42:28.017  INFO     RX        /ERR/LOKO/0x00000002
15:42:28.017  INFO     RX        /ERR/LOKO/0x00000002
15:42:28.047  INFO     RX        /ERR/LOKO/0x00000002
15:42:28.047  INFO     RX        /ERR/LOKO/0x00000002
15:42:28.082  INFO     RX        /ERR/LOKO/0x00000002
15:42:28.082  INFO     RX        /ERR/LOKO/0x00000002
15:42:28.082  INFO     RX        /ERR/LOKO/0x00000002
15:42:28.126  INFO     RX        /ERR/LOKO/0x00000002
15:42:28.127  INFO     RX        /ERR/LOKO/0x00000002
15:42:28.127  INFO     RX        /ERR/LOKO/0x00000002
15:42:28.127  INFO     RX        /ERR/LOKO/0x00000002
15:42:28.148  INFO     RX        /ERR/LOKO/0x00000002
15:42:28.148  INFO     RX        /ERR/LOKO/0x00000002
15:42:28.178  INFO     RX        /ERR/LOKO/0x00000002
15:42:28.178  INFO     RX        /ERR/LOKO/0x00000002
15:42:28.178  INFO     RX        /ERR/LOKO/0x00000002
15:42:28.211  INFO     RX        /ERR/LOKO/0x00000002
15:42:28.211  INFO     RX        /ERR/LOKO/0x00000002
15:42:28.244  INFO     RX        /ERR/LOKO/0x00000002
15:42:28.244  INFO     RX        /ERR/LOKO/0x00000002
15:42:28.244  INFO     RX        /ERR/LOKO/0x00000002
15:42:28.272  INFO     RX        /ERR/LOKO/0x00000002
15:42:28.272  INFO     RX        /ERR/LOKO/0x00000002
15:42:28.272  INFO     RX        /ERR/LOKO/0x00000002
15:42:28.309  INFO     RX        /ERR/LOKO/0x00000002
15:42:28.309  INFO     RX        /ERR/LOKO/0x00000002
15:42:28.309  INFO     RX        /ERR/LOKO/0x00000002
15:42:28.339  INFO     RX        /ERR/LOKO/0x00000002
15:42:28.339  INFO     RX        /ERR/LOKO/0x00000002
15:42:28.339  INFO     RX        /ERR/LOKO/0x00000002
15:42:28.367  DEBUG    TX /CONTROLL/0,0,0,0,0,0,0,0,0
15:42:28.374  INFO     RX        /ERR/LOKO/0x00000002
15:42:28.374  INFO     RX        /ERR/LOKO/0x00000002
15:42:28.402  INFO     RX        /ERR/LOKO/0x00000002
15:42:28.402  INFO     RX        /ERR/LOKO/0x00000002
15:42:28.402  INFO     RX        /ERR/LOKO/0x00000002
15:42:28.438  INFO     RX        /ERR/LOKO/0x00000002
15:42:28.438  INFO     RX        /ERR/LOKO/0x00000002
15:42:28.438  INFO     RX        /ERR/LOKO/0x00000002
15:42:28.471  INFO     RX        /ERR/LOKO/0x00000002
15:42:28.471  INFO     RX        /ERR/LOKO/0x00000002
15:42:28.471  INFO     RX        /ERR/LOKO/0x00000002
15:42:28.499  INFO     RX        /ERR/LOKO/0x00000002
15:42:28.500  INFO     RX        /ERR/LOKO/0x00000002
15:42:28.531  INFO     RX        /ERR/LOKO/0x00000002
15:42:28.532  INFO     RX        /ERR/LOKO/0x00000002
15:42:28.532  INFO     RX        /ERR/LOKO/0x00000002
15:42:28.567  INFO     RX        /ERR/LOKO/0x00000002
15:42:28.567  INFO     RX        /ERR/LOKO/0x00000002
15:42:28.567  INFO     RX        /ERR/LOKO/0x00000002
15:42:28.600  INFO     RX        /ERR/LOKO/0x00000002
15:42:28.600  INFO     RX        /ERR/LOKO/0x00000002
15:42:28.600  INFO     RX        /ERR/LOKO/0x00000002
15:42:28.629  INFO     RX        /ERR/LOKO/0x00000002
15:42:28.629  INFO     RX        /ERR/LOKO/0x00000002
15:42:28.629  INFO     RX        /ERR/LOKO/0x00000002
15:42:28.664  INFO     RX        /ERR/LOKO/0x00000002
15:42:28.664  INFO     RX        /ERR/LOKO/0x00000002
15:42:28.664  INFO     RX        /ERR/LOKO/0x00000002
15:42:28.694  INFO     RX        /ERR/LOKO/0x00000002
15:42:28.694  INFO     RX        /ERR/LOKO/0x00000002
15:42:28.728  INFO     RX        /ERR/LOKO/0x00000002
15:42:28.728  INFO     RX        /ERR/LOKO/0x00000002
15:42:28.728  INFO     RX        /ERR/LOKO/0x00000002
15:42:28.758  INFO     RX        /ERR/LOKO/0x00000002
15:42:28.758  INFO     RX        /ERR/LOKO/0x00000002
15:42:28.758  INFO     RX        /ERR/LOKO/0x00000002
15:42:28.792  INFO     RX        /ERR/LOKO/0x00000002
15:42:28.792  INFO     RX        /ERR/LOKO/0x00000002
15:42:28.792  INFO     RX        /ERR/LOKO/0x00000002
15:42:28.822  INFO     RX        /ERR/LOKO/0x00000002
15:42:28.822  INFO     RX        /ERR/LOKO/0x00000002
15:42:28.857  INFO     RX        /ERR/LOKO/0x00000002
15:42:28.857  INFO     RX        /ERR/LOKO/0x00000002
15:42:28.857  INFO     RX        /ERR/LOKO/0x00000002
15:42:28.886  INFO     RX        /ERR/LOKO/0x00000002
15:42:28.887  INFO     RX        /ERR/LOKO/0x00000002
15:42:28.887  INFO     RX        /ERR/LOKO/0x00000002
15:42:28.921  INFO     RX        /ERR/LOKO/0x00000002
15:42:28.921  INFO     RX        /ERR/LOKO/0x00000002
15:42:28.921  INFO     RX        /ERR/LOKO/0x00000002
15:42:28.950  INFO     RX        /ERR/LOKO/0x00000002
15:42:28.950  INFO     RX        /ERR/LOKO/0x00000002
15:42:28.982  INFO     RX        /ERR/LOKO/0x00000002
15:42:28.983  INFO     RX        /ERR/LOKO/0x00000002
15:42:28.983  INFO     RX        /ERR/LOKO/0x00000002
15:42:29.019  INFO     RX        /ERR/LOKO/0x00000002
15:42:29.019  INFO     RX        /ERR/LOKO/0x00000002
15:42:29.019  INFO     RX        /ERR/LOKO/0x00000002
15:42:29.046  INFO     RX        /ERR/LOKO/0x00000002
15:42:29.046  INFO     RX        /ERR/LOKO/0x00000002
15:42:29.046  INFO     RX        /ERR/LOKO/0x00000002
15:42:29.082  INFO     RX        /ERR/LOKO/0x00000002
15:42:29.082  INFO     RX        /ERR/LOKO/0x00000002
15:42:29.082  INFO     RX        /ERR/LOKO/0x00000002
15:42:29.112  INFO     RX        /ERR/LOKO/0x00000002
15:42:29.112  INFO     RX        /ERR/LOKO/0x00000002
15:42:29.149  INFO     RX        /ERR/LOKO/0x00000002
15:42:29.149  INFO     RX        /ERR/LOKO/0x00000002
15:42:29.149  INFO     RX        /ERR/LOKO/0x00000002
15:42:29.149  INFO     RX        /ERR/LOKO/0x00000002
15:42:29.176  INFO     RX        /ERR/LOKO/0x00000002
15:42:29.176  INFO     RX        /ERR/LOKO/0x00000002
15:42:29.211  INFO     RX        /ERR/LOKO/0x00000002
15:42:29.211  INFO     RX        /ERR/LOKO/0x00000002
15:42:29.211  INFO     RX        /ERR/LOKO/0x00000002
15:42:29.246  INFO     RX        /ERR/LOKO/0x00000002
15:42:29.246  INFO     RX        /ERR/LOKO/0x00000002
15:42:29.246  INFO     RX        /ERR/LOKO/0x00000002
15:42:29.272  INFO     RX        /ERR/LOKO/0x00000002
15:42:29.272  INFO     RX        /ERR/LOKO/0x00000002
15:42:29.307  INFO     RX        /ERR/LOKO/0x00000002
15:42:29.307  INFO     RX        /ERR/LOKO/0x00000002
15:42:29.307  INFO     RX        /ERR/LOKO/0x00000002
15:42:29.339  INFO     RX        /ERR/LOKO/0x00000002
15:42:29.339  INFO     RX        /ERR/LOKO/0x00000002
15:42:29.339  INFO     RX        /ERR/LOKO/0x00000002
15:42:29.372  INFO     RX        /ERR/LOKO/0x00000002
15:42:29.372  INFO     RX        /ERR/LOKO/0x00000002
15:42:29.372  INFO     RX        /ERR/LOKO/0x00000002
15:42:29.400  INFO     RX        /ERR/LOKO/0x00000002
15:42:29.400  INFO     RX        /ERR/LOKO/0x00000002
15:42:29.433  INFO     RX        /ERR/LOKO/0x00000002
15:42:29.433  INFO     RX        /ERR/LOKO/0x00000002
15:42:29.433  INFO     RX        /ERR/LOKO/0x00000002
15:42:29.464  INFO     RX        /ERR/LOKO/0x00000002
15:42:29.464  INFO     RX        /ERR/LOKO/0x00000002
15:42:29.464  INFO     RX        /ERR/LOKO/0x00000002
15:42:29.499  INFO     RX        /ERR/LOKO/0x00000002
15:42:29.499  INFO     RX        /ERR/LOKO/0x00000002
15:42:29.499  INFO     RX        /ERR/LOKO/0x00000002
15:42:29.527  INFO     RX        /ERR/LOKO/0x00000002
15:42:29.527  INFO     RX        /ERR/LOKO/0x00000002
15:42:29.563  INFO     RX        /ERR/LOKO/0x00000002
15:42:29.563  INFO     RX        /ERR/LOKO/0x00000002
15:42:29.563  INFO     RX        /ERR/LOKO/0x00000002
15:42:29.591  INFO     RX        /ERR/LOKO/0x00000002
15:42:29.591  INFO     RX        /ERR/LOKO/0x00000002
15:42:29.591  INFO     RX        /ERR/LOKO/0x00000002
15:42:29.627  INFO     RX        /ERR/LOKO/0x00000002
15:42:29.627  INFO     RX        /ERR/LOKO/0x00000002
15:42:29.627  INFO     RX        /ERR/LOKO/0x00000002
15:42:29.656  INFO     RX        /ERR/LOKO/0x00000002
15:42:29.656  INFO     RX        /ERR/LOKO/0x00000002
15:42:29.656  INFO     RX        /ERR/LOKO/0x00000002
15:42:29.689  INFO     RX        /ERR/LOKO/0x00000002
15:42:29.689  INFO     RX        /ERR/LOKO/0x00000002
15:42:29.724  INFO     RX        /ERR/LOKO/0x00000002
15:42:29.724  INFO     RX        /ERR/LOKO/0x00000002
15:42:29.724  INFO     RX        /ERR/LOKO/0x00000002
15:42:29.753  INFO     RX        /ERR/LOKO/0x00000002
15:42:29.753  INFO     RX        /ERR/LOKO/0x00000002
15:42:29.753  INFO     RX        /ERR/LOKO/0x00000002
15:42:29.791  INFO     RX        /ERR/LOKO/0x00000002
15:42:29.792  INFO     RX        /ERR/LOKO/0x00000002
15:42:29.792  INFO     RX        /ERR/LOKO/0x00000002
15:42:29.817  INFO     RX        /ERR/LOKO/0x00000002
15:42:29.818  INFO     RX        /ERR/LOKO/0x00000002
15:42:29.853  INFO     RX        /ERR/LOKO/0x00000002
15:42:29.853  INFO     RX        /ERR/LOKO/0x00000002
15:42:29.853  INFO     RX        /ERR/LOKO/0x00000002
15:42:29.853  INFO     RX        /ERR/LOKO/0x00000002
15:42:29.881  INFO     RX        /ERR/LOKO/0x00000002
15:42:29.882  INFO     RX        /ERR/LOKO/0x00000002
15:42:29.916  INFO     RX        /ERR/LOKO/0x00000002
15:42:29.916  INFO     RX        /ERR/LOKO/0x00000002
15:42:29.916  INFO     RX        /ERR/LOKO/0x00000002
15:42:29.945  INFO     RX        /ERR/LOKO/0x00000002
15:42:29.946  INFO     RX        /ERR/LOKO/0x00000002
15:42:29.946  INFO     RX        /ERR/LOKO/0x00000002
15:42:29.975  DEBUG    TX /CONTROLL/0,0,0,0,0,1,0,0,0
15:42:29.978  INFO     RX        /ERR/LOKO/0x00000002
15:42:29.978  INFO     RX        /ERR/LOKO/0x00000002
15:42:30.012  INFO     RX        /ERR/LOKO/0x00000002
15:42:30.013  INFO     RX        /ERR/LOKO/0x00000002
15:42:30.013  INFO     RX        /ERR/LOKO/0x00000002
15:42:30.042  INFO     RX        /ERR/LOKO/0x00000002
15:42:30.042  INFO     RX        /ERR/LOKO/0x00000002
15:42:30.042  INFO     RX        /ERR/LOKO/0x00000002
15:42:30.081  INFO     RX        /ERR/LOKO/0x00000002
15:42:30.081  INFO     RX        /ERR/LOKO/0x00000002
15:42:30.081  INFO     RX        /ERR/LOKO/0x00000002
15:42:30.107  INFO     RX        /ERR/LOKO/0x00000002
15:42:30.107  INFO     RX        /ERR/LOKO/0x00000002
15:42:30.139  INFO     RX        /ERR/LOKO/0x00000002
15:42:30.139  INFO     RX        /ERR/LOKO/0x00000002
15:42:30.139  INFO     RX        /ERR/LOKO/0x00000002
15:42:30.175  INFO     RX        /ERR/LOKO/0x00000002
15:42:30.175  INFO     RX        /ERR/LOKO/0x00000002
15:42:30.175  INFO     RX        /ERR/LOKO/0x00000002
15:42:30.210  INFO     RX        /ERR/LOKO/0x00000002
15:42:30.210  INFO     RX        /ERR/LOKO/0x00000002
15:42:30.210  INFO     RX        /ERR/LOKO/0x00000002
15:42:30.239  INFO     RX        /ERR/LOKO/0x00000002
15:42:30.239  INFO     RX        /ERR/LOKO/0x00000002
15:42:30.239  INFO     RX        /ERR/LOKO/0x00000002
15:42:30.271  INFO     RX        /ERR/LOKO/0x00000002
15:42:30.272  INFO     RX        /ERR/LOKO/0x00000002
15:42:30.272  INFO     RX        /ERR/LOKO/0x00000002
15:42:30.307  INFO     RX        /ERR/LOKO/0x00000002
15:42:30.307  INFO     RX        /ERR/LOKO/0x00000002
15:42:30.307  INFO     RX        /ERR/LOKO/0x00000002
15:42:30.339  INFO     RX        /ERR/LOKO/0x00000002
15:42:30.339  INFO     RX        /ERR/LOKO/0x00000002
15:42:30.339  INFO     RX        /ERR/LOKO/0x00000002
15:42:30.370  INFO     RX        /ERR/LOKO/0x00000002
15:42:30.371  INFO     RX        /ERR/LOKO/0x00000002
15:42:30.404  INFO     RX        /ERR/LOKO/0x00000002
15:42:30.404  INFO     RX        /ERR/LOKO/0x00000002
15:42:30.404  INFO     RX        /ERR/LOKO/0x00000002
15:42:30.432  INFO     RX        /ERR/LOKO/0x00000002
15:42:30.432  INFO     RX        /ERR/LOKO/0x00000002
15:42:30.432  INFO     RX        /ERR/LOKO/0x00000002
15:42:30.467  INFO     RX        /ERR/LOKO/0x00000002
15:42:30.467  INFO     RX        /ERR/LOKO/0x00000002
15:42:30.467  INFO     RX        /ERR/LOKO/0x00000002
15:42:30.499  INFO     RX        /ERR/LOKO/0x00000002
15:42:30.499  INFO     RX        /ERR/LOKO/0x00000002
15:42:30.529  INFO     RX        /ERR/LOKO/0x00000002
15:42:30.529  INFO     RX        /ERR/LOKO/0x00000002
15:42:30.529  INFO     RX        /ERR/LOKO/0x00000002
15:42:30.563  INFO     RX        /ERR/LOKO/0x00000002
15:42:30.563  INFO     RX        /ERR/LOKO/0x00000002
15:42:30.563  INFO     RX        /ERR/LOKO/0x00000002
15:42:30.593  INFO     RX        /ERR/LOKO/0x00000002
15:42:30.593  INFO     RX        /ERR/LOKO/0x00000002
15:42:30.593  INFO     RX        /ERR/LOKO/0x00000002
15:42:30.627  INFO     RX        /ERR/LOKO/0x00000002
15:42:30.627  INFO     RX        /ERR/LOKO/0x00000002
15:42:30.627  INFO     RX        /ERR/LOKO/0x00000002
15:42:30.660  INFO     RX        /ERR/LOKO/0x00000002
15:42:30.660  INFO     RX        /ERR/LOKO/0x00000002
15:42:30.689  INFO     RX        /ERR/LOKO/0x00000002
15:42:30.689  INFO     RX        /ERR/LOKO/0x00000002
15:42:30.689  INFO     RX        /ERR/LOKO/0x00000002
15:42:30.724  INFO     RX        /ERR/LOKO/0x00000002
15:42:30.724  INFO     RX        /ERR/LOKO/0x00000002
15:42:30.724  INFO     RX        /ERR/LOKO/0x00000002
15:42:30.754  INFO     RX        /ERR/LOKO/0x00000002
15:42:30.754  INFO     RX        /ERR/LOKO/0x00000002
15:42:30.789  INFO     RX        /ERR/LOKO/0x00000002
15:42:30.789  INFO     RX        /ERR/LOKO/0x00000002
15:42:30.789  INFO     RX        /ERR/LOKO/0x00000002
15:42:30.817  INFO     RX        /ERR/LOKO/0x00000002
15:42:30.817  INFO     RX        /ERR/LOKO/0x00000002
15:42:30.817  INFO     RX        /ERR/LOKO/0x00000002
15:42:30.852  INFO     RX        /ERR/LOKO/0x00000002
15:42:30.852  INFO     RX        /ERR/LOKO/0x00000002
15:42:30.852  INFO     RX        /ERR/LOKO/0x00000002
15:42:30.882  INFO     RX        /ERR/LOKO/0x00000002
15:42:30.883  INFO     RX        /ERR/LOKO/0x00000002
15:42:30.883  INFO     RX        /ERR/LOKO/0x00000002
15:42:30.917  INFO     RX        /ERR/LOKO/0x00000002
15:42:30.917  INFO     RX        /ERR/LOKO/0x00000002
15:42:30.917  INFO     RX        /ERR/LOKO/0x00000002
15:42:30.946  INFO     RX        /ERR/LOKO/0x00000002
15:42:30.946  INFO     RX        /ERR/LOKO/0x00000002
15:42:30.981  INFO     RX        /ERR/LOKO/0x00000002
15:42:30.981  INFO     RX        /ERR/LOKO/0x00000002
15:42:30.981  INFO     RX        /ERR/LOKO/0x00000002
15:42:31.010  INFO     RX        /ERR/LOKO/0x00000002
15:42:31.010  INFO     RX        /ERR/LOKO/0x00000002
15:42:31.010  INFO     RX        /ERR/LOKO/0x00000002
15:42:31.042  INFO     RX        /ERR/LOKO/0x00000002
15:42:31.042  INFO     RX        /ERR/LOKO/0x00000002
15:42:31.078  INFO     RX        /ERR/LOKO/0x00000002
15:42:31.078  INFO     RX        /ERR/LOKO/0x00000002
15:42:31.078  INFO     RX        /ERR/LOKO/0x00000002
15:42:31.078  INFO     RX        /ERR/LOKO/0x00000002
15:42:31.107  INFO     RX        /ERR/LOKO/0x00000002
15:42:31.107  INFO     RX        /ERR/LOKO/0x00000002
15:42:31.143  INFO     RX        /ERR/LOKO/0x00000002
15:42:31.143  INFO     RX        /ERR/LOKO/0x00000002
15:42:31.143  INFO     RX        /ERR/LOKO/0x00000002
15:42:31.170  INFO     RX        /ERR/LOKO/0x00000002
15:42:31.171  INFO     RX        /ERR/LOKO/0x00000002
15:42:31.171  INFO     RX        /ERR/LOKO/0x00000002
15:42:31.204  INFO     RX        /ERR/LOKO/0x00000002
15:42:31.204  INFO     RX        /ERR/LOKO/0x00000002
15:42:31.238  INFO     RX        /ERR/LOKO/0x00000002
15:42:31.238  INFO     RX        /ERR/LOKO/0x00000002
15:42:31.238  INFO     RX        /ERR/LOKO/0x00000002
15:42:31.267  INFO     RX        /ERR/LOKO/0x00000002
15:42:31.267  INFO     RX        /ERR/LOKO/0x00000002
15:42:31.267  INFO     RX        /ERR/LOKO/0x00000002
15:42:31.303  INFO     RX        /ERR/LOKO/0x00000002
15:42:31.303  INFO     RX        /ERR/LOKO/0x00000002
15:42:31.303  INFO     RX        /ERR/LOKO/0x00000002
15:42:31.334  INFO     RX        /ERR/LOKO/0x00000002
15:42:31.335  INFO     RX        /ERR/LOKO/0x00000002
15:42:31.335  INFO     RX        /ERR/LOKO/0x00000002
15:42:31.364  INFO     RX        /ERR/LOKO/0x00000002
15:42:31.364  INFO     RX        /ERR/LOKO/0x00000002
15:42:31.399  INFO     RX        /ERR/LOKO/0x00000002
15:42:31.399  INFO     RX        /ERR/LOKO/0x00000002
15:42:31.399  INFO     RX        /ERR/LOKO/0x00000002
15:42:31.428  INFO     RX        /ERR/LOKO/0x00000002
15:42:31.428  INFO     RX        /ERR/LOKO/0x00000002
15:42:31.428  INFO     RX        /ERR/LOKO/0x00000002
15:42:31.464  INFO     RX        /ERR/LOKO/0x00000002
15:42:31.464  INFO     RX        /ERR/LOKO/0x00000002
15:42:31.464  INFO     RX        /ERR/LOKO/0x00000002
15:42:31.493  INFO     RX        /ERR/LOKO/0x00000002
15:42:31.493  INFO     RX        /ERR/LOKO/0x00000002
15:42:31.528  INFO     RX        /ERR/LOKO/0x00000002
15:42:31.528  INFO     RX        /ERR/LOKO/0x00000002
15:42:31.528  INFO     RX        /ERR/LOKO/0x00000002
15:42:31.557  INFO     RX        /ERR/LOKO/0x00000002
15:42:31.557  INFO     RX        /ERR/LOKO/0x00000002
15:42:31.557  INFO     RX        /ERR/LOKO/0x00000002
15:42:31.586  DEBUG    TX /CONTROLL/0,0,0,0,0,1,0,0,0
15:42:31.588  INFO     RX        /ERR/LOKO/0x00000002
15:42:31.589  INFO     RX        /ERR/LOKO/0x00000002
15:42:31.589  INFO     RX        /ERR/LOKO/0x00000002
15:42:31.624  INFO     RX        /ERR/LOKO/0x00000002
15:42:31.624  INFO     RX        /ERR/LOKO/0x00000002
15:42:31.624  INFO     RX        /ERR/LOKO/0x00000002
15:42:31.653  INFO     RX        /ERR/LOKO/0x00000002
15:42:31.653  INFO     RX        /ERR/LOKO/0x00000002
15:42:31.688  INFO     RX        /ERR/LOKO/0x00000002
15:42:31.688  INFO     RX        /ERR/LOKO/0x00000002
15:42:31.689  INFO     RX        /ERR/LOKO/0x00000002
15:42:31.718  INFO     RX        /ERR/LOKO/0x00000002
15:42:31.718  INFO     RX        /ERR/LOKO/0x00000002
15:42:31.718  INFO     RX        /ERR/LOKO/0x00000002
15:42:31.751  INFO     RX        /ERR/LOKO/0x00000002
15:42:31.752  INFO     RX        /ERR/LOKO/0x00000002
15:42:31.752  INFO     RX        /ERR/LOKO/0x00000002
15:42:31.780  INFO     RX        /ERR/LOKO/0x00000002
15:42:31.780  INFO     RX        /ERR/LOKO/0x00000002
15:42:31.815  INFO     RX        /ERR/LOKO/0x00000002
15:42:31.815  INFO     RX        /ERR/LOKO/0x00000002
15:42:31.815  INFO     RX        /ERR/LOKO/0x00000002
15:42:31.845  INFO     RX        /ERR/LOKO/0x00000002
15:42:31.845  INFO     RX        /ERR/LOKO/0x00000002
15:42:31.845  INFO     RX        /ERR/LOKO/0x00000002
15:42:31.880  INFO     RX        /ERR/LOKO/0x00000002
15:42:31.880  INFO     RX        /ERR/LOKO/0x00000002
15:42:31.880  INFO     RX        /ERR/LOKO/0x00000002
15:42:31.909  INFO     RX        /ERR/LOKO/0x00000002
15:42:31.909  INFO     RX        /ERR/LOKO/0x00000002
15:42:31.942  INFO     RX        /ERR/LOKO/0x00000002
15:42:31.942  INFO     RX        /ERR/LOKO/0x00000002
15:42:31.942  INFO     RX        /ERR/LOKO/0x00000002
15:42:31.974  INFO     RX        /ERR/LOKO/0x00000002
15:42:31.974  INFO     RX        /ERR/LOKO/0x00000002
15:42:31.974  INFO     RX        /ERR/LOKO/0x00000002
15:42:32.010  INFO     RX        /ERR/LOKO/0x00000002
15:42:32.010  INFO     RX        /ERR/LOKO/0x00000002
15:42:32.010  INFO     RX        /ERR/LOKO/0x00000002
15:42:32.039  INFO     RX        /ERR/LOKO/0x00000002
15:42:32.039  INFO     RX        /ERR/LOKO/0x00000002
15:42:32.040  INFO     RX        /ERR/LOKO/0x00000002
15:42:32.077  INFO     RX        /ERR/LOKO/0x00000002
15:42:32.077  INFO     RX        /ERR/LOKO/0x00000002
15:42:32.077  INFO     RX        /ERR/LOKO/0x00000002
15:42:32.103  INFO     RX        /ERR/LOKO/0x00000002
15:42:32.103  INFO     RX        /ERR/LOKO/0x00000002
15:42:32.138  INFO     RX        /ERR/LOKO/0x00000002
15:42:32.138  INFO     RX        /ERR/LOKO/0x00000002
15:42:32.138  INFO     RX        /ERR/LOKO/0x00000002
15:42:32.167  INFO     RX        /ERR/LOKO/0x00000002
15:42:32.167  INFO     RX        /ERR/LOKO/0x00000002
15:42:32.167  INFO     RX        /ERR/LOKO/0x00000002
15:42:32.203  INFO     RX        /ERR/LOKO/0x00000002
15:42:32.203  INFO     RX        /ERR/LOKO/0x00000002
15:42:32.203  INFO     RX        /ERR/LOKO/0x00000002
15:42:32.235  INFO     RX        /ERR/LOKO/0x00000002
15:42:32.235  INFO     RX        /ERR/LOKO/0x00000002
15:42:32.235  INFO     RX        /ERR/LOKO/0x00000002
15:42:32.265  INFO     RX        /ERR/LOKO/0x00000002
15:42:32.265  INFO     RX        /ERR/LOKO/0x00000002
15:42:32.299  INFO     RX        /ERR/LOKO/0x00000002
15:42:32.299  INFO     RX        /ERR/LOKO/0x00000002
15:42:32.299  INFO     RX        /ERR/LOKO/0x00000002
15:42:32.330  INFO     RX        /ERR/LOKO/0x00000002
15:42:32.330  INFO     RX        /ERR/LOKO/0x00000002
15:42:32.330  INFO     RX        /ERR/LOKO/0x00000002
15:42:32.365  INFO     RX        /ERR/LOKO/0x00000002
15:42:32.365  INFO     RX        /ERR/LOKO/0x00000002
15:42:32.365  INFO     RX        /ERR/LOKO/0x00000002
15:42:32.394  INFO     RX        /ERR/LOKO/0x00000002
15:42:32.394  INFO     RX        /ERR/LOKO/0x00000002
15:42:32.513  INFO     RX        /ERR/LOKO/0x00000002
15:42:32.513  INFO     RX        /ERR/LOKO/0x00000002
15:42:32.513  INFO     RX        /ERR/LOKO/0x00000002
15:42:32.513  INFO     RX        /ERR/LOKO/0x00000002
15:42:32.513  INFO     RX        /ERR/LOKO/0x00000002
15:42:32.513  INFO     RX        /ERR/LOKO/0x00000002
15:42:32.513  INFO     RX        /ERR/LOKO/0x00000002
15:42:32.513  INFO     RX        /ERR/LOKO/0x00000002
15:42:32.517  INFO     RX        /ERR/LOKO/0x00000002
15:42:32.517  INFO     RX        /ERR/LOKO/0x00000002
15:42:32.517  INFO     RX        /ERR/LOKO/0x00000002
15:42:32.522  INFO     RX        /ERR/LOKO/0x00000002
15:42:32.559  INFO     RX        /ERR/LOKO/0x00000002
15:42:32.559  INFO     RX        /ERR/LOKO/0x00000002
15:42:32.559  INFO     RX        /ERR/LOKO/0x00000002
15:42:32.592  INFO     RX        /ERR/LOKO/0x00000002
15:42:32.592  INFO     RX        /ERR/LOKO/0x00000002
15:42:32.592  INFO     RX        /ERR/LOKO/0x00000002
15:42:32.621  INFO     RX        /ERR/LOKO/0x00000002
15:42:32.621  INFO     RX        /ERR/LOKO/0x00000002
15:42:32.652  INFO     RX        /ERR/LOKO/0x00000002
15:42:32.652  INFO     RX        /ERR/LOKO/0x00000002
15:42:32.652  INFO     RX        /ERR/LOKO/0x00000002
15:42:32.688  INFO     RX        /ERR/LOKO/0x00000002
15:42:32.688  INFO     RX        /ERR/LOKO/0x00000002
15:42:32.688  INFO     RX        /ERR/LOKO/0x00000002
15:42:32.716  INFO     RX        /ERR/LOKO/0x00000002
15:42:32.716  INFO     RX        /ERR/LOKO/0x00000002
15:42:32.752  INFO     RX        /ERR/LOKO/0x00000002
15:42:32.752  INFO     RX        /ERR/LOKO/0x00000002
15:42:32.752  INFO     RX        /ERR/LOKO/0x00000002
15:42:32.780  INFO     RX        /ERR/LOKO/0x00000002
15:42:32.780  INFO     RX        /ERR/LOKO/0x00000002
15:42:32.780  INFO     RX        /ERR/LOKO/0x00000002
15:42:32.814  INFO     RX        /ERR/LOKO/0x00000002
15:42:32.814  INFO     RX        /ERR/LOKO/0x00000002
15:42:32.814  INFO     RX        /ERR/LOKO/0x00000002
15:42:32.849  INFO     RX        /ERR/LOKO/0x00000002
15:42:32.850  INFO     RX        /ERR/LOKO/0x00000002
15:42:32.850  INFO     RX        /ERR/LOKO/0x00000002
15:42:32.877  INFO     RX        /ERR/LOKO/0x00000002
15:42:32.877  INFO     RX        /ERR/LOKO/0x00000002
15:42:32.913  INFO     RX        /ERR/LOKO/0x00000002
15:42:32.913  INFO     RX        /ERR/LOKO/0x00000002
15:42:32.913  INFO     RX        /ERR/LOKO/0x00000002
15:42:32.941  INFO     RX        /ERR/LOKO/0x00000002
15:42:32.941  INFO     RX        /ERR/LOKO/0x00000002
15:42:32.941  INFO     RX        /ERR/LOKO/0x00000002
15:42:32.977  INFO     RX        /ERR/LOKO/0x00000002
15:42:32.977  INFO     RX        /ERR/LOKO/0x00000002
15:42:32.977  INFO     RX        /ERR/LOKO/0x00000002
15:42:33.011  INFO     RX        /ERR/LOKO/0x00000002
15:42:33.011  INFO     RX        /ERR/LOKO/0x00000002
15:42:33.011  INFO     RX        /ERR/LOKO/0x00000002
15:42:33.038  INFO     RX        /ERR/LOKO/0x00000002
15:42:33.038  INFO     RX        /ERR/LOKO/0x00000002
15:42:33.070  INFO     RX        /ERR/LOKO/0x00000002
15:42:33.070  INFO     RX        /ERR/LOKO/0x00000002
15:42:33.070  INFO     RX        /ERR/LOKO/0x00000002
15:42:33.106  INFO     RX        /ERR/LOKO/0x00000002
15:42:33.106  INFO     RX        /ERR/LOKO/0x00000002
15:42:33.106  INFO     RX        /ERR/LOKO/0x00000002
15:42:33.144  INFO     RX        /ERR/LOKO/0x00000002
15:42:33.144  INFO     RX        /ERR/LOKO/0x00000002
15:42:33.144  INFO     RX        /ERR/LOKO/0x00000002
15:42:33.169  INFO     RX        /ERR/LOKO/0x00000002
15:42:33.169  INFO     RX        /ERR/LOKO/0x00000002
15:42:33.169  INFO     RX        /ERR/LOKO/0x00000002
15:42:33.195  DEBUG    TX /CONTROLL/0,0,0,0,0,0,0,0,0
15:42:33.205  INFO     RX        /ERR/LOKO/0x00000002
15:42:33.206  INFO     RX        /ERR/LOKO/0x00000002
15:42:33.206  INFO     RX        /ERR/LOKO/0x00000002
15:42:33.232  INFO     RX        /ERR/LOKO/0x00000002
15:42:33.232  INFO     RX        /ERR/LOKO/0x00000002
15:42:33.273  INFO     RX        /ERR/LOKO/0x00000002
15:42:33.273  INFO     RX        /ERR/LOKO/0x00000002
15:42:33.273  INFO     RX        /ERR/LOKO/0x00000002
15:42:33.294  INFO     RX        /ERR/LOKO/0x00000002
15:42:33.294  INFO     RX        /ERR/LOKO/0x00000002
15:42:33.331  INFO     RX        /ERR/LOKO/0x00000002
15:42:33.331  INFO     RX        /ERR/LOKO/0x00000002
15:42:33.331  INFO     RX        /ERR/LOKO/0x00000002
15:42:33.360  INFO     RX        /ERR/LOKO/0x00000002
15:42:33.360  INFO     RX        /ERR/LOKO/0x00000002
15:42:33.360  INFO     RX        /ERR/LOKO/0x00000002
15:42:33.391  INFO     RX        /ERR/LOKO/0x00000002
15:42:33.391  INFO     RX        /ERR/LOKO/0x00000002
15:42:33.391  INFO     RX        /ERR/LOKO/0x00000002
15:42:33.424  INFO     RX        /ERR/LOKO/0x00000002
15:42:33.424  INFO     RX        /ERR/LOKO/0x00000002
15:42:33.424  INFO     RX        /ERR/LOKO/0x00000002
15:42:33.459  INFO     RX        /ERR/LOKO/0x00000002
15:42:33.459  INFO     RX        /ERR/LOKO/0x00000002
15:42:33.459  INFO     RX        /ERR/LOKO/0x00000002
15:42:33.488  INFO     RX        /ERR/LOKO/0x00000002
15:42:33.488  INFO     RX        /ERR/LOKO/0x00000002
15:42:33.528  INFO     RX        /ERR/LOKO/0x00000002
15:42:33.528  INFO     RX        /ERR/LOKO/0x00000002
15:42:33.528  INFO     RX        /ERR/LOKO/0x00000002
15:42:33.528  INFO     RX        /ERR/LOKO/0x00000002
15:42:33.554  INFO     RX        /ERR/LOKO/0x00000002
15:42:33.554  INFO     RX        /ERR/LOKO/0x00000002
15:42:33.591  INFO     RX        /ERR/LOKO/0x00000002
15:42:33.591  INFO     RX        /ERR/LOKO/0x00000002
15:42:33.591  INFO     RX        /ERR/LOKO/0x00000002
15:42:33.616  INFO     RX        /ERR/LOKO/0x00000002
15:42:33.616  INFO     RX        /ERR/LOKO/0x00000002
15:42:33.649  INFO     RX        /ERR/LOKO/0x00000002
15:42:33.649  INFO     RX        /ERR/LOKO/0x00000002
15:42:33.649  INFO     RX        /ERR/LOKO/0x00000002
15:42:33.683  INFO     RX        /ERR/LOKO/0x00000002
15:42:33.683  INFO     RX        /ERR/LOKO/0x00000002
15:42:33.683  INFO     RX        /ERR/LOKO/0x00000002
15:42:33.712  INFO     RX        /ERR/LOKO/0x00000002
15:42:33.712  INFO     RX        /ERR/LOKO/0x00000002
15:42:33.712  INFO     RX        /ERR/LOKO/0x00000002
15:42:33.747  INFO     RX        /ERR/LOKO/0x00000002
15:42:33.747  INFO     RX        /ERR/LOKO/0x00000002
15:42:33.747  INFO     RX        /ERR/LOKO/0x00000002
15:42:33.776  INFO     RX        /ERR/LOKO/0x00000002
15:42:33.776  INFO     RX        /ERR/LOKO/0x00000002
15:42:33.807  INFO     RX        /ERR/LOKO/0x00000002
15:42:33.808  INFO     RX        /ERR/LOKO/0x00000002
15:42:33.808  INFO     RX        /ERR/LOKO/0x00000002
15:42:33.845  INFO     RX        /ERR/LOKO/0x00000002
15:42:33.845  INFO     RX        /ERR/LOKO/0x00000002
15:42:33.845  INFO     RX        /ERR/LOKO/0x00000002
15:42:33.872  INFO     RX        /ERR/LOKO/0x00000002
15:42:33.872  INFO     RX        /ERR/LOKO/0x00000002
15:42:33.908  INFO     RX        /ERR/LOKO/0x00000002
15:42:33.908  INFO     RX        /ERR/LOKO/0x00000002
15:42:33.908  INFO     RX        /ERR/LOKO/0x00000002
15:42:33.939  INFO     RX        /ERR/LOKO/0x00000002
15:42:33.939  INFO     RX        /ERR/LOKO/0x00000002
15:42:33.939  INFO     RX        /ERR/LOKO/0x00000002
15:42:33.972  INFO     RX        /ERR/LOKO/0x00000002
15:42:33.972  INFO     RX        /ERR/LOKO/0x00000002
15:42:33.972  INFO     RX        /ERR/LOKO/0x00000002
15:42:34.013  INFO     RX        /ERR/LOKO/0x00000002
15:42:34.013  INFO     RX        /ERR/LOKO/0x00000002
15:42:34.013  INFO     RX        /ERR/LOKO/0x00000002
15:42:34.036  INFO     RX        /ERR/LOKO/0x00000002
15:42:34.036  INFO     RX        /ERR/LOKO/0x00000002
15:42:34.067  INFO     RX        /ERR/LOKO/0x00000002
15:42:34.067  INFO     RX        /ERR/LOKO/0x00000002
15:42:34.068  INFO     RX        /ERR/LOKO/0x00000002
15:42:34.097  INFO     RX        /ERR/LOKO/0x00000002
15:42:34.097  INFO     RX        /ERR/LOKO/0x00000002
15:42:34.097  INFO     RX        /ERR/LOKO/0x00000002
15:42:34.145  INFO     RX        /ERR/LOKO/0x00000002
15:42:34.145  INFO     RX        /ERR/LOKO/0x00000002
15:42:34.145  INFO     RX        /ERR/LOKO/0x00000002
15:42:34.145  INFO     RX        /ERR/LOKO/0x00000002
15:42:34.161  INFO     RX        /ERR/LOKO/0x00000002
15:42:34.194  INFO     RX        /ERR/LOKO/0x00000002
15:42:34.194  INFO     RX        /ERR/LOKO/0x00000002
15:42:34.194  INFO     RX        /ERR/LOKO/0x00000002
15:42:34.229  INFO     RX        /ERR/LOKO/0x00000002
15:42:34.230  INFO     RX        /ERR/LOKO/0x00000002
15:42:34.230  INFO     RX        /ERR/LOKO/0x00000002
15:42:34.263  INFO     RX        /ERR/LOKO/0x00000002
15:42:34.263  INFO     RX        /ERR/LOKO/0x00000002
15:42:34.263  INFO     RX        /ERR/LOKO/0x00000002
15:42:34.291  INFO     RX        /ERR/LOKO/0x00000002
15:42:34.292  INFO     RX        /ERR/LOKO/0x00000002
15:42:34.292  INFO     RX        /ERR/LOKO/0x00000002
15:42:34.322  INFO     RX        /ERR/LOKO/0x00000002
15:42:34.323  INFO     RX        /ERR/LOKO/0x00000002
15:42:34.354  INFO     RX        /ERR/LOKO/0x00000002
15:42:34.354  INFO     RX        /ERR/LOKO/0x00000002
15:42:34.354  INFO     RX        /ERR/LOKO/0x00000002
15:42:34.391  INFO     RX        /ERR/LOKO/0x00000002
15:42:34.391  INFO     RX        /ERR/LOKO/0x00000002
15:42:34.391  INFO     RX        /ERR/LOKO/0x00000002
15:42:34.419  INFO     RX        /ERR/LOKO/0x00000002
15:42:34.419  INFO     RX        /ERR/LOKO/0x00000002
15:42:34.419  INFO     RX        /ERR/LOKO/0x00000002
15:42:34.454  INFO     RX        /ERR/LOKO/0x00000002
15:42:34.454  INFO     RX        /ERR/LOKO/0x00000002
15:42:34.454  INFO     RX        /ERR/LOKO/0x00000002
15:42:34.484  INFO     RX        /ERR/LOKO/0x00000002
15:42:34.484  INFO     RX        /ERR/LOKO/0x00000002
15:42:34.515  INFO     RX        /ERR/LOKO/0x00000002
15:42:34.515  INFO     RX        /ERR/LOKO/0x00000002
15:42:34.515  INFO     RX        /ERR/LOKO/0x00000002
15:42:34.547  INFO     RX        /ERR/LOKO/0x00000002
15:42:34.547  INFO     RX        /ERR/LOKO/0x00000002
15:42:34.547  INFO     RX        /ERR/LOKO/0x00000002
15:42:34.582  INFO     RX        /ERR/LOKO/0x00000002
15:42:34.582  INFO     RX        /ERR/LOKO/0x00000002
15:42:34.582  INFO     RX        /ERR/LOKO/0x00000002
15:42:34.611  INFO     RX        /ERR/LOKO/0x00000002
15:42:34.611  INFO     RX        /ERR/LOKO/0x00000002
15:42:34.643  INFO     RX        /ERR/LOKO/0x00000002
15:42:34.643  INFO     RX        /ERR/LOKO/0x00000002
15:42:34.643  INFO     RX        /ERR/LOKO/0x00000002
15:42:34.678  INFO     RX        /ERR/LOKO/0x00000002
15:42:34.678  INFO     RX        /ERR/LOKO/0x00000002
15:42:34.679  INFO     RX        /ERR/LOKO/0x00000002
15:42:34.707  INFO     RX        /ERR/LOKO/0x00000002
15:42:34.707  INFO     RX        /ERR/LOKO/0x00000002
15:42:34.707  INFO     RX        /ERR/LOKO/0x00000002
15:42:34.744  INFO     RX        /ERR/LOKO/0x00000002
15:42:34.744  INFO     RX        /ERR/LOKO/0x00000002
15:42:34.744  INFO     RX        /ERR/LOKO/0x00000002
15:42:34.774  INFO     RX        /ERR/LOKO/0x00000002
15:42:34.774  INFO     RX        /ERR/LOKO/0x00000002
15:42:34.803  DEBUG    TX /CONTROLL/0,0,0,0,1,0,0,0,0
15:42:34.809  INFO     RX        /ERR/LOKO/0x00000002
15:42:34.809  INFO     RX        /ERR/LOKO/0x00000002
15:42:34.809  INFO     RX        /ERR/LOKO/0x00000002
15:42:34.809  INFO     RX        /ERR/LOKO/0x00000002
15:42:34.838  INFO     RX        /ERR/LOKO/0x00000002
15:42:34.839  INFO     RX        /ERR/LOKO/0x00000002
15:42:34.874  INFO     RX        /ERR/LOKO/0x00000002
15:42:34.874  INFO     RX        /ERR/LOKO/0x00000002
15:42:34.874  INFO     RX        /ERR/LOKO/0x00000002
15:42:34.902  INFO     RX        /ERR/LOKO/0x00000002
15:42:34.902  INFO     RX        /ERR/LOKO/0x00000002
15:42:34.938  INFO     RX        /ERR/LOKO/0x00000002
15:42:34.938  INFO     RX        /ERR/LOKO/0x00000002
15:42:34.938  INFO     RX        /ERR/LOKO/0x00000002
15:42:34.938  INFO     RX        /ERR/LOKO/0x00000002
15:42:34.967  INFO     RX        /ERR/LOKO/0x00000002
15:42:34.967  INFO     RX        /ERR/LOKO/0x00000002
15:42:35.086  INFO     RX        /ERR/LOKO/0x00000002
15:42:35.086  INFO     RX        /ERR/LOKO/0x00000002
15:42:35.086  INFO     RX        /ERR/LOKO/0x00000002
15:42:35.086  INFO     RX        /ERR/LOKO/0x00000002
15:42:35.087  INFO     RX        /ERR/LOKO/0x00000002
15:42:35.087  INFO     RX        /ERR/LOKO/0x00000002
15:42:35.087  INFO     RX        /ERR/LOKO/0x00000002
15:42:35.087  INFO     RX        /ERR/LOKO/0x00000002
15:42:35.087  INFO     RX        /ERR/LOKO/0x00000002
15:42:35.087  INFO     RX        /ERR/LOKO/0x00000002
15:42:35.093  INFO     RX        /ERR/LOKO/0x00000002
15:42:35.098  INFO     RX        /ERR/LOKO/0x00000002
15:42:35.130  INFO     RX        /ERR/LOKO/0x00000002
15:42:35.131  INFO     RX        /ERR/LOKO/0x00000002
15:42:35.159  INFO     RX        /ERR/LOKO/0x00000002
15:42:35.159  INFO     RX        /ERR/LOKO/0x00000002
15:42:35.160  INFO     RX        /ERR/LOKO/0x00000002
15:42:35.195  INFO     RX        /ERR/LOKO/0x00000002
15:42:35.195  INFO     RX        /ERR/LOKO/0x00000002
15:42:35.195  INFO     RX        /ERR/LOKO/0x00000002
15:42:35.229  INFO     RX        /ERR/LOKO/0x00000002
15:42:35.230  INFO     RX        /ERR/LOKO/0x00000002
15:42:35.230  INFO     RX        /ERR/LOKO/0x00000002
15:42:35.256  INFO     RX        /ERR/LOKO/0x00000002
15:42:35.257  INFO     RX        /ERR/LOKO/0x00000002
15:42:35.291  INFO     RX        /ERR/LOKO/0x00000002
15:42:35.292  INFO     RX        /ERR/LOKO/0x00000002
15:42:35.292  INFO     RX        /ERR/LOKO/0x00000002
15:42:35.321  INFO     RX        /ERR/LOKO/0x00000002
15:42:35.321  INFO     RX        /ERR/LOKO/0x00000002
15:42:35.321  INFO     RX        /ERR/LOKO/0x00000002
15:42:35.435  INFO     RX        /ERR/LOKO/0x00000002
15:42:35.435  INFO     RX        /ERR/LOKO/0x00000002
15:42:35.435  INFO     RX        /ERR/LOKO/0x00000002
15:42:35.439  INFO     RX        /ERR/LOKO/0x00000002
15:42:35.439  INFO     RX        /ERR/LOKO/0x00000002
15:42:35.439  INFO     RX        /ERR/LOKO/0x00000002
15:42:35.439  INFO     RX        /ERR/LOKO/0x00000002
15:42:35.439  INFO     RX        /ERR/LOKO/0x00000002
15:42:35.439  INFO     RX        /ERR/LOKO/0x00000002
15:42:35.439  INFO     RX        /ERR/LOKO/0x00000002
15:42:35.445  INFO     RX        /ERR/LOKO/0x00000002
15:42:35.486  INFO     RX        /ERR/LOKO/0x00000002
15:42:35.486  INFO     RX        /ERR/LOKO/0x00000002
15:42:35.486  INFO     RX        /ERR/LOKO/0x00000002
15:42:35.514  INFO     RX        /ERR/LOKO/0x00000002
15:42:35.514  INFO     RX        /ERR/LOKO/0x00000002
15:42:35.549  INFO     RX        /ERR/LOKO/0x00000002
15:42:35.549  INFO     RX        /ERR/LOKO/0x00000002
15:42:35.549  INFO     RX        /ERR/LOKO/0x00000002
15:42:35.580  INFO     RX        /ERR/LOKO/0x00000002
15:42:35.580  INFO     RX        /ERR/LOKO/0x00000002
15:42:35.580  INFO     RX        /ERR/LOKO/0x00000002
15:42:35.616  INFO     RX        /ERR/LOKO/0x00000002
15:42:35.617  INFO     RX        /ERR/LOKO/0x00000002
15:42:35.617  INFO     RX        /ERR/LOKO/0x00000002
15:42:35.644  INFO     RX        /ERR/LOKO/0x00000002
15:42:35.644  INFO     RX        /ERR/LOKO/0x00000002
15:42:35.644  INFO     RX        /ERR/LOKO/0x00000002
15:42:35.679  INFO     RX        /ERR/LOKO/0x00000002
15:42:35.679  INFO     RX        /ERR/LOKO/0x00000002
15:42:35.679  INFO     RX        /ERR/LOKO/0x00000002
15:42:35.713  INFO     RX        /ERR/LOKO/0x00000002
15:42:35.713  INFO     RX        /ERR/LOKO/0x00000002
15:42:35.713  INFO     RX        /ERR/LOKO/0x00000002
15:42:35.743  INFO     RX        /ERR/LOKO/0x00000002
15:42:35.743  INFO     RX        /ERR/LOKO/0x00000002
15:42:35.776  INFO     RX        /ERR/LOKO/0x00000002
15:42:35.776  INFO     RX        /ERR/LOKO/0x00000002
15:42:35.776  INFO     RX        /ERR/LOKO/0x00000002
15:42:35.809  INFO     RX        /ERR/LOKO/0x00000002
15:42:35.810  INFO     RX        /ERR/LOKO/0x00000002
15:42:35.810  INFO     RX        /ERR/LOKO/0x00000002
15:42:35.838  INFO     RX        /ERR/LOKO/0x00000002
15:42:35.839  INFO     RX        /ERR/LOKO/0x00000002
15:42:35.877  INFO     RX        /ERR/LOKO/0x00000002
15:42:35.877  INFO     RX        /ERR/LOKO/0x00000002
15:42:35.877  INFO     RX        /ERR/LOKO/0x00000002
15:42:35.877  INFO     RX        /ERR/LOKO/0x00000002
15:42:35.904  INFO     RX        /ERR/LOKO/0x00000002
15:42:35.904  INFO     RX        /ERR/LOKO/0x00000002
15:42:35.939  INFO     RX        /ERR/LOKO/0x00000002
15:42:35.939  INFO     RX        /ERR/LOKO/0x00000002
15:42:35.939  INFO     RX        /ERR/LOKO/0x00000002
15:42:35.968  INFO     RX        /ERR/LOKO/0x00000002
15:42:35.968  INFO     RX        /ERR/LOKO/0x00000002
15:42:35.968  INFO     RX        /ERR/LOKO/0x00000002
15:42:35.999  INFO     RX        /ERR/LOKO/0x00000002
15:42:35.999  INFO     RX        /ERR/LOKO/0x00000002
15:42:35.999  INFO     RX        /ERR/LOKO/0x00000002
15:42:36.031  INFO     RX        /ERR/LOKO/0x00000002
15:42:36.031  INFO     RX        /ERR/LOKO/0x00000002
15:42:36.063  INFO     RX        /ERR/LOKO/0x00000002
15:42:36.064  INFO     RX        /ERR/LOKO/0x00000002
15:42:36.064  INFO     RX        /ERR/LOKO/0x00000002
15:42:36.094  INFO     RX        /ERR/LOKO/0x00000002
15:42:36.094  INFO     RX        /ERR/LOKO/0x00000002
15:42:36.094  INFO     RX        /ERR/LOKO/0x00000002
15:42:36.127  INFO     RX        /ERR/LOKO/0x00000002
15:42:36.127  INFO     RX        /ERR/LOKO/0x00000002
15:42:36.163  INFO     RX        /ERR/LOKO/0x00000002
15:42:36.163  INFO     RX        /ERR/LOKO/0x00000002
15:42:36.163  INFO     RX        /ERR/LOKO/0x00000002
15:42:36.163  INFO     RX        /ERR/LOKO/0x00000002
15:42:36.191  INFO     RX        /ERR/LOKO/0x00000002
15:42:36.192  INFO     RX        /ERR/LOKO/0x00000002
15:42:36.227  INFO     RX        /ERR/LOKO/0x00000002
15:42:36.227  INFO     RX        /ERR/LOKO/0x00000002
15:42:36.227  INFO     RX        /ERR/LOKO/0x00000002
15:42:36.255  INFO     RX        /ERR/LOKO/0x00000002
15:42:36.255  INFO     RX        /ERR/LOKO/0x00000002
15:42:36.255  INFO     RX        /ERR/LOKO/0x00000002
15:42:36.287  INFO     RX        /ERR/LOKO/0x00000002
15:42:36.287  INFO     RX        /ERR/LOKO/0x00000002
15:42:36.322  INFO     RX        /ERR/LOKO/0x00000002
15:42:36.322  INFO     RX        /ERR/LOKO/0x00000002
15:42:36.322  INFO     RX        /ERR/LOKO/0x00000002
15:42:36.352  INFO     RX        /ERR/LOKO/0x00000002
15:42:36.352  INFO     RX        /ERR/LOKO/0x00000002
15:42:36.352  INFO     RX        /ERR/LOKO/0x00000002
15:42:36.386  INFO     RX        /ERR/LOKO/0x00000002
15:42:36.386  INFO     RX        /ERR/LOKO/0x00000002
15:42:36.386  INFO     RX        /ERR/LOKO/0x00000002
15:42:36.413  DEBUG    TX /CONTROLL/0,0,0,0,0,0,0,0,0
15:42:36.418  INFO     RX        /ERR/LOKO/0x00000002
15:42:36.418  INFO     RX        /ERR/LOKO/0x00000002
15:42:36.418  INFO     RX        /ERR/LOKO/0x00000002
15:42:36.449  INFO     RX        /ERR/LOKO/0x00000002
15:42:36.449  INFO     RX        /ERR/LOKO/0x00000002
15:42:36.484  INFO     RX        /ERR/LOKO/0x00000002
15:42:36.484  INFO     RX        /ERR/LOKO/0x00000002
15:42:36.484  INFO     RX        /ERR/LOKO/0x00000002
15:42:36.514  INFO     RX        /ERR/LOKO/0x00000002
15:42:36.514  INFO     RX        /ERR/LOKO/0x00000002
15:42:36.514  INFO     RX        /ERR/LOKO/0x00000002
15:42:36.549  INFO     RX        /ERR/LOKO/0x00000002
15:42:36.549  INFO     RX        /ERR/LOKO/0x00000002
15:42:36.549  INFO     RX        /ERR/LOKO/0x00000002
15:42:36.578  INFO     RX        /ERR/LOKO/0x00000002
15:42:36.578  INFO     RX        /ERR/LOKO/0x00000002
15:42:36.614  INFO     RX        /ERR/LOKO/0x00000002
15:42:36.614  INFO     RX        /ERR/LOKO/0x00000002
15:42:36.614  INFO     RX        /ERR/LOKO/0x00000002
15:42:36.614  INFO     RX        /ERR/LOKO/0x00000002
15:42:36.642  INFO     RX        /ERR/LOKO/0x00000002
15:42:36.642  INFO     RX        /ERR/LOKO/0x00000002
15:42:36.677  INFO     RX        /ERR/LOKO/0x00000002
15:42:36.677  INFO     RX        /ERR/LOKO/0x00000002
15:42:36.677  INFO     RX        /ERR/LOKO/0x00000002
15:42:36.710  INFO     RX        /ERR/LOKO/0x00000002
15:42:36.710  INFO     RX        /ERR/LOKO/0x00000002
15:42:36.710  INFO     RX        /ERR/LOKO/0x00000002
15:42:36.740  INFO     RX        /ERR/LOKO/0x00000002
15:42:36.740  INFO     RX        /ERR/LOKO/0x00000002
15:42:36.771  INFO     RX        /ERR/LOKO/0x00000002
15:42:36.772  INFO     RX        /ERR/LOKO/0x00000002
15:42:36.772  INFO     RX        /ERR/LOKO/0x00000002
15:42:36.807  INFO     RX        /ERR/LOKO/0x00000002
15:42:36.807  INFO     RX        /ERR/LOKO/0x00000002
15:42:36.807  INFO     RX        /ERR/LOKO/0x00000002
15:42:36.840  INFO     RX        /ERR/LOKO/0x00000002
15:42:36.840  INFO     RX        /ERR/LOKO/0x00000002
15:42:36.840  INFO     RX        /ERR/LOKO/0x00000002
15:42:36.869  INFO     RX        /ERR/LOKO/0x00000002
15:42:36.869  INFO     RX        /ERR/LOKO/0x00000002
15:42:36.869  INFO     RX        /ERR/LOKO/0x00000002
15:42:36.901  INFO     RX        /ERR/LOKO/0x00000002
15:42:36.901  INFO     RX        /ERR/LOKO/0x00000002
15:42:36.901  INFO     RX        /ERR/LOKO/0x00000002
15:42:36.936  INFO     RX        /ERR/LOKO/0x00000002
15:42:36.936  INFO     RX        /ERR/LOKO/0x00000002
15:42:36.936  INFO     RX        /ERR/LOKO/0x00000002
15:42:36.966  INFO     RX        /ERR/LOKO/0x00000002
15:42:36.967  INFO     RX        /ERR/LOKO/0x00000002
15:42:37.003  INFO     RX        /ERR/LOKO/0x00000002
15:42:37.003  INFO     RX        /ERR/LOKO/0x00000002
15:42:37.003  INFO     RX        /ERR/LOKO/0x00000002
15:42:37.029  INFO     RX        /ERR/LOKO/0x00000002
15:42:37.029  INFO     RX        /ERR/LOKO/0x00000002
15:42:37.029  INFO     RX        /ERR/LOKO/0x00000002
15:42:37.062  INFO     RX        /ERR/LOKO/0x00000002
15:42:37.062  INFO     RX        /ERR/LOKO/0x00000002
15:42:37.096  INFO     RX        /ERR/LOKO/0x00000002
15:42:37.096  INFO     RX        /ERR/LOKO/0x00000002
15:42:37.096  INFO     RX        /ERR/LOKO/0x00000002
15:42:37.125  INFO     RX        /ERR/LOKO/0x00000002
15:42:37.125  INFO     RX        /ERR/LOKO/0x00000002
15:42:37.125  INFO     RX        /ERR/LOKO/0x00000002
15:42:37.160  INFO     RX        /ERR/LOKO/0x00000002
15:42:37.160  INFO     RX        /ERR/LOKO/0x00000002
15:42:37.160  INFO     RX        /ERR/LOKO/0x00000002
15:42:37.189  INFO     RX        /ERR/LOKO/0x00000002
15:42:37.189  INFO     RX        /ERR/LOKO/0x00000002
15:42:37.221  INFO     RX        /ERR/LOKO/0x00000002
15:42:37.221  INFO     RX        /ERR/LOKO/0x00000002
15:42:37.221  INFO     RX        /ERR/LOKO/0x00000002
15:42:37.257  INFO     RX        /ERR/LOKO/0x00000002
15:42:37.257  INFO     RX        /ERR/LOKO/0x00000002
15:42:37.257  INFO     RX        /ERR/LOKO/0x00000002
15:42:37.286  INFO     RX        /ERR/LOKO/0x00000002
15:42:37.286  INFO     RX        /ERR/LOKO/0x00000002
15:42:37.286  INFO     RX        /ERR/LOKO/0x00000002
15:42:37.321  INFO     RX        /ERR/LOKO/0x00000002
15:42:37.321  INFO     RX        /ERR/LOKO/0x00000002
15:42:37.321  INFO     RX        /ERR/LOKO/0x00000002
15:42:37.352  INFO     RX        /ERR/LOKO/0x00000002
15:42:37.352  INFO     RX        /ERR/LOKO/0x00000002
15:42:37.383  INFO     RX        /ERR/LOKO/0x00000002
15:42:37.383  INFO     RX        /ERR/LOKO/0x00000002
15:42:37.383  INFO     RX        /ERR/LOKO/0x00000002
15:42:37.417  INFO     RX        /ERR/LOKO/0x00000002
15:42:37.418  INFO     RX        /ERR/LOKO/0x00000002
15:42:37.418  INFO     RX        /ERR/LOKO/0x00000002
15:42:37.448  INFO     RX        /ERR/LOKO/0x00000002
15:42:37.448  INFO     RX        /ERR/LOKO/0x00000002
15:42:37.448  INFO     RX        /ERR/LOKO/0x00000002
15:42:37.481  INFO     RX        /ERR/LOKO/0x00000002
15:42:37.481  INFO     RX        /ERR/LOKO/0x00000002
15:42:37.481  INFO     RX        /ERR/LOKO/0x00000002
15:42:37.512  INFO     RX        /ERR/LOKO/0x00000002
15:42:37.512  INFO     RX        /ERR/LOKO/0x00000002
15:42:37.546  INFO     RX        /ERR/LOKO/0x00000002
15:42:37.546  INFO     RX        /ERR/LOKO/0x00000002
15:42:37.547  INFO     RX        /ERR/LOKO/0x00000002
15:42:37.579  INFO     RX        /ERR/LOKO/0x00000002
15:42:37.579  INFO     RX        /ERR/LOKO/0x00000002
15:42:37.580  INFO     RX        /ERR/LOKO/0x00000002
15:42:37.608  INFO     RX        /ERR/LOKO/0x00000002
15:42:37.608  INFO     RX        /ERR/LOKO/0x00000002
15:42:37.608  INFO     RX        /ERR/LOKO/0x00000002
15:42:37.644  INFO     RX        /ERR/LOKO/0x00000002
15:42:37.644  INFO     RX        /ERR/LOKO/0x00000002
15:42:37.644  INFO     RX        /ERR/LOKO/0x00000002
15:42:37.674  INFO     RX        /ERR/LOKO/0x00000002
15:42:37.674  INFO     RX        /ERR/LOKO/0x00000002
15:42:37.705  INFO     RX        /ERR/LOKO/0x00000002
15:42:37.705  INFO     RX        /ERR/LOKO/0x00000002
15:42:37.705  INFO     RX        /ERR/LOKO/0x00000002
15:42:37.739  INFO     RX        /ERR/LOKO/0x00000002
15:42:37.739  INFO     RX        /ERR/LOKO/0x00000002
15:42:37.739  INFO     RX        /ERR/LOKO/0x00000002
15:42:37.771  INFO     RX        /ERR/LOKO/0x00000002
15:42:37.771  INFO     RX        /ERR/LOKO/0x00000002
15:42:37.771  INFO     RX        /ERR/LOKO/0x00000002
15:42:37.804  INFO     RX        /ERR/LOKO/0x00000002
15:42:37.804  INFO     RX        /ERR/LOKO/0x00000002
15:42:37.804  INFO     RX        /ERR/LOKO/0x00000002
15:42:37.834  INFO     RX        /ERR/LOKO/0x00000002
15:42:37.834  INFO     RX        /ERR/LOKO/0x00000002
15:42:37.868  INFO     RX        /ERR/LOKO/0x00000002
15:42:37.868  INFO     RX        /ERR/LOKO/0x00000002
15:42:37.868  INFO     RX        /ERR/LOKO/0x00000002
15:42:37.897  INFO     RX        /ERR/LOKO/0x00000002
15:42:37.898  INFO     RX        /ERR/LOKO/0x00000002
15:42:37.898  INFO     RX        /ERR/LOKO/0x00000002
15:42:37.932  INFO     RX        /ERR/LOKO/0x00000002
15:42:37.932  INFO     RX        /ERR/LOKO/0x00000002
15:42:37.932  INFO     RX        /ERR/LOKO/0x00000002
15:42:37.961  INFO     RX        /ERR/LOKO/0x00000002
15:42:37.961  INFO     RX        /ERR/LOKO/0x00000002
15:42:37.993  INFO     RX        /ERR/LOKO/0x00000002
15:42:37.993  INFO     RX        /ERR/LOKO/0x00000002
15:42:37.993  INFO     RX        /ERR/LOKO/0x00000002
15:42:38.021  DEBUG    TX /CONTROLL/0,0,0,0,0,0,0,0,0
15:42:38.025  INFO     RX        /ERR/LOKO/0x00000002
15:42:38.025  INFO     RX        /ERR/LOKO/0x00000002
15:42:38.025  INFO     RX        /ERR/LOKO/0x00000002
15:42:38.060  INFO     RX        /ERR/LOKO/0x00000002
15:42:38.060  INFO     RX        /ERR/LOKO/0x00000002
15:42:38.060  INFO     RX        /ERR/LOKO/0x00000002
15:42:38.089  INFO     RX        /ERR/LOKO/0x00000002
15:42:38.090  INFO     RX        /ERR/LOKO/0x00000002
15:42:38.123  INFO     RX        /ERR/LOKO/0x00000002
15:42:38.123  INFO     RX        /ERR/LOKO/0x00000002
15:42:38.124  INFO     RX        /ERR/LOKO/0x00000002
15:42:38.152  INFO     RX        /ERR/LOKO/0x00000002
15:42:38.153  INFO     RX        /ERR/LOKO/0x00000002
15:42:38.153  INFO     RX        /ERR/LOKO/0x00000002
15:42:38.186  INFO     RX        /ERR/LOKO/0x00000002
15:42:38.187  INFO     RX        /ERR/LOKO/0x00000002
15:42:38.187  INFO     RX        /ERR/LOKO/0x00000002
15:42:38.219  INFO     RX        /ERR/LOKO/0x00000002
15:42:38.219  INFO     RX        /ERR/LOKO/0x00000002
15:42:38.219  INFO     RX        /ERR/LOKO/0x00000002
15:42:38.252  INFO     RX        /ERR/LOKO/0x00000002
15:42:38.252  INFO     RX        /ERR/LOKO/0x00000002
15:42:38.280  INFO     RX        /ERR/LOKO/0x00000002
15:42:38.280  INFO     RX        /ERR/LOKO/0x00000002
15:42:38.281  INFO     RX        /ERR/LOKO/0x00000002
15:42:38.313  INFO     RX        /ERR/LOKO/0x00000002
15:42:38.314  INFO     RX        /ERR/LOKO/0x00000002
15:42:38.314  INFO     RX        /ERR/LOKO/0x00000002
15:42:38.346  INFO     RX        /ERR/LOKO/0x00000002
15:42:38.347  INFO     RX        /ERR/LOKO/0x00000002
15:42:38.347  INFO     RX        /ERR/LOKO/0x00000002
15:42:38.380  INFO     RX        /ERR/LOKO/0x00000002
15:42:38.381  INFO     RX        /ERR/LOKO/0x00000002
15:42:38.381  INFO     RX        /ERR/LOKO/0x00000002
15:42:38.410  INFO     RX        /ERR/LOKO/0x00000002
15:42:38.410  INFO     RX        /ERR/LOKO/0x00000002
15:42:38.442  INFO     RX        /ERR/LOKO/0x00000002
15:42:38.442  INFO     RX        /ERR/LOKO/0x00000002
15:42:38.442  INFO     RX        /ERR/LOKO/0x00000002
15:42:38.476  INFO     RX        /ERR/LOKO/0x00000002
15:42:38.476  INFO     RX        /ERR/LOKO/0x00000002
15:42:38.476  INFO     RX        /ERR/LOKO/0x00000002
15:42:38.506  INFO     RX        /ERR/LOKO/0x00000002
15:42:38.506  INFO     RX        /ERR/LOKO/0x00000002
15:42:38.538  INFO     RX        /ERR/LOKO/0x00000002
15:42:38.538  INFO     RX        /ERR/LOKO/0x00000002
15:42:38.538  INFO     RX        /ERR/LOKO/0x00000002
15:42:38.570  INFO     RX        /ERR/LOKO/0x00000002
15:42:38.570  INFO     RX        /ERR/LOKO/0x00000002
15:42:38.570  INFO     RX        /ERR/LOKO/0x00000002
15:42:38.603  INFO     RX        /ERR/LOKO/0x00000002
15:42:38.603  INFO     RX        /ERR/LOKO/0x00000002
15:42:38.603  INFO     RX        /ERR/LOKO/0x00000002
15:42:38.638  INFO     RX        /ERR/LOKO/0x00000002
15:42:38.638  INFO     RX        /ERR/LOKO/0x00000002
15:42:38.638  INFO     RX        /ERR/LOKO/0x00000002
15:42:38.667  INFO     RX        /ERR/LOKO/0x00000002
15:42:38.667  INFO     RX        /ERR/LOKO/0x00000002
15:42:38.702  INFO     RX        /ERR/LOKO/0x00000002
15:42:38.703  INFO     RX        /ERR/LOKO/0x00000002
15:42:38.703  INFO     RX        /ERR/LOKO/0x00000002
15:42:38.731  INFO     RX        /ERR/LOKO/0x00000002
15:42:38.731  INFO     RX        /ERR/LOKO/0x00000002
15:42:38.732  INFO     RX        /ERR/LOKO/0x00000002
15:42:38.764  INFO     RX        /ERR/LOKO/0x00000002
15:42:38.764  INFO     RX        /ERR/LOKO/0x00000002
15:42:38.764  INFO     RX        /ERR/LOKO/0x00000002
15:42:38.799  INFO     RX        /ERR/LOKO/0x00000002
15:42:38.800  INFO     RX        /ERR/LOKO/0x00000002
15:42:38.800  INFO     RX        /ERR/LOKO/0x00000002
15:42:38.827  INFO     RX        /ERR/LOKO/0x00000002
15:42:38.827  INFO     RX        /ERR/LOKO/0x00000002
15:42:38.862  INFO     RX        /ERR/LOKO/0x00000002
15:42:38.862  INFO     RX        /ERR/LOKO/0x00000002
15:42:38.862  INFO     RX        /ERR/LOKO/0x00000002
15:42:38.892  INFO     RX        /ERR/LOKO/0x00000002
15:42:38.892  INFO     RX        /ERR/LOKO/0x00000002
15:42:38.892  INFO     RX        /ERR/LOKO/0x00000002
15:42:38.924  INFO     RX        /ERR/LOKO/0x00000002
15:42:38.924  INFO     RX        /ERR/LOKO/0x00000002
15:42:38.924  INFO     RX        /ERR/LOKO/0x00000002
15:42:38.960  INFO     RX        /ERR/LOKO/0x00000002
15:42:38.960  INFO     RX        /ERR/LOKO/0x00000002
15:42:38.960  INFO     RX        /ERR/LOKO/0x00000002
15:42:38.989  INFO     RX        /ERR/LOKO/0x00000002
15:42:38.989  INFO     RX        /ERR/LOKO/0x00000002
15:42:39.023  INFO     RX        /ERR/LOKO/0x00000002
15:42:39.023  INFO     RX        /ERR/LOKO/0x00000002
15:42:39.023  INFO     RX        /ERR/LOKO/0x00000002
15:42:39.054  INFO     RX        /ERR/LOKO/0x00000002
15:42:39.054  INFO     RX        /ERR/LOKO/0x00000002
15:42:39.055  INFO     RX        /ERR/LOKO/0x00000002
15:42:39.090  INFO     RX        /ERR/LOKO/0x00000002
15:42:39.315  INFO     RX        /ERR/LOKO/0x00000002
15:42:39.315  INFO     RX        /ERR/LOKO/0x00000002
15:42:39.346  INFO     RX        /ERR/LOKO/0x00000002
15:42:39.346  INFO     RX        /ERR/LOKO/0x00000002
15:42:39.347  INFO     RX        /ERR/LOKO/0x00000002
15:42:39.378  INFO     RX        /ERR/LOKO/0x00000002
15:42:39.378  INFO     RX        /ERR/LOKO/0x00000002
15:42:39.409  INFO     RX        /ERR/LOKO/0x00000002
15:42:39.409  INFO     RX        /ERR/LOKO/0x00000002
15:42:39.409  INFO     RX        /ERR/LOKO/0x00000002
15:42:39.443  INFO     RX        /ERR/LOKO/0x00000002
15:42:39.443  INFO     RX        /ERR/LOKO/0x00000002
15:42:39.443  INFO     RX        /ERR/LOKO/0x00000002
15:42:39.477  INFO     RX        /ERR/LOKO/0x00000002
15:42:39.477  INFO     RX        /ERR/LOKO/0x00000002
15:42:39.477  INFO     RX        /ERR/LOKO/0x00000002
15:42:39.508  INFO     RX        /ERR/LOKO/0x00000002
15:42:39.508  INFO     RX        /ERR/LOKO/0x00000002
15:42:39.537  INFO     RX        /ERR/LOKO/0x00000002
15:42:39.537  INFO     RX        /ERR/LOKO/0x00000002
15:42:39.537  INFO     RX        /ERR/LOKO/0x00000002
15:42:39.571  INFO     RX        /ERR/LOKO/0x00000002
15:42:39.572  INFO     RX        /ERR/LOKO/0x00000002
15:42:39.572  INFO     RX        /ERR/LOKO/0x00000002
15:42:39.604  INFO     RX        /ERR/LOKO/0x00000002
15:42:39.604  INFO     RX        /ERR/LOKO/0x00000002
15:42:39.604  INFO     RX        /ERR/LOKO/0x00000002
15:42:39.630  DEBUG    TX /CONTROLL/0,0,0,0,0,0,0,0,2
15:42:39.633  INFO     RX        /ERR/LOKO/0x00000002
15:42:39.860  INFO     RX        /ERR/LOKO/0x00000002
15:42:39.860  INFO     RX        /ERR/LOKO/0x00000002
15:42:39.893  INFO     RX        /ERR/LOKO/0x00000002
15:42:39.893  INFO     RX        /ERR/LOKO/0x00000002
15:42:39.893  INFO     RX        /ERR/LOKO/0x00000002
15:42:39.924  INFO     RX        /ERR/LOKO/0x00000002
15:42:39.924  INFO     RX        /ERR/LOKO/0x00000002
15:42:39.924  INFO     RX        /ERR/LOKO/0x00000002
15:42:39.959  INFO     RX        /ERR/LOKO/0x00000002
15:42:39.959  INFO     RX        /ERR/LOKO/0x00000002
15:42:39.959  INFO     RX        /ERR/LOKO/0x00000002
15:42:39.988  INFO     RX        /ERR/LOKO/0x00000002
15:42:39.988  INFO     RX        /ERR/LOKO/0x00000002
15:42:40.023  INFO     RX        /ERR/LOKO/0x00000002
15:42:40.023  INFO     RX        /ERR/LOKO/0x00000002
15:42:40.023  INFO     RX        /ERR/LOKO/0x00000002
15:42:40.056  INFO     RX        /ERR/LOKO/0x00000002
15:42:40.056  INFO     RX        /ERR/LOKO/0x00000002
15:42:40.056  INFO     RX        /ERR/LOKO/0x00000002
15:42:40.085  INFO     RX        /ERR/LOKO/0x00000002
15:42:40.831  INFO     RX        /ERR/LOKO/0x00000002
15:42:40.831  INFO     RX        /ERR/LOKO/0x00000002
15:42:40.859  INFO     RX        /ERR/LOKO/0x00000002
15:42:40.859  INFO     RX        /ERR/LOKO/0x00000002
15:42:40.859  INFO     RX        /ERR/LOKO/0x00000002
15:42:40.894  INFO     RX        /ERR/LOKO/0x00000002
15:42:40.894  INFO     RX        /ERR/LOKO/0x00000002
15:42:40.894  INFO     RX        /ERR/LOKO/0x00000002
15:42:40.924  INFO     RX        /ERR/LOKO/0x00000002
15:42:40.924  INFO     RX        /ERR/LOKO/0x00000002
15:42:40.958  INFO     RX        /ERR/LOKO/0x00000002
15:42:40.958  INFO     RX        /ERR/LOKO/0x00000002
15:42:40.958  INFO     RX        /ERR/LOKO/0x00000002
15:42:40.988  INFO     RX        /ERR/LOKO/0x00000002
15:42:40.988  INFO     RX        /ERR/LOKO/0x00000002
15:42:40.988  INFO     RX        /ERR/LOKO/0x00000002
15:42:41.023  INFO     RX        /ERR/LOKO/0x00000002
15:42:41.023  INFO     RX        /ERR/LOKO/0x00000002
15:42:41.023  INFO     RX        /ERR/LOKO/0x00000002
15:42:41.052  INFO     RX        /ERR/LOKO/0x00000002
15:42:41.053  INFO     RX        /ERR/LOKO/0x00000002
15:42:41.085  INFO     RX        /ERR/LOKO/0x00000002
15:42:41.085  INFO     RX        /ERR/LOKO/0x00000002
15:42:41.085  INFO     RX        /ERR/LOKO/0x00000002
15:42:41.119  INFO     RX        /ERR/LOKO/0x00000002
15:42:41.119  INFO     RX        /ERR/LOKO/0x00000002
15:42:41.119  INFO     RX        /ERR/LOKO/0x00000002
15:42:41.151  INFO     RX        /ERR/LOKO/0x00000002
15:42:41.151  INFO     RX        /ERR/LOKO/0x00000002
15:42:41.151  INFO     RX        /ERR/LOKO/0x00000002
15:42:41.184  INFO     RX        /ERR/LOKO/0x00000002
15:42:41.184  INFO     RX        /ERR/LOKO/0x00000002
15:42:41.184  INFO     RX        /ERR/LOKO/0x00000002
15:42:41.215  INFO     RX        /ERR/LOKO/0x00000002
15:42:41.215  INFO     RX        /ERR/LOKO/0x00000002
15:42:41.241  DEBUG    TX /CONTROLL/0,0,0,0,0,0,0,0,0
15:42:41.244  INFO     RX        /ERR/LOKO/0x00000002
15:42:41.244  INFO     RX        /ERR/LOKO/0x00000002
15:42:41.244  INFO     RX        /ERR/LOKO/0x00000002
15:42:41.280  INFO     RX        /ERR/LOKO/0x00000002
15:42:41.280  INFO     RX        /ERR/LOKO/0x00000002
15:42:41.280  INFO     RX        /ERR/LOKO/0x00000002
15:42:41.309  INFO     RX        /ERR/LOKO/0x00000002
15:42:41.310  INFO     RX        /ERR/LOKO/0x00000002
15:42:41.347  INFO     RX        /ERR/LOKO/0x00000002
15:42:41.347  INFO     RX        /ERR/LOKO/0x00000002
15:42:41.347  INFO     RX        /ERR/LOKO/0x00000002
15:42:41.347  INFO     RX        /ERR/LOKO/0x00000002
15:42:41.377  INFO     RX        /ERR/LOKO/0x00000002
15:42:41.377  INFO     RX        /ERR/LOKO/0x00000002
15:42:41.412  INFO     RX        /ERR/LOKO/0x00000002
15:42:41.412  INFO     RX        /ERR/LOKO/0x00000002
15:42:41.412  INFO     RX        /ERR/LOKO/0x00000002
15:42:41.440  INFO     RX        /ERR/LOKO/0x00000002
15:42:41.440  INFO     RX        /ERR/LOKO/0x00000002
15:42:41.440  INFO     RX        /ERR/LOKO/0x00000002
15:42:41.471  INFO     RX        /ERR/LOKO/0x00000002
15:42:41.471  INFO     RX        /ERR/LOKO/0x00000002
15:42:41.507  INFO     RX        /ERR/LOKO/0x00000002
15:42:41.507  INFO     RX        /ERR/LOKO/0x00000002
15:42:41.507  INFO     RX        /ERR/LOKO/0x00000002
15:42:41.536  INFO     RX        /ERR/LOKO/0x00000002
15:42:41.536  INFO     RX        /ERR/LOKO/0x00000002
15:42:41.536  INFO     RX        /ERR/LOKO/0x00000002
15:42:41.571  INFO     RX        /ERR/LOKO/0x00000002
15:42:41.572  INFO     RX        /ERR/LOKO/0x00000002
15:42:41.572  INFO     RX        /ERR/LOKO/0x00000002
15:42:41.604  INFO     RX        /ERR/LOKO/0x00000002
15:42:41.604  INFO     RX        /ERR/LOKO/0x00000002
15:42:41.604  INFO     RX        /ERR/LOKO/0x00000002
15:42:41.633  INFO     RX        /ERR/LOKO/0x00000002
15:42:41.633  INFO     RX        /ERR/LOKO/0x00000002
15:42:41.666  INFO     RX        /ERR/LOKO/0x00000002
15:42:41.666  INFO     RX        /ERR/LOKO/0x00000002
15:42:41.666  INFO     RX        /ERR/LOKO/0x00000002
15:42:41.699  INFO     RX        /ERR/LOKO/0x00000002
15:42:41.699  INFO     RX        /ERR/LOKO/0x00000002
15:42:41.699  INFO     RX        /ERR/LOKO/0x00000002
15:42:41.735  INFO     RX        /ERR/LOKO/0x00000002
15:42:41.735  INFO     RX        /ERR/LOKO/0x00000002
15:42:41.735  INFO     RX        /ERR/LOKO/0x00000002
15:42:41.764  INFO     RX        /ERR/LOKO/0x00000002
15:42:41.764  INFO     RX        /ERR/LOKO/0x00000002
15:42:41.800  INFO     RX        /ERR/LOKO/0x00000002
15:42:41.800  INFO     RX        /ERR/LOKO/0x00000002
15:42:41.800  INFO     RX        /ERR/LOKO/0x00000002
15:42:41.829  INFO     RX        /ERR/LOKO/0x00000002
15:42:41.829  INFO     RX        /ERR/LOKO/0x00000002
15:42:41.829  INFO     RX        /ERR/LOKO/0x00000002
15:42:41.863  INFO     RX        /ERR/LOKO/0x00000002
15:42:41.863  INFO     RX        /ERR/LOKO/0x00000002
15:42:41.863  INFO     RX        /ERR/LOKO/0x00000002
15:42:41.895  INFO     RX        /ERR/LOKO/0x00000002
15:42:41.896  INFO     RX        /ERR/LOKO/0x00000002
15:42:41.896  INFO     RX        /ERR/LOKO/0x00000002
15:42:41.930  INFO     RX        /ERR/LOKO/0x00000002
15:42:41.930  INFO     RX        /ERR/LOKO/0x00000002
15:42:41.930  INFO     RX        /ERR/LOKO/0x00000002
15:42:41.959  INFO     RX        /ERR/LOKO/0x00000002
15:42:41.959  INFO     RX        /ERR/LOKO/0x00000002
15:42:41.990  INFO     RX        /ERR/LOKO/0x00000002
15:42:41.990  INFO     RX        /ERR/LOKO/0x00000002
15:42:41.991  INFO     RX        /ERR/LOKO/0x00000002
15:42:42.024  INFO     RX        /ERR/LOKO/0x00000002
15:42:42.024  INFO     RX        /ERR/LOKO/0x00000002
15:42:42.024  INFO     RX        /ERR/LOKO/0x00000002
15:42:42.059  INFO     RX        /ERR/LOKO/0x00000002
15:42:42.059  INFO     RX        /ERR/LOKO/0x00000002
15:42:42.060  INFO     RX        /ERR/LOKO/0x00000002
15:42:42.087  INFO     RX        /ERR/LOKO/0x00000002
15:42:42.087  INFO     RX        /ERR/LOKO/0x00000002
15:42:42.122  INFO     RX        /ERR/LOKO/0x00000002
15:42:42.122  INFO     RX        /ERR/LOKO/0x00000002
15:42:42.122  INFO     RX        /ERR/LOKO/0x00000002
15:42:42.150  INFO     RX        /ERR/LOKO/0x00000002
15:42:42.151  INFO     RX        /ERR/LOKO/0x00000002
15:42:42.182  INFO     RX        /ERR/LOKO/0x00000002
15:42:42.182  INFO     RX        /ERR/LOKO/0x00000002
15:42:42.182  INFO     RX        /ERR/LOKO/0x00000002
15:42:42.218  INFO     RX        /ERR/LOKO/0x00000002
15:42:42.218  INFO     RX        /ERR/LOKO/0x00000002
15:42:42.218  INFO     RX        /ERR/LOKO/0x00000002
15:42:42.251  INFO     RX        /ERR/LOKO/0x00000002
15:42:42.251  INFO     RX        /ERR/LOKO/0x00000002
15:42:42.251  INFO     RX        /ERR/LOKO/0x00000002
15:42:42.283  INFO     RX        /ERR/LOKO/0x00000002
15:42:42.283  INFO     RX        /ERR/LOKO/0x00000002
15:42:42.283  INFO     RX        /ERR/LOKO/0x00000002
15:42:42.311  INFO     RX        /ERR/LOKO/0x00000002
15:42:42.311  INFO     RX        /ERR/LOKO/0x00000002
15:42:42.349  INFO     RX        /ERR/LOKO/0x00000002
15:42:42.349  INFO     RX        /ERR/LOKO/0x00000002
15:42:42.349  INFO     RX        /ERR/LOKO/0x00000002
15:42:42.379  INFO     RX        /ERR/LOKO/0x00000002
15:42:42.379  INFO     RX        /ERR/LOKO/0x00000002
15:42:42.379  INFO     RX        /ERR/LOKO/0x00000002
15:42:42.413  INFO     RX        /ERR/LOKO/0x00000002
15:42:42.413  INFO     RX        /ERR/LOKO/0x00000002
15:42:42.413  INFO     RX        /ERR/LOKO/0x00000002
15:42:42.442  INFO     RX        /ERR/LOKO/0x00000002
15:42:42.442  INFO     RX        /ERR/LOKO/0x00000002
15:42:42.474  INFO     RX        /ERR/LOKO/0x00000002
15:42:42.474  INFO     RX        /ERR/LOKO/0x00000002
15:42:42.474  INFO     RX        /ERR/LOKO/0x00000002
15:42:42.509  INFO     RX        /ERR/LOKO/0x00000002
15:42:42.509  INFO     RX        /ERR/LOKO/0x00000002
15:42:42.509  INFO     RX        /ERR/LOKO/0x00000002
15:42:42.540  INFO     RX        /ERR/LOKO/0x00000002
15:42:42.540  INFO     RX        /ERR/LOKO/0x00000002
15:42:42.540  INFO     RX        /ERR/LOKO/0x00000002
15:42:42.575  INFO     RX        /ERR/LOKO/0x00000002
15:42:42.575  INFO     RX        /ERR/LOKO/0x00000002
15:42:42.575  INFO     RX        /ERR/LOKO/0x00000002
15:42:42.605  INFO     RX        /ERR/LOKO/0x00000002
15:42:42.605  INFO     RX        /ERR/LOKO/0x00000002
15:42:42.640  INFO     RX        /ERR/LOKO/0x00000002
15:42:42.640  INFO     RX        /ERR/LOKO/0x00000002
15:42:42.640  INFO     RX        /ERR/LOKO/0x00000002
15:42:42.669  INFO     RX        /ERR/LOKO/0x00000002
15:42:42.669  INFO     RX        /ERR/LOKO/0x00000002
15:42:42.669  INFO     RX        /ERR/LOKO/0x00000002
15:42:42.704  INFO     RX        /ERR/LOKO/0x00000002
15:42:42.704  INFO     RX        /ERR/LOKO/0x00000002
15:42:42.704  INFO     RX        /ERR/LOKO/0x00000002
15:42:42.733  INFO     RX        /ERR/LOKO/0x00000002
15:42:42.733  INFO     RX        /ERR/LOKO/0x00000002
15:42:42.768  INFO     RX        /ERR/LOKO/0x00000002
15:42:42.768  INFO     RX        /ERR/LOKO/0x00000002
15:42:42.768  INFO     RX        /ERR/LOKO/0x00000002
15:42:42.796  INFO     RX        /ERR/LOKO/0x00000002
15:42:42.797  INFO     RX        /ERR/LOKO/0x00000002
15:42:42.797  INFO     RX        /ERR/LOKO/0x00000002
15:42:42.832  INFO     RX        /ERR/LOKO/0x00000002
15:42:42.832  INFO     RX        /ERR/LOKO/0x00000002
15:42:42.832  INFO     RX        /ERR/LOKO/0x00000002
15:42:42.858  DEBUG    TX /CONTROLL/0,0,0,0,0,0,0,0,2
15:42:42.861  INFO     RX        /ERR/LOKO/0x00000002
15:42:42.861  INFO     RX        /ERR/LOKO/0x00000002
15:42:42.897  INFO     RX        /ERR/LOKO/0x00000002
15:42:42.898  INFO     RX        /ERR/LOKO/0x00000002
15:42:42.898  INFO     RX        /ERR/LOKO/0x00000002
15:42:42.933  INFO     RX        /ERR/LOKO/0x00000002
15:42:42.933  INFO     RX        /ERR/LOKO/0x00000002
15:42:42.933  INFO     RX        /ERR/LOKO/0x00000002
15:42:42.962  INFO     RX        /ERR/LOKO/0x00000002
15:42:42.962  INFO     RX        /ERR/LOKO/0x00000002
15:42:42.962  INFO     RX        /ERR/LOKO/0x00000002
15:42:42.999  INFO     RX        /ERR/LOKO/0x00000002
15:42:42.999  INFO     RX        /ERR/LOKO/0x00000002
15:42:42.999  INFO     RX        /ERR/LOKO/0x00000002
15:42:43.029  INFO     RX        /ERR/LOKO/0x00000002
15:42:43.029  INFO     RX        /ERR/LOKO/0x00000002
15:42:43.029  INFO     RX        /ERR/LOKO/0x00000002
15:42:43.065  INFO     RX        /ERR/LOKO/0x00000002
15:42:43.065  INFO     RX        /ERR/LOKO/0x00000002
15:42:43.065  INFO     RX        /ERR/LOKO/0x00000002
15:42:43.095  INFO     RX        /ERR/LOKO/0x00000002
15:42:43.095  INFO     RX        /ERR/LOKO/0x00000002
15:42:43.131  INFO     RX        /ERR/LOKO/0x00000002
15:42:43.132  INFO     RX        /ERR/LOKO/0x00000002
15:42:43.132  INFO     RX        /ERR/LOKO/0x00000002
15:42:43.164  INFO     RX        /ERR/LOKO/0x00000002
15:42:43.164  INFO     RX        /ERR/LOKO/0x00000002
15:42:43.164  INFO     RX        /ERR/LOKO/0x00000002
15:42:43.193  INFO     RX        /ERR/LOKO/0x00000002
15:42:43.193  INFO     RX        /ERR/LOKO/0x00000002
15:42:43.193  INFO     RX        /ERR/LOKO/0x00000002
15:42:43.230  INFO     RX        /ERR/LOKO/0x00000002
15:42:43.230  INFO     RX        /ERR/LOKO/0x00000002
15:42:43.230  INFO     RX        /ERR/LOKO/0x00000002
15:42:43.266  INFO     RX        /ERR/LOKO/0x00000002
15:42:43.266  INFO     RX        /ERR/LOKO/0x00000002
15:42:43.266  INFO     RX        /ERR/LOKO/0x00000002
15:42:43.292  INFO     RX        /ERR/LOKO/0x00000002
15:42:43.292  INFO     RX        /ERR/LOKO/0x00000002
15:42:43.327  INFO     RX        /ERR/LOKO/0x00000002
15:42:43.327  INFO     RX        /ERR/LOKO/0x00000002
15:42:43.327  INFO     RX        /ERR/LOKO/0x00000002
15:42:43.355  INFO     RX        /ERR/LOKO/0x00000002
15:42:43.355  INFO     RX        /ERR/LOKO/0x00000002
15:42:43.355  INFO     RX        /ERR/LOKO/0x00000002
15:42:43.392  INFO     RX        /ERR/LOKO/0x00000002
15:42:43.392  INFO     RX        /ERR/LOKO/0x00000002
15:42:43.392  INFO     RX        /ERR/LOKO/0x00000002
15:42:43.419  INFO     RX        /ERR/LOKO/0x00000002
15:42:43.419  INFO     RX        /ERR/LOKO/0x00000002
15:42:43.450  INFO     RX        /ERR/LOKO/0x00000002
15:42:43.450  INFO     RX        /ERR/LOKO/0x00000002
15:42:43.450  INFO     RX        /ERR/LOKO/0x00000002
15:42:43.485  INFO     RX        /ERR/LOKO/0x00000002
15:42:43.485  INFO     RX        /ERR/LOKO/0x00000002
15:42:43.485  INFO     RX        /ERR/LOKO/0x00000002
15:42:43.519  INFO     RX        /ERR/LOKO/0x00000002
15:42:43.519  INFO     RX        /ERR/LOKO/0x00000002
15:42:43.519  INFO     RX        /ERR/LOKO/0x00000002
15:42:43.547  INFO     RX        /ERR/LOKO/0x00000002
15:42:43.547  INFO     RX        /ERR/LOKO/0x00000002
15:42:43.581  INFO     RX        /ERR/LOKO/0x00000002
15:42:43.581  INFO     RX        /ERR/LOKO/0x00000002
15:42:43.581  INFO     RX        /ERR/LOKO/0x00000002
15:42:43.611  INFO     RX        /ERR/LOKO/0x00000002
15:42:43.611  INFO     RX        /ERR/LOKO/0x00000002
15:42:43.611  INFO     RX        /ERR/LOKO/0x00000002
15:42:43.646  INFO     RX        /ERR/LOKO/0x00000002
15:42:43.646  INFO     RX        /ERR/LOKO/0x00000002
15:42:43.646  INFO     RX        /ERR/LOKO/0x00000002
15:42:43.679  INFO     RX        /ERR/LOKO/0x00000002
15:42:43.679  INFO     RX        /ERR/LOKO/0x00000002
15:42:43.707  INFO     RX        /ERR/LOKO/0x00000002
15:42:43.707  INFO     RX        /ERR/LOKO/0x00000002
15:42:43.707  INFO     RX        /ERR/LOKO/0x00000002
15:42:43.741  INFO     RX        /ERR/LOKO/0x00000002
15:42:43.741  INFO     RX        /ERR/LOKO/0x00000002
15:42:43.741  INFO     RX        /ERR/LOKO/0x00000002
15:42:43.774  INFO     RX        /ERR/LOKO/0x00000002
15:42:43.774  INFO     RX        /ERR/LOKO/0x00000002
15:42:43.774  INFO     RX        /ERR/LOKO/0x00000002
15:42:43.803  INFO     RX        /ERR/LOKO/0x00000002
15:42:43.803  INFO     RX        /ERR/LOKO/0x00000002
15:42:43.839  INFO     RX        /ERR/LOKO/0x00000002
15:42:43.839  INFO     RX        /ERR/LOKO/0x00000002
15:42:43.839  INFO     RX        /ERR/LOKO/0x00000002
15:42:43.872  INFO     RX        /ERR/LOKO/0x00000002
15:42:43.872  INFO     RX        /ERR/LOKO/0x00000002
15:42:43.872  INFO     RX        /ERR/LOKO/0x00000002
15:42:43.901  INFO     RX        /ERR/LOKO/0x00000002
15:42:43.901  INFO     RX        /ERR/LOKO/0x00000002
15:42:43.935  INFO     RX        /ERR/LOKO/0x00000002
15:42:43.935  INFO     RX        /ERR/LOKO/0x00000002
15:42:43.935  INFO     RX        /ERR/LOKO/0x00000002
15:42:43.964  INFO     RX        /ERR/LOKO/0x00000002
15:42:43.964  INFO     RX        /ERR/LOKO/0x00000002
15:42:43.964  INFO     RX        /ERR/LOKO/0x00000002
15:42:43.999  INFO     RX        /ERR/LOKO/0x00000002
15:42:43.999  INFO     RX        /ERR/LOKO/0x00000002
15:42:43.999  INFO     RX        /ERR/LOKO/0x00000002
15:42:44.029  INFO     RX        /ERR/LOKO/0x00000002
15:42:44.029  INFO     RX        /ERR/LOKO/0x00000002
15:42:44.064  INFO     RX        /ERR/LOKO/0x00000002
15:42:44.064  INFO     RX        /ERR/LOKO/0x00000002
15:42:44.064  INFO     RX        /ERR/LOKO/0x00000002
15:42:44.096  INFO     RX        /ERR/LOKO/0x00000002
15:42:44.096  INFO     RX        /ERR/LOKO/0x00000002
15:42:44.096  INFO     RX        /ERR/LOKO/0x00000002
15:42:44.126  INFO     RX        /ERR/LOKO/0x00000002
15:42:44.126  INFO     RX        /ERR/LOKO/0x00000002
15:42:44.126  INFO     RX        /ERR/LOKO/0x00000002
15:42:44.160  INFO     RX        /ERR/LOKO/0x00000002
15:42:44.160  INFO     RX        /ERR/LOKO/0x00000002
15:42:44.160  INFO     RX        /ERR/LOKO/0x00000002
15:42:44.190  INFO     RX        /ERR/LOKO/0x00000002
15:42:44.190  INFO     RX        /ERR/LOKO/0x00000002
15:42:44.224  INFO     RX        /ERR/LOKO/0x00000002
15:42:44.224  INFO     RX        /ERR/LOKO/0x00000002
15:42:44.224  INFO     RX        /ERR/LOKO/0x00000002
15:42:44.254  INFO     RX        /ERR/LOKO/0x00000002
15:42:44.254  INFO     RX        /ERR/LOKO/0x00000002
15:42:44.254  INFO     RX        /ERR/LOKO/0x00000002
15:42:44.289  INFO     RX        /ERR/LOKO/0x00000002
15:42:44.289  INFO     RX        /ERR/LOKO/0x00000002
15:42:44.289  INFO     RX        /ERR/LOKO/0x00000002
15:42:44.319  INFO     RX        /ERR/LOKO/0x00000002
15:42:44.319  INFO     RX        /ERR/LOKO/0x00000002
15:42:44.353  INFO     RX        /ERR/LOKO/0x00000002
15:42:44.353  INFO     RX        /ERR/LOKO/0x00000002
15:42:44.353  INFO     RX        /ERR/LOKO/0x00000002
15:42:44.382  INFO     RX        /ERR/LOKO/0x00000002
15:42:44.382  INFO     RX        /ERR/LOKO/0x00000002
15:42:44.382  INFO     RX        /ERR/LOKO/0x00000002
15:42:44.414  INFO     RX        /ERR/LOKO/0x00000002
15:42:44.414  INFO     RX        /ERR/LOKO/0x00000002
15:42:44.447  INFO     RX        /ERR/LOKO/0x00000002
15:42:44.447  INFO     RX        /ERR/LOKO/0x00000002
15:42:44.447  INFO     RX        /ERR/LOKO/0x00000002
15:42:44.475  DEBUG    TX /CONTROLL/0,0,0,0,0,0,0,0,0
15:42:44.478  INFO     RX        /ERR/LOKO/0x00000002
15:42:44.478  INFO     RX        /ERR/LOKO/0x00000002
15:42:44.478  INFO     RX        /ERR/LOKO/0x00000002
15:42:44.514  INFO     RX        /ERR/LOKO/0x00000002
15:42:44.514  INFO     RX        /ERR/LOKO/0x00000002
15:42:44.514  INFO     RX        /ERR/LOKO/0x00000002
15:42:44.542  INFO     RX        /ERR/LOKO/0x00000002
15:42:44.542  INFO     RX        /ERR/LOKO/0x00000002
15:42:44.578  INFO     RX        /ERR/LOKO/0x00000002
15:42:44.578  INFO     RX        /ERR/LOKO/0x00000002
15:42:44.578  INFO     RX        /ERR/LOKO/0x00000002
15:42:44.607  INFO     RX        /ERR/LOKO/0x00000002
15:42:44.607  INFO     RX        /ERR/LOKO/0x00000002
15:42:44.607  INFO     RX        /ERR/LOKO/0x00000002
15:42:44.643  INFO     RX        /ERR/LOKO/0x00000002
15:42:44.643  INFO     RX        /ERR/LOKO/0x00000002
15:42:44.643  INFO     RX        /ERR/LOKO/0x00000002
15:42:44.671  INFO     RX        /ERR/LOKO/0x00000002
15:42:44.672  INFO     RX        /ERR/LOKO/0x00000002
15:42:44.707  INFO     RX        /ERR/LOKO/0x00000002
15:42:44.707  INFO     RX        /ERR/LOKO/0x00000002
15:42:44.707  INFO     RX        /ERR/LOKO/0x00000002
15:42:44.736  INFO     RX        /ERR/LOKO/0x00000002
15:42:44.736  INFO     RX        /ERR/LOKO/0x00000002
15:42:44.736  INFO     RX        /ERR/LOKO/0x00000002
15:42:44.771  INFO     RX        /ERR/LOKO/0x00000002
15:42:44.771  INFO     RX        /ERR/LOKO/0x00000002
15:42:44.771  INFO     RX        /ERR/LOKO/0x00000002
15:42:44.803  INFO     RX        /ERR/LOKO/0x00000002
15:42:44.803  INFO     RX        /ERR/LOKO/0x00000002
15:42:44.803  INFO     RX        /ERR/LOKO/0x00000002
15:42:44.835  INFO     RX        /ERR/LOKO/0x00000002
15:42:44.835  INFO     RX        /ERR/LOKO/0x00000002
15:42:44.867  INFO     RX        /ERR/LOKO/0x00000002
15:42:44.867  INFO     RX        /ERR/LOKO/0x00000002
15:42:44.867  INFO     RX        /ERR/LOKO/0x00000002
15:42:44.899  INFO     RX        /ERR/LOKO/0x00000002
15:42:44.899  INFO     RX        /ERR/LOKO/0x00000002
15:42:44.899  INFO     RX        /ERR/LOKO/0x00000002
15:42:44.931  INFO     RX        /ERR/LOKO/0x00000002
15:42:44.931  INFO     RX        /ERR/LOKO/0x00000002
15:42:44.931  INFO     RX        /ERR/LOKO/0x00000002
15:42:44.963  INFO     RX        /ERR/LOKO/0x00000002
15:42:44.963  INFO     RX        /ERR/LOKO/0x00000002
15:42:44.995  INFO     RX        /ERR/LOKO/0x00000002
15:42:44.995  INFO     RX        /ERR/LOKO/0x00000002
15:42:44.995  INFO     RX        /ERR/LOKO/0x00000002
15:42:45.029  INFO     RX        /ERR/LOKO/0x00000002
15:42:45.029  INFO     RX        /ERR/LOKO/0x00000002
15:42:45.029  INFO     RX        /ERR/LOKO/0x00000002
15:42:45.059  INFO     RX        /ERR/LOKO/0x00000002
15:42:45.059  INFO     RX        /ERR/LOKO/0x00000002
15:42:45.059  INFO     RX        /ERR/LOKO/0x00000002
15:42:45.091  INFO     RX        /ERR/LOKO/0x00000002
15:42:45.092  INFO     RX        /ERR/LOKO/0x00000002
15:42:45.120  INFO     RX        /ERR/LOKO/0x00000002
15:42:45.120  INFO     RX        /ERR/LOKO/0x00000002
15:42:45.120  INFO     RX        /ERR/LOKO/0x00000002
15:42:45.152  INFO     RX        /ERR/LOKO/0x00000002
15:42:45.152  INFO     RX        /ERR/LOKO/0x00000002
15:42:45.152  INFO     RX        /ERR/LOKO/0x00000002
15:42:45.187  INFO     RX        /ERR/LOKO/0x00000002
15:42:45.187  INFO     RX        /ERR/LOKO/0x00000002
15:42:45.187  INFO     RX        /ERR/LOKO/0x00000002
15:42:45.219  INFO     RX        /ERR/LOKO/0x00000002
15:42:45.219  INFO     RX        /ERR/LOKO/0x00000002
15:42:45.248  INFO     RX        /ERR/LOKO/0x00000002
15:42:45.248  INFO     RX        /ERR/LOKO/0x00000002
15:42:45.248  INFO     RX        /ERR/LOKO/0x00000002
15:42:45.281  INFO     RX        /ERR/LOKO/0x00000002
15:42:45.281  INFO     RX        /ERR/LOKO/0x00000002
15:42:45.281  INFO     RX        /ERR/LOKO/0x00000002
15:42:45.341  INFO     RX        /ERR/LOKO/0x00000002
15:42:45.341  INFO     RX        /ERR/LOKO/0x00000002
15:42:45.341  INFO     RX        /ERR/LOKO/0x00000002
15:42:45.341  INFO     RX        /ERR/LOKO/0x00000002
15:42:45.341  INFO     RX        /ERR/LOKO/0x00000002
15:42:45.349  INFO     RX        /ERR/LOKO/0x00000002
15:42:45.379  INFO     RX        /ERR/LOKO/0x00000002
15:42:45.379  INFO     RX        /ERR/LOKO/0x00000002
15:42:45.409  INFO     RX        /ERR/LOKO/0x00000002
15:42:45.409  INFO     RX        /ERR/LOKO/0x00000002
15:42:45.409  INFO     RX        /ERR/LOKO/0x00000002
15:42:45.441  INFO     RX        /ERR/LOKO/0x00000002
15:42:45.441  INFO     RX        /ERR/LOKO/0x00000002
15:42:45.476  INFO     RX        /ERR/LOKO/0x00000002
15:42:45.476  INFO     RX        /ERR/LOKO/0x00000002
15:42:45.476  INFO     RX        /ERR/LOKO/0x00000002
15:42:45.505  INFO     RX        /ERR/LOKO/0x00000002
15:42:45.505  INFO     RX        /ERR/LOKO/0x00000002
15:42:45.505  INFO     RX        /ERR/LOKO/0x00000002
15:42:45.540  INFO     RX        /ERR/LOKO/0x00000002
15:42:45.540  INFO     RX        /ERR/LOKO/0x00000002
15:42:45.540  INFO     RX        /ERR/LOKO/0x00000002
15:42:45.570  INFO     RX        /ERR/LOKO/0x00000002
15:42:45.570  INFO     RX        /ERR/LOKO/0x00000002
15:42:45.606  INFO     RX        /ERR/LOKO/0x00000002
15:42:45.606  INFO     RX        /ERR/LOKO/0x00000002
15:42:45.606  INFO     RX        /ERR/LOKO/0x00000002
15:42:45.606  INFO     RX        /ERR/LOKO/0x00000002
15:42:45.634  INFO     RX        /ERR/LOKO/0x00000002
15:42:45.634  INFO     RX        /ERR/LOKO/0x00000002
15:42:45.670  INFO     RX        /ERR/LOKO/0x00000002
15:42:45.670  INFO     RX        /ERR/LOKO/0x00000002
15:42:45.670  INFO     RX        /ERR/LOKO/0x00000002
15:42:45.702  INFO     RX        /ERR/LOKO/0x00000002
15:42:45.702  INFO     RX        /ERR/LOKO/0x00000002
15:42:45.702  INFO     RX        /ERR/LOKO/0x00000002
15:42:45.732  INFO     RX        /ERR/LOKO/0x00000002
15:42:45.732  INFO     RX        /ERR/LOKO/0x00000002
15:42:45.767  INFO     RX        /ERR/LOKO/0x00000002
15:42:45.767  INFO     RX        /ERR/LOKO/0x00000002
15:42:45.767  INFO     RX        /ERR/LOKO/0x00000002
15:42:45.796  INFO     RX        /ERR/LOKO/0x00000002
15:42:45.796  INFO     RX        /ERR/LOKO/0x00000002
15:42:45.796  INFO     RX        /ERR/LOKO/0x00000002
15:42:45.831  INFO     RX        /ERR/LOKO/0x00000002
15:42:45.831  INFO     RX        /ERR/LOKO/0x00000002
15:42:45.831  INFO     RX        /ERR/LOKO/0x00000002
15:42:45.861  INFO     RX        /ERR/LOKO/0x00000002
15:42:45.861  INFO     RX        /ERR/LOKO/0x00000002
15:42:45.894  INFO     RX        /ERR/LOKO/0x00000002
15:42:45.894  INFO     RX        /ERR/LOKO/0x00000002
15:42:45.894  INFO     RX        /ERR/LOKO/0x00000002
15:42:45.926  INFO     RX        /ERR/LOKO/0x00000002
15:42:45.926  INFO     RX        /ERR/LOKO/0x00000002
15:42:45.927  INFO     RX        /ERR/LOKO/0x00000002
15:42:45.958  INFO     RX        /ERR/LOKO/0x00000002
15:42:45.958  INFO     RX        /ERR/LOKO/0x00000002
15:42:45.958  INFO     RX        /ERR/LOKO/0x00000002
15:42:45.991  INFO     RX        /ERR/LOKO/0x00000002
15:42:45.991  INFO     RX        /ERR/LOKO/0x00000002
15:42:46.024  INFO     RX        /ERR/LOKO/0x00000002
15:42:46.024  INFO     RX        /ERR/LOKO/0x00000002
15:42:46.024  INFO     RX        /ERR/LOKO/0x00000002
15:42:46.054  INFO     RX        /ERR/LOKO/0x00000002
15:42:46.054  INFO     RX        /ERR/LOKO/0x00000002
15:42:46.054  INFO     RX        /ERR/LOKO/0x00000002
15:42:46.084  DEBUG    TX /CONTROLL/0,0,0,0,0,0,0,0,0
15:42:46.089  INFO     RX        /ERR/LOKO/0x00000002
15:42:46.089  INFO     RX        /ERR/LOKO/0x00000002
15:42:46.089  INFO     RX        /ERR/LOKO/0x00000002
15:42:46.119  INFO     RX        /ERR/LOKO/0x00000002
15:42:46.119  INFO     RX        /ERR/LOKO/0x00000002
15:42:46.151  INFO     RX        /ERR/LOKO/0x00000002
15:42:46.151  INFO     RX        /ERR/LOKO/0x00000002
15:42:46.151  INFO     RX        /ERR/LOKO/0x00000002
15:42:46.184  INFO     RX        /ERR/LOKO/0x00000002
15:42:46.184  INFO     RX        /ERR/LOKO/0x00000002
15:42:46.184  INFO     RX        /ERR/LOKO/0x00000002
15:42:46.219  INFO     RX        /ERR/LOKO/0x00000002
15:42:46.220  INFO     RX        /ERR/LOKO/0x00000002
15:42:46.220  INFO     RX        /ERR/LOKO/0x00000002
15:42:46.248  INFO     RX        /ERR/LOKO/0x00000002
15:42:46.248  INFO     RX        /ERR/LOKO/0x00000002
15:42:46.248  INFO     RX        /ERR/LOKO/0x00000002
15:42:46.281  INFO     RX        /ERR/LOKO/0x00000002
15:42:46.281  INFO     RX        /ERR/LOKO/0x00000002
15:42:46.317  INFO     RX        /ERR/LOKO/0x00000002
15:42:46.317  INFO     RX        /ERR/LOKO/0x00000002
15:42:46.317  INFO     RX        /ERR/LOKO/0x00000002
15:42:46.317  INFO     RX        /ERR/LOKO/0x00000002
15:42:46.350  INFO     RX        /ERR/LOKO/0x00000002
15:42:46.350  INFO     RX        /ERR/LOKO/0x00000002
15:42:46.385  INFO     RX        /ERR/LOKO/0x00000002
15:42:46.385  INFO     RX        /ERR/LOKO/0x00000002
15:42:46.386  INFO     RX        /ERR/LOKO/0x00000002
15:42:46.412  INFO     RX        /ERR/LOKO/0x00000002
15:42:46.412  INFO     RX        /ERR/LOKO/0x00000002
15:42:46.412  INFO     RX        /ERR/LOKO/0x00000002
15:42:46.444  INFO     RX        /ERR/LOKO/0x00000002
15:42:46.444  INFO     RX        /ERR/LOKO/0x00000002
15:42:46.479  INFO     RX        /ERR/LOKO/0x00000002
15:42:46.479  INFO     RX        /ERR/LOKO/0x00000002
15:42:46.479  INFO     RX        /ERR/LOKO/0x00000002
15:42:46.511  INFO     RX        /ERR/LOKO/0x00000002
15:42:46.511  INFO     RX        /ERR/LOKO/0x00000002
15:42:46.512  INFO     RX        /ERR/LOKO/0x00000002
15:42:46.541  INFO     RX        /ERR/LOKO/0x00000002
15:42:46.541  INFO     RX        /ERR/LOKO/0x00000002
15:42:46.541  INFO     RX        /ERR/LOKO/0x00000002
15:42:46.576  INFO     RX        /ERR/LOKO/0x00000002
15:42:46.576  INFO     RX        /ERR/LOKO/0x00000002
15:42:46.576  INFO     RX        /ERR/LOKO/0x00000002
15:42:46.605  INFO     RX        /ERR/LOKO/0x00000002
15:42:46.605  INFO     RX        /ERR/LOKO/0x00000002
15:42:46.640  INFO     RX        /ERR/LOKO/0x00000002
15:42:46.640  INFO     RX        /ERR/LOKO/0x00000002
15:42:46.640  INFO     RX        /ERR/LOKO/0x00000002
15:42:46.669  INFO     RX        /ERR/LOKO/0x00000002
15:42:46.669  INFO     RX        /ERR/LOKO/0x00000002
15:42:46.669  INFO     RX        /ERR/LOKO/0x00000002
15:42:46.705  INFO     RX        /ERR/LOKO/0x00000002
15:42:46.705  INFO     RX        /ERR/LOKO/0x00000002
15:42:46.705  INFO     RX        /ERR/LOKO/0x00000002
15:42:46.733  INFO     RX        /ERR/LOKO/0x00000002
15:42:46.733  INFO     RX        /ERR/LOKO/0x00000002
15:42:46.770  INFO     RX        /ERR/LOKO/0x00000002
15:42:46.770  INFO     RX        /ERR/LOKO/0x00000002
15:42:46.770  INFO     RX        /ERR/LOKO/0x00000002
15:42:46.797  INFO     RX        /ERR/LOKO/0x00000002
15:42:46.797  INFO     RX        /ERR/LOKO/0x00000002
15:42:46.797  INFO     RX        /ERR/LOKO/0x00000002
15:42:46.833  INFO     RX        /ERR/LOKO/0x00000002
15:42:46.833  INFO     RX        /ERR/LOKO/0x00000002
15:42:46.833  INFO     RX        /ERR/LOKO/0x00000002
15:42:46.862  INFO     RX        /ERR/LOKO/0x00000002
15:42:46.862  INFO     RX        /ERR/LOKO/0x00000002
15:42:46.897  INFO     RX        /ERR/LOKO/0x00000002
15:42:46.897  INFO     RX        /ERR/LOKO/0x00000002
15:42:46.897  INFO     RX        /ERR/LOKO/0x00000002
15:42:46.926  INFO     RX        /ERR/LOKO/0x00000002
15:42:46.927  INFO     RX        /ERR/LOKO/0x00000002
15:42:46.927  INFO     RX        /ERR/LOKO/0x00000002
15:42:46.963  INFO     RX        /ERR/LOKO/0x00000002
15:42:46.963  INFO     RX        /ERR/LOKO/0x00000002
15:42:46.963  INFO     RX        /ERR/LOKO/0x00000002
15:42:46.994  INFO     RX        /ERR/LOKO/0x00000002
15:42:46.994  INFO     RX        /ERR/LOKO/0x00000002
15:42:47.025  INFO     RX        /ERR/LOKO/0x00000002
15:42:47.025  INFO     RX        /ERR/LOKO/0x00000002
15:42:47.025  INFO     RX        /ERR/LOKO/0x00000002
15:42:47.054  INFO     RX        /ERR/LOKO/0x00000002
15:42:47.054  INFO     RX        /ERR/LOKO/0x00000002
15:42:47.054  INFO     RX        /ERR/LOKO/0x00000002
15:42:47.089  INFO     RX        /ERR/LOKO/0x00000002
15:42:47.089  INFO     RX        /ERR/LOKO/0x00000002
15:42:47.089  INFO     RX        /ERR/LOKO/0x00000002
15:42:47.118  INFO     RX        /ERR/LOKO/0x00000002
15:42:47.118  INFO     RX        /ERR/LOKO/0x00000002
15:42:47.152  INFO     RX        /ERR/LOKO/0x00000002
15:42:47.152  INFO     RX        /ERR/LOKO/0x00000002
15:42:47.152  INFO     RX        /ERR/LOKO/0x00000002
15:42:47.183  INFO     RX        /ERR/LOKO/0x00000002
15:42:47.183  INFO     RX        /ERR/LOKO/0x00000002
15:42:47.183  INFO     RX        /ERR/LOKO/0x00000002
15:42:47.217  INFO     RX        /ERR/LOKO/0x00000002
15:42:47.217  INFO     RX        /ERR/LOKO/0x00000002
15:42:47.217  INFO     RX        /ERR/LOKO/0x00000002
15:42:47.247  INFO     RX        /ERR/LOKO/0x00000002
15:42:47.247  INFO     RX        /ERR/LOKO/0x00000002
15:42:47.280  INFO     RX        /ERR/LOKO/0x00000002
15:42:47.280  INFO     RX        /ERR/LOKO/0x00000002
15:42:47.280  INFO     RX        /ERR/LOKO/0x00000002
15:42:47.309  INFO     RX        /ERR/LOKO/0x00000002
15:42:47.309  INFO     RX        /ERR/LOKO/0x00000002
15:42:47.344  INFO     RX        /ERR/LOKO/0x00000002
15:42:47.344  INFO     RX        /ERR/LOKO/0x00000002
15:42:47.344  INFO     RX        /ERR/LOKO/0x00000002
15:42:47.374  INFO     RX        /ERR/LOKO/0x00000002
15:42:47.374  INFO     RX        /ERR/LOKO/0x00000002
15:42:47.374  INFO     RX        /ERR/LOKO/0x00000002
15:42:47.409  INFO     RX        /ERR/LOKO/0x00000002
15:42:47.409  INFO     RX        /ERR/LOKO/0x00000002
15:42:47.409  INFO     RX        /ERR/LOKO/0x00000002
15:42:47.437  INFO     RX        /ERR/LOKO/0x00000002
15:42:47.437  INFO     RX        /ERR/LOKO/0x00000002
15:42:47.469  INFO     RX        /ERR/LOKO/0x00000002
15:42:47.469  INFO     RX        /ERR/LOKO/0x00000002
15:42:47.469  INFO     RX        /ERR/LOKO/0x00000002
15:42:47.504  INFO     RX        /ERR/LOKO/0x00000002
15:42:47.504  INFO     RX        /ERR/LOKO/0x00000002
15:42:47.504  INFO     RX        /ERR/LOKO/0x00000002
15:42:47.534  INFO     RX        /ERR/LOKO/0x00000002
15:42:47.534  INFO     RX        /ERR/LOKO/0x00000002
15:42:47.534  INFO     RX        /ERR/LOKO/0x00000002
15:42:47.568  INFO     RX        /ERR/LOKO/0x00000002
15:42:47.568  INFO     RX        /ERR/LOKO/0x00000002
15:42:47.568  INFO     RX        /ERR/LOKO/0x00000002
15:42:47.597  INFO     RX        /ERR/LOKO/0x00000002
15:42:47.597  INFO     RX        /ERR/LOKO/0x00000002
15:42:47.632  INFO     RX        /ERR/LOKO/0x00000002
15:42:47.632  INFO     RX        /ERR/LOKO/0x00000002
15:42:47.632  INFO     RX        /ERR/LOKO/0x00000002
15:42:47.661  INFO     RX        /ERR/LOKO/0x00000002
15:42:47.661  INFO     RX        /ERR/LOKO/0x00000002
15:42:47.661  INFO     RX        /ERR/LOKO/0x00000002
15:42:47.690  DEBUG    TX /CONTROLL/0,0,0,0,0,0,0,0,0
15:42:47.696  INFO     RX        /ERR/LOKO/0x00000002
15:42:47.696  INFO     RX        /ERR/LOKO/0x00000002
15:42:47.696  INFO     RX        /ERR/LOKO/0x00000002
15:42:47.727  INFO     RX        /ERR/LOKO/0x00000002
15:42:47.728  INFO     RX        /ERR/LOKO/0x00000002
15:42:47.757  INFO     RX        /ERR/LOKO/0x00000002
15:42:47.757  INFO     RX        /ERR/LOKO/0x00000002
15:42:47.757  INFO     RX        /ERR/LOKO/0x00000002
15:42:47.792  INFO     RX        /ERR/LOKO/0x00000002
15:42:47.792  INFO     RX        /ERR/LOKO/0x00000002
15:42:47.792  INFO     RX        /ERR/LOKO/0x00000002
15:42:47.822  INFO     RX        /ERR/LOKO/0x00000002
15:42:47.823  INFO     RX        /ERR/LOKO/0x00000002
15:42:47.858  INFO     RX        /ERR/LOKO/0x00000002
15:42:47.858  INFO     RX        /ERR/LOKO/0x00000002
15:42:47.858  INFO     RX        /ERR/LOKO/0x00000002
15:42:47.858  INFO     RX        /ERR/LOKO/0x00000002
15:42:47.887  INFO     RX        /ERR/LOKO/0x00000002
15:42:47.887  INFO     RX        /ERR/LOKO/0x00000002
15:42:47.923  INFO     RX        /ERR/LOKO/0x00000002
15:42:47.923  INFO     RX        /ERR/LOKO/0x00000002
15:42:47.923  INFO     RX        /ERR/LOKO/0x00000002
15:42:47.951  INFO     RX        /ERR/LOKO/0x00000002
15:42:47.951  INFO     RX        /ERR/LOKO/0x00000002
15:42:47.999  INFO     RX        /ERR/LOKO/0x00000002
15:42:47.999  INFO     RX        /ERR/LOKO/0x00000002
15:42:47.999  INFO     RX        /ERR/LOKO/0x00000002
15:42:47.999  INFO     RX        /ERR/LOKO/0x00000002
15:42:47.999  INFO     RX        /ERR/LOKO/0x00000002
15:42:48.015  INFO     RX        /ERR/LOKO/0x00000002
15:42:48.050  INFO     RX        /ERR/LOKO/0x00000002
15:42:48.050  INFO     RX        /ERR/LOKO/0x00000002
15:42:48.050  INFO     RX        /ERR/LOKO/0x00000002
15:42:48.080  INFO     RX        /ERR/LOKO/0x00000002
15:42:48.080  INFO     RX        /ERR/LOKO/0x00000002
15:42:48.114  INFO     RX        /ERR/LOKO/0x00000002
15:42:48.114  INFO     RX        /ERR/LOKO/0x00000002
15:42:48.114  INFO     RX        /ERR/LOKO/0x00000002
15:42:48.144  INFO     RX        /ERR/LOKO/0x00000002
15:42:48.144  INFO     RX        /ERR/LOKO/0x00000002
15:42:48.144  INFO     RX        /ERR/LOKO/0x00000002
15:42:48.179  INFO     RX        /ERR/LOKO/0x00000002
15:42:48.179  INFO     RX        /ERR/LOKO/0x00000002
15:42:48.179  INFO     RX        /ERR/LOKO/0x00000002
15:42:48.214  INFO     RX        /ERR/LOKO/0x00000002
15:42:48.214  INFO     RX        /ERR/LOKO/0x00000002
15:42:48.214  INFO     RX        /ERR/LOKO/0x00000002
15:42:48.242  INFO     RX        /ERR/LOKO/0x00000002
15:42:48.242  INFO     RX        /ERR/LOKO/0x00000002
15:42:48.277  INFO     RX        /ERR/LOKO/0x00000002
15:42:48.277  INFO     RX        /ERR/LOKO/0x00000002
15:42:48.277  INFO     RX        /ERR/LOKO/0x00000002
15:42:48.304  INFO     RX        /ERR/LOKO/0x00000002
15:42:48.305  INFO     RX        /ERR/LOKO/0x00000002
15:42:48.305  INFO     RX        /ERR/LOKO/0x00000002
15:42:48.342  INFO     RX        /ERR/LOKO/0x00000002
15:42:48.342  INFO     RX        /ERR/LOKO/0x00000002
15:42:48.342  INFO     RX        /ERR/LOKO/0x00000002
15:42:48.374  INFO     RX        /ERR/LOKO/0x00000002
15:42:48.374  INFO     RX        /ERR/LOKO/0x00000002
15:42:48.374  INFO     RX        /ERR/LOKO/0x00000002
15:42:48.399  INFO     RX        /ERR/LOKO/0x00000002
15:42:48.404  INFO     RX        /ERR/LOKO/0x00000002
15:42:48.432  INFO     RX        /ERR/LOKO/0x00000002
15:42:48.432  INFO     RX        /ERR/LOKO/0x00000002
15:42:48.432  INFO     RX        /ERR/LOKO/0x00000002
15:42:48.468  INFO     RX        /ERR/LOKO/0x00000002
15:42:48.468  INFO     RX        /ERR/LOKO/0x00000002
15:42:48.468  INFO     RX        /ERR/LOKO/0x00000002
15:42:48.498  INFO     RX        /ERR/LOKO/0x00000002
15:42:48.498  INFO     RX        /ERR/LOKO/0x00000002
15:42:48.532  INFO     RX        /ERR/LOKO/0x00000002
15:42:48.532  INFO     RX        /ERR/LOKO/0x00000002
15:42:48.532  INFO     RX        /ERR/LOKO/0x00000002
15:42:48.561  INFO     RX        /ERR/LOKO/0x00000002
15:42:48.562  INFO     RX        /ERR/LOKO/0x00000002
15:42:48.562  INFO     RX        /ERR/LOKO/0x00000002
15:42:48.592  INFO     RX        /ERR/LOKO/0x00000002
15:42:48.592  INFO     RX        /ERR/LOKO/0x00000002
15:42:48.628  INFO     RX        /ERR/LOKO/0x00000002
15:42:48.628  INFO     RX        /ERR/LOKO/0x00000002
15:42:48.628  INFO     RX        /ERR/LOKO/0x00000002
15:42:48.656  INFO     RX        /ERR/LOKO/0x00000002
15:42:48.656  INFO     RX        /ERR/LOKO/0x00000002
15:42:48.656  INFO     RX        /ERR/LOKO/0x00000002
15:42:48.691  INFO     RX        /ERR/LOKO/0x00000002
15:42:48.691  INFO     RX        /ERR/LOKO/0x00000002
15:42:48.691  INFO     RX        /ERR/LOKO/0x00000002
15:42:48.724  INFO     RX        /ERR/LOKO/0x00000002
15:42:48.724  INFO     RX        /ERR/LOKO/0x00000002
15:42:48.724  INFO     RX        /ERR/LOKO/0x00000002
15:42:48.754  INFO     RX        /ERR/LOKO/0x00000002
15:42:48.755  INFO     RX        /ERR/LOKO/0x00000002
15:42:48.790  INFO     RX        /ERR/LOKO/0x00000002
15:42:48.790  INFO     RX        /ERR/LOKO/0x00000002
15:42:48.790  INFO     RX        /ERR/LOKO/0x00000002
15:42:48.823  INFO     RX        /ERR/LOKO/0x00000002
15:42:48.823  INFO     RX        /ERR/LOKO/0x00000002
15:42:48.823  INFO     RX        /ERR/LOKO/0x00000002
15:42:48.859  INFO     RX        /ERR/LOKO/0x00000002
15:42:48.860  INFO     RX        /ERR/LOKO/0x00000002
15:42:48.860  INFO     RX        /ERR/LOKO/0x00000002
15:42:48.884  INFO     RX        /ERR/LOKO/0x00000002
15:42:48.884  INFO     RX        /ERR/LOKO/0x00000002
15:42:48.918  INFO     RX        /ERR/LOKO/0x00000002
15:42:48.918  INFO     RX        /ERR/LOKO/0x00000002
15:42:48.918  INFO     RX        /ERR/LOKO/0x00000002
15:42:48.950  INFO     RX        /ERR/LOKO/0x00000002
15:42:48.951  INFO     RX        /ERR/LOKO/0x00000002
15:42:48.951  INFO     RX        /ERR/LOKO/0x00000002
15:42:48.984  INFO     RX        /ERR/LOKO/0x00000002
15:42:48.984  INFO     RX        /ERR/LOKO/0x00000002
15:42:48.984  INFO     RX        /ERR/LOKO/0x00000002
15:42:49.013  INFO     RX        /ERR/LOKO/0x00000002
15:42:49.013  INFO     RX        /ERR/LOKO/0x00000002
15:42:49.067  INFO     RX        /ERR/LOKO/0x00000002
15:42:49.067  INFO     RX        /ERR/LOKO/0x00000002
15:42:49.067  INFO     RX        /ERR/LOKO/0x00000002
15:42:49.067  INFO     RX        /ERR/LOKO/0x00000002
15:42:49.067  INFO     RX        /ERR/LOKO/0x00000002
15:42:49.090  INFO     RX        /ERR/LOKO/0x00000002
15:42:49.110  INFO     RX        /ERR/LOKO/0x00000002
15:42:49.110  INFO     RX        /ERR/LOKO/0x00000002
15:42:49.110  INFO     RX        /ERR/LOKO/0x00000002
15:42:49.142  INFO     RX        /ERR/LOKO/0x00000002
15:42:49.142  INFO     RX        /ERR/LOKO/0x00000002
15:42:49.180  INFO     RX        /ERR/LOKO/0x00000002
15:42:49.180  INFO     RX        /ERR/LOKO/0x00000002
15:42:49.180  INFO     RX        /ERR/LOKO/0x00000002
15:42:49.180  INFO     RX        /ERR/LOKO/0x00000002
15:42:49.208  INFO     RX        /ERR/LOKO/0x00000002
15:42:49.208  INFO     RX        /ERR/LOKO/0x00000002
15:42:49.238  INFO     RX        /ERR/LOKO/0x00000002
15:42:49.238  INFO     RX        /ERR/LOKO/0x00000002
15:42:49.238  INFO     RX        /ERR/LOKO/0x00000002
15:42:49.270  INFO     RX        /ERR/LOKO/0x00000002
15:42:49.270  INFO     RX        /ERR/LOKO/0x00000002
15:42:49.299  DEBUG    TX /CONTROLL/0,0,0,0,0,0,0,0,0
15:42:49.305  INFO     RX        /ERR/LOKO/0x00000002
15:42:49.305  INFO     RX        /ERR/LOKO/0x00000002
15:42:49.305  INFO     RX        /ERR/LOKO/0x00000002
15:42:49.334  INFO     RX        /ERR/LOKO/0x00000002
15:42:49.334  INFO     RX        /ERR/LOKO/0x00000002
15:42:49.334  INFO     RX        /ERR/LOKO/0x00000002
15:42:49.369  INFO     RX        /ERR/LOKO/0x00000002
15:42:49.369  INFO     RX        /ERR/LOKO/0x00000002
15:42:49.369  INFO     RX        /ERR/LOKO/0x00000002
15:42:49.404  INFO     RX        /ERR/LOKO/0x00000002
15:42:49.404  INFO     RX        /ERR/LOKO/0x00000002
15:42:49.404  INFO     RX        /ERR/LOKO/0x00000002
15:42:49.432  INFO     RX        /ERR/LOKO/0x00000002
15:42:49.432  INFO     RX        /ERR/LOKO/0x00000002
15:42:49.468  INFO     RX        /ERR/LOKO/0x00000002
15:42:49.468  INFO     RX        /ERR/LOKO/0x00000002
15:42:49.468  INFO     RX        /ERR/LOKO/0x00000002
15:42:49.498  INFO     RX        /ERR/LOKO/0x00000002
15:42:49.499  INFO     RX        /ERR/LOKO/0x00000002
15:42:49.499  INFO     RX        /ERR/LOKO/0x00000002
15:42:49.530  INFO     RX        /ERR/LOKO/0x00000002
15:42:49.531  INFO     RX        /ERR/LOKO/0x00000002
15:42:49.531  INFO     RX        /ERR/LOKO/0x00000002
15:42:49.560  INFO     RX        /ERR/LOKO/0x00000002
15:42:49.560  INFO     RX        /ERR/LOKO/0x00000002
15:42:49.595  INFO     RX        /ERR/LOKO/0x00000002
15:42:49.595  INFO     RX        /ERR/LOKO/0x00000002
15:42:49.596  INFO     RX        /ERR/LOKO/0x00000002
15:42:49.627  INFO     RX        /ERR/LOKO/0x00000002
15:42:49.627  INFO     RX        /ERR/LOKO/0x00000002
15:42:49.627  INFO     RX        /ERR/LOKO/0x00000002
15:42:49.657  INFO     RX        /ERR/LOKO/0x00000002
15:42:49.657  INFO     RX        /ERR/LOKO/0x00000002
15:42:49.657  INFO     RX        /ERR/LOKO/0x00000002
15:42:49.689  INFO     RX        /ERR/LOKO/0x00000002
15:42:49.689  INFO     RX        /ERR/LOKO/0x00000002
15:42:49.725  INFO     RX        /ERR/LOKO/0x00000002
15:42:49.725  INFO     RX        /ERR/LOKO/0x00000002
15:42:49.725  INFO     RX        /ERR/LOKO/0x00000002
15:42:49.754  INFO     RX        /ERR/LOKO/0x00000002
15:42:49.754  INFO     RX        /ERR/LOKO/0x00000002
15:42:49.754  INFO     RX        /ERR/LOKO/0x00000002
15:42:49.788  INFO     RX        /ERR/LOKO/0x00000002
15:42:49.788  INFO     RX        /ERR/LOKO/0x00000002
15:42:49.788  INFO     RX        /ERR/LOKO/0x00000002
15:42:49.819  INFO     RX        /ERR/LOKO/0x00000002
15:42:49.819  INFO     RX        /ERR/LOKO/0x00000002
15:42:49.850  INFO     RX        /ERR/LOKO/0x00000002
15:42:49.850  INFO     RX        /ERR/LOKO/0x00000002
15:42:49.850  INFO     RX        /ERR/LOKO/0x00000002
15:42:49.886  INFO     RX        /ERR/LOKO/0x00000002
15:42:49.886  INFO     RX        /ERR/LOKO/0x00000002
15:42:49.886  INFO     RX        /ERR/LOKO/0x00000002
15:42:49.916  INFO     RX        /ERR/LOKO/0x00000002
15:42:49.916  INFO     RX        /ERR/LOKO/0x00000002
15:42:49.916  INFO     RX        /ERR/LOKO/0x00000002
15:42:49.951  INFO     RX        /ERR/LOKO/0x00000002
15:42:49.951  INFO     RX        /ERR/LOKO/0x00000002
15:42:49.951  INFO     RX        /ERR/LOKO/0x00000002
15:42:49.981  INFO     RX        /ERR/LOKO/0x00000002
15:42:49.981  INFO     RX        /ERR/LOKO/0x00000002
15:42:50.014  INFO     RX        /ERR/LOKO/0x00000002
15:42:50.014  INFO     RX        /ERR/LOKO/0x00000002
15:42:50.014  INFO     RX        /ERR/LOKO/0x00000002
15:42:50.045  INFO     RX        /ERR/LOKO/0x00000002
15:42:50.045  INFO     RX        /ERR/LOKO/0x00000002
15:42:50.045  INFO     RX        /ERR/LOKO/0x00000002
15:42:50.076  INFO     RX        /ERR/LOKO/0x00000002
15:42:50.076  INFO     RX        /ERR/LOKO/0x00000002
15:42:50.077  INFO     RX        /ERR/LOKO/0x00000002
15:42:50.112  INFO     RX        /ERR/LOKO/0x00000002
15:42:50.112  INFO     RX        /ERR/LOKO/0x00000002
15:42:50.112  INFO     RX        /ERR/LOKO/0x00000002
15:42:50.140  INFO     RX        /ERR/LOKO/0x00000002
15:42:50.141  INFO     RX        /ERR/LOKO/0x00000002
15:42:50.176  INFO     RX        /ERR/LOKO/0x00000002
15:42:50.176  INFO     RX        /ERR/LOKO/0x00000002
15:42:50.176  INFO     RX        /ERR/LOKO/0x00000002
15:42:50.211  INFO     RX        /ERR/LOKO/0x00000002
15:42:50.211  INFO     RX        /ERR/LOKO/0x00000002
15:42:50.211  INFO     RX        /ERR/LOKO/0x00000002
15:42:50.237  INFO     RX        /ERR/LOKO/0x00000002
15:42:50.237  INFO     RX        /ERR/LOKO/0x00000002
15:42:50.272  INFO     RX        /ERR/LOKO/0x00000002
15:42:50.272  INFO     RX        /ERR/LOKO/0x00000002
15:42:50.272  INFO     RX        /ERR/LOKO/0x00000002
15:42:50.301  INFO     RX        /ERR/LOKO/0x00000002
15:42:50.302  INFO     RX        /ERR/LOKO/0x00000002
15:42:50.302  INFO     RX        /ERR/LOKO/0x00000002
15:42:50.336  INFO     RX        /ERR/LOKO/0x00000002
15:42:50.336  INFO     RX        /ERR/LOKO/0x00000002
15:42:50.336  INFO     RX        /ERR/LOKO/0x00000002
15:42:50.364  INFO     RX        /ERR/LOKO/0x00000002
15:42:50.364  INFO     RX        /ERR/LOKO/0x00000002
15:42:50.399  INFO     RX        /ERR/LOKO/0x00000002
15:42:50.399  INFO     RX        /ERR/LOKO/0x00000002
15:42:50.400  INFO     RX        /ERR/LOKO/0x00000002
15:42:50.429  INFO     RX        /ERR/LOKO/0x00000002
15:42:50.429  INFO     RX        /ERR/LOKO/0x00000002
15:42:50.429  INFO     RX        /ERR/LOKO/0x00000002
15:42:50.461  INFO     RX        /ERR/LOKO/0x00000002
15:42:50.461  INFO     RX        /ERR/LOKO/0x00000002
15:42:50.496  INFO     RX        /ERR/LOKO/0x00000002
15:42:50.496  INFO     RX        /ERR/LOKO/0x00000002
15:42:50.496  INFO     RX        /ERR/LOKO/0x00000002
15:42:50.527  INFO     RX        /ERR/LOKO/0x00000002
15:42:50.527  INFO     RX        /ERR/LOKO/0x00000002
15:42:50.527  INFO     RX        /ERR/LOKO/0x00000002
15:42:50.561  INFO     RX        /ERR/LOKO/0x00000002
15:42:50.561  INFO     RX        /ERR/LOKO/0x00000002
15:42:50.561  INFO     RX        /ERR/LOKO/0x00000002
15:42:50.591  INFO     RX        /ERR/LOKO/0x00000002
15:42:50.591  INFO     RX        /ERR/LOKO/0x00000002
15:42:50.591  INFO     RX        /ERR/LOKO/0x00000002
15:42:50.624  INFO     RX        /ERR/LOKO/0x00000002
15:42:50.624  INFO     RX        /ERR/LOKO/0x00000002
15:42:50.655  INFO     RX        /ERR/LOKO/0x00000002
15:42:50.655  INFO     RX        /ERR/LOKO/0x00000002
15:42:50.655  INFO     RX        /ERR/LOKO/0x00000002
15:42:50.686  INFO     RX        /ERR/LOKO/0x00000002
15:42:50.687  INFO     RX        /ERR/LOKO/0x00000002
15:42:50.687  INFO     RX        /ERR/LOKO/0x00000002
15:42:50.722  INFO     RX        /ERR/LOKO/0x00000002
15:42:50.722  INFO     RX        /ERR/LOKO/0x00000002
15:42:50.722  INFO     RX        /ERR/LOKO/0x00000002
15:42:50.755  INFO     RX        /ERR/LOKO/0x00000002
15:42:50.755  INFO     RX        /ERR/LOKO/0x00000002
15:42:50.755  INFO     RX        /ERR/LOKO/0x00000002
15:42:50.782  INFO     RX        /ERR/LOKO/0x00000002
15:42:50.783  INFO     RX        /ERR/LOKO/0x00000002
15:42:50.817  INFO     RX        /ERR/LOKO/0x00000002
15:42:50.818  INFO     RX        /ERR/LOKO/0x00000002
15:42:50.818  INFO     RX        /ERR/LOKO/0x00000002
15:42:50.852  INFO     RX        /ERR/LOKO/0x00000002
15:42:50.852  INFO     RX        /ERR/LOKO/0x00000002
15:42:50.852  INFO     RX        /ERR/LOKO/0x00000002
15:42:50.886  INFO     RX        /ERR/LOKO/0x00000002
15:42:50.886  INFO     RX        /ERR/LOKO/0x00000002
15:42:50.886  INFO     RX        /ERR/LOKO/0x00000002
15:42:50.908  DEBUG    TX /CONTROLL/0,0,0,0,0,0,0,0,2
15:42:50.912  INFO     RX        /ERR/LOKO/0x00000002
15:42:50.912  INFO     RX        /ERR/LOKO/0x00000002
15:42:50.942  INFO     RX        /ERR/LOKO/0x00000002
15:42:50.943  INFO     RX        /ERR/LOKO/0x00000002
15:42:50.943  INFO     RX        /ERR/LOKO/0x00000002
15:42:50.978  INFO     RX        /ERR/LOKO/0x00000002
15:42:50.978  INFO     RX        /ERR/LOKO/0x00000002
15:42:50.978  INFO     RX        /ERR/LOKO/0x00000002
15:42:51.011  INFO     RX        /ERR/LOKO/0x00000002
15:42:51.011  INFO     RX        /ERR/LOKO/0x00000002
15:42:51.011  INFO     RX        /ERR/LOKO/0x00000002
15:42:51.038  INFO     RX        /ERR/LOKO/0x00000002
15:42:51.038  INFO     RX        /ERR/LOKO/0x00000002
15:42:51.069  INFO     RX        /ERR/LOKO/0x00000002
15:42:51.069  INFO     RX        /ERR/LOKO/0x00000002
15:42:51.069  INFO     RX        /ERR/LOKO/0x00000002
15:42:51.106  INFO     RX        /ERR/LOKO/0x00000002
15:42:51.106  INFO     RX        /ERR/LOKO/0x00000002
15:42:51.106  INFO     RX        /ERR/LOKO/0x00000002
15:42:51.134  INFO     RX        /ERR/LOKO/0x00000002
15:42:51.134  INFO     RX        /ERR/LOKO/0x00000002
15:42:51.169  INFO     RX        /ERR/LOKO/0x00000002
15:42:51.169  INFO     RX        /ERR/LOKO/0x00000002
15:42:51.169  INFO     RX        /ERR/LOKO/0x00000002
15:42:51.198  INFO     RX        /ERR/LOKO/0x00000002
15:42:51.198  INFO     RX        /ERR/LOKO/0x00000002
15:42:51.198  INFO     RX        /ERR/LOKO/0x00000002
15:42:51.231  INFO     RX        /ERR/LOKO/0x00000002
15:42:51.231  INFO     RX        /ERR/LOKO/0x00000002
15:42:51.266  INFO     RX        /ERR/LOKO/0x00000002
15:42:51.266  INFO     RX        /ERR/LOKO/0x00000002
15:42:51.266  INFO     RX        /ERR/LOKO/0x00000002
15:42:51.295  INFO     RX        /ERR/LOKO/0x00000002
15:42:51.295  INFO     RX        /ERR/LOKO/0x00000002
15:42:51.295  INFO     RX        /ERR/LOKO/0x00000002
15:42:51.332  INFO     RX        /ERR/LOKO/0x00000002
15:42:51.332  INFO     RX        /ERR/LOKO/0x00000002
15:42:51.332  INFO     RX        /ERR/LOKO/0x00000002
15:42:51.360  INFO     RX        /ERR/LOKO/0x00000002
15:42:51.360  INFO     RX        /ERR/LOKO/0x00000002
15:42:51.391  INFO     RX        /ERR/LOKO/0x00000002
15:42:51.391  INFO     RX        /ERR/LOKO/0x00000002
15:42:51.391  INFO     RX        /ERR/LOKO/0x00000002
15:42:51.423  INFO     RX        /ERR/LOKO/0x00000002
15:42:51.423  INFO     RX        /ERR/LOKO/0x00000002
15:42:51.423  INFO     RX        /ERR/LOKO/0x00000002
15:42:51.458  INFO     RX        /ERR/LOKO/0x00000002
15:42:51.458  INFO     RX        /ERR/LOKO/0x00000002
15:42:51.458  INFO     RX        /ERR/LOKO/0x00000002
15:42:51.491  INFO     RX        /ERR/LOKO/0x00000002
15:42:51.491  INFO     RX        /ERR/LOKO/0x00000002
15:42:51.491  INFO     RX        /ERR/LOKO/0x00000002
15:42:51.524  INFO     RX        /ERR/LOKO/0x00000002
15:42:51.524  INFO     RX        /ERR/LOKO/0x00000002
15:42:51.524  INFO     RX        /ERR/LOKO/0x00000002
15:42:51.553  INFO     RX        /ERR/LOKO/0x00000002
15:42:51.553  INFO     RX        /ERR/LOKO/0x00000002
15:42:51.589  INFO     RX        /ERR/LOKO/0x00000002
15:42:51.589  INFO     RX        /ERR/LOKO/0x00000002
15:42:51.589  INFO     RX        /ERR/LOKO/0x00000002
15:42:51.619  INFO     RX        /ERR/LOKO/0x00000002
15:42:51.619  INFO     RX        /ERR/LOKO/0x00000002
15:42:51.619  INFO     RX        /ERR/LOKO/0x00000002
15:42:51.651  INFO     RX        /ERR/LOKO/0x00000002
15:42:51.651  INFO     RX        /ERR/LOKO/0x00000002
15:42:51.685  INFO     RX        /ERR/LOKO/0x00000002
15:42:51.685  INFO     RX        /ERR/LOKO/0x00000002
15:42:51.685  INFO     RX        /ERR/LOKO/0x00000002
15:42:51.719  INFO     RX        /ERR/LOKO/0x00000002
15:42:51.719  INFO     RX        /ERR/LOKO/0x00000002
15:42:51.719  INFO     RX        /ERR/LOKO/0x00000002
15:42:51.751  INFO     RX        /ERR/LOKO/0x00000002
15:42:51.751  INFO     RX        /ERR/LOKO/0x00000002
15:42:51.751  INFO     RX        /ERR/LOKO/0x00000002
15:42:51.777  INFO     RX        /ERR/LOKO/0x00000002
15:42:51.777  INFO     RX        /ERR/LOKO/0x00000002
15:42:51.814  INFO     RX        /ERR/LOKO/0x00000002
15:42:51.814  INFO     RX        /ERR/LOKO/0x00000002
15:42:51.814  INFO     RX        /ERR/LOKO/0x00000002
15:42:51.850  INFO     RX        /ERR/LOKO/0x00000002
15:42:51.850  INFO     RX        /ERR/LOKO/0x00000002
15:42:51.850  INFO     RX        /ERR/LOKO/0x00000002
15:42:51.877  INFO     RX        /ERR/LOKO/0x00000002
15:42:51.878  INFO     RX        /ERR/LOKO/0x00000002
15:42:51.878  INFO     RX        /ERR/LOKO/0x00000002
15:42:51.917  INFO     RX        /ERR/LOKO/0x00000002
15:42:51.917  INFO     RX        /ERR/LOKO/0x00000002
15:42:51.917  INFO     RX        /ERR/LOKO/0x00000002
15:42:51.941  INFO     RX        /ERR/LOKO/0x00000002
15:42:51.941  INFO     RX        /ERR/LOKO/0x00000002
15:42:51.988  INFO     RX        /ERR/LOKO/0x00000002
15:42:51.988  INFO     RX        /ERR/LOKO/0x00000002
15:42:51.988  INFO     RX        /ERR/LOKO/0x00000002
15:42:51.988  INFO     RX        /ERR/LOKO/0x00000002
15:42:52.007  INFO     RX        /ERR/LOKO/0x00000002
15:42:52.007  INFO     RX        /ERR/LOKO/0x00000002
15:42:52.041  INFO     RX        /ERR/LOKO/0x00000002
15:42:52.041  INFO     RX        /ERR/LOKO/0x00000002
15:42:52.041  INFO     RX        /ERR/LOKO/0x00000002
15:42:52.069  INFO     RX        /ERR/LOKO/0x00000002
15:42:52.069  INFO     RX        /ERR/LOKO/0x00000002
15:42:52.106  INFO     RX        /ERR/LOKO/0x00000002
15:42:52.106  INFO     RX        /ERR/LOKO/0x00000002
15:42:52.106  INFO     RX        /ERR/LOKO/0x00000002
15:42:52.134  INFO     RX        /ERR/LOKO/0x00000002
15:42:52.134  INFO     RX        /ERR/LOKO/0x00000002
15:42:52.134  INFO     RX        /ERR/LOKO/0x00000002
15:42:52.167  INFO     RX        /ERR/LOKO/0x00000002
15:42:52.167  INFO     RX        /ERR/LOKO/0x00000002
15:42:52.167  INFO     RX        /ERR/LOKO/0x00000002
15:42:52.199  INFO     RX        /ERR/LOKO/0x00000002
15:42:52.199  INFO     RX        /ERR/LOKO/0x00000002
15:42:52.228  INFO     RX        /ERR/LOKO/0x00000002
15:42:52.228  INFO     RX        /ERR/LOKO/0x00000002
15:42:52.228  INFO     RX        /ERR/LOKO/0x00000002
15:42:52.263  INFO     RX        /ERR/LOKO/0x00000002
15:42:52.263  INFO     RX        /ERR/LOKO/0x00000002
15:42:52.263  INFO     RX        /ERR/LOKO/0x00000002
15:42:52.296  INFO     RX        /ERR/LOKO/0x00000002
15:42:52.296  INFO     RX        /ERR/LOKO/0x00000002
15:42:52.296  INFO     RX        /ERR/LOKO/0x00000002
15:42:52.326  INFO     RX        /ERR/LOKO/0x00000002
15:42:52.326  INFO     RX        /ERR/LOKO/0x00000002
15:42:52.368  INFO     RX        /ERR/LOKO/0x00000002
15:42:52.368  INFO     RX        /ERR/LOKO/0x00000002
15:42:52.368  INFO     RX        /ERR/LOKO/0x00000002
15:42:52.368  INFO     RX        /ERR/LOKO/0x00000002
15:42:52.389  INFO     RX        /ERR/LOKO/0x00000002
15:42:52.390  INFO     RX        /ERR/LOKO/0x00000002
15:42:52.421  INFO     RX        /ERR/LOKO/0x00000002
15:42:52.421  INFO     RX        /ERR/LOKO/0x00000002
15:42:52.457  INFO     RX        /ERR/LOKO/0x00000002
15:42:52.457  INFO     RX        /ERR/LOKO/0x00000002
15:42:52.457  INFO     RX        /ERR/LOKO/0x00000002
15:42:52.485  INFO     RX        /ERR/LOKO/0x00000002
15:42:52.485  INFO     RX        /ERR/LOKO/0x00000002
15:42:52.485  INFO     RX        /ERR/LOKO/0x00000002
15:42:52.514  DEBUG    TX /CONTROLL/0,0,0,0,0,0,0,0,0
15:42:52.517  INFO     RX        /ERR/LOKO/0x00000002
15:42:52.517  INFO     RX        /ERR/LOKO/0x00000002
15:42:52.517  INFO     RX        /ERR/LOKO/0x00000002
15:42:52.553  INFO     RX        /ERR/LOKO/0x00000002
15:42:52.553  INFO     RX        /ERR/LOKO/0x00000002
15:42:52.553  INFO     RX        /ERR/LOKO/0x00000002
15:42:52.581  INFO     RX        /ERR/LOKO/0x00000002
15:42:52.582  INFO     RX        /ERR/LOKO/0x00000002
15:42:52.617  INFO     RX        /ERR/LOKO/0x00000002
15:42:52.617  INFO     RX        /ERR/LOKO/0x00000002
15:42:52.617  INFO     RX        /ERR/LOKO/0x00000002
15:42:52.647  INFO     RX        /ERR/LOKO/0x00000002
15:42:52.647  INFO     RX        /ERR/LOKO/0x00000002
15:42:52.647  INFO     RX        /ERR/LOKO/0x00000002
15:42:52.682  INFO     RX        /ERR/LOKO/0x00000002
15:42:52.682  INFO     RX        /ERR/LOKO/0x00000002
15:42:52.682  INFO     RX        /ERR/LOKO/0x00000002
15:42:52.714  INFO     RX        /ERR/LOKO/0x00000002
15:42:52.714  INFO     RX        /ERR/LOKO/0x00000002
15:42:52.714  INFO     RX        /ERR/LOKO/0x00000002
15:42:52.743  INFO     RX        /ERR/LOKO/0x00000002
15:42:52.743  INFO     RX        /ERR/LOKO/0x00000002
15:42:52.778  INFO     RX        /ERR/LOKO/0x00000002
15:42:52.778  INFO     RX        /ERR/LOKO/0x00000002
15:42:52.778  INFO     RX        /ERR/LOKO/0x00000002
15:42:52.807  INFO     RX        /ERR/LOKO/0x00000002
15:42:52.807  INFO     RX        /ERR/LOKO/0x00000002
15:42:52.842  INFO     RX        /ERR/LOKO/0x00000002
15:42:52.842  INFO     RX        /ERR/LOKO/0x00000002
15:42:52.842  INFO     RX        /ERR/LOKO/0x00000002
15:42:52.875  INFO     RX        /ERR/LOKO/0x00000002
15:42:52.875  INFO     RX        /ERR/LOKO/0x00000002
15:42:52.875  INFO     RX        /ERR/LOKO/0x00000002
15:42:52.904  INFO     RX        /ERR/LOKO/0x00000002
15:42:52.904  INFO     RX        /ERR/LOKO/0x00000002
15:42:52.904  INFO     RX        /ERR/LOKO/0x00000002
15:42:52.936  INFO     RX        /ERR/LOKO/0x00000002
15:42:52.936  INFO     RX        /ERR/LOKO/0x00000002
15:42:52.936  INFO     RX        /ERR/LOKO/0x00000002
15:42:52.969  INFO     RX        /ERR/LOKO/0x00000002
15:42:52.969  INFO     RX        /ERR/LOKO/0x00000002
15:42:53.004  INFO     RX        /ERR/LOKO/0x00000002
15:42:53.004  INFO     RX        /ERR/LOKO/0x00000002
15:42:53.004  INFO     RX        /ERR/LOKO/0x00000002
15:42:53.032  INFO     RX        /ERR/LOKO/0x00000002
15:42:53.032  INFO     RX        /ERR/LOKO/0x00000002
15:42:53.032  INFO     RX        /ERR/LOKO/0x00000002
15:42:53.068  INFO     RX        /ERR/LOKO/0x00000002
15:42:53.068  INFO     RX        /ERR/LOKO/0x00000002
15:42:53.068  INFO     RX        /ERR/LOKO/0x00000002
15:42:53.098  INFO     RX        /ERR/LOKO/0x00000002
15:42:53.098  INFO     RX        /ERR/LOKO/0x00000002
15:42:53.134  INFO     RX        /ERR/LOKO/0x00000002
15:42:53.134  INFO     RX        /ERR/LOKO/0x00000002
15:42:53.134  INFO     RX        /ERR/LOKO/0x00000002
15:42:53.167  INFO     RX        /ERR/LOKO/0x00000002
15:42:53.167  INFO     RX        /ERR/LOKO/0x00000002
15:42:53.167  INFO     RX        /ERR/LOKO/0x00000002
15:42:53.195  INFO     RX        /ERR/LOKO/0x00000002
15:42:53.195  INFO     RX        /ERR/LOKO/0x00000002
15:42:53.195  INFO     RX        /ERR/LOKO/0x00000002
15:42:53.227  INFO     RX        /ERR/LOKO/0x00000002
15:42:53.227  INFO     RX        /ERR/LOKO/0x00000002
15:42:53.263  INFO     RX        /ERR/LOKO/0x00000002
15:42:53.263  INFO     RX        /ERR/LOKO/0x00000002
15:42:53.263  INFO     RX        /ERR/LOKO/0x00000002
15:42:53.295  INFO     RX        /ERR/LOKO/0x00000002
15:42:53.295  INFO     RX        /ERR/LOKO/0x00000002
15:42:53.295  INFO     RX        /ERR/LOKO/0x00000002
15:42:53.324  INFO     RX        /ERR/LOKO/0x00000002
15:42:53.324  INFO     RX        /ERR/LOKO/0x00000002
15:42:53.324  INFO     RX        /ERR/LOKO/0x00000002
15:42:53.360  INFO     RX        /ERR/LOKO/0x00000002
15:42:53.360  INFO     RX        /ERR/LOKO/0x00000002
15:42:53.360  INFO     RX        /ERR/LOKO/0x00000002
15:42:53.389  INFO     RX        /ERR/LOKO/0x00000002
15:42:53.390  INFO     RX        /ERR/LOKO/0x00000002
15:42:53.422  INFO     RX        /ERR/LOKO/0x00000002
15:42:53.422  INFO     RX        /ERR/LOKO/0x00000002
15:42:53.422  INFO     RX        /ERR/LOKO/0x00000002
15:42:53.457  INFO     RX        /ERR/LOKO/0x00000002
15:42:53.457  INFO     RX        /ERR/LOKO/0x00000002
15:42:53.458  INFO     RX        /ERR/LOKO/0x00000002
15:42:53.487  INFO     RX        /ERR/LOKO/0x00000002
15:42:53.487  INFO     RX        /ERR/LOKO/0x00000002
15:42:53.487  INFO     RX        /ERR/LOKO/0x00000002
15:42:53.519  INFO     RX        /ERR/LOKO/0x00000002
15:42:53.519  INFO     RX        /ERR/LOKO/0x00000002
15:42:53.519  INFO     RX        /ERR/LOKO/0x00000002
15:42:53.552  INFO     RX        /ERR/LOKO/0x00000002
15:42:53.552  INFO     RX        /ERR/LOKO/0x00000002
15:42:53.587  INFO     RX        /ERR/LOKO/0x00000002
15:42:53.587  INFO     RX        /ERR/LOKO/0x00000002
15:42:53.587  INFO     RX        /ERR/LOKO/0x00000002
15:42:53.615  INFO     RX        /ERR/LOKO/0x00000002
15:42:53.615  INFO     RX        /ERR/LOKO/0x00000002
15:42:53.615  INFO     RX        /ERR/LOKO/0x00000002
15:42:53.650  INFO     RX        /ERR/LOKO/0x00000002
15:42:53.650  INFO     RX        /ERR/LOKO/0x00000002
15:42:53.650  INFO     RX        /ERR/LOKO/0x00000002
15:42:53.679  INFO     RX        /ERR/LOKO/0x00000002
15:42:53.679  INFO     RX        /ERR/LOKO/0x00000002
15:42:53.711  INFO     RX        /ERR/LOKO/0x00000002
15:42:53.711  INFO     RX        /ERR/LOKO/0x00000002
15:42:53.711  INFO     RX        /ERR/LOKO/0x00000002
15:42:53.743  INFO     RX        /ERR/LOKO/0x00000002
15:42:53.743  INFO     RX        /ERR/LOKO/0x00000002
15:42:53.743  INFO     RX        /ERR/LOKO/0x00000002
15:42:53.774  INFO     RX        /ERR/LOKO/0x00000002
15:42:53.774  INFO     RX        /ERR/LOKO/0x00000002
15:42:53.810  INFO     RX        /ERR/LOKO/0x00000002
15:42:53.810  INFO     RX        /ERR/LOKO/0x00000002
15:42:53.810  INFO     RX        /ERR/LOKO/0x00000002
15:42:53.839  INFO     RX        /ERR/LOKO/0x00000002
15:42:53.839  INFO     RX        /ERR/LOKO/0x00000002
15:42:53.839  INFO     RX        /ERR/LOKO/0x00000002
15:42:53.874  INFO     RX        /ERR/LOKO/0x00000002
15:42:53.874  INFO     RX        /ERR/LOKO/0x00000002
15:42:53.874  INFO     RX        /ERR/LOKO/0x00000002
15:42:53.907  INFO     RX        /ERR/LOKO/0x00000002
15:42:53.907  INFO     RX        /ERR/LOKO/0x00000002
15:42:53.907  INFO     RX        /ERR/LOKO/0x00000002
15:42:53.935  INFO     RX        /ERR/LOKO/0x00000002
15:42:53.935  INFO     RX        /ERR/LOKO/0x00000002
15:42:53.967  INFO     RX        /ERR/LOKO/0x00000002
15:42:53.967  INFO     RX        /ERR/LOKO/0x00000002
15:42:53.967  INFO     RX        /ERR/LOKO/0x00000002
15:42:53.999  INFO     RX        /ERR/LOKO/0x00000002
15:42:53.999  INFO     RX        /ERR/LOKO/0x00000002
15:42:53.999  INFO     RX        /ERR/LOKO/0x00000002
15:42:54.034  INFO     RX        /ERR/LOKO/0x00000002
15:42:54.034  INFO     RX        /ERR/LOKO/0x00000002
15:42:54.034  INFO     RX        /ERR/LOKO/0x00000002
15:42:54.067  INFO     RX        /ERR/LOKO/0x00000002
15:42:54.067  INFO     RX        /ERR/LOKO/0x00000002
15:42:54.096  INFO     RX        /ERR/LOKO/0x00000002
15:42:54.096  INFO     RX        /ERR/LOKO/0x00000002
15:42:54.096  INFO     RX        /ERR/LOKO/0x00000002
15:42:54.124  DEBUG    TX /CONTROLL/0,0,0,0,0,0,0,0,0
15:42:54.126  INFO     RX        /ERR/LOKO/0x00000002
15:42:54.126  INFO     RX        /ERR/LOKO/0x00000002
15:42:54.126  INFO     RX        /ERR/LOKO/0x00000002
15:42:54.162  INFO     RX        /ERR/LOKO/0x00000002
15:42:54.162  INFO     RX        /ERR/LOKO/0x00000002
15:42:54.162  INFO     RX        /ERR/LOKO/0x00000002
15:42:54.191  INFO     RX        /ERR/LOKO/0x00000002
15:42:54.191  INFO     RX        /ERR/LOKO/0x00000002
15:42:54.226  INFO     RX        /ERR/LOKO/0x00000002
15:42:54.226  INFO     RX        /ERR/LOKO/0x00000002
15:42:54.226  INFO     RX        /ERR/LOKO/0x00000002
15:42:54.259  INFO     RX        /ERR/LOKO/0x00000002
15:42:54.260  INFO     RX        /ERR/LOKO/0x00000002
15:42:54.260  INFO     RX        /ERR/LOKO/0x00000002
15:42:54.289  INFO     RX        /ERR/LOKO/0x00000002
15:42:54.290  INFO     RX        /ERR/LOKO/0x00000002
15:42:54.325  INFO     RX        /ERR/LOKO/0x00000002
15:42:54.325  INFO     RX        /ERR/LOKO/0x00000002
15:42:54.325  INFO     RX        /ERR/LOKO/0x00000002
15:42:54.354  INFO     RX        /ERR/LOKO/0x00000002
15:42:54.354  INFO     RX        /ERR/LOKO/0x00000002
15:42:54.354  INFO     RX        /ERR/LOKO/0x00000002
15:42:54.394  INFO     RX        /ERR/LOKO/0x00000002
15:42:54.394  INFO     RX        /ERR/LOKO/0x00000002
15:42:54.394  INFO     RX        /ERR/LOKO/0x00000002
15:42:54.434  INFO     RX        /ERR/LOKO/0x00000002
15:42:54.434  INFO     RX        /ERR/LOKO/0x00000002
15:42:54.434  INFO     RX        /ERR/LOKO/0x00000002
15:42:54.434  INFO     RX        /ERR/LOKO/0x00000002
15:42:54.451  INFO     RX        /ERR/LOKO/0x00000002
15:42:54.486  INFO     RX        /ERR/LOKO/0x00000002
15:42:54.486  INFO     RX        /ERR/LOKO/0x00000002
15:42:54.486  INFO     RX        /ERR/LOKO/0x00000002
15:42:54.518  INFO     RX        /ERR/LOKO/0x00000002
15:42:54.518  INFO     RX        /ERR/LOKO/0x00000002
15:42:54.518  INFO     RX        /ERR/LOKO/0x00000002
15:42:54.547  INFO     RX        /ERR/LOKO/0x00000002
15:42:54.547  INFO     RX        /ERR/LOKO/0x00000002
15:42:54.547  INFO     RX        /ERR/LOKO/0x00000002
15:42:54.578  INFO     RX        /ERR/LOKO/0x00000002
15:42:54.578  INFO     RX        /ERR/LOKO/0x00000002
15:42:54.614  INFO     RX        /ERR/LOKO/0x00000002
15:42:54.614  INFO     RX        /ERR/LOKO/0x00000002
15:42:54.614  INFO     RX        /ERR/LOKO/0x00000002
15:42:54.642  INFO     RX        /ERR/LOKO/0x00000002
15:42:54.642  INFO     RX        /ERR/LOKO/0x00000002
15:42:54.642  INFO     RX        /ERR/LOKO/0x00000002
15:42:54.677  INFO     RX        /ERR/LOKO/0x00000002
15:42:54.677  INFO     RX        /ERR/LOKO/0x00000002
15:42:54.677  INFO     RX        /ERR/LOKO/0x00000002
15:42:54.706  INFO     RX        /ERR/LOKO/0x00000002
15:42:54.706  INFO     RX        /ERR/LOKO/0x00000002
15:42:54.741  INFO     RX        /ERR/LOKO/0x00000002
15:42:54.741  INFO     RX        /ERR/LOKO/0x00000002
15:42:54.742  INFO     RX        /ERR/LOKO/0x00000002
15:42:54.770  INFO     RX        /ERR/LOKO/0x00000002
15:42:54.770  INFO     RX        /ERR/LOKO/0x00000002
15:42:54.770  INFO     RX        /ERR/LOKO/0x00000002
15:42:54.806  INFO     RX        /ERR/LOKO/0x00000002
15:42:54.806  INFO     RX        /ERR/LOKO/0x00000002
15:42:54.806  INFO     RX        /ERR/LOKO/0x00000002
15:42:54.841  INFO     RX        /ERR/LOKO/0x00000002
15:42:54.841  INFO     RX        /ERR/LOKO/0x00000002
15:42:54.841  INFO     RX        /ERR/LOKO/0x00000002
15:42:54.868  INFO     RX        /ERR/LOKO/0x00000002
15:42:54.868  INFO     RX        /ERR/LOKO/0x00000002
15:42:54.899  INFO     RX        /ERR/LOKO/0x00000002
15:42:54.899  INFO     RX        /ERR/LOKO/0x00000002
15:42:54.899  INFO     RX        /ERR/LOKO/0x00000002
15:42:54.931  INFO     RX        /ERR/LOKO/0x00000002
15:42:54.931  INFO     RX        /ERR/LOKO/0x00000002
15:42:54.966  INFO     RX        /ERR/LOKO/0x00000002
15:42:54.966  INFO     RX        /ERR/LOKO/0x00000002
15:42:54.966  INFO     RX        /ERR/LOKO/0x00000002
15:42:54.966  INFO     RX        /ERR/LOKO/0x00000002
15:42:54.994  INFO     RX        /ERR/LOKO/0x00000002
15:42:54.994  INFO     RX        /ERR/LOKO/0x00000002
15:42:55.030  INFO     RX        /ERR/LOKO/0x00000002
15:42:55.030  INFO     RX        /ERR/LOKO/0x00000002
15:42:55.030  INFO     RX        /ERR/LOKO/0x00000002
15:42:55.063  INFO     RX        /ERR/LOKO/0x00000002
15:42:55.063  INFO     RX        /ERR/LOKO/0x00000002
15:42:55.063  INFO     RX        /ERR/LOKO/0x00000002
15:42:55.097  INFO     RX        /ERR/LOKO/0x00000002
15:42:55.097  INFO     RX        /ERR/LOKO/0x00000002
15:42:55.097  INFO     RX        /ERR/LOKO/0x00000002
15:42:55.126  INFO     RX        /ERR/LOKO/0x00000002
15:42:55.126  INFO     RX        /ERR/LOKO/0x00000002
15:42:55.160  INFO     RX        /ERR/LOKO/0x00000002
15:42:55.160  INFO     RX        /ERR/LOKO/0x00000002
15:42:55.160  INFO     RX        /ERR/LOKO/0x00000002
15:42:55.197  INFO     RX        /ERR/LOKO/0x00000002
15:42:55.197  INFO     RX        /ERR/LOKO/0x00000002
15:42:55.197  INFO     RX        /ERR/LOKO/0x00000002
15:42:55.220  INFO     RX        /ERR/LOKO/0x00000002
15:42:55.220  INFO     RX        /ERR/LOKO/0x00000002
15:42:55.257  INFO     RX        /ERR/LOKO/0x00000002
15:42:55.257  INFO     RX        /ERR/LOKO/0x00000002
15:42:55.257  INFO     RX        /ERR/LOKO/0x00000002
15:42:55.284  INFO     RX        /ERR/LOKO/0x00000002
15:42:55.284  INFO     RX        /ERR/LOKO/0x00000002
15:42:55.284  INFO     RX        /ERR/LOKO/0x00000002
15:42:55.320  INFO     RX        /ERR/LOKO/0x00000002
15:42:55.320  INFO     RX        /ERR/LOKO/0x00000002
15:42:55.320  INFO     RX        /ERR/LOKO/0x00000002
15:42:55.349  INFO     RX        /ERR/LOKO/0x00000002
15:42:55.349  INFO     RX        /ERR/LOKO/0x00000002
15:42:55.385  INFO     RX        /ERR/LOKO/0x00000002
15:42:55.385  INFO     RX        /ERR/LOKO/0x00000002
15:42:55.385  INFO     RX        /ERR/LOKO/0x00000002
15:42:55.414  INFO     RX        /ERR/LOKO/0x00000002
15:42:55.414  INFO     RX        /ERR/LOKO/0x00000002
15:42:55.414  INFO     RX        /ERR/LOKO/0x00000002
15:42:55.449  INFO     RX        /ERR/LOKO/0x00000002
15:42:55.449  INFO     RX        /ERR/LOKO/0x00000002
15:42:55.450  INFO     RX        /ERR/LOKO/0x00000002
15:42:55.478  INFO     RX        /ERR/LOKO/0x00000002
15:42:55.478  INFO     RX        /ERR/LOKO/0x00000002
15:42:55.512  INFO     RX        /ERR/LOKO/0x00000002
15:42:55.512  INFO     RX        /ERR/LOKO/0x00000002
15:42:55.513  INFO     RX        /ERR/LOKO/0x00000002
15:42:55.542  INFO     RX        /ERR/LOKO/0x00000002
15:42:55.542  INFO     RX        /ERR/LOKO/0x00000002
15:42:55.542  INFO     RX        /ERR/LOKO/0x00000002
15:42:55.577  INFO     RX        /ERR/LOKO/0x00000002
15:42:55.577  INFO     RX        /ERR/LOKO/0x00000002
15:42:55.577  INFO     RX        /ERR/LOKO/0x00000002
15:42:55.606  INFO     RX        /ERR/LOKO/0x00000002
15:42:55.606  INFO     RX        /ERR/LOKO/0x00000002
15:42:55.641  INFO     RX        /ERR/LOKO/0x00000002
15:42:55.641  INFO     RX        /ERR/LOKO/0x00000002
15:42:55.641  INFO     RX        /ERR/LOKO/0x00000002
15:42:55.672  INFO     RX        /ERR/LOKO/0x00000002
15:42:55.672  INFO     RX        /ERR/LOKO/0x00000002
15:42:55.672  INFO     RX        /ERR/LOKO/0x00000002
15:42:55.702  INFO     RX        /ERR/LOKO/0x00000002
15:42:55.702  INFO     RX        /ERR/LOKO/0x00000002
15:42:55.702  INFO     RX        /ERR/LOKO/0x00000002
15:42:55.731  DEBUG    TX /CONTROLL/0,0,0,0,0,0,0,0,0
15:42:55.737  INFO     RX        /ERR/LOKO/0x00000002
15:42:55.737  INFO     RX        /ERR/LOKO/0x00000002
15:42:55.737  INFO     RX        /ERR/LOKO/0x00000002
15:42:55.766  INFO     RX        /ERR/LOKO/0x00000002
15:42:55.766  INFO     RX        /ERR/LOKO/0x00000002
15:42:55.802  INFO     RX        /ERR/LOKO/0x00000002
15:42:55.802  INFO     RX        /ERR/LOKO/0x00000002
15:42:55.802  INFO     RX        /ERR/LOKO/0x00000002
15:42:55.831  INFO     RX        /ERR/LOKO/0x00000002
15:42:55.831  INFO     RX        /ERR/LOKO/0x00000002
15:42:55.831  INFO     RX        /ERR/LOKO/0x00000002
15:42:55.866  INFO     RX        /ERR/LOKO/0x00000002
15:42:55.867  INFO     RX        /ERR/LOKO/0x00000002
15:42:55.867  INFO     RX        /ERR/LOKO/0x00000002
15:42:55.899  INFO     RX        /ERR/LOKO/0x00000002
15:42:55.899  INFO     RX        /ERR/LOKO/0x00000002
15:42:55.933  INFO     RX        /ERR/LOKO/0x00000002
15:42:55.933  INFO     RX        /ERR/LOKO/0x00000002
15:42:55.933  INFO     RX        /ERR/LOKO/0x00000002
15:42:55.962  INFO     RX        /ERR/LOKO/0x00000002
15:42:55.962  INFO     RX        /ERR/LOKO/0x00000002
15:42:55.962  INFO     RX        /ERR/LOKO/0x00000002
15:42:55.993  INFO     RX        /ERR/LOKO/0x00000002
15:42:55.993  INFO     RX        /ERR/LOKO/0x00000002
15:42:56.024  INFO     RX        /ERR/LOKO/0x00000002
15:42:56.024  INFO     RX        /ERR/LOKO/0x00000002
15:42:56.025  INFO     RX        /ERR/LOKO/0x00000002
15:42:56.060  INFO     RX        /ERR/LOKO/0x00000002
15:42:56.060  INFO     RX        /ERR/LOKO/0x00000002
15:42:56.060  INFO     RX        /ERR/LOKO/0x00000002
15:42:56.090  INFO     RX        /ERR/LOKO/0x00000002
15:42:56.090  INFO     RX        /ERR/LOKO/0x00000002
15:42:56.090  INFO     RX        /ERR/LOKO/0x00000002
15:42:56.123  INFO     RX        /ERR/LOKO/0x00000002
15:42:56.123  INFO     RX        /ERR/LOKO/0x00000002
15:42:56.123  INFO     RX        /ERR/LOKO/0x00000002
15:42:56.160  INFO     RX        /ERR/LOKO/0x00000002
15:42:56.160  INFO     RX        /ERR/LOKO/0x00000002
15:42:56.160  INFO     RX        /ERR/LOKO/0x00000002
15:42:56.187  INFO     RX        /ERR/LOKO/0x00000002
15:42:56.187  INFO     RX        /ERR/LOKO/0x00000002
15:42:56.223  INFO     RX        /ERR/LOKO/0x00000002
15:42:56.223  INFO     RX        /ERR/LOKO/0x00000002
15:42:56.223  INFO     RX        /ERR/LOKO/0x00000002
15:42:56.258  INFO     RX        /ERR/LOKO/0x00000002
15:42:56.258  INFO     RX        /ERR/LOKO/0x00000002
15:42:56.258  INFO     RX        /ERR/LOKO/0x00000002
15:42:56.285  INFO     RX        /ERR/LOKO/0x00000002
15:42:56.285  INFO     RX        /ERR/LOKO/0x00000002
15:42:56.285  INFO     RX        /ERR/LOKO/0x00000002
15:42:56.320  INFO     RX        /ERR/LOKO/0x00000002
15:42:56.321  INFO     RX        /ERR/LOKO/0x00000002
15:42:56.321  INFO     RX        /ERR/LOKO/0x00000002
15:42:56.350  INFO     RX        /ERR/LOKO/0x00000002
15:42:56.350  INFO     RX        /ERR/LOKO/0x00000002
15:42:56.385  INFO     RX        /ERR/LOKO/0x00000002
15:42:56.385  INFO     RX        /ERR/LOKO/0x00000002
15:42:56.385  INFO     RX        /ERR/LOKO/0x00000002
15:42:56.414  INFO     RX        /ERR/LOKO/0x00000002
15:42:56.414  INFO     RX        /ERR/LOKO/0x00000002
15:42:56.414  INFO     RX        /ERR/LOKO/0x00000002
15:42:56.446  INFO     RX        /ERR/LOKO/0x00000002
15:42:56.446  INFO     RX        /ERR/LOKO/0x00000002
15:42:56.483  INFO     RX        /ERR/LOKO/0x00000002
15:42:56.483  INFO     RX        /ERR/LOKO/0x00000002
15:42:56.483  INFO     RX        /ERR/LOKO/0x00000002
15:42:56.511  INFO     RX        /ERR/LOKO/0x00000002
15:42:56.511  INFO     RX        /ERR/LOKO/0x00000002
15:42:56.511  INFO     RX        /ERR/LOKO/0x00000002
15:42:56.542  INFO     RX        /ERR/LOKO/0x00000002
15:42:56.542  INFO     RX        /ERR/LOKO/0x00000002
15:42:56.542  INFO     RX        /ERR/LOKO/0x00000002
15:42:56.574  INFO     RX        /ERR/LOKO/0x00000002
15:42:56.575  INFO     RX        /ERR/LOKO/0x00000002
15:42:56.610  INFO     RX        /ERR/LOKO/0x00000002
15:42:56.611  INFO     RX        /ERR/LOKO/0x00000002
15:42:56.611  INFO     RX        /ERR/LOKO/0x00000002
15:42:56.639  INFO     RX        /ERR/LOKO/0x00000002
15:42:56.639  INFO     RX        /ERR/LOKO/0x00000002
15:42:56.639  INFO     RX        /ERR/LOKO/0x00000002
15:42:56.674  INFO     RX        /ERR/LOKO/0x00000002
15:42:56.674  INFO     RX        /ERR/LOKO/0x00000002
15:42:56.674  INFO     RX        /ERR/LOKO/0x00000002
15:42:56.708  INFO     RX        /ERR/LOKO/0x00000002
15:42:56.708  INFO     RX        /ERR/LOKO/0x00000002
15:42:56.708  INFO     RX        /ERR/LOKO/0x00000002
15:42:56.735  INFO     RX        /ERR/LOKO/0x00000002
15:42:56.736  INFO     RX        /ERR/LOKO/0x00000002
15:42:56.770  INFO     RX        /ERR/LOKO/0x00000002
15:42:56.771  INFO     RX        /ERR/LOKO/0x00000002
15:42:56.771  INFO     RX        /ERR/LOKO/0x00000002
15:42:56.804  INFO     RX        /ERR/LOKO/0x00000002
15:42:56.804  INFO     RX        /ERR/LOKO/0x00000002
15:42:56.804  INFO     RX        /ERR/LOKO/0x00000002
15:42:56.831  INFO     RX        /ERR/LOKO/0x00000002
15:42:56.831  INFO     RX        /ERR/LOKO/0x00000002
15:42:56.866  INFO     RX        /ERR/LOKO/0x00000002
15:42:56.866  INFO     RX        /ERR/LOKO/0x00000002
15:42:56.866  INFO     RX        /ERR/LOKO/0x00000002
15:42:56.896  INFO     RX        /ERR/LOKO/0x00000002
15:42:56.896  INFO     RX        /ERR/LOKO/0x00000002
15:42:56.896  INFO     RX        /ERR/LOKO/0x00000002
15:42:56.927  INFO     RX        /ERR/LOKO/0x00000002
15:42:56.927  INFO     RX        /ERR/LOKO/0x00000002
15:42:56.927  INFO     RX        /ERR/LOKO/0x00000002
15:42:56.963  INFO     RX        /ERR/LOKO/0x00000002
15:42:56.963  INFO     RX        /ERR/LOKO/0x00000002
15:42:56.963  INFO     RX        /ERR/LOKO/0x00000002
15:42:56.996  INFO     RX        /ERR/LOKO/0x00000002
15:42:56.996  INFO     RX        /ERR/LOKO/0x00000002
15:42:57.025  INFO     RX        /ERR/LOKO/0x00000002
15:42:57.025  INFO     RX        /ERR/LOKO/0x00000002
15:42:57.025  INFO     RX        /ERR/LOKO/0x00000002
15:42:57.057  INFO     RX        /ERR/LOKO/0x00000002
15:42:57.057  INFO     RX        /ERR/LOKO/0x00000002
15:42:57.057  INFO     RX        /ERR/LOKO/0x00000002
15:42:57.094  INFO     RX        /ERR/LOKO/0x00000002
15:42:57.094  INFO     RX        /ERR/LOKO/0x00000002
15:42:57.094  INFO     RX        /ERR/LOKO/0x00000002
15:42:57.121  INFO     RX        /ERR/LOKO/0x00000002
15:42:57.121  INFO     RX        /ERR/LOKO/0x00000002
15:42:57.157  INFO     RX        /ERR/LOKO/0x00000002
15:42:57.157  INFO     RX        /ERR/LOKO/0x00000002
15:42:57.157  INFO     RX        /ERR/LOKO/0x00000002
15:42:57.187  INFO     RX        /ERR/LOKO/0x00000002
15:42:57.187  INFO     RX        /ERR/LOKO/0x00000002
15:42:57.187  INFO     RX        /ERR/LOKO/0x00000002
15:42:57.218  INFO     RX        /ERR/LOKO/0x00000002
15:42:57.218  INFO     RX        /ERR/LOKO/0x00000002
15:42:57.252  INFO     RX        /ERR/LOKO/0x00000002
15:42:57.252  INFO     RX        /ERR/LOKO/0x00000002
15:42:57.252  INFO     RX        /ERR/LOKO/0x00000002
15:42:57.281  INFO     RX        /ERR/LOKO/0x00000002
15:42:57.281  INFO     RX        /ERR/LOKO/0x00000002
15:42:57.281  INFO     RX        /ERR/LOKO/0x00000002
15:42:57.317  INFO     RX        /ERR/LOKO/0x00000002
15:42:57.318  INFO     RX        /ERR/LOKO/0x00000002
15:42:57.318  INFO     RX        /ERR/LOKO/0x00000002
15:42:57.344  DEBUG    TX /CONTROLL/0,0,0,0,0,0,0,0,0
15:42:57.347  INFO     RX        /ERR/LOKO/0x00000002
15:42:57.347  INFO     RX        /ERR/LOKO/0x00000002
15:42:57.382  INFO     RX        /ERR/LOKO/0x00000002
15:42:57.382  INFO     RX        /ERR/LOKO/0x00000002
15:42:57.382  INFO     RX        /ERR/LOKO/0x00000002
15:42:57.414  INFO     RX        /ERR/LOKO/0x00000002
15:42:57.415  INFO     RX        /ERR/LOKO/0x00000002
15:42:57.415  INFO     RX        /ERR/LOKO/0x00000002
15:42:57.446  INFO     RX        /ERR/LOKO/0x00000002
15:42:57.446  INFO     RX        /ERR/LOKO/0x00000002
15:42:57.447  INFO     RX        /ERR/LOKO/0x00000002
15:42:57.479  INFO     RX        /ERR/LOKO/0x00000002
15:42:57.479  INFO     RX        /ERR/LOKO/0x00000002
15:42:57.479  INFO     RX        /ERR/LOKO/0x00000002
15:42:57.509  INFO     RX        /ERR/LOKO/0x00000002
15:42:57.509  INFO     RX        /ERR/LOKO/0x00000002
15:42:57.546  INFO     RX        /ERR/LOKO/0x00000002
15:42:57.546  INFO     RX        /ERR/LOKO/0x00000002
15:42:57.546  INFO     RX        /ERR/LOKO/0x00000002
15:42:57.580  INFO     RX        /ERR/LOKO/0x00000002
15:42:57.580  INFO     RX        /ERR/LOKO/0x00000002
15:42:57.580  INFO     RX        /ERR/LOKO/0x00000002
15:42:57.607  INFO     RX        /ERR/LOKO/0x00000002
15:42:57.607  INFO     RX        /ERR/LOKO/0x00000002
15:42:57.607  INFO     RX        /ERR/LOKO/0x00000002
15:42:57.642  INFO     RX        /ERR/LOKO/0x00000002
15:42:57.642  INFO     RX        /ERR/LOKO/0x00000002
15:42:57.642  INFO     RX        /ERR/LOKO/0x00000002
15:42:57.672  INFO     RX        /ERR/LOKO/0x00000002
15:42:57.672  INFO     RX        /ERR/LOKO/0x00000002
15:42:57.704  INFO     RX        /ERR/LOKO/0x00000002
15:42:57.705  INFO     RX        /ERR/LOKO/0x00000002
15:42:57.705  INFO     RX        /ERR/LOKO/0x00000002
15:42:57.740  INFO     RX        /ERR/LOKO/0x00000002
15:42:57.740  INFO     RX        /ERR/LOKO/0x00000002
15:42:57.740  INFO     RX        /ERR/LOKO/0x00000002
15:42:57.770  INFO     RX        /ERR/LOKO/0x00000002
15:42:57.770  INFO     RX        /ERR/LOKO/0x00000002
15:42:57.770  INFO     RX        /ERR/LOKO/0x00000002
15:42:57.805  INFO     RX        /ERR/LOKO/0x00000002
15:42:57.805  INFO     RX        /ERR/LOKO/0x00000002
15:42:57.805  INFO     RX        /ERR/LOKO/0x00000002
15:42:57.834  INFO     RX        /ERR/LOKO/0x00000002
15:42:57.834  INFO     RX        /ERR/LOKO/0x00000002
15:42:57.870  INFO     RX        /ERR/LOKO/0x00000002
15:42:57.871  INFO     RX        /ERR/LOKO/0x00000002
15:42:57.871  INFO     RX        /ERR/LOKO/0x00000002
15:42:57.903  INFO     RX        /ERR/LOKO/0x00000002
15:42:57.903  INFO     RX        /ERR/LOKO/0x00000002
15:42:57.903  INFO     RX        /ERR/LOKO/0x00000002
15:42:57.935  INFO     RX        /ERR/LOKO/0x00000002
15:42:57.935  INFO     RX        /ERR/LOKO/0x00000002
15:42:57.935  INFO     RX        /ERR/LOKO/0x00000002
15:42:57.970  INFO     RX        /ERR/LOKO/0x00000002
15:42:57.970  INFO     RX        /ERR/LOKO/0x00000002
15:42:57.970  INFO     RX        /ERR/LOKO/0x00000002
15:42:57.996  INFO     RX        /ERR/LOKO/0x00000002
15:42:57.996  INFO     RX        /ERR/LOKO/0x00000002
15:42:58.030  INFO     RX        /ERR/LOKO/0x00000002
15:42:58.030  INFO     RX        /ERR/LOKO/0x00000002
15:42:58.030  INFO     RX        /ERR/LOKO/0x00000002
15:42:58.059  INFO     RX        /ERR/LOKO/0x00000002
15:42:58.059  INFO     RX        /ERR/LOKO/0x00000002
15:42:58.095  INFO     RX        /ERR/LOKO/0x00000002
15:42:58.096  INFO     RX        /ERR/LOKO/0x00000002
15:42:58.096  INFO     RX        /ERR/LOKO/0x00000002
15:42:58.096  INFO     RX        /ERR/LOKO/0x00000002
15:42:58.124  INFO     RX        /ERR/LOKO/0x00000002
15:42:58.124  INFO     RX        /ERR/LOKO/0x00000002
15:42:58.159  INFO     RX        /ERR/LOKO/0x00000002
15:42:58.159  INFO     RX        /ERR/LOKO/0x00000002
15:42:58.159  INFO     RX        /ERR/LOKO/0x00000002
15:42:58.188  INFO     RX        /ERR/LOKO/0x00000002
15:42:58.188  INFO     RX        /ERR/LOKO/0x00000002
15:42:58.188  INFO     RX        /ERR/LOKO/0x00000002
15:42:58.226  INFO     RX        /ERR/LOKO/0x00000002
15:42:58.226  INFO     RX        /ERR/LOKO/0x00000002
15:42:58.226  INFO     RX        /ERR/LOKO/0x00000002
15:42:58.253  INFO     RX        /ERR/LOKO/0x00000002
15:42:58.253  INFO     RX        /ERR/LOKO/0x00000002
15:42:58.287  INFO     RX        /ERR/LOKO/0x00000002
15:42:58.288  INFO     RX        /ERR/LOKO/0x00000002
15:42:58.288  INFO     RX        /ERR/LOKO/0x00000002
15:42:58.317  INFO     RX        /ERR/LOKO/0x00000002
15:42:58.317  INFO     RX        /ERR/LOKO/0x00000002
15:42:58.318  INFO     RX        /ERR/LOKO/0x00000002
15:42:58.353  INFO     RX        /ERR/LOKO/0x00000002
15:42:58.353  INFO     RX        /ERR/LOKO/0x00000002
15:42:58.353  INFO     RX        /ERR/LOKO/0x00000002
15:42:58.386  INFO     RX        /ERR/LOKO/0x00000002
15:42:58.387  INFO     RX        /ERR/LOKO/0x00000002
15:42:58.387  INFO     RX        /ERR/LOKO/0x00000002
15:42:58.414  INFO     RX        /ERR/LOKO/0x00000002
15:42:58.414  INFO     RX        /ERR/LOKO/0x00000002
15:42:58.451  INFO     RX        /ERR/LOKO/0x00000002
15:42:58.451  INFO     RX        /ERR/LOKO/0x00000002
15:42:58.451  INFO     RX        /ERR/LOKO/0x00000002
15:42:58.479  INFO     RX        /ERR/LOKO/0x00000002
15:42:58.479  INFO     RX        /ERR/LOKO/0x00000002
15:42:58.510  INFO     RX        /ERR/LOKO/0x00000002
15:42:58.510  INFO     RX        /ERR/LOKO/0x00000002
15:42:58.510  INFO     RX        /ERR/LOKO/0x00000002
15:42:58.546  INFO     RX        /ERR/LOKO/0x00000002
15:42:58.546  INFO     RX        /ERR/LOKO/0x00000002
15:42:58.547  INFO     RX        /ERR/LOKO/0x00000002
15:42:58.579  INFO     RX        /ERR/LOKO/0x00000002
15:42:58.579  INFO     RX        /ERR/LOKO/0x00000002
15:42:58.579  INFO     RX        /ERR/LOKO/0x00000002
15:42:58.607  INFO     RX        /ERR/LOKO/0x00000002
15:42:58.608  INFO     RX        /ERR/LOKO/0x00000002
15:42:58.643  INFO     RX        /ERR/LOKO/0x00000002
15:42:58.643  INFO     RX        /ERR/LOKO/0x00000002
15:42:58.643  INFO     RX        /ERR/LOKO/0x00000002
15:42:58.643  INFO     RX        /ERR/LOKO/0x00000002
15:42:58.674  INFO     RX        /ERR/LOKO/0x00000002
15:42:58.675  INFO     RX        /ERR/LOKO/0x00000002
15:42:58.704  INFO     RX        /ERR/LOKO/0x00000002
15:42:58.704  INFO     RX        /ERR/LOKO/0x00000002
15:42:58.704  INFO     RX        /ERR/LOKO/0x00000002
15:42:58.739  INFO     RX        /ERR/LOKO/0x00000002
15:42:58.739  INFO     RX        /ERR/LOKO/0x00000002
15:42:58.739  INFO     RX        /ERR/LOKO/0x00000002
15:42:58.770  INFO     RX        /ERR/LOKO/0x00000002
15:42:58.771  INFO     RX        /ERR/LOKO/0x00000002
15:42:58.814  INFO     RX        /ERR/LOKO/0x00000002
15:42:58.814  INFO     RX        /ERR/LOKO/0x00000002
15:42:58.814  INFO     RX        /ERR/LOKO/0x00000002
15:42:58.814  INFO     RX        /ERR/LOKO/0x00000002
15:42:58.832  INFO     RX        /ERR/LOKO/0x00000002
15:42:58.832  INFO     RX        /ERR/LOKO/0x00000002
15:42:58.867  INFO     RX        /ERR/LOKO/0x00000002
15:42:58.867  INFO     RX        /ERR/LOKO/0x00000002
15:42:58.867  INFO     RX        /ERR/LOKO/0x00000002
15:42:58.898  INFO     RX        /ERR/LOKO/0x00000002
15:42:58.898  INFO     RX        /ERR/LOKO/0x00000002
15:42:58.931  INFO     RX        /ERR/LOKO/0x00000002
15:42:58.931  INFO     RX        /ERR/LOKO/0x00000002
15:42:58.931  INFO     RX        /ERR/LOKO/0x00000002
15:42:58.956  DEBUG    TX /CONTROLL/0,0,0,0,0,0,0,0,2
15:42:58.962  INFO     RX        /ERR/LOKO/0x00000002
15:42:58.963  INFO     RX        /ERR/LOKO/0x00000002
15:42:58.963  INFO     RX        /ERR/LOKO/0x00000002
15:42:58.991  INFO     RX        /ERR/LOKO/0x00000002
15:42:58.991  INFO     RX        /ERR/LOKO/0x00000002
15:42:59.025  INFO     RX        /ERR/LOKO/0x00000002
15:42:59.025  INFO     RX        /ERR/LOKO/0x00000002
15:42:59.025  INFO     RX        /ERR/LOKO/0x00000002
15:42:59.060  INFO     RX        /ERR/LOKO/0x00000002
15:42:59.060  INFO     RX        /ERR/LOKO/0x00000002
15:42:59.060  INFO     RX        /ERR/LOKO/0x00000002
15:42:59.088  INFO     RX        /ERR/LOKO/0x00000002
15:42:59.088  INFO     RX        /ERR/LOKO/0x00000002
15:42:59.088  INFO     RX        /ERR/LOKO/0x00000002
15:42:59.120  INFO     RX        /ERR/LOKO/0x00000002
15:42:59.120  INFO     RX        /ERR/LOKO/0x00000002
15:42:59.155  INFO     RX        /ERR/LOKO/0x00000002
15:42:59.155  INFO     RX        /ERR/LOKO/0x00000002
15:42:59.155  INFO     RX        /ERR/LOKO/0x00000002
15:42:59.187  INFO     RX        /ERR/LOKO/0x00000002
15:42:59.187  INFO     RX        /ERR/LOKO/0x00000002
15:42:59.187  INFO     RX        /ERR/LOKO/0x00000002
15:42:59.216  INFO     RX        /ERR/LOKO/0x00000002
15:42:59.216  INFO     RX        /ERR/LOKO/0x00000002
15:42:59.216  INFO     RX        /ERR/LOKO/0x00000002
15:42:59.248  INFO     RX        /ERR/LOKO/0x00000002
15:42:59.248  INFO     RX        /ERR/LOKO/0x00000002
15:42:59.284  INFO     RX        /ERR/LOKO/0x00000002
15:42:59.284  INFO     RX        /ERR/LOKO/0x00000002
15:42:59.284  INFO     RX        /ERR/LOKO/0x00000002
15:42:59.312  INFO     RX        /ERR/LOKO/0x00000002
15:42:59.313  INFO     RX        /ERR/LOKO/0x00000002
15:42:59.313  INFO     RX        /ERR/LOKO/0x00000002
15:42:59.348  INFO     RX        /ERR/LOKO/0x00000002
15:42:59.348  INFO     RX        /ERR/LOKO/0x00000002
15:42:59.348  INFO     RX        /ERR/LOKO/0x00000002
15:42:59.377  INFO     RX        /ERR/LOKO/0x00000002
15:42:59.377  INFO     RX        /ERR/LOKO/0x00000002
15:42:59.409  INFO     RX        /ERR/LOKO/0x00000002
15:42:59.409  INFO     RX        /ERR/LOKO/0x00000002
15:42:59.409  INFO     RX        /ERR/LOKO/0x00000002
15:42:59.444  INFO     RX        /ERR/LOKO/0x00000002
15:42:59.444  INFO     RX        /ERR/LOKO/0x00000002
15:42:59.444  INFO     RX        /ERR/LOKO/0x00000002
15:42:59.474  INFO     RX        /ERR/LOKO/0x00000002
15:42:59.474  INFO     RX        /ERR/LOKO/0x00000002
15:42:59.474  INFO     RX        /ERR/LOKO/0x00000002
15:42:59.511  INFO     RX        /ERR/LOKO/0x00000002
15:42:59.511  INFO     RX        /ERR/LOKO/0x00000002
15:42:59.511  INFO     RX        /ERR/LOKO/0x00000002
15:42:59.538  INFO     RX        /ERR/LOKO/0x00000002
15:42:59.538  INFO     RX        /ERR/LOKO/0x00000002
15:42:59.571  INFO     RX        /ERR/LOKO/0x00000002
15:42:59.572  INFO     RX        /ERR/LOKO/0x00000002
15:42:59.572  INFO     RX        /ERR/LOKO/0x00000002
15:42:59.602  INFO     RX        /ERR/LOKO/0x00000002
15:42:59.602  INFO     RX        /ERR/LOKO/0x00000002
15:42:59.602  INFO     RX        /ERR/LOKO/0x00000002
15:42:59.636  INFO     RX        /ERR/LOKO/0x00000002
15:42:59.637  INFO     RX        /ERR/LOKO/0x00000002
15:42:59.637  INFO     RX        /ERR/LOKO/0x00000002
15:42:59.666  INFO     RX        /ERR/LOKO/0x00000002
15:42:59.666  INFO     RX        /ERR/LOKO/0x00000002
15:42:59.700  INFO     RX        /ERR/LOKO/0x00000002
15:42:59.701  INFO     RX        /ERR/LOKO/0x00000002
15:42:59.701  INFO     RX        /ERR/LOKO/0x00000002
15:42:59.730  INFO     RX        /ERR/LOKO/0x00000002
15:42:59.730  INFO     RX        /ERR/LOKO/0x00000002
15:42:59.730  INFO     RX        /ERR/LOKO/0x00000002
15:42:59.765  INFO     RX        /ERR/LOKO/0x00000002
15:42:59.765  INFO     RX        /ERR/LOKO/0x00000002
15:42:59.765  INFO     RX        /ERR/LOKO/0x00000002
15:42:59.794  INFO     RX        /ERR/LOKO/0x00000002
15:42:59.794  INFO     RX        /ERR/LOKO/0x00000002
15:42:59.828  INFO     RX        /ERR/LOKO/0x00000002
15:42:59.828  INFO     RX        /ERR/LOKO/0x00000002
15:42:59.828  INFO     RX        /ERR/LOKO/0x00000002
15:42:59.858  INFO     RX        /ERR/LOKO/0x00000002
15:42:59.858  INFO     RX        /ERR/LOKO/0x00000002
15:42:59.858  INFO     RX        /ERR/LOKO/0x00000002
15:42:59.892  INFO     RX        /ERR/LOKO/0x00000002
15:42:59.893  INFO     RX        /ERR/LOKO/0x00000002
15:42:59.893  INFO     RX        /ERR/LOKO/0x00000002
15:42:59.922  INFO     RX        /ERR/LOKO/0x00000002
15:42:59.922  INFO     RX        /ERR/LOKO/0x00000002
15:42:59.956  INFO     RX        /ERR/LOKO/0x00000002
15:42:59.956  INFO     RX        /ERR/LOKO/0x00000002
15:42:59.956  INFO     RX        /ERR/LOKO/0x00000002
15:42:59.986  INFO     RX        /ERR/LOKO/0x00000002
15:42:59.986  INFO     RX        /ERR/LOKO/0x00000002
15:42:59.986  INFO     RX        /ERR/LOKO/0x00000002
15:43:00.021  INFO     RX        /ERR/LOKO/0x00000002
15:43:00.021  INFO     RX        /ERR/LOKO/0x00000002
15:43:00.021  INFO     RX        /ERR/LOKO/0x00000002
15:43:00.050  INFO     RX        /ERR/LOKO/0x00000002
15:43:00.050  INFO     RX        /ERR/LOKO/0x00000002
15:43:00.050  INFO     RX        /ERR/LOKO/0x00000002
15:43:00.085  INFO     RX        /ERR/LOKO/0x00000002
15:43:00.085  INFO     RX        /ERR/LOKO/0x00000002
15:43:00.085  INFO     RX        /ERR/LOKO/0x00000002
15:43:00.115  INFO     RX        /ERR/LOKO/0x00000002
15:43:00.115  INFO     RX        /ERR/LOKO/0x00000002
15:43:00.150  INFO     RX        /ERR/LOKO/0x00000002
15:43:00.150  INFO     RX        /ERR/LOKO/0x00000002
15:43:00.150  INFO     RX        /ERR/LOKO/0x00000002
15:43:00.183  INFO     RX        /ERR/LOKO/0x00000002
15:43:00.183  INFO     RX        /ERR/LOKO/0x00000002
15:43:00.183  INFO     RX        /ERR/LOKO/0x00000002
15:43:00.212  INFO     RX        /ERR/LOKO/0x00000002
15:43:00.212  INFO     RX        /ERR/LOKO/0x00000002
15:43:00.212  INFO     RX        /ERR/LOKO/0x00000002
15:43:00.247  INFO     RX        /ERR/LOKO/0x00000002
15:43:00.248  INFO     RX        /ERR/LOKO/0x00000002
15:43:00.248  INFO     RX        /ERR/LOKO/0x00000002
15:43:00.280  INFO     RX        /ERR/LOKO/0x00000002
15:43:00.280  INFO     RX        /ERR/LOKO/0x00000002
15:43:00.309  INFO     RX        /ERR/LOKO/0x00000002
15:43:00.309  INFO     RX        /ERR/LOKO/0x00000002
15:43:00.309  INFO     RX        /ERR/LOKO/0x00000002
15:43:00.340  INFO     RX        /ERR/LOKO/0x00000002
15:43:00.340  INFO     RX        /ERR/LOKO/0x00000002
15:43:00.340  INFO     RX        /ERR/LOKO/0x00000002
15:43:00.376  INFO     RX        /ERR/LOKO/0x00000002
15:43:00.376  INFO     RX        /ERR/LOKO/0x00000002
15:43:00.376  INFO     RX        /ERR/LOKO/0x00000002
15:43:00.405  INFO     RX        /ERR/LOKO/0x00000002
15:43:00.405  INFO     RX        /ERR/LOKO/0x00000002
15:43:00.439  INFO     RX        /ERR/LOKO/0x00000002
15:43:00.439  INFO     RX        /ERR/LOKO/0x00000002
15:43:00.439  INFO     RX        /ERR/LOKO/0x00000002
15:43:00.471  INFO     RX        /ERR/LOKO/0x00000002
15:43:00.472  INFO     RX        /ERR/LOKO/0x00000002
15:43:00.472  INFO     RX        /ERR/LOKO/0x00000002
15:43:00.501  INFO     RX        /ERR/LOKO/0x00000002
15:43:00.501  INFO     RX        /ERR/LOKO/0x00000002
15:43:00.502  INFO     RX        /ERR/LOKO/0x00000002
15:43:00.535  INFO     RX        /ERR/LOKO/0x00000002
15:43:00.561  DEBUG    TX /CONTROLL/0,0,0,0,0,0,0,0,2
15:43:01.022  INFO     RX        /ERR/LOKO/0x00000002
15:43:01.022  INFO     RX        /ERR/LOKO/0x00000002
15:43:01.050  INFO     RX        /ERR/LOKO/0x00000002
15:43:01.050  INFO     RX        /ERR/LOKO/0x00000002
15:43:01.050  INFO     RX        /ERR/LOKO/0x00000002
15:43:01.084  INFO     RX        /ERR/LOKO/0x00000002
15:43:01.084  INFO     RX        /ERR/LOKO/0x00000002
15:43:01.084  INFO     RX        /ERR/LOKO/0x00000002
15:43:01.114  INFO     RX        /ERR/LOKO/0x00000002
15:43:01.115  INFO     RX        /ERR/LOKO/0x00000002
15:43:01.150  INFO     RX        /ERR/LOKO/0x00000002
15:43:01.151  INFO     RX        /ERR/LOKO/0x00000002
15:43:01.151  INFO     RX        /ERR/LOKO/0x00000002
15:43:01.151  INFO     RX        /ERR/LOKO/0x00000002
15:43:01.180  INFO     RX        /ERR/LOKO/0x00000002
15:43:01.180  INFO     RX        /ERR/LOKO/0x00000002
15:43:01.215  INFO     RX        /ERR/LOKO/0x00000002
15:43:01.215  INFO     RX        /ERR/LOKO/0x00000002
15:43:01.215  INFO     RX        /ERR/LOKO/0x00000002
15:43:01.244  INFO     RX        /ERR/LOKO/0x00000002
15:43:01.244  INFO     RX        /ERR/LOKO/0x00000002
15:43:01.245  INFO     RX        /ERR/LOKO/0x00000002
15:43:01.280  INFO     RX        /ERR/LOKO/0x00000002
15:43:01.602  INFO     RX        /ERR/LOKO/0x00000002
15:43:01.602  INFO     RX        /ERR/LOKO/0x00000002
15:43:01.631  INFO     RX        /ERR/LOKO/0x00000002
15:43:01.631  INFO     RX        /ERR/LOKO/0x00000002
15:43:01.666  INFO     RX        /ERR/LOKO/0x00000002
15:43:01.666  INFO     RX        /ERR/LOKO/0x00000002
15:43:01.666  INFO     RX        /ERR/LOKO/0x00000002
15:43:01.666  INFO     RX        /ERR/LOKO/0x00000002
15:43:01.695  INFO     RX        /ERR/LOKO/0x00000002
15:43:01.695  INFO     RX        /ERR/LOKO/0x00000002
15:43:01.727  INFO     RX        /ERR/LOKO/0x00000002
15:43:01.727  INFO     RX        /ERR/LOKO/0x00000002
15:43:01.727  INFO     RX        /ERR/LOKO/0x00000002
15:43:01.763  INFO     RX        /ERR/LOKO/0x00000002
15:43:01.763  INFO     RX        /ERR/LOKO/0x00000002
15:43:01.763  INFO     RX        /ERR/LOKO/0x00000002
15:43:01.795  INFO     RX        /ERR/LOKO/0x00000002
15:43:01.795  INFO     RX        /ERR/LOKO/0x00000002
15:43:01.795  INFO     RX        /ERR/LOKO/0x00000002
15:43:01.824  INFO     RX        /ERR/LOKO/0x00000002
15:43:01.825  INFO     RX        /ERR/LOKO/0x00000002
15:43:01.857  INFO     RX        /ERR/LOKO/0x00000002
15:43:02.118  INFO     RX        /ERR/LOKO/0x00000002
15:43:02.118  INFO     RX        /ERR/LOKO/0x00000002
15:43:02.155  INFO     RX        /ERR/LOKO/0x00000002
15:43:02.155  INFO     RX        /ERR/LOKO/0x00000002
15:43:02.155  INFO     RX        /ERR/LOKO/0x00000002
15:43:02.179  DEBUG    TX /CONTROLL/0,0,0,0,0,0,0,0,0
15:43:02.183  INFO     RX        /ERR/LOKO/0x00000002
15:43:02.183  INFO     RX        /ERR/LOKO/0x00000002
15:43:02.183  INFO     RX        /ERR/LOKO/0x00000002
15:43:02.217  INFO     RX        /ERR/LOKO/0x00000002
15:43:02.217  INFO     RX        /ERR/LOKO/0x00000002
15:43:02.217  INFO     RX        /ERR/LOKO/0x00000002
15:43:02.251  INFO     RX        /ERR/LOKO/0x00000002
15:43:02.252  INFO     RX        /ERR/LOKO/0x00000002
15:43:02.252  INFO     RX        /ERR/LOKO/0x00000002
15:43:02.279  INFO     RX        /ERR/LOKO/0x00000002
15:43:02.280  INFO     RX        /ERR/LOKO/0x00000002
15:43:02.312  INFO     RX        /ERR/LOKO/0x00000002
15:43:02.571  INFO     RX        /ERR/LOKO/0x00000002
15:43:02.571  INFO     RX        /ERR/LOKO/0x00000002
15:43:02.603  INFO     RX        /ERR/LOKO/0x00000002
15:43:02.603  INFO     RX        /ERR/LOKO/0x00000002
15:43:02.633  INFO     RX        /ERR/LOKO/0x00000002
15:43:02.633  INFO     RX        /ERR/LOKO/0x00000002
15:43:02.633  INFO     RX        /ERR/LOKO/0x00000002
15:43:02.667  INFO     RX        /ERR/LOKO/0x00000002
15:43:02.667  INFO     RX        /ERR/LOKO/0x00000002
15:43:02.667  INFO     RX        /ERR/LOKO/0x00000002
15:43:02.699  INFO     RX        /ERR/LOKO/0x00000002
15:43:02.699  INFO     RX        /ERR/LOKO/0x00000002
15:43:02.699  INFO     RX        /ERR/LOKO/0x00000002
15:43:02.731  INFO     RX        /ERR/LOKO/0x00000002
15:43:02.956  INFO     RX        /ERR/LOKO/0x00000002
15:43:02.956  INFO     RX        /ERR/LOKO/0x00000002
15:43:02.986  INFO     RX        /ERR/LOKO/0x00000002
15:43:02.986  INFO     RX        /ERR/LOKO/0x00000002
15:43:02.986  INFO     RX        /ERR/LOKO/0x00000002
15:43:03.022  INFO     RX        /ERR/LOKO/0x00000002
15:43:03.022  INFO     RX        /ERR/LOKO/0x00000002
15:43:03.022  INFO     RX        /ERR/LOKO/0x00000002
15:43:03.051  INFO     RX        /ERR/LOKO/0x00000002
15:43:03.051  INFO     RX        /ERR/LOKO/0x00000002
15:43:03.086  INFO     RX        /ERR/LOKO/0x00000002
15:43:03.087  INFO     RX        /ERR/LOKO/0x00000002
15:43:03.087  INFO     RX        /ERR/LOKO/0x00000002
15:43:03.087  INFO     RX        /ERR/LOKO/0x00000002
15:43:03.115  INFO     RX        /ERR/LOKO/0x00000002
15:43:03.371  INFO     RX        /ERR/LOKO/0x00000002
15:43:03.407  INFO     RX        /ERR/LOKO/0x00000002
15:43:03.408  INFO     RX        /ERR/LOKO/0x00000002
15:43:03.408  INFO     RX        /ERR/LOKO/0x00000002
15:43:03.437  INFO     RX        /ERR/LOKO/0x00000002
15:43:03.437  INFO     RX        /ERR/LOKO/0x00000002
15:43:03.474  INFO     RX        /ERR/LOKO/0x00000002
15:43:03.475  INFO     RX        /ERR/LOKO/0x00000002
15:43:03.475  INFO     RX        /ERR/LOKO/0x00000002
15:43:03.500  INFO     RX        /ERR/LOKO/0x00000002
15:43:03.500  INFO     RX        /ERR/LOKO/0x00000002
15:43:03.500  INFO     RX        /ERR/LOKO/0x00000002
15:43:03.530  INFO     RX        /ERR/LOKO/0x00000002
15:43:03.785  DEBUG    TX /CONTROLL/0,0,0,0,0,0,0,0,0
15:43:03.788  INFO     RX        /ERR/LOKO/0x00000002
15:43:03.824  INFO     RX        /ERR/LOKO/0x00000002
15:43:03.824  INFO     RX        /ERR/LOKO/0x00000002
15:43:03.824  INFO     RX        /ERR/LOKO/0x00000002
15:43:03.853  INFO     RX        /ERR/LOKO/0x00000002
15:43:03.853  INFO     RX        /ERR/LOKO/0x00000002
15:43:03.853  INFO     RX        /ERR/LOKO/0x00000002
15:43:03.884  INFO     RX        /ERR/LOKO/0x00000002
15:43:03.884  INFO     RX        /ERR/LOKO/0x00000002
15:43:03.920  INFO     RX        /ERR/LOKO/0x00000002
15:43:04.174  INFO     RX        /ERR/LOKO/0x00000002
15:43:04.175  INFO     RX        /ERR/LOKO/0x00000002
15:43:04.211  INFO     RX        /ERR/LOKO/0x00000002
15:43:04.212  INFO     RX        /ERR/LOKO/0x00000002
15:43:04.212  INFO     RX        /ERR/LOKO/0x00000002
15:43:04.238  INFO     RX        /ERR/LOKO/0x00000002
15:43:04.238  INFO     RX        /ERR/LOKO/0x00000002
15:43:04.273  INFO     RX        /ERR/LOKO/0x00000002
15:43:04.273  INFO     RX        /ERR/LOKO/0x00000002
15:43:04.273  INFO     RX        /ERR/LOKO/0x00000002
15:43:04.303  INFO     RX        /ERR/LOKO/0x00000002
15:43:04.303  INFO     RX        /ERR/LOKO/0x00000002
15:43:04.303  INFO     RX        /ERR/LOKO/0x00000002
15:43:04.337  INFO     RX        /ERR/LOKO/0x00000002
15:43:04.338  INFO     RX        /ERR/LOKO/0x00000002
15:43:04.338  INFO     RX        /ERR/LOKO/0x00000002
15:43:04.367  INFO     RX        /ERR/LOKO/0x00000002
15:43:04.367  INFO     RX        /ERR/LOKO/0x00000002
15:43:04.402  INFO     RX        /ERR/LOKO/0x00000002
15:43:04.402  INFO     RX        /ERR/LOKO/0x00000002
15:43:04.402  INFO     RX        /ERR/LOKO/0x00000002
15:43:04.402  INFO     RX        /ERR/LOKO/0x00000002
15:43:04.432  INFO     RX        /ERR/LOKO/0x00000002
15:43:04.432  INFO     RX        /ERR/LOKO/0x00000002
15:43:04.463  INFO     RX        /ERR/LOKO/0x00000002
15:43:04.463  INFO     RX        /ERR/LOKO/0x00000002
15:43:04.463  INFO     RX        /ERR/LOKO/0x00000002
15:43:04.495  INFO     RX        /ERR/LOKO/0x00000002
15:43:04.495  INFO     RX        /ERR/LOKO/0x00000002
15:43:04.495  INFO     RX        /ERR/LOKO/0x00000002
15:43:04.531  INFO     RX        /ERR/LOKO/0x00000002
15:43:04.531  INFO     RX        /ERR/LOKO/0x00000002
15:43:04.531  INFO     RX        /ERR/LOKO/0x00000002
15:43:04.565  INFO     RX        /ERR/LOKO/0x00000002
15:43:04.565  INFO     RX        /ERR/LOKO/0x00000002
15:43:04.565  INFO     RX        /ERR/LOKO/0x00000002
15:43:04.593  INFO     RX        /ERR/LOKO/0x00000002
15:43:04.593  INFO     RX        /ERR/LOKO/0x00000002
15:43:04.627  INFO     RX        /ERR/LOKO/0x00000002
15:43:04.627  INFO     RX        /ERR/LOKO/0x00000002
15:43:04.628  INFO     RX        /ERR/LOKO/0x00000002
15:43:04.656  INFO     RX        /ERR/LOKO/0x00000002
15:43:04.656  INFO     RX        /ERR/LOKO/0x00000002
15:43:04.656  INFO     RX        /ERR/LOKO/0x00000002
15:43:04.692  INFO     RX        /ERR/LOKO/0x00000002
15:43:05.237  INFO     RX        /ERR/LOKO/0x00000002
15:43:05.237  INFO     RX        /ERR/LOKO/0x00000002
15:43:05.271  INFO     RX        /ERR/LOKO/0x00000002
15:43:05.271  INFO     RX        /ERR/LOKO/0x00000002
15:43:05.300  INFO     RX        /ERR/LOKO/0x00000002
15:43:05.300  INFO     RX        /ERR/LOKO/0x00000002
15:43:05.301  INFO     RX        /ERR/LOKO/0x00000002
15:43:05.336  INFO     RX        /ERR/LOKO/0x00000002
15:43:05.336  INFO     RX        /ERR/LOKO/0x00000002
15:43:05.336  INFO     RX        /ERR/LOKO/0x00000002
15:43:05.365  INFO     RX        /ERR/LOKO/0x00000002
15:43:05.365  INFO     RX        /ERR/LOKO/0x00000002
15:43:05.365  INFO     RX        /ERR/LOKO/0x00000002
15:43:05.394  DEBUG    TX /CONTROLL/0,0,0,0,0,0,0,0,0
15:43:05.397  INFO     RX        /ERR/LOKO/0x00000002
15:43:05.397  INFO     RX        /ERR/LOKO/0x00000002
15:43:05.433  INFO     RX        /ERR/LOKO/0x00000002
15:43:05.433  INFO     RX        /ERR/LOKO/0x00000002
15:43:05.433  INFO     RX        /ERR/LOKO/0x00000002
15:43:05.461  INFO     RX        /ERR/LOKO/0x00000002
15:43:05.462  INFO     RX        /ERR/LOKO/0x00000002
15:43:05.462  INFO     RX        /ERR/LOKO/0x00000002
15:43:05.494  INFO     RX        /ERR/LOKO/0x00000002
15:43:05.495  INFO     RX        /ERR/LOKO/0x00000002
15:43:05.495  INFO     RX        /ERR/LOKO/0x00000002
15:43:05.530  INFO     RX        /ERR/LOKO/0x00000002
15:43:05.530  INFO     RX        /ERR/LOKO/0x00000002
15:43:05.530  INFO     RX        /ERR/LOKO/0x00000002
15:43:05.562  INFO     RX        /ERR/LOKO/0x00000002
15:43:05.562  INFO     RX        /ERR/LOKO/0x00000002
15:43:05.563  INFO     RX        /ERR/LOKO/0x00000002
15:43:05.595  INFO     RX        /ERR/LOKO/0x00000002
15:43:05.595  INFO     RX        /ERR/LOKO/0x00000002
15:43:05.595  INFO     RX        /ERR/LOKO/0x00000002
15:43:05.627  INFO     RX        /ERR/LOKO/0x00000002
15:43:05.627  INFO     RX        /ERR/LOKO/0x00000002
15:43:05.659  INFO     RX        /ERR/LOKO/0x00000002
15:43:06.208  INFO     RX        /ERR/LOKO/0x00000002
15:43:06.238  INFO     RX        /ERR/LOKO/0x00000002
15:43:06.238  INFO     RX        /ERR/LOKO/0x00000002
15:43:06.238  INFO     RX        /ERR/LOKO/0x00000002
15:43:06.276  INFO     RX        /ERR/LOKO/0x00000002
15:43:06.276  INFO     RX        /ERR/LOKO/0x00000002
15:43:06.276  INFO     RX        /ERR/LOKO/0x00000002
15:43:06.302  INFO     RX        /ERR/LOKO/0x00000002
15:43:06.302  INFO     RX        /ERR/LOKO/0x00000002
15:43:06.302  INFO     RX        /ERR/LOKO/0x00000002
15:43:06.338  INFO     RX        /ERR/LOKO/0x00000002
15:43:06.338  INFO     RX        /ERR/LOKO/0x00000002
15:43:06.338  INFO     RX        /ERR/LOKO/0x00000002
15:43:06.371  INFO     RX        /ERR/LOKO/0x00000002
15:43:06.371  INFO     RX        /ERR/LOKO/0x00000002
15:43:06.398  INFO     RX        /ERR/LOKO/0x00000002
15:43:06.399  INFO     RX        /ERR/LOKO/0x00000002
15:43:06.399  INFO     RX        /ERR/LOKO/0x00000002
15:43:06.431  INFO     RX        /ERR/LOKO/0x00000002
15:43:06.431  INFO     RX        /ERR/LOKO/0x00000002
15:43:06.431  INFO     RX        /ERR/LOKO/0x00000002
15:43:06.465  INFO     RX        /ERR/LOKO/0x00000002
15:43:06.465  INFO     RX        /ERR/LOKO/0x00000002
15:43:06.465  INFO     RX        /ERR/LOKO/0x00000002
15:43:06.494  INFO     RX        /ERR/LOKO/0x00000002
15:43:06.494  INFO     RX        /ERR/LOKO/0x00000002
15:43:06.530  INFO     RX        /ERR/LOKO/0x00000002
15:43:06.530  INFO     RX        /ERR/LOKO/0x00000002
15:43:06.530  INFO     RX        /ERR/LOKO/0x00000002
15:43:06.558  INFO     RX        /ERR/LOKO/0x00000002
15:43:06.558  INFO     RX        /ERR/LOKO/0x00000002
15:43:06.558  INFO     RX        /ERR/LOKO/0x00000002
15:43:06.590  INFO     RX        /ERR/LOKO/0x00000002
15:43:06.590  INFO     RX        /ERR/LOKO/0x00000002
15:43:06.626  INFO     RX        /ERR/LOKO/0x00000002
15:43:06.626  INFO     RX        /ERR/LOKO/0x00000002
15:43:07.007  DEBUG    TX /CONTROLL/0,0,0,0,0,0,0,0,0
15:43:08.619  DEBUG    TX /CONTROLL/0,0,0,0,0,0,0,0,0
15:43:09.366  INFO     RX        /ERR/LOKO/0x00000002
15:43:09.367  INFO     RX        /ERR/LOKO/0x00000002
15:43:09.400  INFO     RX        /ERR/LOKO/0x00000002
15:43:09.400  INFO     RX        /ERR/LOKO/0x00000002
15:43:09.429  INFO     RX        /ERR/LOKO/0x00000002
15:43:09.429  INFO     RX        /ERR/LOKO/0x00000002
15:43:09.429  INFO     RX        /ERR/LOKO/0x00000002
15:43:09.465  INFO     RX        /ERR/LOKO/0x00000002
15:43:09.465  INFO     RX        /ERR/LOKO/0x00000002
15:43:09.465  INFO     RX        /ERR/LOKO/0x00000002
15:43:09.492  INFO     RX        /ERR/LOKO/0x00000002
15:43:09.492  INFO     RX        /ERR/LOKO/0x00000002
15:43:09.529  INFO     RX        /ERR/LOKO/0x00000002
15:43:09.529  INFO     RX        /ERR/LOKO/0x00000002
15:43:09.529  INFO     RX        /ERR/LOKO/0x00000002
15:43:09.557  INFO     RX        /ERR/LOKO/0x00000002
15:43:09.557  INFO     RX        /ERR/LOKO/0x00000002
15:43:09.557  INFO     RX        /ERR/LOKO/0x00000002
15:43:09.589  INFO     RX        /ERR/LOKO/0x00000002
15:43:09.589  INFO     RX        /ERR/LOKO/0x00000002
15:43:09.589  INFO     RX        /ERR/LOKO/0x00000002
15:43:09.625  INFO     RX        /ERR/LOKO/0x00000002
15:43:09.625  INFO     RX        /ERR/LOKO/0x00000002
15:43:09.625  INFO     RX        /ERR/LOKO/0x00000002
15:43:09.654  INFO     RX        /ERR/LOKO/0x00000002
15:43:09.654  INFO     RX        /ERR/LOKO/0x00000002
15:43:09.695  INFO     RX        /ERR/LOKO/0x00000002
15:43:09.695  INFO     RX        /ERR/LOKO/0x00000002
15:43:09.695  INFO     RX        /ERR/LOKO/0x00000002
15:43:09.695  INFO     RX        /ERR/LOKO/0x00000002
15:43:09.718  INFO     RX        /ERR/LOKO/0x00000002
15:43:09.718  INFO     RX        /ERR/LOKO/0x00000002
15:43:09.755  INFO     RX        /ERR/LOKO/0x00000002
15:43:09.756  INFO     RX        /ERR/LOKO/0x00000002
15:43:09.756  INFO     RX        /ERR/LOKO/0x00000002
15:43:09.782  INFO     RX        /ERR/LOKO/0x00000002
15:43:09.782  INFO     RX        /ERR/LOKO/0x00000002
15:43:09.814  INFO     RX        /ERR/LOKO/0x00000002
15:43:09.814  INFO     RX        /ERR/LOKO/0x00000002
15:43:09.814  INFO     RX        /ERR/LOKO/0x00000002
15:43:09.849  INFO     RX        /ERR/LOKO/0x00000002
15:43:09.849  INFO     RX        /ERR/LOKO/0x00000002
15:43:09.849  INFO     RX        /ERR/LOKO/0x00000002
15:43:09.878  INFO     RX        /ERR/LOKO/0x00000002
15:43:09.878  INFO     RX        /ERR/LOKO/0x00000002
15:43:09.915  INFO     RX        /ERR/LOKO/0x00000002
15:43:09.916  INFO     RX        /ERR/LOKO/0x00000002
15:43:09.916  INFO     RX        /ERR/LOKO/0x00000002
15:43:09.916  INFO     RX        /ERR/LOKO/0x00000002
15:43:09.945  INFO     RX        /ERR/LOKO/0x00000002
15:43:09.945  INFO     RX        /ERR/LOKO/0x00000002
15:43:09.981  INFO     RX        /ERR/LOKO/0x00000002
15:43:09.981  INFO     RX        /ERR/LOKO/0x00000002
15:43:09.981  INFO     RX        /ERR/LOKO/0x00000002
15:43:10.010  INFO     RX        /ERR/LOKO/0x00000002
15:43:10.010  INFO     RX        /ERR/LOKO/0x00000002
15:43:10.010  INFO     RX        /ERR/LOKO/0x00000002
15:43:10.042  INFO     RX        /ERR/LOKO/0x00000002
15:43:10.042  INFO     RX        /ERR/LOKO/0x00000002
15:43:10.072  INFO     RX        /ERR/LOKO/0x00000002
15:43:10.072  INFO     RX        /ERR/LOKO/0x00000002
15:43:10.072  INFO     RX        /ERR/LOKO/0x00000002
15:43:10.107  INFO     RX        /ERR/LOKO/0x00000002
15:43:10.107  INFO     RX        /ERR/LOKO/0x00000002
15:43:10.107  INFO     RX        /ERR/LOKO/0x00000002
15:43:10.136  INFO     RX        /ERR/LOKO/0x00000002
15:43:10.136  INFO     RX        /ERR/LOKO/0x00000002
15:43:10.136  INFO     RX        /ERR/LOKO/0x00000002
15:43:10.171  INFO     RX        /ERR/LOKO/0x00000002
15:43:10.172  INFO     RX        /ERR/LOKO/0x00000002
15:43:10.172  INFO     RX        /ERR/LOKO/0x00000002
15:43:10.200  INFO     RX        /ERR/LOKO/0x00000002
15:43:10.200  INFO     RX        /ERR/LOKO/0x00000002
15:43:10.229  DEBUG    TX /CONTROLL/0,0,0,0,0,0,0,0,0
15:43:10.236  INFO     RX        /ERR/LOKO/0x00000002
15:43:10.236  INFO     RX        /ERR/LOKO/0x00000002
15:43:10.236  INFO     RX        /ERR/LOKO/0x00000002
15:43:10.264  INFO     RX        /ERR/LOKO/0x00000002
15:43:10.264  INFO     RX        /ERR/LOKO/0x00000002
15:43:10.264  INFO     RX        /ERR/LOKO/0x00000002
15:43:10.300  INFO     RX        /ERR/LOKO/0x00000002
15:43:10.300  INFO     RX        /ERR/LOKO/0x00000002
15:43:10.300  INFO     RX        /ERR/LOKO/0x00000002
15:43:10.332  INFO     RX        /ERR/LOKO/0x00000002
15:43:10.332  INFO     RX        /ERR/LOKO/0x00000002
15:43:10.369  INFO     RX        /ERR/LOKO/0x00000002
15:43:10.369  INFO     RX        /ERR/LOKO/0x00000002
15:43:10.369  INFO     RX        /ERR/LOKO/0x00000002
15:43:10.369  INFO     RX        /ERR/LOKO/0x00000002
15:43:10.395  INFO     RX        /ERR/LOKO/0x00000002
15:43:10.395  INFO     RX        /ERR/LOKO/0x00000002
15:43:10.427  INFO     RX        /ERR/LOKO/0x00000002
15:43:10.427  INFO     RX        /ERR/LOKO/0x00000002
15:43:10.427  INFO     RX        /ERR/LOKO/0x00000002
15:43:10.457  INFO     RX        /ERR/LOKO/0x00000002
15:43:10.458  INFO     RX        /ERR/LOKO/0x00000002
15:43:10.493  INFO     RX        /ERR/LOKO/0x00000002
15:43:10.493  INFO     RX        /ERR/LOKO/0x00000002
15:43:10.493  INFO     RX        /ERR/LOKO/0x00000002
15:43:10.528  INFO     RX        /ERR/LOKO/0x00000002
15:43:10.528  INFO     RX        /ERR/LOKO/0x00000002
15:43:10.528  INFO     RX        /ERR/LOKO/0x00000002
15:43:10.528  INFO     RX        /ERR/LOKO/0x00000002
15:43:10.554  INFO     RX        /ERR/LOKO/0x00000002
15:43:10.554  INFO     RX        /ERR/LOKO/0x00000002
15:43:10.590  INFO     RX        /ERR/LOKO/0x00000002
15:43:10.590  INFO     RX        /ERR/LOKO/0x00000002
15:43:10.590  INFO     RX        /ERR/LOKO/0x00000002
15:43:10.619  INFO     RX        /ERR/LOKO/0x00000002
15:43:10.619  INFO     RX        /ERR/LOKO/0x00000002
15:43:10.650  INFO     RX        /ERR/LOKO/0x00000002
15:43:10.650  INFO     RX        /ERR/LOKO/0x00000002
15:43:10.650  INFO     RX        /ERR/LOKO/0x00000002
15:43:10.684  INFO     RX        /ERR/LOKO/0x00000002
15:43:10.684  INFO     RX        /ERR/LOKO/0x00000002
15:43:10.684  INFO     RX        /ERR/LOKO/0x00000002
15:43:10.713  INFO     RX        /ERR/LOKO/0x00000002
15:43:10.713  INFO     RX        /ERR/LOKO/0x00000002
15:43:10.714  INFO     RX        /ERR/LOKO/0x00000002
15:43:10.748  INFO     RX        /ERR/LOKO/0x00000002
15:43:10.748  INFO     RX        /ERR/LOKO/0x00000002
15:43:10.748  INFO     RX        /ERR/LOKO/0x00000002
15:43:10.777  INFO     RX        /ERR/LOKO/0x00000002
15:43:10.777  INFO     RX        /ERR/LOKO/0x00000002
15:43:10.812  INFO     RX        /ERR/LOKO/0x00000002
15:43:10.812  INFO     RX        /ERR/LOKO/0x00000002
15:43:10.813  INFO     RX        /ERR/LOKO/0x00000002
15:43:10.841  INFO     RX        /ERR/LOKO/0x00000002
15:43:11.104  INFO     RX        /ERR/LOKO/0x00000002
15:43:11.104  INFO     RX        /ERR/LOKO/0x00000002
15:43:11.131  INFO     RX        /ERR/LOKO/0x00000002
15:43:11.131  INFO     RX        /ERR/LOKO/0x00000002
15:43:11.167  INFO     RX        /ERR/LOKO/0x00000002
15:43:11.167  INFO     RX        /ERR/LOKO/0x00000002
15:43:11.167  INFO     RX        /ERR/LOKO/0x00000002
15:43:11.200  INFO     RX        /ERR/LOKO/0x00000002
15:43:11.200  INFO     RX        /ERR/LOKO/0x00000002
15:43:11.200  INFO     RX        /ERR/LOKO/0x00000002
15:43:11.228  INFO     RX        /ERR/LOKO/0x00000002
15:43:11.228  INFO     RX        /ERR/LOKO/0x00000002
15:43:11.229  INFO     RX        /ERR/LOKO/0x00000002
15:43:11.263  INFO     RX        /ERR/LOKO/0x00000002
15:43:11.263  INFO     RX        /ERR/LOKO/0x00000002
15:43:11.263  INFO     RX        /ERR/LOKO/0x00000002
15:43:11.295  INFO     RX        /ERR/LOKO/0x00000002
15:43:11.295  INFO     RX        /ERR/LOKO/0x00000002
15:43:11.328  INFO     RX        /ERR/LOKO/0x00000002
15:43:11.328  INFO     RX        /ERR/LOKO/0x00000002
15:43:11.328  INFO     RX        /ERR/LOKO/0x00000002
15:43:11.356  INFO     RX        /ERR/LOKO/0x00000002
15:43:11.356  INFO     RX        /ERR/LOKO/0x00000002
15:43:11.356  INFO     RX        /ERR/LOKO/0x00000002
15:43:11.392  INFO     RX        /ERR/LOKO/0x00000002
15:43:11.393  INFO     RX        /ERR/LOKO/0x00000002
15:43:11.393  INFO     RX        /ERR/LOKO/0x00000002
15:43:11.421  INFO     RX        /ERR/LOKO/0x00000002
15:43:11.421  INFO     RX        /ERR/LOKO/0x00000002
15:43:11.454  INFO     RX        /ERR/LOKO/0x00000002
15:43:11.455  INFO     RX        /ERR/LOKO/0x00000002
15:43:11.455  INFO     RX        /ERR/LOKO/0x00000002
15:43:11.487  INFO     RX        /ERR/LOKO/0x00000002
15:43:11.487  INFO     RX        /ERR/LOKO/0x00000002
15:43:11.487  INFO     RX        /ERR/LOKO/0x00000002
15:43:11.516  INFO     RX        /ERR/LOKO/0x00000002
15:43:11.517  INFO     RX        /ERR/LOKO/0x00000002
15:43:11.552  INFO     RX        /ERR/LOKO/0x00000002
15:43:11.552  INFO     RX        /ERR/LOKO/0x00000002
15:43:11.836  DEBUG    TX /CONTROLL/0,0,0,0,0,0,0,0,2
15:43:12.097  INFO     RX        /ERR/LOKO/0x00000002
15:43:12.132  INFO     RX        /ERR/LOKO/0x00000002
15:43:12.132  INFO     RX        /ERR/LOKO/0x00000002
15:43:12.132  INFO     RX        /ERR/LOKO/0x00000002
15:43:12.132  INFO     RX        /ERR/LOKO/0x00000002
15:43:12.160  INFO     RX        /ERR/LOKO/0x00000002
15:43:12.160  INFO     RX        /ERR/LOKO/0x00000002
15:43:12.195  INFO     RX        /ERR/LOKO/0x00000002
15:43:12.195  INFO     RX        /ERR/LOKO/0x00000002
15:43:12.195  INFO     RX        /ERR/LOKO/0x00000002
15:43:12.224  INFO     RX        /ERR/LOKO/0x00000002
15:43:12.224  INFO     RX        /ERR/LOKO/0x00000002
15:43:12.256  INFO     RX        /ERR/LOKO/0x00000002
15:43:12.256  INFO     RX        /ERR/LOKO/0x00000002
15:43:12.256  INFO     RX        /ERR/LOKO/0x00000002
15:43:12.291  INFO     RX        /ERR/LOKO/0x00000002
15:43:12.291  INFO     RX        /ERR/LOKO/0x00000002
15:43:12.291  INFO     RX        /ERR/LOKO/0x00000002
15:43:12.323  INFO     RX        /ERR/LOKO/0x00000002
15:43:12.324  INFO     RX        /ERR/LOKO/0x00000002
15:43:12.324  INFO     RX        /ERR/LOKO/0x00000002
15:43:12.353  INFO     RX        /ERR/LOKO/0x00000002
15:43:12.353  INFO     RX        /ERR/LOKO/0x00000002
15:43:12.353  INFO     RX        /ERR/LOKO/0x00000002
15:43:12.388  INFO     RX        /ERR/LOKO/0x00000002
15:43:12.388  INFO     RX        /ERR/LOKO/0x00000002
15:43:12.388  INFO     RX        /ERR/LOKO/0x00000002
15:43:12.417  INFO     RX        /ERR/LOKO/0x00000002
15:43:12.417  INFO     RX        /ERR/LOKO/0x00000002
15:43:12.451  INFO     RX        /ERR/LOKO/0x00000002
15:43:12.451  INFO     RX        /ERR/LOKO/0x00000002
15:43:12.451  INFO     RX        /ERR/LOKO/0x00000002
15:43:12.481  INFO     RX        /ERR/LOKO/0x00000002
15:43:12.481  INFO     RX        /ERR/LOKO/0x00000002
15:43:12.481  INFO     RX        /ERR/LOKO/0x00000002
15:43:12.512  INFO     RX        /ERR/LOKO/0x00000002
15:43:12.512  INFO     RX        /ERR/LOKO/0x00000002
15:43:12.548  INFO     RX        /ERR/LOKO/0x00000002
15:43:12.548  INFO     RX        /ERR/LOKO/0x00000002
15:43:12.548  INFO     RX        /ERR/LOKO/0x00000002
15:43:12.579  INFO     RX        /ERR/LOKO/0x00000002
15:43:12.579  INFO     RX        /ERR/LOKO/0x00000002
15:43:12.579  INFO     RX        /ERR/LOKO/0x00000002
15:43:12.613  INFO     RX        /ERR/LOKO/0x00000002
15:43:12.613  INFO     RX        /ERR/LOKO/0x00000002
15:43:12.613  INFO     RX        /ERR/LOKO/0x00000002
15:43:12.640  INFO     RX        /ERR/LOKO/0x00000002
15:43:12.641  INFO     RX        /ERR/LOKO/0x00000002
15:43:12.641  INFO     RX        /ERR/LOKO/0x00000002
15:43:12.672  INFO     RX        /ERR/LOKO/0x00000002
15:43:12.672  INFO     RX        /ERR/LOKO/0x00000002
15:43:12.707  INFO     RX        /ERR/LOKO/0x00000002
15:43:12.708  INFO     RX        /ERR/LOKO/0x00000002
15:43:12.708  INFO     RX        /ERR/LOKO/0x00000002
15:43:12.736  INFO     RX        /ERR/LOKO/0x00000002
15:43:12.736  INFO     RX        /ERR/LOKO/0x00000002
15:43:12.736  INFO     RX        /ERR/LOKO/0x00000002
15:43:12.772  INFO     RX        /ERR/LOKO/0x00000002
15:43:12.772  INFO     RX        /ERR/LOKO/0x00000002
15:43:12.772  INFO     RX        /ERR/LOKO/0x00000002
15:43:12.800  INFO     RX        /ERR/LOKO/0x00000002
15:43:12.801  INFO     RX        /ERR/LOKO/0x00000002
15:43:12.835  INFO     RX        /ERR/LOKO/0x00000002
15:43:12.835  INFO     RX        /ERR/LOKO/0x00000002
15:43:12.835  INFO     RX        /ERR/LOKO/0x00000002
15:43:12.865  INFO     RX        /ERR/LOKO/0x00000002
15:43:12.865  INFO     RX        /ERR/LOKO/0x00000002
15:43:12.865  INFO     RX        /ERR/LOKO/0x00000002
15:43:12.897  INFO     RX        /ERR/LOKO/0x00000002
15:43:12.898  INFO     RX        /ERR/LOKO/0x00000002
15:43:12.898  INFO     RX        /ERR/LOKO/0x00000002
15:43:12.934  INFO     RX        /ERR/LOKO/0x00000002
15:43:12.934  INFO     RX        /ERR/LOKO/0x00000002
15:43:12.934  INFO     RX        /ERR/LOKO/0x00000002
15:43:12.961  INFO     RX        /ERR/LOKO/0x00000002
15:43:12.961  INFO     RX        /ERR/LOKO/0x00000002
15:43:12.997  INFO     RX        /ERR/LOKO/0x00000002
15:43:12.997  INFO     RX        /ERR/LOKO/0x00000002
15:43:12.997  INFO     RX        /ERR/LOKO/0x00000002
15:43:13.025  INFO     RX        /ERR/LOKO/0x00000002
15:43:13.025  INFO     RX        /ERR/LOKO/0x00000002
15:43:13.025  INFO     RX        /ERR/LOKO/0x00000002
15:43:13.060  INFO     RX        /ERR/LOKO/0x00000002
15:43:13.060  INFO     RX        /ERR/LOKO/0x00000002
15:43:13.060  INFO     RX        /ERR/LOKO/0x00000002
15:43:13.092  INFO     RX        /ERR/LOKO/0x00000002
15:43:13.092  INFO     RX        /ERR/LOKO/0x00000002
15:43:13.093  INFO     RX        /ERR/LOKO/0x00000002
15:43:13.122  INFO     RX        /ERR/LOKO/0x00000002
15:43:13.122  INFO     RX        /ERR/LOKO/0x00000002
15:43:13.157  INFO     RX        /ERR/LOKO/0x00000002
15:43:13.157  INFO     RX        /ERR/LOKO/0x00000002
15:43:13.157  INFO     RX        /ERR/LOKO/0x00000002
15:43:13.186  INFO     RX        /ERR/LOKO/0x00000002
15:43:13.186  INFO     RX        /ERR/LOKO/0x00000002
15:43:13.186  INFO     RX        /ERR/LOKO/0x00000002
15:43:13.218  INFO     RX        /ERR/LOKO/0x00000002
15:43:13.218  INFO     RX        /ERR/LOKO/0x00000002
15:43:13.255  INFO     RX        /ERR/LOKO/0x00000002
15:43:13.255  INFO     RX        /ERR/LOKO/0x00000002
15:43:13.255  INFO     RX        /ERR/LOKO/0x00000002
15:43:13.255  INFO     RX        /ERR/LOKO/0x00000002
15:43:13.297  INFO     RX        /ERR/LOKO/0x00000002
15:43:13.297  INFO     RX        /ERR/LOKO/0x00000002
15:43:13.297  INFO     RX        /ERR/LOKO/0x00000002
15:43:13.316  INFO     RX        /ERR/LOKO/0x00000002
15:43:13.316  INFO     RX        /ERR/LOKO/0x00000002
15:43:13.350  INFO     RX        /ERR/LOKO/0x00000002
15:43:13.350  INFO     RX        /ERR/LOKO/0x00000002
15:43:13.350  INFO     RX        /ERR/LOKO/0x00000002
15:43:13.385  INFO     RX        /ERR/LOKO/0x00000002
15:43:13.385  INFO     RX        /ERR/LOKO/0x00000002
15:43:13.385  INFO     RX        /ERR/LOKO/0x00000002
15:43:13.415  INFO     RX        /ERR/LOKO/0x00000002
15:43:13.416  INFO     RX        /ERR/LOKO/0x00000002
15:43:13.416  INFO     RX        /ERR/LOKO/0x00000002
15:43:13.441  DEBUG    TX /CONTROLL/0,24,0,0,0,0,0,0,0
15:43:13.445  INFO     RX        /ERR/LOKO/0x00000002
15:43:13.445  INFO     RX        /ERR/LOKO/0x00000002
15:43:13.481  INFO     RX        /ERR/LOKO/0x00000002
15:43:13.481  INFO     RX        /ERR/LOKO/0x00000002
15:43:13.481  INFO     RX        /ERR/LOKO/0x00000002
15:43:13.509  INFO     RX        /ERR/LOKO/0x00000002
15:43:13.509  INFO     RX        /ERR/LOKO/0x00000002
15:43:13.509  INFO     RX        /ERR/LOKO/0x00000002
15:43:13.544  INFO     RX        /ERR/LOKO/0x00000002
15:43:13.545  INFO     RX        /ERR/LOKO/0x00000002
15:43:13.545  INFO     RX        /ERR/LOKO/0x00000002
15:43:13.572  INFO     RX        /ERR/LOKO/0x00000002
15:43:13.572  INFO     RX        /ERR/LOKO/0x00000002
15:43:13.608  INFO     RX        /ERR/LOKO/0x00000002
15:43:13.608  INFO     RX        /ERR/LOKO/0x00000002
15:43:13.608  INFO     RX        /ERR/LOKO/0x00000002
15:43:13.638  INFO     RX        /ERR/LOKO/0x00000002
15:43:13.638  INFO     RX        /ERR/LOKO/0x00000002
15:43:13.638  INFO     RX        /ERR/LOKO/0x00000002
15:43:13.670  INFO     RX        /ERR/LOKO/0x00000002
15:43:13.670  INFO     RX        /ERR/LOKO/0x00000002
15:43:13.670  INFO     RX        /ERR/LOKO/0x00000002
15:43:13.705  INFO     RX        /ERR/LOKO/0x00000002
15:43:13.705  INFO     RX        /ERR/LOKO/0x00000002
15:43:13.705  INFO     RX        /ERR/LOKO/0x00000002
15:43:13.734  INFO     RX        /ERR/LOKO/0x00000002
15:43:13.734  INFO     RX        /ERR/LOKO/0x00000002
15:43:13.770  INFO     RX        /ERR/LOKO/0x00000002
15:43:13.770  INFO     RX        /ERR/LOKO/0x00000002
15:43:13.770  INFO     RX        /ERR/LOKO/0x00000002
15:43:13.804  INFO     RX        /ERR/LOKO/0x00000002
15:43:13.804  INFO     RX        /ERR/LOKO/0x00000002
15:43:13.804  INFO     RX        /ERR/LOKO/0x00000002
15:43:13.833  INFO     RX        /ERR/LOKO/0x00000002
15:43:13.833  INFO     RX        /ERR/LOKO/0x00000002
15:43:13.833  INFO     RX        /ERR/LOKO/0x00000002
15:43:13.869  INFO     RX        /ERR/LOKO/0x00000002
15:43:13.869  INFO     RX        /ERR/LOKO/0x00000002
15:43:13.869  INFO     RX        /ERR/LOKO/0x00000002
15:43:13.897  INFO     RX        /ERR/LOKO/0x00000002
15:43:13.898  INFO     RX        /ERR/LOKO/0x00000002
15:43:13.932  INFO     RX        /ERR/LOKO/0x00000002
15:43:13.932  INFO     RX        /ERR/LOKO/0x00000002
15:43:13.932  INFO     RX        /ERR/LOKO/0x00000002
15:43:13.964  INFO     RX        /ERR/LOKO/0x00000002
15:43:13.964  INFO     RX        /ERR/LOKO/0x00000002
15:43:13.964  INFO     RX        /ERR/LOKO/0x00000002
15:43:13.994  INFO     RX        /ERR/LOKO/0x00000002
15:43:13.994  INFO     RX        /ERR/LOKO/0x00000002
15:43:13.994  INFO     RX        /ERR/LOKO/0x00000002
15:43:14.026  INFO     RX        /ERR/LOKO/0x00000002
15:43:14.026  INFO     RX        /ERR/LOKO/0x00000002
15:43:14.061  INFO     RX        /ERR/LOKO/0x00000002
15:43:14.868  INFO     RX        /ERR/LOKO/0x00000002
15:43:14.969  INFO     RX        /ERR/LOKO/0x00000002
15:43:14.969  INFO     RX        /ERR/LOKO/0x00000002
15:43:14.969  INFO     RX        /ERR/LOKO/0x00000002
15:43:14.969  INFO     RX        /ERR/LOKO/0x00000002
15:43:14.969  INFO     RX        /ERR/LOKO/0x00000002
15:43:14.969  INFO     RX        /ERR/LOKO/0x00000002
15:43:14.969  INFO     RX        /ERR/LOKO/0x00000002
15:43:14.969  INFO     RX        /ERR/LOKO/0x00000002
15:43:14.969  INFO     RX        /ERR/LOKO/0x00000002
15:43:14.974  INFO     RX        /ERR/LOKO/0x00000002
15:43:14.993  INFO     RX        /ERR/LOKO/0x00000002
15:43:15.054  DEBUG    TX /CONTROLL/0,0,0,0,0,0,0,0,0
15:43:15.105  INFO     RX        /ERR/LOKO/0x00000002
15:43:15.105  INFO     RX        /ERR/LOKO/0x00000002
15:43:15.105  INFO     RX        /ERR/LOKO/0x00000002
15:43:15.105  INFO     RX        /ERR/LOKO/0x00000002
15:43:15.105  INFO     RX        /ERR/LOKO/0x00000002
15:43:15.105  INFO     RX        /ERR/LOKO/0x00000002
15:43:15.105  INFO     RX        /ERR/LOKO/0x00000002
15:43:15.105  INFO     RX        /ERR/LOKO/0x00000002
15:43:15.105  INFO     RX        /ERR/LOKO/0x00000002
15:43:15.105  INFO     RX        /ERR/LOKO/0x00000002
15:43:15.121  INFO     RX        /ERR/LOKO/0x00000002
15:43:15.239  INFO     RX        /ERR/LOKO/0x00000002
15:43:15.239  INFO     RX        /ERR/LOKO/0x00000002
15:43:15.239  INFO     RX        /ERR/LOKO/0x00000002
15:43:15.239  INFO     RX        /ERR/LOKO/0x00000002
15:43:15.239  INFO     RX        /ERR/LOKO/0x00000002
15:43:15.239  INFO     RX        /ERR/LOKO/0x00000002
15:43:15.239  INFO     RX        /ERR/LOKO/0x00000002
15:43:15.239  INFO     RX        /ERR/LOKO/0x00000002
15:43:15.240  INFO     RX        /ERR/LOKO/0x00000002
15:43:15.240  INFO     RX        /ERR/LOKO/0x00000002
15:43:15.247  INFO     RX        /ERR/LOKO/0x00000002
15:43:15.254  INFO     RX        /ERR/LOKO/0x00000002
15:43:15.281  INFO     RX        /ERR/LOKO/0x00000002
15:43:15.281  INFO     RX        /ERR/LOKO/0x00000002
15:43:15.374  INFO     RX        /ERR/LOKO/0x00000002
15:43:15.374  INFO     RX        /ERR/LOKO/0x00000002
15:43:15.374  INFO     RX        /ERR/LOKO/0x00000002
15:43:15.374  INFO     RX        /ERR/LOKO/0x00000002
15:43:15.374  INFO     RX        /ERR/LOKO/0x00000002
15:43:15.374  INFO     RX        /ERR/LOKO/0x00000002
15:43:15.374  INFO     RX        /ERR/LOKO/0x00000002
15:43:15.374  INFO     RX        /ERR/LOKO/0x00000002
15:43:15.382  INFO     RX        /ERR/LOKO/0x00000002
15:43:15.411  INFO     RX        /ERR/LOKO/0x00000002
15:43:15.412  INFO     RX        /ERR/LOKO/0x00000002
15:43:15.495  INFO     RX        /ERR/LOKO/0x00000002
15:43:15.495  INFO     RX        /ERR/LOKO/0x00000002
15:43:15.495  INFO     RX        /ERR/LOKO/0x00000002
15:43:15.495  INFO     RX        /ERR/LOKO/0x00000002
15:43:15.495  INFO     RX        /ERR/LOKO/0x00000002
15:43:15.495  INFO     RX        /ERR/LOKO/0x00000002
15:43:15.495  INFO     RX        /ERR/LOKO/0x00000002
15:43:15.500  INFO     RX        /ERR/LOKO/0x00000002
15:43:15.509  INFO     RX        /ERR/LOKO/0x00000002
15:43:15.732  INFO     RX        /ERR/LOKO/0x00000002
15:43:15.733  INFO     RX        /ERR/LOKO/0x00000002
15:43:15.733  INFO     RX        /ERR/LOKO/0x00000002
15:43:15.733  INFO     RX        /ERR/LOKO/0x00000002
15:43:15.733  INFO     RX        /ERR/LOKO/0x00000002
15:43:15.733  INFO     RX        /ERR/LOKO/0x00000002
15:43:15.733  INFO     RX        /ERR/LOKO/0x00000002
15:43:15.733  INFO     RX        /ERR/LOKO/0x00000002
15:43:15.733  INFO     RX        /ERR/LOKO/0x00000002
15:43:15.733  INFO     RX        /ERR/LOKO/0x00000002
15:43:15.733  INFO     RX        /ERR/LOKO/0x00000002
15:43:15.733  INFO     RX        /ERR/LOKO/0x00000002
15:43:15.733  INFO     RX        /ERR/LOKO/0x00000002
15:43:15.829  INFO     RX        /ERR/LOKO/0x00000002
15:43:15.829  INFO     RX        /ERR/LOKO/0x00000002
15:43:15.829  INFO     RX        /ERR/LOKO/0x00000002
15:43:15.829  INFO     RX        /ERR/LOKO/0x00000002
15:43:15.829  INFO     RX        /ERR/LOKO/0x00000002
15:43:15.829  INFO     RX        /ERR/LOKO/0x00000002
15:43:15.829  INFO     RX        /ERR/LOKO/0x00000002
15:43:15.829  INFO     RX        /ERR/LOKO/0x00000002
15:43:15.834  INFO     RX        /ERR/LOKO/0x00000002
15:43:15.834  INFO     RX        /ERR/LOKO/0x00000002
15:43:15.834  INFO     RX        /ERR/LOKO/0x00000002
15:43:15.834  INFO     RX        /ERR/LOKO/0x00000002
15:43:15.834  INFO     RX        /ERR/LOKO/0x00000002
15:43:15.834  INFO     RX        /ERR/LOKO/0x00000002
15:43:15.834  INFO     RX        /ERR/LOKO/0x00000002
15:43:15.843  INFO     RX        /ERR/LOKO/0x00000002
15:43:15.861  INFO     RX        /ERR/LOKO/0x00000002
15:43:16.084  INFO     RX        /ERR/LOKO/0x00000002
15:43:16.084  INFO     RX        /ERR/LOKO/0x00000002
15:43:16.085  INFO     RX        /ERR/LOKO/0x00000002
15:43:16.085  INFO     RX        /ERR/LOKO/0x00000002
15:43:16.085  INFO     RX        /ERR/LOKO/0x00000002
15:43:16.085  INFO     RX        /ERR/LOKO/0x00000002
15:43:16.085  INFO     RX        /ERR/LOKO/0x00000002
15:43:16.085  INFO     RX        /ERR/LOKO/0x00000002
15:43:16.085  INFO     RX        /ERR/LOKO/0x00000002
15:43:16.085  INFO     RX        /ERR/LOKO/0x00000002
15:43:16.085  INFO     RX        /ERR/LOKO/0x00000002
15:43:16.085  INFO     RX        /ERR/LOKO/0x00000002
15:43:16.168  INFO     RX        /ERR/LOKO/0x00000002
15:43:16.168  INFO     RX        /ERR/LOKO/0x00000002
15:43:16.169  INFO     RX        /ERR/LOKO/0x00000002
15:43:16.169  INFO     RX        /ERR/LOKO/0x00000002
15:43:16.169  INFO     RX        /ERR/LOKO/0x00000002
15:43:16.169  INFO     RX        /ERR/LOKO/0x00000002
15:43:16.169  INFO     RX        /ERR/LOKO/0x00000002
15:43:16.169  INFO     RX        /ERR/LOKO/0x00000002
15:43:16.171  INFO     RX        /ERR/LOKO/0x00000002
15:43:16.171  INFO     RX        /ERR/LOKO/0x00000002
15:43:16.171  INFO     RX        /ERR/LOKO/0x00000002
15:43:16.171  INFO     RX        /ERR/LOKO/0x00000002
15:43:16.171  INFO     RX        /ERR/LOKO/0x00000002
15:43:16.171  INFO     RX        /ERR/LOKO/0x00000002
15:43:16.171  INFO     RX        /ERR/LOKO/0x00000002
15:43:16.181  INFO     RX        /ERR/LOKO/0x00000002
15:43:16.434  INFO     RX        /ERR/LOKO/0x00000002
15:43:16.434  INFO     RX        /ERR/LOKO/0x00000002
15:43:16.434  INFO     RX        /ERR/LOKO/0x00000002
15:43:16.434  INFO     RX        /ERR/LOKO/0x00000002
15:43:16.434  INFO     RX        /ERR/LOKO/0x00000002
15:43:16.434  INFO     RX        /ERR/LOKO/0x00000002
15:43:16.434  INFO     RX        /ERR/LOKO/0x00000002
15:43:16.434  INFO     RX        /ERR/LOKO/0x00000002
15:43:16.434  INFO     RX        /ERR/LOKO/0x00000002
15:43:16.434  INFO     RX        /ERR/LOKO/0x00000002
15:43:16.434  INFO     RX        /ERR/LOKO/0x00000002
15:43:16.434  INFO     RX        /ERR/LOKO/0x00000002
15:43:16.434  INFO     RX        /ERR/LOKO/0x00000002
15:43:16.434  INFO     RX        /ERR/LOKO/0x00000002
15:43:16.504  INFO     RX        /ERR/LOKO/0x00000002
15:43:16.504  INFO     RX        /ERR/LOKO/0x00000002
15:43:16.504  INFO     RX        /ERR/LOKO/0x00000002
15:43:16.504  INFO     RX        /ERR/LOKO/0x00000002
15:43:16.504  INFO     RX        /ERR/LOKO/0x00000002
15:43:16.504  INFO     RX        /ERR/LOKO/0x00000002
15:43:16.504  INFO     RX        /ERR/LOKO/0x00000002
15:43:16.507  INFO     RX        /ERR/LOKO/0x00000002
15:43:16.507  INFO     RX        /ERR/LOKO/0x00000002
15:43:16.507  INFO     RX        /ERR/LOKO/0x00000002
15:43:16.507  INFO     RX        /ERR/LOKO/0x00000002
15:43:16.508  INFO     RX        /ERR/LOKO/0x00000002
15:43:16.508  INFO     RX        /ERR/LOKO/0x00000002
15:43:16.508  INFO     RX        /ERR/LOKO/0x00000002
15:43:16.514  INFO     RX        /ERR/LOKO/0x00000002
15:43:16.659  DEBUG    TX /CONTROLL/0,0,0,0,0,0,0,0,0
15:43:16.784  INFO     RX        /ERR/LOKO/0x00000002
15:43:16.784  INFO     RX        /ERR/LOKO/0x00000002
15:43:16.784  INFO     RX        /ERR/LOKO/0x00000002
15:43:16.784  INFO     RX        /ERR/LOKO/0x00000002
15:43:16.784  INFO     RX        /ERR/LOKO/0x00000002
15:43:16.784  INFO     RX        /ERR/LOKO/0x00000002
15:43:16.784  INFO     RX        /ERR/LOKO/0x00000002
15:43:16.784  INFO     RX        /ERR/LOKO/0x00000002
15:43:16.784  INFO     RX        /ERR/LOKO/0x00000002
15:43:16.784  INFO     RX        /ERR/LOKO/0x00000002
15:43:16.784  INFO     RX        /ERR/LOKO/0x00000002
15:43:16.784  INFO     RX        /ERR/LOKO/0x00000002
15:43:16.784  INFO     RX        /ERR/LOKO/0x00000002
15:43:16.784  INFO     RX        /ERR/LOKO/0x00000002
15:43:16.784  INFO     RX        /ERR/LOKO/0x00000002
15:43:16.784  INFO     RX        /ERR/LOKO/0x00000002
15:43:16.784  INFO     RX        /ERR/LOKO/0x00000002
15:43:16.784  INFO     RX        /ERR/LOKO/0x00000002
15:43:16.784  INFO     RX        /ERR/LOKO/0x00000002
15:43:16.784  INFO     RX        /ERR/LOKO/0x00000002
15:43:16.789  INFO     RX        /ERR/LOKO/0x00000002
15:43:16.794  INFO     RX        /ERR/LOKO/0x00000002
15:43:17.067  INFO     RX        /ERR/LOKO/0x00000002
15:43:17.367  INFO     RX        /ERR/LOKO/0x00000002
15:43:17.368  INFO     RX        /ERR/LOKO/0x00000002
15:43:17.368  INFO     RX        /ERR/LOKO/0x00000002
15:43:17.368  INFO     RX        /ERR/LOKO/0x00000002
15:43:17.368  INFO     RX        /ERR/LOKO/0x00000002
15:43:17.368  INFO     RX        /ERR/LOKO/0x00000002
15:43:17.368  INFO     RX        /ERR/LOKO/0x00000002
15:43:17.368  INFO     RX        /ERR/LOKO/0x00000002
15:43:17.368  INFO     RX        /ERR/LOKO/0x00000002
15:43:17.368  INFO     RX        /ERR/LOKO/0x00000002
15:43:17.368  INFO     RX        /ERR/LOKO/0x00000002
15:43:17.368  INFO     RX        /ERR/LOKO/0x00000002
15:43:17.368  INFO     RX        /ERR/LOKO/0x00000002
15:43:17.438  INFO     RX        /ERR/LOKO/0x00000002
15:43:17.438  INFO     RX        /ERR/LOKO/0x00000002
15:43:17.438  INFO     RX        /ERR/LOKO/0x00000002
15:43:17.438  INFO     RX        /ERR/LOKO/0x00000002
15:43:17.439  INFO     RX        /ERR/LOKO/0x00000002
15:43:17.439  INFO     RX        /ERR/LOKO/0x00000002
15:43:17.439  INFO     RX        /ERR/LOKO/0x00000002
15:43:17.439  INFO     RX        /ERR/LOKO/0x00000002
15:43:17.446  INFO     RX        /ERR/LOKO/0x00000002
15:43:17.446  INFO     RX        /ERR/LOKO/0x00000002
15:43:17.446  INFO     RX        /ERR/LOKO/0x00000002
15:43:17.447  INFO     RX        /ERR/LOKO/0x00000002
15:43:17.447  INFO     RX        /ERR/LOKO/0x00000002
15:43:17.447  INFO     RX        /ERR/LOKO/0x00000002
15:43:17.447  INFO     RX        /ERR/LOKO/0x00000002
15:43:17.521  INFO     RX        /ERR/LOKO/0x00000002
15:43:17.521  INFO     RX        /ERR/LOKO/0x00000002
15:43:17.521  INFO     RX        /ERR/LOKO/0x00000002
15:43:17.521  INFO     RX        /ERR/LOKO/0x00000002
15:43:17.521  INFO     RX        /ERR/LOKO/0x00000002
15:43:17.521  INFO     RX        /ERR/LOKO/0x00000002
15:43:17.525  INFO     RX        /ERR/LOKO/0x00000002
15:43:17.569  INFO     RX        /ERR/LOKO/0x00000002
15:43:18.117  INFO     RX        /ERR/LOKO/0x00000002
15:43:18.117  INFO     RX        /ERR/LOKO/0x00000002
15:43:18.164  INFO     RX        /ERR/LOKO/0x00000002
15:43:18.165  INFO     RX        /ERR/LOKO/0x00000002
15:43:18.165  INFO     RX        /ERR/LOKO/0x00000002
15:43:18.165  INFO     RX        /ERR/LOKO/0x00000002
15:43:18.185  INFO     RX        /ERR/LOKO/0x00000002
15:43:18.185  INFO     RX        /ERR/LOKO/0x00000002
15:43:18.212  INFO     RX        /ERR/LOKO/0x00000002
15:43:18.212  INFO     RX        /ERR/LOKO/0x00000002
15:43:18.212  INFO     RX        /ERR/LOKO/0x00000002
15:43:18.247  INFO     RX        /ERR/LOKO/0x00000002
15:43:18.247  INFO     RX        /ERR/LOKO/0x00000002
15:43:18.271  DEBUG    TX /CONTROLL/0,0,0,0,0,0,0,0,0
15:43:18.275  INFO     RX        /ERR/LOKO/0x00000002
15:43:18.275  INFO     RX        /ERR/LOKO/0x00000002
15:43:18.275  INFO     RX        /ERR/LOKO/0x00000002
15:43:18.307  INFO     RX        /ERR/LOKO/0x00000002
15:43:18.307  INFO     RX        /ERR/LOKO/0x00000002
15:43:18.307  INFO     RX        /ERR/LOKO/0x00000002
15:43:18.342  INFO     RX        /ERR/LOKO/0x00000002
15:43:18.342  INFO     RX        /ERR/LOKO/0x00000002
15:43:18.342  INFO     RX        /ERR/LOKO/0x00000002
15:43:18.375  INFO     RX        /ERR/LOKO/0x00000002
15:43:18.375  INFO     RX        /ERR/LOKO/0x00000002
15:43:18.404  INFO     RX        /ERR/LOKO/0x00000002
15:43:18.404  INFO     RX        /ERR/LOKO/0x00000002
15:43:18.405  INFO     RX        /ERR/LOKO/0x00000002
15:43:18.437  INFO     RX        /ERR/LOKO/0x00000002
15:43:18.437  INFO     RX        /ERR/LOKO/0x00000002
15:43:18.437  INFO     RX        /ERR/LOKO/0x00000002
15:43:18.472  INFO     RX        /ERR/LOKO/0x00000002
15:43:18.472  INFO     RX        /ERR/LOKO/0x00000002
15:43:18.473  INFO     RX        /ERR/LOKO/0x00000002
15:43:18.501  INFO     RX        /ERR/LOKO/0x00000002
15:43:18.501  INFO     RX        /ERR/LOKO/0x00000002
15:43:18.538  INFO     RX        /ERR/LOKO/0x00000002
15:43:18.538  INFO     RX        /ERR/LOKO/0x00000002
15:43:18.538  INFO     RX        /ERR/LOKO/0x00000002
15:43:18.565  INFO     RX        /ERR/LOKO/0x00000002
15:43:18.566  INFO     RX        /ERR/LOKO/0x00000002
15:43:18.566  INFO     RX        /ERR/LOKO/0x00000002
15:43:18.597  INFO     RX        /ERR/LOKO/0x00000002
15:43:18.597  INFO     RX        /ERR/LOKO/0x00000002
15:43:18.598  INFO     RX        /ERR/LOKO/0x00000002
15:43:18.632  INFO     RX        /ERR/LOKO/0x00000002
15:43:18.632  INFO     RX        /ERR/LOKO/0x00000002
15:43:18.633  INFO     RX        /ERR/LOKO/0x00000002
15:43:18.661  INFO     RX        /ERR/LOKO/0x00000002
15:43:18.661  INFO     RX        /ERR/LOKO/0x00000002
15:43:18.696  INFO     RX        /ERR/LOKO/0x00000002
15:43:18.696  INFO     RX        /ERR/LOKO/0x00000002
15:43:18.696  INFO     RX        /ERR/LOKO/0x00000002
15:43:18.726  INFO     RX        /ERR/LOKO/0x00000002
15:43:18.726  INFO     RX        /ERR/LOKO/0x00000002
15:43:18.726  INFO     RX        /ERR/LOKO/0x00000002
15:43:18.761  INFO     RX        /ERR/LOKO/0x00000002
15:43:18.761  INFO     RX        /ERR/LOKO/0x00000002
15:43:18.761  INFO     RX        /ERR/LOKO/0x00000002
15:43:18.789  INFO     RX        /ERR/LOKO/0x00000002
15:43:18.789  INFO     RX        /ERR/LOKO/0x00000002
15:43:18.825  INFO     RX        /ERR/LOKO/0x00000002
15:43:18.825  INFO     RX        /ERR/LOKO/0x00000002
15:43:18.825  INFO     RX        /ERR/LOKO/0x00000002
15:43:18.854  INFO     RX        /ERR/LOKO/0x00000002
15:43:18.855  INFO     RX        /ERR/LOKO/0x00000002
15:43:18.855  INFO     RX        /ERR/LOKO/0x00000002
15:43:18.891  INFO     RX        /ERR/LOKO/0x00000002
15:43:18.891  INFO     RX        /ERR/LOKO/0x00000002
15:43:18.891  INFO     RX        /ERR/LOKO/0x00000002
15:43:18.920  INFO     RX        /ERR/LOKO/0x00000002
15:43:18.920  INFO     RX        /ERR/LOKO/0x00000002
15:43:18.955  INFO     RX        /ERR/LOKO/0x00000002
15:43:18.955  INFO     RX        /ERR/LOKO/0x00000002
15:43:18.955  INFO     RX        /ERR/LOKO/0x00000002
15:43:18.984  INFO     RX        /ERR/LOKO/0x00000002
15:43:18.984  INFO     RX        /ERR/LOKO/0x00000002
15:43:18.984  INFO     RX        /ERR/LOKO/0x00000002
15:43:19.017  INFO     RX        /ERR/LOKO/0x00000002
15:43:19.017  INFO     RX        /ERR/LOKO/0x00000002
15:43:19.017  INFO     RX        /ERR/LOKO/0x00000002
15:43:19.053  INFO     RX        /ERR/LOKO/0x00000002
15:43:19.053  INFO     RX        /ERR/LOKO/0x00000002
15:43:19.053  INFO     RX        /ERR/LOKO/0x00000002
15:43:19.081  INFO     RX        /ERR/LOKO/0x00000002
15:43:19.467  INFO     RX        /ERR/LOKO/0x00000002
15:43:19.501  INFO     RX        /ERR/LOKO/0x00000002
15:43:19.501  INFO     RX        /ERR/LOKO/0x00000002
15:43:19.501  INFO     RX        /ERR/LOKO/0x00000002
15:43:19.535  INFO     RX        /ERR/LOKO/0x00000002
15:43:19.535  INFO     RX        /ERR/LOKO/0x00000002
15:43:19.535  INFO     RX        /ERR/LOKO/0x00000002
15:43:19.562  INFO     RX        /ERR/LOKO/0x00000002
15:43:19.562  INFO     RX        /ERR/LOKO/0x00000002
15:43:19.562  INFO     RX        /ERR/LOKO/0x00000002
15:43:19.598  INFO     RX        /ERR/LOKO/0x00000002
15:43:19.598  INFO     RX        /ERR/LOKO/0x00000002
15:43:19.598  INFO     RX        /ERR/LOKO/0x00000002
15:43:19.626  INFO     RX        /ERR/LOKO/0x00000002
15:43:19.626  INFO     RX        /ERR/LOKO/0x00000002
15:43:19.661  INFO     RX        /ERR/LOKO/0x00000002
15:43:19.661  INFO     RX        /ERR/LOKO/0x00000002
15:43:19.661  INFO     RX        /ERR/LOKO/0x00000002
15:43:19.695  INFO     RX        /ERR/LOKO/0x00000002
15:43:19.695  INFO     RX        /ERR/LOKO/0x00000002
15:43:19.695  INFO     RX        /ERR/LOKO/0x00000002
15:43:19.723  INFO     RX        /ERR/LOKO/0x00000002
15:43:19.723  INFO     RX        /ERR/LOKO/0x00000002
15:43:19.757  INFO     RX        /ERR/LOKO/0x00000002
15:43:19.757  INFO     RX        /ERR/LOKO/0x00000002
15:43:19.757  INFO     RX        /ERR/LOKO/0x00000002
15:43:19.786  INFO     RX        /ERR/LOKO/0x00000002
15:43:19.880  DEBUG    TX /CONTROLL/0,0,0,0,0,0,0,0,2
15:43:20.204  INFO     RX        /ERR/LOKO/0x00000002
15:43:20.204  INFO     RX        /ERR/LOKO/0x00000002
15:43:20.239  INFO     RX        /ERR/LOKO/0x00000002
15:43:20.239  INFO     RX        /ERR/LOKO/0x00000002
15:43:20.239  INFO     RX        /ERR/LOKO/0x00000002
15:43:20.268  INFO     RX        /ERR/LOKO/0x00000002
15:43:20.268  INFO     RX        /ERR/LOKO/0x00000002
15:43:20.305  INFO     RX        /ERR/LOKO/0x00000002
15:43:20.305  INFO     RX        /ERR/LOKO/0x00000002
15:43:20.305  INFO     RX        /ERR/LOKO/0x00000002
15:43:20.333  INFO     RX        /ERR/LOKO/0x00000002
15:43:20.333  INFO     RX        /ERR/LOKO/0x00000002
15:43:20.333  INFO     RX        /ERR/LOKO/0x00000002
15:43:20.368  INFO     RX        /ERR/LOKO/0x00000002
15:43:20.368  INFO     RX        /ERR/LOKO/0x00000002
15:43:20.368  INFO     RX        /ERR/LOKO/0x00000002
15:43:20.396  INFO     RX        /ERR/LOKO/0x00000002
15:43:20.396  INFO     RX        /ERR/LOKO/0x00000002
15:43:20.429  INFO     RX        /ERR/LOKO/0x00000002
15:43:20.429  INFO     RX        /ERR/LOKO/0x00000002
15:43:20.429  INFO     RX        /ERR/LOKO/0x00000002
15:43:20.464  INFO     RX        /ERR/LOKO/0x00000002
15:43:20.464  INFO     RX        /ERR/LOKO/0x00000002
15:43:20.464  INFO     RX        /ERR/LOKO/0x00000002
15:43:20.492  INFO     RX        /ERR/LOKO/0x00000002
15:43:20.849  INFO     RX        /ERR/LOKO/0x00000002
15:43:20.849  INFO     RX        /ERR/LOKO/0x00000002
15:43:20.877  INFO     RX        /ERR/LOKO/0x00000002
15:43:20.878  INFO     RX        /ERR/LOKO/0x00000002
15:43:20.913  INFO     RX        /ERR/LOKO/0x00000002
15:43:20.913  INFO     RX        /ERR/LOKO/0x00000002
15:43:20.913  INFO     RX        /ERR/LOKO/0x00000002
15:43:20.942  INFO     RX        /ERR/LOKO/0x00000002
15:43:20.942  INFO     RX        /ERR/LOKO/0x00000002
15:43:20.942  INFO     RX        /ERR/LOKO/0x00000002
15:43:20.975  INFO     RX        /ERR/LOKO/0x00000002
15:43:21.299  INFO     RX        /ERR/LOKO/0x00000002
15:43:21.300  INFO     RX        /ERR/LOKO/0x00000002
15:43:21.328  INFO     RX        /ERR/LOKO/0x00000002
15:43:21.329  INFO     RX        /ERR/LOKO/0x00000002
15:43:21.329  INFO     RX        /ERR/LOKO/0x00000002
15:43:21.366  INFO     RX        /ERR/LOKO/0x00000002
15:43:21.366  INFO     RX        /ERR/LOKO/0x00000002
15:43:21.366  INFO     RX        /ERR/LOKO/0x00000002
15:43:21.391  INFO     RX        /ERR/LOKO/0x00000002
15:43:21.391  INFO     RX        /ERR/LOKO/0x00000002
15:43:21.424  INFO     RX        /ERR/LOKO/0x00000002
15:43:21.424  INFO     RX        /ERR/LOKO/0x00000002
15:43:21.424  INFO     RX        /ERR/LOKO/0x00000002
15:43:21.461  INFO     RX        /ERR/LOKO/0x00000002
15:43:21.461  INFO     RX        /ERR/LOKO/0x00000002
15:43:21.461  INFO     RX        /ERR/LOKO/0x00000002
15:43:21.486  DEBUG    TX /CONTROLL/0,0,0,0,0,0,0,0,0
15:43:21.488  INFO     RX        /ERR/LOKO/0x00000002
15:43:21.489  INFO     RX        /ERR/LOKO/0x00000002
15:43:21.489  INFO     RX        /ERR/LOKO/0x00000002
15:43:21.520  INFO     RX        /ERR/LOKO/0x00000002
15:43:21.520  INFO     RX        /ERR/LOKO/0x00000002
15:43:21.520  INFO     RX        /ERR/LOKO/0x00000002
15:43:21.556  INFO     RX        /ERR/LOKO/0x00000002
15:43:21.556  INFO     RX        /ERR/LOKO/0x00000002
15:43:21.556  INFO     RX        /ERR/LOKO/0x00000002
15:43:21.585  INFO     RX        /ERR/LOKO/0x00000002
15:43:21.585  INFO     RX        /ERR/LOKO/0x00000002
15:43:21.619  INFO     RX        /ERR/LOKO/0x00000002
15:43:21.620  INFO     RX        /ERR/LOKO/0x00000002
15:43:21.620  INFO     RX        /ERR/LOKO/0x00000002
15:43:21.649  INFO     RX        /ERR/LOKO/0x00000002
15:43:21.649  INFO     RX        /ERR/LOKO/0x00000002
15:43:21.649  INFO     RX        /ERR/LOKO/0x00000002
15:43:21.682  INFO     RX        /ERR/LOKO/0x00000002
15:43:21.682  INFO     RX        /ERR/LOKO/0x00000002
15:43:21.682  INFO     RX        /ERR/LOKO/0x00000002
15:43:21.716  INFO     RX        /ERR/LOKO/0x00000002
15:43:21.717  INFO     RX        /ERR/LOKO/0x00000002
15:43:21.746  INFO     RX        /ERR/LOKO/0x00000002
15:43:21.746  INFO     RX        /ERR/LOKO/0x00000002
15:43:21.746  INFO     RX        /ERR/LOKO/0x00000002
15:43:21.779  INFO     RX        /ERR/LOKO/0x00000002
15:43:21.779  INFO     RX        /ERR/LOKO/0x00000002
15:43:21.779  INFO     RX        /ERR/LOKO/0x00000002
15:43:21.811  INFO     RX        /ERR/LOKO/0x00000002
15:43:21.811  INFO     RX        /ERR/LOKO/0x00000002
15:43:21.811  INFO     RX        /ERR/LOKO/0x00000002
15:43:21.843  INFO     RX        /ERR/LOKO/0x00000002
15:43:21.843  INFO     RX        /ERR/LOKO/0x00000002
15:43:21.843  INFO     RX        /ERR/LOKO/0x00000002
15:43:21.875  INFO     RX        /ERR/LOKO/0x00000002
15:43:21.875  INFO     RX        /ERR/LOKO/0x00000002
15:43:21.910  INFO     RX        /ERR/LOKO/0x00000002
15:43:21.910  INFO     RX        /ERR/LOKO/0x00000002
15:43:21.910  INFO     RX        /ERR/LOKO/0x00000002
15:43:21.939  INFO     RX        /ERR/LOKO/0x00000002
15:43:21.939  INFO     RX        /ERR/LOKO/0x00000002
15:43:21.939  INFO     RX        /ERR/LOKO/0x00000002
15:43:21.972  INFO     RX        /ERR/LOKO/0x00000002
15:43:21.972  INFO     RX        /ERR/LOKO/0x00000002
15:43:21.972  INFO     RX        /ERR/LOKO/0x00000002
15:43:22.008  INFO     RX        /ERR/LOKO/0x00000002
15:43:22.008  INFO     RX        /ERR/LOKO/0x00000002
15:43:22.008  INFO     RX        /ERR/LOKO/0x00000002
15:43:22.036  INFO     RX        /ERR/LOKO/0x00000002
15:43:22.037  INFO     RX        /ERR/LOKO/0x00000002
15:43:22.071  INFO     RX        /ERR/LOKO/0x00000002
15:43:22.072  INFO     RX        /ERR/LOKO/0x00000002
15:43:22.072  INFO     RX        /ERR/LOKO/0x00000002
15:43:22.100  INFO     RX        /ERR/LOKO/0x00000002
15:43:22.100  INFO     RX        /ERR/LOKO/0x00000002
15:43:22.100  INFO     RX        /ERR/LOKO/0x00000002
15:43:22.135  INFO     RX        /ERR/LOKO/0x00000002
15:43:22.135  INFO     RX        /ERR/LOKO/0x00000002
15:43:22.135  INFO     RX        /ERR/LOKO/0x00000002
15:43:22.164  INFO     RX        /ERR/LOKO/0x00000002
15:43:22.164  INFO     RX        /ERR/LOKO/0x00000002
15:43:22.200  INFO     RX        /ERR/LOKO/0x00000002
15:43:22.200  INFO     RX        /ERR/LOKO/0x00000002
15:43:22.200  INFO     RX        /ERR/LOKO/0x00000002
15:43:22.228  INFO     RX        /ERR/LOKO/0x00000002
15:43:22.229  INFO     RX        /ERR/LOKO/0x00000002
15:43:22.229  INFO     RX        /ERR/LOKO/0x00000002
15:43:22.261  INFO     RX        /ERR/LOKO/0x00000002
15:43:22.261  INFO     RX        /ERR/LOKO/0x00000002
15:43:22.261  INFO     RX        /ERR/LOKO/0x00000002
15:43:22.296  INFO     RX        /ERR/LOKO/0x00000002
15:43:22.296  INFO     RX        /ERR/LOKO/0x00000002
15:43:22.296  INFO     RX        /ERR/LOKO/0x00000002
15:43:22.326  INFO     RX        /ERR/LOKO/0x00000002
15:43:22.326  INFO     RX        /ERR/LOKO/0x00000002
15:43:22.361  INFO     RX        /ERR/LOKO/0x00000002
15:43:22.361  INFO     RX        /ERR/LOKO/0x00000002
15:43:22.361  INFO     RX        /ERR/LOKO/0x00000002
15:43:22.389  INFO     RX        /ERR/LOKO/0x00000002
15:43:22.389  INFO     RX        /ERR/LOKO/0x00000002
15:43:22.389  INFO     RX        /ERR/LOKO/0x00000002
15:43:22.422  INFO     RX        /ERR/LOKO/0x00000002
15:43:22.423  INFO     RX        /ERR/LOKO/0x00000002
15:43:22.423  INFO     RX        /ERR/LOKO/0x00000002
15:43:22.459  INFO     RX        /ERR/LOKO/0x00000002
15:43:23.095  DEBUG    TX /CONTROLL/0,0,0,0,0,0,0,0,0
15:43:23.674  INFO     RX        /ERR/LOKO/0x00000002
15:43:23.710  INFO     RX        /ERR/LOKO/0x00000002
15:43:23.710  INFO     RX        /ERR/LOKO/0x00000002
15:43:23.710  INFO     RX        /ERR/LOKO/0x00000002
15:43:23.745  INFO     RX        /ERR/LOKO/0x00000002
15:43:23.745  INFO     RX        /ERR/LOKO/0x00000002
15:43:23.745  INFO     RX        /ERR/LOKO/0x00000002
15:43:23.772  INFO     RX        /ERR/LOKO/0x00000002
15:43:23.772  INFO     RX        /ERR/LOKO/0x00000002
15:43:23.803  INFO     RX        /ERR/LOKO/0x00000002
15:43:23.803  INFO     RX        /ERR/LOKO/0x00000002
15:43:23.803  INFO     RX        /ERR/LOKO/0x00000002
15:43:23.837  INFO     RX        /ERR/LOKO/0x00000002
15:43:23.837  INFO     RX        /ERR/LOKO/0x00000002
15:43:23.837  INFO     RX        /ERR/LOKO/0x00000002
15:43:23.871  INFO     RX        /ERR/LOKO/0x00000002
15:43:23.871  INFO     RX        /ERR/LOKO/0x00000002
15:43:23.871  INFO     RX        /ERR/LOKO/0x00000002
15:43:23.900  INFO     RX        /ERR/LOKO/0x00000002
15:43:23.900  INFO     RX        /ERR/LOKO/0x00000002
15:43:23.931  INFO     RX        /ERR/LOKO/0x00000002
15:43:23.931  INFO     RX        /ERR/LOKO/0x00000002
15:43:23.931  INFO     RX        /ERR/LOKO/0x00000002
15:43:23.965  INFO     RX        /ERR/LOKO/0x00000002
15:43:23.965  INFO     RX        /ERR/LOKO/0x00000002
15:43:23.965  INFO     RX        /ERR/LOKO/0x00000002
15:43:23.996  INFO     RX        /ERR/LOKO/0x00000002
15:43:23.996  INFO     RX        /ERR/LOKO/0x00000002
15:43:24.030  INFO     RX        /ERR/LOKO/0x00000002
15:43:24.031  INFO     RX        /ERR/LOKO/0x00000002
15:43:24.031  INFO     RX        /ERR/LOKO/0x00000002
15:43:24.064  INFO     RX        /ERR/LOKO/0x00000002
15:43:24.064  INFO     RX        /ERR/LOKO/0x00000002
15:43:24.064  INFO     RX        /ERR/LOKO/0x00000002
15:43:24.093  INFO     RX        /ERR/LOKO/0x00000002
15:43:24.093  INFO     RX        /ERR/LOKO/0x00000002
15:43:24.093  INFO     RX        /ERR/LOKO/0x00000002
15:43:24.128  INFO     RX        /ERR/LOKO/0x00000002
15:43:24.128  INFO     RX        /ERR/LOKO/0x00000002
15:43:24.128  INFO     RX        /ERR/LOKO/0x00000002
15:43:24.157  INFO     RX        /ERR/LOKO/0x00000002
15:43:24.157  INFO     RX        /ERR/LOKO/0x00000002
15:43:24.191  INFO     RX        /ERR/LOKO/0x00000002
15:43:24.191  INFO     RX        /ERR/LOKO/0x00000002
15:43:24.191  INFO     RX        /ERR/LOKO/0x00000002
15:43:24.221  INFO     RX        /ERR/LOKO/0x00000002
15:43:24.221  INFO     RX        /ERR/LOKO/0x00000002
15:43:24.221  INFO     RX        /ERR/LOKO/0x00000002
15:43:24.258  INFO     RX        /ERR/LOKO/0x00000002
15:43:24.258  INFO     RX        /ERR/LOKO/0x00000002
15:43:24.258  INFO     RX        /ERR/LOKO/0x00000002
15:43:24.285  INFO     RX        /ERR/LOKO/0x00000002
15:43:24.285  INFO     RX        /ERR/LOKO/0x00000002
15:43:24.320  INFO     RX        /ERR/LOKO/0x00000002
15:43:24.320  INFO     RX        /ERR/LOKO/0x00000002
15:43:24.320  INFO     RX        /ERR/LOKO/0x00000002
15:43:24.349  INFO     RX        /ERR/LOKO/0x00000002
15:43:24.349  INFO     RX        /ERR/LOKO/0x00000002
15:43:24.349  INFO     RX        /ERR/LOKO/0x00000002
15:43:24.385  INFO     RX        /ERR/LOKO/0x00000002
15:43:24.385  INFO     RX        /ERR/LOKO/0x00000002
15:43:24.385  INFO     RX        /ERR/LOKO/0x00000002
15:43:24.413  INFO     RX        /ERR/LOKO/0x00000002
15:43:24.413  INFO     RX        /ERR/LOKO/0x00000002
15:43:24.446  INFO     RX        /ERR/LOKO/0x00000002
15:43:24.446  INFO     RX        /ERR/LOKO/0x00000002
15:43:24.446  INFO     RX        /ERR/LOKO/0x00000002
15:43:24.481  INFO     RX        /ERR/LOKO/0x00000002
15:43:24.481  INFO     RX        /ERR/LOKO/0x00000002
15:43:24.481  INFO     RX        /ERR/LOKO/0x00000002
15:43:24.509  INFO     RX        /ERR/LOKO/0x00000002
15:43:24.509  INFO     RX        /ERR/LOKO/0x00000002
15:43:24.546  INFO     RX        /ERR/LOKO/0x00000002
15:43:24.546  INFO     RX        /ERR/LOKO/0x00000002
15:43:24.546  INFO     RX        /ERR/LOKO/0x00000002
15:43:24.579  INFO     RX        /ERR/LOKO/0x00000002
15:43:24.579  INFO     RX        /ERR/LOKO/0x00000002
15:43:24.579  INFO     RX        /ERR/LOKO/0x00000002
15:43:24.606  INFO     RX        /ERR/LOKO/0x00000002
15:43:24.606  INFO     RX        /ERR/LOKO/0x00000002
15:43:24.606  INFO     RX        /ERR/LOKO/0x00000002
15:43:24.642  INFO     RX        /ERR/LOKO/0x00000002
15:43:24.642  INFO     RX        /ERR/LOKO/0x00000002
15:43:24.642  INFO     RX        /ERR/LOKO/0x00000002
15:43:24.675  INFO     RX        /ERR/LOKO/0x00000002
15:43:24.675  INFO     RX        /ERR/LOKO/0x00000002
15:43:24.700  DEBUG    TX /CONTROLL/0,0,-19,-100,0,0,0,0,0
15:43:24.707  INFO     RX        /ERR/LOKO/0x00000002
15:43:24.707  INFO     RX        /ERR/LOKO/0x00000002
15:43:24.707  INFO     RX        /ERR/LOKO/0x00000002
15:43:24.736  INFO     RX        /ERR/LOKO/0x00000002
15:43:24.736  INFO     RX        /ERR/LOKO/0x00000002
15:43:24.736  INFO     RX        /ERR/LOKO/0x00000002
15:43:24.770  INFO     RX        /ERR/LOKO/0x00000002
15:43:24.771  INFO     RX        /ERR/LOKO/0x00000002
15:43:24.771  INFO     RX        /ERR/LOKO/0x00000002
15:43:24.799  INFO     RX        /ERR/LOKO/0x00000002
15:43:24.799  INFO     RX        /ERR/LOKO/0x00000002
15:43:24.837  INFO     RX        /ERR/LOKO/0x00000002
15:43:24.837  INFO     RX        /ERR/LOKO/0x00000002
15:43:24.837  INFO     RX        /ERR/LOKO/0x00000002
15:43:24.863  INFO     RX        /ERR/LOKO/0x00000002
15:43:24.863  INFO     RX        /ERR/LOKO/0x00000002
15:43:24.863  INFO     RX        /ERR/LOKO/0x00000002
15:43:24.895  INFO     RX        /ERR/LOKO/0x00000002
15:43:24.895  INFO     RX        /ERR/LOKO/0x00000002
15:43:24.931  INFO     RX        /ERR/LOKO/0x00000002
15:43:24.931  INFO     RX        /ERR/LOKO/0x00000002
15:43:24.931  INFO     RX        /ERR/LOKO/0x00000002
15:43:24.963  INFO     RX        /ERR/LOKO/0x00000002
15:43:24.963  INFO     RX        /ERR/LOKO/0x00000002
15:43:24.963  INFO     RX        /ERR/LOKO/0x00000002
15:43:24.992  INFO     RX        /ERR/LOKO/0x00000002
15:43:24.992  INFO     RX        /ERR/LOKO/0x00000002
15:43:24.992  INFO     RX        /ERR/LOKO/0x00000002
15:43:25.028  INFO     RX        /ERR/LOKO/0x00000002
15:43:25.028  INFO     RX        /ERR/LOKO/0x00000002
15:43:25.028  INFO     RX        /ERR/LOKO/0x00000002
15:43:25.057  INFO     RX        /ERR/LOKO/0x00000002
15:43:25.057  INFO     RX        /ERR/LOKO/0x00000002
15:43:25.092  INFO     RX        /ERR/LOKO/0x00000002
15:43:25.092  INFO     RX        /ERR/LOKO/0x00000002
15:43:25.092  INFO     RX        /ERR/LOKO/0x00000002
15:43:25.122  INFO     RX        /ERR/LOKO/0x00000002
15:43:25.122  INFO     RX        /ERR/LOKO/0x00000002
15:43:25.122  INFO     RX        /ERR/LOKO/0x00000002
15:43:25.156  INFO     RX        /ERR/LOKO/0x00000002
15:43:25.156  INFO     RX        /ERR/LOKO/0x00000002
15:43:25.156  INFO     RX        /ERR/LOKO/0x00000002
15:43:25.187  INFO     RX        /ERR/LOKO/0x00000002
15:43:25.187  INFO     RX        /ERR/LOKO/0x00000002
15:43:25.293  INFO     RX        /ERR/LOKO/0x00000002
15:43:25.293  INFO     RX        /ERR/LOKO/0x00000002
15:43:25.293  INFO     RX        /ERR/LOKO/0x00000002
15:43:25.293  INFO     RX        /ERR/LOKO/0x00000002
15:43:25.293  INFO     RX        /ERR/LOKO/0x00000002
15:43:25.293  INFO     RX        /ERR/LOKO/0x00000002
15:43:25.293  INFO     RX        /ERR/LOKO/0x00000002
15:43:25.293  INFO     RX        /ERR/LOKO/0x00000002
15:43:25.296  INFO     RX        /ERR/LOKO/0x00000002
15:43:25.296  INFO     RX        /ERR/LOKO/0x00000002
15:43:25.314  INFO     RX        /ERR/LOKO/0x00000002
15:43:25.350  INFO     RX        /ERR/LOKO/0x00000002
15:43:25.350  INFO     RX        /ERR/LOKO/0x00000002
15:43:25.350  INFO     RX        /ERR/LOKO/0x00000002
15:43:25.382  INFO     RX        /ERR/LOKO/0x00000002
15:43:25.382  INFO     RX        /ERR/LOKO/0x00000002
15:43:25.382  INFO     RX        /ERR/LOKO/0x00000002
15:43:25.412  INFO     RX        /ERR/LOKO/0x00000002
15:43:25.412  INFO     RX        /ERR/LOKO/0x00000002
15:43:25.446  INFO     RX        /ERR/LOKO/0x00000002
15:43:25.446  INFO     RX        /ERR/LOKO/0x00000002
15:43:25.446  INFO     RX        /ERR/LOKO/0x00000002
15:43:25.477  INFO     RX        /ERR/LOKO/0x00000002
15:43:25.477  INFO     RX        /ERR/LOKO/0x00000002
15:43:25.477  INFO     RX        /ERR/LOKO/0x00000002
15:43:25.511  INFO     RX        /ERR/LOKO/0x00000002
15:43:25.511  INFO     RX        /ERR/LOKO/0x00000002
15:43:25.511  INFO     RX        /ERR/LOKO/0x00000002
15:43:25.545  INFO     RX        /ERR/LOKO/0x00000002
15:43:25.545  INFO     RX        /ERR/LOKO/0x00000002
15:43:25.545  INFO     RX        /ERR/LOKO/0x00000002
15:43:25.573  INFO     RX        /ERR/LOKO/0x00000002
15:43:25.573  INFO     RX        /ERR/LOKO/0x00000002
15:43:25.609  INFO     RX        /ERR/LOKO/0x00000002
15:43:25.609  INFO     RX        /ERR/LOKO/0x00000002
15:43:25.609  INFO     RX        /ERR/LOKO/0x00000002
15:43:25.638  INFO     RX        /ERR/LOKO/0x00000002
15:43:25.639  INFO     RX        /ERR/LOKO/0x00000002
15:43:25.639  INFO     RX        /ERR/LOKO/0x00000002
15:43:25.674  INFO     RX        /ERR/LOKO/0x00000002
15:43:25.674  INFO     RX        /ERR/LOKO/0x00000002
15:43:25.674  INFO     RX        /ERR/LOKO/0x00000002
15:43:25.703  INFO     RX        /ERR/LOKO/0x00000002
15:43:25.703  INFO     RX        /ERR/LOKO/0x00000002
15:43:25.740  INFO     RX        /ERR/LOKO/0x00000002
15:43:25.740  INFO     RX        /ERR/LOKO/0x00000002
15:43:25.740  INFO     RX        /ERR/LOKO/0x00000002
15:43:25.777  INFO     RX        /ERR/LOKO/0x00000002
15:43:25.777  INFO     RX        /ERR/LOKO/0x00000002
15:43:25.777  INFO     RX        /ERR/LOKO/0x00000002
15:43:25.777  INFO     RX        /ERR/LOKO/0x00000002
15:43:25.821  INFO     RX        /ERR/LOKO/0x00000002
15:43:25.821  INFO     RX        /ERR/LOKO/0x00000002
15:43:25.821  INFO     RX        /ERR/LOKO/0x00000002
15:43:25.834  INFO     RX        /ERR/LOKO/0x00000002
15:43:25.834  INFO     RX        /ERR/LOKO/0x00000002
15:43:25.877  INFO     RX        /ERR/LOKO/0x00000002
15:43:25.878  INFO     RX        /ERR/LOKO/0x00000002
15:43:25.878  INFO     RX        /ERR/LOKO/0x00000002
15:43:25.899  INFO     RX        /ERR/LOKO/0x00000002
15:43:25.900  INFO     RX        /ERR/LOKO/0x00000002
15:43:25.933  INFO     RX        /ERR/LOKO/0x00000002
15:43:25.933  INFO     RX        /ERR/LOKO/0x00000002
15:43:25.933  INFO     RX        /ERR/LOKO/0x00000002
15:43:25.966  INFO     RX        /ERR/LOKO/0x00000002
15:43:25.966  INFO     RX        /ERR/LOKO/0x00000002
15:43:25.966  INFO     RX        /ERR/LOKO/0x00000002
15:43:25.993  INFO     RX        /ERR/LOKO/0x00000002
15:43:25.993  INFO     RX        /ERR/LOKO/0x00000002
15:43:26.028  INFO     RX        /ERR/LOKO/0x00000002
15:43:26.028  INFO     RX        /ERR/LOKO/0x00000002
15:43:26.028  INFO     RX        /ERR/LOKO/0x00000002
15:43:26.058  INFO     RX        /ERR/LOKO/0x00000002
15:43:26.058  INFO     RX        /ERR/LOKO/0x00000002
15:43:26.058  INFO     RX        /ERR/LOKO/0x00000002
15:43:26.089  INFO     RX        /ERR/LOKO/0x00000002
15:43:26.089  INFO     RX        /ERR/LOKO/0x00000002
15:43:26.123  INFO     RX        /ERR/LOKO/0x00000002
15:43:26.123  INFO     RX        /ERR/LOKO/0x00000002
15:43:26.123  INFO     RX        /ERR/LOKO/0x00000002
15:43:26.152  INFO     RX        /ERR/LOKO/0x00000002
15:43:26.153  INFO     RX        /ERR/LOKO/0x00000002
15:43:26.153  INFO     RX        /ERR/LOKO/0x00000002
15:43:26.187  INFO     RX        /ERR/LOKO/0x00000002
15:43:26.187  INFO     RX        /ERR/LOKO/0x00000002
15:43:26.187  INFO     RX        /ERR/LOKO/0x00000002
15:43:26.216  INFO     RX        /ERR/LOKO/0x00000002
15:43:26.216  INFO     RX        /ERR/LOKO/0x00000002
15:43:26.248  INFO     RX        /ERR/LOKO/0x00000002
15:43:26.248  INFO     RX        /ERR/LOKO/0x00000002
15:43:26.248  INFO     RX        /ERR/LOKO/0x00000002
15:43:26.280  INFO     RX        /ERR/LOKO/0x00000002
15:43:26.280  INFO     RX        /ERR/LOKO/0x00000002
15:43:26.280  INFO     RX        /ERR/LOKO/0x00000002
15:43:26.309  DEBUG    TX /CONTROLL/0,0,-19,-100,0,0,0,0,0
15:43:26.315  INFO     RX        /ERR/LOKO/0x00000002
15:43:26.315  INFO     RX        /ERR/LOKO/0x00000002
15:43:26.315  INFO     RX        /ERR/LOKO/0x00000002
15:43:26.345  INFO     RX        /ERR/LOKO/0x00000002
15:43:26.346  INFO     RX        /ERR/LOKO/0x00000002
15:43:26.380  INFO     RX        /ERR/LOKO/0x00000002
15:43:26.380  INFO     RX        /ERR/LOKO/0x00000002
15:43:26.380  INFO     RX        /ERR/LOKO/0x00000002
15:43:26.408  INFO     RX        /ERR/LOKO/0x00000002
15:43:26.408  INFO     RX        /ERR/LOKO/0x00000002
15:43:26.408  INFO     RX        /ERR/LOKO/0x00000002
15:43:26.440  INFO     RX        /ERR/LOKO/0x00000002
15:43:26.440  INFO     RX        /ERR/LOKO/0x00000002
15:43:26.476  INFO     RX        /ERR/LOKO/0x00000002
15:43:26.476  INFO     RX        /ERR/LOKO/0x00000002
15:43:26.476  INFO     RX        /ERR/LOKO/0x00000002
15:43:26.505  INFO     RX        /ERR/LOKO/0x00000002
15:43:26.506  INFO     RX        /ERR/LOKO/0x00000002
15:43:26.506  INFO     RX        /ERR/LOKO/0x00000002
15:43:26.544  INFO     RX        /ERR/LOKO/0x00000002
15:43:26.544  INFO     RX        /ERR/LOKO/0x00000002
15:43:26.544  INFO     RX        /ERR/LOKO/0x00000002
15:43:26.570  INFO     RX        /ERR/LOKO/0x00000002
15:43:26.570  INFO     RX        /ERR/LOKO/0x00000002
15:43:26.606  INFO     RX        /ERR/LOKO/0x00000002
15:43:26.606  INFO     RX        /ERR/LOKO/0x00000002
15:43:26.606  INFO     RX        /ERR/LOKO/0x00000002
15:43:26.634  INFO     RX        /ERR/LOKO/0x00000002
15:43:26.634  INFO     RX        /ERR/LOKO/0x00000002
15:43:26.634  INFO     RX        /ERR/LOKO/0x00000002
15:43:26.670  INFO     RX        /ERR/LOKO/0x00000002
15:43:26.670  INFO     RX        /ERR/LOKO/0x00000002
15:43:26.670  INFO     RX        /ERR/LOKO/0x00000002
15:43:26.698  INFO     RX        /ERR/LOKO/0x00000002
15:43:26.698  INFO     RX        /ERR/LOKO/0x00000002
15:43:26.734  INFO     RX        /ERR/LOKO/0x00000002
15:43:26.734  INFO     RX        /ERR/LOKO/0x00000002
15:43:26.734  INFO     RX        /ERR/LOKO/0x00000002
15:43:26.763  INFO     RX        /ERR/LOKO/0x00000002
15:43:26.763  INFO     RX        /ERR/LOKO/0x00000002
15:43:26.763  INFO     RX        /ERR/LOKO/0x00000002
15:43:26.795  INFO     RX        /ERR/LOKO/0x00000002
15:43:26.795  INFO     RX        /ERR/LOKO/0x00000002
15:43:26.795  INFO     RX        /ERR/LOKO/0x00000002
15:43:26.826  INFO     RX        /ERR/LOKO/0x00000002
15:43:26.827  INFO     RX        /ERR/LOKO/0x00000002
15:43:26.858  INFO     RX        /ERR/LOKO/0x00000002
15:43:26.859  INFO     RX        /ERR/LOKO/0x00000002
15:43:26.859  INFO     RX        /ERR/LOKO/0x00000002
15:43:26.894  INFO     RX        /ERR/LOKO/0x00000002
15:43:26.894  INFO     RX        /ERR/LOKO/0x00000002
15:43:26.894  INFO     RX        /ERR/LOKO/0x00000002
15:43:26.928  INFO     RX        /ERR/LOKO/0x00000002
15:43:26.928  INFO     RX        /ERR/LOKO/0x00000002
15:43:26.928  INFO     RX        /ERR/LOKO/0x00000002
15:43:26.956  INFO     RX        /ERR/LOKO/0x00000002
15:43:26.956  INFO     RX        /ERR/LOKO/0x00000002
15:43:26.990  INFO     RX        /ERR/LOKO/0x00000002
15:43:26.990  INFO     RX        /ERR/LOKO/0x00000002
15:43:26.990  INFO     RX        /ERR/LOKO/0x00000002
15:43:27.019  INFO     RX        /ERR/LOKO/0x00000002
15:43:27.019  INFO     RX        /ERR/LOKO/0x00000002
15:43:27.019  INFO     RX        /ERR/LOKO/0x00000002
15:43:27.055  INFO     RX        /ERR/LOKO/0x00000002
15:43:27.055  INFO     RX        /ERR/LOKO/0x00000002
15:43:27.055  INFO     RX        /ERR/LOKO/0x00000002
15:43:27.083  INFO     RX        /ERR/LOKO/0x00000002
15:43:27.083  INFO     RX        /ERR/LOKO/0x00000002
15:43:27.118  INFO     RX        /ERR/LOKO/0x00000002
15:43:27.118  INFO     RX        /ERR/LOKO/0x00000002
15:43:27.118  INFO     RX        /ERR/LOKO/0x00000002
15:43:27.151  INFO     RX        /ERR/LOKO/0x00000002
15:43:27.151  INFO     RX        /ERR/LOKO/0x00000002
15:43:27.151  INFO     RX        /ERR/LOKO/0x00000002
15:43:27.179  INFO     RX        /ERR/LOKO/0x00000002
15:43:27.179  INFO     RX        /ERR/LOKO/0x00000002
15:43:27.211  INFO     RX        /ERR/LOKO/0x00000002
15:43:27.211  INFO     RX        /ERR/LOKO/0x00000002
15:43:27.211  INFO     RX        /ERR/LOKO/0x00000002
15:43:27.247  INFO     RX        /ERR/LOKO/0x00000002
15:43:27.247  INFO     RX        /ERR/LOKO/0x00000002
15:43:27.247  INFO     RX        /ERR/LOKO/0x00000002
15:43:27.276  INFO     RX        /ERR/LOKO/0x00000002
15:43:27.276  INFO     RX        /ERR/LOKO/0x00000002
15:43:27.276  INFO     RX        /ERR/LOKO/0x00000002
15:43:27.312  INFO     RX        /ERR/LOKO/0x00000002
15:43:27.312  INFO     RX        /ERR/LOKO/0x00000002
15:43:27.312  INFO     RX        /ERR/LOKO/0x00000002
15:43:27.340  INFO     RX        /ERR/LOKO/0x00000002
15:43:27.340  INFO     RX        /ERR/LOKO/0x00000002
15:43:27.376  INFO     RX        /ERR/LOKO/0x00000002
15:43:27.376  INFO     RX        /ERR/LOKO/0x00000002
15:43:27.376  INFO     RX        /ERR/LOKO/0x00000002
15:43:27.411  INFO     RX        /ERR/LOKO/0x00000002
15:43:27.411  INFO     RX        /ERR/LOKO/0x00000002
15:43:27.411  INFO     RX        /ERR/LOKO/0x00000002
15:43:27.440  INFO     RX        /ERR/LOKO/0x00000002
15:43:27.440  INFO     RX        /ERR/LOKO/0x00000002
15:43:27.440  INFO     RX        /ERR/LOKO/0x00000002
15:43:27.470  INFO     RX        /ERR/LOKO/0x00000002
15:43:27.470  INFO     RX        /ERR/LOKO/0x00000002
15:43:27.504  INFO     RX        /ERR/LOKO/0x00000002
15:43:27.504  INFO     RX        /ERR/LOKO/0x00000002
15:43:27.504  INFO     RX        /ERR/LOKO/0x00000002
15:43:27.544  INFO     RX        /ERR/LOKO/0x00000002
15:43:27.544  INFO     RX        /ERR/LOKO/0x00000002
15:43:27.545  INFO     RX        /ERR/LOKO/0x00000002
15:43:27.545  INFO     RX        /ERR/LOKO/0x00000002
15:43:27.574  INFO     RX        /ERR/LOKO/0x00000002
15:43:27.574  INFO     RX        /ERR/LOKO/0x00000002
15:43:27.597  INFO     RX        /ERR/LOKO/0x00000002
15:43:27.598  INFO     RX        /ERR/LOKO/0x00000002
15:43:27.631  INFO     RX        /ERR/LOKO/0x00000002
15:43:27.631  INFO     RX        /ERR/LOKO/0x00000002
15:43:27.631  INFO     RX        /ERR/LOKO/0x00000002
15:43:27.666  INFO     RX        /ERR/LOKO/0x00000002
15:43:27.666  INFO     RX        /ERR/LOKO/0x00000002
15:43:27.666  INFO     RX        /ERR/LOKO/0x00000002
15:43:27.694  INFO     RX        /ERR/LOKO/0x00000002
15:43:27.694  INFO     RX        /ERR/LOKO/0x00000002
15:43:27.694  INFO     RX        /ERR/LOKO/0x00000002
15:43:27.729  INFO     RX        /ERR/LOKO/0x00000002
15:43:27.729  INFO     RX        /ERR/LOKO/0x00000002
15:43:27.729  INFO     RX        /ERR/LOKO/0x00000002
15:43:27.834  INFO     RX        /ERR/LOKO/0x00000002
15:43:27.834  INFO     RX        /ERR/LOKO/0x00000002
15:43:27.834  INFO     RX        /ERR/LOKO/0x00000002
15:43:27.834  INFO     RX        /ERR/LOKO/0x00000002
15:43:27.834  INFO     RX        /ERR/LOKO/0x00000002
15:43:27.834  INFO     RX        /ERR/LOKO/0x00000002
15:43:27.834  INFO     RX        /ERR/LOKO/0x00000002
15:43:27.845  INFO     RX        /ERR/LOKO/0x00000002
15:43:27.845  INFO     RX        /ERR/LOKO/0x00000002
15:43:27.847  INFO     RX        /ERR/LOKO/0x00000002
15:43:27.856  INFO     RX        /ERR/LOKO/0x00000002
15:43:27.885  INFO     RX        /ERR/LOKO/0x00000002
15:43:27.885  INFO     RX        /ERR/LOKO/0x00000002
15:43:27.914  DEBUG    TX /CONTROLL/0,0,0,0,0,0,0,0,2
15:43:27.921  INFO     RX        /ERR/LOKO/0x00000002
15:43:27.921  INFO     RX        /ERR/LOKO/0x00000002
15:43:27.921  INFO     RX        /ERR/LOKO/0x00000002
15:43:27.950  INFO     RX        /ERR/LOKO/0x00000002
15:43:27.950  INFO     RX        /ERR/LOKO/0x00000002
15:43:27.985  INFO     RX        /ERR/LOKO/0x00000002
15:43:27.985  INFO     RX        /ERR/LOKO/0x00000002
15:43:27.985  INFO     RX        /ERR/LOKO/0x00000002
15:43:28.019  INFO     RX        /ERR/LOKO/0x00000002
15:43:28.019  INFO     RX        /ERR/LOKO/0x00000002
15:43:28.019  INFO     RX        /ERR/LOKO/0x00000002
15:43:28.047  INFO     RX        /ERR/LOKO/0x00000002
15:43:28.047  INFO     RX        /ERR/LOKO/0x00000002
15:43:28.047  INFO     RX        /ERR/LOKO/0x00000002
15:43:28.082  INFO     RX        /ERR/LOKO/0x00000002
15:43:28.083  INFO     RX        /ERR/LOKO/0x00000002
15:43:28.083  INFO     RX        /ERR/LOKO/0x00000002
15:43:28.111  INFO     RX        /ERR/LOKO/0x00000002
15:43:28.111  INFO     RX        /ERR/LOKO/0x00000002
15:43:28.146  INFO     RX        /ERR/LOKO/0x00000002
15:43:28.146  INFO     RX        /ERR/LOKO/0x00000002
15:43:28.146  INFO     RX        /ERR/LOKO/0x00000002
15:43:28.179  INFO     RX        /ERR/LOKO/0x00000002
15:43:28.179  INFO     RX        /ERR/LOKO/0x00000002
15:43:28.179  INFO     RX        /ERR/LOKO/0x00000002
15:43:28.210  INFO     RX        /ERR/LOKO/0x00000002
15:43:28.210  INFO     RX        /ERR/LOKO/0x00000002
15:43:28.210  INFO     RX        /ERR/LOKO/0x00000002
15:43:28.243  INFO     RX        /ERR/LOKO/0x00000002
15:43:28.243  INFO     RX        /ERR/LOKO/0x00000002
15:43:28.243  INFO     RX        /ERR/LOKO/0x00000002
15:43:28.272  INFO     RX        /ERR/LOKO/0x00000002
15:43:28.272  INFO     RX        /ERR/LOKO/0x00000002
15:43:28.307  INFO     RX        /ERR/LOKO/0x00000002
15:43:28.307  INFO     RX        /ERR/LOKO/0x00000002
15:43:28.307  INFO     RX        /ERR/LOKO/0x00000002
15:43:28.338  INFO     RX        /ERR/LOKO/0x00000002
15:43:28.338  INFO     RX        /ERR/LOKO/0x00000002
15:43:28.338  INFO     RX        /ERR/LOKO/0x00000002
15:43:28.372  INFO     RX        /ERR/LOKO/0x00000002
15:43:28.372  INFO     RX        /ERR/LOKO/0x00000002
15:43:28.372  INFO     RX        /ERR/LOKO/0x00000002
15:43:28.401  INFO     RX        /ERR/LOKO/0x00000002
15:43:28.401  INFO     RX        /ERR/LOKO/0x00000002
15:43:28.433  INFO     RX        /ERR/LOKO/0x00000002
15:43:28.433  INFO     RX        /ERR/LOKO/0x00000002
15:43:28.433  INFO     RX        /ERR/LOKO/0x00000002
15:43:28.468  INFO     RX        /ERR/LOKO/0x00000002
15:43:28.468  INFO     RX        /ERR/LOKO/0x00000002
15:43:28.468  INFO     RX        /ERR/LOKO/0x00000002
15:43:28.497  INFO     RX        /ERR/LOKO/0x00000002
15:43:28.498  INFO     RX        /ERR/LOKO/0x00000002
15:43:28.533  INFO     RX        /ERR/LOKO/0x00000002
15:43:28.533  INFO     RX        /ERR/LOKO/0x00000002
15:43:28.533  INFO     RX        /ERR/LOKO/0x00000002
15:43:28.562  INFO     RX        /ERR/LOKO/0x00000002
15:43:28.562  INFO     RX        /ERR/LOKO/0x00000002
15:43:28.562  INFO     RX        /ERR/LOKO/0x00000002
15:43:28.597  INFO     RX        /ERR/LOKO/0x00000002
15:43:28.597  INFO     RX        /ERR/LOKO/0x00000002
15:43:28.597  INFO     RX        /ERR/LOKO/0x00000002
15:43:28.626  INFO     RX        /ERR/LOKO/0x00000002
15:43:28.626  INFO     RX        /ERR/LOKO/0x00000002
15:43:28.662  INFO     RX        /ERR/LOKO/0x00000002
15:43:28.662  INFO     RX        /ERR/LOKO/0x00000002
15:43:28.662  INFO     RX        /ERR/LOKO/0x00000002
15:43:28.693  INFO     RX        /ERR/LOKO/0x00000002
15:43:28.693  INFO     RX        /ERR/LOKO/0x00000002
15:43:28.693  INFO     RX        /ERR/LOKO/0x00000002
15:43:28.722  INFO     RX        /ERR/LOKO/0x00000002
15:43:28.722  INFO     RX        /ERR/LOKO/0x00000002
15:43:28.723  INFO     RX        /ERR/LOKO/0x00000002
15:43:28.757  INFO     RX        /ERR/LOKO/0x00000002
15:43:28.757  INFO     RX        /ERR/LOKO/0x00000002
15:43:28.758  INFO     RX        /ERR/LOKO/0x00000002
15:43:28.787  INFO     RX        /ERR/LOKO/0x00000002
15:43:28.787  INFO     RX        /ERR/LOKO/0x00000002
15:43:28.823  INFO     RX        /ERR/LOKO/0x00000002
15:43:28.823  INFO     RX        /ERR/LOKO/0x00000002
15:43:28.823  INFO     RX        /ERR/LOKO/0x00000002
15:43:28.852  INFO     RX        /ERR/LOKO/0x00000002
15:43:28.852  INFO     RX        /ERR/LOKO/0x00000002
15:43:28.852  INFO     RX        /ERR/LOKO/0x00000002
15:43:28.886  INFO     RX        /ERR/LOKO/0x00000002
15:43:28.886  INFO     RX        /ERR/LOKO/0x00000002
15:43:28.886  INFO     RX        /ERR/LOKO/0x00000002
15:43:28.919  INFO     RX        /ERR/LOKO/0x00000002
15:43:28.919  INFO     RX        /ERR/LOKO/0x00000002
15:43:28.949  INFO     RX        /ERR/LOKO/0x00000002
15:43:28.949  INFO     RX        /ERR/LOKO/0x00000002
15:43:28.949  INFO     RX        /ERR/LOKO/0x00000002
15:43:28.979  INFO     RX        /ERR/LOKO/0x00000002
15:43:28.979  INFO     RX        /ERR/LOKO/0x00000002
15:43:28.979  INFO     RX        /ERR/LOKO/0x00000002
15:43:29.012  INFO     RX        /ERR/LOKO/0x00000002
15:43:29.012  INFO     RX        /ERR/LOKO/0x00000002
15:43:29.044  INFO     RX        /ERR/LOKO/0x00000002
15:43:29.044  INFO     RX        /ERR/LOKO/0x00000002
15:43:29.044  INFO     RX        /ERR/LOKO/0x00000002
15:43:29.079  INFO     RX        /ERR/LOKO/0x00000002
15:43:29.079  INFO     RX        /ERR/LOKO/0x00000002
15:43:29.079  INFO     RX        /ERR/LOKO/0x00000002
15:43:29.108  INFO     RX        /ERR/LOKO/0x00000002
15:43:29.108  INFO     RX        /ERR/LOKO/0x00000002
15:43:29.108  INFO     RX        /ERR/LOKO/0x00000002
15:43:29.145  INFO     RX        /ERR/LOKO/0x00000002
15:43:29.145  INFO     RX        /ERR/LOKO/0x00000002
15:43:29.145  INFO     RX        /ERR/LOKO/0x00000002
15:43:29.173  INFO     RX        /ERR/LOKO/0x00000002
15:43:29.173  INFO     RX        /ERR/LOKO/0x00000002
15:43:29.210  INFO     RX        /ERR/LOKO/0x00000002
15:43:29.210  INFO     RX        /ERR/LOKO/0x00000002
15:43:29.210  INFO     RX        /ERR/LOKO/0x00000002
15:43:29.237  INFO     RX        /ERR/LOKO/0x00000002
15:43:29.237  INFO     RX        /ERR/LOKO/0x00000002
15:43:29.237  INFO     RX        /ERR/LOKO/0x00000002
15:43:29.273  INFO     RX        /ERR/LOKO/0x00000002
15:43:29.273  INFO     RX        /ERR/LOKO/0x00000002
15:43:29.273  INFO     RX        /ERR/LOKO/0x00000002
15:43:29.302  INFO     RX        /ERR/LOKO/0x00000002
15:43:29.302  INFO     RX        /ERR/LOKO/0x00000002
15:43:29.337  INFO     RX        /ERR/LOKO/0x00000002
15:43:29.337  INFO     RX        /ERR/LOKO/0x00000002
15:43:29.337  INFO     RX        /ERR/LOKO/0x00000002
15:43:29.367  INFO     RX        /ERR/LOKO/0x00000002
15:43:29.367  INFO     RX        /ERR/LOKO/0x00000002
15:43:29.367  INFO     RX        /ERR/LOKO/0x00000002
15:43:29.404  INFO     RX        /ERR/LOKO/0x00000002
15:43:29.404  INFO     RX        /ERR/LOKO/0x00000002
15:43:29.404  INFO     RX        /ERR/LOKO/0x00000002
15:43:29.431  INFO     RX        /ERR/LOKO/0x00000002
15:43:29.431  INFO     RX        /ERR/LOKO/0x00000002
15:43:29.467  INFO     RX        /ERR/LOKO/0x00000002
15:43:29.467  INFO     RX        /ERR/LOKO/0x00000002
15:43:29.467  INFO     RX        /ERR/LOKO/0x00000002
15:43:29.498  INFO     RX        /ERR/LOKO/0x00000002
15:43:29.498  INFO     RX        /ERR/LOKO/0x00000002
15:43:29.498  INFO     RX        /ERR/LOKO/0x00000002
15:43:29.524  DEBUG    TX /CONTROLL/0,0,0,0,0,0,0,0,2
15:43:29.530  INFO     RX        /ERR/LOKO/0x00000002
15:43:29.530  INFO     RX        /ERR/LOKO/0x00000002
15:43:29.530  INFO     RX        /ERR/LOKO/0x00000002
15:43:29.562  INFO     RX        /ERR/LOKO/0x00000002
15:43:29.562  INFO     RX        /ERR/LOKO/0x00000002
15:43:29.563  INFO     RX        /ERR/LOKO/0x00000002
15:43:29.595  INFO     RX        /ERR/LOKO/0x00000002
15:43:29.595  INFO     RX        /ERR/LOKO/0x00000002
15:43:29.627  INFO     RX        /ERR/LOKO/0x00000002
15:43:29.628  INFO     RX        /ERR/LOKO/0x00000002
15:43:29.628  INFO     RX        /ERR/LOKO/0x00000002
15:43:29.655  INFO     RX        /ERR/LOKO/0x00000002
15:43:29.656  INFO     RX        /ERR/LOKO/0x00000002
15:43:29.656  INFO     RX        /ERR/LOKO/0x00000002
15:43:29.691  INFO     RX        /ERR/LOKO/0x00000002
15:43:29.691  INFO     RX        /ERR/LOKO/0x00000002
15:43:29.691  INFO     RX        /ERR/LOKO/0x00000002
15:43:29.724  INFO     RX        /ERR/LOKO/0x00000002
15:43:29.724  INFO     RX        /ERR/LOKO/0x00000002
15:43:29.753  INFO     RX        /ERR/LOKO/0x00000002
15:43:29.753  INFO     RX        /ERR/LOKO/0x00000002
15:43:29.753  INFO     RX        /ERR/LOKO/0x00000002
15:43:29.786  INFO     RX        /ERR/LOKO/0x00000002
15:43:29.786  INFO     RX        /ERR/LOKO/0x00000002
15:43:29.786  INFO     RX        /ERR/LOKO/0x00000002
15:43:29.820  INFO     RX        /ERR/LOKO/0x00000002
15:43:29.820  INFO     RX        /ERR/LOKO/0x00000002
15:43:29.820  INFO     RX        /ERR/LOKO/0x00000002
15:43:29.849  INFO     RX        /ERR/LOKO/0x00000002
15:43:29.850  INFO     RX        /ERR/LOKO/0x00000002
15:43:29.884  INFO     RX        /ERR/LOKO/0x00000002
15:43:29.884  INFO     RX        /ERR/LOKO/0x00000002
15:43:29.884  INFO     RX        /ERR/LOKO/0x00000002
15:43:29.913  INFO     RX        /ERR/LOKO/0x00000002
15:43:29.914  INFO     RX        /ERR/LOKO/0x00000002
15:43:29.914  INFO     RX        /ERR/LOKO/0x00000002
15:43:29.950  INFO     RX        /ERR/LOKO/0x00000002
15:43:29.950  INFO     RX        /ERR/LOKO/0x00000002
15:43:29.950  INFO     RX        /ERR/LOKO/0x00000002
15:43:29.978  INFO     RX        /ERR/LOKO/0x00000002
15:43:29.978  INFO     RX        /ERR/LOKO/0x00000002
15:43:30.010  INFO     RX        /ERR/LOKO/0x00000002
15:43:30.010  INFO     RX        /ERR/LOKO/0x00000002
15:43:30.010  INFO     RX        /ERR/LOKO/0x00000002
15:43:30.045  INFO     RX        /ERR/LOKO/0x00000002
15:43:30.045  INFO     RX        /ERR/LOKO/0x00000002
15:43:30.045  INFO     RX        /ERR/LOKO/0x00000002
15:43:30.073  INFO     RX        /ERR/LOKO/0x00000002
15:43:30.073  INFO     RX        /ERR/LOKO/0x00000002
15:43:30.109  INFO     RX        /ERR/LOKO/0x00000002
15:43:30.109  INFO     RX        /ERR/LOKO/0x00000002
15:43:30.109  INFO     RX        /ERR/LOKO/0x00000002
15:43:30.137  INFO     RX        /ERR/LOKO/0x00000002
15:43:30.137  INFO     RX        /ERR/LOKO/0x00000002
15:43:30.137  INFO     RX        /ERR/LOKO/0x00000002
15:43:30.172  INFO     RX        /ERR/LOKO/0x00000002
15:43:30.172  INFO     RX        /ERR/LOKO/0x00000002
15:43:30.172  INFO     RX        /ERR/LOKO/0x00000002
15:43:30.201  INFO     RX        /ERR/LOKO/0x00000002
15:43:30.201  INFO     RX        /ERR/LOKO/0x00000002
15:43:30.233  INFO     RX        /ERR/LOKO/0x00000002
15:43:30.233  INFO     RX        /ERR/LOKO/0x00000002
15:43:30.233  INFO     RX        /ERR/LOKO/0x00000002
15:43:30.269  INFO     RX        /ERR/LOKO/0x00000002
15:43:30.269  INFO     RX        /ERR/LOKO/0x00000002
15:43:30.269  INFO     RX        /ERR/LOKO/0x00000002
15:43:30.375  INFO     RX        /ERR/LOKO/0x00000002
15:43:30.375  INFO     RX        /ERR/LOKO/0x00000002
15:43:30.375  INFO     RX        /ERR/LOKO/0x00000002
15:43:30.375  INFO     RX        /ERR/LOKO/0x00000002
15:43:30.375  INFO     RX        /ERR/LOKO/0x00000002
15:43:30.375  INFO     RX        /ERR/LOKO/0x00000002
15:43:30.375  INFO     RX        /ERR/LOKO/0x00000002
15:43:30.375  INFO     RX        /ERR/LOKO/0x00000002
15:43:30.382  INFO     RX        /ERR/LOKO/0x00000002
15:43:30.382  INFO     RX        /ERR/LOKO/0x00000002
15:43:30.394  INFO     RX        /ERR/LOKO/0x00000002
15:43:30.427  INFO     RX        /ERR/LOKO/0x00000002
15:43:30.427  INFO     RX        /ERR/LOKO/0x00000002
15:43:30.427  INFO     RX        /ERR/LOKO/0x00000002
15:43:30.462  INFO     RX        /ERR/LOKO/0x00000002
15:43:30.462  INFO     RX        /ERR/LOKO/0x00000002
15:43:30.462  INFO     RX        /ERR/LOKO/0x00000002
15:43:30.491  INFO     RX        /ERR/LOKO/0x00000002
15:43:30.491  INFO     RX        /ERR/LOKO/0x00000002
15:43:30.527  INFO     RX        /ERR/LOKO/0x00000002
15:43:30.527  INFO     RX        /ERR/LOKO/0x00000002
15:43:30.527  INFO     RX        /ERR/LOKO/0x00000002
15:43:30.558  INFO     RX        /ERR/LOKO/0x00000002
15:43:30.558  INFO     RX        /ERR/LOKO/0x00000002
15:43:30.558  INFO     RX        /ERR/LOKO/0x00000002
15:43:30.591  INFO     RX        /ERR/LOKO/0x00000002
15:43:30.591  INFO     RX        /ERR/LOKO/0x00000002
15:43:30.591  INFO     RX        /ERR/LOKO/0x00000002
15:43:30.620  INFO     RX        /ERR/LOKO/0x00000002
15:43:30.620  INFO     RX        /ERR/LOKO/0x00000002
15:43:30.655  INFO     RX        /ERR/LOKO/0x00000002
15:43:30.655  INFO     RX        /ERR/LOKO/0x00000002
15:43:30.655  INFO     RX        /ERR/LOKO/0x00000002
15:43:30.687  INFO     RX        /ERR/LOKO/0x00000002
15:43:30.687  INFO     RX        /ERR/LOKO/0x00000002
15:43:30.687  INFO     RX        /ERR/LOKO/0x00000002
15:43:30.717  INFO     RX        /ERR/LOKO/0x00000002
15:43:30.717  INFO     RX        /ERR/LOKO/0x00000002
15:43:30.753  INFO     RX        /ERR/LOKO/0x00000002
15:43:30.753  INFO     RX        /ERR/LOKO/0x00000002
15:43:30.753  INFO     RX        /ERR/LOKO/0x00000002
15:43:30.780  INFO     RX        /ERR/LOKO/0x00000002
15:43:30.780  INFO     RX        /ERR/LOKO/0x00000002
15:43:30.780  INFO     RX        /ERR/LOKO/0x00000002
15:43:30.816  INFO     RX        /ERR/LOKO/0x00000002
15:43:30.816  INFO     RX        /ERR/LOKO/0x00000002
15:43:30.816  INFO     RX        /ERR/LOKO/0x00000002
15:43:30.845  INFO     RX        /ERR/LOKO/0x00000002
15:43:30.845  INFO     RX        /ERR/LOKO/0x00000002
15:43:30.881  INFO     RX        /ERR/LOKO/0x00000002
15:43:30.881  INFO     RX        /ERR/LOKO/0x00000002
15:43:30.881  INFO     RX        /ERR/LOKO/0x00000002
15:43:30.881  INFO     RX        /ERR/LOKO/0x00000002
15:43:30.910  INFO     RX        /ERR/LOKO/0x00000002
15:43:30.910  INFO     RX        /ERR/LOKO/0x00000002
15:43:30.942  INFO     RX        /ERR/LOKO/0x00000002
15:43:30.942  INFO     RX        /ERR/LOKO/0x00000002
15:43:30.942  INFO     RX        /ERR/LOKO/0x00000002
15:43:30.974  INFO     RX        /ERR/LOKO/0x00000002
15:43:30.974  INFO     RX        /ERR/LOKO/0x00000002
15:43:31.009  INFO     RX        /ERR/LOKO/0x00000002
15:43:31.010  INFO     RX        /ERR/LOKO/0x00000002
15:43:31.010  INFO     RX        /ERR/LOKO/0x00000002
15:43:31.010  INFO     RX        /ERR/LOKO/0x00000002
15:43:31.038  INFO     RX        /ERR/LOKO/0x00000002
15:43:31.038  INFO     RX        /ERR/LOKO/0x00000002
15:43:31.073  INFO     RX        /ERR/LOKO/0x00000002
15:43:31.074  INFO     RX        /ERR/LOKO/0x00000002
15:43:31.074  INFO     RX        /ERR/LOKO/0x00000002
15:43:31.103  INFO     RX        /ERR/LOKO/0x00000002
15:43:31.103  INFO     RX        /ERR/LOKO/0x00000002
15:43:31.103  INFO     RX        /ERR/LOKO/0x00000002
15:43:31.132  DEBUG    TX /CONTROLL/0,0,0,0,0,0,0,0,0
15:43:31.135  INFO     RX        /ERR/LOKO/0x00000002
15:43:31.135  INFO     RX        /ERR/LOKO/0x00000002
15:43:31.168  INFO     RX        /ERR/LOKO/0x00000002
15:43:31.169  INFO     RX        /ERR/LOKO/0x00000002
15:43:31.169  INFO     RX        /ERR/LOKO/0x00000002
15:43:31.200  INFO     RX        /ERR/LOKO/0x00000002
15:43:31.200  INFO     RX        /ERR/LOKO/0x00000002
15:43:31.200  INFO     RX        /ERR/LOKO/0x00000002
15:43:31.231  INFO     RX        /ERR/LOKO/0x00000002
15:43:31.231  INFO     RX        /ERR/LOKO/0x00000002
15:43:31.231  INFO     RX        /ERR/LOKO/0x00000002
15:43:31.268  INFO     RX        /ERR/LOKO/0x00000002
15:43:31.268  INFO     RX        /ERR/LOKO/0x00000002
15:43:31.268  INFO     RX        /ERR/LOKO/0x00000002
15:43:31.297  INFO     RX        /ERR/LOKO/0x00000002
15:43:31.297  INFO     RX        /ERR/LOKO/0x00000002
15:43:31.329  INFO     RX        /ERR/LOKO/0x00000002
15:43:31.330  INFO     RX        /ERR/LOKO/0x00000002
15:43:31.330  INFO     RX        /ERR/LOKO/0x00000002
15:43:31.361  INFO     RX        /ERR/LOKO/0x00000002
15:43:31.361  INFO     RX        /ERR/LOKO/0x00000002
15:43:31.361  INFO     RX        /ERR/LOKO/0x00000002
15:43:31.393  INFO     RX        /ERR/LOKO/0x00000002
15:43:31.393  INFO     RX        /ERR/LOKO/0x00000002
15:43:31.428  INFO     RX        /ERR/LOKO/0x00000002
15:43:31.428  INFO     RX        /ERR/LOKO/0x00000002
15:43:31.428  INFO     RX        /ERR/LOKO/0x00000002
15:43:31.458  INFO     RX        /ERR/LOKO/0x00000002
15:43:31.458  INFO     RX        /ERR/LOKO/0x00000002
15:43:31.458  INFO     RX        /ERR/LOKO/0x00000002
15:43:31.493  INFO     RX        /ERR/LOKO/0x00000002
15:43:31.493  INFO     RX        /ERR/LOKO/0x00000002
15:43:31.493  INFO     RX        /ERR/LOKO/0x00000002
15:43:31.522  INFO     RX        /ERR/LOKO/0x00000002
15:43:31.522  INFO     RX        /ERR/LOKO/0x00000002
15:43:31.557  INFO     RX        /ERR/LOKO/0x00000002
15:43:31.557  INFO     RX        /ERR/LOKO/0x00000002
15:43:31.557  INFO     RX        /ERR/LOKO/0x00000002
15:43:31.585  INFO     RX        /ERR/LOKO/0x00000002
15:43:31.585  INFO     RX        /ERR/LOKO/0x00000002
15:43:31.585  INFO     RX        /ERR/LOKO/0x00000002
15:43:31.618  INFO     RX        /ERR/LOKO/0x00000002
15:43:31.618  INFO     RX        /ERR/LOKO/0x00000002
15:43:31.618  INFO     RX        /ERR/LOKO/0x00000002
15:43:31.652  INFO     RX        /ERR/LOKO/0x00000002
15:43:31.652  INFO     RX        /ERR/LOKO/0x00000002
15:43:31.652  INFO     RX        /ERR/LOKO/0x00000002
15:43:31.682  INFO     RX        /ERR/LOKO/0x00000002
15:43:31.682  INFO     RX        /ERR/LOKO/0x00000002
15:43:31.716  INFO     RX        /ERR/LOKO/0x00000002
15:43:31.717  INFO     RX        /ERR/LOKO/0x00000002
15:43:31.717  INFO     RX        /ERR/LOKO/0x00000002
15:43:31.746  INFO     RX        /ERR/LOKO/0x00000002
15:43:31.747  INFO     RX        /ERR/LOKO/0x00000002
15:43:31.747  INFO     RX        /ERR/LOKO/0x00000002
15:43:31.777  INFO     RX        /ERR/LOKO/0x00000002
15:43:31.777  INFO     RX        /ERR/LOKO/0x00000002
15:43:31.813  INFO     RX        /ERR/LOKO/0x00000002
15:43:31.813  INFO     RX        /ERR/LOKO/0x00000002
15:43:31.813  INFO     RX        /ERR/LOKO/0x00000002
15:43:31.842  INFO     RX        /ERR/LOKO/0x00000002
15:43:31.843  INFO     RX        /ERR/LOKO/0x00000002
15:43:31.843  INFO     RX        /ERR/LOKO/0x00000002
15:43:31.878  INFO     RX        /ERR/LOKO/0x00000002
15:43:31.878  INFO     RX        /ERR/LOKO/0x00000002
15:43:31.878  INFO     RX        /ERR/LOKO/0x00000002
15:43:31.906  INFO     RX        /ERR/LOKO/0x00000002
15:43:31.906  INFO     RX        /ERR/LOKO/0x00000002
15:43:31.941  INFO     RX        /ERR/LOKO/0x00000002
15:43:31.941  INFO     RX        /ERR/LOKO/0x00000002
15:43:31.941  INFO     RX        /ERR/LOKO/0x00000002
15:43:31.970  INFO     RX        /ERR/LOKO/0x00000002
15:43:31.970  INFO     RX        /ERR/LOKO/0x00000002
15:43:31.970  INFO     RX        /ERR/LOKO/0x00000002
15:43:32.005  INFO     RX        /ERR/LOKO/0x00000002
15:43:32.005  INFO     RX        /ERR/LOKO/0x00000002
15:43:32.005  INFO     RX        /ERR/LOKO/0x00000002
15:43:32.034  INFO     RX        /ERR/LOKO/0x00000002
15:43:32.034  INFO     RX        /ERR/LOKO/0x00000002
15:43:32.070  INFO     RX        /ERR/LOKO/0x00000002
15:43:32.070  INFO     RX        /ERR/LOKO/0x00000002
15:43:32.070  INFO     RX        /ERR/LOKO/0x00000002
15:43:32.103  INFO     RX        /ERR/LOKO/0x00000002
15:43:32.103  INFO     RX        /ERR/LOKO/0x00000002
15:43:32.103  INFO     RX        /ERR/LOKO/0x00000002
15:43:32.135  INFO     RX        /ERR/LOKO/0x00000002
15:43:32.135  INFO     RX        /ERR/LOKO/0x00000002
15:43:32.135  INFO     RX        /ERR/LOKO/0x00000002
15:43:32.165  INFO     RX        /ERR/LOKO/0x00000002
15:43:32.165  INFO     RX        /ERR/LOKO/0x00000002
15:43:32.165  INFO     RX        /ERR/LOKO/0x00000002
15:43:32.203  INFO     RX        /ERR/LOKO/0x00000002
15:43:32.203  INFO     RX        /ERR/LOKO/0x00000002
15:43:32.203  INFO     RX        /ERR/LOKO/0x00000002
15:43:32.229  INFO     RX        /ERR/LOKO/0x00000002
15:43:32.230  INFO     RX        /ERR/LOKO/0x00000002
15:43:32.265  INFO     RX        /ERR/LOKO/0x00000002
15:43:32.266  INFO     RX        /ERR/LOKO/0x00000002
15:43:32.266  INFO     RX        /ERR/LOKO/0x00000002
15:43:32.294  INFO     RX        /ERR/LOKO/0x00000002
15:43:32.294  INFO     RX        /ERR/LOKO/0x00000002
15:43:32.294  INFO     RX        /ERR/LOKO/0x00000002
15:43:32.334  INFO     RX        /ERR/LOKO/0x00000002
15:43:32.334  INFO     RX        /ERR/LOKO/0x00000002
15:43:32.334  INFO     RX        /ERR/LOKO/0x00000002
15:43:32.358  INFO     RX        /ERR/LOKO/0x00000002
15:43:32.358  INFO     RX        /ERR/LOKO/0x00000002
15:43:32.393  INFO     RX        /ERR/LOKO/0x00000002
15:43:32.393  INFO     RX        /ERR/LOKO/0x00000002
15:43:32.393  INFO     RX        /ERR/LOKO/0x00000002
15:43:32.425  INFO     RX        /ERR/LOKO/0x00000002
15:43:32.425  INFO     RX        /ERR/LOKO/0x00000002
15:43:32.425  INFO     RX        /ERR/LOKO/0x00000002
15:43:32.455  INFO     RX        /ERR/LOKO/0x00000002
15:43:32.455  INFO     RX        /ERR/LOKO/0x00000002
15:43:32.490  INFO     RX        /ERR/LOKO/0x00000002
15:43:32.490  INFO     RX        /ERR/LOKO/0x00000002
15:43:32.490  INFO     RX        /ERR/LOKO/0x00000002
15:43:32.523  INFO     RX        /ERR/LOKO/0x00000002
15:43:32.524  INFO     RX        /ERR/LOKO/0x00000002
15:43:32.524  INFO     RX        /ERR/LOKO/0x00000002
15:43:32.552  INFO     RX        /ERR/LOKO/0x00000002
15:43:32.552  INFO     RX        /ERR/LOKO/0x00000002
15:43:32.552  INFO     RX        /ERR/LOKO/0x00000002
15:43:32.585  INFO     RX        /ERR/LOKO/0x00000002
15:43:32.585  INFO     RX        /ERR/LOKO/0x00000002
15:43:32.585  INFO     RX        /ERR/LOKO/0x00000002
15:43:32.620  INFO     RX        /ERR/LOKO/0x00000002
15:43:32.620  INFO     RX        /ERR/LOKO/0x00000002
15:43:32.620  INFO     RX        /ERR/LOKO/0x00000002
15:43:32.649  INFO     RX        /ERR/LOKO/0x00000002
15:43:32.649  INFO     RX        /ERR/LOKO/0x00000002
15:43:32.684  INFO     RX        /ERR/LOKO/0x00000002
15:43:32.684  INFO     RX        /ERR/LOKO/0x00000002
15:43:32.684  INFO     RX        /ERR/LOKO/0x00000002
15:43:32.714  INFO     RX        /ERR/LOKO/0x00000002
15:43:32.714  INFO     RX        /ERR/LOKO/0x00000002
15:43:32.714  INFO     RX        /ERR/LOKO/0x00000002
15:43:32.743  DEBUG    TX /CONTROLL/0,0,0,0,0,0,0,0,2
15:43:32.746  INFO     RX        /ERR/LOKO/0x00000002
15:43:32.746  INFO     RX        /ERR/LOKO/0x00000002
15:43:32.781  INFO     RX        /ERR/LOKO/0x00000002
15:43:32.782  INFO     RX        /ERR/LOKO/0x00000002
15:43:32.782  INFO     RX        /ERR/LOKO/0x00000002
15:43:32.810  INFO     RX        /ERR/LOKO/0x00000002
15:43:32.811  INFO     RX        /ERR/LOKO/0x00000002
15:43:32.811  INFO     RX        /ERR/LOKO/0x00000002
15:43:32.846  INFO     RX        /ERR/LOKO/0x00000002
15:43:32.846  INFO     RX        /ERR/LOKO/0x00000002
15:43:32.846  INFO     RX        /ERR/LOKO/0x00000002
15:43:32.875  INFO     RX        /ERR/LOKO/0x00000002
15:43:32.875  INFO     RX        /ERR/LOKO/0x00000002
15:43:32.911  INFO     RX        /ERR/LOKO/0x00000002
15:43:32.911  INFO     RX        /ERR/LOKO/0x00000002
15:43:32.911  INFO     RX        /ERR/LOKO/0x00000002
15:43:32.940  INFO     RX        /ERR/LOKO/0x00000002
15:43:32.940  INFO     RX        /ERR/LOKO/0x00000002
15:43:32.940  INFO     RX        /ERR/LOKO/0x00000002
15:43:32.975  INFO     RX        /ERR/LOKO/0x00000002
15:43:32.976  INFO     RX        /ERR/LOKO/0x00000002
15:43:32.976  INFO     RX        /ERR/LOKO/0x00000002
15:43:33.005  INFO     RX        /ERR/LOKO/0x00000002
15:43:33.005  INFO     RX        /ERR/LOKO/0x00000002
15:43:33.040  INFO     RX        /ERR/LOKO/0x00000002
15:43:33.040  INFO     RX        /ERR/LOKO/0x00000002
15:43:33.040  INFO     RX        /ERR/LOKO/0x00000002
15:43:33.040  INFO     RX        /ERR/LOKO/0x00000002
15:43:33.069  INFO     RX        /ERR/LOKO/0x00000002
15:43:33.069  INFO     RX        /ERR/LOKO/0x00000002
15:43:33.108  INFO     RX        /ERR/LOKO/0x00000002
15:43:33.108  INFO     RX        /ERR/LOKO/0x00000002
15:43:33.108  INFO     RX        /ERR/LOKO/0x00000002
15:43:33.131  INFO     RX        /ERR/LOKO/0x00000002
15:43:33.131  INFO     RX        /ERR/LOKO/0x00000002
15:43:33.164  INFO     RX        /ERR/LOKO/0x00000002
15:43:33.165  INFO     RX        /ERR/LOKO/0x00000002
15:43:33.165  INFO     RX        /ERR/LOKO/0x00000002
15:43:33.200  INFO     RX        /ERR/LOKO/0x00000002
15:43:33.200  INFO     RX        /ERR/LOKO/0x00000002
15:43:33.200  INFO     RX        /ERR/LOKO/0x00000002
15:43:33.229  INFO     RX        /ERR/LOKO/0x00000002
15:43:33.229  INFO     RX        /ERR/LOKO/0x00000002
15:43:33.229  INFO     RX        /ERR/LOKO/0x00000002
15:43:33.263  INFO     RX        /ERR/LOKO/0x00000002
15:43:33.263  INFO     RX        /ERR/LOKO/0x00000002
15:43:33.264  INFO     RX        /ERR/LOKO/0x00000002
15:43:33.294  INFO     RX        /ERR/LOKO/0x00000002
15:43:33.294  INFO     RX        /ERR/LOKO/0x00000002
15:43:33.325  INFO     RX        /ERR/LOKO/0x00000002
15:43:33.325  INFO     RX        /ERR/LOKO/0x00000002
15:43:33.325  INFO     RX        /ERR/LOKO/0x00000002
15:43:33.360  INFO     RX        /ERR/LOKO/0x00000002
15:43:33.361  INFO     RX        /ERR/LOKO/0x00000002
15:43:33.361  INFO     RX        /ERR/LOKO/0x00000002
15:43:33.390  INFO     RX        /ERR/LOKO/0x00000002
15:43:33.390  INFO     RX        /ERR/LOKO/0x00000002
15:43:33.425  INFO     RX        /ERR/LOKO/0x00000002
15:43:33.425  INFO     RX        /ERR/LOKO/0x00000002
15:43:33.425  INFO     RX        /ERR/LOKO/0x00000002
15:43:33.454  INFO     RX        /ERR/LOKO/0x00000002
15:43:33.454  INFO     RX        /ERR/LOKO/0x00000002
15:43:33.454  INFO     RX        /ERR/LOKO/0x00000002
15:43:33.489  INFO     RX        /ERR/LOKO/0x00000002
15:43:33.490  INFO     RX        /ERR/LOKO/0x00000002
15:43:33.490  INFO     RX        /ERR/LOKO/0x00000002
15:43:33.519  INFO     RX        /ERR/LOKO/0x00000002
15:43:33.519  INFO     RX        /ERR/LOKO/0x00000002
15:43:33.553  INFO     RX        /ERR/LOKO/0x00000002
15:43:33.553  INFO     RX        /ERR/LOKO/0x00000002
15:43:33.553  INFO     RX        /ERR/LOKO/0x00000002
15:43:33.583  INFO     RX        /ERR/LOKO/0x00000002
15:43:33.583  INFO     RX        /ERR/LOKO/0x00000002
15:43:33.583  INFO     RX        /ERR/LOKO/0x00000002
15:43:33.615  INFO     RX        /ERR/LOKO/0x00000002
15:43:33.615  INFO     RX        /ERR/LOKO/0x00000002
15:43:33.615  INFO     RX        /ERR/LOKO/0x00000002
15:43:33.649  INFO     RX        /ERR/LOKO/0x00000002
15:43:33.650  INFO     RX        /ERR/LOKO/0x00000002
15:43:33.650  INFO     RX        /ERR/LOKO/0x00000002
15:43:33.679  INFO     RX        /ERR/LOKO/0x00000002
15:43:33.679  INFO     RX        /ERR/LOKO/0x00000002
15:43:33.714  INFO     RX        /ERR/LOKO/0x00000002
15:43:33.714  INFO     RX        /ERR/LOKO/0x00000002
15:43:33.714  INFO     RX        /ERR/LOKO/0x00000002
15:43:33.748  INFO     RX        /ERR/LOKO/0x00000002
15:43:33.748  INFO     RX        /ERR/LOKO/0x00000002
15:43:33.748  INFO     RX        /ERR/LOKO/0x00000002
15:43:33.776  INFO     RX        /ERR/LOKO/0x00000002
15:43:33.777  INFO     RX        /ERR/LOKO/0x00000002
15:43:33.777  INFO     RX        /ERR/LOKO/0x00000002
15:43:33.811  INFO     RX        /ERR/LOKO/0x00000002
15:43:33.811  INFO     RX        /ERR/LOKO/0x00000002
15:43:33.811  INFO     RX        /ERR/LOKO/0x00000002
15:43:33.840  INFO     RX        /ERR/LOKO/0x00000002
15:43:33.840  INFO     RX        /ERR/LOKO/0x00000002
15:43:33.876  INFO     RX        /ERR/LOKO/0x00000002
15:43:33.876  INFO     RX        /ERR/LOKO/0x00000002
15:43:33.876  INFO     RX        /ERR/LOKO/0x00000002
15:43:33.905  INFO     RX        /ERR/LOKO/0x00000002
15:43:33.905  INFO     RX        /ERR/LOKO/0x00000002
15:43:33.905  INFO     RX        /ERR/LOKO/0x00000002
15:43:33.938  INFO     RX        /ERR/LOKO/0x00000002
15:43:33.938  INFO     RX        /ERR/LOKO/0x00000002
15:43:33.972  INFO     RX        /ERR/LOKO/0x00000002
15:43:33.972  INFO     RX        /ERR/LOKO/0x00000002
15:43:33.972  INFO     RX        /ERR/LOKO/0x00000002
15:43:34.001  INFO     RX        /ERR/LOKO/0x00000002
15:43:34.001  INFO     RX        /ERR/LOKO/0x00000002
15:43:34.001  INFO     RX        /ERR/LOKO/0x00000002
15:43:34.037  INFO     RX        /ERR/LOKO/0x00000002
15:43:34.037  INFO     RX        /ERR/LOKO/0x00000002
15:43:34.037  INFO     RX        /ERR/LOKO/0x00000002
15:43:34.066  INFO     RX        /ERR/LOKO/0x00000002
15:43:34.066  INFO     RX        /ERR/LOKO/0x00000002
15:43:34.099  INFO     RX        /ERR/LOKO/0x00000002
15:43:34.100  INFO     RX        /ERR/LOKO/0x00000002
15:43:34.100  INFO     RX        /ERR/LOKO/0x00000002
15:43:34.134  INFO     RX        /ERR/LOKO/0x00000002
15:43:34.135  INFO     RX        /ERR/LOKO/0x00000002
15:43:34.135  INFO     RX        /ERR/LOKO/0x00000002
15:43:34.166  INFO     RX        /ERR/LOKO/0x00000002
15:43:34.167  INFO     RX        /ERR/LOKO/0x00000002
15:43:34.167  INFO     RX        /ERR/LOKO/0x00000002
15:43:34.199  INFO     RX        /ERR/LOKO/0x00000002
15:43:34.199  INFO     RX        /ERR/LOKO/0x00000002
15:43:34.199  INFO     RX        /ERR/LOKO/0x00000002
15:43:34.228  INFO     RX        /ERR/LOKO/0x00000002
15:43:34.228  INFO     RX        /ERR/LOKO/0x00000002
15:43:34.260  INFO     RX        /ERR/LOKO/0x00000002
15:43:34.260  INFO     RX        /ERR/LOKO/0x00000002
15:43:34.260  INFO     RX        /ERR/LOKO/0x00000002
15:43:34.299  INFO     RX        /ERR/LOKO/0x00000002
15:43:34.299  INFO     RX        /ERR/LOKO/0x00000002
15:43:34.299  INFO     RX        /ERR/LOKO/0x00000002
15:43:34.325  INFO     RX        /ERR/LOKO/0x00000002
15:43:34.325  INFO     RX        /ERR/LOKO/0x00000002
15:43:34.352  DEBUG    TX /CONTROLL/0,0,0,0,0,0,0,0,0
15:43:34.359  INFO     RX        /ERR/LOKO/0x00000002
15:43:34.359  INFO     RX        /ERR/LOKO/0x00000002
15:43:34.359  INFO     RX        /ERR/LOKO/0x00000002
15:43:34.391  INFO     RX        /ERR/LOKO/0x00000002
15:43:34.391  INFO     RX        /ERR/LOKO/0x00000002
15:43:34.391  INFO     RX        /ERR/LOKO/0x00000002
15:43:34.420  INFO     RX        /ERR/LOKO/0x00000002
15:43:34.420  INFO     RX        /ERR/LOKO/0x00000002
15:43:34.420  INFO     RX        /ERR/LOKO/0x00000002
15:43:34.456  INFO     RX        /ERR/LOKO/0x00000002
15:43:34.456  INFO     RX        /ERR/LOKO/0x00000002
15:43:34.456  INFO     RX        /ERR/LOKO/0x00000002
15:43:34.484  INFO     RX        /ERR/LOKO/0x00000002
15:43:34.485  INFO     RX        /ERR/LOKO/0x00000002
15:43:34.520  INFO     RX        /ERR/LOKO/0x00000002
15:43:34.520  INFO     RX        /ERR/LOKO/0x00000002
15:43:34.520  INFO     RX        /ERR/LOKO/0x00000002
15:43:34.549  INFO     RX        /ERR/LOKO/0x00000002
15:43:34.549  INFO     RX        /ERR/LOKO/0x00000002
15:43:34.550  INFO     RX        /ERR/LOKO/0x00000002
15:43:34.585  INFO     RX        /ERR/LOKO/0x00000002
15:43:34.585  INFO     RX        /ERR/LOKO/0x00000002
15:43:34.585  INFO     RX        /ERR/LOKO/0x00000002
15:43:34.613  INFO     RX        /ERR/LOKO/0x00000002
15:43:34.613  INFO     RX        /ERR/LOKO/0x00000002
15:43:34.648  INFO     RX        /ERR/LOKO/0x00000002
15:43:34.648  INFO     RX        /ERR/LOKO/0x00000002
15:43:34.648  INFO     RX        /ERR/LOKO/0x00000002
15:43:34.678  INFO     RX        /ERR/LOKO/0x00000002
15:43:34.678  INFO     RX        /ERR/LOKO/0x00000002
15:43:34.678  INFO     RX        /ERR/LOKO/0x00000002
15:43:34.709  INFO     RX        /ERR/LOKO/0x00000002
15:43:34.709  INFO     RX        /ERR/LOKO/0x00000002
15:43:34.744  INFO     RX        /ERR/LOKO/0x00000002
15:43:34.744  INFO     RX        /ERR/LOKO/0x00000002
15:43:34.744  INFO     RX        /ERR/LOKO/0x00000002
15:43:34.773  INFO     RX        /ERR/LOKO/0x00000002
15:43:34.773  INFO     RX        /ERR/LOKO/0x00000002
15:43:34.774  INFO     RX        /ERR/LOKO/0x00000002
15:43:34.808  INFO     RX        /ERR/LOKO/0x00000002
15:43:34.809  INFO     RX        /ERR/LOKO/0x00000002
15:43:34.809  INFO     RX        /ERR/LOKO/0x00000002
15:43:34.838  INFO     RX        /ERR/LOKO/0x00000002
15:43:34.838  INFO     RX        /ERR/LOKO/0x00000002
15:43:34.870  INFO     RX        /ERR/LOKO/0x00000002
15:43:34.870  INFO     RX        /ERR/LOKO/0x00000002
15:43:34.870  INFO     RX        /ERR/LOKO/0x00000002
15:43:34.903  INFO     RX        /ERR/LOKO/0x00000002
15:43:34.903  INFO     RX        /ERR/LOKO/0x00000002
15:43:34.903  INFO     RX        /ERR/LOKO/0x00000002
15:43:34.934  INFO     RX        /ERR/LOKO/0x00000002
15:43:34.935  INFO     RX        /ERR/LOKO/0x00000002
15:43:34.935  INFO     RX        /ERR/LOKO/0x00000002
15:43:34.969  INFO     RX        /ERR/LOKO/0x00000002
15:43:34.969  INFO     RX        /ERR/LOKO/0x00000002
15:43:34.969  INFO     RX        /ERR/LOKO/0x00000002
15:43:34.998  INFO     RX        /ERR/LOKO/0x00000002
15:43:34.999  INFO     RX        /ERR/LOKO/0x00000002
15:43:35.031  INFO     RX        /ERR/LOKO/0x00000002
15:43:35.031  INFO     RX        /ERR/LOKO/0x00000002
15:43:35.031  INFO     RX        /ERR/LOKO/0x00000002
15:43:35.066  INFO     RX        /ERR/LOKO/0x00000002
15:43:35.066  INFO     RX        /ERR/LOKO/0x00000002
15:43:35.066  INFO     RX        /ERR/LOKO/0x00000002
15:43:35.096  INFO     RX        /ERR/LOKO/0x00000002
15:43:35.096  INFO     RX        /ERR/LOKO/0x00000002
15:43:35.129  INFO     RX        /ERR/LOKO/0x00000002
15:43:35.130  INFO     RX        /ERR/LOKO/0x00000002
15:43:35.130  INFO     RX        /ERR/LOKO/0x00000002
15:43:35.158  INFO     RX        /ERR/LOKO/0x00000002
15:43:35.158  INFO     RX        /ERR/LOKO/0x00000002
15:43:35.158  INFO     RX        /ERR/LOKO/0x00000002
15:43:35.190  INFO     RX        /ERR/LOKO/0x00000002
15:43:35.190  INFO     RX        /ERR/LOKO/0x00000002
15:43:35.190  INFO     RX        /ERR/LOKO/0x00000002
15:43:35.226  INFO     RX        /ERR/LOKO/0x00000002
15:43:35.226  INFO     RX        /ERR/LOKO/0x00000002
15:43:35.226  INFO     RX        /ERR/LOKO/0x00000002
15:43:35.254  INFO     RX        /ERR/LOKO/0x00000002
15:43:35.254  INFO     RX        /ERR/LOKO/0x00000002
15:43:35.289  INFO     RX        /ERR/LOKO/0x00000002
15:43:35.289  INFO     RX        /ERR/LOKO/0x00000002
15:43:35.289  INFO     RX        /ERR/LOKO/0x00000002
15:43:35.322  INFO     RX        /ERR/LOKO/0x00000002
15:43:35.323  INFO     RX        /ERR/LOKO/0x00000002
15:43:35.323  INFO     RX        /ERR/LOKO/0x00000002
15:43:35.350  INFO     RX        /ERR/LOKO/0x00000002
15:43:35.350  INFO     RX        /ERR/LOKO/0x00000002
15:43:35.385  INFO     RX        /ERR/LOKO/0x00000002
15:43:35.385  INFO     RX        /ERR/LOKO/0x00000002
15:43:35.385  INFO     RX        /ERR/LOKO/0x00000002
15:43:35.415  INFO     RX        /ERR/LOKO/0x00000002
15:43:35.415  INFO     RX        /ERR/LOKO/0x00000002
15:43:35.415  INFO     RX        /ERR/LOKO/0x00000002
15:43:35.450  INFO     RX        /ERR/LOKO/0x00000002
15:43:35.450  INFO     RX        /ERR/LOKO/0x00000002
15:43:35.450  INFO     RX        /ERR/LOKO/0x00000002
15:43:35.479  INFO     RX        /ERR/LOKO/0x00000002
15:43:35.479  INFO     RX        /ERR/LOKO/0x00000002
15:43:35.523  INFO     RX        /ERR/LOKO/0x00000002
15:43:35.523  INFO     RX        /ERR/LOKO/0x00000002
15:43:35.523  INFO     RX        /ERR/LOKO/0x00000002
15:43:35.523  INFO     RX        /ERR/LOKO/0x00000002
15:43:35.549  INFO     RX        /ERR/LOKO/0x00000002
15:43:35.549  INFO     RX        /ERR/LOKO/0x00000002
15:43:35.579  INFO     RX        /ERR/LOKO/0x00000002
15:43:35.579  INFO     RX        /ERR/LOKO/0x00000002
15:43:35.579  INFO     RX        /ERR/LOKO/0x00000002
15:43:35.612  INFO     RX        /ERR/LOKO/0x00000002
15:43:35.612  INFO     RX        /ERR/LOKO/0x00000002
15:43:35.612  INFO     RX        /ERR/LOKO/0x00000002
15:43:35.642  INFO     RX        /ERR/LOKO/0x00000002
15:43:35.642  INFO     RX        /ERR/LOKO/0x00000002
15:43:35.677  INFO     RX        /ERR/LOKO/0x00000002
15:43:35.677  INFO     RX        /ERR/LOKO/0x00000002
15:43:35.677  INFO     RX        /ERR/LOKO/0x00000002
15:43:35.705  INFO     RX        /ERR/LOKO/0x00000002
15:43:35.705  INFO     RX        /ERR/LOKO/0x00000002
15:43:35.705  INFO     RX        /ERR/LOKO/0x00000002
15:43:35.741  INFO     RX        /ERR/LOKO/0x00000002
15:43:35.741  INFO     RX        /ERR/LOKO/0x00000002
15:43:35.741  INFO     RX        /ERR/LOKO/0x00000002
15:43:35.770  INFO     RX        /ERR/LOKO/0x00000002
15:43:35.770  INFO     RX        /ERR/LOKO/0x00000002
15:43:35.801  INFO     RX        /ERR/LOKO/0x00000002
15:43:35.801  INFO     RX        /ERR/LOKO/0x00000002
15:43:35.801  INFO     RX        /ERR/LOKO/0x00000002
15:43:35.837  INFO     RX        /ERR/LOKO/0x00000002
15:43:35.837  INFO     RX        /ERR/LOKO/0x00000002
15:43:35.837  INFO     RX        /ERR/LOKO/0x00000002
15:43:35.867  INFO     RX        /ERR/LOKO/0x00000002
15:43:35.867  INFO     RX        /ERR/LOKO/0x00000002
15:43:35.867  INFO     RX        /ERR/LOKO/0x00000002
15:43:35.902  INFO     RX        /ERR/LOKO/0x00000002
15:43:35.902  INFO     RX        /ERR/LOKO/0x00000002
15:43:35.902  INFO     RX        /ERR/LOKO/0x00000002
15:43:35.931  INFO     RX        /ERR/LOKO/0x00000002
15:43:35.931  INFO     RX        /ERR/LOKO/0x00000002
15:43:35.961  DEBUG    TX /CONTROLL/0,0,0,0,0,0,0,0,0
15:43:35.966  INFO     RX        /ERR/LOKO/0x00000002
15:43:35.967  INFO     RX        /ERR/LOKO/0x00000002
15:43:35.967  INFO     RX        /ERR/LOKO/0x00000002
15:43:35.997  INFO     RX        /ERR/LOKO/0x00000002
15:43:35.997  INFO     RX        /ERR/LOKO/0x00000002
15:43:35.997  INFO     RX        /ERR/LOKO/0x00000002
15:43:36.030  INFO     RX        /ERR/LOKO/0x00000002
15:43:36.030  INFO     RX        /ERR/LOKO/0x00000002
15:43:36.030  INFO     RX        /ERR/LOKO/0x00000002
15:43:36.065  INFO     RX        /ERR/LOKO/0x00000002
15:43:36.065  INFO     RX        /ERR/LOKO/0x00000002
15:43:36.065  INFO     RX        /ERR/LOKO/0x00000002
15:43:36.107  INFO     RX        /ERR/LOKO/0x00000002
15:43:36.107  INFO     RX        /ERR/LOKO/0x00000002
15:43:36.107  INFO     RX        /ERR/LOKO/0x00000002
15:43:36.128  INFO     RX        /ERR/LOKO/0x00000002
15:43:36.128  INFO     RX        /ERR/LOKO/0x00000002
15:43:36.160  INFO     RX        /ERR/LOKO/0x00000002
15:43:36.160  INFO     RX        /ERR/LOKO/0x00000002
15:43:36.160  INFO     RX        /ERR/LOKO/0x00000002
15:43:36.190  INFO     RX        /ERR/LOKO/0x00000002
15:43:36.190  INFO     RX        /ERR/LOKO/0x00000002
15:43:36.226  INFO     RX        /ERR/LOKO/0x00000002
15:43:36.226  INFO     RX        /ERR/LOKO/0x00000002
15:43:36.226  INFO     RX        /ERR/LOKO/0x00000002
15:43:36.254  INFO     RX        /ERR/LOKO/0x00000002
15:43:36.254  INFO     RX        /ERR/LOKO/0x00000002
15:43:36.254  INFO     RX        /ERR/LOKO/0x00000002
15:43:36.289  INFO     RX        /ERR/LOKO/0x00000002
15:43:36.289  INFO     RX        /ERR/LOKO/0x00000002
15:43:36.289  INFO     RX        /ERR/LOKO/0x00000002
15:43:36.327  INFO     RX        /ERR/LOKO/0x00000002
15:43:36.327  INFO     RX        /ERR/LOKO/0x00000002
15:43:36.327  INFO     RX        /ERR/LOKO/0x00000002
15:43:36.350  INFO     RX        /ERR/LOKO/0x00000002
15:43:36.350  INFO     RX        /ERR/LOKO/0x00000002
15:43:36.383  INFO     RX        /ERR/LOKO/0x00000002
15:43:36.383  INFO     RX        /ERR/LOKO/0x00000002
15:43:36.383  INFO     RX        /ERR/LOKO/0x00000002
15:43:36.414  INFO     RX        /ERR/LOKO/0x00000002
15:43:36.414  INFO     RX        /ERR/LOKO/0x00000002
15:43:36.451  INFO     RX        /ERR/LOKO/0x00000002
15:43:36.451  INFO     RX        /ERR/LOKO/0x00000002
15:43:36.451  INFO     RX        /ERR/LOKO/0x00000002
15:43:36.451  INFO     RX        /ERR/LOKO/0x00000002
15:43:36.481  INFO     RX        /ERR/LOKO/0x00000002
15:43:36.481  INFO     RX        /ERR/LOKO/0x00000002
15:43:36.516  INFO     RX        /ERR/LOKO/0x00000002
15:43:36.516  INFO     RX        /ERR/LOKO/0x00000002
15:43:36.516  INFO     RX        /ERR/LOKO/0x00000002
15:43:36.544  INFO     RX        /ERR/LOKO/0x00000002
15:43:36.545  INFO     RX        /ERR/LOKO/0x00000002
15:43:36.545  INFO     RX        /ERR/LOKO/0x00000002
15:43:36.578  INFO     RX        /ERR/LOKO/0x00000002
15:43:36.579  INFO     RX        /ERR/LOKO/0x00000002
15:43:36.579  INFO     RX        /ERR/LOKO/0x00000002
15:43:36.612  INFO     RX        /ERR/LOKO/0x00000002
15:43:36.612  INFO     RX        /ERR/LOKO/0x00000002
15:43:36.641  INFO     RX        /ERR/LOKO/0x00000002
15:43:36.641  INFO     RX        /ERR/LOKO/0x00000002
15:43:36.641  INFO     RX        /ERR/LOKO/0x00000002
15:43:36.674  INFO     RX        /ERR/LOKO/0x00000002
15:43:36.674  INFO     RX        /ERR/LOKO/0x00000002
15:43:36.674  INFO     RX        /ERR/LOKO/0x00000002
15:43:36.709  INFO     RX        /ERR/LOKO/0x00000002
15:43:36.709  INFO     RX        /ERR/LOKO/0x00000002
15:43:36.709  INFO     RX        /ERR/LOKO/0x00000002
15:43:36.739  INFO     RX        /ERR/LOKO/0x00000002
15:43:36.739  INFO     RX        /ERR/LOKO/0x00000002
15:43:36.775  INFO     RX        /ERR/LOKO/0x00000002
15:43:36.775  INFO     RX        /ERR/LOKO/0x00000002
15:43:36.775  INFO     RX        /ERR/LOKO/0x00000002
15:43:36.804  INFO     RX        /ERR/LOKO/0x00000002
15:43:36.805  INFO     RX        /ERR/LOKO/0x00000002
15:43:36.805  INFO     RX        /ERR/LOKO/0x00000002
15:43:36.838  INFO     RX        /ERR/LOKO/0x00000002
15:43:36.838  INFO     RX        /ERR/LOKO/0x00000002
15:43:36.838  INFO     RX        /ERR/LOKO/0x00000002
15:43:36.871  INFO     RX        /ERR/LOKO/0x00000002
15:43:36.871  INFO     RX        /ERR/LOKO/0x00000002
15:43:36.871  INFO     RX        /ERR/LOKO/0x00000002
15:43:36.902  INFO     RX        /ERR/LOKO/0x00000002
15:43:36.903  INFO     RX        /ERR/LOKO/0x00000002
15:43:36.932  INFO     RX        /ERR/LOKO/0x00000002
15:43:36.932  INFO     RX        /ERR/LOKO/0x00000002
15:43:36.932  INFO     RX        /ERR/LOKO/0x00000002
15:43:36.967  INFO     RX        /ERR/LOKO/0x00000002
15:43:36.967  INFO     RX        /ERR/LOKO/0x00000002
15:43:36.967  INFO     RX        /ERR/LOKO/0x00000002
15:43:36.996  INFO     RX        /ERR/LOKO/0x00000002
15:43:36.997  INFO     RX        /ERR/LOKO/0x00000002
15:43:37.032  INFO     RX        /ERR/LOKO/0x00000002
15:43:37.032  INFO     RX        /ERR/LOKO/0x00000002
15:43:37.032  INFO     RX        /ERR/LOKO/0x00000002
15:43:37.061  INFO     RX        /ERR/LOKO/0x00000002
15:43:37.061  INFO     RX        /ERR/LOKO/0x00000002
15:43:37.061  INFO     RX        /ERR/LOKO/0x00000002
15:43:37.093  INFO     RX        /ERR/LOKO/0x00000002
15:43:37.094  INFO     RX        /ERR/LOKO/0x00000002
15:43:37.094  INFO     RX        /ERR/LOKO/0x00000002
15:43:37.128  INFO     RX        /ERR/LOKO/0x00000002
15:43:37.129  INFO     RX        /ERR/LOKO/0x00000002
15:43:37.129  INFO     RX        /ERR/LOKO/0x00000002
15:43:37.157  INFO     RX        /ERR/LOKO/0x00000002
15:43:37.157  INFO     RX        /ERR/LOKO/0x00000002
15:43:37.193  INFO     RX        /ERR/LOKO/0x00000002
15:43:37.193  INFO     RX        /ERR/LOKO/0x00000002
15:43:37.193  INFO     RX        /ERR/LOKO/0x00000002
15:43:37.222  INFO     RX        /ERR/LOKO/0x00000002
15:43:37.222  INFO     RX        /ERR/LOKO/0x00000002
15:43:37.222  INFO     RX        /ERR/LOKO/0x00000002
15:43:37.258  INFO     RX        /ERR/LOKO/0x00000002
15:43:37.258  INFO     RX        /ERR/LOKO/0x00000002
15:43:37.258  INFO     RX        /ERR/LOKO/0x00000002
15:43:37.291  INFO     RX        /ERR/LOKO/0x00000002
15:43:37.291  INFO     RX        /ERR/LOKO/0x00000002
15:43:37.291  INFO     RX        /ERR/LOKO/0x00000002
15:43:37.320  INFO     RX        /ERR/LOKO/0x00000002
15:43:37.320  INFO     RX        /ERR/LOKO/0x00000002
15:43:37.357  INFO     RX        /ERR/LOKO/0x00000002
15:43:37.357  INFO     RX        /ERR/LOKO/0x00000002
15:43:37.357  INFO     RX        /ERR/LOKO/0x00000002
15:43:37.384  INFO     RX        /ERR/LOKO/0x00000002
15:43:37.385  INFO     RX        /ERR/LOKO/0x00000002
15:43:37.385  INFO     RX        /ERR/LOKO/0x00000002
15:43:37.418  INFO     RX        /ERR/LOKO/0x00000002
15:43:37.418  INFO     RX        /ERR/LOKO/0x00000002
15:43:37.418  INFO     RX        /ERR/LOKO/0x00000002
15:43:37.453  INFO     RX        /ERR/LOKO/0x00000002
15:43:37.453  INFO     RX        /ERR/LOKO/0x00000002
15:43:37.480  INFO     RX        /ERR/LOKO/0x00000002
15:43:37.480  INFO     RX        /ERR/LOKO/0x00000002
15:43:37.480  INFO     RX        /ERR/LOKO/0x00000002
15:43:37.513  INFO     RX        /ERR/LOKO/0x00000002
15:43:37.513  INFO     RX        /ERR/LOKO/0x00000002
15:43:37.513  INFO     RX        /ERR/LOKO/0x00000002
15:43:37.549  INFO     RX        /ERR/LOKO/0x00000002
15:43:37.549  INFO     RX        /ERR/LOKO/0x00000002
15:43:37.549  INFO     RX        /ERR/LOKO/0x00000002
15:43:37.574  DEBUG    TX /CONTROLL/0,0,0,0,0,0,0,0,0
15:43:37.577  INFO     RX        /ERR/LOKO/0x00000002
15:43:37.577  INFO     RX        /ERR/LOKO/0x00000002
15:43:37.616  INFO     RX        /ERR/LOKO/0x00000002
15:43:37.616  INFO     RX        /ERR/LOKO/0x00000002
15:43:37.616  INFO     RX        /ERR/LOKO/0x00000002
15:43:37.643  INFO     RX        /ERR/LOKO/0x00000002
15:43:37.643  INFO     RX        /ERR/LOKO/0x00000002
15:43:37.644  INFO     RX        /ERR/LOKO/0x00000002
15:43:37.674  INFO     RX        /ERR/LOKO/0x00000002
15:43:37.674  INFO     RX        /ERR/LOKO/0x00000002
15:43:37.710  INFO     RX        /ERR/LOKO/0x00000002
15:43:37.710  INFO     RX        /ERR/LOKO/0x00000002
15:43:37.710  INFO     RX        /ERR/LOKO/0x00000002
15:43:37.739  INFO     RX        /ERR/LOKO/0x00000002
15:43:37.739  INFO     RX        /ERR/LOKO/0x00000002
15:43:37.739  INFO     RX        /ERR/LOKO/0x00000002
15:43:37.774  INFO     RX        /ERR/LOKO/0x00000002
15:43:37.774  INFO     RX        /ERR/LOKO/0x00000002
15:43:37.774  INFO     RX        /ERR/LOKO/0x00000002
15:43:37.806  INFO     RX        /ERR/LOKO/0x00000002
15:43:37.806  INFO     RX        /ERR/LOKO/0x00000002
15:43:37.806  INFO     RX        /ERR/LOKO/0x00000002
15:43:37.834  INFO     RX        /ERR/LOKO/0x00000002
15:43:37.834  INFO     RX        /ERR/LOKO/0x00000002
15:43:37.867  INFO     RX        /ERR/LOKO/0x00000002
15:43:37.867  INFO     RX        /ERR/LOKO/0x00000002
15:43:37.867  INFO     RX        /ERR/LOKO/0x00000002
15:43:37.902  INFO     RX        /ERR/LOKO/0x00000002
15:43:37.902  INFO     RX        /ERR/LOKO/0x00000002
15:43:37.902  INFO     RX        /ERR/LOKO/0x00000002
15:43:37.931  INFO     RX        /ERR/LOKO/0x00000002
15:43:37.931  INFO     RX        /ERR/LOKO/0x00000002
15:43:37.967  INFO     RX        /ERR/LOKO/0x00000002
15:43:37.967  INFO     RX        /ERR/LOKO/0x00000002
15:43:37.967  INFO     RX        /ERR/LOKO/0x00000002
15:43:37.995  INFO     RX        /ERR/LOKO/0x00000002
15:43:37.995  INFO     RX        /ERR/LOKO/0x00000002
15:43:37.995  INFO     RX        /ERR/LOKO/0x00000002
15:43:38.033  INFO     RX        /ERR/LOKO/0x00000002
15:43:38.033  INFO     RX        /ERR/LOKO/0x00000002
15:43:38.033  INFO     RX        /ERR/LOKO/0x00000002
15:43:38.069  INFO     RX        /ERR/LOKO/0x00000002
15:43:38.069  INFO     RX        /ERR/LOKO/0x00000002
15:43:38.069  INFO     RX        /ERR/LOKO/0x00000002
15:43:38.096  INFO     RX        /ERR/LOKO/0x00000002
15:43:38.096  INFO     RX        /ERR/LOKO/0x00000002
15:43:38.096  INFO     RX        /ERR/LOKO/0x00000002
15:43:38.125  INFO     RX        /ERR/LOKO/0x00000002
15:43:38.125  INFO     RX        /ERR/LOKO/0x00000002
15:43:38.159  INFO     RX        /ERR/LOKO/0x00000002
15:43:38.160  INFO     RX        /ERR/LOKO/0x00000002
15:43:38.160  INFO     RX        /ERR/LOKO/0x00000002
15:43:38.189  INFO     RX        /ERR/LOKO/0x00000002
15:43:38.189  INFO     RX        /ERR/LOKO/0x00000002
15:43:38.189  INFO     RX        /ERR/LOKO/0x00000002
15:43:38.221  INFO     RX        /ERR/LOKO/0x00000002
15:43:38.221  INFO     RX        /ERR/LOKO/0x00000002
15:43:38.257  INFO     RX        /ERR/LOKO/0x00000002
15:43:38.257  INFO     RX        /ERR/LOKO/0x00000002
15:43:38.257  INFO     RX        /ERR/LOKO/0x00000002
15:43:38.286  INFO     RX        /ERR/LOKO/0x00000002
15:43:38.286  INFO     RX        /ERR/LOKO/0x00000002
15:43:38.286  INFO     RX        /ERR/LOKO/0x00000002
15:43:38.321  INFO     RX        /ERR/LOKO/0x00000002
15:43:38.321  INFO     RX        /ERR/LOKO/0x00000002
15:43:38.321  INFO     RX        /ERR/LOKO/0x00000002
15:43:38.350  INFO     RX        /ERR/LOKO/0x00000002
15:43:38.350  INFO     RX        /ERR/LOKO/0x00000002
15:43:38.385  INFO     RX        /ERR/LOKO/0x00000002
15:43:38.385  INFO     RX        /ERR/LOKO/0x00000002
15:43:38.385  INFO     RX        /ERR/LOKO/0x00000002
15:43:38.414  INFO     RX        /ERR/LOKO/0x00000002
15:43:38.415  INFO     RX        /ERR/LOKO/0x00000002
15:43:38.415  INFO     RX        /ERR/LOKO/0x00000002
15:43:38.449  INFO     RX        /ERR/LOKO/0x00000002
15:43:38.449  INFO     RX        /ERR/LOKO/0x00000002
15:43:38.449  INFO     RX        /ERR/LOKO/0x00000002
15:43:38.478  INFO     RX        /ERR/LOKO/0x00000002
15:43:38.478  INFO     RX        /ERR/LOKO/0x00000002
15:43:38.510  INFO     RX        /ERR/LOKO/0x00000002
15:43:38.510  INFO     RX        /ERR/LOKO/0x00000002
15:43:38.510  INFO     RX        /ERR/LOKO/0x00000002
15:43:38.542  INFO     RX        /ERR/LOKO/0x00000002
15:43:38.542  INFO     RX        /ERR/LOKO/0x00000002
15:43:38.542  INFO     RX        /ERR/LOKO/0x00000002
15:43:38.577  INFO     RX        /ERR/LOKO/0x00000002
15:43:38.577  INFO     RX        /ERR/LOKO/0x00000002
15:43:38.577  INFO     RX        /ERR/LOKO/0x00000002
15:43:38.606  INFO     RX        /ERR/LOKO/0x00000002
15:43:38.607  INFO     RX        /ERR/LOKO/0x00000002
15:43:38.639  INFO     RX        /ERR/LOKO/0x00000002
15:43:38.639  INFO     RX        /ERR/LOKO/0x00000002
15:43:38.639  INFO     RX        /ERR/LOKO/0x00000002
15:43:38.670  INFO     RX        /ERR/LOKO/0x00000002
15:43:38.670  INFO     RX        /ERR/LOKO/0x00000002
15:43:38.671  INFO     RX        /ERR/LOKO/0x00000002
15:43:38.706  INFO     RX        /ERR/LOKO/0x00000002
15:43:38.706  INFO     RX        /ERR/LOKO/0x00000002
15:43:38.706  INFO     RX        /ERR/LOKO/0x00000002
15:43:38.735  INFO     RX        /ERR/LOKO/0x00000002
15:43:38.735  INFO     RX        /ERR/LOKO/0x00000002
15:43:38.770  INFO     RX        /ERR/LOKO/0x00000002
15:43:38.770  INFO     RX        /ERR/LOKO/0x00000002
15:43:38.770  INFO     RX        /ERR/LOKO/0x00000002
15:43:39.189  DEBUG    TX /CONTROLL/0,0,0,0,0,0,0,0,0
15:43:40.802  DEBUG    TX /CONTROLL/0,0,0,0,0,0,0,0,0
15:43:42.413  DEBUG    TX /CONTROLL/0,0,0,0,0,0,0,0,0
15:43:44.027  DEBUG    TX /CONTROLL/0,0,0,0,0,0,0,0,0
15:43:45.641  DEBUG    TX /CONTROLL/0,0,0,0,0,0,0,0,0
15:43:47.253  DEBUG    TX /CONTROLL/0,0,0,0,0,0,0,0,0
15:43:48.866  DEBUG    TX /CONTROLL/0,0,0,0,0,0,0,0,0
15:43:50.479  DEBUG    TX /CONTROLL/0,0,0,0,0,0,0,0,0
15:43:52.082  DEBUG    TX /CONTROLL/0,0,0,0,0,0,0,0,0
15:43:53.693  DEBUG    TX /CONTROLL/0,0,0,0,0,0,0,0,0
15:43:55.302  DEBUG    TX /CONTROLL/0,0,0,0,0,0,0,0,0
15:43:56.908  DEBUG    TX /CONTROLL/0,0,0,0,0,0,0,0,0
15:43:58.510  DEBUG    TX /CONTROLL/0,0,0,0,0,0,0,0,0
15:44:00.122  DEBUG    TX /CONTROLL/0,0,0,0,0,0,0,0,0
15:44:01.731  DEBUG    TX /CONTROLL/0,0,0,0,0,0,0,0,0
15:44:03.338  DEBUG    TX /CONTROLL/0,0,0,0,0,0,0,0,0
15:44:04.949  DEBUG    TX /CONTROLL/0,0,0,0,0,0,0,0,0
15:44:06.557  DEBUG    TX /CONTROLL/0,0,0,0,0,0,0,0,0
15:44:08.166  DEBUG    TX /CONTROLL/0,0,0,0,0,0,0,0,0
15:44:09.771  DEBUG    TX /CONTROLL/0,0,0,0,0,0,0,0,0
15:44:11.383  DEBUG    TX /CONTROLL/0,0,0,0,0,0,0,0,0
15:44:12.991  DEBUG    TX /CONTROLL/0,0,0,0,0,0,0,0,0
15:44:14.599  DEBUG    TX /CONTROLL/0,0,0,0,0,0,0,0,0
15:44:16.209  DEBUG    TX /CONTROLL/0,0,0,0,0,0,0,0,0
15:44:17.815  DEBUG    TX /CONTROLL/0,0,0,0,0,0,0,0,0
15:44:19.425  DEBUG    TX /CONTROLL/0,0,0,0,0,0,0,0,0
15:44:21.036  DEBUG    TX /CONTROLL/0,0,0,0,0,0,0,0,0
15:44:22.638  DEBUG    TX /CONTROLL/0,0,0,0,0,0,0,0,0
15:44:24.244  DEBUG    TX /CONTROLL/0,0,0,0,0,0,0,0,0
15:44:25.850  DEBUG    TX /CONTROLL/0,0,0,0,0,0,0,0,0
15:44:27.455  DEBUG    TX /CONTROLL/0,0,0,0,0,0,0,0,0
15:44:29.060  DEBUG    TX /CONTROLL/0,0,0,0,0,0,0,0,0
15:44:30.672  DEBUG    TX /CONTROLL/0,0,0,0,0,0,0,0,0
15:44:32.285  DEBUG    TX /CONTROLL/0,0,0,0,0,0,0,0,0
15:44:33.893  DEBUG    TX /CONTROLL/0,0,0,0,0,0,0,0,0
15:44:35.499  DEBUG    TX /CONTROLL/0,0,0,0,0,0,0,0,0
15:44:37.116  DEBUG    TX /CONTROLL/0,0,0,0,0,0,0,0,0
15:44:38.725  DEBUG    TX /CONTROLL/0,0,0,0,0,0,0,0,0
15:44:40.344  DEBUG    TX /CONTROLL/0,0,0,0,0,0,0,0,0
15:44:41.955  DEBUG    TX /CONTROLL/0,0,0,0,0,0,0,0,0
15:44:43.574  DEBUG    TX /CONTROLL/0,0,0,0,0,0,0,0,0
15:44:45.192  DEBUG    TX /CONTROLL/0,0,0,0,0,0,0,0,0
15:44:46.804  DEBUG    TX /CONTROLL/0,0,0,0,0,0,0,0,0
15:44:48.441  DEBUG    TX /CONTROLL/0,0,0,0,0,0,0,0,0
15:44:50.057  DEBUG    TX /CONTROLL/0,0,0,0,0,0,0,0,0
15:44:51.673  DEBUG    TX /CONTROLL/0,0,0,0,0,0,0,0,0
15:44:53.284  DEBUG    TX /CONTROLL/0,0,0,0,0,0,0,0,0
15:44:54.903  DEBUG    TX /CONTROLL/0,0,0,0,0,0,0,0,0
15:44:56.511  DEBUG    TX /CONTROLL/0,0,0,0,0,0,0,0,0
15:44:58.120  DEBUG    TX /CONTROLL/0,0,0,0,0,0,0,0,0
15:53:20.770  WARNING  Connection closed by remote
15:53:22.320  DEBUG    TX /CONTROLL/0,0,0,0,0,0,0,0,0
15:53:23.929  DEBUG    TX /CONTROLL/0,0,0,0,0,0,0,0,0
15:53:25.535  DEBUG    TX /CONTROLL/0,0,0,0,0,0,0,0,0
15:53:27.135  DEBUG    TX /CONTROLL/0,0,0,0,0,0,0,0,0
15:53:28.739  DEBUG    TX /CONTROLL/0,0,0,0,0,0,0,0,0
15:53:30.356  DEBUG    TX /CONTROLL/0,0,0,0,0,0,0,0,0
15:53:31.977  DEBUG    TX /CONTROLL/0,0,0,0,0,0,0,0,0
15:53:33.578  DEBUG    TX /CONTROLL/0,0,0,0,0,0,0,0,0
15:53:35.185  DEBUG    TX /CONTROLL/0,0,0,0,0,0,0,0,0
