17:25:09.490  INFO     Connecting to 100.122.9.49:5000...
17:25:11.079  DEBUG    TX /CONTROLL/0,0,0,0,0,0,0,0,0
17:25:12.686  DEBUG    TX /CONTROLL/0,0,0,0,0,0,0,0,0
17:25:14.296  DEBUG    TX /CONTROLL/0,0,0,0,0,0,0,0,0
17:25:15.905  DEBUG    TX /CONTROLL/0,0,0,0,0,0,0,0,0
17:25:17.520  DEBUG    TX /CONTROLL/0,0,0,0,0,0,0,0,0
17:25:18.067  INFO     Network connection established
17:25:18.067  INFO     RX        /BATTERY/VDDA/12855 mV
17:25:18.067  INFO     RX        === Hexapod Mainboard ===
17:25:18.082  INFO     RX        PCA9685 Right: OK
17:25:18.100  INFO     RX        PCA9685 Left:  OK
17:25:18.136  INFO     RX        LSM6DSO IMU:   OK
17:25:18.290  INFO     RX        VL53L1X ToF:   OK
17:25:19.124  DEBUG    TX /CONTROLL/0,0,0,0,0,0,0,0,0
17:25:20.731  DEBUG    TX /CONTROLL/0,0,0,0,0,0,0,0,0
17:25:22.338  DEBUG    TX /CONTROLL/0,0,0,0,0,0,0,0,0
17:25:23.946  DEBUG    TX /CONTROLL/0,0,0,0,0,0,0,0,0
17:25:25.551  DEBUG    TX /CONTROLL/0,0,0,0,0,0,0,0,0
17:25:27.164  DEBUG    TX /CONTROLL/0,0,0,0,0,0,0,0,0
17:25:28.773  DEBUG    TX /CONTROLL/0,0,0,0,0,0,0,0,0
17:25:29.679  INFO     RX        Locomotion:    INIT (UN_A/BATTERY/VDDA/12857 mV
17:25:29.679  INFO     RX        === Hexapod Mainboard ===
17:25:29.725  INFO     RX        PCA9685 Right: OK
17:25:29.725  INFO     RX        PCA9685 Left:  OK
17:25:29.731  INFO     RX        LSM6DSO IMU:   OK
17:25:29.905  INFO     RX        VL53L1X ToF:   OK
17:25:29.949  INFO     RX        Locomotion:    INIT (UN_ARMED, printf mode)
17:25:29.949  INFO     RX        Press L1 to arm, R1 to disarm at any time.
17:25:29.949  INFO     RX        Ready.
17:25:30.381  DEBUG    TX /CONTROLL/0,0,0,0,0,0,0,0,0
17:25:31.990  DEBUG    TX /CONTROLL/0,0,0,0,0,0,0,0,0
17:25:33.602  DEBUG    TX /CONTROLL/0,0,0,0,0,0,0,0,0
17:25:35.213  DEBUG    TX /CONTROLL/0,0,0,0,0,0,0,0,0
17:25:36.826  DEBUG    TX /CONTROLL/0,0,0,0,0,0,0,0,0
17:25:38.432  DEBUG    TX /CONTROLL/0,0,0,0,0,0,0,0,0
17:25:39.973  INFO     RX        SERVO FR.[C: 90 F:106 T:107] MR.[C: 90 F:106 T:107] BR.[C: 90 F:106 T:10/BATTERY/VDDA/12861 mV
17:25:39.985  INFO     RX        === Hexapod Mainboard ===
17:25:40.021  INFO     RX        PCA9685 Right: OK
17:25:40.021  INFO     RX        PCA9685 Left:  OK
17:25:40.045  DEBUG    TX /CONTROLL/0,0,0,0,0,0,0,0,0
17:25:40.048  INFO     RX        LSM6DSO IMU:   OK
17:25:40.201  INFO     RX        VL53L1X ToF:   OK
17:25:40.231  INFO     RX        Locomotion:    INIT (UN_ARMED, printf mode)
17:25:40.240  INFO     RX        Press L1 to arm, R1 to disarm at any time.
17:25:40.240  INFO     RX        Ready.
17:25:41.659  DEBUG    TX /CONTROLL/0,0,0,0,0,0,0,0,0
17:25:43.279  DEBUG    TX /CONTROLL/0,0,0,0,0,0,0,0,0
17:25:44.889  DEBUG    TX /CONTROLL/0,0,0,0,0,0,0,0,0
17:25:46.502  DEBUG    TX /CONTROLL/0,0,19,-100,0,0,0,0,0
17:25:48.081  INFO     RX        SERVO FR.[C: 90 F:106 T:107] MR.[C: 90 F:106 T:107] BR.[C: 90 F:106 T:10/BATTERY/VDDA/12857 mV
17:25:48.081  INFO     RX        === Hexapod Mainboard ===
17:25:48.110  DEBUG    TX /CONTROLL/0,0,0,0,0,0,0,0,0
17:25:48.115  INFO     RX        PCA9685 Right: OK
17:25:48.115  INFO     RX        PCA9685 Left:  OK
17:25:48.145  INFO     RX        LSM6DSO IMU:   OK
17:25:48.296  INFO     RX        VL53L1X ToF:   OK
17:25:48.326  INFO     RX        Locomotion:    INIT (UN_ARMED, printf mode)
17:25:48.338  INFO     RX        Press L1 to arm, R1 to disarm at any time.
17:25:48.338  INFO     RX        Ready.
17:25:49.717  DEBUG    TX /CONTROLL/0,0,0,0,0,0,0,0,0
17:25:51.333  DEBUG    TX /CONTROLL/0,0,0,0,0,0,0,0,0
17:25:52.595  INFO     RX        SERVO FR.[C: 90 F:106 T:/BATTERY/VDDA/12859 mV
17:25:52.595  INFO     RX        === Hexapod Mainboard ===
17:25:52.642  INFO     RX        PCA9685 Right: OK
17:25:52.642  INFO     RX        PCA9685 Left:  OK
17:25:52.648  INFO     RX        LSM6DSO IMU:   OK
17:25:52.946  DEBUG    TX /CONTROLL/0,0,0,0,0,0,0,0,0
17:25:53.053  INFO     RX        VL53L1X ToF:   OK
17:25:53.053  INFO     RX        Locomotion:    INIT (UN_ARMED, printf mode)
17:25:53.053  INFO     RX        Press L1 to arm, R1 to disarm at any time.
17:25:53.053  INFO     RX        Ready.
17:25:54.561  DEBUG    TX /CONTROLL/0,0,0,0,0,0,0,0,0
17:25:54.813  INFO     RX        SERVO FR.[C: 90 F:106 T:/BATTERY/VDDA/12857 mV
17:25:54.813  INFO     RX        === Hexapod Mainboard ===
17:25:54.831  INFO     RX        PCA9685 Right: OK
17:25:54.855  INFO     RX        PCA9685 Left:  OK
17:25:54.887  INFO     RX        LSM6DSO IMU:   OK
17:25:55.039  INFO     RX        VL53L1X ToF:   OK
17:25:55.077  INFO     RX        Locomotion:    INIT (UN_ARMED, printf mode)
17:25:55.077  INFO     RX        Press L1 to arm, R1 to disarm at any time.
17:25:55.077  INFO     RX        Ready.
17:25:56.171  DEBUG    TX /CONTROLL/0,0,0,0,0,0,0,0,0
17:25:57.493  INFO     RX        SERVO FR.[C: 90 F:106 T:107] MR.[C: 90 F:106 T:107] BR.[C: 90 F:106 T:10/BATTERY/VDDA/12861 mV
17:25:57.493  INFO     RX        === Hexapod Mainboard ===
17:25:57.524  INFO     RX        PCA9685 Right: OK
17:25:57.524  INFO     RX        PCA9685 Left:  OK
17:25:57.560  INFO     RX        LSM6DSO IMU:   OK
17:25:57.705  INFO     RX        VL53L1X ToF:   OK
17:25:57.749  INFO     RX        Locomotion:    INIT (UN_ARMED, printf mode)
17:25:57.749  INFO     RX        Press L1 to arm, R1 to disarm at any time.
17:25:57.749  INFO     RX        Ready.
17:25:57.779  DEBUG    TX /CONTROLL/0,0,0,0,0,0,0,0,0
17:25:58.821  INFO     RX        /BATTERY/VDDA/12863 mV
17:25:58.821  INFO     RX        === Hexapod Mainboard ===
17:25:58.845  INFO     RX        PCA9685 Right: OK
17:25:58.960  INFO     RX        PCA9685 Left:  OK
17:25:58.960  INFO     RX        LSM6DSO IMU:   OK
17:25:59.048  INFO     RX        VL53L1X ToF:   OK
17:25:59.078  INFO     RX        Locomotion:    INIT (UN_ARMED, printf mode)
17:25:59.078  INFO     RX        Press L1 to arm, R1 to disarm at any time.
17:25:59.078  INFO     RX        Ready.
17:25:59.391  DEBUG    TX /CONTROLL/0,0,0,0,0,0,0,0,0
17:26:00.301  INFO     RX        /ERR/LOKO/0x00000002
17:26:00.301  INFO     RX        /ERR/LOKO/0x00000002
17:26:00.336  INFO     RX        /ERR/LOKO/0x00000002
17:26:00.336  INFO     RX        /ERR/LOKO/0x00000002
17:26:00.336  INFO     RX        /ERR/LOKO/0x00000002
17:26:00.364  INFO     RX        /ERR/LOKO/0x00000002
17:26:00.365  INFO     RX        /ERR/LOKO/0x00000002
17:26:00.400  INFO     RX        /ERR/LOKO/0x00000002
17:26:00.400  INFO     RX        /ERR/LOKO/0x00000002
17:26:00.430  INFO     RX        /ERR/LOKO/0x00000002
17:26:00.430  INFO     RX        /ERR/LOKO/0x00000002
17:26:00.430  INFO     RX        /ERR/LOKO/0x00000002
17:26:00.430  INFO     RX        /ERR/LOKO/0x00000002
17:26:00.464  INFO     RX        /ERR/LOKO/0x00000002
17:26:00.464  INFO     RX        /ERR/LOKO/0x00000002
17:26:00.464  INFO     RX        /ERR/LOKO/0x00000002
17:26:00.492  INFO     RX        /ERR/LOKO/0x00000002
17:26:00.492  INFO     RX        /ERR/LOKO/0x00000002
17:26:00.525  INFO     RX        /ERR/LOKO/0x00000002
17:26:00.525  INFO     RX        /ERR/LOKO/0x00000002
17:26:00.526  INFO     RX        /ERR/LOKO/0x00000002
17:26:00.560  INFO     RX        /ERR/LOKO/0x00000002
17:26:01.004  DEBUG    TX /CONTROLL/0,0,0,0,0,0,0,0,0
17:26:02.613  DEBUG    TX /CONTROLL/0,0,0,0,0,0,0,0,0
17:26:04.225  DEBUG    TX /CONTROLL/0,0,0,0,0,0,0,0,0
17:26:05.835  DEBUG    TX /CONTROLL/0,0,0,0,0,0,0,0,0
17:26:06.682  INFO     RX        /ERR/LOKO/0x00000002
17:26:06.683  INFO     RX        /ERR/LOKO/0x00000002
17:26:06.711  INFO     RX        /ERR/LOKO/0x00000002
17:26:06.711  INFO     RX        /ERR/LOKO/0x00000002
17:26:06.711  INFO     RX        /ERR/LOKO/0x00000002
17:26:06.746  INFO     RX        /ERR/LOKO/0x00000002
17:26:06.746  INFO     RX        /ERR/LOKO/0x00000002
17:26:06.747  INFO     RX        /ERR/LOKO/0x00000002
17:26:06.778  INFO     RX        /ERR/LOKO/0x00000002
17:26:06.778  INFO     RX        /ERR/LOKO/0x00000002
17:26:06.813  INFO     RX        /ERR/LOKO/0x00000002
17:26:06.813  INFO     RX        /ERR/LOKO/0x00000002
17:26:06.813  INFO     RX        /ERR/LOKO/0x00000002
17:26:06.845  INFO     RX        /ERR/LOKO/0x00000002
17:26:06.845  INFO     RX        /ERR/LOKO/0x00000002
17:26:06.845  INFO     RX        /ERR/LOKO/0x00000002
17:26:06.875  INFO     RX        /ERR/LOKO/0x00000002
17:26:06.875  INFO     RX        /ERR/LOKO/0x00000002
17:26:06.910  INFO     RX        /ERR/LOKO/0x00000002
17:26:06.910  INFO     RX        /ERR/LOKO/0x00000002
17:26:06.910  INFO     RX        /ERR/LOKO/0x00000002
17:26:06.938  INFO     RX        /ERR/LOKO/0x00000002
17:26:06.939  INFO     RX        /ERR/LOKO/0x00000002
17:26:06.939  INFO     RX        /ERR/LOKO/0x00000002
17:26:06.975  INFO     RX        /ERR/LOKO/0x00000002
17:26:06.975  INFO     RX        /ERR/LOKO/0x00000002
17:26:06.975  INFO     RX        /ERR/LOKO/0x00000002
17:26:07.003  INFO     RX        /ERR/LOKO/0x00000002
17:26:07.003  INFO     RX        /ERR/LOKO/0x00000002
17:26:07.038  INFO     RX        /ERR/LOKO/0x00000002
17:26:07.038  INFO     RX        /ERR/LOKO/0x00000002
17:26:07.038  INFO     RX        /ERR/LOKO/0x00000002
17:26:07.070  INFO     RX        /ERR/LOKO/0x00000002
17:26:07.070  INFO     RX        /ERR/LOKO/0x00000002
17:26:07.070  INFO     RX        /ERR/LOKO/0x00000002
17:26:07.104  INFO     RX        /ERR/LOKO/0x00000002
17:26:07.104  INFO     RX        /ERR/LOKO/0x00000002
17:26:07.104  INFO     RX        /ERR/LOKO/0x00000002
17:26:07.137  INFO     RX        /ERR/LOKO/0x00000002
17:26:07.138  INFO     RX        /ERR/LOKO/0x00000002
17:26:07.138  INFO     RX        /ERR/LOKO/0x00000002
17:26:07.167  INFO     RX        /ERR/LOKO/0x00000002
17:26:07.167  INFO     RX        /ERR/LOKO/0x00000002
17:26:07.202  INFO     RX        /ERR/LOKO/0x00000002
17:26:07.202  INFO     RX        /ERR/LOKO/0x00000002
17:26:07.202  INFO     RX        /ERR/LOKO/0x00000002
17:26:07.230  INFO     RX        /ERR/LOKO/0x00000002
17:26:07.230  INFO     RX        /ERR/LOKO/0x00000002
17:26:07.265  INFO     RX        /ERR/LOKO/0x00000002
17:26:07.265  INFO     RX        /ERR/LOKO/0x00000002
17:26:07.265  INFO     RX        /ERR/LOKO/0x00000002
17:26:07.297  INFO     RX        /ERR/LOKO/0x00000002
17:26:07.297  INFO     RX        /ERR/LOKO/0x00000002
17:26:07.297  INFO     RX        /ERR/LOKO/0x00000002
17:26:07.330  INFO     RX        /ERR/LOKO/0x00000002
17:26:07.330  INFO     RX        /ERR/LOKO/0x00000002
17:26:07.330  INFO     RX        /ERR/LOKO/0x00000002
17:26:07.357  INFO     RX        /ERR/LOKO/0x00000002
17:26:07.358  INFO     RX        /ERR/LOKO/0x00000002
17:26:07.393  INFO     RX        /ERR/LOKO/0x00000002
17:26:07.394  INFO     RX        /ERR/LOKO/0x00000002
17:26:07.394  INFO     RX        /ERR/LOKO/0x00000002
17:26:07.425  INFO     RX        /ERR/LOKO/0x00000002
17:26:07.425  INFO     RX        /ERR/LOKO/0x00000002
17:26:07.425  INFO     RX        /ERR/LOKO/0x00000002
17:26:07.451  DEBUG    TX /CONTROLL/0,0,0,-16,0,0,0,0,0
17:26:07.457  INFO     RX        /ERR/LOKO/0x00000002
17:26:07.457  INFO     RX        /ERR/LOKO/0x00000002
17:26:07.457  INFO     RX        /ERR/LOKO/0x00000002
17:26:07.490  INFO     RX        /ERR/LOKO/0x00000002
17:26:07.490  INFO     RX        /ERR/LOKO/0x00000002
17:26:07.518  INFO     RX        /ERR/LOKO/0x00000002
17:26:07.518  INFO     RX        /ERR/LOKO/0x00000002
17:26:07.518  INFO     RX        /ERR/LOKO/0x00000002
17:26:07.553  INFO     RX        /ERR/LOKO/0x00000002
17:26:07.553  INFO     RX        /ERR/LOKO/0x00000002
17:26:07.553  INFO     RX        /ERR/LOKO/0x00000002
17:26:07.585  INFO     RX        /ERR/LOKO/0x00000002
17:26:07.585  INFO     RX        /ERR/LOKO/0x00000002
17:26:07.585  INFO     RX        /ERR/LOKO/0x00000002
17:26:07.618  INFO     RX        /ERR/LOKO/0x00000002
17:26:07.618  INFO     RX        /ERR/LOKO/0x00000002
17:26:07.647  INFO     RX        /ERR/LOKO/0x00000002
17:26:07.647  INFO     RX        /ERR/LOKO/0x00000002
17:26:07.647  INFO     RX        /ERR/LOKO/0x00000002
17:26:07.683  INFO     RX        /ERR/LOKO/0x00000002
17:26:07.683  INFO     RX        /ERR/LOKO/0x00000002
17:26:07.683  INFO     RX        /ERR/LOKO/0x00000002
17:26:07.712  INFO     RX        /ERR/LOKO/0x00000002
17:26:07.712  INFO     RX        /ERR/LOKO/0x00000002
17:26:07.747  INFO     RX        /ERR/LOKO/0x00000002
17:26:07.747  INFO     RX        /ERR/LOKO/0x00000002
17:26:07.747  INFO     RX        /ERR/LOKO/0x00000002
17:26:07.776  INFO     RX        /ERR/LOKO/0x00000002
17:26:07.776  INFO     RX        /ERR/LOKO/0x00000002
17:26:07.776  INFO     RX        /ERR/LOKO/0x00000002
17:26:07.811  INFO     RX        /ERR/LOKO/0x00000002
17:26:07.811  INFO     RX        /ERR/LOKO/0x00000002
17:26:07.811  INFO     RX        /ERR/LOKO/0x00000002
17:26:07.840  INFO     RX        /ERR/LOKO/0x00000002
17:26:07.840  INFO     RX        /ERR/LOKO/0x00000002
17:26:07.875  INFO     RX        /ERR/LOKO/0x00000002
17:26:07.875  INFO     RX        /ERR/LOKO/0x00000002
17:26:07.875  INFO     RX        /ERR/LOKO/0x00000002
17:26:07.904  INFO     RX        /ERR/LOKO/0x00000002
17:26:07.904  INFO     RX        /ERR/LOKO/0x00000002
17:26:07.904  INFO     RX        /ERR/LOKO/0x00000002
17:26:07.939  INFO     RX        /ERR/LOKO/0x00000002
17:26:07.939  INFO     RX        /ERR/LOKO/0x00000002
17:26:07.939  INFO     RX        /ERR/LOKO/0x00000002
17:26:08.057  INFO     RX        /ERR/LOKO/0x00000002
17:26:08.058  INFO     RX        /ERR/LOKO/0x00000002
17:26:08.058  INFO     RX        /ERR/LOKO/0x00000002
17:26:08.058  INFO     RX        /ERR/LOKO/0x00000002
17:26:08.058  INFO     RX        /ERR/LOKO/0x00000002
17:26:08.058  INFO     RX        /ERR/LOKO/0x00000002
17:26:08.058  INFO     RX        /ERR/LOKO/0x00000002
17:26:08.058  INFO     RX        /ERR/LOKO/0x00000002
17:26:08.058  INFO     RX        /ERR/LOKO/0x00000002
17:26:08.061  INFO     RX        /ERR/LOKO/0x00000002
17:26:08.067  INFO     RX        /ERR/LOKO/0x00000002
17:26:08.101  INFO     RX        /ERR/LOKO/0x00000002
17:26:08.101  INFO     RX        /ERR/LOKO/0x00000002
17:26:08.135  INFO     RX        /ERR/LOKO/0x00000002
17:26:08.135  INFO     RX        /ERR/LOKO/0x00000002
17:26:08.135  INFO     RX        /ERR/LOKO/0x00000002
17:26:08.162  INFO     RX        /ERR/LOKO/0x00000002
17:26:08.162  INFO     RX        /ERR/LOKO/0x00000002
17:26:08.162  INFO     RX        /ERR/LOKO/0x00000002
17:26:08.197  INFO     RX        /ERR/LOKO/0x00000002
17:26:08.197  INFO     RX        /ERR/LOKO/0x00000002
17:26:08.230  INFO     RX        /ERR/LOKO/0x00000002
17:26:08.230  INFO     RX        /ERR/LOKO/0x00000002
17:26:08.230  INFO     RX        /ERR/LOKO/0x00000002
17:26:08.259  INFO     RX        /ERR/LOKO/0x00000002
17:26:08.259  INFO     RX        /ERR/LOKO/0x00000002
17:26:08.259  INFO     RX        /ERR/LOKO/0x00000002
17:26:08.294  INFO     RX        /ERR/LOKO/0x00000002
17:26:08.294  INFO     RX        /ERR/LOKO/0x00000002
17:26:08.294  INFO     RX        /ERR/LOKO/0x00000002
17:26:08.323  INFO     RX        /ERR/LOKO/0x00000002
17:26:08.323  INFO     RX        /ERR/LOKO/0x00000002
17:26:08.358  INFO     RX        /ERR/LOKO/0x00000002
17:26:08.358  INFO     RX        /ERR/LOKO/0x00000002
17:26:08.358  INFO     RX        /ERR/LOKO/0x00000002
17:26:08.386  INFO     RX        /ERR/LOKO/0x00000002
17:26:08.387  INFO     RX        /ERR/LOKO/0x00000002
17:26:08.422  INFO     RX        /ERR/LOKO/0x00000002
17:26:08.422  INFO     RX        /ERR/LOKO/0x00000002
17:26:08.422  INFO     RX        /ERR/LOKO/0x00000002
17:26:08.422  INFO     RX        /ERR/LOKO/0x00000002
17:26:08.451  INFO     RX        /ERR/LOKO/0x00000002
17:26:08.451  INFO     RX        /ERR/LOKO/0x00000002
17:26:08.486  INFO     RX        /ERR/LOKO/0x00000002
17:26:08.486  INFO     RX        /ERR/LOKO/0x00000002
17:26:08.486  INFO     RX        /ERR/LOKO/0x00000002
17:26:08.515  INFO     RX        /ERR/LOKO/0x00000002
17:26:08.515  INFO     RX        /ERR/LOKO/0x00000002
17:26:08.550  INFO     RX        /ERR/LOKO/0x00000002
17:26:08.550  INFO     RX        /ERR/LOKO/0x00000002
17:26:08.550  INFO     RX        /ERR/LOKO/0x00000002
17:26:08.580  INFO     RX        /ERR/LOKO/0x00000002
17:26:08.580  INFO     RX        /ERR/LOKO/0x00000002
17:26:08.580  INFO     RX        /ERR/LOKO/0x00000002
17:26:08.615  INFO     RX        /ERR/LOKO/0x00000002
17:26:08.615  INFO     RX        /ERR/LOKO/0x00000002
17:26:08.615  INFO     RX        /ERR/LOKO/0x00000002
17:26:08.644  INFO     RX        /ERR/LOKO/0x00000002
17:26:08.644  INFO     RX        /ERR/LOKO/0x00000002
17:26:08.679  INFO     RX        /ERR/LOKO/0x00000002
17:26:08.680  INFO     RX        /ERR/LOKO/0x00000002
17:26:08.680  INFO     RX        /ERR/LOKO/0x00000002
17:26:08.708  INFO     RX        /ERR/LOKO/0x00000002
17:26:08.708  INFO     RX        /ERR/LOKO/0x00000002
17:26:08.708  INFO     RX        /ERR/LOKO/0x00000002
17:26:08.743  INFO     RX        /ERR/LOKO/0x00000002
17:26:08.743  INFO     RX        /ERR/LOKO/0x00000002
17:26:08.743  INFO     RX        /ERR/LOKO/0x00000002
17:26:08.773  INFO     RX        /ERR/LOKO/0x00000002
17:26:08.773  INFO     RX        /ERR/LOKO/0x00000002
17:26:08.809  INFO     RX        /ERR/LOKO/0x00000002
17:26:08.809  INFO     RX        /ERR/LOKO/0x00000002
17:26:08.809  INFO     RX        /ERR/LOKO/0x00000002
17:26:08.841  INFO     RX        /ERR/LOKO/0x00000002
17:26:08.841  INFO     RX        /ERR/LOKO/0x00000002
17:26:08.841  INFO     RX        /ERR/LOKO/0x00000002
17:26:08.874  INFO     RX        /ERR/LOKO/0x00000002
17:26:08.874  INFO     RX        /ERR/LOKO/0x00000002
17:26:08.875  INFO     RX        /ERR/LOKO/0x00000002
17:26:08.903  INFO     RX        /ERR/LOKO/0x00000002
17:26:08.904  INFO     RX        /ERR/LOKO/0x00000002
17:26:08.938  INFO     RX        /ERR/LOKO/0x00000002
17:26:08.938  INFO     RX        /ERR/LOKO/0x00000002
17:26:08.938  INFO     RX        /ERR/LOKO/0x00000002
17:26:08.967  INFO     RX        /ERR/LOKO/0x00000002
17:26:08.967  INFO     RX        /ERR/LOKO/0x00000002
17:26:08.967  INFO     RX        /ERR/LOKO/0x00000002
17:26:09.003  INFO     RX        /ERR/LOKO/0x00000002
17:26:09.003  INFO     RX        /ERR/LOKO/0x00000002
17:26:09.003  INFO     RX        /ERR/LOKO/0x00000002
17:26:09.034  INFO     RX        /ERR/LOKO/0x00000002
17:26:09.034  INFO     RX        /ERR/LOKO/0x00000002
17:26:09.060  DEBUG    TX /CONTROLL/0,0,0,-22,0,0,0,0,0
17:26:09.067  INFO     RX        /ERR/LOKO/0x00000002
17:26:09.067  INFO     RX        /ERR/LOKO/0x00000002
17:26:09.067  INFO     RX        /ERR/LOKO/0x00000002
17:26:09.096  INFO     RX        /ERR/LOKO/0x00000002
17:26:09.096  INFO     RX        /ERR/LOKO/0x00000002
17:26:09.096  INFO     RX        /ERR/LOKO/0x00000002
17:26:09.130  INFO     RX        /ERR/LOKO/0x00000002
17:26:09.130  INFO     RX        /ERR/LOKO/0x00000002
17:26:09.130  INFO     RX        /ERR/LOKO/0x00000002
17:26:09.159  INFO     RX        /ERR/LOKO/0x00000002
17:26:09.159  INFO     RX        /ERR/LOKO/0x00000002
17:26:09.194  INFO     RX        /ERR/LOKO/0x00000002
17:26:09.194  INFO     RX        /ERR/LOKO/0x00000002
17:26:09.194  INFO     RX        /ERR/LOKO/0x00000002
17:26:09.224  INFO     RX        /ERR/LOKO/0x00000002
17:26:09.224  INFO     RX        /ERR/LOKO/0x00000002
17:26:09.259  INFO     RX        /ERR/LOKO/0x00000002
17:26:09.259  INFO     RX        /ERR/LOKO/0x00000002
17:26:09.259  INFO     RX        /ERR/LOKO/0x00000002
17:26:09.288  INFO     RX        /ERR/LOKO/0x00000002
17:26:09.289  INFO     RX        /ERR/LOKO/0x00000002
17:26:09.289  INFO     RX        /ERR/LOKO/0x00000002
17:26:09.324  INFO     RX        /ERR/LOKO/0x00000002
17:26:09.324  INFO     RX        /ERR/LOKO/0x00000002
17:26:09.324  INFO     RX        /ERR/LOKO/0x00000002
17:26:09.353  INFO     RX        /ERR/LOKO/0x00000002
17:26:09.354  INFO     RX        /ERR/LOKO/0x00000002
17:26:09.391  INFO     RX        /ERR/LOKO/0x00000002
17:26:09.391  INFO     RX        /ERR/LOKO/0x00000002
17:26:09.391  INFO     RX        /ERR/LOKO/0x00000002
17:26:09.391  INFO     RX        /ERR/LOKO/0x00000002
17:26:09.419  INFO     RX        /ERR/LOKO/0x00000002
17:26:09.420  INFO     RX        /ERR/LOKO/0x00000002
17:26:09.452  INFO     RX        /ERR/LOKO/0x00000002
17:26:10.360  INFO     RX        /ERR/LOKO/0x00000002
17:26:10.360  INFO     RX        /ERR/LOKO/0x00000002
17:26:10.393  INFO     RX        /ERR/LOKO/0x00000002
17:26:10.393  INFO     RX        /ERR/LOKO/0x00000002
17:26:10.426  INFO     RX        /ERR/LOKO/0x00000002
17:26:10.426  INFO     RX        /ERR/LOKO/0x00000002
17:26:10.426  INFO     RX        /ERR/LOKO/0x00000002
17:26:10.454  INFO     RX        /ERR/LOKO/0x00000002
17:26:10.455  INFO     RX        /ERR/LOKO/0x00000002
17:26:10.455  INFO     RX        /ERR/LOKO/0x00000002
17:26:10.490  INFO     RX        /ERR/LOKO/0x00000002
17:26:10.490  INFO     RX        /ERR/LOKO/0x00000002
17:26:10.491  INFO     RX        /ERR/LOKO/0x00000002
17:26:10.519  INFO     RX        /ERR/LOKO/0x00000002
17:26:10.519  INFO     RX        /ERR/LOKO/0x00000002
17:26:10.555  INFO     RX        /ERR/LOKO/0x00000002
17:26:10.555  INFO     RX        /ERR/LOKO/0x00000002
17:26:10.555  INFO     RX        /ERR/LOKO/0x00000002
17:26:10.583  INFO     RX        /ERR/LOKO/0x00000002
17:26:10.583  INFO     RX        /ERR/LOKO/0x00000002
17:26:10.583  INFO     RX        /ERR/LOKO/0x00000002
17:26:10.618  INFO     RX        /ERR/LOKO/0x00000002
17:26:10.618  INFO     RX        /ERR/LOKO/0x00000002
17:26:10.619  INFO     RX        /ERR/LOKO/0x00000002
17:26:10.648  INFO     RX        /ERR/LOKO/0x00000002
17:26:10.648  INFO     RX        /ERR/LOKO/0x00000002
17:26:10.677  DEBUG    TX /CONTROLL/0,0,0,0,0,0,0,0,2
17:26:10.684  INFO     RX        /ERR/LOKO/0x00000002
17:26:10.684  INFO     RX        /ERR/LOKO/0x00000002
17:26:10.684  INFO     RX        /ERR/LOKO/0x00000002
17:26:10.712  INFO     RX        /ERR/LOKO/0x00000002
17:26:10.712  INFO     RX        /ERR/LOKO/0x00000002
17:26:10.712  INFO     RX        /ERR/LOKO/0x00000002
17:26:10.747  INFO     RX        /ERR/LOKO/0x00000002
17:26:10.747  INFO     RX        /ERR/LOKO/0x00000002
17:26:10.747  INFO     RX        /ERR/LOKO/0x00000002
17:26:10.776  INFO     RX        /ERR/LOKO/0x00000002
17:26:10.776  INFO     RX        /ERR/LOKO/0x00000002
17:26:10.811  INFO     RX        /ERR/LOKO/0x00000002
17:26:10.811  INFO     RX        /ERR/LOKO/0x00000002
17:26:10.811  INFO     RX        /ERR/LOKO/0x00000002
17:26:10.840  INFO     RX        /ERR/LOKO/0x00000002
17:26:10.840  INFO     RX        /ERR/LOKO/0x00000002
17:26:10.840  INFO     RX        /ERR/LOKO/0x00000002
17:26:10.876  INFO     RX        /ERR/LOKO/0x00000002
17:26:10.904  INFO     RX        /ERR/LOKO/0x00000002
17:26:10.940  INFO     RX        /ERR/LOKO/0x00000002
17:26:10.971  INFO     RX        /ERR/LOKO/0x00000002
17:26:11.037  INFO     RX        /ERR/LOKO/0x00000002
17:26:11.066  INFO     RX        /ERR/LOKO/0x00000002
17:26:11.103  INFO     RX        /ERR/LOKO/0x00000002
17:26:11.132  INFO     RX        /ERR/LOKO/0x00000002
17:26:11.166  INFO     RX        /ERR/LOKO/0x00000002
17:26:11.232  INFO     RX        /ERR/LOKO/0x00000002
17:26:11.339  INFO     RX        /ERR/LOKO/0x00000002
17:26:11.339  INFO     RX        /ERR/LOKO/0x00000002
17:26:11.339  INFO     RX        /ERR/LOKO/0x00000002
17:26:11.362  INFO     RX        /ERR/LOKO/0x00000002
17:26:11.467  INFO     RX        /ERR/LOKO/0x00000002
17:26:11.495  INFO     RX        /ERR/LOKO/0x00000002
17:26:11.531  INFO     RX        /ERR/LOKO/0x00000002
17:26:11.560  INFO     RX        /ERR/LOKO/0x00000002
17:26:11.596  INFO     RX        /ERR/LOKO/0x00000002
17:26:11.659  INFO     RX        /ERR/LOKO/0x00000002
17:26:11.688  INFO     RX        /ERR/LOKO/0x00000002
17:26:11.725  INFO     RX        /ERR/LOKO/0x00000002
17:26:11.752  INFO     RX        /ERR/LOKO/0x00000002
17:26:11.786  INFO     RX        /ERR/LOKO/0x00000002
17:26:11.850  INFO     RX        /ERR/LOKO/0x00000002
17:26:11.880  INFO     RX        /ERR/LOKO/0x00000002
17:26:11.915  INFO     RX        /ERR/LOKO/0x00000002
17:26:11.945  INFO     RX        /ERR/LOKO/0x00000002
17:26:11.981  INFO     RX        /ERR/LOKO/0x00000002
17:26:12.046  INFO     RX        /ERR/LOKO/0x00000002
17:26:12.107  INFO     RX        /ERR/LOKO/0x00000002
17:26:12.140  INFO     RX        /ERR/LOKO/0x00000002
17:26:12.175  INFO     RX        /ERR/LOKO/0x00000002
17:26:12.236  INFO     RX        /ERR/LOKO/0x00000002
17:26:12.268  INFO     RX        /ERR/LOKO/0x00000002
17:26:12.294  DEBUG    TX /CONTROLL/30,16,0,0,0,0,0,0,2
17:26:12.297  INFO     RX        /ERR/LOKO/0x00000002
17:26:12.333  INFO     RX        /ERR/LOKO/0x00000002
17:26:12.362  INFO     RX        /ERR/LOKO/0x00000002
17:26:12.427  INFO     RX        /ERR/LOKO/0x00000002
17:26:12.461  INFO     RX        /ERR/LOKO/0x00000002
17:26:12.493  INFO     RX        /ERR/LOKO/0x00000002
17:26:12.522  INFO     RX        /ERR/LOKO/0x00000002
17:26:12.557  INFO     RX        /ERR/LOKO/0x00000002
17:26:12.621  INFO     RX        /ERR/LOKO/0x00000002
17:26:12.653  INFO     RX        /ERR/LOKO/0x00000002
17:26:12.684  INFO     RX        /ERR/LOKO/0x00000002
17:26:12.781  INFO     RX        /ERR/LOKO/0x00000002
17:26:12.813  INFO     RX        /ERR/LOKO/0x00000002
17:26:12.845  INFO     RX        /ERR/LOKO/0x00000002
17:26:12.878  INFO     RX        /ERR/LOKO/0x00000002
17:26:12.907  INFO     RX        /ERR/LOKO/0x00000002
17:26:12.971  INFO     RX        /ERR/LOKO/0x00000002
17:26:13.005  INFO     RX        /ERR/LOKO/0x00000002
17:26:13.036  INFO     RX        /ERR/LOKO/0x00000002
17:26:13.071  INFO     RX        /ERR/LOKO/0x00000002
17:26:13.101  INFO     RX        /ERR/LOKO/0x00000002
17:26:13.165  INFO     RX        /ERR/LOKO/0x00000002
17:26:13.199  INFO     RX        /ERR/LOKO/0x00000002
17:26:13.230  INFO     RX        /ERR/LOKO/0x00000002
17:26:13.265  INFO     RX        /ERR/LOKO/0x00000002
17:26:13.296  INFO     RX        /ERR/LOKO/0x00000002
17:26:13.360  INFO     RX        /ERR/LOKO/0x00000002
17:26:13.393  INFO     RX        /ERR/LOKO/0x00000002
17:26:13.424  INFO     RX        /ERR/LOKO/0x00000002
17:26:13.458  INFO     RX        /ERR/LOKO/0x00000002
17:26:13.487  INFO     RX        /ERR/LOKO/0x00000002
17:26:13.554  INFO     RX        /ERR/LOKO/0x00000002
17:26:13.583  INFO     RX        /ERR/LOKO/0x00000002
17:26:13.618  INFO     RX        /ERR/LOKO/0x00000002
17:26:13.647  INFO     RX        /ERR/LOKO/0x00000002
17:26:13.682  INFO     RX        /ERR/LOKO/0x00000002
17:26:13.748  INFO     RX        /ERR/LOKO/0x00000002
17:26:13.777  INFO     RX        /ERR/LOKO/0x00000002
17:26:13.812  INFO     RX        /ERR/LOKO/0x00000002
17:26:13.841  INFO     RX        /ERR/LOKO/0x00000002
17:26:13.876  INFO     RX        /ERR/LOKO/0x00000002
17:26:13.902  DEBUG    TX /CONTROLL/30,16,0,0,0,0,0,0,2
17:26:13.940  INFO     RX        /ERR/LOKO/0x00000002
17:26:13.969  INFO     RX        /ERR/LOKO/0x00000002
17:26:14.101  INFO     RX        /ERR/LOKO/0x00000002
17:26:14.101  INFO     RX        /ERR/LOKO/0x00000002
17:26:14.101  INFO     RX        /ERR/LOKO/0x00000002
17:26:14.105  INFO     RX        /ERR/LOKO/0x00000002
17:26:14.164  INFO     RX        /ERR/LOKO/0x00000002
17:26:14.199  INFO     RX        /ERR/LOKO/0x00000002
17:26:14.229  INFO     RX        /ERR/LOKO/0x00000002
17:26:14.264  INFO     RX        /ERR/LOKO/0x00000002
17:26:14.328  INFO     RX        /ERR/LOKO/0x00000002
17:26:14.361  INFO     RX        /ERR/LOKO/0x00000002
17:26:14.393  INFO     RX        /ERR/LOKO/0x00000002
17:26:14.428  INFO     RX        /ERR/LOKO/0x00000002
17:26:14.489  INFO     RX        /ERR/LOKO/0x00000002
17:26:14.518  INFO     RX        /ERR/LOKO/0x00000002
17:26:14.553  INFO     RX        /ERR/LOKO/0x00000002
17:26:14.584  INFO     RX        /ERR/LOKO/0x00000002
17:26:14.617  INFO     RX        /ERR/LOKO/0x00000002
17:26:14.649  INFO     RX        /ERR/LOKO/0x00000002
17:26:14.713  INFO     RX        /ERR/LOKO/0x00000002
17:26:14.778  INFO     RX        /ERR/LOKO/0x00000002
17:26:14.810  INFO     RX        /ERR/LOKO/0x00000002
17:26:14.874  INFO     RX        /ERR/LOKO/0x00000002
17:26:14.903  INFO     RX        /ERR/LOKO/0x00000002
17:26:14.939  INFO     RX        /ERR/LOKO/0x00000002
17:26:14.969  INFO     RX        /ERR/LOKO/0x00000002
17:26:15.004  INFO     RX        /ERR/LOKO/0x00000002
17:26:15.068  INFO     RX        /ERR/LOKO/0x00000002
17:26:15.101  INFO     RX        /ERR/LOKO/0x00000002
17:26:15.129  INFO     RX        /ERR/LOKO/0x00000002
17:26:15.166  INFO     RX        /ERR/LOKO/0x00000002
17:26:15.194  INFO     RX        /ERR/LOKO/0x00000002
17:26:15.257  INFO     RX        /ERR/LOKO/0x00000002
17:26:15.292  INFO     RX        /ERR/LOKO/0x00000002
17:26:15.321  INFO     RX        /ERR/LOKO/0x00000002
17:26:15.354  INFO     RX        /ERR/LOKO/0x00000002
17:26:15.452  INFO     RX        /ERR/LOKO/0x00000002
17:26:15.485  INFO     RX        /ERR/LOKO/0x00000002
17:26:15.511  DEBUG    TX /CONTROLL/30,15,0,0,0,0,0,0,2
17:26:15.514  INFO     RX        /ERR/LOKO/0x00000002
17:26:15.549  INFO     RX        /ERR/LOKO/0x00000002
17:26:15.581  INFO     RX        /ERR/LOKO/0x00000002
17:26:15.646  INFO     RX        /ERR/LOKO/0x00000002
17:26:15.675  INFO     RX        /ERR/LOKO/0x00000002
17:26:15.711  INFO     RX        /ERR/LOKO/0x00000002
17:26:15.740  INFO     RX        /ERR/LOKO/0x00000002
17:26:15.775  INFO     RX        /ERR/LOKO/0x00000002
17:26:15.840  INFO     RX        /ERR/LOKO/0x00000002
17:26:15.868  INFO     RX        /ERR/LOKO/0x00000002
17:26:15.907  INFO     RX        /ERR/LOKO/0x00000002
17:26:15.933  INFO     RX        /ERR/LOKO/0x00000002
17:26:15.968  INFO     RX        /ERR/LOKO/0x00000002
17:26:16.030  INFO     RX        /ERR/LOKO/0x00000002
17:26:16.093  INFO     RX        /ERR/LOKO/0x00000002
17:26:16.125  INFO     RX        /ERR/LOKO/0x00000002
17:26:16.188  INFO     RX        /ERR/LOKO/0x00000002
17:26:16.223  INFO     RX        /ERR/LOKO/0x00000002
17:26:16.251  INFO     RX        /ERR/LOKO/0x00000002
17:26:17.118  DEBUG    TX /CONTROLL/0,0,0,0,0,0,0,0,0
17:26:18.728  DEBUG    TX /CONTROLL/0,0,0,0,0,0,0,0,0
17:26:20.340  DEBUG    TX /CONTROLL/0,0,0,0,0,0,0,0,0
17:26:20.542  INFO     RX        /ERR/LOKO/0x00000002
17:26:20.542  INFO     RX        /ERR/LOKO/0x00000002
17:26:20.571  INFO     RX        /ERR/LOKO/0x00000002
17:26:20.572  INFO     RX        /ERR/LOKO/0x00000002
17:26:20.605  INFO     RX        /ERR/LOKO/0x00000002
17:26:20.605  INFO     RX        /ERR/LOKO/0x00000002
17:26:20.605  INFO     RX        /ERR/LOKO/0x00000002
17:26:20.636  INFO     RX        /ERR/LOKO/0x00000002
17:26:20.636  INFO     RX        /ERR/LOKO/0x00000002
17:26:20.636  INFO     RX        /ERR/LOKO/0x00000002
17:26:20.672  INFO     RX        /ERR/LOKO/0x00000002
17:26:20.672  INFO     RX        /ERR/LOKO/0x00000002
17:26:20.672  INFO     RX        /ERR/LOKO/0x00000002
17:26:20.701  INFO     RX        /ERR/LOKO/0x00000002
17:26:20.701  INFO     RX        /ERR/LOKO/0x00000002
17:26:20.736  INFO     RX        /ERR/LOKO/0x00000002
17:26:20.736  INFO     RX        /ERR/LOKO/0x00000002
17:26:20.736  INFO     RX        /ERR/LOKO/0x00000002
17:26:20.765  INFO     RX        /ERR/LOKO/0x00000002
17:26:20.766  INFO     RX        /ERR/LOKO/0x00000002
17:26:20.766  INFO     RX        /ERR/LOKO/0x00000002
17:26:20.798  INFO     RX        /ERR/LOKO/0x00000002
17:26:20.798  INFO     RX        /ERR/LOKO/0x00000002
17:26:20.832  INFO     RX        /ERR/LOKO/0x00000002
17:26:20.832  INFO     RX        /ERR/LOKO/0x00000002
17:26:20.832  INFO     RX        /ERR/LOKO/0x00000002
17:26:20.861  INFO     RX        /ERR/LOKO/0x00000002
17:26:20.861  INFO     RX        /ERR/LOKO/0x00000002
17:26:20.861  INFO     RX        /ERR/LOKO/0x00000002
17:26:20.896  INFO     RX        /ERR/LOKO/0x00000002
17:26:20.896  INFO     RX        /ERR/LOKO/0x00000002
17:26:20.896  INFO     RX        /ERR/LOKO/0x00000002
17:26:20.925  INFO     RX        /ERR/LOKO/0x00000002
17:26:20.925  INFO     RX        /ERR/LOKO/0x00000002
17:26:20.961  INFO     RX        /ERR/LOKO/0x00000002
17:26:20.961  INFO     RX        /ERR/LOKO/0x00000002
17:26:20.961  INFO     RX        /ERR/LOKO/0x00000002
17:26:20.989  INFO     RX        /ERR/LOKO/0x00000002
17:26:20.990  INFO     RX        /ERR/LOKO/0x00000002
17:26:20.990  INFO     RX        /ERR/LOKO/0x00000002
17:26:21.024  INFO     RX        /ERR/LOKO/0x00000002
17:26:21.024  INFO     RX        /ERR/LOKO/0x00000002
17:26:21.024  INFO     RX        /ERR/LOKO/0x00000002
17:26:21.053  INFO     RX        /ERR/LOKO/0x00000002
17:26:21.053  INFO     RX        /ERR/LOKO/0x00000002
17:26:21.167  INFO     RX        /ERR/LOKO/0x00000002
17:26:21.167  INFO     RX        /ERR/LOKO/0x00000002
17:26:21.167  INFO     RX        /ERR/LOKO/0x00000002
17:26:21.167  INFO     RX        /ERR/LOKO/0x00000002
17:26:21.167  INFO     RX        /ERR/LOKO/0x00000002
17:26:21.167  INFO     RX        /ERR/LOKO/0x00000002
17:26:21.167  INFO     RX        /ERR/LOKO/0x00000002
17:26:21.167  INFO     RX        /ERR/LOKO/0x00000002
17:26:21.167  INFO     RX        /ERR/LOKO/0x00000002
17:26:21.167  INFO     RX        /ERR/LOKO/0x00000002
17:26:21.173  INFO     RX        /ERR/LOKO/0x00000002
17:26:21.218  INFO     RX        /ERR/LOKO/0x00000002
17:26:21.218  INFO     RX        /ERR/LOKO/0x00000002
17:26:21.218  INFO     RX        /ERR/LOKO/0x00000002
17:26:21.247  INFO     RX        /ERR/LOKO/0x00000002
17:26:21.247  INFO     RX        /ERR/LOKO/0x00000002
17:26:21.247  INFO     RX        /ERR/LOKO/0x00000002
17:26:21.283  INFO     RX        /ERR/LOKO/0x00000002
17:26:21.283  INFO     RX        /ERR/LOKO/0x00000002
17:26:21.284  INFO     RX        /ERR/LOKO/0x00000002
17:26:21.312  INFO     RX        /ERR/LOKO/0x00000002
17:26:21.312  INFO     RX        /ERR/LOKO/0x00000002
17:26:21.347  INFO     RX        /ERR/LOKO/0x00000002
17:26:21.347  INFO     RX        /ERR/LOKO/0x00000002
17:26:21.443  INFO     RX        /ERR/LOKO/0x00000002
17:26:21.472  INFO     RX        /ERR/LOKO/0x00000002
17:26:21.472  INFO     RX        /ERR/LOKO/0x00000002
17:26:21.506  INFO     RX        /ERR/LOKO/0x00000002
17:26:21.506  INFO     RX        /ERR/LOKO/0x00000002
17:26:21.506  INFO     RX        /ERR/LOKO/0x00000002
17:26:21.537  INFO     RX        /ERR/LOKO/0x00000002
17:26:21.537  INFO     RX        /ERR/LOKO/0x00000002
17:26:21.537  INFO     RX        /ERR/LOKO/0x00000002
17:26:21.572  INFO     RX        /ERR/LOKO/0x00000002
17:26:21.572  INFO     RX        /ERR/LOKO/0x00000002
17:26:21.572  INFO     RX        /ERR/LOKO/0x00000002
17:26:21.605  INFO     RX        /ERR/LOKO/0x00000002
17:26:21.605  INFO     RX        /ERR/LOKO/0x00000002
17:26:21.605  INFO     RX        /ERR/LOKO/0x00000002
17:26:21.638  INFO     RX        /ERR/LOKO/0x00000002
17:26:21.638  INFO     RX        /ERR/LOKO/0x00000002
17:26:21.666  INFO     RX        /ERR/LOKO/0x00000002
17:26:21.667  INFO     RX        /ERR/LOKO/0x00000002
17:26:21.667  INFO     RX        /ERR/LOKO/0x00000002
17:26:21.703  INFO     RX        /ERR/LOKO/0x00000002
17:26:21.703  INFO     RX        /ERR/LOKO/0x00000002
17:26:21.703  INFO     RX        /ERR/LOKO/0x00000002
17:26:21.731  INFO     RX        /ERR/LOKO/0x00000002
17:26:21.731  INFO     RX        /ERR/LOKO/0x00000002
17:26:21.766  INFO     RX        /ERR/LOKO/0x00000002
17:26:21.766  INFO     RX        /ERR/LOKO/0x00000002
17:26:21.766  INFO     RX        /ERR/LOKO/0x00000002
17:26:21.795  INFO     RX        /ERR/LOKO/0x00000002
17:26:21.795  INFO     RX        /ERR/LOKO/0x00000002
17:26:21.795  INFO     RX        /ERR/LOKO/0x00000002
17:26:21.830  INFO     RX        /ERR/LOKO/0x00000002
17:26:21.830  INFO     RX        /ERR/LOKO/0x00000002
17:26:21.830  INFO     RX        /ERR/LOKO/0x00000002
17:26:21.859  INFO     RX        /ERR/LOKO/0x00000002
17:26:21.859  INFO     RX        /ERR/LOKO/0x00000002
17:26:21.894  INFO     RX        /ERR/LOKO/0x00000002
17:26:21.894  INFO     RX        /ERR/LOKO/0x00000002
17:26:21.894  INFO     RX        /ERR/LOKO/0x00000002
17:26:21.924  INFO     RX        /ERR/LOKO/0x00000002
17:26:21.924  INFO     RX        /ERR/LOKO/0x00000002
17:26:21.924  INFO     RX        /ERR/LOKO/0x00000002
17:26:21.953  DEBUG    TX /CONTROLL/0,0,0,-38,0,0,0,0,0
17:26:21.959  INFO     RX        /ERR/LOKO/0x00000002
17:26:21.959  INFO     RX        /ERR/LOKO/0x00000002
17:26:21.959  INFO     RX        /ERR/LOKO/0x00000002
17:26:21.988  INFO     RX        /ERR/LOKO/0x00000002
17:26:21.989  INFO     RX        /ERR/LOKO/0x00000002
17:26:22.023  INFO     RX        /ERR/LOKO/0x00000002
17:26:22.023  INFO     RX        /ERR/LOKO/0x00000002
17:26:22.023  INFO     RX        /ERR/LOKO/0x00000002
17:26:22.052  INFO     RX        /ERR/LOKO/0x00000002
17:26:22.052  INFO     RX        /ERR/LOKO/0x00000002
17:26:22.052  INFO     RX        /ERR/LOKO/0x00000002
17:26:22.088  INFO     RX        /ERR/LOKO/0x00000002
17:26:22.088  INFO     RX        /ERR/LOKO/0x00000002
17:26:22.088  INFO     RX        /ERR/LOKO/0x00000002
17:26:22.117  INFO     RX        /ERR/LOKO/0x00000002
17:26:22.117  INFO     RX        /ERR/LOKO/0x00000002
17:26:22.152  INFO     RX        /ERR/LOKO/0x00000002
17:26:22.152  INFO     RX        /ERR/LOKO/0x00000002
17:26:22.152  INFO     RX        /ERR/LOKO/0x00000002
17:26:22.180  INFO     RX        /ERR/LOKO/0x00000002
17:26:22.180  INFO     RX        /ERR/LOKO/0x00000002
17:26:22.215  INFO     RX        /ERR/LOKO/0x00000002
17:26:22.215  INFO     RX        /ERR/LOKO/0x00000002
17:26:22.215  INFO     RX        /ERR/LOKO/0x00000002
17:26:22.244  INFO     RX        /ERR/LOKO/0x00000002
17:26:22.244  INFO     RX        /ERR/LOKO/0x00000002
17:26:22.244  INFO     RX        /ERR/LOKO/0x00000002
17:26:22.280  INFO     RX        /ERR/LOKO/0x00000002
17:26:23.554  DEBUG    TX /CONTROLL/0,0,0,0,0,0,0,0,0
17:26:25.164  DEBUG    TX /CONTROLL/0,0,0,0,0,0,0,0,0
17:26:26.103  INFO     RX        /ERR/LOKO/0x00000002
17:26:26.104  INFO     RX        /ERR/LOKO/0x00000002
17:26:26.133  INFO     RX        /ERR/LOKO/0x00000002
17:26:26.133  INFO     RX        /ERR/LOKO/0x00000002
17:26:26.133  INFO     RX        /ERR/LOKO/0x00000002
17:26:26.168  INFO     RX        /ERR/LOKO/0x00000002
17:26:26.169  INFO     RX        /ERR/LOKO/0x00000002
17:26:26.198  INFO     RX        /ERR/LOKO/0x00000002
17:26:26.198  INFO     RX        /ERR/LOKO/0x00000002
17:26:26.198  INFO     RX        /ERR/LOKO/0x00000002
17:26:26.232  INFO     RX        /ERR/LOKO/0x00000002
17:26:26.232  INFO     RX        /ERR/LOKO/0x00000002
17:26:26.232  INFO     RX        /ERR/LOKO/0x00000002
17:26:26.261  INFO     RX        /ERR/LOKO/0x00000002
17:26:26.261  INFO     RX        /ERR/LOKO/0x00000002
17:26:26.296  INFO     RX        /ERR/LOKO/0x00000002
17:26:26.296  INFO     RX        /ERR/LOKO/0x00000002
17:26:26.296  INFO     RX        /ERR/LOKO/0x00000002
17:26:26.325  INFO     RX        /ERR/LOKO/0x00000002
17:26:26.325  INFO     RX        /ERR/LOKO/0x00000002
17:26:26.325  INFO     RX        /ERR/LOKO/0x00000002
17:26:26.360  INFO     RX        /ERR/LOKO/0x00000002
17:26:26.360  INFO     RX        /ERR/LOKO/0x00000002
17:26:26.360  INFO     RX        /ERR/LOKO/0x00000002
17:26:26.389  INFO     RX        /ERR/LOKO/0x00000002
17:26:26.389  INFO     RX        /ERR/LOKO/0x00000002
17:26:26.424  INFO     RX        /ERR/LOKO/0x00000002
17:26:26.424  INFO     RX        /ERR/LOKO/0x00000002
17:26:26.424  INFO     RX        /ERR/LOKO/0x00000002
17:26:26.453  INFO     RX        /ERR/LOKO/0x00000002
17:26:26.453  INFO     RX        /ERR/LOKO/0x00000002
17:26:26.454  INFO     RX        /ERR/LOKO/0x00000002
17:26:26.487  INFO     RX        /ERR/LOKO/0x00000002
17:26:26.488  INFO     RX        /ERR/LOKO/0x00000002
17:26:26.488  INFO     RX        /ERR/LOKO/0x00000002
17:26:26.518  INFO     RX        /ERR/LOKO/0x00000002
17:26:26.518  INFO     RX        /ERR/LOKO/0x00000002
17:26:26.550  INFO     RX        /ERR/LOKO/0x00000002
17:26:26.550  INFO     RX        /ERR/LOKO/0x00000002
17:26:26.550  INFO     RX        /ERR/LOKO/0x00000002
17:26:26.585  INFO     RX        /ERR/LOKO/0x00000002
17:26:26.585  INFO     RX        /ERR/LOKO/0x00000002
17:26:26.585  INFO     RX        /ERR/LOKO/0x00000002
17:26:26.618  INFO     RX        /ERR/LOKO/0x00000002
17:26:26.618  INFO     RX        /ERR/LOKO/0x00000002
17:26:26.618  INFO     RX        /ERR/LOKO/0x00000002
17:26:26.648  INFO     RX        /ERR/LOKO/0x00000002
17:26:26.648  INFO     RX        /ERR/LOKO/0x00000002
17:26:26.681  INFO     RX        /ERR/LOKO/0x00000002
17:26:26.714  INFO     RX        /ERR/LOKO/0x00000002
17:26:26.744  INFO     RX        /ERR/LOKO/0x00000002
17:26:26.771  DEBUG    TX /CONTROLL/-47,0,0,0,0,0,0,0,2
17:26:26.774  INFO     RX        /ERR/LOKO/0x00000002
17:26:26.811  INFO     RX        /ERR/LOKO/0x00000002
17:26:26.870  INFO     RX        /ERR/LOKO/0x00000002
17:26:26.905  INFO     RX        /ERR/LOKO/0x00000002
17:26:26.937  INFO     RX        /ERR/LOKO/0x00000002
17:26:26.969  INFO     RX        /ERR/LOKO/0x00000002
17:26:27.002  INFO     RX        /ERR/LOKO/0x00000002
17:26:27.067  INFO     RX        /ERR/LOKO/0x00000002
17:26:27.097  INFO     RX        /ERR/LOKO/0x00000002
17:26:27.132  INFO     RX        /ERR/LOKO/0x00000002
17:26:27.258  INFO     RX        /ERR/LOKO/0x00000002
17:26:27.258  INFO     RX        /ERR/LOKO/0x00000002
17:26:27.258  INFO     RX        /ERR/LOKO/0x00000002
17:26:27.289  INFO     RX        /ERR/LOKO/0x00000002
17:26:27.324  INFO     RX        /ERR/LOKO/0x00000002
17:26:27.354  INFO     RX        /ERR/LOKO/0x00000002
17:26:27.390  INFO     RX        /ERR/LOKO/0x00000002
17:26:27.453  INFO     RX        /ERR/LOKO/0x00000002
17:26:27.486  INFO     RX        /ERR/LOKO/0x00000002
17:26:27.514  INFO     RX        /ERR/LOKO/0x00000002
17:26:27.549  INFO     RX        /ERR/LOKO/0x00000002
17:26:27.582  INFO     RX        /ERR/LOKO/0x00000002
17:26:27.645  INFO     RX        /ERR/LOKO/0x00000002
17:26:27.677  INFO     RX        /ERR/LOKO/0x00000002
17:26:27.713  INFO     RX        /ERR/LOKO/0x00000002
17:26:27.739  INFO     RX        /ERR/LOKO/0x00000002
17:26:27.803  INFO     RX        /ERR/LOKO/0x00000002
17:26:27.838  INFO     RX        /ERR/LOKO/0x00000002
17:26:27.867  INFO     RX        /ERR/LOKO/0x00000002
17:26:27.903  INFO     RX        /ERR/LOKO/0x00000002
17:26:27.932  INFO     RX        /ERR/LOKO/0x00000002
17:26:27.997  INFO     RX        /ERR/LOKO/0x00000002
17:26:28.031  INFO     RX        /ERR/LOKO/0x00000002
17:26:28.061  INFO     RX        /ERR/LOKO/0x00000002
17:26:28.097  INFO     RX        /ERR/LOKO/0x00000002
17:26:28.159  INFO     RX        /ERR/LOKO/0x00000002
17:26:28.189  INFO     RX        /ERR/LOKO/0x00000002
17:26:28.223  INFO     RX        /ERR/LOKO/0x00000002
17:26:28.253  INFO     RX        /ERR/LOKO/0x00000002
17:26:28.288  INFO     RX        /ERR/LOKO/0x00000002
17:26:28.353  INFO     RX        /ERR/LOKO/0x00000002
17:26:28.378  DEBUG    TX /CONTROLL/-46,0,0,0,0,0,0,0,2
17:26:28.385  INFO     RX        /ERR/LOKO/0x00000002
17:26:28.417  INFO     RX        /ERR/LOKO/0x00000002
17:26:28.449  INFO     RX        /ERR/LOKO/0x00000002
17:26:28.477  INFO     RX        /ERR/LOKO/0x00000002
17:26:28.545  INFO     RX        /ERR/LOKO/0x00000002
17:26:28.577  INFO     RX        /ERR/LOKO/0x00000002
17:26:28.609  INFO     RX        /ERR/LOKO/0x00000002
17:26:28.642  INFO     RX        /ERR/LOKO/0x00000002
17:26:28.670  INFO     RX        /ERR/LOKO/0x00000002
17:26:28.737  INFO     RX        /ERR/LOKO/0x00000002
17:26:28.769  INFO     RX        /ERR/LOKO/0x00000002
17:26:28.802  INFO     RX        /ERR/LOKO/0x00000002
17:26:28.831  INFO     RX        /ERR/LOKO/0x00000002
17:26:28.867  INFO     RX        /ERR/LOKO/0x00000002
17:26:28.929  INFO     RX        /ERR/LOKO/0x00000002
17:26:28.962  INFO     RX        /ERR/LOKO/0x00000002
17:26:28.991  INFO     RX        /ERR/LOKO/0x00000002
17:26:29.027  INFO     RX        /ERR/LOKO/0x00000002
17:26:29.057  INFO     RX        /ERR/LOKO/0x00000002
17:26:29.121  INFO     RX        /ERR/LOKO/0x00000002
17:26:29.157  INFO     RX        /ERR/LOKO/0x00000002
17:26:29.186  INFO     RX        /ERR/LOKO/0x00000002
17:26:29.221  INFO     RX        /ERR/LOKO/0x00000002
17:26:29.253  INFO     RX        /ERR/LOKO/0x00000002
17:26:29.314  INFO     RX        /ERR/LOKO/0x00000002
17:26:29.352  INFO     RX        /ERR/LOKO/0x00000002
17:26:29.380  INFO     RX        /ERR/LOKO/0x00000002
17:26:29.415  INFO     RX        /ERR/LOKO/0x00000002
17:26:29.445  INFO     RX        /ERR/LOKO/0x00000002
17:26:29.482  INFO     RX        /ERR/LOKO/0x00000002
17:26:29.540  INFO     RX        /ERR/LOKO/0x00000002
17:26:29.574  INFO     RX        /ERR/LOKO/0x00000002
17:26:29.603  INFO     RX        /ERR/LOKO/0x00000002
17:26:29.639  INFO     RX        /ERR/LOKO/0x00000002
17:26:29.702  INFO     RX        /ERR/LOKO/0x00000002
17:26:29.734  INFO     RX        /ERR/LOKO/0x00000002
17:26:29.763  INFO     RX        /ERR/LOKO/0x00000002
17:26:29.795  INFO     RX        /ERR/LOKO/0x00000002
17:26:29.831  INFO     RX        /ERR/LOKO/0x00000002
17:26:29.896  INFO     RX        /ERR/LOKO/0x00000002
17:26:29.925  INFO     RX        /ERR/LOKO/0x00000002
17:26:29.961  INFO     RX        /ERR/LOKO/0x00000002
17:26:29.987  DEBUG    TX /CONTROLL/-46,0,0,0,0,0,0,0,2
17:26:29.993  INFO     RX        /ERR/LOKO/0x00000002
17:26:30.026  INFO     RX        /ERR/LOKO/0x00000002
17:26:30.089  INFO     RX        /ERR/LOKO/0x00000002
17:26:30.121  INFO     RX        /ERR/LOKO/0x00000002
17:26:30.249  INFO     RX        /ERR/LOKO/0x00000002
17:26:30.249  INFO     RX        /ERR/LOKO/0x00000002
17:26:30.249  INFO     RX        /ERR/LOKO/0x00000002
17:26:30.257  INFO     RX        /ERR/LOKO/0x00000002
17:26:30.311  INFO     RX        /ERR/LOKO/0x00000002
17:26:30.345  INFO     RX        /ERR/LOKO/0x00000002
17:26:30.376  INFO     RX        /ERR/LOKO/0x00000002
17:26:30.440  INFO     RX        /ERR/LOKO/0x00000002
17:26:30.476  INFO     RX        /ERR/LOKO/0x00000002
17:26:30.505  INFO     RX        /ERR/LOKO/0x00000002
17:26:30.540  INFO     RX        /ERR/LOKO/0x00000002
17:26:30.569  INFO     RX        /ERR/LOKO/0x00000002
17:26:30.633  INFO     RX        /ERR/LOKO/0x00000002
17:26:30.668  INFO     RX        /ERR/LOKO/0x00000002
17:26:30.697  INFO     RX        /ERR/LOKO/0x00000002
17:26:30.733  INFO     RX        /ERR/LOKO/0x00000002
17:26:30.762  INFO     RX        /ERR/LOKO/0x00000002
17:26:30.830  INFO     RX        /ERR/LOKO/0x00000002
17:26:30.862  INFO     RX        /ERR/LOKO/0x00000002
17:26:30.895  INFO     RX        /ERR/LOKO/0x00000002
17:26:30.923  INFO     RX        /ERR/LOKO/0x00000002
17:26:30.959  INFO     RX        /ERR/LOKO/0x00000002
17:26:31.023  INFO     RX        /ERR/LOKO/0x00000002
17:26:31.052  INFO     RX        /ERR/LOKO/0x00000002
17:26:31.089  INFO     RX        /ERR/LOKO/0x00000002
17:26:31.120  INFO     RX        /ERR/LOKO/0x00000002
17:26:31.151  INFO     RX        /ERR/LOKO/0x00000002
17:26:31.216  INFO     RX        /ERR/LOKO/0x00000002
17:26:31.245  INFO     RX        /ERR/LOKO/0x00000002
17:26:31.280  INFO     RX        /ERR/LOKO/0x00000002
17:26:31.309  INFO     RX        /ERR/LOKO/0x00000002
17:26:31.345  INFO     RX        /ERR/LOKO/0x00000002
17:26:31.410  INFO     RX        /ERR/LOKO/0x00000002
17:26:31.437  INFO     RX        /ERR/LOKO/0x00000002
17:26:31.473  INFO     RX        /ERR/LOKO/0x00000002
17:26:31.502  INFO     RX        /ERR/LOKO/0x00000002
17:26:31.537  INFO     RX        /ERR/LOKO/0x00000002
17:26:31.596  DEBUG    TX /CONTROLL/-46,0,0,0,0,0,0,0,2
17:26:31.603  INFO     RX        /ERR/LOKO/0x00000002
17:26:31.631  INFO     RX        /ERR/LOKO/0x00000002
17:26:31.666  INFO     RX        /ERR/LOKO/0x00000002
17:26:31.695  INFO     RX        /ERR/LOKO/0x00000002
17:26:31.730  INFO     RX        /ERR/LOKO/0x00000002
17:26:31.796  INFO     RX        /ERR/LOKO/0x00000002
17:26:31.824  INFO     RX        /ERR/LOKO/0x00000002
17:26:31.860  INFO     RX        /ERR/LOKO/0x00000002
17:26:31.894  INFO     RX        /ERR/LOKO/0x00000002
17:26:31.957  INFO     RX        /ERR/LOKO/0x00000002
17:26:31.989  INFO     RX        /ERR/LOKO/0x00000002
17:26:32.022  INFO     RX        /ERR/LOKO/0x00000002
17:26:32.054  INFO     RX        /ERR/LOKO/0x00000002
17:26:32.086  INFO     RX        /ERR/LOKO/0x00000002
17:26:32.153  INFO     RX        /ERR/LOKO/0x00000002
17:26:32.180  INFO     RX        /ERR/LOKO/0x00000002
17:26:32.215  INFO     RX        /ERR/LOKO/0x00000002
17:26:32.245  INFO     RX        /ERR/LOKO/0x00000002
17:26:32.280  INFO     RX        /ERR/LOKO/0x00000002
17:26:32.345  INFO     RX        /ERR/LOKO/0x00000002
17:26:32.377  INFO     RX        /ERR/LOKO/0x00000002
17:26:32.410  INFO     RX        /ERR/LOKO/0x00000002
17:26:32.442  INFO     RX        /ERR/LOKO/0x00000002
17:26:32.474  INFO     RX        /ERR/LOKO/0x00000002
17:26:32.537  INFO     RX        /ERR/LOKO/0x00000002
17:26:32.570  INFO     RX        /ERR/LOKO/0x00000002
17:26:32.599  INFO     RX        /ERR/LOKO/0x00000002
17:26:32.634  INFO     RX        /ERR/LOKO/0x00000002
17:26:32.663  INFO     RX        /ERR/LOKO/0x00000002
17:26:32.728  INFO     RX        /ERR/LOKO/0x00000002
17:26:32.765  INFO     RX        /ERR/LOKO/0x00000002
17:26:32.791  INFO     RX        /ERR/LOKO/0x00000002
17:26:32.833  INFO     RX        /ERR/LOKO/0x00000002
17:26:32.857  INFO     RX        /ERR/LOKO/0x00000002
17:26:32.925  INFO     RX        /ERR/LOKO/0x00000002
17:26:32.958  INFO     RX        /ERR/LOKO/0x00000002
17:26:32.987  INFO     RX        /ERR/LOKO/0x00000002
17:26:33.022  INFO     RX        /ERR/LOKO/0x00000002
17:26:33.051  INFO     RX        /ERR/LOKO/0x00000002
17:26:33.117  INFO     RX        /ERR/LOKO/0x00000002
17:26:33.150  INFO     RX        /ERR/LOKO/0x00000002
17:26:33.208  DEBUG    TX /CONTROLL/-46,0,0,0,0,0,0,0,2
17:26:33.272  INFO     RX        /ERR/LOKO/0x00000002
17:26:33.272  INFO     RX        /ERR/LOKO/0x00000002
17:26:33.272  INFO     RX        /ERR/LOKO/0x00000002
17:26:33.281  INFO     RX        /ERR/LOKO/0x00000002
17:26:33.341  INFO     RX        /ERR/LOKO/0x00000002
17:26:33.374  INFO     RX        /ERR/LOKO/0x00000002
17:26:33.410  INFO     RX        /ERR/LOKO/0x00000002
17:26:33.440  INFO     RX        /ERR/LOKO/0x00000002
17:26:33.475  INFO     RX        /ERR/LOKO/0x00000002
17:26:34.564  INFO     RX        /ERR/LOKO/0x00000002
17:26:34.564  INFO     RX        /ERR/LOKO/0x00000002
17:26:34.599  INFO     RX        /ERR/LOKO/0x00000002
17:26:34.599  INFO     RX        /ERR/LOKO/0x00000002
17:26:34.599  INFO     RX        /ERR/LOKO/0x00000002
17:26:34.628  INFO     RX        /ERR/LOKO/0x00000002
17:26:34.628  INFO     RX        /ERR/LOKO/0x00000002
17:26:34.662  INFO     RX        /ERR/LOKO/0x00000002
17:26:34.662  INFO     RX        /ERR/LOKO/0x00000002
17:26:34.663  INFO     RX        /ERR/LOKO/0x00000002
17:26:34.693  INFO     RX        /ERR/LOKO/0x00000002
17:26:34.693  INFO     RX        /ERR/LOKO/0x00000002
17:26:34.693  INFO     RX        /ERR/LOKO/0x00000002
17:26:34.727  INFO     RX        /ERR/LOKO/0x00000002
17:26:34.728  INFO     RX        /ERR/LOKO/0x00000002
17:26:34.728  INFO     RX        /ERR/LOKO/0x00000002
17:26:34.756  INFO     RX        /ERR/LOKO/0x00000002
17:26:34.756  INFO     RX        /ERR/LOKO/0x00000002
17:26:34.792  INFO     RX        /ERR/LOKO/0x00000002
17:26:34.792  INFO     RX        /ERR/LOKO/0x00000002
17:26:34.792  INFO     RX        /ERR/LOKO/0x00000002
17:26:34.817  DEBUG    TX /CONTROLL/0,0,-16,-54,0,0,0,0,0
17:26:34.820  INFO     RX        /ERR/LOKO/0x00000002
17:26:34.820  INFO     RX        /ERR/LOKO/0x00000002
17:26:34.855  INFO     RX        /ERR/LOKO/0x00000002
17:26:34.855  INFO     RX        /ERR/LOKO/0x00000002
17:26:34.855  INFO     RX        /ERR/LOKO/0x00000002
17:26:34.885  INFO     RX        /ERR/LOKO/0x00000002
17:26:34.885  INFO     RX        /ERR/LOKO/0x00000002
17:26:34.885  INFO     RX        /ERR/LOKO/0x00000002
17:26:34.920  INFO     RX        /ERR/LOKO/0x00000002
17:26:34.920  INFO     RX        /ERR/LOKO/0x00000002
17:26:34.920  INFO     RX        /ERR/LOKO/0x00000002
17:26:34.949  INFO     RX        /ERR/LOKO/0x00000002
17:26:34.949  INFO     RX        /ERR/LOKO/0x00000002
17:26:34.984  INFO     RX        /ERR/LOKO/0x00000002
17:26:34.984  INFO     RX        /ERR/LOKO/0x00000002
17:26:34.984  INFO     RX        /ERR/LOKO/0x00000002
17:26:35.012  INFO     RX        /ERR/LOKO/0x00000002
17:26:35.013  INFO     RX        /ERR/LOKO/0x00000002
17:26:35.013  INFO     RX        /ERR/LOKO/0x00000002
17:26:35.048  INFO     RX        /ERR/LOKO/0x00000002
17:26:35.048  INFO     RX        /ERR/LOKO/0x00000002
17:26:35.048  INFO     RX        /ERR/LOKO/0x00000002
17:26:35.077  INFO     RX        /ERR/LOKO/0x00000002
17:26:35.077  INFO     RX        /ERR/LOKO/0x00000002
17:26:35.112  INFO     RX        /ERR/LOKO/0x00000002
17:26:35.113  INFO     RX        /ERR/LOKO/0x00000002
17:26:35.113  INFO     RX        /ERR/LOKO/0x00000002
17:26:35.140  INFO     RX        /ERR/LOKO/0x00000002
17:26:35.140  INFO     RX        /ERR/LOKO/0x00000002
17:26:35.140  INFO     RX        /ERR/LOKO/0x00000002
17:26:35.175  INFO     RX        /ERR/LOKO/0x00000002
17:26:35.175  INFO     RX        /ERR/LOKO/0x00000002
17:26:35.176  INFO     RX        /ERR/LOKO/0x00000002
17:26:35.205  INFO     RX        /ERR/LOKO/0x00000002
17:26:35.206  INFO     RX        /ERR/LOKO/0x00000002
17:26:35.237  INFO     RX        /ERR/LOKO/0x00000002
17:26:35.237  INFO     RX        /ERR/LOKO/0x00000002
17:26:35.237  INFO     RX        /ERR/LOKO/0x00000002
17:26:35.272  INFO     RX        /ERR/LOKO/0x00000002
17:26:35.272  INFO     RX        /ERR/LOKO/0x00000002
17:26:35.272  INFO     RX        /ERR/LOKO/0x00000002
17:26:35.301  INFO     RX        /ERR/LOKO/0x00000002
17:26:35.301  INFO     RX        /ERR/LOKO/0x00000002
17:26:35.335  INFO     RX        /ERR/LOKO/0x00000002
17:26:35.335  INFO     RX        /ERR/LOKO/0x00000002
17:26:35.336  INFO     RX        /ERR/LOKO/0x00000002
17:26:35.365  INFO     RX        /ERR/LOKO/0x00000002
17:26:35.365  INFO     RX        /ERR/LOKO/0x00000002
17:26:35.365  INFO     RX        /ERR/LOKO/0x00000002
17:26:35.400  INFO     RX        /ERR/LOKO/0x00000002
17:26:35.400  INFO     RX        /ERR/LOKO/0x00000002
17:26:35.400  INFO     RX        /ERR/LOKO/0x00000002
17:26:35.429  INFO     RX        /ERR/LOKO/0x00000002
17:26:35.429  INFO     RX        /ERR/LOKO/0x00000002
17:26:35.465  INFO     RX        /ERR/LOKO/0x00000002
17:26:35.465  INFO     RX        /ERR/LOKO/0x00000002
17:26:35.465  INFO     RX        /ERR/LOKO/0x00000002
17:26:35.493  INFO     RX        /ERR/LOKO/0x00000002
17:26:35.493  INFO     RX        /ERR/LOKO/0x00000002
17:26:35.493  INFO     RX        /ERR/LOKO/0x00000002
17:26:35.526  INFO     RX        /ERR/LOKO/0x00000002
17:26:35.526  INFO     RX        /ERR/LOKO/0x00000002
17:26:35.560  INFO     RX        /ERR/LOKO/0x00000002
17:26:35.913  INFO     RX        /ERR/LOKO/0x00000002
17:26:35.944  INFO     RX        /ERR/LOKO/0x00000002
17:26:35.944  INFO     RX        /ERR/LOKO/0x00000002
17:26:35.944  INFO     RX        /ERR/LOKO/0x00000002
17:26:35.975  INFO     RX        /ERR/LOKO/0x00000002
17:26:35.975  INFO     RX        /ERR/LOKO/0x00000002
17:26:35.975  INFO     RX        /ERR/LOKO/0x00000002
17:26:36.008  INFO     RX        /ERR/LOKO/0x00000002
17:26:36.008  INFO     RX        /ERR/LOKO/0x00000002
17:26:36.044  INFO     RX        /ERR/LOKO/0x00000002
17:26:36.044  INFO     RX        /ERR/LOKO/0x00000002
17:26:36.044  INFO     RX        /ERR/LOKO/0x00000002
17:26:36.077  INFO     RX        /ERR/LOKO/0x00000002
17:26:36.077  INFO     RX        /ERR/LOKO/0x00000002
17:26:36.077  INFO     RX        /ERR/LOKO/0x00000002
17:26:36.105  INFO     RX        /ERR/LOKO/0x00000002
17:26:36.105  INFO     RX        /ERR/LOKO/0x00000002
17:26:36.105  INFO     RX        /ERR/LOKO/0x00000002
17:26:36.139  INFO     RX        /ERR/LOKO/0x00000002
17:26:36.140  INFO     RX        /ERR/LOKO/0x00000002
17:26:36.140  INFO     RX        /ERR/LOKO/0x00000002
17:26:36.173  INFO     RX        /ERR/LOKO/0x00000002
17:26:36.173  INFO     RX        /ERR/LOKO/0x00000002
17:26:36.299  INFO     RX        /ERR/LOKO/0x00000002
17:26:36.300  INFO     RX        /ERR/LOKO/0x00000002
17:26:36.300  INFO     RX        /ERR/LOKO/0x00000002
17:26:36.300  INFO     RX        /ERR/LOKO/0x00000002
17:26:36.300  INFO     RX        /ERR/LOKO/0x00000002
17:26:36.300  INFO     RX        /ERR/LOKO/0x00000002
17:26:36.300  INFO     RX        /ERR/LOKO/0x00000002
17:26:36.300  INFO     RX        /ERR/LOKO/0x00000002
17:26:36.300  INFO     RX        /ERR/LOKO/0x00000002
17:26:36.300  INFO     RX        /ERR/LOKO/0x00000002
17:26:36.300  INFO     RX        /ERR/LOKO/0x00000002
17:26:36.304  INFO     RX        /ERR/LOKO/0x00000002
17:26:36.332  INFO     RX        /ERR/LOKO/0x00000002
17:26:36.332  INFO     RX        /ERR/LOKO/0x00000002
17:26:36.367  INFO     RX        /ERR/LOKO/0x00000002
17:26:36.367  INFO     RX        /ERR/LOKO/0x00000002
17:26:36.367  INFO     RX        /ERR/LOKO/0x00000002
17:26:36.403  INFO     RX        /ERR/LOKO/0x00000002
17:26:36.426  DEBUG    TX /CONTROLL/32,20,0,0,0,0,0,0,2
17:26:36.433  INFO     RX        /ERR/LOKO/0x00000002
17:26:36.466  INFO     RX        /ERR/LOKO/0x00000002
17:26:36.497  INFO     RX        /ERR/LOKO/0x00000002
17:26:36.595  INFO     RX        /ERR/LOKO/0x00000002
17:26:36.624  INFO     RX        /ERR/LOKO/0x00000002
17:26:36.658  INFO     RX        /ERR/LOKO/0x00000002
17:26:36.687  INFO     RX        /ERR/LOKO/0x00000002
17:26:36.750  INFO     RX        /ERR/LOKO/0x00000002
17:26:36.785  INFO     RX        /ERR/LOKO/0x00000002
17:26:36.817  INFO     RX        /ERR/LOKO/0x00000002
17:26:36.850  INFO     RX        /ERR/LOKO/0x00000002
17:26:36.879  INFO     RX        /ERR/LOKO/0x00000002
17:26:36.914  INFO     RX        /ERR/LOKO/0x00000002
17:26:36.914  INFO     RX        /ERR/LOKO/0x00000002
17:26:36.914  INFO     RX        /ERR/LOKO/0x00000002
17:26:36.944  INFO     RX        /ERR/LOKO/0x00000002
17:26:36.944  INFO     RX        /ERR/LOKO/0x00000002
17:26:36.979  INFO     RX        /ERR/LOKO/0x00000002
17:26:36.979  INFO     RX        /ERR/LOKO/0x00000002
17:26:36.979  INFO     RX        /ERR/LOKO/0x00000002
17:26:37.008  INFO     RX        /ERR/LOKO/0x00000002
17:26:37.008  INFO     RX        /ERR/LOKO/0x00000002
17:26:37.046  INFO     RX        /ERR/LOKO/0x00000002
17:26:37.046  INFO     RX        /ERR/LOKO/0x00000002
17:26:37.046  INFO     RX        /ERR/LOKO/0x00000002
17:26:37.074  INFO     RX        /ERR/LOKO/0x00000002
17:26:37.074  INFO     RX        /ERR/LOKO/0x00000002
17:26:37.074  INFO     RX        /ERR/LOKO/0x00000002
17:26:37.107  INFO     RX        /ERR/LOKO/0x00000002
17:26:37.107  INFO     RX        /ERR/LOKO/0x00000002
17:26:37.107  INFO     RX        /ERR/LOKO/0x00000002
17:26:37.137  INFO     RX        /ERR/LOKO/0x00000002
17:26:37.137  INFO     RX        /ERR/LOKO/0x00000002
17:26:37.171  INFO     RX        /ERR/LOKO/0x00000002
17:26:37.171  INFO     RX        /ERR/LOKO/0x00000002
17:26:37.171  INFO     RX        /ERR/LOKO/0x00000002
17:26:37.201  INFO     RX        /ERR/LOKO/0x00000002
17:26:37.201  INFO     RX        /ERR/LOKO/0x00000002
17:26:37.201  INFO     RX        /ERR/LOKO/0x00000002
17:26:37.235  INFO     RX        /ERR/LOKO/0x00000002
17:26:37.235  INFO     RX        /ERR/LOKO/0x00000002
17:26:37.235  INFO     RX        /ERR/LOKO/0x00000002
17:26:37.264  INFO     RX        /ERR/LOKO/0x00000002
17:26:37.299  INFO     RX        /ERR/LOKO/0x00000002
17:26:37.329  INFO     RX        /ERR/LOKO/0x00000002
17:26:37.364  INFO     RX        /ERR/LOKO/0x00000002
17:26:37.428  INFO     RX        /ERR/LOKO/0x00000002
17:26:37.458  INFO     RX        /ERR/LOKO/0x00000002
17:26:37.492  INFO     RX        /ERR/LOKO/0x00000002
17:26:37.557  INFO     RX        /ERR/LOKO/0x00000002
17:26:37.620  INFO     RX        /ERR/LOKO/0x00000002
17:26:37.658  INFO     RX        /ERR/LOKO/0x00000002
17:26:37.688  INFO     RX        /ERR/LOKO/0x00000002
17:26:37.722  INFO     RX        /ERR/LOKO/0x00000002
17:26:37.759  INFO     RX        /ERR/LOKO/0x00000002
17:26:37.813  INFO     RX        /ERR/LOKO/0x00000002
17:26:37.849  INFO     RX        /ERR/LOKO/0x00000002
17:26:37.849  INFO     RX        /ERR/LOKO/0x00000002
17:26:37.849  INFO     RX        /ERR/LOKO/0x00000002
17:26:37.882  INFO     RX        /ERR/LOKO/0x00000002
17:26:37.882  INFO     RX        /ERR/LOKO/0x00000002
17:26:37.911  INFO     RX        /ERR/LOKO/0x00000002
17:26:37.912  INFO     RX        /ERR/LOKO/0x00000002
17:26:37.912  INFO     RX        /ERR/LOKO/0x00000002
17:26:37.942  INFO     RX        /ERR/LOKO/0x00000002
17:26:37.942  INFO     RX        /ERR/LOKO/0x00000002
17:26:37.977  INFO     RX        /ERR/LOKO/0x00000002
17:26:37.977  INFO     RX        /ERR/LOKO/0x00000002
17:26:37.977  INFO     RX        /ERR/LOKO/0x00000002
17:26:38.006  INFO     RX        /ERR/LOKO/0x00000002
17:26:38.006  INFO     RX        /ERR/LOKO/0x00000002
17:26:38.006  INFO     RX        /ERR/LOKO/0x00000002
17:26:38.035  DEBUG    TX /CONTROLL/0,0,0,0,0,0,0,0,2
17:26:38.040  INFO     RX        /ERR/LOKO/0x00000002
17:26:38.040  INFO     RX        /ERR/LOKO/0x00000002
17:26:38.040  INFO     RX        /ERR/LOKO/0x00000002
17:26:38.069  INFO     RX        /ERR/LOKO/0x00000002
17:26:38.069  INFO     RX        /ERR/LOKO/0x00000002
17:26:38.103  INFO     RX        /ERR/LOKO/0x00000002
17:26:38.104  INFO     RX        /ERR/LOKO/0x00000002
17:26:38.104  INFO     RX        /ERR/LOKO/0x00000002
17:26:38.134  INFO     RX        /ERR/LOKO/0x00000002
17:26:38.134  INFO     RX        /ERR/LOKO/0x00000002
17:26:38.134  INFO     RX        /ERR/LOKO/0x00000002
17:26:38.167  INFO     RX        /ERR/LOKO/0x00000002
17:26:38.168  INFO     RX        /ERR/LOKO/0x00000002
17:26:38.199  INFO     RX        /ERR/LOKO/0x00000002
17:26:38.199  INFO     RX        /ERR/LOKO/0x00000002
17:26:38.199  INFO     RX        /ERR/LOKO/0x00000002
17:26:38.234  INFO     RX        /ERR/LOKO/0x00000002
17:26:38.234  INFO     RX        /ERR/LOKO/0x00000002
17:26:38.234  INFO     RX        /ERR/LOKO/0x00000002
17:26:38.265  INFO     RX        /ERR/LOKO/0x00000002
17:26:38.265  INFO     RX        /ERR/LOKO/0x00000002
17:26:38.265  INFO     RX        /ERR/LOKO/0x00000002
17:26:38.299  INFO     RX        /ERR/LOKO/0x00000002
17:26:38.299  INFO     RX        /ERR/LOKO/0x00000002
17:26:38.330  INFO     RX        /ERR/LOKO/0x00000002
17:26:38.330  INFO     RX        /ERR/LOKO/0x00000002
17:26:38.330  INFO     RX        /ERR/LOKO/0x00000002
17:26:38.361  INFO     RX        /ERR/LOKO/0x00000002
17:26:38.361  INFO     RX        /ERR/LOKO/0x00000002
17:26:38.361  INFO     RX        /ERR/LOKO/0x00000002
17:26:38.396  INFO     RX        /ERR/LOKO/0x00000002
17:26:38.425  INFO     RX        /ERR/LOKO/0x00000002
17:26:38.460  INFO     RX        /ERR/LOKO/0x00000002
17:26:38.490  INFO     RX        /ERR/LOKO/0x00000002
17:26:38.557  INFO     RX        /ERR/LOKO/0x00000002
17:26:38.590  INFO     RX        /ERR/LOKO/0x00000002
17:26:38.590  INFO     RX        /ERR/LOKO/0x00000002
17:26:38.590  INFO     RX        /ERR/LOKO/0x00000002
17:26:38.623  INFO     RX        /ERR/LOKO/0x00000002
17:26:38.623  INFO     RX        /ERR/LOKO/0x00000002
17:26:38.652  INFO     RX        /ERR/LOKO/0x00000002
17:26:38.652  INFO     RX        /ERR/LOKO/0x00000002
17:26:38.652  INFO     RX        /ERR/LOKO/0x00000002
17:26:38.687  INFO     RX        /ERR/LOKO/0x00000002
17:26:38.687  INFO     RX        /ERR/LOKO/0x00000002
17:26:38.687  INFO     RX        /ERR/LOKO/0x00000002
17:26:38.716  INFO     RX        /ERR/LOKO/0x00000002
17:26:38.716  INFO     RX        /ERR/LOKO/0x00000002
17:26:38.750  INFO     RX        /ERR/LOKO/0x00000002
17:26:38.750  INFO     RX        /ERR/LOKO/0x00000002
17:26:38.750  INFO     RX        /ERR/LOKO/0x00000002
17:26:38.780  INFO     RX        /ERR/LOKO/0x00000002
17:26:38.780  INFO     RX        /ERR/LOKO/0x00000002
17:26:38.780  INFO     RX        /ERR/LOKO/0x00000002
17:26:38.814  INFO     RX        /ERR/LOKO/0x00000002
17:26:38.814  INFO     RX        /ERR/LOKO/0x00000002
17:26:38.814  INFO     RX        /ERR/LOKO/0x00000002
17:26:38.843  INFO     RX        /ERR/LOKO/0x00000002
17:26:38.843  INFO     RX        /ERR/LOKO/0x00000002
17:26:38.878  INFO     RX        /ERR/LOKO/0x00000002
17:26:38.878  INFO     RX        /ERR/LOKO/0x00000002
17:26:38.878  INFO     RX        /ERR/LOKO/0x00000002
17:26:38.909  INFO     RX        /ERR/LOKO/0x00000002
17:26:38.909  INFO     RX        /ERR/LOKO/0x00000002
17:26:38.909  INFO     RX        /ERR/LOKO/0x00000002
17:26:38.942  INFO     RX        /ERR/LOKO/0x00000002
17:26:38.942  INFO     RX        /ERR/LOKO/0x00000002
17:26:38.980  INFO     RX        /ERR/LOKO/0x00000002
17:26:38.980  INFO     RX        /ERR/LOKO/0x00000002
17:26:39.004  INFO     RX        /ERR/LOKO/0x00000002
17:26:39.041  INFO     RX        /ERR/LOKO/0x00000002
17:26:39.103  INFO     RX        /ERR/LOKO/0x00000002
17:26:39.137  INFO     RX        /ERR/LOKO/0x00000002
17:26:39.137  INFO     RX        /ERR/LOKO/0x00000002
17:26:39.137  INFO     RX        /ERR/LOKO/0x00000002
17:26:39.165  INFO     RX        /ERR/LOKO/0x00000002
17:26:39.165  INFO     RX        /ERR/LOKO/0x00000002
17:26:39.200  INFO     RX        /ERR/LOKO/0x00000002
17:26:39.200  INFO     RX        /ERR/LOKO/0x00000002
17:26:39.200  INFO     RX        /ERR/LOKO/0x00000002
17:26:39.343  INFO     RX        /ERR/LOKO/0x00000002
17:26:39.343  INFO     RX        /ERR/LOKO/0x00000002
17:26:39.343  INFO     RX        /ERR/LOKO/0x00000002
17:26:39.343  INFO     RX        /ERR/LOKO/0x00000002
17:26:39.343  INFO     RX        /ERR/LOKO/0x00000002
17:26:39.343  INFO     RX        /ERR/LOKO/0x00000002
17:26:39.343  INFO     RX        /ERR/LOKO/0x00000002
17:26:39.343  INFO     RX        /ERR/LOKO/0x00000002
17:26:39.343  INFO     RX        /ERR/LOKO/0x00000002
17:26:39.343  INFO     RX        /ERR/LOKO/0x00000002
17:26:39.343  INFO     RX        /ERR/LOKO/0x00000002
17:26:39.346  INFO     RX        /ERR/LOKO/0x00000002
17:26:39.346  INFO     RX        /ERR/LOKO/0x00000002
17:26:39.360  INFO     RX        /ERR/LOKO/0x00000002
17:26:39.392  INFO     RX        /ERR/LOKO/0x00000002
17:26:39.392  INFO     RX        /ERR/LOKO/0x00000002
17:26:39.392  INFO     RX        /ERR/LOKO/0x00000002
17:26:39.423  INFO     RX        /ERR/LOKO/0x00000002
17:26:39.423  INFO     RX        /ERR/LOKO/0x00000002
17:26:39.456  INFO     RX        /ERR/LOKO/0x00000002
17:26:39.457  INFO     RX        /ERR/LOKO/0x00000002
17:26:39.457  INFO     RX        /ERR/LOKO/0x00000002
17:26:39.487  INFO     RX        /ERR/LOKO/0x00000002
17:26:39.645  DEBUG    TX /CONTROLL/0,0,0,0,0,0,0,0,0
17:26:40.133  INFO     RX        /ERR/LOKO/0x00000002
17:26:40.167  INFO     RX        /ERR/LOKO/0x00000002
17:26:40.167  INFO     RX        /ERR/LOKO/0x00000002
17:26:40.168  INFO     RX        /ERR/LOKO/0x00000002
17:26:40.196  INFO     RX        /ERR/LOKO/0x00000002
17:26:40.197  INFO     RX        /ERR/LOKO/0x00000002
17:26:40.197  INFO     RX        /ERR/LOKO/0x00000002
17:26:40.232  INFO     RX        /ERR/LOKO/0x00000002
17:26:40.232  INFO     RX        /ERR/LOKO/0x00000002
17:26:40.232  INFO     RX        /ERR/LOKO/0x00000002
17:26:40.261  INFO     RX        /ERR/LOKO/0x00000002
17:26:40.261  INFO     RX        /ERR/LOKO/0x00000002
17:26:40.296  INFO     RX        /ERR/LOKO/0x00000002
17:26:40.296  INFO     RX        /ERR/LOKO/0x00000002
17:26:40.296  INFO     RX        /ERR/LOKO/0x00000002
17:26:40.325  INFO     RX        /ERR/LOKO/0x00000002
17:26:40.325  INFO     RX        /ERR/LOKO/0x00000002
17:26:40.325  INFO     RX        /ERR/LOKO/0x00000002
17:26:40.360  INFO     RX        /ERR/LOKO/0x00000002
17:26:40.360  INFO     RX        /ERR/LOKO/0x00000002
17:26:40.360  INFO     RX        /ERR/LOKO/0x00000002
17:26:40.393  INFO     RX        /ERR/LOKO/0x00000002
17:26:40.393  INFO     RX        /ERR/LOKO/0x00000002
17:26:40.393  INFO     RX        /ERR/LOKO/0x00000002
17:26:40.422  INFO     RX        /ERR/LOKO/0x00000002
17:26:40.422  INFO     RX        /ERR/LOKO/0x00000002
17:26:40.456  INFO     RX        /ERR/LOKO/0x00000002
17:26:40.456  INFO     RX        /ERR/LOKO/0x00000002
17:26:40.456  INFO     RX        /ERR/LOKO/0x00000002
17:26:40.486  INFO     RX        /ERR/LOKO/0x00000002
17:26:40.486  INFO     RX        /ERR/LOKO/0x00000002
17:26:40.518  INFO     RX        /ERR/LOKO/0x00000002
17:26:40.518  INFO     RX        /ERR/LOKO/0x00000002
17:26:40.518  INFO     RX        /ERR/LOKO/0x00000002
17:26:40.552  INFO     RX        /ERR/LOKO/0x00000002
17:26:40.552  INFO     RX        /ERR/LOKO/0x00000002
17:26:40.552  INFO     RX        /ERR/LOKO/0x00000002
17:26:40.582  INFO     RX        /ERR/LOKO/0x00000002
17:26:40.582  INFO     RX        /ERR/LOKO/0x00000002
17:26:40.615  INFO     RX        /ERR/LOKO/0x00000002
17:26:40.616  INFO     RX        /ERR/LOKO/0x00000002
17:26:40.616  INFO     RX        /ERR/LOKO/0x00000002
17:26:40.646  INFO     RX        /ERR/LOKO/0x00000002
17:26:40.646  INFO     RX        /ERR/LOKO/0x00000002
17:26:40.646  INFO     RX        /ERR/LOKO/0x00000002
17:26:40.683  INFO     RX        /ERR/LOKO/0x00000002
17:26:40.683  INFO     RX        /ERR/LOKO/0x00000002
17:26:40.683  INFO     RX        /ERR/LOKO/0x00000002
17:26:40.709  INFO     RX        /ERR/LOKO/0x00000002
17:26:40.710  INFO     RX        /ERR/LOKO/0x00000002
17:26:40.743  INFO     RX        /ERR/LOKO/0x00000002
17:26:40.743  INFO     RX        /ERR/LOKO/0x00000002
17:26:40.743  INFO     RX        /ERR/LOKO/0x00000002
17:26:40.773  INFO     RX        /ERR/LOKO/0x00000002
17:26:40.773  INFO     RX        /ERR/LOKO/0x00000002
17:26:40.774  INFO     RX        /ERR/LOKO/0x00000002
17:26:40.808  INFO     RX        /ERR/LOKO/0x00000002
17:26:40.809  INFO     RX        /ERR/LOKO/0x00000002
17:26:40.809  INFO     RX        /ERR/LOKO/0x00000002
17:26:40.841  INFO     RX        /ERR/LOKO/0x00000002
17:26:40.842  INFO     RX        /ERR/LOKO/0x00000002
17:26:40.842  INFO     RX        /ERR/LOKO/0x00000002
17:26:40.874  INFO     RX        /ERR/LOKO/0x00000002
17:26:40.874  INFO     RX        /ERR/LOKO/0x00000002
17:26:40.903  INFO     RX        /ERR/LOKO/0x00000002
17:26:40.903  INFO     RX        /ERR/LOKO/0x00000002
17:26:40.903  INFO     RX        /ERR/LOKO/0x00000002
17:26:40.940  INFO     RX        /ERR/LOKO/0x00000002
17:26:40.940  INFO     RX        /ERR/LOKO/0x00000002
17:26:40.940  INFO     RX        /ERR/LOKO/0x00000002
17:26:40.968  INFO     RX        /ERR/LOKO/0x00000002
17:26:40.968  INFO     RX        /ERR/LOKO/0x00000002
17:26:41.003  INFO     RX        /ERR/LOKO/0x00000002
17:26:41.003  INFO     RX        /ERR/LOKO/0x00000002
17:26:41.003  INFO     RX        /ERR/LOKO/0x00000002
17:26:41.033  INFO     RX        /ERR/LOKO/0x00000002
17:26:41.033  INFO     RX        /ERR/LOKO/0x00000002
17:26:41.033  INFO     RX        /ERR/LOKO/0x00000002
17:26:41.068  INFO     RX        /ERR/LOKO/0x00000002
17:26:41.068  INFO     RX        /ERR/LOKO/0x00000002
17:26:41.068  INFO     RX        /ERR/LOKO/0x00000002
17:26:41.096  INFO     RX        /ERR/LOKO/0x00000002
17:26:41.097  INFO     RX        /ERR/LOKO/0x00000002
17:26:41.131  INFO     RX        /ERR/LOKO/0x00000002
17:26:41.132  INFO     RX        /ERR/LOKO/0x00000002
17:26:41.132  INFO     RX        /ERR/LOKO/0x00000002
17:26:41.164  INFO     RX        /ERR/LOKO/0x00000002
17:26:41.164  INFO     RX        /ERR/LOKO/0x00000002
17:26:41.164  INFO     RX        /ERR/LOKO/0x00000002
17:26:41.196  INFO     RX        /ERR/LOKO/0x00000002
17:26:41.196  INFO     RX        /ERR/LOKO/0x00000002
17:26:41.196  INFO     RX        /ERR/LOKO/0x00000002
17:26:41.225  INFO     RX        /ERR/LOKO/0x00000002
17:26:41.225  INFO     RX        /ERR/LOKO/0x00000002
17:26:41.253  DEBUG    TX /CONTROLL/0,0,-16,-48,0,0,0,0,0
17:26:41.260  INFO     RX        /ERR/LOKO/0x00000002
17:26:41.260  INFO     RX        /ERR/LOKO/0x00000002
17:26:41.260  INFO     RX        /ERR/LOKO/0x00000002
17:26:41.289  INFO     RX        /ERR/LOKO/0x00000002
17:26:41.289  INFO     RX        /ERR/LOKO/0x00000002
17:26:41.323  INFO     RX        /ERR/LOKO/0x00000002
17:26:41.323  INFO     RX        /ERR/LOKO/0x00000002
17:26:41.323  INFO     RX        /ERR/LOKO/0x00000002
17:26:41.354  INFO     RX        /ERR/LOKO/0x00000002
17:26:41.354  INFO     RX        /ERR/LOKO/0x00000002
17:26:41.354  INFO     RX        /ERR/LOKO/0x00000002
17:26:41.389  INFO     RX        /ERR/LOKO/0x00000002
17:26:41.389  INFO     RX        /ERR/LOKO/0x00000002
17:26:41.389  INFO     RX        /ERR/LOKO/0x00000002
17:26:41.421  INFO     RX        /ERR/LOKO/0x00000002
17:26:41.421  INFO     RX        /ERR/LOKO/0x00000002
17:26:41.421  INFO     RX        /ERR/LOKO/0x00000002
17:26:41.454  INFO     RX        /ERR/LOKO/0x00000002
17:26:41.454  INFO     RX        /ERR/LOKO/0x00000002
17:26:41.481  INFO     RX        /ERR/LOKO/0x00000002
17:26:41.481  INFO     RX        /ERR/LOKO/0x00000002
17:26:41.481  INFO     RX        /ERR/LOKO/0x00000002
17:26:41.513  INFO     RX        /ERR/LOKO/0x00000002
17:26:41.513  INFO     RX        /ERR/LOKO/0x00000002
17:26:41.549  INFO     RX        /ERR/LOKO/0x00000002
17:26:41.549  INFO     RX        /ERR/LOKO/0x00000002
17:26:41.549  INFO     RX        /ERR/LOKO/0x00000002
17:26:41.582  INFO     RX        /ERR/LOKO/0x00000002
17:26:41.582  INFO     RX        /ERR/LOKO/0x00000002
17:26:41.582  INFO     RX        /ERR/LOKO/0x00000002
17:26:41.614  INFO     RX        /ERR/LOKO/0x00000002
17:26:41.614  INFO     RX        /ERR/LOKO/0x00000002
17:26:41.614  INFO     RX        /ERR/LOKO/0x00000002
17:26:41.643  INFO     RX        /ERR/LOKO/0x00000002
17:26:41.643  INFO     RX        /ERR/LOKO/0x00000002
17:26:41.678  INFO     RX        /ERR/LOKO/0x00000002
17:26:41.678  INFO     RX        /ERR/LOKO/0x00000002
17:26:41.678  INFO     RX        /ERR/LOKO/0x00000002
17:26:41.707  INFO     RX        /ERR/LOKO/0x00000002
17:26:41.707  INFO     RX        /ERR/LOKO/0x00000002
17:26:41.707  INFO     RX        /ERR/LOKO/0x00000002
17:26:41.743  INFO     RX        /ERR/LOKO/0x00000002
17:26:41.743  INFO     RX        /ERR/LOKO/0x00000002
17:26:41.743  INFO     RX        /ERR/LOKO/0x00000002
17:26:41.772  INFO     RX        /ERR/LOKO/0x00000002
17:26:41.772  INFO     RX        /ERR/LOKO/0x00000002
17:26:41.804  INFO     RX        /ERR/LOKO/0x00000002
17:26:41.804  INFO     RX        /ERR/LOKO/0x00000002
17:26:41.804  INFO     RX        /ERR/LOKO/0x00000002
17:26:41.841  INFO     RX        /ERR/LOKO/0x00000002
17:26:41.841  INFO     RX        /ERR/LOKO/0x00000002
17:26:41.841  INFO     RX        /ERR/LOKO/0x00000002
17:26:41.869  INFO     RX        /ERR/LOKO/0x00000002
17:26:41.869  INFO     RX        /ERR/LOKO/0x00000002
17:26:41.904  INFO     RX        /ERR/LOKO/0x00000002
17:26:41.904  INFO     RX        /ERR/LOKO/0x00000002
17:26:41.904  INFO     RX        /ERR/LOKO/0x00000002
17:26:41.933  INFO     RX        /ERR/LOKO/0x00000002
17:26:41.934  INFO     RX        /ERR/LOKO/0x00000002
17:26:41.934  INFO     RX        /ERR/LOKO/0x00000002
17:26:41.970  INFO     RX        /ERR/LOKO/0x00000002
17:26:42.481  INFO     RX        /ERR/LOKO/0x00000002
17:26:42.481  INFO     RX        /ERR/LOKO/0x00000002
17:26:42.509  INFO     RX        /ERR/LOKO/0x00000002
17:26:42.509  INFO     RX        /ERR/LOKO/0x00000002
17:26:42.509  INFO     RX        /ERR/LOKO/0x00000002
17:26:42.547  INFO     RX        /ERR/LOKO/0x00000002
17:26:42.547  INFO     RX        /ERR/LOKO/0x00000002
17:26:42.574  INFO     RX        /ERR/LOKO/0x00000002
17:26:42.574  INFO     RX        /ERR/LOKO/0x00000002
17:26:42.574  INFO     RX        /ERR/LOKO/0x00000002
17:26:42.610  INFO     RX        /ERR/LOKO/0x00000002
17:26:42.610  INFO     RX        /ERR/LOKO/0x00000002
17:26:42.610  INFO     RX        /ERR/LOKO/0x00000002
17:26:42.642  INFO     RX        /ERR/LOKO/0x00000002
17:26:42.642  INFO     RX        /ERR/LOKO/0x00000002
17:26:42.642  INFO     RX        /ERR/LOKO/0x00000002
17:26:42.673  INFO     RX        /ERR/LOKO/0x00000002
17:26:42.673  INFO     RX        /ERR/LOKO/0x00000002
17:26:42.706  INFO     RX        /ERR/LOKO/0x00000002
17:26:42.707  INFO     RX        /ERR/LOKO/0x00000002
17:26:42.707  INFO     RX        /ERR/LOKO/0x00000002
17:26:42.735  INFO     RX        /ERR/LOKO/0x00000002
17:26:42.862  DEBUG    TX /CONTROLL/0,0,0,0,0,0,0,0,0
17:26:44.467  DEBUG    TX /CONTROLL/0,0,0,0,0,0,0,0,0
17:26:44.539  INFO     RX        /ERR/LOKO/0x00000002
17:26:44.539  INFO     RX        /ERR/LOKO/0x00000002
17:26:44.568  INFO     RX        /ERR/LOKO/0x00000002
17:26:44.568  INFO     RX        /ERR/LOKO/0x00000002
17:26:44.568  INFO     RX        /ERR/LOKO/0x00000002
17:26:44.603  INFO     RX        /ERR/LOKO/0x00000002
17:26:44.603  INFO     RX        /ERR/LOKO/0x00000002
17:26:44.604  INFO     RX        /ERR/LOKO/0x00000002
17:26:44.634  INFO     RX        /ERR/LOKO/0x00000002
17:26:44.634  INFO     RX        /ERR/LOKO/0x00000002
17:26:44.669  INFO     RX        /ERR/LOKO/0x00000002
17:26:44.669  INFO     RX        /ERR/LOKO/0x00000002
17:26:44.669  INFO     RX        /ERR/LOKO/0x00000002
17:26:44.702  INFO     RX        /ERR/LOKO/0x00000002
17:26:45.345  INFO     RX        /ERR/LOKO/0x00000002
17:26:45.345  INFO     RX        /ERR/LOKO/0x00000002
17:26:45.377  INFO     RX        /ERR/LOKO/0x00000002
17:26:45.377  INFO     RX        /ERR/LOKO/0x00000002
17:26:45.412  INFO     RX        /ERR/LOKO/0x00000002
17:26:45.412  INFO     RX        /ERR/LOKO/0x00000002
17:26:45.412  INFO     RX        /ERR/LOKO/0x00000002
17:26:45.446  INFO     RX        /ERR/LOKO/0x00000002
17:26:45.446  INFO     RX        /ERR/LOKO/0x00000002
17:26:45.447  INFO     RX        /ERR/LOKO/0x00000002
17:26:45.474  INFO     RX        /ERR/LOKO/0x00000002
17:26:45.474  INFO     RX        /ERR/LOKO/0x00000002
17:26:45.474  INFO     RX        /ERR/LOKO/0x00000002
17:26:45.508  INFO     RX        /ERR/LOKO/0x00000002
17:26:45.508  INFO     RX        /ERR/LOKO/0x00000002
17:26:45.542  INFO     RX        /ERR/LOKO/0x00000002
17:26:45.542  INFO     RX        /ERR/LOKO/0x00000002
17:26:45.542  INFO     RX        /ERR/LOKO/0x00000002
17:26:45.575  INFO     RX        /ERR/LOKO/0x00000002
17:26:45.575  INFO     RX        /ERR/LOKO/0x00000002
17:26:45.575  INFO     RX        /ERR/LOKO/0x00000002
17:26:45.607  INFO     RX        /ERR/LOKO/0x00000002
17:26:45.607  INFO     RX        /ERR/LOKO/0x00000002
17:26:45.607  INFO     RX        /ERR/LOKO/0x00000002
17:26:45.636  INFO     RX        /ERR/LOKO/0x00000002
17:26:45.636  INFO     RX        /ERR/LOKO/0x00000002
17:26:45.675  INFO     RX        /ERR/LOKO/0x00000002
17:26:45.675  INFO     RX        /ERR/LOKO/0x00000002
17:26:45.675  INFO     RX        /ERR/LOKO/0x00000002
17:26:45.701  INFO     RX        /ERR/LOKO/0x00000002
17:26:45.701  INFO     RX        /ERR/LOKO/0x00000002
17:26:45.701  INFO     RX        /ERR/LOKO/0x00000002
17:26:45.734  INFO     RX        /ERR/LOKO/0x00000002
17:26:45.734  INFO     RX        /ERR/LOKO/0x00000002
17:26:45.734  INFO     RX        /ERR/LOKO/0x00000002
17:26:45.764  INFO     RX        /ERR/LOKO/0x00000002
17:26:45.764  INFO     RX        /ERR/LOKO/0x00000002
17:26:45.798  INFO     RX        /ERR/LOKO/0x00000002
17:26:45.798  INFO     RX        /ERR/LOKO/0x00000002
17:26:45.798  INFO     RX        /ERR/LOKO/0x00000002
17:26:45.828  INFO     RX        /ERR/LOKO/0x00000002
17:26:45.829  INFO     RX        /ERR/LOKO/0x00000002
17:26:45.829  INFO     RX        /ERR/LOKO/0x00000002
17:26:45.863  INFO     RX        /ERR/LOKO/0x00000002
17:26:45.863  INFO     RX        /ERR/LOKO/0x00000002
17:26:45.863  INFO     RX        /ERR/LOKO/0x00000002
17:26:45.893  INFO     RX        /ERR/LOKO/0x00000002
17:26:45.893  INFO     RX        /ERR/LOKO/0x00000002
17:26:45.927  INFO     RX        /ERR/LOKO/0x00000002
17:26:45.927  INFO     RX        /ERR/LOKO/0x00000002
17:26:45.927  INFO     RX        /ERR/LOKO/0x00000002
17:26:45.956  INFO     RX        /ERR/LOKO/0x00000002
17:26:45.957  INFO     RX        /ERR/LOKO/0x00000002
17:26:45.991  INFO     RX        /ERR/LOKO/0x00000002
17:26:45.991  INFO     RX        /ERR/LOKO/0x00000002
17:26:45.991  INFO     RX        /ERR/LOKO/0x00000002
17:26:46.021  INFO     RX        /ERR/LOKO/0x00000002
17:26:46.022  INFO     RX        /ERR/LOKO/0x00000002
17:26:46.022  INFO     RX        /ERR/LOKO/0x00000002
17:26:46.056  INFO     RX        /ERR/LOKO/0x00000002
17:26:46.056  INFO     RX        /ERR/LOKO/0x00000002
17:26:46.056  INFO     RX        /ERR/LOKO/0x00000002
17:26:46.082  DEBUG    TX /CONTROLL/0,0,0,-100,0,0,0,0,0
17:26:46.086  INFO     RX        /ERR/LOKO/0x00000002
17:26:46.086  INFO     RX        /ERR/LOKO/0x00000002
17:26:46.120  INFO     RX        /ERR/LOKO/0x00000002
17:26:46.120  INFO     RX        /ERR/LOKO/0x00000002
17:26:46.120  INFO     RX        /ERR/LOKO/0x00000002
17:26:46.149  INFO     RX        /ERR/LOKO/0x00000002
17:26:46.149  INFO     RX        /ERR/LOKO/0x00000002
17:26:46.150  INFO     RX        /ERR/LOKO/0x00000002
17:26:46.185  INFO     RX        /ERR/LOKO/0x00000002
17:26:46.185  INFO     RX        /ERR/LOKO/0x00000002
17:26:46.185  INFO     RX        /ERR/LOKO/0x00000002
17:26:46.217  INFO     RX        /ERR/LOKO/0x00000002
17:26:46.217  INFO     RX        /ERR/LOKO/0x00000002
17:26:46.217  INFO     RX        /ERR/LOKO/0x00000002
17:26:46.250  INFO     RX        /ERR/LOKO/0x00000002
17:26:46.250  INFO     RX        /ERR/LOKO/0x00000002
17:26:46.282  INFO     RX        /ERR/LOKO/0x00000002
17:26:47.438  INFO     RX        /ERR/LOKO/0x00000002
17:26:47.477  INFO     RX        /ERR/LOKO/0x00000002
17:26:47.477  INFO     RX        /ERR/LOKO/0x00000002
17:26:47.477  INFO     RX        /ERR/LOKO/0x00000002
17:26:47.500  INFO     RX        /ERR/LOKO/0x00000002
17:26:47.500  INFO     RX        /ERR/LOKO/0x00000002
17:26:47.536  INFO     RX        /ERR/LOKO/0x00000002
17:26:47.536  INFO     RX        /ERR/LOKO/0x00000002
17:26:47.536  INFO     RX        /ERR/LOKO/0x00000002
17:26:47.565  INFO     RX        /ERR/LOKO/0x00000002
17:26:47.565  INFO     RX        /ERR/LOKO/0x00000002
17:26:47.565  INFO     RX        /ERR/LOKO/0x00000002
17:26:47.600  INFO     RX        /ERR/LOKO/0x00000002
17:26:47.600  INFO     RX        /ERR/LOKO/0x00000002
17:26:47.629  INFO     RX        /ERR/LOKO/0x00000002
17:26:47.630  INFO     RX        /ERR/LOKO/0x00000002
17:26:47.630  INFO     RX        /ERR/LOKO/0x00000002
17:26:47.666  INFO     RX        /ERR/LOKO/0x00000002
17:26:47.666  INFO     RX        /ERR/LOKO/0x00000002
17:26:47.666  INFO     RX        /ERR/LOKO/0x00000002
17:26:47.690  DEBUG    TX /CONTROLL/0,0,0,-17,0,0,0,0,0
17:26:47.693  INFO     RX        /ERR/LOKO/0x00000002
17:26:47.693  INFO     RX        /ERR/LOKO/0x00000002
17:26:47.730  INFO     RX        /ERR/LOKO/0x00000002
17:26:47.731  INFO     RX        /ERR/LOKO/0x00000002
17:26:47.731  INFO     RX        /ERR/LOKO/0x00000002
17:26:47.757  INFO     RX        /ERR/LOKO/0x00000002
17:26:47.757  INFO     RX        /ERR/LOKO/0x00000002
17:26:47.757  INFO     RX        /ERR/LOKO/0x00000002
17:26:47.789  INFO     RX        /ERR/LOKO/0x00000002
17:26:47.789  INFO     RX        /ERR/LOKO/0x00000002
17:26:47.824  INFO     RX        /ERR/LOKO/0x00000002
17:26:47.825  INFO     RX        /ERR/LOKO/0x00000002
17:26:47.825  INFO     RX        /ERR/LOKO/0x00000002
17:26:47.856  INFO     RX        /ERR/LOKO/0x00000002
17:26:47.857  INFO     RX        /ERR/LOKO/0x00000002
17:26:47.857  INFO     RX        /ERR/LOKO/0x00000002
17:26:47.885  INFO     RX        /ERR/LOKO/0x00000002
17:26:47.885  INFO     RX        /ERR/LOKO/0x00000002
17:26:47.885  INFO     RX        /ERR/LOKO/0x00000002
17:26:47.919  INFO     RX        /ERR/LOKO/0x00000002
17:26:47.919  INFO     RX        /ERR/LOKO/0x00000002
17:26:47.951  INFO     RX        /ERR/LOKO/0x00000002
17:26:47.951  INFO     RX        /ERR/LOKO/0x00000002
17:26:47.951  INFO     RX        /ERR/LOKO/0x00000002
17:26:47.986  INFO     RX        /ERR/LOKO/0x00000002
17:26:47.986  INFO     RX        /ERR/LOKO/0x00000002
17:26:47.986  INFO     RX        /ERR/LOKO/0x00000002
17:26:48.014  INFO     RX        /ERR/LOKO/0x00000002
17:26:48.014  INFO     RX        /ERR/LOKO/0x00000002
17:26:48.048  INFO     RX        /ERR/LOKO/0x00000002
17:26:48.049  INFO     RX        /ERR/LOKO/0x00000002
17:26:48.049  INFO     RX        /ERR/LOKO/0x00000002
17:26:48.081  INFO     RX        /ERR/LOKO/0x00000002
17:26:48.081  INFO     RX        /ERR/LOKO/0x00000002
17:26:48.081  INFO     RX        /ERR/LOKO/0x00000002
17:26:48.114  INFO     RX        /ERR/LOKO/0x00000002
17:26:48.114  INFO     RX        /ERR/LOKO/0x00000002
17:26:48.114  INFO     RX        /ERR/LOKO/0x00000002
17:26:48.144  INFO     RX        /ERR/LOKO/0x00000002
17:26:48.144  INFO     RX        /ERR/LOKO/0x00000002
17:26:48.179  INFO     RX        /ERR/LOKO/0x00000002
17:26:48.179  INFO     RX        /ERR/LOKO/0x00000002
17:26:48.179  INFO     RX        /ERR/LOKO/0x00000002
17:26:48.208  INFO     RX        /ERR/LOKO/0x00000002
17:26:48.208  INFO     RX        /ERR/LOKO/0x00000002
17:26:48.208  INFO     RX        /ERR/LOKO/0x00000002
17:26:48.243  INFO     RX        /ERR/LOKO/0x00000002
17:26:48.243  INFO     RX        /ERR/LOKO/0x00000002
17:26:48.243  INFO     RX        /ERR/LOKO/0x00000002
17:26:48.273  INFO     RX        /ERR/LOKO/0x00000002
17:26:48.273  INFO     RX        /ERR/LOKO/0x00000002
17:26:48.307  INFO     RX        /ERR/LOKO/0x00000002
17:26:48.307  INFO     RX        /ERR/LOKO/0x00000002
17:26:48.308  INFO     RX        /ERR/LOKO/0x00000002
17:26:48.337  INFO     RX        /ERR/LOKO/0x00000002
17:26:48.337  INFO     RX        /ERR/LOKO/0x00000002
17:26:48.337  INFO     RX        /ERR/LOKO/0x00000002
17:26:48.370  INFO     RX        /ERR/LOKO/0x00000002
17:26:48.370  INFO     RX        /ERR/LOKO/0x00000002
17:26:48.370  INFO     RX        /ERR/LOKO/0x00000002
17:26:48.404  INFO     RX        /ERR/LOKO/0x00000002
17:26:48.404  INFO     RX        /ERR/LOKO/0x00000002
17:26:48.404  INFO     RX        /ERR/LOKO/0x00000002
17:26:48.433  INFO     RX        /ERR/LOKO/0x00000002
17:26:48.434  INFO     RX        /ERR/LOKO/0x00000002
17:26:48.468  INFO     RX        /ERR/LOKO/0x00000002
17:26:48.468  INFO     RX        /ERR/LOKO/0x00000002
17:26:48.468  INFO     RX        /ERR/LOKO/0x00000002
17:26:48.497  INFO     RX        /ERR/LOKO/0x00000002
17:26:48.497  INFO     RX        /ERR/LOKO/0x00000002
17:26:48.534  INFO     RX        /ERR/LOKO/0x00000002
17:26:48.534  INFO     RX        /ERR/LOKO/0x00000002
17:26:48.534  INFO     RX        /ERR/LOKO/0x00000002
17:26:48.534  INFO     RX        /ERR/LOKO/0x00000002
17:26:48.561  INFO     RX        /ERR/LOKO/0x00000002
17:26:48.561  INFO     RX        /ERR/LOKO/0x00000002
17:26:48.596  INFO     RX        /ERR/LOKO/0x00000002
17:26:48.596  INFO     RX        /ERR/LOKO/0x00000002
17:26:48.596  INFO     RX        /ERR/LOKO/0x00000002
17:26:48.626  INFO     RX        /ERR/LOKO/0x00000002
17:26:48.626  INFO     RX        /ERR/LOKO/0x00000002
17:26:48.660  INFO     RX        /ERR/LOKO/0x00000002
17:26:48.661  INFO     RX        /ERR/LOKO/0x00000002
17:26:48.661  INFO     RX        /ERR/LOKO/0x00000002
17:26:48.689  INFO     RX        /ERR/LOKO/0x00000002
17:26:48.689  INFO     RX        /ERR/LOKO/0x00000002
17:26:48.689  INFO     RX        /ERR/LOKO/0x00000002
17:26:48.724  INFO     RX        /ERR/LOKO/0x00000002
17:26:48.725  INFO     RX        /ERR/LOKO/0x00000002
17:26:48.725  INFO     RX        /ERR/LOKO/0x00000002
17:26:48.754  INFO     RX        /ERR/LOKO/0x00000002
17:26:48.754  INFO     RX        /ERR/LOKO/0x00000002
17:26:48.790  INFO     RX        /ERR/LOKO/0x00000002
17:26:48.790  INFO     RX        /ERR/LOKO/0x00000002
17:26:48.790  INFO     RX        /ERR/LOKO/0x00000002
17:26:48.820  INFO     RX        /ERR/LOKO/0x00000002
17:26:48.820  INFO     RX        /ERR/LOKO/0x00000002
17:26:48.820  INFO     RX        /ERR/LOKO/0x00000002
17:26:48.857  INFO     RX        /ERR/LOKO/0x00000002
17:26:48.857  INFO     RX        /ERR/LOKO/0x00000002
17:26:48.857  INFO     RX        /ERR/LOKO/0x00000002
17:26:48.885  INFO     RX        /ERR/LOKO/0x00000002
17:26:48.885  INFO     RX        /ERR/LOKO/0x00000002
17:26:48.919  INFO     RX        /ERR/LOKO/0x00000002
17:26:48.920  INFO     RX        /ERR/LOKO/0x00000002
17:26:48.920  INFO     RX        /ERR/LOKO/0x00000002
17:26:48.952  INFO     RX        /ERR/LOKO/0x00000002
17:26:48.952  INFO     RX        /ERR/LOKO/0x00000002
17:26:48.952  INFO     RX        /ERR/LOKO/0x00000002
17:26:48.981  INFO     RX        /ERR/LOKO/0x00000002
17:26:48.981  INFO     RX        /ERR/LOKO/0x00000002
17:26:49.014  INFO     RX        /ERR/LOKO/0x00000002
17:26:49.014  INFO     RX        /ERR/LOKO/0x00000002
17:26:49.014  INFO     RX        /ERR/LOKO/0x00000002
17:26:49.045  INFO     RX        /ERR/LOKO/0x00000002
17:26:49.046  INFO     RX        /ERR/LOKO/0x00000002
17:26:49.046  INFO     RX        /ERR/LOKO/0x00000002
17:26:49.080  INFO     RX        /ERR/LOKO/0x00000002
17:26:49.080  INFO     RX        /ERR/LOKO/0x00000002
17:26:49.080  INFO     RX        /ERR/LOKO/0x00000002
17:26:49.109  INFO     RX        /ERR/LOKO/0x00000002
17:26:49.109  INFO     RX        /ERR/LOKO/0x00000002
17:26:49.143  INFO     RX        /ERR/LOKO/0x00000002
17:26:49.143  INFO     RX        /ERR/LOKO/0x00000002
17:26:49.143  INFO     RX        /ERR/LOKO/0x00000002
17:26:49.173  INFO     RX        /ERR/LOKO/0x00000002
17:26:49.173  INFO     RX        /ERR/LOKO/0x00000002
17:26:49.173  INFO     RX        /ERR/LOKO/0x00000002
17:26:49.210  INFO     RX        /ERR/LOKO/0x00000002
17:26:49.210  INFO     RX        /ERR/LOKO/0x00000002
17:26:49.210  INFO     RX        /ERR/LOKO/0x00000002
17:26:49.237  INFO     RX        /ERR/LOKO/0x00000002
17:26:49.237  INFO     RX        /ERR/LOKO/0x00000002
17:26:49.271  INFO     RX        /ERR/LOKO/0x00000002
17:26:49.271  INFO     RX        /ERR/LOKO/0x00000002
17:26:49.271  INFO     RX        /ERR/LOKO/0x00000002
17:26:49.297  DEBUG    TX /CONTROLL/0,0,0,-23,0,0,0,0,0
17:26:49.301  INFO     RX        /ERR/LOKO/0x00000002
17:26:49.301  INFO     RX        /ERR/LOKO/0x00000002
17:26:49.335  INFO     RX        /ERR/LOKO/0x00000002
17:26:49.335  INFO     RX        /ERR/LOKO/0x00000002
17:26:49.335  INFO     RX        /ERR/LOKO/0x00000002
17:26:49.366  INFO     RX        /ERR/LOKO/0x00000002
17:26:49.366  INFO     RX        /ERR/LOKO/0x00000002
17:26:49.366  INFO     RX        /ERR/LOKO/0x00000002
17:26:49.400  INFO     RX        /ERR/LOKO/0x00000002
17:26:49.400  INFO     RX        /ERR/LOKO/0x00000002
17:26:49.400  INFO     RX        /ERR/LOKO/0x00000002
17:26:49.429  INFO     RX        /ERR/LOKO/0x00000002
17:26:49.429  INFO     RX        /ERR/LOKO/0x00000002
17:26:49.461  INFO     RX        /ERR/LOKO/0x00000002
17:26:49.461  INFO     RX        /ERR/LOKO/0x00000002
17:26:49.461  INFO     RX        /ERR/LOKO/0x00000002
17:26:49.495  INFO     RX        /ERR/LOKO/0x00000002
17:26:49.495  INFO     RX        /ERR/LOKO/0x00000002
17:26:49.495  INFO     RX        /ERR/LOKO/0x00000002
17:26:49.526  INFO     RX        /ERR/LOKO/0x00000002
17:26:49.526  INFO     RX        /ERR/LOKO/0x00000002
17:26:49.526  INFO     RX        /ERR/LOKO/0x00000002
17:26:49.557  INFO     RX        /ERR/LOKO/0x00000002
17:26:49.557  INFO     RX        /ERR/LOKO/0x00000002
17:26:49.592  INFO     RX        /ERR/LOKO/0x00000002
17:26:49.592  INFO     RX        /ERR/LOKO/0x00000002
17:26:49.592  INFO     RX        /ERR/LOKO/0x00000002
17:26:49.623  INFO     RX        /ERR/LOKO/0x00000002
17:26:49.623  INFO     RX        /ERR/LOKO/0x00000002
17:26:49.623  INFO     RX        /ERR/LOKO/0x00000002
17:26:49.657  INFO     RX        /ERR/LOKO/0x00000002
17:26:49.657  INFO     RX        /ERR/LOKO/0x00000002
17:26:49.657  INFO     RX        /ERR/LOKO/0x00000002
17:26:49.690  INFO     RX        /ERR/LOKO/0x00000002
17:26:49.690  INFO     RX        /ERR/LOKO/0x00000002
17:26:49.690  INFO     RX        /ERR/LOKO/0x00000002
17:26:49.722  INFO     RX        /ERR/LOKO/0x00000002
17:26:49.722  INFO     RX        /ERR/LOKO/0x00000002
17:26:49.754  INFO     RX        /ERR/LOKO/0x00000002
17:26:49.754  INFO     RX        /ERR/LOKO/0x00000002
17:26:49.754  INFO     RX        /ERR/LOKO/0x00000002
17:26:49.786  INFO     RX        /ERR/LOKO/0x00000002
17:26:49.786  INFO     RX        /ERR/LOKO/0x00000002
17:26:49.786  INFO     RX        /ERR/LOKO/0x00000002
17:26:49.818  INFO     RX        /ERR/LOKO/0x00000002
17:26:49.818  INFO     RX        /ERR/LOKO/0x00000002
17:26:49.849  INFO     RX        /ERR/LOKO/0x00000002
17:26:49.849  INFO     RX        /ERR/LOKO/0x00000002
17:26:49.849  INFO     RX        /ERR/LOKO/0x00000002
17:26:49.882  INFO     RX        /ERR/LOKO/0x00000002
17:26:49.882  INFO     RX        /ERR/LOKO/0x00000002
17:26:49.882  INFO     RX        /ERR/LOKO/0x00000002
17:26:49.913  INFO     RX        /ERR/LOKO/0x00000002
17:26:49.914  INFO     RX        /ERR/LOKO/0x00000002
17:26:49.914  INFO     RX        /ERR/LOKO/0x00000002
17:26:49.947  INFO     RX        /ERR/LOKO/0x00000002
17:26:49.947  INFO     RX        /ERR/LOKO/0x00000002
17:26:49.976  INFO     RX        /ERR/LOKO/0x00000002
17:26:49.976  INFO     RX        /ERR/LOKO/0x00000002
17:26:49.976  INFO     RX        /ERR/LOKO/0x00000002
17:26:50.009  INFO     RX        /ERR/LOKO/0x00000002
17:26:50.009  INFO     RX        /ERR/LOKO/0x00000002
17:26:50.009  INFO     RX        /ERR/LOKO/0x00000002
17:26:50.038  INFO     RX        /ERR/LOKO/0x00000002
17:26:50.038  INFO     RX        /ERR/LOKO/0x00000002
17:26:50.071  INFO     RX        /ERR/LOKO/0x00000002
17:26:50.072  INFO     RX        /ERR/LOKO/0x00000002
17:26:50.072  INFO     RX        /ERR/LOKO/0x00000002
17:26:50.107  INFO     RX        /ERR/LOKO/0x00000002
17:26:50.107  INFO     RX        /ERR/LOKO/0x00000002
17:26:50.107  INFO     RX        /ERR/LOKO/0x00000002
17:26:50.139  INFO     RX        /ERR/LOKO/0x00000002
17:26:50.139  INFO     RX        /ERR/LOKO/0x00000002
17:26:50.170  INFO     RX        /ERR/LOKO/0x00000002
17:26:50.170  INFO     RX        /ERR/LOKO/0x00000002
17:26:50.170  INFO     RX        /ERR/LOKO/0x00000002
17:26:50.202  INFO     RX        /ERR/LOKO/0x00000002
17:26:50.202  INFO     RX        /ERR/LOKO/0x00000002
17:26:50.202  INFO     RX        /ERR/LOKO/0x00000002
17:26:50.235  INFO     RX        /ERR/LOKO/0x00000002
17:26:50.235  INFO     RX        /ERR/LOKO/0x00000002
17:26:50.235  INFO     RX        /ERR/LOKO/0x00000002
17:26:50.264  INFO     RX        /ERR/LOKO/0x00000002
17:26:50.264  INFO     RX        /ERR/LOKO/0x00000002
17:26:50.298  INFO     RX        /ERR/LOKO/0x00000002
17:26:50.298  INFO     RX        /ERR/LOKO/0x00000002
17:26:50.298  INFO     RX        /ERR/LOKO/0x00000002
17:26:50.329  INFO     RX        /ERR/LOKO/0x00000002
17:26:50.329  INFO     RX        /ERR/LOKO/0x00000002
17:26:50.329  INFO     RX        /ERR/LOKO/0x00000002
17:26:50.424  INFO     RX        /ERR/LOKO/0x00000002
17:26:50.424  INFO     RX        /ERR/LOKO/0x00000002
17:26:50.424  INFO     RX        /ERR/LOKO/0x00000002
17:26:50.424  INFO     RX        /ERR/LOKO/0x00000002
17:26:50.424  INFO     RX        /ERR/LOKO/0x00000002
17:26:50.424  INFO     RX        /ERR/LOKO/0x00000002
17:26:50.424  INFO     RX        /ERR/LOKO/0x00000002
17:26:50.424  INFO     RX        /ERR/LOKO/0x00000002
17:26:50.432  INFO     RX        /ERR/LOKO/0x00000002
17:26:50.456  INFO     RX        /ERR/LOKO/0x00000002
17:26:50.457  INFO     RX        /ERR/LOKO/0x00000002
17:26:50.493  INFO     RX        /ERR/LOKO/0x00000002
17:26:50.493  INFO     RX        /ERR/LOKO/0x00000002
17:26:50.493  INFO     RX        /ERR/LOKO/0x00000002
17:26:50.522  INFO     RX        /ERR/LOKO/0x00000002
17:26:50.522  INFO     RX        /ERR/LOKO/0x00000002
17:26:50.553  INFO     RX        /ERR/LOKO/0x00000002
17:26:50.553  INFO     RX        /ERR/LOKO/0x00000002
17:26:50.553  INFO     RX        /ERR/LOKO/0x00000002
17:26:50.588  INFO     RX        /ERR/LOKO/0x00000002
17:26:50.588  INFO     RX        /ERR/LOKO/0x00000002
17:26:50.588  INFO     RX        /ERR/LOKO/0x00000002
17:26:50.617  INFO     RX        /ERR/LOKO/0x00000002
17:26:50.617  INFO     RX        /ERR/LOKO/0x00000002
17:26:50.653  INFO     RX        /ERR/LOKO/0x00000002
17:26:50.653  INFO     RX        /ERR/LOKO/0x00000002
17:26:50.653  INFO     RX        /ERR/LOKO/0x00000002
17:26:50.686  INFO     RX        /ERR/LOKO/0x00000002
17:26:50.687  INFO     RX        /ERR/LOKO/0x00000002
17:26:50.687  INFO     RX        /ERR/LOKO/0x00000002
17:26:50.714  INFO     RX        /ERR/LOKO/0x00000002
17:26:50.714  INFO     RX        /ERR/LOKO/0x00000002
17:26:50.749  INFO     RX        /ERR/LOKO/0x00000002
17:26:50.750  INFO     RX        /ERR/LOKO/0x00000002
17:26:50.750  INFO     RX        /ERR/LOKO/0x00000002
17:26:50.781  INFO     RX        /ERR/LOKO/0x00000002
17:26:50.782  INFO     RX        /ERR/LOKO/0x00000002
17:26:50.782  INFO     RX        /ERR/LOKO/0x00000002
17:26:50.814  INFO     RX        /ERR/LOKO/0x00000002
17:26:50.814  INFO     RX        /ERR/LOKO/0x00000002
17:26:50.814  INFO     RX        /ERR/LOKO/0x00000002
17:26:50.846  INFO     RX        /ERR/LOKO/0x00000002
17:26:50.846  INFO     RX        /ERR/LOKO/0x00000002
17:26:50.874  INFO     RX        /ERR/LOKO/0x00000002
17:26:50.874  INFO     RX        /ERR/LOKO/0x00000002
17:26:50.874  INFO     RX        /ERR/LOKO/0x00000002
17:26:50.904  DEBUG    TX /CONTROLL/0,0,0,-39,0,0,0,0,0
17:26:50.910  INFO     RX        /ERR/LOKO/0x00000002
17:26:50.910  INFO     RX        /ERR/LOKO/0x00000002
17:26:50.910  INFO     RX        /ERR/LOKO/0x00000002
17:26:50.941  INFO     RX        /ERR/LOKO/0x00000002
17:26:50.941  INFO     RX        /ERR/LOKO/0x00000002
17:26:50.942  INFO     RX        /ERR/LOKO/0x00000002
17:26:50.974  INFO     RX        /ERR/LOKO/0x00000002
17:26:50.974  INFO     RX        /ERR/LOKO/0x00000002
17:26:51.004  INFO     RX        /ERR/LOKO/0x00000002
17:26:51.004  INFO     RX        /ERR/LOKO/0x00000002
17:26:51.004  INFO     RX        /ERR/LOKO/0x00000002
17:26:51.040  INFO     RX        /ERR/LOKO/0x00000002
17:26:51.040  INFO     RX        /ERR/LOKO/0x00000002
17:26:51.040  INFO     RX        /ERR/LOKO/0x00000002
17:26:51.068  INFO     RX        /ERR/LOKO/0x00000002
17:26:51.068  INFO     RX        /ERR/LOKO/0x00000002
17:26:51.104  INFO     RX        /ERR/LOKO/0x00000002
17:26:51.104  INFO     RX        /ERR/LOKO/0x00000002
17:26:51.104  INFO     RX        /ERR/LOKO/0x00000002
17:26:51.133  INFO     RX        /ERR/LOKO/0x00000002
17:26:51.133  INFO     RX        /ERR/LOKO/0x00000002
17:26:51.133  INFO     RX        /ERR/LOKO/0x00000002
17:26:51.167  INFO     RX        /ERR/LOKO/0x00000002
17:26:51.168  INFO     RX        /ERR/LOKO/0x00000002
17:26:51.168  INFO     RX        /ERR/LOKO/0x00000002
17:26:51.197  INFO     RX        /ERR/LOKO/0x00000002
17:26:51.197  INFO     RX        /ERR/LOKO/0x00000002
17:26:51.231  INFO     RX        /ERR/LOKO/0x00000002
17:26:51.231  INFO     RX        /ERR/LOKO/0x00000002
17:26:51.231  INFO     RX        /ERR/LOKO/0x00000002
17:26:51.261  INFO     RX        /ERR/LOKO/0x00000002
17:26:51.261  INFO     RX        /ERR/LOKO/0x00000002
17:26:51.261  INFO     RX        /ERR/LOKO/0x00000002
17:26:51.296  INFO     RX        /ERR/LOKO/0x00000002
17:26:51.296  INFO     RX        /ERR/LOKO/0x00000002
17:26:51.296  INFO     RX        /ERR/LOKO/0x00000002
17:26:51.325  INFO     RX        /ERR/LOKO/0x00000002
17:26:51.325  INFO     RX        /ERR/LOKO/0x00000002
17:26:51.357  INFO     RX        /ERR/LOKO/0x00000002
17:26:51.358  INFO     RX        /ERR/LOKO/0x00000002
17:26:51.358  INFO     RX        /ERR/LOKO/0x00000002
17:26:51.393  INFO     RX        /ERR/LOKO/0x00000002
17:26:51.393  INFO     RX        /ERR/LOKO/0x00000002
17:26:51.393  INFO     RX        /ERR/LOKO/0x00000002
17:26:51.426  INFO     RX        /ERR/LOKO/0x00000002
17:26:51.426  INFO     RX        /ERR/LOKO/0x00000002
17:26:51.426  INFO     RX        /ERR/LOKO/0x00000002
17:26:51.459  INFO     RX        /ERR/LOKO/0x00000002
17:26:51.459  INFO     RX        /ERR/LOKO/0x00000002
17:26:51.459  INFO     RX        /ERR/LOKO/0x00000002
17:26:51.489  INFO     RX        /ERR/LOKO/0x00000002
17:26:51.489  INFO     RX        /ERR/LOKO/0x00000002
17:26:51.520  INFO     RX        /ERR/LOKO/0x00000002
17:26:51.520  INFO     RX        /ERR/LOKO/0x00000002
17:26:51.520  INFO     RX        /ERR/LOKO/0x00000002
17:26:51.555  INFO     RX        /ERR/LOKO/0x00000002
17:26:51.555  INFO     RX        /ERR/LOKO/0x00000002
17:26:51.555  INFO     RX        /ERR/LOKO/0x00000002
17:26:51.586  INFO     RX        /ERR/LOKO/0x00000002
17:26:51.586  INFO     RX        /ERR/LOKO/0x00000002
17:26:51.620  INFO     RX        /ERR/LOKO/0x00000002
17:26:51.620  INFO     RX        /ERR/LOKO/0x00000002
17:26:51.620  INFO     RX        /ERR/LOKO/0x00000002
17:26:51.649  INFO     RX        /ERR/LOKO/0x00000002
17:26:51.650  INFO     RX        /ERR/LOKO/0x00000002
17:26:51.650  INFO     RX        /ERR/LOKO/0x00000002
17:26:51.685  INFO     RX        /ERR/LOKO/0x00000002
17:26:51.685  INFO     RX        /ERR/LOKO/0x00000002
17:26:51.685  INFO     RX        /ERR/LOKO/0x00000002
17:26:51.717  INFO     RX        /ERR/LOKO/0x00000002
17:26:51.717  INFO     RX        /ERR/LOKO/0x00000002
17:26:51.749  INFO     RX        /ERR/LOKO/0x00000002
17:26:51.749  INFO     RX        /ERR/LOKO/0x00000002
17:26:51.749  INFO     RX        /ERR/LOKO/0x00000002
17:26:51.782  INFO     RX        /ERR/LOKO/0x00000002
17:26:51.782  INFO     RX        /ERR/LOKO/0x00000002
17:26:51.782  INFO     RX        /ERR/LOKO/0x00000002
17:26:51.813  INFO     RX        /ERR/LOKO/0x00000002
17:26:51.814  INFO     RX        /ERR/LOKO/0x00000002
17:26:51.814  INFO     RX        /ERR/LOKO/0x00000002
17:26:51.846  INFO     RX        /ERR/LOKO/0x00000002
17:26:51.846  INFO     RX        /ERR/LOKO/0x00000002
17:26:51.879  INFO     RX        /ERR/LOKO/0x00000002
17:26:51.879  INFO     RX        /ERR/LOKO/0x00000002
17:26:51.880  INFO     RX        /ERR/LOKO/0x00000002
17:26:51.909  INFO     RX        /ERR/LOKO/0x00000002
17:26:51.909  INFO     RX        /ERR/LOKO/0x00000002
17:26:51.909  INFO     RX        /ERR/LOKO/0x00000002
17:26:51.943  INFO     RX        /ERR/LOKO/0x00000002
17:26:51.943  INFO     RX        /ERR/LOKO/0x00000002
17:26:51.943  INFO     RX        /ERR/LOKO/0x00000002
17:26:51.973  INFO     RX        /ERR/LOKO/0x00000002
17:26:51.973  INFO     RX        /ERR/LOKO/0x00000002
17:26:52.008  INFO     RX        /ERR/LOKO/0x00000002
17:26:52.009  INFO     RX        /ERR/LOKO/0x00000002
17:26:52.009  INFO     RX        /ERR/LOKO/0x00000002
17:26:52.042  INFO     RX        /ERR/LOKO/0x00000002
17:26:52.042  INFO     RX        /ERR/LOKO/0x00000002
17:26:52.043  INFO     RX        /ERR/LOKO/0x00000002
17:26:52.071  INFO     RX        /ERR/LOKO/0x00000002
17:26:52.072  INFO     RX        /ERR/LOKO/0x00000002
17:26:52.072  INFO     RX        /ERR/LOKO/0x00000002
17:26:52.109  INFO     RX        /ERR/LOKO/0x00000002
17:26:52.109  INFO     RX        /ERR/LOKO/0x00000002
17:26:52.109  INFO     RX        /ERR/LOKO/0x00000002
17:26:52.136  INFO     RX        /ERR/LOKO/0x00000002
17:26:52.137  INFO     RX        /ERR/LOKO/0x00000002
17:26:52.170  INFO     RX        /ERR/LOKO/0x00000002
17:26:52.170  INFO     RX        /ERR/LOKO/0x00000002
17:26:52.170  INFO     RX        /ERR/LOKO/0x00000002
17:26:52.200  INFO     RX        /ERR/LOKO/0x00000002
17:26:52.200  INFO     RX        /ERR/LOKO/0x00000002
17:26:52.235  INFO     RX        /ERR/LOKO/0x00000002
17:26:52.235  INFO     RX        /ERR/LOKO/0x00000002
17:26:52.235  INFO     RX        /ERR/LOKO/0x00000002
17:26:52.265  INFO     RX        /ERR/LOKO/0x00000002
17:26:52.265  INFO     RX        /ERR/LOKO/0x00000002
17:26:52.265  INFO     RX        /ERR/LOKO/0x00000002
17:26:52.301  INFO     RX        /ERR/LOKO/0x00000002
17:26:52.301  INFO     RX        /ERR/LOKO/0x00000002
17:26:52.301  INFO     RX        /ERR/LOKO/0x00000002
17:26:52.329  INFO     RX        /ERR/LOKO/0x00000002
17:26:52.329  INFO     RX        /ERR/LOKO/0x00000002
17:26:52.364  INFO     RX        /ERR/LOKO/0x00000002
17:26:52.364  INFO     RX        /ERR/LOKO/0x00000002
17:26:52.364  INFO     RX        /ERR/LOKO/0x00000002
17:26:52.393  INFO     RX        /ERR/LOKO/0x00000002
17:26:52.393  INFO     RX        /ERR/LOKO/0x00000002
17:26:52.393  INFO     RX        /ERR/LOKO/0x00000002
17:26:52.428  INFO     RX        /ERR/LOKO/0x00000002
17:26:52.429  INFO     RX        /ERR/LOKO/0x00000002
17:26:52.429  INFO     RX        /ERR/LOKO/0x00000002
17:26:52.457  INFO     RX        /ERR/LOKO/0x00000002
17:26:52.457  INFO     RX        /ERR/LOKO/0x00000002
17:26:52.492  INFO     RX        /ERR/LOKO/0x00000002
17:26:52.493  INFO     RX        /ERR/LOKO/0x00000002
17:26:52.493  INFO     RX        /ERR/LOKO/0x00000002
17:26:52.519  DEBUG    TX /CONTROLL/0,0,0,-44,0,0,0,0,0
17:26:52.522  INFO     RX        /ERR/LOKO/0x00000002
17:26:52.523  INFO     RX        /ERR/LOKO/0x00000002
17:26:52.523  INFO     RX        /ERR/LOKO/0x00000002
17:26:52.556  INFO     RX        /ERR/LOKO/0x00000002
17:26:52.556  INFO     RX        /ERR/LOKO/0x00000002
17:26:52.556  INFO     RX        /ERR/LOKO/0x00000002
17:26:52.587  INFO     RX        /ERR/LOKO/0x00000002
17:26:52.587  INFO     RX        /ERR/LOKO/0x00000002
17:26:52.624  INFO     RX        /ERR/LOKO/0x00000002
17:26:52.624  INFO     RX        /ERR/LOKO/0x00000002
17:26:52.624  INFO     RX        /ERR/LOKO/0x00000002
17:26:52.653  INFO     RX        /ERR/LOKO/0x00000002
17:26:52.653  INFO     RX        /ERR/LOKO/0x00000002
17:26:52.653  INFO     RX        /ERR/LOKO/0x00000002
17:26:52.683  INFO     RX        /ERR/LOKO/0x00000002
17:26:53.486  INFO     RX        /ERR/LOKO/0x00000002
17:26:53.486  INFO     RX        /ERR/LOKO/0x00000002
17:26:53.518  INFO     RX        /ERR/LOKO/0x00000002
17:26:53.518  INFO     RX        /ERR/LOKO/0x00000002
17:26:53.518  INFO     RX        /ERR/LOKO/0x00000002
17:26:53.554  INFO     RX        /ERR/LOKO/0x00000002
17:26:53.554  INFO     RX        /ERR/LOKO/0x00000002
17:26:53.554  INFO     RX        /ERR/LOKO/0x00000002
17:26:53.586  INFO     RX        /ERR/LOKO/0x00000002
17:26:53.586  INFO     RX        /ERR/LOKO/0x00000002
17:26:53.617  INFO     RX        /ERR/LOKO/0x00000002
17:26:53.618  INFO     RX        /ERR/LOKO/0x00000002
17:26:53.618  INFO     RX        /ERR/LOKO/0x00000002
17:26:53.649  INFO     RX        /ERR/LOKO/0x00000002
17:26:53.649  INFO     RX        /ERR/LOKO/0x00000002
17:26:53.649  INFO     RX        /ERR/LOKO/0x00000002
17:26:53.681  INFO     RX        /ERR/LOKO/0x00000002
17:26:53.681  INFO     RX        /ERR/LOKO/0x00000002
17:26:53.681  INFO     RX        /ERR/LOKO/0x00000002
17:26:53.716  INFO     RX        /ERR/LOKO/0x00000002
17:26:53.716  INFO     RX        /ERR/LOKO/0x00000002
17:26:53.716  INFO     RX        /ERR/LOKO/0x00000002
17:26:53.743  INFO     RX        /ERR/LOKO/0x00000002
17:26:53.744  INFO     RX        /ERR/LOKO/0x00000002
17:26:53.779  INFO     RX        /ERR/LOKO/0x00000002
17:26:53.779  INFO     RX        /ERR/LOKO/0x00000002
17:26:53.779  INFO     RX        /ERR/LOKO/0x00000002
17:26:53.808  INFO     RX        /ERR/LOKO/0x00000002
17:26:53.808  INFO     RX        /ERR/LOKO/0x00000002
17:26:53.843  INFO     RX        /ERR/LOKO/0x00000002
17:26:53.843  INFO     RX        /ERR/LOKO/0x00000002
17:26:53.843  INFO     RX        /ERR/LOKO/0x00000002
17:26:53.872  INFO     RX        /ERR/LOKO/0x00000002
17:26:53.872  INFO     RX        /ERR/LOKO/0x00000002
17:26:53.872  INFO     RX        /ERR/LOKO/0x00000002
17:26:53.907  INFO     RX        /ERR/LOKO/0x00000002
17:26:53.907  INFO     RX        /ERR/LOKO/0x00000002
17:26:53.907  INFO     RX        /ERR/LOKO/0x00000002
17:26:53.936  INFO     RX        /ERR/LOKO/0x00000002
17:26:53.936  INFO     RX        /ERR/LOKO/0x00000002
17:26:53.973  INFO     RX        /ERR/LOKO/0x00000002
17:26:54.002  INFO     RX        /ERR/LOKO/0x00000002
17:26:54.034  INFO     RX        /ERR/LOKO/0x00000002
17:26:54.064  INFO     RX        /ERR/LOKO/0x00000002
17:26:54.099  INFO     RX        /ERR/LOKO/0x00000002
17:26:54.125  DEBUG    TX /CONTROLL/46,32,0,0,0,0,0,0,2
17:26:54.163  INFO     RX        /ERR/LOKO/0x00000002
17:26:54.192  INFO     RX        /ERR/LOKO/0x00000002
17:26:54.227  INFO     RX        /ERR/LOKO/0x00000002
17:26:54.258  INFO     RX        /ERR/LOKO/0x00000002
17:26:54.353  INFO     RX        /ERR/LOKO/0x00000002
17:26:54.388  INFO     RX        /ERR/LOKO/0x00000002
17:26:54.418  INFO     RX        /ERR/LOKO/0x00000002
17:26:54.451  INFO     RX        /ERR/LOKO/0x00000002
17:26:54.487  INFO     RX        /ERR/LOKO/0x00000002
17:26:54.551  INFO     RX        /ERR/LOKO/0x00000002
17:26:54.583  INFO     RX        /ERR/LOKO/0x00000002
17:26:54.614  INFO     RX        /ERR/LOKO/0x00000002
17:26:54.648  INFO     RX        /ERR/LOKO/0x00000002
17:26:54.678  INFO     RX        /ERR/LOKO/0x00000002
17:26:54.777  INFO     RX        /ERR/LOKO/0x00000002
17:26:54.807  INFO     RX        /ERR/LOKO/0x00000002
17:26:54.844  INFO     RX        /ERR/LOKO/0x00000002
17:26:54.871  INFO     RX        /ERR/LOKO/0x00000002
17:26:54.940  INFO     RX        /ERR/LOKO/0x00000002
17:26:54.970  INFO     RX        /ERR/LOKO/0x00000002
17:26:55.000  INFO     RX        /ERR/LOKO/0x00000002
17:26:55.035  INFO     RX        /ERR/LOKO/0x00000002
17:26:55.065  INFO     RX        /ERR/LOKO/0x00000002
17:26:55.129  INFO     RX        /ERR/LOKO/0x00000002
17:26:55.165  INFO     RX        /ERR/LOKO/0x00000002
17:26:55.197  INFO     RX        /ERR/LOKO/0x00000002
17:26:55.229  INFO     RX        /ERR/LOKO/0x00000002
17:26:55.262  INFO     RX        /ERR/LOKO/0x00000002
17:26:55.327  INFO     RX        /ERR/LOKO/0x00000002
17:26:55.356  INFO     RX        /ERR/LOKO/0x00000002
17:26:55.392  INFO     RX        /ERR/LOKO/0x00000002
17:26:55.421  INFO     RX        /ERR/LOKO/0x00000002
17:26:55.456  INFO     RX        /ERR/LOKO/0x00000002
17:26:55.518  INFO     RX        /ERR/LOKO/0x00000002
17:26:55.553  INFO     RX        /ERR/LOKO/0x00000002
17:26:55.582  INFO     RX        /ERR/LOKO/0x00000002
17:26:55.617  INFO     RX        /ERR/LOKO/0x00000002
17:26:55.649  INFO     RX        /ERR/LOKO/0x00000002
17:26:55.682  INFO     RX        /ERR/LOKO/0x00000002
17:26:55.739  DEBUG    TX /CONTROLL/46,35,0,0,0,0,0,0,2
17:26:55.745  INFO     RX        /ERR/LOKO/0x00000002
17:26:55.778  INFO     RX        /ERR/LOKO/0x00000002
17:26:55.807  INFO     RX        /ERR/LOKO/0x00000002
17:26:55.843  INFO     RX        /ERR/LOKO/0x00000002
17:26:55.907  INFO     RX        /ERR/LOKO/0x00000002
17:26:55.937  INFO     RX        /ERR/LOKO/0x00000002
17:26:55.972  INFO     RX        /ERR/LOKO/0x00000002
17:26:56.001  INFO     RX        /ERR/LOKO/0x00000002
17:26:56.101  INFO     RX        /ERR/LOKO/0x00000002
17:26:56.134  INFO     RX        /ERR/LOKO/0x00000002
17:26:56.164  INFO     RX        /ERR/LOKO/0x00000002
17:26:56.199  INFO     RX        /ERR/LOKO/0x00000002
17:26:56.227  INFO     RX        /ERR/LOKO/0x00000002
17:26:56.263  INFO     RX        /ERR/LOKO/0x00000002
17:26:56.328  INFO     RX        /ERR/LOKO/0x00000002
17:26:56.356  INFO     RX        /ERR/LOKO/0x00000002
17:26:56.633  INFO     RX        /ERR/LOKO/0x00000002
17:26:56.634  INFO     RX        /ERR/LOKO/0x00000002
17:26:56.634  INFO     RX        /ERR/LOKO/0x00000002
17:26:56.634  INFO     RX        /ERR/LOKO/0x00000002
17:26:56.634  INFO     RX        /ERR/LOKO/0x00000002
17:26:56.634  INFO     RX        /ERR/LOKO/0x00000002
17:26:56.681  INFO     RX        /ERR/LOKO/0x00000002
17:26:56.710  INFO     RX        /ERR/LOKO/0x00000002
17:26:56.745  INFO     RX        /ERR/LOKO/0x00000002
17:26:56.777  INFO     RX        /ERR/LOKO/0x00000002
17:26:56.809  INFO     RX        /ERR/LOKO/0x00000002
17:26:56.871  INFO     RX        /ERR/LOKO/0x00000002
17:26:56.905  INFO     RX        /ERR/LOKO/0x00000002
17:26:56.938  INFO     RX        /ERR/LOKO/0x00000002
17:26:56.967  INFO     RX        /ERR/LOKO/0x00000002
17:26:57.001  INFO     RX        /ERR/LOKO/0x00000002
17:26:57.065  INFO     RX        /ERR/LOKO/0x00000002
17:26:57.098  INFO     RX        /ERR/LOKO/0x00000002
17:26:57.130  INFO     RX        /ERR/LOKO/0x00000002
17:26:57.162  INFO     RX        /ERR/LOKO/0x00000002
17:26:57.193  INFO     RX        /ERR/LOKO/0x00000002
17:26:57.258  INFO     RX        /ERR/LOKO/0x00000002
17:26:57.347  DEBUG    TX /CONTROLL/0,0,0,0,0,0,0,0,0
17:26:57.607  INFO     RX        /ERR/LOKO/0x00000002
17:26:57.607  INFO     RX        /ERR/LOKO/0x00000002
17:26:57.643  INFO     RX        /ERR/LOKO/0x00000002
17:26:57.643  INFO     RX        /ERR/LOKO/0x00000002
17:26:57.643  INFO     RX        /ERR/LOKO/0x00000002
17:26:57.672  INFO     RX        /ERR/LOKO/0x00000002
17:26:57.672  INFO     RX        /ERR/LOKO/0x00000002
17:26:57.707  INFO     RX        /ERR/LOKO/0x00000002
17:26:57.708  INFO     RX        /ERR/LOKO/0x00000002
17:26:57.708  INFO     RX        /ERR/LOKO/0x00000002
17:26:57.737  INFO     RX        /ERR/LOKO/0x00000002
17:26:57.737  INFO     RX        /ERR/LOKO/0x00000002
17:26:57.737  INFO     RX        /ERR/LOKO/0x00000002
17:26:57.772  INFO     RX        /ERR/LOKO/0x00000002
17:26:57.772  INFO     RX        /ERR/LOKO/0x00000002
17:26:57.772  INFO     RX        /ERR/LOKO/0x00000002
17:26:57.801  INFO     RX        /ERR/LOKO/0x00000002
17:26:57.802  INFO     RX        /ERR/LOKO/0x00000002
17:26:57.837  INFO     RX        /ERR/LOKO/0x00000002
17:26:57.837  INFO     RX        /ERR/LOKO/0x00000002
17:26:57.837  INFO     RX        /ERR/LOKO/0x00000002
17:26:57.870  INFO     RX        /ERR/LOKO/0x00000002
17:26:57.870  INFO     RX        /ERR/LOKO/0x00000002
17:26:57.870  INFO     RX        /ERR/LOKO/0x00000002
17:26:57.901  INFO     RX        /ERR/LOKO/0x00000002
17:26:57.902  INFO     RX        /ERR/LOKO/0x00000002
17:26:57.902  INFO     RX        /ERR/LOKO/0x00000002
17:26:57.934  INFO     RX        /ERR/LOKO/0x00000002
17:26:57.934  INFO     RX        /ERR/LOKO/0x00000002
17:26:57.935  INFO     RX        /ERR/LOKO/0x00000002
17:26:57.962  INFO     RX        /ERR/LOKO/0x00000002
17:26:57.963  INFO     RX        /ERR/LOKO/0x00000002
17:26:57.998  INFO     RX        /ERR/LOKO/0x00000002
17:26:57.998  INFO     RX        /ERR/LOKO/0x00000002
17:26:57.998  INFO     RX        /ERR/LOKO/0x00000002
17:26:58.031  INFO     RX        /ERR/LOKO/0x00000002
17:26:58.031  INFO     RX        /ERR/LOKO/0x00000002
17:26:58.031  INFO     RX        /ERR/LOKO/0x00000002
17:26:58.059  INFO     RX        /ERR/LOKO/0x00000002
17:26:58.059  INFO     RX        /ERR/LOKO/0x00000002
17:26:58.096  INFO     RX        /ERR/LOKO/0x00000002
17:26:58.955  DEBUG    TX /CONTROLL/0,0,0,0,0,0,0,0,0
17:27:00.575  DEBUG    TX /CONTROLL/0,0,0,0,0,0,0,0,0
17:27:02.184  DEBUG    TX /CONTROLL/0,0,0,0,0,0,0,0,0
17:27:03.798  DEBUG    TX /CONTROLL/0,0,0,0,0,0,0,0,0
17:27:05.418  DEBUG    TX /CONTROLL/0,0,0,0,0,0,0,0,0
17:27:07.031  DEBUG    TX /CONTROLL/0,0,0,0,0,0,0,0,0
17:27:08.642  DEBUG    TX /CONTROLL/0,0,0,0,0,0,0,0,0
17:27:10.256  DEBUG    TX /CONTROLL/0,0,0,0,0,0,0,0,0
17:27:11.865  DEBUG    TX /CONTROLL/0,0,0,0,0,0,0,0,0
17:27:12.581  INFO     RX        /ERR/LOKO/0x00000002
17:27:12.581  INFO     RX        /ERR/LOKO/0x00000002
17:27:12.613  INFO     RX        /ERR/LOKO/0x00000002
17:27:12.613  INFO     RX        /ERR/LOKO/0x00000002
17:27:12.646  INFO     RX        /ERR/LOKO/0x00000002
17:27:12.646  INFO     RX        /ERR/LOKO/0x00000002
17:27:12.646  INFO     RX        /ERR/LOKO/0x00000002
17:27:12.677  INFO     RX        /ERR/LOKO/0x00000002
17:27:12.677  INFO     RX        /ERR/LOKO/0x00000002
17:27:12.677  INFO     RX        /ERR/LOKO/0x00000002
17:27:12.711  INFO     RX        /ERR/LOKO/0x00000002
17:27:12.711  INFO     RX        /ERR/LOKO/0x00000002
17:27:12.711  INFO     RX        /ERR/LOKO/0x00000002
17:27:12.742  INFO     RX        /ERR/LOKO/0x00000002
17:27:12.742  INFO     RX        /ERR/LOKO/0x00000002
17:27:12.773  INFO     RX        /ERR/LOKO/0x00000002
17:27:12.773  INFO     RX        /ERR/LOKO/0x00000002
17:27:12.773  INFO     RX        /ERR/LOKO/0x00000002
17:27:12.808  INFO     RX        /ERR/LOKO/0x00000002
17:27:12.808  INFO     RX        /ERR/LOKO/0x00000002
17:27:12.808  INFO     RX        /ERR/LOKO/0x00000002
17:27:12.839  INFO     RX        /ERR/LOKO/0x00000002
17:27:12.839  INFO     RX        /ERR/LOKO/0x00000002
17:27:12.875  INFO     RX        /ERR/LOKO/0x00000002
17:27:12.876  INFO     RX        /ERR/LOKO/0x00000002
17:27:12.876  INFO     RX        /ERR/LOKO/0x00000002
17:27:12.903  INFO     RX        /ERR/LOKO/0x00000002
17:27:12.903  INFO     RX        /ERR/LOKO/0x00000002
17:27:12.903  INFO     RX        /ERR/LOKO/0x00000002
17:27:12.937  INFO     RX        /ERR/LOKO/0x00000002
17:27:12.937  INFO     RX        /ERR/LOKO/0x00000002
17:27:12.938  INFO     RX        /ERR/LOKO/0x00000002
17:27:12.970  INFO     RX        /ERR/LOKO/0x00000002
17:27:12.970  INFO     RX        /ERR/LOKO/0x00000002
17:27:12.970  INFO     RX        /ERR/LOKO/0x00000002
17:27:13.000  INFO     RX        /ERR/LOKO/0x00000002
17:27:13.000  INFO     RX        /ERR/LOKO/0x00000002
17:27:13.035  INFO     RX        /ERR/LOKO/0x00000002
17:27:13.035  INFO     RX        /ERR/LOKO/0x00000002
17:27:13.035  INFO     RX        /ERR/LOKO/0x00000002
17:27:13.064  INFO     RX        /ERR/LOKO/0x00000002
17:27:13.064  INFO     RX        /ERR/LOKO/0x00000002
17:27:13.098  INFO     RX        /ERR/LOKO/0x00000002
17:27:13.098  INFO     RX        /ERR/LOKO/0x00000002
17:27:13.098  INFO     RX        /ERR/LOKO/0x00000002
17:27:13.130  INFO     RX        /ERR/LOKO/0x00000002
17:27:13.130  INFO     RX        /ERR/LOKO/0x00000002
17:27:13.130  INFO     RX        /ERR/LOKO/0x00000002
17:27:13.163  INFO     RX        /ERR/LOKO/0x00000002
17:27:13.163  INFO     RX        /ERR/LOKO/0x00000002
17:27:13.163  INFO     RX        /ERR/LOKO/0x00000002
17:27:13.191  INFO     RX        /ERR/LOKO/0x00000002
17:27:13.191  INFO     RX        /ERR/LOKO/0x00000002
17:27:13.227  INFO     RX        /ERR/LOKO/0x00000002
17:27:13.227  INFO     RX        /ERR/LOKO/0x00000002
17:27:13.227  INFO     RX        /ERR/LOKO/0x00000002
17:27:13.257  INFO     RX        /ERR/LOKO/0x00000002
17:27:13.257  INFO     RX        /ERR/LOKO/0x00000002
17:27:13.257  INFO     RX        /ERR/LOKO/0x00000002
17:27:13.299  INFO     RX        /ERR/LOKO/0x00000002
17:27:13.299  INFO     RX        /ERR/LOKO/0x00000002
17:27:13.299  INFO     RX        /ERR/LOKO/0x00000002
17:27:13.320  INFO     RX        /ERR/LOKO/0x00000002
17:27:13.320  INFO     RX        /ERR/LOKO/0x00000002
17:27:13.355  INFO     RX        /ERR/LOKO/0x00000002
17:27:13.355  INFO     RX        /ERR/LOKO/0x00000002
17:27:13.355  INFO     RX        /ERR/LOKO/0x00000002
17:27:13.384  INFO     RX        /ERR/LOKO/0x00000002
17:27:13.385  INFO     RX        /ERR/LOKO/0x00000002
17:27:13.385  INFO     RX        /ERR/LOKO/0x00000002
17:27:13.420  INFO     RX        /ERR/LOKO/0x00000002
17:27:13.420  INFO     RX        /ERR/LOKO/0x00000002
17:27:13.420  INFO     RX        /ERR/LOKO/0x00000002
17:27:13.449  INFO     RX        /ERR/LOKO/0x00000002
17:27:13.450  INFO     RX        /ERR/LOKO/0x00000002
17:27:13.477  DEBUG    TX /CONTROLL/0,0,22,-13,0,0,0,0,0
17:27:13.483  INFO     RX        /ERR/LOKO/0x00000002
17:27:13.484  INFO     RX        /ERR/LOKO/0x00000002
17:27:13.484  INFO     RX        /ERR/LOKO/0x00000002
17:27:13.516  INFO     RX        /ERR/LOKO/0x00000002
17:27:13.516  INFO     RX        /ERR/LOKO/0x00000002
17:27:13.516  INFO     RX        /ERR/LOKO/0x00000002
17:27:13.545  INFO     RX        /ERR/LOKO/0x00000002
17:27:13.546  INFO     RX        /ERR/LOKO/0x00000002
17:27:13.581  INFO     RX        /ERR/LOKO/0x00000002
17:27:13.582  INFO     RX        /ERR/LOKO/0x00000002
17:27:13.582  INFO     RX        /ERR/LOKO/0x00000002
17:27:13.614  INFO     RX        /ERR/LOKO/0x00000002
17:27:13.614  INFO     RX        /ERR/LOKO/0x00000002
17:27:13.614  INFO     RX        /ERR/LOKO/0x00000002
17:27:13.645  INFO     RX        /ERR/LOKO/0x00000002
17:27:14.220  INFO     RX        /ERR/LOKO/0x00000002
17:27:14.256  INFO     RX        /ERR/LOKO/0x00000002
17:27:14.256  INFO     RX        /ERR/LOKO/0x00000002
17:27:14.256  INFO     RX        /ERR/LOKO/0x00000002
17:27:14.286  INFO     RX        /ERR/LOKO/0x00000002
17:27:14.286  INFO     RX        /ERR/LOKO/0x00000002
17:27:14.286  INFO     RX        /ERR/LOKO/0x00000002
17:27:14.321  INFO     RX        /ERR/LOKO/0x00000002
17:27:14.321  INFO     RX        /ERR/LOKO/0x00000002
17:27:14.321  INFO     RX        /ERR/LOKO/0x00000002
17:27:14.349  INFO     RX        /ERR/LOKO/0x00000002
17:27:14.349  INFO     RX        /ERR/LOKO/0x00000002
17:27:14.385  INFO     RX        /ERR/LOKO/0x00000002
17:27:14.385  INFO     RX        /ERR/LOKO/0x00000002
17:27:14.385  INFO     RX        /ERR/LOKO/0x00000002
17:27:14.417  INFO     RX        /ERR/LOKO/0x00000002
17:27:14.417  INFO     RX        /ERR/LOKO/0x00000002
17:27:14.417  INFO     RX        /ERR/LOKO/0x00000002
17:27:14.449  INFO     RX        /ERR/LOKO/0x00000002
17:27:14.449  INFO     RX        /ERR/LOKO/0x00000002
17:27:14.449  INFO     RX        /ERR/LOKO/0x00000002
17:27:14.479  INFO     RX        /ERR/LOKO/0x00000002
17:27:14.479  INFO     RX        /ERR/LOKO/0x00000002
17:27:14.511  INFO     RX        /ERR/LOKO/0x00000002
17:27:14.511  INFO     RX        /ERR/LOKO/0x00000002
17:27:14.511  INFO     RX        /ERR/LOKO/0x00000002
17:27:14.547  INFO     RX        /ERR/LOKO/0x00000002
17:27:14.547  INFO     RX        /ERR/LOKO/0x00000002
17:27:14.547  INFO     RX        /ERR/LOKO/0x00000002
17:27:14.575  INFO     RX        /ERR/LOKO/0x00000002
17:27:14.575  INFO     RX        /ERR/LOKO/0x00000002
17:27:14.575  INFO     RX        /ERR/LOKO/0x00000002
17:27:14.610  INFO     RX        /ERR/LOKO/0x00000002
17:27:14.610  INFO     RX        /ERR/LOKO/0x00000002
17:27:14.642  INFO     RX        /ERR/LOKO/0x00000002
17:27:14.642  INFO     RX        /ERR/LOKO/0x00000002
17:27:14.642  INFO     RX        /ERR/LOKO/0x00000002
17:27:14.674  INFO     RX        /ERR/LOKO/0x00000002
17:27:14.674  INFO     RX        /ERR/LOKO/0x00000002
17:27:14.674  INFO     RX        /ERR/LOKO/0x00000002
17:27:14.817  INFO     RX        /ERR/LOKO/0x00000002
17:27:14.818  INFO     RX        /ERR/LOKO/0x00000002
17:27:14.818  INFO     RX        /ERR/LOKO/0x00000002
17:27:14.818  INFO     RX        /ERR/LOKO/0x00000002
17:27:14.818  INFO     RX        /ERR/LOKO/0x00000002
17:27:14.818  INFO     RX        /ERR/LOKO/0x00000002
17:27:14.818  INFO     RX        /ERR/LOKO/0x00000002
17:27:14.818  INFO     RX        /ERR/LOKO/0x00000002
17:27:14.818  INFO     RX        /ERR/LOKO/0x00000002
17:27:14.818  INFO     RX        /ERR/LOKO/0x00000002
17:27:14.818  INFO     RX        /ERR/LOKO/0x00000002
17:27:14.818  INFO     RX        /ERR/LOKO/0x00000002
17:27:14.825  INFO     RX        /ERR/LOKO/0x00000002
17:27:14.834  INFO     RX        /ERR/LOKO/0x00000002
17:27:14.870  INFO     RX        /ERR/LOKO/0x00000002
17:27:15.088  DEBUG    TX /CONTROLL/0,0,0,0,0,0,0,0,0
17:27:15.478  INFO     RX        /ERR/LOKO/0x00000002
17:27:15.478  INFO     RX        /ERR/LOKO/0x00000002
17:27:15.510  INFO     RX        /ERR/LOKO/0x00000002
17:27:15.510  INFO     RX        /ERR/LOKO/0x00000002
17:27:15.510  INFO     RX        /ERR/LOKO/0x00000002
17:27:15.542  INFO     RX        /ERR/LOKO/0x00000002
17:27:15.543  INFO     RX        /ERR/LOKO/0x00000002
17:27:15.543  INFO     RX        /ERR/LOKO/0x00000002
17:27:15.573  INFO     RX        /ERR/LOKO/0x00000002
17:27:15.573  INFO     RX        /ERR/LOKO/0x00000002
17:27:15.607  INFO     RX        /ERR/LOKO/0x00000002
17:27:15.607  INFO     RX        /ERR/LOKO/0x00000002
17:27:15.607  INFO     RX        /ERR/LOKO/0x00000002
17:27:15.636  INFO     RX        /ERR/LOKO/0x00000002
17:27:15.636  INFO     RX        /ERR/LOKO/0x00000002
17:27:15.671  INFO     RX        /ERR/LOKO/0x00000002
17:27:15.671  INFO     RX        /ERR/LOKO/0x00000002
17:27:15.671  INFO     RX        /ERR/LOKO/0x00000002
17:27:15.701  INFO     RX        /ERR/LOKO/0x00000002
17:27:15.701  INFO     RX        /ERR/LOKO/0x00000002
17:27:15.701  INFO     RX        /ERR/LOKO/0x00000002
17:27:15.736  INFO     RX        /ERR/LOKO/0x00000002
17:27:15.736  INFO     RX        /ERR/LOKO/0x00000002
17:27:15.736  INFO     RX        /ERR/LOKO/0x00000002
17:27:15.771  INFO     RX        /ERR/LOKO/0x00000002
17:27:15.771  INFO     RX        /ERR/LOKO/0x00000002
17:27:15.771  INFO     RX        /ERR/LOKO/0x00000002
17:27:15.806  INFO     RX        /ERR/LOKO/0x00000002
17:27:15.807  INFO     RX        /ERR/LOKO/0x00000002
17:27:15.807  INFO     RX        /ERR/LOKO/0x00000002
17:27:15.831  INFO     RX        /ERR/LOKO/0x00000002
17:27:15.831  INFO     RX        /ERR/LOKO/0x00000002
17:27:15.861  INFO     RX        /ERR/LOKO/0x00000002
17:27:15.862  INFO     RX        /ERR/LOKO/0x00000002
17:27:15.862  INFO     RX        /ERR/LOKO/0x00000002
17:27:15.898  INFO     RX        /ERR/LOKO/0x00000002
17:27:15.898  INFO     RX        /ERR/LOKO/0x00000002
17:27:15.898  INFO     RX        /ERR/LOKO/0x00000002
17:27:15.929  INFO     RX        /ERR/LOKO/0x00000002
17:27:15.930  INFO     RX        /ERR/LOKO/0x00000002
17:27:15.970  INFO     RX        /ERR/LOKO/0x00000002
17:27:15.970  INFO     RX        /ERR/LOKO/0x00000002
17:27:15.970  INFO     RX        /ERR/LOKO/0x00000002
17:27:15.970  INFO     RX        /ERR/LOKO/0x00000002
17:27:15.990  INFO     RX        /ERR/LOKO/0x00000002
17:27:16.027  INFO     RX        /ERR/LOKO/0x00000002
17:27:16.027  INFO     RX        /ERR/LOKO/0x00000002
17:27:16.027  INFO     RX        /ERR/LOKO/0x00000002
17:27:16.027  INFO     RX        /ERR/LOKO/0x00000002
17:27:16.055  INFO     RX        /ERR/LOKO/0x00000002
17:27:16.055  INFO     RX        /ERR/LOKO/0x00000002
17:27:16.091  INFO     RX        /ERR/LOKO/0x00000002
17:27:16.091  INFO     RX        /ERR/LOKO/0x00000002
17:27:16.091  INFO     RX        /ERR/LOKO/0x00000002
17:27:16.122  INFO     RX        /ERR/LOKO/0x00000002
17:27:16.122  INFO     RX        /ERR/LOKO/0x00000002
17:27:16.155  INFO     RX        /ERR/LOKO/0x00000002
17:27:16.155  INFO     RX        /ERR/LOKO/0x00000002
17:27:16.155  INFO     RX        /ERR/LOKO/0x00000002
17:27:16.185  INFO     RX        /ERR/LOKO/0x00000002
17:27:16.185  INFO     RX        /ERR/LOKO/0x00000002
17:27:16.185  INFO     RX        /ERR/LOKO/0x00000002
17:27:16.221  INFO     RX        /ERR/LOKO/0x00000002
17:27:16.222  INFO     RX        /ERR/LOKO/0x00000002
17:27:16.222  INFO     RX        /ERR/LOKO/0x00000002
17:27:16.248  INFO     RX        /ERR/LOKO/0x00000002
17:27:16.249  INFO     RX        /ERR/LOKO/0x00000002
17:27:16.284  INFO     RX        /ERR/LOKO/0x00000002
17:27:16.284  INFO     RX        /ERR/LOKO/0x00000002
17:27:16.284  INFO     RX        /ERR/LOKO/0x00000002
17:27:16.313  INFO     RX        /ERR/LOKO/0x00000002
17:27:16.314  INFO     RX        /ERR/LOKO/0x00000002
17:27:16.314  INFO     RX        /ERR/LOKO/0x00000002
17:27:16.349  INFO     RX        /ERR/LOKO/0x00000002
17:27:16.349  INFO     RX        /ERR/LOKO/0x00000002
17:27:16.349  INFO     RX        /ERR/LOKO/0x00000002
17:27:16.382  INFO     RX        /ERR/LOKO/0x00000002
17:27:16.382  INFO     RX        /ERR/LOKO/0x00000002
17:27:16.382  INFO     RX        /ERR/LOKO/0x00000002
17:27:16.410  INFO     RX        /ERR/LOKO/0x00000002
17:27:16.410  INFO     RX        /ERR/LOKO/0x00000002
17:27:16.444  INFO     RX        /ERR/LOKO/0x00000002
17:27:16.445  INFO     RX        /ERR/LOKO/0x00000002
17:27:16.445  INFO     RX        /ERR/LOKO/0x00000002
17:27:16.478  INFO     RX        /ERR/LOKO/0x00000002
17:27:16.478  INFO     RX        /ERR/LOKO/0x00000002
17:27:16.478  INFO     RX        /ERR/LOKO/0x00000002
17:27:16.506  INFO     RX        /ERR/LOKO/0x00000002
17:27:16.506  INFO     RX        /ERR/LOKO/0x00000002
17:27:16.542  INFO     RX        /ERR/LOKO/0x00000002
17:27:16.543  INFO     RX        /ERR/LOKO/0x00000002
17:27:16.543  INFO     RX        /ERR/LOKO/0x00000002
17:27:16.571  INFO     RX        /ERR/LOKO/0x00000002
17:27:16.571  INFO     RX        /ERR/LOKO/0x00000002
17:27:16.571  INFO     RX        /ERR/LOKO/0x00000002
17:27:16.607  INFO     RX        /ERR/LOKO/0x00000002
17:27:16.607  INFO     RX        /ERR/LOKO/0x00000002
17:27:16.607  INFO     RX        /ERR/LOKO/0x00000002
17:27:16.636  INFO     RX        /ERR/LOKO/0x00000002
17:27:16.636  INFO     RX        /ERR/LOKO/0x00000002
17:27:16.671  INFO     RX        /ERR/LOKO/0x00000002
17:27:16.671  INFO     RX        /ERR/LOKO/0x00000002
17:27:16.671  INFO     RX        /ERR/LOKO/0x00000002
17:27:16.697  DEBUG    TX /CONTROLL/0,0,0,-52,0,0,0,0,0
17:27:16.700  INFO     RX        /ERR/LOKO/0x00000002
17:27:16.700  INFO     RX        /ERR/LOKO/0x00000002
17:27:16.700  INFO     RX        /ERR/LOKO/0x00000002
17:27:16.735  INFO     RX        /ERR/LOKO/0x00000002
17:27:16.735  INFO     RX        /ERR/LOKO/0x00000002
17:27:16.735  INFO     RX        /ERR/LOKO/0x00000002
17:27:16.763  INFO     RX        /ERR/LOKO/0x00000002
17:27:16.763  INFO     RX        /ERR/LOKO/0x00000002
17:27:16.800  INFO     RX        /ERR/LOKO/0x00000002
17:27:18.316  DEBUG    TX /CONTROLL/0,0,0,0,0,0,0,0,0
17:27:19.929  DEBUG    TX /CONTROLL/0,0,0,0,0,0,0,0,0
17:27:21.539  DEBUG    TX /CONTROLL/0,0,0,0,0,0,0,0,0
17:27:23.145  DEBUG    TX /CONTROLL/0,0,0,0,0,0,0,0,0
17:27:24.766  DEBUG    TX /CONTROLL/0,0,0,0,0,0,0,0,2
17:27:26.377  DEBUG    TX /CONTROLL/0,0,12,0,0,0,0,0,2
17:27:26.385  INFO     RX        /ERR/LOKO/0x00000002
17:27:26.385  INFO     RX        /ERR/LOKO/0x00000002
17:27:26.574  INFO     RX        /ERR/LOKO/0x00000002
17:27:26.575  INFO     RX        /ERR/LOKO/0x00000002
17:27:26.575  INFO     RX        /ERR/LOKO/0x00000002
17:27:26.575  INFO     RX        /ERR/LOKO/0x00000002
17:27:26.575  INFO     RX        /ERR/LOKO/0x00000002
17:27:26.575  INFO     RX        /ERR/LOKO/0x00000002
17:27:26.575  INFO     RX        /ERR/LOKO/0x00000002
17:27:26.575  INFO     RX        /ERR/LOKO/0x00000002
17:27:26.575  INFO     RX        /ERR/LOKO/0x00000002
17:27:26.575  INFO     RX        /ERR/LOKO/0x00000002
17:27:26.575  INFO     RX        /ERR/LOKO/0x00000002
17:27:26.575  INFO     RX        /ERR/LOKO/0x00000002
17:27:26.585  INFO     RX        /ERR/LOKO/0x00000002
17:27:27.989  DEBUG    TX /CONTROLL/0,0,0,0,0,0,0,0,0
17:27:29.604  DEBUG    TX /CONTROLL/0,0,0,0,0,0,0,0,2
17:27:31.222  DEBUG    TX /CONTROLL/0,0,0,0,0,0,0,0,0
17:27:31.745  INFO     RX        /ERR/LOKO/0x00000002
17:27:31.745  INFO     RX        /ERR/LOKO/0x00000002
17:27:31.745  INFO     RX        /ERR/LOKO/0x00000002
17:27:31.778  INFO     RX        /ERR/LOKO/0x00000002
17:27:31.778  INFO     RX        /ERR/LOKO/0x00000002
17:27:31.778  INFO     RX        /ERR/LOKO/0x00000002
17:27:31.807  INFO     RX        /ERR/LOKO/0x00000002
17:27:31.807  INFO     RX        /ERR/LOKO/0x00000002
17:27:31.843  INFO     RX        /ERR/LOKO/0x00000002
17:27:31.843  INFO     RX        /ERR/LOKO/0x00000002
17:27:31.843  INFO     RX        /ERR/LOKO/0x00000002
17:27:31.843  INFO     RX        /ERR/LOKO/0x00000002
17:27:31.874  INFO     RX        /ERR/LOKO/0x00000002
17:27:31.874  INFO     RX        /ERR/LOKO/0x00000002
17:27:31.906  INFO     RX        /ERR/LOKO/0x00000002
17:27:31.906  INFO     RX        /ERR/LOKO/0x00000002
17:27:31.906  INFO     RX        /ERR/LOKO/0x00000002
17:27:31.938  INFO     RX        /ERR/LOKO/0x00000002
17:27:31.938  INFO     RX        /ERR/LOKO/0x00000002
17:27:31.938  INFO     RX        /ERR/LOKO/0x00000002
17:27:31.967  INFO     RX        /ERR/LOKO/0x00000002
17:27:31.967  INFO     RX        /ERR/LOKO/0x00000002
17:27:32.002  INFO     RX        /ERR/LOKO/0x00000002
17:27:32.002  INFO     RX        /ERR/LOKO/0x00000002
17:27:32.002  INFO     RX        /ERR/LOKO/0x00000002
17:27:32.034  INFO     RX        /ERR/LOKO/0x00000002
17:27:32.034  INFO     RX        /ERR/LOKO/0x00000002
17:27:32.034  INFO     RX        /ERR/LOKO/0x00000002
17:27:32.063  INFO     RX        /ERR/LOKO/0x00000002
17:27:32.064  INFO     RX        /ERR/LOKO/0x00000002
17:27:32.064  INFO     RX        /ERR/LOKO/0x00000002
17:27:32.098  INFO     RX        /ERR/LOKO/0x00000002
17:27:32.098  INFO     RX        /ERR/LOKO/0x00000002
17:27:32.098  INFO     RX        /ERR/LOKO/0x00000002
17:27:32.127  INFO     RX        /ERR/LOKO/0x00000002
17:27:32.127  INFO     RX        /ERR/LOKO/0x00000002
17:27:32.163  INFO     RX        /ERR/LOKO/0x00000002
17:27:32.163  INFO     RX        /ERR/LOKO/0x00000002
17:27:32.163  INFO     RX        /ERR/LOKO/0x00000002
17:27:32.192  INFO     RX        /ERR/LOKO/0x00000002
17:27:32.192  INFO     RX        /ERR/LOKO/0x00000002
17:27:32.192  INFO     RX        /ERR/LOKO/0x00000002
17:27:32.227  INFO     RX        /ERR/LOKO/0x00000002
17:27:32.228  INFO     RX        /ERR/LOKO/0x00000002
17:27:32.228  INFO     RX        /ERR/LOKO/0x00000002
17:27:32.258  INFO     RX        /ERR/LOKO/0x00000002
17:27:32.258  INFO     RX        /ERR/LOKO/0x00000002
17:27:32.291  INFO     RX        /ERR/LOKO/0x00000002
17:27:32.292  INFO     RX        /ERR/LOKO/0x00000002
17:27:32.292  INFO     RX        /ERR/LOKO/0x00000002
17:27:32.321  INFO     RX        /ERR/LOKO/0x00000002
17:27:32.321  INFO     RX        /ERR/LOKO/0x00000002
17:27:32.321  INFO     RX        /ERR/LOKO/0x00000002
17:27:32.357  INFO     RX        /ERR/LOKO/0x00000002
17:27:32.357  INFO     RX        /ERR/LOKO/0x00000002
17:27:32.357  INFO     RX        /ERR/LOKO/0x00000002
17:27:32.385  INFO     RX        /ERR/LOKO/0x00000002
17:27:32.385  INFO     RX        /ERR/LOKO/0x00000002
17:27:32.420  INFO     RX        /ERR/LOKO/0x00000002
17:27:32.420  INFO     RX        /ERR/LOKO/0x00000002
17:27:32.420  INFO     RX        /ERR/LOKO/0x00000002
17:27:32.452  INFO     RX        /ERR/LOKO/0x00000002
17:27:32.452  INFO     RX        /ERR/LOKO/0x00000002
17:27:32.452  INFO     RX        /ERR/LOKO/0x00000002
17:27:32.481  INFO     RX        /ERR/LOKO/0x00000002
17:27:32.481  INFO     RX        /ERR/LOKO/0x00000002
17:27:32.481  INFO     RX        /ERR/LOKO/0x00000002
17:27:32.514  INFO     RX        /ERR/LOKO/0x00000002
17:27:32.514  INFO     RX        /ERR/LOKO/0x00000002
17:27:32.549  INFO     RX        /ERR/LOKO/0x00000002
17:27:32.549  INFO     RX        /ERR/LOKO/0x00000002
17:27:32.549  INFO     RX        /ERR/LOKO/0x00000002
17:27:32.581  INFO     RX        /ERR/LOKO/0x00000002
17:27:32.581  INFO     RX        /ERR/LOKO/0x00000002
17:27:32.582  INFO     RX        /ERR/LOKO/0x00000002
17:27:32.614  INFO     RX        /ERR/LOKO/0x00000002
17:27:32.614  INFO     RX        /ERR/LOKO/0x00000002
17:27:32.614  INFO     RX        /ERR/LOKO/0x00000002
17:27:32.643  INFO     RX        /ERR/LOKO/0x00000002
17:27:32.643  INFO     RX        /ERR/LOKO/0x00000002
17:27:32.643  INFO     RX        /ERR/LOKO/0x00000002
17:27:32.678  INFO     RX        /ERR/LOKO/0x00000002
17:27:32.678  INFO     RX        /ERR/LOKO/0x00000002
17:27:32.678  INFO     RX        /ERR/LOKO/0x00000002
17:27:32.707  INFO     RX        /ERR/LOKO/0x00000002
17:27:32.707  INFO     RX        /ERR/LOKO/0x00000002
17:27:32.743  INFO     RX        /ERR/LOKO/0x00000002
17:27:32.743  INFO     RX        /ERR/LOKO/0x00000002
17:27:32.743  INFO     RX        /ERR/LOKO/0x00000002
17:27:32.771  INFO     RX        /ERR/LOKO/0x00000002
17:27:32.771  INFO     RX        /ERR/LOKO/0x00000002
17:27:32.771  INFO     RX        /ERR/LOKO/0x00000002
17:27:32.806  INFO     RX        /ERR/LOKO/0x00000002
17:27:32.806  INFO     RX        /ERR/LOKO/0x00000002
17:27:32.806  INFO     RX        /ERR/LOKO/0x00000002
17:27:32.833  DEBUG    TX /CONTROLL/0,0,0,0,0,1,0,0,0
17:27:32.838  INFO     RX        /ERR/LOKO/0x00000002
17:27:32.839  INFO     RX        /ERR/LOKO/0x00000002
17:27:32.936  INFO     RX        /ERR/LOKO/0x00000002
17:27:32.936  INFO     RX        /ERR/LOKO/0x00000002
17:27:32.936  INFO     RX        /ERR/LOKO/0x00000002
17:27:32.936  INFO     RX        /ERR/LOKO/0x00000002
17:27:32.936  INFO     RX        /ERR/LOKO/0x00000002
17:27:32.936  INFO     RX        /ERR/LOKO/0x00000002
17:27:32.936  INFO     RX        /ERR/LOKO/0x00000002
17:27:32.936  INFO     RX        /ERR/LOKO/0x00000002
17:27:32.936  INFO     RX        /ERR/LOKO/0x00000002
17:27:32.966  INFO     RX        /ERR/LOKO/0x00000002
17:27:32.966  INFO     RX        /ERR/LOKO/0x00000002
17:27:32.999  INFO     RX        /ERR/LOKO/0x00000002
17:27:33.000  INFO     RX        /ERR/LOKO/0x00000002
17:27:33.000  INFO     RX        /ERR/LOKO/0x00000002
17:27:33.033  INFO     RX        /ERR/LOKO/0x00000002
17:27:33.033  INFO     RX        /ERR/LOKO/0x00000002
17:27:33.034  INFO     RX        /ERR/LOKO/0x00000002
17:27:33.065  INFO     RX        /ERR/LOKO/0x00000002
17:27:33.065  INFO     RX        /ERR/LOKO/0x00000002
17:27:33.065  INFO     RX        /ERR/LOKO/0x00000002
17:27:33.097  INFO     RX        /ERR/LOKO/0x00000002
17:27:33.098  INFO     RX        /ERR/LOKO/0x00000002
17:27:33.098  INFO     RX        /ERR/LOKO/0x00000002
17:27:33.130  INFO     RX        /ERR/LOKO/0x00000002
17:27:33.130  INFO     RX        /ERR/LOKO/0x00000002
17:27:33.130  INFO     RX        /ERR/LOKO/0x00000002
17:27:33.160  INFO     RX        /ERR/LOKO/0x00000002
17:27:33.160  INFO     RX        /ERR/LOKO/0x00000002
17:27:33.195  INFO     RX        /ERR/LOKO/0x00000002
17:27:33.195  INFO     RX        /ERR/LOKO/0x00000002
17:27:33.195  INFO     RX        /ERR/LOKO/0x00000002
17:27:33.224  INFO     RX        /ERR/LOKO/0x00000002
17:27:33.224  INFO     RX        /ERR/LOKO/0x00000002
17:27:33.224  INFO     RX        /ERR/LOKO/0x00000002
17:27:33.258  INFO     RX        /ERR/LOKO/0x00000002
17:27:33.258  INFO     RX        /ERR/LOKO/0x00000002
17:27:33.258  INFO     RX        /ERR/LOKO/0x00000002
17:27:33.290  INFO     RX        /ERR/LOKO/0x00000002
17:27:33.290  INFO     RX        /ERR/LOKO/0x00000002
17:27:33.326  INFO     RX        /ERR/LOKO/0x00000002
17:27:33.327  INFO     RX        /ERR/LOKO/0x00000002
17:27:33.327  INFO     RX        /ERR/LOKO/0x00000002
17:27:33.356  INFO     RX        /ERR/LOKO/0x00000002
17:27:33.356  INFO     RX        /ERR/LOKO/0x00000002
17:27:33.356  INFO     RX        /ERR/LOKO/0x00000002
17:27:33.391  INFO     RX        /ERR/LOKO/0x00000002
17:27:33.999  INFO     RX        /ERR/LOKO/0x00000002
17:27:34.034  INFO     RX        /ERR/LOKO/0x00000002
17:27:34.034  INFO     RX        /ERR/LOKO/0x00000002
17:27:34.034  INFO     RX        /ERR/LOKO/0x00000002
17:27:34.066  INFO     RX        /ERR/LOKO/0x00000002
17:27:34.066  INFO     RX        /ERR/LOKO/0x00000002
17:27:34.066  INFO     RX        /ERR/LOKO/0x00000002
17:27:34.098  INFO     RX        /ERR/LOKO/0x00000002
17:27:34.098  INFO     RX        /ERR/LOKO/0x00000002
17:27:34.098  INFO     RX        /ERR/LOKO/0x00000002
17:27:34.129  INFO     RX        /ERR/LOKO/0x00000002
17:27:34.129  INFO     RX        /ERR/LOKO/0x00000002
17:27:34.129  INFO     RX        /ERR/LOKO/0x00000002
17:27:34.162  INFO     RX        /ERR/LOKO/0x00000002
17:27:34.162  INFO     RX        /ERR/LOKO/0x00000002
17:27:34.194  INFO     RX        /ERR/LOKO/0x00000002
17:27:34.194  INFO     RX        /ERR/LOKO/0x00000002
17:27:34.194  INFO     RX        /ERR/LOKO/0x00000002
17:27:34.223  INFO     RX        /ERR/LOKO/0x00000002
17:27:34.224  INFO     RX        /ERR/LOKO/0x00000002
17:27:34.224  INFO     RX        /ERR/LOKO/0x00000002
17:27:34.260  INFO     RX        /ERR/LOKO/0x00000002
17:27:34.260  INFO     RX        /ERR/LOKO/0x00000002
17:27:34.260  INFO     RX        /ERR/LOKO/0x00000002
17:27:34.293  INFO     RX        /ERR/LOKO/0x00000002
17:27:34.293  INFO     RX        /ERR/LOKO/0x00000002
17:27:34.293  INFO     RX        /ERR/LOKO/0x00000002
17:27:34.326  INFO     RX        /ERR/LOKO/0x00000002
17:27:34.326  INFO     RX        /ERR/LOKO/0x00000002
17:27:34.326  INFO     RX        /ERR/LOKO/0x00000002
17:27:34.356  INFO     RX        /ERR/LOKO/0x00000002
17:27:34.356  INFO     RX        /ERR/LOKO/0x00000002
17:27:34.389  INFO     RX        /ERR/LOKO/0x00000002
17:27:34.389  INFO     RX        /ERR/LOKO/0x00000002
17:27:34.389  INFO     RX        /ERR/LOKO/0x00000002
17:27:34.421  INFO     RX        /ERR/LOKO/0x00000002
17:27:34.421  INFO     RX        /ERR/LOKO/0x00000002
17:27:34.421  INFO     RX        /ERR/LOKO/0x00000002
17:27:34.448  DEBUG    TX /CONTROLL/0,0,0,0,0,0,0,0,0
17:27:34.454  INFO     RX        /ERR/LOKO/0x00000002
17:27:34.454  INFO     RX        /ERR/LOKO/0x00000002
17:27:34.454  INFO     RX        /ERR/LOKO/0x00000002
17:27:34.483  INFO     RX        /ERR/LOKO/0x00000002
17:27:34.483  INFO     RX        /ERR/LOKO/0x00000002
17:27:34.515  INFO     RX        /ERR/LOKO/0x00000002
17:27:34.515  INFO     RX        /ERR/LOKO/0x00000002
17:27:34.515  INFO     RX        /ERR/LOKO/0x00000002
17:27:34.550  INFO     RX        /ERR/LOKO/0x00000002
17:27:34.550  INFO     RX        /ERR/LOKO/0x00000002
17:27:34.550  INFO     RX        /ERR/LOKO/0x00000002
17:27:34.580  INFO     RX        /ERR/LOKO/0x00000002
17:27:34.580  INFO     RX        /ERR/LOKO/0x00000002
17:27:34.615  INFO     RX        /ERR/LOKO/0x00000002
17:27:34.615  INFO     RX        /ERR/LOKO/0x00000002
17:27:34.615  INFO     RX        /ERR/LOKO/0x00000002
17:27:34.644  INFO     RX        /ERR/LOKO/0x00000002
17:27:34.644  INFO     RX        /ERR/LOKO/0x00000002
17:27:34.644  INFO     RX        /ERR/LOKO/0x00000002
17:27:34.679  INFO     RX        /ERR/LOKO/0x00000002
17:27:34.679  INFO     RX        /ERR/LOKO/0x00000002
17:27:34.679  INFO     RX        /ERR/LOKO/0x00000002
17:27:34.709  INFO     RX        /ERR/LOKO/0x00000002
17:27:34.709  INFO     RX        /ERR/LOKO/0x00000002
17:27:34.709  INFO     RX        /ERR/LOKO/0x00000002
17:27:34.740  INFO     RX        /ERR/LOKO/0x00000002
17:27:34.740  INFO     RX        /ERR/LOKO/0x00000002
17:27:34.775  INFO     RX        /ERR/LOKO/0x00000002
17:27:34.776  INFO     RX        /ERR/LOKO/0x00000002
17:27:34.776  INFO     RX        /ERR/LOKO/0x00000002
17:27:34.814  INFO     RX        /ERR/LOKO/0x00000002
17:27:34.814  INFO     RX        /ERR/LOKO/0x00000002
17:27:34.814  INFO     RX        /ERR/LOKO/0x00000002
17:27:34.814  INFO     RX        /ERR/LOKO/0x00000002
17:27:34.836  INFO     RX        /ERR/LOKO/0x00000002
17:27:34.874  INFO     RX        /ERR/LOKO/0x00000002
17:27:34.875  INFO     RX        /ERR/LOKO/0x00000002
17:27:34.875  INFO     RX        /ERR/LOKO/0x00000002
17:27:34.875  INFO     RX        /ERR/LOKO/0x00000002
17:27:34.901  INFO     RX        /ERR/LOKO/0x00000002
17:27:34.902  INFO     RX        /ERR/LOKO/0x00000002
17:27:34.936  INFO     RX        /ERR/LOKO/0x00000002
17:27:34.936  INFO     RX        /ERR/LOKO/0x00000002
17:27:34.936  INFO     RX        /ERR/LOKO/0x00000002
17:27:34.969  INFO     RX        /ERR/LOKO/0x00000002
17:27:34.969  INFO     RX        /ERR/LOKO/0x00000002
17:27:34.969  INFO     RX        /ERR/LOKO/0x00000002
17:27:34.998  INFO     RX        /ERR/LOKO/0x00000002
17:27:34.998  INFO     RX        /ERR/LOKO/0x00000002
17:27:35.030  INFO     RX        /ERR/LOKO/0x00000002
17:27:35.030  INFO     RX        /ERR/LOKO/0x00000002
17:27:35.030  INFO     RX        /ERR/LOKO/0x00000002
17:27:35.062  INFO     RX        /ERR/LOKO/0x00000002
17:27:35.062  INFO     RX        /ERR/LOKO/0x00000002
17:27:35.062  INFO     RX        /ERR/LOKO/0x00000002
17:27:35.097  INFO     RX        /ERR/LOKO/0x00000002
17:27:35.097  INFO     RX        /ERR/LOKO/0x00000002
17:27:35.097  INFO     RX        /ERR/LOKO/0x00000002
17:27:35.127  INFO     RX        /ERR/LOKO/0x00000002
17:27:35.127  INFO     RX        /ERR/LOKO/0x00000002
17:27:35.161  INFO     RX        /ERR/LOKO/0x00000002
17:27:35.161  INFO     RX        /ERR/LOKO/0x00000002
17:27:35.161  INFO     RX        /ERR/LOKO/0x00000002
17:27:35.161  INFO     RX        /ERR/LOKO/0x00000002
17:27:35.194  INFO     RX        /ERR/LOKO/0x00000002
17:27:35.195  INFO     RX        /ERR/LOKO/0x00000002
17:27:35.227  INFO     RX        /ERR/LOKO/0x00000002
17:27:35.227  INFO     RX        /ERR/LOKO/0x00000002
17:27:35.227  INFO     RX        /ERR/LOKO/0x00000002
17:27:35.257  INFO     RX        /ERR/LOKO/0x00000002
17:27:35.257  INFO     RX        /ERR/LOKO/0x00000002
17:27:35.257  INFO     RX        /ERR/LOKO/0x00000002
17:27:35.289  INFO     RX        /ERR/LOKO/0x00000002
17:27:35.289  INFO     RX        /ERR/LOKO/0x00000002
17:27:35.289  INFO     RX        /ERR/LOKO/0x00000002
17:27:35.318  INFO     RX        /ERR/LOKO/0x00000002
17:27:35.318  INFO     RX        /ERR/LOKO/0x00000002
17:27:35.353  INFO     RX        /ERR/LOKO/0x00000002
17:27:35.353  INFO     RX        /ERR/LOKO/0x00000002
17:27:35.353  INFO     RX        /ERR/LOKO/0x00000002
17:27:35.386  INFO     RX        /ERR/LOKO/0x00000002
17:27:35.386  INFO     RX        /ERR/LOKO/0x00000002
17:27:35.386  INFO     RX        /ERR/LOKO/0x00000002
17:27:35.418  INFO     RX        /ERR/LOKO/0x00000002
17:27:35.418  INFO     RX        /ERR/LOKO/0x00000002
17:27:35.418  INFO     RX        /ERR/LOKO/0x00000002
17:27:35.447  INFO     RX        /ERR/LOKO/0x00000002
17:27:35.447  INFO     RX        /ERR/LOKO/0x00000002
17:27:35.483  INFO     RX        /ERR/LOKO/0x00000002
17:27:35.483  INFO     RX        /ERR/LOKO/0x00000002
17:27:35.483  INFO     RX        /ERR/LOKO/0x00000002
17:27:35.514  INFO     RX        /ERR/LOKO/0x00000002
17:27:35.514  INFO     RX        /ERR/LOKO/0x00000002
17:27:35.514  INFO     RX        /ERR/LOKO/0x00000002
17:27:35.547  INFO     RX        /ERR/LOKO/0x00000002
17:27:35.547  INFO     RX        /ERR/LOKO/0x00000002
17:27:35.547  INFO     RX        /ERR/LOKO/0x00000002
17:27:35.577  INFO     RX        /ERR/LOKO/0x00000002
17:27:35.577  INFO     RX        /ERR/LOKO/0x00000002
17:27:35.611  INFO     RX        /ERR/LOKO/0x00000002
17:27:35.611  INFO     RX        /ERR/LOKO/0x00000002
17:27:35.611  INFO     RX        /ERR/LOKO/0x00000002
17:27:35.649  INFO     RX        /ERR/LOKO/0x00000002
17:27:35.649  INFO     RX        /ERR/LOKO/0x00000002
17:27:35.649  INFO     RX        /ERR/LOKO/0x00000002
17:27:35.673  INFO     RX        /ERR/LOKO/0x00000002
17:27:35.673  INFO     RX        /ERR/LOKO/0x00000002
17:27:35.673  INFO     RX        /ERR/LOKO/0x00000002
17:27:35.707  INFO     RX        /ERR/LOKO/0x00000002
17:27:35.707  INFO     RX        /ERR/LOKO/0x00000002
17:27:35.736  INFO     RX        /ERR/LOKO/0x00000002
17:27:35.736  INFO     RX        /ERR/LOKO/0x00000002
17:27:35.736  INFO     RX        /ERR/LOKO/0x00000002
17:27:35.771  INFO     RX        /ERR/LOKO/0x00000002
17:27:35.771  INFO     RX        /ERR/LOKO/0x00000002
17:27:35.771  INFO     RX        /ERR/LOKO/0x00000002
17:27:35.801  INFO     RX        /ERR/LOKO/0x00000002
17:27:35.802  INFO     RX        /ERR/LOKO/0x00000002
17:27:35.839  INFO     RX        /ERR/LOKO/0x00000002
17:27:35.839  INFO     RX        /ERR/LOKO/0x00000002
17:27:35.839  INFO     RX        /ERR/LOKO/0x00000002
17:27:35.934  INFO     RX        /ERR/LOKO/0x00000002
17:27:35.934  INFO     RX        /ERR/LOKO/0x00000002
17:27:35.934  INFO     RX        /ERR/LOKO/0x00000002
17:27:35.935  INFO     RX        /ERR/LOKO/0x00000002
17:27:35.935  INFO     RX        /ERR/LOKO/0x00000002
17:27:35.935  INFO     RX        /ERR/LOKO/0x00000002
17:27:35.935  INFO     RX        /ERR/LOKO/0x00000002
17:27:35.935  INFO     RX        /ERR/LOKO/0x00000002
17:27:35.936  INFO     RX        /ERR/LOKO/0x00000002
17:27:35.944  INFO     RX        /ERR/LOKO/0x00000002
17:27:35.962  INFO     RX        /ERR/LOKO/0x00000002
17:27:35.999  INFO     RX        /ERR/LOKO/0x00000002
17:27:35.999  INFO     RX        /ERR/LOKO/0x00000002
17:27:35.999  INFO     RX        /ERR/LOKO/0x00000002
17:27:36.028  INFO     RX        /ERR/LOKO/0x00000002
17:27:36.028  INFO     RX        /ERR/LOKO/0x00000002
17:27:36.028  INFO     RX        /ERR/LOKO/0x00000002
17:27:36.056  DEBUG    TX /CONTROLL/0,0,0,-23,0,0,0,0,0
17:27:36.064  INFO     RX        /ERR/LOKO/0x00000002
17:27:36.064  INFO     RX        /ERR/LOKO/0x00000002
17:27:36.064  INFO     RX        /ERR/LOKO/0x00000002
17:27:36.092  INFO     RX        /ERR/LOKO/0x00000002
17:27:36.092  INFO     RX        /ERR/LOKO/0x00000002
17:27:36.128  INFO     RX        /ERR/LOKO/0x00000002
17:27:36.128  INFO     RX        /ERR/LOKO/0x00000002
17:27:36.128  INFO     RX        /ERR/LOKO/0x00000002
17:27:36.158  INFO     RX        /ERR/LOKO/0x00000002
17:27:36.158  INFO     RX        /ERR/LOKO/0x00000002
17:27:36.158  INFO     RX        /ERR/LOKO/0x00000002
17:27:36.192  INFO     RX        /ERR/LOKO/0x00000002
17:27:36.192  INFO     RX        /ERR/LOKO/0x00000002
17:27:36.192  INFO     RX        /ERR/LOKO/0x00000002
17:27:36.223  INFO     RX        /ERR/LOKO/0x00000002
17:27:36.223  INFO     RX        /ERR/LOKO/0x00000002
17:27:36.257  INFO     RX        /ERR/LOKO/0x00000002
17:27:36.257  INFO     RX        /ERR/LOKO/0x00000002
17:27:36.257  INFO     RX        /ERR/LOKO/0x00000002
17:27:36.289  INFO     RX        /ERR/LOKO/0x00000002
17:27:36.289  INFO     RX        /ERR/LOKO/0x00000002
17:27:36.289  INFO     RX        /ERR/LOKO/0x00000002
17:27:36.321  INFO     RX        /ERR/LOKO/0x00000002
17:27:36.321  INFO     RX        /ERR/LOKO/0x00000002
17:27:36.321  INFO     RX        /ERR/LOKO/0x00000002
17:27:36.353  INFO     RX        /ERR/LOKO/0x00000002
17:27:36.353  INFO     RX        /ERR/LOKO/0x00000002
17:27:36.383  INFO     RX        /ERR/LOKO/0x00000002
17:27:36.383  INFO     RX        /ERR/LOKO/0x00000002
17:27:36.383  INFO     RX        /ERR/LOKO/0x00000002
17:27:36.421  INFO     RX        /ERR/LOKO/0x00000002
17:27:36.422  INFO     RX        /ERR/LOKO/0x00000002
17:27:36.422  INFO     RX        /ERR/LOKO/0x00000002
17:27:36.449  INFO     RX        /ERR/LOKO/0x00000002
17:27:36.449  INFO     RX        /ERR/LOKO/0x00000002
17:27:36.449  INFO     RX        /ERR/LOKO/0x00000002
17:27:36.484  INFO     RX        /ERR/LOKO/0x00000002
17:27:36.484  INFO     RX        /ERR/LOKO/0x00000002
17:27:36.484  INFO     RX        /ERR/LOKO/0x00000002
17:27:36.513  INFO     RX        /ERR/LOKO/0x00000002
17:27:36.513  INFO     RX        /ERR/LOKO/0x00000002
17:27:36.548  INFO     RX        /ERR/LOKO/0x00000002
17:27:36.549  INFO     RX        /ERR/LOKO/0x00000002
17:27:36.549  INFO     RX        /ERR/LOKO/0x00000002
17:27:36.580  INFO     RX        /ERR/LOKO/0x00000002
17:27:36.581  INFO     RX        /ERR/LOKO/0x00000002
17:27:36.581  INFO     RX        /ERR/LOKO/0x00000002
17:27:36.615  INFO     RX        /ERR/LOKO/0x00000002
17:27:36.615  INFO     RX        /ERR/LOKO/0x00000002
17:27:36.615  INFO     RX        /ERR/LOKO/0x00000002
17:27:36.641  INFO     RX        /ERR/LOKO/0x00000002
17:27:36.641  INFO     RX        /ERR/LOKO/0x00000002
17:27:36.676  INFO     RX        /ERR/LOKO/0x00000002
17:27:36.676  INFO     RX        /ERR/LOKO/0x00000002
17:27:36.676  INFO     RX        /ERR/LOKO/0x00000002
17:27:36.710  INFO     RX        /ERR/LOKO/0x00000002
17:27:36.710  INFO     RX        /ERR/LOKO/0x00000002
17:27:36.710  INFO     RX        /ERR/LOKO/0x00000002
17:27:36.741  INFO     RX        /ERR/LOKO/0x00000002
17:27:36.741  INFO     RX        /ERR/LOKO/0x00000002
17:27:36.741  INFO     RX        /ERR/LOKO/0x00000002
17:27:36.774  INFO     RX        /ERR/LOKO/0x00000002
17:27:36.775  INFO     RX        /ERR/LOKO/0x00000002
17:27:36.804  INFO     RX        /ERR/LOKO/0x00000002
17:27:36.805  INFO     RX        /ERR/LOKO/0x00000002
17:27:36.805  INFO     RX        /ERR/LOKO/0x00000002
17:27:36.841  INFO     RX        /ERR/LOKO/0x00000002
17:27:36.841  INFO     RX        /ERR/LOKO/0x00000002
17:27:36.841  INFO     RX        /ERR/LOKO/0x00000002
17:27:36.868  INFO     RX        /ERR/LOKO/0x00000002
17:27:36.868  INFO     RX        /ERR/LOKO/0x00000002
17:27:36.903  INFO     RX        /ERR/LOKO/0x00000002
17:27:36.904  INFO     RX        /ERR/LOKO/0x00000002
17:27:36.904  INFO     RX        /ERR/LOKO/0x00000002
17:27:36.949  INFO     RX        /ERR/LOKO/0x00000002
17:27:36.949  INFO     RX        /ERR/LOKO/0x00000002
17:27:36.949  INFO     RX        /ERR/LOKO/0x00000002
17:27:36.949  INFO     RX        /ERR/LOKO/0x00000002
17:27:36.964  INFO     RX        /ERR/LOKO/0x00000002
17:27:36.964  INFO     RX        /ERR/LOKO/0x00000002
17:27:37.000  INFO     RX        /ERR/LOKO/0x00000002
17:27:37.000  INFO     RX        /ERR/LOKO/0x00000002
17:27:37.000  INFO     RX        /ERR/LOKO/0x00000002
17:27:37.029  INFO     RX        /ERR/LOKO/0x00000002
17:27:37.029  INFO     RX        /ERR/LOKO/0x00000002
17:27:37.063  INFO     RX        /ERR/LOKO/0x00000002
17:27:37.063  INFO     RX        /ERR/LOKO/0x00000002
17:27:37.063  INFO     RX        /ERR/LOKO/0x00000002
17:27:37.094  INFO     RX        /ERR/LOKO/0x00000002
17:27:37.094  INFO     RX        /ERR/LOKO/0x00000002
17:27:37.094  INFO     RX        /ERR/LOKO/0x00000002
17:27:37.128  INFO     RX        /ERR/LOKO/0x00000002
17:27:37.128  INFO     RX        /ERR/LOKO/0x00000002
17:27:37.128  INFO     RX        /ERR/LOKO/0x00000002
17:27:37.157  INFO     RX        /ERR/LOKO/0x00000002
17:27:37.157  INFO     RX        /ERR/LOKO/0x00000002
17:27:37.193  INFO     RX        /ERR/LOKO/0x00000002
17:27:37.193  INFO     RX        /ERR/LOKO/0x00000002
17:27:37.193  INFO     RX        /ERR/LOKO/0x00000002
17:27:37.226  INFO     RX        /ERR/LOKO/0x00000002
17:27:37.226  INFO     RX        /ERR/LOKO/0x00000002
17:27:37.226  INFO     RX        /ERR/LOKO/0x00000002
17:27:37.258  INFO     RX        /ERR/LOKO/0x00000002
17:27:37.258  INFO     RX        /ERR/LOKO/0x00000002
17:27:37.258  INFO     RX        /ERR/LOKO/0x00000002
17:27:37.286  INFO     RX        /ERR/LOKO/0x00000002
17:27:37.286  INFO     RX        /ERR/LOKO/0x00000002
17:27:37.321  INFO     RX        /ERR/LOKO/0x00000002
17:27:37.322  INFO     RX        /ERR/LOKO/0x00000002
17:27:37.322  INFO     RX        /ERR/LOKO/0x00000002
17:27:37.369  INFO     RX        /ERR/LOKO/0x00000002
17:27:37.370  INFO     RX        /ERR/LOKO/0x00000002
17:27:37.370  INFO     RX        /ERR/LOKO/0x00000002
17:27:37.370  INFO     RX        /ERR/LOKO/0x00000002
17:27:37.370  INFO     RX        /ERR/LOKO/0x00000002
17:27:37.383  INFO     RX        /ERR/LOKO/0x00000002
17:27:37.423  INFO     RX        /ERR/LOKO/0x00000002
17:27:37.423  INFO     RX        /ERR/LOKO/0x00000002
17:27:37.423  INFO     RX        /ERR/LOKO/0x00000002
17:27:37.449  INFO     RX        /ERR/LOKO/0x00000002
17:27:37.449  INFO     RX        /ERR/LOKO/0x00000002
17:27:37.484  INFO     RX        /ERR/LOKO/0x00000002
17:27:37.484  INFO     RX        /ERR/LOKO/0x00000002
17:27:37.484  INFO     RX        /ERR/LOKO/0x00000002
17:27:37.484  INFO     RX        /ERR/LOKO/0x00000002
17:27:37.513  INFO     RX        /ERR/LOKO/0x00000002
17:27:37.513  INFO     RX        /ERR/LOKO/0x00000002
17:27:37.546  INFO     RX        /ERR/LOKO/0x00000002
17:27:37.547  INFO     RX        /ERR/LOKO/0x00000002
17:27:37.547  INFO     RX        /ERR/LOKO/0x00000002
17:27:37.577  INFO     RX        /ERR/LOKO/0x00000002
17:27:37.577  INFO     RX        /ERR/LOKO/0x00000002
17:27:37.615  INFO     RX        /ERR/LOKO/0x00000002
17:27:37.615  INFO     RX        /ERR/LOKO/0x00000002
17:27:37.615  INFO     RX        /ERR/LOKO/0x00000002
17:27:37.615  INFO     RX        /ERR/LOKO/0x00000002
17:27:37.646  INFO     RX        /ERR/LOKO/0x00000002
17:27:37.646  INFO     RX        /ERR/LOKO/0x00000002
17:27:37.671  DEBUG    TX /CONTROLL/0,0,0,0,0,0,0,0,0
17:27:37.678  INFO     RX        /ERR/LOKO/0x00000002
17:27:37.679  INFO     RX        /ERR/LOKO/0x00000002
17:27:37.679  INFO     RX        /ERR/LOKO/0x00000002
17:27:37.707  INFO     RX        /ERR/LOKO/0x00000002
17:27:37.707  INFO     RX        /ERR/LOKO/0x00000002
17:27:37.707  INFO     RX        /ERR/LOKO/0x00000002
17:27:37.743  INFO     RX        /ERR/LOKO/0x00000002
17:27:37.743  INFO     RX        /ERR/LOKO/0x00000002
17:27:37.743  INFO     RX        /ERR/LOKO/0x00000002
17:27:37.773  INFO     RX        /ERR/LOKO/0x00000002
17:27:37.773  INFO     RX        /ERR/LOKO/0x00000002
17:27:37.806  INFO     RX        /ERR/LOKO/0x00000002
17:27:37.806  INFO     RX        /ERR/LOKO/0x00000002
17:27:37.806  INFO     RX        /ERR/LOKO/0x00000002
17:27:37.835  INFO     RX        /ERR/LOKO/0x00000002
17:27:37.835  INFO     RX        /ERR/LOKO/0x00000002
17:27:37.835  INFO     RX        /ERR/LOKO/0x00000002
17:27:37.870  INFO     RX        /ERR/LOKO/0x00000002
17:27:37.871  INFO     RX        /ERR/LOKO/0x00000002
17:27:37.871  INFO     RX        /ERR/LOKO/0x00000002
17:27:37.902  INFO     RX        /ERR/LOKO/0x00000002
17:27:37.902  INFO     RX        /ERR/LOKO/0x00000002
17:27:37.931  INFO     RX        /ERR/LOKO/0x00000002
17:27:37.931  INFO     RX        /ERR/LOKO/0x00000002
17:27:37.931  INFO     RX        /ERR/LOKO/0x00000002
17:27:37.967  INFO     RX        /ERR/LOKO/0x00000002
17:27:37.967  INFO     RX        /ERR/LOKO/0x00000002
17:27:37.967  INFO     RX        /ERR/LOKO/0x00000002
17:27:37.996  INFO     RX        /ERR/LOKO/0x00000002
17:27:37.996  INFO     RX        /ERR/LOKO/0x00000002
17:27:37.996  INFO     RX        /ERR/LOKO/0x00000002
17:27:38.033  INFO     RX        /ERR/LOKO/0x00000002
17:27:38.034  INFO     RX        /ERR/LOKO/0x00000002
17:27:38.034  INFO     RX        /ERR/LOKO/0x00000002
17:27:38.065  INFO     RX        /ERR/LOKO/0x00000002
17:27:38.065  INFO     RX        /ERR/LOKO/0x00000002
17:27:38.065  INFO     RX        /ERR/LOKO/0x00000002
17:27:38.095  INFO     RX        /ERR/LOKO/0x00000002
17:27:38.095  INFO     RX        /ERR/LOKO/0x00000002
17:27:38.131  INFO     RX        /ERR/LOKO/0x00000002
17:27:38.131  INFO     RX        /ERR/LOKO/0x00000002
17:27:38.131  INFO     RX        /ERR/LOKO/0x00000002
17:27:38.158  INFO     RX        /ERR/LOKO/0x00000002
17:27:38.158  INFO     RX        /ERR/LOKO/0x00000002
17:27:38.158  INFO     RX        /ERR/LOKO/0x00000002
17:27:38.193  INFO     RX        /ERR/LOKO/0x00000002
17:27:38.194  INFO     RX        /ERR/LOKO/0x00000002
17:27:38.194  INFO     RX        /ERR/LOKO/0x00000002
17:27:38.228  INFO     RX        /ERR/LOKO/0x00000002
17:27:38.228  INFO     RX        /ERR/LOKO/0x00000002
17:27:38.255  INFO     RX        /ERR/LOKO/0x00000002
17:27:38.255  INFO     RX        /ERR/LOKO/0x00000002
17:27:38.256  INFO     RX        /ERR/LOKO/0x00000002
17:27:38.290  INFO     RX        /ERR/LOKO/0x00000002
17:27:38.290  INFO     RX        /ERR/LOKO/0x00000002
17:27:38.291  INFO     RX        /ERR/LOKO/0x00000002
17:27:38.321  INFO     RX        /ERR/LOKO/0x00000002
17:27:38.321  INFO     RX        /ERR/LOKO/0x00000002
17:27:38.321  INFO     RX        /ERR/LOKO/0x00000002
17:27:38.356  INFO     RX        /ERR/LOKO/0x00000002
17:27:38.356  INFO     RX        /ERR/LOKO/0x00000002
17:27:38.356  INFO     RX        /ERR/LOKO/0x00000002
17:27:38.385  INFO     RX        /ERR/LOKO/0x00000002
17:27:38.385  INFO     RX        /ERR/LOKO/0x00000002
17:27:38.419  INFO     RX        /ERR/LOKO/0x00000002
17:27:38.419  INFO     RX        /ERR/LOKO/0x00000002
17:27:38.419  INFO     RX        /ERR/LOKO/0x00000002
17:27:38.449  INFO     RX        /ERR/LOKO/0x00000002
17:27:38.450  INFO     RX        /ERR/LOKO/0x00000002
17:27:38.450  INFO     RX        /ERR/LOKO/0x00000002
17:27:38.485  INFO     RX        /ERR/LOKO/0x00000002
17:27:38.485  INFO     RX        /ERR/LOKO/0x00000002
17:27:38.485  INFO     RX        /ERR/LOKO/0x00000002
17:27:38.514  INFO     RX        /ERR/LOKO/0x00000002
17:27:38.514  INFO     RX        /ERR/LOKO/0x00000002
17:27:38.550  INFO     RX        /ERR/LOKO/0x00000002
17:27:38.550  INFO     RX        /ERR/LOKO/0x00000002
17:27:38.550  INFO     RX        /ERR/LOKO/0x00000002
17:27:38.582  INFO     RX        /ERR/LOKO/0x00000002
17:27:38.582  INFO     RX        /ERR/LOKO/0x00000002
17:27:38.582  INFO     RX        /ERR/LOKO/0x00000002
17:27:38.616  INFO     RX        /ERR/LOKO/0x00000002
17:27:38.616  INFO     RX        /ERR/LOKO/0x00000002
17:27:38.616  INFO     RX        /ERR/LOKO/0x00000002
17:27:38.644  INFO     RX        /ERR/LOKO/0x00000002
17:27:38.644  INFO     RX        /ERR/LOKO/0x00000002
17:27:38.679  INFO     RX        /ERR/LOKO/0x00000002
17:27:38.679  INFO     RX        /ERR/LOKO/0x00000002
17:27:38.679  INFO     RX        /ERR/LOKO/0x00000002
17:27:38.707  INFO     RX        /ERR/LOKO/0x00000002
17:27:38.707  INFO     RX        /ERR/LOKO/0x00000002
17:27:38.707  INFO     RX        /ERR/LOKO/0x00000002
17:27:38.744  INFO     RX        /ERR/LOKO/0x00000002
17:27:38.744  INFO     RX        /ERR/LOKO/0x00000002
17:27:38.744  INFO     RX        /ERR/LOKO/0x00000002
17:27:38.771  INFO     RX        /ERR/LOKO/0x00000002
17:27:38.771  INFO     RX        /ERR/LOKO/0x00000002
17:27:38.807  INFO     RX        /ERR/LOKO/0x00000002
17:27:38.807  INFO     RX        /ERR/LOKO/0x00000002
17:27:38.807  INFO     RX        /ERR/LOKO/0x00000002
17:27:38.837  INFO     RX        /ERR/LOKO/0x00000002
17:27:38.837  INFO     RX        /ERR/LOKO/0x00000002
17:27:38.837  INFO     RX        /ERR/LOKO/0x00000002
17:27:38.874  INFO     RX        /ERR/LOKO/0x00000002
17:27:38.874  INFO     RX        /ERR/LOKO/0x00000002
17:27:38.874  INFO     RX        /ERR/LOKO/0x00000002
17:27:38.901  INFO     RX        /ERR/LOKO/0x00000002
17:27:38.901  INFO     RX        /ERR/LOKO/0x00000002
17:27:39.014  INFO     RX        /ERR/LOKO/0x00000002
17:27:39.014  INFO     RX        /ERR/LOKO/0x00000002
17:27:39.014  INFO     RX        /ERR/LOKO/0x00000002
17:27:39.014  INFO     RX        /ERR/LOKO/0x00000002
17:27:39.014  INFO     RX        /ERR/LOKO/0x00000002
17:27:39.014  INFO     RX        /ERR/LOKO/0x00000002
17:27:39.014  INFO     RX        /ERR/LOKO/0x00000002
17:27:39.014  INFO     RX        /ERR/LOKO/0x00000002
17:27:39.018  INFO     RX        /ERR/LOKO/0x00000002
17:27:39.018  INFO     RX        /ERR/LOKO/0x00000002
17:27:39.018  INFO     RX        /ERR/LOKO/0x00000002
17:27:39.031  INFO     RX        /ERR/LOKO/0x00000002
17:27:39.067  INFO     RX        /ERR/LOKO/0x00000002
17:27:39.067  INFO     RX        /ERR/LOKO/0x00000002
17:27:39.067  INFO     RX        /ERR/LOKO/0x00000002
17:27:39.097  INFO     RX        /ERR/LOKO/0x00000002
17:27:39.098  INFO     RX        /ERR/LOKO/0x00000002
17:27:39.133  INFO     RX        /ERR/LOKO/0x00000002
17:27:39.133  INFO     RX        /ERR/LOKO/0x00000002
17:27:39.133  INFO     RX        /ERR/LOKO/0x00000002
17:27:39.133  INFO     RX        /ERR/LOKO/0x00000002
17:27:39.165  INFO     RX        /ERR/LOKO/0x00000002
17:27:39.165  INFO     RX        /ERR/LOKO/0x00000002
17:27:39.194  INFO     RX        /ERR/LOKO/0x00000002
17:27:39.194  INFO     RX        /ERR/LOKO/0x00000002
17:27:39.194  INFO     RX        /ERR/LOKO/0x00000002
17:27:39.225  INFO     RX        /ERR/LOKO/0x00000002
17:27:39.225  INFO     RX        /ERR/LOKO/0x00000002
17:27:39.262  INFO     RX        /ERR/LOKO/0x00000002
17:27:39.262  INFO     RX        /ERR/LOKO/0x00000002
17:27:39.262  INFO     RX        /ERR/LOKO/0x00000002
17:27:39.262  INFO     RX        /ERR/LOKO/0x00000002
17:27:39.287  DEBUG    TX /CONTROLL/0,0,0,0,0,0,0,0,0
17:27:39.290  INFO     RX        /ERR/LOKO/0x00000002
17:27:39.290  INFO     RX        /ERR/LOKO/0x00000002
17:27:39.324  INFO     RX        /ERR/LOKO/0x00000002
17:27:39.324  INFO     RX        /ERR/LOKO/0x00000002
17:27:39.325  INFO     RX        /ERR/LOKO/0x00000002
17:27:39.359  INFO     RX        /ERR/LOKO/0x00000002
17:27:39.359  INFO     RX        /ERR/LOKO/0x00000002
17:27:39.359  INFO     RX        /ERR/LOKO/0x00000002
17:27:39.391  INFO     RX        /ERR/LOKO/0x00000002
17:27:39.391  INFO     RX        /ERR/LOKO/0x00000002
17:27:39.391  INFO     RX        /ERR/LOKO/0x00000002
17:27:39.422  INFO     RX        /ERR/LOKO/0x00000002
17:27:39.422  INFO     RX        /ERR/LOKO/0x00000002
17:27:39.455  INFO     RX        /ERR/LOKO/0x00000002
17:27:39.455  INFO     RX        /ERR/LOKO/0x00000002
17:27:39.455  INFO     RX        /ERR/LOKO/0x00000002
17:27:39.484  INFO     RX        /ERR/LOKO/0x00000002
17:27:39.484  INFO     RX        /ERR/LOKO/0x00000002
17:27:39.484  INFO     RX        /ERR/LOKO/0x00000002
17:27:39.516  INFO     RX        /ERR/LOKO/0x00000002
17:27:39.516  INFO     RX        /ERR/LOKO/0x00000002
17:27:39.551  INFO     RX        /ERR/LOKO/0x00000002
17:27:39.551  INFO     RX        /ERR/LOKO/0x00000002
17:27:39.551  INFO     RX        /ERR/LOKO/0x00000002
17:27:39.551  INFO     RX        /ERR/LOKO/0x00000002
17:27:39.581  INFO     RX        /ERR/LOKO/0x00000002
17:27:39.582  INFO     RX        /ERR/LOKO/0x00000002
17:27:39.615  INFO     RX        /ERR/LOKO/0x00000002
17:27:39.615  INFO     RX        /ERR/LOKO/0x00000002
17:27:39.615  INFO     RX        /ERR/LOKO/0x00000002
17:27:39.645  INFO     RX        /ERR/LOKO/0x00000002
17:27:39.645  INFO     RX        /ERR/LOKO/0x00000002
17:27:39.645  INFO     RX        /ERR/LOKO/0x00000002
17:27:39.681  INFO     RX        /ERR/LOKO/0x00000002
17:27:39.681  INFO     RX        /ERR/LOKO/0x00000002
17:27:39.681  INFO     RX        /ERR/LOKO/0x00000002
17:27:39.709  INFO     RX        /ERR/LOKO/0x00000002
17:27:39.709  INFO     RX        /ERR/LOKO/0x00000002
17:27:39.744  INFO     RX        /ERR/LOKO/0x00000002
17:27:39.744  INFO     RX        /ERR/LOKO/0x00000002
17:27:39.745  INFO     RX        /ERR/LOKO/0x00000002
17:27:39.773  INFO     RX        /ERR/LOKO/0x00000002
17:27:39.773  INFO     RX        /ERR/LOKO/0x00000002
17:27:39.773  INFO     RX        /ERR/LOKO/0x00000002
17:27:39.808  INFO     RX        /ERR/LOKO/0x00000002
17:27:39.808  INFO     RX        /ERR/LOKO/0x00000002
17:27:39.808  INFO     RX        /ERR/LOKO/0x00000002
17:27:39.839  INFO     RX        /ERR/LOKO/0x00000002
17:27:39.839  INFO     RX        /ERR/LOKO/0x00000002
17:27:39.874  INFO     RX        /ERR/LOKO/0x00000002
17:27:39.874  INFO     RX        /ERR/LOKO/0x00000002
17:27:39.874  INFO     RX        /ERR/LOKO/0x00000002
17:27:39.906  INFO     RX        /ERR/LOKO/0x00000002
17:27:39.906  INFO     RX        /ERR/LOKO/0x00000002
17:27:39.906  INFO     RX        /ERR/LOKO/0x00000002
17:27:39.933  INFO     RX        /ERR/LOKO/0x00000002
17:27:39.933  INFO     RX        /ERR/LOKO/0x00000002
17:27:39.970  INFO     RX        /ERR/LOKO/0x00000002
17:27:39.970  INFO     RX        /ERR/LOKO/0x00000002
17:27:39.970  INFO     RX        /ERR/LOKO/0x00000002
17:27:39.999  INFO     RX        /ERR/LOKO/0x00000002
17:27:39.999  INFO     RX        /ERR/LOKO/0x00000002
17:27:39.999  INFO     RX        /ERR/LOKO/0x00000002
17:27:40.030  INFO     RX        /ERR/LOKO/0x00000002
17:27:40.030  INFO     RX        /ERR/LOKO/0x00000002
17:27:40.030  INFO     RX        /ERR/LOKO/0x00000002
17:27:40.066  INFO     RX        /ERR/LOKO/0x00000002
17:27:40.066  INFO     RX        /ERR/LOKO/0x00000002
17:27:40.066  INFO     RX        /ERR/LOKO/0x00000002
17:27:40.098  INFO     RX        /ERR/LOKO/0x00000002
17:27:40.098  INFO     RX        /ERR/LOKO/0x00000002
17:27:40.098  INFO     RX        /ERR/LOKO/0x00000002
17:27:40.126  INFO     RX        /ERR/LOKO/0x00000002
17:27:40.126  INFO     RX        /ERR/LOKO/0x00000002
17:27:40.162  INFO     RX        /ERR/LOKO/0x00000002
17:27:40.162  INFO     RX        /ERR/LOKO/0x00000002
17:27:40.162  INFO     RX        /ERR/LOKO/0x00000002
17:27:40.189  INFO     RX        /ERR/LOKO/0x00000002
17:27:40.190  INFO     RX        /ERR/LOKO/0x00000002
17:27:40.225  INFO     RX        /ERR/LOKO/0x00000002
17:27:40.226  INFO     RX        /ERR/LOKO/0x00000002
17:27:40.226  INFO     RX        /ERR/LOKO/0x00000002
17:27:40.226  INFO     RX        /ERR/LOKO/0x00000002
17:27:40.260  INFO     RX        /ERR/LOKO/0x00000002
17:27:40.260  INFO     RX        /ERR/LOKO/0x00000002
17:27:40.260  INFO     RX        /ERR/LOKO/0x00000002
17:27:40.288  INFO     RX        /ERR/LOKO/0x00000002
17:27:40.288  INFO     RX        /ERR/LOKO/0x00000002
17:27:40.323  INFO     RX        /ERR/LOKO/0x00000002
17:27:40.323  INFO     RX        /ERR/LOKO/0x00000002
17:27:40.323  INFO     RX        /ERR/LOKO/0x00000002
17:27:40.353  INFO     RX        /ERR/LOKO/0x00000002
17:27:40.353  INFO     RX        /ERR/LOKO/0x00000002
17:27:40.353  INFO     RX        /ERR/LOKO/0x00000002
17:27:40.389  INFO     RX        /ERR/LOKO/0x00000002
17:27:40.389  INFO     RX        /ERR/LOKO/0x00000002
17:27:40.389  INFO     RX        /ERR/LOKO/0x00000002
17:27:40.422  INFO     RX        /ERR/LOKO/0x00000002
17:27:40.422  INFO     RX        /ERR/LOKO/0x00000002
17:27:40.455  INFO     RX        /ERR/LOKO/0x00000002
17:27:40.455  INFO     RX        /ERR/LOKO/0x00000002
17:27:40.455  INFO     RX        /ERR/LOKO/0x00000002
17:27:40.485  INFO     RX        /ERR/LOKO/0x00000002
17:27:40.485  INFO     RX        /ERR/LOKO/0x00000002
17:27:40.485  INFO     RX        /ERR/LOKO/0x00000002
17:27:40.519  INFO     RX        /ERR/LOKO/0x00000002
17:27:40.519  INFO     RX        /ERR/LOKO/0x00000002
17:27:40.519  INFO     RX        /ERR/LOKO/0x00000002
17:27:40.551  INFO     RX        /ERR/LOKO/0x00000002
17:27:40.551  INFO     RX        /ERR/LOKO/0x00000002
17:27:40.551  INFO     RX        /ERR/LOKO/0x00000002
17:27:40.581  INFO     RX        /ERR/LOKO/0x00000002
17:27:40.581  INFO     RX        /ERR/LOKO/0x00000002
17:27:40.615  INFO     RX        /ERR/LOKO/0x00000002
17:27:40.615  INFO     RX        /ERR/LOKO/0x00000002
17:27:40.615  INFO     RX        /ERR/LOKO/0x00000002
17:27:40.652  INFO     RX        /ERR/LOKO/0x00000002
17:27:40.652  INFO     RX        /ERR/LOKO/0x00000002
17:27:40.653  INFO     RX        /ERR/LOKO/0x00000002
17:27:40.677  INFO     RX        /ERR/LOKO/0x00000002
17:27:40.677  INFO     RX        /ERR/LOKO/0x00000002
17:27:40.711  INFO     RX        /ERR/LOKO/0x00000002
17:27:40.711  INFO     RX        /ERR/LOKO/0x00000002
17:27:40.711  INFO     RX        /ERR/LOKO/0x00000002
17:27:40.745  INFO     RX        /ERR/LOKO/0x00000002
17:27:40.745  INFO     RX        /ERR/LOKO/0x00000002
17:27:40.745  INFO     RX        /ERR/LOKO/0x00000002
17:27:40.774  INFO     RX        /ERR/LOKO/0x00000002
17:27:40.774  INFO     RX        /ERR/LOKO/0x00000002
17:27:40.774  INFO     RX        /ERR/LOKO/0x00000002
17:27:40.811  INFO     RX        /ERR/LOKO/0x00000002
17:27:40.811  INFO     RX        /ERR/LOKO/0x00000002
17:27:40.811  INFO     RX        /ERR/LOKO/0x00000002
17:27:40.839  INFO     RX        /ERR/LOKO/0x00000002
17:27:40.839  INFO     RX        /ERR/LOKO/0x00000002
17:27:40.874  INFO     RX        /ERR/LOKO/0x00000002
17:27:40.875  INFO     RX        /ERR/LOKO/0x00000002
17:27:40.875  INFO     RX        /ERR/LOKO/0x00000002
17:27:40.901  DEBUG    TX /CONTROLL/0,0,0,0,0,0,0,0,0
17:27:40.904  INFO     RX        /ERR/LOKO/0x00000002
17:27:40.904  INFO     RX        /ERR/LOKO/0x00000002
17:27:40.905  INFO     RX        /ERR/LOKO/0x00000002
17:27:40.941  INFO     RX        /ERR/LOKO/0x00000002
17:27:40.941  INFO     RX        /ERR/LOKO/0x00000002
17:27:40.941  INFO     RX        /ERR/LOKO/0x00000002
17:27:40.969  INFO     RX        /ERR/LOKO/0x00000002
17:27:40.969  INFO     RX        /ERR/LOKO/0x00000002
17:27:40.969  INFO     RX        /ERR/LOKO/0x00000002
17:27:41.005  INFO     RX        /ERR/LOKO/0x00000002
17:27:41.005  INFO     RX        /ERR/LOKO/0x00000002
17:27:41.005  INFO     RX        /ERR/LOKO/0x00000002
17:27:41.033  INFO     RX        /ERR/LOKO/0x00000002
17:27:41.033  INFO     RX        /ERR/LOKO/0x00000002
17:27:41.069  INFO     RX        /ERR/LOKO/0x00000002
17:27:41.069  INFO     RX        /ERR/LOKO/0x00000002
17:27:41.069  INFO     RX        /ERR/LOKO/0x00000002
17:27:41.102  INFO     RX        /ERR/LOKO/0x00000002
17:27:41.102  INFO     RX        /ERR/LOKO/0x00000002
17:27:41.102  INFO     RX        /ERR/LOKO/0x00000002
17:27:41.134  INFO     RX        /ERR/LOKO/0x00000002
17:27:41.135  INFO     RX        /ERR/LOKO/0x00000002
17:27:41.135  INFO     RX        /ERR/LOKO/0x00000002
17:27:41.170  INFO     RX        /ERR/LOKO/0x00000002
17:27:41.170  INFO     RX        /ERR/LOKO/0x00000002
17:27:41.170  INFO     RX        /ERR/LOKO/0x00000002
17:27:41.198  INFO     RX        /ERR/LOKO/0x00000002
17:27:42.229  INFO     RX        /ERR/LOKO/0x00000002
17:27:42.229  INFO     RX        /ERR/LOKO/0x00000002
17:27:42.264  INFO     RX        /ERR/LOKO/0x00000002
17:27:42.264  INFO     RX        /ERR/LOKO/0x00000002
17:27:42.264  INFO     RX        /ERR/LOKO/0x00000002
17:27:42.293  INFO     RX        /ERR/LOKO/0x00000002
17:27:42.293  INFO     RX        /ERR/LOKO/0x00000002
17:27:42.328  INFO     RX        /ERR/LOKO/0x00000002
17:27:42.328  INFO     RX        /ERR/LOKO/0x00000002
17:27:42.328  INFO     RX        /ERR/LOKO/0x00000002
17:27:42.358  INFO     RX        /ERR/LOKO/0x00000002
17:27:42.358  INFO     RX        /ERR/LOKO/0x00000002
17:27:42.358  INFO     RX        /ERR/LOKO/0x00000002
17:27:42.390  INFO     RX        /ERR/LOKO/0x00000002
17:27:42.390  INFO     RX        /ERR/LOKO/0x00000002
17:27:42.390  INFO     RX        /ERR/LOKO/0x00000002
17:27:42.425  INFO     RX        /ERR/LOKO/0x00000002
17:27:42.425  INFO     RX        /ERR/LOKO/0x00000002
17:27:42.425  INFO     RX        /ERR/LOKO/0x00000002
17:27:42.453  INFO     RX        /ERR/LOKO/0x00000002
17:27:42.453  INFO     RX        /ERR/LOKO/0x00000002
17:27:42.488  INFO     RX        /ERR/LOKO/0x00000002
17:27:42.488  INFO     RX        /ERR/LOKO/0x00000002
17:27:42.488  INFO     RX        /ERR/LOKO/0x00000002
17:27:42.514  DEBUG    TX /CONTROLL/0,0,0,0,0,0,0,0,0
17:27:42.517  INFO     RX        /ERR/LOKO/0x00000002
17:27:42.518  INFO     RX        /ERR/LOKO/0x00000002
17:27:42.518  INFO     RX        /ERR/LOKO/0x00000002
17:27:42.554  INFO     RX        /ERR/LOKO/0x00000002
17:27:42.554  INFO     RX        /ERR/LOKO/0x00000002
17:27:42.554  INFO     RX        /ERR/LOKO/0x00000002
17:27:42.590  INFO     RX        /ERR/LOKO/0x00000002
17:27:42.590  INFO     RX        /ERR/LOKO/0x00000002
17:27:42.590  INFO     RX        /ERR/LOKO/0x00000002
17:27:42.614  INFO     RX        /ERR/LOKO/0x00000002
17:27:42.614  INFO     RX        /ERR/LOKO/0x00000002
17:27:42.649  INFO     RX        /ERR/LOKO/0x00000002
17:27:42.649  INFO     RX        /ERR/LOKO/0x00000002
17:27:42.649  INFO     RX        /ERR/LOKO/0x00000002
17:27:42.677  INFO     RX        /ERR/LOKO/0x00000002
17:27:42.677  INFO     RX        /ERR/LOKO/0x00000002
17:27:42.677  INFO     RX        /ERR/LOKO/0x00000002
17:27:42.714  INFO     RX        /ERR/LOKO/0x00000002
17:27:42.714  INFO     RX        /ERR/LOKO/0x00000002
17:27:42.714  INFO     RX        /ERR/LOKO/0x00000002
17:27:42.742  INFO     RX        /ERR/LOKO/0x00000002
17:27:42.742  INFO     RX        /ERR/LOKO/0x00000002
17:27:42.777  INFO     RX        /ERR/LOKO/0x00000002
17:27:43.192  INFO     RX        /ERR/LOKO/0x00000002
17:27:43.192  INFO     RX        /ERR/LOKO/0x00000002
17:27:43.227  INFO     RX        /ERR/LOKO/0x00000002
17:27:43.227  INFO     RX        /ERR/LOKO/0x00000002
17:27:43.228  INFO     RX        /ERR/LOKO/0x00000002
17:27:43.257  INFO     RX        /ERR/LOKO/0x00000002
17:27:43.257  INFO     RX        /ERR/LOKO/0x00000002
17:27:43.292  INFO     RX        /ERR/LOKO/0x00000002
17:27:43.292  INFO     RX        /ERR/LOKO/0x00000002
17:27:43.292  INFO     RX        /ERR/LOKO/0x00000002
17:27:43.321  INFO     RX        /ERR/LOKO/0x00000002
17:27:43.321  INFO     RX        /ERR/LOKO/0x00000002
17:27:43.321  INFO     RX        /ERR/LOKO/0x00000002
17:27:43.356  INFO     RX        /ERR/LOKO/0x00000002
17:27:43.356  INFO     RX        /ERR/LOKO/0x00000002
17:27:43.356  INFO     RX        /ERR/LOKO/0x00000002
17:27:43.385  INFO     RX        /ERR/LOKO/0x00000002
17:27:43.385  INFO     RX        /ERR/LOKO/0x00000002
17:27:43.419  INFO     RX        /ERR/LOKO/0x00000002
17:27:43.419  INFO     RX        /ERR/LOKO/0x00000002
17:27:43.419  INFO     RX        /ERR/LOKO/0x00000002
17:27:43.450  INFO     RX        /ERR/LOKO/0x00000002
17:27:43.450  INFO     RX        /ERR/LOKO/0x00000002
17:27:43.450  INFO     RX        /ERR/LOKO/0x00000002
17:27:43.484  INFO     RX        /ERR/LOKO/0x00000002
17:27:43.484  INFO     RX        /ERR/LOKO/0x00000002
17:27:43.484  INFO     RX        /ERR/LOKO/0x00000002
17:27:43.513  INFO     RX        /ERR/LOKO/0x00000002
17:27:43.513  INFO     RX        /ERR/LOKO/0x00000002
17:27:43.548  INFO     RX        /ERR/LOKO/0x00000002
17:27:43.549  INFO     RX        /ERR/LOKO/0x00000002
17:27:43.549  INFO     RX        /ERR/LOKO/0x00000002
17:27:43.577  INFO     RX        /ERR/LOKO/0x00000002
17:27:43.577  INFO     RX        /ERR/LOKO/0x00000002
17:27:43.577  INFO     RX        /ERR/LOKO/0x00000002
17:27:43.615  INFO     RX        /ERR/LOKO/0x00000002
17:27:43.615  INFO     RX        /ERR/LOKO/0x00000002
17:27:43.615  INFO     RX        /ERR/LOKO/0x00000002
17:27:43.642  INFO     RX        /ERR/LOKO/0x00000002
17:27:43.642  INFO     RX        /ERR/LOKO/0x00000002
17:27:43.677  INFO     RX        /ERR/LOKO/0x00000002
17:27:43.677  INFO     RX        /ERR/LOKO/0x00000002
17:27:43.677  INFO     RX        /ERR/LOKO/0x00000002
17:27:43.706  INFO     RX        /ERR/LOKO/0x00000002
17:27:43.706  INFO     RX        /ERR/LOKO/0x00000002
17:27:43.706  INFO     RX        /ERR/LOKO/0x00000002
17:27:43.737  INFO     RX        /ERR/LOKO/0x00000002
17:27:43.737  INFO     RX        /ERR/LOKO/0x00000002
17:27:43.737  INFO     RX        /ERR/LOKO/0x00000002
17:27:43.775  INFO     RX        /ERR/LOKO/0x00000002
17:27:43.775  INFO     RX        /ERR/LOKO/0x00000002
17:27:43.775  INFO     RX        /ERR/LOKO/0x00000002
17:27:43.805  INFO     RX        /ERR/LOKO/0x00000002
17:27:43.805  INFO     RX        /ERR/LOKO/0x00000002
17:27:43.843  INFO     RX        /ERR/LOKO/0x00000002
17:27:43.844  INFO     RX        /ERR/LOKO/0x00000002
17:27:43.844  INFO     RX        /ERR/LOKO/0x00000002
17:27:43.844  INFO     RX        /ERR/LOKO/0x00000002
17:27:43.869  INFO     RX        /ERR/LOKO/0x00000002
17:27:43.869  INFO     RX        /ERR/LOKO/0x00000002
17:27:43.903  INFO     RX        /ERR/LOKO/0x00000002
17:27:43.904  INFO     RX        /ERR/LOKO/0x00000002
17:27:43.904  INFO     RX        /ERR/LOKO/0x00000002
17:27:43.931  INFO     RX        /ERR/LOKO/0x00000002
17:27:43.931  INFO     RX        /ERR/LOKO/0x00000002
17:27:43.966  INFO     RX        /ERR/LOKO/0x00000002
17:27:43.967  INFO     RX        /ERR/LOKO/0x00000002
17:27:43.967  INFO     RX        /ERR/LOKO/0x00000002
17:27:43.996  INFO     RX        /ERR/LOKO/0x00000002
17:27:43.997  INFO     RX        /ERR/LOKO/0x00000002
17:27:43.997  INFO     RX        /ERR/LOKO/0x00000002
17:27:44.033  INFO     RX        /ERR/LOKO/0x00000002
17:27:44.033  INFO     RX        /ERR/LOKO/0x00000002
17:27:44.033  INFO     RX        /ERR/LOKO/0x00000002
17:27:44.062  INFO     RX        /ERR/LOKO/0x00000002
17:27:44.062  INFO     RX        /ERR/LOKO/0x00000002
17:27:44.062  INFO     RX        /ERR/LOKO/0x00000002
17:27:44.098  INFO     RX        /ERR/LOKO/0x00000002
17:27:44.098  INFO     RX        /ERR/LOKO/0x00000002
17:27:44.098  INFO     RX        /ERR/LOKO/0x00000002
17:27:44.122  DEBUG    TX /CONTROLL/0,0,0,0,0,0,0,0,0
17:27:44.125  INFO     RX        /ERR/LOKO/0x00000002
17:27:44.125  INFO     RX        /ERR/LOKO/0x00000002
17:27:44.160  INFO     RX        /ERR/LOKO/0x00000002
17:27:44.160  INFO     RX        /ERR/LOKO/0x00000002
17:27:44.160  INFO     RX        /ERR/LOKO/0x00000002
17:27:44.189  INFO     RX        /ERR/LOKO/0x00000002
17:27:44.189  INFO     RX        /ERR/LOKO/0x00000002
17:27:44.224  INFO     RX        /ERR/LOKO/0x00000002
17:27:44.224  INFO     RX        /ERR/LOKO/0x00000002
17:27:44.224  INFO     RX        /ERR/LOKO/0x00000002
17:27:44.224  INFO     RX        /ERR/LOKO/0x00000002
17:27:44.255  INFO     RX        /ERR/LOKO/0x00000002
17:27:44.255  INFO     RX        /ERR/LOKO/0x00000002
17:27:44.288  INFO     RX        /ERR/LOKO/0x00000002
17:27:44.288  INFO     RX        /ERR/LOKO/0x00000002
17:27:44.288  INFO     RX        /ERR/LOKO/0x00000002
17:27:44.318  INFO     RX        /ERR/LOKO/0x00000002
17:27:44.318  INFO     RX        /ERR/LOKO/0x00000002
17:27:44.318  INFO     RX        /ERR/LOKO/0x00000002
17:27:44.354  INFO     RX        /ERR/LOKO/0x00000002
17:27:44.354  INFO     RX        /ERR/LOKO/0x00000002
17:27:44.354  INFO     RX        /ERR/LOKO/0x00000002
17:27:44.386  INFO     RX        /ERR/LOKO/0x00000002
17:27:44.386  INFO     RX        /ERR/LOKO/0x00000002
17:27:44.417  INFO     RX        /ERR/LOKO/0x00000002
17:27:44.417  INFO     RX        /ERR/LOKO/0x00000002
17:27:44.417  INFO     RX        /ERR/LOKO/0x00000002
17:27:44.445  INFO     RX        /ERR/LOKO/0x00000002
17:27:44.445  INFO     RX        /ERR/LOKO/0x00000002
17:27:44.445  INFO     RX        /ERR/LOKO/0x00000002
17:27:44.477  INFO     RX        /ERR/LOKO/0x00000002
17:27:44.477  INFO     RX        /ERR/LOKO/0x00000002
17:27:44.510  INFO     RX        /ERR/LOKO/0x00000002
17:27:44.510  INFO     RX        /ERR/LOKO/0x00000002
17:27:44.510  INFO     RX        /ERR/LOKO/0x00000002
17:27:44.545  INFO     RX        /ERR/LOKO/0x00000002
17:27:44.546  INFO     RX        /ERR/LOKO/0x00000002
17:27:44.546  INFO     RX        /ERR/LOKO/0x00000002
17:27:44.577  INFO     RX        /ERR/LOKO/0x00000002
17:27:44.578  INFO     RX        /ERR/LOKO/0x00000002
17:27:44.578  INFO     RX        /ERR/LOKO/0x00000002
17:27:44.611  INFO     RX        /ERR/LOKO/0x00000002
17:27:44.611  INFO     RX        /ERR/LOKO/0x00000002
17:27:44.611  INFO     RX        /ERR/LOKO/0x00000002
17:27:44.641  INFO     RX        /ERR/LOKO/0x00000002
17:27:44.641  INFO     RX        /ERR/LOKO/0x00000002
17:27:44.674  INFO     RX        /ERR/LOKO/0x00000002
17:27:44.674  INFO     RX        /ERR/LOKO/0x00000002
17:27:44.674  INFO     RX        /ERR/LOKO/0x00000002
17:27:44.703  INFO     RX        /ERR/LOKO/0x00000002
17:27:44.704  INFO     RX        /ERR/LOKO/0x00000002
17:27:44.704  INFO     RX        /ERR/LOKO/0x00000002
17:27:44.739  INFO     RX        /ERR/LOKO/0x00000002
17:27:44.739  INFO     RX        /ERR/LOKO/0x00000002
17:27:44.739  INFO     RX        /ERR/LOKO/0x00000002
17:27:44.768  INFO     RX        /ERR/LOKO/0x00000002
17:27:44.768  INFO     RX        /ERR/LOKO/0x00000002
17:27:44.803  INFO     RX        /ERR/LOKO/0x00000002
17:27:44.803  INFO     RX        /ERR/LOKO/0x00000002
17:27:44.803  INFO     RX        /ERR/LOKO/0x00000002
17:27:44.832  INFO     RX        /ERR/LOKO/0x00000002
17:27:44.832  INFO     RX        /ERR/LOKO/0x00000002
17:27:44.832  INFO     RX        /ERR/LOKO/0x00000002
17:27:44.867  INFO     RX        /ERR/LOKO/0x00000002
17:27:44.867  INFO     RX        /ERR/LOKO/0x00000002
17:27:44.867  INFO     RX        /ERR/LOKO/0x00000002
17:27:44.897  INFO     RX        /ERR/LOKO/0x00000002
17:27:44.897  INFO     RX        /ERR/LOKO/0x00000002
17:27:44.936  INFO     RX        /ERR/LOKO/0x00000002
17:27:44.936  INFO     RX        /ERR/LOKO/0x00000002
17:27:44.936  INFO     RX        /ERR/LOKO/0x00000002
17:27:44.936  INFO     RX        /ERR/LOKO/0x00000002
17:27:44.961  INFO     RX        /ERR/LOKO/0x00000002
17:27:44.961  INFO     RX        /ERR/LOKO/0x00000002
17:27:44.998  INFO     RX        /ERR/LOKO/0x00000002
17:27:44.999  INFO     RX        /ERR/LOKO/0x00000002
17:27:44.999  INFO     RX        /ERR/LOKO/0x00000002
17:27:45.119  INFO     RX        /ERR/LOKO/0x00000002
17:27:45.119  INFO     RX        /ERR/LOKO/0x00000002
17:27:45.122  INFO     RX        /ERR/LOKO/0x00000002
17:27:45.122  INFO     RX        /ERR/LOKO/0x00000002
17:27:45.122  INFO     RX        /ERR/LOKO/0x00000002
17:27:45.122  INFO     RX        /ERR/LOKO/0x00000002
17:27:45.122  INFO     RX        /ERR/LOKO/0x00000002
17:27:45.122  INFO     RX        /ERR/LOKO/0x00000002
17:27:45.123  INFO     RX        /ERR/LOKO/0x00000002
17:27:45.123  INFO     RX        /ERR/LOKO/0x00000002
17:27:45.123  INFO     RX        /ERR/LOKO/0x00000002
17:27:45.154  INFO     RX        /ERR/LOKO/0x00000002
17:27:45.154  INFO     RX        /ERR/LOKO/0x00000002
17:27:45.154  INFO     RX        /ERR/LOKO/0x00000002
17:27:45.189  INFO     RX        /ERR/LOKO/0x00000002
17:27:45.189  INFO     RX        /ERR/LOKO/0x00000002
17:27:45.189  INFO     RX        /ERR/LOKO/0x00000002
17:27:45.222  INFO     RX        /ERR/LOKO/0x00000002
17:27:45.222  INFO     RX        /ERR/LOKO/0x00000002
17:27:45.223  INFO     RX        /ERR/LOKO/0x00000002
17:27:45.251  INFO     RX        /ERR/LOKO/0x00000002
17:27:45.251  INFO     RX        /ERR/LOKO/0x00000002
17:27:45.286  INFO     RX        /ERR/LOKO/0x00000002
17:27:45.286  INFO     RX        /ERR/LOKO/0x00000002
17:27:45.287  INFO     RX        /ERR/LOKO/0x00000002
17:27:45.315  INFO     RX        /ERR/LOKO/0x00000002
17:27:45.315  INFO     RX        /ERR/LOKO/0x00000002
17:27:45.315  INFO     RX        /ERR/LOKO/0x00000002
17:27:45.353  INFO     RX        /ERR/LOKO/0x00000002
17:27:45.353  INFO     RX        /ERR/LOKO/0x00000002
17:27:45.354  INFO     RX        /ERR/LOKO/0x00000002
17:27:45.385  INFO     RX        /ERR/LOKO/0x00000002
17:27:45.386  INFO     RX        /ERR/LOKO/0x00000002
17:27:45.386  INFO     RX        /ERR/LOKO/0x00000002
17:27:45.414  INFO     RX        /ERR/LOKO/0x00000002
17:27:45.414  INFO     RX        /ERR/LOKO/0x00000002
17:27:45.449  INFO     RX        /ERR/LOKO/0x00000002
17:27:45.449  INFO     RX        /ERR/LOKO/0x00000002
17:27:45.449  INFO     RX        /ERR/LOKO/0x00000002
17:27:45.476  INFO     RX        /ERR/LOKO/0x00000002
17:27:45.476  INFO     RX        /ERR/LOKO/0x00000002
17:27:45.508  INFO     RX        /ERR/LOKO/0x00000002
17:27:45.508  INFO     RX        /ERR/LOKO/0x00000002
17:27:45.508  INFO     RX        /ERR/LOKO/0x00000002
17:27:45.543  INFO     RX        /ERR/LOKO/0x00000002
17:27:45.543  INFO     RX        /ERR/LOKO/0x00000002
17:27:45.543  INFO     RX        /ERR/LOKO/0x00000002
17:27:45.571  INFO     RX        /ERR/LOKO/0x00000002
17:27:45.572  INFO     RX        /ERR/LOKO/0x00000002
17:27:45.572  INFO     RX        /ERR/LOKO/0x00000002
17:27:45.608  INFO     RX        /ERR/LOKO/0x00000002
17:27:45.608  INFO     RX        /ERR/LOKO/0x00000002
17:27:45.608  INFO     RX        /ERR/LOKO/0x00000002
17:27:45.638  INFO     RX        /ERR/LOKO/0x00000002
17:27:45.638  INFO     RX        /ERR/LOKO/0x00000002
17:27:45.672  INFO     RX        /ERR/LOKO/0x00000002
17:27:45.672  INFO     RX        /ERR/LOKO/0x00000002
17:27:45.672  INFO     RX        /ERR/LOKO/0x00000002
17:27:45.701  INFO     RX        /ERR/LOKO/0x00000002
17:27:45.701  INFO     RX        /ERR/LOKO/0x00000002
17:27:45.701  INFO     RX        /ERR/LOKO/0x00000002
17:27:45.729  DEBUG    TX /CONTROLL/0,0,0,0,0,0,0,0,0
17:27:45.737  INFO     RX        /ERR/LOKO/0x00000002
17:27:45.737  INFO     RX        /ERR/LOKO/0x00000002
17:27:45.737  INFO     RX        /ERR/LOKO/0x00000002
17:27:45.765  INFO     RX        /ERR/LOKO/0x00000002
17:27:45.765  INFO     RX        /ERR/LOKO/0x00000002
17:27:45.802  INFO     RX        /ERR/LOKO/0x00000002
17:27:45.802  INFO     RX        /ERR/LOKO/0x00000002
17:27:45.802  INFO     RX        /ERR/LOKO/0x00000002
17:27:45.802  INFO     RX        /ERR/LOKO/0x00000002
17:27:45.830  INFO     RX        /ERR/LOKO/0x00000002
17:27:45.830  INFO     RX        /ERR/LOKO/0x00000002
17:27:45.866  INFO     RX        /ERR/LOKO/0x00000002
17:27:45.866  INFO     RX        /ERR/LOKO/0x00000002
17:27:45.866  INFO     RX        /ERR/LOKO/0x00000002
17:27:45.894  INFO     RX        /ERR/LOKO/0x00000002
17:27:45.894  INFO     RX        /ERR/LOKO/0x00000002
17:27:45.928  INFO     RX        /ERR/LOKO/0x00000002
17:27:45.928  INFO     RX        /ERR/LOKO/0x00000002
17:27:45.928  INFO     RX        /ERR/LOKO/0x00000002
17:27:45.959  INFO     RX        /ERR/LOKO/0x00000002
17:27:45.959  INFO     RX        /ERR/LOKO/0x00000002
17:27:45.959  INFO     RX        /ERR/LOKO/0x00000002
17:27:45.996  INFO     RX        /ERR/LOKO/0x00000002
17:27:45.997  INFO     RX        /ERR/LOKO/0x00000002
17:27:45.997  INFO     RX        /ERR/LOKO/0x00000002
17:27:46.023  INFO     RX        /ERR/LOKO/0x00000002
17:27:46.023  INFO     RX        /ERR/LOKO/0x00000002
17:27:46.023  INFO     RX        /ERR/LOKO/0x00000002
17:27:46.059  INFO     RX        /ERR/LOKO/0x00000002
17:27:46.059  INFO     RX        /ERR/LOKO/0x00000002
17:27:46.059  INFO     RX        /ERR/LOKO/0x00000002
17:27:46.089  INFO     RX        /ERR/LOKO/0x00000002
17:27:46.089  INFO     RX        /ERR/LOKO/0x00000002
17:27:46.125  INFO     RX        /ERR/LOKO/0x00000002
17:27:46.125  INFO     RX        /ERR/LOKO/0x00000002
17:27:46.125  INFO     RX        /ERR/LOKO/0x00000002
17:27:46.156  INFO     RX        /ERR/LOKO/0x00000002
17:27:46.156  INFO     RX        /ERR/LOKO/0x00000002
17:27:46.156  INFO     RX        /ERR/LOKO/0x00000002
17:27:46.185  INFO     RX        /ERR/LOKO/0x00000002
17:27:46.185  INFO     RX        /ERR/LOKO/0x00000002
17:27:46.185  INFO     RX        /ERR/LOKO/0x00000002
17:27:46.221  INFO     RX        /ERR/LOKO/0x00000002
17:27:46.221  INFO     RX        /ERR/LOKO/0x00000002
17:27:46.221  INFO     RX        /ERR/LOKO/0x00000002
17:27:46.249  INFO     RX        /ERR/LOKO/0x00000002
17:27:46.249  INFO     RX        /ERR/LOKO/0x00000002
17:27:46.286  INFO     RX        /ERR/LOKO/0x00000002
17:27:46.286  INFO     RX        /ERR/LOKO/0x00000002
17:27:46.286  INFO     RX        /ERR/LOKO/0x00000002
17:27:46.314  INFO     RX        /ERR/LOKO/0x00000002
17:27:46.314  INFO     RX        /ERR/LOKO/0x00000002
17:27:46.314  INFO     RX        /ERR/LOKO/0x00000002
17:27:46.355  INFO     RX        /ERR/LOKO/0x00000002
17:27:46.355  INFO     RX        /ERR/LOKO/0x00000002
17:27:46.355  INFO     RX        /ERR/LOKO/0x00000002
17:27:46.379  INFO     RX        /ERR/LOKO/0x00000002
17:27:46.379  INFO     RX        /ERR/LOKO/0x00000002
17:27:46.414  INFO     RX        /ERR/LOKO/0x00000002
17:27:46.414  INFO     RX        /ERR/LOKO/0x00000002
17:27:46.414  INFO     RX        /ERR/LOKO/0x00000002
17:27:46.442  INFO     RX        /ERR/LOKO/0x00000002
17:27:46.442  INFO     RX        /ERR/LOKO/0x00000002
17:27:46.442  INFO     RX        /ERR/LOKO/0x00000002
17:27:46.479  INFO     RX        /ERR/LOKO/0x00000002
17:27:46.479  INFO     RX        /ERR/LOKO/0x00000002
17:27:46.479  INFO     RX        /ERR/LOKO/0x00000002
17:27:46.505  INFO     RX        /ERR/LOKO/0x00000002
17:27:46.505  INFO     RX        /ERR/LOKO/0x00000002
17:27:46.541  INFO     RX        /ERR/LOKO/0x00000002
17:27:46.541  INFO     RX        /ERR/LOKO/0x00000002
17:27:46.541  INFO     RX        /ERR/LOKO/0x00000002
17:27:46.569  INFO     RX        /ERR/LOKO/0x00000002
17:27:46.569  INFO     RX        /ERR/LOKO/0x00000002
17:27:46.569  INFO     RX        /ERR/LOKO/0x00000002
17:27:46.605  INFO     RX        /ERR/LOKO/0x00000002
17:27:46.605  INFO     RX        /ERR/LOKO/0x00000002
17:27:46.605  INFO     RX        /ERR/LOKO/0x00000002
17:27:46.638  INFO     RX        /ERR/LOKO/0x00000002
17:27:46.638  INFO     RX        /ERR/LOKO/0x00000002
17:27:46.638  INFO     RX        /ERR/LOKO/0x00000002
17:27:46.669  INFO     RX        /ERR/LOKO/0x00000002
17:27:46.669  INFO     RX        /ERR/LOKO/0x00000002
17:27:46.701  INFO     RX        /ERR/LOKO/0x00000002
17:27:46.702  INFO     RX        /ERR/LOKO/0x00000002
17:27:46.702  INFO     RX        /ERR/LOKO/0x00000002
17:27:46.734  INFO     RX        /ERR/LOKO/0x00000002
17:27:46.734  INFO     RX        /ERR/LOKO/0x00000002
17:27:46.734  INFO     RX        /ERR/LOKO/0x00000002
17:27:46.763  INFO     RX        /ERR/LOKO/0x00000002
17:27:46.763  INFO     RX        /ERR/LOKO/0x00000002
17:27:46.798  INFO     RX        /ERR/LOKO/0x00000002
17:27:46.798  INFO     RX        /ERR/LOKO/0x00000002
17:27:46.798  INFO     RX        /ERR/LOKO/0x00000002
17:27:46.828  INFO     RX        /ERR/LOKO/0x00000002
17:27:46.828  INFO     RX        /ERR/LOKO/0x00000002
17:27:46.828  INFO     RX        /ERR/LOKO/0x00000002
17:27:46.862  INFO     RX        /ERR/LOKO/0x00000002
17:27:46.862  INFO     RX        /ERR/LOKO/0x00000002
17:27:46.862  INFO     RX        /ERR/LOKO/0x00000002
17:27:46.891  INFO     RX        /ERR/LOKO/0x00000002
17:27:46.891  INFO     RX        /ERR/LOKO/0x00000002
17:27:46.926  INFO     RX        /ERR/LOKO/0x00000002
17:27:46.926  INFO     RX        /ERR/LOKO/0x00000002
17:27:46.926  INFO     RX        /ERR/LOKO/0x00000002
17:27:46.955  INFO     RX        /ERR/LOKO/0x00000002
17:27:46.955  INFO     RX        /ERR/LOKO/0x00000002
17:27:46.956  INFO     RX        /ERR/LOKO/0x00000002
17:27:46.991  INFO     RX        /ERR/LOKO/0x00000002
17:27:46.991  INFO     RX        /ERR/LOKO/0x00000002
17:27:46.991  INFO     RX        /ERR/LOKO/0x00000002
17:27:47.021  INFO     RX        /ERR/LOKO/0x00000002
17:27:47.021  INFO     RX        /ERR/LOKO/0x00000002
17:27:47.021  INFO     RX        /ERR/LOKO/0x00000002
17:27:47.052  INFO     RX        /ERR/LOKO/0x00000002
17:27:47.053  INFO     RX        /ERR/LOKO/0x00000002
17:27:47.089  INFO     RX        /ERR/LOKO/0x00000002
17:27:47.089  INFO     RX        /ERR/LOKO/0x00000002
17:27:47.089  INFO     RX        /ERR/LOKO/0x00000002
17:27:47.117  INFO     RX        /ERR/LOKO/0x00000002
17:27:47.118  INFO     RX        /ERR/LOKO/0x00000002
17:27:47.118  INFO     RX        /ERR/LOKO/0x00000002
17:27:47.152  INFO     RX        /ERR/LOKO/0x00000002
17:27:47.152  INFO     RX        /ERR/LOKO/0x00000002
17:27:47.152  INFO     RX        /ERR/LOKO/0x00000002
17:27:47.180  INFO     RX        /ERR/LOKO/0x00000002
17:27:47.180  INFO     RX        /ERR/LOKO/0x00000002
17:27:47.216  INFO     RX        /ERR/LOKO/0x00000002
17:27:47.216  INFO     RX        /ERR/LOKO/0x00000002
17:27:47.216  INFO     RX        /ERR/LOKO/0x00000002
17:27:47.245  INFO     RX        /ERR/LOKO/0x00000002
17:27:47.246  INFO     RX        /ERR/LOKO/0x00000002
17:27:47.246  INFO     RX        /ERR/LOKO/0x00000002
17:27:47.280  INFO     RX        /ERR/LOKO/0x00000002
17:27:47.280  INFO     RX        /ERR/LOKO/0x00000002
17:27:47.280  INFO     RX        /ERR/LOKO/0x00000002
17:27:47.309  INFO     RX        /ERR/LOKO/0x00000002
17:27:47.309  INFO     RX        /ERR/LOKO/0x00000002
17:27:47.338  DEBUG    TX /CONTROLL/0,0,0,0,0,0,0,0,0
17:27:47.347  INFO     RX        /ERR/LOKO/0x00000002
17:27:47.347  INFO     RX        /ERR/LOKO/0x00000002
17:27:47.347  INFO     RX        /ERR/LOKO/0x00000002
17:27:47.347  INFO     RX        /ERR/LOKO/0x00000002
17:27:47.373  INFO     RX        /ERR/LOKO/0x00000002
17:27:47.373  INFO     RX        /ERR/LOKO/0x00000002
17:27:47.408  INFO     RX        /ERR/LOKO/0x00000002
17:27:47.409  INFO     RX        /ERR/LOKO/0x00000002
17:27:47.409  INFO     RX        /ERR/LOKO/0x00000002
17:27:47.438  INFO     RX        /ERR/LOKO/0x00000002
17:27:47.438  INFO     RX        /ERR/LOKO/0x00000002
17:27:47.469  INFO     RX        /ERR/LOKO/0x00000002
17:27:47.469  INFO     RX        /ERR/LOKO/0x00000002
17:27:47.469  INFO     RX        /ERR/LOKO/0x00000002
17:27:47.502  INFO     RX        /ERR/LOKO/0x00000002
17:27:47.503  INFO     RX        /ERR/LOKO/0x00000002
17:27:47.503  INFO     RX        /ERR/LOKO/0x00000002
17:27:47.537  INFO     RX        /ERR/LOKO/0x00000002
17:27:47.537  INFO     RX        /ERR/LOKO/0x00000002
17:27:47.538  INFO     RX        /ERR/LOKO/0x00000002
17:27:47.571  INFO     RX        /ERR/LOKO/0x00000002
17:27:47.571  INFO     RX        /ERR/LOKO/0x00000002
17:27:47.571  INFO     RX        /ERR/LOKO/0x00000002
17:27:47.608  INFO     RX        /ERR/LOKO/0x00000002
17:27:47.608  INFO     RX        /ERR/LOKO/0x00000002
17:27:47.608  INFO     RX        /ERR/LOKO/0x00000002
17:27:47.631  INFO     RX        /ERR/LOKO/0x00000002
17:27:47.631  INFO     RX        /ERR/LOKO/0x00000002
17:27:47.666  INFO     RX        /ERR/LOKO/0x00000002
17:27:47.666  INFO     RX        /ERR/LOKO/0x00000002
17:27:47.666  INFO     RX        /ERR/LOKO/0x00000002
17:27:47.694  INFO     RX        /ERR/LOKO/0x00000002
17:27:47.694  INFO     RX        /ERR/LOKO/0x00000002
17:27:47.694  INFO     RX        /ERR/LOKO/0x00000002
17:27:47.729  INFO     RX        /ERR/LOKO/0x00000002
17:27:47.729  INFO     RX        /ERR/LOKO/0x00000002
17:27:47.758  INFO     RX        /ERR/LOKO/0x00000002
17:27:47.758  INFO     RX        /ERR/LOKO/0x00000002
17:27:47.758  INFO     RX        /ERR/LOKO/0x00000002
17:27:47.790  INFO     RX        /ERR/LOKO/0x00000002
17:27:47.790  INFO     RX        /ERR/LOKO/0x00000002
17:27:47.790  INFO     RX        /ERR/LOKO/0x00000002
17:27:47.821  INFO     RX        /ERR/LOKO/0x00000002
17:27:47.821  INFO     RX        /ERR/LOKO/0x00000002
17:27:47.821  INFO     RX        /ERR/LOKO/0x00000002
17:27:47.856  INFO     RX        /ERR/LOKO/0x00000002
17:27:47.856  INFO     RX        /ERR/LOKO/0x00000002
17:27:47.856  INFO     RX        /ERR/LOKO/0x00000002
17:27:47.885  INFO     RX        /ERR/LOKO/0x00000002
17:27:47.885  INFO     RX        /ERR/LOKO/0x00000002
17:27:47.920  INFO     RX        /ERR/LOKO/0x00000002
17:27:47.920  INFO     RX        /ERR/LOKO/0x00000002
17:27:47.920  INFO     RX        /ERR/LOKO/0x00000002
17:27:48.047  INFO     RX        /ERR/LOKO/0x00000002
17:27:48.047  INFO     RX        /ERR/LOKO/0x00000002
17:27:48.047  INFO     RX        /ERR/LOKO/0x00000002
17:27:48.047  INFO     RX        /ERR/LOKO/0x00000002
17:27:48.047  INFO     RX        /ERR/LOKO/0x00000002
17:27:48.047  INFO     RX        /ERR/LOKO/0x00000002
17:27:48.047  INFO     RX        /ERR/LOKO/0x00000002
17:27:48.047  INFO     RX        /ERR/LOKO/0x00000002
17:27:48.047  INFO     RX        /ERR/LOKO/0x00000002
17:27:48.047  INFO     RX        /ERR/LOKO/0x00000002
17:27:48.050  INFO     RX        /ERR/LOKO/0x00000002
17:27:48.077  INFO     RX        /ERR/LOKO/0x00000002
17:27:48.077  INFO     RX        /ERR/LOKO/0x00000002
17:27:48.078  INFO     RX        /ERR/LOKO/0x00000002
17:27:48.113  INFO     RX        /ERR/LOKO/0x00000002
17:27:48.114  INFO     RX        /ERR/LOKO/0x00000002
17:27:48.114  INFO     RX        /ERR/LOKO/0x00000002
17:27:48.141  INFO     RX        /ERR/LOKO/0x00000002
17:27:48.142  INFO     RX        /ERR/LOKO/0x00000002
17:27:48.179  INFO     RX        /ERR/LOKO/0x00000002
17:27:48.179  INFO     RX        /ERR/LOKO/0x00000002
17:27:48.179  INFO     RX        /ERR/LOKO/0x00000002
17:27:48.206  INFO     RX        /ERR/LOKO/0x00000002
17:27:48.206  INFO     RX        /ERR/LOKO/0x00000002
17:27:48.206  INFO     RX        /ERR/LOKO/0x00000002
17:27:48.238  INFO     RX        /ERR/LOKO/0x00000002
17:27:48.239  INFO     RX        /ERR/LOKO/0x00000002
17:27:48.364  INFO     RX        /ERR/LOKO/0x00000002
17:27:48.364  INFO     RX        /ERR/LOKO/0x00000002
17:27:48.364  INFO     RX        /ERR/LOKO/0x00000002
17:27:48.364  INFO     RX        /ERR/LOKO/0x00000002
17:27:48.364  INFO     RX        /ERR/LOKO/0x00000002
17:27:48.364  INFO     RX        /ERR/LOKO/0x00000002
17:27:48.364  INFO     RX        /ERR/LOKO/0x00000002
17:27:48.364  INFO     RX        /ERR/LOKO/0x00000002
17:27:48.375  INFO     RX        /ERR/LOKO/0x00000002
17:27:48.375  INFO     RX        /ERR/LOKO/0x00000002
17:27:48.375  INFO     RX        /ERR/LOKO/0x00000002
17:27:48.375  INFO     RX        /ERR/LOKO/0x00000002
17:27:48.378  INFO     RX        /ERR/LOKO/0x00000002
17:27:48.399  INFO     RX        /ERR/LOKO/0x00000002
17:27:48.434  INFO     RX        /ERR/LOKO/0x00000002
17:27:48.434  INFO     RX        /ERR/LOKO/0x00000002
17:27:48.434  INFO     RX        /ERR/LOKO/0x00000002
17:27:48.464  INFO     RX        /ERR/LOKO/0x00000002
17:27:48.464  INFO     RX        /ERR/LOKO/0x00000002
17:27:48.464  INFO     RX        /ERR/LOKO/0x00000002
17:27:48.499  INFO     RX        /ERR/LOKO/0x00000002
17:27:48.499  INFO     RX        /ERR/LOKO/0x00000002
17:27:48.499  INFO     RX        /ERR/LOKO/0x00000002
17:27:48.529  INFO     RX        /ERR/LOKO/0x00000002
17:27:48.529  INFO     RX        /ERR/LOKO/0x00000002
17:27:48.563  INFO     RX        /ERR/LOKO/0x00000002
17:27:48.563  INFO     RX        /ERR/LOKO/0x00000002
17:27:48.563  INFO     RX        /ERR/LOKO/0x00000002
17:27:48.592  INFO     RX        /ERR/LOKO/0x00000002
17:27:48.592  INFO     RX        /ERR/LOKO/0x00000002
17:27:48.592  INFO     RX        /ERR/LOKO/0x00000002
17:27:48.627  INFO     RX        /ERR/LOKO/0x00000002
17:27:48.627  INFO     RX        /ERR/LOKO/0x00000002
17:27:48.627  INFO     RX        /ERR/LOKO/0x00000002
17:27:48.656  INFO     RX        /ERR/LOKO/0x00000002
17:27:48.656  INFO     RX        /ERR/LOKO/0x00000002
17:27:48.692  INFO     RX        /ERR/LOKO/0x00000002
17:27:48.692  INFO     RX        /ERR/LOKO/0x00000002
17:27:48.692  INFO     RX        /ERR/LOKO/0x00000002
17:27:48.692  INFO     RX        /ERR/LOKO/0x00000002
17:27:48.721  INFO     RX        /ERR/LOKO/0x00000002
17:27:48.722  INFO     RX        /ERR/LOKO/0x00000002
17:27:48.757  INFO     RX        /ERR/LOKO/0x00000002
17:27:48.757  INFO     RX        /ERR/LOKO/0x00000002
17:27:48.757  INFO     RX        /ERR/LOKO/0x00000002
17:27:48.784  INFO     RX        /ERR/LOKO/0x00000002
17:27:48.784  INFO     RX        /ERR/LOKO/0x00000002
17:27:48.784  INFO     RX        /ERR/LOKO/0x00000002
17:27:48.820  INFO     RX        /ERR/LOKO/0x00000002
17:27:48.820  INFO     RX        /ERR/LOKO/0x00000002
17:27:48.820  INFO     RX        /ERR/LOKO/0x00000002
17:27:48.848  INFO     RX        /ERR/LOKO/0x00000002
17:27:48.848  INFO     RX        /ERR/LOKO/0x00000002
17:27:48.884  INFO     RX        /ERR/LOKO/0x00000002
17:27:48.884  INFO     RX        /ERR/LOKO/0x00000002
17:27:48.884  INFO     RX        /ERR/LOKO/0x00000002
17:27:48.914  INFO     RX        /ERR/LOKO/0x00000002
17:27:48.914  INFO     RX        /ERR/LOKO/0x00000002
17:27:48.914  INFO     RX        /ERR/LOKO/0x00000002
17:27:48.942  DEBUG    TX /CONTROLL/0,0,0,0,0,0,0,0,0
17:27:48.945  INFO     RX        /ERR/LOKO/0x00000002
17:27:48.945  INFO     RX        /ERR/LOKO/0x00000002
17:27:48.979  INFO     RX        /ERR/LOKO/0x00000002
17:27:48.979  INFO     RX        /ERR/LOKO/0x00000002
17:27:48.979  INFO     RX        /ERR/LOKO/0x00000002
17:27:49.013  INFO     RX        /ERR/LOKO/0x00000002
17:27:49.013  INFO     RX        /ERR/LOKO/0x00000002
17:27:49.013  INFO     RX        /ERR/LOKO/0x00000002
17:27:49.041  INFO     RX        /ERR/LOKO/0x00000002
17:27:49.041  INFO     RX        /ERR/LOKO/0x00000002
17:27:49.041  INFO     RX        /ERR/LOKO/0x00000002
17:27:49.076  INFO     RX        /ERR/LOKO/0x00000002
17:27:49.076  INFO     RX        /ERR/LOKO/0x00000002
17:27:49.076  INFO     RX        /ERR/LOKO/0x00000002
17:27:49.109  INFO     RX        /ERR/LOKO/0x00000002
17:27:49.109  INFO     RX        /ERR/LOKO/0x00000002
17:27:49.141  INFO     RX        /ERR/LOKO/0x00000002
17:27:49.141  INFO     RX        /ERR/LOKO/0x00000002
17:27:49.141  INFO     RX        /ERR/LOKO/0x00000002
17:27:49.173  INFO     RX        /ERR/LOKO/0x00000002
17:27:49.173  INFO     RX        /ERR/LOKO/0x00000002
17:27:49.173  INFO     RX        /ERR/LOKO/0x00000002
17:27:49.206  INFO     RX        /ERR/LOKO/0x00000002
17:27:49.206  INFO     RX        /ERR/LOKO/0x00000002
17:27:49.206  INFO     RX        /ERR/LOKO/0x00000002
17:27:49.242  INFO     RX        /ERR/LOKO/0x00000002
17:27:49.242  INFO     RX        /ERR/LOKO/0x00000002
17:27:49.242  INFO     RX        /ERR/LOKO/0x00000002
17:27:49.268  INFO     RX        /ERR/LOKO/0x00000002
17:27:49.268  INFO     RX        /ERR/LOKO/0x00000002
17:27:49.303  INFO     RX        /ERR/LOKO/0x00000002
17:27:49.303  INFO     RX        /ERR/LOKO/0x00000002
17:27:49.303  INFO     RX        /ERR/LOKO/0x00000002
17:27:49.332  INFO     RX        /ERR/LOKO/0x00000002
17:27:49.332  INFO     RX        /ERR/LOKO/0x00000002
17:27:49.332  INFO     RX        /ERR/LOKO/0x00000002
17:27:49.366  INFO     RX        /ERR/LOKO/0x00000002
17:27:49.366  INFO     RX        /ERR/LOKO/0x00000002
17:27:49.399  INFO     RX        /ERR/LOKO/0x00000002
17:27:49.399  INFO     RX        /ERR/LOKO/0x00000002
17:27:49.399  INFO     RX        /ERR/LOKO/0x00000002
17:27:49.428  INFO     RX        /ERR/LOKO/0x00000002
17:27:49.428  INFO     RX        /ERR/LOKO/0x00000002
17:27:49.429  INFO     RX        /ERR/LOKO/0x00000002
17:27:49.460  INFO     RX        /ERR/LOKO/0x00000002
17:27:49.460  INFO     RX        /ERR/LOKO/0x00000002
17:27:49.460  INFO     RX        /ERR/LOKO/0x00000002
17:27:49.498  INFO     RX        /ERR/LOKO/0x00000002
17:27:49.498  INFO     RX        /ERR/LOKO/0x00000002
17:27:49.498  INFO     RX        /ERR/LOKO/0x00000002
17:27:49.524  INFO     RX        /ERR/LOKO/0x00000002
17:27:50.529  INFO     RX        /ERR/LOKO/0x00000002
17:27:50.560  DEBUG    TX /CONTROLL/0,0,0,0,0,0,0,0,0
17:27:50.565  INFO     RX        /ERR/LOKO/0x00000002
17:27:50.565  INFO     RX        /ERR/LOKO/0x00000002
17:27:50.565  INFO     RX        /ERR/LOKO/0x00000002
17:27:50.565  INFO     RX        /ERR/LOKO/0x00000002
17:27:50.596  INFO     RX        /ERR/LOKO/0x00000002
17:27:50.596  INFO     RX        /ERR/LOKO/0x00000002
17:27:50.630  INFO     RX        /ERR/LOKO/0x00000002
17:27:50.630  INFO     RX        /ERR/LOKO/0x00000002
17:27:50.630  INFO     RX        /ERR/LOKO/0x00000002
17:27:50.659  INFO     RX        /ERR/LOKO/0x00000002
17:27:50.659  INFO     RX        /ERR/LOKO/0x00000002
17:27:50.659  INFO     RX        /ERR/LOKO/0x00000002
17:27:50.698  INFO     RX        /ERR/LOKO/0x00000002
17:27:50.698  INFO     RX        /ERR/LOKO/0x00000002
17:27:50.698  INFO     RX        /ERR/LOKO/0x00000002
17:27:50.724  INFO     RX        /ERR/LOKO/0x00000002
17:27:50.724  INFO     RX        /ERR/LOKO/0x00000002
17:27:50.759  INFO     RX        /ERR/LOKO/0x00000002
17:27:50.759  INFO     RX        /ERR/LOKO/0x00000002
17:27:50.759  INFO     RX        /ERR/LOKO/0x00000002
17:27:50.788  INFO     RX        /ERR/LOKO/0x00000002
17:27:50.788  INFO     RX        /ERR/LOKO/0x00000002
17:27:50.788  INFO     RX        /ERR/LOKO/0x00000002
17:27:50.823  INFO     RX        /ERR/LOKO/0x00000002
17:27:50.823  INFO     RX        /ERR/LOKO/0x00000002
17:27:50.823  INFO     RX        /ERR/LOKO/0x00000002
17:27:50.852  INFO     RX        /ERR/LOKO/0x00000002
17:27:50.852  INFO     RX        /ERR/LOKO/0x00000002
17:27:50.887  INFO     RX        /ERR/LOKO/0x00000002
17:27:50.887  INFO     RX        /ERR/LOKO/0x00000002
17:27:50.887  INFO     RX        /ERR/LOKO/0x00000002
17:27:50.916  INFO     RX        /ERR/LOKO/0x00000002
17:27:50.916  INFO     RX        /ERR/LOKO/0x00000002
17:27:50.916  INFO     RX        /ERR/LOKO/0x00000002
17:27:50.952  INFO     RX        /ERR/LOKO/0x00000002
17:27:50.952  INFO     RX        /ERR/LOKO/0x00000002
17:27:50.952  INFO     RX        /ERR/LOKO/0x00000002
17:27:50.981  INFO     RX        /ERR/LOKO/0x00000002
17:27:50.981  INFO     RX        /ERR/LOKO/0x00000002
17:27:51.016  INFO     RX        /ERR/LOKO/0x00000002
17:27:51.016  INFO     RX        /ERR/LOKO/0x00000002
17:27:51.016  INFO     RX        /ERR/LOKO/0x00000002
17:27:51.045  INFO     RX        /ERR/LOKO/0x00000002
17:27:51.045  INFO     RX        /ERR/LOKO/0x00000002
17:27:51.045  INFO     RX        /ERR/LOKO/0x00000002
17:27:51.080  INFO     RX        /ERR/LOKO/0x00000002
17:27:51.080  INFO     RX        /ERR/LOKO/0x00000002
17:27:51.080  INFO     RX        /ERR/LOKO/0x00000002
17:27:51.110  INFO     RX        /ERR/LOKO/0x00000002
17:27:51.110  INFO     RX        /ERR/LOKO/0x00000002
17:27:51.145  INFO     RX        /ERR/LOKO/0x00000002
17:27:51.145  INFO     RX        /ERR/LOKO/0x00000002
17:27:51.145  INFO     RX        /ERR/LOKO/0x00000002
17:27:51.173  INFO     RX        /ERR/LOKO/0x00000002
17:27:51.173  INFO     RX        /ERR/LOKO/0x00000002
17:27:51.173  INFO     RX        /ERR/LOKO/0x00000002
17:27:51.208  INFO     RX        /ERR/LOKO/0x00000002
17:27:51.208  INFO     RX        /ERR/LOKO/0x00000002
17:27:51.208  INFO     RX        /ERR/LOKO/0x00000002
17:27:51.241  INFO     RX        /ERR/LOKO/0x00000002
17:27:51.242  INFO     RX        /ERR/LOKO/0x00000002
17:27:51.242  INFO     RX        /ERR/LOKO/0x00000002
17:27:51.274  INFO     RX        /ERR/LOKO/0x00000002
17:27:51.274  INFO     RX        /ERR/LOKO/0x00000002
17:27:51.274  INFO     RX        /ERR/LOKO/0x00000002
17:27:51.303  INFO     RX        /ERR/LOKO/0x00000002
17:27:51.303  INFO     RX        /ERR/LOKO/0x00000002
17:27:51.339  INFO     RX        /ERR/LOKO/0x00000002
17:27:51.339  INFO     RX        /ERR/LOKO/0x00000002
17:27:51.339  INFO     RX        /ERR/LOKO/0x00000002
17:27:51.367  INFO     RX        /ERR/LOKO/0x00000002
17:27:51.368  INFO     RX        /ERR/LOKO/0x00000002
17:27:51.368  INFO     RX        /ERR/LOKO/0x00000002
17:27:51.403  INFO     RX        /ERR/LOKO/0x00000002
17:27:51.403  INFO     RX        /ERR/LOKO/0x00000002
17:27:51.403  INFO     RX        /ERR/LOKO/0x00000002
17:27:51.432  INFO     RX        /ERR/LOKO/0x00000002
17:27:51.432  INFO     RX        /ERR/LOKO/0x00000002
17:27:51.467  INFO     RX        /ERR/LOKO/0x00000002
17:27:51.467  INFO     RX        /ERR/LOKO/0x00000002
17:27:51.467  INFO     RX        /ERR/LOKO/0x00000002
17:27:51.496  INFO     RX        /ERR/LOKO/0x00000002
17:27:51.496  INFO     RX        /ERR/LOKO/0x00000002
17:27:51.496  INFO     RX        /ERR/LOKO/0x00000002
17:27:51.528  INFO     RX        /ERR/LOKO/0x00000002
17:27:51.528  INFO     RX        /ERR/LOKO/0x00000002
17:27:51.528  INFO     RX        /ERR/LOKO/0x00000002
17:27:51.563  INFO     RX        /ERR/LOKO/0x00000002
17:27:51.563  INFO     RX        /ERR/LOKO/0x00000002
17:27:51.593  INFO     RX        /ERR/LOKO/0x00000002
17:27:51.593  INFO     RX        /ERR/LOKO/0x00000002
17:27:51.593  INFO     RX        /ERR/LOKO/0x00000002
17:27:51.628  INFO     RX        /ERR/LOKO/0x00000002
17:27:51.628  INFO     RX        /ERR/LOKO/0x00000002
17:27:51.628  INFO     RX        /ERR/LOKO/0x00000002
17:27:51.656  INFO     RX        /ERR/LOKO/0x00000002
17:27:51.657  INFO     RX        /ERR/LOKO/0x00000002
17:27:51.657  INFO     RX        /ERR/LOKO/0x00000002
17:27:51.693  INFO     RX        /ERR/LOKO/0x00000002
17:27:51.693  INFO     RX        /ERR/LOKO/0x00000002
17:27:51.693  INFO     RX        /ERR/LOKO/0x00000002
17:27:51.721  INFO     RX        /ERR/LOKO/0x00000002
17:27:51.721  INFO     RX        /ERR/LOKO/0x00000002
17:27:51.756  INFO     RX        /ERR/LOKO/0x00000002
17:27:51.756  INFO     RX        /ERR/LOKO/0x00000002
17:27:51.756  INFO     RX        /ERR/LOKO/0x00000002
17:27:51.785  INFO     RX        /ERR/LOKO/0x00000002
17:27:51.785  INFO     RX        /ERR/LOKO/0x00000002
17:27:51.785  INFO     RX        /ERR/LOKO/0x00000002
17:27:51.821  INFO     RX        /ERR/LOKO/0x00000002
17:27:51.821  INFO     RX        /ERR/LOKO/0x00000002
17:27:51.821  INFO     RX        /ERR/LOKO/0x00000002
17:27:51.850  INFO     RX        /ERR/LOKO/0x00000002
17:27:51.850  INFO     RX        /ERR/LOKO/0x00000002
17:27:51.887  INFO     RX        /ERR/LOKO/0x00000002
17:27:51.887  INFO     RX        /ERR/LOKO/0x00000002
17:27:51.887  INFO     RX        /ERR/LOKO/0x00000002
17:27:51.917  INFO     RX        /ERR/LOKO/0x00000002
17:27:51.917  INFO     RX        /ERR/LOKO/0x00000002
17:27:51.917  INFO     RX        /ERR/LOKO/0x00000002
17:27:51.946  INFO     RX        /ERR/LOKO/0x00000002
17:27:51.946  INFO     RX        /ERR/LOKO/0x00000002
17:27:51.984  INFO     RX        /ERR/LOKO/0x00000002
17:27:51.984  INFO     RX        /ERR/LOKO/0x00000002
17:27:51.984  INFO     RX        /ERR/LOKO/0x00000002
17:27:51.984  INFO     RX        /ERR/LOKO/0x00000002
17:27:52.009  INFO     RX        /ERR/LOKO/0x00000002
17:27:52.009  INFO     RX        /ERR/LOKO/0x00000002
17:27:52.045  INFO     RX        /ERR/LOKO/0x00000002
17:27:52.045  INFO     RX        /ERR/LOKO/0x00000002
17:27:52.045  INFO     RX        /ERR/LOKO/0x00000002
17:27:52.074  INFO     RX        /ERR/LOKO/0x00000002
17:27:52.074  INFO     RX        /ERR/LOKO/0x00000002
17:27:52.074  INFO     RX        /ERR/LOKO/0x00000002
17:27:52.110  INFO     RX        /ERR/LOKO/0x00000002
17:27:52.110  INFO     RX        /ERR/LOKO/0x00000002
17:27:52.110  INFO     RX        /ERR/LOKO/0x00000002
17:27:52.143  INFO     RX        /ERR/LOKO/0x00000002
17:27:52.143  INFO     RX        /ERR/LOKO/0x00000002
17:27:52.167  DEBUG    TX /CONTROLL/0,0,0,0,0,0,0,0,0
17:27:52.171  INFO     RX        /ERR/LOKO/0x00000002
17:27:52.172  INFO     RX        /ERR/LOKO/0x00000002
17:27:52.172  INFO     RX        /ERR/LOKO/0x00000002
17:27:52.206  INFO     RX        /ERR/LOKO/0x00000002
17:27:52.206  INFO     RX        /ERR/LOKO/0x00000002
17:27:52.206  INFO     RX        /ERR/LOKO/0x00000002
17:27:52.238  INFO     RX        /ERR/LOKO/0x00000002
17:27:52.238  INFO     RX        /ERR/LOKO/0x00000002
17:27:52.238  INFO     RX        /ERR/LOKO/0x00000002
17:27:52.272  INFO     RX        /ERR/LOKO/0x00000002
17:27:52.272  INFO     RX        /ERR/LOKO/0x00000002
17:27:52.272  INFO     RX        /ERR/LOKO/0x00000002
17:27:52.301  INFO     RX        /ERR/LOKO/0x00000002
17:27:52.301  INFO     RX        /ERR/LOKO/0x00000002
17:27:52.339  INFO     RX        /ERR/LOKO/0x00000002
17:27:52.339  INFO     RX        /ERR/LOKO/0x00000002
17:27:52.339  INFO     RX        /ERR/LOKO/0x00000002
17:27:52.368  INFO     RX        /ERR/LOKO/0x00000002
17:27:52.368  INFO     RX        /ERR/LOKO/0x00000002
17:27:52.368  INFO     RX        /ERR/LOKO/0x00000002
17:27:52.402  INFO     RX        /ERR/LOKO/0x00000002
17:27:52.403  INFO     RX        /ERR/LOKO/0x00000002
17:27:52.403  INFO     RX        /ERR/LOKO/0x00000002
17:27:52.518  INFO     RX        /ERR/LOKO/0x00000002
17:27:52.518  INFO     RX        /ERR/LOKO/0x00000002
17:27:52.518  INFO     RX        /ERR/LOKO/0x00000002
17:27:52.518  INFO     RX        /ERR/LOKO/0x00000002
17:27:52.518  INFO     RX        /ERR/LOKO/0x00000002
17:27:52.518  INFO     RX        /ERR/LOKO/0x00000002
17:27:52.518  INFO     RX        /ERR/LOKO/0x00000002
17:27:52.518  INFO     RX        /ERR/LOKO/0x00000002
17:27:52.518  INFO     RX        /ERR/LOKO/0x00000002
17:27:52.518  INFO     RX        /ERR/LOKO/0x00000002
17:27:52.528  INFO     RX        /ERR/LOKO/0x00000002
17:27:52.558  INFO     RX        /ERR/LOKO/0x00000002
17:27:52.558  INFO     RX        /ERR/LOKO/0x00000002
17:27:52.595  INFO     RX        /ERR/LOKO/0x00000002
17:27:52.595  INFO     RX        /ERR/LOKO/0x00000002
17:27:52.595  INFO     RX        /ERR/LOKO/0x00000002
17:27:52.625  INFO     RX        /ERR/LOKO/0x00000002
17:27:52.625  INFO     RX        /ERR/LOKO/0x00000002
17:27:52.625  INFO     RX        /ERR/LOKO/0x00000002
17:27:52.657  INFO     RX        /ERR/LOKO/0x00000002
17:27:52.657  INFO     RX        /ERR/LOKO/0x00000002
17:27:52.657  INFO     RX        /ERR/LOKO/0x00000002
17:27:52.685  INFO     RX        /ERR/LOKO/0x00000002
17:27:52.685  INFO     RX        /ERR/LOKO/0x00000002
17:27:52.721  INFO     RX        /ERR/LOKO/0x00000002
17:27:52.721  INFO     RX        /ERR/LOKO/0x00000002
17:27:52.721  INFO     RX        /ERR/LOKO/0x00000002
17:27:52.754  INFO     RX        /ERR/LOKO/0x00000002
17:27:52.754  INFO     RX        /ERR/LOKO/0x00000002
17:27:52.754  INFO     RX        /ERR/LOKO/0x00000002
17:27:52.786  INFO     RX        /ERR/LOKO/0x00000002
17:27:52.786  INFO     RX        /ERR/LOKO/0x00000002
17:27:52.786  INFO     RX        /ERR/LOKO/0x00000002
17:27:52.819  INFO     RX        /ERR/LOKO/0x00000002
17:27:52.819  INFO     RX        /ERR/LOKO/0x00000002
17:27:52.819  INFO     RX        /ERR/LOKO/0x00000002
17:27:52.848  INFO     RX        /ERR/LOKO/0x00000002
17:27:52.848  INFO     RX        /ERR/LOKO/0x00000002
17:27:52.883  INFO     RX        /ERR/LOKO/0x00000002
17:27:52.883  INFO     RX        /ERR/LOKO/0x00000002
17:27:52.883  INFO     RX        /ERR/LOKO/0x00000002
17:27:52.912  INFO     RX        /ERR/LOKO/0x00000002
17:27:52.912  INFO     RX        /ERR/LOKO/0x00000002
17:27:52.912  INFO     RX        /ERR/LOKO/0x00000002
17:27:52.946  INFO     RX        /ERR/LOKO/0x00000002
17:27:52.946  INFO     RX        /ERR/LOKO/0x00000002
17:27:52.946  INFO     RX        /ERR/LOKO/0x00000002
17:27:52.976  INFO     RX        /ERR/LOKO/0x00000002
17:27:52.976  INFO     RX        /ERR/LOKO/0x00000002
17:27:53.012  INFO     RX        /ERR/LOKO/0x00000002
17:27:53.012  INFO     RX        /ERR/LOKO/0x00000002
17:27:53.012  INFO     RX        /ERR/LOKO/0x00000002
17:27:53.041  INFO     RX        /ERR/LOKO/0x00000002
17:27:53.042  INFO     RX        /ERR/LOKO/0x00000002
17:27:53.042  INFO     RX        /ERR/LOKO/0x00000002
17:27:53.075  INFO     RX        /ERR/LOKO/0x00000002
17:27:53.076  INFO     RX        /ERR/LOKO/0x00000002
17:27:53.076  INFO     RX        /ERR/LOKO/0x00000002
17:27:53.106  INFO     RX        /ERR/LOKO/0x00000002
17:27:53.106  INFO     RX        /ERR/LOKO/0x00000002
17:27:53.141  INFO     RX        /ERR/LOKO/0x00000002
17:27:53.141  INFO     RX        /ERR/LOKO/0x00000002
17:27:53.141  INFO     RX        /ERR/LOKO/0x00000002
17:27:53.169  INFO     RX        /ERR/LOKO/0x00000002
17:27:53.170  INFO     RX        /ERR/LOKO/0x00000002
17:27:53.170  INFO     RX        /ERR/LOKO/0x00000002
17:27:53.202  INFO     RX        /ERR/LOKO/0x00000002
17:27:53.202  INFO     RX        /ERR/LOKO/0x00000002
17:27:53.202  INFO     RX        /ERR/LOKO/0x00000002
17:27:53.240  INFO     RX        /ERR/LOKO/0x00000002
17:27:53.240  INFO     RX        /ERR/LOKO/0x00000002
17:27:53.240  INFO     RX        /ERR/LOKO/0x00000002
17:27:53.266  INFO     RX        /ERR/LOKO/0x00000002
17:27:53.266  INFO     RX        /ERR/LOKO/0x00000002
17:27:53.303  INFO     RX        /ERR/LOKO/0x00000002
17:27:53.303  INFO     RX        /ERR/LOKO/0x00000002
17:27:53.303  INFO     RX        /ERR/LOKO/0x00000002
17:27:53.333  INFO     RX        /ERR/LOKO/0x00000002
17:27:53.333  INFO     RX        /ERR/LOKO/0x00000002
17:27:53.333  INFO     RX        /ERR/LOKO/0x00000002
17:27:53.362  INFO     RX        /ERR/LOKO/0x00000002
17:27:53.362  INFO     RX        /ERR/LOKO/0x00000002
17:27:53.362  INFO     RX        /ERR/LOKO/0x00000002
17:27:53.394  INFO     RX        /ERR/LOKO/0x00000002
17:27:53.394  INFO     RX        /ERR/LOKO/0x00000002
17:27:53.430  INFO     RX        /ERR/LOKO/0x00000002
17:27:53.430  INFO     RX        /ERR/LOKO/0x00000002
17:27:53.430  INFO     RX        /ERR/LOKO/0x00000002
17:27:53.462  INFO     RX        /ERR/LOKO/0x00000002
17:27:53.462  INFO     RX        /ERR/LOKO/0x00000002
17:27:53.462  INFO     RX        /ERR/LOKO/0x00000002
17:27:53.492  INFO     RX        /ERR/LOKO/0x00000002
17:27:53.492  INFO     RX        /ERR/LOKO/0x00000002
17:27:53.492  INFO     RX        /ERR/LOKO/0x00000002
17:27:53.524  INFO     RX        /ERR/LOKO/0x00000002
17:27:53.524  INFO     RX        /ERR/LOKO/0x00000002
17:27:53.558  INFO     RX        /ERR/LOKO/0x00000002
17:27:53.558  INFO     RX        /ERR/LOKO/0x00000002
17:27:53.558  INFO     RX        /ERR/LOKO/0x00000002
17:27:53.595  INFO     RX        /ERR/LOKO/0x00000002
17:27:53.596  INFO     RX        /ERR/LOKO/0x00000002
17:27:53.596  INFO     RX        /ERR/LOKO/0x00000002
17:27:53.596  INFO     RX        /ERR/LOKO/0x00000002
17:27:53.623  INFO     RX        /ERR/LOKO/0x00000002
17:27:53.623  INFO     RX        /ERR/LOKO/0x00000002
17:27:53.654  INFO     RX        /ERR/LOKO/0x00000002
17:27:53.654  INFO     RX        /ERR/LOKO/0x00000002
17:27:53.654  INFO     RX        /ERR/LOKO/0x00000002
17:27:53.687  INFO     RX        /ERR/LOKO/0x00000002
17:27:53.688  INFO     RX        /ERR/LOKO/0x00000002
17:27:53.688  INFO     RX        /ERR/LOKO/0x00000002
17:27:53.722  INFO     RX        /ERR/LOKO/0x00000002
17:27:53.722  INFO     RX        /ERR/LOKO/0x00000002
17:27:53.722  INFO     RX        /ERR/LOKO/0x00000002
17:27:53.748  INFO     RX        /ERR/LOKO/0x00000002
17:27:53.748  INFO     RX        /ERR/LOKO/0x00000002
17:27:53.776  DEBUG    TX /CONTROLL/0,0,0,0,0,0,0,0,0
17:27:53.784  INFO     RX        /ERR/LOKO/0x00000002
17:27:53.784  INFO     RX        /ERR/LOKO/0x00000002
17:27:53.784  INFO     RX        /ERR/LOKO/0x00000002
17:27:53.812  INFO     RX        /ERR/LOKO/0x00000002
17:27:53.813  INFO     RX        /ERR/LOKO/0x00000002
17:27:53.847  INFO     RX        /ERR/LOKO/0x00000002
17:27:53.847  INFO     RX        /ERR/LOKO/0x00000002
17:27:53.847  INFO     RX        /ERR/LOKO/0x00000002
17:27:53.877  INFO     RX        /ERR/LOKO/0x00000002
17:27:53.877  INFO     RX        /ERR/LOKO/0x00000002
17:27:53.878  INFO     RX        /ERR/LOKO/0x00000002
17:27:53.911  INFO     RX        /ERR/LOKO/0x00000002
17:27:53.911  INFO     RX        /ERR/LOKO/0x00000002
17:27:53.911  INFO     RX        /ERR/LOKO/0x00000002
17:27:53.940  INFO     RX        /ERR/LOKO/0x00000002
17:27:53.940  INFO     RX        /ERR/LOKO/0x00000002
17:27:53.975  INFO     RX        /ERR/LOKO/0x00000002
17:27:53.975  INFO     RX        /ERR/LOKO/0x00000002
17:27:53.975  INFO     RX        /ERR/LOKO/0x00000002
17:27:54.004  INFO     RX        /ERR/LOKO/0x00000002
17:27:54.004  INFO     RX        /ERR/LOKO/0x00000002
17:27:54.005  INFO     RX        /ERR/LOKO/0x00000002
17:27:54.040  INFO     RX        /ERR/LOKO/0x00000002
17:27:54.040  INFO     RX        /ERR/LOKO/0x00000002
17:27:54.040  INFO     RX        /ERR/LOKO/0x00000002
17:27:54.073  INFO     RX        /ERR/LOKO/0x00000002
17:27:54.073  INFO     RX        /ERR/LOKO/0x00000002
17:27:54.073  INFO     RX        /ERR/LOKO/0x00000002
17:27:54.105  INFO     RX        /ERR/LOKO/0x00000002
17:27:54.105  INFO     RX        /ERR/LOKO/0x00000002
17:27:54.105  INFO     RX        /ERR/LOKO/0x00000002
17:27:54.138  INFO     RX        /ERR/LOKO/0x00000002
17:27:54.138  INFO     RX        /ERR/LOKO/0x00000002
17:27:54.167  INFO     RX        /ERR/LOKO/0x00000002
17:27:54.167  INFO     RX        /ERR/LOKO/0x00000002
17:27:54.167  INFO     RX        /ERR/LOKO/0x00000002
17:27:54.202  INFO     RX        /ERR/LOKO/0x00000002
17:27:54.202  INFO     RX        /ERR/LOKO/0x00000002
17:27:54.202  INFO     RX        /ERR/LOKO/0x00000002
17:27:54.233  INFO     RX        /ERR/LOKO/0x00000002
17:27:54.233  INFO     RX        /ERR/LOKO/0x00000002
17:27:54.266  INFO     RX        /ERR/LOKO/0x00000002
17:27:54.266  INFO     RX        /ERR/LOKO/0x00000002
17:27:54.266  INFO     RX        /ERR/LOKO/0x00000002
17:27:54.298  INFO     RX        /ERR/LOKO/0x00000002
17:27:54.298  INFO     RX        /ERR/LOKO/0x00000002
17:27:54.298  INFO     RX        /ERR/LOKO/0x00000002
17:27:54.329  INFO     RX        /ERR/LOKO/0x00000002
17:27:54.330  INFO     RX        /ERR/LOKO/0x00000002
17:27:54.330  INFO     RX        /ERR/LOKO/0x00000002
17:27:54.360  INFO     RX        /ERR/LOKO/0x00000002
17:27:54.360  INFO     RX        /ERR/LOKO/0x00000002
17:27:54.360  INFO     RX        /ERR/LOKO/0x00000002
17:27:54.396  INFO     RX        /ERR/LOKO/0x00000002
17:27:54.396  INFO     RX        /ERR/LOKO/0x00000002
17:27:54.396  INFO     RX        /ERR/LOKO/0x00000002
17:27:54.425  INFO     RX        /ERR/LOKO/0x00000002
17:27:54.426  INFO     RX        /ERR/LOKO/0x00000002
17:27:54.460  INFO     RX        /ERR/LOKO/0x00000002
17:27:54.460  INFO     RX        /ERR/LOKO/0x00000002
17:27:54.460  INFO     RX        /ERR/LOKO/0x00000002
17:27:54.493  INFO     RX        /ERR/LOKO/0x00000002
17:27:54.494  INFO     RX        /ERR/LOKO/0x00000002
17:27:54.494  INFO     RX        /ERR/LOKO/0x00000002
17:27:54.526  INFO     RX        /ERR/LOKO/0x00000002
17:27:54.526  INFO     RX        /ERR/LOKO/0x00000002
17:27:54.526  INFO     RX        /ERR/LOKO/0x00000002
17:27:54.555  INFO     RX        /ERR/LOKO/0x00000002
17:27:54.555  INFO     RX        /ERR/LOKO/0x00000002
17:27:54.593  INFO     RX        /ERR/LOKO/0x00000002
17:27:54.593  INFO     RX        /ERR/LOKO/0x00000002
17:27:54.593  INFO     RX        /ERR/LOKO/0x00000002
17:27:54.593  INFO     RX        /ERR/LOKO/0x00000002
17:27:54.621  INFO     RX        /ERR/LOKO/0x00000002
17:27:54.621  INFO     RX        /ERR/LOKO/0x00000002
17:27:54.655  INFO     RX        /ERR/LOKO/0x00000002
17:27:54.655  INFO     RX        /ERR/LOKO/0x00000002
17:27:54.655  INFO     RX        /ERR/LOKO/0x00000002
17:27:54.684  INFO     RX        /ERR/LOKO/0x00000002
17:27:54.684  INFO     RX        /ERR/LOKO/0x00000002
17:27:54.722  INFO     RX        /ERR/LOKO/0x00000002
17:27:54.722  INFO     RX        /ERR/LOKO/0x00000002
17:27:54.722  INFO     RX        /ERR/LOKO/0x00000002
17:27:54.722  INFO     RX        /ERR/LOKO/0x00000002
17:27:54.749  INFO     RX        /ERR/LOKO/0x00000002
17:27:54.749  INFO     RX        /ERR/LOKO/0x00000002
17:27:54.783  INFO     RX        /ERR/LOKO/0x00000002
17:27:54.784  INFO     RX        /ERR/LOKO/0x00000002
17:27:54.784  INFO     RX        /ERR/LOKO/0x00000002
17:27:54.813  INFO     RX        /ERR/LOKO/0x00000002
17:27:54.813  INFO     RX        /ERR/LOKO/0x00000002
17:27:54.813  INFO     RX        /ERR/LOKO/0x00000002
17:27:54.856  INFO     RX        /ERR/LOKO/0x00000002
17:27:54.856  INFO     RX        /ERR/LOKO/0x00000002
17:27:54.856  INFO     RX        /ERR/LOKO/0x00000002
17:27:54.877  INFO     RX        /ERR/LOKO/0x00000002
17:27:54.877  INFO     RX        /ERR/LOKO/0x00000002
17:27:54.911  INFO     RX        /ERR/LOKO/0x00000002
17:27:54.911  INFO     RX        /ERR/LOKO/0x00000002
17:27:54.911  INFO     RX        /ERR/LOKO/0x00000002
17:27:54.941  INFO     RX        /ERR/LOKO/0x00000002
17:27:54.941  INFO     RX        /ERR/LOKO/0x00000002
17:27:54.941  INFO     RX        /ERR/LOKO/0x00000002
17:27:54.977  INFO     RX        /ERR/LOKO/0x00000002
17:27:54.978  INFO     RX        /ERR/LOKO/0x00000002
17:27:54.978  INFO     RX        /ERR/LOKO/0x00000002
17:27:55.006  INFO     RX        /ERR/LOKO/0x00000002
17:27:55.006  INFO     RX        /ERR/LOKO/0x00000002
17:27:55.123  INFO     RX        /ERR/LOKO/0x00000002
17:27:55.124  INFO     RX        /ERR/LOKO/0x00000002
17:27:55.124  INFO     RX        /ERR/LOKO/0x00000002
17:27:55.124  INFO     RX        /ERR/LOKO/0x00000002
17:27:55.124  INFO     RX        /ERR/LOKO/0x00000002
17:27:55.124  INFO     RX        /ERR/LOKO/0x00000002
17:27:55.124  INFO     RX        /ERR/LOKO/0x00000002
17:27:55.124  INFO     RX        /ERR/LOKO/0x00000002
17:27:55.131  INFO     RX        /ERR/LOKO/0x00000002
17:27:55.131  INFO     RX        /ERR/LOKO/0x00000002
17:27:55.131  INFO     RX        /ERR/LOKO/0x00000002
17:27:55.138  INFO     RX        /ERR/LOKO/0x00000002
17:27:55.172  INFO     RX        /ERR/LOKO/0x00000002
17:27:55.173  INFO     RX        /ERR/LOKO/0x00000002
17:27:55.202  INFO     RX        /ERR/LOKO/0x00000002
17:27:55.202  INFO     RX        /ERR/LOKO/0x00000002
17:27:55.202  INFO     RX        /ERR/LOKO/0x00000002
17:27:55.229  INFO     RX        /ERR/LOKO/0x00000002
17:27:55.386  DEBUG    TX /CONTROLL/0,0,0,0,0,0,0,0,2
17:27:55.782  INFO     RX        /ERR/LOKO/0x00000002
17:27:55.782  INFO     RX        /ERR/LOKO/0x00000002
17:27:55.816  INFO     RX        /ERR/LOKO/0x00000002
17:27:55.816  INFO     RX        /ERR/LOKO/0x00000002
17:27:55.816  INFO     RX        /ERR/LOKO/0x00000002
17:27:55.845  INFO     RX        /ERR/LOKO/0x00000002
17:27:55.845  INFO     RX        /ERR/LOKO/0x00000002
17:27:55.882  INFO     RX        /ERR/LOKO/0x00000002
17:27:55.883  INFO     RX        /ERR/LOKO/0x00000002
17:27:55.883  INFO     RX        /ERR/LOKO/0x00000002
17:27:55.883  INFO     RX        /ERR/LOKO/0x00000002
17:27:55.910  INFO     RX        /ERR/LOKO/0x00000002
17:27:55.910  INFO     RX        /ERR/LOKO/0x00000002
17:27:55.945  INFO     RX        /ERR/LOKO/0x00000002
17:27:55.946  INFO     RX        /ERR/LOKO/0x00000002
17:27:55.946  INFO     RX        /ERR/LOKO/0x00000002
17:27:55.973  INFO     RX        /ERR/LOKO/0x00000002
17:27:55.974  INFO     RX        /ERR/LOKO/0x00000002
17:27:56.012  INFO     RX        /ERR/LOKO/0x00000002
17:27:56.012  INFO     RX        /ERR/LOKO/0x00000002
17:27:56.012  INFO     RX        /ERR/LOKO/0x00000002
17:27:56.012  INFO     RX        /ERR/LOKO/0x00000002
17:27:56.037  INFO     RX        /ERR/LOKO/0x00000002
17:27:56.037  INFO     RX        /ERR/LOKO/0x00000002
17:27:56.073  INFO     RX        /ERR/LOKO/0x00000002
17:27:56.073  INFO     RX        /ERR/LOKO/0x00000002
17:27:56.073  INFO     RX        /ERR/LOKO/0x00000002
17:27:56.106  INFO     RX        /ERR/LOKO/0x00000002
17:27:56.106  INFO     RX        /ERR/LOKO/0x00000002
17:27:56.106  INFO     RX        /ERR/LOKO/0x00000002
17:27:56.135  INFO     RX        /ERR/LOKO/0x00000002
17:27:56.135  INFO     RX        /ERR/LOKO/0x00000002
17:27:56.171  INFO     RX        /ERR/LOKO/0x00000002
17:27:56.171  INFO     RX        /ERR/LOKO/0x00000002
17:27:56.171  INFO     RX        /ERR/LOKO/0x00000002
17:27:56.199  INFO     RX        /ERR/LOKO/0x00000002
17:27:56.199  INFO     RX        /ERR/LOKO/0x00000002
17:27:56.199  INFO     RX        /ERR/LOKO/0x00000002
17:27:56.234  INFO     RX        /ERR/LOKO/0x00000002
17:27:56.234  INFO     RX        /ERR/LOKO/0x00000002
17:27:56.234  INFO     RX        /ERR/LOKO/0x00000002
17:27:56.267  INFO     RX        /ERR/LOKO/0x00000002
17:27:56.267  INFO     RX        /ERR/LOKO/0x00000002
17:27:56.267  INFO     RX        /ERR/LOKO/0x00000002
17:27:56.296  INFO     RX        /ERR/LOKO/0x00000002
17:27:56.296  INFO     RX        /ERR/LOKO/0x00000002
17:27:56.331  INFO     RX        /ERR/LOKO/0x00000002
17:27:56.331  INFO     RX        /ERR/LOKO/0x00000002
17:27:56.331  INFO     RX        /ERR/LOKO/0x00000002
17:27:56.360  INFO     RX        /ERR/LOKO/0x00000002
17:27:56.360  INFO     RX        /ERR/LOKO/0x00000002
17:27:56.360  INFO     RX        /ERR/LOKO/0x00000002
17:27:56.395  INFO     RX        /ERR/LOKO/0x00000002
17:27:56.395  INFO     RX        /ERR/LOKO/0x00000002
17:27:56.395  INFO     RX        /ERR/LOKO/0x00000002
17:27:56.424  INFO     RX        /ERR/LOKO/0x00000002
17:27:56.424  INFO     RX        /ERR/LOKO/0x00000002
17:27:56.460  INFO     RX        /ERR/LOKO/0x00000002
17:27:56.460  INFO     RX        /ERR/LOKO/0x00000002
17:27:56.460  INFO     RX        /ERR/LOKO/0x00000002
17:27:56.490  INFO     RX        /ERR/LOKO/0x00000002
17:27:56.490  INFO     RX        /ERR/LOKO/0x00000002
17:27:56.490  INFO     RX        /ERR/LOKO/0x00000002
17:27:56.521  INFO     RX        /ERR/LOKO/0x00000002
17:27:56.522  INFO     RX        /ERR/LOKO/0x00000002
17:27:56.522  INFO     RX        /ERR/LOKO/0x00000002
17:27:56.559  INFO     RX        /ERR/LOKO/0x00000002
17:27:56.559  INFO     RX        /ERR/LOKO/0x00000002
17:27:56.559  INFO     RX        /ERR/LOKO/0x00000002
17:27:56.587  INFO     RX        /ERR/LOKO/0x00000002
17:27:56.587  INFO     RX        /ERR/LOKO/0x00000002
17:27:56.621  INFO     RX        /ERR/LOKO/0x00000002
17:27:56.621  INFO     RX        /ERR/LOKO/0x00000002
17:27:56.621  INFO     RX        /ERR/LOKO/0x00000002
17:27:56.649  INFO     RX        /ERR/LOKO/0x00000002
17:27:56.650  INFO     RX        /ERR/LOKO/0x00000002
17:27:56.650  INFO     RX        /ERR/LOKO/0x00000002
17:27:56.684  INFO     RX        /ERR/LOKO/0x00000002
17:27:56.684  INFO     RX        /ERR/LOKO/0x00000002
17:27:56.684  INFO     RX        /ERR/LOKO/0x00000002
17:27:56.714  INFO     RX        /ERR/LOKO/0x00000002
17:27:56.714  INFO     RX        /ERR/LOKO/0x00000002
17:27:56.749  INFO     RX        /ERR/LOKO/0x00000002
17:27:56.749  INFO     RX        /ERR/LOKO/0x00000002
17:27:56.749  INFO     RX        /ERR/LOKO/0x00000002
17:27:56.781  INFO     RX        /ERR/LOKO/0x00000002
17:27:57.003  DEBUG    TX /CONTROLL/0,0,0,0,0,0,0,0,0
17:27:57.010  INFO     RX        /ERR/LOKO/0x00000002
17:27:57.010  INFO     RX        /ERR/LOKO/0x00000002
17:27:57.042  INFO     RX        /ERR/LOKO/0x00000002
17:27:57.042  INFO     RX        /ERR/LOKO/0x00000002
17:27:57.042  INFO     RX        /ERR/LOKO/0x00000002
17:27:57.074  INFO     RX        /ERR/LOKO/0x00000002
17:27:57.074  INFO     RX        /ERR/LOKO/0x00000002
17:27:57.074  INFO     RX        /ERR/LOKO/0x00000002
17:27:57.107  INFO     RX        /ERR/LOKO/0x00000002
17:27:57.107  INFO     RX        /ERR/LOKO/0x00000002
17:27:57.107  INFO     RX        /ERR/LOKO/0x00000002
17:27:57.146  INFO     RX        /ERR/LOKO/0x00000002
17:27:57.146  INFO     RX        /ERR/LOKO/0x00000002
17:27:57.146  INFO     RX        /ERR/LOKO/0x00000002
17:27:57.169  INFO     RX        /ERR/LOKO/0x00000002
17:27:57.169  INFO     RX        /ERR/LOKO/0x00000002
17:27:57.203  INFO     RX        /ERR/LOKO/0x00000002
17:27:57.203  INFO     RX        /ERR/LOKO/0x00000002
17:27:57.203  INFO     RX        /ERR/LOKO/0x00000002
17:27:57.232  INFO     RX        /ERR/LOKO/0x00000002
17:27:57.232  INFO     RX        /ERR/LOKO/0x00000002
17:27:57.267  INFO     RX        /ERR/LOKO/0x00000002
17:27:57.267  INFO     RX        /ERR/LOKO/0x00000002
17:27:57.267  INFO     RX        /ERR/LOKO/0x00000002
17:27:57.296  INFO     RX        /ERR/LOKO/0x00000002
17:27:57.296  INFO     RX        /ERR/LOKO/0x00000002
17:27:57.296  INFO     RX        /ERR/LOKO/0x00000002
17:27:57.332  INFO     RX        /ERR/LOKO/0x00000002
17:27:57.332  INFO     RX        /ERR/LOKO/0x00000002
17:27:57.332  INFO     RX        /ERR/LOKO/0x00000002
17:27:57.361  INFO     RX        /ERR/LOKO/0x00000002
17:27:57.361  INFO     RX        /ERR/LOKO/0x00000002
17:27:57.396  INFO     RX        /ERR/LOKO/0x00000002
17:27:57.396  INFO     RX        /ERR/LOKO/0x00000002
17:27:57.396  INFO     RX        /ERR/LOKO/0x00000002
17:27:57.426  INFO     RX        /ERR/LOKO/0x00000002
17:27:57.426  INFO     RX        /ERR/LOKO/0x00000002
17:27:57.426  INFO     RX        /ERR/LOKO/0x00000002
17:27:57.462  INFO     RX        /ERR/LOKO/0x00000002
17:27:57.462  INFO     RX        /ERR/LOKO/0x00000002
17:27:57.462  INFO     RX        /ERR/LOKO/0x00000002
17:27:57.488  INFO     RX        /ERR/LOKO/0x00000002
17:27:57.488  INFO     RX        /ERR/LOKO/0x00000002
17:27:57.520  INFO     RX        /ERR/LOKO/0x00000002
17:27:57.520  INFO     RX        /ERR/LOKO/0x00000002
17:27:57.520  INFO     RX        /ERR/LOKO/0x00000002
17:27:57.553  INFO     RX        /ERR/LOKO/0x00000002
17:27:57.553  INFO     RX        /ERR/LOKO/0x00000002
17:27:57.553  INFO     RX        /ERR/LOKO/0x00000002
17:27:57.586  INFO     RX        /ERR/LOKO/0x00000002
17:27:57.586  INFO     RX        /ERR/LOKO/0x00000002
17:27:57.586  INFO     RX        /ERR/LOKO/0x00000002
17:27:57.618  INFO     RX        /ERR/LOKO/0x00000002
17:27:57.618  INFO     RX        /ERR/LOKO/0x00000002
17:27:57.618  INFO     RX        /ERR/LOKO/0x00000002
17:27:57.650  INFO     RX        /ERR/LOKO/0x00000002
17:27:57.650  INFO     RX        /ERR/LOKO/0x00000002
17:27:57.682  INFO     RX        /ERR/LOKO/0x00000002
17:27:57.682  INFO     RX        /ERR/LOKO/0x00000002
17:27:57.682  INFO     RX        /ERR/LOKO/0x00000002
17:27:57.714  INFO     RX        /ERR/LOKO/0x00000002
17:27:57.714  INFO     RX        /ERR/LOKO/0x00000002
17:27:57.714  INFO     RX        /ERR/LOKO/0x00000002
17:27:57.747  INFO     RX        /ERR/LOKO/0x00000002
17:27:57.747  INFO     RX        /ERR/LOKO/0x00000002
17:27:57.747  INFO     RX        /ERR/LOKO/0x00000002
17:27:57.775  INFO     RX        /ERR/LOKO/0x00000002
17:27:57.936  INFO     RX        /ERR/LOKO/0x00000002
17:27:57.971  INFO     RX        /ERR/LOKO/0x00000002
17:27:57.971  INFO     RX        /ERR/LOKO/0x00000002
17:27:57.971  INFO     RX        /ERR/LOKO/0x00000002
17:27:58.005  INFO     RX        /ERR/LOKO/0x00000002
17:27:58.005  INFO     RX        /ERR/LOKO/0x00000002
17:27:58.005  INFO     RX        /ERR/LOKO/0x00000002
17:27:58.035  INFO     RX        /ERR/LOKO/0x00000002
17:27:58.035  INFO     RX        /ERR/LOKO/0x00000002
17:27:58.035  INFO     RX        /ERR/LOKO/0x00000002
17:27:58.156  INFO     RX        /ERR/LOKO/0x00000002
17:27:58.156  INFO     RX        /ERR/LOKO/0x00000002
17:27:58.156  INFO     RX        /ERR/LOKO/0x00000002
17:27:58.156  INFO     RX        /ERR/LOKO/0x00000002
17:27:58.156  INFO     RX        /ERR/LOKO/0x00000002
17:27:58.156  INFO     RX        /ERR/LOKO/0x00000002
17:27:58.156  INFO     RX        /ERR/LOKO/0x00000002
17:27:58.156  INFO     RX        /ERR/LOKO/0x00000002
17:27:58.158  INFO     RX        /ERR/LOKO/0x00000002
17:27:58.158  INFO     RX        /ERR/LOKO/0x00000002
17:27:58.161  INFO     RX        /ERR/LOKO/0x00000002
17:27:58.196  INFO     RX        /ERR/LOKO/0x00000002
17:27:58.289  INFO     RX        /ERR/LOKO/0x00000002
17:27:58.289  INFO     RX        /ERR/LOKO/0x00000002
17:27:58.324  INFO     RX        /ERR/LOKO/0x00000002
17:27:58.324  INFO     RX        /ERR/LOKO/0x00000002
17:27:58.324  INFO     RX        /ERR/LOKO/0x00000002
17:27:58.354  INFO     RX        /ERR/LOKO/0x00000002
17:27:58.354  INFO     RX        /ERR/LOKO/0x00000002
17:27:58.390  INFO     RX        /ERR/LOKO/0x00000002
17:27:58.390  INFO     RX        /ERR/LOKO/0x00000002
17:27:58.390  INFO     RX        /ERR/LOKO/0x00000002
17:27:58.423  INFO     RX        /ERR/LOKO/0x00000002
17:27:58.423  INFO     RX        /ERR/LOKO/0x00000002
17:27:58.423  INFO     RX        /ERR/LOKO/0x00000002
17:27:58.450  INFO     RX        /ERR/LOKO/0x00000002
17:27:58.450  INFO     RX        /ERR/LOKO/0x00000002
17:27:58.450  INFO     RX        /ERR/LOKO/0x00000002
17:27:58.482  INFO     RX        /ERR/LOKO/0x00000002
17:27:58.482  INFO     RX        /ERR/LOKO/0x00000002
17:27:58.515  INFO     RX        /ERR/LOKO/0x00000002
17:27:58.515  INFO     RX        /ERR/LOKO/0x00000002
17:27:58.515  INFO     RX        /ERR/LOKO/0x00000002
17:27:58.549  INFO     RX        /ERR/LOKO/0x00000002
17:27:58.608  DEBUG    TX /CONTROLL/0,0,0,0,0,0,0,0,2
17:27:58.675  INFO     RX        /ERR/LOKO/0x00000002
17:27:58.710  INFO     RX        /ERR/LOKO/0x00000002
17:27:58.710  INFO     RX        /ERR/LOKO/0x00000002
17:27:58.710  INFO     RX        /ERR/LOKO/0x00000002
17:27:58.742  INFO     RX        /ERR/LOKO/0x00000002
17:27:58.742  INFO     RX        /ERR/LOKO/0x00000002
17:27:58.742  INFO     RX        /ERR/LOKO/0x00000002
17:27:58.771  INFO     RX        /ERR/LOKO/0x00000002
17:27:58.771  INFO     RX        /ERR/LOKO/0x00000002
17:27:58.771  INFO     RX        /ERR/LOKO/0x00000002
17:27:58.807  INFO     RX        /ERR/LOKO/0x00000002
17:27:58.807  INFO     RX        /ERR/LOKO/0x00000002
17:27:58.807  INFO     RX        /ERR/LOKO/0x00000002
17:27:58.836  INFO     RX        /ERR/LOKO/0x00000002
17:27:58.836  INFO     RX        /ERR/LOKO/0x00000002
17:27:58.872  INFO     RX        /ERR/LOKO/0x00000002
17:27:58.872  INFO     RX        /ERR/LOKO/0x00000002
17:27:58.872  INFO     RX        /ERR/LOKO/0x00000002
17:27:58.901  INFO     RX        /ERR/LOKO/0x00000002
17:27:59.033  INFO     RX        /ERR/LOKO/0x00000002
17:27:59.065  INFO     RX        /ERR/LOKO/0x00000002
17:27:59.065  INFO     RX        /ERR/LOKO/0x00000002
17:27:59.065  INFO     RX        /ERR/LOKO/0x00000002
17:27:59.095  INFO     RX        /ERR/LOKO/0x00000002
17:27:59.095  INFO     RX        /ERR/LOKO/0x00000002
17:27:59.095  INFO     RX        /ERR/LOKO/0x00000002
17:27:59.129  INFO     RX        /ERR/LOKO/0x00000002
17:27:59.129  INFO     RX        /ERR/LOKO/0x00000002
17:27:59.129  INFO     RX        /ERR/LOKO/0x00000002
17:27:59.161  INFO     RX        /ERR/LOKO/0x00000002
17:27:59.161  INFO     RX        /ERR/LOKO/0x00000002
17:27:59.194  INFO     RX        /ERR/LOKO/0x00000002
17:27:59.321  INFO     RX        /ERR/LOKO/0x00000002
17:27:59.321  INFO     RX        /ERR/LOKO/0x00000002
17:27:59.353  INFO     RX        /ERR/LOKO/0x00000002
17:27:59.354  INFO     RX        /ERR/LOKO/0x00000002
17:27:59.354  INFO     RX        /ERR/LOKO/0x00000002
17:27:59.384  INFO     RX        /ERR/LOKO/0x00000002
17:27:59.384  INFO     RX        /ERR/LOKO/0x00000002
17:27:59.384  INFO     RX        /ERR/LOKO/0x00000002
17:27:59.418  INFO     RX        /ERR/LOKO/0x00000002
17:27:59.510  INFO     RX        /ERR/LOKO/0x00000002
17:27:59.510  INFO     RX        /ERR/LOKO/0x00000002
17:27:59.545  INFO     RX        /ERR/LOKO/0x00000002
17:27:59.545  INFO     RX        /ERR/LOKO/0x00000002
17:27:59.545  INFO     RX        /ERR/LOKO/0x00000002
17:27:59.578  INFO     RX        /ERR/LOKO/0x00000002
17:27:59.578  INFO     RX        /ERR/LOKO/0x00000002
17:27:59.578  INFO     RX        /ERR/LOKO/0x00000002
17:27:59.609  INFO     RX        /ERR/LOKO/0x00000002
17:27:59.704  INFO     RX        /ERR/LOKO/0x00000002
17:27:59.704  INFO     RX        /ERR/LOKO/0x00000002
17:27:59.739  INFO     RX        /ERR/LOKO/0x00000002
17:27:59.739  INFO     RX        /ERR/LOKO/0x00000002
17:27:59.739  INFO     RX        /ERR/LOKO/0x00000002
17:27:59.768  INFO     RX        /ERR/LOKO/0x00000002
17:27:59.768  INFO     RX        /ERR/LOKO/0x00000002
17:27:59.800  INFO     RX        /ERR/LOKO/0x00000002
17:27:59.800  INFO     RX        /ERR/LOKO/0x00000002
17:27:59.800  INFO     RX        /ERR/LOKO/0x00000002
17:27:59.836  INFO     RX        /ERR/LOKO/0x00000002
17:27:59.836  INFO     RX        /ERR/LOKO/0x00000002
17:27:59.836  INFO     RX        /ERR/LOKO/0x00000002
17:27:59.865  INFO     RX        /ERR/LOKO/0x00000002
17:27:59.865  INFO     RX        /ERR/LOKO/0x00000002
17:27:59.865  INFO     RX        /ERR/LOKO/0x00000002
17:27:59.901  INFO     RX        /ERR/LOKO/0x00000002
17:27:59.902  INFO     RX        /ERR/LOKO/0x00000002
17:27:59.902  INFO     RX        /ERR/LOKO/0x00000002
17:27:59.929  INFO     RX        /ERR/LOKO/0x00000002
17:27:59.929  INFO     RX        /ERR/LOKO/0x00000002
17:27:59.964  INFO     RX        /ERR/LOKO/0x00000002
17:27:59.965  INFO     RX        /ERR/LOKO/0x00000002
17:27:59.965  INFO     RX        /ERR/LOKO/0x00000002
17:27:59.994  INFO     RX        /ERR/LOKO/0x00000002
17:27:59.994  INFO     RX        /ERR/LOKO/0x00000002
17:27:59.994  INFO     RX        /ERR/LOKO/0x00000002
17:28:00.031  INFO     RX        /ERR/LOKO/0x00000002
17:28:00.032  INFO     RX        /ERR/LOKO/0x00000002
17:28:00.032  INFO     RX        /ERR/LOKO/0x00000002
17:28:00.062  INFO     RX        /ERR/LOKO/0x00000002
17:28:00.063  INFO     RX        /ERR/LOKO/0x00000002
17:28:00.095  INFO     RX        /ERR/LOKO/0x00000002
17:28:00.095  INFO     RX        /ERR/LOKO/0x00000002
17:28:00.095  INFO     RX        /ERR/LOKO/0x00000002
17:28:00.124  INFO     RX        /ERR/LOKO/0x00000002
17:28:00.124  INFO     RX        /ERR/LOKO/0x00000002
17:28:00.124  INFO     RX        /ERR/LOKO/0x00000002
17:28:00.159  INFO     RX        /ERR/LOKO/0x00000002
17:28:00.159  INFO     RX        /ERR/LOKO/0x00000002
17:28:00.160  INFO     RX        /ERR/LOKO/0x00000002
17:28:00.187  INFO     RX        /ERR/LOKO/0x00000002
17:28:00.187  INFO     RX        /ERR/LOKO/0x00000002
17:28:00.214  DEBUG    TX /CONTROLL/0,0,0,0,0,0,0,0,0
17:28:00.222  INFO     RX        /ERR/LOKO/0x00000002
17:28:00.222  INFO     RX        /ERR/LOKO/0x00000002
17:28:00.222  INFO     RX        /ERR/LOKO/0x00000002
17:28:00.250  INFO     RX        /ERR/LOKO/0x00000002
17:28:00.251  INFO     RX        /ERR/LOKO/0x00000002
17:28:00.251  INFO     RX        /ERR/LOKO/0x00000002
17:28:00.282  INFO     RX        /ERR/LOKO/0x00000002
17:28:00.282  INFO     RX        /ERR/LOKO/0x00000002
17:28:00.317  INFO     RX        /ERR/LOKO/0x00000002
17:28:00.317  INFO     RX        /ERR/LOKO/0x00000002
17:28:00.318  INFO     RX        /ERR/LOKO/0x00000002
17:28:00.350  INFO     RX        /ERR/LOKO/0x00000002
17:28:00.350  INFO     RX        /ERR/LOKO/0x00000002
17:28:00.350  INFO     RX        /ERR/LOKO/0x00000002
17:28:00.377  INFO     RX        /ERR/LOKO/0x00000002
17:28:00.377  INFO     RX        /ERR/LOKO/0x00000002
17:28:00.377  INFO     RX        /ERR/LOKO/0x00000002
17:28:00.410  INFO     RX        /ERR/LOKO/0x00000002
17:28:00.410  INFO     RX        /ERR/LOKO/0x00000002
17:28:00.446  INFO     RX        /ERR/LOKO/0x00000002
17:28:00.446  INFO     RX        /ERR/LOKO/0x00000002
17:28:00.446  INFO     RX        /ERR/LOKO/0x00000002
17:28:00.475  INFO     RX        /ERR/LOKO/0x00000002
17:28:00.475  INFO     RX        /ERR/LOKO/0x00000002
17:28:00.475  INFO     RX        /ERR/LOKO/0x00000002
17:28:00.506  INFO     RX        /ERR/LOKO/0x00000002
17:28:00.506  INFO     RX        /ERR/LOKO/0x00000002
17:28:00.506  INFO     RX        /ERR/LOKO/0x00000002
17:28:00.538  INFO     RX        /ERR/LOKO/0x00000002
17:28:00.538  INFO     RX        /ERR/LOKO/0x00000002
17:28:00.538  INFO     RX        /ERR/LOKO/0x00000002
17:28:00.573  INFO     RX        /ERR/LOKO/0x00000002
17:28:00.573  INFO     RX        /ERR/LOKO/0x00000002
17:28:00.606  INFO     RX        /ERR/LOKO/0x00000002
17:28:00.606  INFO     RX        /ERR/LOKO/0x00000002
17:28:00.606  INFO     RX        /ERR/LOKO/0x00000002
17:28:00.640  INFO     RX        /ERR/LOKO/0x00000002
17:28:00.640  INFO     RX        /ERR/LOKO/0x00000002
17:28:00.640  INFO     RX        /ERR/LOKO/0x00000002
17:28:00.669  INFO     RX        /ERR/LOKO/0x00000002
17:28:00.669  INFO     RX        /ERR/LOKO/0x00000002
17:28:00.669  INFO     RX        /ERR/LOKO/0x00000002
17:28:00.775  INFO     RX        /ERR/LOKO/0x00000002
17:28:00.775  INFO     RX        /ERR/LOKO/0x00000002
17:28:00.775  INFO     RX        /ERR/LOKO/0x00000002
17:28:00.775  INFO     RX        /ERR/LOKO/0x00000002
17:28:00.775  INFO     RX        /ERR/LOKO/0x00000002
17:28:00.775  INFO     RX        /ERR/LOKO/0x00000002
17:28:00.775  INFO     RX        /ERR/LOKO/0x00000002
17:28:00.775  INFO     RX        /ERR/LOKO/0x00000002
17:28:00.775  INFO     RX        /ERR/LOKO/0x00000002
17:28:00.782  INFO     RX        /ERR/LOKO/0x00000002
17:28:00.798  INFO     RX        /ERR/LOKO/0x00000002
17:28:00.833  INFO     RX        /ERR/LOKO/0x00000002
17:28:00.833  INFO     RX        /ERR/LOKO/0x00000002
17:28:00.833  INFO     RX        /ERR/LOKO/0x00000002
17:28:00.866  INFO     RX        /ERR/LOKO/0x00000002
17:28:00.867  INFO     RX        /ERR/LOKO/0x00000002
17:28:00.867  INFO     RX        /ERR/LOKO/0x00000002
17:28:00.895  INFO     RX        /ERR/LOKO/0x00000002
17:28:00.895  INFO     RX        /ERR/LOKO/0x00000002
17:28:00.931  INFO     RX        /ERR/LOKO/0x00000002
17:28:00.931  INFO     RX        /ERR/LOKO/0x00000002
17:28:00.931  INFO     RX        /ERR/LOKO/0x00000002
17:28:00.960  INFO     RX        /ERR/LOKO/0x00000002
17:28:00.960  INFO     RX        /ERR/LOKO/0x00000002
17:28:00.960  INFO     RX        /ERR/LOKO/0x00000002
17:28:00.994  INFO     RX        /ERR/LOKO/0x00000002
17:28:00.994  INFO     RX        /ERR/LOKO/0x00000002
17:28:00.994  INFO     RX        /ERR/LOKO/0x00000002
17:28:01.024  INFO     RX        /ERR/LOKO/0x00000002
17:28:01.024  INFO     RX        /ERR/LOKO/0x00000002
17:28:01.060  INFO     RX        /ERR/LOKO/0x00000002
17:28:01.060  INFO     RX        /ERR/LOKO/0x00000002
17:28:01.060  INFO     RX        /ERR/LOKO/0x00000002
17:28:01.089  INFO     RX        /ERR/LOKO/0x00000002
17:28:01.089  INFO     RX        /ERR/LOKO/0x00000002
17:28:01.089  INFO     RX        /ERR/LOKO/0x00000002
17:28:01.129  INFO     RX        /ERR/LOKO/0x00000002
17:28:01.129  INFO     RX        /ERR/LOKO/0x00000002
17:28:01.129  INFO     RX        /ERR/LOKO/0x00000002
17:28:01.154  INFO     RX        /ERR/LOKO/0x00000002
17:28:01.154  INFO     RX        /ERR/LOKO/0x00000002
17:28:01.154  INFO     RX        /ERR/LOKO/0x00000002
17:28:01.188  INFO     RX        /ERR/LOKO/0x00000002
17:28:01.188  INFO     RX        /ERR/LOKO/0x00000002
17:28:01.218  INFO     RX        /ERR/LOKO/0x00000002
17:28:01.218  INFO     RX        /ERR/LOKO/0x00000002
17:28:01.218  INFO     RX        /ERR/LOKO/0x00000002
17:28:01.252  INFO     RX        /ERR/LOKO/0x00000002
17:28:01.252  INFO     RX        /ERR/LOKO/0x00000002
17:28:01.252  INFO     RX        /ERR/LOKO/0x00000002
17:28:01.280  INFO     RX        /ERR/LOKO/0x00000002
17:28:01.280  INFO     RX        /ERR/LOKO/0x00000002
17:28:01.315  INFO     RX        /ERR/LOKO/0x00000002
17:28:01.315  INFO     RX        /ERR/LOKO/0x00000002
17:28:01.315  INFO     RX        /ERR/LOKO/0x00000002
17:28:01.345  INFO     RX        /ERR/LOKO/0x00000002
17:28:01.345  INFO     RX        /ERR/LOKO/0x00000002
17:28:01.345  INFO     RX        /ERR/LOKO/0x00000002
17:28:01.380  INFO     RX        /ERR/LOKO/0x00000002
17:28:01.380  INFO     RX        /ERR/LOKO/0x00000002
17:28:01.380  INFO     RX        /ERR/LOKO/0x00000002
17:28:01.409  INFO     RX        /ERR/LOKO/0x00000002
17:28:01.409  INFO     RX        /ERR/LOKO/0x00000002
17:28:01.443  INFO     RX        /ERR/LOKO/0x00000002
17:28:01.443  INFO     RX        /ERR/LOKO/0x00000002
17:28:01.443  INFO     RX        /ERR/LOKO/0x00000002
17:28:01.472  INFO     RX        /ERR/LOKO/0x00000002
17:28:01.472  INFO     RX        /ERR/LOKO/0x00000002
17:28:01.472  INFO     RX        /ERR/LOKO/0x00000002
17:28:01.505  INFO     RX        /ERR/LOKO/0x00000002
17:28:01.505  INFO     RX        /ERR/LOKO/0x00000002
17:28:01.505  INFO     RX        /ERR/LOKO/0x00000002
17:28:01.538  INFO     RX        /ERR/LOKO/0x00000002
17:28:01.538  INFO     RX        /ERR/LOKO/0x00000002
17:28:01.538  INFO     RX        /ERR/LOKO/0x00000002
17:28:01.568  INFO     RX        /ERR/LOKO/0x00000002
17:28:01.568  INFO     RX        /ERR/LOKO/0x00000002
17:28:01.604  INFO     RX        /ERR/LOKO/0x00000002
17:28:01.604  INFO     RX        /ERR/LOKO/0x00000002
17:28:01.604  INFO     RX        /ERR/LOKO/0x00000002
17:28:01.633  INFO     RX        /ERR/LOKO/0x00000002
17:28:01.633  INFO     RX        /ERR/LOKO/0x00000002
17:28:01.633  INFO     RX        /ERR/LOKO/0x00000002
17:28:01.667  INFO     RX        /ERR/LOKO/0x00000002
17:28:01.667  INFO     RX        /ERR/LOKO/0x00000002
17:28:01.667  INFO     RX        /ERR/LOKO/0x00000002
17:28:01.697  INFO     RX        /ERR/LOKO/0x00000002
17:28:01.697  INFO     RX        /ERR/LOKO/0x00000002
17:28:01.732  INFO     RX        /ERR/LOKO/0x00000002
17:28:01.732  INFO     RX        /ERR/LOKO/0x00000002
17:28:01.732  INFO     RX        /ERR/LOKO/0x00000002
17:28:01.762  INFO     RX        /ERR/LOKO/0x00000002
17:28:01.762  INFO     RX        /ERR/LOKO/0x00000002
17:28:01.762  INFO     RX        /ERR/LOKO/0x00000002
17:28:01.796  INFO     RX        /ERR/LOKO/0x00000002
17:28:01.796  INFO     RX        /ERR/LOKO/0x00000002
17:28:01.796  INFO     RX        /ERR/LOKO/0x00000002
17:28:01.822  DEBUG    TX /CONTROLL/0,0,0,0,0,0,0,0,0
17:28:01.825  INFO     RX        /ERR/LOKO/0x00000002
17:28:01.826  INFO     RX        /ERR/LOKO/0x00000002
17:28:01.862  INFO     RX        /ERR/LOKO/0x00000002
17:28:01.862  INFO     RX        /ERR/LOKO/0x00000002
17:28:01.862  INFO     RX        /ERR/LOKO/0x00000002
17:28:01.894  INFO     RX        /ERR/LOKO/0x00000002
17:28:01.894  INFO     RX        /ERR/LOKO/0x00000002
17:28:01.894  INFO     RX        /ERR/LOKO/0x00000002
17:28:01.923  INFO     RX        /ERR/LOKO/0x00000002
17:28:01.923  INFO     RX        /ERR/LOKO/0x00000002
17:28:01.923  INFO     RX        /ERR/LOKO/0x00000002
17:28:01.958  INFO     RX        /ERR/LOKO/0x00000002
17:28:01.958  INFO     RX        /ERR/LOKO/0x00000002
17:28:01.958  INFO     RX        /ERR/LOKO/0x00000002
17:28:01.990  INFO     RX        /ERR/LOKO/0x00000002
17:28:01.990  INFO     RX        /ERR/LOKO/0x00000002
17:28:01.990  INFO     RX        /ERR/LOKO/0x00000002
17:28:02.022  INFO     RX        /ERR/LOKO/0x00000002
17:28:02.022  INFO     RX        /ERR/LOKO/0x00000002
17:28:02.054  INFO     RX        /ERR/LOKO/0x00000002
17:28:02.054  INFO     RX        /ERR/LOKO/0x00000002
17:28:02.054  INFO     RX        /ERR/LOKO/0x00000002
17:28:02.087  INFO     RX        /ERR/LOKO/0x00000002
17:28:02.087  INFO     RX        /ERR/LOKO/0x00000002
17:28:02.087  INFO     RX        /ERR/LOKO/0x00000002
17:28:02.116  INFO     RX        /ERR/LOKO/0x00000002
17:28:02.116  INFO     RX        /ERR/LOKO/0x00000002
17:28:02.150  INFO     RX        /ERR/LOKO/0x00000002
17:28:02.150  INFO     RX        /ERR/LOKO/0x00000002
17:28:02.151  INFO     RX        /ERR/LOKO/0x00000002
17:28:02.181  INFO     RX        /ERR/LOKO/0x00000002
17:28:02.181  INFO     RX        /ERR/LOKO/0x00000002
17:28:02.181  INFO     RX        /ERR/LOKO/0x00000002
17:28:02.215  INFO     RX        /ERR/LOKO/0x00000002
17:28:02.215  INFO     RX        /ERR/LOKO/0x00000002
17:28:02.215  INFO     RX        /ERR/LOKO/0x00000002
17:28:02.246  INFO     RX        /ERR/LOKO/0x00000002
17:28:02.246  INFO     RX        /ERR/LOKO/0x00000002
17:28:02.246  INFO     RX        /ERR/LOKO/0x00000002
17:28:02.280  INFO     RX        /ERR/LOKO/0x00000002
17:28:02.280  INFO     RX        /ERR/LOKO/0x00000002
17:28:02.313  INFO     RX        /ERR/LOKO/0x00000002
17:28:02.313  INFO     RX        /ERR/LOKO/0x00000002
17:28:02.314  INFO     RX        /ERR/LOKO/0x00000002
17:28:02.342  INFO     RX        /ERR/LOKO/0x00000002
17:28:02.342  INFO     RX        /ERR/LOKO/0x00000002
17:28:02.342  INFO     RX        /ERR/LOKO/0x00000002
17:28:02.377  INFO     RX        /ERR/LOKO/0x00000002
17:28:02.377  INFO     RX        /ERR/LOKO/0x00000002
17:28:02.377  INFO     RX        /ERR/LOKO/0x00000002
17:28:02.409  INFO     RX        /ERR/LOKO/0x00000002
17:28:02.409  INFO     RX        /ERR/LOKO/0x00000002
17:28:02.409  INFO     RX        /ERR/LOKO/0x00000002
17:28:02.441  INFO     RX        /ERR/LOKO/0x00000002
17:28:02.441  INFO     RX        /ERR/LOKO/0x00000002
17:28:02.473  INFO     RX        /ERR/LOKO/0x00000002
17:28:02.473  INFO     RX        /ERR/LOKO/0x00000002
17:28:02.473  INFO     RX        /ERR/LOKO/0x00000002
17:28:02.507  INFO     RX        /ERR/LOKO/0x00000002
17:28:02.507  INFO     RX        /ERR/LOKO/0x00000002
17:28:02.507  INFO     RX        /ERR/LOKO/0x00000002
17:28:02.536  INFO     RX        /ERR/LOKO/0x00000002
17:28:02.697  INFO     RX        /ERR/LOKO/0x00000002
17:28:02.697  INFO     RX        /ERR/LOKO/0x00000002
17:28:02.732  INFO     RX        /ERR/LOKO/0x00000002
17:28:02.732  INFO     RX        /ERR/LOKO/0x00000002
17:28:02.732  INFO     RX        /ERR/LOKO/0x00000002
17:28:02.761  INFO     RX        /ERR/LOKO/0x00000002
17:28:02.761  INFO     RX        /ERR/LOKO/0x00000002
17:28:02.796  INFO     RX        /ERR/LOKO/0x00000002
17:28:02.796  INFO     RX        /ERR/LOKO/0x00000002
17:28:02.796  INFO     RX        /ERR/LOKO/0x00000002
17:28:02.824  INFO     RX        /ERR/LOKO/0x00000002
17:28:02.825  INFO     RX        /ERR/LOKO/0x00000002
17:28:02.825  INFO     RX        /ERR/LOKO/0x00000002
17:28:02.859  INFO     RX        /ERR/LOKO/0x00000002
17:28:02.859  INFO     RX        /ERR/LOKO/0x00000002
17:28:02.859  INFO     RX        /ERR/LOKO/0x00000002
17:28:02.888  INFO     RX        /ERR/LOKO/0x00000002
17:28:02.888  INFO     RX        /ERR/LOKO/0x00000002
17:28:02.923  INFO     RX        /ERR/LOKO/0x00000002
17:28:02.924  INFO     RX        /ERR/LOKO/0x00000002
17:28:02.924  INFO     RX        /ERR/LOKO/0x00000002
17:28:02.954  INFO     RX        /ERR/LOKO/0x00000002
17:28:02.954  INFO     RX        /ERR/LOKO/0x00000002
17:28:02.954  INFO     RX        /ERR/LOKO/0x00000002
17:28:02.987  INFO     RX        /ERR/LOKO/0x00000002
17:28:02.987  INFO     RX        /ERR/LOKO/0x00000002
17:28:02.987  INFO     RX        /ERR/LOKO/0x00000002
17:28:03.016  INFO     RX        /ERR/LOKO/0x00000002
17:28:03.016  INFO     RX        /ERR/LOKO/0x00000002
17:28:03.050  INFO     RX        /ERR/LOKO/0x00000002
17:28:03.050  INFO     RX        /ERR/LOKO/0x00000002
17:28:03.050  INFO     RX        /ERR/LOKO/0x00000002
17:28:03.081  INFO     RX        /ERR/LOKO/0x00000002
17:28:03.274  INFO     RX        /ERR/LOKO/0x00000002
17:28:03.274  INFO     RX        /ERR/LOKO/0x00000002
17:28:03.308  INFO     RX        /ERR/LOKO/0x00000002
17:28:03.309  INFO     RX        /ERR/LOKO/0x00000002
17:28:03.309  INFO     RX        /ERR/LOKO/0x00000002
17:28:03.341  INFO     RX        /ERR/LOKO/0x00000002
17:28:03.341  INFO     RX        /ERR/LOKO/0x00000002
17:28:03.371  INFO     RX        /ERR/LOKO/0x00000002
17:28:03.372  INFO     RX        /ERR/LOKO/0x00000002
17:28:03.372  INFO     RX        /ERR/LOKO/0x00000002
17:28:03.407  INFO     RX        /ERR/LOKO/0x00000002
17:28:03.407  INFO     RX        /ERR/LOKO/0x00000002
17:28:03.407  INFO     RX        /ERR/LOKO/0x00000002
17:28:03.432  DEBUG    TX /CONTROLL/0,0,0,0,0,0,0,0,0
17:28:03.436  INFO     RX        /ERR/LOKO/0x00000002
17:28:03.436  INFO     RX        /ERR/LOKO/0x00000002
17:28:03.436  INFO     RX        /ERR/LOKO/0x00000002
17:28:03.471  INFO     RX        /ERR/LOKO/0x00000002
17:28:03.471  INFO     RX        /ERR/LOKO/0x00000002
17:28:03.471  INFO     RX        /ERR/LOKO/0x00000002
17:28:03.500  INFO     RX        /ERR/LOKO/0x00000002
17:28:03.501  INFO     RX        /ERR/LOKO/0x00000002
17:28:03.535  INFO     RX        /ERR/LOKO/0x00000002
17:28:03.536  INFO     RX        /ERR/LOKO/0x00000002
17:28:03.536  INFO     RX        /ERR/LOKO/0x00000002
17:28:03.566  INFO     RX        /ERR/LOKO/0x00000002
17:28:03.566  INFO     RX        /ERR/LOKO/0x00000002
17:28:03.566  INFO     RX        /ERR/LOKO/0x00000002
17:28:03.600  INFO     RX        /ERR/LOKO/0x00000002
17:28:03.600  INFO     RX        /ERR/LOKO/0x00000002
17:28:03.600  INFO     RX        /ERR/LOKO/0x00000002
17:28:03.633  INFO     RX        /ERR/LOKO/0x00000002
17:28:03.887  INFO     RX        /ERR/LOKO/0x00000002
17:28:03.922  INFO     RX        /ERR/LOKO/0x00000002
17:28:03.922  INFO     RX        /ERR/LOKO/0x00000002
17:28:03.922  INFO     RX        /ERR/LOKO/0x00000002
17:28:03.952  INFO     RX        /ERR/LOKO/0x00000002
17:28:03.953  INFO     RX        /ERR/LOKO/0x00000002
17:28:03.953  INFO     RX        /ERR/LOKO/0x00000002
17:28:03.987  INFO     RX        /ERR/LOKO/0x00000002
17:28:03.987  INFO     RX        /ERR/LOKO/0x00000002
17:28:03.987  INFO     RX        /ERR/LOKO/0x00000002
17:28:04.016  INFO     RX        /ERR/LOKO/0x00000002
17:28:04.016  INFO     RX        /ERR/LOKO/0x00000002
17:28:04.051  INFO     RX        /ERR/LOKO/0x00000002
17:28:04.051  INFO     RX        /ERR/LOKO/0x00000002
17:28:04.051  INFO     RX        /ERR/LOKO/0x00000002
17:28:04.081  INFO     RX        /ERR/LOKO/0x00000002
17:28:04.081  INFO     RX        /ERR/LOKO/0x00000002
17:28:04.081  INFO     RX        /ERR/LOKO/0x00000002
17:28:04.116  INFO     RX        /ERR/LOKO/0x00000002
17:28:04.339  INFO     RX        /ERR/LOKO/0x00000002
17:28:04.372  INFO     RX        /ERR/LOKO/0x00000002
17:28:04.372  INFO     RX        /ERR/LOKO/0x00000002
17:28:04.372  INFO     RX        /ERR/LOKO/0x00000002
17:28:04.402  INFO     RX        /ERR/LOKO/0x00000002
17:28:04.402  INFO     RX        /ERR/LOKO/0x00000002
17:28:04.402  INFO     RX        /ERR/LOKO/0x00000002
17:28:04.436  INFO     RX        /ERR/LOKO/0x00000002
17:28:04.436  INFO     RX        /ERR/LOKO/0x00000002
17:28:04.436  INFO     RX        /ERR/LOKO/0x00000002
17:28:04.468  INFO     RX        /ERR/LOKO/0x00000002
17:28:04.468  INFO     RX        /ERR/LOKO/0x00000002
17:28:04.498  INFO     RX        /ERR/LOKO/0x00000002
17:28:04.498  INFO     RX        /ERR/LOKO/0x00000002
17:28:04.498  INFO     RX        /ERR/LOKO/0x00000002
17:28:04.533  INFO     RX        /ERR/LOKO/0x00000002
17:28:04.534  INFO     RX        /ERR/LOKO/0x00000002
17:28:04.534  INFO     RX        /ERR/LOKO/0x00000002
17:28:04.567  INFO     RX        /ERR/LOKO/0x00000002
17:28:04.567  INFO     RX        /ERR/LOKO/0x00000002
17:28:04.567  INFO     RX        /ERR/LOKO/0x00000002
17:28:04.598  INFO     RX        /ERR/LOKO/0x00000002
17:28:04.599  INFO     RX        /ERR/LOKO/0x00000002
17:28:04.599  INFO     RX        /ERR/LOKO/0x00000002
17:28:04.627  INFO     RX        /ERR/LOKO/0x00000002
17:28:04.627  INFO     RX        /ERR/LOKO/0x00000002
17:28:04.662  INFO     RX        /ERR/LOKO/0x00000002
17:28:04.662  INFO     RX        /ERR/LOKO/0x00000002
17:28:04.662  INFO     RX        /ERR/LOKO/0x00000002
17:28:04.692  INFO     RX        /ERR/LOKO/0x00000002
17:28:04.692  INFO     RX        /ERR/LOKO/0x00000002
17:28:04.692  INFO     RX        /ERR/LOKO/0x00000002
17:28:04.727  INFO     RX        /ERR/LOKO/0x00000002
17:28:04.727  INFO     RX        /ERR/LOKO/0x00000002
17:28:04.727  INFO     RX        /ERR/LOKO/0x00000002
17:28:04.757  INFO     RX        /ERR/LOKO/0x00000002
17:28:04.757  INFO     RX        /ERR/LOKO/0x00000002
17:28:04.791  INFO     RX        /ERR/LOKO/0x00000002
17:28:04.791  INFO     RX        /ERR/LOKO/0x00000002
17:28:04.791  INFO     RX        /ERR/LOKO/0x00000002
17:28:04.821  INFO     RX        /ERR/LOKO/0x00000002
17:28:04.821  INFO     RX        /ERR/LOKO/0x00000002
17:28:04.821  INFO     RX        /ERR/LOKO/0x00000002
17:28:04.855  INFO     RX        /ERR/LOKO/0x00000002
17:28:04.855  INFO     RX        /ERR/LOKO/0x00000002
17:28:04.855  INFO     RX        /ERR/LOKO/0x00000002
17:28:04.886  INFO     RX        /ERR/LOKO/0x00000002
17:28:04.886  INFO     RX        /ERR/LOKO/0x00000002
17:28:04.917  INFO     RX        /ERR/LOKO/0x00000002
17:28:04.918  INFO     RX        /ERR/LOKO/0x00000002
17:28:04.918  INFO     RX        /ERR/LOKO/0x00000002
17:28:04.954  INFO     RX        /ERR/LOKO/0x00000002
17:28:04.954  INFO     RX        /ERR/LOKO/0x00000002
17:28:04.954  INFO     RX        /ERR/LOKO/0x00000002
17:28:04.981  INFO     RX        /ERR/LOKO/0x00000002
17:28:04.981  INFO     RX        /ERR/LOKO/0x00000002
17:28:04.982  INFO     RX        /ERR/LOKO/0x00000002
17:28:05.017  INFO     RX        /ERR/LOKO/0x00000002
17:28:05.017  INFO     RX        /ERR/LOKO/0x00000002
17:28:05.017  INFO     RX        /ERR/LOKO/0x00000002
17:28:05.043  DEBUG    TX /CONTROLL/0,0,0,0,0,0,0,0,0
17:28:05.050  INFO     RX        /ERR/LOKO/0x00000002
17:28:05.050  INFO     RX        /ERR/LOKO/0x00000002
17:28:05.050  INFO     RX        /ERR/LOKO/0x00000002
17:28:05.082  INFO     RX        /ERR/LOKO/0x00000002
17:28:05.082  INFO     RX        /ERR/LOKO/0x00000002
17:28:05.114  INFO     RX        /ERR/LOKO/0x00000002
17:28:05.114  INFO     RX        /ERR/LOKO/0x00000002
17:28:05.114  INFO     RX        /ERR/LOKO/0x00000002
17:28:05.150  INFO     RX        /ERR/LOKO/0x00000002
17:28:05.150  INFO     RX        /ERR/LOKO/0x00000002
17:28:05.150  INFO     RX        /ERR/LOKO/0x00000002
17:28:05.174  INFO     RX        /ERR/LOKO/0x00000002
17:28:05.174  INFO     RX        /ERR/LOKO/0x00000002
17:28:05.209  INFO     RX        /ERR/LOKO/0x00000002
17:28:05.209  INFO     RX        /ERR/LOKO/0x00000002
17:28:05.209  INFO     RX        /ERR/LOKO/0x00000002
17:28:05.238  INFO     RX        /ERR/LOKO/0x00000002
17:28:05.238  INFO     RX        /ERR/LOKO/0x00000002
17:28:05.238  INFO     RX        /ERR/LOKO/0x00000002
17:28:05.273  INFO     RX        /ERR/LOKO/0x00000002
17:28:05.273  INFO     RX        /ERR/LOKO/0x00000002
17:28:05.274  INFO     RX        /ERR/LOKO/0x00000002
17:28:05.305  INFO     RX        /ERR/LOKO/0x00000002
17:28:05.305  INFO     RX        /ERR/LOKO/0x00000002
17:28:05.305  INFO     RX        /ERR/LOKO/0x00000002
17:28:05.334  INFO     RX        /ERR/LOKO/0x00000002
17:28:05.334  INFO     RX        /ERR/LOKO/0x00000002
17:28:05.369  INFO     RX        /ERR/LOKO/0x00000002
17:28:05.369  INFO     RX        /ERR/LOKO/0x00000002
17:28:05.369  INFO     RX        /ERR/LOKO/0x00000002
17:28:05.402  INFO     RX        /ERR/LOKO/0x00000002
17:28:05.402  INFO     RX        /ERR/LOKO/0x00000002
17:28:05.402  INFO     RX        /ERR/LOKO/0x00000002
17:28:05.433  INFO     RX        /ERR/LOKO/0x00000002
17:28:05.433  INFO     RX        /ERR/LOKO/0x00000002
17:28:05.433  INFO     RX        /ERR/LOKO/0x00000002
17:28:05.467  INFO     RX        /ERR/LOKO/0x00000002
17:28:05.467  INFO     RX        /ERR/LOKO/0x00000002
17:28:05.467  INFO     RX        /ERR/LOKO/0x00000002
17:28:05.497  INFO     RX        /ERR/LOKO/0x00000002
17:28:05.497  INFO     RX        /ERR/LOKO/0x00000002
17:28:05.530  INFO     RX        /ERR/LOKO/0x00000002
17:28:05.530  INFO     RX        /ERR/LOKO/0x00000002
17:28:05.530  INFO     RX        /ERR/LOKO/0x00000002
17:28:05.565  INFO     RX        /ERR/LOKO/0x00000002
17:28:05.565  INFO     RX        /ERR/LOKO/0x00000002
17:28:05.565  INFO     RX        /ERR/LOKO/0x00000002
17:28:05.597  INFO     RX        /ERR/LOKO/0x00000002
17:28:05.597  INFO     RX        /ERR/LOKO/0x00000002
17:28:05.598  INFO     RX        /ERR/LOKO/0x00000002
17:28:05.629  INFO     RX        /ERR/LOKO/0x00000002
17:28:05.629  INFO     RX        /ERR/LOKO/0x00000002
17:28:05.658  INFO     RX        /ERR/LOKO/0x00000002
17:28:05.658  INFO     RX        /ERR/LOKO/0x00000002
17:28:05.658  INFO     RX        /ERR/LOKO/0x00000002
17:28:05.689  INFO     RX        /ERR/LOKO/0x00000002
17:28:05.689  INFO     RX        /ERR/LOKO/0x00000002
17:28:05.689  INFO     RX        /ERR/LOKO/0x00000002
17:28:05.726  INFO     RX        /ERR/LOKO/0x00000002
17:28:05.726  INFO     RX        /ERR/LOKO/0x00000002
17:28:05.726  INFO     RX        /ERR/LOKO/0x00000002
17:28:05.755  INFO     RX        /ERR/LOKO/0x00000002
17:28:05.755  INFO     RX        /ERR/LOKO/0x00000002
17:28:05.785  INFO     RX        /ERR/LOKO/0x00000002
17:28:05.786  INFO     RX        /ERR/LOKO/0x00000002
17:28:05.786  INFO     RX        /ERR/LOKO/0x00000002
17:28:05.820  INFO     RX        /ERR/LOKO/0x00000002
17:28:05.820  INFO     RX        /ERR/LOKO/0x00000002
17:28:05.820  INFO     RX        /ERR/LOKO/0x00000002
17:28:05.850  INFO     RX        /ERR/LOKO/0x00000002
17:28:05.850  INFO     RX        /ERR/LOKO/0x00000002
17:28:05.885  INFO     RX        /ERR/LOKO/0x00000002
17:28:05.885  INFO     RX        /ERR/LOKO/0x00000002
17:28:05.885  INFO     RX        /ERR/LOKO/0x00000002
17:28:05.885  INFO     RX        /ERR/LOKO/0x00000002
17:28:05.914  INFO     RX        /ERR/LOKO/0x00000002
17:28:05.914  INFO     RX        /ERR/LOKO/0x00000002
17:28:05.949  INFO     RX        /ERR/LOKO/0x00000002
17:28:05.949  INFO     RX        /ERR/LOKO/0x00000002
17:28:05.949  INFO     RX        /ERR/LOKO/0x00000002
17:28:05.982  INFO     RX        /ERR/LOKO/0x00000002
17:28:05.982  INFO     RX        /ERR/LOKO/0x00000002
17:28:05.982  INFO     RX        /ERR/LOKO/0x00000002
17:28:06.013  INFO     RX        /ERR/LOKO/0x00000002
17:28:06.013  INFO     RX        /ERR/LOKO/0x00000002
17:28:06.013  INFO     RX        /ERR/LOKO/0x00000002
17:28:06.046  INFO     RX        /ERR/LOKO/0x00000002
17:28:06.046  INFO     RX        /ERR/LOKO/0x00000002
17:28:06.079  INFO     RX        /ERR/LOKO/0x00000002
17:28:06.079  INFO     RX        /ERR/LOKO/0x00000002
17:28:06.079  INFO     RX        /ERR/LOKO/0x00000002
17:28:06.108  INFO     RX        /ERR/LOKO/0x00000002
17:28:06.109  INFO     RX        /ERR/LOKO/0x00000002
17:28:06.109  INFO     RX        /ERR/LOKO/0x00000002
17:28:06.143  INFO     RX        /ERR/LOKO/0x00000002
17:28:06.143  INFO     RX        /ERR/LOKO/0x00000002
17:28:06.143  INFO     RX        /ERR/LOKO/0x00000002
17:28:06.173  INFO     RX        /ERR/LOKO/0x00000002
17:28:06.173  INFO     RX        /ERR/LOKO/0x00000002
17:28:06.207  INFO     RX        /ERR/LOKO/0x00000002
17:28:06.208  INFO     RX        /ERR/LOKO/0x00000002
17:28:06.208  INFO     RX        /ERR/LOKO/0x00000002
17:28:06.237  INFO     RX        /ERR/LOKO/0x00000002
17:28:06.237  INFO     RX        /ERR/LOKO/0x00000002
17:28:06.237  INFO     RX        /ERR/LOKO/0x00000002
17:28:06.273  INFO     RX        /ERR/LOKO/0x00000002
17:28:06.274  INFO     RX        /ERR/LOKO/0x00000002
17:28:06.274  INFO     RX        /ERR/LOKO/0x00000002
17:28:06.305  INFO     RX        /ERR/LOKO/0x00000002
17:28:06.305  INFO     RX        /ERR/LOKO/0x00000002
17:28:06.305  INFO     RX        /ERR/LOKO/0x00000002
17:28:06.337  INFO     RX        /ERR/LOKO/0x00000002
17:28:06.337  INFO     RX        /ERR/LOKO/0x00000002
17:28:06.337  INFO     RX        /ERR/LOKO/0x00000002
17:28:06.366  INFO     RX        /ERR/LOKO/0x00000002
17:28:06.366  INFO     RX        /ERR/LOKO/0x00000002
17:28:06.401  INFO     RX        /ERR/LOKO/0x00000002
17:28:06.401  INFO     RX        /ERR/LOKO/0x00000002
17:28:06.401  INFO     RX        /ERR/LOKO/0x00000002
17:28:06.433  INFO     RX        /ERR/LOKO/0x00000002
17:28:06.433  INFO     RX        /ERR/LOKO/0x00000002
17:28:06.433  INFO     RX        /ERR/LOKO/0x00000002
17:28:06.462  INFO     RX        /ERR/LOKO/0x00000002
17:28:06.462  INFO     RX        /ERR/LOKO/0x00000002
17:28:06.497  INFO     RX        /ERR/LOKO/0x00000002
17:28:06.497  INFO     RX        /ERR/LOKO/0x00000002
17:28:06.497  INFO     RX        /ERR/LOKO/0x00000002
17:28:06.527  INFO     RX        /ERR/LOKO/0x00000002
17:28:06.527  INFO     RX        /ERR/LOKO/0x00000002
17:28:06.527  INFO     RX        /ERR/LOKO/0x00000002
17:28:06.562  INFO     RX        /ERR/LOKO/0x00000002
17:28:06.562  INFO     RX        /ERR/LOKO/0x00000002
17:28:06.562  INFO     RX        /ERR/LOKO/0x00000002
17:28:06.595  INFO     RX        /ERR/LOKO/0x00000002
17:28:06.595  INFO     RX        /ERR/LOKO/0x00000002
17:28:06.595  INFO     RX        /ERR/LOKO/0x00000002
17:28:06.624  INFO     RX        /ERR/LOKO/0x00000002
17:28:06.624  INFO     RX        /ERR/LOKO/0x00000002
17:28:06.653  DEBUG    TX /CONTROLL/0,0,0,0,0,0,0,0,0
17:28:06.659  INFO     RX        /ERR/LOKO/0x00000002
17:28:06.659  INFO     RX        /ERR/LOKO/0x00000002
17:28:06.659  INFO     RX        /ERR/LOKO/0x00000002
17:28:06.688  INFO     RX        /ERR/LOKO/0x00000002
17:28:06.688  INFO     RX        /ERR/LOKO/0x00000002
17:28:06.688  INFO     RX        /ERR/LOKO/0x00000002
17:28:06.723  INFO     RX        /ERR/LOKO/0x00000002
17:28:06.723  INFO     RX        /ERR/LOKO/0x00000002
17:28:06.723  INFO     RX        /ERR/LOKO/0x00000002
17:28:06.753  INFO     RX        /ERR/LOKO/0x00000002
17:28:06.753  INFO     RX        /ERR/LOKO/0x00000002
17:28:06.786  INFO     RX        /ERR/LOKO/0x00000002
17:28:06.786  INFO     RX        /ERR/LOKO/0x00000002
17:28:06.786  INFO     RX        /ERR/LOKO/0x00000002
17:28:06.816  INFO     RX        /ERR/LOKO/0x00000002
17:28:06.816  INFO     RX        /ERR/LOKO/0x00000002
17:28:06.816  INFO     RX        /ERR/LOKO/0x00000002
17:28:06.852  INFO     RX        /ERR/LOKO/0x00000002
17:28:06.852  INFO     RX        /ERR/LOKO/0x00000002
17:28:06.852  INFO     RX        /ERR/LOKO/0x00000002
17:28:06.880  INFO     RX        /ERR/LOKO/0x00000002
17:28:06.880  INFO     RX        /ERR/LOKO/0x00000002
17:28:06.915  INFO     RX        /ERR/LOKO/0x00000002
17:28:06.916  INFO     RX        /ERR/LOKO/0x00000002
17:28:06.916  INFO     RX        /ERR/LOKO/0x00000002
17:28:06.945  INFO     RX        /ERR/LOKO/0x00000002
17:28:06.945  INFO     RX        /ERR/LOKO/0x00000002
17:28:06.945  INFO     RX        /ERR/LOKO/0x00000002
17:28:06.979  INFO     RX        /ERR/LOKO/0x00000002
17:28:06.979  INFO     RX        /ERR/LOKO/0x00000002
17:28:06.979  INFO     RX        /ERR/LOKO/0x00000002
17:28:07.010  INFO     RX        /ERR/LOKO/0x00000002
17:28:07.010  INFO     RX        /ERR/LOKO/0x00000002
17:28:07.042  INFO     RX        /ERR/LOKO/0x00000002
17:28:07.042  INFO     RX        /ERR/LOKO/0x00000002
17:28:07.042  INFO     RX        /ERR/LOKO/0x00000002
17:28:07.077  INFO     RX        /ERR/LOKO/0x00000002
17:28:07.077  INFO     RX        /ERR/LOKO/0x00000002
17:28:07.077  INFO     RX        /ERR/LOKO/0x00000002
17:28:07.106  INFO     RX        /ERR/LOKO/0x00000002
17:28:07.106  INFO     RX        /ERR/LOKO/0x00000002
17:28:07.106  INFO     RX        /ERR/LOKO/0x00000002
17:28:07.141  INFO     RX        /ERR/LOKO/0x00000002
17:28:07.142  INFO     RX        /ERR/LOKO/0x00000002
17:28:07.142  INFO     RX        /ERR/LOKO/0x00000002
17:28:07.173  INFO     RX        /ERR/LOKO/0x00000002
17:28:07.174  INFO     RX        /ERR/LOKO/0x00000002
17:28:07.174  INFO     RX        /ERR/LOKO/0x00000002
17:28:07.205  INFO     RX        /ERR/LOKO/0x00000002
17:28:07.205  INFO     RX        /ERR/LOKO/0x00000002
17:28:07.237  INFO     RX        /ERR/LOKO/0x00000002
17:28:07.237  INFO     RX        /ERR/LOKO/0x00000002
17:28:07.237  INFO     RX        /ERR/LOKO/0x00000002
17:28:07.269  INFO     RX        /ERR/LOKO/0x00000002
17:28:07.269  INFO     RX        /ERR/LOKO/0x00000002
17:28:07.269  INFO     RX        /ERR/LOKO/0x00000002
17:28:07.303  INFO     RX        /ERR/LOKO/0x00000002
17:28:07.303  INFO     RX        /ERR/LOKO/0x00000002
17:28:07.303  INFO     RX        /ERR/LOKO/0x00000002
17:28:07.331  INFO     RX        /ERR/LOKO/0x00000002
17:28:07.331  INFO     RX        /ERR/LOKO/0x00000002
17:28:07.366  INFO     RX        /ERR/LOKO/0x00000002
17:28:07.366  INFO     RX        /ERR/LOKO/0x00000002
17:28:07.366  INFO     RX        /ERR/LOKO/0x00000002
17:28:07.398  INFO     RX        /ERR/LOKO/0x00000002
17:28:07.398  INFO     RX        /ERR/LOKO/0x00000002
17:28:07.398  INFO     RX        /ERR/LOKO/0x00000002
17:28:07.428  INFO     RX        /ERR/LOKO/0x00000002
17:28:07.428  INFO     RX        /ERR/LOKO/0x00000002
17:28:07.428  INFO     RX        /ERR/LOKO/0x00000002
17:28:07.462  INFO     RX        /ERR/LOKO/0x00000002
17:28:07.462  INFO     RX        /ERR/LOKO/0x00000002
17:28:07.491  INFO     RX        /ERR/LOKO/0x00000002
17:28:07.491  INFO     RX        /ERR/LOKO/0x00000002
17:28:07.491  INFO     RX        /ERR/LOKO/0x00000002
17:28:07.523  INFO     RX        /ERR/LOKO/0x00000002
17:28:07.523  INFO     RX        /ERR/LOKO/0x00000002
17:28:07.523  INFO     RX        /ERR/LOKO/0x00000002
17:28:07.558  INFO     RX        /ERR/LOKO/0x00000002
17:28:07.558  INFO     RX        /ERR/LOKO/0x00000002
17:28:07.558  INFO     RX        /ERR/LOKO/0x00000002
17:28:07.589  INFO     RX        /ERR/LOKO/0x00000002
17:28:07.589  INFO     RX        /ERR/LOKO/0x00000002
17:28:07.623  INFO     RX        /ERR/LOKO/0x00000002
17:28:07.623  INFO     RX        /ERR/LOKO/0x00000002
17:28:07.623  INFO     RX        /ERR/LOKO/0x00000002
17:28:07.652  INFO     RX        /ERR/LOKO/0x00000002
17:28:07.652  INFO     RX        /ERR/LOKO/0x00000002
17:28:07.652  INFO     RX        /ERR/LOKO/0x00000002
17:28:07.688  INFO     RX        /ERR/LOKO/0x00000002
17:28:07.688  INFO     RX        /ERR/LOKO/0x00000002
17:28:07.688  INFO     RX        /ERR/LOKO/0x00000002
17:28:07.716  INFO     RX        /ERR/LOKO/0x00000002
17:28:07.716  INFO     RX        /ERR/LOKO/0x00000002
17:28:07.752  INFO     RX        /ERR/LOKO/0x00000002
17:28:07.752  INFO     RX        /ERR/LOKO/0x00000002
17:28:07.752  INFO     RX        /ERR/LOKO/0x00000002
17:28:07.780  INFO     RX        /ERR/LOKO/0x00000002
17:28:07.781  INFO     RX        /ERR/LOKO/0x00000002
17:28:07.781  INFO     RX        /ERR/LOKO/0x00000002
17:28:07.814  INFO     RX        /ERR/LOKO/0x00000002
17:28:07.814  INFO     RX        /ERR/LOKO/0x00000002
17:28:07.814  INFO     RX        /ERR/LOKO/0x00000002
17:28:07.845  INFO     RX        /ERR/LOKO/0x00000002
17:28:07.845  INFO     RX        /ERR/LOKO/0x00000002
17:28:07.880  INFO     RX        /ERR/LOKO/0x00000002
17:28:07.880  INFO     RX        /ERR/LOKO/0x00000002
17:28:07.880  INFO     RX        /ERR/LOKO/0x00000002
17:28:07.909  INFO     RX        /ERR/LOKO/0x00000002
17:28:07.909  INFO     RX        /ERR/LOKO/0x00000002
17:28:07.909  INFO     RX        /ERR/LOKO/0x00000002
17:28:07.945  INFO     RX        /ERR/LOKO/0x00000002
17:28:07.945  INFO     RX        /ERR/LOKO/0x00000002
17:28:07.945  INFO     RX        /ERR/LOKO/0x00000002
17:28:07.978  INFO     RX        /ERR/LOKO/0x00000002
17:28:07.978  INFO     RX        /ERR/LOKO/0x00000002
17:28:07.978  INFO     RX        /ERR/LOKO/0x00000002
17:28:08.011  INFO     RX        /ERR/LOKO/0x00000002
17:28:08.012  INFO     RX        /ERR/LOKO/0x00000002
17:28:08.012  INFO     RX        /ERR/LOKO/0x00000002
17:28:08.039  INFO     RX        /ERR/LOKO/0x00000002
17:28:08.039  INFO     RX        /ERR/LOKO/0x00000002
17:28:08.073  INFO     RX        /ERR/LOKO/0x00000002
17:28:08.073  INFO     RX        /ERR/LOKO/0x00000002
17:28:08.073  INFO     RX        /ERR/LOKO/0x00000002
17:28:08.106  INFO     RX        /ERR/LOKO/0x00000002
17:28:08.106  INFO     RX        /ERR/LOKO/0x00000002
17:28:08.106  INFO     RX        /ERR/LOKO/0x00000002
17:28:08.135  INFO     RX        /ERR/LOKO/0x00000002
17:28:08.135  INFO     RX        /ERR/LOKO/0x00000002
17:28:08.171  INFO     RX        /ERR/LOKO/0x00000002
17:28:08.171  INFO     RX        /ERR/LOKO/0x00000002
17:28:08.171  INFO     RX        /ERR/LOKO/0x00000002
17:28:08.199  INFO     RX        /ERR/LOKO/0x00000002
17:28:08.199  INFO     RX        /ERR/LOKO/0x00000002
17:28:08.199  INFO     RX        /ERR/LOKO/0x00000002
17:28:08.231  INFO     RX        /ERR/LOKO/0x00000002
17:28:08.231  INFO     RX        /ERR/LOKO/0x00000002
17:28:08.231  INFO     RX        /ERR/LOKO/0x00000002
17:28:08.260  DEBUG    TX /CONTROLL/0,0,0,0,0,0,0,0,0
17:28:08.268  INFO     RX        /ERR/LOKO/0x00000002
17:28:08.268  INFO     RX        /ERR/LOKO/0x00000002
17:28:08.268  INFO     RX        /ERR/LOKO/0x00000002
17:28:08.296  INFO     RX        /ERR/LOKO/0x00000002
17:28:08.296  INFO     RX        /ERR/LOKO/0x00000002
17:28:08.332  INFO     RX        /ERR/LOKO/0x00000002
17:28:08.332  INFO     RX        /ERR/LOKO/0x00000002
17:28:08.332  INFO     RX        /ERR/LOKO/0x00000002
17:28:08.362  INFO     RX        /ERR/LOKO/0x00000002
17:28:08.362  INFO     RX        /ERR/LOKO/0x00000002
17:28:08.362  INFO     RX        /ERR/LOKO/0x00000002
17:28:08.395  INFO     RX        /ERR/LOKO/0x00000002
17:28:08.395  INFO     RX        /ERR/LOKO/0x00000002
17:28:08.396  INFO     RX        /ERR/LOKO/0x00000002
17:28:08.424  INFO     RX        /ERR/LOKO/0x00000002
17:28:08.424  INFO     RX        /ERR/LOKO/0x00000002
17:28:08.460  INFO     RX        /ERR/LOKO/0x00000002
17:28:08.460  INFO     RX        /ERR/LOKO/0x00000002
17:28:08.460  INFO     RX        /ERR/LOKO/0x00000002
17:28:08.490  INFO     RX        /ERR/LOKO/0x00000002
17:28:08.490  INFO     RX        /ERR/LOKO/0x00000002
17:28:08.490  INFO     RX        /ERR/LOKO/0x00000002
17:28:08.521  INFO     RX        /ERR/LOKO/0x00000002
17:28:08.522  INFO     RX        /ERR/LOKO/0x00000002
17:28:08.522  INFO     RX        /ERR/LOKO/0x00000002
17:28:08.556  INFO     RX        /ERR/LOKO/0x00000002
17:28:08.556  INFO     RX        /ERR/LOKO/0x00000002
17:28:08.556  INFO     RX        /ERR/LOKO/0x00000002
17:28:08.591  INFO     RX        /ERR/LOKO/0x00000002
17:28:08.591  INFO     RX        /ERR/LOKO/0x00000002
17:28:08.591  INFO     RX        /ERR/LOKO/0x00000002
17:28:08.622  INFO     RX        /ERR/LOKO/0x00000002
17:28:08.622  INFO     RX        /ERR/LOKO/0x00000002
17:28:08.654  INFO     RX        /ERR/LOKO/0x00000002
17:28:08.654  INFO     RX        /ERR/LOKO/0x00000002
17:28:08.654  INFO     RX        /ERR/LOKO/0x00000002
17:28:08.688  INFO     RX        /ERR/LOKO/0x00000002
17:28:08.688  INFO     RX        /ERR/LOKO/0x00000002
17:28:08.688  INFO     RX        /ERR/LOKO/0x00000002
17:28:08.717  INFO     RX        /ERR/LOKO/0x00000002
17:28:08.717  INFO     RX        /ERR/LOKO/0x00000002
17:28:08.717  INFO     RX        /ERR/LOKO/0x00000002
17:28:08.752  INFO     RX        /ERR/LOKO/0x00000002
17:28:08.752  INFO     RX        /ERR/LOKO/0x00000002
17:28:08.752  INFO     RX        /ERR/LOKO/0x00000002
17:28:08.781  INFO     RX        /ERR/LOKO/0x00000002
17:28:08.781  INFO     RX        /ERR/LOKO/0x00000002
17:28:08.815  INFO     RX        /ERR/LOKO/0x00000002
17:28:08.816  INFO     RX        /ERR/LOKO/0x00000002
17:28:08.816  INFO     RX        /ERR/LOKO/0x00000002
17:28:08.845  INFO     RX        /ERR/LOKO/0x00000002
17:28:08.845  INFO     RX        /ERR/LOKO/0x00000002
17:28:08.845  INFO     RX        /ERR/LOKO/0x00000002
17:28:08.880  INFO     RX        /ERR/LOKO/0x00000002
17:28:08.880  INFO     RX        /ERR/LOKO/0x00000002
17:28:08.880  INFO     RX        /ERR/LOKO/0x00000002
17:28:08.910  INFO     RX        /ERR/LOKO/0x00000002
17:28:08.910  INFO     RX        /ERR/LOKO/0x00000002
17:28:08.944  INFO     RX        /ERR/LOKO/0x00000002
17:28:08.944  INFO     RX        /ERR/LOKO/0x00000002
17:28:08.944  INFO     RX        /ERR/LOKO/0x00000002
17:28:08.973  INFO     RX        /ERR/LOKO/0x00000002
17:28:08.973  INFO     RX        /ERR/LOKO/0x00000002
17:28:08.973  INFO     RX        /ERR/LOKO/0x00000002
17:28:09.007  INFO     RX        /ERR/LOKO/0x00000002
17:28:09.007  INFO     RX        /ERR/LOKO/0x00000002
17:28:09.037  INFO     RX        /ERR/LOKO/0x00000002
17:28:09.037  INFO     RX        /ERR/LOKO/0x00000002
17:28:09.037  INFO     RX        /ERR/LOKO/0x00000002
17:28:09.072  INFO     RX        /ERR/LOKO/0x00000002
17:28:09.073  INFO     RX        /ERR/LOKO/0x00000002
17:28:09.073  INFO     RX        /ERR/LOKO/0x00000002
17:28:09.101  INFO     RX        /ERR/LOKO/0x00000002
17:28:09.101  INFO     RX        /ERR/LOKO/0x00000002
17:28:09.101  INFO     RX        /ERR/LOKO/0x00000002
17:28:09.136  INFO     RX        /ERR/LOKO/0x00000002
17:28:09.136  INFO     RX        /ERR/LOKO/0x00000002
17:28:09.136  INFO     RX        /ERR/LOKO/0x00000002
17:28:09.166  INFO     RX        /ERR/LOKO/0x00000002
17:28:09.166  INFO     RX        /ERR/LOKO/0x00000002
17:28:09.206  INFO     RX        /ERR/LOKO/0x00000002
17:28:09.206  INFO     RX        /ERR/LOKO/0x00000002
17:28:09.206  INFO     RX        /ERR/LOKO/0x00000002
17:28:09.230  INFO     RX        /ERR/LOKO/0x00000002
17:28:09.230  INFO     RX        /ERR/LOKO/0x00000002
17:28:09.230  INFO     RX        /ERR/LOKO/0x00000002
17:28:09.266  INFO     RX        /ERR/LOKO/0x00000002
17:28:09.266  INFO     RX        /ERR/LOKO/0x00000002
17:28:09.266  INFO     RX        /ERR/LOKO/0x00000002
17:28:09.294  INFO     RX        /ERR/LOKO/0x00000002
17:28:09.294  INFO     RX        /ERR/LOKO/0x00000002
17:28:09.329  INFO     RX        /ERR/LOKO/0x00000002
17:28:09.872  DEBUG    TX /CONTROLL/0,0,0,0,0,0,0,0,0
17:28:10.233  INFO     RX        /ERR/LOKO/0x00000002
17:28:10.233  INFO     RX        /ERR/LOKO/0x00000002
17:28:10.265  INFO     RX        /ERR/LOKO/0x00000002
17:28:10.265  INFO     RX        /ERR/LOKO/0x00000002
17:28:10.297  INFO     RX        /ERR/LOKO/0x00000002
17:28:10.297  INFO     RX        /ERR/LOKO/0x00000002
17:28:10.297  INFO     RX        /ERR/LOKO/0x00000002
17:28:10.329  INFO     RX        /ERR/LOKO/0x00000002
17:28:10.329  INFO     RX        /ERR/LOKO/0x00000002
17:28:10.329  INFO     RX        /ERR/LOKO/0x00000002
17:28:10.362  INFO     RX        /ERR/LOKO/0x00000002
17:28:10.362  INFO     RX        /ERR/LOKO/0x00000002
17:28:10.362  INFO     RX        /ERR/LOKO/0x00000002
17:28:10.392  INFO     RX        /ERR/LOKO/0x00000002
17:28:10.393  INFO     RX        /ERR/LOKO/0x00000002
17:28:10.424  INFO     RX        /ERR/LOKO/0x00000002
17:28:10.424  INFO     RX        /ERR/LOKO/0x00000002
17:28:10.424  INFO     RX        /ERR/LOKO/0x00000002
17:28:10.460  INFO     RX        /ERR/LOKO/0x00000002
17:28:10.460  INFO     RX        /ERR/LOKO/0x00000002
17:28:10.460  INFO     RX        /ERR/LOKO/0x00000002
17:28:10.492  INFO     RX        /ERR/LOKO/0x00000002
17:28:10.492  INFO     RX        /ERR/LOKO/0x00000002
17:28:10.492  INFO     RX        /ERR/LOKO/0x00000002
17:28:10.522  INFO     RX        /ERR/LOKO/0x00000002
17:28:10.522  INFO     RX        /ERR/LOKO/0x00000002
17:28:10.557  INFO     RX        /ERR/LOKO/0x00000002
17:28:10.557  INFO     RX        /ERR/LOKO/0x00000002
17:28:10.557  INFO     RX        /ERR/LOKO/0x00000002
17:28:10.590  INFO     RX        /ERR/LOKO/0x00000002
17:28:10.590  INFO     RX        /ERR/LOKO/0x00000002
17:28:10.590  INFO     RX        /ERR/LOKO/0x00000002
17:28:10.619  INFO     RX        /ERR/LOKO/0x00000002
17:28:10.619  INFO     RX        /ERR/LOKO/0x00000002
17:28:10.655  INFO     RX        /ERR/LOKO/0x00000002
17:28:10.655  INFO     RX        /ERR/LOKO/0x00000002
17:28:10.655  INFO     RX        /ERR/LOKO/0x00000002
17:28:10.684  INFO     RX        /ERR/LOKO/0x00000002
17:28:10.684  INFO     RX        /ERR/LOKO/0x00000002
17:28:10.684  INFO     RX        /ERR/LOKO/0x00000002
17:28:10.715  INFO     RX        /ERR/LOKO/0x00000002
17:28:10.716  INFO     RX        /ERR/LOKO/0x00000002
17:28:10.716  INFO     RX        /ERR/LOKO/0x00000002
17:28:10.748  INFO     RX        /ERR/LOKO/0x00000002
17:28:10.748  INFO     RX        /ERR/LOKO/0x00000002
17:28:10.782  INFO     RX        /ERR/LOKO/0x00000002
17:28:10.782  INFO     RX        /ERR/LOKO/0x00000002
17:28:10.782  INFO     RX        /ERR/LOKO/0x00000002
17:28:10.811  INFO     RX        /ERR/LOKO/0x00000002
17:28:10.812  INFO     RX        /ERR/LOKO/0x00000002
17:28:10.812  INFO     RX        /ERR/LOKO/0x00000002
17:28:10.846  INFO     RX        /ERR/LOKO/0x00000002
17:28:10.846  INFO     RX        /ERR/LOKO/0x00000002
17:28:10.846  INFO     RX        /ERR/LOKO/0x00000002
17:28:10.876  INFO     RX        /ERR/LOKO/0x00000002
17:28:10.876  INFO     RX        /ERR/LOKO/0x00000002
17:28:10.908  INFO     RX        /ERR/LOKO/0x00000002
17:28:11.483  DEBUG    TX /CONTROLL/0,0,0,0,0,0,0,0,0
17:28:11.585  INFO     RX        /ERR/LOKO/0x00000002
17:28:11.585  INFO     RX        /ERR/LOKO/0x00000002
17:28:11.619  INFO     RX        /ERR/LOKO/0x00000002
17:28:11.619  INFO     RX        /ERR/LOKO/0x00000002
17:28:11.648  INFO     RX        /ERR/LOKO/0x00000002
17:28:11.648  INFO     RX        /ERR/LOKO/0x00000002
17:28:11.648  INFO     RX        /ERR/LOKO/0x00000002
17:28:11.683  INFO     RX        /ERR/LOKO/0x00000002
17:28:11.684  INFO     RX        /ERR/LOKO/0x00000002
17:28:11.684  INFO     RX        /ERR/LOKO/0x00000002
17:28:11.713  INFO     RX        /ERR/LOKO/0x00000002
17:28:11.713  INFO     RX        /ERR/LOKO/0x00000002
17:28:11.748  INFO     RX        /ERR/LOKO/0x00000002
17:28:11.749  INFO     RX        /ERR/LOKO/0x00000002
17:28:11.749  INFO     RX        /ERR/LOKO/0x00000002
17:28:11.777  INFO     RX        /ERR/LOKO/0x00000002
17:28:11.777  INFO     RX        /ERR/LOKO/0x00000002
17:28:11.777  INFO     RX        /ERR/LOKO/0x00000002
17:28:11.809  INFO     RX        /ERR/LOKO/0x00000002
17:28:11.810  INFO     RX        /ERR/LOKO/0x00000002
17:28:11.810  INFO     RX        /ERR/LOKO/0x00000002
17:28:11.845  INFO     RX        /ERR/LOKO/0x00000002
17:28:11.845  INFO     RX        /ERR/LOKO/0x00000002
17:28:11.877  INFO     RX        /ERR/LOKO/0x00000002
17:28:11.877  INFO     RX        /ERR/LOKO/0x00000002
17:28:11.877  INFO     RX        /ERR/LOKO/0x00000002
17:28:11.909  INFO     RX        /ERR/LOKO/0x00000002
17:28:11.973  INFO     RX        /ERR/LOKO/0x00000002
17:28:12.006  INFO     RX        /ERR/LOKO/0x00000002
17:28:12.038  INFO     RX        /ERR/LOKO/0x00000002
17:28:12.105  INFO     RX        /ERR/LOKO/0x00000002
17:28:12.133  INFO     RX        /ERR/LOKO/0x00000002
17:28:12.169  INFO     RX        /ERR/LOKO/0x00000002
17:28:12.201  INFO     RX        /ERR/LOKO/0x00000002
17:28:12.233  INFO     RX        /ERR/LOKO/0x00000002
17:28:12.297  INFO     RX        /ERR/LOKO/0x00000002
17:28:12.330  INFO     RX        /ERR/LOKO/0x00000002
17:28:12.362  INFO     RX        /ERR/LOKO/0x00000002
17:28:12.391  INFO     RX        /ERR/LOKO/0x00000002
17:28:12.425  INFO     RX        /ERR/LOKO/0x00000002
17:28:12.489  INFO     RX        /ERR/LOKO/0x00000002
17:28:12.519  INFO     RX        /ERR/LOKO/0x00000002
17:28:12.555  INFO     RX        /ERR/LOKO/0x00000002
17:28:12.585  INFO     RX        /ERR/LOKO/0x00000002
17:28:12.650  INFO     RX        /ERR/LOKO/0x00000002
17:28:12.680  INFO     RX        /ERR/LOKO/0x00000002
17:28:12.714  INFO     RX        /ERR/LOKO/0x00000002
17:28:12.747  INFO     RX        /ERR/LOKO/0x00000002
17:28:12.776  INFO     RX        /ERR/LOKO/0x00000002
17:28:12.811  INFO     RX        /ERR/LOKO/0x00000002
17:28:12.876  INFO     RX        /ERR/LOKO/0x00000002
17:28:12.941  INFO     RX        /ERR/LOKO/0x00000002
17:28:12.974  INFO     RX        /ERR/LOKO/0x00000002
17:28:13.005  INFO     RX        /ERR/LOKO/0x00000002
17:28:13.069  INFO     RX        /ERR/LOKO/0x00000002
17:28:13.095  DEBUG    TX /CONTROLL/-70,35,0,0,0,0,0,0,2
17:28:13.102  INFO     RX        /ERR/LOKO/0x00000002
17:28:13.132  INFO     RX        /ERR/LOKO/0x00000002
17:28:13.168  INFO     RX        /ERR/LOKO/0x00000002
17:28:13.229  INFO     RX        /ERR/LOKO/0x00000002
17:28:13.262  INFO     RX        /ERR/LOKO/0x00000002
17:28:13.291  INFO     RX        /ERR/LOKO/0x00000002
17:28:13.427  INFO     RX        /ERR/LOKO/0x00000002
17:28:13.428  INFO     RX        /ERR/LOKO/0x00000002
17:28:13.428  INFO     RX        /ERR/LOKO/0x00000002
17:28:13.430  INFO     RX        /ERR/LOKO/0x00000002
17:28:13.485  INFO     RX        /ERR/LOKO/0x00000002
17:28:13.517  INFO     RX        /ERR/LOKO/0x00000002
17:28:13.552  INFO     RX        /ERR/LOKO/0x00000002
17:28:13.618  INFO     RX        /ERR/LOKO/0x00000002
17:28:13.649  INFO     RX        /ERR/LOKO/0x00000002
17:28:13.683  INFO     RX        /ERR/LOKO/0x00000002
17:28:13.710  INFO     RX        /ERR/LOKO/0x00000002
17:28:13.810  INFO     RX        /ERR/LOKO/0x00000002
17:28:13.840  INFO     RX        /ERR/LOKO/0x00000002
17:28:13.875  INFO     RX        /ERR/LOKO/0x00000002
17:28:13.906  INFO     RX        /ERR/LOKO/0x00000002
17:28:13.941  INFO     RX        /ERR/LOKO/0x00000002
17:28:14.005  INFO     RX        /ERR/LOKO/0x00000002
17:28:14.038  INFO     RX        /ERR/LOKO/0x00000002
17:28:14.070  INFO     RX        /ERR/LOKO/0x00000002
17:28:14.101  INFO     RX        /ERR/LOKO/0x00000002
17:28:14.138  INFO     RX        /ERR/LOKO/0x00000002
17:28:14.201  INFO     RX        /ERR/LOKO/0x00000002
17:28:14.230  INFO     RX        /ERR/LOKO/0x00000002
17:28:14.271  INFO     RX        /ERR/LOKO/0x00000002
17:28:14.295  INFO     RX        /ERR/LOKO/0x00000002
17:28:14.330  INFO     RX        /ERR/LOKO/0x00000002
17:28:14.362  INFO     RX        /ERR/LOKO/0x00000002
17:28:14.427  INFO     RX        /ERR/LOKO/0x00000002
17:28:14.456  INFO     RX        /ERR/LOKO/0x00000002
17:28:14.488  INFO     RX        /ERR/LOKO/0x00000002
17:28:14.524  INFO     RX        /ERR/LOKO/0x00000002
17:28:14.586  INFO     RX        /ERR/LOKO/0x00000002
17:28:14.650  INFO     RX        /ERR/LOKO/0x00000002
17:28:14.684  INFO     RX        /ERR/LOKO/0x00000002
17:28:14.710  DEBUG    TX /CONTROLL/-70,34,0,0,0,0,0,0,2
17:28:14.713  INFO     RX        /ERR/LOKO/0x00000002
17:28:14.749  INFO     RX        /ERR/LOKO/0x00000002
17:28:14.813  INFO     RX        /ERR/LOKO/0x00000002
17:28:14.842  INFO     RX        /ERR/LOKO/0x00000002
17:28:14.877  INFO     RX        /ERR/LOKO/0x00000002
17:28:14.877  INFO     RX        /ERR/LOKO/0x00000002
17:28:14.910  INFO     RX        /ERR/LOKO/0x00000002
17:28:16.322  DEBUG    TX /CONTROLL/0,0,0,0,0,0,0,0,0
17:28:17.932  DEBUG    TX /CONTROLL/0,0,0,0,0,0,0,0,0
17:28:19.538  DEBUG    TX /CONTROLL/0,0,0,0,0,0,0,0,0
17:28:21.154  DEBUG    TX /CONTROLL/0,0,0,0,0,0,0,0,0
17:28:22.764  DEBUG    TX /CONTROLL/0,0,0,0,0,0,0,0,0
17:28:23.378  INFO     RX        /ERR/LOKO/0x00000002
17:28:23.378  INFO     RX        /ERR/LOKO/0x00000002
17:28:23.411  INFO     RX        /ERR/LOKO/0x00000002
17:28:23.411  INFO     RX        /ERR/LOKO/0x00000002
17:28:23.440  INFO     RX        /ERR/LOKO/0x00000002
17:28:23.440  INFO     RX        /ERR/LOKO/0x00000002
17:28:23.440  INFO     RX        /ERR/LOKO/0x00000002
17:28:23.475  INFO     RX        /ERR/LOKO/0x00000002
17:28:23.475  INFO     RX        /ERR/LOKO/0x00000002
17:28:23.475  INFO     RX        /ERR/LOKO/0x00000002
17:28:23.504  INFO     RX        /ERR/LOKO/0x00000002
17:28:23.504  INFO     RX        /ERR/LOKO/0x00000002
17:28:23.538  INFO     RX        /ERR/LOKO/0x00000002
17:28:23.538  INFO     RX        /ERR/LOKO/0x00000002
17:28:23.538  INFO     RX        /ERR/LOKO/0x00000002
17:28:23.572  INFO     RX        /ERR/LOKO/0x00000002
17:28:23.572  INFO     RX        /ERR/LOKO/0x00000002
17:28:23.572  INFO     RX        /ERR/LOKO/0x00000002
17:28:23.600  INFO     RX        /ERR/LOKO/0x00000002
17:28:23.600  INFO     RX        /ERR/LOKO/0x00000002
17:28:23.600  INFO     RX        /ERR/LOKO/0x00000002
17:28:23.636  INFO     RX        /ERR/LOKO/0x00000002
17:28:23.636  INFO     RX        /ERR/LOKO/0x00000002
17:28:23.636  INFO     RX        /ERR/LOKO/0x00000002
17:28:23.665  INFO     RX        /ERR/LOKO/0x00000002
17:28:23.665  INFO     RX        /ERR/LOKO/0x00000002
17:28:23.700  INFO     RX        /ERR/LOKO/0x00000002
17:28:23.700  INFO     RX        /ERR/LOKO/0x00000002
17:28:23.700  INFO     RX        /ERR/LOKO/0x00000002
17:28:23.729  INFO     RX        /ERR/LOKO/0x00000002
17:28:23.729  INFO     RX        /ERR/LOKO/0x00000002
17:28:23.729  INFO     RX        /ERR/LOKO/0x00000002
17:28:23.764  INFO     RX        /ERR/LOKO/0x00000002
17:28:23.764  INFO     RX        /ERR/LOKO/0x00000002
17:28:23.764  INFO     RX        /ERR/LOKO/0x00000002
17:28:23.793  INFO     RX        /ERR/LOKO/0x00000002
17:28:23.793  INFO     RX        /ERR/LOKO/0x00000002
17:28:23.827  INFO     RX        /ERR/LOKO/0x00000002
17:28:23.827  INFO     RX        /ERR/LOKO/0x00000002
17:28:23.827  INFO     RX        /ERR/LOKO/0x00000002
17:28:23.860  INFO     RX        /ERR/LOKO/0x00000002
17:28:23.861  INFO     RX        /ERR/LOKO/0x00000002
17:28:23.861  INFO     RX        /ERR/LOKO/0x00000002
17:28:23.892  INFO     RX        /ERR/LOKO/0x00000002
17:28:23.892  INFO     RX        /ERR/LOKO/0x00000002
17:28:23.928  INFO     RX        /ERR/LOKO/0x00000002
17:28:23.929  INFO     RX        /ERR/LOKO/0x00000002
17:28:23.929  INFO     RX        /ERR/LOKO/0x00000002
17:28:23.957  INFO     RX        /ERR/LOKO/0x00000002
17:28:23.957  INFO     RX        /ERR/LOKO/0x00000002
17:28:23.957  INFO     RX        /ERR/LOKO/0x00000002
17:28:23.991  INFO     RX        /ERR/LOKO/0x00000002
17:28:23.991  INFO     RX        /ERR/LOKO/0x00000002
17:28:23.992  INFO     RX        /ERR/LOKO/0x00000002
17:28:24.021  INFO     RX        /ERR/LOKO/0x00000002
17:28:24.021  INFO     RX        /ERR/LOKO/0x00000002
17:28:24.056  INFO     RX        /ERR/LOKO/0x00000002
17:28:24.056  INFO     RX        /ERR/LOKO/0x00000002
17:28:24.056  INFO     RX        /ERR/LOKO/0x00000002
17:28:24.085  INFO     RX        /ERR/LOKO/0x00000002
17:28:24.085  INFO     RX        /ERR/LOKO/0x00000002
17:28:24.085  INFO     RX        /ERR/LOKO/0x00000002
17:28:24.119  INFO     RX        /ERR/LOKO/0x00000002
17:28:24.119  INFO     RX        /ERR/LOKO/0x00000002
17:28:24.119  INFO     RX        /ERR/LOKO/0x00000002
17:28:24.149  INFO     RX        /ERR/LOKO/0x00000002
17:28:24.149  INFO     RX        /ERR/LOKO/0x00000002
17:28:24.184  INFO     RX        /ERR/LOKO/0x00000002
17:28:24.184  INFO     RX        /ERR/LOKO/0x00000002
17:28:24.184  INFO     RX        /ERR/LOKO/0x00000002
17:28:24.213  INFO     RX        /ERR/LOKO/0x00000002
17:28:24.213  INFO     RX        /ERR/LOKO/0x00000002
17:28:24.213  INFO     RX        /ERR/LOKO/0x00000002
17:28:24.248  INFO     RX        /ERR/LOKO/0x00000002
17:28:24.248  INFO     RX        /ERR/LOKO/0x00000002
17:28:24.248  INFO     RX        /ERR/LOKO/0x00000002
17:28:24.278  INFO     RX        /ERR/LOKO/0x00000002
17:28:24.278  INFO     RX        /ERR/LOKO/0x00000002
17:28:24.312  INFO     RX        /ERR/LOKO/0x00000002
17:28:24.312  INFO     RX        /ERR/LOKO/0x00000002
17:28:24.312  INFO     RX        /ERR/LOKO/0x00000002
17:28:24.341  INFO     RX        /ERR/LOKO/0x00000002
17:28:24.341  INFO     RX        /ERR/LOKO/0x00000002
17:28:24.370  DEBUG    TX /CONTROLL/0,0,0,-36,0,0,0,0,0
17:28:24.374  INFO     RX        /ERR/LOKO/0x00000002
17:28:24.374  INFO     RX        /ERR/LOKO/0x00000002
17:28:24.374  INFO     RX        /ERR/LOKO/0x00000002
17:28:24.408  INFO     RX        /ERR/LOKO/0x00000002
17:28:24.408  INFO     RX        /ERR/LOKO/0x00000002
17:28:24.408  INFO     RX        /ERR/LOKO/0x00000002
17:28:24.437  INFO     RX        /ERR/LOKO/0x00000002
17:28:24.437  INFO     RX        /ERR/LOKO/0x00000002
17:28:24.437  INFO     RX        /ERR/LOKO/0x00000002
17:28:24.469  INFO     RX        /ERR/LOKO/0x00000002
17:28:24.470  INFO     RX        /ERR/LOKO/0x00000002
17:28:24.503  INFO     RX        /ERR/LOKO/0x00000002
17:28:24.503  INFO     RX        /ERR/LOKO/0x00000002
17:28:24.503  INFO     RX        /ERR/LOKO/0x00000002
17:28:24.538  INFO     RX        /ERR/LOKO/0x00000002
17:28:24.538  INFO     RX        /ERR/LOKO/0x00000002
17:28:24.538  INFO     RX        /ERR/LOKO/0x00000002
17:28:24.567  INFO     RX        /ERR/LOKO/0x00000002
17:28:24.567  INFO     RX        /ERR/LOKO/0x00000002
17:28:24.601  INFO     RX        /ERR/LOKO/0x00000002
17:28:24.601  INFO     RX        /ERR/LOKO/0x00000002
17:28:24.601  INFO     RX        /ERR/LOKO/0x00000002
17:28:24.636  INFO     RX        /ERR/LOKO/0x00000002
17:28:24.636  INFO     RX        /ERR/LOKO/0x00000002
17:28:24.636  INFO     RX        /ERR/LOKO/0x00000002
17:28:24.663  INFO     RX        /ERR/LOKO/0x00000002
17:28:24.663  INFO     RX        /ERR/LOKO/0x00000002
17:28:24.663  INFO     RX        /ERR/LOKO/0x00000002
17:28:24.698  INFO     RX        /ERR/LOKO/0x00000002
17:28:24.698  INFO     RX        /ERR/LOKO/0x00000002
17:28:24.698  INFO     RX        /ERR/LOKO/0x00000002
17:28:24.731  INFO     RX        /ERR/LOKO/0x00000002
17:28:24.731  INFO     RX        /ERR/LOKO/0x00000002
17:28:24.765  INFO     RX        /ERR/LOKO/0x00000002
17:28:24.766  INFO     RX        /ERR/LOKO/0x00000002
17:28:24.766  INFO     RX        /ERR/LOKO/0x00000002
17:28:24.792  INFO     RX        /ERR/LOKO/0x00000002
17:28:24.792  INFO     RX        /ERR/LOKO/0x00000002
17:28:24.792  INFO     RX        /ERR/LOKO/0x00000002
17:28:24.826  INFO     RX        /ERR/LOKO/0x00000002
17:28:24.826  INFO     RX        /ERR/LOKO/0x00000002
17:28:24.826  INFO     RX        /ERR/LOKO/0x00000002
17:28:24.857  INFO     RX        /ERR/LOKO/0x00000002
17:28:24.857  INFO     RX        /ERR/LOKO/0x00000002
17:28:24.890  INFO     RX        /ERR/LOKO/0x00000002
17:28:24.891  INFO     RX        /ERR/LOKO/0x00000002
17:28:24.891  INFO     RX        /ERR/LOKO/0x00000002
17:28:24.921  INFO     RX        /ERR/LOKO/0x00000002
17:28:25.341  INFO     RX        /ERR/LOKO/0x00000002
17:28:25.376  INFO     RX        /ERR/LOKO/0x00000002
17:28:25.376  INFO     RX        /ERR/LOKO/0x00000002
17:28:25.376  INFO     RX        /ERR/LOKO/0x00000002
17:28:25.405  INFO     RX        /ERR/LOKO/0x00000002
17:28:25.405  INFO     RX        /ERR/LOKO/0x00000002
17:28:25.405  INFO     RX        /ERR/LOKO/0x00000002
17:28:25.439  INFO     RX        /ERR/LOKO/0x00000002
17:28:25.439  INFO     RX        /ERR/LOKO/0x00000002
17:28:25.439  INFO     RX        /ERR/LOKO/0x00000002
17:28:25.469  INFO     RX        /ERR/LOKO/0x00000002
17:28:25.469  INFO     RX        /ERR/LOKO/0x00000002
17:28:25.505  INFO     RX        /ERR/LOKO/0x00000002
17:28:25.505  INFO     RX        /ERR/LOKO/0x00000002
17:28:25.505  INFO     RX        /ERR/LOKO/0x00000002
17:28:25.538  INFO     RX        /ERR/LOKO/0x00000002
17:28:25.538  INFO     RX        /ERR/LOKO/0x00000002
17:28:25.538  INFO     RX        /ERR/LOKO/0x00000002
17:28:25.570  INFO     RX        /ERR/LOKO/0x00000002
17:28:25.570  INFO     RX        /ERR/LOKO/0x00000002
17:28:25.570  INFO     RX        /ERR/LOKO/0x00000002
17:28:25.602  INFO     RX        /ERR/LOKO/0x00000002
17:28:25.602  INFO     RX        /ERR/LOKO/0x00000002
17:28:25.634  INFO     RX        /ERR/LOKO/0x00000002
17:28:25.634  INFO     RX        /ERR/LOKO/0x00000002
17:28:25.634  INFO     RX        /ERR/LOKO/0x00000002
17:28:25.666  INFO     RX        /ERR/LOKO/0x00000002
17:28:25.666  INFO     RX        /ERR/LOKO/0x00000002
17:28:25.666  INFO     RX        /ERR/LOKO/0x00000002
17:28:25.702  INFO     RX        /ERR/LOKO/0x00000002
17:28:25.702  INFO     RX        /ERR/LOKO/0x00000002
17:28:25.702  INFO     RX        /ERR/LOKO/0x00000002
17:28:25.728  INFO     RX        /ERR/LOKO/0x00000002
17:28:25.728  INFO     RX        /ERR/LOKO/0x00000002
17:28:25.765  INFO     RX        /ERR/LOKO/0x00000002
17:28:25.765  INFO     RX        /ERR/LOKO/0x00000002
17:28:25.765  INFO     RX        /ERR/LOKO/0x00000002
17:28:25.792  INFO     RX        /ERR/LOKO/0x00000002
17:28:25.792  INFO     RX        /ERR/LOKO/0x00000002
17:28:25.792  INFO     RX        /ERR/LOKO/0x00000002
17:28:25.829  INFO     RX        /ERR/LOKO/0x00000002
17:28:25.829  INFO     RX        /ERR/LOKO/0x00000002
17:28:25.829  INFO     RX        /ERR/LOKO/0x00000002
17:28:25.856  INFO     RX        /ERR/LOKO/0x00000002
17:28:25.856  INFO     RX        /ERR/LOKO/0x00000002
17:28:25.891  INFO     RX        /ERR/LOKO/0x00000002
17:28:25.891  INFO     RX        /ERR/LOKO/0x00000002
17:28:25.891  INFO     RX        /ERR/LOKO/0x00000002
17:28:25.920  INFO     RX        /ERR/LOKO/0x00000002
17:28:25.920  INFO     RX        /ERR/LOKO/0x00000002
17:28:25.920  INFO     RX        /ERR/LOKO/0x00000002
17:28:25.954  INFO     RX        /ERR/LOKO/0x00000002
17:28:25.954  INFO     RX        /ERR/LOKO/0x00000002
17:28:25.954  INFO     RX        /ERR/LOKO/0x00000002
17:28:25.981  DEBUG    TX /CONTROLL/0,12,0,57,0,0,0,0,0
17:28:25.988  INFO     RX        /ERR/LOKO/0x00000002
17:28:25.988  INFO     RX        /ERR/LOKO/0x00000002
17:28:26.016  INFO     RX        /ERR/LOKO/0x00000002
17:28:26.017  INFO     RX        /ERR/LOKO/0x00000002
17:28:26.017  INFO     RX        /ERR/LOKO/0x00000002
17:28:26.051  INFO     RX        /ERR/LOKO/0x00000002
17:28:26.051  INFO     RX        /ERR/LOKO/0x00000002
17:28:26.051  INFO     RX        /ERR/LOKO/0x00000002
17:28:26.081  INFO     RX        /ERR/LOKO/0x00000002
17:28:26.081  INFO     RX        /ERR/LOKO/0x00000002
17:28:26.116  INFO     RX        /ERR/LOKO/0x00000002
17:28:26.116  INFO     RX        /ERR/LOKO/0x00000002
17:28:26.116  INFO     RX        /ERR/LOKO/0x00000002
17:28:26.146  INFO     RX        /ERR/LOKO/0x00000002
17:28:26.146  INFO     RX        /ERR/LOKO/0x00000002
17:28:26.146  INFO     RX        /ERR/LOKO/0x00000002
17:28:26.177  INFO     RX        /ERR/LOKO/0x00000002
17:28:26.177  INFO     RX        /ERR/LOKO/0x00000002
17:28:26.212  INFO     RX        /ERR/LOKO/0x00000002
17:28:26.212  INFO     RX        /ERR/LOKO/0x00000002
17:28:26.212  INFO     RX        /ERR/LOKO/0x00000002
17:28:26.242  INFO     RX        /ERR/LOKO/0x00000002
17:28:26.242  INFO     RX        /ERR/LOKO/0x00000002
17:28:26.242  INFO     RX        /ERR/LOKO/0x00000002
17:28:26.277  INFO     RX        /ERR/LOKO/0x00000002
17:28:26.277  INFO     RX        /ERR/LOKO/0x00000002
17:28:26.277  INFO     RX        /ERR/LOKO/0x00000002
17:28:26.396  INFO     RX        /ERR/LOKO/0x00000002
17:28:26.396  INFO     RX        /ERR/LOKO/0x00000002
17:28:26.396  INFO     RX        /ERR/LOKO/0x00000002
17:28:26.396  INFO     RX        /ERR/LOKO/0x00000002
17:28:26.396  INFO     RX        /ERR/LOKO/0x00000002
17:28:26.396  INFO     RX        /ERR/LOKO/0x00000002
17:28:26.396  INFO     RX        /ERR/LOKO/0x00000002
17:28:26.396  INFO     RX        /ERR/LOKO/0x00000002
17:28:26.396  INFO     RX        /ERR/LOKO/0x00000002
17:28:26.396  INFO     RX        /ERR/LOKO/0x00000002
17:28:26.402  INFO     RX        /ERR/LOKO/0x00000002
17:28:26.439  INFO     RX        /ERR/LOKO/0x00000002
17:28:26.439  INFO     RX        /ERR/LOKO/0x00000002
17:28:26.439  INFO     RX        /ERR/LOKO/0x00000002
17:28:26.467  INFO     RX        /ERR/LOKO/0x00000002
17:28:26.979  INFO     RX        /ERR/LOKO/0x00000002
17:28:27.014  INFO     RX        /ERR/LOKO/0x00000002
17:28:27.014  INFO     RX        /ERR/LOKO/0x00000002
17:28:27.014  INFO     RX        /ERR/LOKO/0x00000002
17:28:27.044  INFO     RX        /ERR/LOKO/0x00000002
17:28:27.044  INFO     RX        /ERR/LOKO/0x00000002
17:28:27.044  INFO     RX        /ERR/LOKO/0x00000002
17:28:27.081  INFO     RX        /ERR/LOKO/0x00000002
17:28:27.081  INFO     RX        /ERR/LOKO/0x00000002
17:28:27.081  INFO     RX        /ERR/LOKO/0x00000002
17:28:27.109  INFO     RX        /ERR/LOKO/0x00000002
17:28:27.109  INFO     RX        /ERR/LOKO/0x00000002
17:28:27.144  INFO     RX        /ERR/LOKO/0x00000002
17:28:27.144  INFO     RX        /ERR/LOKO/0x00000002
17:28:27.144  INFO     RX        /ERR/LOKO/0x00000002
17:28:27.177  INFO     RX        /ERR/LOKO/0x00000002
17:28:27.177  INFO     RX        /ERR/LOKO/0x00000002
17:28:27.208  INFO     RX        /ERR/LOKO/0x00000002
17:28:27.208  INFO     RX        /ERR/LOKO/0x00000002
17:28:27.208  INFO     RX        /ERR/LOKO/0x00000002
17:28:27.241  INFO     RX        /ERR/LOKO/0x00000002
17:28:27.241  INFO     RX        /ERR/LOKO/0x00000002
17:28:27.241  INFO     RX        /ERR/LOKO/0x00000002
17:28:27.270  INFO     RX        /ERR/LOKO/0x00000002
17:28:27.270  INFO     RX        /ERR/LOKO/0x00000002
17:28:27.270  INFO     RX        /ERR/LOKO/0x00000002
17:28:27.301  INFO     RX        /ERR/LOKO/0x00000002
17:28:27.301  INFO     RX        /ERR/LOKO/0x00000002
17:28:27.336  INFO     RX        /ERR/LOKO/0x00000002
17:28:27.336  INFO     RX        /ERR/LOKO/0x00000002
17:28:27.336  INFO     RX        /ERR/LOKO/0x00000002
17:28:27.366  INFO     RX        /ERR/LOKO/0x00000002
17:28:27.366  INFO     RX        /ERR/LOKO/0x00000002
17:28:27.366  INFO     RX        /ERR/LOKO/0x00000002
17:28:27.399  INFO     RX        /ERR/LOKO/0x00000002
17:28:27.399  INFO     RX        /ERR/LOKO/0x00000002
17:28:27.399  INFO     RX        /ERR/LOKO/0x00000002
17:28:27.432  INFO     RX        /ERR/LOKO/0x00000002
17:28:27.432  INFO     RX        /ERR/LOKO/0x00000002
17:28:27.466  INFO     RX        /ERR/LOKO/0x00000002
17:28:27.466  INFO     RX        /ERR/LOKO/0x00000002
17:28:27.466  INFO     RX        /ERR/LOKO/0x00000002
17:28:27.497  INFO     RX        /ERR/LOKO/0x00000002
17:28:27.498  INFO     RX        /ERR/LOKO/0x00000002
17:28:27.498  INFO     RX        /ERR/LOKO/0x00000002
17:28:27.528  INFO     RX        /ERR/LOKO/0x00000002
17:28:27.528  INFO     RX        /ERR/LOKO/0x00000002
17:28:27.528  INFO     RX        /ERR/LOKO/0x00000002
17:28:27.566  INFO     RX        /ERR/LOKO/0x00000002
17:28:27.588  DEBUG    TX /CONTROLL/0,0,0,0,0,0,0,0,0
17:28:27.946  INFO     RX        /ERR/LOKO/0x00000002
17:28:27.946  INFO     RX        /ERR/LOKO/0x00000002
17:28:27.975  INFO     RX        /ERR/LOKO/0x00000002
17:28:27.975  INFO     RX        /ERR/LOKO/0x00000002
17:28:27.975  INFO     RX        /ERR/LOKO/0x00000002
17:28:28.010  INFO     RX        /ERR/LOKO/0x00000002
17:28:28.010  INFO     RX        /ERR/LOKO/0x00000002
17:28:28.010  INFO     RX        /ERR/LOKO/0x00000002
17:28:28.040  INFO     RX        /ERR/LOKO/0x00000002
17:28:28.040  INFO     RX        /ERR/LOKO/0x00000002
17:28:28.075  INFO     RX        /ERR/LOKO/0x00000002
17:28:28.075  INFO     RX        /ERR/LOKO/0x00000002
17:28:28.075  INFO     RX        /ERR/LOKO/0x00000002
17:28:28.111  INFO     RX        /ERR/LOKO/0x00000002
17:28:28.111  INFO     RX        /ERR/LOKO/0x00000002
17:28:28.111  INFO     RX        /ERR/LOKO/0x00000002
17:28:28.136  INFO     RX        /ERR/LOKO/0x00000002
17:28:28.136  INFO     RX        /ERR/LOKO/0x00000002
17:28:28.171  INFO     RX        /ERR/LOKO/0x00000002
17:28:28.171  INFO     RX        /ERR/LOKO/0x00000002
17:28:28.171  INFO     RX        /ERR/LOKO/0x00000002
17:28:28.200  INFO     RX        /ERR/LOKO/0x00000002
17:28:28.200  INFO     RX        /ERR/LOKO/0x00000002
17:28:28.200  INFO     RX        /ERR/LOKO/0x00000002
17:28:28.235  INFO     RX        /ERR/LOKO/0x00000002
17:28:28.235  INFO     RX        /ERR/LOKO/0x00000002
17:28:28.235  INFO     RX        /ERR/LOKO/0x00000002
17:28:28.264  INFO     RX        /ERR/LOKO/0x00000002
17:28:28.264  INFO     RX        /ERR/LOKO/0x00000002
17:28:28.299  INFO     RX        /ERR/LOKO/0x00000002
17:28:28.300  INFO     RX        /ERR/LOKO/0x00000002
17:28:28.300  INFO     RX        /ERR/LOKO/0x00000002
17:28:28.329  INFO     RX        /ERR/LOKO/0x00000002
17:28:28.329  INFO     RX        /ERR/LOKO/0x00000002
17:28:28.329  INFO     RX        /ERR/LOKO/0x00000002
17:28:28.363  INFO     RX        /ERR/LOKO/0x00000002
17:28:28.363  INFO     RX        /ERR/LOKO/0x00000002
17:28:28.363  INFO     RX        /ERR/LOKO/0x00000002
17:28:28.397  INFO     RX        /ERR/LOKO/0x00000002
17:28:28.398  INFO     RX        /ERR/LOKO/0x00000002
17:28:28.429  INFO     RX        /ERR/LOKO/0x00000002
17:28:28.429  INFO     RX        /ERR/LOKO/0x00000002
17:28:28.429  INFO     RX        /ERR/LOKO/0x00000002
17:28:28.461  INFO     RX        /ERR/LOKO/0x00000002
17:28:28.461  INFO     RX        /ERR/LOKO/0x00000002
17:28:28.461  INFO     RX        /ERR/LOKO/0x00000002
17:28:28.497  INFO     RX        /ERR/LOKO/0x00000002
17:28:28.497  INFO     RX        /ERR/LOKO/0x00000002
17:28:28.497  INFO     RX        /ERR/LOKO/0x00000002
17:28:28.523  INFO     RX        /ERR/LOKO/0x00000002
17:28:28.523  INFO     RX        /ERR/LOKO/0x00000002
17:28:28.556  INFO     RX        /ERR/LOKO/0x00000002
17:28:28.557  INFO     RX        /ERR/LOKO/0x00000002
17:28:28.557  INFO     RX        /ERR/LOKO/0x00000002
17:28:28.590  INFO     RX        /ERR/LOKO/0x00000002
17:28:28.590  INFO     RX        /ERR/LOKO/0x00000002
17:28:28.590  INFO     RX        /ERR/LOKO/0x00000002
17:28:28.622  INFO     RX        /ERR/LOKO/0x00000002
17:28:28.622  INFO     RX        /ERR/LOKO/0x00000002
17:28:28.654  INFO     RX        /ERR/LOKO/0x00000002
17:28:28.654  INFO     RX        /ERR/LOKO/0x00000002
17:28:28.654  INFO     RX        /ERR/LOKO/0x00000002
17:28:28.685  INFO     RX        /ERR/LOKO/0x00000002
17:28:28.686  INFO     RX        /ERR/LOKO/0x00000002
17:28:28.686  INFO     RX        /ERR/LOKO/0x00000002
17:28:28.719  INFO     RX        /ERR/LOKO/0x00000002
17:28:28.719  INFO     RX        /ERR/LOKO/0x00000002
17:28:28.719  INFO     RX        /ERR/LOKO/0x00000002
17:28:28.748  INFO     RX        /ERR/LOKO/0x00000002
17:28:29.196  DEBUG    TX /CONTROLL/0,0,0,0,0,0,0,0,0
17:28:29.489  INFO     RX        /ERR/LOKO/0x00000002
17:28:29.489  INFO     RX        /ERR/LOKO/0x00000002
17:28:29.522  INFO     RX        /ERR/LOKO/0x00000002
17:28:29.522  INFO     RX        /ERR/LOKO/0x00000002
17:28:29.522  INFO     RX        /ERR/LOKO/0x00000002
17:28:29.557  INFO     RX        /ERR/LOKO/0x00000002
17:28:29.557  INFO     RX        /ERR/LOKO/0x00000002
17:28:29.557  INFO     RX        /ERR/LOKO/0x00000002
17:28:29.586  INFO     RX        /ERR/LOKO/0x00000002
17:28:29.586  INFO     RX        /ERR/LOKO/0x00000002
17:28:29.618  INFO     RX        /ERR/LOKO/0x00000002
17:28:29.618  INFO     RX        /ERR/LOKO/0x00000002
17:28:29.618  INFO     RX        /ERR/LOKO/0x00000002
17:28:29.652  INFO     RX        /ERR/LOKO/0x00000002
17:28:29.652  INFO     RX        /ERR/LOKO/0x00000002
17:28:29.652  INFO     RX        /ERR/LOKO/0x00000002
17:28:29.685  INFO     RX        /ERR/LOKO/0x00000002
17:28:29.685  INFO     RX        /ERR/LOKO/0x00000002
17:28:29.685  INFO     RX        /ERR/LOKO/0x00000002
17:28:29.717  INFO     RX        /ERR/LOKO/0x00000002
17:28:29.718  INFO     RX        /ERR/LOKO/0x00000002
17:28:29.718  INFO     RX        /ERR/LOKO/0x00000002
17:28:29.750  INFO     RX        /ERR/LOKO/0x00000002
17:28:29.750  INFO     RX        /ERR/LOKO/0x00000002
17:28:29.781  INFO     RX        /ERR/LOKO/0x00000002
17:28:29.781  INFO     RX        /ERR/LOKO/0x00000002
17:28:29.781  INFO     RX        /ERR/LOKO/0x00000002
17:28:29.810  INFO     RX        /ERR/LOKO/0x00000002
17:28:29.810  INFO     RX        /ERR/LOKO/0x00000002
17:28:29.810  INFO     RX        /ERR/LOKO/0x00000002
17:28:29.845  INFO     RX        /ERR/LOKO/0x00000002
17:28:29.845  INFO     RX        /ERR/LOKO/0x00000002
17:28:29.845  INFO     RX        /ERR/LOKO/0x00000002
17:28:29.878  INFO     RX        /ERR/LOKO/0x00000002
17:28:29.878  INFO     RX        /ERR/LOKO/0x00000002
17:28:29.909  INFO     RX        /ERR/LOKO/0x00000002
17:28:29.910  INFO     RX        /ERR/LOKO/0x00000002
17:28:29.910  INFO     RX        /ERR/LOKO/0x00000002
17:28:29.941  INFO     RX        /ERR/LOKO/0x00000002
17:28:29.941  INFO     RX        /ERR/LOKO/0x00000002
17:28:29.941  INFO     RX        /ERR/LOKO/0x00000002
17:28:29.973  INFO     RX        /ERR/LOKO/0x00000002
17:28:29.974  INFO     RX        /ERR/LOKO/0x00000002
17:28:29.974  INFO     RX        /ERR/LOKO/0x00000002
17:28:30.006  INFO     RX        /ERR/LOKO/0x00000002
17:28:30.006  INFO     RX        /ERR/LOKO/0x00000002
17:28:30.037  INFO     RX        /ERR/LOKO/0x00000002
17:28:30.037  INFO     RX        /ERR/LOKO/0x00000002
17:28:30.038  INFO     RX        /ERR/LOKO/0x00000002
17:28:30.072  INFO     RX        /ERR/LOKO/0x00000002
17:28:30.073  INFO     RX        /ERR/LOKO/0x00000002
17:28:30.073  INFO     RX        /ERR/LOKO/0x00000002
17:28:30.101  INFO     RX        /ERR/LOKO/0x00000002
17:28:30.101  INFO     RX        /ERR/LOKO/0x00000002
17:28:30.138  INFO     RX        /ERR/LOKO/0x00000002
17:28:30.138  INFO     RX        /ERR/LOKO/0x00000002
17:28:30.138  INFO     RX        /ERR/LOKO/0x00000002
17:28:30.170  INFO     RX        /ERR/LOKO/0x00000002
17:28:30.170  INFO     RX        /ERR/LOKO/0x00000002
17:28:30.170  INFO     RX        /ERR/LOKO/0x00000002
17:28:30.202  INFO     RX        /ERR/LOKO/0x00000002
17:28:30.203  INFO     RX        /ERR/LOKO/0x00000002
17:28:30.203  INFO     RX        /ERR/LOKO/0x00000002
17:28:30.231  INFO     RX        /ERR/LOKO/0x00000002
17:28:30.231  INFO     RX        /ERR/LOKO/0x00000002
17:28:30.231  INFO     RX        /ERR/LOKO/0x00000002
17:28:30.265  INFO     RX        /ERR/LOKO/0x00000002
17:28:30.266  INFO     RX        /ERR/LOKO/0x00000002
17:28:30.301  INFO     RX        /ERR/LOKO/0x00000002
17:28:30.301  INFO     RX        /ERR/LOKO/0x00000002
17:28:30.301  INFO     RX        /ERR/LOKO/0x00000002
17:28:30.331  INFO     RX        /ERR/LOKO/0x00000002
17:28:30.331  INFO     RX        /ERR/LOKO/0x00000002
17:28:30.331  INFO     RX        /ERR/LOKO/0x00000002
17:28:30.366  INFO     RX        /ERR/LOKO/0x00000002
17:28:30.367  INFO     RX        /ERR/LOKO/0x00000002
17:28:30.367  INFO     RX        /ERR/LOKO/0x00000002
17:28:30.394  INFO     RX        /ERR/LOKO/0x00000002
17:28:30.394  INFO     RX        /ERR/LOKO/0x00000002
17:28:30.426  INFO     RX        /ERR/LOKO/0x00000002
17:28:30.426  INFO     RX        /ERR/LOKO/0x00000002
17:28:30.426  INFO     RX        /ERR/LOKO/0x00000002
17:28:30.465  INFO     RX        /ERR/LOKO/0x00000002
17:28:30.465  INFO     RX        /ERR/LOKO/0x00000002
17:28:30.465  INFO     RX        /ERR/LOKO/0x00000002
17:28:30.497  INFO     RX        /ERR/LOKO/0x00000002
17:28:30.497  INFO     RX        /ERR/LOKO/0x00000002
17:28:30.497  INFO     RX        /ERR/LOKO/0x00000002
17:28:30.523  INFO     RX        /ERR/LOKO/0x00000002
17:28:30.523  INFO     RX        /ERR/LOKO/0x00000002
17:28:30.557  INFO     RX        /ERR/LOKO/0x00000002
17:28:30.558  INFO     RX        /ERR/LOKO/0x00000002
17:28:30.558  INFO     RX        /ERR/LOKO/0x00000002
17:28:30.590  INFO     RX        /ERR/LOKO/0x00000002
17:28:30.591  INFO     RX        /ERR/LOKO/0x00000002
17:28:30.591  INFO     RX        /ERR/LOKO/0x00000002
17:28:30.620  INFO     RX        /ERR/LOKO/0x00000002
17:28:30.620  INFO     RX        /ERR/LOKO/0x00000002
17:28:30.620  INFO     RX        /ERR/LOKO/0x00000002
17:28:30.655  INFO     RX        /ERR/LOKO/0x00000002
17:28:30.655  INFO     RX        /ERR/LOKO/0x00000002
17:28:30.655  INFO     RX        /ERR/LOKO/0x00000002
17:28:30.683  INFO     RX        /ERR/LOKO/0x00000002
17:28:30.683  INFO     RX        /ERR/LOKO/0x00000002
17:28:30.716  INFO     RX        /ERR/LOKO/0x00000002
17:28:30.716  INFO     RX        /ERR/LOKO/0x00000002
17:28:30.716  INFO     RX        /ERR/LOKO/0x00000002
17:28:30.750  INFO     RX        /ERR/LOKO/0x00000002
17:28:30.750  INFO     RX        /ERR/LOKO/0x00000002
17:28:30.750  INFO     RX        /ERR/LOKO/0x00000002
17:28:30.779  INFO     RX        /ERR/LOKO/0x00000002
17:28:30.779  INFO     RX        /ERR/LOKO/0x00000002
17:28:30.808  DEBUG    TX /CONTROLL/0,0,0,0,0,0,0,0,2
17:28:30.814  INFO     RX        /ERR/LOKO/0x00000002
17:28:30.814  INFO     RX        /ERR/LOKO/0x00000002
17:28:30.814  INFO     RX        /ERR/LOKO/0x00000002
17:28:30.844  INFO     RX        /ERR/LOKO/0x00000002
17:28:30.844  INFO     RX        /ERR/LOKO/0x00000002
17:28:30.844  INFO     RX        /ERR/LOKO/0x00000002
17:28:30.879  INFO     RX        /ERR/LOKO/0x00000002
17:28:30.879  INFO     RX        /ERR/LOKO/0x00000002
17:28:30.879  INFO     RX        /ERR/LOKO/0x00000002
17:28:30.908  INFO     RX        /ERR/LOKO/0x00000002
17:28:30.908  INFO     RX        /ERR/LOKO/0x00000002
17:28:30.942  INFO     RX        /ERR/LOKO/0x00000002
17:28:30.942  INFO     RX        /ERR/LOKO/0x00000002
17:28:30.942  INFO     RX        /ERR/LOKO/0x00000002
17:28:30.972  INFO     RX        /ERR/LOKO/0x00000002
17:28:30.973  INFO     RX        /ERR/LOKO/0x00000002
17:28:30.973  INFO     RX        /ERR/LOKO/0x00000002
17:28:31.004  INFO     RX        /ERR/LOKO/0x00000002
17:28:31.004  INFO     RX        /ERR/LOKO/0x00000002
17:28:31.039  INFO     RX        /ERR/LOKO/0x00000002
17:28:31.039  INFO     RX        /ERR/LOKO/0x00000002
17:28:31.039  INFO     RX        /ERR/LOKO/0x00000002
17:28:31.068  INFO     RX        /ERR/LOKO/0x00000002
17:28:31.068  INFO     RX        /ERR/LOKO/0x00000002
17:28:31.068  INFO     RX        /ERR/LOKO/0x00000002
17:28:31.103  INFO     RX        /ERR/LOKO/0x00000002
17:28:31.103  INFO     RX        /ERR/LOKO/0x00000002
17:28:31.103  INFO     RX        /ERR/LOKO/0x00000002
17:28:31.133  INFO     RX        /ERR/LOKO/0x00000002
17:28:31.166  INFO     RX        /ERR/LOKO/0x00000002
17:28:31.197  INFO     RX        /ERR/LOKO/0x00000002
17:28:31.232  INFO     RX        /ERR/LOKO/0x00000002
17:28:31.298  INFO     RX        /ERR/LOKO/0x00000002
17:28:31.328  INFO     RX        /ERR/LOKO/0x00000002
17:28:31.363  INFO     RX        /ERR/LOKO/0x00000002
17:28:31.393  INFO     RX        /ERR/LOKO/0x00000002
17:28:31.427  INFO     RX        /ERR/LOKO/0x00000002
17:28:31.462  INFO     RX        /ERR/LOKO/0x00000002
17:28:31.522  INFO     RX        /ERR/LOKO/0x00000002
17:28:31.558  INFO     RX        /ERR/LOKO/0x00000002
17:28:31.621  INFO     RX        /ERR/LOKO/0x00000002
17:28:31.655  INFO     RX        /ERR/LOKO/0x00000002
17:28:31.718  INFO     RX        /ERR/LOKO/0x00000002
17:28:31.755  INFO     RX        /ERR/LOKO/0x00000002
17:28:31.780  INFO     RX        /ERR/LOKO/0x00000002
17:28:31.815  INFO     RX        /ERR/LOKO/0x00000002
17:28:31.850  INFO     RX        /ERR/LOKO/0x00000002
17:28:31.910  INFO     RX        /ERR/LOKO/0x00000002
17:28:31.946  INFO     RX        /ERR/LOKO/0x00000002
17:28:31.975  INFO     RX        /ERR/LOKO/0x00000002
17:28:32.010  INFO     RX        /ERR/LOKO/0x00000002
17:28:32.074  INFO     RX        /ERR/LOKO/0x00000002
17:28:32.103  INFO     RX        /ERR/LOKO/0x00000002
17:28:32.138  INFO     RX        /ERR/LOKO/0x00000002
17:28:32.169  INFO     RX        /ERR/LOKO/0x00000002
17:28:32.202  INFO     RX        /ERR/LOKO/0x00000002
17:28:32.267  INFO     RX        /ERR/LOKO/0x00000002
17:28:32.296  INFO     RX        /ERR/LOKO/0x00000002
17:28:32.330  INFO     RX        /ERR/LOKO/0x00000002
17:28:32.422  DEBUG    TX /CONTROLL/0,0,0,0,0,0,0,0,2
17:28:32.458  INFO     RX        /ERR/LOKO/0x00000002
17:28:32.459  INFO     RX        /ERR/LOKO/0x00000002
17:28:32.459  INFO     RX        /ERR/LOKO/0x00000002
17:28:32.488  INFO     RX        /ERR/LOKO/0x00000002
17:28:32.520  INFO     RX        /ERR/LOKO/0x00000002
17:28:32.520  INFO     RX        /ERR/LOKO/0x00000002
17:28:32.555  INFO     RX        /ERR/LOKO/0x00000002
17:28:32.555  INFO     RX        /ERR/LOKO/0x00000002
17:28:32.555  INFO     RX        /ERR/LOKO/0x00000002
17:28:32.585  INFO     RX        /ERR/LOKO/0x00000002
17:28:32.585  INFO     RX        /ERR/LOKO/0x00000002
17:28:32.620  INFO     RX        /ERR/LOKO/0x00000002
17:28:32.620  INFO     RX        /ERR/LOKO/0x00000002
17:28:32.620  INFO     RX        /ERR/LOKO/0x00000002
17:28:32.650  INFO     RX        /ERR/LOKO/0x00000002
17:28:32.650  INFO     RX        /ERR/LOKO/0x00000002
17:28:32.650  INFO     RX        /ERR/LOKO/0x00000002
17:28:32.681  INFO     RX        /ERR/LOKO/0x00000002
17:28:32.681  INFO     RX        /ERR/LOKO/0x00000002
17:28:32.717  INFO     RX        /ERR/LOKO/0x00000002
17:28:32.717  INFO     RX        /ERR/LOKO/0x00000002
17:28:32.717  INFO     RX        /ERR/LOKO/0x00000002
17:28:32.745  INFO     RX        /ERR/LOKO/0x00000002
17:28:32.746  INFO     RX        /ERR/LOKO/0x00000002
17:28:32.746  INFO     RX        /ERR/LOKO/0x00000002
17:28:32.781  INFO     RX        /ERR/LOKO/0x00000002
17:28:32.781  INFO     RX        /ERR/LOKO/0x00000002
17:28:32.781  INFO     RX        /ERR/LOKO/0x00000002
17:28:32.813  INFO     RX        /ERR/LOKO/0x00000002
17:28:32.813  INFO     RX        /ERR/LOKO/0x00000002
17:28:32.813  INFO     RX        /ERR/LOKO/0x00000002
17:28:32.846  INFO     RX        /ERR/LOKO/0x00000002
17:28:32.846  INFO     RX        /ERR/LOKO/0x00000002
17:28:32.877  INFO     RX        /ERR/LOKO/0x00000002
17:28:32.877  INFO     RX        /ERR/LOKO/0x00000002
17:28:32.877  INFO     RX        /ERR/LOKO/0x00000002
17:28:32.910  INFO     RX        /ERR/LOKO/0x00000002
17:28:32.910  INFO     RX        /ERR/LOKO/0x00000002
17:28:32.910  INFO     RX        /ERR/LOKO/0x00000002
17:28:32.938  INFO     RX        /ERR/LOKO/0x00000002
17:28:32.939  INFO     RX        /ERR/LOKO/0x00000002
17:28:32.974  INFO     RX        /ERR/LOKO/0x00000002
17:28:32.974  INFO     RX        /ERR/LOKO/0x00000002
17:28:32.974  INFO     RX        /ERR/LOKO/0x00000002
17:28:33.003  INFO     RX        /ERR/LOKO/0x00000002
17:28:33.003  INFO     RX        /ERR/LOKO/0x00000002
17:28:33.003  INFO     RX        /ERR/LOKO/0x00000002
17:28:33.040  INFO     RX        /ERR/LOKO/0x00000002
17:28:33.040  INFO     RX        /ERR/LOKO/0x00000002
17:28:33.040  INFO     RX        /ERR/LOKO/0x00000002
17:28:33.068  INFO     RX        /ERR/LOKO/0x00000002
17:28:33.068  INFO     RX        /ERR/LOKO/0x00000002
17:28:33.106  INFO     RX        /ERR/LOKO/0x00000002
17:28:33.106  INFO     RX        /ERR/LOKO/0x00000002
17:28:33.106  INFO     RX        /ERR/LOKO/0x00000002
17:28:33.106  INFO     RX        /ERR/LOKO/0x00000002
17:28:33.133  INFO     RX        /ERR/LOKO/0x00000002
17:28:33.133  INFO     RX        /ERR/LOKO/0x00000002
17:28:33.169  INFO     RX        /ERR/LOKO/0x00000002
17:28:33.169  INFO     RX        /ERR/LOKO/0x00000002
17:28:33.169  INFO     RX        /ERR/LOKO/0x00000002
17:28:33.198  INFO     RX        /ERR/LOKO/0x00000002
17:28:33.198  INFO     RX        /ERR/LOKO/0x00000002
17:28:33.232  INFO     RX        /ERR/LOKO/0x00000002
17:28:33.233  INFO     RX        /ERR/LOKO/0x00000002
17:28:33.233  INFO     RX        /ERR/LOKO/0x00000002
17:28:33.267  INFO     RX        /ERR/LOKO/0x00000002
17:28:33.267  INFO     RX        /ERR/LOKO/0x00000002
17:28:33.267  INFO     RX        /ERR/LOKO/0x00000002
17:28:33.298  INFO     RX        /ERR/LOKO/0x00000002
17:28:33.298  INFO     RX        /ERR/LOKO/0x00000002
17:28:33.298  INFO     RX        /ERR/LOKO/0x00000002
17:28:33.328  INFO     RX        /ERR/LOKO/0x00000002
17:28:33.328  INFO     RX        /ERR/LOKO/0x00000002
17:28:33.361  INFO     RX        /ERR/LOKO/0x00000002
17:28:33.361  INFO     RX        /ERR/LOKO/0x00000002
17:28:33.361  INFO     RX        /ERR/LOKO/0x00000002
17:28:33.390  INFO     RX        /ERR/LOKO/0x00000002
17:28:33.390  INFO     RX        /ERR/LOKO/0x00000002
17:28:33.390  INFO     RX        /ERR/LOKO/0x00000002
17:28:33.425  INFO     RX        /ERR/LOKO/0x00000002
17:28:33.425  INFO     RX        /ERR/LOKO/0x00000002
17:28:33.425  INFO     RX        /ERR/LOKO/0x00000002
17:28:33.458  INFO     RX        /ERR/LOKO/0x00000002
17:28:33.458  INFO     RX        /ERR/LOKO/0x00000002
17:28:33.490  INFO     RX        /ERR/LOKO/0x00000002
17:28:33.490  INFO     RX        /ERR/LOKO/0x00000002
17:28:33.490  INFO     RX        /ERR/LOKO/0x00000002
17:28:33.519  INFO     RX        /ERR/LOKO/0x00000002
17:28:33.519  INFO     RX        /ERR/LOKO/0x00000002
17:28:33.519  INFO     RX        /ERR/LOKO/0x00000002
17:28:33.558  INFO     RX        /ERR/LOKO/0x00000002
17:28:33.558  INFO     RX        /ERR/LOKO/0x00000002
17:28:33.558  INFO     RX        /ERR/LOKO/0x00000002
17:28:33.584  INFO     RX        /ERR/LOKO/0x00000002
17:28:33.584  INFO     RX        /ERR/LOKO/0x00000002
17:28:33.619  INFO     RX        /ERR/LOKO/0x00000002
17:28:33.619  INFO     RX        /ERR/LOKO/0x00000002
17:28:33.619  INFO     RX        /ERR/LOKO/0x00000002
17:28:33.650  INFO     RX        /ERR/LOKO/0x00000002
17:28:33.650  INFO     RX        /ERR/LOKO/0x00000002
17:28:33.650  INFO     RX        /ERR/LOKO/0x00000002
17:28:33.681  INFO     RX        /ERR/LOKO/0x00000002
17:28:33.716  INFO     RX        /ERR/LOKO/0x00000002
17:28:33.744  INFO     RX        /ERR/LOKO/0x00000002
17:28:33.779  INFO     RX        /ERR/LOKO/0x00000002
17:28:33.813  INFO     RX        /ERR/LOKO/0x00000002
17:28:33.876  INFO     RX        /ERR/LOKO/0x00000002
17:28:33.913  INFO     RX        /ERR/LOKO/0x00000002
17:28:33.936  INFO     RX        /ERR/LOKO/0x00000002
17:28:33.973  INFO     RX        /ERR/LOKO/0x00000002
17:28:34.030  DEBUG    TX /CONTROLL/16,0,0,0,0,0,0,0,2
17:28:34.037  INFO     RX        /ERR/LOKO/0x00000002
17:28:34.070  INFO     RX        /ERR/LOKO/0x00000002
17:28:34.099  INFO     RX        /ERR/LOKO/0x00000002
17:28:34.135  INFO     RX        /ERR/LOKO/0x00000002
17:28:34.163  INFO     RX        /ERR/LOKO/0x00000002
17:28:34.228  INFO     RX        /ERR/LOKO/0x00000002
17:28:34.267  INFO     RX        /ERR/LOKO/0x00000002
17:28:34.291  INFO     RX        /ERR/LOKO/0x00000002
17:28:34.327  INFO     RX        /ERR/LOKO/0x00000002
17:28:34.357  INFO     RX        /ERR/LOKO/0x00000002
17:28:34.420  INFO     RX        /ERR/LOKO/0x00000002
17:28:34.455  INFO     RX        /ERR/LOKO/0x00000002
17:28:34.485  INFO     RX        /ERR/LOKO/0x00000002
17:28:34.517  INFO     RX        /ERR/LOKO/0x00000002
17:28:34.553  INFO     RX        /ERR/LOKO/0x00000002
17:28:34.619  INFO     RX        /ERR/LOKO/0x00000002
17:28:34.650  INFO     RX        /ERR/LOKO/0x00000002
17:28:34.682  INFO     RX        /ERR/LOKO/0x00000002
17:28:34.713  INFO     RX        /ERR/LOKO/0x00000002
17:28:34.842  INFO     RX        /ERR/LOKO/0x00000002
17:28:34.873  INFO     RX        /ERR/LOKO/0x00000002
17:28:34.908  INFO     RX        /ERR/LOKO/0x00000002
17:28:34.937  INFO     RX        /ERR/LOKO/0x00000002
17:28:35.001  INFO     RX        /ERR/LOKO/0x00000002
17:28:35.036  INFO     RX        /ERR/LOKO/0x00000002
17:28:35.065  INFO     RX        /ERR/LOKO/0x00000002
17:28:35.101  INFO     RX        /ERR/LOKO/0x00000002
17:28:35.133  INFO     RX        /ERR/LOKO/0x00000002
17:28:35.194  INFO     RX        /ERR/LOKO/0x00000002
17:28:35.230  INFO     RX        /ERR/LOKO/0x00000002
17:28:35.259  INFO     RX        /ERR/LOKO/0x00000002
17:28:35.294  INFO     RX        /ERR/LOKO/0x00000002
17:28:35.325  INFO     RX        /ERR/LOKO/0x00000002
17:28:35.389  INFO     RX        /ERR/LOKO/0x00000002
17:28:35.499  INFO     RX        /ERR/LOKO/0x00000002
17:28:35.499  INFO     RX        /ERR/LOKO/0x00000002
17:28:35.499  INFO     RX        /ERR/LOKO/0x00000002
17:28:35.533  INFO     RX        /ERR/LOKO/0x00000002
17:28:35.590  INFO     RX        /ERR/LOKO/0x00000002
17:28:35.614  INFO     RX        /ERR/LOKO/0x00000002
17:28:35.642  DEBUG    TX /CONTROLL/18,0,0,0,0,0,0,0,2
17:28:35.652  INFO     RX        /ERR/LOKO/0x00000002
17:28:35.679  INFO     RX        /ERR/LOKO/0x00000002
17:28:35.711  INFO     RX        /ERR/LOKO/0x00000002
17:28:35.774  INFO     RX        /ERR/LOKO/0x00000002
17:28:35.808  INFO     RX        /ERR/LOKO/0x00000002
17:28:35.841  INFO     RX        /ERR/LOKO/0x00000002
17:28:35.905  INFO     RX        /ERR/LOKO/0x00000002
17:28:35.969  INFO     RX        /ERR/LOKO/0x00000002
17:28:36.000  INFO     RX        /ERR/LOKO/0x00000002
17:28:36.034  INFO     RX        /ERR/LOKO/0x00000002
17:28:36.065  INFO     RX        /ERR/LOKO/0x00000002
17:28:36.129  INFO     RX        /ERR/LOKO/0x00000002
17:28:36.158  INFO     RX        /ERR/LOKO/0x00000002
17:28:36.189  INFO     RX        /ERR/LOKO/0x00000002
17:28:36.223  INFO     RX        /ERR/LOKO/0x00000002
17:28:36.253  INFO     RX        /ERR/LOKO/0x00000002
17:28:36.317  INFO     RX        /ERR/LOKO/0x00000002
17:28:36.353  INFO     RX        /ERR/LOKO/0x00000002
17:28:36.382  INFO     RX        /ERR/LOKO/0x00000002
17:28:36.416  INFO     RX        /ERR/LOKO/0x00000002
17:28:36.449  INFO     RX        /ERR/LOKO/0x00000002
17:28:36.511  INFO     RX        /ERR/LOKO/0x00000002
17:28:36.547  INFO     RX        /ERR/LOKO/0x00000002
17:28:36.577  INFO     RX        /ERR/LOKO/0x00000002
17:28:36.610  INFO     RX        /ERR/LOKO/0x00000002
17:28:36.673  INFO     RX        /ERR/LOKO/0x00000002
17:28:36.705  INFO     RX        /ERR/LOKO/0x00000002
17:28:36.739  INFO     RX        /ERR/LOKO/0x00000002
17:28:36.768  INFO     RX        /ERR/LOKO/0x00000002
17:28:36.868  INFO     RX        /ERR/LOKO/0x00000002
17:28:36.902  INFO     RX        /ERR/LOKO/0x00000002
17:28:36.940  INFO     RX        /ERR/LOKO/0x00000002
17:28:36.965  INFO     RX        /ERR/LOKO/0x00000002
17:28:36.998  INFO     RX        /ERR/LOKO/0x00000002
17:28:37.061  INFO     RX        /ERR/LOKO/0x00000002
17:28:37.093  INFO     RX        /ERR/LOKO/0x00000002
17:28:37.127  INFO     RX        /ERR/LOKO/0x00000002
17:28:37.156  INFO     RX        /ERR/LOKO/0x00000002
17:28:37.191  INFO     RX        /ERR/LOKO/0x00000002
17:28:37.250  DEBUG    TX /CONTROLL/15,12,0,0,0,0,0,0,2
17:28:37.256  INFO     RX        /ERR/LOKO/0x00000002
17:28:37.284  INFO     RX        /ERR/LOKO/0x00000002
17:28:37.320  INFO     RX        /ERR/LOKO/0x00000002
17:28:37.352  INFO     RX        /ERR/LOKO/0x00000002
17:28:37.383  INFO     RX        /ERR/LOKO/0x00000002
17:28:37.448  INFO     RX        /ERR/LOKO/0x00000002
17:28:37.481  INFO     RX        /ERR/LOKO/0x00000002
17:28:37.513  INFO     RX        /ERR/LOKO/0x00000002
17:28:37.545  INFO     RX        /ERR/LOKO/0x00000002
17:28:37.577  INFO     RX        /ERR/LOKO/0x00000002
17:28:37.610  INFO     RX        /ERR/LOKO/0x00000002
17:28:37.675  INFO     RX        /ERR/LOKO/0x00000002
17:28:37.704  INFO     RX        /ERR/LOKO/0x00000002
17:28:37.740  INFO     RX        /ERR/LOKO/0x00000002
17:28:37.768  INFO     RX        /ERR/LOKO/0x00000002
17:28:37.832  INFO     RX        /ERR/LOKO/0x00000002
17:28:37.868  INFO     RX        /ERR/LOKO/0x00000002
17:28:37.897  INFO     RX        /ERR/LOKO/0x00000002
17:28:37.933  INFO     RX        /ERR/LOKO/0x00000002
17:28:37.962  INFO     RX        /ERR/LOKO/0x00000002
17:28:38.030  INFO     RX        /ERR/LOKO/0x00000002
17:28:38.059  INFO     RX        /ERR/LOKO/0x00000002
17:28:38.155  INFO     RX        /ERR/LOKO/0x00000002
17:28:38.193  INFO     RX        /ERR/LOKO/0x00000002
17:28:38.257  INFO     RX        /ERR/LOKO/0x00000002
17:28:38.257  INFO     RX        /ERR/LOKO/0x00000002
17:28:38.257  INFO     RX        /ERR/LOKO/0x00000002
17:28:38.289  INFO     RX        /ERR/LOKO/0x00000002
17:28:38.289  INFO     RX        /ERR/LOKO/0x00000002
17:28:38.290  INFO     RX        /ERR/LOKO/0x00000002
17:28:38.317  INFO     RX        /ERR/LOKO/0x00000002
17:28:38.858  DEBUG    TX /CONTROLL/0,12,0,0,0,0,0,0,0
17:28:40.471  DEBUG    TX /CONTROLL/0,12,0,0,0,0,0,0,0
17:28:41.052  INFO     RX        /ERR/LOKO/0x00000002
17:28:41.089  INFO     RX        /ERR/LOKO/0x00000002
17:28:41.090  INFO     RX        /ERR/LOKO/0x00000002
17:28:41.090  INFO     RX        /ERR/LOKO/0x00000002
17:28:41.116  INFO     RX        /ERR/LOKO/0x00000002
17:28:41.116  INFO     RX        /ERR/LOKO/0x00000002
17:28:41.116  INFO     RX        /ERR/LOKO/0x00000002
17:28:41.153  INFO     RX        /ERR/LOKO/0x00000002
17:28:41.153  INFO     RX        /ERR/LOKO/0x00000002
17:28:41.153  INFO     RX        /ERR/LOKO/0x00000002
17:28:41.180  INFO     RX        /ERR/LOKO/0x00000002
17:28:41.180  INFO     RX        /ERR/LOKO/0x00000002
17:28:41.215  INFO     RX        /ERR/LOKO/0x00000002
17:28:41.215  INFO     RX        /ERR/LOKO/0x00000002
17:28:41.215  INFO     RX        /ERR/LOKO/0x00000002
17:28:41.245  INFO     RX        /ERR/LOKO/0x00000002
17:28:41.245  INFO     RX        /ERR/LOKO/0x00000002
17:28:41.245  INFO     RX        /ERR/LOKO/0x00000002
17:28:41.281  INFO     RX        /ERR/LOKO/0x00000002
17:28:41.281  INFO     RX        /ERR/LOKO/0x00000002
17:28:41.281  INFO     RX        /ERR/LOKO/0x00000002
17:28:41.309  INFO     RX        /ERR/LOKO/0x00000002
17:28:41.309  INFO     RX        /ERR/LOKO/0x00000002
17:28:41.343  INFO     RX        /ERR/LOKO/0x00000002
17:28:41.343  INFO     RX        /ERR/LOKO/0x00000002
17:28:41.343  INFO     RX        /ERR/LOKO/0x00000002
17:28:41.373  INFO     RX        /ERR/LOKO/0x00000002
17:28:41.373  INFO     RX        /ERR/LOKO/0x00000002
17:28:41.373  INFO     RX        /ERR/LOKO/0x00000002
17:28:41.408  INFO     RX        /ERR/LOKO/0x00000002
17:28:41.408  INFO     RX        /ERR/LOKO/0x00000002
17:28:41.408  INFO     RX        /ERR/LOKO/0x00000002
17:28:41.437  INFO     RX        /ERR/LOKO/0x00000002
17:28:41.437  INFO     RX        /ERR/LOKO/0x00000002
17:28:41.556  INFO     RX        /ERR/LOKO/0x00000002
17:28:41.556  INFO     RX        /ERR/LOKO/0x00000002
17:28:41.556  INFO     RX        /ERR/LOKO/0x00000002
17:28:41.556  INFO     RX        /ERR/LOKO/0x00000002
17:28:41.556  INFO     RX        /ERR/LOKO/0x00000002
17:28:41.556  INFO     RX        /ERR/LOKO/0x00000002
17:28:41.556  INFO     RX        /ERR/LOKO/0x00000002
17:28:41.556  INFO     RX        /ERR/LOKO/0x00000002
17:28:41.556  INFO     RX        /ERR/LOKO/0x00000002
17:28:41.556  INFO     RX        /ERR/LOKO/0x00000002
17:28:41.560  INFO     RX        /ERR/LOKO/0x00000002
17:28:41.601  INFO     RX        /ERR/LOKO/0x00000002
17:28:41.601  INFO     RX        /ERR/LOKO/0x00000002
17:28:41.601  INFO     RX        /ERR/LOKO/0x00000002
17:28:41.630  INFO     RX        /ERR/LOKO/0x00000002
17:28:41.630  INFO     RX        /ERR/LOKO/0x00000002
17:28:41.662  INFO     RX        /ERR/LOKO/0x00000002
17:28:41.662  INFO     RX        /ERR/LOKO/0x00000002
17:28:41.662  INFO     RX        /ERR/LOKO/0x00000002
17:28:41.697  INFO     RX        /ERR/LOKO/0x00000002
17:28:41.697  INFO     RX        /ERR/LOKO/0x00000002
17:28:41.697  INFO     RX        /ERR/LOKO/0x00000002
17:28:41.729  INFO     RX        /ERR/LOKO/0x00000002
17:28:41.729  INFO     RX        /ERR/LOKO/0x00000002
17:28:41.729  INFO     RX        /ERR/LOKO/0x00000002
17:28:41.762  INFO     RX        /ERR/LOKO/0x00000002
17:28:41.762  INFO     RX        /ERR/LOKO/0x00000002
17:28:41.763  INFO     RX        /ERR/LOKO/0x00000002
17:28:41.790  INFO     RX        /ERR/LOKO/0x00000002
17:28:41.790  INFO     RX        /ERR/LOKO/0x00000002
17:28:41.827  INFO     RX        /ERR/LOKO/0x00000002
17:28:41.827  INFO     RX        /ERR/LOKO/0x00000002
17:28:41.827  INFO     RX        /ERR/LOKO/0x00000002
17:28:41.855  INFO     RX        /ERR/LOKO/0x00000002
17:28:41.855  INFO     RX        /ERR/LOKO/0x00000002
17:28:41.888  INFO     RX        /ERR/LOKO/0x00000002
17:28:41.888  INFO     RX        /ERR/LOKO/0x00000002
17:28:41.888  INFO     RX        /ERR/LOKO/0x00000002
17:28:41.921  INFO     RX        /ERR/LOKO/0x00000002
17:28:41.921  INFO     RX        /ERR/LOKO/0x00000002
17:28:41.921  INFO     RX        /ERR/LOKO/0x00000002
17:28:41.954  INFO     RX        /ERR/LOKO/0x00000002
17:28:41.954  INFO     RX        /ERR/LOKO/0x00000002
17:28:41.954  INFO     RX        /ERR/LOKO/0x00000002
17:28:41.984  INFO     RX        /ERR/LOKO/0x00000002
17:28:41.984  INFO     RX        /ERR/LOKO/0x00000002
17:28:42.018  INFO     RX        /ERR/LOKO/0x00000002
17:28:42.018  INFO     RX        /ERR/LOKO/0x00000002
17:28:42.018  INFO     RX        /ERR/LOKO/0x00000002
17:28:42.047  INFO     RX        /ERR/LOKO/0x00000002
17:28:42.047  INFO     RX        /ERR/LOKO/0x00000002
17:28:42.047  INFO     RX        /ERR/LOKO/0x00000002
17:28:42.076  DEBUG    TX /CONTROLL/0,-18,0,-16,0,0,0,0,0
17:28:42.082  INFO     RX        /ERR/LOKO/0x00000002
17:28:42.082  INFO     RX        /ERR/LOKO/0x00000002
17:28:42.082  INFO     RX        /ERR/LOKO/0x00000002
17:28:42.110  INFO     RX        /ERR/LOKO/0x00000002
17:28:42.110  INFO     RX        /ERR/LOKO/0x00000002
17:28:42.145  INFO     RX        /ERR/LOKO/0x00000002
17:28:42.145  INFO     RX        /ERR/LOKO/0x00000002
17:28:42.145  INFO     RX        /ERR/LOKO/0x00000002
17:28:42.178  INFO     RX        /ERR/LOKO/0x00000002
17:28:42.178  INFO     RX        /ERR/LOKO/0x00000002
17:28:42.178  INFO     RX        /ERR/LOKO/0x00000002
17:28:42.206  INFO     RX        /ERR/LOKO/0x00000002
17:28:42.206  INFO     RX        /ERR/LOKO/0x00000002
17:28:42.242  INFO     RX        /ERR/LOKO/0x00000002
17:28:42.243  INFO     RX        /ERR/LOKO/0x00000002
17:28:42.243  INFO     RX        /ERR/LOKO/0x00000002
17:28:42.271  INFO     RX        /ERR/LOKO/0x00000002
17:28:42.307  INFO     RX        /ERR/LOKO/0x00000002
17:28:42.336  INFO     RX        /ERR/LOKO/0x00000002
17:28:42.370  INFO     RX        /ERR/LOKO/0x00000002
17:28:42.436  INFO     RX        /ERR/LOKO/0x00000002
17:28:42.466  INFO     RX        /ERR/LOKO/0x00000002
17:28:42.501  INFO     RX        /ERR/LOKO/0x00000002
17:28:42.534  INFO     RX        /ERR/LOKO/0x00000002
17:28:42.565  INFO     RX        /ERR/LOKO/0x00000002
17:28:42.601  INFO     RX        /ERR/LOKO/0x00000002
17:28:42.662  INFO     RX        /ERR/LOKO/0x00000002
17:28:42.692  INFO     RX        /ERR/LOKO/0x00000002
17:28:42.725  INFO     RX        /ERR/LOKO/0x00000002
17:28:42.756  INFO     RX        /ERR/LOKO/0x00000002
17:28:42.793  INFO     RX        /ERR/LOKO/0x00000002
17:28:42.855  INFO     RX        /ERR/LOKO/0x00000002
17:28:42.884  INFO     RX        /ERR/LOKO/0x00000002
17:28:42.918  INFO     RX        /ERR/LOKO/0x00000002
17:28:42.946  INFO     RX        /ERR/LOKO/0x00000002
17:28:43.013  INFO     RX        /ERR/LOKO/0x00000002
17:28:43.044  INFO     RX        /ERR/LOKO/0x00000002
17:28:43.081  INFO     RX        /ERR/LOKO/0x00000002
17:28:43.108  INFO     RX        /ERR/LOKO/0x00000002
17:28:43.142  INFO     RX        /ERR/LOKO/0x00000002
17:28:43.207  INFO     RX        /ERR/LOKO/0x00000002
17:28:43.236  INFO     RX        /ERR/LOKO/0x00000002
17:28:43.271  INFO     RX        /ERR/LOKO/0x00000002
17:28:43.302  INFO     RX        /ERR/LOKO/0x00000002
17:28:43.334  INFO     RX        /ERR/LOKO/0x00000002
17:28:43.398  INFO     RX        /ERR/LOKO/0x00000002
17:28:43.432  INFO     RX        /ERR/LOKO/0x00000002
17:28:43.466  INFO     RX        /ERR/LOKO/0x00000002
17:28:43.497  INFO     RX        /ERR/LOKO/0x00000002
17:28:43.528  INFO     RX        /ERR/LOKO/0x00000002
17:28:43.592  INFO     RX        /ERR/LOKO/0x00000002
17:28:43.625  INFO     RX        /ERR/LOKO/0x00000002
17:28:43.658  INFO     RX        /ERR/LOKO/0x00000002
17:28:43.684  DEBUG    TX /CONTROLL/-46,-61,0,-26,0,0,0,0,0
17:28:43.689  INFO     RX        /ERR/LOKO/0x00000002
17:28:43.721  INFO     RX        /ERR/LOKO/0x00000002
17:28:43.784  INFO     RX        /ERR/LOKO/0x00000002
17:28:43.818  INFO     RX        /ERR/LOKO/0x00000002
17:28:43.850  INFO     RX        /ERR/LOKO/0x00000002
17:28:43.880  INFO     RX        /ERR/LOKO/0x00000002
17:28:43.947  INFO     RX        /ERR/LOKO/0x00000002
17:28:43.976  INFO     RX        /ERR/LOKO/0x00000002
17:28:44.010  INFO     RX        /ERR/LOKO/0x00000002
17:28:44.041  INFO     RX        /ERR/LOKO/0x00000002
17:28:44.074  INFO     RX        /ERR/LOKO/0x00000002
17:28:44.138  INFO     RX        /ERR/LOKO/0x00000002
17:28:44.168  INFO     RX        /ERR/LOKO/0x00000002
17:28:44.205  INFO     RX        /ERR/LOKO/0x00000002
17:28:44.233  INFO     RX        /ERR/LOKO/0x00000002
17:28:44.272  INFO     RX        /ERR/LOKO/0x00000002
17:28:44.273  INFO     RX        /ERR/LOKO/0x00000002
17:28:44.273  INFO     RX        /ERR/LOKO/0x00000002
17:28:44.273  INFO     RX        /ERR/LOKO/0x00000002
17:28:44.300  INFO     RX        /ERR/LOKO/0x00000002
17:28:44.300  INFO     RX        /ERR/LOKO/0x00000002
17:28:44.335  INFO     RX        /ERR/LOKO/0x00000002
17:28:44.335  INFO     RX        /ERR/LOKO/0x00000002
17:28:44.335  INFO     RX        /ERR/LOKO/0x00000002
17:28:44.363  INFO     RX        /ERR/LOKO/0x00000002
17:28:44.364  INFO     RX        /ERR/LOKO/0x00000002
17:28:44.399  INFO     RX        /ERR/LOKO/0x00000002
17:28:44.399  INFO     RX        /ERR/LOKO/0x00000002
17:28:44.399  INFO     RX        /ERR/LOKO/0x00000002
17:28:44.428  INFO     RX        /ERR/LOKO/0x00000002
17:28:44.945  INFO     RX        /ERR/LOKO/0x00000002
17:28:44.945  INFO     RX        /ERR/LOKO/0x00000002
17:28:44.977  INFO     RX        /ERR/LOKO/0x00000002
17:28:44.977  INFO     RX        /ERR/LOKO/0x00000002
17:28:44.977  INFO     RX        /ERR/LOKO/0x00000002
17:28:45.010  INFO     RX        /ERR/LOKO/0x00000002
17:28:45.010  INFO     RX        /ERR/LOKO/0x00000002
17:28:45.010  INFO     RX        /ERR/LOKO/0x00000002
17:28:45.040  INFO     RX        /ERR/LOKO/0x00000002
17:28:45.040  INFO     RX        /ERR/LOKO/0x00000002
17:28:45.075  INFO     RX        /ERR/LOKO/0x00000002
17:28:45.075  INFO     RX        /ERR/LOKO/0x00000002
17:28:45.075  INFO     RX        /ERR/LOKO/0x00000002
17:28:45.105  INFO     RX        /ERR/LOKO/0x00000002
17:28:45.105  INFO     RX        /ERR/LOKO/0x00000002
17:28:45.105  INFO     RX        /ERR/LOKO/0x00000002
17:28:45.140  INFO     RX        /ERR/LOKO/0x00000002
17:28:45.140  INFO     RX        /ERR/LOKO/0x00000002
17:28:45.140  INFO     RX        /ERR/LOKO/0x00000002
17:28:45.167  INFO     RX        /ERR/LOKO/0x00000002
17:28:45.167  INFO     RX        /ERR/LOKO/0x00000002
17:28:45.204  INFO     RX        /ERR/LOKO/0x00000002
17:28:45.205  INFO     RX        /ERR/LOKO/0x00000002
17:28:45.205  INFO     RX        /ERR/LOKO/0x00000002
17:28:45.232  INFO     RX        /ERR/LOKO/0x00000002
17:28:45.232  INFO     RX        /ERR/LOKO/0x00000002
17:28:45.232  INFO     RX        /ERR/LOKO/0x00000002
17:28:45.268  INFO     RX        /ERR/LOKO/0x00000002
17:28:45.268  INFO     RX        /ERR/LOKO/0x00000002
17:28:45.268  INFO     RX        /ERR/LOKO/0x00000002
17:28:45.293  DEBUG    TX /CONTROLL/0,0,0,0,0,0,0,0,0
17:28:45.301  INFO     RX        /ERR/LOKO/0x00000002
17:28:45.301  INFO     RX        /ERR/LOKO/0x00000002
17:28:45.301  INFO     RX        /ERR/LOKO/0x00000002
17:28:45.328  INFO     RX        /ERR/LOKO/0x00000002
17:28:46.202  INFO     RX        /ERR/LOKO/0x00000002
17:28:46.235  INFO     RX        /ERR/LOKO/0x00000002
17:28:46.235  INFO     RX        /ERR/LOKO/0x00000002
17:28:46.235  INFO     RX        /ERR/LOKO/0x00000002
17:28:46.265  INFO     RX        /ERR/LOKO/0x00000002
17:28:46.265  INFO     RX        /ERR/LOKO/0x00000002
17:28:46.265  INFO     RX        /ERR/LOKO/0x00000002
17:28:46.300  INFO     RX        /ERR/LOKO/0x00000002
17:28:46.300  INFO     RX        /ERR/LOKO/0x00000002
17:28:46.300  INFO     RX        /ERR/LOKO/0x00000002
17:28:46.329  INFO     RX        /ERR/LOKO/0x00000002
17:28:46.329  INFO     RX        /ERR/LOKO/0x00000002
17:28:46.365  INFO     RX        /ERR/LOKO/0x00000002
17:28:46.365  INFO     RX        /ERR/LOKO/0x00000002
17:28:46.365  INFO     RX        /ERR/LOKO/0x00000002
17:28:46.393  INFO     RX        /ERR/LOKO/0x00000002
17:28:46.393  INFO     RX        /ERR/LOKO/0x00000002
17:28:46.393  INFO     RX        /ERR/LOKO/0x00000002
17:28:46.428  INFO     RX        /ERR/LOKO/0x00000002
17:28:46.429  INFO     RX        /ERR/LOKO/0x00000002
17:28:46.429  INFO     RX        /ERR/LOKO/0x00000002
17:28:46.461  INFO     RX        /ERR/LOKO/0x00000002
17:28:46.461  INFO     RX        /ERR/LOKO/0x00000002
17:28:46.489  INFO     RX        /ERR/LOKO/0x00000002
17:28:46.490  INFO     RX        /ERR/LOKO/0x00000002
17:28:46.490  INFO     RX        /ERR/LOKO/0x00000002
17:28:46.521  INFO     RX        /ERR/LOKO/0x00000002
17:28:46.522  INFO     RX        /ERR/LOKO/0x00000002
17:28:46.522  INFO     RX        /ERR/LOKO/0x00000002
17:28:46.556  INFO     RX        /ERR/LOKO/0x00000002
17:28:46.557  INFO     RX        /ERR/LOKO/0x00000002
17:28:46.557  INFO     RX        /ERR/LOKO/0x00000002
17:28:46.589  INFO     RX        /ERR/LOKO/0x00000002
17:28:46.589  INFO     RX        /ERR/LOKO/0x00000002
17:28:46.622  INFO     RX        /ERR/LOKO/0x00000002
17:28:46.622  INFO     RX        /ERR/LOKO/0x00000002
17:28:46.622  INFO     RX        /ERR/LOKO/0x00000002
17:28:46.653  INFO     RX        /ERR/LOKO/0x00000002
17:28:46.879  INFO     RX        /ERR/LOKO/0x00000002
17:28:46.880  INFO     RX        /ERR/LOKO/0x00000002
17:28:46.904  DEBUG    TX /CONTROLL/0,0,0,0,0,0,0,0,2
17:28:46.914  INFO     RX        /ERR/LOKO/0x00000002
17:28:46.915  INFO     RX        /ERR/LOKO/0x00000002
17:28:46.915  INFO     RX        /ERR/LOKO/0x00000002
17:28:46.940  INFO     RX        /ERR/LOKO/0x00000002
17:28:46.940  INFO     RX        /ERR/LOKO/0x00000002
17:28:46.976  INFO     RX        /ERR/LOKO/0x00000002
17:28:46.976  INFO     RX        /ERR/LOKO/0x00000002
17:28:46.976  INFO     RX        /ERR/LOKO/0x00000002
17:28:47.004  INFO     RX        /ERR/LOKO/0x00000002
17:28:47.004  INFO     RX        /ERR/LOKO/0x00000002
17:28:47.039  INFO     RX        /ERR/LOKO/0x00000002
17:28:47.039  INFO     RX        /ERR/LOKO/0x00000002
17:28:47.039  INFO     RX        /ERR/LOKO/0x00000002
17:28:47.067  INFO     RX        /ERR/LOKO/0x00000002
17:28:47.067  INFO     RX        /ERR/LOKO/0x00000002
17:28:47.067  INFO     RX        /ERR/LOKO/0x00000002
17:28:47.103  INFO     RX        /ERR/LOKO/0x00000002
17:28:47.103  INFO     RX        /ERR/LOKO/0x00000002
17:28:47.104  INFO     RX        /ERR/LOKO/0x00000002
17:28:47.132  INFO     RX        /ERR/LOKO/0x00000002
17:28:47.132  INFO     RX        /ERR/LOKO/0x00000002
17:28:47.167  INFO     RX        /ERR/LOKO/0x00000002
17:28:47.167  INFO     RX        /ERR/LOKO/0x00000002
17:28:47.167  INFO     RX        /ERR/LOKO/0x00000002
17:28:47.205  INFO     RX        /ERR/LOKO/0x00000002
17:28:48.515  DEBUG    TX /CONTROLL/0,0,0,0,0,0,0,0,0
17:28:50.121  DEBUG    TX /CONTROLL/0,0,0,0,0,0,0,0,0
17:28:51.732  DEBUG    TX /CONTROLL/0,0,0,0,0,0,0,0,0
17:28:53.224  INFO     RX        /ERR/LOKO/0x00000002
17:28:53.224  INFO     RX        /ERR/LOKO/0x00000002
17:28:53.254  INFO     RX        /ERR/LOKO/0x00000002
17:28:53.254  INFO     RX        /ERR/LOKO/0x00000002
17:28:53.254  INFO     RX        /ERR/LOKO/0x00000002
17:28:53.288  INFO     RX        /ERR/LOKO/0x00000002
17:28:53.344  DEBUG    TX /CONTROLL/0,0,0,0,0,0,0,0,0
17:28:54.544  INFO     RX        /ERR/LOKO/0x00000002
17:28:54.544  INFO     RX        /ERR/LOKO/0x00000002
17:28:54.544  INFO     RX        /ERR/LOKO/0x00000002
17:28:54.577  INFO     RX        /ERR/LOKO/0x00000002
17:28:54.578  INFO     RX        /ERR/LOKO/0x00000002
17:28:54.578  INFO     RX        /ERR/LOKO/0x00000002
17:28:54.610  INFO     RX        /ERR/LOKO/0x00000002
17:28:54.610  INFO     RX        /ERR/LOKO/0x00000002
17:28:54.610  INFO     RX        /ERR/LOKO/0x00000002
17:28:54.640  INFO     RX        /ERR/LOKO/0x00000002
17:28:54.640  INFO     RX        /ERR/LOKO/0x00000002
17:28:54.675  INFO     RX        /ERR/LOKO/0x00000002
17:28:54.675  INFO     RX        /ERR/LOKO/0x00000002
17:28:54.675  INFO     RX        /ERR/LOKO/0x00000002
17:28:54.704  INFO     RX        /ERR/LOKO/0x00000002
17:28:54.704  INFO     RX        /ERR/LOKO/0x00000002
17:28:54.704  INFO     RX        /ERR/LOKO/0x00000002
17:28:54.740  INFO     RX        /ERR/LOKO/0x00000002
17:28:54.740  INFO     RX        /ERR/LOKO/0x00000002
17:28:54.740  INFO     RX        /ERR/LOKO/0x00000002
17:28:54.770  INFO     RX        /ERR/LOKO/0x00000002
17:28:54.770  INFO     RX        /ERR/LOKO/0x00000002
17:28:54.803  INFO     RX        /ERR/LOKO/0x00000002
17:28:54.803  INFO     RX        /ERR/LOKO/0x00000002
17:28:54.803  INFO     RX        /ERR/LOKO/0x00000002
17:28:54.832  INFO     RX        /ERR/LOKO/0x00000002
17:28:54.832  INFO     RX        /ERR/LOKO/0x00000002
17:28:54.832  INFO     RX        /ERR/LOKO/0x00000002
17:28:54.868  INFO     RX        /ERR/LOKO/0x00000002
17:28:54.868  INFO     RX        /ERR/LOKO/0x00000002
17:28:54.868  INFO     RX        /ERR/LOKO/0x00000002
17:28:54.897  INFO     RX        /ERR/LOKO/0x00000002
17:28:54.898  INFO     RX        /ERR/LOKO/0x00000002
17:28:54.898  INFO     RX        /ERR/LOKO/0x00000002
17:28:54.959  DEBUG    TX /CONTROLL/0,0,0,0,0,0,0,0,0
17:28:54.999  INFO     RX        /ERR/LOKO/0x00000002
17:28:54.999  INFO     RX        /ERR/LOKO/0x00000002
17:28:54.999  INFO     RX        /ERR/LOKO/0x00000002
17:28:55.006  INFO     RX        /ERR/LOKO/0x00000002
17:28:55.006  INFO     RX        /ERR/LOKO/0x00000002
17:28:55.006  INFO     RX        /ERR/LOKO/0x00000002
17:28:55.006  INFO     RX        /ERR/LOKO/0x00000002
17:28:55.006  INFO     RX        /ERR/LOKO/0x00000002
17:28:55.006  INFO     RX        /ERR/LOKO/0x00000002
17:28:55.028  INFO     RX        /ERR/LOKO/0x00000002
17:28:55.028  INFO     RX        /ERR/LOKO/0x00000002
17:28:55.063  INFO     RX        /ERR/LOKO/0x00000002
17:28:55.063  INFO     RX        /ERR/LOKO/0x00000002
17:28:55.063  INFO     RX        /ERR/LOKO/0x00000002
17:28:55.092  INFO     RX        /ERR/LOKO/0x00000002
17:28:55.092  INFO     RX        /ERR/LOKO/0x00000002
17:28:55.127  INFO     RX        /ERR/LOKO/0x00000002
17:28:55.127  INFO     RX        /ERR/LOKO/0x00000002
17:28:55.127  INFO     RX        /ERR/LOKO/0x00000002
17:28:55.160  INFO     RX        /ERR/LOKO/0x00000002
17:28:55.160  INFO     RX        /ERR/LOKO/0x00000002
17:28:55.160  INFO     RX        /ERR/LOKO/0x00000002
17:28:55.193  INFO     RX        /ERR/LOKO/0x00000002
17:28:55.193  INFO     RX        /ERR/LOKO/0x00000002
17:28:55.193  INFO     RX        /ERR/LOKO/0x00000002
17:28:55.223  INFO     RX        /ERR/LOKO/0x00000002
17:28:55.223  INFO     RX        /ERR/LOKO/0x00000002
17:28:55.223  INFO     RX        /ERR/LOKO/0x00000002
17:28:55.253  INFO     RX        /ERR/LOKO/0x00000002
17:28:55.253  INFO     RX        /ERR/LOKO/0x00000002
17:28:55.291  INFO     RX        /ERR/LOKO/0x00000002
17:28:55.291  INFO     RX        /ERR/LOKO/0x00000002
17:28:55.291  INFO     RX        /ERR/LOKO/0x00000002
17:28:55.291  INFO     RX        /ERR/LOKO/0x00000002
17:28:55.318  INFO     RX        /ERR/LOKO/0x00000002
17:28:55.318  INFO     RX        /ERR/LOKO/0x00000002
17:28:55.350  INFO     RX        /ERR/LOKO/0x00000002
17:28:55.350  INFO     RX        /ERR/LOKO/0x00000002
17:28:55.350  INFO     RX        /ERR/LOKO/0x00000002
17:28:55.384  INFO     RX        /ERR/LOKO/0x00000002
17:28:55.384  INFO     RX        /ERR/LOKO/0x00000002
17:28:55.384  INFO     RX        /ERR/LOKO/0x00000002
17:28:55.414  INFO     RX        /ERR/LOKO/0x00000002
17:28:55.414  INFO     RX        /ERR/LOKO/0x00000002
17:28:55.449  INFO     RX        /ERR/LOKO/0x00000002
17:28:55.449  INFO     RX        /ERR/LOKO/0x00000002
17:28:55.449  INFO     RX        /ERR/LOKO/0x00000002
17:28:55.477  INFO     RX        /ERR/LOKO/0x00000002
17:28:55.477  INFO     RX        /ERR/LOKO/0x00000002
17:28:55.477  INFO     RX        /ERR/LOKO/0x00000002
17:28:55.510  INFO     RX        /ERR/LOKO/0x00000002
17:28:55.510  INFO     RX        /ERR/LOKO/0x00000002
17:28:55.547  INFO     RX        /ERR/LOKO/0x00000002
17:28:55.547  INFO     RX        /ERR/LOKO/0x00000002
17:28:55.547  INFO     RX        /ERR/LOKO/0x00000002
17:28:55.547  INFO     RX        /ERR/LOKO/0x00000002
17:28:55.575  INFO     RX        /ERR/LOKO/0x00000002
17:28:55.575  INFO     RX        /ERR/LOKO/0x00000002
17:28:55.610  INFO     RX        /ERR/LOKO/0x00000002
17:28:55.610  INFO     RX        /ERR/LOKO/0x00000002
17:28:55.610  INFO     RX        /ERR/LOKO/0x00000002
17:28:55.640  INFO     RX        /ERR/LOKO/0x00000002
17:28:55.640  INFO     RX        /ERR/LOKO/0x00000002
17:28:55.640  INFO     RX        /ERR/LOKO/0x00000002
17:28:55.675  INFO     RX        /ERR/LOKO/0x00000002
17:28:55.675  INFO     RX        /ERR/LOKO/0x00000002
17:28:55.675  INFO     RX        /ERR/LOKO/0x00000002
17:28:55.704  INFO     RX        /ERR/LOKO/0x00000002
17:28:55.704  INFO     RX        /ERR/LOKO/0x00000002
17:28:55.741  INFO     RX        /ERR/LOKO/0x00000002
17:28:55.741  INFO     RX        /ERR/LOKO/0x00000002
17:28:55.741  INFO     RX        /ERR/LOKO/0x00000002
17:28:55.769  INFO     RX        /ERR/LOKO/0x00000002
17:28:55.769  INFO     RX        /ERR/LOKO/0x00000002
17:28:55.769  INFO     RX        /ERR/LOKO/0x00000002
17:28:55.802  INFO     RX        /ERR/LOKO/0x00000002
17:28:55.802  INFO     RX        /ERR/LOKO/0x00000002
17:28:55.839  INFO     RX        /ERR/LOKO/0x00000002
17:28:55.839  INFO     RX        /ERR/LOKO/0x00000002
17:28:55.839  INFO     RX        /ERR/LOKO/0x00000002
17:28:55.839  INFO     RX        /ERR/LOKO/0x00000002
17:28:55.865  INFO     RX        /ERR/LOKO/0x00000002
17:28:55.865  INFO     RX        /ERR/LOKO/0x00000002
17:28:55.901  INFO     RX        /ERR/LOKO/0x00000002
17:28:55.901  INFO     RX        /ERR/LOKO/0x00000002
17:28:55.901  INFO     RX        /ERR/LOKO/0x00000002
17:28:55.930  INFO     RX        /ERR/LOKO/0x00000002
17:28:55.930  INFO     RX        /ERR/LOKO/0x00000002
17:28:55.965  INFO     RX        /ERR/LOKO/0x00000002
17:28:55.965  INFO     RX        /ERR/LOKO/0x00000002
17:28:55.965  INFO     RX        /ERR/LOKO/0x00000002
17:28:55.997  INFO     RX        /ERR/LOKO/0x00000002
17:28:55.997  INFO     RX        /ERR/LOKO/0x00000002
17:28:55.997  INFO     RX        /ERR/LOKO/0x00000002
17:28:56.031  INFO     RX        /ERR/LOKO/0x00000002
17:28:56.031  INFO     RX        /ERR/LOKO/0x00000002
17:28:56.031  INFO     RX        /ERR/LOKO/0x00000002
17:28:56.059  INFO     RX        /ERR/LOKO/0x00000002
17:28:56.059  INFO     RX        /ERR/LOKO/0x00000002
17:28:56.093  INFO     RX        /ERR/LOKO/0x00000002
17:28:56.094  INFO     RX        /ERR/LOKO/0x00000002
17:28:56.094  INFO     RX        /ERR/LOKO/0x00000002
17:28:56.126  INFO     RX        /ERR/LOKO/0x00000002
17:28:56.126  INFO     RX        /ERR/LOKO/0x00000002
17:28:56.126  INFO     RX        /ERR/LOKO/0x00000002
17:28:56.158  INFO     RX        /ERR/LOKO/0x00000002
17:28:56.158  INFO     RX        /ERR/LOKO/0x00000002
17:28:56.158  INFO     RX        /ERR/LOKO/0x00000002
17:28:56.190  INFO     RX        /ERR/LOKO/0x00000002
17:28:56.190  INFO     RX        /ERR/LOKO/0x00000002
17:28:56.190  INFO     RX        /ERR/LOKO/0x00000002
17:28:56.221  INFO     RX        /ERR/LOKO/0x00000002
17:28:56.221  INFO     RX        /ERR/LOKO/0x00000002
17:28:56.256  INFO     RX        /ERR/LOKO/0x00000002
17:28:56.256  INFO     RX        /ERR/LOKO/0x00000002
17:28:56.256  INFO     RX        /ERR/LOKO/0x00000002
17:28:56.289  INFO     RX        /ERR/LOKO/0x00000002
17:28:56.289  INFO     RX        /ERR/LOKO/0x00000002
17:28:56.289  INFO     RX        /ERR/LOKO/0x00000002
17:28:56.323  INFO     RX        /ERR/LOKO/0x00000002
17:28:56.323  INFO     RX        /ERR/LOKO/0x00000002
17:28:56.323  INFO     RX        /ERR/LOKO/0x00000002
17:28:56.358  INFO     RX        /ERR/LOKO/0x00000002
17:28:56.358  INFO     RX        /ERR/LOKO/0x00000002
17:28:56.358  INFO     RX        /ERR/LOKO/0x00000002
17:28:56.390  INFO     RX        /ERR/LOKO/0x00000002
17:28:56.390  INFO     RX        /ERR/LOKO/0x00000002
17:28:56.390  INFO     RX        /ERR/LOKO/0x00000002
17:28:56.424  INFO     RX        /ERR/LOKO/0x00000002
17:28:56.424  INFO     RX        /ERR/LOKO/0x00000002
17:28:56.424  INFO     RX        /ERR/LOKO/0x00000002
17:28:56.453  INFO     RX        /ERR/LOKO/0x00000002
17:28:56.453  INFO     RX        /ERR/LOKO/0x00000002
17:28:56.489  INFO     RX        /ERR/LOKO/0x00000002
17:28:56.489  INFO     RX        /ERR/LOKO/0x00000002
17:28:56.489  INFO     RX        /ERR/LOKO/0x00000002
17:28:56.518  INFO     RX        /ERR/LOKO/0x00000002
17:28:56.518  INFO     RX        /ERR/LOKO/0x00000002
17:28:56.518  INFO     RX        /ERR/LOKO/0x00000002
17:28:56.553  INFO     RX        /ERR/LOKO/0x00000002
17:28:56.553  INFO     RX        /ERR/LOKO/0x00000002
17:28:56.553  INFO     RX        /ERR/LOKO/0x00000002
17:28:56.580  DEBUG    TX /CONTROLL/0,0,0,0,0,0,0,0,0
17:28:56.585  INFO     RX        /ERR/LOKO/0x00000002
17:28:56.585  INFO     RX        /ERR/LOKO/0x00000002
17:28:56.585  INFO     RX        /ERR/LOKO/0x00000002
17:28:56.617  INFO     RX        /ERR/LOKO/0x00000002
17:28:56.617  INFO     RX        /ERR/LOKO/0x00000002
17:28:56.651  INFO     RX        /ERR/LOKO/0x00000002
17:28:56.652  INFO     RX        /ERR/LOKO/0x00000002
17:28:56.652  INFO     RX        /ERR/LOKO/0x00000002
17:28:56.682  INFO     RX        /ERR/LOKO/0x00000002
17:28:56.682  INFO     RX        /ERR/LOKO/0x00000002
17:28:56.682  INFO     RX        /ERR/LOKO/0x00000002
17:28:56.716  INFO     RX        /ERR/LOKO/0x00000002
17:28:56.716  INFO     RX        /ERR/LOKO/0x00000002
17:28:56.716  INFO     RX        /ERR/LOKO/0x00000002
17:28:56.750  INFO     RX        /ERR/LOKO/0x00000002
17:28:56.750  INFO     RX        /ERR/LOKO/0x00000002
17:28:56.750  INFO     RX        /ERR/LOKO/0x00000002
17:28:56.778  INFO     RX        /ERR/LOKO/0x00000002
17:28:56.778  INFO     RX        /ERR/LOKO/0x00000002
17:28:56.816  INFO     RX        /ERR/LOKO/0x00000002
17:28:56.816  INFO     RX        /ERR/LOKO/0x00000002
17:28:56.816  INFO     RX        /ERR/LOKO/0x00000002
17:28:56.816  INFO     RX        /ERR/LOKO/0x00000002
17:28:56.842  INFO     RX        /ERR/LOKO/0x00000002
17:28:56.842  INFO     RX        /ERR/LOKO/0x00000002
17:28:56.877  INFO     RX        /ERR/LOKO/0x00000002
17:28:56.877  INFO     RX        /ERR/LOKO/0x00000002
17:28:56.877  INFO     RX        /ERR/LOKO/0x00000002
17:28:56.911  INFO     RX        /ERR/LOKO/0x00000002
17:28:56.911  INFO     RX        /ERR/LOKO/0x00000002
17:28:56.911  INFO     RX        /ERR/LOKO/0x00000002
17:28:56.941  INFO     RX        /ERR/LOKO/0x00000002
17:28:56.941  INFO     RX        /ERR/LOKO/0x00000002
17:28:56.976  INFO     RX        /ERR/LOKO/0x00000002
17:28:56.976  INFO     RX        /ERR/LOKO/0x00000002
17:28:56.976  INFO     RX        /ERR/LOKO/0x00000002
17:28:57.006  INFO     RX        /ERR/LOKO/0x00000002
17:28:57.006  INFO     RX        /ERR/LOKO/0x00000002
17:28:57.006  INFO     RX        /ERR/LOKO/0x00000002
17:28:57.036  INFO     RX        /ERR/LOKO/0x00000002
17:28:57.036  INFO     RX        /ERR/LOKO/0x00000002
17:28:57.072  INFO     RX        /ERR/LOKO/0x00000002
17:28:57.072  INFO     RX        /ERR/LOKO/0x00000002
17:28:57.072  INFO     RX        /ERR/LOKO/0x00000002
17:28:57.072  INFO     RX        /ERR/LOKO/0x00000002
17:28:57.100  INFO     RX        /ERR/LOKO/0x00000002
17:28:57.101  INFO     RX        /ERR/LOKO/0x00000002
17:28:57.134  INFO     RX        /ERR/LOKO/0x00000002
17:28:57.134  INFO     RX        /ERR/LOKO/0x00000002
17:28:57.134  INFO     RX        /ERR/LOKO/0x00000002
17:28:57.164  INFO     RX        /ERR/LOKO/0x00000002
17:28:57.164  INFO     RX        /ERR/LOKO/0x00000002
17:28:57.164  INFO     RX        /ERR/LOKO/0x00000002
17:28:57.199  INFO     RX        /ERR/LOKO/0x00000002
17:28:57.199  INFO     RX        /ERR/LOKO/0x00000002
17:28:57.199  INFO     RX        /ERR/LOKO/0x00000002
17:28:57.227  INFO     RX        /ERR/LOKO/0x00000002
17:28:57.227  INFO     RX        /ERR/LOKO/0x00000002
17:28:57.263  INFO     RX        /ERR/LOKO/0x00000002
17:28:57.263  INFO     RX        /ERR/LOKO/0x00000002
17:28:57.263  INFO     RX        /ERR/LOKO/0x00000002
17:28:57.292  INFO     RX        /ERR/LOKO/0x00000002
17:28:57.292  INFO     RX        /ERR/LOKO/0x00000002
17:28:57.292  INFO     RX        /ERR/LOKO/0x00000002
17:28:57.327  INFO     RX        /ERR/LOKO/0x00000002
17:28:57.327  INFO     RX        /ERR/LOKO/0x00000002
17:28:57.327  INFO     RX        /ERR/LOKO/0x00000002
17:28:57.357  INFO     RX        /ERR/LOKO/0x00000002
17:28:57.357  INFO     RX        /ERR/LOKO/0x00000002
17:28:57.389  INFO     RX        /ERR/LOKO/0x00000002
17:28:57.390  INFO     RX        /ERR/LOKO/0x00000002
17:28:57.390  INFO     RX        /ERR/LOKO/0x00000002
17:28:57.429  INFO     RX        /ERR/LOKO/0x00000002
17:28:57.429  INFO     RX        /ERR/LOKO/0x00000002
17:28:57.429  INFO     RX        /ERR/LOKO/0x00000002
17:28:57.455  INFO     RX        /ERR/LOKO/0x00000002
17:28:57.455  INFO     RX        /ERR/LOKO/0x00000002
17:28:57.455  INFO     RX        /ERR/LOKO/0x00000002
17:28:57.491  INFO     RX        /ERR/LOKO/0x00000002
17:28:57.491  INFO     RX        /ERR/LOKO/0x00000002
17:28:57.491  INFO     RX        /ERR/LOKO/0x00000002
17:28:57.520  INFO     RX        /ERR/LOKO/0x00000002
17:28:57.520  INFO     RX        /ERR/LOKO/0x00000002
17:28:57.554  INFO     RX        /ERR/LOKO/0x00000002
17:28:57.555  INFO     RX        /ERR/LOKO/0x00000002
17:28:57.555  INFO     RX        /ERR/LOKO/0x00000002
17:28:57.585  INFO     RX        /ERR/LOKO/0x00000002
17:28:57.585  INFO     RX        /ERR/LOKO/0x00000002
17:28:57.585  INFO     RX        /ERR/LOKO/0x00000002
17:28:57.618  INFO     RX        /ERR/LOKO/0x00000002
17:28:57.618  INFO     RX        /ERR/LOKO/0x00000002
17:28:57.618  INFO     RX        /ERR/LOKO/0x00000002
17:28:57.648  INFO     RX        /ERR/LOKO/0x00000002
17:28:57.648  INFO     RX        /ERR/LOKO/0x00000002
17:28:57.757  INFO     RX        /ERR/LOKO/0x00000002
17:28:57.757  INFO     RX        /ERR/LOKO/0x00000002
17:28:57.757  INFO     RX        /ERR/LOKO/0x00000002
17:28:57.757  INFO     RX        /ERR/LOKO/0x00000002
17:28:57.757  INFO     RX        /ERR/LOKO/0x00000002
17:28:57.757  INFO     RX        /ERR/LOKO/0x00000002
17:28:57.757  INFO     RX        /ERR/LOKO/0x00000002
17:28:57.757  INFO     RX        /ERR/LOKO/0x00000002
17:28:57.757  INFO     RX        /ERR/LOKO/0x00000002
17:28:57.757  INFO     RX        /ERR/LOKO/0x00000002
17:28:57.777  INFO     RX        /ERR/LOKO/0x00000002
17:28:57.812  INFO     RX        /ERR/LOKO/0x00000002
17:28:57.812  INFO     RX        /ERR/LOKO/0x00000002
17:28:57.812  INFO     RX        /ERR/LOKO/0x00000002
17:28:57.845  INFO     RX        /ERR/LOKO/0x00000002
17:28:57.845  INFO     RX        /ERR/LOKO/0x00000002
17:28:57.846  INFO     RX        /ERR/LOKO/0x00000002
17:28:57.876  INFO     RX        /ERR/LOKO/0x00000002
17:28:57.876  INFO     RX        /ERR/LOKO/0x00000002
17:28:57.876  INFO     RX        /ERR/LOKO/0x00000002
17:28:57.909  INFO     RX        /ERR/LOKO/0x00000002
17:28:57.909  INFO     RX        /ERR/LOKO/0x00000002
17:28:57.909  INFO     RX        /ERR/LOKO/0x00000002
17:28:57.941  INFO     RX        /ERR/LOKO/0x00000002
17:28:57.941  INFO     RX        /ERR/LOKO/0x00000002
17:28:57.941  INFO     RX        /ERR/LOKO/0x00000002
17:28:57.973  INFO     RX        /ERR/LOKO/0x00000002
17:28:57.973  INFO     RX        /ERR/LOKO/0x00000002
17:28:58.005  INFO     RX        /ERR/LOKO/0x00000002
17:28:58.005  INFO     RX        /ERR/LOKO/0x00000002
17:28:58.005  INFO     RX        /ERR/LOKO/0x00000002
17:28:58.038  INFO     RX        /ERR/LOKO/0x00000002
17:28:58.038  INFO     RX        /ERR/LOKO/0x00000002
17:28:58.038  INFO     RX        /ERR/LOKO/0x00000002
17:28:58.066  INFO     RX        /ERR/LOKO/0x00000002
17:28:58.067  INFO     RX        /ERR/LOKO/0x00000002
17:28:58.102  INFO     RX        /ERR/LOKO/0x00000002
17:28:58.102  INFO     RX        /ERR/LOKO/0x00000002
17:28:58.102  INFO     RX        /ERR/LOKO/0x00000002
17:28:58.133  INFO     RX        /ERR/LOKO/0x00000002
17:28:58.134  INFO     RX        /ERR/LOKO/0x00000002
17:28:58.134  INFO     RX        /ERR/LOKO/0x00000002
17:28:58.166  INFO     RX        /ERR/LOKO/0x00000002
17:28:58.166  INFO     RX        /ERR/LOKO/0x00000002
17:28:58.166  INFO     RX        /ERR/LOKO/0x00000002
17:28:58.192  DEBUG    TX /CONTROLL/0,0,0,0,0,0,0,0,0
17:28:58.197  INFO     RX        /ERR/LOKO/0x00000002
17:28:58.197  INFO     RX        /ERR/LOKO/0x00000002
17:28:58.198  INFO     RX        /ERR/LOKO/0x00000002
17:28:58.228  INFO     RX        /ERR/LOKO/0x00000002
17:28:58.228  INFO     RX        /ERR/LOKO/0x00000002
17:28:58.262  INFO     RX        /ERR/LOKO/0x00000002
17:28:58.262  INFO     RX        /ERR/LOKO/0x00000002
17:28:58.262  INFO     RX        /ERR/LOKO/0x00000002
17:28:58.297  INFO     RX        /ERR/LOKO/0x00000002
17:28:58.297  INFO     RX        /ERR/LOKO/0x00000002
17:28:58.297  INFO     RX        /ERR/LOKO/0x00000002
17:28:58.330  INFO     RX        /ERR/LOKO/0x00000002
17:28:58.331  INFO     RX        /ERR/LOKO/0x00000002
17:28:58.331  INFO     RX        /ERR/LOKO/0x00000002
17:28:58.360  INFO     RX        /ERR/LOKO/0x00000002
17:28:58.361  INFO     RX        /ERR/LOKO/0x00000002
17:28:58.361  INFO     RX        /ERR/LOKO/0x00000002
17:28:58.393  INFO     RX        /ERR/LOKO/0x00000002
17:28:58.393  INFO     RX        /ERR/LOKO/0x00000002
17:28:58.393  INFO     RX        /ERR/LOKO/0x00000002
17:28:58.426  INFO     RX        /ERR/LOKO/0x00000002
17:28:58.427  INFO     RX        /ERR/LOKO/0x00000002
17:28:58.455  INFO     RX        /ERR/LOKO/0x00000002
17:28:58.455  INFO     RX        /ERR/LOKO/0x00000002
17:28:58.455  INFO     RX        /ERR/LOKO/0x00000002
17:28:58.490  INFO     RX        /ERR/LOKO/0x00000002
17:28:58.490  INFO     RX        /ERR/LOKO/0x00000002
17:28:58.490  INFO     RX        /ERR/LOKO/0x00000002
17:28:58.519  INFO     RX        /ERR/LOKO/0x00000002
17:28:58.519  INFO     RX        /ERR/LOKO/0x00000002
17:28:58.554  INFO     RX        /ERR/LOKO/0x00000002
17:28:58.554  INFO     RX        /ERR/LOKO/0x00000002
17:28:58.554  INFO     RX        /ERR/LOKO/0x00000002
17:28:58.584  INFO     RX        /ERR/LOKO/0x00000002
17:28:58.584  INFO     RX        /ERR/LOKO/0x00000002
17:28:58.584  INFO     RX        /ERR/LOKO/0x00000002
17:28:58.618  INFO     RX        /ERR/LOKO/0x00000002
17:28:58.618  INFO     RX        /ERR/LOKO/0x00000002
17:28:58.618  INFO     RX        /ERR/LOKO/0x00000002
17:28:58.648  INFO     RX        /ERR/LOKO/0x00000002
17:28:58.648  INFO     RX        /ERR/LOKO/0x00000002
17:28:58.683  INFO     RX        /ERR/LOKO/0x00000002
17:28:58.683  INFO     RX        /ERR/LOKO/0x00000002
17:28:58.683  INFO     RX        /ERR/LOKO/0x00000002
17:28:58.813  INFO     RX        /ERR/LOKO/0x00000002
17:28:58.814  INFO     RX        /ERR/LOKO/0x00000002
17:28:58.814  INFO     RX        /ERR/LOKO/0x00000002
17:28:58.814  INFO     RX        /ERR/LOKO/0x00000002
17:28:58.814  INFO     RX        /ERR/LOKO/0x00000002
17:28:58.814  INFO     RX        /ERR/LOKO/0x00000002
17:28:58.814  INFO     RX        /ERR/LOKO/0x00000002
17:28:58.814  INFO     RX        /ERR/LOKO/0x00000002
17:28:58.817  INFO     RX        /ERR/LOKO/0x00000002
17:28:58.817  INFO     RX        /ERR/LOKO/0x00000002
17:28:58.817  INFO     RX        /ERR/LOKO/0x00000002
17:28:58.817  INFO     RX        /ERR/LOKO/0x00000002
17:28:58.841  INFO     RX        /ERR/LOKO/0x00000002
17:28:58.841  INFO     RX        /ERR/LOKO/0x00000002
17:28:58.876  INFO     RX        /ERR/LOKO/0x00000002
17:28:58.876  INFO     RX        /ERR/LOKO/0x00000002
17:28:58.876  INFO     RX        /ERR/LOKO/0x00000002
17:28:58.904  INFO     RX        /ERR/LOKO/0x00000002
17:28:58.904  INFO     RX        /ERR/LOKO/0x00000002
17:28:59.034  INFO     RX        /ERR/LOKO/0x00000002
17:28:59.034  INFO     RX        /ERR/LOKO/0x00000002
17:28:59.034  INFO     RX        /ERR/LOKO/0x00000002
17:28:59.035  INFO     RX        /ERR/LOKO/0x00000002
17:28:59.035  INFO     RX        /ERR/LOKO/0x00000002
17:28:59.035  INFO     RX        /ERR/LOKO/0x00000002
17:28:59.035  INFO     RX        /ERR/LOKO/0x00000002
17:28:59.035  INFO     RX        /ERR/LOKO/0x00000002
17:28:59.038  INFO     RX        /ERR/LOKO/0x00000002
17:28:59.038  INFO     RX        /ERR/LOKO/0x00000002
17:28:59.038  INFO     RX        /ERR/LOKO/0x00000002
17:28:59.038  INFO     RX        /ERR/LOKO/0x00000002
17:28:59.044  INFO     RX        /ERR/LOKO/0x00000002
17:28:59.087  INFO     RX        /ERR/LOKO/0x00000002
17:28:59.087  INFO     RX        /ERR/LOKO/0x00000002
17:28:59.087  INFO     RX        /ERR/LOKO/0x00000002
17:28:59.099  INFO     RX        /ERR/LOKO/0x00000002
17:28:59.134  INFO     RX        /ERR/LOKO/0x00000002
17:28:59.134  INFO     RX        /ERR/LOKO/0x00000002
17:28:59.134  INFO     RX        /ERR/LOKO/0x00000002
17:28:59.247  INFO     RX        /ERR/LOKO/0x00000002
17:28:59.247  INFO     RX        /ERR/LOKO/0x00000002
17:28:59.247  INFO     RX        /ERR/LOKO/0x00000002
17:28:59.247  INFO     RX        /ERR/LOKO/0x00000002
17:28:59.247  INFO     RX        /ERR/LOKO/0x00000002
17:28:59.247  INFO     RX        /ERR/LOKO/0x00000002
17:28:59.247  INFO     RX        /ERR/LOKO/0x00000002
17:28:59.247  INFO     RX        /ERR/LOKO/0x00000002
17:28:59.256  INFO     RX        /ERR/LOKO/0x00000002
17:28:59.256  INFO     RX        /ERR/LOKO/0x00000002
17:28:59.256  INFO     RX        /ERR/LOKO/0x00000002
17:28:59.264  INFO     RX        /ERR/LOKO/0x00000002
17:28:59.295  INFO     RX        /ERR/LOKO/0x00000002
17:28:59.295  INFO     RX        /ERR/LOKO/0x00000002
17:28:59.358  INFO     RX        /ERR/LOKO/0x00000002
17:28:59.358  INFO     RX        /ERR/LOKO/0x00000002
17:28:59.358  INFO     RX        /ERR/LOKO/0x00000002
17:28:59.358  INFO     RX        /ERR/LOKO/0x00000002
17:28:59.358  INFO     RX        /ERR/LOKO/0x00000002
17:28:59.358  INFO     RX        /ERR/LOKO/0x00000002
17:28:59.428  INFO     RX        /ERR/LOKO/0x00000002
17:28:59.429  INFO     RX        /ERR/LOKO/0x00000002
17:28:59.429  INFO     RX        /ERR/LOKO/0x00000002
17:28:59.429  INFO     RX        /ERR/LOKO/0x00000002
17:28:59.429  INFO     RX        /ERR/LOKO/0x00000002
17:28:59.429  INFO     RX        /ERR/LOKO/0x00000002
17:28:59.455  INFO     RX        /ERR/LOKO/0x00000002
17:28:59.455  INFO     RX        /ERR/LOKO/0x00000002
17:28:59.493  INFO     RX        /ERR/LOKO/0x00000002
17:28:59.493  INFO     RX        /ERR/LOKO/0x00000002
17:28:59.493  INFO     RX        /ERR/LOKO/0x00000002
17:28:59.573  INFO     RX        /ERR/LOKO/0x00000002
17:28:59.573  INFO     RX        /ERR/LOKO/0x00000002
17:28:59.573  INFO     RX        /ERR/LOKO/0x00000002
17:28:59.573  INFO     RX        /ERR/LOKO/0x00000002
17:28:59.573  INFO     RX        /ERR/LOKO/0x00000002
17:28:59.573  INFO     RX        /ERR/LOKO/0x00000002
17:28:59.573  INFO     RX        /ERR/LOKO/0x00000002
17:28:59.577  INFO     RX        /ERR/LOKO/0x00000002
17:28:59.671  INFO     RX        /ERR/LOKO/0x00000002
17:28:59.671  INFO     RX        /ERR/LOKO/0x00000002
17:28:59.671  INFO     RX        /ERR/LOKO/0x00000002
17:28:59.672  INFO     RX        /ERR/LOKO/0x00000002
17:28:59.672  INFO     RX        /ERR/LOKO/0x00000002
17:28:59.672  INFO     RX        /ERR/LOKO/0x00000002
17:28:59.672  INFO     RX        /ERR/LOKO/0x00000002
17:28:59.672  INFO     RX        /ERR/LOKO/0x00000002
17:28:59.683  INFO     RX        /ERR/LOKO/0x00000002
17:28:59.715  INFO     RX        /ERR/LOKO/0x00000002
17:28:59.715  INFO     RX        /ERR/LOKO/0x00000002
17:28:59.745  INFO     RX        /ERR/LOKO/0x00000002
17:28:59.745  INFO     RX        /ERR/LOKO/0x00000002
17:28:59.745  INFO     RX        /ERR/LOKO/0x00000002
17:28:59.781  INFO     RX        /ERR/LOKO/0x00000002
17:28:59.781  INFO     RX        /ERR/LOKO/0x00000002
17:28:59.781  INFO     RX        /ERR/LOKO/0x00000002
17:28:59.806  DEBUG    TX /CONTROLL/0,0,0,0,0,0,0,0,0
17:28:59.930  INFO     RX        /ERR/LOKO/0x00000002
17:28:59.930  INFO     RX        /ERR/LOKO/0x00000002
17:28:59.930  INFO     RX        /ERR/LOKO/0x00000002
17:28:59.930  INFO     RX        /ERR/LOKO/0x00000002
17:28:59.930  INFO     RX        /ERR/LOKO/0x00000002
17:28:59.930  INFO     RX        /ERR/LOKO/0x00000002
17:28:59.930  INFO     RX        /ERR/LOKO/0x00000002
17:28:59.930  INFO     RX        /ERR/LOKO/0x00000002
17:28:59.935  INFO     RX        /ERR/LOKO/0x00000002
17:28:59.935  INFO     RX        /ERR/LOKO/0x00000002
17:28:59.935  INFO     RX        /ERR/LOKO/0x00000002
17:28:59.935  INFO     RX        /ERR/LOKO/0x00000002
17:28:59.935  INFO     RX        /ERR/LOKO/0x00000002
17:28:59.938  INFO     RX        /ERR/LOKO/0x00000002
17:28:59.974  INFO     RX        /ERR/LOKO/0x00000002
17:28:59.974  INFO     RX        /ERR/LOKO/0x00000002
17:28:59.974  INFO     RX        /ERR/LOKO/0x00000002
17:29:00.003  INFO     RX        /ERR/LOKO/0x00000002
17:29:00.003  INFO     RX        /ERR/LOKO/0x00000002
17:29:00.153  INFO     RX        /ERR/LOKO/0x00000002
17:29:00.153  INFO     RX        /ERR/LOKO/0x00000002
17:29:00.153  INFO     RX        /ERR/LOKO/0x00000002
17:29:00.153  INFO     RX        /ERR/LOKO/0x00000002
17:29:00.153  INFO     RX        /ERR/LOKO/0x00000002
17:29:00.153  INFO     RX        /ERR/LOKO/0x00000002
17:29:00.153  INFO     RX        /ERR/LOKO/0x00000002
17:29:00.153  INFO     RX        /ERR/LOKO/0x00000002
17:29:00.158  INFO     RX        /ERR/LOKO/0x00000002
17:29:00.158  INFO     RX        /ERR/LOKO/0x00000002
17:29:00.158  INFO     RX        /ERR/LOKO/0x00000002
17:29:00.158  INFO     RX        /ERR/LOKO/0x00000002
17:29:00.158  INFO     RX        /ERR/LOKO/0x00000002
17:29:00.158  INFO     RX        /ERR/LOKO/0x00000002
17:29:00.181  INFO     RX        /ERR/LOKO/0x00000002
17:29:00.181  INFO     RX        /ERR/LOKO/0x00000002
17:29:00.953  INFO     RX        /ERR/LOKO/0x00000002
17:29:00.953  INFO     RX        /ERR/LOKO/0x00000002
17:29:00.954  INFO     RX        /ERR/LOKO/0x00000002
17:29:00.954  INFO     RX        /ERR/LOKO/0x00000002
17:29:00.972  INFO     RX        /ERR/LOKO/0x00000002
17:29:00.972  INFO     RX        /ERR/LOKO/0x00000002
17:29:01.007  INFO     RX        /ERR/LOKO/0x00000002
17:29:01.007  INFO     RX        /ERR/LOKO/0x00000002
17:29:01.008  INFO     RX        /ERR/LOKO/0x00000002
17:29:01.036  INFO     RX        /ERR/LOKO/0x00000002
17:29:01.036  INFO     RX        /ERR/LOKO/0x00000002
17:29:01.071  INFO     RX        /ERR/LOKO/0x00000002
17:29:01.071  INFO     RX        /ERR/LOKO/0x00000002
17:29:01.071  INFO     RX        /ERR/LOKO/0x00000002
17:29:01.101  INFO     RX        /ERR/LOKO/0x00000002
17:29:01.101  INFO     RX        /ERR/LOKO/0x00000002
17:29:01.101  INFO     RX        /ERR/LOKO/0x00000002
17:29:01.163  INFO     RX        /ERR/LOKO/0x00000002
17:29:01.164  INFO     RX        /ERR/LOKO/0x00000002
17:29:01.164  INFO     RX        /ERR/LOKO/0x00000002
17:29:01.164  INFO     RX        /ERR/LOKO/0x00000002
17:29:01.164  INFO     RX        /ERR/LOKO/0x00000002
17:29:01.166  INFO     RX        /ERR/LOKO/0x00000002
17:29:01.215  INFO     RX        /ERR/LOKO/0x00000002
17:29:01.215  INFO     RX        /ERR/LOKO/0x00000002
17:29:01.216  INFO     RX        /ERR/LOKO/0x00000002
17:29:01.216  INFO     RX        /ERR/LOKO/0x00000002
17:29:01.228  INFO     RX        /ERR/LOKO/0x00000002
17:29:01.264  INFO     RX        /ERR/LOKO/0x00000002
17:29:01.264  INFO     RX        /ERR/LOKO/0x00000002
17:29:01.264  INFO     RX        /ERR/LOKO/0x00000002
17:29:01.292  INFO     RX        /ERR/LOKO/0x00000002
17:29:01.293  INFO     RX        /ERR/LOKO/0x00000002
17:29:01.293  INFO     RX        /ERR/LOKO/0x00000002
17:29:01.325  INFO     RX        /ERR/LOKO/0x00000002
17:29:01.325  INFO     RX        /ERR/LOKO/0x00000002
17:29:01.382  INFO     RX        /ERR/LOKO/0x00000002
17:29:01.382  INFO     RX        /ERR/LOKO/0x00000002
17:29:01.382  INFO     RX        /ERR/LOKO/0x00000002
17:29:01.382  INFO     RX        /ERR/LOKO/0x00000002
17:29:01.382  INFO     RX        /ERR/LOKO/0x00000002
17:29:01.389  INFO     RX        /ERR/LOKO/0x00000002
17:29:01.418  DEBUG    TX /CONTROLL/0,0,0,0,0,1,0,0,0
17:29:01.438  INFO     RX        /ERR/LOKO/0x00000002
17:29:01.438  INFO     RX        /ERR/LOKO/0x00000002
17:29:01.438  INFO     RX        /ERR/LOKO/0x00000002
17:29:01.438  INFO     RX        /ERR/LOKO/0x00000002
17:29:01.454  INFO     RX        /ERR/LOKO/0x00000002
17:29:01.489  INFO     RX        /ERR/LOKO/0x00000002
17:29:01.489  INFO     RX        /ERR/LOKO/0x00000002
17:29:01.489  INFO     RX        /ERR/LOKO/0x00000002
17:29:01.519  INFO     RX        /ERR/LOKO/0x00000002
17:29:01.519  INFO     RX        /ERR/LOKO/0x00000002
17:29:01.519  INFO     RX        /ERR/LOKO/0x00000002
17:29:01.554  INFO     RX        /ERR/LOKO/0x00000002
17:29:01.554  INFO     RX        /ERR/LOKO/0x00000002
17:29:01.554  INFO     RX        /ERR/LOKO/0x00000002
17:29:01.609  INFO     RX        /ERR/LOKO/0x00000002
17:29:01.609  INFO     RX        /ERR/LOKO/0x00000002
17:29:01.609  INFO     RX        /ERR/LOKO/0x00000002
17:29:01.609  INFO     RX        /ERR/LOKO/0x00000002
17:29:01.609  INFO     RX        /ERR/LOKO/0x00000002
17:29:01.660  INFO     RX        /ERR/LOKO/0x00000002
17:29:01.661  INFO     RX        /ERR/LOKO/0x00000002
17:29:01.661  INFO     RX        /ERR/LOKO/0x00000002
17:29:01.661  INFO     RX        /ERR/LOKO/0x00000002
17:29:01.679  INFO     RX        /ERR/LOKO/0x00000002
17:29:01.679  INFO     RX        /ERR/LOKO/0x00000002
17:29:01.713  INFO     RX        /ERR/LOKO/0x00000002
17:29:01.713  INFO     RX        /ERR/LOKO/0x00000002
17:29:01.713  INFO     RX        /ERR/LOKO/0x00000002
17:29:01.745  INFO     RX        /ERR/LOKO/0x00000002
17:29:01.746  INFO     RX        /ERR/LOKO/0x00000002
17:29:01.746  INFO     RX        /ERR/LOKO/0x00000002
17:29:01.780  INFO     RX        /ERR/LOKO/0x00000002
17:29:01.780  INFO     RX        /ERR/LOKO/0x00000002
17:29:01.808  INFO     RX        /ERR/LOKO/0x00000002
17:29:01.808  INFO     RX        /ERR/LOKO/0x00000002
17:29:01.808  INFO     RX        /ERR/LOKO/0x00000002
17:29:01.842  INFO     RX        /ERR/LOKO/0x00000002
17:29:01.842  INFO     RX        /ERR/LOKO/0x00000002
17:29:01.842  INFO     RX        /ERR/LOKO/0x00000002
17:29:01.872  INFO     RX        /ERR/LOKO/0x00000002
17:29:01.872  INFO     RX        /ERR/LOKO/0x00000002
17:29:01.906  INFO     RX        /ERR/LOKO/0x00000002
17:29:01.906  INFO     RX        /ERR/LOKO/0x00000002
17:29:01.906  INFO     RX        /ERR/LOKO/0x00000002
17:29:01.936  INFO     RX        /ERR/LOKO/0x00000002
17:29:01.936  INFO     RX        /ERR/LOKO/0x00000002
17:29:01.936  INFO     RX        /ERR/LOKO/0x00000002
17:29:01.973  INFO     RX        /ERR/LOKO/0x00000002
17:29:01.973  INFO     RX        /ERR/LOKO/0x00000002
17:29:01.973  INFO     RX        /ERR/LOKO/0x00000002
17:29:02.001  INFO     RX        /ERR/LOKO/0x00000002
17:29:02.001  INFO     RX        /ERR/LOKO/0x00000002
17:29:02.035  INFO     RX        /ERR/LOKO/0x00000002
17:29:02.035  INFO     RX        /ERR/LOKO/0x00000002
17:29:02.035  INFO     RX        /ERR/LOKO/0x00000002
17:29:02.065  INFO     RX        /ERR/LOKO/0x00000002
17:29:02.065  INFO     RX        /ERR/LOKO/0x00000002
17:29:02.065  INFO     RX        /ERR/LOKO/0x00000002
17:29:02.100  INFO     RX        /ERR/LOKO/0x00000002
17:29:02.100  INFO     RX        /ERR/LOKO/0x00000002
17:29:02.100  INFO     RX        /ERR/LOKO/0x00000002
17:29:02.132  INFO     RX        /ERR/LOKO/0x00000002
17:29:02.133  INFO     RX        /ERR/LOKO/0x00000002
17:29:02.133  INFO     RX        /ERR/LOKO/0x00000002
17:29:02.166  INFO     RX        /ERR/LOKO/0x00000002
17:29:02.166  INFO     RX        /ERR/LOKO/0x00000002
17:29:02.166  INFO     RX        /ERR/LOKO/0x00000002
17:29:02.194  INFO     RX        /ERR/LOKO/0x00000002
17:29:02.194  INFO     RX        /ERR/LOKO/0x00000002
17:29:02.229  INFO     RX        /ERR/LOKO/0x00000002
17:29:02.229  INFO     RX        /ERR/LOKO/0x00000002
17:29:02.229  INFO     RX        /ERR/LOKO/0x00000002
17:29:02.262  INFO     RX        /ERR/LOKO/0x00000002
17:29:02.262  INFO     RX        /ERR/LOKO/0x00000002
17:29:02.262  INFO     RX        /ERR/LOKO/0x00000002
17:29:02.290  INFO     RX        /ERR/LOKO/0x00000002
17:29:02.290  INFO     RX        /ERR/LOKO/0x00000002
17:29:02.324  INFO     RX        /ERR/LOKO/0x00000002
17:29:02.324  INFO     RX        /ERR/LOKO/0x00000002
17:29:02.324  INFO     RX        /ERR/LOKO/0x00000002
17:29:02.359  INFO     RX        /ERR/LOKO/0x00000002
17:29:02.359  INFO     RX        /ERR/LOKO/0x00000002
17:29:02.359  INFO     RX        /ERR/LOKO/0x00000002
17:29:02.386  INFO     RX        /ERR/LOKO/0x00000002
17:29:02.386  INFO     RX        /ERR/LOKO/0x00000002
17:29:02.386  INFO     RX        /ERR/LOKO/0x00000002
17:29:02.421  INFO     RX        /ERR/LOKO/0x00000002
17:29:02.421  INFO     RX        /ERR/LOKO/0x00000002
17:29:02.421  INFO     RX        /ERR/LOKO/0x00000002
17:29:02.449  INFO     RX        /ERR/LOKO/0x00000002
17:29:02.449  INFO     RX        /ERR/LOKO/0x00000002
17:29:02.485  INFO     RX        /ERR/LOKO/0x00000002
17:29:02.485  INFO     RX        /ERR/LOKO/0x00000002
17:29:02.485  INFO     RX        /ERR/LOKO/0x00000002
17:29:02.514  INFO     RX        /ERR/LOKO/0x00000002
17:29:02.514  INFO     RX        /ERR/LOKO/0x00000002
17:29:02.514  INFO     RX        /ERR/LOKO/0x00000002
17:29:02.552  INFO     RX        /ERR/LOKO/0x00000002
17:29:02.552  INFO     RX        /ERR/LOKO/0x00000002
17:29:02.552  INFO     RX        /ERR/LOKO/0x00000002
17:29:02.579  INFO     RX        /ERR/LOKO/0x00000002
17:29:02.579  INFO     RX        /ERR/LOKO/0x00000002
17:29:02.614  INFO     RX        /ERR/LOKO/0x00000002
17:29:02.614  INFO     RX        /ERR/LOKO/0x00000002
17:29:02.614  INFO     RX        /ERR/LOKO/0x00000002
17:29:02.644  INFO     RX        /ERR/LOKO/0x00000002
17:29:02.644  INFO     RX        /ERR/LOKO/0x00000002
17:29:02.644  INFO     RX        /ERR/LOKO/0x00000002
17:29:02.679  INFO     RX        /ERR/LOKO/0x00000002
17:29:02.679  INFO     RX        /ERR/LOKO/0x00000002
17:29:02.679  INFO     RX        /ERR/LOKO/0x00000002
17:29:02.707  INFO     RX        /ERR/LOKO/0x00000002
17:29:02.707  INFO     RX        /ERR/LOKO/0x00000002
17:29:02.742  INFO     RX        /ERR/LOKO/0x00000002
17:29:02.742  INFO     RX        /ERR/LOKO/0x00000002
17:29:02.742  INFO     RX        /ERR/LOKO/0x00000002
17:29:02.771  INFO     RX        /ERR/LOKO/0x00000002
17:29:02.771  INFO     RX        /ERR/LOKO/0x00000002
17:29:02.771  INFO     RX        /ERR/LOKO/0x00000002
17:29:02.805  INFO     RX        /ERR/LOKO/0x00000002
17:29:02.805  INFO     RX        /ERR/LOKO/0x00000002
17:29:02.805  INFO     RX        /ERR/LOKO/0x00000002
17:29:02.839  INFO     RX        /ERR/LOKO/0x00000002
17:29:02.839  INFO     RX        /ERR/LOKO/0x00000002
17:29:02.839  INFO     RX        /ERR/LOKO/0x00000002
17:29:02.867  INFO     RX        /ERR/LOKO/0x00000002
17:29:02.867  INFO     RX        /ERR/LOKO/0x00000002
17:29:02.902  INFO     RX        /ERR/LOKO/0x00000002
17:29:02.902  INFO     RX        /ERR/LOKO/0x00000002
17:29:02.902  INFO     RX        /ERR/LOKO/0x00000002
17:29:02.930  INFO     RX        /ERR/LOKO/0x00000002
17:29:02.931  INFO     RX        /ERR/LOKO/0x00000002
17:29:02.931  INFO     RX        /ERR/LOKO/0x00000002
17:29:02.967  INFO     RX        /ERR/LOKO/0x00000002
17:29:02.967  INFO     RX        /ERR/LOKO/0x00000002
17:29:02.967  INFO     RX        /ERR/LOKO/0x00000002
17:29:02.995  INFO     RX        /ERR/LOKO/0x00000002
17:29:02.995  INFO     RX        /ERR/LOKO/0x00000002
17:29:03.024  DEBUG    TX /CONTROLL/0,0,0,0,0,0,0,0,0
17:29:03.029  INFO     RX        /ERR/LOKO/0x00000002
17:29:03.029  INFO     RX        /ERR/LOKO/0x00000002
17:29:03.029  INFO     RX        /ERR/LOKO/0x00000002
17:29:03.059  INFO     RX        /ERR/LOKO/0x00000002
17:29:03.059  INFO     RX        /ERR/LOKO/0x00000002
17:29:03.059  INFO     RX        /ERR/LOKO/0x00000002
17:29:03.093  INFO     RX        /ERR/LOKO/0x00000002
17:29:03.093  INFO     RX        /ERR/LOKO/0x00000002
17:29:03.093  INFO     RX        /ERR/LOKO/0x00000002
17:29:03.128  INFO     RX        /ERR/LOKO/0x00000002
17:29:03.128  INFO     RX        /ERR/LOKO/0x00000002
17:29:03.128  INFO     RX        /ERR/LOKO/0x00000002
17:29:03.155  INFO     RX        /ERR/LOKO/0x00000002
17:29:03.155  INFO     RX        /ERR/LOKO/0x00000002
17:29:03.191  INFO     RX        /ERR/LOKO/0x00000002
17:29:03.191  INFO     RX        /ERR/LOKO/0x00000002
17:29:03.191  INFO     RX        /ERR/LOKO/0x00000002
17:29:03.219  INFO     RX        /ERR/LOKO/0x00000002
17:29:03.219  INFO     RX        /ERR/LOKO/0x00000002
17:29:03.256  INFO     RX        /ERR/LOKO/0x00000002
17:29:03.256  INFO     RX        /ERR/LOKO/0x00000002
17:29:03.256  INFO     RX        /ERR/LOKO/0x00000002
17:29:03.256  INFO     RX        /ERR/LOKO/0x00000002
17:29:03.285  INFO     RX        /ERR/LOKO/0x00000002
17:29:03.285  INFO     RX        /ERR/LOKO/0x00000002
17:29:03.319  INFO     RX        /ERR/LOKO/0x00000002
17:29:03.319  INFO     RX        /ERR/LOKO/0x00000002
17:29:03.319  INFO     RX        /ERR/LOKO/0x00000002
17:29:03.349  INFO     RX        /ERR/LOKO/0x00000002
17:29:03.349  INFO     RX        /ERR/LOKO/0x00000002
17:29:03.349  INFO     RX        /ERR/LOKO/0x00000002
17:29:03.380  INFO     RX        /ERR/LOKO/0x00000002
17:29:03.380  INFO     RX        /ERR/LOKO/0x00000002
17:29:03.412  INFO     RX        /ERR/LOKO/0x00000002
17:29:03.412  INFO     RX        /ERR/LOKO/0x00000002
17:29:03.412  INFO     RX        /ERR/LOKO/0x00000002
17:29:03.447  INFO     RX        /ERR/LOKO/0x00000002
17:29:03.447  INFO     RX        /ERR/LOKO/0x00000002
17:29:03.448  INFO     RX        /ERR/LOKO/0x00000002
17:29:03.475  INFO     RX        /ERR/LOKO/0x00000002
17:29:03.476  INFO     RX        /ERR/LOKO/0x00000002
17:29:03.476  INFO     RX        /ERR/LOKO/0x00000002
17:29:03.508  INFO     RX        /ERR/LOKO/0x00000002
17:29:03.508  INFO     RX        /ERR/LOKO/0x00000002
17:29:03.543  INFO     RX        /ERR/LOKO/0x00000002
17:29:03.543  INFO     RX        /ERR/LOKO/0x00000002
17:29:03.543  INFO     RX        /ERR/LOKO/0x00000002
17:29:03.572  INFO     RX        /ERR/LOKO/0x00000002
17:29:03.572  INFO     RX        /ERR/LOKO/0x00000002
17:29:03.572  INFO     RX        /ERR/LOKO/0x00000002
17:29:03.609  INFO     RX        /ERR/LOKO/0x00000002
17:29:03.609  INFO     RX        /ERR/LOKO/0x00000002
17:29:03.609  INFO     RX        /ERR/LOKO/0x00000002
17:29:03.636  INFO     RX        /ERR/LOKO/0x00000002
17:29:03.636  INFO     RX        /ERR/LOKO/0x00000002
17:29:03.674  INFO     RX        /ERR/LOKO/0x00000002
17:29:03.674  INFO     RX        /ERR/LOKO/0x00000002
17:29:03.674  INFO     RX        /ERR/LOKO/0x00000002
17:29:03.675  INFO     RX        /ERR/LOKO/0x00000002
17:29:03.700  INFO     RX        /ERR/LOKO/0x00000002
17:29:03.701  INFO     RX        /ERR/LOKO/0x00000002
17:29:03.733  INFO     RX        /ERR/LOKO/0x00000002
17:29:03.733  INFO     RX        /ERR/LOKO/0x00000002
17:29:03.733  INFO     RX        /ERR/LOKO/0x00000002
17:29:03.853  INFO     RX        /ERR/LOKO/0x00000002
17:29:03.853  INFO     RX        /ERR/LOKO/0x00000002
17:29:03.853  INFO     RX        /ERR/LOKO/0x00000002
17:29:03.853  INFO     RX        /ERR/LOKO/0x00000002
17:29:03.854  INFO     RX        /ERR/LOKO/0x00000002
17:29:03.854  INFO     RX        /ERR/LOKO/0x00000002
17:29:03.854  INFO     RX        /ERR/LOKO/0x00000002
17:29:03.854  INFO     RX        /ERR/LOKO/0x00000002
17:29:03.854  INFO     RX        /ERR/LOKO/0x00000002
17:29:03.854  INFO     RX        /ERR/LOKO/0x00000002
17:29:03.859  INFO     RX        /ERR/LOKO/0x00000002
17:29:03.894  INFO     RX        /ERR/LOKO/0x00000002
17:29:03.894  INFO     RX        /ERR/LOKO/0x00000002
17:29:03.894  INFO     RX        /ERR/LOKO/0x00000002
17:29:03.924  INFO     RX        /ERR/LOKO/0x00000002
17:29:03.924  INFO     RX        /ERR/LOKO/0x00000002
17:29:03.962  INFO     RX        /ERR/LOKO/0x00000002
17:29:03.963  INFO     RX        /ERR/LOKO/0x00000002
17:29:03.963  INFO     RX        /ERR/LOKO/0x00000002
17:29:03.963  INFO     RX        /ERR/LOKO/0x00000002
17:29:03.990  INFO     RX        /ERR/LOKO/0x00000002
17:29:03.990  INFO     RX        /ERR/LOKO/0x00000002
17:29:04.026  INFO     RX        /ERR/LOKO/0x00000002
17:29:04.026  INFO     RX        /ERR/LOKO/0x00000002
17:29:04.026  INFO     RX        /ERR/LOKO/0x00000002
17:29:04.056  INFO     RX        /ERR/LOKO/0x00000002
17:29:04.056  INFO     RX        /ERR/LOKO/0x00000002
17:29:04.056  INFO     RX        /ERR/LOKO/0x00000002
17:29:04.092  INFO     RX        /ERR/LOKO/0x00000002
17:29:04.092  INFO     RX        /ERR/LOKO/0x00000002
17:29:04.092  INFO     RX        /ERR/LOKO/0x00000002
17:29:04.121  INFO     RX        /ERR/LOKO/0x00000002
17:29:04.121  INFO     RX        /ERR/LOKO/0x00000002
17:29:04.155  INFO     RX        /ERR/LOKO/0x00000002
17:29:04.156  INFO     RX        /ERR/LOKO/0x00000002
17:29:04.156  INFO     RX        /ERR/LOKO/0x00000002
17:29:04.183  INFO     RX        /ERR/LOKO/0x00000002
17:29:04.184  INFO     RX        /ERR/LOKO/0x00000002
17:29:04.184  INFO     RX        /ERR/LOKO/0x00000002
17:29:04.219  INFO     RX        /ERR/LOKO/0x00000002
17:29:04.219  INFO     RX        /ERR/LOKO/0x00000002
17:29:04.219  INFO     RX        /ERR/LOKO/0x00000002
17:29:04.248  INFO     RX        /ERR/LOKO/0x00000002
17:29:04.249  INFO     RX        /ERR/LOKO/0x00000002
17:29:04.283  INFO     RX        /ERR/LOKO/0x00000002
17:29:04.283  INFO     RX        /ERR/LOKO/0x00000002
17:29:04.283  INFO     RX        /ERR/LOKO/0x00000002
17:29:04.312  INFO     RX        /ERR/LOKO/0x00000002
17:29:04.312  INFO     RX        /ERR/LOKO/0x00000002
17:29:04.312  INFO     RX        /ERR/LOKO/0x00000002
17:29:04.347  INFO     RX        /ERR/LOKO/0x00000002
17:29:04.348  INFO     RX        /ERR/LOKO/0x00000002
17:29:04.348  INFO     RX        /ERR/LOKO/0x00000002
17:29:04.376  INFO     RX        /ERR/LOKO/0x00000002
17:29:04.376  INFO     RX        /ERR/LOKO/0x00000002
17:29:04.412  INFO     RX        /ERR/LOKO/0x00000002
17:29:04.412  INFO     RX        /ERR/LOKO/0x00000002
17:29:04.412  INFO     RX        /ERR/LOKO/0x00000002
17:29:04.440  INFO     RX        /ERR/LOKO/0x00000002
17:29:04.440  INFO     RX        /ERR/LOKO/0x00000002
17:29:04.440  INFO     RX        /ERR/LOKO/0x00000002
17:29:04.472  INFO     RX        /ERR/LOKO/0x00000002
17:29:04.472  INFO     RX        /ERR/LOKO/0x00000002
17:29:04.505  INFO     RX        /ERR/LOKO/0x00000002
17:29:04.505  INFO     RX        /ERR/LOKO/0x00000002
17:29:04.505  INFO     RX        /ERR/LOKO/0x00000002
17:29:04.540  INFO     RX        /ERR/LOKO/0x00000002
17:29:04.540  INFO     RX        /ERR/LOKO/0x00000002
17:29:04.540  INFO     RX        /ERR/LOKO/0x00000002
17:29:04.569  INFO     RX        /ERR/LOKO/0x00000002
17:29:04.629  DEBUG    TX /CONTROLL/0,0,0,0,0,0,0,0,2
17:29:04.897  INFO     RX        /ERR/LOKO/0x00000002
17:29:04.897  INFO     RX        /ERR/LOKO/0x00000002
17:29:04.926  INFO     RX        /ERR/LOKO/0x00000002
17:29:04.926  INFO     RX        /ERR/LOKO/0x00000002
17:29:04.926  INFO     RX        /ERR/LOKO/0x00000002
17:29:04.963  INFO     RX        /ERR/LOKO/0x00000002
17:29:04.963  INFO     RX        /ERR/LOKO/0x00000002
17:29:04.963  INFO     RX        /ERR/LOKO/0x00000002
17:29:04.993  INFO     RX        /ERR/LOKO/0x00000002
17:29:04.993  INFO     RX        /ERR/LOKO/0x00000002
17:29:04.993  INFO     RX        /ERR/LOKO/0x00000002
17:29:05.028  INFO     RX        /ERR/LOKO/0x00000002
17:29:05.028  INFO     RX        /ERR/LOKO/0x00000002
17:29:05.028  INFO     RX        /ERR/LOKO/0x00000002
17:29:05.062  INFO     RX        /ERR/LOKO/0x00000002
17:29:05.062  INFO     RX        /ERR/LOKO/0x00000002
17:29:05.063  INFO     RX        /ERR/LOKO/0x00000002
17:29:05.090  INFO     RX        /ERR/LOKO/0x00000002
17:29:05.412  INFO     RX        /ERR/LOKO/0x00000002
17:29:05.412  INFO     RX        /ERR/LOKO/0x00000002
17:29:05.442  INFO     RX        /ERR/LOKO/0x00000002
17:29:05.442  INFO     RX        /ERR/LOKO/0x00000002
17:29:05.476  INFO     RX        /ERR/LOKO/0x00000002
17:29:05.476  INFO     RX        /ERR/LOKO/0x00000002
17:29:05.476  INFO     RX        /ERR/LOKO/0x00000002
17:29:05.505  INFO     RX        /ERR/LOKO/0x00000002
17:29:05.505  INFO     RX        /ERR/LOKO/0x00000002
17:29:05.541  INFO     RX        /ERR/LOKO/0x00000002
17:29:05.541  INFO     RX        /ERR/LOKO/0x00000002
17:29:05.541  INFO     RX        /ERR/LOKO/0x00000002
17:29:05.541  INFO     RX        /ERR/LOKO/0x00000002
17:29:05.569  INFO     RX        /ERR/LOKO/0x00000002
17:29:05.569  INFO     RX        /ERR/LOKO/0x00000002
17:29:05.605  INFO     RX        /ERR/LOKO/0x00000002
17:29:05.896  INFO     RX        /ERR/LOKO/0x00000002
17:29:05.896  INFO     RX        /ERR/LOKO/0x00000002
17:29:05.923  INFO     RX        /ERR/LOKO/0x00000002
17:29:05.923  INFO     RX        /ERR/LOKO/0x00000002
17:29:05.958  INFO     RX        /ERR/LOKO/0x00000002
17:29:05.958  INFO     RX        /ERR/LOKO/0x00000002
17:29:05.958  INFO     RX        /ERR/LOKO/0x00000002
17:29:05.987  INFO     RX        /ERR/LOKO/0x00000002
17:29:05.987  INFO     RX        /ERR/LOKO/0x00000002
17:29:05.987  INFO     RX        /ERR/LOKO/0x00000002
17:29:06.022  INFO     RX        /ERR/LOKO/0x00000002
17:29:06.022  INFO     RX        /ERR/LOKO/0x00000002
17:29:06.022  INFO     RX        /ERR/LOKO/0x00000002
17:29:06.051  INFO     RX        /ERR/LOKO/0x00000002
17:29:06.051  INFO     RX        /ERR/LOKO/0x00000002
17:29:06.087  INFO     RX        /ERR/LOKO/0x00000002
17:29:06.088  INFO     RX        /ERR/LOKO/0x00000002
17:29:06.088  INFO     RX        /ERR/LOKO/0x00000002
17:29:06.116  INFO     RX        /ERR/LOKO/0x00000002
17:29:06.116  INFO     RX        /ERR/LOKO/0x00000002
17:29:06.116  INFO     RX        /ERR/LOKO/0x00000002
17:29:06.152  INFO     RX        /ERR/LOKO/0x00000002
17:29:06.152  INFO     RX        /ERR/LOKO/0x00000002
17:29:06.152  INFO     RX        /ERR/LOKO/0x00000002
17:29:06.180  INFO     RX        /ERR/LOKO/0x00000002
17:29:06.180  INFO     RX        /ERR/LOKO/0x00000002
17:29:06.216  INFO     RX        /ERR/LOKO/0x00000002
17:29:06.216  INFO     RX        /ERR/LOKO/0x00000002
17:29:06.216  INFO     RX        /ERR/LOKO/0x00000002
17:29:06.242  DEBUG    TX /CONTROLL/0,0,0,0,0,0,0,0,0
17:29:06.245  INFO     RX        /ERR/LOKO/0x00000002
17:29:06.245  INFO     RX        /ERR/LOKO/0x00000002
17:29:06.245  INFO     RX        /ERR/LOKO/0x00000002
17:29:06.281  INFO     RX        /ERR/LOKO/0x00000002
17:29:06.281  INFO     RX        /ERR/LOKO/0x00000002
17:29:06.281  INFO     RX        /ERR/LOKO/0x00000002
17:29:06.309  INFO     RX        /ERR/LOKO/0x00000002
17:29:06.309  INFO     RX        /ERR/LOKO/0x00000002
17:29:06.345  INFO     RX        /ERR/LOKO/0x00000002
17:29:06.345  INFO     RX        /ERR/LOKO/0x00000002
17:29:06.345  INFO     RX        /ERR/LOKO/0x00000002
17:29:06.373  INFO     RX        /ERR/LOKO/0x00000002
17:29:06.373  INFO     RX        /ERR/LOKO/0x00000002
17:29:06.373  INFO     RX        /ERR/LOKO/0x00000002
17:29:06.410  INFO     RX        /ERR/LOKO/0x00000002
17:29:06.411  INFO     RX        /ERR/LOKO/0x00000002
17:29:06.411  INFO     RX        /ERR/LOKO/0x00000002
17:29:06.438  INFO     RX        /ERR/LOKO/0x00000002
17:29:06.438  INFO     RX        /ERR/LOKO/0x00000002
17:29:06.474  INFO     RX        /ERR/LOKO/0x00000002
17:29:06.474  INFO     RX        /ERR/LOKO/0x00000002
17:29:06.474  INFO     RX        /ERR/LOKO/0x00000002
17:29:06.502  INFO     RX        /ERR/LOKO/0x00000002
17:29:06.502  INFO     RX        /ERR/LOKO/0x00000002
17:29:06.502  INFO     RX        /ERR/LOKO/0x00000002
17:29:06.538  INFO     RX        /ERR/LOKO/0x00000002
17:29:06.538  INFO     RX        /ERR/LOKO/0x00000002
17:29:06.538  INFO     RX        /ERR/LOKO/0x00000002
17:29:06.573  INFO     RX        /ERR/LOKO/0x00000002
17:29:06.573  INFO     RX        /ERR/LOKO/0x00000002
17:29:06.574  INFO     RX        /ERR/LOKO/0x00000002
17:29:06.600  INFO     RX        /ERR/LOKO/0x00000002
17:29:06.600  INFO     RX        /ERR/LOKO/0x00000002
17:29:06.633  INFO     RX        /ERR/LOKO/0x00000002
17:29:06.634  INFO     RX        /ERR/LOKO/0x00000002
17:29:06.634  INFO     RX        /ERR/LOKO/0x00000002
17:29:06.666  INFO     RX        /ERR/LOKO/0x00000002
17:29:06.666  INFO     RX        /ERR/LOKO/0x00000002
17:29:06.666  INFO     RX        /ERR/LOKO/0x00000002
17:29:06.695  INFO     RX        /ERR/LOKO/0x00000002
17:29:06.695  INFO     RX        /ERR/LOKO/0x00000002
17:29:06.695  INFO     RX        /ERR/LOKO/0x00000002
17:29:06.731  INFO     RX        /ERR/LOKO/0x00000002
17:29:06.731  INFO     RX        /ERR/LOKO/0x00000002
17:29:06.731  INFO     RX        /ERR/LOKO/0x00000002
17:29:06.836  INFO     RX        /ERR/LOKO/0x00000002
17:29:07.084  INFO     RX        /ERR/LOKO/0x00000002
17:29:07.084  INFO     RX        /ERR/LOKO/0x00000002
17:29:07.120  INFO     RX        /ERR/LOKO/0x00000002
17:29:07.120  INFO     RX        /ERR/LOKO/0x00000002
17:29:07.120  INFO     RX        /ERR/LOKO/0x00000002
17:29:07.148  INFO     RX        /ERR/LOKO/0x00000002
17:29:07.148  INFO     RX        /ERR/LOKO/0x00000002
17:29:07.184  INFO     RX        /ERR/LOKO/0x00000002
17:29:07.184  INFO     RX        /ERR/LOKO/0x00000002
17:29:07.184  INFO     RX        /ERR/LOKO/0x00000002
17:29:07.214  INFO     RX        /ERR/LOKO/0x00000002
17:29:07.215  INFO     RX        /ERR/LOKO/0x00000002
17:29:07.215  INFO     RX        /ERR/LOKO/0x00000002
17:29:07.244  INFO     RX        /ERR/LOKO/0x00000002
17:29:07.244  INFO     RX        /ERR/LOKO/0x00000002
17:29:07.279  INFO     RX        /ERR/LOKO/0x00000002
17:29:07.280  INFO     RX        /ERR/LOKO/0x00000002
17:29:07.280  INFO     RX        /ERR/LOKO/0x00000002
17:29:07.308  INFO     RX        /ERR/LOKO/0x00000002
17:29:07.308  INFO     RX        /ERR/LOKO/0x00000002
17:29:07.308  INFO     RX        /ERR/LOKO/0x00000002
17:29:07.343  INFO     RX        /ERR/LOKO/0x00000002
17:29:07.343  INFO     RX        /ERR/LOKO/0x00000002
17:29:07.343  INFO     RX        /ERR/LOKO/0x00000002
17:29:07.372  INFO     RX        /ERR/LOKO/0x00000002
17:29:07.372  INFO     RX        /ERR/LOKO/0x00000002
17:29:07.408  INFO     RX        /ERR/LOKO/0x00000002
17:29:07.408  INFO     RX        /ERR/LOKO/0x00000002
17:29:07.408  INFO     RX        /ERR/LOKO/0x00000002
17:29:07.436  INFO     RX        /ERR/LOKO/0x00000002
17:29:07.436  INFO     RX        /ERR/LOKO/0x00000002
17:29:07.436  INFO     RX        /ERR/LOKO/0x00000002
17:29:07.472  INFO     RX        /ERR/LOKO/0x00000002
17:29:07.472  INFO     RX        /ERR/LOKO/0x00000002
17:29:07.472  INFO     RX        /ERR/LOKO/0x00000002
17:29:07.500  INFO     RX        /ERR/LOKO/0x00000002
17:29:07.500  INFO     RX        /ERR/LOKO/0x00000002
17:29:07.537  INFO     RX        /ERR/LOKO/0x00000002
17:29:07.537  INFO     RX        /ERR/LOKO/0x00000002
17:29:07.538  INFO     RX        /ERR/LOKO/0x00000002
17:29:07.538  INFO     RX        /ERR/LOKO/0x00000002
17:29:07.565  INFO     RX        /ERR/LOKO/0x00000002
17:29:07.565  INFO     RX        /ERR/LOKO/0x00000002
17:29:07.601  INFO     RX        /ERR/LOKO/0x00000002
17:29:07.601  INFO     RX        /ERR/LOKO/0x00000002
17:29:07.601  INFO     RX        /ERR/LOKO/0x00000002
17:29:07.634  INFO     RX        /ERR/LOKO/0x00000002
17:29:07.634  INFO     RX        /ERR/LOKO/0x00000002
17:29:07.634  INFO     RX        /ERR/LOKO/0x00000002
17:29:07.662  INFO     RX        /ERR/LOKO/0x00000002
17:29:07.662  INFO     RX        /ERR/LOKO/0x00000002
17:29:07.694  INFO     RX        /ERR/LOKO/0x00000002
17:29:07.694  INFO     RX        /ERR/LOKO/0x00000002
17:29:07.694  INFO     RX        /ERR/LOKO/0x00000002
17:29:07.729  INFO     RX        /ERR/LOKO/0x00000002
17:29:07.729  INFO     RX        /ERR/LOKO/0x00000002
17:29:07.729  INFO     RX        /ERR/LOKO/0x00000002
17:29:07.761  INFO     RX        /ERR/LOKO/0x00000002
17:29:07.761  INFO     RX        /ERR/LOKO/0x00000002
17:29:07.761  INFO     RX        /ERR/LOKO/0x00000002
17:29:07.793  INFO     RX        /ERR/LOKO/0x00000002
17:29:07.793  INFO     RX        /ERR/LOKO/0x00000002
17:29:07.793  INFO     RX        /ERR/LOKO/0x00000002
17:29:07.825  INFO     RX        /ERR/LOKO/0x00000002
17:29:07.825  INFO     RX        /ERR/LOKO/0x00000002
17:29:07.851  DEBUG    TX /CONTROLL/0,0,0,0,0,0,0,0,0
17:29:07.858  INFO     RX        /ERR/LOKO/0x00000002
17:29:07.858  INFO     RX        /ERR/LOKO/0x00000002
17:29:07.858  INFO     RX        /ERR/LOKO/0x00000002
17:29:07.886  INFO     RX        /ERR/LOKO/0x00000002
17:29:07.886  INFO     RX        /ERR/LOKO/0x00000002
17:29:07.886  INFO     RX        /ERR/LOKO/0x00000002
17:29:07.922  INFO     RX        /ERR/LOKO/0x00000002
17:29:07.922  INFO     RX        /ERR/LOKO/0x00000002
17:29:07.922  INFO     RX        /ERR/LOKO/0x00000002
17:29:07.951  INFO     RX        /ERR/LOKO/0x00000002
17:29:07.951  INFO     RX        /ERR/LOKO/0x00000002
17:29:07.987  INFO     RX        /ERR/LOKO/0x00000002
17:29:07.987  INFO     RX        /ERR/LOKO/0x00000002
17:29:07.987  INFO     RX        /ERR/LOKO/0x00000002
17:29:08.024  INFO     RX        /ERR/LOKO/0x00000002
17:29:08.024  INFO     RX        /ERR/LOKO/0x00000002
17:29:08.024  INFO     RX        /ERR/LOKO/0x00000002
17:29:08.024  INFO     RX        /ERR/LOKO/0x00000002
17:29:08.049  INFO     RX        /ERR/LOKO/0x00000002
17:29:08.049  INFO     RX        /ERR/LOKO/0x00000002
17:29:08.084  INFO     RX        /ERR/LOKO/0x00000002
17:29:08.084  INFO     RX        /ERR/LOKO/0x00000002
17:29:08.084  INFO     RX        /ERR/LOKO/0x00000002
17:29:08.113  INFO     RX        /ERR/LOKO/0x00000002
17:29:08.113  INFO     RX        /ERR/LOKO/0x00000002
17:29:08.148  INFO     RX        /ERR/LOKO/0x00000002
17:29:08.148  INFO     RX        /ERR/LOKO/0x00000002
17:29:08.148  INFO     RX        /ERR/LOKO/0x00000002
17:29:08.181  INFO     RX        /ERR/LOKO/0x00000002
17:29:08.181  INFO     RX        /ERR/LOKO/0x00000002
17:29:08.181  INFO     RX        /ERR/LOKO/0x00000002
17:29:08.213  INFO     RX        /ERR/LOKO/0x00000002
17:29:08.213  INFO     RX        /ERR/LOKO/0x00000002
17:29:08.213  INFO     RX        /ERR/LOKO/0x00000002
17:29:08.242  INFO     RX        /ERR/LOKO/0x00000002
17:29:08.242  INFO     RX        /ERR/LOKO/0x00000002
17:29:08.274  INFO     RX        /ERR/LOKO/0x00000002
17:29:08.274  INFO     RX        /ERR/LOKO/0x00000002
17:29:08.274  INFO     RX        /ERR/LOKO/0x00000002
17:29:08.310  INFO     RX        /ERR/LOKO/0x00000002
17:29:08.310  INFO     RX        /ERR/LOKO/0x00000002
17:29:08.310  INFO     RX        /ERR/LOKO/0x00000002
17:29:08.340  INFO     RX        /ERR/LOKO/0x00000002
17:29:08.340  INFO     RX        /ERR/LOKO/0x00000002
17:29:08.340  INFO     RX        /ERR/LOKO/0x00000002
17:29:08.375  INFO     RX        /ERR/LOKO/0x00000002
17:29:08.375  INFO     RX        /ERR/LOKO/0x00000002
17:29:08.375  INFO     RX        /ERR/LOKO/0x00000002
17:29:08.404  INFO     RX        /ERR/LOKO/0x00000002
17:29:08.404  INFO     RX        /ERR/LOKO/0x00000002
17:29:08.439  INFO     RX        /ERR/LOKO/0x00000002
17:29:08.439  INFO     RX        /ERR/LOKO/0x00000002
17:29:08.439  INFO     RX        /ERR/LOKO/0x00000002
17:29:08.468  INFO     RX        /ERR/LOKO/0x00000002
17:29:08.468  INFO     RX        /ERR/LOKO/0x00000002
17:29:08.468  INFO     RX        /ERR/LOKO/0x00000002
17:29:08.503  INFO     RX        /ERR/LOKO/0x00000002
17:29:08.503  INFO     RX        /ERR/LOKO/0x00000002
17:29:08.503  INFO     RX        /ERR/LOKO/0x00000002
17:29:08.537  INFO     RX        /ERR/LOKO/0x00000002
17:29:08.537  INFO     RX        /ERR/LOKO/0x00000002
17:29:08.537  INFO     RX        /ERR/LOKO/0x00000002
17:29:08.569  INFO     RX        /ERR/LOKO/0x00000002
17:29:08.569  INFO     RX        /ERR/LOKO/0x00000002
17:29:08.569  INFO     RX        /ERR/LOKO/0x00000002
17:29:08.604  INFO     RX        /ERR/LOKO/0x00000002
17:29:08.604  INFO     RX        /ERR/LOKO/0x00000002
17:29:08.604  INFO     RX        /ERR/LOKO/0x00000002
17:29:08.632  INFO     RX        /ERR/LOKO/0x00000002
17:29:08.632  INFO     RX        /ERR/LOKO/0x00000002
17:29:08.665  INFO     RX        /ERR/LOKO/0x00000002
17:29:08.665  INFO     RX        /ERR/LOKO/0x00000002
17:29:08.665  INFO     RX        /ERR/LOKO/0x00000002
17:29:08.698  INFO     RX        /ERR/LOKO/0x00000002
17:29:08.698  INFO     RX        /ERR/LOKO/0x00000002
17:29:08.698  INFO     RX        /ERR/LOKO/0x00000002
17:29:08.728  INFO     RX        /ERR/LOKO/0x00000002
17:29:08.729  INFO     RX        /ERR/LOKO/0x00000002
17:29:08.762  INFO     RX        /ERR/LOKO/0x00000002
17:29:08.762  INFO     RX        /ERR/LOKO/0x00000002
17:29:08.762  INFO     RX        /ERR/LOKO/0x00000002
17:29:08.793  INFO     RX        /ERR/LOKO/0x00000002
17:29:08.793  INFO     RX        /ERR/LOKO/0x00000002
17:29:08.793  INFO     RX        /ERR/LOKO/0x00000002
17:29:08.829  INFO     RX        /ERR/LOKO/0x00000002
17:29:08.829  INFO     RX        /ERR/LOKO/0x00000002
17:29:08.829  INFO     RX        /ERR/LOKO/0x00000002
17:29:08.858  INFO     RX        /ERR/LOKO/0x00000002
17:29:08.858  INFO     RX        /ERR/LOKO/0x00000002
17:29:08.893  INFO     RX        /ERR/LOKO/0x00000002
17:29:08.893  INFO     RX        /ERR/LOKO/0x00000002
17:29:08.893  INFO     RX        /ERR/LOKO/0x00000002
17:29:08.925  INFO     RX        /ERR/LOKO/0x00000002
17:29:08.925  INFO     RX        /ERR/LOKO/0x00000002
17:29:08.925  INFO     RX        /ERR/LOKO/0x00000002
17:29:08.954  INFO     RX        /ERR/LOKO/0x00000002
17:29:09.466  DEBUG    TX /CONTROLL/0,0,0,0,0,0,0,0,0
17:29:10.629  INFO     RX        /ERR/LOKO/0x00000002
17:29:10.666  INFO     RX        /ERR/LOKO/0x00000002
17:29:10.666  INFO     RX        /ERR/LOKO/0x00000002
17:29:10.666  INFO     RX        /ERR/LOKO/0x00000002
17:29:10.693  INFO     RX        /ERR/LOKO/0x00000002
17:29:10.693  INFO     RX        /ERR/LOKO/0x00000002
17:29:10.726  INFO     RX        /ERR/LOKO/0x00000002
17:29:10.726  INFO     RX        /ERR/LOKO/0x00000002
17:29:10.726  INFO     RX        /ERR/LOKO/0x00000002
17:29:10.757  INFO     RX        /ERR/LOKO/0x00000002
17:29:10.757  INFO     RX        /ERR/LOKO/0x00000002
17:29:10.757  INFO     RX        /ERR/LOKO/0x00000002
17:29:10.794  INFO     RX        /ERR/LOKO/0x00000002
17:29:10.794  INFO     RX        /ERR/LOKO/0x00000002
17:29:10.794  INFO     RX        /ERR/LOKO/0x00000002
17:29:10.821  INFO     RX        /ERR/LOKO/0x00000002
17:29:10.821  INFO     RX        /ERR/LOKO/0x00000002
17:29:10.856  INFO     RX        /ERR/LOKO/0x00000002
17:29:10.857  INFO     RX        /ERR/LOKO/0x00000002
17:29:10.857  INFO     RX        /ERR/LOKO/0x00000002
17:29:10.885  INFO     RX        /ERR/LOKO/0x00000002
17:29:10.885  INFO     RX        /ERR/LOKO/0x00000002
17:29:10.885  INFO     RX        /ERR/LOKO/0x00000002
17:29:10.921  INFO     RX        /ERR/LOKO/0x00000002
17:29:10.921  INFO     RX        /ERR/LOKO/0x00000002
17:29:10.921  INFO     RX        /ERR/LOKO/0x00000002
17:29:10.949  INFO     RX        /ERR/LOKO/0x00000002
17:29:10.949  INFO     RX        /ERR/LOKO/0x00000002
17:29:10.984  INFO     RX        /ERR/LOKO/0x00000002
17:29:10.984  INFO     RX        /ERR/LOKO/0x00000002
17:29:10.984  INFO     RX        /ERR/LOKO/0x00000002
17:29:11.013  INFO     RX        /ERR/LOKO/0x00000002
17:29:11.013  INFO     RX        /ERR/LOKO/0x00000002
17:29:11.048  INFO     RX        /ERR/LOKO/0x00000002
17:29:11.048  INFO     RX        /ERR/LOKO/0x00000002
17:29:11.048  INFO     RX        /ERR/LOKO/0x00000002
17:29:11.074  DEBUG    TX /CONTROLL/0,0,0,0,0,0,0,0,2
17:29:11.077  INFO     RX        /ERR/LOKO/0x00000002
17:29:11.077  INFO     RX        /ERR/LOKO/0x00000002
17:29:11.077  INFO     RX        /ERR/LOKO/0x00000002
17:29:11.113  INFO     RX        /ERR/LOKO/0x00000002
17:29:11.113  INFO     RX        /ERR/LOKO/0x00000002
17:29:11.113  INFO     RX        /ERR/LOKO/0x00000002
17:29:11.141  INFO     RX        /ERR/LOKO/0x00000002
17:29:11.142  INFO     RX        /ERR/LOKO/0x00000002
17:29:11.175  INFO     RX        /ERR/LOKO/0x00000002
17:29:11.176  INFO     RX        /ERR/LOKO/0x00000002
17:29:11.176  INFO     RX        /ERR/LOKO/0x00000002
17:29:11.205  INFO     RX        /ERR/LOKO/0x00000002
17:29:11.205  INFO     RX        /ERR/LOKO/0x00000002
17:29:11.205  INFO     RX        /ERR/LOKO/0x00000002
17:29:11.241  INFO     RX        /ERR/LOKO/0x00000002
17:29:11.241  INFO     RX        /ERR/LOKO/0x00000002
17:29:11.241  INFO     RX        /ERR/LOKO/0x00000002
17:29:11.270  INFO     RX        /ERR/LOKO/0x00000002
17:29:11.270  INFO     RX        /ERR/LOKO/0x00000002
17:29:11.305  INFO     RX        /ERR/LOKO/0x00000002
17:29:11.305  INFO     RX        /ERR/LOKO/0x00000002
17:29:11.305  INFO     RX        /ERR/LOKO/0x00000002
17:29:11.336  INFO     RX        /ERR/LOKO/0x00000002
17:29:11.337  INFO     RX        /ERR/LOKO/0x00000002
17:29:11.337  INFO     RX        /ERR/LOKO/0x00000002
17:29:11.370  INFO     RX        /ERR/LOKO/0x00000002
17:29:11.370  INFO     RX        /ERR/LOKO/0x00000002
17:29:11.370  INFO     RX        /ERR/LOKO/0x00000002
17:29:11.398  INFO     RX        /ERR/LOKO/0x00000002
17:29:11.429  INFO     RX        /ERR/LOKO/0x00000002
17:29:11.462  INFO     RX        /ERR/LOKO/0x00000002
17:29:11.581  INFO     RX        /ERR/LOKO/0x00000002
17:29:11.581  INFO     RX        /ERR/LOKO/0x00000002
17:29:11.581  INFO     RX        /ERR/LOKO/0x00000002
17:29:11.712  INFO     RX        /ERR/LOKO/0x00000002
17:29:11.712  INFO     RX        /ERR/LOKO/0x00000002
17:29:11.712  INFO     RX        /ERR/LOKO/0x00000002
17:29:11.749  INFO     RX        /ERR/LOKO/0x00000002
17:29:11.844  INFO     RX        /ERR/LOKO/0x00000002
17:29:11.844  INFO     RX        /ERR/LOKO/0x00000002
17:29:11.847  INFO     RX        /ERR/LOKO/0x00000002
17:29:11.981  INFO     RX        /ERR/LOKO/0x00000002
17:29:11.981  INFO     RX        /ERR/LOKO/0x00000002
17:29:11.981  INFO     RX        /ERR/LOKO/0x00000002
17:29:12.007  INFO     RX        /ERR/LOKO/0x00000002
17:29:12.121  INFO     RX        /ERR/LOKO/0x00000002
17:29:12.121  INFO     RX        /ERR/LOKO/0x00000002
17:29:12.121  INFO     RX        /ERR/LOKO/0x00000002
17:29:12.122  INFO     RX        /ERR/LOKO/0x00000002
17:29:12.122  INFO     RX        /ERR/LOKO/0x00000002
17:29:12.126  INFO     RX        /ERR/LOKO/0x00000002
17:29:12.137  INFO     RX        /ERR/LOKO/0x00000002
17:29:12.247  INFO     RX        /ERR/LOKO/0x00000002
17:29:12.247  INFO     RX        /ERR/LOKO/0x00000002
17:29:12.247  INFO     RX        /ERR/LOKO/0x00000002
17:29:12.247  INFO     RX        /ERR/LOKO/0x00000002
17:29:12.247  INFO     RX        /ERR/LOKO/0x00000002
17:29:12.247  INFO     RX        /ERR/LOKO/0x00000002
17:29:12.247  INFO     RX        /ERR/LOKO/0x00000002
17:29:12.248  INFO     RX        /ERR/LOKO/0x00000002
17:29:12.248  INFO     RX        /ERR/LOKO/0x00000002
17:29:12.253  INFO     RX        /ERR/LOKO/0x00000002
17:29:12.267  INFO     RX        /ERR/LOKO/0x00000002
17:29:12.383  INFO     RX        /ERR/LOKO/0x00000002
17:29:12.383  INFO     RX        /ERR/LOKO/0x00000002
17:29:12.383  INFO     RX        /ERR/LOKO/0x00000002
17:29:12.383  INFO     RX        /ERR/LOKO/0x00000002
17:29:12.383  INFO     RX        /ERR/LOKO/0x00000002
17:29:12.383  INFO     RX        /ERR/LOKO/0x00000002
17:29:12.383  INFO     RX        /ERR/LOKO/0x00000002
17:29:12.383  INFO     RX        /ERR/LOKO/0x00000002
17:29:12.384  INFO     RX        /ERR/LOKO/0x00000002
17:29:12.384  INFO     RX        /ERR/LOKO/0x00000002
17:29:12.396  INFO     RX        /ERR/LOKO/0x00000002
17:29:12.519  INFO     RX        /ERR/LOKO/0x00000002
17:29:12.519  INFO     RX        /ERR/LOKO/0x00000002
17:29:12.519  INFO     RX        /ERR/LOKO/0x00000002
17:29:12.519  INFO     RX        /ERR/LOKO/0x00000002
17:29:12.519  INFO     RX        /ERR/LOKO/0x00000002
17:29:12.519  INFO     RX        /ERR/LOKO/0x00000002
17:29:12.519  INFO     RX        /ERR/LOKO/0x00000002
17:29:12.520  INFO     RX        /ERR/LOKO/0x00000002
17:29:12.520  INFO     RX        /ERR/LOKO/0x00000002
17:29:12.520  INFO     RX        /ERR/LOKO/0x00000002
17:29:12.525  INFO     RX        /ERR/LOKO/0x00000002
17:29:12.561  INFO     RX        /ERR/LOKO/0x00000002
17:29:12.658  INFO     RX        /ERR/LOKO/0x00000002
17:29:12.658  INFO     RX        /ERR/LOKO/0x00000002
17:29:12.658  INFO     RX        /ERR/LOKO/0x00000002
17:29:12.683  DEBUG    TX /CONTROLL/80,23,0,0,0,0,0,0,2
17:29:12.806  INFO     RX        /ERR/LOKO/0x00000002
17:29:12.807  INFO     RX        /ERR/LOKO/0x00000002
17:29:12.807  INFO     RX        /ERR/LOKO/0x00000002
17:29:12.809  INFO     RX        /ERR/LOKO/0x00000002
17:29:13.143  INFO     RX        /ERR/LOKO/0x00000002
17:29:13.143  INFO     RX        /ERR/LOKO/0x00000002
17:29:13.143  INFO     RX        /ERR/LOKO/0x00000002
17:29:13.143  INFO     RX        /ERR/LOKO/0x00000002
17:29:13.143  INFO     RX        /ERR/LOKO/0x00000002
17:29:13.143  INFO     RX        /ERR/LOKO/0x00000002
17:29:13.518  INFO     RX        /ERR/LOKO/0x00000002
17:29:13.518  INFO     RX        /ERR/LOKO/0x00000002
17:29:13.518  INFO     RX        /ERR/LOKO/0x00000002
17:29:13.518  INFO     RX        /ERR/LOKO/0x00000002
17:29:13.518  INFO     RX        /ERR/LOKO/0x00000002
17:29:13.518  INFO     RX        /ERR/LOKO/0x00000002
17:29:13.518  INFO     RX        /ERR/LOKO/0x00000002
17:29:13.518  INFO     RX        /ERR/LOKO/0x00000002
17:29:13.518  INFO     RX        /ERR/LOKO/0x00000002
17:29:13.518  INFO     RX        /ERR/LOKO/0x00000002
17:29:13.522  INFO     RX        /ERR/LOKO/0x00000002
17:29:13.522  INFO     RX        /ERR/LOKO/0x00000002
17:29:13.631  INFO     RX        /ERR/LOKO/0x00000002
17:29:13.631  INFO     RX        /ERR/LOKO/0x00000002
17:29:13.631  INFO     RX        /ERR/LOKO/0x00000002
17:29:13.660  INFO     RX        /ERR/LOKO/0x00000002
17:29:13.850  INFO     RX        /ERR/LOKO/0x00000002
17:29:13.850  INFO     RX        /ERR/LOKO/0x00000002
17:29:13.850  INFO     RX        /ERR/LOKO/0x00000002
17:29:13.925  INFO     RX        /ERR/LOKO/0x00000002
17:29:14.296  DEBUG    TX /CONTROLL/0,0,0,0,0,0,0,0,0
17:29:15.905  DEBUG    TX /CONTROLL/0,0,0,0,0,0,0,0,0
17:29:17.517  DEBUG    TX /CONTROLL/0,0,0,0,0,0,0,0,0
17:29:19.121  DEBUG    TX /CONTROLL/0,0,0,0,0,0,0,0,0
17:29:20.734  DEBUG    TX /CONTROLL/0,0,0,0,0,0,0,0,0
17:29:22.341  DEBUG    TX /CONTROLL/0,0,0,0,0,0,0,0,0
17:29:23.952  DEBUG    TX /CONTROLL/0,0,0,0,0,0,0,0,0
17:29:25.567  DEBUG    TX /CONTROLL/0,0,0,0,0,0,0,0,0
17:29:27.183  DEBUG    TX /CONTROLL/0,0,0,0,0,0,0,0,0
17:29:28.802  DEBUG    TX /CONTROLL/0,0,0,0,0,0,0,0,0
17:29:30.408  DEBUG    TX /CONTROLL/0,0,0,0,0,0,0,0,0
17:29:32.019  DEBUG    TX /CONTROLL/0,0,0,0,0,0,0,0,0
17:29:33.628  DEBUG    TX /CONTROLL/0,0,0,0,0,0,0,0,0
17:29:35.239  DEBUG    TX /CONTROLL/0,0,0,0,0,0,0,0,0
17:29:36.847  DEBUG    TX /CONTROLL/0,0,0,0,0,0,0,0,0
17:29:38.455  DEBUG    TX /CONTROLL/0,0,0,0,0,0,0,0,0
17:29:40.066  DEBUG    TX /CONTROLL/0,0,0,0,0,0,0,0,0
17:29:41.674  DEBUG    TX /CONTROLL/0,0,0,0,0,0,0,0,0
17:29:43.283  DEBUG    TX /CONTROLL/0,0,0,0,0,0,0,0,0
17:29:44.891  DEBUG    TX /CONTROLL/0,0,0,0,0,0,0,0,0
17:29:46.502  DEBUG    TX /CONTROLL/0,0,0,0,0,0,0,0,0
17:29:48.115  DEBUG    TX /CONTROLL/0,0,0,0,0,0,0,0,0
17:29:49.729  DEBUG    TX /CONTROLL/0,0,0,0,0,0,0,0,0
17:29:51.341  DEBUG    TX /CONTROLL/0,0,0,0,0,0,0,0,0
17:29:52.952  DEBUG    TX /CONTROLL/0,0,0,0,0,0,0,0,0
17:29:54.559  DEBUG    TX /CONTROLL/0,0,0,0,0,0,0,0,0
17:29:56.172  DEBUG    TX /CONTROLL/0,0,0,0,0,0,0,0,0
17:29:57.782  DEBUG    TX /CONTROLL/0,0,0,0,0,0,0,0,0
17:29:59.394  DEBUG    TX /CONTROLL/0,0,0,0,0,0,0,0,0
17:30:01.003  DEBUG    TX /CONTROLL/0,0,0,0,0,0,0,0,0
17:30:02.615  DEBUG    TX /CONTROLL/0,0,0,0,0,0,0,0,0
17:30:04.227  DEBUG    TX /CONTROLL/0,0,0,0,0,0,0,0,0
17:30:05.840  DEBUG    TX /CONTROLL/0,0,0,0,0,0,0,0,0
17:30:07.445  DEBUG    TX /CONTROLL/0,0,0,0,0,0,0,0,0
17:30:09.063  DEBUG    TX /CONTROLL/0,0,0,0,0,0,0,0,0
17:30:09.814  INFO     RX        /ERR/LOKO/0x00000002
17:30:09.814  INFO     RX        /ERR/LOKO/0x00000002
17:30:09.845  INFO     RX        /ERR/LOKO/0x00000002
17:30:09.845  INFO     RX        /ERR/LOKO/0x00000002
17:30:09.879  INFO     RX        /ERR/LOKO/0x00000002
17:30:09.879  INFO     RX        /ERR/LOKO/0x00000002
17:30:09.879  INFO     RX        /ERR/LOKO/0x00000002
17:30:09.909  INFO     RX        /ERR/LOKO/0x00000002
17:30:09.909  INFO     RX        /ERR/LOKO/0x00000002
17:30:09.909  INFO     RX        /ERR/LOKO/0x00000002
17:30:09.943  INFO     RX        /ERR/LOKO/0x00000002
17:30:09.943  INFO     RX        /ERR/LOKO/0x00000002
17:30:09.943  INFO     RX        /ERR/LOKO/0x00000002
17:30:09.975  INFO     RX        /ERR/LOKO/0x00000002
17:30:09.975  INFO     RX        /ERR/LOKO/0x00000002
17:30:10.005  INFO     RX        /ERR/LOKO/0x00000002
17:30:10.005  INFO     RX        /ERR/LOKO/0x00000002
17:30:10.005  INFO     RX        /ERR/LOKO/0x00000002
17:30:10.040  INFO     RX        /ERR/LOKO/0x00000002
17:30:10.040  INFO     RX        /ERR/LOKO/0x00000002
17:30:10.040  INFO     RX        /ERR/LOKO/0x00000002
17:30:10.074  INFO     RX        /ERR/LOKO/0x00000002
17:30:10.074  INFO     RX        /ERR/LOKO/0x00000002
17:30:10.074  INFO     RX        /ERR/LOKO/0x00000002
17:30:10.102  INFO     RX        /ERR/LOKO/0x00000002
17:30:10.102  INFO     RX        /ERR/LOKO/0x00000002
17:30:10.137  INFO     RX        /ERR/LOKO/0x00000002
17:30:10.137  INFO     RX        /ERR/LOKO/0x00000002
17:30:10.137  INFO     RX        /ERR/LOKO/0x00000002
17:30:10.170  INFO     RX        /ERR/LOKO/0x00000002
17:30:10.170  INFO     RX        /ERR/LOKO/0x00000002
17:30:10.170  INFO     RX        /ERR/LOKO/0x00000002
17:30:10.199  INFO     RX        /ERR/LOKO/0x00000002
17:30:10.199  INFO     RX        /ERR/LOKO/0x00000002
17:30:10.234  INFO     RX        /ERR/LOKO/0x00000002
17:30:10.234  INFO     RX        /ERR/LOKO/0x00000002
17:30:10.234  INFO     RX        /ERR/LOKO/0x00000002
17:30:10.272  INFO     RX        /ERR/LOKO/0x00000002
17:30:10.272  INFO     RX        /ERR/LOKO/0x00000002
17:30:10.272  INFO     RX        /ERR/LOKO/0x00000002
17:30:10.298  INFO     RX        /ERR/LOKO/0x00000002
17:30:10.298  INFO     RX        /ERR/LOKO/0x00000002
17:30:10.298  INFO     RX        /ERR/LOKO/0x00000002
17:30:10.328  INFO     RX        /ERR/LOKO/0x00000002
17:30:10.328  INFO     RX        /ERR/LOKO/0x00000002
17:30:10.362  INFO     RX        /ERR/LOKO/0x00000002
17:30:10.362  INFO     RX        /ERR/LOKO/0x00000002
17:30:10.362  INFO     RX        /ERR/LOKO/0x00000002
17:30:10.392  INFO     RX        /ERR/LOKO/0x00000002
17:30:10.392  INFO     RX        /ERR/LOKO/0x00000002
17:30:10.392  INFO     RX        /ERR/LOKO/0x00000002
17:30:10.425  INFO     RX        /ERR/LOKO/0x00000002
17:30:10.425  INFO     RX        /ERR/LOKO/0x00000002
17:30:10.460  INFO     RX        /ERR/LOKO/0x00000002
17:30:10.460  INFO     RX        /ERR/LOKO/0x00000002
17:30:10.460  INFO     RX        /ERR/LOKO/0x00000002
17:30:10.489  INFO     RX        /ERR/LOKO/0x00000002
17:30:10.679  DEBUG    TX /CONTROLL/0,0,0,0,0,0,0,0,0
17:30:11.979  INFO     RX        /ERR/LOKO/0x00000002
17:30:11.979  INFO     RX        /ERR/LOKO/0x00000002
17:30:12.131  INFO     RX        /ERR/LOKO/0x00000002
17:30:12.131  INFO     RX        /ERR/LOKO/0x00000002
17:30:12.131  INFO     RX        /ERR/LOKO/0x00000002
17:30:12.131  INFO     RX        /ERR/LOKO/0x00000002
17:30:12.131  INFO     RX        /ERR/LOKO/0x00000002
17:30:12.131  INFO     RX        /ERR/LOKO/0x00000002
17:30:12.131  INFO     RX        /ERR/LOKO/0x00000002
17:30:12.131  INFO     RX        /ERR/LOKO/0x00000002
17:30:12.131  INFO     RX        /ERR/LOKO/0x00000002
17:30:12.131  INFO     RX        /ERR/LOKO/0x00000002
17:30:12.131  INFO     RX        /ERR/LOKO/0x00000002
17:30:12.131  INFO     RX        /ERR/LOKO/0x00000002
17:30:12.135  INFO     RX        /ERR/LOKO/0x00000002
17:30:12.141  INFO     RX        /ERR/LOKO/0x00000002
17:30:12.169  INFO     RX        /ERR/LOKO/0x00000002
17:30:12.169  INFO     RX        /ERR/LOKO/0x00000002
17:30:12.204  INFO     RX        /ERR/LOKO/0x00000002
17:30:12.204  INFO     RX        /ERR/LOKO/0x00000002
17:30:12.204  INFO     RX        /ERR/LOKO/0x00000002
17:30:12.237  INFO     RX        /ERR/LOKO/0x00000002
17:30:12.295  DEBUG    TX /CONTROLL/0,0,0,0,0,0,0,0,0
17:30:13.560  INFO     RX        /ERR/LOKO/0x00000002
17:30:13.560  INFO     RX        /ERR/LOKO/0x00000002
17:30:13.589  INFO     RX        /ERR/LOKO/0x00000002
17:30:13.589  INFO     RX        /ERR/LOKO/0x00000002
17:30:13.589  INFO     RX        /ERR/LOKO/0x00000002
17:30:13.627  INFO     RX        /ERR/LOKO/0x00000002
17:30:13.627  INFO     RX        /ERR/LOKO/0x00000002
17:30:13.627  INFO     RX        /ERR/LOKO/0x00000002
17:30:13.653  INFO     RX        /ERR/LOKO/0x00000002
17:30:13.653  INFO     RX        /ERR/LOKO/0x00000002
17:30:13.688  INFO     RX        /ERR/LOKO/0x00000002
17:30:13.688  INFO     RX        /ERR/LOKO/0x00000002
17:30:13.688  INFO     RX        /ERR/LOKO/0x00000002
17:30:13.716  INFO     RX        /ERR/LOKO/0x00000002
17:30:13.716  INFO     RX        /ERR/LOKO/0x00000002
17:30:13.752  INFO     RX        /ERR/LOKO/0x00000002
17:30:13.752  INFO     RX        /ERR/LOKO/0x00000002
17:30:13.752  INFO     RX        /ERR/LOKO/0x00000002
17:30:13.782  INFO     RX        /ERR/LOKO/0x00000002
17:30:13.782  INFO     RX        /ERR/LOKO/0x00000002
17:30:13.782  INFO     RX        /ERR/LOKO/0x00000002
17:30:13.816  INFO     RX        /ERR/LOKO/0x00000002
17:30:13.816  INFO     RX        /ERR/LOKO/0x00000002
17:30:13.816  INFO     RX        /ERR/LOKO/0x00000002
17:30:13.845  INFO     RX        /ERR/LOKO/0x00000002
17:30:13.845  INFO     RX        /ERR/LOKO/0x00000002
17:30:13.881  INFO     RX        /ERR/LOKO/0x00000002
17:30:13.881  INFO     RX        /ERR/LOKO/0x00000002
17:30:13.881  INFO     RX        /ERR/LOKO/0x00000002
17:30:13.907  DEBUG    TX /CONTROLL/0,0,0,-18,0,0,0,0,0
17:30:13.911  INFO     RX        /ERR/LOKO/0x00000002
17:30:13.911  INFO     RX        /ERR/LOKO/0x00000002
17:30:13.911  INFO     RX        /ERR/LOKO/0x00000002
17:30:13.945  INFO     RX        /ERR/LOKO/0x00000002
17:30:13.945  INFO     RX        /ERR/LOKO/0x00000002
17:30:13.945  INFO     RX        /ERR/LOKO/0x00000002
17:30:13.978  INFO     RX        /ERR/LOKO/0x00000002
17:30:13.978  INFO     RX        /ERR/LOKO/0x00000002
17:30:13.978  INFO     RX        /ERR/LOKO/0x00000002
17:30:14.006  INFO     RX        /ERR/LOKO/0x00000002
17:30:14.006  INFO     RX        /ERR/LOKO/0x00000002
17:30:14.042  INFO     RX        /ERR/LOKO/0x00000002
17:30:14.042  INFO     RX        /ERR/LOKO/0x00000002
17:30:14.042  INFO     RX        /ERR/LOKO/0x00000002
17:30:14.071  INFO     RX        /ERR/LOKO/0x00000002
17:30:14.489  INFO     RX        /ERR/LOKO/0x00000002
17:30:14.489  INFO     RX        /ERR/LOKO/0x00000002
17:30:14.520  INFO     RX        /ERR/LOKO/0x00000002
17:30:14.520  INFO     RX        /ERR/LOKO/0x00000002
17:30:14.520  INFO     RX        /ERR/LOKO/0x00000002
17:30:14.555  INFO     RX        /ERR/LOKO/0x00000002
17:30:14.555  INFO     RX        /ERR/LOKO/0x00000002
17:30:14.555  INFO     RX        /ERR/LOKO/0x00000002
17:30:14.584  INFO     RX        /ERR/LOKO/0x00000002
17:30:14.584  INFO     RX        /ERR/LOKO/0x00000002
17:30:14.619  INFO     RX        /ERR/LOKO/0x00000002
17:30:14.619  INFO     RX        /ERR/LOKO/0x00000002
17:30:14.619  INFO     RX        /ERR/LOKO/0x00000002
17:30:14.649  INFO     RX        /ERR/LOKO/0x00000002
17:30:14.649  INFO     RX        /ERR/LOKO/0x00000002
17:30:14.649  INFO     RX        /ERR/LOKO/0x00000002
17:30:14.686  INFO     RX        /ERR/LOKO/0x00000002
17:30:14.686  INFO     RX        /ERR/LOKO/0x00000002
17:30:14.686  INFO     RX        /ERR/LOKO/0x00000002
17:30:14.715  INFO     RX        /ERR/LOKO/0x00000002
17:30:14.715  INFO     RX        /ERR/LOKO/0x00000002
17:30:14.750  INFO     RX        /ERR/LOKO/0x00000002
17:30:14.750  INFO     RX        /ERR/LOKO/0x00000002
17:30:14.750  INFO     RX        /ERR/LOKO/0x00000002
17:30:14.782  INFO     RX        /ERR/LOKO/0x00000002
17:30:14.782  INFO     RX        /ERR/LOKO/0x00000002
17:30:14.782  INFO     RX        /ERR/LOKO/0x00000002
17:30:14.812  INFO     RX        /ERR/LOKO/0x00000002
17:30:14.812  INFO     RX        /ERR/LOKO/0x00000002
17:30:14.812  INFO     RX        /ERR/LOKO/0x00000002
17:30:14.848  INFO     RX        /ERR/LOKO/0x00000002
17:30:14.848  INFO     RX        /ERR/LOKO/0x00000002
17:30:14.848  INFO     RX        /ERR/LOKO/0x00000002
17:30:14.877  INFO     RX        /ERR/LOKO/0x00000002
17:30:14.877  INFO     RX        /ERR/LOKO/0x00000002
17:30:14.911  INFO     RX        /ERR/LOKO/0x00000002
17:30:14.940  INFO     RX        /ERR/LOKO/0x00000002
17:30:14.976  INFO     RX        /ERR/LOKO/0x00000002
17:30:15.010  INFO     RX        /ERR/LOKO/0x00000002
17:30:15.038  INFO     RX        /ERR/LOKO/0x00000002
17:30:15.105  INFO     RX        /ERR/LOKO/0x00000002
17:30:15.137  INFO     RX        /ERR/LOKO/0x00000002
17:30:15.165  INFO     RX        /ERR/LOKO/0x00000002
17:30:15.201  INFO     RX        /ERR/LOKO/0x00000002
17:30:15.233  INFO     RX        /ERR/LOKO/0x00000002
17:30:15.299  INFO     RX        /ERR/LOKO/0x00000002
17:30:15.325  INFO     RX        /ERR/LOKO/0x00000002
17:30:15.361  INFO     RX        /ERR/LOKO/0x00000002
17:30:15.390  INFO     RX        /ERR/LOKO/0x00000002
17:30:15.495  INFO     RX        /ERR/LOKO/0x00000002
17:30:15.495  INFO     RX        /ERR/LOKO/0x00000002
17:30:15.502  INFO     RX        /ERR/LOKO/0x00000002
17:30:15.516  DEBUG    TX /CONTROLL/0,0,0,-33,0,0,0,0,0
17:30:15.551  INFO     RX        /ERR/LOKO/0x00000002
17:30:15.586  INFO     RX        /ERR/LOKO/0x00000002
17:30:15.586  INFO     RX        /ERR/LOKO/0x00000002
17:30:15.586  INFO     RX        /ERR/LOKO/0x00000002
17:30:15.615  INFO     RX        /ERR/LOKO/0x00000002
17:30:15.616  INFO     RX        /ERR/LOKO/0x00000002
17:30:15.616  INFO     RX        /ERR/LOKO/0x00000002
17:30:15.651  INFO     RX        /ERR/LOKO/0x00000002
17:30:15.651  INFO     RX        /ERR/LOKO/0x00000002
17:30:15.652  INFO     RX        /ERR/LOKO/0x00000002
17:30:15.686  INFO     RX        /ERR/LOKO/0x00000002
17:30:15.686  INFO     RX        /ERR/LOKO/0x00000002
17:30:15.686  INFO     RX        /ERR/LOKO/0x00000002
17:30:15.717  INFO     RX        /ERR/LOKO/0x00000002
17:30:15.718  INFO     RX        /ERR/LOKO/0x00000002
17:30:15.718  INFO     RX        /ERR/LOKO/0x00000002
17:30:15.749  INFO     RX        /ERR/LOKO/0x00000002
17:30:15.749  INFO     RX        /ERR/LOKO/0x00000002
17:30:15.785  INFO     RX        /ERR/LOKO/0x00000002
17:30:15.785  INFO     RX        /ERR/LOKO/0x00000002
17:30:15.785  INFO     RX        /ERR/LOKO/0x00000002
17:30:15.813  INFO     RX        /ERR/LOKO/0x00000002
17:30:15.813  INFO     RX        /ERR/LOKO/0x00000002
17:30:15.813  INFO     RX        /ERR/LOKO/0x00000002
17:30:15.848  INFO     RX        /ERR/LOKO/0x00000002
17:30:15.848  INFO     RX        /ERR/LOKO/0x00000002
17:30:15.848  INFO     RX        /ERR/LOKO/0x00000002
17:30:15.877  INFO     RX        /ERR/LOKO/0x00000002
17:30:15.877  INFO     RX        /ERR/LOKO/0x00000002
17:30:15.913  INFO     RX        /ERR/LOKO/0x00000002
17:30:15.913  INFO     RX        /ERR/LOKO/0x00000002
17:30:15.913  INFO     RX        /ERR/LOKO/0x00000002
17:30:15.948  INFO     RX        /ERR/LOKO/0x00000002
17:30:15.974  INFO     RX        /ERR/LOKO/0x00000002
17:30:16.010  INFO     RX        /ERR/LOKO/0x00000002
17:30:16.039  INFO     RX        /ERR/LOKO/0x00000002
17:30:16.075  INFO     RX        /ERR/LOKO/0x00000002
17:30:16.139  INFO     RX        /ERR/LOKO/0x00000002
17:30:16.168  INFO     RX        /ERR/LOKO/0x00000002
17:30:16.203  INFO     RX        /ERR/LOKO/0x00000002
17:30:16.203  INFO     RX        /ERR/LOKO/0x00000002
17:30:16.232  INFO     RX        /ERR/LOKO/0x00000002
17:30:16.232  INFO     RX        /ERR/LOKO/0x00000002
17:30:16.267  INFO     RX        /ERR/LOKO/0x00000002
17:30:17.131  DEBUG    TX /CONTROLL/0,0,0,0,0,0,0,0,0
17:30:18.747  DEBUG    TX /CONTROLL/0,0,0,0,0,0,0,0,0
17:30:20.361  DEBUG    TX /CONTROLL/0,0,0,0,0,0,0,0,0
17:30:21.978  DEBUG    TX /CONTROLL/0,0,0,0,0,0,0,0,0
17:30:23.585  DEBUG    TX /CONTROLL/0,0,0,0,0,0,0,0,0
17:30:25.198  DEBUG    TX /CONTROLL/0,0,0,0,0,0,0,0,0
17:30:26.822  DEBUG    TX /CONTROLL/0,0,0,0,0,0,0,0,0
17:30:28.438  DEBUG    TX /CONTROLL/0,0,0,0,0,0,0,0,0
17:30:30.054  DEBUG    TX /CONTROLL/0,0,0,0,0,0,0,0,0
17:30:31.660  DEBUG    TX /CONTROLL/0,0,0,0,0,0,0,0,0
17:30:33.273  DEBUG    TX /CONTROLL/0,0,0,0,0,0,0,0,0
17:30:34.880  DEBUG    TX /CONTROLL/0,0,0,0,0,0,0,0,0
17:30:36.491  DEBUG    TX /CONTROLL/0,0,0,0,0,0,0,0,0
17:30:38.099  DEBUG    TX /CONTROLL/0,0,0,0,0,0,0,0,0
17:30:39.712  DEBUG    TX /CONTROLL/0,0,0,0,0,0,0,0,0
17:30:41.324  DEBUG    TX /CONTROLL/0,0,0,0,0,0,0,0,0
17:30:42.938  DEBUG    TX /CONTROLL/0,0,0,0,0,0,0,0,0
17:30:44.553  DEBUG    TX /CONTROLL/0,0,0,0,0,0,0,0,0
17:30:46.168  DEBUG    TX /CONTROLL/0,0,0,0,0,0,0,0,0
17:30:47.774  DEBUG    TX /CONTROLL/0,0,0,0,0,0,0,0,0
17:30:49.382  DEBUG    TX /CONTROLL/0,0,0,0,0,0,0,0,0
17:30:50.993  DEBUG    TX /CONTROLL/0,0,0,0,0,0,0,0,0
17:30:52.609  DEBUG    TX /CONTROLL/0,0,0,0,0,0,0,0,0
17:30:54.220  DEBUG    TX /CONTROLL/0,14,0,0,0,0,0,0,0
17:30:55.826  DEBUG    TX /CONTROLL/0,0,0,0,0,0,0,0,0
17:30:57.438  DEBUG    TX /CONTROLL/0,0,0,0,0,0,0,0,2
17:30:59.045  DEBUG    TX /CONTROLL/0,0,0,0,0,0,0,0,0
17:31:00.655  DEBUG    TX /CONTROLL/0,0,0,0,0,1,0,0,0
17:31:00.754  INFO     RX        /ERR/LOKO/0x00000002
17:31:00.754  INFO     RX        /ERR/LOKO/0x00000002
17:31:00.785  INFO     RX        /ERR/LOKO/0x00000002
17:31:00.785  INFO     RX        /ERR/LOKO/0x00000002
17:31:00.821  INFO     RX        /ERR/LOKO/0x00000002
17:31:00.821  INFO     RX        /ERR/LOKO/0x00000002
17:31:00.821  INFO     RX        /ERR/LOKO/0x00000002
17:31:00.934  INFO     RX        /ERR/LOKO/0x00000002
17:31:00.934  INFO     RX        /ERR/LOKO/0x00000002
17:31:00.934  INFO     RX        /ERR/LOKO/0x00000002
17:31:00.934  INFO     RX        /ERR/LOKO/0x00000002
17:31:00.934  INFO     RX        /ERR/LOKO/0x00000002
17:31:00.934  INFO     RX        /ERR/LOKO/0x00000002
17:31:00.934  INFO     RX        /ERR/LOKO/0x00000002
17:31:00.934  INFO     RX        /ERR/LOKO/0x00000002
17:31:00.934  INFO     RX        /ERR/LOKO/0x00000002
17:31:00.935  INFO     RX        /ERR/LOKO/0x00000002
17:31:00.939  INFO     RX        /ERR/LOKO/0x00000002
17:31:00.982  INFO     RX        /ERR/LOKO/0x00000002
17:31:00.983  INFO     RX        /ERR/LOKO/0x00000002
17:31:00.983  INFO     RX        /ERR/LOKO/0x00000002
17:31:01.012  INFO     RX        /ERR/LOKO/0x00000002
17:31:01.012  INFO     RX        /ERR/LOKO/0x00000002
17:31:01.012  INFO     RX        /ERR/LOKO/0x00000002
17:31:01.047  INFO     RX        /ERR/LOKO/0x00000002
17:31:01.047  INFO     RX        /ERR/LOKO/0x00000002
17:31:01.048  INFO     RX        /ERR/LOKO/0x00000002
17:31:01.075  INFO     RX        /ERR/LOKO/0x00000002
17:31:01.075  INFO     RX        /ERR/LOKO/0x00000002
17:31:01.111  INFO     RX        /ERR/LOKO/0x00000002
17:31:01.111  INFO     RX        /ERR/LOKO/0x00000002
17:31:01.111  INFO     RX        /ERR/LOKO/0x00000002
17:31:01.139  INFO     RX        /ERR/LOKO/0x00000002
17:31:01.139  INFO     RX        /ERR/LOKO/0x00000002
17:31:01.140  INFO     RX        /ERR/LOKO/0x00000002
17:31:01.175  INFO     RX        /ERR/LOKO/0x00000002
17:31:01.175  INFO     RX        /ERR/LOKO/0x00000002
17:31:01.175  INFO     RX        /ERR/LOKO/0x00000002
17:31:01.203  INFO     RX        /ERR/LOKO/0x00000002
17:31:01.203  INFO     RX        /ERR/LOKO/0x00000002
17:31:01.239  INFO     RX        /ERR/LOKO/0x00000002
17:31:01.239  INFO     RX        /ERR/LOKO/0x00000002
17:31:01.239  INFO     RX        /ERR/LOKO/0x00000002
17:31:01.273  INFO     RX        /ERR/LOKO/0x00000002
17:31:01.273  INFO     RX        /ERR/LOKO/0x00000002
17:31:01.273  INFO     RX        /ERR/LOKO/0x00000002
17:31:01.305  INFO     RX        /ERR/LOKO/0x00000002
17:31:01.305  INFO     RX        /ERR/LOKO/0x00000002
17:31:01.305  INFO     RX        /ERR/LOKO/0x00000002
17:31:01.332  INFO     RX        /ERR/LOKO/0x00000002
17:31:01.332  INFO     RX        /ERR/LOKO/0x00000002
17:31:01.368  INFO     RX        /ERR/LOKO/0x00000002
17:31:01.368  INFO     RX        /ERR/LOKO/0x00000002
17:31:01.368  INFO     RX        /ERR/LOKO/0x00000002
17:31:01.402  INFO     RX        /ERR/LOKO/0x00000002
17:31:01.403  INFO     RX        /ERR/LOKO/0x00000002
17:31:01.403  INFO     RX        /ERR/LOKO/0x00000002
17:31:01.428  INFO     RX        /ERR/LOKO/0x00000002
17:31:01.428  INFO     RX        /ERR/LOKO/0x00000002
17:31:01.428  INFO     RX        /ERR/LOKO/0x00000002
17:31:01.463  INFO     RX        /ERR/LOKO/0x00000002
17:31:01.464  INFO     RX        /ERR/LOKO/0x00000002
17:31:01.464  INFO     RX        /ERR/LOKO/0x00000002
17:31:01.493  INFO     RX        /ERR/LOKO/0x00000002
17:31:01.493  INFO     RX        /ERR/LOKO/0x00000002
17:31:01.525  INFO     RX        /ERR/LOKO/0x00000002
17:31:01.525  INFO     RX        /ERR/LOKO/0x00000002
17:31:01.525  INFO     RX        /ERR/LOKO/0x00000002
17:31:01.561  INFO     RX        /ERR/LOKO/0x00000002
17:31:01.562  INFO     RX        /ERR/LOKO/0x00000002
17:31:01.562  INFO     RX        /ERR/LOKO/0x00000002
17:31:01.590  INFO     RX        /ERR/LOKO/0x00000002
17:31:01.590  INFO     RX        /ERR/LOKO/0x00000002
17:31:01.590  INFO     RX        /ERR/LOKO/0x00000002
17:31:01.625  INFO     RX        /ERR/LOKO/0x00000002
17:31:01.625  INFO     RX        /ERR/LOKO/0x00000002
17:31:01.625  INFO     RX        /ERR/LOKO/0x00000002
17:31:01.658  INFO     RX        /ERR/LOKO/0x00000002
17:31:01.658  INFO     RX        /ERR/LOKO/0x00000002
17:31:01.685  INFO     RX        /ERR/LOKO/0x00000002
17:31:01.685  INFO     RX        /ERR/LOKO/0x00000002
17:31:01.685  INFO     RX        /ERR/LOKO/0x00000002
17:31:01.721  INFO     RX        /ERR/LOKO/0x00000002
17:31:01.721  INFO     RX        /ERR/LOKO/0x00000002
17:31:01.721  INFO     RX        /ERR/LOKO/0x00000002
17:31:01.753  INFO     RX        /ERR/LOKO/0x00000002
17:31:01.753  INFO     RX        /ERR/LOKO/0x00000002
17:31:01.753  INFO     RX        /ERR/LOKO/0x00000002
17:31:01.781  INFO     RX        /ERR/LOKO/0x00000002
17:31:01.781  INFO     RX        /ERR/LOKO/0x00000002
17:31:01.817  INFO     RX        /ERR/LOKO/0x00000002
17:31:01.817  INFO     RX        /ERR/LOKO/0x00000002
17:31:01.817  INFO     RX        /ERR/LOKO/0x00000002
17:31:01.849  INFO     RX        /ERR/LOKO/0x00000002
17:31:01.849  INFO     RX        /ERR/LOKO/0x00000002
17:31:01.849  INFO     RX        /ERR/LOKO/0x00000002
17:31:01.881  INFO     RX        /ERR/LOKO/0x00000002
17:31:01.881  INFO     RX        /ERR/LOKO/0x00000002
17:31:01.881  INFO     RX        /ERR/LOKO/0x00000002
17:31:01.915  INFO     RX        /ERR/LOKO/0x00000002
17:31:01.915  INFO     RX        /ERR/LOKO/0x00000002
17:31:01.915  INFO     RX        /ERR/LOKO/0x00000002
17:31:01.941  INFO     RX        /ERR/LOKO/0x00000002
17:31:01.941  INFO     RX        /ERR/LOKO/0x00000002
17:31:01.977  INFO     RX        /ERR/LOKO/0x00000002
17:31:01.977  INFO     RX        /ERR/LOKO/0x00000002
17:31:01.977  INFO     RX        /ERR/LOKO/0x00000002
17:31:02.009  INFO     RX        /ERR/LOKO/0x00000002
17:31:02.009  INFO     RX        /ERR/LOKO/0x00000002
17:31:02.009  INFO     RX        /ERR/LOKO/0x00000002
17:31:02.037  INFO     RX        /ERR/LOKO/0x00000002
17:31:02.037  INFO     RX        /ERR/LOKO/0x00000002
17:31:02.069  INFO     RX        /ERR/LOKO/0x00000002
17:31:02.070  INFO     RX        /ERR/LOKO/0x00000002
17:31:02.070  INFO     RX        /ERR/LOKO/0x00000002
17:31:02.105  INFO     RX        /ERR/LOKO/0x00000002
17:31:02.105  INFO     RX        /ERR/LOKO/0x00000002
17:31:02.105  INFO     RX        /ERR/LOKO/0x00000002
17:31:02.135  INFO     RX        /ERR/LOKO/0x00000002
17:31:02.135  INFO     RX        /ERR/LOKO/0x00000002
17:31:02.135  INFO     RX        /ERR/LOKO/0x00000002
17:31:02.170  INFO     RX        /ERR/LOKO/0x00000002
17:31:02.170  INFO     RX        /ERR/LOKO/0x00000002
17:31:02.170  INFO     RX        /ERR/LOKO/0x00000002
17:31:02.198  INFO     RX        /ERR/LOKO/0x00000002
17:31:02.198  INFO     RX        /ERR/LOKO/0x00000002
17:31:02.234  INFO     RX        /ERR/LOKO/0x00000002
17:31:02.234  INFO     RX        /ERR/LOKO/0x00000002
17:31:02.234  INFO     RX        /ERR/LOKO/0x00000002
17:31:02.261  DEBUG    TX /CONTROLL/0,0,0,0,0,1,0,0,0
17:31:02.266  INFO     RX        /ERR/LOKO/0x00000002
17:31:02.266  INFO     RX        /ERR/LOKO/0x00000002
17:31:02.266  INFO     RX        /ERR/LOKO/0x00000002
17:31:02.299  INFO     RX        /ERR/LOKO/0x00000002
17:31:02.299  INFO     RX        /ERR/LOKO/0x00000002
17:31:02.299  INFO     RX        /ERR/LOKO/0x00000002
17:31:02.328  INFO     RX        /ERR/LOKO/0x00000002
17:31:02.328  INFO     RX        /ERR/LOKO/0x00000002
17:31:02.365  INFO     RX        /ERR/LOKO/0x00000002
17:31:02.365  INFO     RX        /ERR/LOKO/0x00000002
17:31:02.365  INFO     RX        /ERR/LOKO/0x00000002
17:31:02.393  INFO     RX        /ERR/LOKO/0x00000002
17:31:02.393  INFO     RX        /ERR/LOKO/0x00000002
17:31:02.393  INFO     RX        /ERR/LOKO/0x00000002
17:31:02.427  INFO     RX        /ERR/LOKO/0x00000002
17:31:02.427  INFO     RX        /ERR/LOKO/0x00000002
17:31:02.427  INFO     RX        /ERR/LOKO/0x00000002
17:31:02.456  INFO     RX        /ERR/LOKO/0x00000002
17:31:02.456  INFO     RX        /ERR/LOKO/0x00000002
17:31:02.492  INFO     RX        /ERR/LOKO/0x00000002
17:31:02.492  INFO     RX        /ERR/LOKO/0x00000002
17:31:02.492  INFO     RX        /ERR/LOKO/0x00000002
17:31:02.521  INFO     RX        /ERR/LOKO/0x00000002
17:31:02.522  INFO     RX        /ERR/LOKO/0x00000002
17:31:02.522  INFO     RX        /ERR/LOKO/0x00000002
17:31:02.557  INFO     RX        /ERR/LOKO/0x00000002
17:31:02.557  INFO     RX        /ERR/LOKO/0x00000002
17:31:02.557  INFO     RX        /ERR/LOKO/0x00000002
17:31:02.589  INFO     RX        /ERR/LOKO/0x00000002
17:31:02.589  INFO     RX        /ERR/LOKO/0x00000002
17:31:02.589  INFO     RX        /ERR/LOKO/0x00000002
17:31:02.621  INFO     RX        /ERR/LOKO/0x00000002
17:31:02.622  INFO     RX        /ERR/LOKO/0x00000002
17:31:02.650  INFO     RX        /ERR/LOKO/0x00000002
17:31:02.650  INFO     RX        /ERR/LOKO/0x00000002
17:31:02.650  INFO     RX        /ERR/LOKO/0x00000002
17:31:02.687  INFO     RX        /ERR/LOKO/0x00000002
17:31:02.687  INFO     RX        /ERR/LOKO/0x00000002
17:31:02.687  INFO     RX        /ERR/LOKO/0x00000002
17:31:02.715  INFO     RX        /ERR/LOKO/0x00000002
17:31:02.715  INFO     RX        /ERR/LOKO/0x00000002
17:31:02.749  INFO     RX        /ERR/LOKO/0x00000002
17:31:02.749  INFO     RX        /ERR/LOKO/0x00000002
17:31:02.749  INFO     RX        /ERR/LOKO/0x00000002
17:31:02.783  INFO     RX        /ERR/LOKO/0x00000002
17:31:02.783  INFO     RX        /ERR/LOKO/0x00000002
17:31:02.783  INFO     RX        /ERR/LOKO/0x00000002
17:31:02.812  INFO     RX        /ERR/LOKO/0x00000002
17:31:02.812  INFO     RX        /ERR/LOKO/0x00000002
17:31:02.813  INFO     RX        /ERR/LOKO/0x00000002
17:31:02.847  INFO     RX        /ERR/LOKO/0x00000002
17:31:02.847  INFO     RX        /ERR/LOKO/0x00000002
17:31:02.847  INFO     RX        /ERR/LOKO/0x00000002
17:31:02.877  INFO     RX        /ERR/LOKO/0x00000002
17:31:02.877  INFO     RX        /ERR/LOKO/0x00000002
17:31:02.911  INFO     RX        /ERR/LOKO/0x00000002
17:31:02.911  INFO     RX        /ERR/LOKO/0x00000002
17:31:02.911  INFO     RX        /ERR/LOKO/0x00000002
17:31:02.941  INFO     RX        /ERR/LOKO/0x00000002
17:31:02.941  INFO     RX        /ERR/LOKO/0x00000002
17:31:02.941  INFO     RX        /ERR/LOKO/0x00000002
17:31:02.975  INFO     RX        /ERR/LOKO/0x00000002
17:31:02.975  INFO     RX        /ERR/LOKO/0x00000002
17:31:02.975  INFO     RX        /ERR/LOKO/0x00000002
17:31:03.004  INFO     RX        /ERR/LOKO/0x00000002
17:31:03.004  INFO     RX        /ERR/LOKO/0x00000002
17:31:03.040  INFO     RX        /ERR/LOKO/0x00000002
17:31:03.040  INFO     RX        /ERR/LOKO/0x00000002
17:31:03.040  INFO     RX        /ERR/LOKO/0x00000002
17:31:03.040  INFO     RX        /ERR/LOKO/0x00000002
17:31:03.073  INFO     RX        /ERR/LOKO/0x00000002
17:31:03.073  INFO     RX        /ERR/LOKO/0x00000002
17:31:03.105  INFO     RX        /ERR/LOKO/0x00000002
17:31:03.105  INFO     RX        /ERR/LOKO/0x00000002
17:31:03.105  INFO     RX        /ERR/LOKO/0x00000002
17:31:03.138  INFO     RX        /ERR/LOKO/0x00000002
17:31:03.138  INFO     RX        /ERR/LOKO/0x00000002
17:31:03.138  INFO     RX        /ERR/LOKO/0x00000002
17:31:03.167  INFO     RX        /ERR/LOKO/0x00000002
17:31:03.168  INFO     RX        /ERR/LOKO/0x00000002
17:31:03.204  INFO     RX        /ERR/LOKO/0x00000002
17:31:03.204  INFO     RX        /ERR/LOKO/0x00000002
17:31:03.204  INFO     RX        /ERR/LOKO/0x00000002
17:31:03.204  INFO     RX        /ERR/LOKO/0x00000002
17:31:03.237  INFO     RX        /ERR/LOKO/0x00000002
17:31:03.237  INFO     RX        /ERR/LOKO/0x00000002
17:31:03.270  INFO     RX        /ERR/LOKO/0x00000002
17:31:03.270  INFO     RX        /ERR/LOKO/0x00000002
17:31:03.271  INFO     RX        /ERR/LOKO/0x00000002
17:31:03.298  INFO     RX        /ERR/LOKO/0x00000002
17:31:03.298  INFO     RX        /ERR/LOKO/0x00000002
17:31:03.298  INFO     RX        /ERR/LOKO/0x00000002
17:31:03.334  INFO     RX        /ERR/LOKO/0x00000002
17:31:03.334  INFO     RX        /ERR/LOKO/0x00000002
17:31:03.334  INFO     RX        /ERR/LOKO/0x00000002
17:31:03.362  INFO     RX        /ERR/LOKO/0x00000002
17:31:03.362  INFO     RX        /ERR/LOKO/0x00000002
17:31:03.398  INFO     RX        /ERR/LOKO/0x00000002
17:31:03.398  INFO     RX        /ERR/LOKO/0x00000002
17:31:03.398  INFO     RX        /ERR/LOKO/0x00000002
17:31:03.427  INFO     RX        /ERR/LOKO/0x00000002
17:31:03.427  INFO     RX        /ERR/LOKO/0x00000002
17:31:03.427  INFO     RX        /ERR/LOKO/0x00000002
17:31:03.462  INFO     RX        /ERR/LOKO/0x00000002
17:31:03.462  INFO     RX        /ERR/LOKO/0x00000002
17:31:03.462  INFO     RX        /ERR/LOKO/0x00000002
17:31:03.491  INFO     RX        /ERR/LOKO/0x00000002
17:31:03.491  INFO     RX        /ERR/LOKO/0x00000002
17:31:03.522  INFO     RX        /ERR/LOKO/0x00000002
17:31:03.523  INFO     RX        /ERR/LOKO/0x00000002
17:31:03.523  INFO     RX        /ERR/LOKO/0x00000002
17:31:03.558  INFO     RX        /ERR/LOKO/0x00000002
17:31:03.558  INFO     RX        /ERR/LOKO/0x00000002
17:31:03.558  INFO     RX        /ERR/LOKO/0x00000002
17:31:03.590  INFO     RX        /ERR/LOKO/0x00000002
17:31:03.590  INFO     RX        /ERR/LOKO/0x00000002
17:31:03.590  INFO     RX        /ERR/LOKO/0x00000002
17:31:03.623  INFO     RX        /ERR/LOKO/0x00000002
17:31:03.623  INFO     RX        /ERR/LOKO/0x00000002
17:31:03.623  INFO     RX        /ERR/LOKO/0x00000002
17:31:03.657  INFO     RX        /ERR/LOKO/0x00000002
17:31:03.658  INFO     RX        /ERR/LOKO/0x00000002
17:31:03.658  INFO     RX        /ERR/LOKO/0x00000002
17:31:03.683  INFO     RX        /ERR/LOKO/0x00000002
17:31:03.684  INFO     RX        /ERR/LOKO/0x00000002
17:31:03.718  INFO     RX        /ERR/LOKO/0x00000002
17:31:03.718  INFO     RX        /ERR/LOKO/0x00000002
17:31:03.718  INFO     RX        /ERR/LOKO/0x00000002
17:31:03.753  INFO     RX        /ERR/LOKO/0x00000002
17:31:03.753  INFO     RX        /ERR/LOKO/0x00000002
17:31:03.753  INFO     RX        /ERR/LOKO/0x00000002
17:31:03.779  INFO     RX        /ERR/LOKO/0x00000002
17:31:03.780  INFO     RX        /ERR/LOKO/0x00000002
17:31:03.816  INFO     RX        /ERR/LOKO/0x00000002
17:31:03.816  INFO     RX        /ERR/LOKO/0x00000002
17:31:03.816  INFO     RX        /ERR/LOKO/0x00000002
17:31:03.845  INFO     RX        /ERR/LOKO/0x00000002
17:31:03.845  INFO     RX        /ERR/LOKO/0x00000002
17:31:03.846  INFO     RX        /ERR/LOKO/0x00000002
17:31:03.874  DEBUG    TX /CONTROLL/15,-77,0,0,0,0,0,0,0
17:31:03.881  INFO     RX        /ERR/LOKO/0x00000002
17:31:03.881  INFO     RX        /ERR/LOKO/0x00000002
17:31:03.882  INFO     RX        /ERR/LOKO/0x00000002
17:31:03.909  INFO     RX        /ERR/LOKO/0x00000002
17:31:03.909  INFO     RX        /ERR/LOKO/0x00000002
17:31:03.945  INFO     RX        /ERR/LOKO/0x00000002
17:31:03.945  INFO     RX        /ERR/LOKO/0x00000002
17:31:03.945  INFO     RX        /ERR/LOKO/0x00000002
17:31:04.109  INFO     RX        /ERR/LOKO/0x00000002
17:31:04.109  INFO     RX        /ERR/LOKO/0x00000002
17:31:04.109  INFO     RX        /ERR/LOKO/0x00000002
17:31:04.109  INFO     RX        /ERR/LOKO/0x00000002
17:31:04.110  INFO     RX        /ERR/LOKO/0x00000002
17:31:04.110  INFO     RX        /ERR/LOKO/0x00000002
17:31:04.110  INFO     RX        /ERR/LOKO/0x00000002
17:31:04.110  INFO     RX        /ERR/LOKO/0x00000002
17:31:04.110  INFO     RX        /ERR/LOKO/0x00000002
17:31:04.110  INFO     RX        /ERR/LOKO/0x00000002
17:31:04.110  INFO     RX        /ERR/LOKO/0x00000002
17:31:04.110  INFO     RX        /ERR/LOKO/0x00000002
17:31:04.115  INFO     RX        /ERR/LOKO/0x00000002
17:31:04.115  INFO     RX        /ERR/LOKO/0x00000002
17:31:04.115  INFO     RX        /ERR/LOKO/0x00000002
17:31:04.135  INFO     RX        /ERR/LOKO/0x00000002
17:31:04.135  INFO     RX        /ERR/LOKO/0x00000002
17:31:04.172  INFO     RX        /ERR/LOKO/0x00000002
17:31:04.172  INFO     RX        /ERR/LOKO/0x00000002
17:31:04.172  INFO     RX        /ERR/LOKO/0x00000002
17:31:04.200  INFO     RX        /ERR/LOKO/0x00000002
17:31:04.200  INFO     RX        /ERR/LOKO/0x00000002
17:31:04.235  INFO     RX        /ERR/LOKO/0x00000002
17:31:04.235  INFO     RX        /ERR/LOKO/0x00000002
17:31:04.235  INFO     RX        /ERR/LOKO/0x00000002
17:31:04.264  INFO     RX        /ERR/LOKO/0x00000002
17:31:04.265  INFO     RX        /ERR/LOKO/0x00000002
17:31:04.265  INFO     RX        /ERR/LOKO/0x00000002
17:31:04.300  INFO     RX        /ERR/LOKO/0x00000002
17:31:04.300  INFO     RX        /ERR/LOKO/0x00000002
17:31:04.300  INFO     RX        /ERR/LOKO/0x00000002
17:31:04.329  INFO     RX        /ERR/LOKO/0x00000003
17:31:04.329  INFO     RX        /ERR/LOKO/0x00000003
17:31:04.329  INFO     RX        /ERR/LOKO/0x00000003
17:31:04.364  INFO     RX        /ERR/LOKO/0x00000003
17:31:04.364  INFO     RX        /ERR/LOKO/0x00000001
17:31:04.365  INFO     RX        /ERR/LOKO/0x00000001
17:31:04.397  INFO     RX        /ERR/LOKO/0x00000001
17:31:04.397  INFO     RX        /ERR/LOKO/0x00000001
17:31:04.424  INFO     RX        /ERR/LOKO/0x00000001
17:31:04.424  INFO     RX        /ERR/LOKO/0x00000001
17:31:04.425  INFO     RX        /ERR/LOKO/0x00000001
17:31:04.461  INFO     RX        /ERR/LOKO/0x00000001
17:31:04.462  INFO     RX        /ERR/LOKO/0x00000001
17:31:04.462  INFO     RX        /ERR/LOKO/0x00000001
17:31:04.490  INFO     RX        /ERR/LOKO/0x00000001
17:31:04.490  INFO     RX        /ERR/LOKO/0x00000001
17:31:04.521  INFO     RX        /ERR/LOKO/0x00000001
17:31:04.521  INFO     RX        /ERR/LOKO/0x00000001
17:31:04.521  INFO     RX        /ERR/LOKO/0x00000001
17:31:04.561  INFO     RX        /ERR/LOKO/0x00000001
17:31:04.562  INFO     RX        /ERR/LOKO/0x00000001
17:31:04.562  INFO     RX        /ERR/LOKO/0x00000001
17:31:04.586  INFO     RX        /ERR/LOKO/0x00000001
17:31:04.586  INFO     RX        /ERR/LOKO/0x00000001
17:31:04.586  INFO     RX        /ERR/LOKO/0x00000001
17:31:04.622  INFO     RX        /ERR/LOKO/0x00000001
17:31:04.622  INFO     RX        /ERR/LOKO/0x00000001
17:31:04.622  INFO     RX        /ERR/LOKO/0x00000001
17:31:04.651  INFO     RX        /ERR/LOKO/0x00000001
17:31:04.652  INFO     RX        /ERR/LOKO/0x00000001
17:31:04.686  INFO     RX        /ERR/LOKO/0x00000001
17:31:04.686  INFO     RX        /ERR/LOKO/0x00000001
17:31:04.687  INFO     RX        /ERR/LOKO/0x00000001
17:31:04.716  INFO     RX        /ERR/LOKO/0x00000001
17:31:04.716  INFO     RX        /ERR/LOKO/0x00000001
17:31:04.716  INFO     RX        /ERR/LOKO/0x00000001
17:31:04.750  INFO     RX        /ERR/LOKO/0x00000001
17:31:04.750  INFO     RX        /ERR/LOKO/0x00000001
17:31:04.750  INFO     RX        /ERR/LOKO/0x00000001
17:31:04.779  INFO     RX        /ERR/LOKO/0x00000001
17:31:04.779  INFO     RX        /ERR/LOKO/0x00000001
17:31:04.814  INFO     RX        /ERR/LOKO/0x00000001
17:31:04.815  INFO     RX        /ERR/LOKO/0x00000001
17:31:04.815  INFO     RX        /ERR/LOKO/0x00000001
17:31:04.844  INFO     RX        /ERR/LOKO/0x00000001
17:31:04.844  INFO     RX        /ERR/LOKO/0x00000001
17:31:04.844  INFO     RX        /ERR/LOKO/0x00000001
17:31:04.878  INFO     RX        /ERR/LOKO/0x00000001
17:31:04.878  INFO     RX        /ERR/LOKO/0x00000001
17:31:04.878  INFO     RX        /ERR/LOKO/0x00000001
17:31:04.907  INFO     RX        /ERR/LOKO/0x00000001
17:31:04.907  INFO     RX        /ERR/LOKO/0x00000001
17:31:04.943  INFO     RX        /ERR/LOKO/0x00000001
17:31:04.943  INFO     RX        /ERR/LOKO/0x00000001
17:31:04.943  INFO     RX        /ERR/LOKO/0x00000001
17:31:04.972  INFO     RX        /ERR/LOKO/0x00000001
17:31:04.972  INFO     RX        /ERR/LOKO/0x00000001
17:31:04.972  INFO     RX        /ERR/LOKO/0x00000001
17:31:05.007  INFO     RX        /ERR/LOKO/0x00000001
17:31:05.007  INFO     RX        /ERR/LOKO/0x00000001
17:31:05.008  INFO     RX        /ERR/LOKO/0x00000001
17:31:05.037  INFO     RX        /ERR/LOKO/0x00000001
17:31:05.037  INFO     RX        /ERR/LOKO/0x00000001
17:31:05.071  INFO     RX        /ERR/LOKO/0x00000001
17:31:05.071  INFO     RX        /ERR/LOKO/0x00000001
17:31:05.071  INFO     RX        /ERR/LOKO/0x00000001
17:31:05.101  INFO     RX        /ERR/LOKO/0x00000001
17:31:05.101  INFO     RX        /ERR/LOKO/0x00000001
17:31:05.101  INFO     RX        /ERR/LOKO/0x00000001
17:31:05.136  INFO     RX        /ERR/LOKO/0x00000001
17:31:05.136  INFO     RX        /ERR/LOKO/0x00000001
17:31:05.136  INFO     RX        /ERR/LOKO/0x00000001
17:31:05.165  INFO     RX        /ERR/LOKO/0x00000001
17:31:05.165  INFO     RX        /ERR/LOKO/0x00000001
17:31:05.200  INFO     RX        /ERR/LOKO/0x00000001
17:31:05.200  INFO     RX        /ERR/LOKO/0x00000001
17:31:05.200  INFO     RX        /ERR/LOKO/0x00000001
17:31:05.200  INFO     RX        /ERR/LOKO/0x00000001
17:31:05.229  INFO     RX        /ERR/LOKO/0x00000001
17:31:05.229  INFO     RX        /ERR/LOKO/0x00000001
17:31:05.265  INFO     RX        /ERR/LOKO/0x00000001
17:31:05.265  INFO     RX        /ERR/LOKO/0x00000001
17:31:05.265  INFO     RX        /ERR/LOKO/0x00000001
17:31:05.297  INFO     RX        /ERR/LOKO/0x00000001
17:31:05.297  INFO     RX        /ERR/LOKO/0x00000001
17:31:05.297  INFO     RX        /ERR/LOKO/0x00000001
17:31:05.330  INFO     RX        /ERR/LOKO/0x00000001
17:31:05.330  INFO     RX        /ERR/LOKO/0x00000001
17:31:05.330  INFO     RX        /ERR/LOKO/0x00000001
17:31:05.358  INFO     RX        /ERR/LOKO/0x00000001
17:31:05.359  INFO     RX        /ERR/LOKO/0x00000001
17:31:05.394  INFO     RX        /ERR/LOKO/0x00000001
17:31:05.394  INFO     RX        /ERR/LOKO/0x00000001
17:31:05.394  INFO     RX        /ERR/LOKO/0x00000001
17:31:05.422  INFO     RX        /ERR/LOKO/0x00000001
17:31:05.422  INFO     RX        /ERR/LOKO/0x00000001
17:31:05.422  INFO     RX        /ERR/LOKO/0x00000001
17:31:05.457  INFO     RX        /ERR/LOKO/0x00000001
17:31:05.458  INFO     RX        /ERR/LOKO/0x00000001
17:31:05.458  INFO     RX        /ERR/LOKO/0x00000001
17:31:05.484  DEBUG    TX /CONTROLL/0,0,0,0,0,0,0,0,0
17:31:05.487  INFO     RX        /ERR/LOKO/0x00000001
17:31:05.487  INFO     RX        /ERR/LOKO/0x00000001
17:31:05.520  INFO     RX        /ERR/LOKO/0x00000001
17:31:05.520  INFO     RX        /ERR/LOKO/0x00000001
17:31:05.520  INFO     RX        /ERR/LOKO/0x00000001
17:31:05.555  INFO     RX        /ERR/LOKO/0x00000001
17:31:05.555  INFO     RX        /ERR/LOKO/0x00000001
17:31:05.555  INFO     RX        /ERR/LOKO/0x00000001
17:31:05.585  INFO     RX        /ERR/LOKO/0x00000001
17:31:05.585  INFO     RX        /ERR/LOKO/0x00000001
17:31:05.585  INFO     RX        /ERR/LOKO/0x00000001
17:31:05.620  INFO     RX        /ERR/LOKO/0x00000001
17:31:05.620  INFO     RX        /ERR/LOKO/0x00000001
17:31:05.620  INFO     RX        /ERR/LOKO/0x00000001
17:31:05.649  INFO     RX        /ERR/LOKO/0x00000001
17:31:05.649  INFO     RX        /ERR/LOKO/0x00000001
17:31:05.680  INFO     RX        /ERR/LOKO/0x00000001
17:31:05.681  INFO     RX        /ERR/LOKO/0x00000001
17:31:05.681  INFO     RX        /ERR/LOKO/0x00000001
17:31:05.716  INFO     RX        /ERR/LOKO/0x00000001
17:31:05.716  INFO     RX        /ERR/LOKO/0x00000001
17:31:05.717  INFO     RX        /ERR/LOKO/0x00000001
17:31:05.745  INFO     RX        /ERR/LOKO/0x00000001
17:31:05.745  INFO     RX        /ERR/LOKO/0x00000001
17:31:05.746  INFO     RX        /ERR/LOKO/0x00000001
17:31:05.781  INFO     RX        /ERR/LOKO/0x00000001
17:31:05.781  INFO     RX        /ERR/LOKO/0x00000001
17:31:05.781  INFO     RX        /ERR/LOKO/0x00000001
17:31:05.810  INFO     RX        /ERR/LOKO/0x00000001
17:31:05.810  INFO     RX        /ERR/LOKO/0x00000001
17:31:05.846  INFO     RX        /ERR/LOKO/0x00000001
17:31:05.846  INFO     RX        /ERR/LOKO/0x00000001
17:31:05.846  INFO     RX        /ERR/LOKO/0x00000001
17:31:05.874  INFO     RX        /ERR/LOKO/0x00000001
17:31:05.875  INFO     RX        /ERR/LOKO/0x00000001
17:31:05.875  INFO     RX        /ERR/LOKO/0x00000001
17:31:05.910  INFO     RX        /ERR/LOKO/0x00000001
17:31:05.910  INFO     RX        /ERR/LOKO/0x00000001
17:31:05.910  INFO     RX        /ERR/LOKO/0x00000001
17:31:05.940  INFO     RX        /ERR/LOKO/0x00000001
17:31:05.940  INFO     RX        /ERR/LOKO/0x00000001
17:31:05.976  INFO     RX        /ERR/LOKO/0x00000001
17:31:05.976  INFO     RX        /ERR/LOKO/0x00000001
17:31:05.976  INFO     RX        /ERR/LOKO/0x00000001
17:31:05.976  INFO     RX        /ERR/LOKO/0x00000001
17:31:06.004  INFO     RX        /ERR/LOKO/0x00000001
17:31:06.004  INFO     RX        /ERR/LOKO/0x00000001
17:31:06.039  INFO     RX        /ERR/LOKO/0x00000001
17:31:06.040  INFO     RX        /ERR/LOKO/0x00000001
17:31:06.040  INFO     RX        /ERR/LOKO/0x00000001
17:31:06.073  INFO     RX        /ERR/LOKO/0x00000001
17:31:06.073  INFO     RX        /ERR/LOKO/0x00000001
17:31:06.073  INFO     RX        /ERR/LOKO/0x00000001
17:31:06.101  INFO     RX        /ERR/LOKO/0x00000001
17:31:06.101  INFO     RX        /ERR/LOKO/0x00000001
17:31:06.136  INFO     RX        /ERR/LOKO/0x00000001
17:31:06.136  INFO     RX        /ERR/LOKO/0x00000001
17:31:06.136  INFO     RX        /ERR/LOKO/0x00000001
17:31:06.164  INFO     RX        /ERR/LOKO/0x00000001
17:31:06.164  INFO     RX        /ERR/LOKO/0x00000001
17:31:06.164  INFO     RX        /ERR/LOKO/0x00000001
17:31:06.202  INFO     RX        /ERR/LOKO/0x00000001
17:31:06.202  INFO     RX        /ERR/LOKO/0x00000001
17:31:06.202  INFO     RX        /ERR/LOKO/0x00000001
17:31:06.229  INFO     RX        /ERR/LOKO/0x00000001
17:31:06.229  INFO     RX        /ERR/LOKO/0x00000001
17:31:06.264  INFO     RX        /ERR/LOKO/0x00000001
17:31:06.264  INFO     RX        /ERR/LOKO/0x00000001
17:31:06.264  INFO     RX        /ERR/LOKO/0x00000001
17:31:06.297  INFO     RX        /ERR/LOKO/0x00000001
17:31:06.297  INFO     RX        /ERR/LOKO/0x00000001
17:31:06.297  INFO     RX        /ERR/LOKO/0x00000001
17:31:06.329  INFO     RX        /ERR/LOKO/0x00000001
17:31:06.329  INFO     RX        /ERR/LOKO/0x00000001
17:31:06.329  INFO     RX        /ERR/LOKO/0x00000001
17:31:06.361  INFO     RX        /ERR/LOKO/0x00000001
17:31:06.361  INFO     RX        /ERR/LOKO/0x00000001
17:31:06.361  INFO     RX        /ERR/LOKO/0x00000001
17:31:06.394  INFO     RX        /ERR/LOKO/0x00000003
17:31:06.394  INFO     RX        /ERR/LOKO/0x00000003
17:31:06.394  INFO     RX        /ERR/LOKO/0x00000003
17:31:06.422  INFO     RX        /ERR/LOKO/0x00000003
17:31:06.422  INFO     RX        /ERR/LOKO/0x00000003
17:31:06.457  INFO     RX        /ERR/LOKO/0x00000003
17:31:06.457  INFO     RX        /ERR/LOKO/0x00000003
17:31:06.457  INFO     RX        /ERR/LOKO/0x00000003
17:31:06.493  INFO     RX        /ERR/LOKO/0x00000003
17:31:06.493  INFO     RX        /ERR/LOKO/0x00000003
17:31:06.493  INFO     RX        /ERR/LOKO/0x00000003
17:31:06.517  INFO     RX        /ERR/LOKO/0x00000003
17:31:06.517  INFO     RX        /ERR/LOKO/0x00000003
17:31:06.549  INFO     RX        /ERR/LOKO/0x00000003
17:31:06.549  INFO     RX        /ERR/LOKO/0x00000003
17:31:06.549  INFO     RX        /ERR/LOKO/0x00000003
17:31:06.585  INFO     RX        /ERR/LOKO/0x00000003
17:31:06.585  INFO     RX        /ERR/LOKO/0x00000003
17:31:06.585  INFO     RX        /ERR/LOKO/0x00000003
17:31:06.613  INFO     RX        /ERR/LOKO/0x00000003
17:31:06.613  INFO     RX        /ERR/LOKO/0x00000003
17:31:06.648  INFO     RX        /ERR/LOKO/0x00000003
17:31:06.648  INFO     RX        /ERR/LOKO/0x00000003
17:31:06.648  INFO     RX        /ERR/LOKO/0x00000003
17:31:06.648  INFO     RX        /ERR/LOKO/0x00000003
17:31:06.681  INFO     RX        /ERR/LOKO/0x00000003
17:31:06.681  INFO     RX        /ERR/LOKO/0x00000003
17:31:06.713  INFO     RX        /ERR/LOKO/0x00000003
17:31:06.713  INFO     RX        /ERR/LOKO/0x00000003
17:31:06.713  INFO     RX        /ERR/LOKO/0x00000003
17:31:06.741  INFO     RX        /ERR/LOKO/0x00000003
17:31:06.741  INFO     RX        /ERR/LOKO/0x00000003
17:31:06.777  INFO     RX        /ERR/LOKO/0x00000003
17:31:06.777  INFO     RX        /ERR/LOKO/0x00000003
17:31:06.777  INFO     RX        /ERR/LOKO/0x00000003
17:31:06.777  INFO     RX        /ERR/LOKO/0x00000003
17:31:06.811  INFO     RX        /ERR/LOKO/0x00000003
17:31:06.811  INFO     RX        /ERR/LOKO/0x00000003
17:31:06.839  INFO     RX        /ERR/LOKO/0x00000003
17:31:06.839  INFO     RX        /ERR/LOKO/0x00000003
17:31:06.839  INFO     RX        /ERR/LOKO/0x00000003
17:31:06.873  INFO     RX        /ERR/LOKO/0x00000003
17:31:06.873  INFO     RX        /ERR/LOKO/0x00000003
17:31:06.873  INFO     RX        /ERR/LOKO/0x00000003
17:31:07.092  DEBUG    TX /CONTROLL/0,0,0,0,0,0,0,0,0
17:31:07.096  INFO     RX        /ERR/LOKO/0x00000003
17:31:07.096  INFO     RX        /ERR/LOKO/0x00000003
17:31:07.096  INFO     RX        /ERR/LOKO/0x00000003
17:31:07.096  INFO     RX        /ERR/LOKO/0x00000003
17:31:07.096  INFO     RX        /ERR/LOKO/0x00000003
17:31:07.096  INFO     RX        /ERR/LOKO/0x00000003
17:31:07.097  INFO     RX        /ERR/LOKO/0x00000003
17:31:07.097  INFO     RX        /ERR/LOKO/0x00000003
17:31:07.097  INFO     RX        /ERR/LOKO/0x00000003
17:31:07.097  INFO     RX        /ERR/LOKO/0x00000003
17:31:07.097  INFO     RX        /ERR/LOKO/0x00000003
17:31:07.097  INFO     RX        /ERR/LOKO/0x00000003
17:31:07.097  INFO     RX        /ERR/LOKO/0x00000003
17:31:07.097  INFO     RX        /ERR/LOKO/0x00000003
17:31:07.097  INFO     RX        /ERR/LOKO/0x00000003
17:31:07.097  INFO     RX        /ERR/LOKO/0x00000003
17:31:07.097  INFO     RX        /ERR/LOKO/0x00000003
17:31:07.097  INFO     RX        /ERR/LOKO/0x00000003
17:31:07.099  INFO     RX        /ERR/LOKO/0x00000003
17:31:07.102  INFO     RX        /ERR/LOKO/0x00000003
17:31:07.128  INFO     RX        /ERR/LOKO/0x00000003
17:31:07.128  INFO     RX        /ERR/LOKO/0x00000003
17:31:07.162  INFO     RX        /ERR/LOKO/0x00000003
17:31:07.163  INFO     RX        /ERR/LOKO/0x00000003
17:31:07.163  INFO     RX        /ERR/LOKO/0x00000003
17:31:07.193  INFO     RX        /ERR/LOKO/0x00000003
17:31:07.193  INFO     RX        /ERR/LOKO/0x00000003
17:31:07.227  INFO     RX        /ERR/LOKO/0x00000003
17:31:07.227  INFO     RX        /ERR/LOKO/0x00000003
17:31:07.227  INFO     RX        /ERR/LOKO/0x00000003
17:31:07.260  INFO     RX        /ERR/LOKO/0x00000003
17:31:07.260  INFO     RX        /ERR/LOKO/0x00000003
17:31:07.260  INFO     RX        /ERR/LOKO/0x00000003
17:31:07.289  INFO     RX        /ERR/LOKO/0x00000002
17:31:07.289  INFO     RX        /ERR/LOKO/0x00000002
17:31:07.289  INFO     RX        /ERR/LOKO/0x00000002
17:31:07.323  INFO     RX        /ERR/LOKO/0x00000002
17:31:07.323  INFO     RX        /ERR/LOKO/0x00000002
17:31:07.323  INFO     RX        /ERR/LOKO/0x00000002
17:31:07.353  INFO     RX        /ERR/LOKO/0x00000002
17:31:07.353  INFO     RX        /ERR/LOKO/0x00000002
17:31:07.390  INFO     RX        /ERR/LOKO/0x00000002
17:31:07.390  INFO     RX        /ERR/LOKO/0x00000002
17:31:07.390  INFO     RX        /ERR/LOKO/0x00000002
17:31:07.416  INFO     RX        /ERR/LOKO/0x00000002
17:31:07.416  INFO     RX        /ERR/LOKO/0x00000002
17:31:07.416  INFO     RX        /ERR/LOKO/0x00000002
17:31:07.451  INFO     RX        /ERR/LOKO/0x00000002
17:31:07.451  INFO     RX        /ERR/LOKO/0x00000002
17:31:07.451  INFO     RX        /ERR/LOKO/0x00000002
17:31:07.480  INFO     RX        /ERR/LOKO/0x00000002
17:31:07.480  INFO     RX        /ERR/LOKO/0x00000002
17:31:07.512  INFO     RX        /ERR/LOKO/0x00000002
17:31:07.512  INFO     RX        /ERR/LOKO/0x00000002
17:31:07.512  INFO     RX        /ERR/LOKO/0x00000002
17:31:07.546  INFO     RX        /ERR/LOKO/0x00000002
17:31:07.546  INFO     RX        /ERR/LOKO/0x00000002
17:31:07.546  INFO     RX        /ERR/LOKO/0x00000002
17:31:07.575  INFO     RX        /ERR/LOKO/0x00000002
17:31:07.575  INFO     RX        /ERR/LOKO/0x00000002
17:31:07.610  INFO     RX        /ERR/LOKO/0x00000002
17:31:07.610  INFO     RX        /ERR/LOKO/0x00000002
17:31:07.610  INFO     RX        /ERR/LOKO/0x00000002
17:31:07.640  INFO     RX        /ERR/LOKO/0x00000002
17:31:07.640  INFO     RX        /ERR/LOKO/0x00000002
17:31:07.640  INFO     RX        /ERR/LOKO/0x00000002
17:31:07.677  INFO     RX        /ERR/LOKO/0x00000002
17:31:07.677  INFO     RX        /ERR/LOKO/0x00000002
17:31:07.677  INFO     RX        /ERR/LOKO/0x00000002
17:31:07.704  INFO     RX        /ERR/LOKO/0x00000002
17:31:07.705  INFO     RX        /ERR/LOKO/0x00000002
17:31:07.739  INFO     RX        /ERR/LOKO/0x00000002
17:31:07.739  INFO     RX        /ERR/LOKO/0x00000002
17:31:07.739  INFO     RX        /ERR/LOKO/0x00000002
17:31:07.768  INFO     RX        /ERR/LOKO/0x00000002
17:31:07.768  INFO     RX        /ERR/LOKO/0x00000002
17:31:07.768  INFO     RX        /ERR/LOKO/0x00000002
17:31:07.803  INFO     RX        /ERR/LOKO/0x00000002
17:31:07.803  INFO     RX        /ERR/LOKO/0x00000002
17:31:07.803  INFO     RX        /ERR/LOKO/0x00000002
17:31:07.833  INFO     RX        /ERR/LOKO/0x00000002
17:31:07.833  INFO     RX        /ERR/LOKO/0x00000002
17:31:07.871  INFO     RX        /ERR/LOKO/0x00000002
17:31:07.871  INFO     RX        /ERR/LOKO/0x00000002
17:31:07.871  INFO     RX        /ERR/LOKO/0x00000002
17:31:07.871  INFO     RX        /ERR/LOKO/0x00000002
17:31:07.897  INFO     RX        /ERR/LOKO/0x00000002
17:31:07.897  INFO     RX        /ERR/LOKO/0x00000002
17:31:07.932  INFO     RX        /ERR/LOKO/0x00000002
17:31:07.932  INFO     RX        /ERR/LOKO/0x00000002
17:31:07.932  INFO     RX        /ERR/LOKO/0x00000002
17:31:07.965  INFO     RX        /ERR/LOKO/0x00000002
17:31:07.965  INFO     RX        /ERR/LOKO/0x00000002
17:31:07.965  INFO     RX        /ERR/LOKO/0x00000002
17:31:07.997  INFO     RX        /ERR/LOKO/0x00000002
17:31:07.997  INFO     RX        /ERR/LOKO/0x00000002
17:31:07.997  INFO     RX        /ERR/LOKO/0x00000002
17:31:08.030  INFO     RX        /ERR/LOKO/0x00000002
17:31:08.030  INFO     RX        /ERR/LOKO/0x00000002
17:31:08.059  INFO     RX        /ERR/LOKO/0x00000002
17:31:08.059  INFO     RX        /ERR/LOKO/0x00000002
17:31:08.059  INFO     RX        /ERR/LOKO/0x00000002
17:31:08.096  INFO     RX        /ERR/LOKO/0x00000002
17:31:08.096  INFO     RX        /ERR/LOKO/0x00000002
17:31:08.096  INFO     RX        /ERR/LOKO/0x00000002
17:31:08.124  INFO     RX        /ERR/LOKO/0x00000002
17:31:08.124  INFO     RX        /ERR/LOKO/0x00000002
17:31:08.124  INFO     RX        /ERR/LOKO/0x00000002
17:31:08.160  INFO     RX        /ERR/LOKO/0x00000002
17:31:08.160  INFO     RX        /ERR/LOKO/0x00000002
17:31:08.160  INFO     RX        /ERR/LOKO/0x00000002
17:31:08.187  INFO     RX        /ERR/LOKO/0x00000002
17:31:08.187  INFO     RX        /ERR/LOKO/0x00000002
17:31:08.223  INFO     RX        /ERR/LOKO/0x00000002
17:31:08.223  INFO     RX        /ERR/LOKO/0x00000002
17:31:08.223  INFO     RX        /ERR/LOKO/0x00000002
17:31:08.253  INFO     RX        /ERR/LOKO/0x00000002
17:31:08.253  INFO     RX        /ERR/LOKO/0x00000002
17:31:08.253  INFO     RX        /ERR/LOKO/0x00000002
17:31:08.286  INFO     RX        /ERR/LOKO/0x00000002
17:31:08.286  INFO     RX        /ERR/LOKO/0x00000002
17:31:08.286  INFO     RX        /ERR/LOKO/0x00000002
17:31:08.321  INFO     RX        /ERR/LOKO/0x00000002
17:31:08.321  INFO     RX        /ERR/LOKO/0x00000002
17:31:08.321  INFO     RX        /ERR/LOKO/0x00000002
17:31:08.353  INFO     RX        /ERR/LOKO/0x00000002
17:31:08.353  INFO     RX        /ERR/LOKO/0x00000002
17:31:08.387  INFO     RX        /ERR/LOKO/0x00000002
17:31:08.387  INFO     RX        /ERR/LOKO/0x00000002
17:31:08.387  INFO     RX        /ERR/LOKO/0x00000002
17:31:08.416  INFO     RX        /ERR/LOKO/0x00000002
17:31:08.416  INFO     RX        /ERR/LOKO/0x00000002
17:31:08.416  INFO     RX        /ERR/LOKO/0x00000002
17:31:08.452  INFO     RX        /ERR/LOKO/0x00000002
17:31:08.453  INFO     RX        /ERR/LOKO/0x00000002
17:31:08.453  INFO     RX        /ERR/LOKO/0x00000002
17:31:08.481  INFO     RX        /ERR/LOKO/0x00000002
17:31:08.481  INFO     RX        /ERR/LOKO/0x00000002
17:31:08.513  INFO     RX        /ERR/LOKO/0x00000002
17:31:08.513  INFO     RX        /ERR/LOKO/0x00000002
17:31:08.513  INFO     RX        /ERR/LOKO/0x00000002
17:31:08.548  INFO     RX        /ERR/LOKO/0x00000002
17:31:08.548  INFO     RX        /ERR/LOKO/0x00000002
17:31:08.548  INFO     RX        /ERR/LOKO/0x00000002
17:31:08.577  INFO     RX        /ERR/LOKO/0x00000002
17:31:08.577  INFO     RX        /ERR/LOKO/0x00000002
17:31:08.577  INFO     RX        /ERR/LOKO/0x00000002
17:31:08.614  INFO     RX        /ERR/LOKO/0x00000002
17:31:08.614  INFO     RX        /ERR/LOKO/0x00000002
17:31:08.614  INFO     RX        /ERR/LOKO/0x00000002
17:31:08.643  INFO     RX        /ERR/LOKO/0x00000002
17:31:08.643  INFO     RX        /ERR/LOKO/0x00000002
17:31:08.677  INFO     RX        /ERR/LOKO/0x00000002
17:31:08.677  INFO     RX        /ERR/LOKO/0x00000002
17:31:08.677  INFO     RX        /ERR/LOKO/0x00000002
17:31:08.701  DEBUG    TX /CONTROLL/0,-100,0,0,0,0,0,0,0
17:31:08.704  INFO     RX        /ERR/LOKO/0x00000002
17:31:08.704  INFO     RX        /ERR/LOKO/0x00000002
17:31:08.704  INFO     RX        /ERR/LOKO/0x00000002
17:31:08.740  INFO     RX        /ERR/LOKO/0x00000002
17:31:08.740  INFO     RX        /ERR/LOKO/0x00000002
17:31:08.740  INFO     RX        /ERR/LOKO/0x00000002
17:31:08.773  INFO     RX        /ERR/LOKO/0x00000002
17:31:08.773  INFO     RX        /ERR/LOKO/0x00000002
17:31:08.773  INFO     RX        /ERR/LOKO/0x00000002
17:31:08.805  INFO     RX        /ERR/LOKO/0x00000002
17:31:08.805  INFO     RX        /ERR/LOKO/0x00000002
17:31:08.837  INFO     RX        /ERR/LOKO/0x00000002
17:31:08.837  INFO     RX        /ERR/LOKO/0x00000002
17:31:08.837  INFO     RX        /ERR/LOKO/0x00000002
17:31:08.869  INFO     RX        /ERR/LOKO/0x00000002
17:31:08.869  INFO     RX        /ERR/LOKO/0x00000002
17:31:08.869  INFO     RX        /ERR/LOKO/0x00000002
17:31:08.904  INFO     RX        /ERR/LOKO/0x00000002
17:31:08.904  INFO     RX        /ERR/LOKO/0x00000002
17:31:08.904  INFO     RX        /ERR/LOKO/0x00000002
17:31:08.930  INFO     RX        /ERR/LOKO/0x00000002
17:31:08.930  INFO     RX        /ERR/LOKO/0x00000002
17:31:08.967  INFO     RX        /ERR/LOKO/0x00000002
17:31:08.967  INFO     RX        /ERR/LOKO/0x00000002
17:31:08.967  INFO     RX        /ERR/LOKO/0x00000002
17:31:08.994  INFO     RX        /ERR/LOKO/0x00000002
17:31:08.994  INFO     RX        /ERR/LOKO/0x00000002
17:31:08.994  INFO     RX        /ERR/LOKO/0x00000002
17:31:09.029  INFO     RX        /ERR/LOKO/0x00000002
17:31:09.029  INFO     RX        /ERR/LOKO/0x00000002
17:31:09.029  INFO     RX        /ERR/LOKO/0x00000002
17:31:09.061  INFO     RX        /ERR/LOKO/0x00000002
17:31:09.062  INFO     RX        /ERR/LOKO/0x00000002
17:31:09.094  INFO     RX        /ERR/LOKO/0x00000002
17:31:09.094  INFO     RX        /ERR/LOKO/0x00000002
17:31:09.094  INFO     RX        /ERR/LOKO/0x00000002
17:31:09.123  INFO     RX        /ERR/LOKO/0x00000002
17:31:09.123  INFO     RX        /ERR/LOKO/0x00000002
17:31:09.123  INFO     RX        /ERR/LOKO/0x00000002
17:31:09.158  INFO     RX        /ERR/LOKO/0x00000002
17:31:09.158  INFO     RX        /ERR/LOKO/0x00000002
17:31:09.158  INFO     RX        /ERR/LOKO/0x00000002
17:31:09.188  INFO     RX        /ERR/LOKO/0x00000002
17:31:09.188  INFO     RX        /ERR/LOKO/0x00000002
17:31:09.223  INFO     RX        /ERR/LOKO/0x00000002
17:31:09.223  INFO     RX        /ERR/LOKO/0x00000002
17:31:09.223  INFO     RX        /ERR/LOKO/0x00000002
17:31:09.252  INFO     RX        /ERR/LOKO/0x00000002
17:31:09.252  INFO     RX        /ERR/LOKO/0x00000002
17:31:09.252  INFO     RX        /ERR/LOKO/0x00000002
17:31:09.288  INFO     RX        /ERR/LOKO/0x00000002
17:31:09.288  INFO     RX        /ERR/LOKO/0x00000002
17:31:09.288  INFO     RX        /ERR/LOKO/0x00000002
17:31:09.316  INFO     RX        /ERR/LOKO/0x00000002
17:31:09.316  INFO     RX        /ERR/LOKO/0x00000002
17:31:09.352  INFO     RX        /ERR/LOKO/0x00000002
17:31:09.352  INFO     RX        /ERR/LOKO/0x00000002
17:31:09.352  INFO     RX        /ERR/LOKO/0x00000002
17:31:09.386  INFO     RX        /ERR/LOKO/0x00000002
17:31:09.386  INFO     RX        /ERR/LOKO/0x00000002
17:31:09.386  INFO     RX        /ERR/LOKO/0x00000002
17:31:09.414  INFO     RX        /ERR/LOKO/0x00000002
17:31:09.414  INFO     RX        /ERR/LOKO/0x00000002
17:31:09.414  INFO     RX        /ERR/LOKO/0x00000002
17:31:09.449  INFO     RX        /ERR/LOKO/0x00000002
17:31:09.449  INFO     RX        /ERR/LOKO/0x00000002
17:31:09.449  INFO     RX        /ERR/LOKO/0x00000002
17:31:09.482  INFO     RX        /ERR/LOKO/0x00000002
17:31:09.482  INFO     RX        /ERR/LOKO/0x00000002
17:31:09.482  INFO     RX        /ERR/LOKO/0x00000002
17:31:09.510  INFO     RX        /ERR/LOKO/0x00000002
17:31:09.510  INFO     RX        /ERR/LOKO/0x00000002
17:31:09.542  INFO     RX        /ERR/LOKO/0x00000002
17:31:09.542  INFO     RX        /ERR/LOKO/0x00000002
17:31:09.542  INFO     RX        /ERR/LOKO/0x00000002
17:31:09.577  INFO     RX        /ERR/LOKO/0x00000002
17:31:09.577  INFO     RX        /ERR/LOKO/0x00000002
17:31:09.577  INFO     RX        /ERR/LOKO/0x00000002
17:31:09.607  INFO     RX        /ERR/LOKO/0x00000002
17:31:09.607  INFO     RX        /ERR/LOKO/0x00000002
17:31:09.642  INFO     RX        /ERR/LOKO/0x00000002
17:31:09.643  INFO     RX        /ERR/LOKO/0x00000002
17:31:09.643  INFO     RX        /ERR/LOKO/0x00000002
17:31:09.671  INFO     RX        /ERR/LOKO/0x00000002
17:31:09.671  INFO     RX        /ERR/LOKO/0x00000002
17:31:09.671  INFO     RX        /ERR/LOKO/0x00000002
17:31:09.706  INFO     RX        /ERR/LOKO/0x00000002
17:31:09.706  INFO     RX        /ERR/LOKO/0x00000002
17:31:09.706  INFO     RX        /ERR/LOKO/0x00000002
17:31:09.734  INFO     RX        /ERR/LOKO/0x00000002
17:31:09.734  INFO     RX        /ERR/LOKO/0x00000002
17:31:09.771  INFO     RX        /ERR/LOKO/0x00000002
17:31:09.771  INFO     RX        /ERR/LOKO/0x00000002
17:31:09.771  INFO     RX        /ERR/LOKO/0x00000002
17:31:09.800  INFO     RX        /ERR/LOKO/0x00000002
17:31:09.800  INFO     RX        /ERR/LOKO/0x00000002
17:31:09.800  INFO     RX        /ERR/LOKO/0x00000002
17:31:09.835  INFO     RX        /ERR/LOKO/0x00000002
17:31:09.835  INFO     RX        /ERR/LOKO/0x00000002
17:31:09.835  INFO     RX        /ERR/LOKO/0x00000002
17:31:09.870  INFO     RX        /ERR/LOKO/0x00000002
17:31:09.871  INFO     RX        /ERR/LOKO/0x00000002
17:31:09.871  INFO     RX        /ERR/LOKO/0x00000002
17:31:09.895  INFO     RX        /ERR/LOKO/0x00000002
17:31:09.895  INFO     RX        /ERR/LOKO/0x00000002
17:31:10.015  INFO     RX        /ERR/LOKO/0x00000002
17:31:10.015  INFO     RX        /ERR/LOKO/0x00000002
17:31:10.015  INFO     RX        /ERR/LOKO/0x00000002
17:31:10.015  INFO     RX        /ERR/LOKO/0x00000002
17:31:10.015  INFO     RX        /ERR/LOKO/0x00000002
17:31:10.015  INFO     RX        /ERR/LOKO/0x00000002
17:31:10.015  INFO     RX        /ERR/LOKO/0x00000002
17:31:10.015  INFO     RX        /ERR/LOKO/0x00000002
17:31:10.017  INFO     RX        /ERR/LOKO/0x00000002
17:31:10.017  INFO     RX        /ERR/LOKO/0x00000002
17:31:10.017  INFO     RX        /ERR/LOKO/0x00000002
17:31:10.026  INFO     RX        /ERR/LOKO/0x00000002
17:31:10.057  INFO     RX        /ERR/LOKO/0x00000002
17:31:10.057  INFO     RX        /ERR/LOKO/0x00000002
17:31:10.092  INFO     RX        /ERR/LOKO/0x00000002
17:31:10.092  INFO     RX        /ERR/LOKO/0x00000002
17:31:10.092  INFO     RX        /ERR/LOKO/0x00000002
17:31:10.121  INFO     RX        /ERR/LOKO/0x00000002
17:31:10.121  INFO     RX        /ERR/LOKO/0x00000002
17:31:10.121  INFO     RX        /ERR/LOKO/0x00000002
17:31:10.158  INFO     RX        /ERR/LOKO/0x00000002
17:31:10.158  INFO     RX        /ERR/LOKO/0x00000002
17:31:10.158  INFO     RX        /ERR/LOKO/0x00000002
17:31:10.186  INFO     RX        /ERR/LOKO/0x00000002
17:31:10.186  INFO     RX        /ERR/LOKO/0x00000002
17:31:10.221  INFO     RX        /ERR/LOKO/0x00000002
17:31:10.221  INFO     RX        /ERR/LOKO/0x00000002
17:31:10.221  INFO     RX        /ERR/LOKO/0x00000002
17:31:10.254  INFO     RX        /ERR/LOKO/0x00000002
17:31:10.254  INFO     RX        /ERR/LOKO/0x00000002
17:31:10.254  INFO     RX        /ERR/LOKO/0x00000002
17:31:10.283  INFO     RX        /ERR/LOKO/0x00000002
17:31:10.283  INFO     RX        /ERR/LOKO/0x00000002
17:31:10.283  INFO     RX        /ERR/LOKO/0x00000002
17:31:10.311  DEBUG    TX /CONTROLL/0,36,0,0,0,0,0,0,0
17:31:10.317  INFO     RX        /ERR/LOKO/0x00000002
17:31:10.317  INFO     RX        /ERR/LOKO/0x00000002
17:31:10.317  INFO     RX        /ERR/LOKO/0x00000002
17:31:10.352  INFO     RX        /ERR/LOKO/0x00000002
17:31:10.352  INFO     RX        /ERR/LOKO/0x00000002
17:31:10.380  INFO     RX        /ERR/LOKO/0x00000002
17:31:10.380  INFO     RX        /ERR/LOKO/0x00000002
17:31:10.380  INFO     RX        /ERR/LOKO/0x00000002
17:31:10.416  INFO     RX        /ERR/LOKO/0x00000002
17:31:10.416  INFO     RX        /ERR/LOKO/0x00000002
17:31:10.416  INFO     RX        /ERR/LOKO/0x00000002
17:31:10.444  INFO     RX        /ERR/LOKO/0x00000002
17:31:10.444  INFO     RX        /ERR/LOKO/0x00000002
17:31:10.483  INFO     RX        /ERR/LOKO/0x00000002
17:31:10.483  INFO     RX        /ERR/LOKO/0x00000002
17:31:10.483  INFO     RX        /ERR/LOKO/0x00000002
17:31:10.483  INFO     RX        /ERR/LOKO/0x00000002
17:31:10.510  INFO     RX        /ERR/LOKO/0x00000002
17:31:10.510  INFO     RX        /ERR/LOKO/0x00000002
17:31:10.545  INFO     RX        /ERR/LOKO/0x00000002
17:31:10.545  INFO     RX        /ERR/LOKO/0x00000002
17:31:10.545  INFO     RX        /ERR/LOKO/0x00000002
17:31:10.576  INFO     RX        /ERR/LOKO/0x00000002
17:31:10.576  INFO     RX        /ERR/LOKO/0x00000002
17:31:10.576  INFO     RX        /ERR/LOKO/0x00000002
17:31:10.611  INFO     RX        /ERR/LOKO/0x00000002
17:31:10.611  INFO     RX        /ERR/LOKO/0x00000002
17:31:10.611  INFO     RX        /ERR/LOKO/0x00000002
17:31:10.642  INFO     RX        /ERR/LOKO/0x00000002
17:31:10.642  INFO     RX        /ERR/LOKO/0x00000002
17:31:10.676  INFO     RX        /ERR/LOKO/0x00000002
17:31:10.676  INFO     RX        /ERR/LOKO/0x00000002
17:31:10.676  INFO     RX        /ERR/LOKO/0x00000002
17:31:10.705  INFO     RX        /ERR/LOKO/0x00000002
17:31:10.705  INFO     RX        /ERR/LOKO/0x00000002
17:31:10.705  INFO     RX        /ERR/LOKO/0x00000002
17:31:10.738  INFO     RX        /ERR/LOKO/0x00000002
17:31:10.738  INFO     RX        /ERR/LOKO/0x00000002
17:31:10.738  INFO     RX        /ERR/LOKO/0x00000002
17:31:10.770  INFO     RX        /ERR/LOKO/0x00000002
17:31:10.770  INFO     RX        /ERR/LOKO/0x00000002
17:31:10.770  INFO     RX        /ERR/LOKO/0x00000002
17:31:10.804  INFO     RX        /ERR/LOKO/0x00000002
17:31:10.804  INFO     RX        /ERR/LOKO/0x00000002
17:31:10.837  INFO     RX        /ERR/LOKO/0x00000002
17:31:10.838  INFO     RX        /ERR/LOKO/0x00000002
17:31:10.838  INFO     RX        /ERR/LOKO/0x00000002
17:31:10.868  INFO     RX        /ERR/LOKO/0x00000002
17:31:10.868  INFO     RX        /ERR/LOKO/0x00000002
17:31:10.868  INFO     RX        /ERR/LOKO/0x00000002
17:31:10.903  INFO     RX        /ERR/LOKO/0x00000002
17:31:10.903  INFO     RX        /ERR/LOKO/0x00000002
17:31:10.903  INFO     RX        /ERR/LOKO/0x00000002
17:31:10.931  INFO     RX        /ERR/LOKO/0x00000002
17:31:10.931  INFO     RX        /ERR/LOKO/0x00000002
17:31:10.967  INFO     RX        /ERR/LOKO/0x00000002
17:31:10.967  INFO     RX        /ERR/LOKO/0x00000002
17:31:10.967  INFO     RX        /ERR/LOKO/0x00000002
17:31:10.996  INFO     RX        /ERR/LOKO/0x00000002
17:31:10.996  INFO     RX        /ERR/LOKO/0x00000002
17:31:10.996  INFO     RX        /ERR/LOKO/0x00000002
17:31:11.031  INFO     RX        /ERR/LOKO/0x00000002
17:31:11.032  INFO     RX        /ERR/LOKO/0x00000002
17:31:11.032  INFO     RX        /ERR/LOKO/0x00000002
17:31:11.061  INFO     RX        /ERR/LOKO/0x00000002
17:31:11.061  INFO     RX        /ERR/LOKO/0x00000002
17:31:11.061  INFO     RX        /ERR/LOKO/0x00000002
17:31:11.096  INFO     RX        /ERR/LOKO/0x00000002
17:31:11.096  INFO     RX        /ERR/LOKO/0x00000002
17:31:11.096  INFO     RX        /ERR/LOKO/0x00000002
17:31:11.129  INFO     RX        /ERR/LOKO/0x00000002
17:31:11.129  INFO     RX        /ERR/LOKO/0x00000002
17:31:11.161  INFO     RX        /ERR/LOKO/0x00000002
17:31:11.161  INFO     RX        /ERR/LOKO/0x00000002
17:31:11.161  INFO     RX        /ERR/LOKO/0x00000002
17:31:11.193  INFO     RX        /ERR/LOKO/0x00000002
17:31:11.194  INFO     RX        /ERR/LOKO/0x00000002
17:31:11.194  INFO     RX        /ERR/LOKO/0x00000002
17:31:11.223  INFO     RX        /ERR/LOKO/0x00000002
17:31:11.223  INFO     RX        /ERR/LOKO/0x00000002
17:31:11.223  INFO     RX        /ERR/LOKO/0x00000002
17:31:11.257  INFO     RX        /ERR/LOKO/0x00000002
17:31:11.257  INFO     RX        /ERR/LOKO/0x00000002
17:31:11.289  INFO     RX        /ERR/LOKO/0x00000002
17:31:11.289  INFO     RX        /ERR/LOKO/0x00000002
17:31:11.289  INFO     RX        /ERR/LOKO/0x00000002
17:31:11.323  INFO     RX        /ERR/LOKO/0x00000002
17:31:11.323  INFO     RX        /ERR/LOKO/0x00000002
17:31:11.323  INFO     RX        /ERR/LOKO/0x00000002
17:31:11.351  INFO     RX        /ERR/LOKO/0x00000002
17:31:11.351  INFO     RX        /ERR/LOKO/0x00000002
17:31:11.385  INFO     RX        /ERR/LOKO/0x00000002
17:31:11.386  INFO     RX        /ERR/LOKO/0x00000002
17:31:11.386  INFO     RX        /ERR/LOKO/0x00000002
17:31:11.419  INFO     RX        /ERR/LOKO/0x00000002
17:31:11.419  INFO     RX        /ERR/LOKO/0x00000002
17:31:11.419  INFO     RX        /ERR/LOKO/0x00000002
17:31:11.448  INFO     RX        /ERR/LOKO/0x00000002
17:31:11.448  INFO     RX        /ERR/LOKO/0x00000002
17:31:11.448  INFO     RX        /ERR/LOKO/0x00000002
17:31:11.482  INFO     RX        /ERR/LOKO/0x00000002
17:31:11.482  INFO     RX        /ERR/LOKO/0x00000002
17:31:11.482  INFO     RX        /ERR/LOKO/0x00000002
17:31:11.510  INFO     RX        /ERR/LOKO/0x00000002
17:31:11.510  INFO     RX        /ERR/LOKO/0x00000002
17:31:11.545  INFO     RX        /ERR/LOKO/0x00000002
17:31:11.545  INFO     RX        /ERR/LOKO/0x00000002
17:31:11.545  INFO     RX        /ERR/LOKO/0x00000002
17:31:11.573  INFO     RX        /ERR/LOKO/0x00000002
17:31:11.573  INFO     RX        /ERR/LOKO/0x00000002
17:31:11.573  INFO     RX        /ERR/LOKO/0x00000002
17:31:11.608  INFO     RX        /ERR/LOKO/0x00000002
17:31:11.608  INFO     RX        /ERR/LOKO/0x00000002
17:31:11.608  INFO     RX        /ERR/LOKO/0x00000002
17:31:11.641  INFO     RX        /ERR/LOKO/0x00000002
17:31:11.641  INFO     RX        /ERR/LOKO/0x00000002
17:31:11.641  INFO     RX        /ERR/LOKO/0x00000002
17:31:11.673  INFO     RX        /ERR/LOKO/0x00000002
17:31:11.673  INFO     RX        /ERR/LOKO/0x00000002
17:31:11.706  INFO     RX        /ERR/LOKO/0x00000002
17:31:11.706  INFO     RX        /ERR/LOKO/0x00000002
17:31:11.706  INFO     RX        /ERR/LOKO/0x00000002
17:31:11.736  INFO     RX        /ERR/LOKO/0x00000002
17:31:11.736  INFO     RX        /ERR/LOKO/0x00000002
17:31:11.736  INFO     RX        /ERR/LOKO/0x00000002
17:31:11.771  INFO     RX        /ERR/LOKO/0x00000002
17:31:11.771  INFO     RX        /ERR/LOKO/0x00000002
17:31:11.771  INFO     RX        /ERR/LOKO/0x00000002
17:31:11.800  INFO     RX        /ERR/LOKO/0x00000002
17:31:11.800  INFO     RX        /ERR/LOKO/0x00000002
17:31:11.837  INFO     RX        /ERR/LOKO/0x00000002
17:31:11.837  INFO     RX        /ERR/LOKO/0x00000002
17:31:11.837  INFO     RX        /ERR/LOKO/0x00000002
17:31:11.865  INFO     RX        /ERR/LOKO/0x00000002
17:31:11.865  INFO     RX        /ERR/LOKO/0x00000002
17:31:11.865  INFO     RX        /ERR/LOKO/0x00000002
17:31:11.898  INFO     RX        /ERR/LOKO/0x00000002
17:31:11.899  INFO     RX        /ERR/LOKO/0x00000002
17:31:11.899  INFO     RX        /ERR/LOKO/0x00000002
17:31:11.924  DEBUG    TX /CONTROLL/0,0,0,0,0,0,0,0,0
17:31:11.933  INFO     RX        /ERR/LOKO/0x00000002
17:31:11.933  INFO     RX        /ERR/LOKO/0x00000002
17:31:11.933  INFO     RX        /ERR/LOKO/0x00000002
17:31:11.960  INFO     RX        /ERR/LOKO/0x00000002
17:31:11.960  INFO     RX        /ERR/LOKO/0x00000002
17:31:11.995  INFO     RX        /ERR/LOKO/0x00000002
17:31:11.996  INFO     RX        /ERR/LOKO/0x00000002
17:31:11.996  INFO     RX        /ERR/LOKO/0x00000002
17:31:12.025  INFO     RX        /ERR/LOKO/0x00000002
17:31:12.025  INFO     RX        /ERR/LOKO/0x00000002
17:31:12.025  INFO     RX        /ERR/LOKO/0x00000002
17:31:12.061  INFO     RX        /ERR/LOKO/0x00000002
17:31:12.061  INFO     RX        /ERR/LOKO/0x00000002
17:31:12.061  INFO     RX        /ERR/LOKO/0x00000002
17:31:12.094  INFO     RX        /ERR/LOKO/0x00000002
17:31:12.094  INFO     RX        /ERR/LOKO/0x00000002
17:31:12.094  INFO     RX        /ERR/LOKO/0x00000002
17:31:12.123  INFO     RX        /ERR/LOKO/0x00000002
17:31:12.123  INFO     RX        /ERR/LOKO/0x00000002
17:31:12.158  INFO     RX        /ERR/LOKO/0x00000002
17:31:12.159  INFO     RX        /ERR/LOKO/0x00000002
17:31:12.159  INFO     RX        /ERR/LOKO/0x00000002
17:31:12.188  INFO     RX        /ERR/LOKO/0x00000002
17:31:12.188  INFO     RX        /ERR/LOKO/0x00000002
17:31:12.188  INFO     RX        /ERR/LOKO/0x00000002
17:31:12.223  INFO     RX        /ERR/LOKO/0x00000002
17:31:12.223  INFO     RX        /ERR/LOKO/0x00000002
17:31:12.223  INFO     RX        /ERR/LOKO/0x00000002
17:31:12.252  INFO     RX        /ERR/LOKO/0x00000002
17:31:12.252  INFO     RX        /ERR/LOKO/0x00000002
17:31:12.287  INFO     RX        /ERR/LOKO/0x00000002
17:31:12.287  INFO     RX        /ERR/LOKO/0x00000002
17:31:12.287  INFO     RX        /ERR/LOKO/0x00000002
17:31:12.321  INFO     RX        /ERR/LOKO/0x00000002
17:31:12.321  INFO     RX        /ERR/LOKO/0x00000002
17:31:12.321  INFO     RX        /ERR/LOKO/0x00000002
17:31:12.348  INFO     RX        /ERR/LOKO/0x00000002
17:31:12.348  INFO     RX        /ERR/LOKO/0x00000002
17:31:12.383  INFO     RX        /ERR/LOKO/0x00000002
17:31:12.383  INFO     RX        /ERR/LOKO/0x00000002
17:31:12.383  INFO     RX        /ERR/LOKO/0x00000002
17:31:12.412  INFO     RX        /ERR/LOKO/0x00000002
17:31:12.412  INFO     RX        /ERR/LOKO/0x00000002
17:31:12.412  INFO     RX        /ERR/LOKO/0x00000002
17:31:12.445  INFO     RX        /ERR/LOKO/0x00000002
17:31:12.445  INFO     RX        /ERR/LOKO/0x00000002
17:31:12.445  INFO     RX        /ERR/LOKO/0x00000002
17:31:12.480  INFO     RX        /ERR/LOKO/0x00000002
17:31:12.480  INFO     RX        /ERR/LOKO/0x00000002
17:31:12.480  INFO     RX        /ERR/LOKO/0x00000002
17:31:12.511  INFO     RX        /ERR/LOKO/0x00000002
17:31:12.511  INFO     RX        /ERR/LOKO/0x00000002
17:31:12.545  INFO     RX        /ERR/LOKO/0x00000002
17:31:12.545  INFO     RX        /ERR/LOKO/0x00000002
17:31:12.545  INFO     RX        /ERR/LOKO/0x00000002
17:31:12.573  INFO     RX        /ERR/LOKO/0x00000002
17:31:12.573  INFO     RX        /ERR/LOKO/0x00000002
17:31:12.573  INFO     RX        /ERR/LOKO/0x00000002
17:31:12.608  INFO     RX        /ERR/LOKO/0x00000002
17:31:12.608  INFO     RX        /ERR/LOKO/0x00000002
17:31:12.608  INFO     RX        /ERR/LOKO/0x00000002
17:31:12.638  INFO     RX        /ERR/LOKO/0x00000002
17:31:12.638  INFO     RX        /ERR/LOKO/0x00000002
17:31:12.672  INFO     RX        /ERR/LOKO/0x00000002
17:31:12.673  INFO     RX        /ERR/LOKO/0x00000002
17:31:12.673  INFO     RX        /ERR/LOKO/0x00000002
17:31:12.701  INFO     RX        /ERR/LOKO/0x00000002
17:31:12.701  INFO     RX        /ERR/LOKO/0x00000002
17:31:12.701  INFO     RX        /ERR/LOKO/0x00000002
17:31:12.736  INFO     RX        /ERR/LOKO/0x00000002
17:31:12.736  INFO     RX        /ERR/LOKO/0x00000002
17:31:12.736  INFO     RX        /ERR/LOKO/0x00000002
17:31:12.765  INFO     RX        /ERR/LOKO/0x00000002
17:31:12.765  INFO     RX        /ERR/LOKO/0x00000002
17:31:12.804  INFO     RX        /ERR/LOKO/0x00000002
17:31:12.804  INFO     RX        /ERR/LOKO/0x00000002
17:31:12.804  INFO     RX        /ERR/LOKO/0x00000002
17:31:12.804  INFO     RX        /ERR/LOKO/0x00000002
17:31:12.829  INFO     RX        /ERR/LOKO/0x00000002
17:31:12.829  INFO     RX        /ERR/LOKO/0x00000002
17:31:12.864  INFO     RX        /ERR/LOKO/0x00000002
17:31:12.864  INFO     RX        /ERR/LOKO/0x00000002
17:31:12.864  INFO     RX        /ERR/LOKO/0x00000002
17:31:12.897  INFO     RX        /ERR/LOKO/0x00000002
17:31:12.897  INFO     RX        /ERR/LOKO/0x00000002
17:31:12.897  INFO     RX        /ERR/LOKO/0x00000002
17:31:12.925  INFO     RX        /ERR/LOKO/0x00000002
17:31:12.925  INFO     RX        /ERR/LOKO/0x00000002
17:31:13.056  INFO     RX        /ERR/LOKO/0x00000002
17:31:13.056  INFO     RX        /ERR/LOKO/0x00000002
17:31:13.056  INFO     RX        /ERR/LOKO/0x00000002
17:31:13.056  INFO     RX        /ERR/LOKO/0x00000002
17:31:13.056  INFO     RX        /ERR/LOKO/0x00000002
17:31:13.056  INFO     RX        /ERR/LOKO/0x00000002
17:31:13.056  INFO     RX        /ERR/LOKO/0x00000003
17:31:13.057  INFO     RX        /ERR/LOKO/0x00000003
17:31:13.058  INFO     RX        /ERR/LOKO/0x00000001
17:31:13.058  INFO     RX        /ERR/LOKO/0x00000001
17:31:13.058  INFO     RX        /ERR/LOKO/0x00000001
17:31:13.058  INFO     RX        /ERR/LOKO/0x00000001
17:31:13.086  INFO     RX        /ERR/LOKO/0x00000001
17:31:13.086  INFO     RX        /ERR/LOKO/0x00000001
17:31:13.125  INFO     RX        /ERR/LOKO/0x00000001
17:31:13.125  INFO     RX        /ERR/LOKO/0x00000001
17:31:13.125  INFO     RX        /ERR/LOKO/0x00000001
17:31:13.150  INFO     RX        /ERR/LOKO/0x00000001
17:31:13.150  INFO     RX        /ERR/LOKO/0x00000001
17:31:13.150  INFO     RX        /ERR/LOKO/0x00000001
17:31:13.190  INFO     RX        /ERR/LOKO/0x00000001
17:31:13.190  INFO     RX        /ERR/LOKO/0x00000001
17:31:13.190  INFO     RX        /ERR/LOKO/0x00000001
17:31:13.216  INFO     RX        /ERR/LOKO/0x00000001
17:31:13.217  INFO     RX        /ERR/LOKO/0x00000001
17:31:13.251  INFO     RX        /ERR/LOKO/0x00000001
17:31:13.251  INFO     RX        /ERR/LOKO/0x00000001
17:31:13.251  INFO     RX        /ERR/LOKO/0x00000001
17:31:13.280  INFO     RX        /ERR/LOKO/0x00000001
17:31:13.280  INFO     RX        /ERR/LOKO/0x00000001
17:31:13.280  INFO     RX        /ERR/LOKO/0x00000001
17:31:13.315  INFO     RX        /ERR/LOKO/0x00000001
17:31:13.315  INFO     RX        /ERR/LOKO/0x00000001
17:31:13.315  INFO     RX        /ERR/LOKO/0x00000001
17:31:13.345  INFO     RX        /ERR/LOKO/0x00000001
17:31:13.345  INFO     RX        /ERR/LOKO/0x00000001
17:31:13.380  INFO     RX        /ERR/LOKO/0x00000001
17:31:13.380  INFO     RX        /ERR/LOKO/0x00000001
17:31:13.380  INFO     RX        /ERR/LOKO/0x00000001
17:31:13.408  INFO     RX        /ERR/LOKO/0x00000001
17:31:13.409  INFO     RX        /ERR/LOKO/0x00000001
17:31:13.409  INFO     RX        /ERR/LOKO/0x00000001
17:31:13.444  INFO     RX        /ERR/LOKO/0x00000001
17:31:13.444  INFO     RX        /ERR/LOKO/0x00000001
17:31:13.444  INFO     RX        /ERR/LOKO/0x00000001
17:31:13.472  INFO     RX        /ERR/LOKO/0x00000001
17:31:13.472  INFO     RX        /ERR/LOKO/0x00000001
17:31:13.508  INFO     RX        /ERR/LOKO/0x00000001
17:31:13.508  INFO     RX        /ERR/LOKO/0x00000001
17:31:13.508  INFO     RX        /ERR/LOKO/0x00000001
17:31:13.534  DEBUG    TX /CONTROLL/0,0,0,0,0,0,0,0,0
17:31:13.537  INFO     RX        /ERR/LOKO/0x00000001
17:31:13.537  INFO     RX        /ERR/LOKO/0x00000001
17:31:13.537  INFO     RX        /ERR/LOKO/0x00000001
17:31:13.575  INFO     RX        /ERR/LOKO/0x00000001
17:31:13.575  INFO     RX        /ERR/LOKO/0x00000001
17:31:13.575  INFO     RX        /ERR/LOKO/0x00000001
17:31:13.601  INFO     RX        /ERR/LOKO/0x00000001
17:31:13.602  INFO     RX        /ERR/LOKO/0x00000001
17:31:13.637  INFO     RX        /ERR/LOKO/0x00000001
17:31:13.637  INFO     RX        /ERR/LOKO/0x00000001
17:31:13.637  INFO     RX        /ERR/LOKO/0x00000001
17:31:13.637  INFO     RX        /ERR/LOKO/0x00000001
17:31:13.665  INFO     RX        /ERR/LOKO/0x00000001
17:31:13.665  INFO     RX        /ERR/LOKO/0x00000001
17:31:13.709  INFO     RX        /ERR/LOKO/0x00000001
17:31:13.709  INFO     RX        /ERR/LOKO/0x00000001
17:31:13.709  INFO     RX        /ERR/LOKO/0x00000001
17:31:13.709  INFO     RX        /ERR/LOKO/0x00000001
17:31:13.730  INFO     RX        /ERR/LOKO/0x00000001
17:31:13.730  INFO     RX        /ERR/LOKO/0x00000001
17:31:13.765  INFO     RX        /ERR/LOKO/0x00000001
17:31:13.765  INFO     RX        /ERR/LOKO/0x00000001
17:31:13.766  INFO     RX        /ERR/LOKO/0x00000001
17:31:13.795  INFO     RX        /ERR/LOKO/0x00000001
17:31:13.795  INFO     RX        /ERR/LOKO/0x00000001
17:31:13.830  INFO     RX        /ERR/LOKO/0x00000001
17:31:13.830  INFO     RX        /ERR/LOKO/0x00000001
17:31:13.830  INFO     RX        /ERR/LOKO/0x00000001
17:31:13.859  INFO     RX        /ERR/LOKO/0x00000001
17:31:13.859  INFO     RX        /ERR/LOKO/0x00000001
17:31:13.859  INFO     RX        /ERR/LOKO/0x00000001
17:31:13.894  INFO     RX        /ERR/LOKO/0x00000001
17:31:13.895  INFO     RX        /ERR/LOKO/0x00000001
17:31:13.895  INFO     RX        /ERR/LOKO/0x00000001
17:31:13.924  INFO     RX        /ERR/LOKO/0x00000001
17:31:13.924  INFO     RX        /ERR/LOKO/0x00000001
17:31:13.957  INFO     RX        /ERR/LOKO/0x00000001
17:31:13.957  INFO     RX        /ERR/LOKO/0x00000001
17:31:13.957  INFO     RX        /ERR/LOKO/0x00000001
17:31:13.990  INFO     RX        /ERR/LOKO/0x00000001
17:31:13.990  INFO     RX        /ERR/LOKO/0x00000001
17:31:13.990  INFO     RX        /ERR/LOKO/0x00000001
17:31:14.018  INFO     RX        /ERR/LOKO/0x00000001
17:31:14.018  INFO     RX        /ERR/LOKO/0x00000001
17:31:14.053  INFO     RX        /ERR/LOKO/0x00000001
17:31:14.053  INFO     RX        /ERR/LOKO/0x00000001
17:31:14.053  INFO     RX        /ERR/LOKO/0x00000001
17:31:14.083  INFO     RX        /ERR/LOKO/0x00000001
17:31:14.083  INFO     RX        /ERR/LOKO/0x00000001
17:31:14.083  INFO     RX        /ERR/LOKO/0x00000001
17:31:14.118  INFO     RX        /ERR/LOKO/0x00000001
17:31:14.118  INFO     RX        /ERR/LOKO/0x00000001
17:31:14.118  INFO     RX        /ERR/LOKO/0x00000001
17:31:14.147  INFO     RX        /ERR/LOKO/0x00000001
17:31:14.147  INFO     RX        /ERR/LOKO/0x00000001
17:31:14.147  INFO     RX        /ERR/LOKO/0x00000001
17:31:14.182  INFO     RX        /ERR/LOKO/0x00000001
17:31:14.182  INFO     RX        /ERR/LOKO/0x00000001
17:31:14.211  INFO     RX        /ERR/LOKO/0x00000001
17:31:14.211  INFO     RX        /ERR/LOKO/0x00000001
17:31:14.211  INFO     RX        /ERR/LOKO/0x00000001
17:31:14.246  INFO     RX        /ERR/LOKO/0x00000001
17:31:14.247  INFO     RX        /ERR/LOKO/0x00000001
17:31:14.247  INFO     RX        /ERR/LOKO/0x00000001
17:31:14.276  INFO     RX        /ERR/LOKO/0x00000001
17:31:14.276  INFO     RX        /ERR/LOKO/0x00000001
17:31:14.276  INFO     RX        /ERR/LOKO/0x00000001
17:31:14.313  INFO     RX        /ERR/LOKO/0x00000001
17:31:14.313  INFO     RX        /ERR/LOKO/0x00000001
17:31:14.313  INFO     RX        /ERR/LOKO/0x00000001
17:31:14.341  INFO     RX        /ERR/LOKO/0x00000001
17:31:14.341  INFO     RX        /ERR/LOKO/0x00000001
17:31:14.378  INFO     RX        /ERR/LOKO/0x00000001
17:31:14.379  INFO     RX        /ERR/LOKO/0x00000001
17:31:14.379  INFO     RX        /ERR/LOKO/0x00000001
17:31:14.406  INFO     RX        /ERR/LOKO/0x00000001
17:31:14.406  INFO     RX        /ERR/LOKO/0x00000001
17:31:14.406  INFO     RX        /ERR/LOKO/0x00000001
17:31:14.441  INFO     RX        /ERR/LOKO/0x00000001
17:31:14.441  INFO     RX        /ERR/LOKO/0x00000001
17:31:14.441  INFO     RX        /ERR/LOKO/0x00000001
17:31:14.473  INFO     RX        /ERR/LOKO/0x00000001
17:31:14.473  INFO     RX        /ERR/LOKO/0x00000001
17:31:14.473  INFO     RX        /ERR/LOKO/0x00000001
17:31:14.503  INFO     RX        /ERR/LOKO/0x00000001
17:31:14.504  INFO     RX        /ERR/LOKO/0x00000001
17:31:14.538  INFO     RX        /ERR/LOKO/0x00000001
17:31:14.538  INFO     RX        /ERR/LOKO/0x00000001
17:31:14.538  INFO     RX        /ERR/LOKO/0x00000001
17:31:14.568  INFO     RX        /ERR/LOKO/0x00000001
17:31:14.568  INFO     RX        /ERR/LOKO/0x00000001
17:31:14.568  INFO     RX        /ERR/LOKO/0x00000001
17:31:14.602  INFO     RX        /ERR/LOKO/0x00000001
17:31:14.602  INFO     RX        /ERR/LOKO/0x00000001
17:31:14.602  INFO     RX        /ERR/LOKO/0x00000001
17:31:14.631  INFO     RX        /ERR/LOKO/0x00000001
17:31:14.631  INFO     RX        /ERR/LOKO/0x00000001
17:31:14.665  INFO     RX        /ERR/LOKO/0x00000001
17:31:14.665  INFO     RX        /ERR/LOKO/0x00000001
17:31:14.666  INFO     RX        /ERR/LOKO/0x00000001
17:31:14.695  INFO     RX        /ERR/LOKO/0x00000001
17:31:14.695  INFO     RX        /ERR/LOKO/0x00000001
17:31:14.695  INFO     RX        /ERR/LOKO/0x00000001
17:31:14.730  INFO     RX        /ERR/LOKO/0x00000001
17:31:14.730  INFO     RX        /ERR/LOKO/0x00000001
17:31:14.730  INFO     RX        /ERR/LOKO/0x00000001
17:31:14.759  INFO     RX        /ERR/LOKO/0x00000001
17:31:14.759  INFO     RX        /ERR/LOKO/0x00000001
17:31:14.793  INFO     RX        /ERR/LOKO/0x00000001
17:31:14.794  INFO     RX        /ERR/LOKO/0x00000001
17:31:14.794  INFO     RX        /ERR/LOKO/0x00000001
17:31:14.825  INFO     RX        /ERR/LOKO/0x00000001
17:31:14.825  INFO     RX        /ERR/LOKO/0x00000001
17:31:14.825  INFO     RX        /ERR/LOKO/0x00000001
17:31:14.860  INFO     RX        /ERR/LOKO/0x00000001
17:31:14.860  INFO     RX        /ERR/LOKO/0x00000001
17:31:14.860  INFO     RX        /ERR/LOKO/0x00000001
17:31:14.887  INFO     RX        /ERR/LOKO/0x00000001
17:31:14.887  INFO     RX        /ERR/LOKO/0x00000001
17:31:14.921  INFO     RX        /ERR/LOKO/0x00000001
17:31:14.921  INFO     RX        /ERR/LOKO/0x00000001
17:31:14.921  INFO     RX        /ERR/LOKO/0x00000001
17:31:14.954  INFO     RX        /ERR/LOKO/0x00000001
17:31:14.955  INFO     RX        /ERR/LOKO/0x00000001
17:31:14.955  INFO     RX        /ERR/LOKO/0x00000001
17:31:14.983  INFO     RX        /ERR/LOKO/0x00000001
17:31:14.983  INFO     RX        /ERR/LOKO/0x00000001
17:31:14.983  INFO     RX        /ERR/LOKO/0x00000001
17:31:15.018  INFO     RX        /ERR/LOKO/0x00000001
17:31:15.018  INFO     RX        /ERR/LOKO/0x00000001
17:31:15.018  INFO     RX        /ERR/LOKO/0x00000001
17:31:15.048  INFO     RX        /ERR/LOKO/0x00000001
17:31:15.048  INFO     RX        /ERR/LOKO/0x00000001
17:31:15.083  INFO     RX        /ERR/LOKO/0x00000001
17:31:15.083  INFO     RX        /ERR/LOKO/0x00000001
17:31:15.083  INFO     RX        /ERR/LOKO/0x00000001
17:31:15.112  INFO     RX        /ERR/LOKO/0x00000001
17:31:15.113  INFO     RX        /ERR/LOKO/0x00000001
17:31:15.113  INFO     RX        /ERR/LOKO/0x00000001
17:31:15.141  DEBUG    TX /CONTROLL/0,0,0,0,-1,0,0,0,0
17:31:15.147  INFO     RX        /ERR/LOKO/0x00000001
17:31:15.147  INFO     RX        /ERR/LOKO/0x00000001
17:31:15.147  INFO     RX        /ERR/LOKO/0x00000001
17:31:15.176  INFO     RX        /ERR/LOKO/0x00000001
17:31:15.176  INFO     RX        /ERR/LOKO/0x00000001
17:31:15.210  INFO     RX        /ERR/LOKO/0x00000001
17:31:15.211  INFO     RX        /ERR/LOKO/0x00000001
17:31:15.211  INFO     RX        /ERR/LOKO/0x00000001
17:31:15.240  INFO     RX        /ERR/LOKO/0x00000001
17:31:15.240  INFO     RX        /ERR/LOKO/0x00000001
17:31:15.240  INFO     RX        /ERR/LOKO/0x00000001
17:31:15.275  INFO     RX        /ERR/LOKO/0x00000001
17:31:15.275  INFO     RX        /ERR/LOKO/0x00000001
17:31:15.275  INFO     RX        /ERR/LOKO/0x00000001
17:31:15.305  INFO     RX        /ERR/LOKO/0x00000001
17:31:15.305  INFO     RX        /ERR/LOKO/0x00000001
17:31:15.340  INFO     RX        /ERR/LOKO/0x00000001
17:31:15.340  INFO     RX        /ERR/LOKO/0x00000001
17:31:15.340  INFO     RX        /ERR/LOKO/0x00000001
17:31:15.369  INFO     RX        /ERR/LOKO/0x00000001
17:31:15.369  INFO     RX        /ERR/LOKO/0x00000001
17:31:15.369  INFO     RX        /ERR/LOKO/0x00000001
17:31:15.400  INFO     RX        /ERR/LOKO/0x00000001
17:31:15.400  INFO     RX        /ERR/LOKO/0x00000001
17:31:15.400  INFO     RX        /ERR/LOKO/0x00000001
17:31:15.435  INFO     RX        /ERR/LOKO/0x00000001
17:31:15.435  INFO     RX        /ERR/LOKO/0x00000001
17:31:15.435  INFO     RX        /ERR/LOKO/0x00000001
17:31:15.464  INFO     RX        /ERR/LOKO/0x00000001
17:31:15.464  INFO     RX        /ERR/LOKO/0x00000001
17:31:15.499  INFO     RX        /ERR/LOKO/0x00000001
17:31:15.499  INFO     RX        /ERR/LOKO/0x00000001
17:31:15.499  INFO     RX        /ERR/LOKO/0x00000001
17:31:15.528  INFO     RX        /ERR/LOKO/0x00000001
17:31:15.529  INFO     RX        /ERR/LOKO/0x00000001
17:31:15.529  INFO     RX        /ERR/LOKO/0x00000001
17:31:15.565  INFO     RX        /ERR/LOKO/0x00000001
17:31:15.565  INFO     RX        /ERR/LOKO/0x00000001
17:31:15.565  INFO     RX        /ERR/LOKO/0x00000001
17:31:15.597  INFO     RX        /ERR/LOKO/0x00000001
17:31:15.597  INFO     RX        /ERR/LOKO/0x00000001
17:31:15.597  INFO     RX        /ERR/LOKO/0x00000001
17:31:15.629  INFO     RX        /ERR/LOKO/0x00000001
17:31:15.629  INFO     RX        /ERR/LOKO/0x00000001
17:31:15.660  INFO     RX        /ERR/LOKO/0x00000001
17:31:15.661  INFO     RX        /ERR/LOKO/0x00000001
17:31:15.661  INFO     RX        /ERR/LOKO/0x00000001
17:31:15.694  INFO     RX        /ERR/LOKO/0x00000001
17:31:15.694  INFO     RX        /ERR/LOKO/0x00000001
17:31:15.694  INFO     RX        /ERR/LOKO/0x00000001
17:31:15.723  INFO     RX        /ERR/LOKO/0x00000001
17:31:15.723  INFO     RX        /ERR/LOKO/0x00000001
17:31:15.757  INFO     RX        /ERR/LOKO/0x00000001
17:31:15.757  INFO     RX        /ERR/LOKO/0x00000001
17:31:15.757  INFO     RX        /ERR/LOKO/0x00000001
17:31:15.787  INFO     RX        /ERR/LOKO/0x00000001
17:31:15.787  INFO     RX        /ERR/LOKO/0x00000001
17:31:15.787  INFO     RX        /ERR/LOKO/0x00000001
17:31:15.822  INFO     RX        /ERR/LOKO/0x00000001
17:31:15.822  INFO     RX        /ERR/LOKO/0x00000001
17:31:15.822  INFO     RX        /ERR/LOKO/0x00000001
17:31:15.852  INFO     RX        /ERR/LOKO/0x00000001
17:31:15.852  INFO     RX        /ERR/LOKO/0x00000001
17:31:15.852  INFO     RX        /ERR/LOKO/0x00000001
17:31:15.887  INFO     RX        /ERR/LOKO/0x00000001
17:31:15.887  INFO     RX        /ERR/LOKO/0x00000001
17:31:15.887  INFO     RX        /ERR/LOKO/0x00000001
17:31:15.917  INFO     RX        /ERR/LOKO/0x00000001
17:31:15.917  INFO     RX        /ERR/LOKO/0x00000001
17:31:15.951  INFO     RX        /ERR/LOKO/0x00000001
17:31:15.951  INFO     RX        /ERR/LOKO/0x00000001
17:31:15.952  INFO     RX        /ERR/LOKO/0x00000001
17:31:16.078  INFO     RX        /ERR/LOKO/0x00000001
17:31:16.078  INFO     RX        /ERR/LOKO/0x00000001
17:31:16.078  INFO     RX        /ERR/LOKO/0x00000001
17:31:16.078  INFO     RX        /ERR/LOKO/0x00000001
17:31:16.078  INFO     RX        /ERR/LOKO/0x00000001
17:31:16.078  INFO     RX        /ERR/LOKO/0x00000001
17:31:16.078  INFO     RX        /ERR/LOKO/0x00000001
17:31:16.078  INFO     RX        /ERR/LOKO/0x00000001
17:31:16.078  INFO     RX        /ERR/LOKO/0x00000001
17:31:16.078  INFO     RX        /ERR/LOKO/0x00000001
17:31:16.078  INFO     RX        /ERR/LOKO/0x00000001
17:31:16.082  INFO     RX        /ERR/LOKO/0x00000001
17:31:16.109  INFO     RX        /ERR/LOKO/0x00000001
17:31:16.109  INFO     RX        /ERR/LOKO/0x00000001
17:31:16.144  INFO     RX        /ERR/LOKO/0x00000001
17:31:16.406  INFO     RX        /ERR/LOKO/0x00000001
17:31:16.406  INFO     RX        /ERR/LOKO/0x00000001
17:31:16.434  INFO     RX        /ERR/LOKO/0x00000001
17:31:16.434  INFO     RX        /ERR/LOKO/0x00000001
17:31:16.469  INFO     RX        /ERR/LOKO/0x00000001
17:31:16.470  INFO     RX        /ERR/LOKO/0x00000001
17:31:16.470  INFO     RX        /ERR/LOKO/0x00000001
17:31:16.501  INFO     RX        /ERR/LOKO/0x00000001
17:31:16.501  INFO     RX        /ERR/LOKO/0x00000001
17:31:16.501  INFO     RX        /ERR/LOKO/0x00000001
17:31:16.530  INFO     RX        /ERR/LOKO/0x00000001
17:31:16.530  INFO     RX        /ERR/LOKO/0x00000001
17:31:16.530  INFO     RX        /ERR/LOKO/0x00000001
17:31:16.566  INFO     RX        /ERR/LOKO/0x00000001
17:31:16.566  INFO     RX        /ERR/LOKO/0x00000001
17:31:16.566  INFO     RX        /ERR/LOKO/0x00000001
17:31:16.596  INFO     RX        /ERR/LOKO/0x00000001
17:31:16.596  INFO     RX        /ERR/LOKO/0x00000001
17:31:16.629  INFO     RX        /ERR/LOKO/0x00000001
17:31:16.629  INFO     RX        /ERR/LOKO/0x00000001
17:31:16.629  INFO     RX        /ERR/LOKO/0x00000001
17:31:16.662  INFO     RX        /ERR/LOKO/0x00000001
17:31:16.662  INFO     RX        /ERR/LOKO/0x00000001
17:31:16.662  INFO     RX        /ERR/LOKO/0x00000001
17:31:16.692  INFO     RX        /ERR/LOKO/0x00000001
17:31:16.692  INFO     RX        /ERR/LOKO/0x00000001
17:31:16.725  INFO     RX        /ERR/LOKO/0x00000001
17:31:16.725  INFO     RX        /ERR/LOKO/0x00000001
17:31:16.725  INFO     RX        /ERR/LOKO/0x00000001
17:31:16.752  DEBUG    TX /CONTROLL/0,0,0,0,0,0,0,0,0
17:31:16.764  INFO     RX        /ERR/LOKO/0x00000001
17:31:16.764  INFO     RX        /ERR/LOKO/0x00000001
17:31:16.764  INFO     RX        /ERR/LOKO/0x00000001
17:31:16.764  INFO     RX        /ERR/LOKO/0x00000001
17:31:16.787  INFO     RX        /ERR/LOKO/0x00000001
17:31:16.787  INFO     RX        /ERR/LOKO/0x00000001
17:31:16.821  INFO     RX        /ERR/LOKO/0x00000001
17:31:16.822  INFO     RX        /ERR/LOKO/0x00000001
17:31:16.822  INFO     RX        /ERR/LOKO/0x00000001
17:31:16.850  INFO     RX        /ERR/LOKO/0x00000001
17:31:16.850  INFO     RX        /ERR/LOKO/0x00000001
17:31:16.884  INFO     RX        /ERR/LOKO/0x00000001
17:31:16.884  INFO     RX        /ERR/LOKO/0x00000001
17:31:16.885  INFO     RX        /ERR/LOKO/0x00000001
17:31:16.917  INFO     RX        /ERR/LOKO/0x00000001
17:31:16.917  INFO     RX        /ERR/LOKO/0x00000001
17:31:16.917  INFO     RX        /ERR/LOKO/0x00000001
17:31:16.949  INFO     RX        /ERR/LOKO/0x00000001
17:31:16.950  INFO     RX        /ERR/LOKO/0x00000001
17:31:16.950  INFO     RX        /ERR/LOKO/0x00000001
17:31:16.979  INFO     RX        /ERR/LOKO/0x00000001
17:31:16.979  INFO     RX        /ERR/LOKO/0x00000001
17:31:17.013  INFO     RX        /ERR/LOKO/0x00000001
17:31:17.013  INFO     RX        /ERR/LOKO/0x00000001
17:31:17.013  INFO     RX        /ERR/LOKO/0x00000001
17:31:17.046  INFO     RX        /ERR/LOKO/0x00000001
17:31:17.046  INFO     RX        /ERR/LOKO/0x00000001
17:31:17.046  INFO     RX        /ERR/LOKO/0x00000001
17:31:17.076  INFO     RX        /ERR/LOKO/0x00000001
17:31:17.076  INFO     RX        /ERR/LOKO/0x00000001
17:31:17.111  INFO     RX        /ERR/LOKO/0x00000001
17:31:17.111  INFO     RX        /ERR/LOKO/0x00000001
17:31:17.394  INFO     RX        /ERR/LOKO/0x00000001
17:31:17.429  INFO     RX        /ERR/LOKO/0x00000001
17:31:17.429  INFO     RX        /ERR/LOKO/0x00000001
17:31:17.429  INFO     RX        /ERR/LOKO/0x00000001
17:31:17.429  INFO     RX        /ERR/LOKO/0x00000001
17:31:17.461  INFO     RX        /ERR/LOKO/0x00000001
17:31:17.461  INFO     RX        /ERR/LOKO/0x00000001
17:31:17.493  INFO     RX        /ERR/LOKO/0x00000001
17:31:17.493  INFO     RX        /ERR/LOKO/0x00000001
17:31:17.493  INFO     RX        /ERR/LOKO/0x00000001
17:31:17.522  INFO     RX        /ERR/LOKO/0x00000001
17:31:17.522  INFO     RX        /ERR/LOKO/0x00000001
17:31:17.522  INFO     RX        /ERR/LOKO/0x00000001
17:31:17.557  INFO     RX        /ERR/LOKO/0x00000001
17:31:17.558  INFO     RX        /ERR/LOKO/0x00000001
17:31:17.558  INFO     RX        /ERR/LOKO/0x00000001
17:31:17.586  INFO     RX        /ERR/LOKO/0x00000001
17:31:17.586  INFO     RX        /ERR/LOKO/0x00000001
17:31:17.621  INFO     RX        /ERR/LOKO/0x00000001
17:31:17.622  INFO     RX        /ERR/LOKO/0x00000001
17:31:17.622  INFO     RX        /ERR/LOKO/0x00000001
17:31:17.651  INFO     RX        /ERR/LOKO/0x00000001
17:31:17.651  INFO     RX        /ERR/LOKO/0x00000001
17:31:17.651  INFO     RX        /ERR/LOKO/0x00000001
17:31:17.686  INFO     RX        /ERR/LOKO/0x00000001
17:31:17.686  INFO     RX        /ERR/LOKO/0x00000001
17:31:17.686  INFO     RX        /ERR/LOKO/0x00000001
17:31:17.715  INFO     RX        /ERR/LOKO/0x00000001
17:31:17.715  INFO     RX        /ERR/LOKO/0x00000001
17:31:17.751  INFO     RX        /ERR/LOKO/0x00000001
17:31:17.751  INFO     RX        /ERR/LOKO/0x00000001
17:31:17.751  INFO     RX        /ERR/LOKO/0x00000001
17:31:17.780  INFO     RX        /ERR/LOKO/0x00000001
17:31:17.780  INFO     RX        /ERR/LOKO/0x00000001
17:31:17.780  INFO     RX        /ERR/LOKO/0x00000001
17:31:17.818  INFO     RX        /ERR/LOKO/0x00000001
17:31:17.819  INFO     RX        /ERR/LOKO/0x00000001
17:31:17.819  INFO     RX        /ERR/LOKO/0x00000001
17:31:17.845  INFO     RX        /ERR/LOKO/0x00000001
17:31:17.846  INFO     RX        /ERR/LOKO/0x00000001
17:31:17.882  INFO     RX        /ERR/LOKO/0x00000001
17:31:17.882  INFO     RX        /ERR/LOKO/0x00000001
17:31:18.357  DEBUG    TX /CONTROLL/0,0,0,0,0,0,0,0,0
17:31:19.968  DEBUG    TX /CONTROLL/0,0,0,0,0,0,1,0,0
17:31:21.573  DEBUG    TX /CONTROLL/0,0,0,0,0,0,0,0,0
17:31:22.516  INFO     RX        /ERR/LOKO/0x00000002
17:31:22.516  INFO     RX        /ERR/LOKO/0x00000002
17:31:22.550  INFO     RX        /ERR/LOKO/0x00000002
17:31:22.550  INFO     RX        /ERR/LOKO/0x00000002
17:31:22.550  INFO     RX        /ERR/LOKO/0x00000002
17:31:22.581  INFO     RX        /ERR/LOKO/0x00000002
17:31:22.582  INFO     RX        /ERR/LOKO/0x00000002
17:31:22.605  INFO     RX        /ERR/LOKO/0x00000002
17:31:22.606  INFO     RX        /ERR/LOKO/0x00000002
17:31:22.636  INFO     RX        /ERR/LOKO/0x00000002
17:31:22.636  INFO     RX        /ERR/LOKO/0x00000002
17:31:22.636  INFO     RX        /ERR/LOKO/0x00000002
17:31:22.667  INFO     RX        /ERR/LOKO/0x00000002
17:31:22.667  INFO     RX        /ERR/LOKO/0x00000002
17:31:22.667  INFO     RX        /ERR/LOKO/0x00000002
17:31:22.702  INFO     RX        /ERR/LOKO/0x00000002
17:31:22.702  INFO     RX        /ERR/LOKO/0x00000002
17:31:22.702  INFO     RX        /ERR/LOKO/0x00000002
17:31:22.732  INFO     RX        /ERR/LOKO/0x00000002
17:31:22.732  INFO     RX        /ERR/LOKO/0x00000002
17:31:22.767  INFO     RX        /ERR/LOKO/0x00000002
17:31:22.767  INFO     RX        /ERR/LOKO/0x00000002
17:31:22.767  INFO     RX        /ERR/LOKO/0x00000002
17:31:22.796  INFO     RX        /ERR/LOKO/0x00000002
17:31:22.796  INFO     RX        /ERR/LOKO/0x00000002
17:31:22.796  INFO     RX        /ERR/LOKO/0x00000002
17:31:22.831  INFO     RX        /ERR/LOKO/0x00000002
17:31:22.831  INFO     RX        /ERR/LOKO/0x00000002
17:31:22.831  INFO     RX        /ERR/LOKO/0x00000002
17:31:22.860  INFO     RX        /ERR/LOKO/0x00000002
17:31:22.860  INFO     RX        /ERR/LOKO/0x00000002
17:31:22.894  INFO     RX        /ERR/LOKO/0x00000002
17:31:22.895  INFO     RX        /ERR/LOKO/0x00000002
17:31:22.895  INFO     RX        /ERR/LOKO/0x00000002
17:31:22.924  INFO     RX        /ERR/LOKO/0x00000002
17:31:22.924  INFO     RX        /ERR/LOKO/0x00000002
17:31:22.924  INFO     RX        /ERR/LOKO/0x00000002
17:31:22.959  INFO     RX        /ERR/LOKO/0x00000002
17:31:22.959  INFO     RX        /ERR/LOKO/0x00000002
17:31:22.959  INFO     RX        /ERR/LOKO/0x00000002
17:31:22.988  INFO     RX        /ERR/LOKO/0x00000002
17:31:22.988  INFO     RX        /ERR/LOKO/0x00000002
17:31:23.022  INFO     RX        /ERR/LOKO/0x00000002
17:31:23.022  INFO     RX        /ERR/LOKO/0x00000002
17:31:23.022  INFO     RX        /ERR/LOKO/0x00000002
17:31:23.053  INFO     RX        /ERR/LOKO/0x00000002
17:31:23.053  INFO     RX        /ERR/LOKO/0x00000002
17:31:23.053  INFO     RX        /ERR/LOKO/0x00000002
17:31:23.088  INFO     RX        /ERR/LOKO/0x00000002
17:31:23.088  INFO     RX        /ERR/LOKO/0x00000002
17:31:23.088  INFO     RX        /ERR/LOKO/0x00000002
17:31:23.117  INFO     RX        /ERR/LOKO/0x00000002
17:31:23.117  INFO     RX        /ERR/LOKO/0x00000002
17:31:23.152  INFO     RX        /ERR/LOKO/0x00000002
17:31:23.152  INFO     RX        /ERR/LOKO/0x00000002
17:31:23.152  INFO     RX        /ERR/LOKO/0x00000002
17:31:23.178  DEBUG    TX /CONTROLL/0,0,0,0,0,0,0,0,2
17:31:23.181  INFO     RX        /ERR/LOKO/0x00000002
17:31:23.181  INFO     RX        /ERR/LOKO/0x00000002
17:31:23.218  INFO     RX        /ERR/LOKO/0x00000002
17:31:23.218  INFO     RX        /ERR/LOKO/0x00000002
17:31:23.218  INFO     RX        /ERR/LOKO/0x00000002
17:31:23.218  INFO     RX        /ERR/LOKO/0x00000002
17:31:23.248  INFO     RX        /ERR/LOKO/0x00000002
17:31:23.248  INFO     RX        /ERR/LOKO/0x00000002
17:31:23.281  INFO     RX        /ERR/LOKO/0x00000002
17:31:23.281  INFO     RX        /ERR/LOKO/0x00000002
17:31:23.281  INFO     RX        /ERR/LOKO/0x00000002
17:31:23.315  INFO     RX        /ERR/LOKO/0x00000002
17:31:23.702  INFO     RX        /ERR/LOKO/0x00000002
17:31:23.702  INFO     RX        /ERR/LOKO/0x00000002
17:31:23.738  INFO     RX        /ERR/LOKO/0x00000002
17:31:23.738  INFO     RX        /ERR/LOKO/0x00000002
17:31:23.738  INFO     RX        /ERR/LOKO/0x00000002
17:31:23.766  INFO     RX        /ERR/LOKO/0x00000002
17:31:23.766  INFO     RX        /ERR/LOKO/0x00000002
17:31:23.801  INFO     RX        /ERR/LOKO/0x00000002
17:31:23.801  INFO     RX        /ERR/LOKO/0x00000002
17:31:23.801  INFO     RX        /ERR/LOKO/0x00000002
17:31:23.829  INFO     RX        /ERR/LOKO/0x00000002
17:31:23.829  INFO     RX        /ERR/LOKO/0x00000002
17:31:23.829  INFO     RX        /ERR/LOKO/0x00000002
17:31:23.864  INFO     RX        /ERR/LOKO/0x00000002
17:31:23.864  INFO     RX        /ERR/LOKO/0x00000002
17:31:23.864  INFO     RX        /ERR/LOKO/0x00000002
17:31:23.893  INFO     RX        /ERR/LOKO/0x00000002
17:31:23.893  INFO     RX        /ERR/LOKO/0x00000002
17:31:23.927  INFO     RX        /ERR/LOKO/0x00000002
17:31:23.928  INFO     RX        /ERR/LOKO/0x00000002
17:31:23.928  INFO     RX        /ERR/LOKO/0x00000002
17:31:23.963  INFO     RX        /ERR/LOKO/0x00000002
17:31:23.963  INFO     RX        /ERR/LOKO/0x00000002
17:31:23.963  INFO     RX        /ERR/LOKO/0x00000002
17:31:23.994  INFO     RX        /ERR/LOKO/0x00000002
17:31:23.994  INFO     RX        /ERR/LOKO/0x00000002
17:31:24.028  INFO     RX        /ERR/LOKO/0x00000002
17:31:24.028  INFO     RX        /ERR/LOKO/0x00000002
17:31:24.028  INFO     RX        /ERR/LOKO/0x00000002
17:31:24.056  INFO     RX        /ERR/LOKO/0x00000002
17:31:24.317  INFO     RX        /ERR/LOKO/0x00000002
17:31:24.317  INFO     RX        /ERR/LOKO/0x00000002
17:31:24.352  INFO     RX        /ERR/LOKO/0x00000002
17:31:24.353  INFO     RX        /ERR/LOKO/0x00000002
17:31:24.353  INFO     RX        /ERR/LOKO/0x00000002
17:31:24.379  INFO     RX        /ERR/LOKO/0x00000002
17:31:24.379  INFO     RX        /ERR/LOKO/0x00000002
17:31:24.410  INFO     RX        /ERR/LOKO/0x00000002
17:31:24.410  INFO     RX        /ERR/LOKO/0x00000002
17:31:24.410  INFO     RX        /ERR/LOKO/0x00000002
17:31:24.447  INFO     RX        /ERR/LOKO/0x00000002
17:31:24.448  INFO     RX        /ERR/LOKO/0x00000002
17:31:24.448  INFO     RX        /ERR/LOKO/0x00000002
17:31:24.474  INFO     RX        /ERR/LOKO/0x00000002
17:31:24.475  INFO     RX        /ERR/LOKO/0x00000002
17:31:24.510  INFO     RX        /ERR/LOKO/0x00000002
17:31:24.510  INFO     RX        /ERR/LOKO/0x00000002
17:31:24.510  INFO     RX        /ERR/LOKO/0x00000002
17:31:24.543  INFO     RX        /ERR/LOKO/0x00000002
17:31:24.543  INFO     RX        /ERR/LOKO/0x00000002
17:31:24.543  INFO     RX        /ERR/LOKO/0x00000002
17:31:24.572  INFO     RX        /ERR/LOKO/0x00000002
17:31:24.572  INFO     RX        /ERR/LOKO/0x00000002
17:31:24.606  INFO     RX        /ERR/LOKO/0x00000002
17:31:24.606  INFO     RX        /ERR/LOKO/0x00000002
17:31:24.606  INFO     RX        /ERR/LOKO/0x00000002
17:31:24.637  INFO     RX        /ERR/LOKO/0x00000002
17:31:24.637  INFO     RX        /ERR/LOKO/0x00000002
17:31:24.638  INFO     RX        /ERR/LOKO/0x00000002
17:31:24.671  INFO     RX        /ERR/LOKO/0x00000002
17:31:24.671  INFO     RX        /ERR/LOKO/0x00000002
17:31:24.671  INFO     RX        /ERR/LOKO/0x00000002
17:31:24.706  INFO     RX        /ERR/LOKO/0x00000002
17:31:24.706  INFO     RX        /ERR/LOKO/0x00000002
17:31:24.706  INFO     RX        /ERR/LOKO/0x00000002
17:31:24.734  INFO     RX        /ERR/LOKO/0x00000002
17:31:24.735  INFO     RX        /ERR/LOKO/0x00000002
17:31:24.768  INFO     RX        /ERR/LOKO/0x00000002
17:31:24.769  INFO     RX        /ERR/LOKO/0x00000002
17:31:24.769  INFO     RX        /ERR/LOKO/0x00000002
17:31:24.795  DEBUG    TX /CONTROLL/0,0,0,0,0,0,0,0,2
17:31:24.801  INFO     RX        /ERR/LOKO/0x00000002
17:31:24.802  INFO     RX        /ERR/LOKO/0x00000002
17:31:24.802  INFO     RX        /ERR/LOKO/0x00000002
17:31:24.834  INFO     RX        /ERR/LOKO/0x00000002
17:31:24.834  INFO     RX        /ERR/LOKO/0x00000002
17:31:24.834  INFO     RX        /ERR/LOKO/0x00000002
17:31:24.865  INFO     RX        /ERR/LOKO/0x00000002
17:31:24.866  INFO     RX        /ERR/LOKO/0x00000002
17:31:24.898  INFO     RX        /ERR/LOKO/0x00000002
17:31:24.898  INFO     RX        /ERR/LOKO/0x00000002
17:31:24.898  INFO     RX        /ERR/LOKO/0x00000002
17:31:24.929  INFO     RX        /ERR/LOKO/0x00000002
17:31:24.929  INFO     RX        /ERR/LOKO/0x00000002
17:31:24.929  INFO     RX        /ERR/LOKO/0x00000002
17:31:24.964  INFO     RX        /ERR/LOKO/0x00000002
17:31:24.964  INFO     RX        /ERR/LOKO/0x00000002
17:31:24.964  INFO     RX        /ERR/LOKO/0x00000002
17:31:24.996  INFO     RX        /ERR/LOKO/0x00000002
17:31:24.996  INFO     RX        /ERR/LOKO/0x00000002
17:31:25.028  INFO     RX        /ERR/LOKO/0x00000002
17:31:25.028  INFO     RX        /ERR/LOKO/0x00000002
17:31:25.028  INFO     RX        /ERR/LOKO/0x00000002
17:31:25.060  INFO     RX        /ERR/LOKO/0x00000002
17:31:25.060  INFO     RX        /ERR/LOKO/0x00000002
17:31:25.061  INFO     RX        /ERR/LOKO/0x00000002
17:31:25.238  INFO     RX        /ERR/LOKO/0x00000002
17:31:25.238  INFO     RX        /ERR/LOKO/0x00000002
17:31:25.238  INFO     RX        /ERR/LOKO/0x00000002
17:31:25.238  INFO     RX        /ERR/LOKO/0x00000002
17:31:25.238  INFO     RX        /ERR/LOKO/0x00000002
17:31:25.238  INFO     RX        /ERR/LOKO/0x00000002
17:31:25.238  INFO     RX        /ERR/LOKO/0x00000002
17:31:25.238  INFO     RX        /ERR/LOKO/0x00000002
17:31:25.238  INFO     RX        /ERR/LOKO/0x00000002
17:31:25.238  INFO     RX        /ERR/LOKO/0x00000002
17:31:25.238  INFO     RX        /ERR/LOKO/0x00000002
17:31:25.241  INFO     RX        /ERR/LOKO/0x00000002
17:31:25.241  INFO     RX        /ERR/LOKO/0x00000002
17:31:25.241  INFO     RX        /ERR/LOKO/0x00000002
17:31:25.241  INFO     RX        /ERR/LOKO/0x00000002
17:31:25.250  INFO     RX        /ERR/LOKO/0x00000002
17:31:25.286  INFO     RX        /ERR/LOKO/0x00000002
17:31:25.286  INFO     RX        /ERR/LOKO/0x00000002
17:31:25.286  INFO     RX        /ERR/LOKO/0x00000002
17:31:25.314  INFO     RX        /ERR/LOKO/0x00000002
17:31:25.314  INFO     RX        /ERR/LOKO/0x00000002
17:31:25.315  INFO     RX        /ERR/LOKO/0x00000002
17:31:25.350  INFO     RX        /ERR/LOKO/0x00000002
17:31:25.350  INFO     RX        /ERR/LOKO/0x00000002
17:31:25.350  INFO     RX        /ERR/LOKO/0x00000002
17:31:25.379  INFO     RX        /ERR/LOKO/0x00000002
17:31:25.379  INFO     RX        /ERR/LOKO/0x00000002
17:31:25.413  INFO     RX        /ERR/LOKO/0x00000002
17:31:25.413  INFO     RX        /ERR/LOKO/0x00000002
17:31:25.413  INFO     RX        /ERR/LOKO/0x00000002
17:31:25.446  INFO     RX        /ERR/LOKO/0x00000002
17:31:25.446  INFO     RX        /ERR/LOKO/0x00000002
17:31:25.446  INFO     RX        /ERR/LOKO/0x00000002
17:31:25.477  INFO     RX        /ERR/LOKO/0x00000002
17:31:25.477  INFO     RX        /ERR/LOKO/0x00000002
17:31:25.510  INFO     RX        /ERR/LOKO/0x00000002
17:31:25.510  INFO     RX        /ERR/LOKO/0x00000002
17:31:25.511  INFO     RX        /ERR/LOKO/0x00000002
17:31:25.540  INFO     RX        /ERR/LOKO/0x00000002
17:31:25.540  INFO     RX        /ERR/LOKO/0x00000002
17:31:25.540  INFO     RX        /ERR/LOKO/0x00000002
17:31:25.575  INFO     RX        /ERR/LOKO/0x00000002
17:31:25.575  INFO     RX        /ERR/LOKO/0x00000002
17:31:25.575  INFO     RX        /ERR/LOKO/0x00000002
17:31:25.605  INFO     RX        /ERR/LOKO/0x00000002
17:31:25.605  INFO     RX        /ERR/LOKO/0x00000002
17:31:25.641  INFO     RX        /ERR/LOKO/0x00000002
17:31:25.641  INFO     RX        /ERR/LOKO/0x00000002
17:31:25.641  INFO     RX        /ERR/LOKO/0x00000002
17:31:25.672  INFO     RX        /ERR/LOKO/0x00000002
17:31:25.672  INFO     RX        /ERR/LOKO/0x00000002
17:31:25.672  INFO     RX        /ERR/LOKO/0x00000002
17:31:25.702  INFO     RX        /ERR/LOKO/0x00000002
17:31:25.736  INFO     RX        /ERR/LOKO/0x00000002
17:31:25.772  INFO     RX        /ERR/LOKO/0x00000002
17:31:25.800  INFO     RX        /ERR/LOKO/0x00000002
17:31:25.834  INFO     RX        /ERR/LOKO/0x00000002
17:31:25.898  INFO     RX        /ERR/LOKO/0x00000002
17:31:25.928  INFO     RX        /ERR/LOKO/0x00000002
17:31:25.963  INFO     RX        /ERR/LOKO/0x00000002
17:31:25.992  INFO     RX        /ERR/LOKO/0x00000002
17:31:26.027  INFO     RX        /ERR/LOKO/0x00000002
17:31:26.090  INFO     RX        /ERR/LOKO/0x00000002
17:31:26.121  INFO     RX        /ERR/LOKO/0x00000002
17:31:26.155  INFO     RX        /ERR/LOKO/0x00000002
17:31:26.184  INFO     RX        /ERR/LOKO/0x00000002
17:31:26.250  INFO     RX        /ERR/LOKO/0x00000002
17:31:26.286  INFO     RX        /ERR/LOKO/0x00000002
17:31:26.312  INFO     RX        /ERR/LOKO/0x00000002
17:31:26.349  INFO     RX        /ERR/LOKO/0x00000002
17:31:26.376  INFO     RX        /ERR/LOKO/0x00000002
17:31:26.406  DEBUG    TX /CONTROLL/-46,0,0,0,0,0,0,0,2
17:31:26.443  INFO     RX        /ERR/LOKO/0x00000002
17:31:26.473  INFO     RX        /ERR/LOKO/0x00000002
17:31:26.505  INFO     RX        /ERR/LOKO/0x00000002
17:31:26.539  INFO     RX        /ERR/LOKO/0x00000002
17:31:26.607  INFO     RX        /ERR/LOKO/0x00000002
17:31:26.636  INFO     RX        /ERR/LOKO/0x00000002
17:31:26.669  INFO     RX        /ERR/LOKO/0x00000002
17:31:26.699  INFO     RX        /ERR/LOKO/0x00000002
17:31:26.736  INFO     RX        /ERR/LOKO/0x00000002
17:31:26.799  INFO     RX        /ERR/LOKO/0x00000002
17:31:26.828  INFO     RX        /ERR/LOKO/0x00000002
17:31:26.862  INFO     RX        /ERR/LOKO/0x00000002
17:31:26.899  INFO     RX        /ERR/LOKO/0x00000002
17:31:26.925  INFO     RX        /ERR/LOKO/0x00000002
17:31:26.960  INFO     RX        /ERR/LOKO/0x00000002
17:31:27.025  INFO     RX        /ERR/LOKO/0x00000002
17:31:27.056  INFO     RX        /ERR/LOKO/0x00000002
17:31:27.090  INFO     RX        /ERR/LOKO/0x00000002
17:31:27.119  INFO     RX        /ERR/LOKO/0x00000002
17:31:27.154  INFO     RX        /ERR/LOKO/0x00000002
17:31:27.217  INFO     RX        /ERR/LOKO/0x00000002
17:31:27.252  INFO     RX        /ERR/LOKO/0x00000002
17:31:27.280  INFO     RX        /ERR/LOKO/0x00000002
17:31:27.346  INFO     RX        /ERR/LOKO/0x00000002
17:31:27.408  INFO     RX        /ERR/LOKO/0x00000002
17:31:27.439  INFO     RX        /ERR/LOKO/0x00000002
17:31:27.469  INFO     RX        /ERR/LOKO/0x00000002
17:31:27.502  INFO     RX        /ERR/LOKO/0x00000002
17:31:27.542  INFO     RX        /ERR/LOKO/0x00000002
17:31:27.601  INFO     RX        /ERR/LOKO/0x00000002
17:31:27.633  INFO     RX        /ERR/LOKO/0x00000002
17:31:27.697  INFO     RX        /ERR/LOKO/0x00000002
17:31:27.760  INFO     RX        /ERR/LOKO/0x00000002
17:31:27.795  INFO     RX        /ERR/LOKO/0x00000002
17:31:27.825  INFO     RX        /ERR/LOKO/0x00000002
17:31:27.860  INFO     RX        /ERR/LOKO/0x00000002
17:31:27.889  INFO     RX        /ERR/LOKO/0x00000002
17:31:27.957  INFO     RX        /ERR/LOKO/0x00000002
17:31:27.996  INFO     RX        /ERR/LOKO/0x00000002
17:31:28.014  DEBUG    TX /CONTROLL/-51,-20,0,0,0,0,0,0,2
17:31:28.020  INFO     RX        /ERR/LOKO/0x00000002
17:31:28.057  INFO     RX        /ERR/LOKO/0x00000002
17:31:28.082  INFO     RX        /ERR/LOKO/0x00000002
17:31:28.217  INFO     RX        /ERR/LOKO/0x00000002
17:31:28.217  INFO     RX        /ERR/LOKO/0x00000002
17:31:28.217  INFO     RX        /ERR/LOKO/0x00000002
17:31:28.241  INFO     RX        /ERR/LOKO/0x00000002
17:31:28.276  INFO     RX        /ERR/LOKO/0x00000002
17:31:28.339  INFO     RX        /ERR/LOKO/0x00000002
17:31:28.369  INFO     RX        /ERR/LOKO/0x00000002
17:31:28.401  INFO     RX        /ERR/LOKO/0x00000002
17:31:28.436  INFO     RX        /ERR/LOKO/0x00000002
17:31:28.468  INFO     RX        /ERR/LOKO/0x00000002
17:31:28.532  INFO     RX        /ERR/LOKO/0x00000002
17:31:28.561  INFO     RX        /ERR/LOKO/0x00000002
17:31:28.596  INFO     RX        /ERR/LOKO/0x00000002
17:31:28.629  INFO     RX        /ERR/LOKO/0x00000002
17:31:28.693  INFO     RX        /ERR/LOKO/0x00000002
17:31:28.729  INFO     RX        /ERR/LOKO/0x00000002
17:31:28.756  INFO     RX        /ERR/LOKO/0x00000002
17:31:28.790  INFO     RX        /ERR/LOKO/0x00000002
17:31:28.820  INFO     RX        /ERR/LOKO/0x00000002
17:31:28.884  INFO     RX        /ERR/LOKO/0x00000002
17:31:28.921  INFO     RX        /ERR/LOKO/0x00000002
17:31:28.953  INFO     RX        /ERR/LOKO/0x00000002
17:31:28.981  INFO     RX        /ERR/LOKO/0x00000002
17:31:29.017  INFO     RX        /ERR/LOKO/0x00000002
17:31:29.078  INFO     RX        /ERR/LOKO/0x00000002
17:31:29.116  INFO     RX        /ERR/LOKO/0x00000002
17:31:29.143  INFO     RX        /ERR/LOKO/0x00000002
17:31:29.179  INFO     RX        /ERR/LOKO/0x00000002
17:31:29.209  INFO     RX        /ERR/LOKO/0x00000002
17:31:29.244  INFO     RX        /ERR/LOKO/0x00000002
17:31:29.308  INFO     RX        /ERR/LOKO/0x00000002
17:31:29.308  INFO     RX        /ERR/LOKO/0x00000002
17:31:29.309  INFO     RX        /ERR/LOKO/0x00000002
17:31:29.343  INFO     RX        /ERR/LOKO/0x00000002
17:31:29.343  INFO     RX        /ERR/LOKO/0x00000002
17:31:29.343  INFO     RX        /ERR/LOKO/0x00000002
17:31:29.371  INFO     RX        /ERR/LOKO/0x00000002
17:31:29.371  INFO     RX        /ERR/LOKO/0x00000002
17:31:29.407  INFO     RX        /ERR/LOKO/0x00000002
17:31:29.407  INFO     RX        /ERR/LOKO/0x00000002
17:31:29.407  INFO     RX        /ERR/LOKO/0x00000002
17:31:29.437  INFO     RX        /ERR/LOKO/0x00000002
17:31:29.437  INFO     RX        /ERR/LOKO/0x00000002
17:31:29.437  INFO     RX        /ERR/LOKO/0x00000002
17:31:29.482  INFO     RX        /ERR/LOKO/0x00000002
17:31:29.482  INFO     RX        /ERR/LOKO/0x00000002
17:31:29.482  INFO     RX        /ERR/LOKO/0x00000002
17:31:29.499  INFO     RX        /ERR/LOKO/0x00000002
17:31:29.499  INFO     RX        /ERR/LOKO/0x00000002
17:31:29.533  INFO     RX        /ERR/LOKO/0x00000002
17:31:29.534  INFO     RX        /ERR/LOKO/0x00000002
17:31:29.534  INFO     RX        /ERR/LOKO/0x00000002
17:31:29.563  INFO     RX        /ERR/LOKO/0x00000002
17:31:29.563  INFO     RX        /ERR/LOKO/0x00000002
17:31:29.600  INFO     RX        /ERR/LOKO/0x00000002
17:31:29.600  INFO     RX        /ERR/LOKO/0x00000002
17:31:29.600  INFO     RX        /ERR/LOKO/0x00000002
17:31:29.626  DEBUG    TX /CONTROLL/0,0,0,0,0,0,0,0,2
17:31:29.628  INFO     RX        /ERR/LOKO/0x00000002
17:31:29.628  INFO     RX        /ERR/LOKO/0x00000002
17:31:29.629  INFO     RX        /ERR/LOKO/0x00000002
17:31:29.664  INFO     RX        /ERR/LOKO/0x00000002
17:31:29.664  INFO     RX        /ERR/LOKO/0x00000002
17:31:29.664  INFO     RX        /ERR/LOKO/0x00000002
17:31:29.697  INFO     RX        /ERR/LOKO/0x00000002
17:31:29.697  INFO     RX        /ERR/LOKO/0x00000002
17:31:29.697  INFO     RX        /ERR/LOKO/0x00000002
17:31:29.725  INFO     RX        /ERR/LOKO/0x00000002
17:31:29.725  INFO     RX        /ERR/LOKO/0x00000002
17:31:29.761  INFO     RX        /ERR/LOKO/0x00000002
17:31:29.761  INFO     RX        /ERR/LOKO/0x00000002
17:31:29.761  INFO     RX        /ERR/LOKO/0x00000002
17:31:29.790  INFO     RX        /ERR/LOKO/0x00000002
17:31:29.790  INFO     RX        /ERR/LOKO/0x00000002
17:31:29.790  INFO     RX        /ERR/LOKO/0x00000002
17:31:29.826  INFO     RX        /ERR/LOKO/0x00000002
17:31:29.826  INFO     RX        /ERR/LOKO/0x00000002
17:31:29.826  INFO     RX        /ERR/LOKO/0x00000002
17:31:29.858  INFO     RX        /ERR/LOKO/0x00000002
17:31:29.858  INFO     RX        /ERR/LOKO/0x00000002
17:31:29.888  INFO     RX        /ERR/LOKO/0x00000002
17:31:29.889  INFO     RX        /ERR/LOKO/0x00000002
17:31:29.889  INFO     RX        /ERR/LOKO/0x00000002
17:31:29.925  INFO     RX        /ERR/LOKO/0x00000002
17:31:29.925  INFO     RX        /ERR/LOKO/0x00000002
17:31:29.925  INFO     RX        /ERR/LOKO/0x00000002
17:31:29.952  INFO     RX        /ERR/LOKO/0x00000002
17:31:29.952  INFO     RX        /ERR/LOKO/0x00000002
17:31:29.998  INFO     RX        /ERR/LOKO/0x00000002
17:31:29.998  INFO     RX        /ERR/LOKO/0x00000002
17:31:29.998  INFO     RX        /ERR/LOKO/0x00000002
17:31:29.998  INFO     RX        /ERR/LOKO/0x00000002
17:31:30.016  INFO     RX        /ERR/LOKO/0x00000002
17:31:30.016  INFO     RX        /ERR/LOKO/0x00000002
17:31:30.051  INFO     RX        /ERR/LOKO/0x00000002
17:31:30.052  INFO     RX        /ERR/LOKO/0x00000002
17:31:30.052  INFO     RX        /ERR/LOKO/0x00000002
17:31:30.084  INFO     RX        /ERR/LOKO/0x00000002
17:31:30.085  INFO     RX        /ERR/LOKO/0x00000002
17:31:30.085  INFO     RX        /ERR/LOKO/0x00000002
17:31:30.117  INFO     RX        /ERR/LOKO/0x00000002
17:31:30.147  INFO     RX        /ERR/LOKO/0x00000002
17:31:30.182  INFO     RX        /ERR/LOKO/0x00000002
17:31:30.245  INFO     RX        /ERR/LOKO/0x00000002
17:31:30.277  INFO     RX        /ERR/LOKO/0x00000002
17:31:30.308  INFO     RX        /ERR/LOKO/0x00000002
17:31:30.341  INFO     RX        /ERR/LOKO/0x00000002
17:31:30.438  INFO     RX        /ERR/LOKO/0x00000002
17:31:30.467  INFO     RX        /ERR/LOKO/0x00000002
17:31:30.503  INFO     RX        /ERR/LOKO/0x00000002
17:31:30.532  INFO     RX        /ERR/LOKO/0x00000002
17:31:30.567  INFO     RX        /ERR/LOKO/0x00000002
17:31:30.632  INFO     RX        /ERR/LOKO/0x00000002
17:31:30.661  INFO     RX        /ERR/LOKO/0x00000002
17:31:30.695  INFO     RX        /ERR/LOKO/0x00000002
17:31:30.724  INFO     RX        /ERR/LOKO/0x00000002
17:31:30.756  INFO     RX        /ERR/LOKO/0x00000002
17:31:30.820  INFO     RX        /ERR/LOKO/0x00000002
17:31:30.858  INFO     RX        /ERR/LOKO/0x00000002
17:31:30.885  INFO     RX        /ERR/LOKO/0x00000002
17:31:30.919  INFO     RX        /ERR/LOKO/0x00000002
17:31:30.948  INFO     RX        /ERR/LOKO/0x00000002
17:31:31.017  INFO     RX        /ERR/LOKO/0x00000002
17:31:31.044  INFO     RX        /ERR/LOKO/0x00000002
17:31:31.082  INFO     RX        /ERR/LOKO/0x00000002
17:31:31.111  INFO     RX        /ERR/LOKO/0x00000002
17:31:31.236  DEBUG    TX /CONTROLL/47,18,0,0,0,0,0,0,2
17:31:31.238  INFO     RX        /ERR/LOKO/0x00000002
17:31:31.238  INFO     RX        /ERR/LOKO/0x00000002
17:31:31.238  INFO     RX        /ERR/LOKO/0x00000002
17:31:31.273  INFO     RX        /ERR/LOKO/0x00000002
17:31:31.307  INFO     RX        /ERR/LOKO/0x00000002
17:31:31.336  INFO     RX        /ERR/LOKO/0x00000002
17:31:31.378  INFO     RX        /ERR/LOKO/0x00000002
17:31:31.432  INFO     RX        /ERR/LOKO/0x00000002
17:31:31.467  INFO     RX        /ERR/LOKO/0x00000002
17:31:31.496  INFO     RX        /ERR/LOKO/0x00000002
17:31:31.564  INFO     RX        /ERR/LOKO/0x00000002
17:31:31.625  INFO     RX        /ERR/LOKO/0x00000002
17:31:31.662  INFO     RX        /ERR/LOKO/0x00000002
17:31:31.689  INFO     RX        /ERR/LOKO/0x00000002
17:31:31.728  INFO     RX        /ERR/LOKO/0x00000002
17:31:31.787  INFO     RX        /ERR/LOKO/0x00000002
17:31:31.787  INFO     RX        /ERR/LOKO/0x00000002
17:31:31.788  INFO     RX        /ERR/LOKO/0x00000002
17:31:31.823  INFO     RX        /ERR/LOKO/0x00000002
17:31:31.823  INFO     RX        /ERR/LOKO/0x00000002
17:31:31.823  INFO     RX        /ERR/LOKO/0x00000002
17:31:31.854  INFO     RX        /ERR/LOKO/0x00000002
17:31:31.854  INFO     RX        /ERR/LOKO/0x00000002
17:31:31.887  INFO     RX        /ERR/LOKO/0x00000002
17:31:31.888  INFO     RX        /ERR/LOKO/0x00000002
17:31:31.888  INFO     RX        /ERR/LOKO/0x00000002
17:31:31.916  INFO     RX        /ERR/LOKO/0x00000002
17:31:31.916  INFO     RX        /ERR/LOKO/0x00000002
17:31:31.916  INFO     RX        /ERR/LOKO/0x00000002
17:31:31.952  INFO     RX        /ERR/LOKO/0x00000002
17:31:31.952  INFO     RX        /ERR/LOKO/0x00000002
17:31:31.952  INFO     RX        /ERR/LOKO/0x00000002
17:31:31.986  INFO     RX        /ERR/LOKO/0x00000002
17:31:31.986  INFO     RX        /ERR/LOKO/0x00000002
17:31:31.986  INFO     RX        /ERR/LOKO/0x00000002
17:31:32.013  INFO     RX        /ERR/LOKO/0x00000002
17:31:32.014  INFO     RX        /ERR/LOKO/0x00000002
17:31:32.051  INFO     RX        /ERR/LOKO/0x00000002
17:31:32.052  INFO     RX        /ERR/LOKO/0x00000002
17:31:32.052  INFO     RX        /ERR/LOKO/0x00000002
17:31:32.078  INFO     RX        /ERR/LOKO/0x00000002
17:31:32.078  INFO     RX        /ERR/LOKO/0x00000002
17:31:32.110  INFO     RX        /ERR/LOKO/0x00000002
17:31:32.110  INFO     RX        /ERR/LOKO/0x00000002
17:31:32.110  INFO     RX        /ERR/LOKO/0x00000002
17:31:32.145  INFO     RX        /ERR/LOKO/0x00000002
17:31:32.145  INFO     RX        /ERR/LOKO/0x00000002
17:31:32.145  INFO     RX        /ERR/LOKO/0x00000002
17:31:32.173  INFO     RX        /ERR/LOKO/0x00000002
17:31:32.173  INFO     RX        /ERR/LOKO/0x00000002
17:31:32.173  INFO     RX        /ERR/LOKO/0x00000002
17:31:32.209  INFO     RX        /ERR/LOKO/0x00000002
17:31:32.209  INFO     RX        /ERR/LOKO/0x00000002
17:31:32.209  INFO     RX        /ERR/LOKO/0x00000002
17:31:32.242  INFO     RX        /ERR/LOKO/0x00000002
17:31:32.242  INFO     RX        /ERR/LOKO/0x00000002
17:31:32.242  INFO     RX        /ERR/LOKO/0x00000002
17:31:32.271  INFO     RX        /ERR/LOKO/0x00000002
17:31:32.272  INFO     RX        /ERR/LOKO/0x00000002
17:31:32.308  INFO     RX        /ERR/LOKO/0x00000002
17:31:32.308  INFO     RX        /ERR/LOKO/0x00000002
17:31:32.308  INFO     RX        /ERR/LOKO/0x00000002
17:31:32.347  INFO     RX        /ERR/LOKO/0x00000002
17:31:32.347  INFO     RX        /ERR/LOKO/0x00000002
17:31:32.347  INFO     RX        /ERR/LOKO/0x00000002
17:31:32.347  INFO     RX        /ERR/LOKO/0x00000002
17:31:32.370  INFO     RX        /ERR/LOKO/0x00000002
17:31:32.401  INFO     RX        /ERR/LOKO/0x00000002
17:31:32.401  INFO     RX        /ERR/LOKO/0x00000002
17:31:32.401  INFO     RX        /ERR/LOKO/0x00000002
17:31:32.435  INFO     RX        /ERR/LOKO/0x00000002
17:31:32.435  INFO     RX        /ERR/LOKO/0x00000002
17:31:32.436  INFO     RX        /ERR/LOKO/0x00000002
17:31:32.464  INFO     RX        /ERR/LOKO/0x00000002
17:31:32.465  INFO     RX        /ERR/LOKO/0x00000002
17:31:32.465  INFO     RX        /ERR/LOKO/0x00000002
17:31:32.500  INFO     RX        /ERR/LOKO/0x00000002
17:31:32.500  INFO     RX        /ERR/LOKO/0x00000002
17:31:32.500  INFO     RX        /ERR/LOKO/0x00000002
17:31:32.531  INFO     RX        /ERR/LOKO/0x00000002
17:31:32.531  INFO     RX        /ERR/LOKO/0x00000002
17:31:32.563  INFO     RX        /ERR/LOKO/0x00000002
17:31:32.563  INFO     RX        /ERR/LOKO/0x00000002
17:31:32.563  INFO     RX        /ERR/LOKO/0x00000002
17:31:32.592  INFO     RX        /ERR/LOKO/0x00000002
17:31:32.592  INFO     RX        /ERR/LOKO/0x00000002
17:31:32.627  INFO     RX        /ERR/LOKO/0x00000002
17:31:32.627  INFO     RX        /ERR/LOKO/0x00000002
17:31:32.627  INFO     RX        /ERR/LOKO/0x00000002
17:31:32.663  INFO     RX        /ERR/LOKO/0x00000002
17:31:32.663  INFO     RX        /ERR/LOKO/0x00000002
17:31:32.663  INFO     RX        /ERR/LOKO/0x00000002
17:31:32.694  INFO     RX        /ERR/LOKO/0x00000002
17:31:32.726  INFO     RX        /ERR/LOKO/0x00000002
17:31:32.755  INFO     RX        /ERR/LOKO/0x00000002
17:31:32.791  INFO     RX        /ERR/LOKO/0x00000002
17:31:32.826  INFO     RX        /ERR/LOKO/0x00000002
17:31:32.851  DEBUG    TX /CONTROLL/20,13,0,0,0,0,0,0,2
17:31:32.858  INFO     RX        /ERR/LOKO/0x00000002
17:31:32.922  INFO     RX        /ERR/LOKO/0x00000002
17:31:32.951  INFO     RX        /ERR/LOKO/0x00000002
17:31:32.987  INFO     RX        /ERR/LOKO/0x00000002
17:31:33.015  INFO     RX        /ERR/LOKO/0x00000002
17:31:33.051  INFO     RX        /ERR/LOKO/0x00000002
17:31:33.116  INFO     RX        /ERR/LOKO/0x00000002
17:31:33.144  INFO     RX        /ERR/LOKO/0x00000002
17:31:33.178  INFO     RX        /ERR/LOKO/0x00000002
17:31:33.208  INFO     RX        /ERR/LOKO/0x00000002
17:31:33.272  INFO     RX        /ERR/LOKO/0x00000002
17:31:33.308  INFO     RX        /ERR/LOKO/0x00000002
17:31:33.340  INFO     RX        /ERR/LOKO/0x00000002
17:31:33.373  INFO     RX        /ERR/LOKO/0x00000002
17:31:33.402  INFO     RX        /ERR/LOKO/0x00000002
17:31:33.502  INFO     RX        /ERR/LOKO/0x00000002
17:31:33.531  INFO     RX        /ERR/LOKO/0x00000002
17:31:33.566  INFO     RX        /ERR/LOKO/0x00000002
17:31:33.596  INFO     RX        /ERR/LOKO/0x00000002
17:31:33.660  INFO     RX        /ERR/LOKO/0x00000002
17:31:33.694  INFO     RX        /ERR/LOKO/0x00000002
17:31:33.724  INFO     RX        /ERR/LOKO/0x00000002
17:31:33.759  INFO     RX        /ERR/LOKO/0x00000002
17:31:33.788  INFO     RX        /ERR/LOKO/0x00000002
17:31:33.851  INFO     RX        /ERR/LOKO/0x00000002
17:31:33.887  INFO     RX        /ERR/LOKO/0x00000002
17:31:33.916  INFO     RX        /ERR/LOKO/0x00000002
17:31:33.951  INFO     RX        /ERR/LOKO/0x00000002
17:31:34.017  INFO     RX        /ERR/LOKO/0x00000002
17:31:34.045  INFO     RX        /ERR/LOKO/0x00000002
17:31:34.079  INFO     RX        /ERR/LOKO/0x00000002
17:31:34.108  INFO     RX        /ERR/LOKO/0x00000002
17:31:34.144  INFO     RX        /ERR/LOKO/0x00000002
17:31:34.177  INFO     RX        /ERR/LOKO/0x00000002
17:31:34.300  INFO     RX        /ERR/LOKO/0x00000002
17:31:34.300  INFO     RX        /ERR/LOKO/0x00000002
17:31:34.333  INFO     RX        /ERR/LOKO/0x00000002
17:31:34.368  INFO     RX        /ERR/LOKO/0x00000002
17:31:34.434  INFO     RX        /ERR/LOKO/0x00000002
17:31:34.460  DEBUG    TX /CONTROLL/25,0,0,0,0,0,0,0,2
17:31:34.463  INFO     RX        /ERR/LOKO/0x00000002
17:31:34.495  INFO     RX        /ERR/LOKO/0x00000002
17:31:34.528  INFO     RX        /ERR/LOKO/0x00000002
17:31:34.563  INFO     RX        /ERR/LOKO/0x00000002
17:31:34.629  INFO     RX        /ERR/LOKO/0x00000002
17:31:34.666  INFO     RX        /ERR/LOKO/0x00000002
17:31:34.690  INFO     RX        /ERR/LOKO/0x00000002
17:31:34.726  INFO     RX        /ERR/LOKO/0x00000002
17:31:34.789  INFO     RX        /ERR/LOKO/0x00000002
17:31:34.819  INFO     RX        /ERR/LOKO/0x00000002
17:31:34.855  INFO     RX        /ERR/LOKO/0x00000002
17:31:34.882  INFO     RX        /ERR/LOKO/0x00000002
17:31:34.917  INFO     RX        /ERR/LOKO/0x00000002
17:31:34.982  INFO     RX        /ERR/LOKO/0x00000002
17:31:35.010  INFO     RX        /ERR/LOKO/0x00000002
17:31:35.074  INFO     RX        /ERR/LOKO/0x00000002
17:31:35.110  INFO     RX        /ERR/LOKO/0x00000002
17:31:35.175  INFO     RX        /ERR/LOKO/0x00000002
17:31:35.203  INFO     RX        /ERR/LOKO/0x00000002
17:31:35.241  INFO     RX        /ERR/LOKO/0x00000002
17:31:35.268  INFO     RX        /ERR/LOKO/0x00000002
17:31:35.304  INFO     RX        /ERR/LOKO/0x00000002
17:31:35.369  INFO     RX        /ERR/LOKO/0x00000002
17:31:35.402  INFO     RX        /ERR/LOKO/0x00000002
17:31:35.430  INFO     RX        /ERR/LOKO/0x00000002
17:31:35.466  INFO     RX        /ERR/LOKO/0x00000002
17:31:35.494  INFO     RX        /ERR/LOKO/0x00000002
17:31:35.562  INFO     RX        /ERR/LOKO/0x00000002
17:31:35.591  INFO     RX        /ERR/LOKO/0x00000002
17:31:35.627  INFO     RX        /ERR/LOKO/0x00000002
17:31:35.656  INFO     RX        /ERR/LOKO/0x00000002
17:31:35.692  INFO     RX        /ERR/LOKO/0x00000002
17:31:35.756  INFO     RX        /ERR/LOKO/0x00000002
17:31:35.785  INFO     RX        /ERR/LOKO/0x00000002
17:31:35.816  INFO     RX        /ERR/LOKO/0x00000002
17:31:35.851  INFO     RX        /ERR/LOKO/0x00000002
17:31:35.881  INFO     RX        /ERR/LOKO/0x00000002
17:31:35.948  INFO     RX        /ERR/LOKO/0x00000002
17:31:35.977  INFO     RX        /ERR/LOKO/0x00000002
17:31:35.977  INFO     RX        /ERR/LOKO/0x00000002
17:31:36.011  INFO     RX        /ERR/LOKO/0x00000002
17:31:36.011  INFO     RX        /ERR/LOKO/0x00000002
17:31:36.012  INFO     RX        /ERR/LOKO/0x00000002
17:31:36.040  INFO     RX        /ERR/LOKO/0x00000002
17:31:36.040  INFO     RX        /ERR/LOKO/0x00000002
17:31:36.041  INFO     RX        /ERR/LOKO/0x00000002
17:31:36.070  DEBUG    TX /CONTROLL/0,0,0,0,0,0,0,0,2
17:31:36.079  INFO     RX        /ERR/LOKO/0x00000002
17:31:36.079  INFO     RX        /ERR/LOKO/0x00000002
17:31:36.079  INFO     RX        /ERR/LOKO/0x00000002
17:31:36.107  INFO     RX        /ERR/LOKO/0x00000002
17:31:36.107  INFO     RX        /ERR/LOKO/0x00000002
17:31:36.142  INFO     RX        /ERR/LOKO/0x00000002
17:31:36.142  INFO     RX        /ERR/LOKO/0x00000002
17:31:36.142  INFO     RX        /ERR/LOKO/0x00000002
17:31:36.171  INFO     RX        /ERR/LOKO/0x00000002
17:31:36.171  INFO     RX        /ERR/LOKO/0x00000002
17:31:36.171  INFO     RX        /ERR/LOKO/0x00000002
17:31:36.206  INFO     RX        /ERR/LOKO/0x00000002
17:31:36.206  INFO     RX        /ERR/LOKO/0x00000002
17:31:36.206  INFO     RX        /ERR/LOKO/0x00000002
17:31:36.237  INFO     RX        /ERR/LOKO/0x00000002
17:31:36.237  INFO     RX        /ERR/LOKO/0x00000002
17:31:36.270  INFO     RX        /ERR/LOKO/0x00000002
17:31:36.270  INFO     RX        /ERR/LOKO/0x00000002
17:31:36.270  INFO     RX        /ERR/LOKO/0x00000002
17:31:36.300  INFO     RX        /ERR/LOKO/0x00000002
17:31:36.300  INFO     RX        /ERR/LOKO/0x00000002
17:31:36.300  INFO     RX        /ERR/LOKO/0x00000002
17:31:36.333  INFO     RX        /ERR/LOKO/0x00000002
17:31:36.333  INFO     RX        /ERR/LOKO/0x00000002
17:31:36.333  INFO     RX        /ERR/LOKO/0x00000002
17:31:36.366  INFO     RX        /ERR/LOKO/0x00000002
17:31:36.366  INFO     RX        /ERR/LOKO/0x00000002
17:31:36.366  INFO     RX        /ERR/LOKO/0x00000002
17:31:36.394  INFO     RX        /ERR/LOKO/0x00000002
17:31:36.395  INFO     RX        /ERR/LOKO/0x00000002
17:31:36.428  INFO     RX        /ERR/LOKO/0x00000002
17:31:36.428  INFO     RX        /ERR/LOKO/0x00000002
17:31:36.428  INFO     RX        /ERR/LOKO/0x00000002
17:31:36.462  INFO     RX        /ERR/LOKO/0x00000002
17:31:36.462  INFO     RX        /ERR/LOKO/0x00000002
17:31:36.462  INFO     RX        /ERR/LOKO/0x00000002
17:31:36.491  INFO     RX        /ERR/LOKO/0x00000002
17:31:36.491  INFO     RX        /ERR/LOKO/0x00000002
17:31:36.523  INFO     RX        /ERR/LOKO/0x00000002
17:31:36.523  INFO     RX        /ERR/LOKO/0x00000002
17:31:36.523  INFO     RX        /ERR/LOKO/0x00000002
17:31:36.558  INFO     RX        /ERR/LOKO/0x00000002
17:31:36.558  INFO     RX        /ERR/LOKO/0x00000002
17:31:36.558  INFO     RX        /ERR/LOKO/0x00000002
17:31:36.586  INFO     RX        /ERR/LOKO/0x00000002
17:31:36.586  INFO     RX        /ERR/LOKO/0x00000002
17:31:36.622  INFO     RX        /ERR/LOKO/0x00000002
17:31:36.622  INFO     RX        /ERR/LOKO/0x00000002
17:31:36.622  INFO     RX        /ERR/LOKO/0x00000002
17:31:36.652  INFO     RX        /ERR/LOKO/0x00000002
17:31:36.652  INFO     RX        /ERR/LOKO/0x00000002
17:31:36.652  INFO     RX        /ERR/LOKO/0x00000002
17:31:36.687  INFO     RX        /ERR/LOKO/0x00000002
17:31:37.339  INFO     RX        /ERR/LOKO/0x00000002
17:31:37.339  INFO     RX        /ERR/LOKO/0x00000002
17:31:37.369  INFO     RX        /ERR/LOKO/0x00000002
17:31:37.369  INFO     RX        /ERR/LOKO/0x00000002
17:31:37.369  INFO     RX        /ERR/LOKO/0x00000002
17:31:37.399  INFO     RX        /ERR/LOKO/0x00000002
17:31:37.399  INFO     RX        /ERR/LOKO/0x00000002
17:31:37.434  INFO     RX        /ERR/LOKO/0x00000002
17:31:37.434  INFO     RX        /ERR/LOKO/0x00000002
17:31:37.434  INFO     RX        /ERR/LOKO/0x00000002
17:31:37.463  INFO     RX        /ERR/LOKO/0x00000002
17:31:37.463  INFO     RX        /ERR/LOKO/0x00000002
17:31:37.464  INFO     RX        /ERR/LOKO/0x00000002
17:31:37.497  INFO     RX        /ERR/LOKO/0x00000002
17:31:37.497  INFO     RX        /ERR/LOKO/0x00000002
17:31:37.498  INFO     RX        /ERR/LOKO/0x00000002
17:31:37.527  INFO     RX        /ERR/LOKO/0x00000002
17:31:37.527  INFO     RX        /ERR/LOKO/0x00000002
17:31:37.562  INFO     RX        /ERR/LOKO/0x00000002
17:31:37.562  INFO     RX        /ERR/LOKO/0x00000002
17:31:37.562  INFO     RX        /ERR/LOKO/0x00000002
17:31:37.592  INFO     RX        /ERR/LOKO/0x00000002
17:31:37.686  DEBUG    TX /CONTROLL/0,0,0,0,0,0,0,0,2
17:31:37.724  INFO     RX        /ERR/LOKO/0x00000002
17:31:37.757  INFO     RX        /ERR/LOKO/0x00000002
17:31:37.757  INFO     RX        /ERR/LOKO/0x00000002
17:31:37.757  INFO     RX        /ERR/LOKO/0x00000002
17:31:37.790  INFO     RX        /ERR/LOKO/0x00000002
17:31:37.790  INFO     RX        /ERR/LOKO/0x00000002
17:31:37.790  INFO     RX        /ERR/LOKO/0x00000002
17:31:37.821  INFO     RX        /ERR/LOKO/0x00000002
17:31:37.821  INFO     RX        /ERR/LOKO/0x00000002
17:31:37.821  INFO     RX        /ERR/LOKO/0x00000002
17:31:37.862  INFO     RX        /ERR/LOKO/0x00000002
17:31:37.862  INFO     RX        /ERR/LOKO/0x00000002
17:31:37.862  INFO     RX        /ERR/LOKO/0x00000002
17:31:37.887  INFO     RX        /ERR/LOKO/0x00000002
17:31:37.887  INFO     RX        /ERR/LOKO/0x00000002
17:31:37.922  INFO     RX        /ERR/LOKO/0x00000002
17:31:38.015  INFO     RX        /ERR/LOKO/0x00000002
17:31:38.051  INFO     RX        /ERR/LOKO/0x00000002
17:31:38.051  INFO     RX        /ERR/LOKO/0x00000002
17:31:38.051  INFO     RX        /ERR/LOKO/0x00000002
17:31:38.080  INFO     RX        /ERR/LOKO/0x00000002
17:31:38.080  INFO     RX        /ERR/LOKO/0x00000002
17:31:38.080  INFO     RX        /ERR/LOKO/0x00000002
17:31:38.114  INFO     RX        /ERR/LOKO/0x00000002
17:31:38.115  INFO     RX        /ERR/LOKO/0x00000002
17:31:38.115  INFO     RX        /ERR/LOKO/0x00000002
17:31:38.144  INFO     RX        /ERR/LOKO/0x00000002
17:31:38.145  INFO     RX        /ERR/LOKO/0x00000002
17:31:38.179  INFO     RX        /ERR/LOKO/0x00000002
17:31:38.179  INFO     RX        /ERR/LOKO/0x00000002
17:31:38.271  INFO     RX        /ERR/LOKO/0x00000002
17:31:38.271  INFO     RX        /ERR/LOKO/0x00000002
17:31:38.307  INFO     RX        /ERR/LOKO/0x00000002
17:31:38.307  INFO     RX        /ERR/LOKO/0x00000002
17:31:38.307  INFO     RX        /ERR/LOKO/0x00000002
17:31:38.336  INFO     RX        /ERR/LOKO/0x00000002
17:31:38.336  INFO     RX        /ERR/LOKO/0x00000002
17:31:38.371  INFO     RX        /ERR/LOKO/0x00000002
17:31:38.371  INFO     RX        /ERR/LOKO/0x00000002
17:31:38.371  INFO     RX        /ERR/LOKO/0x00000002
17:31:38.400  INFO     RX        /ERR/LOKO/0x00000002
17:31:38.465  INFO     RX        /ERR/LOKO/0x00000002
17:31:38.501  INFO     RX        /ERR/LOKO/0x00000002
17:31:38.501  INFO     RX        /ERR/LOKO/0x00000002
17:31:38.501  INFO     RX        /ERR/LOKO/0x00000002
17:31:38.530  INFO     RX        /ERR/LOKO/0x00000002
17:31:38.530  INFO     RX        /ERR/LOKO/0x00000002
17:31:38.530  INFO     RX        /ERR/LOKO/0x00000002
17:31:38.564  INFO     RX        /ERR/LOKO/0x00000002
17:31:38.564  INFO     RX        /ERR/LOKO/0x00000002
17:31:38.564  INFO     RX        /ERR/LOKO/0x00000002
17:31:38.593  INFO     RX        /ERR/LOKO/0x00000002
17:31:38.593  INFO     RX        /ERR/LOKO/0x00000002
17:31:38.629  INFO     RX        /ERR/LOKO/0x00000002
17:31:38.660  INFO     RX        /ERR/LOKO/0x00000002
17:31:38.660  INFO     RX        /ERR/LOKO/0x00000002
17:31:38.689  INFO     RX        /ERR/LOKO/0x00000002
17:31:38.689  INFO     RX        /ERR/LOKO/0x00000002
17:31:38.689  INFO     RX        /ERR/LOKO/0x00000002
17:31:38.725  INFO     RX        /ERR/LOKO/0x00000002
17:31:38.725  INFO     RX        /ERR/LOKO/0x00000002
17:31:38.725  INFO     RX        /ERR/LOKO/0x00000002
17:31:38.758  INFO     RX        /ERR/LOKO/0x00000002
17:31:38.758  INFO     RX        /ERR/LOKO/0x00000002
17:31:38.786  INFO     RX        /ERR/LOKO/0x00000002
17:31:38.786  INFO     RX        /ERR/LOKO/0x00000002
17:31:38.786  INFO     RX        /ERR/LOKO/0x00000002
17:31:38.822  INFO     RX        /ERR/LOKO/0x00000002
17:31:39.296  DEBUG    TX /CONTROLL/0,0,0,0,0,0,1,0,0
17:31:40.911  DEBUG    TX /CONTROLL/0,0,0,0,0,0,1,0,0
17:31:42.521  DEBUG    TX /CONTROLL/0,0,0,0,0,0,0,0,0
17:31:44.132  DEBUG    TX /CONTROLL/0,0,0,0,0,0,0,0,0
17:31:45.746  DEBUG    TX /CONTROLL/0,0,0,0,0,0,0,0,0
17:31:47.363  DEBUG    TX /CONTROLL/0,0,0,0,0,0,4,0,0
17:31:48.975  DEBUG    TX /CONTROLL/0,0,0,0,0,0,2,0,0
17:31:50.586  DEBUG    TX /CONTROLL/0,0,0,0,0,0,0,0,0
17:31:52.199  DEBUG    TX /CONTROLL/0,0,0,0,0,0,0,0,0
17:31:53.806  DEBUG    TX /CONTROLL/0,0,0,0,0,0,0,0,0
17:31:55.416  DEBUG    TX /CONTROLL/0,0,0,0,0,0,1,0,0
17:31:57.024  DEBUG    TX /CONTROLL/0,0,0,0,0,0,0,0,0
17:31:57.124  INFO     RX        /ERR/LOKO/0x00000002
17:31:57.159  INFO     RX        /ERR/LOKO/0x00000002
17:31:57.160  INFO     RX        /ERR/LOKO/0x00000002
17:31:57.160  INFO     RX        /ERR/LOKO/0x00000002
17:31:57.188  INFO     RX        /ERR/LOKO/0x00000002
17:31:57.188  INFO     RX        /ERR/LOKO/0x00000002
17:31:57.188  INFO     RX        /ERR/LOKO/0x00000002
17:31:57.223  INFO     RX        /ERR/LOKO/0x00000002
17:31:57.223  INFO     RX        /ERR/LOKO/0x00000002
17:31:57.223  INFO     RX        /ERR/LOKO/0x00000002
17:31:57.253  INFO     RX        /ERR/LOKO/0x00000002
17:31:57.253  INFO     RX        /ERR/LOKO/0x00000002
17:31:57.287  INFO     RX        /ERR/LOKO/0x00000002
17:31:57.288  INFO     RX        /ERR/LOKO/0x00000002
17:31:57.288  INFO     RX        /ERR/LOKO/0x00000002
17:31:57.317  INFO     RX        /ERR/LOKO/0x00000002
17:31:57.317  INFO     RX        /ERR/LOKO/0x00000002
17:31:57.317  INFO     RX        /ERR/LOKO/0x00000002
17:31:57.354  INFO     RX        /ERR/LOKO/0x00000002
17:31:57.354  INFO     RX        /ERR/LOKO/0x00000002
17:31:57.354  INFO     RX        /ERR/LOKO/0x00000002
17:31:57.384  INFO     RX        /ERR/LOKO/0x00000002
17:31:57.384  INFO     RX        /ERR/LOKO/0x00000002
17:31:57.417  INFO     RX        /ERR/LOKO/0x00000002
17:31:57.417  INFO     RX        /ERR/LOKO/0x00000002
17:31:57.417  INFO     RX        /ERR/LOKO/0x00000002
17:31:57.450  INFO     RX        /ERR/LOKO/0x00000002
17:31:57.450  INFO     RX        /ERR/LOKO/0x00000002
17:31:57.450  INFO     RX        /ERR/LOKO/0x00000002
17:31:57.484  INFO     RX        /ERR/LOKO/0x00000002
17:31:57.485  INFO     RX        /ERR/LOKO/0x00000002
17:31:57.485  INFO     RX        /ERR/LOKO/0x00000002
17:31:57.511  INFO     RX        /ERR/LOKO/0x00000002
17:31:58.638  DEBUG    TX /CONTROLL/0,0,0,0,0,0,0,0,0
17:32:00.242  DEBUG    TX /CONTROLL/0,0,0,0,0,0,8,0,0
17:32:01.851  DEBUG    TX /CONTROLL/0,0,0,0,0,0,0,0,0
17:32:03.464  DEBUG    TX /CONTROLL/0,0,0,0,0,0,0,0,0
17:32:05.075  DEBUG    TX /CONTROLL/0,0,0,0,0,0,0,0,0
17:32:06.682  DEBUG    TX /CONTROLL/0,0,0,0,0,0,0,0,0
17:32:08.285  DEBUG    TX /CONTROLL/0,0,0,0,0,0,0,0,0
17:32:09.896  DEBUG    TX /CONTROLL/0,0,0,0,0,0,0,0,0
17:32:11.507  DEBUG    TX /CONTROLL/0,0,0,0,0,0,0,0,0
17:32:13.115  DEBUG    TX /CONTROLL/0,0,0,0,0,0,0,0,0
17:32:14.729  DEBUG    TX /CONTROLL/0,0,0,0,0,0,0,0,0
17:32:16.343  DEBUG    TX /CONTROLL/0,0,0,0,0,0,0,0,0
17:32:17.951  DEBUG    TX /CONTROLL/0,0,0,0,0,0,0,0,0
17:32:19.551  DEBUG    TX /CONTROLL/0,0,0,0,0,0,0,0,0
17:32:21.160  DEBUG    TX /CONTROLL/0,0,0,0,0,0,0,0,0
17:32:22.769  DEBUG    TX /CONTROLL/0,0,0,0,0,0,0,0,0
17:32:24.123  INFO     RX        /ERR/LOKO/0x00000002
17:32:24.157  INFO     RX        /ERR/LOKO/0x00000002
17:32:24.157  INFO     RX        /ERR/LOKO/0x00000002
17:32:24.157  INFO     RX        /ERR/LOKO/0x00000002
17:32:24.189  INFO     RX        /ERR/LOKO/0x00000002
17:32:24.189  INFO     RX        /ERR/LOKO/0x00000002
17:32:24.189  INFO     RX        /ERR/LOKO/0x00000002
17:32:24.221  INFO     RX        /ERR/LOKO/0x00000002
17:32:24.221  INFO     RX        /ERR/LOKO/0x00000002
17:32:24.221  INFO     RX        /ERR/LOKO/0x00000002
17:32:24.253  INFO     RX        /ERR/LOKO/0x00000002
17:32:24.253  INFO     RX        /ERR/LOKO/0x00000002
17:32:24.253  INFO     RX        /ERR/LOKO/0x00000002
17:32:24.286  INFO     RX        /ERR/LOKO/0x00000002
17:32:24.286  INFO     RX        /ERR/LOKO/0x00000002
17:32:24.316  INFO     RX        /ERR/LOKO/0x00000002
17:32:24.317  INFO     RX        /ERR/LOKO/0x00000002
17:32:24.317  INFO     RX        /ERR/LOKO/0x00000002
17:32:24.352  INFO     RX        /ERR/LOKO/0x00000002
17:32:24.352  INFO     RX        /ERR/LOKO/0x00000002
17:32:24.352  INFO     RX        /ERR/LOKO/0x00000002
17:32:24.377  DEBUG    TX /CONTROLL/0,0,38,-27,0,0,0,0,0
17:32:24.385  INFO     RX        /ERR/LOKO/0x00000002
17:32:24.385  INFO     RX        /ERR/LOKO/0x00000002
17:32:24.385  INFO     RX        /ERR/LOKO/0x00000002
17:32:24.412  INFO     RX        /ERR/LOKO/0x00000002
17:32:24.412  INFO     RX        /ERR/LOKO/0x00000002
17:32:24.450  INFO     RX        /ERR/LOKO/0x00000002
17:32:24.450  INFO     RX        /ERR/LOKO/0x00000002
17:32:24.450  INFO     RX        /ERR/LOKO/0x00000002
17:32:24.476  INFO     RX        /ERR/LOKO/0x00000002
17:32:25.986  DEBUG    TX /CONTROLL/0,0,0,0,0,0,0,0,0
17:32:27.596  DEBUG    TX /CONTROLL/0,0,0,0,0,0,0,0,0
17:32:29.211  DEBUG    TX /CONTROLL/0,0,0,0,0,0,0,0,0
17:32:30.820  DEBUG    TX /CONTROLL/0,0,0,0,0,0,0,0,0
17:32:32.432  DEBUG    TX /CONTROLL/0,0,0,0,0,0,0,0,0
17:32:34.042  DEBUG    TX /CONTROLL/0,0,0,0,0,0,0,0,0
17:32:35.649  DEBUG    TX /CONTROLL/0,0,0,0,0,0,0,0,0
17:32:37.263  DEBUG    TX /CONTROLL/0,0,0,0,0,0,0,0,0
17:32:38.873  DEBUG    TX /CONTROLL/0,0,0,0,0,0,0,0,0
17:32:40.484  DEBUG    TX /CONTROLL/0,0,0,0,0,0,0,0,0
17:32:42.103  DEBUG    TX /CONTROLL/0,0,0,0,0,0,0,0,0
17:32:43.719  DEBUG    TX /CONTROLL/0,0,0,0,0,0,0,0,0
17:32:45.329  DEBUG    TX /CONTROLL/0,0,0,0,0,0,0,0,0
17:32:46.946  DEBUG    TX /CONTROLL/0,0,0,0,0,0,0,0,0
17:32:48.562  DEBUG    TX /CONTROLL/0,0,0,0,0,0,0,0,0
17:32:50.174  DEBUG    TX /CONTROLL/0,0,0,0,0,0,0,0,0
17:32:51.787  DEBUG    TX /CONTROLL/0,0,0,0,0,0,0,0,0
17:32:53.400  DEBUG    TX /CONTROLL/0,0,0,0,0,0,0,0,0
17:32:55.018  DEBUG    TX /CONTROLL/0,0,0,0,0,0,0,0,0
17:32:56.632  DEBUG    TX /CONTROLL/0,0,0,0,0,0,0,0,0
17:32:58.246  DEBUG    TX /CONTROLL/0,0,0,0,0,0,0,0,0
17:32:59.858  DEBUG    TX /CONTROLL/0,0,0,0,0,0,0,0,0
17:33:01.469  DEBUG    TX /CONTROLL/0,0,0,0,0,0,0,0,0
17:33:03.076  DEBUG    TX /CONTROLL/0,0,0,0,0,0,0,0,0
17:33:04.689  DEBUG    TX /CONTROLL/0,0,0,0,0,0,0,0,0
17:33:06.302  DEBUG    TX /CONTROLL/0,0,0,0,0,0,0,0,0
17:33:07.914  DEBUG    TX /CONTROLL/0,0,0,0,0,0,0,0,0
17:33:09.525  DEBUG    TX /CONTROLL/0,0,0,0,0,0,0,0,0
17:33:11.135  DEBUG    TX /CONTROLL/0,0,0,0,0,0,0,0,0
17:33:12.743  DEBUG    TX /CONTROLL/0,0,0,0,0,0,0,0,0
17:33:14.353  DEBUG    TX /CONTROLL/0,0,0,0,0,0,0,0,0
17:33:15.966  DEBUG    TX /CONTROLL/0,0,0,0,0,0,0,0,0
17:33:17.576  DEBUG    TX /CONTROLL/0,0,0,0,0,0,0,0,0
17:33:19.183  DEBUG    TX /CONTROLL/0,0,0,0,0,0,0,0,0
17:33:20.798  DEBUG    TX /CONTROLL/0,0,0,0,0,0,0,0,0
17:33:22.405  DEBUG    TX /CONTROLL/0,0,0,0,0,0,0,0,0
17:33:24.019  DEBUG    TX /CONTROLL/0,0,0,0,0,0,0,0,0
17:33:25.628  DEBUG    TX /CONTROLL/0,0,0,0,0,0,0,0,0
17:33:27.239  DEBUG    TX /CONTROLL/0,0,0,0,0,0,0,0,0
17:33:28.851  DEBUG    TX /CONTROLL/0,0,0,0,0,0,0,0,0
17:33:30.459  DEBUG    TX /CONTROLL/0,0,0,0,0,0,0,0,0
17:33:32.069  DEBUG    TX /CONTROLL/0,0,0,0,0,0,0,0,0
17:33:33.680  DEBUG    TX /CONTROLL/0,0,0,0,0,0,0,0,0
17:33:35.288  DEBUG    TX /CONTROLL/0,0,0,0,0,0,0,0,0
17:33:36.901  DEBUG    TX /CONTROLL/0,0,0,0,0,0,0,0,0
17:33:38.512  DEBUG    TX /CONTROLL/0,0,0,0,0,0,0,0,0
17:33:40.123  DEBUG    TX /CONTROLL/0,0,0,0,0,0,0,0,0
17:33:41.732  DEBUG    TX /CONTROLL/0,0,0,0,0,0,0,0,0
17:33:43.341  DEBUG    TX /CONTROLL/0,0,0,0,0,0,0,0,0
17:33:44.951  DEBUG    TX /CONTROLL/0,0,0,0,0,0,0,0,0
17:33:46.553  DEBUG    TX /CONTROLL/0,0,0,0,0,0,0,0,0
17:33:48.165  DEBUG    TX /CONTROLL/0,0,0,0,0,0,0,0,0
17:33:49.779  DEBUG    TX /CONTROLL/0,0,0,0,0,0,0,0,0
17:33:51.393  DEBUG    TX /CONTROLL/0,0,0,0,0,0,0,0,0
17:33:53.002  DEBUG    TX /CONTROLL/0,0,0,0,0,0,0,0,0
17:33:54.608  DEBUG    TX /CONTROLL/0,0,0,0,0,0,0,0,0
17:33:56.224  DEBUG    TX /CONTROLL/0,0,0,0,0,0,0,0,0
17:33:57.829  DEBUG    TX /CONTROLL/0,0,0,0,0,0,0,0,0
17:33:59.439  DEBUG    TX /CONTROLL/0,0,0,0,0,0,0,0,0
17:34:01.047  DEBUG    TX /CONTROLL/0,0,0,0,0,0,0,0,0
17:34:02.658  DEBUG    TX /CONTROLL/0,0,0,0,0,0,0,0,0
17:34:04.276  DEBUG    TX /CONTROLL/0,0,0,0,0,0,0,0,0
17:34:05.888  DEBUG    TX /CONTROLL/0,0,0,0,0,0,0,0,0
17:34:07.503  DEBUG    TX /CONTROLL/0,0,0,0,0,0,0,0,0
17:34:09.121  DEBUG    TX /CONTROLL/0,0,0,0,0,0,0,0,0
17:34:10.729  DEBUG    TX /CONTROLL/0,0,0,0,0,0,0,0,0
17:34:12.348  DEBUG    TX /CONTROLL/0,0,0,0,0,0,0,0,0
17:34:13.965  DEBUG    TX /CONTROLL/0,0,0,0,0,0,0,0,0
17:34:15.578  DEBUG    TX /CONTROLL/0,0,0,0,0,0,0,0,0
17:34:17.194  DEBUG    TX /CONTROLL/0,0,0,0,0,0,0,0,0
17:34:18.801  DEBUG    TX /CONTROLL/0,0,0,0,0,0,0,0,0
17:34:20.417  DEBUG    TX /CONTROLL/0,0,0,0,0,0,0,0,0
17:34:22.028  DEBUG    TX /CONTROLL/0,0,0,0,0,0,0,0,0
17:34:23.647  DEBUG    TX /CONTROLL/0,0,0,0,0,0,0,0,0
17:34:25.266  DEBUG    TX /CONTROLL/0,0,0,0,0,0,0,0,0
17:34:26.871  DEBUG    TX /CONTROLL/0,0,0,0,0,0,0,0,0
17:34:28.484  DEBUG    TX /CONTROLL/0,0,0,0,0,0,0,0,0
17:34:30.095  DEBUG    TX /CONTROLL/0,0,0,0,0,0,0,0,0
17:34:31.705  DEBUG    TX /CONTROLL/0,0,0,0,0,0,0,0,0
17:34:33.316  DEBUG    TX /CONTROLL/0,0,0,0,0,0,0,0,0
17:34:34.924  DEBUG    TX /CONTROLL/0,0,0,0,0,0,0,0,0
17:34:36.535  DEBUG    TX /CONTROLL/0,0,0,0,0,0,0,0,0
17:34:38.144  DEBUG    TX /CONTROLL/0,0,0,0,0,0,0,0,0
17:34:39.757  DEBUG    TX /CONTROLL/0,0,0,0,0,0,0,0,0
17:34:41.367  DEBUG    TX /CONTROLL/0,0,0,0,0,0,0,0,0
17:34:42.975  DEBUG    TX /CONTROLL/0,0,0,0,0,0,0,0,0
17:34:44.583  DEBUG    TX /CONTROLL/0,0,0,0,0,0,0,0,0
17:34:46.196  DEBUG    TX /CONTROLL/0,0,0,0,0,0,0,0,0
17:34:47.807  DEBUG    TX /CONTROLL/0,0,0,0,0,0,0,0,0
17:34:49.414  DEBUG    TX /CONTROLL/0,0,0,0,0,0,0,0,0
17:34:51.022  DEBUG    TX /CONTROLL/0,0,0,0,0,0,0,0,0
17:34:52.636  DEBUG    TX /CONTROLL/0,0,0,0,0,0,0,0,0
17:34:54.240  DEBUG    TX /CONTROLL/0,0,0,0,0,0,0,0,0
17:34:55.850  DEBUG    TX /CONTROLL/0,0,0,0,0,0,0,0,0
17:34:57.462  DEBUG    TX /CONTROLL/0,0,0,0,0,0,0,0,0
17:34:59.068  DEBUG    TX /CONTROLL/0,0,0,0,0,0,0,0,0
17:35:00.684  DEBUG    TX /CONTROLL/0,0,0,0,0,0,0,0,0
17:35:02.298  DEBUG    TX /CONTROLL/0,0,0,0,0,0,0,0,0
17:35:03.904  DEBUG    TX /CONTROLL/0,0,0,0,0,0,0,0,0
17:35:05.517  DEBUG    TX /CONTROLL/0,0,0,0,0,0,0,0,0
17:35:07.126  DEBUG    TX /CONTROLL/0,0,0,0,0,0,0,0,0
17:35:08.738  DEBUG    TX /CONTROLL/0,0,0,0,0,0,0,0,0
17:35:10.346  DEBUG    TX /CONTROLL/0,0,0,0,0,0,0,0,0
17:35:11.956  DEBUG    TX /CONTROLL/0,0,0,0,0,0,0,0,0
17:35:13.567  DEBUG    TX /CONTROLL/0,0,0,0,0,0,0,0,0
17:35:15.180  DEBUG    TX /CONTROLL/0,0,0,0,0,0,0,0,0
17:35:16.787  DEBUG    TX /CONTROLL/0,0,0,0,0,0,0,0,0
17:35:18.394  DEBUG    TX /CONTROLL/0,0,0,0,0,0,0,0,0
17:35:20.004  DEBUG    TX /CONTROLL/0,0,0,0,0,0,0,0,0
17:35:21.624  DEBUG    TX /CONTROLL/0,0,0,0,0,0,0,0,0
17:35:23.238  DEBUG    TX /CONTROLL/0,0,0,0,0,0,0,0,0
17:35:24.850  DEBUG    TX /CONTROLL/0,0,0,0,0,0,0,0,4
17:35:26.473  DEBUG    TX /CONTROLL/0,0,0,0,0,0,0,0,0
17:35:28.084  DEBUG    TX /CONTROLL/0,0,0,0,0,0,0,0,0
17:35:28.219  INFO     RX        /ERR/LOKO/0x00000002
17:35:28.219  INFO     RX        /ERR/LOKO/0x00000002
17:35:28.249  INFO     RX        /ERR/LOKO/0x00000002
17:35:28.249  INFO     RX        /ERR/LOKO/0x00000002
17:35:28.284  INFO     RX        /ERR/LOKO/0x00000002
17:35:28.284  INFO     RX        /ERR/LOKO/0x00000002
17:35:28.284  INFO     RX        /ERR/LOKO/0x00000002
17:35:28.313  INFO     RX        /ERR/LOKO/0x00000002
17:35:28.313  INFO     RX        /ERR/LOKO/0x00000002
17:35:28.349  INFO     RX        /ERR/LOKO/0x00000002
17:35:28.350  INFO     RX        /ERR/LOKO/0x00000002
17:35:28.350  INFO     RX        /ERR/LOKO/0x00000002
17:35:28.350  INFO     RX        /ERR/LOKO/0x00000002
17:35:28.379  INFO     RX        /ERR/LOKO/0x00000002
17:35:28.379  INFO     RX        /ERR/LOKO/0x00000002
17:35:28.413  INFO     RX        /ERR/LOKO/0x00000002
17:35:28.413  INFO     RX        /ERR/LOKO/0x00000002
17:35:28.413  INFO     RX        /ERR/LOKO/0x00000002
17:35:28.443  INFO     RX        /ERR/LOKO/0x00000002
17:35:28.443  INFO     RX        /ERR/LOKO/0x00000002
17:35:28.477  INFO     RX        /ERR/LOKO/0x00000002
17:35:28.477  INFO     RX        /ERR/LOKO/0x00000002
17:35:28.477  INFO     RX        /ERR/LOKO/0x00000002
17:35:28.507  INFO     RX        /ERR/LOKO/0x00000002
17:35:29.702  DEBUG    TX /CONTROLL/0,0,0,0,0,0,0,0,0
17:35:31.313  DEBUG    TX /CONTROLL/0,0,0,0,0,0,0,0,0
17:35:32.923  DEBUG    TX /CONTROLL/0,0,0,0,0,0,0,0,0
17:35:34.533  DEBUG    TX /CONTROLL/0,0,0,0,0,0,0,0,0
17:35:36.149  DEBUG    TX /CONTROLL/0,0,0,0,0,0,0,0,0
17:35:37.755  DEBUG    TX /CONTROLL/0,0,0,0,0,0,0,0,0
17:35:39.364  DEBUG    TX /CONTROLL/0,0,0,0,0,0,0,0,0
17:35:40.977  DEBUG    TX /CONTROLL/0,0,0,0,0,0,0,0,0
17:35:42.584  DEBUG    TX /CONTROLL/0,0,0,0,0,0,0,0,2
17:35:44.194  DEBUG    TX /CONTROLL/0,0,0,0,0,0,0,0,0
17:35:45.810  DEBUG    TX /CONTROLL/0,0,0,0,0,0,0,0,0
17:35:47.421  DEBUG    TX /CONTROLL/0,0,0,0,0,0,0,0,0
17:35:49.027  DEBUG    TX /CONTROLL/0,0,0,0,0,0,0,0,0
17:35:50.636  DEBUG    TX /CONTROLL/0,0,0,0,0,0,0,0,0
17:35:52.245  DEBUG    TX /CONTROLL/0,0,0,0,0,0,0,0,2
17:35:53.852  DEBUG    TX /CONTROLL/0,0,0,0,0,0,0,0,2
17:35:55.465  DEBUG    TX /CONTROLL/0,0,0,0,0,0,0,0,0
17:35:57.075  DEBUG    TX /CONTROLL/0,0,0,0,0,0,0,0,0
17:35:58.688  DEBUG    TX /CONTROLL/0,0,0,0,0,0,0,0,2
17:36:00.297  DEBUG    TX /CONTROLL/0,0,0,0,0,0,0,0,0
17:36:01.906  DEBUG    TX /CONTROLL/0,0,0,0,0,0,4,0,0
17:36:03.517  DEBUG    TX /CONTROLL/0,0,0,0,0,0,0,0,0
17:36:05.124  DEBUG    TX /CONTROLL/0,0,0,0,0,0,0,0,0
17:36:06.736  DEBUG    TX /CONTROLL/0,0,0,0,0,0,0,0,0
17:36:08.338  DEBUG    TX /CONTROLL/0,0,0,0,0,0,0,0,0
17:36:09.953  DEBUG    TX /CONTROLL/0,0,0,0,0,0,0,0,0
17:36:11.563  DEBUG    TX /CONTROLL/0,0,0,0,0,0,0,0,0
17:36:13.174  DEBUG    TX /CONTROLL/0,0,0,0,0,0,0,0,0
17:36:14.790  DEBUG    TX /CONTROLL/0,0,0,0,0,0,0,0,0
17:36:16.403  DEBUG    TX /CONTROLL/0,0,0,0,0,0,0,0,0
17:36:18.013  DEBUG    TX /CONTROLL/0,0,0,0,0,0,0,0,0
17:36:19.620  DEBUG    TX /CONTROLL/0,0,0,0,0,0,0,0,0
17:36:21.237  DEBUG    TX /CONTROLL/0,0,0,0,0,0,0,0,2
17:36:22.845  DEBUG    TX /CONTROLL/0,0,0,0,0,0,0,0,0
17:36:24.458  DEBUG    TX /CONTROLL/0,0,0,0,0,0,0,0,0
17:36:26.067  DEBUG    TX /CONTROLL/0,0,0,0,0,0,0,0,0
17:36:26.875  INFO     RX        /ERR/LOKO/0x00000002
17:36:26.875  INFO     RX        /ERR/LOKO/0x00000002
17:36:26.875  INFO     RX        /ERR/LOKO/0x00000002
17:36:26.907  INFO     RX        /ERR/LOKO/0x00000002
17:36:26.907  INFO     RX        /ERR/LOKO/0x00000002
17:36:26.907  INFO     RX        /ERR/LOKO/0x00000002
17:36:26.943  INFO     RX        /ERR/LOKO/0x00000002
17:36:26.943  INFO     RX        /ERR/LOKO/0x00000002
17:36:26.943  INFO     RX        /ERR/LOKO/0x00000002
17:36:26.972  INFO     RX        /ERR/LOKO/0x00000002
17:36:26.972  INFO     RX        /ERR/LOKO/0x00000002
17:36:27.007  INFO     RX        /ERR/LOKO/0x00000002
17:36:27.007  INFO     RX        /ERR/LOKO/0x00000002
17:36:27.007  INFO     RX        /ERR/LOKO/0x00000002
17:36:27.045  INFO     RX        /ERR/LOKO/0x00000002
17:36:27.045  INFO     RX        /ERR/LOKO/0x00000002
17:36:27.045  INFO     RX        /ERR/LOKO/0x00000002
17:36:27.069  INFO     RX        /ERR/LOKO/0x00000002
17:36:27.069  INFO     RX        /ERR/LOKO/0x00000002
17:36:27.104  INFO     RX        /ERR/LOKO/0x00000002
17:36:27.105  INFO     RX        /ERR/LOKO/0x00000002
17:36:27.105  INFO     RX        /ERR/LOKO/0x00000002
17:36:27.140  INFO     RX        /ERR/LOKO/0x00000002
17:36:27.140  INFO     RX        /ERR/LOKO/0x00000002
17:36:27.140  INFO     RX        /ERR/LOKO/0x00000002
17:36:27.166  INFO     RX        /ERR/LOKO/0x00000002
17:36:27.166  INFO     RX        /ERR/LOKO/0x00000002
17:36:27.166  INFO     RX        /ERR/LOKO/0x00000002
17:36:27.200  INFO     RX        /ERR/LOKO/0x00000002
17:36:27.200  INFO     RX        /ERR/LOKO/0x00000002
17:36:27.200  INFO     RX        /ERR/LOKO/0x00000002
17:36:27.234  INFO     RX        /ERR/LOKO/0x00000002
17:36:27.234  INFO     RX        /ERR/LOKO/0x00000002
17:36:27.263  INFO     RX        /ERR/LOKO/0x00000002
17:36:27.263  INFO     RX        /ERR/LOKO/0x00000002
17:36:27.263  INFO     RX        /ERR/LOKO/0x00000002
17:36:27.293  INFO     RX        /ERR/LOKO/0x00000002
17:36:27.293  INFO     RX        /ERR/LOKO/0x00000002
17:36:27.293  INFO     RX        /ERR/LOKO/0x00000002
17:36:27.329  INFO     RX        /ERR/LOKO/0x00000002
17:36:27.329  INFO     RX        /ERR/LOKO/0x00000002
17:36:27.329  INFO     RX        /ERR/LOKO/0x00000002
17:36:27.359  INFO     RX        /ERR/LOKO/0x00000002
17:36:27.359  INFO     RX        /ERR/LOKO/0x00000002
17:36:27.393  INFO     RX        /ERR/LOKO/0x00000002
17:36:27.393  INFO     RX        /ERR/LOKO/0x00000002
17:36:27.393  INFO     RX        /ERR/LOKO/0x00000002
17:36:27.423  INFO     RX        /ERR/LOKO/0x00000002
17:36:27.423  INFO     RX        /ERR/LOKO/0x00000002
17:36:27.423  INFO     RX        /ERR/LOKO/0x00000002
17:36:27.457  INFO     RX        /ERR/LOKO/0x00000002
17:36:27.457  INFO     RX        /ERR/LOKO/0x00000002
17:36:27.487  INFO     RX        /ERR/LOKO/0x00000002
17:36:27.487  INFO     RX        /ERR/LOKO/0x00000002
17:36:27.676  DEBUG    TX /CONTROLL/0,0,0,0,0,0,0,0,0
17:36:28.845  INFO     RX        /ERR/LOKO/0x00000002
17:36:28.877  INFO     RX        /ERR/LOKO/0x00000002
17:36:28.877  INFO     RX        /ERR/LOKO/0x00000002
17:36:28.877  INFO     RX        /ERR/LOKO/0x00000002
17:36:28.912  INFO     RX        /ERR/LOKO/0x00000002
17:36:28.912  INFO     RX        /ERR/LOKO/0x00000002
17:36:28.912  INFO     RX        /ERR/LOKO/0x00000002
17:36:28.938  INFO     RX        /ERR/LOKO/0x00000002
17:36:28.939  INFO     RX        /ERR/LOKO/0x00000002
17:36:28.974  INFO     RX        /ERR/LOKO/0x00000002
17:36:28.974  INFO     RX        /ERR/LOKO/0x00000002
17:36:28.974  INFO     RX        /ERR/LOKO/0x00000002
17:36:29.011  INFO     RX        /ERR/LOKO/0x00000002
17:36:29.011  INFO     RX        /ERR/LOKO/0x00000002
17:36:29.011  INFO     RX        /ERR/LOKO/0x00000002
17:36:29.039  INFO     RX        /ERR/LOKO/0x00000002
17:36:29.039  INFO     RX        /ERR/LOKO/0x00000002
17:36:29.039  INFO     RX        /ERR/LOKO/0x00000002
17:36:29.073  INFO     RX        /ERR/LOKO/0x00000002
17:36:29.074  INFO     RX        /ERR/LOKO/0x00000002
17:36:29.074  INFO     RX        /ERR/LOKO/0x00000002
17:36:29.105  INFO     RX        /ERR/LOKO/0x00000002
17:36:29.105  INFO     RX        /ERR/LOKO/0x00000002
17:36:29.137  INFO     RX        /ERR/LOKO/0x00000002
17:36:29.137  INFO     RX        /ERR/LOKO/0x00000002
17:36:29.137  INFO     RX        /ERR/LOKO/0x00000002
17:36:29.167  INFO     RX        /ERR/LOKO/0x00000002
17:36:29.167  INFO     RX        /ERR/LOKO/0x00000002
17:36:29.167  INFO     RX        /ERR/LOKO/0x00000002
17:36:29.289  DEBUG    TX /CONTROLL/0,0,0,-42,0,0,0,0,0
17:36:29.293  INFO     RX        /ERR/LOKO/0x00000002
17:36:29.293  INFO     RX        /ERR/LOKO/0x00000002
17:36:29.293  INFO     RX        /ERR/LOKO/0x00000002
17:36:29.327  INFO     RX        /ERR/LOKO/0x00000002
17:36:29.327  INFO     RX        /ERR/LOKO/0x00000002
17:36:29.327  INFO     RX        /ERR/LOKO/0x00000002
17:36:29.361  INFO     RX        /ERR/LOKO/0x00000002
17:36:29.361  INFO     RX        /ERR/LOKO/0x00000002
17:36:29.392  INFO     RX        /ERR/LOKO/0x00000002
17:36:29.393  INFO     RX        /ERR/LOKO/0x00000002
17:36:29.393  INFO     RX        /ERR/LOKO/0x00000002
17:36:29.424  INFO     RX        /ERR/LOKO/0x00000002
17:36:29.424  INFO     RX        /ERR/LOKO/0x00000002
17:36:29.425  INFO     RX        /ERR/LOKO/0x00000002
17:36:29.456  INFO     RX        /ERR/LOKO/0x00000002
17:36:29.456  INFO     RX        /ERR/LOKO/0x00000002
17:36:29.456  INFO     RX        /ERR/LOKO/0x00000002
17:36:29.491  INFO     RX        /ERR/LOKO/0x00000002
17:36:29.492  INFO     RX        /ERR/LOKO/0x00000002
17:36:29.492  INFO     RX        /ERR/LOKO/0x00000002
17:36:29.521  INFO     RX        /ERR/LOKO/0x00000002
17:36:29.521  INFO     RX        /ERR/LOKO/0x00000002
17:36:29.552  INFO     RX        /ERR/LOKO/0x00000002
17:36:29.552  INFO     RX        /ERR/LOKO/0x00000002
17:36:29.552  INFO     RX        /ERR/LOKO/0x00000002
17:36:29.588  INFO     RX        /ERR/LOKO/0x00000002
17:36:29.588  INFO     RX        /ERR/LOKO/0x00000002
17:36:29.588  INFO     RX        /ERR/LOKO/0x00000002
17:36:29.621  INFO     RX        /ERR/LOKO/0x00000002
17:36:29.621  INFO     RX        /ERR/LOKO/0x00000002
17:36:29.621  INFO     RX        /ERR/LOKO/0x00000002
17:36:29.649  INFO     RX        /ERR/LOKO/0x00000002
17:36:29.649  INFO     RX        /ERR/LOKO/0x00000002
17:36:29.684  INFO     RX        /ERR/LOKO/0x00000002
17:36:29.684  INFO     RX        /ERR/LOKO/0x00000002
17:36:29.684  INFO     RX        /ERR/LOKO/0x00000002
17:36:29.718  INFO     RX        /ERR/LOKO/0x00000002
17:36:29.718  INFO     RX        /ERR/LOKO/0x00000002
17:36:29.718  INFO     RX        /ERR/LOKO/0x00000002
17:36:29.747  INFO     RX        /ERR/LOKO/0x00000002
17:36:29.747  INFO     RX        /ERR/LOKO/0x00000002
17:36:29.780  INFO     RX        /ERR/LOKO/0x00000002
17:36:29.780  INFO     RX        /ERR/LOKO/0x00000002
17:36:29.780  INFO     RX        /ERR/LOKO/0x00000002
17:36:29.814  INFO     RX        /ERR/LOKO/0x00000002
17:36:29.814  INFO     RX        /ERR/LOKO/0x00000002
17:36:29.814  INFO     RX        /ERR/LOKO/0x00000002
17:36:29.845  INFO     RX        /ERR/LOKO/0x00000002
17:36:29.845  INFO     RX        /ERR/LOKO/0x00000002
17:36:29.845  INFO     RX        /ERR/LOKO/0x00000002
17:36:29.880  INFO     RX        /ERR/LOKO/0x00000002
17:36:29.880  INFO     RX        /ERR/LOKO/0x00000002
17:36:29.880  INFO     RX        /ERR/LOKO/0x00000002
17:36:29.909  INFO     RX        /ERR/LOKO/0x00000002
17:36:29.909  INFO     RX        /ERR/LOKO/0x00000002
17:36:29.944  INFO     RX        /ERR/LOKO/0x00000002
17:36:29.944  INFO     RX        /ERR/LOKO/0x00000002
17:36:29.944  INFO     RX        /ERR/LOKO/0x00000002
17:36:29.977  INFO     RX        /ERR/LOKO/0x00000002
17:36:29.977  INFO     RX        /ERR/LOKO/0x00000002
17:36:29.977  INFO     RX        /ERR/LOKO/0x00000002
17:36:30.008  INFO     RX        /ERR/LOKO/0x00000002
17:36:30.008  INFO     RX        /ERR/LOKO/0x00000002
17:36:30.008  INFO     RX        /ERR/LOKO/0x00000002
17:36:30.043  INFO     RX        /ERR/LOKO/0x00000002
17:36:30.044  INFO     RX        /ERR/LOKO/0x00000002
17:36:30.044  INFO     RX        /ERR/LOKO/0x00000002
17:36:30.072  INFO     RX        /ERR/LOKO/0x00000002
17:36:30.072  INFO     RX        /ERR/LOKO/0x00000002
17:36:30.107  INFO     RX        /ERR/LOKO/0x00000002
17:36:30.107  INFO     RX        /ERR/LOKO/0x00000002
17:36:30.107  INFO     RX        /ERR/LOKO/0x00000002
17:36:30.136  INFO     RX        /ERR/LOKO/0x00000002
17:36:30.136  INFO     RX        /ERR/LOKO/0x00000002
17:36:30.236  INFO     RX        /ERR/LOKO/0x00000002
17:36:30.264  INFO     RX        /ERR/LOKO/0x00000002
17:36:30.265  INFO     RX        /ERR/LOKO/0x00000002
17:36:30.265  INFO     RX        /ERR/LOKO/0x00000002
17:36:30.299  INFO     RX        /ERR/LOKO/0x00000002
17:36:30.905  DEBUG    TX /CONTROLL/0,0,0,0,0,0,0,0,0
17:36:32.513  DEBUG    TX /CONTROLL/0,0,0,0,0,0,4,0,0
17:36:33.514  INFO     RX        /ERR/LOKO/0x00000002
17:36:33.514  INFO     RX        /ERR/LOKO/0x00000002
17:36:33.549  INFO     RX        /ERR/LOKO/0x00000002
17:36:33.549  INFO     RX        /ERR/LOKO/0x00000002
17:36:33.549  INFO     RX        /ERR/LOKO/0x00000002
17:36:33.576  INFO     RX        /ERR/LOKO/0x00000002
17:36:33.577  INFO     RX        /ERR/LOKO/0x00000002
17:36:33.614  INFO     RX        /ERR/LOKO/0x00000002
17:36:33.614  INFO     RX        /ERR/LOKO/0x00000002
17:36:33.614  INFO     RX        /ERR/LOKO/0x00000002
17:36:33.641  INFO     RX        /ERR/LOKO/0x00000002
17:36:33.641  INFO     RX        /ERR/LOKO/0x00000002
17:36:33.641  INFO     RX        /ERR/LOKO/0x00000002
17:36:33.677  INFO     RX        /ERR/LOKO/0x00000002
17:36:33.677  INFO     RX        /ERR/LOKO/0x00000002
17:36:33.677  INFO     RX        /ERR/LOKO/0x00000002
17:36:33.708  INFO     RX        /ERR/LOKO/0x00000002
17:36:33.709  INFO     RX        /ERR/LOKO/0x00000002
17:36:33.741  INFO     RX        /ERR/LOKO/0x00000002
17:36:33.742  INFO     RX        /ERR/LOKO/0x00000002
17:36:34.123  DEBUG    TX /CONTROLL/0,0,0,0,0,0,0,0,0
17:36:34.451  INFO     RX        /ERR/LOKO/0x00000002
17:36:34.451  INFO     RX        /ERR/LOKO/0x00000002
17:36:34.481  INFO     RX        /ERR/LOKO/0x00000002
17:36:34.481  INFO     RX        /ERR/LOKO/0x00000002
17:36:34.513  INFO     RX        /ERR/LOKO/0x00000002
17:36:34.513  INFO     RX        /ERR/LOKO/0x00000002
17:36:34.513  INFO     RX        /ERR/LOKO/0x00000002
17:36:34.543  INFO     RX        /ERR/LOKO/0x00000002
17:36:34.543  INFO     RX        /ERR/LOKO/0x00000002
17:36:34.578  INFO     RX        /ERR/LOKO/0x00000002
17:36:34.578  INFO     RX        /ERR/LOKO/0x00000002
17:36:34.578  INFO     RX        /ERR/LOKO/0x00000002
17:36:34.607  INFO     RX        /ERR/LOKO/0x00000002
17:36:34.608  INFO     RX        /ERR/LOKO/0x00000002
17:36:34.608  INFO     RX        /ERR/LOKO/0x00000002
17:36:34.643  INFO     RX        /ERR/LOKO/0x00000002
17:36:34.643  INFO     RX        /ERR/LOKO/0x00000002
17:36:34.643  INFO     RX        /ERR/LOKO/0x00000002
17:36:34.672  INFO     RX        /ERR/LOKO/0x00000002
17:36:34.672  INFO     RX        /ERR/LOKO/0x00000002
17:36:34.707  INFO     RX        /ERR/LOKO/0x00000002
17:36:35.734  DEBUG    TX /CONTROLL/0,0,0,0,0,0,0,0,0
17:36:37.340  DEBUG    TX /CONTROLL/0,0,0,0,0,0,0,0,0
17:36:38.951  DEBUG    TX /CONTROLL/0,0,0,0,0,0,0,0,0
17:36:39.503  INFO     RX        /ERR/LOKO/0x00000002
17:36:39.503  INFO     RX        /ERR/LOKO/0x00000002
17:36:39.536  INFO     RX        /ERR/LOKO/0x00000002
17:36:39.536  INFO     RX        /ERR/LOKO/0x00000002
17:36:39.536  INFO     RX        /ERR/LOKO/0x00000002
17:36:39.570  INFO     RX        /ERR/LOKO/0x00000002
17:36:39.570  INFO     RX        /ERR/LOKO/0x00000002
17:36:39.570  INFO     RX        /ERR/LOKO/0x00000002
17:36:39.600  INFO     RX        /ERR/LOKO/0x00000002
17:36:39.600  INFO     RX        /ERR/LOKO/0x00000002
17:36:39.636  INFO     RX        /ERR/LOKO/0x00000002
17:36:39.636  INFO     RX        /ERR/LOKO/0x00000002
17:36:39.636  INFO     RX        /ERR/LOKO/0x00000002
17:36:39.663  INFO     RX        /ERR/LOKO/0x00000002
17:36:39.663  INFO     RX        /ERR/LOKO/0x00000002
17:36:39.698  INFO     RX        /ERR/LOKO/0x00000002
17:36:39.698  INFO     RX        /ERR/LOKO/0x00000002
17:36:39.698  INFO     RX        /ERR/LOKO/0x00000002
17:36:39.727  INFO     RX        /ERR/LOKO/0x00000002
17:36:39.728  INFO     RX        /ERR/LOKO/0x00000002
17:36:39.728  INFO     RX        /ERR/LOKO/0x00000002
17:36:39.762  INFO     RX        /ERR/LOKO/0x00000002
17:36:39.763  INFO     RX        /ERR/LOKO/0x00000002
17:36:39.763  INFO     RX        /ERR/LOKO/0x00000002
17:36:39.792  INFO     RX        /ERR/LOKO/0x00000002
17:36:39.792  INFO     RX        /ERR/LOKO/0x00000002
17:36:39.828  INFO     RX        /ERR/LOKO/0x00000002
17:36:39.828  INFO     RX        /ERR/LOKO/0x00000002
17:36:39.828  INFO     RX        /ERR/LOKO/0x00000002
17:36:39.860  INFO     RX        /ERR/LOKO/0x00000002
17:36:39.860  INFO     RX        /ERR/LOKO/0x00000002
17:36:39.860  INFO     RX        /ERR/LOKO/0x00000002
17:36:39.893  INFO     RX        /ERR/LOKO/0x00000002
17:36:39.893  INFO     RX        /ERR/LOKO/0x00000002
17:36:39.893  INFO     RX        /ERR/LOKO/0x00000002
17:36:39.925  INFO     RX        /ERR/LOKO/0x00000002
17:36:39.925  INFO     RX        /ERR/LOKO/0x00000002
17:36:39.925  INFO     RX        /ERR/LOKO/0x00000002
17:36:39.954  INFO     RX        /ERR/LOKO/0x00000002
17:36:39.954  INFO     RX        /ERR/LOKO/0x00000002
17:36:39.989  INFO     RX        /ERR/LOKO/0x00000002
17:36:39.990  INFO     RX        /ERR/LOKO/0x00000002
17:36:39.990  INFO     RX        /ERR/LOKO/0x00000002
17:36:40.019  INFO     RX        /ERR/LOKO/0x00000002
17:36:40.019  INFO     RX        /ERR/LOKO/0x00000002
17:36:40.019  INFO     RX        /ERR/LOKO/0x00000002
17:36:40.053  INFO     RX        /ERR/LOKO/0x00000002
17:36:40.053  INFO     RX        /ERR/LOKO/0x00000002
17:36:40.053  INFO     RX        /ERR/LOKO/0x00000002
17:36:40.082  INFO     RX        /ERR/LOKO/0x00000002
17:36:40.083  INFO     RX        /ERR/LOKO/0x00000002
17:36:40.119  INFO     RX        /ERR/LOKO/0x00000002
17:36:40.119  INFO     RX        /ERR/LOKO/0x00000002
17:36:40.119  INFO     RX        /ERR/LOKO/0x00000002
17:36:40.149  INFO     RX        /ERR/LOKO/0x00000002
17:36:40.149  INFO     RX        /ERR/LOKO/0x00000002
17:36:40.149  INFO     RX        /ERR/LOKO/0x00000002
17:36:40.278  INFO     RX        /ERR/LOKO/0x00000002
17:36:40.278  INFO     RX        /ERR/LOKO/0x00000002
17:36:40.278  INFO     RX        /ERR/LOKO/0x00000002
17:36:40.279  INFO     RX        /ERR/LOKO/0x00000002
17:36:40.279  INFO     RX        /ERR/LOKO/0x00000002
17:36:40.279  INFO     RX        /ERR/LOKO/0x00000002
17:36:40.279  INFO     RX        /ERR/LOKO/0x00000002
17:36:40.279  INFO     RX        /ERR/LOKO/0x00000002
17:36:40.279  INFO     RX        /ERR/LOKO/0x00000002
17:36:40.279  INFO     RX        /ERR/LOKO/0x00000002
17:36:40.282  INFO     RX        /ERR/LOKO/0x00000002
17:36:40.310  INFO     RX        /ERR/LOKO/0x00000002
17:36:40.310  INFO     RX        /ERR/LOKO/0x00000002
17:36:40.345  INFO     RX        /ERR/LOKO/0x00000002
17:36:40.345  INFO     RX        /ERR/LOKO/0x00000002
17:36:40.345  INFO     RX        /ERR/LOKO/0x00000002
17:36:40.377  INFO     RX        /ERR/LOKO/0x00000002
17:36:40.564  DEBUG    TX /CONTROLL/0,0,0,0,0,0,0,0,0
17:36:41.120  INFO     RX        /ERR/LOKO/0x00000002
17:36:41.120  INFO     RX        /ERR/LOKO/0x00000002
17:36:41.149  INFO     RX        /ERR/LOKO/0x00000002
17:36:41.149  INFO     RX        /ERR/LOKO/0x00000002
17:36:41.149  INFO     RX        /ERR/LOKO/0x00000002
17:36:41.185  INFO     RX        /ERR/LOKO/0x00000002
17:36:41.185  INFO     RX        /ERR/LOKO/0x00000002
17:36:41.185  INFO     RX        /ERR/LOKO/0x00000002
17:36:41.213  INFO     RX        /ERR/LOKO/0x00000002
17:36:41.213  INFO     RX        /ERR/LOKO/0x00000002
17:36:41.248  INFO     RX        /ERR/LOKO/0x00000002
17:36:41.248  INFO     RX        /ERR/LOKO/0x00000002
17:36:41.248  INFO     RX        /ERR/LOKO/0x00000002
17:36:41.276  INFO     RX        /ERR/LOKO/0x00000002
17:36:41.277  INFO     RX        /ERR/LOKO/0x00000002
17:36:41.277  INFO     RX        /ERR/LOKO/0x00000002
17:36:41.313  INFO     RX        /ERR/LOKO/0x00000002
17:36:41.313  INFO     RX        /ERR/LOKO/0x00000002
17:36:41.313  INFO     RX        /ERR/LOKO/0x00000002
17:36:41.346  INFO     RX        /ERR/LOKO/0x00000002
17:36:41.347  INFO     RX        /ERR/LOKO/0x00000002
17:36:41.373  INFO     RX        /ERR/LOKO/0x00000002
17:36:41.373  INFO     RX        /ERR/LOKO/0x00000002
17:36:41.373  INFO     RX        /ERR/LOKO/0x00000002
17:36:41.410  INFO     RX        /ERR/LOKO/0x00000002
17:36:41.410  INFO     RX        /ERR/LOKO/0x00000002
17:36:41.410  INFO     RX        /ERR/LOKO/0x00000002
17:36:41.440  INFO     RX        /ERR/LOKO/0x00000002
17:36:41.440  INFO     RX        /ERR/LOKO/0x00000002
17:36:41.473  INFO     RX        /ERR/LOKO/0x00000002
17:36:41.473  INFO     RX        /ERR/LOKO/0x00000002
17:36:41.473  INFO     RX        /ERR/LOKO/0x00000002
17:36:41.505  INFO     RX        /ERR/LOKO/0x00000002
17:36:41.505  INFO     RX        /ERR/LOKO/0x00000002
17:36:41.505  INFO     RX        /ERR/LOKO/0x00000002
17:36:41.539  INFO     RX        /ERR/LOKO/0x00000002
17:36:41.539  INFO     RX        /ERR/LOKO/0x00000002
17:36:41.539  INFO     RX        /ERR/LOKO/0x00000002
17:36:41.568  INFO     RX        /ERR/LOKO/0x00000002
17:36:41.568  INFO     RX        /ERR/LOKO/0x00000002
17:36:41.602  INFO     RX        /ERR/LOKO/0x00000002
17:36:41.602  INFO     RX        /ERR/LOKO/0x00000002
17:36:41.602  INFO     RX        /ERR/LOKO/0x00000002
17:36:41.631  INFO     RX        /ERR/LOKO/0x00000002
17:36:41.631  INFO     RX        /ERR/LOKO/0x00000002
17:36:41.631  INFO     RX        /ERR/LOKO/0x00000002
17:36:41.669  INFO     RX        /ERR/LOKO/0x00000002
17:36:41.669  INFO     RX        /ERR/LOKO/0x00000002
17:36:41.669  INFO     RX        /ERR/LOKO/0x00000002
17:36:41.696  INFO     RX        /ERR/LOKO/0x00000002
17:36:42.176  DEBUG    TX /CONTROLL/0,0,0,0,0,0,0,0,0
17:36:43.791  DEBUG    TX /CONTROLL/0,0,0,0,0,0,0,0,0
17:36:44.253  INFO     RX        /ERR/LOKO/0x00000002
17:36:44.253  INFO     RX        /ERR/LOKO/0x00000002
17:36:44.283  INFO     RX        /ERR/LOKO/0x00000002
17:36:44.283  INFO     RX        /ERR/LOKO/0x00000002
17:36:44.283  INFO     RX        /ERR/LOKO/0x00000002
17:36:44.317  INFO     RX        /ERR/LOKO/0x00000002
17:36:44.317  INFO     RX        /ERR/LOKO/0x00000002
17:36:44.351  INFO     RX        /ERR/LOKO/0x00000002
17:36:44.351  INFO     RX        /ERR/LOKO/0x00000002
17:36:44.351  INFO     RX        /ERR/LOKO/0x00000002
17:36:44.379  INFO     RX        /ERR/LOKO/0x00000002
17:36:44.379  INFO     RX        /ERR/LOKO/0x00000002
17:36:44.379  INFO     RX        /ERR/LOKO/0x00000002
17:36:44.415  INFO     RX        /ERR/LOKO/0x00000002
17:36:44.415  INFO     RX        /ERR/LOKO/0x00000002
17:36:44.415  INFO     RX        /ERR/LOKO/0x00000002
17:36:44.444  INFO     RX        /ERR/LOKO/0x00000002
17:36:44.444  INFO     RX        /ERR/LOKO/0x00000002
17:36:44.481  INFO     RX        /ERR/LOKO/0x00000002
17:36:44.481  INFO     RX        /ERR/LOKO/0x00000002
17:36:44.481  INFO     RX        /ERR/LOKO/0x00000002
17:36:44.510  INFO     RX        /ERR/LOKO/0x00000002
17:36:44.511  INFO     RX        /ERR/LOKO/0x00000002
17:36:44.511  INFO     RX        /ERR/LOKO/0x00000002
17:36:44.545  INFO     RX        /ERR/LOKO/0x00000002
17:36:44.546  INFO     RX        /ERR/LOKO/0x00000002
17:36:44.578  INFO     RX        /ERR/LOKO/0x00000002
17:36:44.578  INFO     RX        /ERR/LOKO/0x00000002
17:36:44.578  INFO     RX        /ERR/LOKO/0x00000002
17:36:44.578  INFO     RX        /ERR/LOKO/0x00000002
17:36:44.607  INFO     RX        /ERR/LOKO/0x00000002
17:36:44.607  INFO     RX        /ERR/LOKO/0x00000002
17:36:44.643  INFO     RX        /ERR/LOKO/0x00000002
17:36:44.643  INFO     RX        /ERR/LOKO/0x00000002
17:36:44.643  INFO     RX        /ERR/LOKO/0x00000002
17:36:44.672  INFO     RX        /ERR/LOKO/0x00000002
17:36:44.672  INFO     RX        /ERR/LOKO/0x00000002
17:36:44.706  INFO     RX        /ERR/LOKO/0x00000002
17:36:44.706  INFO     RX        /ERR/LOKO/0x00000002
17:36:44.706  INFO     RX        /ERR/LOKO/0x00000002
17:36:44.736  INFO     RX        /ERR/LOKO/0x00000002
17:36:44.736  INFO     RX        /ERR/LOKO/0x00000002
17:36:44.736  INFO     RX        /ERR/LOKO/0x00000002
17:36:44.770  INFO     RX        /ERR/LOKO/0x00000002
17:36:44.770  INFO     RX        /ERR/LOKO/0x00000002
17:36:44.770  INFO     RX        /ERR/LOKO/0x00000002
17:36:44.800  INFO     RX        /ERR/LOKO/0x00000002
17:36:44.800  INFO     RX        /ERR/LOKO/0x00000002
17:36:44.836  INFO     RX        /ERR/LOKO/0x00000002
17:36:44.836  INFO     RX        /ERR/LOKO/0x00000002
17:36:44.836  INFO     RX        /ERR/LOKO/0x00000002
17:36:44.865  INFO     RX        /ERR/LOKO/0x00000002
17:36:44.865  INFO     RX        /ERR/LOKO/0x00000002
17:36:44.865  INFO     RX        /ERR/LOKO/0x00000002
17:36:44.900  INFO     RX        /ERR/LOKO/0x00000002
17:36:44.900  INFO     RX        /ERR/LOKO/0x00000002
17:36:44.900  INFO     RX        /ERR/LOKO/0x00000002
17:36:44.931  INFO     RX        /ERR/LOKO/0x00000002
17:36:44.931  INFO     RX        /ERR/LOKO/0x00000002
17:36:44.966  INFO     RX        /ERR/LOKO/0x00000002
17:36:44.967  INFO     RX        /ERR/LOKO/0x00000002
17:36:44.967  INFO     RX        /ERR/LOKO/0x00000002
17:36:44.993  INFO     RX        /ERR/LOKO/0x00000002
17:36:44.993  INFO     RX        /ERR/LOKO/0x00000002
17:36:44.993  INFO     RX        /ERR/LOKO/0x00000002
17:36:45.028  INFO     RX        /ERR/LOKO/0x00000002
17:36:45.029  INFO     RX        /ERR/LOKO/0x00000002
17:36:45.029  INFO     RX        /ERR/LOKO/0x00000002
17:36:45.060  INFO     RX        /ERR/LOKO/0x00000002
17:36:45.409  DEBUG    TX /CONTROLL/0,0,0,0,0,0,0,0,0
17:36:46.380  INFO     RX        /ERR/LOKO/0x00000002
17:36:46.416  INFO     RX        /ERR/LOKO/0x00000002
17:36:46.416  INFO     RX        /ERR/LOKO/0x00000002
17:36:46.416  INFO     RX        /ERR/LOKO/0x00000002
17:36:46.448  INFO     RX        /ERR/LOKO/0x00000002
17:36:46.448  INFO     RX        /ERR/LOKO/0x00000002
17:36:46.448  INFO     RX        /ERR/LOKO/0x00000002
17:36:46.477  INFO     RX        /ERR/LOKO/0x00000002
17:36:46.477  INFO     RX        /ERR/LOKO/0x00000002
17:36:46.477  INFO     RX        /ERR/LOKO/0x00000002
17:36:46.509  INFO     RX        /ERR/LOKO/0x00000002
17:36:46.509  INFO     RX        /ERR/LOKO/0x00000002
17:36:46.547  INFO     RX        /ERR/LOKO/0x00000002
17:36:46.547  INFO     RX        /ERR/LOKO/0x00000002
17:36:46.547  INFO     RX        /ERR/LOKO/0x00000002
17:36:46.575  INFO     RX        /ERR/LOKO/0x00000002
17:36:46.575  INFO     RX        /ERR/LOKO/0x00000002
17:36:46.575  INFO     RX        /ERR/LOKO/0x00000002
17:36:46.612  INFO     RX        /ERR/LOKO/0x00000002
17:36:46.612  INFO     RX        /ERR/LOKO/0x00000002
17:36:46.612  INFO     RX        /ERR/LOKO/0x00000002
17:36:46.648  INFO     RX        /ERR/LOKO/0x00000002
17:36:46.648  INFO     RX        /ERR/LOKO/0x00000002
17:36:46.648  INFO     RX        /ERR/LOKO/0x00000002
17:36:46.675  INFO     RX        /ERR/LOKO/0x00000002
17:36:46.675  INFO     RX        /ERR/LOKO/0x00000002
17:36:46.710  INFO     RX        /ERR/LOKO/0x00000002
17:36:46.710  INFO     RX        /ERR/LOKO/0x00000002
17:36:46.710  INFO     RX        /ERR/LOKO/0x00000002
17:36:46.740  INFO     RX        /ERR/LOKO/0x00000002
17:36:46.740  INFO     RX        /ERR/LOKO/0x00000002
17:36:46.741  INFO     RX        /ERR/LOKO/0x00000002
17:36:46.777  INFO     RX        /ERR/LOKO/0x00000002
17:36:46.777  INFO     RX        /ERR/LOKO/0x00000002
17:36:46.777  INFO     RX        /ERR/LOKO/0x00000002
17:36:46.804  INFO     RX        /ERR/LOKO/0x00000002
17:36:46.805  INFO     RX        /ERR/LOKO/0x00000002
17:36:46.840  INFO     RX        /ERR/LOKO/0x00000002
17:36:46.840  INFO     RX        /ERR/LOKO/0x00000002
17:36:46.840  INFO     RX        /ERR/LOKO/0x00000002
17:36:46.869  INFO     RX        /ERR/LOKO/0x00000002
17:36:46.869  INFO     RX        /ERR/LOKO/0x00000002
17:36:46.869  INFO     RX        /ERR/LOKO/0x00000002
17:36:46.900  INFO     RX        /ERR/LOKO/0x00000002
17:36:46.900  INFO     RX        /ERR/LOKO/0x00000002
17:36:46.900  INFO     RX        /ERR/LOKO/0x00000002
17:36:46.935  INFO     RX        /ERR/LOKO/0x00000002
17:36:46.935  INFO     RX        /ERR/LOKO/0x00000002
17:36:46.968  INFO     RX        /ERR/LOKO/0x00000002
17:36:46.969  INFO     RX        /ERR/LOKO/0x00000002
17:36:46.969  INFO     RX        /ERR/LOKO/0x00000002
17:36:47.000  INFO     RX        /ERR/LOKO/0x00000002
17:36:47.000  INFO     RX        /ERR/LOKO/0x00000002
17:36:47.000  INFO     RX        /ERR/LOKO/0x00000002
17:36:47.027  DEBUG    TX /CONTROLL/0,0,0,-42,0,0,0,0,0
17:36:47.033  INFO     RX        /ERR/LOKO/0x00000002
17:36:47.033  INFO     RX        /ERR/LOKO/0x00000002
17:36:47.033  INFO     RX        /ERR/LOKO/0x00000002
17:36:47.066  INFO     RX        /ERR/LOKO/0x00000002
17:36:47.066  INFO     RX        /ERR/LOKO/0x00000002
17:36:47.066  INFO     RX        /ERR/LOKO/0x00000002
17:36:47.101  INFO     RX        /ERR/LOKO/0x00000002
17:36:47.101  INFO     RX        /ERR/LOKO/0x00000002
17:36:47.129  INFO     RX        /ERR/LOKO/0x00000002
17:36:47.129  INFO     RX        /ERR/LOKO/0x00000002
17:36:47.129  INFO     RX        /ERR/LOKO/0x00000002
17:36:47.162  INFO     RX        /ERR/LOKO/0x00000002
17:36:47.162  INFO     RX        /ERR/LOKO/0x00000002
17:36:47.162  INFO     RX        /ERR/LOKO/0x00000002
17:36:47.192  INFO     RX        /ERR/LOKO/0x00000002
17:36:47.192  INFO     RX        /ERR/LOKO/0x00000002
17:36:47.228  INFO     RX        /ERR/LOKO/0x00000002
17:36:47.228  INFO     RX        /ERR/LOKO/0x00000002
17:36:47.228  INFO     RX        /ERR/LOKO/0x00000002
17:36:47.260  INFO     RX        /ERR/LOKO/0x00000002
17:36:47.260  INFO     RX        /ERR/LOKO/0x00000002
17:36:47.260  INFO     RX        /ERR/LOKO/0x00000002
17:36:47.289  INFO     RX        /ERR/LOKO/0x00000002
17:36:47.289  INFO     RX        /ERR/LOKO/0x00000002
17:36:47.323  INFO     RX        /ERR/LOKO/0x00000002
17:36:47.804  INFO     RX        /ERR/LOKO/0x00000002
17:36:47.804  INFO     RX        /ERR/LOKO/0x00000002
17:36:47.840  INFO     RX        /ERR/LOKO/0x00000002
17:36:47.840  INFO     RX        /ERR/LOKO/0x00000002
17:36:47.840  INFO     RX        /ERR/LOKO/0x00000002
17:36:47.868  INFO     RX        /ERR/LOKO/0x00000002
17:36:47.868  INFO     RX        /ERR/LOKO/0x00000002
17:36:47.904  INFO     RX        /ERR/LOKO/0x00000002
17:36:47.904  INFO     RX        /ERR/LOKO/0x00000002
17:36:47.904  INFO     RX        /ERR/LOKO/0x00000002
17:36:47.933  INFO     RX        /ERR/LOKO/0x00000002
17:36:47.933  INFO     RX        /ERR/LOKO/0x00000002
17:36:47.933  INFO     RX        /ERR/LOKO/0x00000002
17:36:47.965  INFO     RX        /ERR/LOKO/0x00000002
17:36:47.965  INFO     RX        /ERR/LOKO/0x00000002
17:36:48.000  INFO     RX        /ERR/LOKO/0x00000002
17:36:48.295  INFO     RX        /ERR/LOKO/0x00000002
17:36:48.295  INFO     RX        /ERR/LOKO/0x00000002
17:36:48.321  INFO     RX        /ERR/LOKO/0x00000002
17:36:48.321  INFO     RX        /ERR/LOKO/0x00000002
17:36:48.356  INFO     RX        /ERR/LOKO/0x00000002
17:36:48.356  INFO     RX        /ERR/LOKO/0x00000002
17:36:48.356  INFO     RX        /ERR/LOKO/0x00000002
17:36:48.389  INFO     RX        /ERR/LOKO/0x00000002
17:36:48.390  INFO     RX        /ERR/LOKO/0x00000002
17:36:48.390  INFO     RX        /ERR/LOKO/0x00000002
17:36:48.421  INFO     RX        /ERR/LOKO/0x00000002
17:36:48.421  INFO     RX        /ERR/LOKO/0x00000002
17:36:48.421  INFO     RX        /ERR/LOKO/0x00000002
17:36:48.451  INFO     RX        /ERR/LOKO/0x00000002
17:36:48.638  DEBUG    TX /CONTROLL/0,0,0,0,0,0,0,0,0
17:36:49.065  INFO     RX        /ERR/LOKO/0x00000002
17:36:49.095  INFO     RX        /ERR/LOKO/0x00000002
17:36:49.095  INFO     RX        /ERR/LOKO/0x00000002
17:36:49.095  INFO     RX        /ERR/LOKO/0x00000002
17:36:49.131  INFO     RX        /ERR/LOKO/0x00000002
17:36:49.131  INFO     RX        /ERR/LOKO/0x00000002
17:36:49.131  INFO     RX        /ERR/LOKO/0x00000002
17:36:49.160  INFO     RX        /ERR/LOKO/0x00000002
17:36:49.160  INFO     RX        /ERR/LOKO/0x00000002
17:36:49.196  INFO     RX        /ERR/LOKO/0x00000002
17:36:49.197  INFO     RX        /ERR/LOKO/0x00000002
17:36:49.197  INFO     RX        /ERR/LOKO/0x00000002
17:36:49.229  INFO     RX        /ERR/LOKO/0x00000002
17:36:49.229  INFO     RX        /ERR/LOKO/0x00000002
17:36:49.229  INFO     RX        /ERR/LOKO/0x00000002
17:36:49.261  INFO     RX        /ERR/LOKO/0x00000002
17:36:49.750  INFO     RX        /ERR/LOKO/0x00000002
17:36:49.750  INFO     RX        /ERR/LOKO/0x00000002
17:36:49.780  INFO     RX        /ERR/LOKO/0x00000002
17:36:49.780  INFO     RX        /ERR/LOKO/0x00000002
17:36:49.813  INFO     RX        /ERR/LOKO/0x00000002
17:36:49.813  INFO     RX        /ERR/LOKO/0x00000002
17:36:49.813  INFO     RX        /ERR/LOKO/0x00000002
17:36:49.845  INFO     RX        /ERR/LOKO/0x00000002
17:36:49.845  INFO     RX        /ERR/LOKO/0x00000002
17:36:49.845  INFO     RX        /ERR/LOKO/0x00000002
17:36:49.881  INFO     RX        /ERR/LOKO/0x00000002
17:36:49.881  INFO     RX        /ERR/LOKO/0x00000002
17:36:49.881  INFO     RX        /ERR/LOKO/0x00000002
17:36:49.910  INFO     RX        /ERR/LOKO/0x00000002
17:36:49.910  INFO     RX        /ERR/LOKO/0x00000002
17:36:49.910  INFO     RX        /ERR/LOKO/0x00000002
17:36:49.939  INFO     RX        /ERR/LOKO/0x00000002
17:36:49.939  INFO     RX        /ERR/LOKO/0x00000002
17:36:49.974  INFO     RX        /ERR/LOKO/0x00000002
17:36:49.974  INFO     RX        /ERR/LOKO/0x00000002
17:36:49.974  INFO     RX        /ERR/LOKO/0x00000002
17:36:50.004  INFO     RX        /ERR/LOKO/0x00000002
17:36:50.004  INFO     RX        /ERR/LOKO/0x00000002
17:36:50.038  INFO     RX        /ERR/LOKO/0x00000002
17:36:50.038  INFO     RX        /ERR/LOKO/0x00000002
17:36:50.038  INFO     RX        /ERR/LOKO/0x00000002
17:36:50.069  INFO     RX        /ERR/LOKO/0x00000002
17:36:50.069  INFO     RX        /ERR/LOKO/0x00000002
17:36:50.069  INFO     RX        /ERR/LOKO/0x00000002
17:36:50.103  INFO     RX        /ERR/LOKO/0x00000002
17:36:50.256  DEBUG    TX /CONTROLL/0,0,0,0,0,0,0,0,0
17:36:50.845  INFO     RX        /ERR/LOKO/0x00000002
17:36:50.845  INFO     RX        /ERR/LOKO/0x00000002
17:36:50.873  INFO     RX        /ERR/LOKO/0x00000002
17:36:50.873  INFO     RX        /ERR/LOKO/0x00000002
17:36:50.908  INFO     RX        /ERR/LOKO/0x00000002
17:36:50.909  INFO     RX        /ERR/LOKO/0x00000002
17:36:50.909  INFO     RX        /ERR/LOKO/0x00000002
17:36:50.940  INFO     RX        /ERR/LOKO/0x00000002
17:36:50.940  INFO     RX        /ERR/LOKO/0x00000002
17:36:50.940  INFO     RX        /ERR/LOKO/0x00000002
17:36:50.973  INFO     RX        /ERR/LOKO/0x00000002
17:36:50.973  INFO     RX        /ERR/LOKO/0x00000002
17:36:50.973  INFO     RX        /ERR/LOKO/0x00000002
17:36:51.001  INFO     RX        /ERR/LOKO/0x00000002
17:36:51.001  INFO     RX        /ERR/LOKO/0x00000002
17:36:51.038  INFO     RX        /ERR/LOKO/0x00000002
17:36:51.038  INFO     RX        /ERR/LOKO/0x00000002
17:36:51.038  INFO     RX        /ERR/LOKO/0x00000002
17:36:51.069  INFO     RX        /ERR/LOKO/0x00000002
17:36:51.070  INFO     RX        /ERR/LOKO/0x00000002
17:36:51.070  INFO     RX        /ERR/LOKO/0x00000002
17:36:51.098  INFO     RX        /ERR/LOKO/0x00000002
17:36:51.099  INFO     RX        /ERR/LOKO/0x00000002
17:36:51.099  INFO     RX        /ERR/LOKO/0x00000002
17:36:51.134  INFO     RX        /ERR/LOKO/0x00000002
17:36:51.134  INFO     RX        /ERR/LOKO/0x00000002
17:36:51.134  INFO     RX        /ERR/LOKO/0x00000002
17:36:51.165  INFO     RX        /ERR/LOKO/0x00000002
17:36:51.166  INFO     RX        /ERR/LOKO/0x00000002
17:36:51.197  INFO     RX        /ERR/LOKO/0x00000002
17:36:51.197  INFO     RX        /ERR/LOKO/0x00000002
17:36:51.197  INFO     RX        /ERR/LOKO/0x00000002
17:36:51.229  INFO     RX        /ERR/LOKO/0x00000002
17:36:51.229  INFO     RX        /ERR/LOKO/0x00000002
17:36:51.229  INFO     RX        /ERR/LOKO/0x00000002
17:36:51.264  INFO     RX        /ERR/LOKO/0x00000002
17:36:51.264  INFO     RX        /ERR/LOKO/0x00000002
17:36:51.264  INFO     RX        /ERR/LOKO/0x00000002
17:36:51.297  INFO     RX        /ERR/LOKO/0x00000002
17:36:51.297  INFO     RX        /ERR/LOKO/0x00000002
17:36:51.324  INFO     RX        /ERR/LOKO/0x00000002
17:36:51.325  INFO     RX        /ERR/LOKO/0x00000002
17:36:51.325  INFO     RX        /ERR/LOKO/0x00000002
17:36:51.359  INFO     RX        /ERR/LOKO/0x00000002
17:36:51.359  INFO     RX        /ERR/LOKO/0x00000002
17:36:51.360  INFO     RX        /ERR/LOKO/0x00000002
17:36:51.396  INFO     RX        /ERR/LOKO/0x00000002
17:36:51.397  INFO     RX        /ERR/LOKO/0x00000002
17:36:51.397  INFO     RX        /ERR/LOKO/0x00000002
17:36:51.420  INFO     RX        /ERR/LOKO/0x00000002
17:36:51.420  INFO     RX        /ERR/LOKO/0x00000002
17:36:51.457  INFO     RX        /ERR/LOKO/0x00000002
17:36:51.457  INFO     RX        /ERR/LOKO/0x00000002
17:36:51.457  INFO     RX        /ERR/LOKO/0x00000002
17:36:51.486  INFO     RX        /ERR/LOKO/0x00000002
17:36:51.486  INFO     RX        /ERR/LOKO/0x00000002
17:36:51.519  INFO     RX        /ERR/LOKO/0x00000002
17:36:51.520  INFO     RX        /ERR/LOKO/0x00000002
17:36:51.520  INFO     RX        /ERR/LOKO/0x00000002
17:36:51.553  INFO     RX        /ERR/LOKO/0x00000002
17:36:51.553  INFO     RX        /ERR/LOKO/0x00000002
17:36:51.553  INFO     RX        /ERR/LOKO/0x00000002
17:36:51.585  INFO     RX        /ERR/LOKO/0x00000002
17:36:51.585  INFO     RX        /ERR/LOKO/0x00000002
17:36:51.585  INFO     RX        /ERR/LOKO/0x00000002
17:36:51.615  INFO     RX        /ERR/LOKO/0x00000002
17:36:51.615  INFO     RX        /ERR/LOKO/0x00000002
17:36:51.650  INFO     RX        /ERR/LOKO/0x00000002
17:36:51.650  INFO     RX        /ERR/LOKO/0x00000002
17:36:51.650  INFO     RX        /ERR/LOKO/0x00000002
17:36:51.679  INFO     RX        /ERR/LOKO/0x00000002
17:36:51.679  INFO     RX        /ERR/LOKO/0x00000002
17:36:51.679  INFO     RX        /ERR/LOKO/0x00000002
17:36:51.714  INFO     RX        /ERR/LOKO/0x00000002
17:36:51.715  INFO     RX        /ERR/LOKO/0x00000002
17:36:51.715  INFO     RX        /ERR/LOKO/0x00000002
17:36:51.744  INFO     RX        /ERR/LOKO/0x00000002
17:36:51.744  INFO     RX        /ERR/LOKO/0x00000002
17:36:51.776  INFO     RX        /ERR/LOKO/0x00000002
17:36:51.776  INFO     RX        /ERR/LOKO/0x00000002
17:36:51.776  INFO     RX        /ERR/LOKO/0x00000002
17:36:51.812  INFO     RX        /ERR/LOKO/0x00000002
17:36:51.812  INFO     RX        /ERR/LOKO/0x00000002
17:36:51.812  INFO     RX        /ERR/LOKO/0x00000002
17:36:51.840  INFO     RX        /ERR/LOKO/0x00000002
17:36:51.840  INFO     RX        /ERR/LOKO/0x00000002
17:36:51.869  DEBUG    TX /CONTROLL/0,0,0,-20,0,0,0,0,0
17:36:51.875  INFO     RX        /ERR/LOKO/0x00000002
17:36:51.876  INFO     RX        /ERR/LOKO/0x00000002
17:36:51.876  INFO     RX        /ERR/LOKO/0x00000002
17:36:51.904  INFO     RX        /ERR/LOKO/0x00000002
17:36:51.904  INFO     RX        /ERR/LOKO/0x00000002
17:36:51.904  INFO     RX        /ERR/LOKO/0x00000002
17:36:51.939  INFO     RX        /ERR/LOKO/0x00000002
17:36:51.939  INFO     RX        /ERR/LOKO/0x00000002
17:36:51.939  INFO     RX        /ERR/LOKO/0x00000002
17:36:51.967  INFO     RX        /ERR/LOKO/0x00000002
17:36:53.483  DEBUG    TX /CONTROLL/0,0,0,0,0,0,0,0,2
17:36:55.091  DEBUG    TX /CONTROLL/0,0,0,0,0,0,0,0,0
17:36:56.221  INFO     RX        /ERR/LOKO/0x00000002
17:36:56.255  INFO     RX        /ERR/LOKO/0x00000002
17:36:56.256  INFO     RX        /ERR/LOKO/0x00000002
17:36:56.256  INFO     RX        /ERR/LOKO/0x00000002
17:36:56.284  INFO     RX        /ERR/LOKO/0x00000002
17:36:56.284  INFO     RX        /ERR/LOKO/0x00000002
17:36:56.319  INFO     RX        /ERR/LOKO/0x00000002
17:36:56.319  INFO     RX        /ERR/LOKO/0x00000002
17:36:56.319  INFO     RX        /ERR/LOKO/0x00000002
17:36:56.349  INFO     RX        /ERR/LOKO/0x00000002
17:36:56.349  INFO     RX        /ERR/LOKO/0x00000002
17:36:56.349  INFO     RX        /ERR/LOKO/0x00000002
17:36:56.384  INFO     RX        /ERR/LOKO/0x00000002
17:36:56.384  INFO     RX        /ERR/LOKO/0x00000002
17:36:56.384  INFO     RX        /ERR/LOKO/0x00000002
17:36:56.416  INFO     RX        /ERR/LOKO/0x00000002
17:36:56.700  DEBUG    TX /CONTROLL/0,0,0,0,0,0,0,0,0
17:36:58.311  DEBUG    TX /CONTROLL/0,0,0,0,0,0,0,0,0
17:36:59.919  DEBUG    TX /CONTROLL/0,0,0,0,0,0,0,0,0
17:37:00.924  INFO     RX        /ERR/LOKO/0x00000002
17:37:00.924  INFO     RX        /ERR/LOKO/0x00000002
17:37:00.957  INFO     RX        /ERR/LOKO/0x00000002
17:37:00.957  INFO     RX        /ERR/LOKO/0x00000002
17:37:00.957  INFO     RX        /ERR/LOKO/0x00000002
17:37:00.985  INFO     RX        /ERR/LOKO/0x00000002
17:37:00.985  INFO     RX        /ERR/LOKO/0x00000002
17:37:01.024  INFO     RX        /ERR/LOKO/0x00000002
17:37:01.024  INFO     RX        /ERR/LOKO/0x00000002
17:37:01.024  INFO     RX        /ERR/LOKO/0x00000002
17:37:01.052  INFO     RX        /ERR/LOKO/0x00000002
17:37:01.052  INFO     RX        /ERR/LOKO/0x00000002
17:37:01.052  INFO     RX        /ERR/LOKO/0x00000002
17:37:01.081  INFO     RX        /ERR/LOKO/0x00000002
17:37:01.081  INFO     RX        /ERR/LOKO/0x00000002
17:37:01.117  INFO     RX        /ERR/LOKO/0x00000002
17:37:01.117  INFO     RX        /ERR/LOKO/0x00000002
17:37:01.117  INFO     RX        /ERR/LOKO/0x00000002
17:37:01.149  INFO     RX        /ERR/LOKO/0x00000002
17:37:01.149  INFO     RX        /ERR/LOKO/0x00000002
17:37:01.149  INFO     RX        /ERR/LOKO/0x00000002
17:37:01.183  INFO     RX        /ERR/LOKO/0x00000002
17:37:01.183  INFO     RX        /ERR/LOKO/0x00000002
17:37:01.183  INFO     RX        /ERR/LOKO/0x00000002
17:37:01.210  INFO     RX        /ERR/LOKO/0x00000002
17:37:01.210  INFO     RX        /ERR/LOKO/0x00000002
17:37:01.246  INFO     RX        /ERR/LOKO/0x00000002
17:37:01.246  INFO     RX        /ERR/LOKO/0x00000002
17:37:01.246  INFO     RX        /ERR/LOKO/0x00000002
17:37:01.276  INFO     RX        /ERR/LOKO/0x00000002
17:37:01.276  INFO     RX        /ERR/LOKO/0x00000002
17:37:01.276  INFO     RX        /ERR/LOKO/0x00000002
17:37:01.308  INFO     RX        /ERR/LOKO/0x00000002
17:37:01.309  INFO     RX        /ERR/LOKO/0x00000002
17:37:01.341  INFO     RX        /ERR/LOKO/0x00000002
17:37:01.341  INFO     RX        /ERR/LOKO/0x00000002
17:37:01.341  INFO     RX        /ERR/LOKO/0x00000002
17:37:01.373  INFO     RX        /ERR/LOKO/0x00000002
17:37:01.373  INFO     RX        /ERR/LOKO/0x00000002
17:37:01.373  INFO     RX        /ERR/LOKO/0x00000002
17:37:01.402  INFO     RX        /ERR/LOKO/0x00000002
17:37:01.402  INFO     RX        /ERR/LOKO/0x00000002
17:37:01.437  INFO     RX        /ERR/LOKO/0x00000002
17:37:01.437  INFO     RX        /ERR/LOKO/0x00000002
17:37:01.437  INFO     RX        /ERR/LOKO/0x00000002
17:37:01.466  INFO     RX        /ERR/LOKO/0x00000002
17:37:01.466  INFO     RX        /ERR/LOKO/0x00000002
17:37:01.466  INFO     RX        /ERR/LOKO/0x00000002
17:37:01.503  INFO     RX        /ERR/LOKO/0x00000002
17:37:01.503  INFO     RX        /ERR/LOKO/0x00000002
17:37:01.503  INFO     RX        /ERR/LOKO/0x00000002
17:37:01.528  DEBUG    TX /CONTROLL/0,0,0,-20,0,0,0,0,0
17:37:01.531  INFO     RX        /ERR/LOKO/0x00000002
17:37:01.531  INFO     RX        /ERR/LOKO/0x00000002
17:37:01.566  INFO     RX        /ERR/LOKO/0x00000002
17:37:01.566  INFO     RX        /ERR/LOKO/0x00000002
17:37:01.566  INFO     RX        /ERR/LOKO/0x00000002
17:37:01.596  INFO     RX        /ERR/LOKO/0x00000002
17:37:01.597  INFO     RX        /ERR/LOKO/0x00000002
17:37:01.597  INFO     RX        /ERR/LOKO/0x00000002
17:37:01.631  INFO     RX        /ERR/LOKO/0x00000002
17:37:01.631  INFO     RX        /ERR/LOKO/0x00000002
17:37:01.631  INFO     RX        /ERR/LOKO/0x00000002
17:37:01.660  INFO     RX        /ERR/LOKO/0x00000002
17:37:01.660  INFO     RX        /ERR/LOKO/0x00000002
17:37:01.695  INFO     RX        /ERR/LOKO/0x00000002
17:37:01.695  INFO     RX        /ERR/LOKO/0x00000002
17:37:01.695  INFO     RX        /ERR/LOKO/0x00000002
17:37:01.725  INFO     RX        /ERR/LOKO/0x00000002
17:37:03.133  DEBUG    TX /CONTROLL/0,0,0,0,0,0,0,0,0
17:37:04.742  DEBUG    TX /CONTROLL/0,0,0,0,0,0,0,0,0
17:37:06.354  DEBUG    TX /CONTROLL/0,0,0,0,0,0,0,0,0
17:37:06.940  INFO     RX        /ERR/LOKO/0x00000002
17:37:06.940  INFO     RX        /ERR/LOKO/0x00000002
17:37:06.968  INFO     RX        /ERR/LOKO/0x00000002
17:37:06.968  INFO     RX        /ERR/LOKO/0x00000002
17:37:07.003  INFO     RX        /ERR/LOKO/0x00000002
17:37:07.003  INFO     RX        /ERR/LOKO/0x00000002
17:37:07.003  INFO     RX        /ERR/LOKO/0x00000002
17:37:07.033  INFO     RX        /ERR/LOKO/0x00000002
17:37:07.033  INFO     RX        /ERR/LOKO/0x00000002
17:37:07.033  INFO     RX        /ERR/LOKO/0x00000002
17:37:07.069  INFO     RX        /ERR/LOKO/0x00000002
17:37:07.069  INFO     RX        /ERR/LOKO/0x00000002
17:37:07.069  INFO     RX        /ERR/LOKO/0x00000002
17:37:07.098  INFO     RX        /ERR/LOKO/0x00000002
17:37:07.098  INFO     RX        /ERR/LOKO/0x00000002
17:37:07.133  INFO     RX        /ERR/LOKO/0x00000002
17:37:07.133  INFO     RX        /ERR/LOKO/0x00000002
17:37:07.133  INFO     RX        /ERR/LOKO/0x00000002
17:37:07.162  INFO     RX        /ERR/LOKO/0x00000002
17:37:07.746  INFO     RX        /ERR/LOKO/0x00000002
17:37:07.746  INFO     RX        /ERR/LOKO/0x00000002
17:37:07.775  INFO     RX        /ERR/LOKO/0x00000002
17:37:07.775  INFO     RX        /ERR/LOKO/0x00000002
17:37:07.775  INFO     RX        /ERR/LOKO/0x00000002
17:37:07.811  INFO     RX        /ERR/LOKO/0x00000002
17:37:07.811  INFO     RX        /ERR/LOKO/0x00000002
17:37:07.811  INFO     RX        /ERR/LOKO/0x00000002
17:37:07.839  INFO     RX        /ERR/LOKO/0x00000002
17:37:07.839  INFO     RX        /ERR/LOKO/0x00000002
17:37:07.874  INFO     RX        /ERR/LOKO/0x00000002
17:37:07.874  INFO     RX        /ERR/LOKO/0x00000002
17:37:07.874  INFO     RX        /ERR/LOKO/0x00000002
17:37:07.903  INFO     RX        /ERR/LOKO/0x00000002
17:37:07.964  DEBUG    TX /CONTROLL/0,0,0,0,0,0,0,0,0
17:37:08.389  INFO     RX        /ERR/LOKO/0x00000002
17:37:08.389  INFO     RX        /ERR/LOKO/0x00000002
17:37:08.421  INFO     RX        /ERR/LOKO/0x00000002
17:37:08.421  INFO     RX        /ERR/LOKO/0x00000002
17:37:08.421  INFO     RX        /ERR/LOKO/0x00000002
17:37:08.453  INFO     RX        /ERR/LOKO/0x00000002
17:37:08.453  INFO     RX        /ERR/LOKO/0x00000002
17:37:08.453  INFO     RX        /ERR/LOKO/0x00000002
17:37:08.482  INFO     RX        /ERR/LOKO/0x00000002
17:37:08.482  INFO     RX        /ERR/LOKO/0x00000002
17:37:08.515  INFO     RX        /ERR/LOKO/0x00000002
17:37:08.515  INFO     RX        /ERR/LOKO/0x00000002
17:37:08.515  INFO     RX        /ERR/LOKO/0x00000002
17:37:08.550  INFO     RX        /ERR/LOKO/0x00000002
17:37:08.551  INFO     RX        /ERR/LOKO/0x00000002
17:37:08.551  INFO     RX        /ERR/LOKO/0x00000002
17:37:08.579  INFO     RX        /ERR/LOKO/0x00000002
17:37:08.579  INFO     RX        /ERR/LOKO/0x00000002
17:37:08.614  INFO     RX        /ERR/LOKO/0x00000002
17:37:08.615  INFO     RX        /ERR/LOKO/0x00000002
17:37:08.615  INFO     RX        /ERR/LOKO/0x00000002
17:37:08.645  INFO     RX        /ERR/LOKO/0x00000002
17:37:08.645  INFO     RX        /ERR/LOKO/0x00000002
17:37:08.645  INFO     RX        /ERR/LOKO/0x00000002
17:37:08.680  INFO     RX        /ERR/LOKO/0x00000002
17:37:09.384  INFO     RX        /ERR/LOKO/0x00000002
17:37:09.419  INFO     RX        /ERR/LOKO/0x00000002
17:37:09.420  INFO     RX        /ERR/LOKO/0x00000002
17:37:09.420  INFO     RX        /ERR/LOKO/0x00000002
17:37:09.448  INFO     RX        /ERR/LOKO/0x00000002
17:37:09.448  INFO     RX        /ERR/LOKO/0x00000002
17:37:09.480  INFO     RX        /ERR/LOKO/0x00000002
17:37:09.574  DEBUG    TX /CONTROLL/0,0,0,0,0,0,0,0,0
17:37:09.933  INFO     RX        /ERR/LOKO/0x00000002
17:37:09.933  INFO     RX        /ERR/LOKO/0x00000002
17:37:09.963  INFO     RX        /ERR/LOKO/0x00000002
17:37:09.963  INFO     RX        /ERR/LOKO/0x00000002
17:37:09.998  INFO     RX        /ERR/LOKO/0x00000002
17:37:09.998  INFO     RX        /ERR/LOKO/0x00000002
17:37:09.998  INFO     RX        /ERR/LOKO/0x00000002
17:37:10.026  INFO     RX        /ERR/LOKO/0x00000002
17:37:10.026  INFO     RX        /ERR/LOKO/0x00000002
17:37:10.026  INFO     RX        /ERR/LOKO/0x00000002
17:37:10.062  INFO     RX        /ERR/LOKO/0x00000002
17:37:10.062  INFO     RX        /ERR/LOKO/0x00000002
17:37:10.062  INFO     RX        /ERR/LOKO/0x00000002
17:37:10.092  INFO     RX        /ERR/LOKO/0x00000002
17:37:10.092  INFO     RX        /ERR/LOKO/0x00000002
17:37:10.126  INFO     RX        /ERR/LOKO/0x00000002
17:37:10.126  INFO     RX        /ERR/LOKO/0x00000002
17:37:10.126  INFO     RX        /ERR/LOKO/0x00000002
17:37:10.158  INFO     RX        /ERR/LOKO/0x00000002
17:37:10.159  INFO     RX        /ERR/LOKO/0x00000002
17:37:10.159  INFO     RX        /ERR/LOKO/0x00000002
17:37:10.190  INFO     RX        /ERR/LOKO/0x00000002
17:37:10.190  INFO     RX        /ERR/LOKO/0x00000002
17:37:10.190  INFO     RX        /ERR/LOKO/0x00000002
17:37:10.219  INFO     RX        /ERR/LOKO/0x00000002
17:37:10.219  INFO     RX        /ERR/LOKO/0x00000002
17:37:10.254  INFO     RX        /ERR/LOKO/0x00000002
17:37:10.254  INFO     RX        /ERR/LOKO/0x00000002
17:37:10.254  INFO     RX        /ERR/LOKO/0x00000002
17:37:10.283  INFO     RX        /ERR/LOKO/0x00000002
17:37:10.283  INFO     RX        /ERR/LOKO/0x00000002
17:37:10.318  INFO     RX        /ERR/LOKO/0x00000002
17:37:10.318  INFO     RX        /ERR/LOKO/0x00000002
17:37:10.318  INFO     RX        /ERR/LOKO/0x00000002
17:37:10.347  INFO     RX        /ERR/LOKO/0x00000002
17:37:10.347  INFO     RX        /ERR/LOKO/0x00000002
17:37:10.347  INFO     RX        /ERR/LOKO/0x00000002
17:37:10.382  INFO     RX        /ERR/LOKO/0x00000002
17:37:10.382  INFO     RX        /ERR/LOKO/0x00000002
17:37:10.382  INFO     RX        /ERR/LOKO/0x00000002
17:37:10.411  INFO     RX        /ERR/LOKO/0x00000002
17:37:10.931  INFO     RX        /ERR/LOKO/0x00000002
17:37:10.932  INFO     RX        /ERR/LOKO/0x00000002
17:37:10.961  INFO     RX        /ERR/LOKO/0x00000002
17:37:10.961  INFO     RX        /ERR/LOKO/0x00000002
17:37:10.995  INFO     RX        /ERR/LOKO/0x00000002
17:37:10.995  INFO     RX        /ERR/LOKO/0x00000002
17:37:10.995  INFO     RX        /ERR/LOKO/0x00000002
17:37:11.024  INFO     RX        /ERR/LOKO/0x00000002
17:37:11.024  INFO     RX        /ERR/LOKO/0x00000002
17:37:11.024  INFO     RX        /ERR/LOKO/0x00000002
17:37:11.061  INFO     RX        /ERR/LOKO/0x00000002
17:37:11.061  INFO     RX        /ERR/LOKO/0x00000002
17:37:11.061  INFO     RX        /ERR/LOKO/0x00000002
17:37:11.088  INFO     RX        /ERR/LOKO/0x00000002
17:37:11.088  INFO     RX        /ERR/LOKO/0x00000002
17:37:11.125  INFO     RX        /ERR/LOKO/0x00000002
17:37:11.183  DEBUG    TX /CONTROLL/0,0,0,0,0,0,0,0,0
17:37:12.025  INFO     RX        /ERR/LOKO/0x00000002
17:37:12.025  INFO     RX        /ERR/LOKO/0x00000002
17:37:12.058  INFO     RX        /ERR/LOKO/0x00000002
17:37:12.059  INFO     RX        /ERR/LOKO/0x00000002
17:37:12.088  INFO     RX        /ERR/LOKO/0x00000002
17:37:12.089  INFO     RX        /ERR/LOKO/0x00000002
17:37:12.089  INFO     RX        /ERR/LOKO/0x00000002
17:37:12.124  INFO     RX        /ERR/LOKO/0x00000002
17:37:12.124  INFO     RX        /ERR/LOKO/0x00000002
17:37:12.124  INFO     RX        /ERR/LOKO/0x00000002
17:37:12.157  INFO     RX        /ERR/LOKO/0x00000002
17:37:12.445  INFO     RX        /ERR/LOKO/0x00000002
17:37:12.445  INFO     RX        /ERR/LOKO/0x00000002
17:37:12.474  INFO     RX        /ERR/LOKO/0x00000002
17:37:12.474  INFO     RX        /ERR/LOKO/0x00000002
17:37:12.474  INFO     RX        /ERR/LOKO/0x00000002
17:37:12.506  INFO     RX        /ERR/LOKO/0x00000002
17:37:12.507  INFO     RX        /ERR/LOKO/0x00000002
17:37:12.543  INFO     RX        /ERR/LOKO/0x00000002
17:37:12.543  INFO     RX        /ERR/LOKO/0x00000002
17:37:12.543  INFO     RX        /ERR/LOKO/0x00000002
17:37:12.572  INFO     RX        /ERR/LOKO/0x00000002
17:37:12.572  INFO     RX        /ERR/LOKO/0x00000002
17:37:12.572  INFO     RX        /ERR/LOKO/0x00000002
17:37:12.607  INFO     RX        /ERR/LOKO/0x00000002
17:37:12.607  INFO     RX        /ERR/LOKO/0x00000002
17:37:12.607  INFO     RX        /ERR/LOKO/0x00000002
17:37:12.635  INFO     RX        /ERR/LOKO/0x00000002
17:37:12.636  INFO     RX        /ERR/LOKO/0x00000002
17:37:12.671  INFO     RX        /ERR/LOKO/0x00000002
17:37:12.671  INFO     RX        /ERR/LOKO/0x00000002
17:37:12.671  INFO     RX        /ERR/LOKO/0x00000002
17:37:12.704  INFO     RX        /ERR/LOKO/0x00000002
17:37:12.705  INFO     RX        /ERR/LOKO/0x00000002
17:37:12.705  INFO     RX        /ERR/LOKO/0x00000002
17:37:12.733  INFO     RX        /ERR/LOKO/0x00000002
17:37:12.733  INFO     RX        /ERR/LOKO/0x00000002
17:37:12.770  INFO     RX        /ERR/LOKO/0x00000002
17:37:12.770  INFO     RX        /ERR/LOKO/0x00000002
17:37:12.770  INFO     RX        /ERR/LOKO/0x00000002
17:37:12.793  DEBUG    TX /CONTROLL/0,0,0,-20,0,0,0,0,0
17:37:12.797  INFO     RX        /ERR/LOKO/0x00000002
17:37:12.797  INFO     RX        /ERR/LOKO/0x00000002
17:37:12.797  INFO     RX        /ERR/LOKO/0x00000002
17:37:12.832  INFO     RX        /ERR/LOKO/0x00000002
17:37:12.832  INFO     RX        /ERR/LOKO/0x00000002
17:37:12.832  INFO     RX        /ERR/LOKO/0x00000002
17:37:12.867  INFO     RX        /ERR/LOKO/0x00000002
17:37:13.764  INFO     RX        /ERR/LOKO/0x00000002
17:37:13.764  INFO     RX        /ERR/LOKO/0x00000002
17:37:13.800  INFO     RX        /ERR/LOKO/0x00000002
17:37:13.800  INFO     RX        /ERR/LOKO/0x00000002
17:37:13.800  INFO     RX        /ERR/LOKO/0x00000002
17:37:13.828  INFO     RX        /ERR/LOKO/0x00000002
17:37:13.828  INFO     RX        /ERR/LOKO/0x00000002
17:37:13.864  INFO     RX        /ERR/LOKO/0x00000002
17:37:13.864  INFO     RX        /ERR/LOKO/0x00000002
17:37:13.864  INFO     RX        /ERR/LOKO/0x00000002
17:37:13.892  INFO     RX        /ERR/LOKO/0x00000002
17:37:13.892  INFO     RX        /ERR/LOKO/0x00000002
17:37:13.892  INFO     RX        /ERR/LOKO/0x00000002
17:37:13.928  INFO     RX        /ERR/LOKO/0x00000002
17:37:13.929  INFO     RX        /ERR/LOKO/0x00000002
17:37:13.929  INFO     RX        /ERR/LOKO/0x00000002
17:37:13.960  INFO     RX        /ERR/LOKO/0x00000002
17:37:13.961  INFO     RX        /ERR/LOKO/0x00000002
17:37:13.993  INFO     RX        /ERR/LOKO/0x00000002
17:37:13.993  INFO     RX        /ERR/LOKO/0x00000002
17:37:13.993  INFO     RX        /ERR/LOKO/0x00000002
17:37:14.024  INFO     RX        /ERR/LOKO/0x00000002
17:37:14.025  INFO     RX        /ERR/LOKO/0x00000002
17:37:14.025  INFO     RX        /ERR/LOKO/0x00000002
17:37:14.057  INFO     RX        /ERR/LOKO/0x00000002
17:37:14.058  INFO     RX        /ERR/LOKO/0x00000002
17:37:14.058  INFO     RX        /ERR/LOKO/0x00000002
17:37:14.087  INFO     RX        /ERR/LOKO/0x00000002
17:37:14.087  INFO     RX        /ERR/LOKO/0x00000002
17:37:14.122  INFO     RX        /ERR/LOKO/0x00000002
17:37:14.122  INFO     RX        /ERR/LOKO/0x00000002
17:37:14.122  INFO     RX        /ERR/LOKO/0x00000002
17:37:14.152  INFO     RX        /ERR/LOKO/0x00000002
17:37:14.152  INFO     RX        /ERR/LOKO/0x00000002
17:37:14.152  INFO     RX        /ERR/LOKO/0x00000002
17:37:14.187  INFO     RX        /ERR/LOKO/0x00000002
17:37:14.187  INFO     RX        /ERR/LOKO/0x00000002
17:37:14.187  INFO     RX        /ERR/LOKO/0x00000002
17:37:14.215  INFO     RX        /ERR/LOKO/0x00000002
17:37:14.215  INFO     RX        /ERR/LOKO/0x00000002
17:37:14.251  INFO     RX        /ERR/LOKO/0x00000002
17:37:14.251  INFO     RX        /ERR/LOKO/0x00000002
17:37:14.251  INFO     RX        /ERR/LOKO/0x00000002
17:37:14.280  INFO     RX        /ERR/LOKO/0x00000002
17:37:14.280  INFO     RX        /ERR/LOKO/0x00000002
17:37:14.316  INFO     RX        /ERR/LOKO/0x00000002
17:37:14.316  INFO     RX        /ERR/LOKO/0x00000002
17:37:14.316  INFO     RX        /ERR/LOKO/0x00000002
17:37:14.344  INFO     RX        /ERR/LOKO/0x00000002
17:37:14.344  INFO     RX        /ERR/LOKO/0x00000002
17:37:14.405  DEBUG    TX /CONTROLL/0,0,0,0,0,0,0,0,0
17:37:16.010  DEBUG    TX /CONTROLL/0,0,0,0,0,0,0,0,0
17:37:17.497  INFO     RX        /ERR/LOKO/0x00000002
17:37:17.498  INFO     RX        /ERR/LOKO/0x00000002
17:37:17.526  INFO     RX        /ERR/LOKO/0x00000002
17:37:17.527  INFO     RX        /ERR/LOKO/0x00000002
17:37:17.527  INFO     RX        /ERR/LOKO/0x00000002
17:37:17.562  INFO     RX        /ERR/LOKO/0x00000002
17:37:17.562  INFO     RX        /ERR/LOKO/0x00000002
17:37:17.562  INFO     RX        /ERR/LOKO/0x00000002
17:37:17.592  INFO     RX        /ERR/LOKO/0x00000002
17:37:17.592  INFO     RX        /ERR/LOKO/0x00000002
17:37:17.619  DEBUG    TX /CONTROLL/0,0,16,0,0,0,0,0,0
17:37:17.636  INFO     RX        /ERR/LOKO/0x00000002
17:37:17.636  INFO     RX        /ERR/LOKO/0x00000002
17:37:17.636  INFO     RX        /ERR/LOKO/0x00000002
17:37:17.636  INFO     RX        /ERR/LOKO/0x00000002
17:37:17.656  INFO     RX        /ERR/LOKO/0x00000002
17:37:17.780  INFO     RX        /ERR/LOKO/0x00000002
17:37:17.780  INFO     RX        /ERR/LOKO/0x00000002
17:37:17.780  INFO     RX        /ERR/LOKO/0x00000002
17:37:17.780  INFO     RX        /ERR/LOKO/0x00000002
17:37:17.780  INFO     RX        /ERR/LOKO/0x00000002
17:37:17.780  INFO     RX        /ERR/LOKO/0x00000002
17:37:17.780  INFO     RX        /ERR/LOKO/0x00000002
17:37:17.780  INFO     RX        /ERR/LOKO/0x00000002
17:37:17.780  INFO     RX        /ERR/LOKO/0x00000002
17:37:17.781  INFO     RX        /ERR/LOKO/0x00000002
17:37:17.781  INFO     RX        /ERR/LOKO/0x00000002
17:37:17.792  INFO     RX        /ERR/LOKO/0x00000002
17:37:17.810  INFO     RX        /ERR/LOKO/0x00000002
17:37:17.820  INFO     RX        /ERR/LOKO/0x00000002
17:37:17.855  INFO     RX        /ERR/LOKO/0x00000002
17:37:17.855  INFO     RX        /ERR/LOKO/0x00000002
17:37:17.855  INFO     RX        /ERR/LOKO/0x00000002
17:37:17.882  INFO     RX        /ERR/LOKO/0x00000002
17:37:19.229  DEBUG    TX /CONTROLL/0,0,0,0,0,0,0,0,2
17:37:20.833  DEBUG    TX /CONTROLL/0,0,0,0,0,0,0,0,0
17:37:22.442  DEBUG    TX /CONTROLL/0,0,0,0,0,0,0,0,0
17:37:24.051  DEBUG    TX /CONTROLL/0,0,0,0,0,0,0,0,0
17:37:25.660  DEBUG    TX /CONTROLL/0,0,0,0,0,0,0,0,0
17:37:27.270  DEBUG    TX /CONTROLL/0,0,0,0,0,0,0,0,0
17:37:28.877  DEBUG    TX /CONTROLL/0,0,0,0,0,0,0,0,0
17:37:30.490  DEBUG    TX /CONTROLL/0,0,0,0,0,0,0,0,0
17:37:32.099  DEBUG    TX /CONTROLL/0,0,0,0,0,0,0,0,0
17:37:33.710  DEBUG    TX /CONTROLL/0,0,0,0,0,0,0,0,0
17:37:35.316  DEBUG    TX /CONTROLL/0,0,0,0,0,0,0,0,0
17:37:36.929  DEBUG    TX /CONTROLL/0,0,0,0,0,0,0,0,0
17:37:38.538  DEBUG    TX /CONTROLL/0,0,0,0,0,0,0,0,0
17:37:40.146  DEBUG    TX /CONTROLL/0,0,0,0,0,0,0,0,0
17:37:41.757  DEBUG    TX /CONTROLL/0,0,0,0,0,0,0,0,0
17:37:43.373  DEBUG    TX /CONTROLL/0,0,0,0,0,0,0,0,0
17:37:44.985  DEBUG    TX /CONTROLL/0,0,0,0,0,0,0,0,0
17:37:46.597  DEBUG    TX /CONTROLL/0,0,0,0,0,0,0,0,0
17:37:48.208  DEBUG    TX /CONTROLL/0,0,0,0,0,0,0,0,0
17:37:49.820  DEBUG    TX /CONTROLL/0,0,0,0,0,0,0,0,0
17:37:51.443  DEBUG    TX /CONTROLL/0,0,0,0,0,0,0,0,0
17:37:53.052  DEBUG    TX /CONTROLL/0,0,0,0,0,0,0,0,0
17:37:54.664  DEBUG    TX /CONTROLL/0,0,0,0,0,0,0,0,0
17:37:56.285  DEBUG    TX /CONTROLL/0,0,0,0,0,0,0,0,0
17:37:57.895  DEBUG    TX /CONTROLL/0,0,0,0,0,0,0,0,0
17:37:59.510  DEBUG    TX /CONTROLL/0,0,0,0,0,0,0,0,0
17:38:01.126  DEBUG    TX /CONTROLL/0,0,0,0,0,0,0,0,0
17:38:02.735  DEBUG    TX /CONTROLL/0,0,0,0,0,0,0,0,0
17:38:04.347  DEBUG    TX /CONTROLL/0,0,0,0,0,0,0,0,0
17:38:05.957  DEBUG    TX /CONTROLL/0,0,0,0,0,0,0,0,0
17:38:07.571  DEBUG    TX /CONTROLL/0,0,0,0,0,0,0,0,0
17:38:09.183  DEBUG    TX /CONTROLL/0,0,0,0,0,0,0,0,0
17:38:10.792  DEBUG    TX /CONTROLL/0,0,0,0,0,0,0,0,0
17:38:12.399  DEBUG    TX /CONTROLL/0,0,0,0,0,0,0,0,0
17:38:14.014  DEBUG    TX /CONTROLL/0,0,0,0,0,0,0,0,0
17:38:15.629  DEBUG    TX /CONTROLL/0,0,0,0,0,0,0,0,0
17:38:17.239  DEBUG    TX /CONTROLL/0,0,0,0,0,0,0,0,0
17:38:18.849  DEBUG    TX /CONTROLL/0,0,0,0,0,0,0,0,0
17:38:20.463  DEBUG    TX /CONTROLL/0,0,0,0,0,0,0,0,0
17:38:22.075  DEBUG    TX /CONTROLL/0,0,0,0,0,0,0,0,0
17:38:23.684  DEBUG    TX /CONTROLL/0,0,0,0,0,0,0,0,0
17:38:25.296  DEBUG    TX /CONTROLL/0,0,0,0,0,0,0,0,0
17:38:26.909  DEBUG    TX /CONTROLL/0,0,0,0,0,0,0,0,0
17:38:28.522  DEBUG    TX /CONTROLL/0,0,0,0,0,0,0,0,0
17:38:30.139  DEBUG    TX /CONTROLL/0,0,0,0,0,0,0,0,0
17:38:31.751  DEBUG    TX /CONTROLL/0,0,0,0,0,0,0,0,0
17:38:33.366  DEBUG    TX /CONTROLL/0,0,0,0,0,0,0,0,0
17:38:34.992  DEBUG    TX /CONTROLL/0,0,0,0,0,0,0,0,0
17:38:36.601  DEBUG    TX /CONTROLL/0,0,0,0,0,0,0,0,0
17:38:38.206  DEBUG    TX /CONTROLL/0,0,0,0,0,0,0,0,0
17:38:39.814  DEBUG    TX /CONTROLL/0,0,0,0,0,0,0,0,0
17:38:41.425  DEBUG    TX /CONTROLL/0,0,0,0,0,0,0,0,0
17:38:43.033  DEBUG    TX /CONTROLL/0,0,0,0,0,0,0,0,0
17:38:44.644  DEBUG    TX /CONTROLL/0,0,0,0,0,0,0,0,0
17:38:46.247  DEBUG    TX /CONTROLL/0,0,0,0,0,0,0,0,0
17:38:47.854  DEBUG    TX /CONTROLL/0,0,0,0,0,0,0,0,0
17:38:49.466  DEBUG    TX /CONTROLL/0,0,0,0,0,0,0,0,0
17:38:51.079  DEBUG    TX /CONTROLL/0,0,0,0,0,0,0,0,0
17:38:52.685  DEBUG    TX /CONTROLL/0,0,0,0,0,0,0,0,0
17:48:32.294  DEBUG    TX /CONTROLL/0,0,0,0,0,0,0,0,0
