15:53:38.152  INFO     Connecting to 100.122.9.49:5000...
15:53:39.741  DEBUG    TX /CONTROLL/0,0,0,0,0,0,0,0,0
15:53:41.360  DEBUG    TX /CONTROLL/0,0,0,0,0,0,0,0,0
15:53:42.970  DEBUG    TX /CONTROLL/0,0,0,0,0,0,0,0,0
15:53:43.196  INFO     Network connection established
15:53:43.196  INFO     RX        /BATTERY/VDDA/12867 mV
15:53:43.198  INFO     RX        === Hexapod Mainboard ===
15:53:43.198  INFO     RX        PCA9685 Right: OK
15:53:43.198  INFO     RX        PCA9685 Left:  OK
15:53:43.198  INFO     RX        LSM6DSO IMU:   OK
15:53:43.351  INFO     RX        VL53L1X ToF:   OK
15:53:43.378  INFO     RX        Locomotion:    INIT (UN_ARMED, printf mode)
15:53:44.581  DEBUG    TX /CONTROLL/0,0,0,0,0,0,0,0,4
15:53:46.188  DEBUG    TX /CONTROLL/0,0,0,0,0,0,0,0,0
15:53:47.799  DEBUG    TX /CONTROLL/0,0,0,0,0,0,0,0,0
15:53:48.540  INFO     RX        Press L1 to arm, R1 to disar/BATTERY/VDDA/12826 mV
15:53:48.587  INFO     RX        === Hexapod Mainboard ===
15:53:48.587  INFO     RX        PCA9685 Right: OK
15:53:48.588  INFO     RX        PCA9685 Left:  OK
15:53:48.597  INFO     RX        LSM6DSO IMU:   OK
15:53:48.767  INFO     RX        VL53L1X ToF:   OK
15:53:48.803  INFO     RX        Locomotion:    INIT (UN_ARMED, printf mode)
15:53:48.803  INFO     RX        Press L1 to arm, R1 to disarm at any time.
15:53:48.804  INFO     RX        Ready.
15:53:49.413  DEBUG    TX /CONTROLL/0,0,0,0,0,0,0,0,0
15:53:51.025  DEBUG    TX /CONTROLL/0,0,0,0,0,0,0,0,0
15:53:52.640  DEBUG    TX /CONTROLL/0,0,0,0,0,0,0,0,0
15:53:54.251  DEBUG    TX /CONTROLL/0,0,0,0,0,0,0,0,32
15:53:55.145  INFO     RX        SERVO FR.[C: 90 F:106 T:107] MR.[C: 90 F:106 T:107] BR.[C: 90 F:106 T/BATTERY/VDDA/12859 mV
15:53:55.146  INFO     RX        === Hexapod Mainboard ===
15:53:55.164  INFO     RX        PCA9685 Right: OK
15:53:55.188  INFO     RX        PCA9685 Left:  OK
15:53:55.220  INFO     RX        LSM6DSO IMU:   OK
15:53:55.372  INFO     RX        VL53L1X ToF:   OK
15:53:55.412  INFO     RX        Locomotion:    INIT (UN_ARMED, printf mode)
15:53:55.412  INFO     RX        Press L1 to arm, R1 to disarm at any time.
15:53:55.412  INFO     RX        Ready.
15:53:55.859  DEBUG    TX /CONTROLL/0,0,0,0,0,0,0,0,0
15:53:57.463  DEBUG    TX /CONTROLL/0,0,0,0,0,0,0,0,4
15:53:59.074  DEBUG    TX /CONTROLL/0,0,0,0,0,0,0,0,0
15:54:00.685  DEBUG    TX /CONTROLL/0,0,0,0,0,0,0,0,0
15:54:00.777  INFO     RX        SERVO FR.[C: 90 F:106 T:107] MR.[C: 90 F:106 T:107] BR.[C: 90 F:106 T/BATTERY/VDDA/12870 mV
15:54:00.778  INFO     RX        === Hexapod Mainboard ===
15:54:00.795  INFO     RX        PCA9685 Right: OK
15:54:00.816  INFO     RX        PCA9685 Left:  OK
15:54:00.853  INFO     RX        LSM6DSO IMU:   OK
15:54:01.004  INFO     RX        VL53L1X ToF:   OK
15:54:01.041  INFO     RX        Locomotion:    INIT (UN_ARMED, printf mode)
15:54:01.041  INFO     RX        Press L1 to arm, R1 to disarm at any time.
15:54:01.041  INFO     RX        Ready.
15:54:02.291  DEBUG    TX /CONTROLL/0,0,0,0,0,0,0,0,0
15:54:03.897  DEBUG    TX /CONTROLL/0,0,0,0,0,0,0,0,0
15:54:05.505  DEBUG    TX /CONTROLL/0,0,0,0,0,0,0,0,0
15:54:06.514  INFO     RX        SERVO FR.[C: 90 F:106 T:107] MR.[C: 90 F:106 T:107] BR.[C: 90 F:106 T/BATTERY/VDDA/12855 mV
15:54:06.514  INFO     RX        === Hexapod Mainboard ===
15:54:06.546  INFO     RX        PCA9685 Right: OK
15:54:06.574  INFO     RX        PCA9685 Left:  OK
15:54:06.574  INFO     RX        LSM6DSO IMU:   OK
15:54:06.739  INFO     RX        VL53L1X ToF:   OK
15:54:06.767  INFO     RX        Locomotion:    INIT (UN_ARMED, printf mode)
15:54:06.768  INFO     RX        Press L1 to arm, R1 to disarm at any time.
15:54:06.768  INFO     RX        Ready.
15:54:07.119  DEBUG    TX /CONTROLL/0,0,0,0,0,0,0,0,0
15:54:08.734  DEBUG    TX /CONTROLL/0,0,0,0,0,0,0,0,0
15:54:10.021  INFO     RX        SERVO FR.[C: 90 F:106 T:107] MR.[C: 90 F:106 T:107] BR.[C: 90 F:106 T/BATTERY/VDDA/12859 mV
15:54:10.022  INFO     RX        === Hexapod Mainboard ===
15:54:10.039  INFO     RX        PCA9685 Right: OK
15:54:10.058  INFO     RX        PCA9685 Left:  OK
15:54:10.090  INFO     RX        LSM6DSO IMU:   OK
15:54:10.248  INFO     RX        VL53L1X ToF:   OK
15:54:10.294  INFO     RX        Locomotion:    INIT (UN_ARMED, printf mode)
15:54:10.294  INFO     RX        Press L1 to arm, R1 to disarm at any time.
15:54:10.294  INFO     RX        Ready.
15:54:10.344  DEBUG    TX /CONTROLL/0,0,0,0,0,0,0,0,0
15:54:11.953  DEBUG    TX /CONTROLL/0,0,0,0,0,0,0,0,0
15:54:13.563  DEBUG    TX /CONTROLL/0,0,0,0,0,0,0,0,0
15:54:14.442  INFO     RX        SERVO FR.[C: 90 F:106 T/BATTERY/VDDA/12863 mV
15:54:14.443  INFO     RX        === Hexapod Mainboard ===
15:54:14.464  INFO     RX        PCA9685 Right: OK
15:54:14.498  INFO     RX        PCA9685 Left:  OK
15:54:14.498  INFO     RX        LSM6DSO IMU:   OK
15:54:14.671  INFO     RX        VL53L1X ToF:   OK
15:54:14.696  INFO     RX        Locomotion:    INIT (UN_ARMED, printf mode)
15:54:14.724  INFO     RX        Press L1 to arm, R1 to disarm at any time.
15:54:14.724  INFO     RX        Ready.
15:54:15.173  DEBUG    TX /CONTROLL/0,0,0,0,0,0,0,0,0
15:54:15.730  INFO     RX        /BATTERY/VDDA/12861 mV
15:54:15.730  INFO     RX        === Hexapod Mainboard ===
15:54:15.755  INFO     RX        PCA9685 Right: OK
15:54:15.788  INFO     RX        PCA9685 Left:  OK
15:54:15.788  INFO     RX        LSM6DSO IMU:   OK
15:54:15.956  INFO     RX        VL53L1X ToF:   OK
15:54:15.983  INFO     RX        Locomotion:    INIT (UN_ARMED, printf mode)
15:54:16.013  INFO     RX        Press L1 to arm, R1 to disarm at any time.
15:54:16.014  INFO     RX        Ready.
15:54:16.160  INFO     RX        /BATTERY/VDDA/12855 mV
15:54:16.160  INFO     RX        === Hexapod Mainboard ===
15:54:16.178  INFO     RX        PCA9685 Right: OK
15:54:16.210  INFO     RX        PCA9685 Left:  OK
15:54:16.238  INFO     RX        LSM6DSO IMU:   OK
15:54:16.529  INFO     RX        /BATTERY/VDDA/12865 mV
15:54:16.574  INFO     RX        === Hexapod Mainboard ===
15:54:16.574  INFO     RX        PCA9685 Right: OK
15:54:16.574  INFO     RX        PCA9685 Left:  OK
15:54:16.583  INFO     RX        LSM6DSO IMU:   OK
15:54:16.782  DEBUG    TX /CONTROLL/0,0,0,0,0,0,0,0,0
15:54:16.918  INFO     RX        /BATTERY/VDDA/12865 mV
15:54:16.918  INFO     RX        === Hexapod Mainboard ===
15:54:16.945  INFO     RX        PCA9685 Right: OK
15:54:16.979  INFO     RX        PCA9685 Left:  OK
15:54:16.980  INFO     RX        LSM6DSO IMU:   OK
15:54:17.302  INFO     RX        /BATTERY/VDDA/12847 mV
15:54:17.302  INFO     RX        === Hexapod Mainboard ===
15:54:17.302  INFO     RX        PCA9685 Right: OK
15:54:17.333  INFO     RX        PCA9685 Left:  OK
15:54:17.368  INFO     RX        LSM6DSO IMU:   OK
15:54:17.656  INFO     RX        /BATTERY/VDDA/12874 mV
15:54:17.656  INFO     RX        === Hexapod Mainboard ===
15:54:17.689  INFO     RX        PCA9685 Right: OK
15:54:17.690  INFO     RX        PCA9685 Left:  OK
15:54:17.722  INFO     RX        LSM6DSO IMU:   OK
15:54:17.968  INFO     RX        /BATTERY/VDDA/12859 mV
15:54:17.968  INFO     RX        === Hexapod Mainboard ===
15:54:17.985  INFO     RX        PCA9685 Right: OK
15:54:18.009  INFO     RX        PCA9685 Left:  OK
15:54:18.042  INFO     RX        LSM6DSO IMU:   OK
15:54:18.194  INFO     RX        VL53L1X ToF:   OK
15:54:18.236  INFO     RX        Locomotion:    INIT (UN_ARMED, printf mode)
15:54:18.236  INFO     RX        Press L1 to arm, R1 to disarm at any time.
15:54:18.236  INFO     RX        Ready.
15:54:18.395  DEBUG    TX /CONTROLL/0,0,0,0,0,0,0,0,0
15:54:20.005  DEBUG    TX /CONTROLL/0,0,0,-88,0,0,0,0,0
15:54:21.628  DEBUG    TX /CONTROLL/0,0,0,0,0,0,0,0,0
15:54:23.237  DEBUG    TX /CONTROLL/0,0,0,0,0,0,0,0,0
15:54:23.606  INFO     RX        SERVO FR.[C: 90 F:106 T:107] MR.[C: 90 F:106 T:107] BR.[C: 90 F:106 T/BATTERY/VDDA/12853 mV
15:54:23.606  INFO     RX        === Hexapod Mainboard ===
15:54:23.628  INFO     RX        PCA9685 Right: OK
15:54:23.660  INFO     RX        PCA9685 Left:  OK
15:54:23.696  INFO     RX        LSM6DSO IMU:   OK
15:54:23.833  INFO     RX        VL53L1X ToF:   OK
15:54:23.860  INFO     RX        Locomotion:    INIT (UN_ARMED, printf mode)
15:54:23.890  INFO     RX        Press L1 to arm, R1 to disarm at any time.
15:54:23.891  INFO     RX        Ready.
15:54:24.856  DEBUG    TX /CONTROLL/0,0,0,0,0,0,0,0,0
15:54:26.472  DEBUG    TX /CONTROLL/0,0,0,0,0,0,0,0,0
15:54:28.102  DEBUG    TX /CONTROLL/0,0,0,0,0,0,0,0,0
15:54:28.886  INFO     RX        SERVO FR.[C: 90 F:106 T/BATTERY/VDDA/12859 mV
15:54:28.886  INFO     RX        === Hexapod Mainboard ===
15:54:28.931  INFO     RX        PCA9685 Right: OK
15:54:28.932  INFO     RX        PCA9685 Left:  OK
15:54:28.938  INFO     RX        LSM6DSO IMU:   OK
15:54:29.109  INFO     RX        VL53L1X ToF:   OK
15:54:29.136  INFO     RX        Locomotion:    INIT (UN_ARMED, printf mode)
15:54:29.136  INFO     RX        Press L1 to arm, R1 to disarm at any time.
15:54:29.136  INFO     RX        Ready.
15:54:29.725  DEBUG    TX /CONTROLL/0,0,0,0,0,0,0,0,16
15:54:30.568  INFO     RX        /ERR/LOKO/0x00000002
15:54:30.568  INFO     RX        /ERR/LOKO/0x00000002
15:54:30.568  INFO     RX        /ERR/LOKO/0x00000002
15:54:30.598  INFO     RX        /ERR/LOKO/0x00000002
15:54:30.598  INFO     RX        /ERR/LOKO/0x00000002
15:54:30.630  INFO     RX        /ERR/LOKO/0x00000002
15:54:30.631  INFO     RX        /ERR/LOKO/0x00000002
15:54:30.631  INFO     RX        /ERR/LOKO/0x00000002
15:54:30.663  INFO     RX        /ERR/LOKO/0x00000002
15:54:30.663  INFO     RX        /ERR/LOKO/0x00000002
15:54:30.663  INFO     RX        /ERR/LOKO/0x00000002
15:54:30.694  INFO     RX        /ERR/LOKO/0x00000002
15:54:30.695  INFO     RX        /ERR/LOKO/0x00000002
15:54:30.695  INFO     RX        /ERR/LOKO/0x00000002
15:54:30.728  INFO     RX        /ERR/LOKO/0x00000002
15:54:30.728  INFO     RX        /ERR/LOKO/0x00000002
15:54:30.728  INFO     RX        /ERR/LOKO/0x00000002
15:54:30.759  INFO     RX        /ERR/LOKO/0x00000002
15:54:30.759  INFO     RX        /ERR/LOKO/0x00000002
15:54:30.797  INFO     RX        /ERR/LOKO/0x00000002
15:54:30.797  INFO     RX        /ERR/LOKO/0x00000002
15:54:30.797  INFO     RX        /ERR/LOKO/0x00000002
15:54:30.824  INFO     RX        /ERR/LOKO/0x00000002
15:54:30.825  INFO     RX        /ERR/LOKO/0x00000002
15:54:30.825  INFO     RX        /ERR/LOKO/0x00000002
15:54:30.861  INFO     RX        /ERR/LOKO/0x00000002
15:54:30.861  INFO     RX        /ERR/LOKO/0x00000002
15:54:30.861  INFO     RX        /ERR/LOKO/0x00000002
15:54:30.887  INFO     RX        /ERR/LOKO/0x00000002
15:54:30.887  INFO     RX        /ERR/LOKO/0x00000002
15:54:30.922  INFO     RX        /ERR/LOKO/0x00000002
15:54:30.922  INFO     RX        /ERR/LOKO/0x00000002
15:54:30.922  INFO     RX        /ERR/LOKO/0x00000002
15:54:30.954  INFO     RX        /ERR/LOKO/0x00000002
15:54:30.954  INFO     RX        /ERR/LOKO/0x00000002
15:54:30.954  INFO     RX        /ERR/LOKO/0x00000002
15:54:30.986  INFO     RX        /ERR/LOKO/0x00000002
15:54:30.986  INFO     RX        /ERR/LOKO/0x00000002
15:54:30.986  INFO     RX        /ERR/LOKO/0x00000002
15:54:31.018  INFO     RX        /ERR/LOKO/0x00000002
15:54:31.018  INFO     RX        /ERR/LOKO/0x00000002
15:54:31.018  INFO     RX        /ERR/LOKO/0x00000002
15:54:31.050  INFO     RX        /ERR/LOKO/0x00000002
15:54:31.051  INFO     RX        /ERR/LOKO/0x00000002
15:54:31.080  INFO     RX        /ERR/LOKO/0x00000002
15:54:31.080  INFO     RX        /ERR/LOKO/0x00000002
15:54:31.080  INFO     RX        /ERR/LOKO/0x00000002
15:54:31.117  INFO     RX        /ERR/LOKO/0x00000002
15:54:31.117  INFO     RX        /ERR/LOKO/0x00000002
15:54:31.117  INFO     RX        /ERR/LOKO/0x00000002
15:54:31.144  INFO     RX        /ERR/LOKO/0x00000002
15:54:31.144  INFO     RX        /ERR/LOKO/0x00000002
15:54:31.179  INFO     RX        /ERR/LOKO/0x00000002
15:54:31.179  INFO     RX        /ERR/LOKO/0x00000002
15:54:31.179  INFO     RX        /ERR/LOKO/0x00000002
15:54:31.208  INFO     RX        /ERR/LOKO/0x00000002
15:54:31.209  INFO     RX        /ERR/LOKO/0x00000002
15:54:31.209  INFO     RX        /ERR/LOKO/0x00000002
15:54:31.244  INFO     RX        /ERR/LOKO/0x00000002
15:54:31.244  INFO     RX        /ERR/LOKO/0x00000002
15:54:31.244  INFO     RX        /ERR/LOKO/0x00000002
15:54:31.273  INFO     RX        /ERR/LOKO/0x00000002
15:54:31.273  INFO     RX        /ERR/LOKO/0x00000002
15:54:31.306  INFO     RX        /ERR/LOKO/0x00000002
15:54:31.306  INFO     RX        /ERR/LOKO/0x00000002
15:54:31.306  INFO     RX        /ERR/LOKO/0x00000002
15:54:31.334  DEBUG    TX /CONTROLL/0,0,0,0,0,0,0,0,2
15:54:31.338  INFO     RX        /ERR/LOKO/0x00000002
15:54:31.338  INFO     RX        /ERR/LOKO/0x00000002
15:54:31.338  INFO     RX        /ERR/LOKO/0x00000002
15:54:31.373  INFO     RX        /ERR/LOKO/0x00000002
15:54:31.373  INFO     RX        /ERR/LOKO/0x00000002
15:54:31.373  INFO     RX        /ERR/LOKO/0x00000002
15:54:31.403  INFO     RX        /ERR/LOKO/0x00000002
15:54:31.403  INFO     RX        /ERR/LOKO/0x00000002
15:54:31.403  INFO     RX        /ERR/LOKO/0x00000002
15:54:31.435  INFO     RX        /ERR/LOKO/0x00000002
15:54:31.435  INFO     RX        /ERR/LOKO/0x00000002
15:54:31.468  INFO     RX        /ERR/LOKO/0x00000002
15:54:31.468  INFO     RX        /ERR/LOKO/0x00000002
15:54:31.468  INFO     RX        /ERR/LOKO/0x00000002
15:54:31.502  INFO     RX        /ERR/LOKO/0x00000002
15:54:31.502  INFO     RX        /ERR/LOKO/0x00000002
15:54:31.502  INFO     RX        /ERR/LOKO/0x00000002
15:54:31.535  INFO     RX        /ERR/LOKO/0x00000002
15:54:31.535  INFO     RX        /ERR/LOKO/0x00000002
15:54:31.535  INFO     RX        /ERR/LOKO/0x00000002
15:54:31.565  INFO     RX        /ERR/LOKO/0x00000002
15:54:31.566  INFO     RX        /ERR/LOKO/0x00000002
15:54:31.566  INFO     RX        /ERR/LOKO/0x00000002
15:54:31.600  INFO     RX        /ERR/LOKO/0x00000002
15:54:31.600  INFO     RX        /ERR/LOKO/0x00000002
15:54:31.600  INFO     RX        /ERR/LOKO/0x00000002
15:54:31.628  INFO     RX        /ERR/LOKO/0x00000002
15:54:31.629  INFO     RX        /ERR/LOKO/0x00000002
15:54:31.664  INFO     RX        /ERR/LOKO/0x00000002
15:54:31.664  INFO     RX        /ERR/LOKO/0x00000002
15:54:31.664  INFO     RX        /ERR/LOKO/0x00000002
15:54:31.693  INFO     RX        /ERR/LOKO/0x00000002
15:54:31.693  INFO     RX        /ERR/LOKO/0x00000002
15:54:31.693  INFO     RX        /ERR/LOKO/0x00000002
15:54:31.728  INFO     RX        /ERR/LOKO/0x00000002
15:54:31.728  INFO     RX        /ERR/LOKO/0x00000002
15:54:31.728  INFO     RX        /ERR/LOKO/0x00000002
15:54:31.759  INFO     RX        /ERR/LOKO/0x00000002
15:54:31.759  INFO     RX        /ERR/LOKO/0x00000002
15:54:31.792  INFO     RX        /ERR/LOKO/0x00000002
15:54:31.792  INFO     RX        /ERR/LOKO/0x00000002
15:54:31.792  INFO     RX        /ERR/LOKO/0x00000002
15:54:31.825  INFO     RX        /ERR/LOKO/0x00000002
15:54:31.825  INFO     RX        /ERR/LOKO/0x00000002
15:54:31.825  INFO     RX        /ERR/LOKO/0x00000002
15:54:31.854  INFO     RX        /ERR/LOKO/0x00000002
15:54:32.894  INFO     RX        /ERR/LOKO/0x00000002
15:54:32.894  INFO     RX        /ERR/LOKO/0x00000002
15:54:32.929  INFO     RX        /ERR/LOKO/0x00000002
15:54:32.929  INFO     RX        /ERR/LOKO/0x00000002
15:54:32.929  INFO     RX        /ERR/LOKO/0x00000002
15:54:32.955  DEBUG    TX /CONTROLL/0,0,0,-100,0,0,0,0,0
15:54:32.958  INFO     RX        /ERR/LOKO/0x00000002
15:54:32.959  INFO     RX        /ERR/LOKO/0x00000002
15:54:32.993  INFO     RX        /ERR/LOKO/0x00000002
15:54:32.994  INFO     RX        /ERR/LOKO/0x00000002
15:54:32.994  INFO     RX        /ERR/LOKO/0x00000002
15:54:33.023  INFO     RX        /ERR/LOKO/0x00000002
15:54:33.023  INFO     RX        /ERR/LOKO/0x00000002
15:54:33.023  INFO     RX        /ERR/LOKO/0x00000002
15:54:33.055  INFO     RX        /ERR/LOKO/0x00000002
15:54:33.056  INFO     RX        /ERR/LOKO/0x00000002
15:54:33.056  INFO     RX        /ERR/LOKO/0x00000002
15:54:33.091  INFO     RX        /ERR/LOKO/0x00000002
15:54:33.091  INFO     RX        /ERR/LOKO/0x00000002
15:54:33.091  INFO     RX        /ERR/LOKO/0x00000002
15:54:33.124  INFO     RX        /ERR/LOKO/0x00000002
15:54:33.125  INFO     RX        /ERR/LOKO/0x00000002
15:54:33.152  INFO     RX        /ERR/LOKO/0x00000002
15:54:33.153  INFO     RX        /ERR/LOKO/0x00000002
15:54:33.153  INFO     RX        /ERR/LOKO/0x00000002
15:54:33.188  INFO     RX        /ERR/LOKO/0x00000002
15:54:33.988  INFO     RX        /ERR/LOKO/0x00000002
15:54:34.023  INFO     RX        /ERR/LOKO/0x00000002
15:54:34.023  INFO     RX        /ERR/LOKO/0x00000002
15:54:34.023  INFO     RX        /ERR/LOKO/0x00000002
15:54:34.053  INFO     RX        /ERR/LOKO/0x00000002
15:54:34.053  INFO     RX        /ERR/LOKO/0x00000002
15:54:34.053  INFO     RX        /ERR/LOKO/0x00000002
15:54:34.090  INFO     RX        /ERR/LOKO/0x00000002
15:54:34.090  INFO     RX        /ERR/LOKO/0x00000002
15:54:34.090  INFO     RX        /ERR/LOKO/0x00000002
15:54:34.118  INFO     RX        /ERR/LOKO/0x00000002
15:54:34.118  INFO     RX        /ERR/LOKO/0x00000002
15:54:34.150  INFO     RX        /ERR/LOKO/0x00000002
15:54:34.150  INFO     RX        /ERR/LOKO/0x00000002
15:54:34.150  INFO     RX        /ERR/LOKO/0x00000002
15:54:34.185  INFO     RX        /ERR/LOKO/0x00000002
15:54:34.185  INFO     RX        /ERR/LOKO/0x00000002
15:54:34.185  INFO     RX        /ERR/LOKO/0x00000002
15:54:34.214  INFO     RX        /ERR/LOKO/0x00000002
15:54:34.214  INFO     RX        /ERR/LOKO/0x00000002
15:54:34.214  INFO     RX        /ERR/LOKO/0x00000002
15:54:34.248  INFO     RX        /ERR/LOKO/0x00000002
15:54:34.248  INFO     RX        /ERR/LOKO/0x00000002
15:54:34.248  INFO     RX        /ERR/LOKO/0x00000002
15:54:34.277  INFO     RX        /ERR/LOKO/0x00000002
15:54:34.277  INFO     RX        /ERR/LOKO/0x00000002
15:54:34.310  INFO     RX        /ERR/LOKO/0x00000002
15:54:34.310  INFO     RX        /ERR/LOKO/0x00000002
15:54:34.310  INFO     RX        /ERR/LOKO/0x00000002
15:54:34.344  INFO     RX        /ERR/LOKO/0x00000002
15:54:34.344  INFO     RX        /ERR/LOKO/0x00000002
15:54:34.344  INFO     RX        /ERR/LOKO/0x00000002
15:54:34.373  INFO     RX        /ERR/LOKO/0x00000002
15:54:34.374  INFO     RX        /ERR/LOKO/0x00000002
15:54:34.408  INFO     RX        /ERR/LOKO/0x00000002
15:54:34.409  INFO     RX        /ERR/LOKO/0x00000002
15:54:34.409  INFO     RX        /ERR/LOKO/0x00000002
15:54:34.438  INFO     RX        /ERR/LOKO/0x00000002
15:54:34.438  INFO     RX        /ERR/LOKO/0x00000002
15:54:34.438  INFO     RX        /ERR/LOKO/0x00000002
15:54:34.473  INFO     RX        /ERR/LOKO/0x00000002
15:54:34.473  INFO     RX        /ERR/LOKO/0x00000002
15:54:34.473  INFO     RX        /ERR/LOKO/0x00000002
15:54:34.502  INFO     RX        /ERR/LOKO/0x00000002
15:54:34.502  INFO     RX        /ERR/LOKO/0x00000002
15:54:34.538  INFO     RX        /ERR/LOKO/0x00000002
15:54:34.538  INFO     RX        /ERR/LOKO/0x00000002
15:54:34.538  INFO     RX        /ERR/LOKO/0x00000002
15:54:34.563  DEBUG    TX /CONTROLL/0,0,0,0,0,0,0,0,0
15:54:34.566  INFO     RX        /ERR/LOKO/0x00000002
15:54:34.566  INFO     RX        /ERR/LOKO/0x00000002
15:54:34.566  INFO     RX        /ERR/LOKO/0x00000002
15:54:34.599  INFO     RX        /ERR/LOKO/0x00000002
15:54:34.599  INFO     RX        /ERR/LOKO/0x00000002
15:54:34.599  INFO     RX        /ERR/LOKO/0x00000002
15:54:34.633  INFO     RX        /ERR/LOKO/0x00000002
15:54:34.634  INFO     RX        /ERR/LOKO/0x00000002
15:54:34.634  INFO     RX        /ERR/LOKO/0x00000002
15:54:34.667  INFO     RX        /ERR/LOKO/0x00000002
15:54:34.667  INFO     RX        /ERR/LOKO/0x00000002
15:54:34.699  INFO     RX        /ERR/LOKO/0x00000002
15:54:34.699  INFO     RX        /ERR/LOKO/0x00000002
15:54:34.699  INFO     RX        /ERR/LOKO/0x00000002
15:54:34.728  INFO     RX        /ERR/LOKO/0x00000002
15:54:34.728  INFO     RX        /ERR/LOKO/0x00000002
15:54:34.728  INFO     RX        /ERR/LOKO/0x00000002
15:54:34.763  INFO     RX        /ERR/LOKO/0x00000002
15:54:34.764  INFO     RX        /ERR/LOKO/0x00000002
15:54:34.764  INFO     RX        /ERR/LOKO/0x00000002
15:54:34.792  INFO     RX        /ERR/LOKO/0x00000002
15:54:34.793  INFO     RX        /ERR/LOKO/0x00000002
15:54:34.825  INFO     RX        /ERR/LOKO/0x00000002
15:54:34.825  INFO     RX        /ERR/LOKO/0x00000002
15:54:34.825  INFO     RX        /ERR/LOKO/0x00000002
15:54:34.858  INFO     RX        /ERR/LOKO/0x00000002
15:54:34.858  INFO     RX        /ERR/LOKO/0x00000002
15:54:34.858  INFO     RX        /ERR/LOKO/0x00000002
15:54:34.893  INFO     RX        /ERR/LOKO/0x00000002
15:54:34.893  INFO     RX        /ERR/LOKO/0x00000002
15:54:34.893  INFO     RX        /ERR/LOKO/0x00000002
15:54:34.922  INFO     RX        /ERR/LOKO/0x00000002
15:54:34.922  INFO     RX        /ERR/LOKO/0x00000002
15:54:34.958  INFO     RX        /ERR/LOKO/0x00000002
15:54:34.958  INFO     RX        /ERR/LOKO/0x00000002
15:54:34.958  INFO     RX        /ERR/LOKO/0x00000002
15:54:34.990  INFO     RX        /ERR/LOKO/0x00000002
15:54:34.991  INFO     RX        /ERR/LOKO/0x00000002
15:54:34.991  INFO     RX        /ERR/LOKO/0x00000002
15:54:35.020  INFO     RX        /ERR/LOKO/0x00000002
15:54:35.020  INFO     RX        /ERR/LOKO/0x00000002
15:54:35.020  INFO     RX        /ERR/LOKO/0x00000002
15:54:35.055  INFO     RX        /ERR/LOKO/0x00000002
15:54:35.055  INFO     RX        /ERR/LOKO/0x00000002
15:54:35.056  INFO     RX        /ERR/LOKO/0x00000002
15:54:35.085  INFO     RX        /ERR/LOKO/0x00000002
15:54:35.085  INFO     RX        /ERR/LOKO/0x00000002
15:54:35.121  INFO     RX        /ERR/LOKO/0x00000002
15:54:35.121  INFO     RX        /ERR/LOKO/0x00000002
15:54:35.122  INFO     RX        /ERR/LOKO/0x00000002
15:54:35.150  INFO     RX        /ERR/LOKO/0x00000002
15:54:35.150  INFO     RX        /ERR/LOKO/0x00000002
15:54:35.150  INFO     RX        /ERR/LOKO/0x00000002
15:54:35.181  INFO     RX        /ERR/LOKO/0x00000002
15:54:35.181  INFO     RX        /ERR/LOKO/0x00000002
15:54:35.181  INFO     RX        /ERR/LOKO/0x00000002
15:54:35.217  INFO     RX        /ERR/LOKO/0x00000002
15:54:35.217  INFO     RX        /ERR/LOKO/0x00000002
15:54:35.217  INFO     RX        /ERR/LOKO/0x00000002
15:54:35.246  INFO     RX        /ERR/LOKO/0x00000002
15:54:35.246  INFO     RX        /ERR/LOKO/0x00000002
15:54:35.280  INFO     RX        /ERR/LOKO/0x00000002
15:54:35.280  INFO     RX        /ERR/LOKO/0x00000002
15:54:35.280  INFO     RX        /ERR/LOKO/0x00000002
15:54:35.309  INFO     RX        /ERR/LOKO/0x00000002
15:54:35.309  INFO     RX        /ERR/LOKO/0x00000002
15:54:35.344  INFO     RX        /ERR/LOKO/0x00000002
15:54:35.344  INFO     RX        /ERR/LOKO/0x00000002
15:54:35.344  INFO     RX        /ERR/LOKO/0x00000002
15:54:35.430  INFO     RX        /ERR/LOKO/0x00000002
15:54:35.430  INFO     RX        /ERR/LOKO/0x00000002
15:54:35.430  INFO     RX        /ERR/LOKO/0x00000002
15:54:35.430  INFO     RX        /ERR/LOKO/0x00000002
15:54:35.430  INFO     RX        /ERR/LOKO/0x00000002
15:54:35.430  INFO     RX        /ERR/LOKO/0x00000002
15:54:35.430  INFO     RX        /ERR/LOKO/0x00000002
15:54:35.430  INFO     RX        /ERR/LOKO/0x00000002
15:54:35.472  INFO     RX        /ERR/LOKO/0x00000002
15:54:35.473  INFO     RX        /ERR/LOKO/0x00000002
15:54:35.473  INFO     RX        /ERR/LOKO/0x00000002
15:54:35.473  INFO     RX        /ERR/LOKO/0x00000002
15:54:35.502  INFO     RX        /ERR/LOKO/0x00000002
15:54:35.503  INFO     RX        /ERR/LOKO/0x00000002
15:54:35.538  INFO     RX        /ERR/LOKO/0x00000002
15:54:35.538  INFO     RX        /ERR/LOKO/0x00000002
15:54:35.539  INFO     RX        /ERR/LOKO/0x00000002
15:54:35.571  INFO     RX        /ERR/LOKO/0x00000002
15:54:35.571  INFO     RX        /ERR/LOKO/0x00000002
15:54:35.571  INFO     RX        /ERR/LOKO/0x00000002
15:54:35.603  INFO     RX        /ERR/LOKO/0x00000002
15:54:35.604  INFO     RX        /ERR/LOKO/0x00000002
15:54:35.604  INFO     RX        /ERR/LOKO/0x00000002
15:54:35.634  INFO     RX        /ERR/LOKO/0x00000002
15:54:35.634  INFO     RX        /ERR/LOKO/0x00000002
15:54:35.669  INFO     RX        /ERR/LOKO/0x00000002
15:54:35.669  INFO     RX        /ERR/LOKO/0x00000002
15:54:35.669  INFO     RX        /ERR/LOKO/0x00000002
15:54:35.698  INFO     RX        /ERR/LOKO/0x00000002
15:54:35.698  INFO     RX        /ERR/LOKO/0x00000002
15:54:35.698  INFO     RX        /ERR/LOKO/0x00000002
15:54:35.733  INFO     RX        /ERR/LOKO/0x00000002
15:54:35.734  INFO     RX        /ERR/LOKO/0x00000002
15:54:35.734  INFO     RX        /ERR/LOKO/0x00000002
15:54:35.762  INFO     RX        /ERR/LOKO/0x00000002
15:54:35.763  INFO     RX        /ERR/LOKO/0x00000002
15:54:35.798  INFO     RX        /ERR/LOKO/0x00000002
15:54:35.798  INFO     RX        /ERR/LOKO/0x00000002
15:54:35.798  INFO     RX        /ERR/LOKO/0x00000002
15:54:35.827  INFO     RX        /ERR/LOKO/0x00000002
15:54:35.828  INFO     RX        /ERR/LOKO/0x00000002
15:54:35.828  INFO     RX        /ERR/LOKO/0x00000002
15:54:35.859  INFO     RX        /ERR/LOKO/0x00000002
15:54:35.859  INFO     RX        /ERR/LOKO/0x00000002
15:54:35.859  INFO     RX        /ERR/LOKO/0x00000002
15:54:35.895  INFO     RX        /ERR/LOKO/0x00000002
15:54:35.895  INFO     RX        /ERR/LOKO/0x00000002
15:54:35.895  INFO     RX        /ERR/LOKO/0x00000002
15:54:35.924  INFO     RX        /ERR/LOKO/0x00000002
15:54:35.924  INFO     RX        /ERR/LOKO/0x00000002
15:54:35.959  INFO     RX        /ERR/LOKO/0x00000002
15:54:35.959  INFO     RX        /ERR/LOKO/0x00000002
15:54:35.959  INFO     RX        /ERR/LOKO/0x00000002
15:54:35.988  INFO     RX        /ERR/LOKO/0x00000002
15:54:35.988  INFO     RX        /ERR/LOKO/0x00000002
15:54:35.988  INFO     RX        /ERR/LOKO/0x00000002
15:54:36.022  INFO     RX        /ERR/LOKO/0x00000002
15:54:36.022  INFO     RX        /ERR/LOKO/0x00000002
15:54:36.022  INFO     RX        /ERR/LOKO/0x00000002
15:54:36.052  INFO     RX        /ERR/LOKO/0x00000002
15:54:36.052  INFO     RX        /ERR/LOKO/0x00000002
15:54:36.084  INFO     RX        /ERR/LOKO/0x00000002
15:54:36.084  INFO     RX        /ERR/LOKO/0x00000002
15:54:36.084  INFO     RX        /ERR/LOKO/0x00000002
15:54:36.119  INFO     RX        /ERR/LOKO/0x00000002
15:54:36.119  INFO     RX        /ERR/LOKO/0x00000002
15:54:36.119  INFO     RX        /ERR/LOKO/0x00000002
15:54:36.150  INFO     RX        /ERR/LOKO/0x00000002
15:54:36.151  INFO     RX        /ERR/LOKO/0x00000002
15:54:36.176  DEBUG    TX /CONTROLL/0,0,0,0,0,0,0,0,0
15:54:36.183  INFO     RX        /ERR/LOKO/0x00000002
15:54:36.183  INFO     RX        /ERR/LOKO/0x00000002
15:54:36.183  INFO     RX        /ERR/LOKO/0x00000002
15:54:36.211  INFO     RX        /ERR/LOKO/0x00000002
15:54:36.212  INFO     RX        /ERR/LOKO/0x00000002
15:54:36.212  INFO     RX        /ERR/LOKO/0x00000002
15:54:36.247  INFO     RX        /ERR/LOKO/0x00000002
15:54:36.247  INFO     RX        /ERR/LOKO/0x00000002
15:54:36.247  INFO     RX        /ERR/LOKO/0x00000002
15:54:36.277  INFO     RX        /ERR/LOKO/0x00000002
15:54:36.277  INFO     RX        /ERR/LOKO/0x00000002
15:54:36.311  INFO     RX        /ERR/LOKO/0x00000002
15:54:36.311  INFO     RX        /ERR/LOKO/0x00000002
15:54:36.311  INFO     RX        /ERR/LOKO/0x00000002
15:54:36.343  INFO     RX        /ERR/LOKO/0x00000002
15:54:36.343  INFO     RX        /ERR/LOKO/0x00000002
15:54:36.343  INFO     RX        /ERR/LOKO/0x00000002
15:54:36.372  INFO     RX        /ERR/LOKO/0x00000002
15:54:36.372  INFO     RX        /ERR/LOKO/0x00000002
15:54:36.372  INFO     RX        /ERR/LOKO/0x00000002
15:54:36.407  INFO     RX        /ERR/LOKO/0x00000002
15:54:36.407  INFO     RX        /ERR/LOKO/0x00000002
15:54:36.407  INFO     RX        /ERR/LOKO/0x00000002
15:54:36.436  INFO     RX        /ERR/LOKO/0x00000002
15:54:36.436  INFO     RX        /ERR/LOKO/0x00000002
15:54:36.471  INFO     RX        /ERR/LOKO/0x00000002
15:54:36.471  INFO     RX        /ERR/LOKO/0x00000002
15:54:36.471  INFO     RX        /ERR/LOKO/0x00000002
15:54:36.500  INFO     RX        /ERR/LOKO/0x00000002
15:54:36.500  INFO     RX        /ERR/LOKO/0x00000002
15:54:36.535  INFO     RX        /ERR/LOKO/0x00000002
15:54:36.535  INFO     RX        /ERR/LOKO/0x00000002
15:54:36.535  INFO     RX        /ERR/LOKO/0x00000002
15:54:36.564  INFO     RX        /ERR/LOKO/0x00000002
15:54:36.564  INFO     RX        /ERR/LOKO/0x00000002
15:54:36.564  INFO     RX        /ERR/LOKO/0x00000002
15:54:36.600  INFO     RX        /ERR/LOKO/0x00000002
15:54:36.600  INFO     RX        /ERR/LOKO/0x00000002
15:54:36.600  INFO     RX        /ERR/LOKO/0x00000002
15:54:36.629  INFO     RX        /ERR/LOKO/0x00000002
15:54:36.630  INFO     RX        /ERR/LOKO/0x00000002
15:54:36.660  INFO     RX        /ERR/LOKO/0x00000002
15:54:36.660  INFO     RX        /ERR/LOKO/0x00000002
15:54:36.660  INFO     RX        /ERR/LOKO/0x00000002
15:54:36.695  INFO     RX        /ERR/LOKO/0x00000002
15:54:36.695  INFO     RX        /ERR/LOKO/0x00000002
15:54:36.695  INFO     RX        /ERR/LOKO/0x00000002
15:54:36.725  INFO     RX        /ERR/LOKO/0x00000002
15:54:36.725  INFO     RX        /ERR/LOKO/0x00000002
15:54:36.725  INFO     RX        /ERR/LOKO/0x00000002
15:54:36.760  INFO     RX        /ERR/LOKO/0x00000002
15:54:36.760  INFO     RX        /ERR/LOKO/0x00000002
15:54:36.760  INFO     RX        /ERR/LOKO/0x00000002
15:54:36.790  INFO     RX        /ERR/LOKO/0x00000002
15:54:36.790  INFO     RX        /ERR/LOKO/0x00000002
15:54:36.823  INFO     RX        /ERR/LOKO/0x00000002
15:54:36.823  INFO     RX        /ERR/LOKO/0x00000002
15:54:36.823  INFO     RX        /ERR/LOKO/0x00000002
15:54:36.859  INFO     RX        /ERR/LOKO/0x00000002
15:54:36.859  INFO     RX        /ERR/LOKO/0x00000002
15:54:36.859  INFO     RX        /ERR/LOKO/0x00000002
15:54:36.888  INFO     RX        /ERR/LOKO/0x00000002
15:54:36.888  INFO     RX        /ERR/LOKO/0x00000002
15:54:36.888  INFO     RX        /ERR/LOKO/0x00000002
15:54:36.921  INFO     RX        /ERR/LOKO/0x00000002
15:54:36.921  INFO     RX        /ERR/LOKO/0x00000002
15:54:36.921  INFO     RX        /ERR/LOKO/0x00000002
15:54:36.955  INFO     RX        /ERR/LOKO/0x00000002
15:54:36.955  INFO     RX        /ERR/LOKO/0x00000002
15:54:36.984  INFO     RX        /ERR/LOKO/0x00000002
15:54:36.984  INFO     RX        /ERR/LOKO/0x00000002
15:54:36.984  INFO     RX        /ERR/LOKO/0x00000002
15:54:37.019  INFO     RX        /ERR/LOKO/0x00000002
15:54:37.019  INFO     RX        /ERR/LOKO/0x00000002
15:54:37.019  INFO     RX        /ERR/LOKO/0x00000002
15:54:37.048  INFO     RX        /ERR/LOKO/0x00000002
15:54:37.048  INFO     RX        /ERR/LOKO/0x00000002
15:54:37.080  INFO     RX        /ERR/LOKO/0x00000002
15:54:37.081  INFO     RX        /ERR/LOKO/0x00000002
15:54:37.081  INFO     RX        /ERR/LOKO/0x00000002
15:54:37.115  INFO     RX        /ERR/LOKO/0x00000002
15:54:37.115  INFO     RX        /ERR/LOKO/0x00000002
15:54:37.115  INFO     RX        /ERR/LOKO/0x00000002
15:54:37.144  INFO     RX        /ERR/LOKO/0x00000002
15:54:37.144  INFO     RX        /ERR/LOKO/0x00000002
15:54:37.145  INFO     RX        /ERR/LOKO/0x00000002
15:54:37.179  INFO     RX        /ERR/LOKO/0x00000002
15:54:37.179  INFO     RX        /ERR/LOKO/0x00000002
15:54:37.179  INFO     RX        /ERR/LOKO/0x00000002
15:54:37.208  INFO     RX        /ERR/LOKO/0x00000002
15:54:37.208  INFO     RX        /ERR/LOKO/0x00000002
15:54:37.243  INFO     RX        /ERR/LOKO/0x00000002
15:54:37.243  INFO     RX        /ERR/LOKO/0x00000002
15:54:37.243  INFO     RX        /ERR/LOKO/0x00000002
15:54:37.275  INFO     RX        /ERR/LOKO/0x00000002
15:54:37.276  INFO     RX        /ERR/LOKO/0x00000002
15:54:37.276  INFO     RX        /ERR/LOKO/0x00000002
15:54:37.304  INFO     RX        /ERR/LOKO/0x00000002
15:54:37.304  INFO     RX        /ERR/LOKO/0x00000002
15:54:37.304  INFO     RX        /ERR/LOKO/0x00000002
15:54:37.336  INFO     RX        /ERR/LOKO/0x00000002
15:54:37.336  INFO     RX        /ERR/LOKO/0x00000002
15:54:37.368  INFO     RX        /ERR/LOKO/0x00000002
15:54:37.368  INFO     RX        /ERR/LOKO/0x00000002
15:54:37.368  INFO     RX        /ERR/LOKO/0x00000002
15:54:37.403  INFO     RX        /ERR/LOKO/0x00000002
15:54:37.403  INFO     RX        /ERR/LOKO/0x00000002
15:54:37.403  INFO     RX        /ERR/LOKO/0x00000002
15:54:37.432  INFO     RX        /ERR/LOKO/0x00000002
15:54:37.432  INFO     RX        /ERR/LOKO/0x00000002
15:54:37.432  INFO     RX        /ERR/LOKO/0x00000002
15:54:37.467  INFO     RX        /ERR/LOKO/0x00000002
15:54:37.467  INFO     RX        /ERR/LOKO/0x00000002
15:54:37.467  INFO     RX        /ERR/LOKO/0x00000002
15:54:37.496  INFO     RX        /ERR/LOKO/0x00000002
15:54:37.496  INFO     RX        /ERR/LOKO/0x00000002
15:54:37.531  INFO     RX        /ERR/LOKO/0x00000002
15:54:37.531  INFO     RX        /ERR/LOKO/0x00000002
15:54:37.531  INFO     RX        /ERR/LOKO/0x00000002
15:54:37.560  INFO     RX        /ERR/LOKO/0x00000002
15:54:37.560  INFO     RX        /ERR/LOKO/0x00000002
15:54:37.560  INFO     RX        /ERR/LOKO/0x00000002
15:54:37.598  INFO     RX        /ERR/LOKO/0x00000002
15:54:37.598  INFO     RX        /ERR/LOKO/0x00000002
15:54:37.598  INFO     RX        /ERR/LOKO/0x00000002
15:54:37.624  INFO     RX        /ERR/LOKO/0x00000002
15:54:37.624  INFO     RX        /ERR/LOKO/0x00000002
15:54:37.656  INFO     RX        /ERR/LOKO/0x00000002
15:54:37.656  INFO     RX        /ERR/LOKO/0x00000002
15:54:37.656  INFO     RX        /ERR/LOKO/0x00000002
15:54:37.692  INFO     RX        /ERR/LOKO/0x00000002
15:54:37.692  INFO     RX        /ERR/LOKO/0x00000002
15:54:37.692  INFO     RX        /ERR/LOKO/0x00000002
15:54:37.722  INFO     RX        /ERR/LOKO/0x00000002
15:54:37.722  INFO     RX        /ERR/LOKO/0x00000002
15:54:37.722  INFO     RX        /ERR/LOKO/0x00000002
15:54:37.759  INFO     RX        /ERR/LOKO/0x00000002
15:54:37.759  INFO     RX        /ERR/LOKO/0x00000002
15:54:37.759  INFO     RX        /ERR/LOKO/0x00000002
15:54:37.783  DEBUG    TX /CONTROLL/0,0,0,0,0,0,0,0,0
15:54:37.787  INFO     RX        /ERR/LOKO/0x00000002
15:54:37.787  INFO     RX        /ERR/LOKO/0x00000002
15:54:37.819  INFO     RX        /ERR/LOKO/0x00000002
15:54:37.819  INFO     RX        /ERR/LOKO/0x00000002
15:54:37.819  INFO     RX        /ERR/LOKO/0x00000002
15:54:37.851  INFO     RX        /ERR/LOKO/0x00000002
15:54:37.851  INFO     RX        /ERR/LOKO/0x00000002
15:54:37.851  INFO     RX        /ERR/LOKO/0x00000002
15:54:37.884  INFO     RX        /ERR/LOKO/0x00000002
15:54:37.884  INFO     RX        /ERR/LOKO/0x00000002
15:54:37.884  INFO     RX        /ERR/LOKO/0x00000002
15:54:37.918  INFO     RX        /ERR/LOKO/0x00000002
15:54:37.918  INFO     RX        /ERR/LOKO/0x00000002
15:54:37.918  INFO     RX        /ERR/LOKO/0x00000002
15:54:38.012  INFO     RX        /ERR/LOKO/0x00000002
15:54:38.012  INFO     RX        /ERR/LOKO/0x00000002
15:54:38.012  INFO     RX        /ERR/LOKO/0x00000002
15:54:38.012  INFO     RX        /ERR/LOKO/0x00000002
15:54:38.012  INFO     RX        /ERR/LOKO/0x00000002
15:54:38.012  INFO     RX        /ERR/LOKO/0x00000002
15:54:38.012  INFO     RX        /ERR/LOKO/0x00000002
15:54:38.012  INFO     RX        /ERR/LOKO/0x00000002
15:54:38.030  INFO     RX        /ERR/LOKO/0x00000002
15:54:38.032  INFO     RX        /ERR/LOKO/0x00000002
15:54:38.044  INFO     RX        /ERR/LOKO/0x00000002
15:54:38.075  INFO     RX        /ERR/LOKO/0x00000002
15:54:38.075  INFO     RX        /ERR/LOKO/0x00000002
15:54:38.111  INFO     RX        /ERR/LOKO/0x00000002
15:54:38.111  INFO     RX        /ERR/LOKO/0x00000002
15:54:38.111  INFO     RX        /ERR/LOKO/0x00000002
15:54:38.143  INFO     RX        /ERR/LOKO/0x00000002
15:54:38.143  INFO     RX        /ERR/LOKO/0x00000002
15:54:38.143  INFO     RX        /ERR/LOKO/0x00000002
15:54:38.172  INFO     RX        /ERR/LOKO/0x00000002
15:54:38.172  INFO     RX        /ERR/LOKO/0x00000002
15:54:38.172  INFO     RX        /ERR/LOKO/0x00000002
15:54:38.206  INFO     RX        /ERR/LOKO/0x00000002
15:54:38.207  INFO     RX        /ERR/LOKO/0x00000002
15:54:38.207  INFO     RX        /ERR/LOKO/0x00000002
15:54:38.239  INFO     RX        /ERR/LOKO/0x00000002
15:54:38.239  INFO     RX        /ERR/LOKO/0x00000002
15:54:38.268  INFO     RX        /ERR/LOKO/0x00000002
15:54:38.268  INFO     RX        /ERR/LOKO/0x00000002
15:54:38.268  INFO     RX        /ERR/LOKO/0x00000002
15:54:38.303  INFO     RX        /ERR/LOKO/0x00000002
15:54:38.303  INFO     RX        /ERR/LOKO/0x00000002
15:54:38.303  INFO     RX        /ERR/LOKO/0x00000002
15:54:38.333  INFO     RX        /ERR/LOKO/0x00000002
15:54:38.333  INFO     RX        /ERR/LOKO/0x00000002
15:54:38.333  INFO     RX        /ERR/LOKO/0x00000002
15:54:38.366  INFO     RX        /ERR/LOKO/0x00000002
15:54:38.366  INFO     RX        /ERR/LOKO/0x00000002
15:54:38.366  INFO     RX        /ERR/LOKO/0x00000002
15:54:38.401  INFO     RX        /ERR/LOKO/0x00000002
15:54:38.401  INFO     RX        /ERR/LOKO/0x00000002
15:54:38.402  INFO     RX        /ERR/LOKO/0x00000002
15:54:38.430  INFO     RX        /ERR/LOKO/0x00000002
15:54:38.430  INFO     RX        /ERR/LOKO/0x00000002
15:54:38.465  INFO     RX        /ERR/LOKO/0x00000002
15:54:38.465  INFO     RX        /ERR/LOKO/0x00000002
15:54:38.465  INFO     RX        /ERR/LOKO/0x00000002
15:54:38.498  INFO     RX        /ERR/LOKO/0x00000002
15:54:38.498  INFO     RX        /ERR/LOKO/0x00000002
15:54:38.498  INFO     RX        /ERR/LOKO/0x00000002
15:54:38.531  INFO     RX        /ERR/LOKO/0x00000002
15:54:38.531  INFO     RX        /ERR/LOKO/0x00000002
15:54:38.531  INFO     RX        /ERR/LOKO/0x00000002
15:54:38.571  INFO     RX        /ERR/LOKO/0x00000002
15:54:38.571  INFO     RX        /ERR/LOKO/0x00000002
15:54:38.571  INFO     RX        /ERR/LOKO/0x00000002
15:54:38.591  INFO     RX        /ERR/LOKO/0x00000002
15:54:38.592  INFO     RX        /ERR/LOKO/0x00000002
15:54:38.623  INFO     RX        /ERR/LOKO/0x00000002
15:54:38.623  INFO     RX        /ERR/LOKO/0x00000002
15:54:38.623  INFO     RX        /ERR/LOKO/0x00000002
15:54:38.658  INFO     RX        /ERR/LOKO/0x00000002
15:54:38.658  INFO     RX        /ERR/LOKO/0x00000002
15:54:38.658  INFO     RX        /ERR/LOKO/0x00000002
15:54:38.691  INFO     RX        /ERR/LOKO/0x00000002
15:54:38.691  INFO     RX        /ERR/LOKO/0x00000002
15:54:38.691  INFO     RX        /ERR/LOKO/0x00000002
15:54:38.723  INFO     RX        /ERR/LOKO/0x00000002
15:54:38.723  INFO     RX        /ERR/LOKO/0x00000002
15:54:38.752  INFO     RX        /ERR/LOKO/0x00000002
15:54:38.752  INFO     RX        /ERR/LOKO/0x00000002
15:54:38.752  INFO     RX        /ERR/LOKO/0x00000002
15:54:38.788  INFO     RX        /ERR/LOKO/0x00000002
15:54:38.788  INFO     RX        /ERR/LOKO/0x00000002
15:54:38.788  INFO     RX        /ERR/LOKO/0x00000002
15:54:38.816  INFO     RX        /ERR/LOKO/0x00000002
15:54:38.817  INFO     RX        /ERR/LOKO/0x00000002
15:54:38.817  INFO     RX        /ERR/LOKO/0x00000002
15:54:38.849  INFO     RX        /ERR/LOKO/0x00000002
15:54:38.849  INFO     RX        /ERR/LOKO/0x00000002
15:54:38.884  INFO     RX        /ERR/LOKO/0x00000002
15:54:38.884  INFO     RX        /ERR/LOKO/0x00000002
15:54:38.885  INFO     RX        /ERR/LOKO/0x00000002
15:54:38.914  INFO     RX        /ERR/LOKO/0x00000002
15:54:38.914  INFO     RX        /ERR/LOKO/0x00000002
15:54:38.914  INFO     RX        /ERR/LOKO/0x00000002
15:54:38.949  INFO     RX        /ERR/LOKO/0x00000002
15:54:38.949  INFO     RX        /ERR/LOKO/0x00000002
15:54:38.949  INFO     RX        /ERR/LOKO/0x00000002
15:54:38.979  INFO     RX        /ERR/LOKO/0x00000002
15:54:38.979  INFO     RX        /ERR/LOKO/0x00000002
15:54:38.979  INFO     RX        /ERR/LOKO/0x00000002
15:54:39.015  INFO     RX        /ERR/LOKO/0x00000002
15:54:39.015  INFO     RX        /ERR/LOKO/0x00000002
15:54:39.015  INFO     RX        /ERR/LOKO/0x00000002
15:54:39.044  INFO     RX        /ERR/LOKO/0x00000002
15:54:39.044  INFO     RX        /ERR/LOKO/0x00000002
15:54:39.079  INFO     RX        /ERR/LOKO/0x00000002
15:54:39.079  INFO     RX        /ERR/LOKO/0x00000002
15:54:39.079  INFO     RX        /ERR/LOKO/0x00000002
15:54:39.110  INFO     RX        /ERR/LOKO/0x00000002
15:54:39.110  INFO     RX        /ERR/LOKO/0x00000002
15:54:39.110  INFO     RX        /ERR/LOKO/0x00000002
15:54:39.144  INFO     RX        /ERR/LOKO/0x00000002
15:54:39.144  INFO     RX        /ERR/LOKO/0x00000002
15:54:39.144  INFO     RX        /ERR/LOKO/0x00000002
15:54:39.173  INFO     RX        /ERR/LOKO/0x00000002
15:54:39.173  INFO     RX        /ERR/LOKO/0x00000002
15:54:39.208  INFO     RX        /ERR/LOKO/0x00000002
15:54:39.208  INFO     RX        /ERR/LOKO/0x00000002
15:54:39.208  INFO     RX        /ERR/LOKO/0x00000002
15:54:39.238  INFO     RX        /ERR/LOKO/0x00000002
15:54:39.238  INFO     RX        /ERR/LOKO/0x00000002
15:54:39.238  INFO     RX        /ERR/LOKO/0x00000002
15:54:39.272  INFO     RX        /ERR/LOKO/0x00000002
15:54:39.272  INFO     RX        /ERR/LOKO/0x00000002
15:54:39.272  INFO     RX        /ERR/LOKO/0x00000002
15:54:39.301  INFO     RX        /ERR/LOKO/0x00000002
15:54:39.301  INFO     RX        /ERR/LOKO/0x00000002
15:54:39.334  INFO     RX        /ERR/LOKO/0x00000002
15:54:39.334  INFO     RX        /ERR/LOKO/0x00000002
15:54:39.334  INFO     RX        /ERR/LOKO/0x00000002
15:54:39.368  INFO     RX        /ERR/LOKO/0x00000002
15:54:39.368  INFO     RX        /ERR/LOKO/0x00000002
15:54:39.369  INFO     RX        /ERR/LOKO/0x00000002
15:54:39.394  DEBUG    TX /CONTROLL/0,-100,0,0,0,0,0,0,0
15:54:39.398  INFO     RX        /ERR/LOKO/0x00000002
15:54:39.398  INFO     RX        /ERR/LOKO/0x00000002
15:54:39.398  INFO     RX        /ERR/LOKO/0x00000002
15:54:39.430  INFO     RX        /ERR/LOKO/0x00000002
15:54:39.430  INFO     RX        /ERR/LOKO/0x00000002
15:54:39.430  INFO     RX        /ERR/LOKO/0x00000002
15:54:39.463  INFO     RX        /ERR/LOKO/0x00000002
15:54:39.463  INFO     RX        /ERR/LOKO/0x00000002
15:54:39.493  INFO     RX        /ERR/LOKO/0x00000002
15:54:39.493  INFO     RX        /ERR/LOKO/0x00000002
15:54:39.493  INFO     RX        /ERR/LOKO/0x00000002
15:54:39.527  INFO     RX        /ERR/LOKO/0x00000002
15:54:39.527  INFO     RX        /ERR/LOKO/0x00000002
15:54:39.527  INFO     RX        /ERR/LOKO/0x00000002
15:54:39.557  INFO     RX        /ERR/LOKO/0x00000002
15:54:39.557  INFO     RX        /ERR/LOKO/0x00000002
15:54:39.557  INFO     RX        /ERR/LOKO/0x00000002
15:54:39.598  INFO     RX        /ERR/LOKO/0x00000002
15:54:39.598  INFO     RX        /ERR/LOKO/0x00000002
15:54:39.598  INFO     RX        /ERR/LOKO/0x00000002
15:54:39.624  INFO     RX        /ERR/LOKO/0x00000002
15:54:39.624  INFO     RX        /ERR/LOKO/0x00000002
15:54:39.658  INFO     RX        /ERR/LOKO/0x00000002
15:54:39.658  INFO     RX        /ERR/LOKO/0x00000002
15:54:39.658  INFO     RX        /ERR/LOKO/0x00000002
15:54:39.694  INFO     RX        /ERR/LOKO/0x00000002
15:54:39.695  INFO     RX        /ERR/LOKO/0x00000002
15:54:39.695  INFO     RX        /ERR/LOKO/0x00000002
15:54:39.695  INFO     RX        /ERR/LOKO/0x00000002
15:54:39.719  INFO     RX        /ERR/LOKO/0x00000002
15:54:39.719  INFO     RX        /ERR/LOKO/0x00000002
15:54:39.751  INFO     RX        /ERR/LOKO/0x00000002
15:54:39.751  INFO     RX        /ERR/LOKO/0x00000002
15:54:39.785  INFO     RX        /ERR/LOKO/0x00000002
15:54:39.785  INFO     RX        /ERR/LOKO/0x00000002
15:54:39.785  INFO     RX        /ERR/LOKO/0x00000002
15:54:39.816  INFO     RX        /ERR/LOKO/0x00000002
15:54:39.816  INFO     RX        /ERR/LOKO/0x00000002
15:54:39.816  INFO     RX        /ERR/LOKO/0x00000002
15:54:39.846  INFO     RX        /ERR/LOKO/0x00000002
15:54:39.846  INFO     RX        /ERR/LOKO/0x00000002
15:54:39.846  INFO     RX        /ERR/LOKO/0x00000002
15:54:39.879  INFO     RX        /ERR/LOKO/0x00000002
15:54:39.879  INFO     RX        /ERR/LOKO/0x00000002
15:54:39.913  INFO     RX        /ERR/LOKO/0x00000002
15:54:39.913  INFO     RX        /ERR/LOKO/0x00000002
15:54:39.913  INFO     RX        /ERR/LOKO/0x00000002
15:54:39.943  INFO     RX        /ERR/LOKO/0x00000002
15:54:39.943  INFO     RX        /ERR/LOKO/0x00000002
15:54:39.943  INFO     RX        /ERR/LOKO/0x00000002
15:54:39.977  INFO     RX        /ERR/LOKO/0x00000002
15:54:39.977  INFO     RX        /ERR/LOKO/0x00000002
15:54:39.977  INFO     RX        /ERR/LOKO/0x00000002
15:54:40.009  INFO     RX        /ERR/LOKO/0x00000002
15:54:40.009  INFO     RX        /ERR/LOKO/0x00000002
15:54:40.009  INFO     RX        /ERR/LOKO/0x00000002
15:54:40.041  INFO     RX        /ERR/LOKO/0x00000002
15:54:40.041  INFO     RX        /ERR/LOKO/0x00000002
15:54:40.074  INFO     RX        /ERR/LOKO/0x00000002
15:54:40.074  INFO     RX        /ERR/LOKO/0x00000002
15:54:40.074  INFO     RX        /ERR/LOKO/0x00000002
15:54:40.106  INFO     RX        /ERR/LOKO/0x00000002
15:54:40.107  INFO     RX        /ERR/LOKO/0x00000002
15:54:40.107  INFO     RX        /ERR/LOKO/0x00000002
15:54:40.148  INFO     RX        /ERR/LOKO/0x00000002
15:54:40.148  INFO     RX        /ERR/LOKO/0x00000002
15:54:40.148  INFO     RX        /ERR/LOKO/0x00000002
15:54:40.149  INFO     RX        /ERR/LOKO/0x00000002
15:54:40.175  INFO     RX        /ERR/LOKO/0x00000002
15:54:40.176  INFO     RX        /ERR/LOKO/0x00000002
15:54:40.203  INFO     RX        /ERR/LOKO/0x00000002
15:54:40.203  INFO     RX        /ERR/LOKO/0x00000002
15:54:40.237  INFO     RX        /ERR/LOKO/0x00000002
15:54:40.237  INFO     RX        /ERR/LOKO/0x00000002
15:54:40.237  INFO     RX        /ERR/LOKO/0x00000002
15:54:40.270  INFO     RX        /ERR/LOKO/0x00000002
15:54:40.270  INFO     RX        /ERR/LOKO/0x00000002
15:54:40.270  INFO     RX        /ERR/LOKO/0x00000002
15:54:40.299  INFO     RX        /ERR/LOKO/0x00000002
15:54:40.299  INFO     RX        /ERR/LOKO/0x00000002
15:54:40.299  INFO     RX        /ERR/LOKO/0x00000002
15:54:40.332  INFO     RX        /ERR/LOKO/0x00000002
15:54:40.332  INFO     RX        /ERR/LOKO/0x00000002
15:54:40.332  INFO     RX        /ERR/LOKO/0x00000002
15:54:40.367  INFO     RX        /ERR/LOKO/0x00000002
15:54:40.367  INFO     RX        /ERR/LOKO/0x00000002
15:54:40.367  INFO     RX        /ERR/LOKO/0x00000002
15:54:40.398  INFO     RX        /ERR/LOKO/0x00000002
15:54:40.398  INFO     RX        /ERR/LOKO/0x00000002
15:54:40.426  INFO     RX        /ERR/LOKO/0x00000002
15:54:40.426  INFO     RX        /ERR/LOKO/0x00000002
15:54:40.426  INFO     RX        /ERR/LOKO/0x00000002
15:54:40.459  INFO     RX        /ERR/LOKO/0x00000002
15:54:40.459  INFO     RX        /ERR/LOKO/0x00000002
15:54:40.459  INFO     RX        /ERR/LOKO/0x00000002
15:54:40.494  INFO     RX        /ERR/LOKO/0x00000002
15:54:40.494  INFO     RX        /ERR/LOKO/0x00000002
15:54:40.495  INFO     RX        /ERR/LOKO/0x00000002
15:54:40.522  INFO     RX        /ERR/LOKO/0x00000002
15:54:40.522  INFO     RX        /ERR/LOKO/0x00000002
15:54:40.557  INFO     RX        /ERR/LOKO/0x00000002
15:54:40.557  INFO     RX        /ERR/LOKO/0x00000002
15:54:40.557  INFO     RX        /ERR/LOKO/0x00000002
15:54:40.586  INFO     RX        /ERR/LOKO/0x00000002
15:54:40.586  INFO     RX        /ERR/LOKO/0x00000002
15:54:40.586  INFO     RX        /ERR/LOKO/0x00000002
15:54:40.621  INFO     RX        /ERR/LOKO/0x00000002
15:54:40.621  INFO     RX        /ERR/LOKO/0x00000002
15:54:40.621  INFO     RX        /ERR/LOKO/0x00000002
15:54:40.650  INFO     RX        /ERR/LOKO/0x00000002
15:54:40.650  INFO     RX        /ERR/LOKO/0x00000002
15:54:40.686  INFO     RX        /ERR/LOKO/0x00000002
15:54:40.686  INFO     RX        /ERR/LOKO/0x00000002
15:54:40.687  INFO     RX        /ERR/LOKO/0x00000002
15:54:40.716  INFO     RX        /ERR/LOKO/0x00000002
15:54:40.716  INFO     RX        /ERR/LOKO/0x00000002
15:54:40.716  INFO     RX        /ERR/LOKO/0x00000002
15:54:40.751  INFO     RX        /ERR/LOKO/0x00000002
15:54:40.751  INFO     RX        /ERR/LOKO/0x00000002
15:54:40.751  INFO     RX        /ERR/LOKO/0x00000002
15:54:40.783  INFO     RX        /ERR/LOKO/0x00000002
15:54:40.783  INFO     RX        /ERR/LOKO/0x00000002
15:54:40.783  INFO     RX        /ERR/LOKO/0x00000002
15:54:40.814  INFO     RX        /ERR/LOKO/0x00000002
15:54:40.814  INFO     RX        /ERR/LOKO/0x00000002
15:54:40.844  INFO     RX        /ERR/LOKO/0x00000002
15:54:40.844  INFO     RX        /ERR/LOKO/0x00000002
15:54:40.844  INFO     RX        /ERR/LOKO/0x00000002
15:54:40.877  INFO     RX        /ERR/LOKO/0x00000002
15:54:40.877  INFO     RX        /ERR/LOKO/0x00000002
15:54:40.877  INFO     RX        /ERR/LOKO/0x00000002
15:54:40.912  INFO     RX        /ERR/LOKO/0x00000002
15:54:40.912  INFO     RX        /ERR/LOKO/0x00000002
15:54:40.912  INFO     RX        /ERR/LOKO/0x00000002
15:54:40.941  INFO     RX        /ERR/LOKO/0x00000002
15:54:40.941  INFO     RX        /ERR/LOKO/0x00000002
15:54:40.978  INFO     RX        /ERR/LOKO/0x00000002
15:54:40.978  INFO     RX        /ERR/LOKO/0x00000002
15:54:40.978  INFO     RX        /ERR/LOKO/0x00000002
15:54:41.003  DEBUG    TX /CONTROLL/0,0,0,0,0,0,0,0,0
15:54:41.006  INFO     RX        /ERR/LOKO/0x00000002
15:54:41.006  INFO     RX        /ERR/LOKO/0x00000002
15:54:41.006  INFO     RX        /ERR/LOKO/0x00000002
15:54:41.042  INFO     RX        /ERR/LOKO/0x00000002
15:54:41.042  INFO     RX        /ERR/LOKO/0x00000002
15:54:41.042  INFO     RX        /ERR/LOKO/0x00000002
15:54:41.074  INFO     RX        /ERR/LOKO/0x00000002
15:54:41.074  INFO     RX        /ERR/LOKO/0x00000002
15:54:41.075  INFO     RX        /ERR/LOKO/0x00000002
15:54:41.106  INFO     RX        /ERR/LOKO/0x00000002
15:54:41.107  INFO     RX        /ERR/LOKO/0x00000002
15:54:41.107  INFO     RX        /ERR/LOKO/0x00000002
15:54:41.138  INFO     RX        /ERR/LOKO/0x00000002
15:54:41.138  INFO     RX        /ERR/LOKO/0x00000002
15:54:41.170  INFO     RX        /ERR/LOKO/0x00000002
15:54:41.170  INFO     RX        /ERR/LOKO/0x00000002
15:54:41.170  INFO     RX        /ERR/LOKO/0x00000002
15:54:41.203  INFO     RX        /ERR/LOKO/0x00000002
15:54:41.203  INFO     RX        /ERR/LOKO/0x00000002
15:54:41.203  INFO     RX        /ERR/LOKO/0x00000002
15:54:41.232  INFO     RX        /ERR/LOKO/0x00000002
15:54:41.232  INFO     RX        /ERR/LOKO/0x00000002
15:54:41.232  INFO     RX        /ERR/LOKO/0x00000002
15:54:41.268  INFO     RX        /ERR/LOKO/0x00000002
15:54:41.268  INFO     RX        /ERR/LOKO/0x00000002
15:54:41.268  INFO     RX        /ERR/LOKO/0x00000002
15:54:41.297  INFO     RX        /ERR/LOKO/0x00000002
15:54:41.297  INFO     RX        /ERR/LOKO/0x00000002
15:54:41.330  INFO     RX        /ERR/LOKO/0x00000002
15:54:41.330  INFO     RX        /ERR/LOKO/0x00000002
15:54:41.330  INFO     RX        /ERR/LOKO/0x00000002
15:54:41.365  INFO     RX        /ERR/LOKO/0x00000002
15:54:41.365  INFO     RX        /ERR/LOKO/0x00000002
15:54:41.365  INFO     RX        /ERR/LOKO/0x00000002
15:54:41.393  INFO     RX        /ERR/LOKO/0x00000002
15:54:41.393  INFO     RX        /ERR/LOKO/0x00000002
15:54:41.425  INFO     RX        /ERR/LOKO/0x00000002
15:54:41.425  INFO     RX        /ERR/LOKO/0x00000002
15:54:41.425  INFO     RX        /ERR/LOKO/0x00000002
15:54:41.461  INFO     RX        /ERR/LOKO/0x00000002
15:54:41.461  INFO     RX        /ERR/LOKO/0x00000002
15:54:41.461  INFO     RX        /ERR/LOKO/0x00000002
15:54:41.489  INFO     RX        /ERR/LOKO/0x00000002
15:54:41.489  INFO     RX        /ERR/LOKO/0x00000002
15:54:41.489  INFO     RX        /ERR/LOKO/0x00000002
15:54:41.524  INFO     RX        /ERR/LOKO/0x00000002
15:54:41.524  INFO     RX        /ERR/LOKO/0x00000002
15:54:41.524  INFO     RX        /ERR/LOKO/0x00000002
15:54:41.554  INFO     RX        /ERR/LOKO/0x00000002
15:54:41.554  INFO     RX        /ERR/LOKO/0x00000002
15:54:41.589  INFO     RX        /ERR/LOKO/0x00000002
15:54:41.589  INFO     RX        /ERR/LOKO/0x00000002
15:54:41.589  INFO     RX        /ERR/LOKO/0x00000002
15:54:41.619  INFO     RX        /ERR/LOKO/0x00000002
15:54:41.619  INFO     RX        /ERR/LOKO/0x00000002
15:54:41.619  INFO     RX        /ERR/LOKO/0x00000002
15:54:41.653  INFO     RX        /ERR/LOKO/0x00000002
15:54:41.654  INFO     RX        /ERR/LOKO/0x00000002
15:54:41.654  INFO     RX        /ERR/LOKO/0x00000002
15:54:41.683  INFO     RX        /ERR/LOKO/0x00000002
15:54:41.683  INFO     RX        /ERR/LOKO/0x00000002
15:54:41.683  INFO     RX        /ERR/LOKO/0x00000002
15:54:41.715  INFO     RX        /ERR/LOKO/0x00000002
15:54:41.715  INFO     RX        /ERR/LOKO/0x00000002
15:54:41.750  INFO     RX        /ERR/LOKO/0x00000002
15:54:41.750  INFO     RX        /ERR/LOKO/0x00000002
15:54:41.750  INFO     RX        /ERR/LOKO/0x00000002
15:54:41.782  INFO     RX        /ERR/LOKO/0x00000002
15:54:41.782  INFO     RX        /ERR/LOKO/0x00000002
15:54:41.782  INFO     RX        /ERR/LOKO/0x00000002
15:54:41.814  INFO     RX        /ERR/LOKO/0x00000002
15:54:41.814  INFO     RX        /ERR/LOKO/0x00000002
15:54:41.814  INFO     RX        /ERR/LOKO/0x00000002
15:54:41.844  INFO     RX        /ERR/LOKO/0x00000002
15:54:41.844  INFO     RX        /ERR/LOKO/0x00000002
15:54:41.879  INFO     RX        /ERR/LOKO/0x00000002
15:54:41.879  INFO     RX        /ERR/LOKO/0x00000002
15:54:41.879  INFO     RX        /ERR/LOKO/0x00000002
15:54:41.879  INFO     RX        /ERR/LOKO/0x00000002
15:54:41.912  INFO     RX        /ERR/LOKO/0x00000002
15:54:41.912  INFO     RX        /ERR/LOKO/0x00000002
15:54:41.942  INFO     RX        /ERR/LOKO/0x00000002
15:54:41.942  INFO     RX        /ERR/LOKO/0x00000002
15:54:41.942  INFO     RX        /ERR/LOKO/0x00000002
15:54:41.974  INFO     RX        /ERR/LOKO/0x00000002
15:54:41.974  INFO     RX        /ERR/LOKO/0x00000002
15:54:41.974  INFO     RX        /ERR/LOKO/0x00000002
15:54:42.008  INFO     RX        /ERR/LOKO/0x00000002
15:54:42.008  INFO     RX        /ERR/LOKO/0x00000002
15:54:42.008  INFO     RX        /ERR/LOKO/0x00000002
15:54:42.038  INFO     RX        /ERR/LOKO/0x00000002
15:54:42.038  INFO     RX        /ERR/LOKO/0x00000002
15:54:42.073  INFO     RX        /ERR/LOKO/0x00000002
15:54:42.073  INFO     RX        /ERR/LOKO/0x00000002
15:54:42.073  INFO     RX        /ERR/LOKO/0x00000002
15:54:42.107  INFO     RX        /ERR/LOKO/0x00000002
15:54:42.107  INFO     RX        /ERR/LOKO/0x00000002
15:54:42.107  INFO     RX        /ERR/LOKO/0x00000002
15:54:42.136  INFO     RX        /ERR/LOKO/0x00000002
15:54:42.136  INFO     RX        /ERR/LOKO/0x00000002
15:54:42.137  INFO     RX        /ERR/LOKO/0x00000002
15:54:42.171  INFO     RX        /ERR/LOKO/0x00000002
15:54:42.172  INFO     RX        /ERR/LOKO/0x00000002
15:54:42.172  INFO     RX        /ERR/LOKO/0x00000002
15:54:42.200  INFO     RX        /ERR/LOKO/0x00000002
15:54:42.200  INFO     RX        /ERR/LOKO/0x00000002
15:54:42.236  INFO     RX        /ERR/LOKO/0x00000002
15:54:42.236  INFO     RX        /ERR/LOKO/0x00000002
15:54:42.236  INFO     RX        /ERR/LOKO/0x00000002
15:54:42.265  INFO     RX        /ERR/LOKO/0x00000002
15:54:42.265  INFO     RX        /ERR/LOKO/0x00000002
15:54:42.265  INFO     RX        /ERR/LOKO/0x00000002
15:54:42.300  INFO     RX        /ERR/LOKO/0x00000002
15:54:42.300  INFO     RX        /ERR/LOKO/0x00000002
15:54:42.300  INFO     RX        /ERR/LOKO/0x00000002
15:54:42.329  INFO     RX        /ERR/LOKO/0x00000002
15:54:42.329  INFO     RX        /ERR/LOKO/0x00000002
15:54:42.362  INFO     RX        /ERR/LOKO/0x00000002
15:54:42.362  INFO     RX        /ERR/LOKO/0x00000002
15:54:42.362  INFO     RX        /ERR/LOKO/0x00000002
15:54:42.397  INFO     RX        /ERR/LOKO/0x00000002
15:54:42.397  INFO     RX        /ERR/LOKO/0x00000002
15:54:42.397  INFO     RX        /ERR/LOKO/0x00000002
15:54:42.426  INFO     RX        /ERR/LOKO/0x00000002
15:54:42.426  INFO     RX        /ERR/LOKO/0x00000002
15:54:42.426  INFO     RX        /ERR/LOKO/0x00000002
15:54:42.458  INFO     RX        /ERR/LOKO/0x00000002
15:54:42.458  INFO     RX        /ERR/LOKO/0x00000002
15:54:42.458  INFO     RX        /ERR/LOKO/0x00000002
15:54:42.495  INFO     RX        /ERR/LOKO/0x00000002
15:54:42.495  INFO     RX        /ERR/LOKO/0x00000002
15:54:42.495  INFO     RX        /ERR/LOKO/0x00000002
15:54:42.526  INFO     RX        /ERR/LOKO/0x00000002
15:54:42.526  INFO     RX        /ERR/LOKO/0x00000002
15:54:42.526  INFO     RX        /ERR/LOKO/0x00000002
15:54:42.555  INFO     RX        /ERR/LOKO/0x00000002
15:54:42.555  INFO     RX        /ERR/LOKO/0x00000002
15:54:42.590  INFO     RX        /ERR/LOKO/0x00000002
15:54:42.590  INFO     RX        /ERR/LOKO/0x00000002
15:54:42.590  INFO     RX        /ERR/LOKO/0x00000002
15:54:42.616  DEBUG    TX /CONTROLL/0,0,0,0,0,0,0,0,0
15:54:42.622  INFO     RX        /ERR/LOKO/0x00000002
15:54:42.623  INFO     RX        /ERR/LOKO/0x00000002
15:54:42.623  INFO     RX        /ERR/LOKO/0x00000002
15:54:42.655  INFO     RX        /ERR/LOKO/0x00000002
15:54:42.655  INFO     RX        /ERR/LOKO/0x00000002
15:54:42.655  INFO     RX        /ERR/LOKO/0x00000002
15:54:42.683  INFO     RX        /ERR/LOKO/0x00000002
15:54:42.683  INFO     RX        /ERR/LOKO/0x00000002
15:54:42.719  INFO     RX        /ERR/LOKO/0x00000002
15:54:42.719  INFO     RX        /ERR/LOKO/0x00000002
15:54:42.719  INFO     RX        /ERR/LOKO/0x00000002
15:54:42.747  INFO     RX        /ERR/LOKO/0x00000002
15:54:42.747  INFO     RX        /ERR/LOKO/0x00000002
15:54:42.747  INFO     RX        /ERR/LOKO/0x00000002
15:54:42.782  INFO     RX        /ERR/LOKO/0x00000002
15:54:42.782  INFO     RX        /ERR/LOKO/0x00000002
15:54:42.782  INFO     RX        /ERR/LOKO/0x00000002
15:54:42.812  INFO     RX        /ERR/LOKO/0x00000002
15:54:42.812  INFO     RX        /ERR/LOKO/0x00000002
15:54:42.845  INFO     RX        /ERR/LOKO/0x00000002
15:54:42.845  INFO     RX        /ERR/LOKO/0x00000002
15:54:42.845  INFO     RX        /ERR/LOKO/0x00000002
15:54:42.879  INFO     RX        /ERR/LOKO/0x00000002
15:54:42.879  INFO     RX        /ERR/LOKO/0x00000002
15:54:42.879  INFO     RX        /ERR/LOKO/0x00000002
15:54:42.908  INFO     RX        /ERR/LOKO/0x00000002
15:54:42.908  INFO     RX        /ERR/LOKO/0x00000002
15:54:42.908  INFO     RX        /ERR/LOKO/0x00000002
15:54:42.944  INFO     RX        /ERR/LOKO/0x00000002
15:54:42.944  INFO     RX        /ERR/LOKO/0x00000002
15:54:42.944  INFO     RX        /ERR/LOKO/0x00000002
15:54:42.971  INFO     RX        /ERR/LOKO/0x00000002
15:54:42.971  INFO     RX        /ERR/LOKO/0x00000002
15:54:43.008  INFO     RX        /ERR/LOKO/0x00000002
15:54:43.008  INFO     RX        /ERR/LOKO/0x00000002
15:54:43.008  INFO     RX        /ERR/LOKO/0x00000002
15:54:43.037  INFO     RX        /ERR/LOKO/0x00000002
15:54:43.037  INFO     RX        /ERR/LOKO/0x00000002
15:54:43.037  INFO     RX        /ERR/LOKO/0x00000002
15:54:43.072  INFO     RX        /ERR/LOKO/0x00000002
15:54:43.073  INFO     RX        /ERR/LOKO/0x00000002
15:54:43.073  INFO     RX        /ERR/LOKO/0x00000002
15:54:43.104  INFO     RX        /ERR/LOKO/0x00000002
15:54:43.104  INFO     RX        /ERR/LOKO/0x00000002
15:54:43.104  INFO     RX        /ERR/LOKO/0x00000002
15:54:43.135  INFO     RX        /ERR/LOKO/0x00000002
15:54:43.135  INFO     RX        /ERR/LOKO/0x00000002
15:54:43.170  INFO     RX        /ERR/LOKO/0x00000002
15:54:43.170  INFO     RX        /ERR/LOKO/0x00000002
15:54:43.170  INFO     RX        /ERR/LOKO/0x00000002
15:54:43.198  INFO     RX        /ERR/LOKO/0x00000002
15:54:43.198  INFO     RX        /ERR/LOKO/0x00000002
15:54:43.198  INFO     RX        /ERR/LOKO/0x00000002
15:54:43.231  INFO     RX        /ERR/LOKO/0x00000002
15:54:43.231  INFO     RX        /ERR/LOKO/0x00000002
15:54:43.266  INFO     RX        /ERR/LOKO/0x00000002
15:54:43.266  INFO     RX        /ERR/LOKO/0x00000002
15:54:43.266  INFO     RX        /ERR/LOKO/0x00000002
15:54:43.299  INFO     RX        /ERR/LOKO/0x00000002
15:54:43.299  INFO     RX        /ERR/LOKO/0x00000002
15:54:43.299  INFO     RX        /ERR/LOKO/0x00000002
15:54:43.330  INFO     RX        /ERR/LOKO/0x00000002
15:54:43.330  INFO     RX        /ERR/LOKO/0x00000002
15:54:43.330  INFO     RX        /ERR/LOKO/0x00000002
15:54:43.362  INFO     RX        /ERR/LOKO/0x00000002
15:54:43.362  INFO     RX        /ERR/LOKO/0x00000002
15:54:43.362  INFO     RX        /ERR/LOKO/0x00000002
15:54:43.397  INFO     RX        /ERR/LOKO/0x00000002
15:54:43.397  INFO     RX        /ERR/LOKO/0x00000002
15:54:43.397  INFO     RX        /ERR/LOKO/0x00000002
15:54:43.425  INFO     RX        /ERR/LOKO/0x00000002
15:54:43.425  INFO     RX        /ERR/LOKO/0x00000002
15:54:43.460  INFO     RX        /ERR/LOKO/0x00000002
15:54:43.460  INFO     RX        /ERR/LOKO/0x00000002
15:54:43.460  INFO     RX        /ERR/LOKO/0x00000002
15:54:43.489  INFO     RX        /ERR/LOKO/0x00000002
15:54:43.490  INFO     RX        /ERR/LOKO/0x00000002
15:54:43.490  INFO     RX        /ERR/LOKO/0x00000002
15:54:43.525  INFO     RX        /ERR/LOKO/0x00000002
15:54:43.526  INFO     RX        /ERR/LOKO/0x00000002
15:54:43.526  INFO     RX        /ERR/LOKO/0x00000002
15:54:43.554  INFO     RX        /ERR/LOKO/0x00000002
15:54:43.554  INFO     RX        /ERR/LOKO/0x00000002
15:54:43.591  INFO     RX        /ERR/LOKO/0x00000002
15:54:43.591  INFO     RX        /ERR/LOKO/0x00000002
15:54:43.844  INFO     RX        /ERR/LOKO/0x00000002
15:54:43.845  INFO     RX        /ERR/LOKO/0x00000002
15:54:43.880  INFO     RX        /ERR/LOKO/0x00000002
15:54:43.880  INFO     RX        /ERR/LOKO/0x00000002
15:54:43.880  INFO     RX        /ERR/LOKO/0x00000002
15:54:43.911  INFO     RX        /ERR/LOKO/0x00000002
15:54:43.911  INFO     RX        /ERR/LOKO/0x00000002
15:54:43.911  INFO     RX        /ERR/LOKO/0x00000002
15:54:43.945  INFO     RX        /ERR/LOKO/0x00000002
15:54:43.945  INFO     RX        /ERR/LOKO/0x00000002
15:54:43.945  INFO     RX        /ERR/LOKO/0x00000002
15:54:43.974  INFO     RX        /ERR/LOKO/0x00000002
15:54:43.974  INFO     RX        /ERR/LOKO/0x00000002
15:54:44.009  INFO     RX        /ERR/LOKO/0x00000002
15:54:44.009  INFO     RX        /ERR/LOKO/0x00000002
15:54:44.009  INFO     RX        /ERR/LOKO/0x00000002
15:54:44.039  INFO     RX        /ERR/LOKO/0x00000002
15:54:44.039  INFO     RX        /ERR/LOKO/0x00000002
15:54:44.039  INFO     RX        /ERR/LOKO/0x00000002
15:54:44.071  INFO     RX        /ERR/LOKO/0x00000002
15:54:44.071  INFO     RX        /ERR/LOKO/0x00000002
15:54:44.071  INFO     RX        /ERR/LOKO/0x00000002
15:54:44.107  INFO     RX        /ERR/LOKO/0x00000002
15:54:44.107  INFO     RX        /ERR/LOKO/0x00000002
15:54:44.107  INFO     RX        /ERR/LOKO/0x00000002
15:54:44.135  INFO     RX        /ERR/LOKO/0x00000002
15:54:44.135  INFO     RX        /ERR/LOKO/0x00000002
15:54:44.172  INFO     RX        /ERR/LOKO/0x00000002
15:54:44.172  INFO     RX        /ERR/LOKO/0x00000002
15:54:44.172  INFO     RX        /ERR/LOKO/0x00000002
15:54:44.199  INFO     RX        /ERR/LOKO/0x00000002
15:54:44.199  INFO     RX        /ERR/LOKO/0x00000002
15:54:44.199  INFO     RX        /ERR/LOKO/0x00000002
15:54:44.228  DEBUG    TX /CONTROLL/0,0,0,0,0,0,0,0,0
15:54:44.234  INFO     RX        /ERR/LOKO/0x00000002
15:54:44.234  INFO     RX        /ERR/LOKO/0x00000002
15:54:44.234  INFO     RX        /ERR/LOKO/0x00000002
15:54:44.269  INFO     RX        /ERR/LOKO/0x00000002
15:54:44.269  INFO     RX        /ERR/LOKO/0x00000002
15:54:44.269  INFO     RX        /ERR/LOKO/0x00000002
15:54:44.296  INFO     RX        /ERR/LOKO/0x00000002
15:54:44.296  INFO     RX        /ERR/LOKO/0x00000002
15:54:44.331  INFO     RX        /ERR/LOKO/0x00000002
15:54:44.331  INFO     RX        /ERR/LOKO/0x00000002
15:54:44.331  INFO     RX        /ERR/LOKO/0x00000002
15:54:44.363  INFO     RX        /ERR/LOKO/0x00000002
15:54:44.363  INFO     RX        /ERR/LOKO/0x00000002
15:54:44.363  INFO     RX        /ERR/LOKO/0x00000002
15:54:44.396  INFO     RX        /ERR/LOKO/0x00000002
15:54:44.396  INFO     RX        /ERR/LOKO/0x00000002
15:54:44.396  INFO     RX        /ERR/LOKO/0x00000002
15:54:44.426  INFO     RX        /ERR/LOKO/0x00000002
15:54:44.426  INFO     RX        /ERR/LOKO/0x00000002
15:54:44.460  INFO     RX        /ERR/LOKO/0x00000002
15:54:44.461  INFO     RX        /ERR/LOKO/0x00000002
15:54:44.461  INFO     RX        /ERR/LOKO/0x00000002
15:54:44.489  INFO     RX        /ERR/LOKO/0x00000002
15:54:44.489  INFO     RX        /ERR/LOKO/0x00000002
15:54:44.489  INFO     RX        /ERR/LOKO/0x00000002
15:54:44.524  INFO     RX        /ERR/LOKO/0x00000002
15:54:44.524  INFO     RX        /ERR/LOKO/0x00000002
15:54:44.525  INFO     RX        /ERR/LOKO/0x00000002
15:54:44.553  INFO     RX        /ERR/LOKO/0x00000002
15:54:44.553  INFO     RX        /ERR/LOKO/0x00000002
15:54:44.588  INFO     RX        /ERR/LOKO/0x00000002
15:54:44.588  INFO     RX        /ERR/LOKO/0x00000002
15:54:44.588  INFO     RX        /ERR/LOKO/0x00000002
15:54:44.617  INFO     RX        /ERR/LOKO/0x00000002
15:54:44.617  INFO     RX        /ERR/LOKO/0x00000002
15:54:44.617  INFO     RX        /ERR/LOKO/0x00000002
15:54:44.652  INFO     RX        /ERR/LOKO/0x00000002
15:54:44.652  INFO     RX        /ERR/LOKO/0x00000002
15:54:44.652  INFO     RX        /ERR/LOKO/0x00000002
15:54:44.681  INFO     RX        /ERR/LOKO/0x00000002
15:54:44.681  INFO     RX        /ERR/LOKO/0x00000002
15:54:44.716  INFO     RX        /ERR/LOKO/0x00000002
15:54:44.716  INFO     RX        /ERR/LOKO/0x00000002
15:54:44.716  INFO     RX        /ERR/LOKO/0x00000002
15:54:44.747  INFO     RX        /ERR/LOKO/0x00000002
15:54:44.747  INFO     RX        /ERR/LOKO/0x00000002
15:54:44.747  INFO     RX        /ERR/LOKO/0x00000002
15:54:44.777  INFO     RX        /ERR/LOKO/0x00000002
15:54:44.777  INFO     RX        /ERR/LOKO/0x00000002
15:54:44.777  INFO     RX        /ERR/LOKO/0x00000002
15:54:44.813  INFO     RX        /ERR/LOKO/0x00000002
15:54:44.813  INFO     RX        /ERR/LOKO/0x00000002
15:54:44.813  INFO     RX        /ERR/LOKO/0x00000002
15:54:44.842  INFO     RX        /ERR/LOKO/0x00000002
15:54:45.136  INFO     RX        /ERR/LOKO/0x00000002
15:54:45.137  INFO     RX        /ERR/LOKO/0x00000002
15:54:45.166  INFO     RX        /ERR/LOKO/0x00000002
15:54:45.166  INFO     RX        /ERR/LOKO/0x00000002
15:54:45.166  INFO     RX        /ERR/LOKO/0x00000002
15:54:45.201  INFO     RX        /ERR/LOKO/0x00000002
15:54:45.201  INFO     RX        /ERR/LOKO/0x00000002
15:54:45.201  INFO     RX        /ERR/LOKO/0x00000002
15:54:45.230  INFO     RX        /ERR/LOKO/0x00000002
15:54:45.230  INFO     RX        /ERR/LOKO/0x00000002
15:54:45.264  INFO     RX        /ERR/LOKO/0x00000002
15:54:45.264  INFO     RX        /ERR/LOKO/0x00000002
15:54:45.264  INFO     RX        /ERR/LOKO/0x00000002
15:54:45.293  INFO     RX        /ERR/LOKO/0x00000002
15:54:45.293  INFO     RX        /ERR/LOKO/0x00000002
15:54:45.293  INFO     RX        /ERR/LOKO/0x00000002
15:54:45.325  INFO     RX        /ERR/LOKO/0x00000002
15:54:45.325  INFO     RX        /ERR/LOKO/0x00000002
15:54:45.357  INFO     RX        /ERR/LOKO/0x00000002
15:54:45.357  INFO     RX        /ERR/LOKO/0x00000002
15:54:45.357  INFO     RX        /ERR/LOKO/0x00000002
15:54:45.390  INFO     RX        /ERR/LOKO/0x00000002
15:54:45.390  INFO     RX        /ERR/LOKO/0x00000002
15:54:45.390  INFO     RX        /ERR/LOKO/0x00000002
15:54:45.425  INFO     RX        /ERR/LOKO/0x00000002
15:54:45.425  INFO     RX        /ERR/LOKO/0x00000002
15:54:45.425  INFO     RX        /ERR/LOKO/0x00000002
15:54:45.454  INFO     RX        /ERR/LOKO/0x00000002
15:54:45.454  INFO     RX        /ERR/LOKO/0x00000002
15:54:45.454  INFO     RX        /ERR/LOKO/0x00000002
15:54:45.489  INFO     RX        /ERR/LOKO/0x00000002
15:54:45.489  INFO     RX        /ERR/LOKO/0x00000002
15:54:45.489  INFO     RX        /ERR/LOKO/0x00000002
15:54:45.518  INFO     RX        /ERR/LOKO/0x00000002
15:54:45.518  INFO     RX        /ERR/LOKO/0x00000002
15:54:45.554  INFO     RX        /ERR/LOKO/0x00000002
15:54:45.554  INFO     RX        /ERR/LOKO/0x00000002
15:54:45.554  INFO     RX        /ERR/LOKO/0x00000002
15:54:45.583  INFO     RX        /ERR/LOKO/0x00000002
15:54:45.583  INFO     RX        /ERR/LOKO/0x00000002
15:54:45.583  INFO     RX        /ERR/LOKO/0x00000002
15:54:45.619  INFO     RX        /ERR/LOKO/0x00000002
15:54:45.619  INFO     RX        /ERR/LOKO/0x00000002
15:54:45.619  INFO     RX        /ERR/LOKO/0x00000002
15:54:45.651  INFO     RX        /ERR/LOKO/0x00000002
15:54:45.651  INFO     RX        /ERR/LOKO/0x00000002
15:54:45.651  INFO     RX        /ERR/LOKO/0x00000002
15:54:45.684  INFO     RX        /ERR/LOKO/0x00000002
15:54:45.684  INFO     RX        /ERR/LOKO/0x00000002
15:54:45.714  INFO     RX        /ERR/LOKO/0x00000002
15:54:45.714  INFO     RX        /ERR/LOKO/0x00000002
15:54:45.714  INFO     RX        /ERR/LOKO/0x00000002
15:54:45.746  INFO     RX        /ERR/LOKO/0x00000002
15:54:45.746  INFO     RX        /ERR/LOKO/0x00000002
15:54:45.746  INFO     RX        /ERR/LOKO/0x00000002
15:54:45.782  INFO     RX        /ERR/LOKO/0x00000002
15:54:45.782  INFO     RX        /ERR/LOKO/0x00000002
15:54:45.782  INFO     RX        /ERR/LOKO/0x00000002
15:54:45.810  INFO     RX        /ERR/LOKO/0x00000002
15:54:45.810  INFO     RX        /ERR/LOKO/0x00000002
15:54:45.839  DEBUG    TX /CONTROLL/0,0,0,0,0,0,0,0,1
15:54:45.846  INFO     RX        /ERR/LOKO/0x00000002
15:54:45.847  INFO     RX        /ERR/LOKO/0x00000002
15:54:45.847  INFO     RX        /ERR/LOKO/0x00000002
15:54:45.876  INFO     RX        /ERR/LOKO/0x00000002
15:54:45.876  INFO     RX        /ERR/LOKO/0x00000002
15:54:45.876  INFO     RX        /ERR/LOKO/0x00000002
15:54:45.911  INFO     RX        /ERR/LOKO/0x00000002
15:54:45.911  INFO     RX        /ERR/LOKO/0x00000002
15:54:45.911  INFO     RX        /ERR/LOKO/0x00000002
15:54:45.942  INFO     RX        /ERR/LOKO/0x00000002
15:54:45.942  INFO     RX        /ERR/LOKO/0x00000002
15:54:45.942  INFO     RX        /ERR/LOKO/0x00000002
15:54:45.974  INFO     RX        /ERR/LOKO/0x00000002
15:54:45.975  INFO     RX        /ERR/LOKO/0x00000002
15:54:45.975  INFO     RX        /ERR/LOKO/0x00000002
15:54:46.007  INFO     RX        /ERR/LOKO/0x00000002
15:54:46.007  INFO     RX        /ERR/LOKO/0x00000002
15:54:46.037  INFO     RX        /ERR/LOKO/0x00000002
15:54:46.037  INFO     RX        /ERR/LOKO/0x00000002
15:54:46.037  INFO     RX        /ERR/LOKO/0x00000002
15:54:46.072  INFO     RX        /ERR/LOKO/0x00000002
15:54:46.072  INFO     RX        /ERR/LOKO/0x00000002
15:54:46.072  INFO     RX        /ERR/LOKO/0x00000002
15:54:46.101  INFO     RX        /ERR/LOKO/0x00000002
15:54:46.101  INFO     RX        /ERR/LOKO/0x00000002
15:54:46.101  INFO     RX        /ERR/LOKO/0x00000002
15:54:46.136  INFO     RX        /ERR/LOKO/0x00000002
15:54:46.136  INFO     RX        /ERR/LOKO/0x00000002
15:54:46.136  INFO     RX        /ERR/LOKO/0x00000002
15:54:46.164  INFO     RX        /ERR/LOKO/0x00000002
15:54:46.164  INFO     RX        /ERR/LOKO/0x00000002
15:54:46.200  INFO     RX        /ERR/LOKO/0x00000002
15:54:46.200  INFO     RX        /ERR/LOKO/0x00000002
15:54:46.200  INFO     RX        /ERR/LOKO/0x00000002
15:54:46.228  INFO     RX        /ERR/LOKO/0x00000002
15:54:46.228  INFO     RX        /ERR/LOKO/0x00000002
15:54:46.228  INFO     RX        /ERR/LOKO/0x00000002
15:54:46.264  INFO     RX        /ERR/LOKO/0x00000002
15:54:46.264  INFO     RX        /ERR/LOKO/0x00000002
15:54:46.264  INFO     RX        /ERR/LOKO/0x00000002
15:54:46.293  INFO     RX        /ERR/LOKO/0x00000002
15:54:46.553  INFO     RX        /ERR/LOKO/0x00000002
15:54:46.585  INFO     RX        /ERR/LOKO/0x00000002
15:54:46.585  INFO     RX        /ERR/LOKO/0x00000002
15:54:46.585  INFO     RX        /ERR/LOKO/0x00000002
15:54:46.620  INFO     RX        /ERR/LOKO/0x00000002
15:54:46.620  INFO     RX        /ERR/LOKO/0x00000002
15:54:46.620  INFO     RX        /ERR/LOKO/0x00000002
15:54:46.649  INFO     RX        /ERR/LOKO/0x00000002
15:54:46.649  INFO     RX        /ERR/LOKO/0x00000002
15:54:46.684  INFO     RX        /ERR/LOKO/0x00000002
15:54:46.684  INFO     RX        /ERR/LOKO/0x00000002
15:54:46.684  INFO     RX        /ERR/LOKO/0x00000002
15:54:46.713  INFO     RX        /ERR/LOKO/0x00000002
15:54:46.713  INFO     RX        /ERR/LOKO/0x00000002
15:54:46.713  INFO     RX        /ERR/LOKO/0x00000002
15:54:46.749  INFO     RX        /ERR/LOKO/0x00000002
15:54:46.750  INFO     RX        /ERR/LOKO/0x00000002
15:54:46.750  INFO     RX        /ERR/LOKO/0x00000002
15:54:46.782  INFO     RX        /ERR/LOKO/0x00000002
15:54:46.782  INFO     RX        /ERR/LOKO/0x00000002
15:54:46.782  INFO     RX        /ERR/LOKO/0x00000002
15:54:46.810  INFO     RX        /ERR/LOKO/0x00000002
15:54:46.810  INFO     RX        /ERR/LOKO/0x00000002
15:54:46.848  INFO     RX        /ERR/LOKO/0x00000002
15:54:46.848  INFO     RX        /ERR/LOKO/0x00000002
15:54:46.848  INFO     RX        /ERR/LOKO/0x00000002
15:54:46.848  INFO     RX        /ERR/LOKO/0x00000002
15:54:46.874  INFO     RX        /ERR/LOKO/0x00000002
15:54:46.874  INFO     RX        /ERR/LOKO/0x00000002
15:54:46.910  INFO     RX        /ERR/LOKO/0x00000002
15:54:46.910  INFO     RX        /ERR/LOKO/0x00000002
15:54:46.910  INFO     RX        /ERR/LOKO/0x00000002
15:54:46.942  INFO     RX        /ERR/LOKO/0x00000002
15:54:46.942  INFO     RX        /ERR/LOKO/0x00000002
15:54:46.942  INFO     RX        /ERR/LOKO/0x00000002
15:54:46.975  INFO     RX        /ERR/LOKO/0x00000002
15:54:46.975  INFO     RX        /ERR/LOKO/0x00000002
15:54:46.975  INFO     RX        /ERR/LOKO/0x00000002
15:54:47.005  INFO     RX        /ERR/LOKO/0x00000002
15:54:47.005  INFO     RX        /ERR/LOKO/0x00000002
15:54:47.043  INFO     RX        /ERR/LOKO/0x00000002
15:54:47.043  INFO     RX        /ERR/LOKO/0x00000002
15:54:47.043  INFO     RX        /ERR/LOKO/0x00000002
15:54:47.073  INFO     RX        /ERR/LOKO/0x00000002
15:54:47.073  INFO     RX        /ERR/LOKO/0x00000002
15:54:47.073  INFO     RX        /ERR/LOKO/0x00000002
15:54:47.104  INFO     RX        /ERR/LOKO/0x00000002
15:54:47.104  INFO     RX        /ERR/LOKO/0x00000002
15:54:47.104  INFO     RX        /ERR/LOKO/0x00000002
15:54:47.136  INFO     RX        /ERR/LOKO/0x00000002
15:54:47.136  INFO     RX        /ERR/LOKO/0x00000002
15:54:47.172  INFO     RX        /ERR/LOKO/0x00000002
15:54:47.173  INFO     RX        /ERR/LOKO/0x00000002
15:54:47.173  INFO     RX        /ERR/LOKO/0x00000002
15:54:47.173  INFO     RX        /ERR/LOKO/0x00000002
15:54:47.198  INFO     RX        /ERR/LOKO/0x00000002
15:54:47.199  INFO     RX        /ERR/LOKO/0x00000002
15:54:47.234  INFO     RX        /ERR/LOKO/0x00000002
15:54:47.234  INFO     RX        /ERR/LOKO/0x00000002
15:54:47.234  INFO     RX        /ERR/LOKO/0x00000002
15:54:47.267  INFO     RX        /ERR/LOKO/0x00000002
15:54:47.267  INFO     RX        /ERR/LOKO/0x00000002
15:54:47.267  INFO     RX        /ERR/LOKO/0x00000002
15:54:47.297  INFO     RX        /ERR/LOKO/0x00000002
15:54:47.297  INFO     RX        /ERR/LOKO/0x00000002
15:54:47.326  INFO     RX        /ERR/LOKO/0x00000002
15:54:47.327  INFO     RX        /ERR/LOKO/0x00000002
15:54:47.327  INFO     RX        /ERR/LOKO/0x00000002
15:54:47.358  INFO     RX        /ERR/LOKO/0x00000002
15:54:47.358  INFO     RX        /ERR/LOKO/0x00000002
15:54:47.358  INFO     RX        /ERR/LOKO/0x00000002
15:54:47.394  INFO     RX        /ERR/LOKO/0x00000002
15:54:47.394  INFO     RX        /ERR/LOKO/0x00000002
15:54:47.394  INFO     RX        /ERR/LOKO/0x00000002
15:54:47.423  INFO     RX        /ERR/LOKO/0x00000002
15:54:47.423  INFO     RX        /ERR/LOKO/0x00000002
15:54:47.452  DEBUG    TX /CONTROLL/0,0,0,0,0,0,0,0,0
15:54:47.456  INFO     RX        /ERR/LOKO/0x00000002
15:54:47.456  INFO     RX        /ERR/LOKO/0x00000002
15:54:47.456  INFO     RX        /ERR/LOKO/0x00000002
15:54:47.491  INFO     RX        /ERR/LOKO/0x00000002
15:54:47.491  INFO     RX        /ERR/LOKO/0x00000002
15:54:47.491  INFO     RX        /ERR/LOKO/0x00000002
15:54:47.520  INFO     RX        /ERR/LOKO/0x00000002
15:54:47.520  INFO     RX        /ERR/LOKO/0x00000002
15:54:47.520  INFO     RX        /ERR/LOKO/0x00000002
15:54:47.554  INFO     RX        /ERR/LOKO/0x00000002
15:54:47.554  INFO     RX        /ERR/LOKO/0x00000002
15:54:47.554  INFO     RX        /ERR/LOKO/0x00000002
15:54:47.590  INFO     RX        /ERR/LOKO/0x00000002
15:54:47.590  INFO     RX        /ERR/LOKO/0x00000002
15:54:47.590  INFO     RX        /ERR/LOKO/0x00000002
15:54:47.624  INFO     RX        /ERR/LOKO/0x00000002
15:54:47.624  INFO     RX        /ERR/LOKO/0x00000002
15:54:47.624  INFO     RX        /ERR/LOKO/0x00000002
15:54:47.650  INFO     RX        /ERR/LOKO/0x00000002
15:54:47.650  INFO     RX        /ERR/LOKO/0x00000002
15:54:47.688  INFO     RX        /ERR/LOKO/0x00000002
15:54:47.688  INFO     RX        /ERR/LOKO/0x00000002
15:54:47.688  INFO     RX        /ERR/LOKO/0x00000002
15:54:47.715  INFO     RX        /ERR/LOKO/0x00000002
15:54:47.715  INFO     RX        /ERR/LOKO/0x00000002
15:54:47.716  INFO     RX        /ERR/LOKO/0x00000002
15:54:47.750  INFO     RX        /ERR/LOKO/0x00000002
15:54:47.751  INFO     RX        /ERR/LOKO/0x00000002
15:54:47.751  INFO     RX        /ERR/LOKO/0x00000002
15:54:47.778  INFO     RX        /ERR/LOKO/0x00000002
15:54:47.778  INFO     RX        /ERR/LOKO/0x00000002
15:54:47.815  INFO     RX        /ERR/LOKO/0x00000002
15:54:47.815  INFO     RX        /ERR/LOKO/0x00000002
15:54:47.815  INFO     RX        /ERR/LOKO/0x00000002
15:54:47.844  INFO     RX        /ERR/LOKO/0x00000002
15:54:47.844  INFO     RX        /ERR/LOKO/0x00000002
15:54:47.844  INFO     RX        /ERR/LOKO/0x00000002
15:54:47.878  INFO     RX        /ERR/LOKO/0x00000002
15:54:47.879  INFO     RX        /ERR/LOKO/0x00000002
15:54:47.879  INFO     RX        /ERR/LOKO/0x00000002
15:54:47.906  INFO     RX        /ERR/LOKO/0x00000002
15:54:47.906  INFO     RX        /ERR/LOKO/0x00000002
15:54:47.941  INFO     RX        /ERR/LOKO/0x00000002
15:54:47.941  INFO     RX        /ERR/LOKO/0x00000002
15:54:47.941  INFO     RX        /ERR/LOKO/0x00000002
15:54:47.971  INFO     RX        /ERR/LOKO/0x00000002
15:54:47.971  INFO     RX        /ERR/LOKO/0x00000002
15:54:47.971  INFO     RX        /ERR/LOKO/0x00000002
15:54:48.006  INFO     RX        /ERR/LOKO/0x00000002
15:54:48.006  INFO     RX        /ERR/LOKO/0x00000002
15:54:48.006  INFO     RX        /ERR/LOKO/0x00000002
15:54:48.039  INFO     RX        /ERR/LOKO/0x00000002
15:54:48.039  INFO     RX        /ERR/LOKO/0x00000002
15:54:48.068  INFO     RX        /ERR/LOKO/0x00000002
15:54:48.068  INFO     RX        /ERR/LOKO/0x00000002
15:54:48.068  INFO     RX        /ERR/LOKO/0x00000002
15:54:48.105  INFO     RX        /ERR/LOKO/0x00000002
15:54:48.105  INFO     RX        /ERR/LOKO/0x00000002
15:54:48.105  INFO     RX        /ERR/LOKO/0x00000002
15:54:48.132  INFO     RX        /ERR/LOKO/0x00000002
15:54:48.132  INFO     RX        /ERR/LOKO/0x00000002
15:54:48.132  INFO     RX        /ERR/LOKO/0x00000002
15:54:48.166  INFO     RX        /ERR/LOKO/0x00000002
15:54:48.166  INFO     RX        /ERR/LOKO/0x00000002
15:54:48.166  INFO     RX        /ERR/LOKO/0x00000002
15:54:48.198  INFO     RX        /ERR/LOKO/0x00000002
15:54:48.198  INFO     RX        /ERR/LOKO/0x00000002
15:54:48.230  INFO     RX        /ERR/LOKO/0x00000002
15:54:48.230  INFO     RX        /ERR/LOKO/0x00000002
15:54:48.230  INFO     RX        /ERR/LOKO/0x00000002
15:54:48.262  INFO     RX        /ERR/LOKO/0x00000002
15:54:48.262  INFO     RX        /ERR/LOKO/0x00000002
15:54:48.262  INFO     RX        /ERR/LOKO/0x00000002
15:54:48.294  INFO     RX        /ERR/LOKO/0x00000002
15:54:48.294  INFO     RX        /ERR/LOKO/0x00000002
15:54:48.294  INFO     RX        /ERR/LOKO/0x00000002
15:54:48.326  INFO     RX        /ERR/LOKO/0x00000002
15:54:48.326  INFO     RX        /ERR/LOKO/0x00000002
15:54:48.326  INFO     RX        /ERR/LOKO/0x00000002
15:54:48.357  INFO     RX        /ERR/LOKO/0x00000002
15:54:48.357  INFO     RX        /ERR/LOKO/0x00000002
15:54:48.390  INFO     RX        /ERR/LOKO/0x00000002
15:54:48.390  INFO     RX        /ERR/LOKO/0x00000002
15:54:48.390  INFO     RX        /ERR/LOKO/0x00000002
15:54:48.420  INFO     RX        /ERR/LOKO/0x00000002
15:54:48.420  INFO     RX        /ERR/LOKO/0x00000002
15:54:48.420  INFO     RX        /ERR/LOKO/0x00000002
15:54:48.455  INFO     RX        /ERR/LOKO/0x00000002
15:54:48.455  INFO     RX        /ERR/LOKO/0x00000002
15:54:48.455  INFO     RX        /ERR/LOKO/0x00000002
15:54:48.487  INFO     RX        /ERR/LOKO/0x00000002
15:54:48.487  INFO     RX        /ERR/LOKO/0x00000002
15:54:48.516  INFO     RX        /ERR/LOKO/0x00000002
15:54:48.516  INFO     RX        /ERR/LOKO/0x00000002
15:54:48.516  INFO     RX        /ERR/LOKO/0x00000002
15:54:48.551  INFO     RX        /ERR/LOKO/0x00000002
15:54:48.551  INFO     RX        /ERR/LOKO/0x00000002
15:54:48.551  INFO     RX        /ERR/LOKO/0x00000002
15:54:48.580  INFO     RX        /ERR/LOKO/0x00000002
15:54:48.581  INFO     RX        /ERR/LOKO/0x00000002
15:54:48.613  INFO     RX        /ERR/LOKO/0x00000002
15:54:48.613  INFO     RX        /ERR/LOKO/0x00000002
15:54:48.613  INFO     RX        /ERR/LOKO/0x00000002
15:54:48.648  INFO     RX        /ERR/LOKO/0x00000002
15:54:48.648  INFO     RX        /ERR/LOKO/0x00000002
15:54:48.648  INFO     RX        /ERR/LOKO/0x00000002
15:54:48.677  INFO     RX        /ERR/LOKO/0x00000002
15:54:48.677  INFO     RX        /ERR/LOKO/0x00000002
15:54:48.677  INFO     RX        /ERR/LOKO/0x00000002
15:54:48.712  INFO     RX        /ERR/LOKO/0x00000002
15:54:48.712  INFO     RX        /ERR/LOKO/0x00000002
15:54:48.712  INFO     RX        /ERR/LOKO/0x00000002
15:54:48.741  INFO     RX        /ERR/LOKO/0x00000002
15:54:48.741  INFO     RX        /ERR/LOKO/0x00000002
15:54:48.777  INFO     RX        /ERR/LOKO/0x00000002
15:54:48.777  INFO     RX        /ERR/LOKO/0x00000002
15:54:48.777  INFO     RX        /ERR/LOKO/0x00000002
15:54:48.777  INFO     RX        /ERR/LOKO/0x00000002
15:54:48.861  INFO     RX        /ERR/LOKO/0x00000002
15:54:48.861  INFO     RX        /ERR/LOKO/0x00000002
15:54:48.861  INFO     RX        /ERR/LOKO/0x00000002
15:54:48.861  INFO     RX        /ERR/LOKO/0x00000002
15:54:48.861  INFO     RX        /ERR/LOKO/0x00000002
15:54:48.861  INFO     RX        /ERR/LOKO/0x00000002
15:54:48.861  INFO     RX        /ERR/LOKO/0x00000002
15:54:48.880  INFO     RX        /ERR/LOKO/0x00000002
15:54:48.884  INFO     RX        /ERR/LOKO/0x00000002
15:54:48.901  INFO     RX        /ERR/LOKO/0x00000002
15:54:48.936  INFO     RX        /ERR/LOKO/0x00000002
15:54:48.936  INFO     RX        /ERR/LOKO/0x00000002
15:54:48.936  INFO     RX        /ERR/LOKO/0x00000002
15:54:48.965  INFO     RX        /ERR/LOKO/0x00000002
15:54:48.965  INFO     RX        /ERR/LOKO/0x00000002
15:54:48.965  INFO     RX        /ERR/LOKO/0x00000002
15:54:49.001  INFO     RX        /ERR/LOKO/0x00000002
15:54:49.001  INFO     RX        /ERR/LOKO/0x00000002
15:54:49.001  INFO     RX        /ERR/LOKO/0x00000002
15:54:49.030  INFO     RX        /ERR/LOKO/0x00000002
15:54:49.030  INFO     RX        /ERR/LOKO/0x00000002
15:54:49.060  DEBUG    TX /CONTROLL/0,0,0,0,0,0,0,0,0
15:54:49.065  INFO     RX        /ERR/LOKO/0x00000002
15:54:49.065  INFO     RX        /ERR/LOKO/0x00000002
15:54:49.065  INFO     RX        /ERR/LOKO/0x00000002
15:54:49.065  INFO     RX        /ERR/LOKO/0x00000002
15:54:49.094  INFO     RX        /ERR/LOKO/0x00000002
15:54:49.094  INFO     RX        /ERR/LOKO/0x00000002
15:54:49.129  INFO     RX        /ERR/LOKO/0x00000002
15:54:49.129  INFO     RX        /ERR/LOKO/0x00000002
15:54:49.129  INFO     RX        /ERR/LOKO/0x00000002
15:54:49.158  INFO     RX        /ERR/LOKO/0x00000002
15:54:49.158  INFO     RX        /ERR/LOKO/0x00000002
15:54:49.158  INFO     RX        /ERR/LOKO/0x00000002
15:54:49.190  INFO     RX        /ERR/LOKO/0x00000002
15:54:49.190  INFO     RX        /ERR/LOKO/0x00000002
15:54:49.225  INFO     RX        /ERR/LOKO/0x00000002
15:54:49.225  INFO     RX        /ERR/LOKO/0x00000002
15:54:49.225  INFO     RX        /ERR/LOKO/0x00000002
15:54:49.254  INFO     RX        /ERR/LOKO/0x00000002
15:54:49.254  INFO     RX        /ERR/LOKO/0x00000002
15:54:49.254  INFO     RX        /ERR/LOKO/0x00000002
15:54:49.289  INFO     RX        /ERR/LOKO/0x00000002
15:54:49.289  INFO     RX        /ERR/LOKO/0x00000002
15:54:49.289  INFO     RX        /ERR/LOKO/0x00000002
15:54:49.318  INFO     RX        /ERR/LOKO/0x00000002
15:54:49.318  INFO     RX        /ERR/LOKO/0x00000002
15:54:49.350  INFO     RX        /ERR/LOKO/0x00000002
15:54:49.350  INFO     RX        /ERR/LOKO/0x00000002
15:54:49.350  INFO     RX        /ERR/LOKO/0x00000002
15:54:49.387  INFO     RX        /ERR/LOKO/0x00000002
15:54:49.387  INFO     RX        /ERR/LOKO/0x00000002
15:54:49.387  INFO     RX        /ERR/LOKO/0x00000002
15:54:49.415  INFO     RX        /ERR/LOKO/0x00000002
15:54:49.415  INFO     RX        /ERR/LOKO/0x00000002
15:54:49.415  INFO     RX        /ERR/LOKO/0x00000002
15:54:49.447  INFO     RX        /ERR/LOKO/0x00000002
15:54:49.447  INFO     RX        /ERR/LOKO/0x00000002
15:54:49.480  INFO     RX        /ERR/LOKO/0x00000002
15:54:49.480  INFO     RX        /ERR/LOKO/0x00000002
15:54:49.480  INFO     RX        /ERR/LOKO/0x00000002
15:54:49.515  INFO     RX        /ERR/LOKO/0x00000002
15:54:49.515  INFO     RX        /ERR/LOKO/0x00000002
15:54:49.515  INFO     RX        /ERR/LOKO/0x00000002
15:54:49.547  INFO     RX        /ERR/LOKO/0x00000002
15:54:49.547  INFO     RX        /ERR/LOKO/0x00000002
15:54:49.547  INFO     RX        /ERR/LOKO/0x00000002
15:54:49.578  INFO     RX        /ERR/LOKO/0x00000002
15:54:49.579  INFO     RX        /ERR/LOKO/0x00000002
15:54:49.579  INFO     RX        /ERR/LOKO/0x00000002
15:54:49.608  INFO     RX        /ERR/LOKO/0x00000002
15:54:49.608  INFO     RX        /ERR/LOKO/0x00000002
15:54:49.643  INFO     RX        /ERR/LOKO/0x00000002
15:54:49.644  INFO     RX        /ERR/LOKO/0x00000002
15:54:49.644  INFO     RX        /ERR/LOKO/0x00000002
15:54:49.672  INFO     RX        /ERR/LOKO/0x00000002
15:54:49.672  INFO     RX        /ERR/LOKO/0x00000002
15:54:49.672  INFO     RX        /ERR/LOKO/0x00000002
15:54:49.708  INFO     RX        /ERR/LOKO/0x00000002
15:54:49.708  INFO     RX        /ERR/LOKO/0x00000002
15:54:49.708  INFO     RX        /ERR/LOKO/0x00000002
15:54:49.738  INFO     RX        /ERR/LOKO/0x00000002
15:54:49.738  INFO     RX        /ERR/LOKO/0x00000002
15:54:49.738  INFO     RX        /ERR/LOKO/0x00000002
15:54:49.770  INFO     RX        /ERR/LOKO/0x00000002
15:54:49.771  INFO     RX        /ERR/LOKO/0x00000002
15:54:49.805  INFO     RX        /ERR/LOKO/0x00000002
15:54:49.806  INFO     RX        /ERR/LOKO/0x00000002
15:54:49.806  INFO     RX        /ERR/LOKO/0x00000002
15:54:49.839  INFO     RX        /ERR/LOKO/0x00000002
15:54:49.839  INFO     RX        /ERR/LOKO/0x00000002
15:54:49.839  INFO     RX        /ERR/LOKO/0x00000002
15:54:49.868  INFO     RX        /ERR/LOKO/0x00000002
15:54:49.868  INFO     RX        /ERR/LOKO/0x00000002
15:54:49.868  INFO     RX        /ERR/LOKO/0x00000002
15:54:49.901  INFO     RX        /ERR/LOKO/0x00000002
15:54:49.901  INFO     RX        /ERR/LOKO/0x00000002
15:54:49.901  INFO     RX        /ERR/LOKO/0x00000002
15:54:49.936  INFO     RX        /ERR/LOKO/0x00000002
15:54:49.936  INFO     RX        /ERR/LOKO/0x00000002
15:54:49.936  INFO     RX        /ERR/LOKO/0x00000002
15:54:49.964  INFO     RX        /ERR/LOKO/0x00000002
15:54:49.964  INFO     RX        /ERR/LOKO/0x00000002
15:54:49.998  INFO     RX        /ERR/LOKO/0x00000002
15:54:49.998  INFO     RX        /ERR/LOKO/0x00000002
15:54:49.998  INFO     RX        /ERR/LOKO/0x00000002
15:54:50.032  INFO     RX        /ERR/LOKO/0x00000002
15:54:50.033  INFO     RX        /ERR/LOKO/0x00000002
15:54:50.033  INFO     RX        /ERR/LOKO/0x00000002
15:54:50.066  INFO     RX        /ERR/LOKO/0x00000002
15:54:50.066  INFO     RX        /ERR/LOKO/0x00000002
15:54:50.066  INFO     RX        /ERR/LOKO/0x00000002
15:54:50.094  INFO     RX        /ERR/LOKO/0x00000002
15:54:50.094  INFO     RX        /ERR/LOKO/0x00000002
15:54:50.130  INFO     RX        /ERR/LOKO/0x00000002
15:54:50.130  INFO     RX        /ERR/LOKO/0x00000002
15:54:50.130  INFO     RX        /ERR/LOKO/0x00000002
15:54:50.158  INFO     RX        /ERR/LOKO/0x00000002
15:54:50.158  INFO     RX        /ERR/LOKO/0x00000002
15:54:50.158  INFO     RX        /ERR/LOKO/0x00000002
15:54:50.193  INFO     RX        /ERR/LOKO/0x00000002
15:54:50.193  INFO     RX        /ERR/LOKO/0x00000002
15:54:50.193  INFO     RX        /ERR/LOKO/0x00000002
15:54:50.222  INFO     RX        /ERR/LOKO/0x00000002
15:54:50.222  INFO     RX        /ERR/LOKO/0x00000002
15:54:50.257  INFO     RX        /ERR/LOKO/0x00000002
15:54:50.257  INFO     RX        /ERR/LOKO/0x00000002
15:54:50.257  INFO     RX        /ERR/LOKO/0x00000002
15:54:50.257  INFO     RX        /ERR/LOKO/0x00000002
15:54:50.286  INFO     RX        /ERR/LOKO/0x00000002
15:54:50.286  INFO     RX        /ERR/LOKO/0x00000002
15:54:50.322  INFO     RX        /ERR/LOKO/0x00000002
15:54:50.322  INFO     RX        /ERR/LOKO/0x00000002
15:54:50.322  INFO     RX        /ERR/LOKO/0x00000002
15:54:50.349  INFO     RX        /ERR/LOKO/0x00000002
15:54:50.349  INFO     RX        /ERR/LOKO/0x00000002
15:54:50.381  INFO     RX        /ERR/LOKO/0x00000002
15:54:50.382  INFO     RX        /ERR/LOKO/0x00000002
15:54:50.382  INFO     RX        /ERR/LOKO/0x00000002
15:54:50.416  INFO     RX        /ERR/LOKO/0x00000002
15:54:50.417  INFO     RX        /ERR/LOKO/0x00000002
15:54:50.417  INFO     RX        /ERR/LOKO/0x00000002
15:54:50.446  INFO     RX        /ERR/LOKO/0x00000002
15:54:50.446  INFO     RX        /ERR/LOKO/0x00000002
15:54:50.446  INFO     RX        /ERR/LOKO/0x00000002
15:54:50.478  INFO     RX        /ERR/LOKO/0x00000002
15:54:50.478  INFO     RX        /ERR/LOKO/0x00000002
15:54:50.478  INFO     RX        /ERR/LOKO/0x00000002
15:54:50.510  INFO     RX        /ERR/LOKO/0x00000002
15:54:50.510  INFO     RX        /ERR/LOKO/0x00000002
15:54:50.544  INFO     RX        /ERR/LOKO/0x00000002
15:54:50.544  INFO     RX        /ERR/LOKO/0x00000002
15:54:50.544  INFO     RX        /ERR/LOKO/0x00000002
15:54:50.574  INFO     RX        /ERR/LOKO/0x00000002
15:54:50.574  INFO     RX        /ERR/LOKO/0x00000002
15:54:50.574  INFO     RX        /ERR/LOKO/0x00000002
15:54:50.609  INFO     RX        /ERR/LOKO/0x00000002
15:54:50.609  INFO     RX        /ERR/LOKO/0x00000002
15:54:50.609  INFO     RX        /ERR/LOKO/0x00000002
15:54:50.642  INFO     RX        /ERR/LOKO/0x00000002
15:54:50.642  INFO     RX        /ERR/LOKO/0x00000002
15:54:50.642  INFO     RX        /ERR/LOKO/0x00000002
15:54:50.668  DEBUG    TX /CONTROLL/0,0,0,0,0,0,0,0,0
15:54:50.675  INFO     RX        /ERR/LOKO/0x00000002
15:54:50.675  INFO     RX        /ERR/LOKO/0x00000002
15:54:50.676  INFO     RX        /ERR/LOKO/0x00000002
15:54:50.703  INFO     RX        /ERR/LOKO/0x00000002
15:54:50.703  INFO     RX        /ERR/LOKO/0x00000002
15:54:50.738  INFO     RX        /ERR/LOKO/0x00000002
15:54:50.738  INFO     RX        /ERR/LOKO/0x00000002
15:54:50.738  INFO     RX        /ERR/LOKO/0x00000002
15:54:50.770  INFO     RX        /ERR/LOKO/0x00000002
15:54:50.770  INFO     RX        /ERR/LOKO/0x00000002
15:54:50.770  INFO     RX        /ERR/LOKO/0x00000002
15:54:50.801  INFO     RX        /ERR/LOKO/0x00000002
15:54:50.802  INFO     RX        /ERR/LOKO/0x00000002
15:54:50.802  INFO     RX        /ERR/LOKO/0x00000002
15:54:50.835  INFO     RX        /ERR/LOKO/0x00000002
15:54:50.835  INFO     RX        /ERR/LOKO/0x00000002
15:54:50.835  INFO     RX        /ERR/LOKO/0x00000002
15:54:50.863  INFO     RX        /ERR/LOKO/0x00000002
15:54:50.863  INFO     RX        /ERR/LOKO/0x00000002
15:54:50.898  INFO     RX        /ERR/LOKO/0x00000002
15:54:50.898  INFO     RX        /ERR/LOKO/0x00000002
15:54:50.898  INFO     RX        /ERR/LOKO/0x00000002
15:54:50.927  INFO     RX        /ERR/LOKO/0x00000002
15:54:50.927  INFO     RX        /ERR/LOKO/0x00000002
15:54:50.959  INFO     RX        /ERR/LOKO/0x00000002
15:54:50.959  INFO     RX        /ERR/LOKO/0x00000002
15:54:50.959  INFO     RX        /ERR/LOKO/0x00000002
15:54:50.991  INFO     RX        /ERR/LOKO/0x00000002
15:54:50.991  INFO     RX        /ERR/LOKO/0x00000002
15:54:50.991  INFO     RX        /ERR/LOKO/0x00000002
15:54:51.027  INFO     RX        /ERR/LOKO/0x00000002
15:54:51.027  INFO     RX        /ERR/LOKO/0x00000002
15:54:51.027  INFO     RX        /ERR/LOKO/0x00000002
15:54:51.056  INFO     RX        /ERR/LOKO/0x00000002
15:54:51.056  INFO     RX        /ERR/LOKO/0x00000002
15:54:51.056  INFO     RX        /ERR/LOKO/0x00000002
15:54:51.087  INFO     RX        /ERR/LOKO/0x00000002
15:54:51.087  INFO     RX        /ERR/LOKO/0x00000002
15:54:51.123  INFO     RX        /ERR/LOKO/0x00000002
15:54:51.123  INFO     RX        /ERR/LOKO/0x00000002
15:54:51.123  INFO     RX        /ERR/LOKO/0x00000002
15:54:51.151  INFO     RX        /ERR/LOKO/0x00000002
15:54:51.151  INFO     RX        /ERR/LOKO/0x00000002
15:54:51.151  INFO     RX        /ERR/LOKO/0x00000002
15:54:51.186  INFO     RX        /ERR/LOKO/0x00000002
15:54:51.186  INFO     RX        /ERR/LOKO/0x00000002
15:54:51.186  INFO     RX        /ERR/LOKO/0x00000002
15:54:51.218  INFO     RX        /ERR/LOKO/0x00000002
15:54:51.218  INFO     RX        /ERR/LOKO/0x00000002
15:54:51.218  INFO     RX        /ERR/LOKO/0x00000002
15:54:51.250  INFO     RX        /ERR/LOKO/0x00000002
15:54:51.251  INFO     RX        /ERR/LOKO/0x00000002
15:54:51.282  INFO     RX        /ERR/LOKO/0x00000002
15:54:51.282  INFO     RX        /ERR/LOKO/0x00000002
15:54:51.283  INFO     RX        /ERR/LOKO/0x00000002
15:54:51.311  INFO     RX        /ERR/LOKO/0x00000002
15:54:51.312  INFO     RX        /ERR/LOKO/0x00000002
15:54:51.312  INFO     RX        /ERR/LOKO/0x00000002
15:54:51.346  INFO     RX        /ERR/LOKO/0x00000002
15:54:51.346  INFO     RX        /ERR/LOKO/0x00000002
15:54:51.347  INFO     RX        /ERR/LOKO/0x00000002
15:54:51.378  INFO     RX        /ERR/LOKO/0x00000002
15:54:51.379  INFO     RX        /ERR/LOKO/0x00000002
15:54:51.379  INFO     RX        /ERR/LOKO/0x00000002
15:54:51.463  INFO     RX        /ERR/LOKO/0x00000002
15:54:51.463  INFO     RX        /ERR/LOKO/0x00000002
15:54:51.463  INFO     RX        /ERR/LOKO/0x00000002
15:54:51.463  INFO     RX        /ERR/LOKO/0x00000002
15:54:51.463  INFO     RX        /ERR/LOKO/0x00000002
15:54:51.463  INFO     RX        /ERR/LOKO/0x00000002
15:54:51.463  INFO     RX        /ERR/LOKO/0x00000002
15:54:51.472  INFO     RX        /ERR/LOKO/0x00000002
15:54:51.508  INFO     RX        /ERR/LOKO/0x00000002
15:54:51.508  INFO     RX        /ERR/LOKO/0x00000002
15:54:51.508  INFO     RX        /ERR/LOKO/0x00000002
15:54:51.537  INFO     RX        /ERR/LOKO/0x00000002
15:54:51.538  INFO     RX        /ERR/LOKO/0x00000002
15:54:51.571  INFO     RX        /ERR/LOKO/0x00000002
15:54:51.572  INFO     RX        /ERR/LOKO/0x00000002
15:54:51.572  INFO     RX        /ERR/LOKO/0x00000002
15:54:51.604  INFO     RX        /ERR/LOKO/0x00000002
15:54:51.605  INFO     RX        /ERR/LOKO/0x00000002
15:54:51.605  INFO     RX        /ERR/LOKO/0x00000002
15:54:51.634  INFO     RX        /ERR/LOKO/0x00000002
15:54:51.634  INFO     RX        /ERR/LOKO/0x00000002
15:54:51.634  INFO     RX        /ERR/LOKO/0x00000002
15:54:51.668  INFO     RX        /ERR/LOKO/0x00000002
15:54:51.668  INFO     RX        /ERR/LOKO/0x00000002
15:54:51.668  INFO     RX        /ERR/LOKO/0x00000002
15:54:51.698  INFO     RX        /ERR/LOKO/0x00000002
15:54:51.698  INFO     RX        /ERR/LOKO/0x00000002
15:54:51.732  INFO     RX        /ERR/LOKO/0x00000002
15:54:51.732  INFO     RX        /ERR/LOKO/0x00000002
15:54:51.733  INFO     RX        /ERR/LOKO/0x00000002
15:54:51.762  INFO     RX        /ERR/LOKO/0x00000002
15:54:51.762  INFO     RX        /ERR/LOKO/0x00000002
15:54:51.762  INFO     RX        /ERR/LOKO/0x00000002
15:54:51.797  INFO     RX        /ERR/LOKO/0x00000002
15:54:51.797  INFO     RX        /ERR/LOKO/0x00000002
15:54:51.797  INFO     RX        /ERR/LOKO/0x00000002
15:54:51.825  INFO     RX        /ERR/LOKO/0x00000002
15:54:51.825  INFO     RX        /ERR/LOKO/0x00000002
15:54:51.859  INFO     RX        /ERR/LOKO/0x00000002
15:54:51.859  INFO     RX        /ERR/LOKO/0x00000002
15:54:51.859  INFO     RX        /ERR/LOKO/0x00000002
15:54:51.891  INFO     RX        /ERR/LOKO/0x00000002
15:54:51.891  INFO     RX        /ERR/LOKO/0x00000002
15:54:51.891  INFO     RX        /ERR/LOKO/0x00000002
15:54:51.925  INFO     RX        /ERR/LOKO/0x00000002
15:54:51.925  INFO     RX        /ERR/LOKO/0x00000002
15:54:51.925  INFO     RX        /ERR/LOKO/0x00000002
15:54:51.954  INFO     RX        /ERR/LOKO/0x00000002
15:54:51.954  INFO     RX        /ERR/LOKO/0x00000002
15:54:51.989  INFO     RX        /ERR/LOKO/0x00000002
15:54:51.989  INFO     RX        /ERR/LOKO/0x00000002
15:54:51.989  INFO     RX        /ERR/LOKO/0x00000002
15:54:52.019  INFO     RX        /ERR/LOKO/0x00000002
15:54:52.019  INFO     RX        /ERR/LOKO/0x00000002
15:54:52.019  INFO     RX        /ERR/LOKO/0x00000002
15:54:52.054  INFO     RX        /ERR/LOKO/0x00000002
15:54:52.054  INFO     RX        /ERR/LOKO/0x00000002
15:54:52.054  INFO     RX        /ERR/LOKO/0x00000002
15:54:52.086  INFO     RX        /ERR/LOKO/0x00000002
15:54:52.086  INFO     RX        /ERR/LOKO/0x00000002
15:54:52.086  INFO     RX        /ERR/LOKO/0x00000002
15:54:52.121  INFO     RX        /ERR/LOKO/0x00000002
15:54:52.122  INFO     RX        /ERR/LOKO/0x00000002
15:54:52.122  INFO     RX        /ERR/LOKO/0x00000002
15:54:52.147  INFO     RX        /ERR/LOKO/0x00000002
15:54:52.147  INFO     RX        /ERR/LOKO/0x00000002
15:54:52.181  INFO     RX        /ERR/LOKO/0x00000002
15:54:52.181  INFO     RX        /ERR/LOKO/0x00000002
15:54:52.181  INFO     RX        /ERR/LOKO/0x00000002
15:54:52.217  INFO     RX        /ERR/LOKO/0x00000002
15:54:52.217  INFO     RX        /ERR/LOKO/0x00000002
15:54:52.217  INFO     RX        /ERR/LOKO/0x00000002
15:54:52.242  INFO     RX        /ERR/LOKO/0x00000002
15:54:52.242  INFO     RX        /ERR/LOKO/0x00000002
15:54:52.271  DEBUG    TX /CONTROLL/0,0,0,0,0,1,0,0,0
15:54:52.276  INFO     RX        /ERR/LOKO/0x00000002
15:54:52.276  INFO     RX        /ERR/LOKO/0x00000002
15:54:52.276  INFO     RX        /ERR/LOKO/0x00000002
15:54:52.307  INFO     RX        /ERR/LOKO/0x00000002
15:54:52.307  INFO     RX        /ERR/LOKO/0x00000002
15:54:52.307  INFO     RX        /ERR/LOKO/0x00000002
15:54:52.341  INFO     RX        /ERR/LOKO/0x00000002
15:54:52.341  INFO     RX        /ERR/LOKO/0x00000002
15:54:52.341  INFO     RX        /ERR/LOKO/0x00000002
15:54:52.371  INFO     RX        /ERR/LOKO/0x00000002
15:54:52.371  INFO     RX        /ERR/LOKO/0x00000002
15:54:52.406  INFO     RX        /ERR/LOKO/0x00000002
15:54:52.406  INFO     RX        /ERR/LOKO/0x00000002
15:54:52.406  INFO     RX        /ERR/LOKO/0x00000002
15:54:52.435  INFO     RX        /ERR/LOKO/0x00000002
15:54:52.435  INFO     RX        /ERR/LOKO/0x00000002
15:54:52.435  INFO     RX        /ERR/LOKO/0x00000002
15:54:52.470  INFO     RX        /ERR/LOKO/0x00000002
15:54:52.470  INFO     RX        /ERR/LOKO/0x00000002
15:54:52.470  INFO     RX        /ERR/LOKO/0x00000002
15:54:52.502  INFO     RX        /ERR/LOKO/0x00000002
15:54:52.502  INFO     RX        /ERR/LOKO/0x00000002
15:54:52.502  INFO     RX        /ERR/LOKO/0x00000002
15:54:52.535  INFO     RX        /ERR/LOKO/0x00000002
15:54:52.535  INFO     RX        /ERR/LOKO/0x00000002
15:54:52.535  INFO     RX        /ERR/LOKO/0x00000002
15:54:52.565  INFO     RX        /ERR/LOKO/0x00000002
15:54:52.565  INFO     RX        /ERR/LOKO/0x00000002
15:54:52.598  INFO     RX        /ERR/LOKO/0x00000002
15:54:52.598  INFO     RX        /ERR/LOKO/0x00000002
15:54:52.598  INFO     RX        /ERR/LOKO/0x00000002
15:54:52.634  INFO     RX        /ERR/LOKO/0x00000002
15:54:52.634  INFO     RX        /ERR/LOKO/0x00000002
15:54:52.634  INFO     RX        /ERR/LOKO/0x00000002
15:54:52.671  INFO     RX        /ERR/LOKO/0x00000002
15:54:52.671  INFO     RX        /ERR/LOKO/0x00000002
15:54:52.671  INFO     RX        /ERR/LOKO/0x00000002
15:54:52.698  INFO     RX        /ERR/LOKO/0x00000002
15:54:52.698  INFO     RX        /ERR/LOKO/0x00000002
15:54:52.698  INFO     RX        /ERR/LOKO/0x00000002
15:54:52.728  INFO     RX        /ERR/LOKO/0x00000002
15:54:52.728  INFO     RX        /ERR/LOKO/0x00000002
15:54:52.763  INFO     RX        /ERR/LOKO/0x00000002
15:54:52.763  INFO     RX        /ERR/LOKO/0x00000002
15:54:52.763  INFO     RX        /ERR/LOKO/0x00000002
15:54:52.794  INFO     RX        /ERR/LOKO/0x00000002
15:54:52.794  INFO     RX        /ERR/LOKO/0x00000002
15:54:52.794  INFO     RX        /ERR/LOKO/0x00000002
15:54:52.828  INFO     RX        /ERR/LOKO/0x00000002
15:54:52.829  INFO     RX        /ERR/LOKO/0x00000002
15:54:52.829  INFO     RX        /ERR/LOKO/0x00000002
15:54:52.857  INFO     RX        /ERR/LOKO/0x00000002
15:54:52.857  INFO     RX        /ERR/LOKO/0x00000002
15:54:52.888  INFO     RX        /ERR/LOKO/0x00000002
15:54:52.888  INFO     RX        /ERR/LOKO/0x00000002
15:54:52.888  INFO     RX        /ERR/LOKO/0x00000002
15:54:52.923  INFO     RX        /ERR/LOKO/0x00000002
15:54:52.923  INFO     RX        /ERR/LOKO/0x00000002
15:54:52.923  INFO     RX        /ERR/LOKO/0x00000002
15:54:52.953  INFO     RX        /ERR/LOKO/0x00000002
15:54:52.953  INFO     RX        /ERR/LOKO/0x00000002
15:54:52.953  INFO     RX        /ERR/LOKO/0x00000002
15:54:52.988  INFO     RX        /ERR/LOKO/0x00000002
15:54:52.988  INFO     RX        /ERR/LOKO/0x00000002
15:54:52.988  INFO     RX        /ERR/LOKO/0x00000002
15:54:53.018  INFO     RX        /ERR/LOKO/0x00000002
15:54:53.019  INFO     RX        /ERR/LOKO/0x00000002
15:54:53.019  INFO     RX        /ERR/LOKO/0x00000002
15:54:53.053  INFO     RX        /ERR/LOKO/0x00000002
15:54:53.053  INFO     RX        /ERR/LOKO/0x00000002
15:54:53.053  INFO     RX        /ERR/LOKO/0x00000002
15:54:53.083  INFO     RX        /ERR/LOKO/0x00000002
15:54:53.083  INFO     RX        /ERR/LOKO/0x00000002
15:54:53.116  INFO     RX        /ERR/LOKO/0x00000002
15:54:53.116  INFO     RX        /ERR/LOKO/0x00000002
15:54:53.116  INFO     RX        /ERR/LOKO/0x00000002
15:54:53.146  INFO     RX        /ERR/LOKO/0x00000002
15:54:53.146  INFO     RX        /ERR/LOKO/0x00000002
15:54:53.146  INFO     RX        /ERR/LOKO/0x00000002
15:54:53.180  INFO     RX        /ERR/LOKO/0x00000002
15:54:53.180  INFO     RX        /ERR/LOKO/0x00000002
15:54:53.180  INFO     RX        /ERR/LOKO/0x00000002
15:54:53.210  INFO     RX        /ERR/LOKO/0x00000002
15:54:53.210  INFO     RX        /ERR/LOKO/0x00000002
15:54:53.245  INFO     RX        /ERR/LOKO/0x00000002
15:54:53.245  INFO     RX        /ERR/LOKO/0x00000002
15:54:53.245  INFO     RX        /ERR/LOKO/0x00000002
15:54:53.274  INFO     RX        /ERR/LOKO/0x00000002
15:54:53.274  INFO     RX        /ERR/LOKO/0x00000002
15:54:53.274  INFO     RX        /ERR/LOKO/0x00000002
15:54:53.307  INFO     RX        /ERR/LOKO/0x00000002
15:54:53.307  INFO     RX        /ERR/LOKO/0x00000002
15:54:53.342  INFO     RX        /ERR/LOKO/0x00000002
15:54:53.342  INFO     RX        /ERR/LOKO/0x00000002
15:54:53.342  INFO     RX        /ERR/LOKO/0x00000002
15:54:53.342  INFO     RX        /ERR/LOKO/0x00000002
15:54:53.372  INFO     RX        /ERR/LOKO/0x00000002
15:54:53.664  INFO     RX        /ERR/LOKO/0x00000002
15:54:53.664  INFO     RX        /ERR/LOKO/0x00000002
15:54:53.693  INFO     RX        /ERR/LOKO/0x00000002
15:54:53.693  INFO     RX        /ERR/LOKO/0x00000002
15:54:53.725  INFO     RX        /ERR/LOKO/0x00000002
15:54:53.725  INFO     RX        /ERR/LOKO/0x00000002
15:54:53.725  INFO     RX        /ERR/LOKO/0x00000002
15:54:53.760  INFO     RX        /ERR/LOKO/0x00000002
15:54:53.760  INFO     RX        /ERR/LOKO/0x00000002
15:54:53.760  INFO     RX        /ERR/LOKO/0x00000002
15:54:53.790  INFO     RX        /ERR/LOKO/0x00000002
15:54:53.790  INFO     RX        /ERR/LOKO/0x00000002
15:54:53.790  INFO     RX        /ERR/LOKO/0x00000002
15:54:53.825  INFO     RX        /ERR/LOKO/0x00000002
15:54:53.825  INFO     RX        /ERR/LOKO/0x00000002
15:54:53.825  INFO     RX        /ERR/LOKO/0x00000002
15:54:53.853  INFO     RX        /ERR/LOKO/0x00000002
15:54:53.854  INFO     RX        /ERR/LOKO/0x00000002
15:54:53.882  DEBUG    TX /CONTROLL/0,0,0,0,0,0,0,0,0
15:54:53.888  INFO     RX        /ERR/LOKO/0x00000002
15:54:53.888  INFO     RX        /ERR/LOKO/0x00000002
15:54:53.888  INFO     RX        /ERR/LOKO/0x00000002
15:54:54.021  INFO     RX        /ERR/LOKO/0x00000002
15:54:54.021  INFO     RX        /ERR/LOKO/0x00000002
15:54:54.021  INFO     RX        /ERR/LOKO/0x00000002
15:54:54.021  INFO     RX        /ERR/LOKO/0x00000002
15:54:54.021  INFO     RX        /ERR/LOKO/0x00000002
15:54:54.021  INFO     RX        /ERR/LOKO/0x00000002
15:54:54.021  INFO     RX        /ERR/LOKO/0x00000002
15:54:54.021  INFO     RX        /ERR/LOKO/0x00000002
15:54:54.043  INFO     RX        /ERR/LOKO/0x00000002
15:54:54.043  INFO     RX        /ERR/LOKO/0x00000002
15:54:54.043  INFO     RX        /ERR/LOKO/0x00000002
15:54:54.043  INFO     RX        /ERR/LOKO/0x00000002
15:54:54.043  INFO     RX        /ERR/LOKO/0x00000002
15:54:54.043  INFO     RX        /ERR/LOKO/0x00000002
15:54:54.081  INFO     RX        /ERR/LOKO/0x00000002
15:54:54.081  INFO     RX        /ERR/LOKO/0x00000002
15:54:54.081  INFO     RX        /ERR/LOKO/0x00000002
15:54:54.088  INFO     RX        /ERR/LOKO/0x00000002
15:54:54.111  INFO     RX        /ERR/LOKO/0x00000002
15:54:54.142  INFO     RX        /ERR/LOKO/0x00000002
15:54:54.142  INFO     RX        /ERR/LOKO/0x00000002
15:54:54.142  INFO     RX        /ERR/LOKO/0x00000002
15:54:54.176  INFO     RX        /ERR/LOKO/0x00000002
15:54:54.176  INFO     RX        /ERR/LOKO/0x00000002
15:54:54.176  INFO     RX        /ERR/LOKO/0x00000002
15:54:54.207  INFO     RX        /ERR/LOKO/0x00000002
15:54:54.207  INFO     RX        /ERR/LOKO/0x00000002
15:54:54.207  INFO     RX        /ERR/LOKO/0x00000002
15:54:54.242  INFO     RX        /ERR/LOKO/0x00000002
15:54:54.242  INFO     RX        /ERR/LOKO/0x00000002
15:54:54.242  INFO     RX        /ERR/LOKO/0x00000002
15:54:54.270  INFO     RX        /ERR/LOKO/0x00000002
15:54:54.270  INFO     RX        /ERR/LOKO/0x00000002
15:54:54.302  INFO     RX        /ERR/LOKO/0x00000002
15:54:54.302  INFO     RX        /ERR/LOKO/0x00000002
15:54:54.302  INFO     RX        /ERR/LOKO/0x00000002
15:54:54.337  INFO     RX        /ERR/LOKO/0x00000002
15:54:54.337  INFO     RX        /ERR/LOKO/0x00000002
15:54:54.337  INFO     RX        /ERR/LOKO/0x00000002
15:54:54.366  INFO     RX        /ERR/LOKO/0x00000002
15:54:54.366  INFO     RX        /ERR/LOKO/0x00000002
15:54:54.366  INFO     RX        /ERR/LOKO/0x00000002
15:54:54.402  INFO     RX        /ERR/LOKO/0x00000002
15:54:54.402  INFO     RX        /ERR/LOKO/0x00000002
15:54:54.402  INFO     RX        /ERR/LOKO/0x00000002
15:54:54.431  INFO     RX        /ERR/LOKO/0x00000002
15:54:54.431  INFO     RX        /ERR/LOKO/0x00000002
15:54:54.466  INFO     RX        /ERR/LOKO/0x00000002
15:54:54.466  INFO     RX        /ERR/LOKO/0x00000002
15:54:54.466  INFO     RX        /ERR/LOKO/0x00000002
15:54:54.498  INFO     RX        /ERR/LOKO/0x00000002
15:54:54.498  INFO     RX        /ERR/LOKO/0x00000002
15:54:54.498  INFO     RX        /ERR/LOKO/0x00000002
15:54:54.531  INFO     RX        /ERR/LOKO/0x00000002
15:54:54.531  INFO     RX        /ERR/LOKO/0x00000002
15:54:54.531  INFO     RX        /ERR/LOKO/0x00000002
15:54:54.560  INFO     RX        /ERR/LOKO/0x00000002
15:54:54.560  INFO     RX        /ERR/LOKO/0x00000002
15:54:54.596  INFO     RX        /ERR/LOKO/0x00000002
15:54:54.597  INFO     RX        /ERR/LOKO/0x00000002
15:54:54.597  INFO     RX        /ERR/LOKO/0x00000002
15:54:54.624  INFO     RX        /ERR/LOKO/0x00000002
15:54:54.624  INFO     RX        /ERR/LOKO/0x00000002
15:54:54.624  INFO     RX        /ERR/LOKO/0x00000002
15:54:54.661  INFO     RX        /ERR/LOKO/0x00000002
15:54:54.661  INFO     RX        /ERR/LOKO/0x00000002
15:54:54.661  INFO     RX        /ERR/LOKO/0x00000002
15:54:54.688  INFO     RX        /ERR/LOKO/0x00000002
15:54:54.688  INFO     RX        /ERR/LOKO/0x00000002
15:54:54.723  INFO     RX        /ERR/LOKO/0x00000002
15:54:54.723  INFO     RX        /ERR/LOKO/0x00000002
15:54:54.723  INFO     RX        /ERR/LOKO/0x00000002
15:54:54.755  INFO     RX        /ERR/LOKO/0x00000002
15:54:54.755  INFO     RX        /ERR/LOKO/0x00000002
15:54:54.755  INFO     RX        /ERR/LOKO/0x00000002
15:54:54.785  INFO     RX        /ERR/LOKO/0x00000002
15:54:54.785  INFO     RX        /ERR/LOKO/0x00000002
15:54:54.785  INFO     RX        /ERR/LOKO/0x00000002
15:54:54.819  INFO     RX        /ERR/LOKO/0x00000002
15:54:54.819  INFO     RX        /ERR/LOKO/0x00000002
15:54:54.819  INFO     RX        /ERR/LOKO/0x00000002
15:54:54.848  INFO     RX        /ERR/LOKO/0x00000002
15:54:54.848  INFO     RX        /ERR/LOKO/0x00000002
15:54:54.882  INFO     RX        /ERR/LOKO/0x00000002
15:54:54.882  INFO     RX        /ERR/LOKO/0x00000002
15:54:54.882  INFO     RX        /ERR/LOKO/0x00000002
15:54:54.916  INFO     RX        /ERR/LOKO/0x00000002
15:54:54.916  INFO     RX        /ERR/LOKO/0x00000002
15:54:54.916  INFO     RX        /ERR/LOKO/0x00000002
15:54:54.944  INFO     RX        /ERR/LOKO/0x00000002
15:54:54.944  INFO     RX        /ERR/LOKO/0x00000002
15:54:54.944  INFO     RX        /ERR/LOKO/0x00000002
15:54:54.979  INFO     RX        /ERR/LOKO/0x00000002
15:54:54.979  INFO     RX        /ERR/LOKO/0x00000002
15:54:54.979  INFO     RX        /ERR/LOKO/0x00000002
15:54:55.011  INFO     RX        /ERR/LOKO/0x00000002
15:54:55.012  INFO     RX        /ERR/LOKO/0x00000002
15:54:55.042  INFO     RX        /ERR/LOKO/0x00000002
15:54:55.042  INFO     RX        /ERR/LOKO/0x00000002
15:54:55.042  INFO     RX        /ERR/LOKO/0x00000002
15:54:55.073  INFO     RX        /ERR/LOKO/0x00000002
15:54:55.074  INFO     RX        /ERR/LOKO/0x00000002
15:54:55.074  INFO     RX        /ERR/LOKO/0x00000002
15:54:55.108  INFO     RX        /ERR/LOKO/0x00000002
15:54:55.108  INFO     RX        /ERR/LOKO/0x00000002
15:54:55.109  INFO     RX        /ERR/LOKO/0x00000002
15:54:55.139  INFO     RX        /ERR/LOKO/0x00000002
15:54:55.139  INFO     RX        /ERR/LOKO/0x00000002
15:54:55.175  INFO     RX        /ERR/LOKO/0x00000002
15:54:55.175  INFO     RX        /ERR/LOKO/0x00000002
15:54:55.175  INFO     RX        /ERR/LOKO/0x00000002
15:54:55.175  INFO     RX        /ERR/LOKO/0x00000002
15:54:55.205  INFO     RX        /ERR/LOKO/0x00000002
15:54:55.206  INFO     RX        /ERR/LOKO/0x00000002
15:54:55.237  INFO     RX        /ERR/LOKO/0x00000002
15:54:55.237  INFO     RX        /ERR/LOKO/0x00000002
15:54:55.237  INFO     RX        /ERR/LOKO/0x00000002
15:54:55.267  INFO     RX        /ERR/LOKO/0x00000002
15:54:55.267  INFO     RX        /ERR/LOKO/0x00000002
15:54:55.301  INFO     RX        /ERR/LOKO/0x00000002
15:54:55.301  INFO     RX        /ERR/LOKO/0x00000002
15:54:55.301  INFO     RX        /ERR/LOKO/0x00000002
15:54:55.331  INFO     RX        /ERR/LOKO/0x00000002
15:54:55.332  INFO     RX        /ERR/LOKO/0x00000002
15:54:55.332  INFO     RX        /ERR/LOKO/0x00000002
15:54:55.363  INFO     RX        /ERR/LOKO/0x00000002
15:54:55.363  INFO     RX        /ERR/LOKO/0x00000002
15:54:55.363  INFO     RX        /ERR/LOKO/0x00000002
15:54:55.395  INFO     RX        /ERR/LOKO/0x00000002
15:54:55.396  INFO     RX        /ERR/LOKO/0x00000002
15:54:55.396  INFO     RX        /ERR/LOKO/0x00000002
15:54:55.427  INFO     RX        /ERR/LOKO/0x00000002
15:54:55.427  INFO     RX        /ERR/LOKO/0x00000002
15:54:55.460  INFO     RX        /ERR/LOKO/0x00000002
15:54:55.460  INFO     RX        /ERR/LOKO/0x00000002
15:54:55.460  INFO     RX        /ERR/LOKO/0x00000002
15:54:55.488  DEBUG    TX /CONTROLL/0,0,0,0,0,0,0,0,0
15:54:55.491  INFO     RX        /ERR/LOKO/0x00000002
15:54:55.491  INFO     RX        /ERR/LOKO/0x00000002
15:54:55.491  INFO     RX        /ERR/LOKO/0x00000002
15:54:55.526  INFO     RX        /ERR/LOKO/0x00000002
15:54:55.526  INFO     RX        /ERR/LOKO/0x00000002
15:54:55.526  INFO     RX        /ERR/LOKO/0x00000002
15:54:55.556  INFO     RX        /ERR/LOKO/0x00000002
15:54:55.556  INFO     RX        /ERR/LOKO/0x00000002
15:54:55.590  INFO     RX        /ERR/LOKO/0x00000002
15:54:55.590  INFO     RX        /ERR/LOKO/0x00000002
15:54:55.590  INFO     RX        /ERR/LOKO/0x00000002
15:54:55.623  INFO     RX        /ERR/LOKO/0x00000002
15:54:55.623  INFO     RX        /ERR/LOKO/0x00000002
15:54:55.623  INFO     RX        /ERR/LOKO/0x00000002
15:54:55.653  INFO     RX        /ERR/LOKO/0x00000002
15:54:55.653  INFO     RX        /ERR/LOKO/0x00000002
15:54:55.653  INFO     RX        /ERR/LOKO/0x00000002
15:54:55.684  INFO     RX        /ERR/LOKO/0x00000002
15:54:55.684  INFO     RX        /ERR/LOKO/0x00000002
15:54:55.684  INFO     RX        /ERR/LOKO/0x00000002
15:54:55.716  INFO     RX        /ERR/LOKO/0x00000002
15:54:55.716  INFO     RX        /ERR/LOKO/0x00000002
15:54:55.751  INFO     RX        /ERR/LOKO/0x00000002
15:54:55.751  INFO     RX        /ERR/LOKO/0x00000002
15:54:55.751  INFO     RX        /ERR/LOKO/0x00000002
15:54:55.781  INFO     RX        /ERR/LOKO/0x00000002
15:54:55.781  INFO     RX        /ERR/LOKO/0x00000002
15:54:55.781  INFO     RX        /ERR/LOKO/0x00000002
15:54:55.815  INFO     RX        /ERR/LOKO/0x00000002
15:54:55.815  INFO     RX        /ERR/LOKO/0x00000002
15:54:55.815  INFO     RX        /ERR/LOKO/0x00000002
15:54:55.844  INFO     RX        /ERR/LOKO/0x00000002
15:54:55.845  INFO     RX        /ERR/LOKO/0x00000002
15:54:55.876  INFO     RX        /ERR/LOKO/0x00000002
15:54:55.877  INFO     RX        /ERR/LOKO/0x00000002
15:54:55.877  INFO     RX        /ERR/LOKO/0x00000002
15:54:55.912  INFO     RX        /ERR/LOKO/0x00000002
15:54:55.912  INFO     RX        /ERR/LOKO/0x00000002
15:54:55.912  INFO     RX        /ERR/LOKO/0x00000002
15:54:55.943  INFO     RX        /ERR/LOKO/0x00000002
15:54:55.943  INFO     RX        /ERR/LOKO/0x00000002
15:54:55.943  INFO     RX        /ERR/LOKO/0x00000002
15:54:55.976  INFO     RX        /ERR/LOKO/0x00000002
15:54:55.976  INFO     RX        /ERR/LOKO/0x00000002
15:54:55.976  INFO     RX        /ERR/LOKO/0x00000002
15:54:56.005  INFO     RX        /ERR/LOKO/0x00000002
15:54:56.006  INFO     RX        /ERR/LOKO/0x00000002
15:54:56.038  INFO     RX        /ERR/LOKO/0x00000002
15:54:56.038  INFO     RX        /ERR/LOKO/0x00000002
15:54:56.039  INFO     RX        /ERR/LOKO/0x00000002
15:54:56.073  INFO     RX        /ERR/LOKO/0x00000002
15:54:56.073  INFO     RX        /ERR/LOKO/0x00000002
15:54:56.073  INFO     RX        /ERR/LOKO/0x00000002
15:54:56.104  INFO     RX        /ERR/LOKO/0x00000002
15:54:56.104  INFO     RX        /ERR/LOKO/0x00000002
15:54:56.104  INFO     RX        /ERR/LOKO/0x00000002
15:54:56.134  INFO     RX        /ERR/LOKO/0x00000002
15:54:56.134  INFO     RX        /ERR/LOKO/0x00000002
15:54:56.135  INFO     RX        /ERR/LOKO/0x00000002
15:54:56.168  INFO     RX        /ERR/LOKO/0x00000002
15:54:56.169  INFO     RX        /ERR/LOKO/0x00000002
15:54:56.198  INFO     RX        /ERR/LOKO/0x00000002
15:54:56.198  INFO     RX        /ERR/LOKO/0x00000002
15:54:56.198  INFO     RX        /ERR/LOKO/0x00000002
15:54:56.234  INFO     RX        /ERR/LOKO/0x00000002
15:54:56.234  INFO     RX        /ERR/LOKO/0x00000002
15:54:56.234  INFO     RX        /ERR/LOKO/0x00000002
15:54:56.263  INFO     RX        /ERR/LOKO/0x00000002
15:54:56.263  INFO     RX        /ERR/LOKO/0x00000002
15:54:56.263  INFO     RX        /ERR/LOKO/0x00000002
15:54:56.295  INFO     RX        /ERR/LOKO/0x00000002
15:54:56.295  INFO     RX        /ERR/LOKO/0x00000002
15:54:56.329  INFO     RX        /ERR/LOKO/0x00000002
15:54:56.330  INFO     RX        /ERR/LOKO/0x00000002
15:54:56.330  INFO     RX        /ERR/LOKO/0x00000002
15:54:56.361  INFO     RX        /ERR/LOKO/0x00000002
15:54:56.361  INFO     RX        /ERR/LOKO/0x00000002
15:54:56.361  INFO     RX        /ERR/LOKO/0x00000002
15:54:56.394  INFO     RX        /ERR/LOKO/0x00000002
15:54:56.394  INFO     RX        /ERR/LOKO/0x00000002
15:54:56.394  INFO     RX        /ERR/LOKO/0x00000002
15:54:56.424  INFO     RX        /ERR/LOKO/0x00000002
15:54:56.424  INFO     RX        /ERR/LOKO/0x00000002
15:54:56.424  INFO     RX        /ERR/LOKO/0x00000002
15:54:56.456  INFO     RX        /ERR/LOKO/0x00000002
15:54:56.456  INFO     RX        /ERR/LOKO/0x00000002
15:54:56.491  INFO     RX        /ERR/LOKO/0x00000002
15:54:56.491  INFO     RX        /ERR/LOKO/0x00000002
15:54:56.491  INFO     RX        /ERR/LOKO/0x00000002
15:54:56.520  INFO     RX        /ERR/LOKO/0x00000002
15:54:56.520  INFO     RX        /ERR/LOKO/0x00000002
15:54:56.520  INFO     RX        /ERR/LOKO/0x00000002
15:54:56.555  INFO     RX        /ERR/LOKO/0x00000002
15:54:56.555  INFO     RX        /ERR/LOKO/0x00000002
15:54:56.555  INFO     RX        /ERR/LOKO/0x00000002
15:54:56.646  INFO     RX        /ERR/LOKO/0x00000002
15:54:56.646  INFO     RX        /ERR/LOKO/0x00000002
15:54:56.646  INFO     RX        /ERR/LOKO/0x00000002
15:54:56.646  INFO     RX        /ERR/LOKO/0x00000002
15:54:56.646  INFO     RX        /ERR/LOKO/0x00000002
15:54:56.646  INFO     RX        /ERR/LOKO/0x00000002
15:54:56.646  INFO     RX        /ERR/LOKO/0x00000002
15:54:56.646  INFO     RX        /ERR/LOKO/0x00000002
15:54:56.659  INFO     RX        /ERR/LOKO/0x00000002
15:54:56.666  INFO     RX        /ERR/LOKO/0x00000002
15:54:56.680  INFO     RX        /ERR/LOKO/0x00000002
15:54:56.715  INFO     RX        /ERR/LOKO/0x00000002
15:54:56.715  INFO     RX        /ERR/LOKO/0x00000002
15:54:56.715  INFO     RX        /ERR/LOKO/0x00000002
15:54:56.744  INFO     RX        /ERR/LOKO/0x00000002
15:54:56.744  INFO     RX        /ERR/LOKO/0x00000002
15:54:56.779  INFO     RX        /ERR/LOKO/0x00000002
15:54:56.779  INFO     RX        /ERR/LOKO/0x00000002
15:54:56.779  INFO     RX        /ERR/LOKO/0x00000002
15:54:56.808  INFO     RX        /ERR/LOKO/0x00000002
15:54:56.809  INFO     RX        /ERR/LOKO/0x00000002
15:54:56.809  INFO     RX        /ERR/LOKO/0x00000002
15:54:56.843  INFO     RX        /ERR/LOKO/0x00000002
15:54:56.843  INFO     RX        /ERR/LOKO/0x00000002
15:54:56.843  INFO     RX        /ERR/LOKO/0x00000002
15:54:56.873  INFO     RX        /ERR/LOKO/0x00000002
15:54:56.873  INFO     RX        /ERR/LOKO/0x00000002
15:54:56.905  INFO     RX        /ERR/LOKO/0x00000002
15:54:56.905  INFO     RX        /ERR/LOKO/0x00000002
15:54:56.905  INFO     RX        /ERR/LOKO/0x00000002
15:54:56.940  INFO     RX        /ERR/LOKO/0x00000002
15:54:56.940  INFO     RX        /ERR/LOKO/0x00000002
15:54:56.940  INFO     RX        /ERR/LOKO/0x00000002
15:54:56.970  INFO     RX        /ERR/LOKO/0x00000002
15:54:56.971  INFO     RX        /ERR/LOKO/0x00000002
15:54:56.971  INFO     RX        /ERR/LOKO/0x00000002
15:54:57.004  INFO     RX        /ERR/LOKO/0x00000002
15:54:57.004  INFO     RX        /ERR/LOKO/0x00000002
15:54:57.004  INFO     RX        /ERR/LOKO/0x00000002
15:54:57.033  INFO     RX        /ERR/LOKO/0x00000002
15:54:57.033  INFO     RX        /ERR/LOKO/0x00000002
15:54:57.065  INFO     RX        /ERR/LOKO/0x00000002
15:54:57.065  INFO     RX        /ERR/LOKO/0x00000002
15:54:57.065  INFO     RX        /ERR/LOKO/0x00000002
15:54:57.093  DEBUG    TX /CONTROLL/0,0,0,0,0,0,0,0,16
15:54:57.100  INFO     RX        /ERR/LOKO/0x00000002
15:54:57.100  INFO     RX        /ERR/LOKO/0x00000002
15:54:57.100  INFO     RX        /ERR/LOKO/0x00000002
15:54:57.129  INFO     RX        /ERR/LOKO/0x00000002
15:54:57.129  INFO     RX        /ERR/LOKO/0x00000002
15:54:57.129  INFO     RX        /ERR/LOKO/0x00000002
15:54:57.163  INFO     RX        /ERR/LOKO/0x00000002
15:54:57.163  INFO     RX        /ERR/LOKO/0x00000002
15:54:57.163  INFO     RX        /ERR/LOKO/0x00000002
15:54:57.193  INFO     RX        /ERR/LOKO/0x00000002
15:54:57.193  INFO     RX        /ERR/LOKO/0x00000002
15:54:57.228  INFO     RX        /ERR/LOKO/0x00000002
15:54:57.228  INFO     RX        /ERR/LOKO/0x00000002
15:54:57.228  INFO     RX        /ERR/LOKO/0x00000002
15:54:57.256  INFO     RX        /ERR/LOKO/0x00000002
15:54:57.257  INFO     RX        /ERR/LOKO/0x00000002
15:54:57.257  INFO     RX        /ERR/LOKO/0x00000002
15:54:57.292  INFO     RX        /ERR/LOKO/0x00000002
15:54:57.292  INFO     RX        /ERR/LOKO/0x00000002
15:54:57.292  INFO     RX        /ERR/LOKO/0x00000002
15:54:57.321  INFO     RX        /ERR/LOKO/0x00000002
15:54:57.321  INFO     RX        /ERR/LOKO/0x00000002
15:54:57.356  INFO     RX        /ERR/LOKO/0x00000002
15:54:57.356  INFO     RX        /ERR/LOKO/0x00000002
15:54:57.357  INFO     RX        /ERR/LOKO/0x00000002
15:54:57.384  INFO     RX        /ERR/LOKO/0x00000002
15:54:57.384  INFO     RX        /ERR/LOKO/0x00000002
15:54:57.384  INFO     RX        /ERR/LOKO/0x00000002
15:54:57.419  INFO     RX        /ERR/LOKO/0x00000002
15:54:57.419  INFO     RX        /ERR/LOKO/0x00000002
15:54:57.420  INFO     RX        /ERR/LOKO/0x00000002
15:54:57.449  INFO     RX        /ERR/LOKO/0x00000002
15:54:57.449  INFO     RX        /ERR/LOKO/0x00000002
15:54:57.480  INFO     RX        /ERR/LOKO/0x00000002
15:54:57.480  INFO     RX        /ERR/LOKO/0x00000002
15:54:57.480  INFO     RX        /ERR/LOKO/0x00000002
15:54:57.515  INFO     RX        /ERR/LOKO/0x00000002
15:54:57.515  INFO     RX        /ERR/LOKO/0x00000002
15:54:57.515  INFO     RX        /ERR/LOKO/0x00000002
15:54:57.544  INFO     RX        /ERR/LOKO/0x00000002
15:54:57.544  INFO     RX        /ERR/LOKO/0x00000002
15:54:57.544  INFO     RX        /ERR/LOKO/0x00000002
15:54:57.579  INFO     RX        /ERR/LOKO/0x00000002
15:54:57.579  INFO     RX        /ERR/LOKO/0x00000002
15:54:57.579  INFO     RX        /ERR/LOKO/0x00000002
15:54:57.609  INFO     RX        /ERR/LOKO/0x00000002
15:54:57.609  INFO     RX        /ERR/LOKO/0x00000002
15:54:57.640  INFO     RX        /ERR/LOKO/0x00000002
15:54:57.641  INFO     RX        /ERR/LOKO/0x00000002
15:54:57.641  INFO     RX        /ERR/LOKO/0x00000002
15:54:57.676  INFO     RX        /ERR/LOKO/0x00000002
15:54:57.676  INFO     RX        /ERR/LOKO/0x00000002
15:54:57.676  INFO     RX        /ERR/LOKO/0x00000002
15:54:57.704  INFO     RX        /ERR/LOKO/0x00000002
15:54:57.704  INFO     RX        /ERR/LOKO/0x00000002
15:54:57.739  INFO     RX        /ERR/LOKO/0x00000002
15:54:57.739  INFO     RX        /ERR/LOKO/0x00000002
15:54:57.739  INFO     RX        /ERR/LOKO/0x00000002
15:54:57.769  INFO     RX        /ERR/LOKO/0x00000002
15:54:57.769  INFO     RX        /ERR/LOKO/0x00000002
15:54:57.769  INFO     RX        /ERR/LOKO/0x00000002
15:54:57.804  INFO     RX        /ERR/LOKO/0x00000002
15:54:57.804  INFO     RX        /ERR/LOKO/0x00000002
15:54:57.804  INFO     RX        /ERR/LOKO/0x00000002
15:54:57.833  INFO     RX        /ERR/LOKO/0x00000002
15:54:57.833  INFO     RX        /ERR/LOKO/0x00000002
15:54:57.833  INFO     RX        /ERR/LOKO/0x00000002
15:54:57.865  INFO     RX        /ERR/LOKO/0x00000002
15:54:57.865  INFO     RX        /ERR/LOKO/0x00000002
15:54:57.900  INFO     RX        /ERR/LOKO/0x00000002
15:54:57.900  INFO     RX        /ERR/LOKO/0x00000002
15:54:57.900  INFO     RX        /ERR/LOKO/0x00000002
15:54:57.929  INFO     RX        /ERR/LOKO/0x00000002
15:54:57.929  INFO     RX        /ERR/LOKO/0x00000002
15:54:57.929  INFO     RX        /ERR/LOKO/0x00000002
15:54:57.965  INFO     RX        /ERR/LOKO/0x00000002
15:54:57.965  INFO     RX        /ERR/LOKO/0x00000002
15:54:57.965  INFO     RX        /ERR/LOKO/0x00000002
15:54:57.994  INFO     RX        /ERR/LOKO/0x00000002
15:54:57.994  INFO     RX        /ERR/LOKO/0x00000002
15:54:57.994  INFO     RX        /ERR/LOKO/0x00000002
15:54:58.030  INFO     RX        /ERR/LOKO/0x00000002
15:54:58.030  INFO     RX        /ERR/LOKO/0x00000002
15:54:58.030  INFO     RX        /ERR/LOKO/0x00000002
15:54:58.058  INFO     RX        /ERR/LOKO/0x00000002
15:54:58.058  INFO     RX        /ERR/LOKO/0x00000002
15:54:58.090  INFO     RX        /ERR/LOKO/0x00000002
15:54:58.090  INFO     RX        /ERR/LOKO/0x00000002
15:54:58.090  INFO     RX        /ERR/LOKO/0x00000002
15:54:58.125  INFO     RX        /ERR/LOKO/0x00000002
15:54:58.125  INFO     RX        /ERR/LOKO/0x00000002
15:54:58.125  INFO     RX        /ERR/LOKO/0x00000002
15:54:58.155  INFO     RX        /ERR/LOKO/0x00000002
15:54:58.155  INFO     RX        /ERR/LOKO/0x00000002
15:54:58.189  INFO     RX        /ERR/LOKO/0x00000002
15:54:58.189  INFO     RX        /ERR/LOKO/0x00000002
15:54:58.189  INFO     RX        /ERR/LOKO/0x00000002
15:54:58.218  INFO     RX        /ERR/LOKO/0x00000002
15:54:58.218  INFO     RX        /ERR/LOKO/0x00000002
15:54:58.218  INFO     RX        /ERR/LOKO/0x00000002
15:54:58.250  INFO     RX        /ERR/LOKO/0x00000002
15:54:58.250  INFO     RX        /ERR/LOKO/0x00000002
15:54:58.250  INFO     RX        /ERR/LOKO/0x00000002
15:54:58.286  INFO     RX        /ERR/LOKO/0x00000002
15:54:58.286  INFO     RX        /ERR/LOKO/0x00000002
15:54:58.286  INFO     RX        /ERR/LOKO/0x00000002
15:54:58.314  INFO     RX        /ERR/LOKO/0x00000002
15:54:58.314  INFO     RX        /ERR/LOKO/0x00000002
15:54:58.350  INFO     RX        /ERR/LOKO/0x00000002
15:54:58.350  INFO     RX        /ERR/LOKO/0x00000002
15:54:58.350  INFO     RX        /ERR/LOKO/0x00000002
15:54:58.378  INFO     RX        /ERR/LOKO/0x00000002
15:54:58.378  INFO     RX        /ERR/LOKO/0x00000002
15:54:58.378  INFO     RX        /ERR/LOKO/0x00000002
15:54:58.410  INFO     RX        /ERR/LOKO/0x00000002
15:54:58.410  INFO     RX        /ERR/LOKO/0x00000002
15:54:58.410  INFO     RX        /ERR/LOKO/0x00000002
15:54:58.442  INFO     RX        /ERR/LOKO/0x00000002
15:54:58.442  INFO     RX        /ERR/LOKO/0x00000002
15:54:58.478  INFO     RX        /ERR/LOKO/0x00000002
15:54:58.478  INFO     RX        /ERR/LOKO/0x00000002
15:54:58.478  INFO     RX        /ERR/LOKO/0x00000002
15:54:58.511  INFO     RX        /ERR/LOKO/0x00000002
15:54:58.511  INFO     RX        /ERR/LOKO/0x00000002
15:54:58.511  INFO     RX        /ERR/LOKO/0x00000002
15:54:58.541  INFO     RX        /ERR/LOKO/0x00000002
15:54:58.541  INFO     RX        /ERR/LOKO/0x00000002
15:54:58.541  INFO     RX        /ERR/LOKO/0x00000002
15:54:58.572  INFO     RX        /ERR/LOKO/0x00000002
15:54:58.572  INFO     RX        /ERR/LOKO/0x00000002
15:54:58.572  INFO     RX        /ERR/LOKO/0x00000002
15:54:58.608  INFO     RX        /ERR/LOKO/0x00000002
15:54:58.608  INFO     RX        /ERR/LOKO/0x00000002
15:54:58.608  INFO     RX        /ERR/LOKO/0x00000002
15:54:58.637  INFO     RX        /ERR/LOKO/0x00000002
15:54:58.637  INFO     RX        /ERR/LOKO/0x00000002
15:54:58.670  INFO     RX        /ERR/LOKO/0x00000002
15:54:58.671  INFO     RX        /ERR/LOKO/0x00000002
15:54:58.671  INFO     RX        /ERR/LOKO/0x00000002
15:54:58.698  DEBUG    TX /CONTROLL/0,0,0,0,0,0,0,0,0
15:54:58.705  INFO     RX        /ERR/LOKO/0x00000002
15:54:58.705  INFO     RX        /ERR/LOKO/0x00000002
15:54:58.705  INFO     RX        /ERR/LOKO/0x00000002
15:54:58.734  INFO     RX        /ERR/LOKO/0x00000002
15:54:58.734  INFO     RX        /ERR/LOKO/0x00000002
15:54:58.734  INFO     RX        /ERR/LOKO/0x00000002
15:54:58.770  INFO     RX        /ERR/LOKO/0x00000002
15:54:58.770  INFO     RX        /ERR/LOKO/0x00000002
15:54:58.770  INFO     RX        /ERR/LOKO/0x00000002
15:54:58.804  INFO     RX        /ERR/LOKO/0x00000002
15:54:58.804  INFO     RX        /ERR/LOKO/0x00000002
15:54:58.804  INFO     RX        /ERR/LOKO/0x00000002
15:54:58.833  INFO     RX        /ERR/LOKO/0x00000002
15:54:58.833  INFO     RX        /ERR/LOKO/0x00000002
15:54:58.865  INFO     RX        /ERR/LOKO/0x00000002
15:54:58.865  INFO     RX        /ERR/LOKO/0x00000002
15:54:58.865  INFO     RX        /ERR/LOKO/0x00000002
15:54:58.898  INFO     RX        /ERR/LOKO/0x00000002
15:54:58.899  INFO     RX        /ERR/LOKO/0x00000002
15:54:58.899  INFO     RX        /ERR/LOKO/0x00000002
15:54:58.932  INFO     RX        /ERR/LOKO/0x00000002
15:54:58.932  INFO     RX        /ERR/LOKO/0x00000002
15:54:58.932  INFO     RX        /ERR/LOKO/0x00000002
15:54:58.961  INFO     RX        /ERR/LOKO/0x00000002
15:54:58.961  INFO     RX        /ERR/LOKO/0x00000002
15:54:58.995  INFO     RX        /ERR/LOKO/0x00000002
15:54:58.996  INFO     RX        /ERR/LOKO/0x00000002
15:54:58.996  INFO     RX        /ERR/LOKO/0x00000002
15:54:59.026  INFO     RX        /ERR/LOKO/0x00000002
15:54:59.026  INFO     RX        /ERR/LOKO/0x00000002
15:54:59.026  INFO     RX        /ERR/LOKO/0x00000002
15:54:59.062  INFO     RX        /ERR/LOKO/0x00000002
15:54:59.062  INFO     RX        /ERR/LOKO/0x00000002
15:54:59.062  INFO     RX        /ERR/LOKO/0x00000002
15:54:59.094  INFO     RX        /ERR/LOKO/0x00000002
15:54:59.094  INFO     RX        /ERR/LOKO/0x00000002
15:54:59.094  INFO     RX        /ERR/LOKO/0x00000002
15:54:59.128  INFO     RX        /ERR/LOKO/0x00000002
15:54:59.128  INFO     RX        /ERR/LOKO/0x00000002
15:54:59.128  INFO     RX        /ERR/LOKO/0x00000002
15:54:59.222  INFO     RX        /ERR/LOKO/0x00000002
15:54:59.222  INFO     RX        /ERR/LOKO/0x00000002
15:54:59.222  INFO     RX        /ERR/LOKO/0x00000002
15:54:59.222  INFO     RX        /ERR/LOKO/0x00000002
15:54:59.222  INFO     RX        /ERR/LOKO/0x00000002
15:54:59.222  INFO     RX        /ERR/LOKO/0x00000002
15:54:59.222  INFO     RX        /ERR/LOKO/0x00000002
15:54:59.222  INFO     RX        /ERR/LOKO/0x00000002
15:54:59.251  INFO     RX        /ERR/LOKO/0x00000002
15:54:59.251  INFO     RX        /ERR/LOKO/0x00000002
15:54:59.254  INFO     RX        /ERR/LOKO/0x00000002
15:54:59.287  INFO     RX        /ERR/LOKO/0x00000002
15:54:59.287  INFO     RX        /ERR/LOKO/0x00000002
15:54:59.317  INFO     RX        /ERR/LOKO/0x00000002
15:54:59.317  INFO     RX        /ERR/LOKO/0x00000002
15:54:59.317  INFO     RX        /ERR/LOKO/0x00000002
15:54:59.351  INFO     RX        /ERR/LOKO/0x00000002
15:54:59.351  INFO     RX        /ERR/LOKO/0x00000002
15:54:59.351  INFO     RX        /ERR/LOKO/0x00000002
15:54:59.380  INFO     RX        /ERR/LOKO/0x00000002
15:54:59.544  INFO     RX        /ERR/LOKO/0x00000002
15:54:59.544  INFO     RX        /ERR/LOKO/0x00000002
15:54:59.574  INFO     RX        /ERR/LOKO/0x00000002
15:54:59.574  INFO     RX        /ERR/LOKO/0x00000002
15:54:59.608  INFO     RX        /ERR/LOKO/0x00000002
15:54:59.608  INFO     RX        /ERR/LOKO/0x00000002
15:54:59.608  INFO     RX        /ERR/LOKO/0x00000002
15:54:59.637  INFO     RX        /ERR/LOKO/0x00000002
15:54:59.637  INFO     RX        /ERR/LOKO/0x00000002
15:54:59.637  INFO     RX        /ERR/LOKO/0x00000002
15:54:59.669  INFO     RX        /ERR/LOKO/0x00000002
15:54:59.669  INFO     RX        /ERR/LOKO/0x00000002
15:54:59.669  INFO     RX        /ERR/LOKO/0x00000002
15:54:59.704  INFO     RX        /ERR/LOKO/0x00000002
15:54:59.705  INFO     RX        /ERR/LOKO/0x00000002
15:54:59.705  INFO     RX        /ERR/LOKO/0x00000002
15:54:59.733  INFO     RX        /ERR/LOKO/0x00000002
15:54:59.733  INFO     RX        /ERR/LOKO/0x00000002
15:54:59.766  INFO     RX        /ERR/LOKO/0x00000002
15:54:59.766  INFO     RX        /ERR/LOKO/0x00000002
15:54:59.766  INFO     RX        /ERR/LOKO/0x00000002
15:54:59.798  INFO     RX        /ERR/LOKO/0x00000002
15:54:59.798  INFO     RX        /ERR/LOKO/0x00000002
15:54:59.798  INFO     RX        /ERR/LOKO/0x00000002
15:54:59.833  INFO     RX        /ERR/LOKO/0x00000002
15:54:59.834  INFO     RX        /ERR/LOKO/0x00000002
15:54:59.834  INFO     RX        /ERR/LOKO/0x00000002
15:54:59.862  INFO     RX        /ERR/LOKO/0x00000002
15:54:59.862  INFO     RX        /ERR/LOKO/0x00000002
15:54:59.898  INFO     RX        /ERR/LOKO/0x00000002
15:54:59.898  INFO     RX        /ERR/LOKO/0x00000002
15:54:59.898  INFO     RX        /ERR/LOKO/0x00000002
15:54:59.898  INFO     RX        /ERR/LOKO/0x00000002
15:54:59.926  INFO     RX        /ERR/LOKO/0x00000002
15:54:59.926  INFO     RX        /ERR/LOKO/0x00000002
15:54:59.961  INFO     RX        /ERR/LOKO/0x00000002
15:55:00.310  DEBUG    TX /CONTROLL/0,0,0,0,0,0,0,0,0
15:55:00.349  INFO     RX        /ERR/LOKO/0x00000002
15:55:00.349  INFO     RX        /ERR/LOKO/0x00000002
15:55:00.378  INFO     RX        /ERR/LOKO/0x00000002
15:55:00.378  INFO     RX        /ERR/LOKO/0x00000002
15:55:00.378  INFO     RX        /ERR/LOKO/0x00000002
15:55:00.414  INFO     RX        /ERR/LOKO/0x00000002
15:55:00.414  INFO     RX        /ERR/LOKO/0x00000002
15:55:00.414  INFO     RX        /ERR/LOKO/0x00000002
15:55:00.442  INFO     RX        /ERR/LOKO/0x00000002
15:55:00.442  INFO     RX        /ERR/LOKO/0x00000002
15:55:00.479  INFO     RX        /ERR/LOKO/0x00000002
15:55:00.479  INFO     RX        /ERR/LOKO/0x00000002
15:55:00.479  INFO     RX        /ERR/LOKO/0x00000002
15:55:00.506  INFO     RX        /ERR/LOKO/0x00000002
15:55:00.507  INFO     RX        /ERR/LOKO/0x00000002
15:55:00.507  INFO     RX        /ERR/LOKO/0x00000002
15:55:00.541  INFO     RX        /ERR/LOKO/0x00000002
15:55:00.541  INFO     RX        /ERR/LOKO/0x00000002
15:55:00.541  INFO     RX        /ERR/LOKO/0x00000002
15:55:00.569  INFO     RX        /ERR/LOKO/0x00000002
15:55:00.570  INFO     RX        /ERR/LOKO/0x00000002
15:55:00.607  INFO     RX        /ERR/LOKO/0x00000002
15:55:00.607  INFO     RX        /ERR/LOKO/0x00000002
15:55:00.607  INFO     RX        /ERR/LOKO/0x00000002
15:55:00.634  INFO     RX        /ERR/LOKO/0x00000002
15:55:00.634  INFO     RX        /ERR/LOKO/0x00000002
15:55:00.634  INFO     RX        /ERR/LOKO/0x00000002
15:55:00.666  INFO     RX        /ERR/LOKO/0x00000002
15:55:01.026  INFO     RX        /ERR/LOKO/0x00000002
15:55:01.026  INFO     RX        /ERR/LOKO/0x00000002
15:55:01.056  INFO     RX        /ERR/LOKO/0x00000002
15:55:01.056  INFO     RX        /ERR/LOKO/0x00000002
15:55:01.056  INFO     RX        /ERR/LOKO/0x00000002
15:55:01.091  INFO     RX        /ERR/LOKO/0x00000002
15:55:01.091  INFO     RX        /ERR/LOKO/0x00000002
15:55:01.091  INFO     RX        /ERR/LOKO/0x00000002
15:55:01.121  INFO     RX        /ERR/LOKO/0x00000002
15:55:01.121  INFO     RX        /ERR/LOKO/0x00000002
15:55:01.156  INFO     RX        /ERR/LOKO/0x00000002
15:55:01.156  INFO     RX        /ERR/LOKO/0x00000002
15:55:01.156  INFO     RX        /ERR/LOKO/0x00000002
15:55:01.186  INFO     RX        /ERR/LOKO/0x00000002
15:55:01.186  INFO     RX        /ERR/LOKO/0x00000002
15:55:01.186  INFO     RX        /ERR/LOKO/0x00000002
15:55:01.220  INFO     RX        /ERR/LOKO/0x00000002
15:55:01.220  INFO     RX        /ERR/LOKO/0x00000002
15:55:01.220  INFO     RX        /ERR/LOKO/0x00000002
15:55:01.249  INFO     RX        /ERR/LOKO/0x00000002
15:55:01.249  INFO     RX        /ERR/LOKO/0x00000002
15:55:01.285  INFO     RX        /ERR/LOKO/0x00000002
15:55:01.285  INFO     RX        /ERR/LOKO/0x00000002
15:55:01.924  DEBUG    TX /CONTROLL/0,0,0,0,0,0,0,0,0
15:55:02.313  INFO     RX        /ERR/LOKO/0x00000002
15:55:02.349  INFO     RX        /ERR/LOKO/0x00000002
15:55:02.349  INFO     RX        /ERR/LOKO/0x00000002
15:55:02.349  INFO     RX        /ERR/LOKO/0x00000002
15:55:02.378  INFO     RX        /ERR/LOKO/0x00000002
15:55:02.378  INFO     RX        /ERR/LOKO/0x00000002
15:55:02.378  INFO     RX        /ERR/LOKO/0x00000002
15:55:02.413  INFO     RX        /ERR/LOKO/0x00000002
15:55:02.413  INFO     RX        /ERR/LOKO/0x00000002
15:55:02.413  INFO     RX        /ERR/LOKO/0x00000002
15:55:02.444  INFO     RX        /ERR/LOKO/0x00000002
15:55:02.444  INFO     RX        /ERR/LOKO/0x00000002
15:55:02.474  INFO     RX        /ERR/LOKO/0x00000002
15:55:02.474  INFO     RX        /ERR/LOKO/0x00000002
15:55:02.474  INFO     RX        /ERR/LOKO/0x00000002
15:55:02.509  INFO     RX        /ERR/LOKO/0x00000002
15:55:02.509  INFO     RX        /ERR/LOKO/0x00000002
15:55:02.509  INFO     RX        /ERR/LOKO/0x00000002
15:55:02.538  INFO     RX        /ERR/LOKO/0x00000002
15:55:02.538  INFO     RX        /ERR/LOKO/0x00000002
15:55:02.576  INFO     RX        /ERR/LOKO/0x00000002
15:55:02.576  INFO     RX        /ERR/LOKO/0x00000002
15:55:02.576  INFO     RX        /ERR/LOKO/0x00000002
15:55:02.605  INFO     RX        /ERR/LOKO/0x00000002
15:55:02.605  INFO     RX        /ERR/LOKO/0x00000002
15:55:02.605  INFO     RX        /ERR/LOKO/0x00000002
15:55:02.640  INFO     RX        /ERR/LOKO/0x00000002
15:55:02.640  INFO     RX        /ERR/LOKO/0x00000002
15:55:02.640  INFO     RX        /ERR/LOKO/0x00000002
15:55:02.668  INFO     RX        /ERR/LOKO/0x00000002
15:55:02.668  INFO     RX        /ERR/LOKO/0x00000002
15:55:02.703  INFO     RX        /ERR/LOKO/0x00000002
15:55:02.703  INFO     RX        /ERR/LOKO/0x00000002
15:55:02.704  INFO     RX        /ERR/LOKO/0x00000002
15:55:02.733  INFO     RX        /ERR/LOKO/0x00000002
15:55:02.733  INFO     RX        /ERR/LOKO/0x00000002
15:55:02.733  INFO     RX        /ERR/LOKO/0x00000002
15:55:02.766  INFO     RX        /ERR/LOKO/0x00000002
15:55:02.766  INFO     RX        /ERR/LOKO/0x00000002
15:55:02.766  INFO     RX        /ERR/LOKO/0x00000002
15:55:02.803  INFO     RX        /ERR/LOKO/0x00000002
15:55:02.803  INFO     RX        /ERR/LOKO/0x00000002
15:55:02.803  INFO     RX        /ERR/LOKO/0x00000002
15:55:02.829  INFO     RX        /ERR/LOKO/0x00000002
15:55:02.830  INFO     RX        /ERR/LOKO/0x00000002
15:55:02.864  INFO     RX        /ERR/LOKO/0x00000002
15:55:02.865  INFO     RX        /ERR/LOKO/0x00000002
15:55:02.865  INFO     RX        /ERR/LOKO/0x00000002
15:55:02.893  INFO     RX        /ERR/LOKO/0x00000002
15:55:02.893  INFO     RX        /ERR/LOKO/0x00000002
15:55:02.928  INFO     RX        /ERR/LOKO/0x00000002
15:55:02.929  INFO     RX        /ERR/LOKO/0x00000002
15:55:02.929  INFO     RX        /ERR/LOKO/0x00000002
15:55:02.959  INFO     RX        /ERR/LOKO/0x00000002
15:55:02.959  INFO     RX        /ERR/LOKO/0x00000002
15:55:02.959  INFO     RX        /ERR/LOKO/0x00000002
15:55:02.997  INFO     RX        /ERR/LOKO/0x00000002
15:55:02.997  INFO     RX        /ERR/LOKO/0x00000002
15:55:02.997  INFO     RX        /ERR/LOKO/0x00000002
15:55:03.023  INFO     RX        /ERR/LOKO/0x00000002
15:55:03.023  INFO     RX        /ERR/LOKO/0x00000002
15:55:03.055  INFO     RX        /ERR/LOKO/0x00000002
15:55:03.055  INFO     RX        /ERR/LOKO/0x00000002
15:55:03.055  INFO     RX        /ERR/LOKO/0x00000002
15:55:03.086  INFO     RX        /ERR/LOKO/0x00000002
15:55:03.086  INFO     RX        /ERR/LOKO/0x00000002
15:55:03.086  INFO     RX        /ERR/LOKO/0x00000002
15:55:03.122  INFO     RX        /ERR/LOKO/0x00000002
15:55:03.123  INFO     RX        /ERR/LOKO/0x00000002
15:55:03.123  INFO     RX        /ERR/LOKO/0x00000002
15:55:03.150  INFO     RX        /ERR/LOKO/0x00000002
15:55:03.150  INFO     RX        /ERR/LOKO/0x00000002
15:55:03.186  INFO     RX        /ERR/LOKO/0x00000002
15:55:03.186  INFO     RX        /ERR/LOKO/0x00000002
15:55:03.186  INFO     RX        /ERR/LOKO/0x00000002
15:55:03.215  INFO     RX        /ERR/LOKO/0x00000002
15:55:03.215  INFO     RX        /ERR/LOKO/0x00000002
15:55:03.215  INFO     RX        /ERR/LOKO/0x00000002
15:55:03.249  INFO     RX        /ERR/LOKO/0x00000002
15:55:03.249  INFO     RX        /ERR/LOKO/0x00000002
15:55:03.249  INFO     RX        /ERR/LOKO/0x00000002
15:55:03.282  INFO     RX        /ERR/LOKO/0x00000002
15:55:03.282  INFO     RX        /ERR/LOKO/0x00000002
15:55:03.310  INFO     RX        /ERR/LOKO/0x00000002
15:55:03.310  INFO     RX        /ERR/LOKO/0x00000002
15:55:03.310  INFO     RX        /ERR/LOKO/0x00000002
15:55:03.346  INFO     RX        /ERR/LOKO/0x00000002
15:55:03.346  INFO     RX        /ERR/LOKO/0x00000002
15:55:03.346  INFO     RX        /ERR/LOKO/0x00000002
15:55:03.375  INFO     RX        /ERR/LOKO/0x00000002
15:55:03.375  INFO     RX        /ERR/LOKO/0x00000002
15:55:03.410  INFO     RX        /ERR/LOKO/0x00000002
15:55:03.410  INFO     RX        /ERR/LOKO/0x00000002
15:55:03.410  INFO     RX        /ERR/LOKO/0x00000002
15:55:03.439  INFO     RX        /ERR/LOKO/0x00000002
15:55:03.439  INFO     RX        /ERR/LOKO/0x00000002
15:55:03.439  INFO     RX        /ERR/LOKO/0x00000002
15:55:03.473  INFO     RX        /ERR/LOKO/0x00000002
15:55:03.473  INFO     RX        /ERR/LOKO/0x00000002
15:55:03.473  INFO     RX        /ERR/LOKO/0x00000002
15:55:03.502  INFO     RX        /ERR/LOKO/0x00000002
15:55:03.502  INFO     RX        /ERR/LOKO/0x00000002
15:55:03.531  DEBUG    TX /CONTROLL/0,0,0,-35,0,0,0,0,0
15:55:03.535  INFO     RX        /ERR/LOKO/0x00000002
15:55:03.535  INFO     RX        /ERR/LOKO/0x00000002
15:55:03.535  INFO     RX        /ERR/LOKO/0x00000002
15:55:03.569  INFO     RX        /ERR/LOKO/0x00000002
15:55:03.569  INFO     RX        /ERR/LOKO/0x00000002
15:55:03.569  INFO     RX        /ERR/LOKO/0x00000002
15:55:03.598  INFO     RX        /ERR/LOKO/0x00000002
15:55:03.598  INFO     RX        /ERR/LOKO/0x00000002
15:55:03.630  INFO     RX        /ERR/LOKO/0x00000002
15:55:03.631  INFO     RX        /ERR/LOKO/0x00000002
15:55:03.631  INFO     RX        /ERR/LOKO/0x00000002
15:55:03.666  INFO     RX        /ERR/LOKO/0x00000002
15:55:03.666  INFO     RX        /ERR/LOKO/0x00000002
15:55:03.666  INFO     RX        /ERR/LOKO/0x00000002
15:55:03.699  INFO     RX        /ERR/LOKO/0x00000002
15:55:03.699  INFO     RX        /ERR/LOKO/0x00000002
15:55:03.699  INFO     RX        /ERR/LOKO/0x00000002
15:55:03.728  INFO     RX        /ERR/LOKO/0x00000002
15:55:03.729  INFO     RX        /ERR/LOKO/0x00000002
15:55:03.764  INFO     RX        /ERR/LOKO/0x00000002
15:55:03.764  INFO     RX        /ERR/LOKO/0x00000002
15:55:03.764  INFO     RX        /ERR/LOKO/0x00000002
15:55:03.794  INFO     RX        /ERR/LOKO/0x00000002
15:55:03.794  INFO     RX        /ERR/LOKO/0x00000002
15:55:03.794  INFO     RX        /ERR/LOKO/0x00000002
15:55:03.828  INFO     RX        /ERR/LOKO/0x00000002
15:55:03.828  INFO     RX        /ERR/LOKO/0x00000002
15:55:03.828  INFO     RX        /ERR/LOKO/0x00000002
15:55:03.858  INFO     RX        /ERR/LOKO/0x00000002
15:55:03.859  INFO     RX        /ERR/LOKO/0x00000002
15:55:03.889  INFO     RX        /ERR/LOKO/0x00000002
15:55:03.889  INFO     RX        /ERR/LOKO/0x00000002
15:55:03.889  INFO     RX        /ERR/LOKO/0x00000002
15:55:03.924  INFO     RX        /ERR/LOKO/0x00000002
15:55:03.924  INFO     RX        /ERR/LOKO/0x00000002
15:55:03.924  INFO     RX        /ERR/LOKO/0x00000002
15:55:03.954  INFO     RX        /ERR/LOKO/0x00000002
15:55:03.954  INFO     RX        /ERR/LOKO/0x00000002
15:55:03.954  INFO     RX        /ERR/LOKO/0x00000002
15:55:03.985  INFO     RX        /ERR/LOKO/0x00000002
15:55:03.985  INFO     RX        /ERR/LOKO/0x00000002
15:55:04.019  INFO     RX        /ERR/LOKO/0x00000002
15:55:04.019  INFO     RX        /ERR/LOKO/0x00000002
15:55:04.020  INFO     RX        /ERR/LOKO/0x00000002
15:55:04.048  INFO     RX        /ERR/LOKO/0x00000002
15:55:04.048  INFO     RX        /ERR/LOKO/0x00000002
15:55:04.048  INFO     RX        /ERR/LOKO/0x00000002
15:55:04.083  INFO     RX        /ERR/LOKO/0x00000002
15:55:04.083  INFO     RX        /ERR/LOKO/0x00000002
15:55:04.083  INFO     RX        /ERR/LOKO/0x00000002
15:55:04.112  INFO     RX        /ERR/LOKO/0x00000002
15:55:04.112  INFO     RX        /ERR/LOKO/0x00000002
15:55:04.144  INFO     RX        /ERR/LOKO/0x00000002
15:55:04.144  INFO     RX        /ERR/LOKO/0x00000002
15:55:04.145  INFO     RX        /ERR/LOKO/0x00000002
15:55:04.182  INFO     RX        /ERR/LOKO/0x00000002
15:55:04.182  INFO     RX        /ERR/LOKO/0x00000002
15:55:04.182  INFO     RX        /ERR/LOKO/0x00000002
15:55:04.216  INFO     RX        /ERR/LOKO/0x00000002
15:55:04.216  INFO     RX        /ERR/LOKO/0x00000002
15:55:04.216  INFO     RX        /ERR/LOKO/0x00000002
15:55:04.243  INFO     RX        /ERR/LOKO/0x00000002
15:55:04.243  INFO     RX        /ERR/LOKO/0x00000002
15:55:04.275  INFO     RX        /ERR/LOKO/0x00000002
15:55:04.275  INFO     RX        /ERR/LOKO/0x00000002
15:55:04.276  INFO     RX        /ERR/LOKO/0x00000002
15:55:04.319  INFO     RX        /ERR/LOKO/0x00000002
15:55:04.319  INFO     RX        /ERR/LOKO/0x00000002
15:55:04.319  INFO     RX        /ERR/LOKO/0x00000002
15:55:04.319  INFO     RX        /ERR/LOKO/0x00000002
15:55:04.414  INFO     RX        /ERR/LOKO/0x00000002
15:55:04.414  INFO     RX        /ERR/LOKO/0x00000002
15:55:04.414  INFO     RX        /ERR/LOKO/0x00000002
15:55:04.414  INFO     RX        /ERR/LOKO/0x00000002
15:55:04.415  INFO     RX        /ERR/LOKO/0x00000002
15:55:04.415  INFO     RX        /ERR/LOKO/0x00000002
15:55:04.415  INFO     RX        /ERR/LOKO/0x00000002
15:55:04.415  INFO     RX        /ERR/LOKO/0x00000002
15:55:04.432  INFO     RX        /ERR/LOKO/0x00000002
15:55:04.438  INFO     RX        /ERR/LOKO/0x00000002
15:55:04.470  INFO     RX        /ERR/LOKO/0x00000002
15:55:04.471  INFO     RX        /ERR/LOKO/0x00000002
15:55:04.471  INFO     RX        /ERR/LOKO/0x00000002
15:55:04.503  INFO     RX        /ERR/LOKO/0x00000002
15:55:04.503  INFO     RX        /ERR/LOKO/0x00000002
15:55:04.535  INFO     RX        /ERR/LOKO/0x00000002
15:55:04.535  INFO     RX        /ERR/LOKO/0x00000002
15:55:04.536  INFO     RX        /ERR/LOKO/0x00000002
15:55:04.565  INFO     RX        /ERR/LOKO/0x00000002
15:55:04.565  INFO     RX        /ERR/LOKO/0x00000002
15:55:04.565  INFO     RX        /ERR/LOKO/0x00000002
15:55:04.602  INFO     RX        /ERR/LOKO/0x00000002
15:55:04.603  INFO     RX        /ERR/LOKO/0x00000002
15:55:04.603  INFO     RX        /ERR/LOKO/0x00000002
15:55:04.628  INFO     RX        /ERR/LOKO/0x00000002
15:55:04.628  INFO     RX        /ERR/LOKO/0x00000002
15:55:04.664  INFO     RX        /ERR/LOKO/0x00000002
15:55:04.664  INFO     RX        /ERR/LOKO/0x00000002
15:55:04.664  INFO     RX        /ERR/LOKO/0x00000002
15:55:04.693  INFO     RX        /ERR/LOKO/0x00000002
15:55:04.693  INFO     RX        /ERR/LOKO/0x00000002
15:55:04.693  INFO     RX        /ERR/LOKO/0x00000002
15:55:04.728  INFO     RX        /ERR/LOKO/0x00000002
15:55:04.728  INFO     RX        /ERR/LOKO/0x00000002
15:55:04.728  INFO     RX        /ERR/LOKO/0x00000002
15:55:04.757  INFO     RX        /ERR/LOKO/0x00000002
15:55:04.757  INFO     RX        /ERR/LOKO/0x00000002
15:55:04.794  INFO     RX        /ERR/LOKO/0x00000002
15:55:04.794  INFO     RX        /ERR/LOKO/0x00000002
15:55:04.794  INFO     RX        /ERR/LOKO/0x00000002
15:55:04.821  INFO     RX        /ERR/LOKO/0x00000002
15:55:04.822  INFO     RX        /ERR/LOKO/0x00000002
15:55:04.857  INFO     RX        /ERR/LOKO/0x00000002
15:55:04.857  INFO     RX        /ERR/LOKO/0x00000002
15:55:04.857  INFO     RX        /ERR/LOKO/0x00000002
15:55:04.857  INFO     RX        /ERR/LOKO/0x00000002
15:55:04.885  INFO     RX        /ERR/LOKO/0x00000002
15:55:04.885  INFO     RX        /ERR/LOKO/0x00000002
15:55:04.922  INFO     RX        /ERR/LOKO/0x00000002
15:55:04.922  INFO     RX        /ERR/LOKO/0x00000002
15:55:04.923  INFO     RX        /ERR/LOKO/0x00000002
15:55:04.954  INFO     RX        /ERR/LOKO/0x00000002
15:55:04.954  INFO     RX        /ERR/LOKO/0x00000002
15:55:04.954  INFO     RX        /ERR/LOKO/0x00000002
15:55:04.993  INFO     RX        /ERR/LOKO/0x00000002
15:55:04.993  INFO     RX        /ERR/LOKO/0x00000002
15:55:04.993  INFO     RX        /ERR/LOKO/0x00000002
15:55:05.014  INFO     RX        /ERR/LOKO/0x00000002
15:55:05.014  INFO     RX        /ERR/LOKO/0x00000002
15:55:05.050  INFO     RX        /ERR/LOKO/0x00000002
15:55:05.051  INFO     RX        /ERR/LOKO/0x00000002
15:55:05.051  INFO     RX        /ERR/LOKO/0x00000002
15:55:05.085  INFO     RX        /ERR/LOKO/0x00000002
15:55:05.085  INFO     RX        /ERR/LOKO/0x00000002
15:55:05.085  INFO     RX        /ERR/LOKO/0x00000002
15:55:05.113  INFO     RX        /ERR/LOKO/0x00000002
15:55:05.113  INFO     RX        /ERR/LOKO/0x00000002
15:55:05.140  DEBUG    TX /CONTROLL/0,0,0,-34,0,0,0,0,0
15:55:05.162  INFO     RX        /ERR/LOKO/0x00000002
15:55:05.162  INFO     RX        /ERR/LOKO/0x00000002
15:55:05.162  INFO     RX        /ERR/LOKO/0x00000002
15:55:05.162  INFO     RX        /ERR/LOKO/0x00000002
15:55:05.175  INFO     RX        /ERR/LOKO/0x00000002
15:55:05.176  INFO     RX        /ERR/LOKO/0x00000002
15:55:05.211  INFO     RX        /ERR/LOKO/0x00000002
15:55:05.211  INFO     RX        /ERR/LOKO/0x00000002
15:55:05.211  INFO     RX        /ERR/LOKO/0x00000002
15:55:05.244  INFO     RX        /ERR/LOKO/0x00000002
15:55:05.244  INFO     RX        /ERR/LOKO/0x00000002
15:55:05.272  INFO     RX        /ERR/LOKO/0x00000002
15:55:05.272  INFO     RX        /ERR/LOKO/0x00000002
15:55:05.272  INFO     RX        /ERR/LOKO/0x00000002
15:55:05.309  INFO     RX        /ERR/LOKO/0x00000002
15:55:05.309  INFO     RX        /ERR/LOKO/0x00000002
15:55:05.309  INFO     RX        /ERR/LOKO/0x00000002
15:55:05.338  INFO     RX        /ERR/LOKO/0x00000002
15:55:05.338  INFO     RX        /ERR/LOKO/0x00000002
15:55:05.371  INFO     RX        /ERR/LOKO/0x00000002
15:55:05.371  INFO     RX        /ERR/LOKO/0x00000002
15:55:05.371  INFO     RX        /ERR/LOKO/0x00000002
15:55:05.402  INFO     RX        /ERR/LOKO/0x00000002
15:55:05.402  INFO     RX        /ERR/LOKO/0x00000002
15:55:05.402  INFO     RX        /ERR/LOKO/0x00000002
15:55:05.450  INFO     RX        /ERR/LOKO/0x00000002
15:55:05.451  INFO     RX        /ERR/LOKO/0x00000002
15:55:05.451  INFO     RX        /ERR/LOKO/0x00000002
15:55:05.451  INFO     RX        /ERR/LOKO/0x00000002
15:55:05.464  INFO     RX        /ERR/LOKO/0x00000002
15:55:05.500  INFO     RX        /ERR/LOKO/0x00000002
15:55:05.500  INFO     RX        /ERR/LOKO/0x00000002
15:55:05.500  INFO     RX        /ERR/LOKO/0x00000002
15:55:05.529  INFO     RX        /ERR/LOKO/0x00000002
15:55:05.529  INFO     RX        /ERR/LOKO/0x00000002
15:55:05.529  INFO     RX        /ERR/LOKO/0x00000002
15:55:05.560  INFO     RX        /ERR/LOKO/0x00000002
15:55:05.560  INFO     RX        /ERR/LOKO/0x00000002
15:55:05.596  INFO     RX        /ERR/LOKO/0x00000002
15:55:05.596  INFO     RX        /ERR/LOKO/0x00000002
15:55:05.596  INFO     RX        /ERR/LOKO/0x00000002
15:55:05.624  INFO     RX        /ERR/LOKO/0x00000002
15:55:05.625  INFO     RX        /ERR/LOKO/0x00000002
15:55:05.625  INFO     RX        /ERR/LOKO/0x00000002
15:55:05.660  INFO     RX        /ERR/LOKO/0x00000002
15:55:05.660  INFO     RX        /ERR/LOKO/0x00000002
15:55:05.660  INFO     RX        /ERR/LOKO/0x00000002
15:55:05.691  INFO     RX        /ERR/LOKO/0x00000002
15:55:05.691  INFO     RX        /ERR/LOKO/0x00000002
15:55:05.724  INFO     RX        /ERR/LOKO/0x00000002
15:55:05.724  INFO     RX        /ERR/LOKO/0x00000002
15:55:05.724  INFO     RX        /ERR/LOKO/0x00000002
15:55:05.754  INFO     RX        /ERR/LOKO/0x00000002
15:55:05.754  INFO     RX        /ERR/LOKO/0x00000002
15:55:05.754  INFO     RX        /ERR/LOKO/0x00000002
15:55:05.790  INFO     RX        /ERR/LOKO/0x00000002
15:55:05.791  INFO     RX        /ERR/LOKO/0x00000002
15:55:05.791  INFO     RX        /ERR/LOKO/0x00000002
15:55:05.818  INFO     RX        /ERR/LOKO/0x00000002
15:55:05.818  INFO     RX        /ERR/LOKO/0x00000002
15:55:05.854  INFO     RX        /ERR/LOKO/0x00000002
15:55:05.854  INFO     RX        /ERR/LOKO/0x00000002
15:55:05.854  INFO     RX        /ERR/LOKO/0x00000002
15:55:05.882  INFO     RX        /ERR/LOKO/0x00000002
15:55:05.882  INFO     RX        /ERR/LOKO/0x00000002
15:55:05.882  INFO     RX        /ERR/LOKO/0x00000002
15:55:05.918  INFO     RX        /ERR/LOKO/0x00000002
15:55:05.918  INFO     RX        /ERR/LOKO/0x00000002
15:55:05.918  INFO     RX        /ERR/LOKO/0x00000002
15:55:05.947  INFO     RX        /ERR/LOKO/0x00000002
15:55:05.947  INFO     RX        /ERR/LOKO/0x00000002
15:55:05.982  INFO     RX        /ERR/LOKO/0x00000002
15:55:05.982  INFO     RX        /ERR/LOKO/0x00000002
15:55:05.982  INFO     RX        /ERR/LOKO/0x00000002
15:55:06.015  INFO     RX        /ERR/LOKO/0x00000002
15:55:06.015  INFO     RX        /ERR/LOKO/0x00000002
15:55:06.015  INFO     RX        /ERR/LOKO/0x00000002
15:55:06.044  INFO     RX        /ERR/LOKO/0x00000002
15:55:06.044  INFO     RX        /ERR/LOKO/0x00000002
15:55:06.045  INFO     RX        /ERR/LOKO/0x00000002
15:55:06.083  INFO     RX        /ERR/LOKO/0x00000002
15:55:06.083  INFO     RX        /ERR/LOKO/0x00000002
15:55:06.083  INFO     RX        /ERR/LOKO/0x00000002
15:55:06.111  INFO     RX        /ERR/LOKO/0x00000002
15:55:06.111  INFO     RX        /ERR/LOKO/0x00000002
15:55:06.146  INFO     RX        /ERR/LOKO/0x00000002
15:55:06.146  INFO     RX        /ERR/LOKO/0x00000002
15:55:06.146  INFO     RX        /ERR/LOKO/0x00000002
15:55:06.179  INFO     RX        /ERR/LOKO/0x00000002
15:55:06.179  INFO     RX        /ERR/LOKO/0x00000002
15:55:06.179  INFO     RX        /ERR/LOKO/0x00000002
15:55:06.206  INFO     RX        /ERR/LOKO/0x00000002
15:55:06.206  INFO     RX        /ERR/LOKO/0x00000002
15:55:06.240  INFO     RX        /ERR/LOKO/0x00000002
15:55:06.240  INFO     RX        /ERR/LOKO/0x00000002
15:55:06.240  INFO     RX        /ERR/LOKO/0x00000002
15:55:06.270  INFO     RX        /ERR/LOKO/0x00000002
15:55:06.270  INFO     RX        /ERR/LOKO/0x00000002
15:55:06.270  INFO     RX        /ERR/LOKO/0x00000002
15:55:06.305  INFO     RX        /ERR/LOKO/0x00000002
15:55:06.305  INFO     RX        /ERR/LOKO/0x00000002
15:55:06.305  INFO     RX        /ERR/LOKO/0x00000002
15:55:06.334  INFO     RX        /ERR/LOKO/0x00000002
15:55:06.335  INFO     RX        /ERR/LOKO/0x00000002
15:55:06.366  INFO     RX        /ERR/LOKO/0x00000002
15:55:06.367  INFO     RX        /ERR/LOKO/0x00000002
15:55:06.367  INFO     RX        /ERR/LOKO/0x00000002
15:55:06.399  INFO     RX        /ERR/LOKO/0x00000002
15:55:06.399  INFO     RX        /ERR/LOKO/0x00000002
15:55:06.399  INFO     RX        /ERR/LOKO/0x00000002
15:55:06.432  INFO     RX        /ERR/LOKO/0x00000002
15:55:06.432  INFO     RX        /ERR/LOKO/0x00000002
15:55:06.467  INFO     RX        /ERR/LOKO/0x00000002
15:55:06.467  INFO     RX        /ERR/LOKO/0x00000002
15:55:06.467  INFO     RX        /ERR/LOKO/0x00000002
15:55:06.497  INFO     RX        /ERR/LOKO/0x00000002
15:55:06.497  INFO     RX        /ERR/LOKO/0x00000002
15:55:06.497  INFO     RX        /ERR/LOKO/0x00000002
15:55:06.534  INFO     RX        /ERR/LOKO/0x00000002
15:55:06.534  INFO     RX        /ERR/LOKO/0x00000002
15:55:06.534  INFO     RX        /ERR/LOKO/0x00000002
15:55:06.566  INFO     RX        /ERR/LOKO/0x00000002
15:55:06.566  INFO     RX        /ERR/LOKO/0x00000002
15:55:06.566  INFO     RX        /ERR/LOKO/0x00000002
15:55:06.599  INFO     RX        /ERR/LOKO/0x00000002
15:55:06.599  INFO     RX        /ERR/LOKO/0x00000002
15:55:06.599  INFO     RX        /ERR/LOKO/0x00000002
15:55:06.631  INFO     RX        /ERR/LOKO/0x00000002
15:55:06.631  INFO     RX        /ERR/LOKO/0x00000002
15:55:06.667  INFO     RX        /ERR/LOKO/0x00000002
15:55:06.667  INFO     RX        /ERR/LOKO/0x00000002
15:55:06.667  INFO     RX        /ERR/LOKO/0x00000002
15:55:06.692  INFO     RX        /ERR/LOKO/0x00000002
15:55:06.692  INFO     RX        /ERR/LOKO/0x00000002
15:55:06.727  INFO     RX        /ERR/LOKO/0x00000002
15:55:06.727  INFO     RX        /ERR/LOKO/0x00000002
15:55:06.727  INFO     RX        /ERR/LOKO/0x00000002
15:55:06.751  DEBUG    TX /CONTROLL/0,0,0,-34,0,0,0,0,0
15:55:06.754  INFO     RX        /ERR/LOKO/0x00000002
15:55:06.755  INFO     RX        /ERR/LOKO/0x00000002
15:55:06.755  INFO     RX        /ERR/LOKO/0x00000002
15:55:06.787  INFO     RX        /ERR/LOKO/0x00000002
15:55:06.787  INFO     RX        /ERR/LOKO/0x00000002
15:55:06.787  INFO     RX        /ERR/LOKO/0x00000002
15:55:06.822  INFO     RX        /ERR/LOKO/0x00000002
15:55:06.822  INFO     RX        /ERR/LOKO/0x00000002
15:55:06.823  INFO     RX        /ERR/LOKO/0x00000002
15:55:06.854  INFO     RX        /ERR/LOKO/0x00000002
15:55:06.855  INFO     RX        /ERR/LOKO/0x00000002
15:55:06.883  INFO     RX        /ERR/LOKO/0x00000002
15:55:06.884  INFO     RX        /ERR/LOKO/0x00000002
15:55:06.884  INFO     RX        /ERR/LOKO/0x00000002
15:55:06.915  INFO     RX        /ERR/LOKO/0x00000002
15:55:06.915  INFO     RX        /ERR/LOKO/0x00000002
15:55:06.950  INFO     RX        /ERR/LOKO/0x00000002
15:55:06.950  INFO     RX        /ERR/LOKO/0x00000002
15:55:06.950  INFO     RX        /ERR/LOKO/0x00000002
15:55:06.983  INFO     RX        /ERR/LOKO/0x00000002
15:55:06.983  INFO     RX        /ERR/LOKO/0x00000002
15:55:06.983  INFO     RX        /ERR/LOKO/0x00000002
15:55:07.015  INFO     RX        /ERR/LOKO/0x00000002
15:55:07.015  INFO     RX        /ERR/LOKO/0x00000002
15:55:07.015  INFO     RX        /ERR/LOKO/0x00000002
15:55:07.043  INFO     RX        /ERR/LOKO/0x00000002
15:55:07.043  INFO     RX        /ERR/LOKO/0x00000002
15:55:07.079  INFO     RX        /ERR/LOKO/0x00000002
15:55:07.079  INFO     RX        /ERR/LOKO/0x00000002
15:55:07.079  INFO     RX        /ERR/LOKO/0x00000002
15:55:07.111  INFO     RX        /ERR/LOKO/0x00000002
15:55:07.111  INFO     RX        /ERR/LOKO/0x00000002
15:55:07.111  INFO     RX        /ERR/LOKO/0x00000002
15:55:07.143  INFO     RX        /ERR/LOKO/0x00000002
15:55:07.143  INFO     RX        /ERR/LOKO/0x00000002
15:55:07.143  INFO     RX        /ERR/LOKO/0x00000002
15:55:07.172  INFO     RX        /ERR/LOKO/0x00000002
15:55:07.173  INFO     RX        /ERR/LOKO/0x00000002
15:55:07.204  INFO     RX        /ERR/LOKO/0x00000002
15:55:07.204  INFO     RX        /ERR/LOKO/0x00000002
15:55:07.204  INFO     RX        /ERR/LOKO/0x00000002
15:55:07.240  INFO     RX        /ERR/LOKO/0x00000002
15:55:07.240  INFO     RX        /ERR/LOKO/0x00000002
15:55:07.240  INFO     RX        /ERR/LOKO/0x00000002
15:55:07.269  INFO     RX        /ERR/LOKO/0x00000002
15:55:07.269  INFO     RX        /ERR/LOKO/0x00000002
15:55:07.269  INFO     RX        /ERR/LOKO/0x00000002
15:55:07.306  INFO     RX        /ERR/LOKO/0x00000002
15:55:07.307  INFO     RX        /ERR/LOKO/0x00000002
15:55:07.307  INFO     RX        /ERR/LOKO/0x00000002
15:55:07.334  INFO     RX        /ERR/LOKO/0x00000002
15:55:07.334  INFO     RX        /ERR/LOKO/0x00000002
15:55:07.368  INFO     RX        /ERR/LOKO/0x00000002
15:55:07.369  INFO     RX        /ERR/LOKO/0x00000002
15:55:07.369  INFO     RX        /ERR/LOKO/0x00000002
15:55:07.398  INFO     RX        /ERR/LOKO/0x00000002
15:55:07.398  INFO     RX        /ERR/LOKO/0x00000002
15:55:07.398  INFO     RX        /ERR/LOKO/0x00000002
15:55:07.430  INFO     RX        /ERR/LOKO/0x00000002
15:55:07.430  INFO     RX        /ERR/LOKO/0x00000002
15:55:07.462  INFO     RX        /ERR/LOKO/0x00000002
15:55:07.462  INFO     RX        /ERR/LOKO/0x00000002
15:55:07.462  INFO     RX        /ERR/LOKO/0x00000002
15:55:07.493  INFO     RX        /ERR/LOKO/0x00000002
15:55:07.494  INFO     RX        /ERR/LOKO/0x00000002
15:55:07.494  INFO     RX        /ERR/LOKO/0x00000002
15:55:07.528  INFO     RX        /ERR/LOKO/0x00000002
15:55:07.529  INFO     RX        /ERR/LOKO/0x00000002
15:55:07.529  INFO     RX        /ERR/LOKO/0x00000002
15:55:07.558  INFO     RX        /ERR/LOKO/0x00000002
15:55:07.558  INFO     RX        /ERR/LOKO/0x00000002
15:55:07.594  INFO     RX        /ERR/LOKO/0x00000002
15:55:07.594  INFO     RX        /ERR/LOKO/0x00000002
15:55:07.594  INFO     RX        /ERR/LOKO/0x00000002
15:55:07.622  INFO     RX        /ERR/LOKO/0x00000002
15:55:07.622  INFO     RX        /ERR/LOKO/0x00000002
15:55:07.622  INFO     RX        /ERR/LOKO/0x00000002
15:55:07.657  INFO     RX        /ERR/LOKO/0x00000002
15:55:07.657  INFO     RX        /ERR/LOKO/0x00000002
15:55:07.657  INFO     RX        /ERR/LOKO/0x00000002
15:55:07.687  INFO     RX        /ERR/LOKO/0x00000002
15:55:07.687  INFO     RX        /ERR/LOKO/0x00000002
15:55:07.721  INFO     RX        /ERR/LOKO/0x00000002
15:55:07.721  INFO     RX        /ERR/LOKO/0x00000002
15:55:07.721  INFO     RX        /ERR/LOKO/0x00000002
15:55:07.750  INFO     RX        /ERR/LOKO/0x00000002
15:55:07.750  INFO     RX        /ERR/LOKO/0x00000002
15:55:07.750  INFO     RX        /ERR/LOKO/0x00000002
15:55:07.782  INFO     RX        /ERR/LOKO/0x00000002
15:55:07.782  INFO     RX        /ERR/LOKO/0x00000002
15:55:07.816  INFO     RX        /ERR/LOKO/0x00000002
15:55:07.816  INFO     RX        /ERR/LOKO/0x00000002
15:55:07.816  INFO     RX        /ERR/LOKO/0x00000002
15:55:07.850  INFO     RX        /ERR/LOKO/0x00000002
15:55:07.850  INFO     RX        /ERR/LOKO/0x00000002
15:55:07.850  INFO     RX        /ERR/LOKO/0x00000002
15:55:07.877  INFO     RX        /ERR/LOKO/0x00000002
15:55:07.877  INFO     RX        /ERR/LOKO/0x00000002
15:55:07.910  INFO     RX        /ERR/LOKO/0x00000002
15:55:07.910  INFO     RX        /ERR/LOKO/0x00000002
15:55:07.910  INFO     RX        /ERR/LOKO/0x00000002
15:55:07.952  INFO     RX        /ERR/LOKO/0x00000002
15:55:07.952  INFO     RX        /ERR/LOKO/0x00000002
15:55:07.952  INFO     RX        /ERR/LOKO/0x00000002
15:55:07.952  INFO     RX        /ERR/LOKO/0x00000002
15:55:07.975  INFO     RX        /ERR/LOKO/0x00000002
15:55:07.975  INFO     RX        /ERR/LOKO/0x00000002
15:55:08.071  INFO     RX        /ERR/LOKO/0x00000002
15:55:08.071  INFO     RX        /ERR/LOKO/0x00000002
15:55:08.071  INFO     RX        /ERR/LOKO/0x00000002
15:55:08.071  INFO     RX        /ERR/LOKO/0x00000002
15:55:08.071  INFO     RX        /ERR/LOKO/0x00000002
15:55:08.071  INFO     RX        /ERR/LOKO/0x00000002
15:55:08.071  INFO     RX        /ERR/LOKO/0x00000002
15:55:08.071  INFO     RX        /ERR/LOKO/0x00000002
15:55:08.078  INFO     RX        /ERR/LOKO/0x00000002
15:55:08.104  INFO     RX        /ERR/LOKO/0x00000002
15:55:08.104  INFO     RX        /ERR/LOKO/0x00000002
15:55:08.140  INFO     RX        /ERR/LOKO/0x00000002
15:55:08.140  INFO     RX        /ERR/LOKO/0x00000002
15:55:08.140  INFO     RX        /ERR/LOKO/0x00000002
15:55:08.170  INFO     RX        /ERR/LOKO/0x00000002
15:55:08.170  INFO     RX        /ERR/LOKO/0x00000002
15:55:08.202  INFO     RX        /ERR/LOKO/0x00000002
15:55:08.202  INFO     RX        /ERR/LOKO/0x00000002
15:55:08.202  INFO     RX        /ERR/LOKO/0x00000002
15:55:08.238  INFO     RX        /ERR/LOKO/0x00000002
15:55:08.238  INFO     RX        /ERR/LOKO/0x00000002
15:55:08.238  INFO     RX        /ERR/LOKO/0x00000002
15:55:08.265  INFO     RX        /ERR/LOKO/0x00000002
15:55:08.265  INFO     RX        /ERR/LOKO/0x00000002
15:55:08.300  INFO     RX        /ERR/LOKO/0x00000002
15:55:08.300  INFO     RX        /ERR/LOKO/0x00000002
15:55:08.300  INFO     RX        /ERR/LOKO/0x00000002
15:55:08.331  INFO     RX        /ERR/LOKO/0x00000002
15:55:08.332  INFO     RX        /ERR/LOKO/0x00000002
15:55:08.332  INFO     RX        /ERR/LOKO/0x00000002
15:55:08.357  DEBUG    TX /CONTROLL/0,0,0,-35,0,0,0,0,0
15:55:08.362  INFO     RX        /ERR/LOKO/0x00000002
15:55:08.362  INFO     RX        /ERR/LOKO/0x00000002
15:55:08.362  INFO     RX        /ERR/LOKO/0x00000002
15:55:08.393  INFO     RX        /ERR/LOKO/0x00000002
15:55:08.394  INFO     RX        /ERR/LOKO/0x00000002
15:55:08.425  INFO     RX        /ERR/LOKO/0x00000002
15:55:08.425  INFO     RX        /ERR/LOKO/0x00000002
15:55:08.425  INFO     RX        /ERR/LOKO/0x00000002
15:55:08.457  INFO     RX        /ERR/LOKO/0x00000002
15:55:08.457  INFO     RX        /ERR/LOKO/0x00000002
15:55:08.457  INFO     RX        /ERR/LOKO/0x00000002
15:55:08.493  INFO     RX        /ERR/LOKO/0x00000002
15:55:08.493  INFO     RX        /ERR/LOKO/0x00000002
15:55:08.493  INFO     RX        /ERR/LOKO/0x00000002
15:55:08.522  INFO     RX        /ERR/LOKO/0x00000002
15:55:08.522  INFO     RX        /ERR/LOKO/0x00000002
15:55:08.557  INFO     RX        /ERR/LOKO/0x00000002
15:55:08.557  INFO     RX        /ERR/LOKO/0x00000002
15:55:08.557  INFO     RX        /ERR/LOKO/0x00000002
15:55:08.590  INFO     RX        /ERR/LOKO/0x00000002
15:55:08.590  INFO     RX        /ERR/LOKO/0x00000002
15:55:08.591  INFO     RX        /ERR/LOKO/0x00000002
15:55:08.620  INFO     RX        /ERR/LOKO/0x00000002
15:55:08.621  INFO     RX        /ERR/LOKO/0x00000002
15:55:08.621  INFO     RX        /ERR/LOKO/0x00000002
15:55:08.656  INFO     RX        /ERR/LOKO/0x00000002
15:55:08.656  INFO     RX        /ERR/LOKO/0x00000002
15:55:08.656  INFO     RX        /ERR/LOKO/0x00000002
15:55:08.685  INFO     RX        /ERR/LOKO/0x00000002
15:55:08.685  INFO     RX        /ERR/LOKO/0x00000002
15:55:08.721  INFO     RX        /ERR/LOKO/0x00000002
15:55:08.721  INFO     RX        /ERR/LOKO/0x00000002
15:55:08.721  INFO     RX        /ERR/LOKO/0x00000002
15:55:08.753  INFO     RX        /ERR/LOKO/0x00000002
15:55:08.753  INFO     RX        /ERR/LOKO/0x00000002
15:55:08.753  INFO     RX        /ERR/LOKO/0x00000002
15:55:08.782  INFO     RX        /ERR/LOKO/0x00000002
15:55:08.782  INFO     RX        /ERR/LOKO/0x00000002
15:55:08.823  INFO     RX        /ERR/LOKO/0x00000002
15:55:08.823  INFO     RX        /ERR/LOKO/0x00000002
15:55:08.823  INFO     RX        /ERR/LOKO/0x00000002
15:55:08.823  INFO     RX        /ERR/LOKO/0x00000002
15:55:08.848  INFO     RX        /ERR/LOKO/0x00000002
15:55:08.848  INFO     RX        /ERR/LOKO/0x00000002
15:55:08.882  INFO     RX        /ERR/LOKO/0x00000002
15:55:08.882  INFO     RX        /ERR/LOKO/0x00000002
15:55:08.882  INFO     RX        /ERR/LOKO/0x00000002
15:55:08.912  INFO     RX        /ERR/LOKO/0x00000002
15:55:08.912  INFO     RX        /ERR/LOKO/0x00000002
15:55:08.912  INFO     RX        /ERR/LOKO/0x00000002
15:55:08.948  INFO     RX        /ERR/LOKO/0x00000002
15:55:08.948  INFO     RX        /ERR/LOKO/0x00000002
15:55:08.974  INFO     RX        /ERR/LOKO/0x00000002
15:55:08.975  INFO     RX        /ERR/LOKO/0x00000002
15:55:08.975  INFO     RX        /ERR/LOKO/0x00000002
15:55:09.010  INFO     RX        /ERR/LOKO/0x00000002
15:55:09.010  INFO     RX        /ERR/LOKO/0x00000002
15:55:09.010  INFO     RX        /ERR/LOKO/0x00000002
15:55:09.038  INFO     RX        /ERR/LOKO/0x00000002
15:55:09.039  INFO     RX        /ERR/LOKO/0x00000002
15:55:09.071  INFO     RX        /ERR/LOKO/0x00000002
15:55:09.071  INFO     RX        /ERR/LOKO/0x00000002
15:55:09.071  INFO     RX        /ERR/LOKO/0x00000002
15:55:09.107  INFO     RX        /ERR/LOKO/0x00000002
15:55:09.107  INFO     RX        /ERR/LOKO/0x00000002
15:55:09.107  INFO     RX        /ERR/LOKO/0x00000002
15:55:09.139  INFO     RX        /ERR/LOKO/0x00000002
15:55:09.140  INFO     RX        /ERR/LOKO/0x00000002
15:55:09.140  INFO     RX        /ERR/LOKO/0x00000002
15:55:09.168  INFO     RX        /ERR/LOKO/0x00000002
15:55:09.168  INFO     RX        /ERR/LOKO/0x00000002
15:55:09.204  INFO     RX        /ERR/LOKO/0x00000002
15:55:09.204  INFO     RX        /ERR/LOKO/0x00000002
15:55:09.204  INFO     RX        /ERR/LOKO/0x00000002
15:55:09.232  INFO     RX        /ERR/LOKO/0x00000002
15:55:09.232  INFO     RX        /ERR/LOKO/0x00000002
15:55:09.232  INFO     RX        /ERR/LOKO/0x00000002
15:55:09.268  INFO     RX        /ERR/LOKO/0x00000002
15:55:09.268  INFO     RX        /ERR/LOKO/0x00000002
15:55:09.268  INFO     RX        /ERR/LOKO/0x00000002
15:55:09.296  INFO     RX        /ERR/LOKO/0x00000002
15:55:09.296  INFO     RX        /ERR/LOKO/0x00000002
15:55:09.330  INFO     RX        /ERR/LOKO/0x00000002
15:55:09.330  INFO     RX        /ERR/LOKO/0x00000002
15:55:09.330  INFO     RX        /ERR/LOKO/0x00000002
15:55:09.361  INFO     RX        /ERR/LOKO/0x00000002
15:55:09.361  INFO     RX        /ERR/LOKO/0x00000002
15:55:09.361  INFO     RX        /ERR/LOKO/0x00000002
15:55:09.393  INFO     RX        /ERR/LOKO/0x00000002
15:55:09.393  INFO     RX        /ERR/LOKO/0x00000002
15:55:09.427  INFO     RX        /ERR/LOKO/0x00000002
15:55:09.428  INFO     RX        /ERR/LOKO/0x00000002
15:55:09.428  INFO     RX        /ERR/LOKO/0x00000002
15:55:09.457  INFO     RX        /ERR/LOKO/0x00000002
15:55:09.457  INFO     RX        /ERR/LOKO/0x00000002
15:55:09.457  INFO     RX        /ERR/LOKO/0x00000002
15:55:09.489  INFO     RX        /ERR/LOKO/0x00000002
15:55:09.489  INFO     RX        /ERR/LOKO/0x00000002
15:55:09.489  INFO     RX        /ERR/LOKO/0x00000002
15:55:09.524  INFO     RX        /ERR/LOKO/0x00000002
15:55:09.524  INFO     RX        /ERR/LOKO/0x00000002
15:55:09.524  INFO     RX        /ERR/LOKO/0x00000002
15:55:09.553  INFO     RX        /ERR/LOKO/0x00000002
15:55:09.553  INFO     RX        /ERR/LOKO/0x00000002
15:55:09.588  INFO     RX        /ERR/LOKO/0x00000002
15:55:09.588  INFO     RX        /ERR/LOKO/0x00000002
15:55:09.588  INFO     RX        /ERR/LOKO/0x00000002
15:55:09.618  INFO     RX        /ERR/LOKO/0x00000002
15:55:09.618  INFO     RX        /ERR/LOKO/0x00000002
15:55:09.649  INFO     RX        /ERR/LOKO/0x00000002
15:55:09.649  INFO     RX        /ERR/LOKO/0x00000002
15:55:09.649  INFO     RX        /ERR/LOKO/0x00000002
15:55:09.685  INFO     RX        /ERR/LOKO/0x00000002
15:55:09.685  INFO     RX        /ERR/LOKO/0x00000002
15:55:09.685  INFO     RX        /ERR/LOKO/0x00000002
15:55:09.714  INFO     RX        /ERR/LOKO/0x00000002
15:55:09.714  INFO     RX        /ERR/LOKO/0x00000002
15:55:09.714  INFO     RX        /ERR/LOKO/0x00000002
15:55:09.750  INFO     RX        /ERR/LOKO/0x00000002
15:55:09.750  INFO     RX        /ERR/LOKO/0x00000002
15:55:09.750  INFO     RX        /ERR/LOKO/0x00000002
15:55:09.778  INFO     RX        /ERR/LOKO/0x00000002
15:55:09.779  INFO     RX        /ERR/LOKO/0x00000002
15:55:09.812  INFO     RX        /ERR/LOKO/0x00000002
15:55:09.968  DEBUG    TX /CONTROLL/0,0,0,0,0,0,0,0,0
15:55:10.266  INFO     RX        /ERR/LOKO/0x00000002
15:55:10.266  INFO     RX        /ERR/LOKO/0x00000002
15:55:10.297  INFO     RX        /ERR/LOKO/0x00000002
15:55:10.297  INFO     RX        /ERR/LOKO/0x00000002
15:55:10.297  INFO     RX        /ERR/LOKO/0x00000002
15:55:10.330  INFO     RX        /ERR/LOKO/0x00000002
15:55:10.331  INFO     RX        /ERR/LOKO/0x00000002
15:55:10.331  INFO     RX        /ERR/LOKO/0x00000002
15:55:10.363  INFO     RX        /ERR/LOKO/0x00000002
15:55:10.363  INFO     RX        /ERR/LOKO/0x00000002
15:55:10.397  INFO     RX        /ERR/LOKO/0x00000002
15:55:10.397  INFO     RX        /ERR/LOKO/0x00000002
15:55:10.397  INFO     RX        /ERR/LOKO/0x00000002
15:55:10.430  INFO     RX        /ERR/LOKO/0x00000002
15:55:10.430  INFO     RX        /ERR/LOKO/0x00000002
15:55:10.430  INFO     RX        /ERR/LOKO/0x00000002
15:55:10.459  INFO     RX        /ERR/LOKO/0x00000002
15:55:10.459  INFO     RX        /ERR/LOKO/0x00000002
15:55:10.492  INFO     RX        /ERR/LOKO/0x00000002
15:55:10.492  INFO     RX        /ERR/LOKO/0x00000002
15:55:10.492  INFO     RX        /ERR/LOKO/0x00000002
15:55:10.522  INFO     RX        /ERR/LOKO/0x00000002
15:55:10.522  INFO     RX        /ERR/LOKO/0x00000002
15:55:10.522  INFO     RX        /ERR/LOKO/0x00000002
15:55:10.557  INFO     RX        /ERR/LOKO/0x00000002
15:55:10.557  INFO     RX        /ERR/LOKO/0x00000002
15:55:10.557  INFO     RX        /ERR/LOKO/0x00000002
15:55:10.649  INFO     RX        /ERR/LOKO/0x00000002
15:55:10.649  INFO     RX        /ERR/LOKO/0x00000002
15:55:10.649  INFO     RX        /ERR/LOKO/0x00000002
15:55:10.649  INFO     RX        /ERR/LOKO/0x00000002
15:55:10.649  INFO     RX        /ERR/LOKO/0x00000002
15:55:10.649  INFO     RX        /ERR/LOKO/0x00000002
15:55:10.649  INFO     RX        /ERR/LOKO/0x00000002
15:55:10.649  INFO     RX        /ERR/LOKO/0x00000002
15:55:10.679  INFO     RX        /ERR/LOKO/0x00000002
15:55:10.679  INFO     RX        /ERR/LOKO/0x00000002
15:55:10.681  INFO     RX        /ERR/LOKO/0x00000002
15:55:10.720  INFO     RX        /ERR/LOKO/0x00000002
15:55:10.720  INFO     RX        /ERR/LOKO/0x00000002
15:55:10.720  INFO     RX        /ERR/LOKO/0x00000002
15:55:10.747  INFO     RX        /ERR/LOKO/0x00000002
15:55:10.747  INFO     RX        /ERR/LOKO/0x00000002
15:55:10.780  INFO     RX        /ERR/LOKO/0x00000002
15:55:10.780  INFO     RX        /ERR/LOKO/0x00000002
15:55:10.780  INFO     RX        /ERR/LOKO/0x00000002
15:55:10.815  INFO     RX        /ERR/LOKO/0x00000002
15:55:10.815  INFO     RX        /ERR/LOKO/0x00000002
15:55:10.815  INFO     RX        /ERR/LOKO/0x00000002
15:55:10.846  INFO     RX        /ERR/LOKO/0x00000002
15:55:10.846  INFO     RX        /ERR/LOKO/0x00000002
15:55:10.846  INFO     RX        /ERR/LOKO/0x00000002
15:55:10.878  INFO     RX        /ERR/LOKO/0x00000002
15:55:10.878  INFO     RX        /ERR/LOKO/0x00000002
15:55:10.908  INFO     RX        /ERR/LOKO/0x00000002
15:55:10.908  INFO     RX        /ERR/LOKO/0x00000002
15:55:10.908  INFO     RX        /ERR/LOKO/0x00000002
15:55:10.943  INFO     RX        /ERR/LOKO/0x00000002
15:55:10.943  INFO     RX        /ERR/LOKO/0x00000002
15:55:10.943  INFO     RX        /ERR/LOKO/0x00000002
15:55:10.973  INFO     RX        /ERR/LOKO/0x00000002
15:55:10.973  INFO     RX        /ERR/LOKO/0x00000002
15:55:10.973  INFO     RX        /ERR/LOKO/0x00000002
15:55:11.006  INFO     RX        /ERR/LOKO/0x00000002
15:55:11.006  INFO     RX        /ERR/LOKO/0x00000002
15:55:11.038  INFO     RX        /ERR/LOKO/0x00000002
15:55:11.038  INFO     RX        /ERR/LOKO/0x00000002
15:55:11.038  INFO     RX        /ERR/LOKO/0x00000002
15:55:11.073  INFO     RX        /ERR/LOKO/0x00000002
15:55:11.073  INFO     RX        /ERR/LOKO/0x00000002
15:55:11.073  INFO     RX        /ERR/LOKO/0x00000002
15:55:11.106  INFO     RX        /ERR/LOKO/0x00000002
15:55:11.106  INFO     RX        /ERR/LOKO/0x00000002
15:55:11.106  INFO     RX        /ERR/LOKO/0x00000002
15:55:11.139  INFO     RX        /ERR/LOKO/0x00000002
15:55:11.139  INFO     RX        /ERR/LOKO/0x00000002
15:55:11.139  INFO     RX        /ERR/LOKO/0x00000002
15:55:11.168  INFO     RX        /ERR/LOKO/0x00000002
15:55:11.168  INFO     RX        /ERR/LOKO/0x00000002
15:55:11.200  INFO     RX        /ERR/LOKO/0x00000002
15:55:11.200  INFO     RX        /ERR/LOKO/0x00000002
15:55:11.200  INFO     RX        /ERR/LOKO/0x00000002
15:55:11.233  INFO     RX        /ERR/LOKO/0x00000002
15:55:11.234  INFO     RX        /ERR/LOKO/0x00000002
15:55:11.234  INFO     RX        /ERR/LOKO/0x00000002
15:55:11.262  INFO     RX        /ERR/LOKO/0x00000002
15:55:11.262  INFO     RX        /ERR/LOKO/0x00000002
15:55:11.263  INFO     RX        /ERR/LOKO/0x00000002
15:55:11.298  INFO     RX        /ERR/LOKO/0x00000002
15:55:11.299  INFO     RX        /ERR/LOKO/0x00000002
15:55:11.299  INFO     RX        /ERR/LOKO/0x00000002
15:55:11.327  INFO     RX        /ERR/LOKO/0x00000002
15:55:11.327  INFO     RX        /ERR/LOKO/0x00000002
15:55:11.361  INFO     RX        /ERR/LOKO/0x00000002
15:55:11.361  INFO     RX        /ERR/LOKO/0x00000002
15:55:11.361  INFO     RX        /ERR/LOKO/0x00000002
15:55:11.393  INFO     RX        /ERR/LOKO/0x00000002
15:55:11.393  INFO     RX        /ERR/LOKO/0x00000002
15:55:11.393  INFO     RX        /ERR/LOKO/0x00000002
15:55:11.426  INFO     RX        /ERR/LOKO/0x00000002
15:55:11.426  INFO     RX        /ERR/LOKO/0x00000002
15:55:11.426  INFO     RX        /ERR/LOKO/0x00000002
15:55:11.455  INFO     RX        /ERR/LOKO/0x00000002
15:55:11.456  INFO     RX        /ERR/LOKO/0x00000002
15:55:11.488  INFO     RX        /ERR/LOKO/0x00000002
15:55:11.488  INFO     RX        /ERR/LOKO/0x00000002
15:55:11.488  INFO     RX        /ERR/LOKO/0x00000002
15:55:11.524  INFO     RX        /ERR/LOKO/0x00000002
15:55:11.524  INFO     RX        /ERR/LOKO/0x00000002
15:55:11.524  INFO     RX        /ERR/LOKO/0x00000002
15:55:11.552  INFO     RX        /ERR/LOKO/0x00000002
15:55:11.580  DEBUG    TX /CONTROLL/0,0,0,0,0,0,1,0,0
15:55:12.386  INFO     RX        /ERR/LOKO/0x00000002
15:55:12.417  INFO     RX        /ERR/LOKO/0x00000002
15:55:12.417  INFO     RX        /ERR/LOKO/0x00000002
15:55:12.417  INFO     RX        /ERR/LOKO/0x00000002
15:55:12.450  INFO     RX        /ERR/LOKO/0x00000002
15:55:12.450  INFO     RX        /ERR/LOKO/0x00000002
15:55:12.451  INFO     RX        /ERR/LOKO/0x00000002
15:55:12.482  INFO     RX        /ERR/LOKO/0x00000002
15:55:12.482  INFO     RX        /ERR/LOKO/0x00000002
15:55:12.516  INFO     RX        /ERR/LOKO/0x00000002
15:55:12.516  INFO     RX        /ERR/LOKO/0x00000002
15:55:12.516  INFO     RX        /ERR/LOKO/0x00000002
15:55:12.551  INFO     RX        /ERR/LOKO/0x00000002
15:55:12.551  INFO     RX        /ERR/LOKO/0x00000002
15:55:12.551  INFO     RX        /ERR/LOKO/0x00000002
15:55:12.582  INFO     RX        /ERR/LOKO/0x00000002
15:55:12.582  INFO     RX        /ERR/LOKO/0x00000002
15:55:12.582  INFO     RX        /ERR/LOKO/0x00000002
15:55:12.613  INFO     RX        /ERR/LOKO/0x00000002
15:55:12.613  INFO     RX        /ERR/LOKO/0x00000002
15:55:12.648  INFO     RX        /ERR/LOKO/0x00000002
15:55:12.648  INFO     RX        /ERR/LOKO/0x00000002
15:55:12.648  INFO     RX        /ERR/LOKO/0x00000002
15:55:12.681  INFO     RX        /ERR/LOKO/0x00000002
15:55:12.681  INFO     RX        /ERR/LOKO/0x00000002
15:55:12.681  INFO     RX        /ERR/LOKO/0x00000002
15:55:12.717  INFO     RX        /ERR/LOKO/0x00000002
15:55:12.717  INFO     RX        /ERR/LOKO/0x00000002
15:55:12.717  INFO     RX        /ERR/LOKO/0x00000002
15:55:12.745  INFO     RX        /ERR/LOKO/0x00000002
15:55:12.745  INFO     RX        /ERR/LOKO/0x00000002
15:55:12.745  INFO     RX        /ERR/LOKO/0x00000002
15:55:12.777  INFO     RX        /ERR/LOKO/0x00000002
15:55:12.777  INFO     RX        /ERR/LOKO/0x00000002
15:55:12.812  INFO     RX        /ERR/LOKO/0x00000002
15:55:12.812  INFO     RX        /ERR/LOKO/0x00000002
15:55:12.812  INFO     RX        /ERR/LOKO/0x00000002
15:55:12.841  INFO     RX        /ERR/LOKO/0x00000002
15:55:12.841  INFO     RX        /ERR/LOKO/0x00000002
15:55:12.841  INFO     RX        /ERR/LOKO/0x00000002
15:55:12.876  INFO     RX        /ERR/LOKO/0x00000002
15:55:12.876  INFO     RX        /ERR/LOKO/0x00000002
15:55:12.876  INFO     RX        /ERR/LOKO/0x00000002
15:55:12.905  INFO     RX        /ERR/LOKO/0x00000002
15:55:12.905  INFO     RX        /ERR/LOKO/0x00000002
15:55:12.940  INFO     RX        /ERR/LOKO/0x00000002
15:55:12.940  INFO     RX        /ERR/LOKO/0x00000002
15:55:12.940  INFO     RX        /ERR/LOKO/0x00000002
15:55:12.970  INFO     RX        /ERR/LOKO/0x00000002
15:55:12.970  INFO     RX        /ERR/LOKO/0x00000002
15:55:12.970  INFO     RX        /ERR/LOKO/0x00000002
15:55:13.005  INFO     RX        /ERR/LOKO/0x00000002
15:55:13.005  INFO     RX        /ERR/LOKO/0x00000002
15:55:13.005  INFO     RX        /ERR/LOKO/0x00000002
15:55:13.033  INFO     RX        /ERR/LOKO/0x00000002
15:55:13.033  INFO     RX        /ERR/LOKO/0x00000002
15:55:13.064  INFO     RX        /ERR/LOKO/0x00000002
15:55:13.065  INFO     RX        /ERR/LOKO/0x00000002
15:55:13.065  INFO     RX        /ERR/LOKO/0x00000002
15:55:13.100  INFO     RX        /ERR/LOKO/0x00000002
15:55:13.100  INFO     RX        /ERR/LOKO/0x00000002
15:55:13.100  INFO     RX        /ERR/LOKO/0x00000002
15:55:13.129  INFO     RX        /ERR/LOKO/0x00000002
15:55:13.130  INFO     RX        /ERR/LOKO/0x00000002
15:55:13.164  INFO     RX        /ERR/LOKO/0x00000002
15:55:13.164  INFO     RX        /ERR/LOKO/0x00000002
15:55:13.164  INFO     RX        /ERR/LOKO/0x00000002
15:55:13.190  DEBUG    TX /CONTROLL/0,0,0,-27,0,0,0,0,0
15:55:13.193  INFO     RX        /ERR/LOKO/0x00000002
15:55:13.193  INFO     RX        /ERR/LOKO/0x00000002
15:55:13.193  INFO     RX        /ERR/LOKO/0x00000002
15:55:13.229  INFO     RX        /ERR/LOKO/0x00000002
15:55:13.229  INFO     RX        /ERR/LOKO/0x00000002
15:55:13.229  INFO     RX        /ERR/LOKO/0x00000002
15:55:13.258  INFO     RX        /ERR/LOKO/0x00000002
15:55:13.258  INFO     RX        /ERR/LOKO/0x00000002
15:55:13.293  INFO     RX        /ERR/LOKO/0x00000002
15:55:13.293  INFO     RX        /ERR/LOKO/0x00000002
15:55:13.293  INFO     RX        /ERR/LOKO/0x00000002
15:55:13.322  INFO     RX        /ERR/LOKO/0x00000002
15:55:13.322  INFO     RX        /ERR/LOKO/0x00000002
15:55:13.322  INFO     RX        /ERR/LOKO/0x00000002
15:55:13.355  INFO     RX        /ERR/LOKO/0x00000002
15:55:13.355  INFO     RX        /ERR/LOKO/0x00000002
15:55:13.390  INFO     RX        /ERR/LOKO/0x00000002
15:55:13.390  INFO     RX        /ERR/LOKO/0x00000002
15:55:13.390  INFO     RX        /ERR/LOKO/0x00000002
15:55:13.418  INFO     RX        /ERR/LOKO/0x00000002
15:55:13.418  INFO     RX        /ERR/LOKO/0x00000002
15:55:14.800  DEBUG    TX /CONTROLL/0,0,0,0,0,0,0,0,0
15:55:15.323  INFO     RX        /ERR/LOKO/0x00000002
15:55:15.323  INFO     RX        /ERR/LOKO/0x00000002
15:55:15.355  INFO     RX        /ERR/LOKO/0x00000002
15:55:15.356  INFO     RX        /ERR/LOKO/0x00000002
15:55:15.356  INFO     RX        /ERR/LOKO/0x00000002
15:55:15.384  INFO     RX        /ERR/LOKO/0x00000002
15:55:15.384  INFO     RX        /ERR/LOKO/0x00000002
15:55:15.384  INFO     RX        /ERR/LOKO/0x00000002
15:55:15.418  INFO     RX        /ERR/LOKO/0x00000002
15:55:15.418  INFO     RX        /ERR/LOKO/0x00000002
15:55:15.453  INFO     RX        /ERR/LOKO/0x00000002
15:55:15.454  INFO     RX        /ERR/LOKO/0x00000002
15:55:15.454  INFO     RX        /ERR/LOKO/0x00000002
15:55:15.483  INFO     RX        /ERR/LOKO/0x00000002
15:55:15.483  INFO     RX        /ERR/LOKO/0x00000002
15:55:15.483  INFO     RX        /ERR/LOKO/0x00000002
15:55:15.514  INFO     RX        /ERR/LOKO/0x00000002
15:55:15.514  INFO     RX        /ERR/LOKO/0x00000002
15:55:15.514  INFO     RX        /ERR/LOKO/0x00000002
15:55:15.549  INFO     RX        /ERR/LOKO/0x00000002
15:55:15.549  INFO     RX        /ERR/LOKO/0x00000002
15:55:15.549  INFO     RX        /ERR/LOKO/0x00000002
15:55:15.582  INFO     RX        /ERR/LOKO/0x00000002
15:55:15.583  INFO     RX        /ERR/LOKO/0x00000002
15:55:15.611  INFO     RX        /ERR/LOKO/0x00000002
15:55:15.611  INFO     RX        /ERR/LOKO/0x00000002
15:55:15.611  INFO     RX        /ERR/LOKO/0x00000002
15:55:15.646  INFO     RX        /ERR/LOKO/0x00000002
15:55:15.646  INFO     RX        /ERR/LOKO/0x00000002
15:55:15.646  INFO     RX        /ERR/LOKO/0x00000002
15:55:15.675  INFO     RX        /ERR/LOKO/0x00000002
15:55:15.675  INFO     RX        /ERR/LOKO/0x00000002
15:55:15.711  INFO     RX        /ERR/LOKO/0x00000002
15:55:15.711  INFO     RX        /ERR/LOKO/0x00000002
15:55:15.711  INFO     RX        /ERR/LOKO/0x00000002
15:55:15.744  INFO     RX        /ERR/LOKO/0x00000002
15:55:15.744  INFO     RX        /ERR/LOKO/0x00000002
15:55:15.744  INFO     RX        /ERR/LOKO/0x00000002
15:55:15.772  INFO     RX        /ERR/LOKO/0x00000002
15:55:16.124  INFO     RX        /ERR/LOKO/0x00000002
15:55:16.124  INFO     RX        /ERR/LOKO/0x00000002
15:55:16.160  INFO     RX        /ERR/LOKO/0x00000002
15:55:16.160  INFO     RX        /ERR/LOKO/0x00000002
15:55:16.160  INFO     RX        /ERR/LOKO/0x00000002
15:55:16.188  INFO     RX        /ERR/LOKO/0x00000002
15:55:16.188  INFO     RX        /ERR/LOKO/0x00000002
15:55:16.224  INFO     RX        /ERR/LOKO/0x00000002
15:55:16.224  INFO     RX        /ERR/LOKO/0x00000002
15:55:16.224  INFO     RX        /ERR/LOKO/0x00000002
15:55:16.252  INFO     RX        /ERR/LOKO/0x00000002
15:55:16.252  INFO     RX        /ERR/LOKO/0x00000002
15:55:16.252  INFO     RX        /ERR/LOKO/0x00000002
15:55:16.285  INFO     RX        /ERR/LOKO/0x00000002
15:55:16.285  INFO     RX        /ERR/LOKO/0x00000002
15:55:16.320  INFO     RX        /ERR/LOKO/0x00000002
15:55:16.320  INFO     RX        /ERR/LOKO/0x00000002
15:55:16.321  INFO     RX        /ERR/LOKO/0x00000002
15:55:16.355  INFO     RX        /ERR/LOKO/0x00000002
15:55:16.355  INFO     RX        /ERR/LOKO/0x00000002
15:55:16.355  INFO     RX        /ERR/LOKO/0x00000002
15:55:16.382  INFO     RX        /ERR/LOKO/0x00000002
15:55:16.383  INFO     RX        /ERR/LOKO/0x00000002
15:55:16.383  INFO     RX        /ERR/LOKO/0x00000002
15:55:16.411  DEBUG    TX /CONTROLL/0,0,0,0,0,0,0,0,0
15:55:16.414  INFO     RX        /ERR/LOKO/0x00000002
15:55:16.414  INFO     RX        /ERR/LOKO/0x00000002
15:55:16.446  INFO     RX        /ERR/LOKO/0x00000002
15:55:16.446  INFO     RX        /ERR/LOKO/0x00000002
15:55:16.446  INFO     RX        /ERR/LOKO/0x00000002
15:55:16.481  INFO     RX        /ERR/LOKO/0x00000002
15:55:16.481  INFO     RX        /ERR/LOKO/0x00000002
15:55:16.481  INFO     RX        /ERR/LOKO/0x00000002
15:55:16.510  INFO     RX        /ERR/LOKO/0x00000002
15:55:16.510  INFO     RX        /ERR/LOKO/0x00000002
15:55:16.510  INFO     RX        /ERR/LOKO/0x00000002
15:55:16.542  INFO     RX        /ERR/LOKO/0x00000002
15:55:16.543  INFO     RX        /ERR/LOKO/0x00000002
15:55:16.579  INFO     RX        /ERR/LOKO/0x00000002
15:55:16.579  INFO     RX        /ERR/LOKO/0x00000002
15:55:16.579  INFO     RX        /ERR/LOKO/0x00000002
15:55:16.610  INFO     RX        /ERR/LOKO/0x00000002
15:55:16.611  INFO     RX        /ERR/LOKO/0x00000002
15:55:16.611  INFO     RX        /ERR/LOKO/0x00000002
15:55:16.643  INFO     RX        /ERR/LOKO/0x00000002
15:55:16.643  INFO     RX        /ERR/LOKO/0x00000002
15:55:16.643  INFO     RX        /ERR/LOKO/0x00000002
15:55:16.672  INFO     RX        /ERR/LOKO/0x00000002
15:55:16.672  INFO     RX        /ERR/LOKO/0x00000002
15:55:16.704  INFO     RX        /ERR/LOKO/0x00000002
15:55:16.705  INFO     RX        /ERR/LOKO/0x00000002
15:55:16.705  INFO     RX        /ERR/LOKO/0x00000002
15:55:16.739  INFO     RX        /ERR/LOKO/0x00000002
15:55:16.739  INFO     RX        /ERR/LOKO/0x00000002
15:55:16.740  INFO     RX        /ERR/LOKO/0x00000002
15:55:16.775  INFO     RX        /ERR/LOKO/0x00000002
15:55:16.775  INFO     RX        /ERR/LOKO/0x00000002
15:55:16.775  INFO     RX        /ERR/LOKO/0x00000002
15:55:16.802  INFO     RX        /ERR/LOKO/0x00000002
15:55:16.802  INFO     RX        /ERR/LOKO/0x00000002
15:55:16.834  INFO     RX        /ERR/LOKO/0x00000002
15:55:16.834  INFO     RX        /ERR/LOKO/0x00000002
15:55:16.834  INFO     RX        /ERR/LOKO/0x00000002
15:55:16.870  INFO     RX        /ERR/LOKO/0x00000002
15:55:16.870  INFO     RX        /ERR/LOKO/0x00000002
15:55:16.870  INFO     RX        /ERR/LOKO/0x00000002
15:55:16.902  INFO     RX        /ERR/LOKO/0x00000002
15:55:16.902  INFO     RX        /ERR/LOKO/0x00000002
15:55:16.902  INFO     RX        /ERR/LOKO/0x00000002
15:55:16.940  INFO     RX        /ERR/LOKO/0x00000002
15:55:16.941  INFO     RX        /ERR/LOKO/0x00000002
15:55:16.941  INFO     RX        /ERR/LOKO/0x00000002
15:55:16.965  INFO     RX        /ERR/LOKO/0x00000002
15:55:16.966  INFO     RX        /ERR/LOKO/0x00000002
15:55:16.966  INFO     RX        /ERR/LOKO/0x00000002
15:55:16.999  INFO     RX        /ERR/LOKO/0x00000002
15:55:16.999  INFO     RX        /ERR/LOKO/0x00000002
15:55:17.038  INFO     RX        /ERR/LOKO/0x00000002
15:55:17.038  INFO     RX        /ERR/LOKO/0x00000002
15:55:17.038  INFO     RX        /ERR/LOKO/0x00000002
15:55:17.038  INFO     RX        /ERR/LOKO/0x00000002
15:55:17.066  INFO     RX        /ERR/LOKO/0x00000002
15:55:17.066  INFO     RX        /ERR/LOKO/0x00000002
15:55:17.093  INFO     RX        /ERR/LOKO/0x00000002
15:55:17.093  INFO     RX        /ERR/LOKO/0x00000002
15:55:17.127  INFO     RX        /ERR/LOKO/0x00000002
15:55:17.127  INFO     RX        /ERR/LOKO/0x00000002
15:55:17.127  INFO     RX        /ERR/LOKO/0x00000002
15:55:17.157  INFO     RX        /ERR/LOKO/0x00000002
15:55:17.157  INFO     RX        /ERR/LOKO/0x00000002
15:55:17.157  INFO     RX        /ERR/LOKO/0x00000002
15:55:17.191  INFO     RX        /ERR/LOKO/0x00000002
15:55:17.191  INFO     RX        /ERR/LOKO/0x00000002
15:55:17.191  INFO     RX        /ERR/LOKO/0x00000002
15:55:17.221  INFO     RX        /ERR/LOKO/0x00000002
15:55:17.221  INFO     RX        /ERR/LOKO/0x00000002
15:55:17.252  INFO     RX        /ERR/LOKO/0x00000002
15:55:17.252  INFO     RX        /ERR/LOKO/0x00000002
15:55:17.253  INFO     RX        /ERR/LOKO/0x00000002
15:55:17.290  INFO     RX        /ERR/LOKO/0x00000002
15:55:17.290  INFO     RX        /ERR/LOKO/0x00000002
15:55:17.290  INFO     RX        /ERR/LOKO/0x00000002
15:55:17.322  INFO     RX        /ERR/LOKO/0x00000002
15:55:17.323  INFO     RX        /ERR/LOKO/0x00000002
15:55:17.323  INFO     RX        /ERR/LOKO/0x00000002
15:55:17.357  INFO     RX        /ERR/LOKO/0x00000002
15:55:17.357  INFO     RX        /ERR/LOKO/0x00000002
15:55:17.357  INFO     RX        /ERR/LOKO/0x00000002
15:55:17.385  INFO     RX        /ERR/LOKO/0x00000002
15:55:17.385  INFO     RX        /ERR/LOKO/0x00000002
15:55:17.417  INFO     RX        /ERR/LOKO/0x00000002
15:55:17.417  INFO     RX        /ERR/LOKO/0x00000002
15:55:17.417  INFO     RX        /ERR/LOKO/0x00000002
15:55:17.449  INFO     RX        /ERR/LOKO/0x00000002
15:55:17.449  INFO     RX        /ERR/LOKO/0x00000002
15:55:17.449  INFO     RX        /ERR/LOKO/0x00000002
15:55:17.481  INFO     RX        /ERR/LOKO/0x00000002
15:55:17.481  INFO     RX        /ERR/LOKO/0x00000002
15:55:17.481  INFO     RX        /ERR/LOKO/0x00000002
15:55:17.517  INFO     RX        /ERR/LOKO/0x00000002
15:55:17.517  INFO     RX        /ERR/LOKO/0x00000002
15:55:17.517  INFO     RX        /ERR/LOKO/0x00000002
15:55:17.545  INFO     RX        /ERR/LOKO/0x00000002
15:55:17.545  INFO     RX        /ERR/LOKO/0x00000002
15:55:17.581  INFO     RX        /ERR/LOKO/0x00000002
15:55:17.581  INFO     RX        /ERR/LOKO/0x00000002
15:55:17.581  INFO     RX        /ERR/LOKO/0x00000002
15:55:17.611  INFO     RX        /ERR/LOKO/0x00000002
15:55:17.611  INFO     RX        /ERR/LOKO/0x00000002
15:55:17.611  INFO     RX        /ERR/LOKO/0x00000002
15:55:17.645  INFO     RX        /ERR/LOKO/0x00000002
15:55:17.645  INFO     RX        /ERR/LOKO/0x00000002
15:55:17.645  INFO     RX        /ERR/LOKO/0x00000002
15:55:17.674  INFO     RX        /ERR/LOKO/0x00000002
15:55:17.674  INFO     RX        /ERR/LOKO/0x00000002
15:55:17.710  INFO     RX        /ERR/LOKO/0x00000002
15:55:17.710  INFO     RX        /ERR/LOKO/0x00000002
15:55:17.710  INFO     RX        /ERR/LOKO/0x00000002
15:55:17.739  INFO     RX        /ERR/LOKO/0x00000002
15:55:17.739  INFO     RX        /ERR/LOKO/0x00000002
15:55:17.739  INFO     RX        /ERR/LOKO/0x00000002
15:55:17.776  INFO     RX        /ERR/LOKO/0x00000002
15:55:17.776  INFO     RX        /ERR/LOKO/0x00000002
15:55:17.776  INFO     RX        /ERR/LOKO/0x00000002
15:55:17.803  INFO     RX        /ERR/LOKO/0x00000002
15:55:17.803  INFO     RX        /ERR/LOKO/0x00000002
15:55:17.838  INFO     RX        /ERR/LOKO/0x00000002
15:55:17.838  INFO     RX        /ERR/LOKO/0x00000002
15:55:17.838  INFO     RX        /ERR/LOKO/0x00000002
15:55:17.871  INFO     RX        /ERR/LOKO/0x00000002
15:55:17.872  INFO     RX        /ERR/LOKO/0x00000002
15:55:17.872  INFO     RX        /ERR/LOKO/0x00000002
15:55:17.899  INFO     RX        /ERR/LOKO/0x00000002
15:55:17.899  INFO     RX        /ERR/LOKO/0x00000002
15:55:17.934  INFO     RX        /ERR/LOKO/0x00000002
15:55:17.935  INFO     RX        /ERR/LOKO/0x00000002
15:55:17.935  INFO     RX        /ERR/LOKO/0x00000002
15:55:17.968  INFO     RX        /ERR/LOKO/0x00000002
15:55:17.968  INFO     RX        /ERR/LOKO/0x00000002
15:55:17.968  INFO     RX        /ERR/LOKO/0x00000002
15:55:17.994  INFO     RX        /ERR/LOKO/0x00000002
15:55:17.994  INFO     RX        /ERR/LOKO/0x00000002
15:55:17.995  INFO     RX        /ERR/LOKO/0x00000002
15:55:18.024  DEBUG    TX /CONTROLL/0,0,-23,-52,0,0,0,0,0
15:55:18.030  INFO     RX        /ERR/LOKO/0x00000002
15:55:18.030  INFO     RX        /ERR/LOKO/0x00000002
15:55:18.030  INFO     RX        /ERR/LOKO/0x00000002
15:55:18.061  INFO     RX        /ERR/LOKO/0x00000002
15:55:18.062  INFO     RX        /ERR/LOKO/0x00000002
15:55:18.094  INFO     RX        /ERR/LOKO/0x00000002
15:55:18.094  INFO     RX        /ERR/LOKO/0x00000002
15:55:18.094  INFO     RX        /ERR/LOKO/0x00000002
15:55:18.128  INFO     RX        /ERR/LOKO/0x00000002
15:55:18.128  INFO     RX        /ERR/LOKO/0x00000002
15:55:18.128  INFO     RX        /ERR/LOKO/0x00000002
15:55:18.156  INFO     RX        /ERR/LOKO/0x00000002
15:55:18.156  INFO     RX        /ERR/LOKO/0x00000002
15:55:18.191  INFO     RX        /ERR/LOKO/0x00000002
15:55:18.192  INFO     RX        /ERR/LOKO/0x00000002
15:55:18.192  INFO     RX        /ERR/LOKO/0x00000002
15:55:18.221  INFO     RX        /ERR/LOKO/0x00000002
15:55:18.222  INFO     RX        /ERR/LOKO/0x00000002
15:55:18.222  INFO     RX        /ERR/LOKO/0x00000002
15:55:18.253  INFO     RX        /ERR/LOKO/0x00000002
15:55:18.253  INFO     RX        /ERR/LOKO/0x00000002
15:55:18.253  INFO     RX        /ERR/LOKO/0x00000002
15:55:18.288  INFO     RX        /ERR/LOKO/0x00000002
15:55:18.288  INFO     RX        /ERR/LOKO/0x00000002
15:55:18.288  INFO     RX        /ERR/LOKO/0x00000002
15:55:18.317  INFO     RX        /ERR/LOKO/0x00000002
15:55:18.317  INFO     RX        /ERR/LOKO/0x00000002
15:55:18.348  INFO     RX        /ERR/LOKO/0x00000002
15:55:18.348  INFO     RX        /ERR/LOKO/0x00000002
15:55:18.348  INFO     RX        /ERR/LOKO/0x00000002
15:55:18.380  INFO     RX        /ERR/LOKO/0x00000002
15:55:18.380  INFO     RX        /ERR/LOKO/0x00000002
15:55:18.412  INFO     RX        /ERR/LOKO/0x00000002
15:55:18.412  INFO     RX        /ERR/LOKO/0x00000002
15:55:18.412  INFO     RX        /ERR/LOKO/0x00000002
15:55:18.448  INFO     RX        /ERR/LOKO/0x00000002
15:55:18.448  INFO     RX        /ERR/LOKO/0x00000002
15:55:18.448  INFO     RX        /ERR/LOKO/0x00000002
15:55:18.476  INFO     RX        /ERR/LOKO/0x00000002
15:55:18.476  INFO     RX        /ERR/LOKO/0x00000002
15:55:18.476  INFO     RX        /ERR/LOKO/0x00000002
15:55:18.512  INFO     RX        /ERR/LOKO/0x00000002
15:55:18.512  INFO     RX        /ERR/LOKO/0x00000002
15:55:18.512  INFO     RX        /ERR/LOKO/0x00000002
15:55:18.540  INFO     RX        /ERR/LOKO/0x00000002
15:55:18.540  INFO     RX        /ERR/LOKO/0x00000002
15:55:18.577  INFO     RX        /ERR/LOKO/0x00000002
15:55:18.577  INFO     RX        /ERR/LOKO/0x00000002
15:55:18.577  INFO     RX        /ERR/LOKO/0x00000002
15:55:18.604  INFO     RX        /ERR/LOKO/0x00000002
15:55:18.604  INFO     RX        /ERR/LOKO/0x00000002
15:55:18.604  INFO     RX        /ERR/LOKO/0x00000002
15:55:18.640  INFO     RX        /ERR/LOKO/0x00000002
15:55:18.640  INFO     RX        /ERR/LOKO/0x00000002
15:55:18.640  INFO     RX        /ERR/LOKO/0x00000002
15:55:18.670  INFO     RX        /ERR/LOKO/0x00000002
15:55:18.670  INFO     RX        /ERR/LOKO/0x00000002
15:55:18.701  INFO     RX        /ERR/LOKO/0x00000002
15:55:18.701  INFO     RX        /ERR/LOKO/0x00000002
15:55:18.702  INFO     RX        /ERR/LOKO/0x00000002
15:55:18.737  INFO     RX        /ERR/LOKO/0x00000002
15:55:18.737  INFO     RX        /ERR/LOKO/0x00000002
15:55:18.737  INFO     RX        /ERR/LOKO/0x00000002
15:55:18.765  INFO     RX        /ERR/LOKO/0x00000002
15:55:18.765  INFO     RX        /ERR/LOKO/0x00000002
15:55:18.800  INFO     RX        /ERR/LOKO/0x00000002
15:55:18.801  INFO     RX        /ERR/LOKO/0x00000002
15:55:18.801  INFO     RX        /ERR/LOKO/0x00000002
15:55:18.830  INFO     RX        /ERR/LOKO/0x00000002
15:55:18.830  INFO     RX        /ERR/LOKO/0x00000002
15:55:18.830  INFO     RX        /ERR/LOKO/0x00000002
15:55:18.866  INFO     RX        /ERR/LOKO/0x00000002
15:55:18.866  INFO     RX        /ERR/LOKO/0x00000002
15:55:18.866  INFO     RX        /ERR/LOKO/0x00000002
15:55:18.893  INFO     RX        /ERR/LOKO/0x00000002
15:55:18.893  INFO     RX        /ERR/LOKO/0x00000002
15:55:18.925  INFO     RX        /ERR/LOKO/0x00000002
15:55:18.925  INFO     RX        /ERR/LOKO/0x00000002
15:55:18.925  INFO     RX        /ERR/LOKO/0x00000002
15:55:18.961  INFO     RX        /ERR/LOKO/0x00000002
15:55:18.961  INFO     RX        /ERR/LOKO/0x00000002
15:55:18.961  INFO     RX        /ERR/LOKO/0x00000002
15:55:18.991  INFO     RX        /ERR/LOKO/0x00000002
15:55:18.991  INFO     RX        /ERR/LOKO/0x00000002
15:55:18.991  INFO     RX        /ERR/LOKO/0x00000002
15:55:19.026  INFO     RX        /ERR/LOKO/0x00000002
15:55:19.026  INFO     RX        /ERR/LOKO/0x00000002
15:55:19.026  INFO     RX        /ERR/LOKO/0x00000002
15:55:19.054  INFO     RX        /ERR/LOKO/0x00000002
15:55:19.055  INFO     RX        /ERR/LOKO/0x00000002
15:55:19.089  INFO     RX        /ERR/LOKO/0x00000002
15:55:19.089  INFO     RX        /ERR/LOKO/0x00000002
15:55:19.089  INFO     RX        /ERR/LOKO/0x00000002
15:55:19.122  INFO     RX        /ERR/LOKO/0x00000002
15:55:19.122  INFO     RX        /ERR/LOKO/0x00000002
15:55:19.122  INFO     RX        /ERR/LOKO/0x00000002
15:55:19.156  INFO     RX        /ERR/LOKO/0x00000002
15:55:19.156  INFO     RX        /ERR/LOKO/0x00000002
15:55:19.156  INFO     RX        /ERR/LOKO/0x00000002
15:55:19.184  INFO     RX        /ERR/LOKO/0x00000002
15:55:19.185  INFO     RX        /ERR/LOKO/0x00000002
15:55:19.219  INFO     RX        /ERR/LOKO/0x00000002
15:55:19.220  INFO     RX        /ERR/LOKO/0x00000002
15:55:19.220  INFO     RX        /ERR/LOKO/0x00000002
15:55:19.248  INFO     RX        /ERR/LOKO/0x00000002
15:55:19.248  INFO     RX        /ERR/LOKO/0x00000002
15:55:19.248  INFO     RX        /ERR/LOKO/0x00000002
15:55:19.280  INFO     RX        /ERR/LOKO/0x00000002
15:55:19.280  INFO     RX        /ERR/LOKO/0x00000002
15:55:19.315  INFO     RX        /ERR/LOKO/0x00000002
15:55:19.315  INFO     RX        /ERR/LOKO/0x00000002
15:55:19.315  INFO     RX        /ERR/LOKO/0x00000002
15:55:19.344  INFO     RX        /ERR/LOKO/0x00000002
15:55:19.344  INFO     RX        /ERR/LOKO/0x00000002
15:55:19.345  INFO     RX        /ERR/LOKO/0x00000002
15:55:19.380  INFO     RX        /ERR/LOKO/0x00000002
15:55:19.380  INFO     RX        /ERR/LOKO/0x00000002
15:55:19.380  INFO     RX        /ERR/LOKO/0x00000002
15:55:19.409  INFO     RX        /ERR/LOKO/0x00000002
15:55:19.409  INFO     RX        /ERR/LOKO/0x00000002
15:55:19.441  INFO     RX        /ERR/LOKO/0x00000002
15:55:19.441  INFO     RX        /ERR/LOKO/0x00000002
15:55:19.441  INFO     RX        /ERR/LOKO/0x00000002
15:55:19.475  INFO     RX        /ERR/LOKO/0x00000002
15:55:19.475  INFO     RX        /ERR/LOKO/0x00000002
15:55:19.475  INFO     RX        /ERR/LOKO/0x00000002
15:55:19.511  INFO     RX        /ERR/LOKO/0x00000002
15:55:19.511  INFO     RX        /ERR/LOKO/0x00000002
15:55:19.511  INFO     RX        /ERR/LOKO/0x00000002
15:55:19.541  INFO     RX        /ERR/LOKO/0x00000002
15:55:19.541  INFO     RX        /ERR/LOKO/0x00000002
15:55:19.541  INFO     RX        /ERR/LOKO/0x00000002
15:55:19.572  INFO     RX        /ERR/LOKO/0x00000002
15:55:19.572  INFO     RX        /ERR/LOKO/0x00000002
15:55:19.606  INFO     RX        /ERR/LOKO/0x00000002
15:55:19.606  INFO     RX        /ERR/LOKO/0x00000002
15:55:19.607  INFO     RX        /ERR/LOKO/0x00000002
15:55:19.629  DEBUG    TX /CONTROLL/0,0,0,0,0,0,0,0,0
15:55:19.632  INFO     RX        /ERR/LOKO/0x00000002
15:55:19.632  INFO     RX        /ERR/LOKO/0x00000002
15:55:19.667  INFO     RX        /ERR/LOKO/0x00000002
15:55:19.668  INFO     RX        /ERR/LOKO/0x00000002
15:55:19.668  INFO     RX        /ERR/LOKO/0x00000002
15:55:19.698  INFO     RX        /ERR/LOKO/0x00000002
15:55:19.698  INFO     RX        /ERR/LOKO/0x00000002
15:55:19.698  INFO     RX        /ERR/LOKO/0x00000002
15:55:19.734  INFO     RX        /ERR/LOKO/0x00000002
15:55:19.734  INFO     RX        /ERR/LOKO/0x00000002
15:55:19.734  INFO     RX        /ERR/LOKO/0x00000002
15:55:19.762  INFO     RX        /ERR/LOKO/0x00000002
15:55:19.762  INFO     RX        /ERR/LOKO/0x00000002
15:55:19.796  INFO     RX        /ERR/LOKO/0x00000002
15:55:19.796  INFO     RX        /ERR/LOKO/0x00000002
15:55:19.796  INFO     RX        /ERR/LOKO/0x00000002
15:55:19.826  INFO     RX        /ERR/LOKO/0x00000002
15:55:19.826  INFO     RX        /ERR/LOKO/0x00000002
15:55:19.826  INFO     RX        /ERR/LOKO/0x00000002
15:55:19.856  INFO     RX        /ERR/LOKO/0x00000002
15:55:19.857  INFO     RX        /ERR/LOKO/0x00000002
15:55:19.857  INFO     RX        /ERR/LOKO/0x00000002
15:55:19.890  INFO     RX        /ERR/LOKO/0x00000002
15:55:19.890  INFO     RX        /ERR/LOKO/0x00000002
15:55:19.921  INFO     RX        /ERR/LOKO/0x00000002
15:55:19.921  INFO     RX        /ERR/LOKO/0x00000002
15:55:19.921  INFO     RX        /ERR/LOKO/0x00000002
15:55:19.956  INFO     RX        /ERR/LOKO/0x00000002
15:55:19.956  INFO     RX        /ERR/LOKO/0x00000002
15:55:19.956  INFO     RX        /ERR/LOKO/0x00000002
15:55:19.985  INFO     RX        /ERR/LOKO/0x00000002
15:55:19.985  INFO     RX        /ERR/LOKO/0x00000002
15:55:19.985  INFO     RX        /ERR/LOKO/0x00000002
15:55:20.020  INFO     RX        /ERR/LOKO/0x00000002
15:55:20.020  INFO     RX        /ERR/LOKO/0x00000002
15:55:20.020  INFO     RX        /ERR/LOKO/0x00000002
15:55:20.048  INFO     RX        /ERR/LOKO/0x00000002
15:55:20.048  INFO     RX        /ERR/LOKO/0x00000002
15:55:20.084  INFO     RX        /ERR/LOKO/0x00000002
15:55:20.084  INFO     RX        /ERR/LOKO/0x00000002
15:55:20.084  INFO     RX        /ERR/LOKO/0x00000002
15:55:20.113  INFO     RX        /ERR/LOKO/0x00000002
15:55:20.114  INFO     RX        /ERR/LOKO/0x00000002
15:55:20.114  INFO     RX        /ERR/LOKO/0x00000002
15:55:20.144  INFO     RX        /ERR/LOKO/0x00000002
15:55:20.144  INFO     RX        /ERR/LOKO/0x00000002
15:55:20.179  INFO     RX        /ERR/LOKO/0x00000002
15:55:20.180  INFO     RX        /ERR/LOKO/0x00000002
15:55:20.180  INFO     RX        /ERR/LOKO/0x00000002
15:55:20.208  INFO     RX        /ERR/LOKO/0x00000002
15:55:20.208  INFO     RX        /ERR/LOKO/0x00000002
15:55:20.209  INFO     RX        /ERR/LOKO/0x00000002
15:55:20.244  INFO     RX        /ERR/LOKO/0x00000002
15:55:20.244  INFO     RX        /ERR/LOKO/0x00000002
15:55:20.244  INFO     RX        /ERR/LOKO/0x00000002
15:55:20.273  INFO     RX        /ERR/LOKO/0x00000002
15:55:20.273  INFO     RX        /ERR/LOKO/0x00000002
15:55:20.305  INFO     RX        /ERR/LOKO/0x00000002
15:55:20.305  INFO     RX        /ERR/LOKO/0x00000002
15:55:20.305  INFO     RX        /ERR/LOKO/0x00000002
15:55:20.341  INFO     RX        /ERR/LOKO/0x00000002
15:55:20.341  INFO     RX        /ERR/LOKO/0x00000002
15:55:20.341  INFO     RX        /ERR/LOKO/0x00000002
15:55:20.370  INFO     RX        /ERR/LOKO/0x00000002
15:55:20.370  INFO     RX        /ERR/LOKO/0x00000002
15:55:20.370  INFO     RX        /ERR/LOKO/0x00000002
15:55:20.406  INFO     RX        /ERR/LOKO/0x00000002
15:55:20.406  INFO     RX        /ERR/LOKO/0x00000002
15:55:20.406  INFO     RX        /ERR/LOKO/0x00000002
15:55:20.437  INFO     RX        /ERR/LOKO/0x00000002
15:55:20.437  INFO     RX        /ERR/LOKO/0x00000002
15:55:20.469  INFO     RX        /ERR/LOKO/0x00000002
15:55:20.469  INFO     RX        /ERR/LOKO/0x00000002
15:55:20.469  INFO     RX        /ERR/LOKO/0x00000002
15:55:20.503  INFO     RX        /ERR/LOKO/0x00000002
15:55:20.503  INFO     RX        /ERR/LOKO/0x00000002
15:55:20.503  INFO     RX        /ERR/LOKO/0x00000002
15:55:20.535  INFO     RX        /ERR/LOKO/0x00000002
15:55:20.535  INFO     RX        /ERR/LOKO/0x00000002
15:55:20.535  INFO     RX        /ERR/LOKO/0x00000002
15:55:20.564  INFO     RX        /ERR/LOKO/0x00000002
15:55:20.564  INFO     RX        /ERR/LOKO/0x00000002
15:55:20.597  INFO     RX        /ERR/LOKO/0x00000002
15:55:20.597  INFO     RX        /ERR/LOKO/0x00000002
15:55:20.597  INFO     RX        /ERR/LOKO/0x00000002
15:55:20.631  INFO     RX        /ERR/LOKO/0x00000002
15:55:20.631  INFO     RX        /ERR/LOKO/0x00000002
15:55:20.631  INFO     RX        /ERR/LOKO/0x00000002
15:55:20.661  INFO     RX        /ERR/LOKO/0x00000002
15:55:20.661  INFO     RX        /ERR/LOKO/0x00000002
15:55:20.696  INFO     RX        /ERR/LOKO/0x00000002
15:55:20.696  INFO     RX        /ERR/LOKO/0x00000002
15:55:20.696  INFO     RX        /ERR/LOKO/0x00000002
15:55:20.725  INFO     RX        /ERR/LOKO/0x00000002
15:55:20.725  INFO     RX        /ERR/LOKO/0x00000002
15:55:20.725  INFO     RX        /ERR/LOKO/0x00000002
15:55:20.755  INFO     RX        /ERR/LOKO/0x00000002
15:55:20.755  INFO     RX        /ERR/LOKO/0x00000002
15:55:20.790  INFO     RX        /ERR/LOKO/0x00000002
15:55:20.790  INFO     RX        /ERR/LOKO/0x00000002
15:55:20.790  INFO     RX        /ERR/LOKO/0x00000002
15:55:20.822  INFO     RX        /ERR/LOKO/0x00000002
15:55:20.823  INFO     RX        /ERR/LOKO/0x00000002
15:55:20.823  INFO     RX        /ERR/LOKO/0x00000002
15:55:20.857  INFO     RX        /ERR/LOKO/0x00000002
15:55:20.857  INFO     RX        /ERR/LOKO/0x00000002
15:55:20.857  INFO     RX        /ERR/LOKO/0x00000002
15:55:20.883  INFO     RX        /ERR/LOKO/0x00000002
15:55:20.883  INFO     RX        /ERR/LOKO/0x00000002
15:55:20.916  INFO     RX        /ERR/LOKO/0x00000002
15:55:20.916  INFO     RX        /ERR/LOKO/0x00000002
15:55:20.916  INFO     RX        /ERR/LOKO/0x00000002
15:55:20.951  INFO     RX        /ERR/LOKO/0x00000002
15:55:20.951  INFO     RX        /ERR/LOKO/0x00000002
15:55:20.951  INFO     RX        /ERR/LOKO/0x00000002
15:55:20.980  INFO     RX        /ERR/LOKO/0x00000002
15:55:20.980  INFO     RX        /ERR/LOKO/0x00000002
15:55:20.980  INFO     RX        /ERR/LOKO/0x00000002
15:55:21.015  INFO     RX        /ERR/LOKO/0x00000002
15:55:21.016  INFO     RX        /ERR/LOKO/0x00000002
15:55:21.016  INFO     RX        /ERR/LOKO/0x00000002
15:55:21.049  INFO     RX        /ERR/LOKO/0x00000002
15:55:21.049  INFO     RX        /ERR/LOKO/0x00000002
15:55:21.049  INFO     RX        /ERR/LOKO/0x00000002
15:55:21.077  INFO     RX        /ERR/LOKO/0x00000002
15:55:21.077  INFO     RX        /ERR/LOKO/0x00000002
15:55:21.112  INFO     RX        /ERR/LOKO/0x00000002
15:55:21.112  INFO     RX        /ERR/LOKO/0x00000002
15:55:21.112  INFO     RX        /ERR/LOKO/0x00000002
15:55:21.141  INFO     RX        /ERR/LOKO/0x00000002
15:55:21.142  INFO     RX        /ERR/LOKO/0x00000002
15:55:21.174  INFO     RX        /ERR/LOKO/0x00000002
15:55:21.174  INFO     RX        /ERR/LOKO/0x00000002
15:55:21.174  INFO     RX        /ERR/LOKO/0x00000002
15:55:21.210  INFO     RX        /ERR/LOKO/0x00000002
15:55:21.210  INFO     RX        /ERR/LOKO/0x00000002
15:55:21.210  INFO     RX        /ERR/LOKO/0x00000002
15:55:21.236  DEBUG    TX /CONTROLL/0,0,-12,-38,0,0,0,0,2
15:55:21.244  INFO     RX        /ERR/LOKO/0x00000002
15:55:21.244  INFO     RX        /ERR/LOKO/0x00000002
15:55:21.244  INFO     RX        /ERR/LOKO/0x00000002
15:55:21.272  INFO     RX        /ERR/LOKO/0x00000002
15:55:21.272  INFO     RX        /ERR/LOKO/0x00000002
15:55:21.272  INFO     RX        /ERR/LOKO/0x00000002
15:55:21.303  INFO     RX        /ERR/LOKO/0x00000002
15:55:21.303  INFO     RX        /ERR/LOKO/0x00000002
15:55:21.339  INFO     RX        /ERR/LOKO/0x00000002
15:55:21.339  INFO     RX        /ERR/LOKO/0x00000002
15:55:21.339  INFO     RX        /ERR/LOKO/0x00000002
15:55:21.371  INFO     RX        /ERR/LOKO/0x00000002
15:55:21.372  INFO     RX        /ERR/LOKO/0x00000002
15:55:21.372  INFO     RX        /ERR/LOKO/0x00000002
15:55:21.403  INFO     RX        /ERR/LOKO/0x00000002
15:55:21.404  INFO     RX        /ERR/LOKO/0x00000002
15:55:21.404  INFO     RX        /ERR/LOKO/0x00000002
15:55:21.432  INFO     RX        /ERR/LOKO/0x00000002
15:55:21.432  INFO     RX        /ERR/LOKO/0x00000002
15:55:21.464  INFO     RX        /ERR/LOKO/0x00000002
15:55:21.464  INFO     RX        /ERR/LOKO/0x00000002
15:55:21.464  INFO     RX        /ERR/LOKO/0x00000002
15:55:21.500  INFO     RX        /ERR/LOKO/0x00000002
15:55:21.501  INFO     RX        /ERR/LOKO/0x00000002
15:55:21.501  INFO     RX        /ERR/LOKO/0x00000002
15:55:21.530  INFO     RX        /ERR/LOKO/0x00000002
15:55:21.530  INFO     RX        /ERR/LOKO/0x00000002
15:55:21.530  INFO     RX        /ERR/LOKO/0x00000002
15:55:21.564  INFO     RX        /ERR/LOKO/0x00000002
15:55:21.565  INFO     RX        /ERR/LOKO/0x00000002
15:55:21.565  INFO     RX        /ERR/LOKO/0x00000002
15:55:21.593  INFO     RX        /ERR/LOKO/0x00000002
15:55:21.594  INFO     RX        /ERR/LOKO/0x00000002
15:55:21.629  INFO     RX        /ERR/LOKO/0x00000002
15:55:21.629  INFO     RX        /ERR/LOKO/0x00000002
15:55:21.629  INFO     RX        /ERR/LOKO/0x00000002
15:55:21.658  INFO     RX        /ERR/LOKO/0x00000002
15:55:21.658  INFO     RX        /ERR/LOKO/0x00000002
15:55:21.658  INFO     RX        /ERR/LOKO/0x00000002
15:55:21.693  INFO     RX        /ERR/LOKO/0x00000002
15:55:21.693  INFO     RX        /ERR/LOKO/0x00000002
15:55:21.694  INFO     RX        /ERR/LOKO/0x00000002
15:55:21.723  INFO     RX        /ERR/LOKO/0x00000002
15:55:21.723  INFO     RX        /ERR/LOKO/0x00000002
15:55:21.758  INFO     RX        /ERR/LOKO/0x00000002
15:55:21.758  INFO     RX        /ERR/LOKO/0x00000002
15:55:21.758  INFO     RX        /ERR/LOKO/0x00000002
15:55:21.787  INFO     RX        /ERR/LOKO/0x00000002
15:55:21.787  INFO     RX        /ERR/LOKO/0x00000002
15:55:21.787  INFO     RX        /ERR/LOKO/0x00000002
15:55:21.820  INFO     RX        /ERR/LOKO/0x00000002
15:55:21.820  INFO     RX        /ERR/LOKO/0x00000002
15:55:21.855  INFO     RX        /ERR/LOKO/0x00000002
15:55:21.855  INFO     RX        /ERR/LOKO/0x00000002
15:55:21.856  INFO     RX        /ERR/LOKO/0x00000002
15:55:21.885  INFO     RX        /ERR/LOKO/0x00000002
15:55:21.885  INFO     RX        /ERR/LOKO/0x00000002
15:55:21.885  INFO     RX        /ERR/LOKO/0x00000002
15:55:21.919  INFO     RX        /ERR/LOKO/0x00000002
15:55:21.919  INFO     RX        /ERR/LOKO/0x00000002
15:55:21.919  INFO     RX        /ERR/LOKO/0x00000002
15:55:21.949  INFO     RX        /ERR/LOKO/0x00000002
15:55:21.949  INFO     RX        /ERR/LOKO/0x00000002
15:55:21.984  INFO     RX        /ERR/LOKO/0x00000002
15:55:21.984  INFO     RX        /ERR/LOKO/0x00000002
15:55:21.984  INFO     RX        /ERR/LOKO/0x00000002
15:55:22.014  INFO     RX        /ERR/LOKO/0x00000002
15:55:22.014  INFO     RX        /ERR/LOKO/0x00000002
15:55:22.014  INFO     RX        /ERR/LOKO/0x00000002
15:55:22.050  INFO     RX        /ERR/LOKO/0x00000002
15:55:22.050  INFO     RX        /ERR/LOKO/0x00000002
15:55:22.050  INFO     RX        /ERR/LOKO/0x00000002
15:55:22.079  INFO     RX        /ERR/LOKO/0x00000002
15:55:22.079  INFO     RX        /ERR/LOKO/0x00000002
15:55:22.079  INFO     RX        /ERR/LOKO/0x00000002
15:55:22.115  INFO     RX        /ERR/LOKO/0x00000002
15:55:22.115  INFO     RX        /ERR/LOKO/0x00000002
15:55:22.115  INFO     RX        /ERR/LOKO/0x00000002
15:55:22.143  INFO     RX        /ERR/LOKO/0x00000002
15:55:22.143  INFO     RX        /ERR/LOKO/0x00000002
15:55:22.179  INFO     RX        /ERR/LOKO/0x00000002
15:55:22.179  INFO     RX        /ERR/LOKO/0x00000002
15:55:22.179  INFO     RX        /ERR/LOKO/0x00000002
15:55:22.211  INFO     RX        /ERR/LOKO/0x00000002
15:55:22.211  INFO     RX        /ERR/LOKO/0x00000002
15:55:22.211  INFO     RX        /ERR/LOKO/0x00000002
15:55:22.240  INFO     RX        /ERR/LOKO/0x00000002
15:55:22.240  INFO     RX        /ERR/LOKO/0x00000002
15:55:22.271  INFO     RX        /ERR/LOKO/0x00000002
15:55:22.272  INFO     RX        /ERR/LOKO/0x00000002
15:55:22.272  INFO     RX        /ERR/LOKO/0x00000002
15:55:22.305  INFO     RX        /ERR/LOKO/0x00000002
15:55:22.305  INFO     RX        /ERR/LOKO/0x00000002
15:55:22.305  INFO     RX        /ERR/LOKO/0x00000002
15:55:22.340  INFO     RX        /ERR/LOKO/0x00000002
15:55:22.340  INFO     RX        /ERR/LOKO/0x00000002
15:55:22.340  INFO     RX        /ERR/LOKO/0x00000002
15:55:22.370  INFO     RX        /ERR/LOKO/0x00000002
15:55:22.370  INFO     RX        /ERR/LOKO/0x00000002
15:55:22.405  INFO     RX        /ERR/LOKO/0x00000002
15:55:22.405  INFO     RX        /ERR/LOKO/0x00000002
15:55:22.405  INFO     RX        /ERR/LOKO/0x00000002
15:55:22.434  INFO     RX        /ERR/LOKO/0x00000002
15:55:22.434  INFO     RX        /ERR/LOKO/0x00000002
15:55:22.434  INFO     RX        /ERR/LOKO/0x00000002
15:55:22.469  INFO     RX        /ERR/LOKO/0x00000002
15:55:22.469  INFO     RX        /ERR/LOKO/0x00000002
15:55:22.469  INFO     RX        /ERR/LOKO/0x00000002
15:55:22.498  INFO     RX        /ERR/LOKO/0x00000002
15:55:22.498  INFO     RX        /ERR/LOKO/0x00000002
15:55:22.533  INFO     RX        /ERR/LOKO/0x00000002
15:55:22.533  INFO     RX        /ERR/LOKO/0x00000002
15:55:22.533  INFO     RX        /ERR/LOKO/0x00000002
15:55:22.563  INFO     RX        /ERR/LOKO/0x00000002
15:55:22.563  INFO     RX        /ERR/LOKO/0x00000002
15:55:22.563  INFO     RX        /ERR/LOKO/0x00000002
15:55:22.595  INFO     RX        /ERR/LOKO/0x00000002
15:55:22.595  INFO     RX        /ERR/LOKO/0x00000002
15:55:22.595  INFO     RX        /ERR/LOKO/0x00000002
15:55:22.630  INFO     RX        /ERR/LOKO/0x00000002
15:55:22.630  INFO     RX        /ERR/LOKO/0x00000002
15:55:22.630  INFO     RX        /ERR/LOKO/0x00000002
15:55:22.662  INFO     RX        /ERR/LOKO/0x00000002
15:55:22.662  INFO     RX        /ERR/LOKO/0x00000002
15:55:22.694  INFO     RX        /ERR/LOKO/0x00000002
15:55:22.694  INFO     RX        /ERR/LOKO/0x00000002
15:55:22.694  INFO     RX        /ERR/LOKO/0x00000002
15:55:22.724  INFO     RX        /ERR/LOKO/0x00000002
15:55:22.724  INFO     RX        /ERR/LOKO/0x00000002
15:55:22.724  INFO     RX        /ERR/LOKO/0x00000002
15:55:22.763  INFO     RX        /ERR/LOKO/0x00000002
15:55:22.764  INFO     RX        /ERR/LOKO/0x00000002
15:55:22.764  INFO     RX        /ERR/LOKO/0x00000002
15:55:22.788  INFO     RX        /ERR/LOKO/0x00000002
15:55:22.788  INFO     RX        /ERR/LOKO/0x00000002
15:55:22.823  INFO     RX        /ERR/LOKO/0x00000002
15:55:22.823  INFO     RX        /ERR/LOKO/0x00000002
15:55:22.823  INFO     RX        /ERR/LOKO/0x00000002
15:55:22.849  DEBUG    TX /CONTROLL/0,0,-22,-43,0,0,0,0,0
15:55:22.853  INFO     RX        /ERR/LOKO/0x00000002
15:55:22.853  INFO     RX        /ERR/LOKO/0x00000002
15:55:22.853  INFO     RX        /ERR/LOKO/0x00000002
15:55:22.887  INFO     RX        /ERR/LOKO/0x00000002
15:55:22.887  INFO     RX        /ERR/LOKO/0x00000002
15:55:22.887  INFO     RX        /ERR/LOKO/0x00000002
15:55:22.917  INFO     RX        /ERR/LOKO/0x00000002
15:55:22.917  INFO     RX        /ERR/LOKO/0x00000002
15:55:22.952  INFO     RX        /ERR/LOKO/0x00000002
15:55:22.952  INFO     RX        /ERR/LOKO/0x00000002
15:55:22.952  INFO     RX        /ERR/LOKO/0x00000002
15:55:22.980  INFO     RX        /ERR/LOKO/0x00000002
15:55:22.980  INFO     RX        /ERR/LOKO/0x00000002
15:55:22.980  INFO     RX        /ERR/LOKO/0x00000002
15:55:23.013  INFO     RX        /ERR/LOKO/0x00000002
15:55:23.013  INFO     RX        /ERR/LOKO/0x00000002
15:55:23.049  INFO     RX        /ERR/LOKO/0x00000002
15:55:23.049  INFO     RX        /ERR/LOKO/0x00000002
15:55:23.049  INFO     RX        /ERR/LOKO/0x00000002
15:55:23.078  INFO     RX        /ERR/LOKO/0x00000002
15:55:23.078  INFO     RX        /ERR/LOKO/0x00000002
15:55:23.079  INFO     RX        /ERR/LOKO/0x00000002
15:55:23.112  INFO     RX        /ERR/LOKO/0x00000002
15:55:23.112  INFO     RX        /ERR/LOKO/0x00000002
15:55:23.112  INFO     RX        /ERR/LOKO/0x00000002
15:55:23.141  INFO     RX        /ERR/LOKO/0x00000002
15:55:23.141  INFO     RX        /ERR/LOKO/0x00000002
15:55:23.173  INFO     RX        /ERR/LOKO/0x00000002
15:55:23.173  INFO     RX        /ERR/LOKO/0x00000002
15:55:23.173  INFO     RX        /ERR/LOKO/0x00000002
15:55:23.209  INFO     RX        /ERR/LOKO/0x00000002
15:55:23.209  INFO     RX        /ERR/LOKO/0x00000002
15:55:23.209  INFO     RX        /ERR/LOKO/0x00000002
15:55:23.243  INFO     RX        /ERR/LOKO/0x00000002
15:55:23.243  INFO     RX        /ERR/LOKO/0x00000002
15:55:23.243  INFO     RX        /ERR/LOKO/0x00000002
15:55:23.269  INFO     RX        /ERR/LOKO/0x00000002
15:55:23.269  INFO     RX        /ERR/LOKO/0x00000002
15:55:23.316  INFO     RX        /ERR/LOKO/0x00000002
15:55:23.316  INFO     RX        /ERR/LOKO/0x00000002
15:55:23.316  INFO     RX        /ERR/LOKO/0x00000002
15:55:23.316  INFO     RX        /ERR/LOKO/0x00000002
15:55:23.334  INFO     RX        /ERR/LOKO/0x00000002
15:55:23.334  INFO     RX        /ERR/LOKO/0x00000002
15:55:23.369  INFO     RX        /ERR/LOKO/0x00000002
15:55:23.369  INFO     RX        /ERR/LOKO/0x00000002
15:55:23.369  INFO     RX        /ERR/LOKO/0x00000002
15:55:23.399  INFO     RX        /ERR/LOKO/0x00000002
15:55:23.399  INFO     RX        /ERR/LOKO/0x00000002
15:55:23.431  INFO     RX        /ERR/LOKO/0x00000002
15:55:23.431  INFO     RX        /ERR/LOKO/0x00000002
15:55:23.431  INFO     RX        /ERR/LOKO/0x00000002
15:55:23.461  INFO     RX        /ERR/LOKO/0x00000002
15:55:23.461  INFO     RX        /ERR/LOKO/0x00000002
15:55:23.461  INFO     RX        /ERR/LOKO/0x00000002
15:55:23.494  INFO     RX        /ERR/LOKO/0x00000002
15:55:23.495  INFO     RX        /ERR/LOKO/0x00000002
15:55:23.495  INFO     RX        /ERR/LOKO/0x00000002
15:55:23.526  INFO     RX        /ERR/LOKO/0x00000002
15:55:23.526  INFO     RX        /ERR/LOKO/0x00000002
15:55:23.559  INFO     RX        /ERR/LOKO/0x00000002
15:55:23.559  INFO     RX        /ERR/LOKO/0x00000002
15:55:23.559  INFO     RX        /ERR/LOKO/0x00000002
15:55:23.592  INFO     RX        /ERR/LOKO/0x00000002
15:55:23.592  INFO     RX        /ERR/LOKO/0x00000002
15:55:23.592  INFO     RX        /ERR/LOKO/0x00000002
15:55:23.622  INFO     RX        /ERR/LOKO/0x00000002
15:55:23.622  INFO     RX        /ERR/LOKO/0x00000002
15:55:23.659  INFO     RX        /ERR/LOKO/0x00000002
15:55:23.659  INFO     RX        /ERR/LOKO/0x00000002
15:55:23.659  INFO     RX        /ERR/LOKO/0x00000002
15:55:23.686  INFO     RX        /ERR/LOKO/0x00000002
15:55:23.686  INFO     RX        /ERR/LOKO/0x00000002
15:55:23.686  INFO     RX        /ERR/LOKO/0x00000002
15:55:23.721  INFO     RX        /ERR/LOKO/0x00000002
15:55:23.722  INFO     RX        /ERR/LOKO/0x00000002
15:55:23.722  INFO     RX        /ERR/LOKO/0x00000002
15:55:23.751  INFO     RX        /ERR/LOKO/0x00000002
15:55:23.751  INFO     RX        /ERR/LOKO/0x00000002
15:55:23.787  INFO     RX        /ERR/LOKO/0x00000002
15:55:23.787  INFO     RX        /ERR/LOKO/0x00000002
15:55:23.787  INFO     RX        /ERR/LOKO/0x00000002
15:55:23.820  INFO     RX        /ERR/LOKO/0x00000002
15:55:23.821  INFO     RX        /ERR/LOKO/0x00000002
15:55:23.821  INFO     RX        /ERR/LOKO/0x00000002
15:55:23.848  INFO     RX        /ERR/LOKO/0x00000002
15:55:23.848  INFO     RX        /ERR/LOKO/0x00000002
15:55:23.848  INFO     RX        /ERR/LOKO/0x00000002
15:55:23.882  INFO     RX        /ERR/LOKO/0x00000002
15:55:23.882  INFO     RX        /ERR/LOKO/0x00000002
15:55:23.882  INFO     RX        /ERR/LOKO/0x00000002
15:55:23.911  INFO     RX        /ERR/LOKO/0x00000002
15:55:23.911  INFO     RX        /ERR/LOKO/0x00000002
15:55:23.944  INFO     RX        /ERR/LOKO/0x00000002
15:55:23.944  INFO     RX        /ERR/LOKO/0x00000002
15:55:23.944  INFO     RX        /ERR/LOKO/0x00000002
15:55:23.979  INFO     RX        /ERR/LOKO/0x00000002
15:55:23.979  INFO     RX        /ERR/LOKO/0x00000002
15:55:23.979  INFO     RX        /ERR/LOKO/0x00000002
15:55:24.011  INFO     RX        /ERR/LOKO/0x00000002
15:55:24.011  INFO     RX        /ERR/LOKO/0x00000002
15:55:24.011  INFO     RX        /ERR/LOKO/0x00000002
15:55:24.040  INFO     RX        /ERR/LOKO/0x00000002
15:55:24.040  INFO     RX        /ERR/LOKO/0x00000002
15:55:24.072  INFO     RX        /ERR/LOKO/0x00000002
15:55:24.072  INFO     RX        /ERR/LOKO/0x00000002
15:55:24.072  INFO     RX        /ERR/LOKO/0x00000002
15:55:24.107  INFO     RX        /ERR/LOKO/0x00000002
15:55:24.107  INFO     RX        /ERR/LOKO/0x00000002
15:55:24.107  INFO     RX        /ERR/LOKO/0x00000002
15:55:24.138  INFO     RX        /ERR/LOKO/0x00000002
15:55:24.139  INFO     RX        /ERR/LOKO/0x00000002
15:55:24.139  INFO     RX        /ERR/LOKO/0x00000002
15:55:24.170  INFO     RX        /ERR/LOKO/0x00000002
15:55:24.170  INFO     RX        /ERR/LOKO/0x00000002
15:55:24.203  INFO     RX        /ERR/LOKO/0x00000002
15:55:24.203  INFO     RX        /ERR/LOKO/0x00000002
15:55:24.203  INFO     RX        /ERR/LOKO/0x00000002
15:55:24.232  INFO     RX        /ERR/LOKO/0x00000002
15:55:24.232  INFO     RX        /ERR/LOKO/0x00000002
15:55:24.232  INFO     RX        /ERR/LOKO/0x00000002
15:55:24.265  INFO     RX        /ERR/LOKO/0x00000002
15:55:24.265  INFO     RX        /ERR/LOKO/0x00000002
15:55:24.298  INFO     RX        /ERR/LOKO/0x00000002
15:55:24.299  INFO     RX        /ERR/LOKO/0x00000002
15:55:24.299  INFO     RX        /ERR/LOKO/0x00000002
15:55:24.330  INFO     RX        /ERR/LOKO/0x00000002
15:55:24.330  INFO     RX        /ERR/LOKO/0x00000002
15:55:24.330  INFO     RX        /ERR/LOKO/0x00000002
15:55:24.364  INFO     RX        /ERR/LOKO/0x00000002
15:55:24.364  INFO     RX        /ERR/LOKO/0x00000002
15:55:24.364  INFO     RX        /ERR/LOKO/0x00000002
15:55:24.391  INFO     RX        /ERR/LOKO/0x00000002
15:55:24.391  INFO     RX        /ERR/LOKO/0x00000002
15:55:24.423  INFO     RX        /ERR/LOKO/0x00000002
15:55:24.423  INFO     RX        /ERR/LOKO/0x00000002
15:55:24.423  INFO     RX        /ERR/LOKO/0x00000002
15:55:24.452  DEBUG    TX /CONTROLL/0,0,0,0,0,0,0,0,0
15:55:24.458  INFO     RX        /ERR/LOKO/0x00000002
15:55:24.458  INFO     RX        /ERR/LOKO/0x00000002
15:55:24.458  INFO     RX        /ERR/LOKO/0x00000002
15:55:24.490  INFO     RX        /ERR/LOKO/0x00000002
15:55:24.490  INFO     RX        /ERR/LOKO/0x00000002
15:55:24.490  INFO     RX        /ERR/LOKO/0x00000002
15:55:24.520  INFO     RX        /ERR/LOKO/0x00000002
15:55:24.521  INFO     RX        /ERR/LOKO/0x00000002
15:55:24.555  INFO     RX        /ERR/LOKO/0x00000002
15:55:24.555  INFO     RX        /ERR/LOKO/0x00000002
15:55:24.555  INFO     RX        /ERR/LOKO/0x00000002
15:55:24.586  INFO     RX        /ERR/LOKO/0x00000002
15:55:24.586  INFO     RX        /ERR/LOKO/0x00000002
15:55:24.586  INFO     RX        /ERR/LOKO/0x00000002
15:55:24.623  INFO     RX        /ERR/LOKO/0x00000002
15:55:24.623  INFO     RX        /ERR/LOKO/0x00000002
15:55:24.623  INFO     RX        /ERR/LOKO/0x00000002
15:55:24.649  INFO     RX        /ERR/LOKO/0x00000002
15:55:24.649  INFO     RX        /ERR/LOKO/0x00000002
15:55:24.682  INFO     RX        /ERR/LOKO/0x00000002
15:55:24.682  INFO     RX        /ERR/LOKO/0x00000002
15:55:24.682  INFO     RX        /ERR/LOKO/0x00000002
15:55:24.717  INFO     RX        /ERR/LOKO/0x00000002
15:55:24.717  INFO     RX        /ERR/LOKO/0x00000002
15:55:24.717  INFO     RX        /ERR/LOKO/0x00000002
15:55:24.746  INFO     RX        /ERR/LOKO/0x00000002
15:55:24.746  INFO     RX        /ERR/LOKO/0x00000002
15:55:24.746  INFO     RX        /ERR/LOKO/0x00000002
15:55:24.780  INFO     RX        /ERR/LOKO/0x00000002
15:55:24.780  INFO     RX        /ERR/LOKO/0x00000002
15:55:24.780  INFO     RX        /ERR/LOKO/0x00000002
15:55:24.812  INFO     RX        /ERR/LOKO/0x00000002
15:55:24.812  INFO     RX        /ERR/LOKO/0x00000002
15:55:24.844  INFO     RX        /ERR/LOKO/0x00000002
15:55:24.845  INFO     RX        /ERR/LOKO/0x00000002
15:55:24.845  INFO     RX        /ERR/LOKO/0x00000002
15:55:24.878  INFO     RX        /ERR/LOKO/0x00000002
15:55:24.878  INFO     RX        /ERR/LOKO/0x00000002
15:55:24.878  INFO     RX        /ERR/LOKO/0x00000002
15:55:24.910  INFO     RX        /ERR/LOKO/0x00000002
15:55:24.911  INFO     RX        /ERR/LOKO/0x00000002
15:55:24.911  INFO     RX        /ERR/LOKO/0x00000002
15:55:24.941  INFO     RX        /ERR/LOKO/0x00000002
15:55:24.941  INFO     RX        /ERR/LOKO/0x00000002
15:55:24.971  INFO     RX        /ERR/LOKO/0x00000002
15:55:24.971  INFO     RX        /ERR/LOKO/0x00000002
15:55:24.971  INFO     RX        /ERR/LOKO/0x00000002
15:55:25.006  INFO     RX        /ERR/LOKO/0x00000002
15:55:25.006  INFO     RX        /ERR/LOKO/0x00000002
15:55:25.006  INFO     RX        /ERR/LOKO/0x00000002
15:55:25.040  INFO     RX        /ERR/LOKO/0x00000002
15:55:25.041  INFO     RX        /ERR/LOKO/0x00000002
15:55:25.041  INFO     RX        /ERR/LOKO/0x00000002
15:55:25.070  INFO     RX        /ERR/LOKO/0x00000002
15:55:25.070  INFO     RX        /ERR/LOKO/0x00000002
15:55:25.101  INFO     RX        /ERR/LOKO/0x00000002
15:55:25.101  INFO     RX        /ERR/LOKO/0x00000002
15:55:25.101  INFO     RX        /ERR/LOKO/0x00000002
15:55:25.135  INFO     RX        /ERR/LOKO/0x00000002
15:55:25.135  INFO     RX        /ERR/LOKO/0x00000002
15:55:25.135  INFO     RX        /ERR/LOKO/0x00000002
15:55:25.164  INFO     RX        /ERR/LOKO/0x00000002
15:55:25.164  INFO     RX        /ERR/LOKO/0x00000002
15:55:25.199  INFO     RX        /ERR/LOKO/0x00000002
15:55:25.199  INFO     RX        /ERR/LOKO/0x00000002
15:55:25.199  INFO     RX        /ERR/LOKO/0x00000002
15:55:25.229  INFO     RX        /ERR/LOKO/0x00000002
15:55:25.229  INFO     RX        /ERR/LOKO/0x00000002
15:55:25.229  INFO     RX        /ERR/LOKO/0x00000002
15:55:25.266  INFO     RX        /ERR/LOKO/0x00000002
15:55:25.266  INFO     RX        /ERR/LOKO/0x00000002
15:55:25.266  INFO     RX        /ERR/LOKO/0x00000002
15:55:25.294  INFO     RX        /ERR/LOKO/0x00000002
15:55:25.294  INFO     RX        /ERR/LOKO/0x00000002
15:55:25.294  INFO     RX        /ERR/LOKO/0x00000002
15:55:25.329  INFO     RX        /ERR/LOKO/0x00000002
15:55:25.329  INFO     RX        /ERR/LOKO/0x00000002
15:55:25.329  INFO     RX        /ERR/LOKO/0x00000002
15:55:25.358  INFO     RX        /ERR/LOKO/0x00000002
15:55:25.358  INFO     RX        /ERR/LOKO/0x00000002
15:55:25.391  INFO     RX        /ERR/LOKO/0x00000002
15:55:25.391  INFO     RX        /ERR/LOKO/0x00000002
15:55:25.391  INFO     RX        /ERR/LOKO/0x00000002
15:55:25.422  INFO     RX        /ERR/LOKO/0x00000002
15:55:25.422  INFO     RX        /ERR/LOKO/0x00000002
15:55:25.455  INFO     RX        /ERR/LOKO/0x00000002
15:55:25.455  INFO     RX        /ERR/LOKO/0x00000002
15:55:25.455  INFO     RX        /ERR/LOKO/0x00000002
15:55:25.488  INFO     RX        /ERR/LOKO/0x00000002
15:55:25.488  INFO     RX        /ERR/LOKO/0x00000002
15:55:25.489  INFO     RX        /ERR/LOKO/0x00000002
15:55:25.518  INFO     RX        /ERR/LOKO/0x00000002
15:55:25.519  INFO     RX        /ERR/LOKO/0x00000002
15:55:25.519  INFO     RX        /ERR/LOKO/0x00000002
15:55:25.553  INFO     RX        /ERR/LOKO/0x00000002
15:55:25.554  INFO     RX        /ERR/LOKO/0x00000002
15:55:25.554  INFO     RX        /ERR/LOKO/0x00000002
15:55:25.583  INFO     RX        /ERR/LOKO/0x00000002
15:55:25.583  INFO     RX        /ERR/LOKO/0x00000002
15:55:25.618  INFO     RX        /ERR/LOKO/0x00000002
15:55:25.618  INFO     RX        /ERR/LOKO/0x00000002
15:55:25.618  INFO     RX        /ERR/LOKO/0x00000002
15:55:25.650  INFO     RX        /ERR/LOKO/0x00000002
15:55:25.650  INFO     RX        /ERR/LOKO/0x00000002
15:55:25.650  INFO     RX        /ERR/LOKO/0x00000002
15:55:25.679  INFO     RX        /ERR/LOKO/0x00000002
15:55:25.679  INFO     RX        /ERR/LOKO/0x00000002
15:55:25.715  INFO     RX        /ERR/LOKO/0x00000002
15:55:25.715  INFO     RX        /ERR/LOKO/0x00000002
15:55:25.715  INFO     RX        /ERR/LOKO/0x00000002
15:55:25.745  INFO     RX        /ERR/LOKO/0x00000002
15:55:25.745  INFO     RX        /ERR/LOKO/0x00000002
15:55:25.745  INFO     RX        /ERR/LOKO/0x00000002
15:55:25.781  INFO     RX        /ERR/LOKO/0x00000002
15:55:25.781  INFO     RX        /ERR/LOKO/0x00000002
15:55:25.781  INFO     RX        /ERR/LOKO/0x00000002
15:55:25.809  INFO     RX        /ERR/LOKO/0x00000002
15:55:25.810  INFO     RX        /ERR/LOKO/0x00000002
15:55:25.810  INFO     RX        /ERR/LOKO/0x00000002
15:55:25.844  INFO     RX        /ERR/LOKO/0x00000002
15:55:25.844  INFO     RX        /ERR/LOKO/0x00000002
15:55:25.874  INFO     RX        /ERR/LOKO/0x00000002
15:55:25.874  INFO     RX        /ERR/LOKO/0x00000002
15:55:25.874  INFO     RX        /ERR/LOKO/0x00000002
15:55:25.906  INFO     RX        /ERR/LOKO/0x00000002
15:55:25.906  INFO     RX        /ERR/LOKO/0x00000002
15:55:25.906  INFO     RX        /ERR/LOKO/0x00000002
15:55:25.941  INFO     RX        /ERR/LOKO/0x00000002
15:55:25.941  INFO     RX        /ERR/LOKO/0x00000002
15:55:25.941  INFO     RX        /ERR/LOKO/0x00000002
15:55:25.970  INFO     RX        /ERR/LOKO/0x00000002
15:55:25.970  INFO     RX        /ERR/LOKO/0x00000002
15:55:26.006  INFO     RX        /ERR/LOKO/0x00000002
15:55:26.006  INFO     RX        /ERR/LOKO/0x00000002
15:55:26.006  INFO     RX        /ERR/LOKO/0x00000002
15:55:26.034  INFO     RX        /ERR/LOKO/0x00000002
15:55:26.034  INFO     RX        /ERR/LOKO/0x00000002
15:55:26.034  INFO     RX        /ERR/LOKO/0x00000002
15:55:26.061  DEBUG    TX /CONTROLL/0,0,0,0,0,0,0,0,0
15:55:26.069  INFO     RX        /ERR/LOKO/0x00000002
15:55:26.069  INFO     RX        /ERR/LOKO/0x00000002
15:55:26.069  INFO     RX        /ERR/LOKO/0x00000002
15:55:26.097  INFO     RX        /ERR/LOKO/0x00000002
15:55:26.097  INFO     RX        /ERR/LOKO/0x00000002
15:55:26.132  INFO     RX        /ERR/LOKO/0x00000002
15:55:26.132  INFO     RX        /ERR/LOKO/0x00000002
15:55:26.132  INFO     RX        /ERR/LOKO/0x00000002
15:55:26.160  INFO     RX        /ERR/LOKO/0x00000002
15:55:26.160  INFO     RX        /ERR/LOKO/0x00000002
15:55:26.160  INFO     RX        /ERR/LOKO/0x00000002
15:55:26.246  INFO     RX        /ERR/LOKO/0x00000002
15:55:26.246  INFO     RX        /ERR/LOKO/0x00000002
15:55:26.246  INFO     RX        /ERR/LOKO/0x00000002
15:55:26.246  INFO     RX        /ERR/LOKO/0x00000002
15:55:26.246  INFO     RX        /ERR/LOKO/0x00000002
15:55:26.246  INFO     RX        /ERR/LOKO/0x00000002
15:55:26.246  INFO     RX        /ERR/LOKO/0x00000002
15:55:26.256  INFO     RX        /ERR/LOKO/0x00000002
15:55:26.291  INFO     RX        /ERR/LOKO/0x00000002
15:55:26.291  INFO     RX        /ERR/LOKO/0x00000002
15:55:26.291  INFO     RX        /ERR/LOKO/0x00000002
15:55:26.322  INFO     RX        /ERR/LOKO/0x00000002
15:55:26.322  INFO     RX        /ERR/LOKO/0x00000002
15:55:26.353  INFO     RX        /ERR/LOKO/0x00000002
15:55:26.354  INFO     RX        /ERR/LOKO/0x00000002
15:55:26.354  INFO     RX        /ERR/LOKO/0x00000002
15:55:26.385  INFO     RX        /ERR/LOKO/0x00000002
15:55:26.385  INFO     RX        /ERR/LOKO/0x00000002
15:55:26.385  INFO     RX        /ERR/LOKO/0x00000002
15:55:26.420  INFO     RX        /ERR/LOKO/0x00000002
15:55:26.420  INFO     RX        /ERR/LOKO/0x00000002
15:55:26.420  INFO     RX        /ERR/LOKO/0x00000002
15:55:26.453  INFO     RX        /ERR/LOKO/0x00000002
15:55:26.453  INFO     RX        /ERR/LOKO/0x00000002
15:55:26.484  INFO     RX        /ERR/LOKO/0x00000002
15:55:26.484  INFO     RX        /ERR/LOKO/0x00000002
15:55:26.484  INFO     RX        /ERR/LOKO/0x00000002
15:55:26.523  INFO     RX        /ERR/LOKO/0x00000002
15:55:26.523  INFO     RX        /ERR/LOKO/0x00000002
15:55:26.523  INFO     RX        /ERR/LOKO/0x00000002
15:55:26.523  INFO     RX        /ERR/LOKO/0x00000002
15:55:26.547  INFO     RX        /ERR/LOKO/0x00000002
15:55:26.547  INFO     RX        /ERR/LOKO/0x00000002
15:55:26.583  INFO     RX        /ERR/LOKO/0x00000002
15:55:26.583  INFO     RX        /ERR/LOKO/0x00000002
15:55:26.583  INFO     RX        /ERR/LOKO/0x00000002
15:55:26.615  INFO     RX        /ERR/LOKO/0x00000002
15:55:26.615  INFO     RX        /ERR/LOKO/0x00000002
15:55:26.643  INFO     RX        /ERR/LOKO/0x00000002
15:55:26.643  INFO     RX        /ERR/LOKO/0x00000002
15:55:26.643  INFO     RX        /ERR/LOKO/0x00000002
15:55:26.680  INFO     RX        /ERR/LOKO/0x00000002
15:55:26.680  INFO     RX        /ERR/LOKO/0x00000002
15:55:26.680  INFO     RX        /ERR/LOKO/0x00000002
15:55:26.707  INFO     RX        /ERR/LOKO/0x00000002
15:55:26.707  INFO     RX        /ERR/LOKO/0x00000002
15:55:26.744  INFO     RX        /ERR/LOKO/0x00000002
15:55:26.745  INFO     RX        /ERR/LOKO/0x00000002
15:55:26.745  INFO     RX        /ERR/LOKO/0x00000002
15:55:26.745  INFO     RX        /ERR/LOKO/0x00000002
15:55:26.773  INFO     RX        /ERR/LOKO/0x00000002
15:55:26.773  INFO     RX        /ERR/LOKO/0x00000002
15:55:26.806  INFO     RX        /ERR/LOKO/0x00000002
15:55:26.806  INFO     RX        /ERR/LOKO/0x00000002
15:55:26.806  INFO     RX        /ERR/LOKO/0x00000002
15:55:26.834  INFO     RX        /ERR/LOKO/0x00000002
15:55:26.835  INFO     RX        /ERR/LOKO/0x00000002
15:55:26.870  INFO     RX        /ERR/LOKO/0x00000002
15:55:26.870  INFO     RX        /ERR/LOKO/0x00000002
15:55:26.870  INFO     RX        /ERR/LOKO/0x00000002
15:55:26.899  INFO     RX        /ERR/LOKO/0x00000002
15:55:26.899  INFO     RX        /ERR/LOKO/0x00000002
15:55:26.899  INFO     RX        /ERR/LOKO/0x00000002
15:55:26.930  INFO     RX        /ERR/LOKO/0x00000002
15:55:26.930  INFO     RX        /ERR/LOKO/0x00000002
15:55:26.963  INFO     RX        /ERR/LOKO/0x00000002
15:55:26.963  INFO     RX        /ERR/LOKO/0x00000002
15:55:26.963  INFO     RX        /ERR/LOKO/0x00000002
15:55:26.994  INFO     RX        /ERR/LOKO/0x00000002
15:55:26.994  INFO     RX        /ERR/LOKO/0x00000002
15:55:26.994  INFO     RX        /ERR/LOKO/0x00000002
15:55:27.029  INFO     RX        /ERR/LOKO/0x00000002
15:55:27.029  INFO     RX        /ERR/LOKO/0x00000002
15:55:27.029  INFO     RX        /ERR/LOKO/0x00000002
15:55:27.059  INFO     RX        /ERR/LOKO/0x00000002
15:55:27.059  INFO     RX        /ERR/LOKO/0x00000002
15:55:27.091  INFO     RX        /ERR/LOKO/0x00000002
15:55:27.091  INFO     RX        /ERR/LOKO/0x00000002
15:55:27.092  INFO     RX        /ERR/LOKO/0x00000002
15:55:27.127  INFO     RX        /ERR/LOKO/0x00000002
15:55:27.127  INFO     RX        /ERR/LOKO/0x00000002
15:55:27.127  INFO     RX        /ERR/LOKO/0x00000002
15:55:27.155  INFO     RX        /ERR/LOKO/0x00000002
15:55:27.155  INFO     RX        /ERR/LOKO/0x00000002
15:55:27.155  INFO     RX        /ERR/LOKO/0x00000002
15:55:27.191  INFO     RX        /ERR/LOKO/0x00000002
15:55:27.191  INFO     RX        /ERR/LOKO/0x00000002
15:55:27.191  INFO     RX        /ERR/LOKO/0x00000002
15:55:27.225  INFO     RX        /ERR/LOKO/0x00000002
15:55:27.225  INFO     RX        /ERR/LOKO/0x00000002
15:55:27.251  INFO     RX        /ERR/LOKO/0x00000002
15:55:27.251  INFO     RX        /ERR/LOKO/0x00000002
15:55:27.251  INFO     RX        /ERR/LOKO/0x00000002
15:55:27.287  INFO     RX        /ERR/LOKO/0x00000002
15:55:27.287  INFO     RX        /ERR/LOKO/0x00000002
15:55:27.287  INFO     RX        /ERR/LOKO/0x00000002
15:55:27.317  INFO     RX        /ERR/LOKO/0x00000002
15:55:27.317  INFO     RX        /ERR/LOKO/0x00000002
15:55:27.317  INFO     RX        /ERR/LOKO/0x00000002
15:55:27.351  INFO     RX        /ERR/LOKO/0x00000002
15:55:27.351  INFO     RX        /ERR/LOKO/0x00000002
15:55:27.382  INFO     RX        /ERR/LOKO/0x00000002
15:55:27.382  INFO     RX        /ERR/LOKO/0x00000002
15:55:27.383  INFO     RX        /ERR/LOKO/0x00000002
15:55:27.415  INFO     RX        /ERR/LOKO/0x00000002
15:55:27.415  INFO     RX        /ERR/LOKO/0x00000002
15:55:27.415  INFO     RX        /ERR/LOKO/0x00000002
15:55:27.444  INFO     RX        /ERR/LOKO/0x00000002
15:55:27.444  INFO     RX        /ERR/LOKO/0x00000002
15:55:27.479  INFO     RX        /ERR/LOKO/0x00000002
15:55:27.479  INFO     RX        /ERR/LOKO/0x00000002
15:55:27.479  INFO     RX        /ERR/LOKO/0x00000002
15:55:27.509  INFO     RX        /ERR/LOKO/0x00000002
15:55:27.509  INFO     RX        /ERR/LOKO/0x00000002
15:55:27.509  INFO     RX        /ERR/LOKO/0x00000002
15:55:27.543  INFO     RX        /ERR/LOKO/0x00000002
15:55:27.543  INFO     RX        /ERR/LOKO/0x00000002
15:55:27.543  INFO     RX        /ERR/LOKO/0x00000002
15:55:27.572  INFO     RX        /ERR/LOKO/0x00000002
15:55:27.573  INFO     RX        /ERR/LOKO/0x00000002
15:55:27.611  INFO     RX        /ERR/LOKO/0x00000002
15:55:27.611  INFO     RX        /ERR/LOKO/0x00000002
15:55:27.611  INFO     RX        /ERR/LOKO/0x00000002
15:55:27.636  INFO     RX        /ERR/LOKO/0x00000002
15:55:27.637  INFO     RX        /ERR/LOKO/0x00000002
15:55:27.637  INFO     RX        /ERR/LOKO/0x00000002
15:55:27.666  DEBUG    TX /CONTROLL/0,0,0,0,0,0,0,0,0
15:55:27.672  INFO     RX        /ERR/LOKO/0x00000002
15:55:27.672  INFO     RX        /ERR/LOKO/0x00000002
15:55:27.672  INFO     RX        /ERR/LOKO/0x00000002
15:55:27.701  INFO     RX        /ERR/LOKO/0x00000002
15:55:27.702  INFO     RX        /ERR/LOKO/0x00000002
15:55:27.702  INFO     RX        /ERR/LOKO/0x00000002
15:55:27.738  INFO     RX        /ERR/LOKO/0x00000002
15:55:27.738  INFO     RX        /ERR/LOKO/0x00000002
15:55:27.738  INFO     RX        /ERR/LOKO/0x00000002
15:55:27.765  INFO     RX        /ERR/LOKO/0x00000002
15:55:27.765  INFO     RX        /ERR/LOKO/0x00000002
15:55:27.801  INFO     RX        /ERR/LOKO/0x00000002
15:55:27.801  INFO     RX        /ERR/LOKO/0x00000002
15:55:27.801  INFO     RX        /ERR/LOKO/0x00000002
15:55:27.831  INFO     RX        /ERR/LOKO/0x00000002
15:55:27.831  INFO     RX        /ERR/LOKO/0x00000002
15:55:27.831  INFO     RX        /ERR/LOKO/0x00000002
15:55:27.866  INFO     RX        /ERR/LOKO/0x00000002
15:55:27.866  INFO     RX        /ERR/LOKO/0x00000002
15:55:27.866  INFO     RX        /ERR/LOKO/0x00000002
15:55:27.896  INFO     RX        /ERR/LOKO/0x00000002
15:55:27.896  INFO     RX        /ERR/LOKO/0x00000002
15:55:27.926  INFO     RX        /ERR/LOKO/0x00000002
15:55:27.926  INFO     RX        /ERR/LOKO/0x00000002
15:55:27.926  INFO     RX        /ERR/LOKO/0x00000002
15:55:27.959  INFO     RX        /ERR/LOKO/0x00000002
15:55:27.959  INFO     RX        /ERR/LOKO/0x00000002
15:55:27.959  INFO     RX        /ERR/LOKO/0x00000002
15:55:27.998  INFO     RX        /ERR/LOKO/0x00000002
15:55:27.998  INFO     RX        /ERR/LOKO/0x00000002
15:55:27.999  INFO     RX        /ERR/LOKO/0x00000002
15:55:28.023  INFO     RX        /ERR/LOKO/0x00000002
15:55:28.023  INFO     RX        /ERR/LOKO/0x00000002
15:55:28.057  INFO     RX        /ERR/LOKO/0x00000002
15:55:28.057  INFO     RX        /ERR/LOKO/0x00000002
15:55:28.057  INFO     RX        /ERR/LOKO/0x00000002
15:55:28.090  INFO     RX        /ERR/LOKO/0x00000002
15:55:28.090  INFO     RX        /ERR/LOKO/0x00000002
15:55:28.090  INFO     RX        /ERR/LOKO/0x00000002
15:55:28.121  INFO     RX        /ERR/LOKO/0x00000002
15:55:28.121  INFO     RX        /ERR/LOKO/0x00000002
15:55:28.121  INFO     RX        /ERR/LOKO/0x00000002
15:55:28.154  INFO     RX        /ERR/LOKO/0x00000002
15:55:28.154  INFO     RX        /ERR/LOKO/0x00000002
15:55:28.154  INFO     RX        /ERR/LOKO/0x00000002
15:55:28.187  INFO     RX        /ERR/LOKO/0x00000002
15:55:28.187  INFO     RX        /ERR/LOKO/0x00000002
15:55:28.187  INFO     RX        /ERR/LOKO/0x00000002
15:55:28.216  INFO     RX        /ERR/LOKO/0x00000002
15:55:28.216  INFO     RX        /ERR/LOKO/0x00000002
15:55:28.251  INFO     RX        /ERR/LOKO/0x00000002
15:55:28.251  INFO     RX        /ERR/LOKO/0x00000002
15:55:28.251  INFO     RX        /ERR/LOKO/0x00000002
15:55:28.281  INFO     RX        /ERR/LOKO/0x00000002
15:55:28.281  INFO     RX        /ERR/LOKO/0x00000002
15:55:28.281  INFO     RX        /ERR/LOKO/0x00000002
15:55:28.316  INFO     RX        /ERR/LOKO/0x00000002
15:55:28.316  INFO     RX        /ERR/LOKO/0x00000002
15:55:28.316  INFO     RX        /ERR/LOKO/0x00000002
15:55:28.346  INFO     RX        /ERR/LOKO/0x00000002
15:55:28.346  INFO     RX        /ERR/LOKO/0x00000002
15:55:28.382  INFO     RX        /ERR/LOKO/0x00000002
15:55:28.382  INFO     RX        /ERR/LOKO/0x00000002
15:55:28.382  INFO     RX        /ERR/LOKO/0x00000002
15:55:28.382  INFO     RX        /ERR/LOKO/0x00000002
15:55:28.409  INFO     RX        /ERR/LOKO/0x00000002
15:55:28.409  INFO     RX        /ERR/LOKO/0x00000002
15:55:28.442  INFO     RX        /ERR/LOKO/0x00000002
15:55:28.442  INFO     RX        /ERR/LOKO/0x00000002
15:55:28.442  INFO     RX        /ERR/LOKO/0x00000002
15:55:28.477  INFO     RX        /ERR/LOKO/0x00000002
15:55:28.477  INFO     RX        /ERR/LOKO/0x00000002
15:55:28.477  INFO     RX        /ERR/LOKO/0x00000002
15:55:28.506  INFO     RX        /ERR/LOKO/0x00000002
15:55:28.506  INFO     RX        /ERR/LOKO/0x00000002
15:55:28.539  INFO     RX        /ERR/LOKO/0x00000002
15:55:28.539  INFO     RX        /ERR/LOKO/0x00000002
15:55:28.539  INFO     RX        /ERR/LOKO/0x00000002
15:55:28.576  INFO     RX        /ERR/LOKO/0x00000002
15:55:28.576  INFO     RX        /ERR/LOKO/0x00000002
15:55:28.576  INFO     RX        /ERR/LOKO/0x00000002
15:55:28.608  INFO     RX        /ERR/LOKO/0x00000002
15:55:28.608  INFO     RX        /ERR/LOKO/0x00000002
15:55:28.608  INFO     RX        /ERR/LOKO/0x00000002
15:55:28.639  INFO     RX        /ERR/LOKO/0x00000002
15:55:28.639  INFO     RX        /ERR/LOKO/0x00000002
15:55:28.673  INFO     RX        /ERR/LOKO/0x00000002
15:55:28.673  INFO     RX        /ERR/LOKO/0x00000002
15:55:28.673  INFO     RX        /ERR/LOKO/0x00000002
15:55:28.701  INFO     RX        /ERR/LOKO/0x00000002
15:55:28.701  INFO     RX        /ERR/LOKO/0x00000002
15:55:28.701  INFO     RX        /ERR/LOKO/0x00000002
15:55:28.735  INFO     RX        /ERR/LOKO/0x00000002
15:55:28.735  INFO     RX        /ERR/LOKO/0x00000002
15:55:28.735  INFO     RX        /ERR/LOKO/0x00000002
15:55:28.824  INFO     RX        /ERR/LOKO/0x00000002
15:55:28.824  INFO     RX        /ERR/LOKO/0x00000002
15:55:28.824  INFO     RX        /ERR/LOKO/0x00000002
15:55:28.824  INFO     RX        /ERR/LOKO/0x00000002
15:55:28.824  INFO     RX        /ERR/LOKO/0x00000002
15:55:28.824  INFO     RX        /ERR/LOKO/0x00000002
15:55:28.824  INFO     RX        /ERR/LOKO/0x00000002
15:55:28.824  INFO     RX        /ERR/LOKO/0x00000002
15:55:28.849  INFO     RX        /ERR/LOKO/0x00000002
15:55:28.849  INFO     RX        /ERR/LOKO/0x00000002
15:55:28.857  INFO     RX        /ERR/LOKO/0x00000002
15:55:28.895  INFO     RX        /ERR/LOKO/0x00000002
15:55:28.895  INFO     RX        /ERR/LOKO/0x00000002
15:55:28.895  INFO     RX        /ERR/LOKO/0x00000002
15:55:28.927  INFO     RX        /ERR/LOKO/0x00000002
15:55:28.927  INFO     RX        /ERR/LOKO/0x00000002
15:55:28.927  INFO     RX        /ERR/LOKO/0x00000002
15:55:28.958  INFO     RX        /ERR/LOKO/0x00000002
15:55:28.958  INFO     RX        /ERR/LOKO/0x00000002
15:55:28.993  INFO     RX        /ERR/LOKO/0x00000002
15:55:28.993  INFO     RX        /ERR/LOKO/0x00000002
15:55:28.994  INFO     RX        /ERR/LOKO/0x00000002
15:55:29.022  INFO     RX        /ERR/LOKO/0x00000002
15:55:29.023  INFO     RX        /ERR/LOKO/0x00000002
15:55:29.023  INFO     RX        /ERR/LOKO/0x00000002
15:55:29.056  INFO     RX        /ERR/LOKO/0x00000002
15:55:29.056  INFO     RX        /ERR/LOKO/0x00000002
15:55:29.056  INFO     RX        /ERR/LOKO/0x00000002
15:55:29.086  INFO     RX        /ERR/LOKO/0x00000002
15:55:29.086  INFO     RX        /ERR/LOKO/0x00000002
15:55:29.121  INFO     RX        /ERR/LOKO/0x00000002
15:55:29.121  INFO     RX        /ERR/LOKO/0x00000002
15:55:29.121  INFO     RX        /ERR/LOKO/0x00000002
15:55:29.150  INFO     RX        /ERR/LOKO/0x00000002
15:55:29.150  INFO     RX        /ERR/LOKO/0x00000002
15:55:29.150  INFO     RX        /ERR/LOKO/0x00000002
15:55:29.183  INFO     RX        /ERR/LOKO/0x00000002
15:55:29.184  INFO     RX        /ERR/LOKO/0x00000002
15:55:29.184  INFO     RX        /ERR/LOKO/0x00000002
15:55:29.218  INFO     RX        /ERR/LOKO/0x00000002
15:55:29.218  INFO     RX        /ERR/LOKO/0x00000002
15:55:29.218  INFO     RX        /ERR/LOKO/0x00000002
15:55:29.251  INFO     RX        /ERR/LOKO/0x00000002
15:55:29.251  INFO     RX        /ERR/LOKO/0x00000002
15:55:29.251  INFO     RX        /ERR/LOKO/0x00000002
15:55:29.276  DEBUG    TX /CONTROLL/0,0,0,99,0,0,0,0,0
15:55:29.279  INFO     RX        /ERR/LOKO/0x00000002
15:55:29.279  INFO     RX        /ERR/LOKO/0x00000002
15:55:29.311  INFO     RX        /ERR/LOKO/0x00000002
15:55:29.312  INFO     RX        /ERR/LOKO/0x00000002
15:55:29.312  INFO     RX        /ERR/LOKO/0x00000002
15:55:29.348  INFO     RX        /ERR/LOKO/0x00000002
15:55:29.348  INFO     RX        /ERR/LOKO/0x00000002
15:55:29.348  INFO     RX        /ERR/LOKO/0x00000002
15:55:29.377  INFO     RX        /ERR/LOKO/0x00000002
15:55:29.377  INFO     RX        /ERR/LOKO/0x00000002
15:55:29.377  INFO     RX        /ERR/LOKO/0x00000002
15:55:29.412  INFO     RX        /ERR/LOKO/0x00000002
15:55:29.412  INFO     RX        /ERR/LOKO/0x00000002
15:55:29.412  INFO     RX        /ERR/LOKO/0x00000002
15:55:29.440  INFO     RX        /ERR/LOKO/0x00000002
15:55:29.440  INFO     RX        /ERR/LOKO/0x00000002
15:55:29.473  INFO     RX        /ERR/LOKO/0x00000002
15:55:29.473  INFO     RX        /ERR/LOKO/0x00000002
15:55:29.473  INFO     RX        /ERR/LOKO/0x00000002
15:55:29.505  INFO     RX        /ERR/LOKO/0x00000002
15:55:29.505  INFO     RX        /ERR/LOKO/0x00000002
15:55:29.505  INFO     RX        /ERR/LOKO/0x00000002
15:55:29.542  INFO     RX        /ERR/LOKO/0x00000002
15:55:29.542  INFO     RX        /ERR/LOKO/0x00000002
15:55:29.542  INFO     RX        /ERR/LOKO/0x00000002
15:55:29.570  INFO     RX        /ERR/LOKO/0x00000002
15:55:29.570  INFO     RX        /ERR/LOKO/0x00000002
15:55:29.603  INFO     RX        /ERR/LOKO/0x00000002
15:55:29.604  INFO     RX        /ERR/LOKO/0x00000002
15:55:29.604  INFO     RX        /ERR/LOKO/0x00000002
15:55:29.635  INFO     RX        /ERR/LOKO/0x00000002
15:55:29.635  INFO     RX        /ERR/LOKO/0x00000002
15:55:29.635  INFO     RX        /ERR/LOKO/0x00000002
15:55:29.666  INFO     RX        /ERR/LOKO/0x00000002
15:55:29.666  INFO     RX        /ERR/LOKO/0x00000002
15:55:29.666  INFO     RX        /ERR/LOKO/0x00000002
15:55:29.701  INFO     RX        /ERR/LOKO/0x00000002
15:55:29.701  INFO     RX        /ERR/LOKO/0x00000002
15:55:29.701  INFO     RX        /ERR/LOKO/0x00000002
15:55:29.734  INFO     RX        /ERR/LOKO/0x00000002
15:55:29.734  INFO     RX        /ERR/LOKO/0x00000002
15:55:29.734  INFO     RX        /ERR/LOKO/0x00000002
15:55:29.761  INFO     RX        /ERR/LOKO/0x00000002
15:55:29.762  INFO     RX        /ERR/LOKO/0x00000002
15:55:29.803  INFO     RX        /ERR/LOKO/0x00000002
15:55:29.804  INFO     RX        /ERR/LOKO/0x00000002
15:55:29.804  INFO     RX        /ERR/LOKO/0x00000002
15:55:29.828  INFO     RX        /ERR/LOKO/0x00000002
15:55:29.828  INFO     RX        /ERR/LOKO/0x00000002
15:55:29.828  INFO     RX        /ERR/LOKO/0x00000002
15:55:29.860  INFO     RX        /ERR/LOKO/0x00000002
15:55:29.860  INFO     RX        /ERR/LOKO/0x00000002
15:55:29.896  INFO     RX        /ERR/LOKO/0x00000002
15:55:29.897  INFO     RX        /ERR/LOKO/0x00000002
15:55:29.897  INFO     RX        /ERR/LOKO/0x00000002
15:55:29.897  INFO     RX        /ERR/LOKO/0x00000002
15:55:29.924  INFO     RX        /ERR/LOKO/0x00000002
15:55:29.924  INFO     RX        /ERR/LOKO/0x00000002
15:55:29.955  INFO     RX        /ERR/LOKO/0x00000002
15:55:29.955  INFO     RX        /ERR/LOKO/0x00000002
15:55:29.955  INFO     RX        /ERR/LOKO/0x00000002
15:55:29.990  INFO     RX        /ERR/LOKO/0x00000002
15:55:29.990  INFO     RX        /ERR/LOKO/0x00000002
15:55:29.990  INFO     RX        /ERR/LOKO/0x00000002
15:55:30.026  INFO     RX        /ERR/LOKO/0x00000002
15:55:30.026  INFO     RX        /ERR/LOKO/0x00000002
15:55:30.026  INFO     RX        /ERR/LOKO/0x00000002
15:55:30.054  INFO     RX        /ERR/LOKO/0x00000002
15:55:30.054  INFO     RX        /ERR/LOKO/0x00000002
15:55:30.086  INFO     RX        /ERR/LOKO/0x00000002
15:55:30.086  INFO     RX        /ERR/LOKO/0x00000002
15:55:30.086  INFO     RX        /ERR/LOKO/0x00000002
15:55:30.121  INFO     RX        /ERR/LOKO/0x00000002
15:55:30.121  INFO     RX        /ERR/LOKO/0x00000002
15:55:30.121  INFO     RX        /ERR/LOKO/0x00000002
15:55:30.152  INFO     RX        /ERR/LOKO/0x00000002
15:55:30.152  INFO     RX        /ERR/LOKO/0x00000002
15:55:30.152  INFO     RX        /ERR/LOKO/0x00000002
15:55:30.187  INFO     RX        /ERR/LOKO/0x00000002
15:55:30.188  INFO     RX        /ERR/LOKO/0x00000002
15:55:30.188  INFO     RX        /ERR/LOKO/0x00000002
15:55:30.218  INFO     RX        /ERR/LOKO/0x00000002
15:55:30.218  INFO     RX        /ERR/LOKO/0x00000002
15:55:30.249  INFO     RX        /ERR/LOKO/0x00000002
15:55:30.250  INFO     RX        /ERR/LOKO/0x00000002
15:55:30.250  INFO     RX        /ERR/LOKO/0x00000002
15:55:30.281  INFO     RX        /ERR/LOKO/0x00000002
15:55:30.282  INFO     RX        /ERR/LOKO/0x00000002
15:55:30.282  INFO     RX        /ERR/LOKO/0x00000002
15:55:30.313  INFO     RX        /ERR/LOKO/0x00000002
15:55:30.313  INFO     RX        /ERR/LOKO/0x00000002
15:55:30.313  INFO     RX        /ERR/LOKO/0x00000002
15:55:30.346  INFO     RX        /ERR/LOKO/0x00000002
15:55:30.347  INFO     RX        /ERR/LOKO/0x00000002
15:55:30.378  INFO     RX        /ERR/LOKO/0x00000002
15:55:30.378  INFO     RX        /ERR/LOKO/0x00000002
15:55:30.379  INFO     RX        /ERR/LOKO/0x00000002
15:55:30.410  INFO     RX        /ERR/LOKO/0x00000002
15:55:30.410  INFO     RX        /ERR/LOKO/0x00000002
15:55:30.410  INFO     RX        /ERR/LOKO/0x00000002
15:55:30.440  INFO     RX        /ERR/LOKO/0x00000002
15:55:30.440  INFO     RX        /ERR/LOKO/0x00000002
15:55:30.476  INFO     RX        /ERR/LOKO/0x00000002
15:55:30.476  INFO     RX        /ERR/LOKO/0x00000002
15:55:30.476  INFO     RX        /ERR/LOKO/0x00000002
15:55:30.476  INFO     RX        /ERR/LOKO/0x00000002
15:55:30.505  INFO     RX        /ERR/LOKO/0x00000002
15:55:30.505  INFO     RX        /ERR/LOKO/0x00000002
15:55:30.537  INFO     RX        /ERR/LOKO/0x00000002
15:55:30.537  INFO     RX        /ERR/LOKO/0x00000002
15:55:30.537  INFO     RX        /ERR/LOKO/0x00000002
15:55:30.571  INFO     RX        /ERR/LOKO/0x00000002
15:55:30.571  INFO     RX        /ERR/LOKO/0x00000002
15:55:30.571  INFO     RX        /ERR/LOKO/0x00000002
15:55:30.603  INFO     RX        /ERR/LOKO/0x00000002
15:55:30.603  INFO     RX        /ERR/LOKO/0x00000002
15:55:30.603  INFO     RX        /ERR/LOKO/0x00000002
15:55:30.637  INFO     RX        /ERR/LOKO/0x00000002
15:55:30.637  INFO     RX        /ERR/LOKO/0x00000002
15:55:30.637  INFO     RX        /ERR/LOKO/0x00000002
15:55:30.666  INFO     RX        /ERR/LOKO/0x00000002
15:55:30.666  INFO     RX        /ERR/LOKO/0x00000002
15:55:30.699  INFO     RX        /ERR/LOKO/0x00000002
15:55:30.699  INFO     RX        /ERR/LOKO/0x00000002
15:55:30.700  INFO     RX        /ERR/LOKO/0x00000002
15:55:30.730  INFO     RX        /ERR/LOKO/0x00000002
15:55:30.731  INFO     RX        /ERR/LOKO/0x00000002
15:55:30.731  INFO     RX        /ERR/LOKO/0x00000002
15:55:30.766  INFO     RX        /ERR/LOKO/0x00000002
15:55:30.766  INFO     RX        /ERR/LOKO/0x00000002
15:55:30.766  INFO     RX        /ERR/LOKO/0x00000002
15:55:30.795  INFO     RX        /ERR/LOKO/0x00000002
15:55:30.795  INFO     RX        /ERR/LOKO/0x00000002
15:55:30.830  INFO     RX        /ERR/LOKO/0x00000002
15:55:30.830  INFO     RX        /ERR/LOKO/0x00000002
15:55:30.830  INFO     RX        /ERR/LOKO/0x00000002
15:55:30.861  INFO     RX        /ERR/LOKO/0x00000002
15:55:30.862  INFO     RX        /ERR/LOKO/0x00000002
15:55:30.862  INFO     RX        /ERR/LOKO/0x00000002
15:55:30.888  DEBUG    TX /CONTROLL/0,0,24,92,0,0,0,0,0
15:55:30.894  INFO     RX        /ERR/LOKO/0x00000002
15:55:30.894  INFO     RX        /ERR/LOKO/0x00000002
15:55:30.894  INFO     RX        /ERR/LOKO/0x00000002
15:55:30.926  INFO     RX        /ERR/LOKO/0x00000002
15:55:30.926  INFO     RX        /ERR/LOKO/0x00000002
15:55:30.926  INFO     RX        /ERR/LOKO/0x00000002
15:55:30.956  INFO     RX        /ERR/LOKO/0x00000002
15:55:30.956  INFO     RX        /ERR/LOKO/0x00000002
15:55:30.989  INFO     RX        /ERR/LOKO/0x00000002
15:55:30.989  INFO     RX        /ERR/LOKO/0x00000002
15:55:30.989  INFO     RX        /ERR/LOKO/0x00000002
15:55:31.027  INFO     RX        /ERR/LOKO/0x00000002
15:55:31.027  INFO     RX        /ERR/LOKO/0x00000002
15:55:31.027  INFO     RX        /ERR/LOKO/0x00000002
15:55:31.055  INFO     RX        /ERR/LOKO/0x00000002
15:55:31.055  INFO     RX        /ERR/LOKO/0x00000002
15:55:31.055  INFO     RX        /ERR/LOKO/0x00000002
15:55:31.087  INFO     RX        /ERR/LOKO/0x00000002
15:55:31.087  INFO     RX        /ERR/LOKO/0x00000002
15:55:31.087  INFO     RX        /ERR/LOKO/0x00000002
15:55:31.119  INFO     RX        /ERR/LOKO/0x00000002
15:55:31.119  INFO     RX        /ERR/LOKO/0x00000002
15:55:31.153  INFO     RX        /ERR/LOKO/0x00000002
15:55:31.154  INFO     RX        /ERR/LOKO/0x00000002
15:55:31.154  INFO     RX        /ERR/LOKO/0x00000002
15:55:31.193  INFO     RX        /ERR/LOKO/0x00000002
15:55:31.193  INFO     RX        /ERR/LOKO/0x00000002
15:55:31.193  INFO     RX        /ERR/LOKO/0x00000002
15:55:31.193  INFO     RX        /ERR/LOKO/0x00000002
15:55:31.219  INFO     RX        /ERR/LOKO/0x00000002
15:55:31.220  INFO     RX        /ERR/LOKO/0x00000002
15:55:31.249  INFO     RX        /ERR/LOKO/0x00000002
15:55:31.249  INFO     RX        /ERR/LOKO/0x00000002
15:55:31.249  INFO     RX        /ERR/LOKO/0x00000002
15:55:31.284  INFO     RX        /ERR/LOKO/0x00000002
15:55:31.285  INFO     RX        /ERR/LOKO/0x00000002
15:55:31.285  INFO     RX        /ERR/LOKO/0x00000002
15:55:31.313  INFO     RX        /ERR/LOKO/0x00000002
15:55:31.313  INFO     RX        /ERR/LOKO/0x00000002
15:55:31.348  INFO     RX        /ERR/LOKO/0x00000002
15:55:31.348  INFO     RX        /ERR/LOKO/0x00000002
15:55:31.348  INFO     RX        /ERR/LOKO/0x00000002
15:55:31.377  INFO     RX        /ERR/LOKO/0x00000002
15:55:31.377  INFO     RX        /ERR/LOKO/0x00000002
15:55:31.377  INFO     RX        /ERR/LOKO/0x00000002
15:55:31.411  INFO     RX        /ERR/LOKO/0x00000002
15:55:31.412  INFO     RX        /ERR/LOKO/0x00000002
15:55:31.412  INFO     RX        /ERR/LOKO/0x00000002
15:55:31.441  INFO     RX        /ERR/LOKO/0x00000002
15:55:31.441  INFO     RX        /ERR/LOKO/0x00000002
15:55:31.475  INFO     RX        /ERR/LOKO/0x00000002
15:55:31.476  INFO     RX        /ERR/LOKO/0x00000002
15:55:31.476  INFO     RX        /ERR/LOKO/0x00000002
15:55:31.506  INFO     RX        /ERR/LOKO/0x00000002
15:55:31.507  INFO     RX        /ERR/LOKO/0x00000002
15:55:31.507  INFO     RX        /ERR/LOKO/0x00000002
15:55:31.541  INFO     RX        /ERR/LOKO/0x00000002
15:55:31.541  INFO     RX        /ERR/LOKO/0x00000002
15:55:31.541  INFO     RX        /ERR/LOKO/0x00000002
15:55:31.570  INFO     RX        /ERR/LOKO/0x00000002
15:55:31.570  INFO     RX        /ERR/LOKO/0x00000002
15:55:31.604  INFO     RX        /ERR/LOKO/0x00000002
15:55:31.604  INFO     RX        /ERR/LOKO/0x00000002
15:55:31.604  INFO     RX        /ERR/LOKO/0x00000002
15:55:31.633  INFO     RX        /ERR/LOKO/0x00000002
15:55:31.633  INFO     RX        /ERR/LOKO/0x00000002
15:55:31.633  INFO     RX        /ERR/LOKO/0x00000002
15:55:31.669  INFO     RX        /ERR/LOKO/0x00000002
15:55:31.669  INFO     RX        /ERR/LOKO/0x00000002
15:55:31.669  INFO     RX        /ERR/LOKO/0x00000002
15:55:31.697  INFO     RX        /ERR/LOKO/0x00000002
15:55:31.697  INFO     RX        /ERR/LOKO/0x00000002
15:55:31.729  INFO     RX        /ERR/LOKO/0x00000002
15:55:31.730  INFO     RX        /ERR/LOKO/0x00000002
15:55:31.730  INFO     RX        /ERR/LOKO/0x00000002
15:55:31.763  INFO     RX        /ERR/LOKO/0x00000002
15:55:31.764  INFO     RX        /ERR/LOKO/0x00000002
15:55:31.764  INFO     RX        /ERR/LOKO/0x00000002
15:55:31.794  INFO     RX        /ERR/LOKO/0x00000002
15:55:31.794  INFO     RX        /ERR/LOKO/0x00000002
15:55:31.794  INFO     RX        /ERR/LOKO/0x00000002
15:55:31.831  INFO     RX        /ERR/LOKO/0x00000002
15:55:31.831  INFO     RX        /ERR/LOKO/0x00000002
15:55:31.831  INFO     RX        /ERR/LOKO/0x00000002
15:55:31.859  INFO     RX        /ERR/LOKO/0x00000002
15:55:31.859  INFO     RX        /ERR/LOKO/0x00000002
15:55:31.890  INFO     RX        /ERR/LOKO/0x00000002
15:55:31.890  INFO     RX        /ERR/LOKO/0x00000002
15:55:31.890  INFO     RX        /ERR/LOKO/0x00000002
15:55:31.926  INFO     RX        /ERR/LOKO/0x00000002
15:55:31.926  INFO     RX        /ERR/LOKO/0x00000002
15:55:31.926  INFO     RX        /ERR/LOKO/0x00000002
15:55:31.955  INFO     RX        /ERR/LOKO/0x00000002
15:55:31.955  INFO     RX        /ERR/LOKO/0x00000002
15:55:31.955  INFO     RX        /ERR/LOKO/0x00000002
15:55:31.986  INFO     RX        /ERR/LOKO/0x00000002
15:55:31.986  INFO     RX        /ERR/LOKO/0x00000002
15:55:32.021  INFO     RX        /ERR/LOKO/0x00000002
15:55:32.021  INFO     RX        /ERR/LOKO/0x00000002
15:55:32.021  INFO     RX        /ERR/LOKO/0x00000002
15:55:32.050  INFO     RX        /ERR/LOKO/0x00000002
15:55:32.051  INFO     RX        /ERR/LOKO/0x00000002
15:55:32.051  INFO     RX        /ERR/LOKO/0x00000002
15:55:32.083  INFO     RX        /ERR/LOKO/0x00000002
15:55:32.083  INFO     RX        /ERR/LOKO/0x00000002
15:55:32.083  INFO     RX        /ERR/LOKO/0x00000002
15:55:32.115  INFO     RX        /ERR/LOKO/0x00000002
15:55:32.115  INFO     RX        /ERR/LOKO/0x00000002
15:55:32.115  INFO     RX        /ERR/LOKO/0x00000002
15:55:32.151  INFO     RX        /ERR/LOKO/0x00000002
15:55:32.151  INFO     RX        /ERR/LOKO/0x00000002
15:55:32.151  INFO     RX        /ERR/LOKO/0x00000002
15:55:32.181  INFO     RX        /ERR/LOKO/0x00000002
15:55:32.181  INFO     RX        /ERR/LOKO/0x00000002
15:55:32.218  INFO     RX        /ERR/LOKO/0x00000002
15:55:32.218  INFO     RX        /ERR/LOKO/0x00000002
15:55:32.218  INFO     RX        /ERR/LOKO/0x00000002
15:55:32.258  INFO     RX        /ERR/LOKO/0x00000002
15:55:32.258  INFO     RX        /ERR/LOKO/0x00000002
15:55:32.258  INFO     RX        /ERR/LOKO/0x00000002
15:55:32.258  INFO     RX        /ERR/LOKO/0x00000002
15:55:32.275  INFO     RX        /ERR/LOKO/0x00000002
15:55:32.306  INFO     RX        /ERR/LOKO/0x00000002
15:55:32.306  INFO     RX        /ERR/LOKO/0x00000002
15:55:32.306  INFO     RX        /ERR/LOKO/0x00000002
15:55:32.342  INFO     RX        /ERR/LOKO/0x00000002
15:55:32.342  INFO     RX        /ERR/LOKO/0x00000002
15:55:32.342  INFO     RX        /ERR/LOKO/0x00000002
15:55:32.372  INFO     RX        /ERR/LOKO/0x00000002
15:55:32.372  INFO     RX        /ERR/LOKO/0x00000002
15:55:32.372  INFO     RX        /ERR/LOKO/0x00000002
15:55:32.405  INFO     RX        /ERR/LOKO/0x00000002
15:55:32.406  INFO     RX        /ERR/LOKO/0x00000002
15:55:32.406  INFO     RX        /ERR/LOKO/0x00000002
15:55:32.436  INFO     RX        /ERR/LOKO/0x00000002
15:55:32.436  INFO     RX        /ERR/LOKO/0x00000002
15:55:32.469  INFO     RX        /ERR/LOKO/0x00000002
15:55:32.470  INFO     RX        /ERR/LOKO/0x00000002
15:55:32.470  INFO     RX        /ERR/LOKO/0x00000002
15:55:32.496  DEBUG    TX /CONTROLL/0,0,0,0,0,0,0,0,0
15:55:32.506  INFO     RX        /ERR/LOKO/0x00000002
15:55:32.506  INFO     RX        /ERR/LOKO/0x00000002
15:55:32.506  INFO     RX        /ERR/LOKO/0x00000002
15:55:32.534  INFO     RX        /ERR/LOKO/0x00000002
15:55:32.534  INFO     RX        /ERR/LOKO/0x00000002
15:55:32.534  INFO     RX        /ERR/LOKO/0x00000002
15:55:32.566  INFO     RX        /ERR/LOKO/0x00000002
15:55:32.566  INFO     RX        /ERR/LOKO/0x00000002
15:55:32.566  INFO     RX        /ERR/LOKO/0x00000002
15:55:32.599  INFO     RX        /ERR/LOKO/0x00000002
15:55:32.600  INFO     RX        /ERR/LOKO/0x00000002
15:55:32.630  INFO     RX        /ERR/LOKO/0x00000002
15:55:32.630  INFO     RX        /ERR/LOKO/0x00000002
15:55:32.630  INFO     RX        /ERR/LOKO/0x00000002
15:55:32.664  INFO     RX        /ERR/LOKO/0x00000002
15:55:32.664  INFO     RX        /ERR/LOKO/0x00000002
15:55:32.664  INFO     RX        /ERR/LOKO/0x00000002
15:55:32.695  INFO     RX        /ERR/LOKO/0x00000002
15:55:32.695  INFO     RX        /ERR/LOKO/0x00000002
15:55:32.695  INFO     RX        /ERR/LOKO/0x00000002
15:55:32.731  INFO     RX        /ERR/LOKO/0x00000002
15:55:32.731  INFO     RX        /ERR/LOKO/0x00000002
15:55:32.731  INFO     RX        /ERR/LOKO/0x00000002
15:55:32.758  INFO     RX        /ERR/LOKO/0x00000002
15:55:32.758  INFO     RX        /ERR/LOKO/0x00000002
15:55:32.794  INFO     RX        /ERR/LOKO/0x00000002
15:55:32.794  INFO     RX        /ERR/LOKO/0x00000002
15:55:32.794  INFO     RX        /ERR/LOKO/0x00000002
15:55:32.824  INFO     RX        /ERR/LOKO/0x00000002
15:55:32.824  INFO     RX        /ERR/LOKO/0x00000002
15:55:32.825  INFO     RX        /ERR/LOKO/0x00000002
15:55:32.855  INFO     RX        /ERR/LOKO/0x00000002
15:55:32.855  INFO     RX        /ERR/LOKO/0x00000002
15:55:32.855  INFO     RX        /ERR/LOKO/0x00000002
15:55:32.888  INFO     RX        /ERR/LOKO/0x00000002
15:55:32.889  INFO     RX        /ERR/LOKO/0x00000002
15:55:32.889  INFO     RX        /ERR/LOKO/0x00000002
15:55:32.918  INFO     RX        /ERR/LOKO/0x00000002
15:55:32.919  INFO     RX        /ERR/LOKO/0x00000002
15:55:32.950  INFO     RX        /ERR/LOKO/0x00000002
15:55:32.950  INFO     RX        /ERR/LOKO/0x00000002
15:55:32.950  INFO     RX        /ERR/LOKO/0x00000002
15:55:32.982  INFO     RX        /ERR/LOKO/0x00000002
15:55:32.982  INFO     RX        /ERR/LOKO/0x00000002
15:55:32.983  INFO     RX        /ERR/LOKO/0x00000002
15:55:33.018  INFO     RX        /ERR/LOKO/0x00000002
15:55:33.018  INFO     RX        /ERR/LOKO/0x00000002
15:55:33.018  INFO     RX        /ERR/LOKO/0x00000002
15:55:33.048  INFO     RX        /ERR/LOKO/0x00000002
15:55:33.048  INFO     RX        /ERR/LOKO/0x00000002
15:55:33.083  INFO     RX        /ERR/LOKO/0x00000002
15:55:33.083  INFO     RX        /ERR/LOKO/0x00000002
15:55:33.083  INFO     RX        /ERR/LOKO/0x00000002
15:55:33.113  INFO     RX        /ERR/LOKO/0x00000002
15:55:33.113  INFO     RX        /ERR/LOKO/0x00000002
15:55:33.113  INFO     RX        /ERR/LOKO/0x00000002
15:55:33.147  INFO     RX        /ERR/LOKO/0x00000002
15:55:33.148  INFO     RX        /ERR/LOKO/0x00000002
15:55:33.148  INFO     RX        /ERR/LOKO/0x00000002
15:55:33.177  INFO     RX        /ERR/LOKO/0x00000002
15:55:33.177  INFO     RX        /ERR/LOKO/0x00000002
15:55:33.177  INFO     RX        /ERR/LOKO/0x00000002
15:55:33.213  INFO     RX        /ERR/LOKO/0x00000002
15:55:33.214  INFO     RX        /ERR/LOKO/0x00000002
15:55:33.214  INFO     RX        /ERR/LOKO/0x00000002
15:55:33.246  INFO     RX        /ERR/LOKO/0x00000002
15:55:33.246  INFO     RX        /ERR/LOKO/0x00000002
15:55:33.285  INFO     RX        /ERR/LOKO/0x00000002
15:55:33.285  INFO     RX        /ERR/LOKO/0x00000002
15:55:33.285  INFO     RX        /ERR/LOKO/0x00000002
15:55:33.285  INFO     RX        /ERR/LOKO/0x00000002
15:55:33.313  INFO     RX        /ERR/LOKO/0x00000002
15:55:33.313  INFO     RX        /ERR/LOKO/0x00000002
15:55:33.343  INFO     RX        /ERR/LOKO/0x00000002
15:55:33.343  INFO     RX        /ERR/LOKO/0x00000002
15:55:33.343  INFO     RX        /ERR/LOKO/0x00000002
15:55:33.379  INFO     RX        /ERR/LOKO/0x00000002
15:55:33.379  INFO     RX        /ERR/LOKO/0x00000002
15:55:33.379  INFO     RX        /ERR/LOKO/0x00000002
15:55:33.408  INFO     RX        /ERR/LOKO/0x00000002
15:55:33.408  INFO     RX        /ERR/LOKO/0x00000002
15:55:33.441  INFO     RX        /ERR/LOKO/0x00000002
15:55:33.441  INFO     RX        /ERR/LOKO/0x00000002
15:55:33.441  INFO     RX        /ERR/LOKO/0x00000002
15:55:33.475  INFO     RX        /ERR/LOKO/0x00000002
15:55:33.475  INFO     RX        /ERR/LOKO/0x00000002
15:55:33.475  INFO     RX        /ERR/LOKO/0x00000002
15:55:33.506  INFO     RX        /ERR/LOKO/0x00000002
15:55:33.507  INFO     RX        /ERR/LOKO/0x00000002
15:55:33.507  INFO     RX        /ERR/LOKO/0x00000002
15:55:33.536  INFO     RX        /ERR/LOKO/0x00000002
15:55:33.536  INFO     RX        /ERR/LOKO/0x00000002
15:55:33.536  INFO     RX        /ERR/LOKO/0x00000002
15:55:33.571  INFO     RX        /ERR/LOKO/0x00000002
15:55:33.571  INFO     RX        /ERR/LOKO/0x00000002
15:55:33.571  INFO     RX        /ERR/LOKO/0x00000002
15:55:33.601  INFO     RX        /ERR/LOKO/0x00000002
15:55:33.601  INFO     RX        /ERR/LOKO/0x00000002
15:55:33.633  INFO     RX        /ERR/LOKO/0x00000002
15:55:33.633  INFO     RX        /ERR/LOKO/0x00000002
15:55:33.633  INFO     RX        /ERR/LOKO/0x00000002
15:55:33.667  INFO     RX        /ERR/LOKO/0x00000002
15:55:33.667  INFO     RX        /ERR/LOKO/0x00000002
15:55:33.667  INFO     RX        /ERR/LOKO/0x00000002
15:55:33.696  INFO     RX        /ERR/LOKO/0x00000002
15:55:33.696  INFO     RX        /ERR/LOKO/0x00000002
15:55:33.732  INFO     RX        /ERR/LOKO/0x00000002
15:55:33.732  INFO     RX        /ERR/LOKO/0x00000002
15:55:33.732  INFO     RX        /ERR/LOKO/0x00000002
15:55:33.761  INFO     RX        /ERR/LOKO/0x00000002
15:55:33.761  INFO     RX        /ERR/LOKO/0x00000002
15:55:33.761  INFO     RX        /ERR/LOKO/0x00000002
15:55:33.796  INFO     RX        /ERR/LOKO/0x00000002
15:55:33.796  INFO     RX        /ERR/LOKO/0x00000002
15:55:33.796  INFO     RX        /ERR/LOKO/0x00000002
15:55:33.825  INFO     RX        /ERR/LOKO/0x00000002
15:55:33.826  INFO     RX        /ERR/LOKO/0x00000002
15:55:33.826  INFO     RX        /ERR/LOKO/0x00000002
15:55:33.861  INFO     RX        /ERR/LOKO/0x00000002
15:55:33.861  INFO     RX        /ERR/LOKO/0x00000002
15:55:33.861  INFO     RX        /ERR/LOKO/0x00000002
15:55:33.894  INFO     RX        /ERR/LOKO/0x00000002
15:55:33.894  INFO     RX        /ERR/LOKO/0x00000002
15:55:33.894  INFO     RX        /ERR/LOKO/0x00000002
15:55:33.926  INFO     RX        /ERR/LOKO/0x00000002
15:55:33.926  INFO     RX        /ERR/LOKO/0x00000002
15:55:33.957  INFO     RX        /ERR/LOKO/0x00000002
15:55:33.957  INFO     RX        /ERR/LOKO/0x00000002
15:55:33.957  INFO     RX        /ERR/LOKO/0x00000002
15:55:33.996  INFO     RX        /ERR/LOKO/0x00000002
15:55:33.996  INFO     RX        /ERR/LOKO/0x00000002
15:55:33.996  INFO     RX        /ERR/LOKO/0x00000002
15:55:34.028  INFO     RX        /ERR/LOKO/0x00000002
15:55:34.028  INFO     RX        /ERR/LOKO/0x00000002
15:55:34.028  INFO     RX        /ERR/LOKO/0x00000002
15:55:34.057  INFO     RX        /ERR/LOKO/0x00000002
15:55:34.057  INFO     RX        /ERR/LOKO/0x00000002
15:55:34.057  INFO     RX        /ERR/LOKO/0x00000002
15:55:34.083  INFO     RX        /ERR/LOKO/0x00000002
15:55:34.083  INFO     RX        /ERR/LOKO/0x00000002
15:55:34.113  DEBUG    TX /CONTROLL/0,0,0,0,0,0,0,0,0
15:55:34.116  INFO     RX        /ERR/LOKO/0x00000002
15:55:34.116  INFO     RX        /ERR/LOKO/0x00000002
15:55:34.116  INFO     RX        /ERR/LOKO/0x00000002
15:55:34.149  INFO     RX        /ERR/LOKO/0x00000002
15:55:34.150  INFO     RX        /ERR/LOKO/0x00000002
15:55:34.150  INFO     RX        /ERR/LOKO/0x00000002
15:55:34.183  INFO     RX        /ERR/LOKO/0x00000002
15:55:34.183  INFO     RX        /ERR/LOKO/0x00000002
15:55:34.183  INFO     RX        /ERR/LOKO/0x00000002
15:55:34.212  INFO     RX        /ERR/LOKO/0x00000002
15:55:34.212  INFO     RX        /ERR/LOKO/0x00000002
15:55:34.247  INFO     RX        /ERR/LOKO/0x00000002
15:55:34.247  INFO     RX        /ERR/LOKO/0x00000002
15:55:34.247  INFO     RX        /ERR/LOKO/0x00000002
15:55:34.279  INFO     RX        /ERR/LOKO/0x00000002
15:55:34.279  INFO     RX        /ERR/LOKO/0x00000002
15:55:34.279  INFO     RX        /ERR/LOKO/0x00000002
15:55:34.309  INFO     RX        /ERR/LOKO/0x00000002
15:55:34.309  INFO     RX        /ERR/LOKO/0x00000002
15:55:34.347  INFO     RX        /ERR/LOKO/0x00000002
15:55:34.347  INFO     RX        /ERR/LOKO/0x00000002
15:55:34.347  INFO     RX        /ERR/LOKO/0x00000002
15:55:34.347  INFO     RX        /ERR/LOKO/0x00000002
15:55:34.374  INFO     RX        /ERR/LOKO/0x00000002
15:55:34.375  INFO     RX        /ERR/LOKO/0x00000002
15:55:34.433  INFO     RX        /ERR/LOKO/0x00000002
15:55:34.433  INFO     RX        /ERR/LOKO/0x00000002
15:55:34.433  INFO     RX        /ERR/LOKO/0x00000002
15:55:34.433  INFO     RX        /ERR/LOKO/0x00000002
15:55:34.433  INFO     RX        /ERR/LOKO/0x00000002
15:55:34.438  INFO     RX        /ERR/LOKO/0x00000002
15:55:34.470  INFO     RX        /ERR/LOKO/0x00000002
15:55:34.470  INFO     RX        /ERR/LOKO/0x00000002
15:55:34.504  INFO     RX        /ERR/LOKO/0x00000002
15:55:34.505  INFO     RX        /ERR/LOKO/0x00000002
15:55:34.505  INFO     RX        /ERR/LOKO/0x00000002
15:55:34.534  INFO     RX        /ERR/LOKO/0x00000002
15:55:34.534  INFO     RX        /ERR/LOKO/0x00000002
15:55:34.534  INFO     RX        /ERR/LOKO/0x00000002
15:55:34.570  INFO     RX        /ERR/LOKO/0x00000002
15:55:34.570  INFO     RX        /ERR/LOKO/0x00000002
15:55:34.570  INFO     RX        /ERR/LOKO/0x00000002
15:55:34.600  INFO     RX        /ERR/LOKO/0x00000002
15:55:34.600  INFO     RX        /ERR/LOKO/0x00000002
15:55:34.631  INFO     RX        /ERR/LOKO/0x00000002
15:55:34.631  INFO     RX        /ERR/LOKO/0x00000002
15:55:34.631  INFO     RX        /ERR/LOKO/0x00000002
15:55:34.663  INFO     RX        /ERR/LOKO/0x00000002
15:55:34.663  INFO     RX        /ERR/LOKO/0x00000002
15:55:34.663  INFO     RX        /ERR/LOKO/0x00000002
15:55:34.699  INFO     RX        /ERR/LOKO/0x00000002
15:55:34.699  INFO     RX        /ERR/LOKO/0x00000002
15:55:34.699  INFO     RX        /ERR/LOKO/0x00000002
15:55:34.736  INFO     RX        /ERR/LOKO/0x00000002
15:55:34.736  INFO     RX        /ERR/LOKO/0x00000002
15:55:34.736  INFO     RX        /ERR/LOKO/0x00000002
15:55:34.760  INFO     RX        /ERR/LOKO/0x00000002
15:55:34.760  INFO     RX        /ERR/LOKO/0x00000002
15:55:34.794  INFO     RX        /ERR/LOKO/0x00000002
15:55:34.794  INFO     RX        /ERR/LOKO/0x00000002
15:55:34.794  INFO     RX        /ERR/LOKO/0x00000002
15:55:34.825  INFO     RX        /ERR/LOKO/0x00000002
15:55:34.825  INFO     RX        /ERR/LOKO/0x00000002
15:55:34.825  INFO     RX        /ERR/LOKO/0x00000002
15:55:34.860  INFO     RX        /ERR/LOKO/0x00000002
15:55:34.860  INFO     RX        /ERR/LOKO/0x00000002
15:55:34.860  INFO     RX        /ERR/LOKO/0x00000002
15:55:34.888  INFO     RX        /ERR/LOKO/0x00000002
15:55:34.888  INFO     RX        /ERR/LOKO/0x00000002
15:55:34.888  INFO     RX        /ERR/LOKO/0x00000002
15:55:34.926  INFO     RX        /ERR/LOKO/0x00000002
15:55:34.926  INFO     RX        /ERR/LOKO/0x00000002
15:55:34.926  INFO     RX        /ERR/LOKO/0x00000002
15:55:34.958  INFO     RX        /ERR/LOKO/0x00000002
15:55:34.958  INFO     RX        /ERR/LOKO/0x00000002
15:55:34.985  INFO     RX        /ERR/LOKO/0x00000002
15:55:34.985  INFO     RX        /ERR/LOKO/0x00000002
15:55:34.985  INFO     RX        /ERR/LOKO/0x00000002
15:55:35.020  INFO     RX        /ERR/LOKO/0x00000002
15:55:35.020  INFO     RX        /ERR/LOKO/0x00000002
15:55:35.020  INFO     RX        /ERR/LOKO/0x00000002
15:55:35.048  INFO     RX        /ERR/LOKO/0x00000002
15:55:35.048  INFO     RX        /ERR/LOKO/0x00000002
15:55:35.080  INFO     RX        /ERR/LOKO/0x00000002
15:55:35.081  INFO     RX        /ERR/LOKO/0x00000002
15:55:35.081  INFO     RX        /ERR/LOKO/0x00000002
15:55:35.115  INFO     RX        /ERR/LOKO/0x00000002
15:55:35.116  INFO     RX        /ERR/LOKO/0x00000002
15:55:35.116  INFO     RX        /ERR/LOKO/0x00000002
15:55:35.146  INFO     RX        /ERR/LOKO/0x00000002
15:55:35.146  INFO     RX        /ERR/LOKO/0x00000002
15:55:35.146  INFO     RX        /ERR/LOKO/0x00000002
15:55:35.180  INFO     RX        /ERR/LOKO/0x00000002
15:55:35.180  INFO     RX        /ERR/LOKO/0x00000002
15:55:35.180  INFO     RX        /ERR/LOKO/0x00000002
15:55:35.209  INFO     RX        /ERR/LOKO/0x00000002
15:55:35.209  INFO     RX        /ERR/LOKO/0x00000002
15:55:35.241  INFO     RX        /ERR/LOKO/0x00000002
15:55:35.241  INFO     RX        /ERR/LOKO/0x00000002
15:55:35.241  INFO     RX        /ERR/LOKO/0x00000002
15:55:35.275  INFO     RX        /ERR/LOKO/0x00000002
15:55:35.275  INFO     RX        /ERR/LOKO/0x00000002
15:55:35.275  INFO     RX        /ERR/LOKO/0x00000002
15:55:35.306  INFO     RX        /ERR/LOKO/0x00000002
15:55:35.306  INFO     RX        /ERR/LOKO/0x00000002
15:55:35.306  INFO     RX        /ERR/LOKO/0x00000002
15:55:35.342  INFO     RX        /ERR/LOKO/0x00000002
15:55:35.342  INFO     RX        /ERR/LOKO/0x00000002
15:55:35.342  INFO     RX        /ERR/LOKO/0x00000002
15:55:35.372  INFO     RX        /ERR/LOKO/0x00000002
15:55:35.372  INFO     RX        /ERR/LOKO/0x00000002
15:55:35.406  INFO     RX        /ERR/LOKO/0x00000002
15:55:35.406  INFO     RX        /ERR/LOKO/0x00000002
15:55:35.406  INFO     RX        /ERR/LOKO/0x00000002
15:55:35.436  INFO     RX        /ERR/LOKO/0x00000002
15:55:35.436  INFO     RX        /ERR/LOKO/0x00000002
15:55:35.436  INFO     RX        /ERR/LOKO/0x00000002
15:55:35.468  INFO     RX        /ERR/LOKO/0x00000002
15:55:35.468  INFO     RX        /ERR/LOKO/0x00000002
15:55:35.469  INFO     RX        /ERR/LOKO/0x00000002
15:55:35.501  INFO     RX        /ERR/LOKO/0x00000002
15:55:35.501  INFO     RX        /ERR/LOKO/0x00000002
15:55:35.501  INFO     RX        /ERR/LOKO/0x00000002
15:55:35.536  INFO     RX        /ERR/LOKO/0x00000002
15:55:35.537  INFO     RX        /ERR/LOKO/0x00000002
15:55:35.537  INFO     RX        /ERR/LOKO/0x00000002
15:55:35.571  INFO     RX        /ERR/LOKO/0x00000002
15:55:35.571  INFO     RX        /ERR/LOKO/0x00000002
15:55:35.571  INFO     RX        /ERR/LOKO/0x00000002
15:55:35.605  INFO     RX        /ERR/LOKO/0x00000002
15:55:35.605  INFO     RX        /ERR/LOKO/0x00000002
15:55:35.605  INFO     RX        /ERR/LOKO/0x00000002
15:55:35.631  INFO     RX        /ERR/LOKO/0x00000002
15:55:35.631  INFO     RX        /ERR/LOKO/0x00000002
15:55:35.664  INFO     RX        /ERR/LOKO/0x00000002
15:55:35.664  INFO     RX        /ERR/LOKO/0x00000002
15:55:35.664  INFO     RX        /ERR/LOKO/0x00000002
15:55:35.700  INFO     RX        /ERR/LOKO/0x00000002
15:55:35.700  INFO     RX        /ERR/LOKO/0x00000002
15:55:35.700  INFO     RX        /ERR/LOKO/0x00000002
15:55:35.724  DEBUG    TX /CONTROLL/0,0,0,0,0,0,0,0,0
15:55:35.735  INFO     RX        /ERR/LOKO/0x00000002
15:55:35.735  INFO     RX        /ERR/LOKO/0x00000002
15:55:35.735  INFO     RX        /ERR/LOKO/0x00000002
15:55:35.760  INFO     RX        /ERR/LOKO/0x00000002
15:55:35.761  INFO     RX        /ERR/LOKO/0x00000002
15:55:35.793  INFO     RX        /ERR/LOKO/0x00000002
15:55:35.793  INFO     RX        /ERR/LOKO/0x00000002
15:55:35.793  INFO     RX        /ERR/LOKO/0x00000002
15:55:35.825  INFO     RX        /ERR/LOKO/0x00000002
15:55:35.825  INFO     RX        /ERR/LOKO/0x00000002
15:55:35.825  INFO     RX        /ERR/LOKO/0x00000002
15:55:35.859  INFO     RX        /ERR/LOKO/0x00000002
15:55:35.859  INFO     RX        /ERR/LOKO/0x00000002
15:55:35.859  INFO     RX        /ERR/LOKO/0x00000002
15:55:35.892  INFO     RX        /ERR/LOKO/0x00000002
15:55:35.892  INFO     RX        /ERR/LOKO/0x00000002
15:55:35.923  INFO     RX        /ERR/LOKO/0x00000002
15:55:35.923  INFO     RX        /ERR/LOKO/0x00000002
15:55:35.923  INFO     RX        /ERR/LOKO/0x00000002
15:55:35.952  INFO     RX        /ERR/LOKO/0x00000002
15:55:35.952  INFO     RX        /ERR/LOKO/0x00000002
15:55:35.953  INFO     RX        /ERR/LOKO/0x00000002
15:55:35.988  INFO     RX        /ERR/LOKO/0x00000002
15:55:35.988  INFO     RX        /ERR/LOKO/0x00000002
15:55:35.988  INFO     RX        /ERR/LOKO/0x00000002
15:55:36.017  INFO     RX        /ERR/LOKO/0x00000002
15:55:36.017  INFO     RX        /ERR/LOKO/0x00000002
15:55:36.049  INFO     RX        /ERR/LOKO/0x00000002
15:55:36.049  INFO     RX        /ERR/LOKO/0x00000002
15:55:36.049  INFO     RX        /ERR/LOKO/0x00000002
15:55:36.081  INFO     RX        /ERR/LOKO/0x00000002
15:55:36.081  INFO     RX        /ERR/LOKO/0x00000002
15:55:36.081  INFO     RX        /ERR/LOKO/0x00000002
15:55:36.116  INFO     RX        /ERR/LOKO/0x00000002
15:55:36.116  INFO     RX        /ERR/LOKO/0x00000002
15:55:36.116  INFO     RX        /ERR/LOKO/0x00000002
15:55:36.145  INFO     RX        /ERR/LOKO/0x00000002
15:55:36.145  INFO     RX        /ERR/LOKO/0x00000002
15:55:36.180  INFO     RX        /ERR/LOKO/0x00000002
15:55:36.180  INFO     RX        /ERR/LOKO/0x00000002
15:55:36.180  INFO     RX        /ERR/LOKO/0x00000002
15:55:36.210  INFO     RX        /ERR/LOKO/0x00000002
15:55:36.210  INFO     RX        /ERR/LOKO/0x00000002
15:55:36.211  INFO     RX        /ERR/LOKO/0x00000002
15:55:36.247  INFO     RX        /ERR/LOKO/0x00000002
15:55:36.247  INFO     RX        /ERR/LOKO/0x00000002
15:55:36.247  INFO     RX        /ERR/LOKO/0x00000002
15:55:36.279  INFO     RX        /ERR/LOKO/0x00000002
15:55:36.279  INFO     RX        /ERR/LOKO/0x00000002
15:55:36.279  INFO     RX        /ERR/LOKO/0x00000002
15:55:36.311  INFO     RX        /ERR/LOKO/0x00000002
15:55:36.311  INFO     RX        /ERR/LOKO/0x00000002
15:55:36.311  INFO     RX        /ERR/LOKO/0x00000002
15:55:36.342  INFO     RX        /ERR/LOKO/0x00000002
15:55:36.342  INFO     RX        /ERR/LOKO/0x00000002
15:55:36.375  INFO     RX        /ERR/LOKO/0x00000002
15:55:36.375  INFO     RX        /ERR/LOKO/0x00000002
15:55:36.375  INFO     RX        /ERR/LOKO/0x00000002
15:55:36.407  INFO     RX        /ERR/LOKO/0x00000002
15:55:36.407  INFO     RX        /ERR/LOKO/0x00000002
15:55:36.407  INFO     RX        /ERR/LOKO/0x00000002
15:55:36.436  INFO     RX        /ERR/LOKO/0x00000002
15:55:36.436  INFO     RX        /ERR/LOKO/0x00000002
15:55:36.436  INFO     RX        /ERR/LOKO/0x00000002
15:55:36.469  INFO     RX        /ERR/LOKO/0x00000002
15:55:36.469  INFO     RX        /ERR/LOKO/0x00000002
15:55:36.501  INFO     RX        /ERR/LOKO/0x00000002
15:55:36.501  INFO     RX        /ERR/LOKO/0x00000002
15:55:36.501  INFO     RX        /ERR/LOKO/0x00000002
15:55:36.535  INFO     RX        /ERR/LOKO/0x00000002
15:55:36.535  INFO     RX        /ERR/LOKO/0x00000002
15:55:36.535  INFO     RX        /ERR/LOKO/0x00000002
15:55:36.567  INFO     RX        /ERR/LOKO/0x00000002
15:55:36.567  INFO     RX        /ERR/LOKO/0x00000002
15:55:36.567  INFO     RX        /ERR/LOKO/0x00000002
15:55:36.600  INFO     RX        /ERR/LOKO/0x00000002
15:55:36.600  INFO     RX        /ERR/LOKO/0x00000002
15:55:36.600  INFO     RX        /ERR/LOKO/0x00000002
15:55:36.629  INFO     RX        /ERR/LOKO/0x00000002
15:55:36.630  INFO     RX        /ERR/LOKO/0x00000002
15:55:36.666  INFO     RX        /ERR/LOKO/0x00000002
15:55:36.666  INFO     RX        /ERR/LOKO/0x00000002
15:55:36.666  INFO     RX        /ERR/LOKO/0x00000002
15:55:36.695  INFO     RX        /ERR/LOKO/0x00000002
15:55:36.695  INFO     RX        /ERR/LOKO/0x00000002
15:55:36.695  INFO     RX        /ERR/LOKO/0x00000002
15:55:36.726  INFO     RX        /ERR/LOKO/0x00000002
15:55:36.726  INFO     RX        /ERR/LOKO/0x00000002
15:55:36.726  INFO     RX        /ERR/LOKO/0x00000002
15:55:36.761  INFO     RX        /ERR/LOKO/0x00000002
15:55:36.762  INFO     RX        /ERR/LOKO/0x00000002
15:55:36.762  INFO     RX        /ERR/LOKO/0x00000002
15:55:36.791  INFO     RX        /ERR/LOKO/0x00000002
15:55:36.791  INFO     RX        /ERR/LOKO/0x00000002
15:55:36.822  INFO     RX        /ERR/LOKO/0x00000002
15:55:36.822  INFO     RX        /ERR/LOKO/0x00000002
15:55:36.822  INFO     RX        /ERR/LOKO/0x00000002
15:55:36.858  INFO     RX        /ERR/LOKO/0x00000002
15:55:36.858  INFO     RX        /ERR/LOKO/0x00000002
15:55:36.858  INFO     RX        /ERR/LOKO/0x00000002
15:55:36.887  INFO     RX        /ERR/LOKO/0x00000002
15:55:36.887  INFO     RX        /ERR/LOKO/0x00000002
15:55:36.887  INFO     RX        /ERR/LOKO/0x00000002
15:55:36.919  INFO     RX        /ERR/LOKO/0x00000002
15:55:36.919  INFO     RX        /ERR/LOKO/0x00000002
15:55:36.951  INFO     RX        /ERR/LOKO/0x00000002
15:55:36.951  INFO     RX        /ERR/LOKO/0x00000002
15:55:36.951  INFO     RX        /ERR/LOKO/0x00000002
15:55:36.986  INFO     RX        /ERR/LOKO/0x00000002
15:55:36.986  INFO     RX        /ERR/LOKO/0x00000002
15:55:36.986  INFO     RX        /ERR/LOKO/0x00000002
15:55:37.018  INFO     RX        /ERR/LOKO/0x00000002
15:55:37.018  INFO     RX        /ERR/LOKO/0x00000002
15:55:37.018  INFO     RX        /ERR/LOKO/0x00000002
15:55:37.048  INFO     RX        /ERR/LOKO/0x00000002
15:55:37.048  INFO     RX        /ERR/LOKO/0x00000002
15:55:37.083  INFO     RX        /ERR/LOKO/0x00000002
15:55:37.083  INFO     RX        /ERR/LOKO/0x00000002
15:55:37.083  INFO     RX        /ERR/LOKO/0x00000002
15:55:37.114  INFO     RX        /ERR/LOKO/0x00000002
15:55:37.114  INFO     RX        /ERR/LOKO/0x00000002
15:55:37.114  INFO     RX        /ERR/LOKO/0x00000002
15:55:37.147  INFO     RX        /ERR/LOKO/0x00000002
15:55:37.147  INFO     RX        /ERR/LOKO/0x00000002
15:55:37.147  INFO     RX        /ERR/LOKO/0x00000002
15:55:37.176  INFO     RX        /ERR/LOKO/0x00000002
15:55:37.177  INFO     RX        /ERR/LOKO/0x00000002
15:55:37.177  INFO     RX        /ERR/LOKO/0x00000002
15:55:37.208  INFO     RX        /ERR/LOKO/0x00000002
15:55:37.208  INFO     RX        /ERR/LOKO/0x00000002
15:55:37.241  INFO     RX        /ERR/LOKO/0x00000002
15:55:37.241  INFO     RX        /ERR/LOKO/0x00000002
15:55:37.241  INFO     RX        /ERR/LOKO/0x00000002
15:55:37.275  INFO     RX        /ERR/LOKO/0x00000002
15:55:37.275  INFO     RX        /ERR/LOKO/0x00000002
15:55:37.275  INFO     RX        /ERR/LOKO/0x00000002
15:55:37.304  INFO     RX        /ERR/LOKO/0x00000002
15:55:37.304  INFO     RX        /ERR/LOKO/0x00000002
15:55:37.304  INFO     RX        /ERR/LOKO/0x00000002
15:55:37.334  DEBUG    TX /CONTROLL/0,0,0,0,0,0,0,0,0
15:55:37.338  INFO     RX        /ERR/LOKO/0x00000002
15:55:37.339  INFO     RX        /ERR/LOKO/0x00000002
15:55:37.373  INFO     RX        /ERR/LOKO/0x00000002
15:55:37.373  INFO     RX        /ERR/LOKO/0x00000002
15:55:37.373  INFO     RX        /ERR/LOKO/0x00000002
15:55:37.373  INFO     RX        /ERR/LOKO/0x00000002
15:55:37.403  INFO     RX        /ERR/LOKO/0x00000002
15:55:37.403  INFO     RX        /ERR/LOKO/0x00000002
15:55:37.434  INFO     RX        /ERR/LOKO/0x00000002
15:55:37.434  INFO     RX        /ERR/LOKO/0x00000002
15:55:37.434  INFO     RX        /ERR/LOKO/0x00000002
15:55:37.467  INFO     RX        /ERR/LOKO/0x00000002
15:55:37.467  INFO     RX        /ERR/LOKO/0x00000002
15:55:37.467  INFO     RX        /ERR/LOKO/0x00000002
15:55:37.505  INFO     RX        /ERR/LOKO/0x00000002
15:55:37.505  INFO     RX        /ERR/LOKO/0x00000002
15:55:37.505  INFO     RX        /ERR/LOKO/0x00000002
15:55:37.534  INFO     RX        /ERR/LOKO/0x00000002
15:55:37.534  INFO     RX        /ERR/LOKO/0x00000002
15:55:37.568  INFO     RX        /ERR/LOKO/0x00000002
15:55:37.568  INFO     RX        /ERR/LOKO/0x00000002
15:55:37.568  INFO     RX        /ERR/LOKO/0x00000002
15:55:37.568  INFO     RX        /ERR/LOKO/0x00000002
15:55:37.603  INFO     RX        /ERR/LOKO/0x00000002
15:55:37.603  INFO     RX        /ERR/LOKO/0x00000002
15:55:37.637  INFO     RX        /ERR/LOKO/0x00000002
15:55:37.637  INFO     RX        /ERR/LOKO/0x00000002
15:55:37.637  INFO     RX        /ERR/LOKO/0x00000002
15:55:37.661  INFO     RX        /ERR/LOKO/0x00000002
15:55:37.661  INFO     RX        /ERR/LOKO/0x00000002
15:55:37.661  INFO     RX        /ERR/LOKO/0x00000002
15:55:37.693  INFO     RX        /ERR/LOKO/0x00000002
15:55:37.693  INFO     RX        /ERR/LOKO/0x00000002
15:55:37.732  INFO     RX        /ERR/LOKO/0x00000002
15:55:37.732  INFO     RX        /ERR/LOKO/0x00000002
15:55:37.732  INFO     RX        /ERR/LOKO/0x00000002
15:55:37.732  INFO     RX        /ERR/LOKO/0x00000002
15:55:37.756  INFO     RX        /ERR/LOKO/0x00000002
15:55:37.756  INFO     RX        /ERR/LOKO/0x00000002
15:55:37.793  INFO     RX        /ERR/LOKO/0x00000002
15:55:37.793  INFO     RX        /ERR/LOKO/0x00000002
15:55:37.793  INFO     RX        /ERR/LOKO/0x00000002
15:55:37.818  INFO     RX        /ERR/LOKO/0x00000002
15:55:37.819  INFO     RX        /ERR/LOKO/0x00000002
15:55:37.854  INFO     RX        /ERR/LOKO/0x00000002
15:55:37.854  INFO     RX        /ERR/LOKO/0x00000002
15:55:37.854  INFO     RX        /ERR/LOKO/0x00000002
15:55:37.885  INFO     RX        /ERR/LOKO/0x00000002
15:55:37.885  INFO     RX        /ERR/LOKO/0x00000002
15:55:37.885  INFO     RX        /ERR/LOKO/0x00000002
15:55:37.914  INFO     RX        /ERR/LOKO/0x00000002
15:55:37.914  INFO     RX        /ERR/LOKO/0x00000002
15:55:37.949  INFO     RX        /ERR/LOKO/0x00000002
15:55:37.950  INFO     RX        /ERR/LOKO/0x00000002
15:55:37.950  INFO     RX        /ERR/LOKO/0x00000002
15:55:37.981  INFO     RX        /ERR/LOKO/0x00000002
15:55:37.981  INFO     RX        /ERR/LOKO/0x00000002
15:55:37.981  INFO     RX        /ERR/LOKO/0x00000002
15:55:38.019  INFO     RX        /ERR/LOKO/0x00000002
15:55:38.019  INFO     RX        /ERR/LOKO/0x00000002
15:55:38.019  INFO     RX        /ERR/LOKO/0x00000002
15:55:38.043  INFO     RX        /ERR/LOKO/0x00000002
15:55:38.043  INFO     RX        /ERR/LOKO/0x00000002
15:55:38.077  INFO     RX        /ERR/LOKO/0x00000002
15:55:38.077  INFO     RX        /ERR/LOKO/0x00000002
15:55:38.077  INFO     RX        /ERR/LOKO/0x00000002
15:55:38.077  INFO     RX        /ERR/LOKO/0x00000002
15:55:38.106  INFO     RX        /ERR/LOKO/0x00000002
15:55:38.106  INFO     RX        /ERR/LOKO/0x00000002
15:55:38.141  INFO     RX        /ERR/LOKO/0x00000002
15:55:38.141  INFO     RX        /ERR/LOKO/0x00000002
15:55:38.141  INFO     RX        /ERR/LOKO/0x00000002
15:55:38.171  INFO     RX        /ERR/LOKO/0x00000002
15:55:38.171  INFO     RX        /ERR/LOKO/0x00000002
15:55:38.171  INFO     RX        /ERR/LOKO/0x00000002
15:55:38.206  INFO     RX        /ERR/LOKO/0x00000002
15:55:38.207  INFO     RX        /ERR/LOKO/0x00000002
15:55:38.207  INFO     RX        /ERR/LOKO/0x00000002
15:55:38.234  INFO     RX        /ERR/LOKO/0x00000002
15:55:38.234  INFO     RX        /ERR/LOKO/0x00000002
15:55:38.270  INFO     RX        /ERR/LOKO/0x00000002
15:55:38.270  INFO     RX        /ERR/LOKO/0x00000002
15:55:38.270  INFO     RX        /ERR/LOKO/0x00000002
15:55:38.303  INFO     RX        /ERR/LOKO/0x00000002
15:55:38.303  INFO     RX        /ERR/LOKO/0x00000002
15:55:38.303  INFO     RX        /ERR/LOKO/0x00000002
15:55:38.332  INFO     RX        /ERR/LOKO/0x00000002
15:55:38.332  INFO     RX        /ERR/LOKO/0x00000002
15:55:38.332  INFO     RX        /ERR/LOKO/0x00000002
15:55:38.364  INFO     RX        /ERR/LOKO/0x00000002
15:55:38.364  INFO     RX        /ERR/LOKO/0x00000002
15:55:38.399  INFO     RX        /ERR/LOKO/0x00000002
15:55:38.399  INFO     RX        /ERR/LOKO/0x00000002
15:55:38.399  INFO     RX        /ERR/LOKO/0x00000002
15:55:38.428  INFO     RX        /ERR/LOKO/0x00000002
15:55:38.428  INFO     RX        /ERR/LOKO/0x00000002
15:55:38.428  INFO     RX        /ERR/LOKO/0x00000002
15:55:38.461  INFO     RX        /ERR/LOKO/0x00000002
15:55:38.461  INFO     RX        /ERR/LOKO/0x00000002
15:55:38.461  INFO     RX        /ERR/LOKO/0x00000002
15:55:38.496  INFO     RX        /ERR/LOKO/0x00000002
15:55:38.496  INFO     RX        /ERR/LOKO/0x00000002
15:55:38.496  INFO     RX        /ERR/LOKO/0x00000002
15:55:38.524  INFO     RX        /ERR/LOKO/0x00000002
15:55:38.524  INFO     RX        /ERR/LOKO/0x00000002
15:55:38.647  INFO     RX        /ERR/LOKO/0x00000002
15:55:38.647  INFO     RX        /ERR/LOKO/0x00000002
15:55:38.647  INFO     RX        /ERR/LOKO/0x00000002
15:55:38.647  INFO     RX        /ERR/LOKO/0x00000002
15:55:38.647  INFO     RX        /ERR/LOKO/0x00000002
15:55:38.647  INFO     RX        /ERR/LOKO/0x00000002
15:55:38.647  INFO     RX        /ERR/LOKO/0x00000002
15:55:38.647  INFO     RX        /ERR/LOKO/0x00000002
15:55:38.651  INFO     RX        /ERR/LOKO/0x00000002
15:55:38.652  INFO     RX        /ERR/LOKO/0x00000002
15:55:38.652  INFO     RX        /ERR/LOKO/0x00000002
15:55:38.655  INFO     RX        /ERR/LOKO/0x00000002
15:55:38.687  INFO     RX        /ERR/LOKO/0x00000002
15:55:38.687  INFO     RX        /ERR/LOKO/0x00000002
15:55:38.722  INFO     RX        /ERR/LOKO/0x00000002
15:55:38.722  INFO     RX        /ERR/LOKO/0x00000002
15:55:38.722  INFO     RX        /ERR/LOKO/0x00000002
15:55:38.758  INFO     RX        /ERR/LOKO/0x00000002
15:55:38.758  INFO     RX        /ERR/LOKO/0x00000002
15:55:38.758  INFO     RX        /ERR/LOKO/0x00000002
15:55:38.880  INFO     RX        /ERR/LOKO/0x00000002
15:55:38.881  INFO     RX        /ERR/LOKO/0x00000002
15:55:38.881  INFO     RX        /ERR/LOKO/0x00000002
15:55:38.881  INFO     RX        /ERR/LOKO/0x00000002
15:55:38.881  INFO     RX        /ERR/LOKO/0x00000002
15:55:38.881  INFO     RX        /ERR/LOKO/0x00000002
15:55:38.881  INFO     RX        /ERR/LOKO/0x00000002
15:55:38.881  INFO     RX        /ERR/LOKO/0x00000002
15:55:38.884  INFO     RX        /ERR/LOKO/0x00000002
15:55:38.884  INFO     RX        /ERR/LOKO/0x00000002
15:55:38.884  INFO     RX        /ERR/LOKO/0x00000002
15:55:38.886  INFO     RX        /ERR/LOKO/0x00000002
15:55:38.929  INFO     RX        /ERR/LOKO/0x00000002
15:55:38.929  INFO     RX        /ERR/LOKO/0x00000002
15:55:38.929  INFO     RX        /ERR/LOKO/0x00000002
15:55:38.943  DEBUG    TX /CONTROLL/0,0,0,0,0,0,0,0,0
15:55:38.946  INFO     RX        /ERR/LOKO/0x00000002
15:55:38.946  INFO     RX        /ERR/LOKO/0x00000002
15:55:38.979  INFO     RX        /ERR/LOKO/0x00000002
15:55:38.979  INFO     RX        /ERR/LOKO/0x00000002
15:55:38.979  INFO     RX        /ERR/LOKO/0x00000002
15:55:39.106  INFO     RX        /ERR/LOKO/0x00000002
15:55:39.106  INFO     RX        /ERR/LOKO/0x00000002
15:55:39.106  INFO     RX        /ERR/LOKO/0x00000002
15:55:39.106  INFO     RX        /ERR/LOKO/0x00000002
15:55:39.106  INFO     RX        /ERR/LOKO/0x00000002
15:55:39.106  INFO     RX        /ERR/LOKO/0x00000002
15:55:39.106  INFO     RX        /ERR/LOKO/0x00000002
15:55:39.109  INFO     RX        /ERR/LOKO/0x00000002
15:55:39.109  INFO     RX        /ERR/LOKO/0x00000002
15:55:39.109  INFO     RX        /ERR/LOKO/0x00000002
15:55:39.109  INFO     RX        /ERR/LOKO/0x00000002
15:55:39.116  INFO     RX        /ERR/LOKO/0x00000002
15:55:39.155  INFO     RX        /ERR/LOKO/0x00000002
15:55:39.155  INFO     RX        /ERR/LOKO/0x00000002
15:55:39.155  INFO     RX        /ERR/LOKO/0x00000002
15:55:39.172  INFO     RX        /ERR/LOKO/0x00000002
15:55:39.215  INFO     RX        /ERR/LOKO/0x00000002
15:55:39.216  INFO     RX        /ERR/LOKO/0x00000002
15:55:39.216  INFO     RX        /ERR/LOKO/0x00000002
15:55:39.216  INFO     RX        /ERR/LOKO/0x00000002
15:55:39.280  INFO     RX        /ERR/LOKO/0x00000002
15:55:39.280  INFO     RX        /ERR/LOKO/0x00000002
15:55:39.281  INFO     RX        /ERR/LOKO/0x00000002
15:55:39.281  INFO     RX        /ERR/LOKO/0x00000002
15:55:39.281  INFO     RX        /ERR/LOKO/0x00000002
15:55:39.281  INFO     RX        /ERR/LOKO/0x00000002
15:55:39.290  INFO     RX        /ERR/LOKO/0x00000002
15:55:39.334  INFO     RX        /ERR/LOKO/0x00000002
15:55:39.334  INFO     RX        /ERR/LOKO/0x00000002
15:55:39.334  INFO     RX        /ERR/LOKO/0x00000002
15:55:39.404  INFO     RX        /ERR/LOKO/0x00000002
15:55:39.404  INFO     RX        /ERR/LOKO/0x00000002
15:55:39.404  INFO     RX        /ERR/LOKO/0x00000002
15:55:39.404  INFO     RX        /ERR/LOKO/0x00000002
15:55:39.404  INFO     RX        /ERR/LOKO/0x00000002
15:55:39.404  INFO     RX        /ERR/LOKO/0x00000002
15:55:39.407  INFO     RX        /ERR/LOKO/0x00000002
15:55:39.450  INFO     RX        /ERR/LOKO/0x00000002
15:55:39.450  INFO     RX        /ERR/LOKO/0x00000002
15:55:39.450  INFO     RX        /ERR/LOKO/0x00000002
15:55:39.463  INFO     RX        /ERR/LOKO/0x00000002
15:55:39.526  INFO     RX        /ERR/LOKO/0x00000002
15:55:39.526  INFO     RX        /ERR/LOKO/0x00000002
15:55:39.526  INFO     RX        /ERR/LOKO/0x00000002
15:55:39.526  INFO     RX        /ERR/LOKO/0x00000002
15:55:39.527  INFO     RX        /ERR/LOKO/0x00000002
15:55:39.527  INFO     RX        /ERR/LOKO/0x00000002
15:55:39.533  INFO     RX        /ERR/LOKO/0x00000002
15:55:39.576  INFO     RX        /ERR/LOKO/0x00000002
15:55:39.576  INFO     RX        /ERR/LOKO/0x00000002
15:55:39.576  INFO     RX        /ERR/LOKO/0x00000002
15:55:39.598  INFO     RX        /ERR/LOKO/0x00000002
15:55:39.598  INFO     RX        /ERR/LOKO/0x00000002
15:55:39.621  INFO     RX        /ERR/LOKO/0x00000002
15:55:39.621  INFO     RX        /ERR/LOKO/0x00000002
15:55:39.658  INFO     RX        /ERR/LOKO/0x00000002
15:55:39.658  INFO     RX        /ERR/LOKO/0x00000002
15:55:39.659  INFO     RX        /ERR/LOKO/0x00000002
15:55:39.691  INFO     RX        /ERR/LOKO/0x00000002
15:55:39.691  INFO     RX        /ERR/LOKO/0x00000002
15:55:39.691  INFO     RX        /ERR/LOKO/0x00000002
15:55:39.816  INFO     RX        /ERR/LOKO/0x00000002
15:55:39.816  INFO     RX        /ERR/LOKO/0x00000002
15:55:39.816  INFO     RX        /ERR/LOKO/0x00000002
15:55:39.816  INFO     RX        /ERR/LOKO/0x00000002
15:55:39.816  INFO     RX        /ERR/LOKO/0x00000002
15:55:39.816  INFO     RX        /ERR/LOKO/0x00000002
15:55:39.816  INFO     RX        /ERR/LOKO/0x00000002
15:55:39.816  INFO     RX        /ERR/LOKO/0x00000002
15:55:39.829  INFO     RX        /ERR/LOKO/0x00000002
15:55:39.829  INFO     RX        /ERR/LOKO/0x00000002
15:55:39.829  INFO     RX        /ERR/LOKO/0x00000002
15:55:39.829  INFO     RX        /ERR/LOKO/0x00000002
15:55:39.834  INFO     RX        /ERR/LOKO/0x00000002
15:55:39.878  INFO     RX        /ERR/LOKO/0x00000002
15:55:39.879  INFO     RX        /ERR/LOKO/0x00000002
15:55:39.879  INFO     RX        /ERR/LOKO/0x00000002
15:55:39.883  INFO     RX        /ERR/LOKO/0x00000002
15:55:39.912  INFO     RX        /ERR/LOKO/0x00000002
15:55:39.912  INFO     RX        /ERR/LOKO/0x00000002
15:55:39.951  INFO     RX        /ERR/LOKO/0x00000002
15:55:39.952  INFO     RX        /ERR/LOKO/0x00000002
15:55:39.952  INFO     RX        /ERR/LOKO/0x00000002
15:55:39.952  INFO     RX        /ERR/LOKO/0x00000002
15:55:40.093  INFO     RX        /ERR/LOKO/0x00000002
15:55:40.093  INFO     RX        /ERR/LOKO/0x00000002
15:55:40.093  INFO     RX        /ERR/LOKO/0x00000002
15:55:40.093  INFO     RX        /ERR/LOKO/0x00000002
15:55:40.093  INFO     RX        /ERR/LOKO/0x00000002
15:55:40.093  INFO     RX        /ERR/LOKO/0x00000002
15:55:40.093  INFO     RX        /ERR/LOKO/0x00000002
15:55:40.093  INFO     RX        /ERR/LOKO/0x00000002
15:55:40.093  INFO     RX        /ERR/LOKO/0x00000002
15:55:40.093  INFO     RX        /ERR/LOKO/0x00000002
15:55:40.093  INFO     RX        /ERR/LOKO/0x00000002
15:55:40.093  INFO     RX        /ERR/LOKO/0x00000002
15:55:40.099  INFO     RX        /ERR/LOKO/0x00000002
15:55:40.135  INFO     RX        /ERR/LOKO/0x00000002
15:55:40.135  INFO     RX        /ERR/LOKO/0x00000002
15:55:40.135  INFO     RX        /ERR/LOKO/0x00000002
15:55:40.197  INFO     RX        /ERR/LOKO/0x00000002
15:55:40.197  INFO     RX        /ERR/LOKO/0x00000002
15:55:40.197  INFO     RX        /ERR/LOKO/0x00000002
15:55:40.197  INFO     RX        /ERR/LOKO/0x00000002
15:55:40.197  INFO     RX        /ERR/LOKO/0x00000002
15:55:40.203  INFO     RX        /ERR/LOKO/0x00000002
15:55:40.340  INFO     RX        /ERR/LOKO/0x00000002
15:55:40.340  INFO     RX        /ERR/LOKO/0x00000002
15:55:40.340  INFO     RX        /ERR/LOKO/0x00000002
15:55:40.340  INFO     RX        /ERR/LOKO/0x00000002
15:55:40.340  INFO     RX        /ERR/LOKO/0x00000002
15:55:40.340  INFO     RX        /ERR/LOKO/0x00000002
15:55:40.340  INFO     RX        /ERR/LOKO/0x00000002
15:55:40.344  INFO     RX        /ERR/LOKO/0x00000002
15:55:40.344  INFO     RX        /ERR/LOKO/0x00000002
15:55:40.344  INFO     RX        /ERR/LOKO/0x00000002
15:55:40.344  INFO     RX        /ERR/LOKO/0x00000002
15:55:40.344  INFO     RX        /ERR/LOKO/0x00000002
15:55:40.359  INFO     RX        /ERR/LOKO/0x00000002
15:55:40.390  INFO     RX        /ERR/LOKO/0x00000002
15:55:40.390  INFO     RX        /ERR/LOKO/0x00000002
15:55:40.391  INFO     RX        /ERR/LOKO/0x00000002
15:55:40.477  INFO     RX        /ERR/LOKO/0x00000002
15:55:40.477  INFO     RX        /ERR/LOKO/0x00000002
15:55:40.477  INFO     RX        /ERR/LOKO/0x00000002
15:55:40.477  INFO     RX        /ERR/LOKO/0x00000002
15:55:40.477  INFO     RX        /ERR/LOKO/0x00000002
15:55:40.477  INFO     RX        /ERR/LOKO/0x00000002
15:55:40.477  INFO     RX        /ERR/LOKO/0x00000002
15:55:40.480  INFO     RX        /ERR/LOKO/0x00000002
15:55:40.549  DEBUG    TX /CONTROLL/0,0,0,0,0,0,0,0,0
15:55:40.620  INFO     RX        /ERR/LOKO/0x00000002
15:55:40.620  INFO     RX        /ERR/LOKO/0x00000002
15:55:40.620  INFO     RX        /ERR/LOKO/0x00000002
15:55:40.620  INFO     RX        /ERR/LOKO/0x00000002
15:55:40.620  INFO     RX        /ERR/LOKO/0x00000002
15:55:40.620  INFO     RX        /ERR/LOKO/0x00000002
15:55:40.620  INFO     RX        /ERR/LOKO/0x00000002
15:55:40.620  INFO     RX        /ERR/LOKO/0x00000002
15:55:40.623  INFO     RX        /ERR/LOKO/0x00000002
15:55:40.623  INFO     RX        /ERR/LOKO/0x00000002
15:55:40.623  INFO     RX        /ERR/LOKO/0x00000002
15:55:40.623  INFO     RX        /ERR/LOKO/0x00000002
15:55:40.631  INFO     RX        /ERR/LOKO/0x00000002
15:55:40.663  INFO     RX        /ERR/LOKO/0x00000002
15:55:40.664  INFO     RX        /ERR/LOKO/0x00000002
15:55:40.681  INFO     RX        /ERR/LOKO/0x00000002
15:55:40.681  INFO     RX        /ERR/LOKO/0x00000002
15:55:40.816  INFO     RX        /ERR/LOKO/0x00000002
15:55:40.816  INFO     RX        /ERR/LOKO/0x00000002
15:55:40.816  INFO     RX        /ERR/LOKO/0x00000002
15:55:40.816  INFO     RX        /ERR/LOKO/0x00000002
15:55:40.816  INFO     RX        /ERR/LOKO/0x00000002
15:55:40.816  INFO     RX        /ERR/LOKO/0x00000002
15:55:40.816  INFO     RX        /ERR/LOKO/0x00000002
15:55:40.816  INFO     RX        /ERR/LOKO/0x00000002
15:55:40.817  INFO     RX        /ERR/LOKO/0x00000002
15:55:40.817  INFO     RX        /ERR/LOKO/0x00000002
15:55:40.817  INFO     RX        /ERR/LOKO/0x00000002
15:55:40.817  INFO     RX        /ERR/LOKO/0x00000002
15:55:40.856  INFO     RX        /ERR/LOKO/0x00000002
15:55:40.857  INFO     RX        /ERR/LOKO/0x00000002
15:55:40.894  INFO     RX        /ERR/LOKO/0x00000002
15:55:40.894  INFO     RX        /ERR/LOKO/0x00000002
15:55:40.894  INFO     RX        /ERR/LOKO/0x00000002
15:55:40.894  INFO     RX        /ERR/LOKO/0x00000002
15:55:40.906  INFO     RX        /ERR/LOKO/0x00000002
15:55:40.939  INFO     RX        /ERR/LOKO/0x00000002
15:55:40.939  INFO     RX        /ERR/LOKO/0x00000002
15:55:40.939  INFO     RX        /ERR/LOKO/0x00000002
15:55:41.055  INFO     RX        /ERR/LOKO/0x00000002
15:55:41.055  INFO     RX        /ERR/LOKO/0x00000002
15:55:41.055  INFO     RX        /ERR/LOKO/0x00000002
15:55:41.055  INFO     RX        /ERR/LOKO/0x00000002
15:55:41.055  INFO     RX        /ERR/LOKO/0x00000002
15:55:41.055  INFO     RX        /ERR/LOKO/0x00000002
15:55:41.055  INFO     RX        /ERR/LOKO/0x00000002
15:55:41.056  INFO     RX        /ERR/LOKO/0x00000002
15:55:41.057  INFO     RX        /ERR/LOKO/0x00000002
15:55:41.057  INFO     RX        /ERR/LOKO/0x00000002
15:55:41.059  INFO     RX        /ERR/LOKO/0x00000002
15:55:41.133  INFO     RX        /ERR/LOKO/0x00000002
15:55:41.133  INFO     RX        /ERR/LOKO/0x00000002
15:55:41.133  INFO     RX        /ERR/LOKO/0x00000002
15:55:41.133  INFO     RX        /ERR/LOKO/0x00000002
15:55:41.133  INFO     RX        /ERR/LOKO/0x00000002
15:55:41.133  INFO     RX        /ERR/LOKO/0x00000002
15:55:41.138  INFO     RX        /ERR/LOKO/0x00000002
15:55:41.187  INFO     RX        /ERR/LOKO/0x00000002
15:55:41.187  INFO     RX        /ERR/LOKO/0x00000002
15:55:41.187  INFO     RX        /ERR/LOKO/0x00000002
15:55:41.187  INFO     RX        /ERR/LOKO/0x00000002
15:55:41.201  INFO     RX        /ERR/LOKO/0x00000002
15:55:41.237  INFO     RX        /ERR/LOKO/0x00000002
15:55:41.237  INFO     RX        /ERR/LOKO/0x00000002
15:55:41.237  INFO     RX        /ERR/LOKO/0x00000002
15:55:41.265  INFO     RX        /ERR/LOKO/0x00000002
15:55:41.265  INFO     RX        /ERR/LOKO/0x00000002
15:55:41.301  INFO     RX        /ERR/LOKO/0x00000002
15:55:41.301  INFO     RX        /ERR/LOKO/0x00000002
15:55:41.301  INFO     RX        /ERR/LOKO/0x00000002
15:55:41.331  INFO     RX        /ERR/LOKO/0x00000002
15:55:41.331  INFO     RX        /ERR/LOKO/0x00000002
15:55:41.331  INFO     RX        /ERR/LOKO/0x00000002
15:55:41.361  INFO     RX        /ERR/LOKO/0x00000002
15:55:41.361  INFO     RX        /ERR/LOKO/0x00000002
15:55:41.361  INFO     RX        /ERR/LOKO/0x00000002
15:55:41.418  INFO     RX        /ERR/LOKO/0x00000002
15:55:41.419  INFO     RX        /ERR/LOKO/0x00000002
15:55:41.419  INFO     RX        /ERR/LOKO/0x00000002
15:55:41.419  INFO     RX        /ERR/LOKO/0x00000002
15:55:41.419  INFO     RX        /ERR/LOKO/0x00000002
15:55:41.679  INFO     RX        /ERR/LOKO/0x00000002
15:55:41.679  INFO     RX        /ERR/LOKO/0x00000002
15:55:41.679  INFO     RX        /ERR/LOKO/0x00000002
15:55:41.679  INFO     RX        /ERR/LOKO/0x00000002
15:55:41.679  INFO     RX        /ERR/LOKO/0x00000002
15:55:41.679  INFO     RX        /ERR/LOKO/0x00000002
15:55:41.679  INFO     RX        /ERR/LOKO/0x00000002
15:55:41.679  INFO     RX        /ERR/LOKO/0x00000002
15:55:41.682  INFO     RX        /ERR/LOKO/0x00000002
15:55:41.682  INFO     RX        /ERR/LOKO/0x00000002
15:55:41.682  INFO     RX        /ERR/LOKO/0x00000002
15:55:41.682  INFO     RX        /ERR/LOKO/0x00000002
15:55:41.682  INFO     RX        /ERR/LOKO/0x00000002
15:55:41.682  INFO     RX        /ERR/LOKO/0x00000002
15:55:41.682  INFO     RX        /ERR/LOKO/0x00000002
15:55:41.682  INFO     RX        /ERR/LOKO/0x00000002
15:55:41.683  INFO     RX        /ERR/LOKO/0x00000002
15:55:41.683  INFO     RX        /ERR/LOKO/0x00000002
15:55:41.683  INFO     RX        /ERR/LOKO/0x00000002
15:55:41.683  INFO     RX        /ERR/LOKO/0x00000002
15:55:41.683  INFO     RX        /ERR/LOKO/0x00000002
15:55:41.683  INFO     RX        /ERR/LOKO/0x00000002
15:55:41.685  INFO     RX        /ERR/LOKO/0x00000002
15:55:41.736  INFO     RX        /ERR/LOKO/0x00000002
15:55:41.736  INFO     RX        /ERR/LOKO/0x00000002
15:55:41.736  INFO     RX        /ERR/LOKO/0x00000002
15:55:41.736  INFO     RX        /ERR/LOKO/0x00000002
15:55:41.747  INFO     RX        /ERR/LOKO/0x00000002
15:55:41.783  INFO     RX        /ERR/LOKO/0x00000002
15:55:41.783  INFO     RX        /ERR/LOKO/0x00000002
15:55:41.783  INFO     RX        /ERR/LOKO/0x00000002
15:55:41.811  INFO     RX        /ERR/LOKO/0x00000002
15:55:41.811  INFO     RX        /ERR/LOKO/0x00000002
15:55:41.811  INFO     RX        /ERR/LOKO/0x00000002
15:55:41.843  INFO     RX        /ERR/LOKO/0x00000002
15:55:41.843  INFO     RX        /ERR/LOKO/0x00000002
15:55:41.878  INFO     RX        /ERR/LOKO/0x00000002
15:55:41.878  INFO     RX        /ERR/LOKO/0x00000002
15:55:41.878  INFO     RX        /ERR/LOKO/0x00000002
15:55:41.906  INFO     RX        /ERR/LOKO/0x00000002
15:55:41.907  INFO     RX        /ERR/LOKO/0x00000002
15:55:41.907  INFO     RX        /ERR/LOKO/0x00000002
15:55:41.939  INFO     RX        /ERR/LOKO/0x00000002
15:55:41.940  INFO     RX        /ERR/LOKO/0x00000002
15:55:41.940  INFO     RX        /ERR/LOKO/0x00000002
15:55:41.971  INFO     RX        /ERR/LOKO/0x00000002
15:55:41.971  INFO     RX        /ERR/LOKO/0x00000002
15:55:42.005  INFO     RX        /ERR/LOKO/0x00000002
15:55:42.006  INFO     RX        /ERR/LOKO/0x00000002
15:55:42.006  INFO     RX        /ERR/LOKO/0x00000002
15:55:42.035  INFO     RX        /ERR/LOKO/0x00000002
15:55:42.035  INFO     RX        /ERR/LOKO/0x00000002
15:55:42.035  INFO     RX        /ERR/LOKO/0x00000002
15:55:42.066  INFO     RX        /ERR/LOKO/0x00000002
15:55:42.067  INFO     RX        /ERR/LOKO/0x00000002
15:55:42.067  INFO     RX        /ERR/LOKO/0x00000002
15:55:42.103  INFO     RX        /ERR/LOKO/0x00000002
15:55:42.103  INFO     RX        /ERR/LOKO/0x00000002
15:55:42.103  INFO     RX        /ERR/LOKO/0x00000002
15:55:42.134  INFO     RX        /ERR/LOKO/0x00000002
15:55:42.134  INFO     RX        /ERR/LOKO/0x00000002
15:55:42.134  INFO     RX        /ERR/LOKO/0x00000002
15:55:42.159  DEBUG    TX /CONTROLL/0,0,0,0,0,0,0,0,0
15:55:42.171  INFO     RX        /ERR/LOKO/0x00000002
15:55:42.171  INFO     RX        /ERR/LOKO/0x00000002
15:55:42.171  INFO     RX        /ERR/LOKO/0x00000002
15:55:42.195  INFO     RX        /ERR/LOKO/0x00000002
15:55:42.195  INFO     RX        /ERR/LOKO/0x00000002
15:55:42.227  INFO     RX        /ERR/LOKO/0x00000002
15:55:42.227  INFO     RX        /ERR/LOKO/0x00000002
15:55:42.227  INFO     RX        /ERR/LOKO/0x00000002
15:55:42.262  INFO     RX        /ERR/LOKO/0x00000002
15:55:42.262  INFO     RX        /ERR/LOKO/0x00000002
15:55:42.262  INFO     RX        /ERR/LOKO/0x00000002
15:55:42.294  INFO     RX        /ERR/LOKO/0x00000002
15:55:42.294  INFO     RX        /ERR/LOKO/0x00000002
15:55:42.327  INFO     RX        /ERR/LOKO/0x00000002
15:55:42.327  INFO     RX        /ERR/LOKO/0x00000002
15:55:42.327  INFO     RX        /ERR/LOKO/0x00000002
15:55:42.356  INFO     RX        /ERR/LOKO/0x00000002
15:55:42.356  INFO     RX        /ERR/LOKO/0x00000002
15:55:42.356  INFO     RX        /ERR/LOKO/0x00000002
15:55:42.390  INFO     RX        /ERR/LOKO/0x00000002
15:55:42.391  INFO     RX        /ERR/LOKO/0x00000002
15:55:42.391  INFO     RX        /ERR/LOKO/0x00000002
15:55:42.423  INFO     RX        /ERR/LOKO/0x00000002
15:55:42.423  INFO     RX        /ERR/LOKO/0x00000002
15:55:42.423  INFO     RX        /ERR/LOKO/0x00000002
15:55:42.452  INFO     RX        /ERR/LOKO/0x00000002
15:55:42.452  INFO     RX        /ERR/LOKO/0x00000002
15:55:42.484  INFO     RX        /ERR/LOKO/0x00000002
15:55:42.484  INFO     RX        /ERR/LOKO/0x00000002
15:55:42.484  INFO     RX        /ERR/LOKO/0x00000002
15:55:42.518  INFO     RX        /ERR/LOKO/0x00000002
15:55:42.518  INFO     RX        /ERR/LOKO/0x00000002
15:55:42.518  INFO     RX        /ERR/LOKO/0x00000002
15:55:42.552  INFO     RX        /ERR/LOKO/0x00000002
15:55:42.552  INFO     RX        /ERR/LOKO/0x00000002
15:55:42.552  INFO     RX        /ERR/LOKO/0x00000002
15:55:42.580  INFO     RX        /ERR/LOKO/0x00000002
15:55:42.580  INFO     RX        /ERR/LOKO/0x00000002
15:55:42.615  INFO     RX        /ERR/LOKO/0x00000002
15:55:42.616  INFO     RX        /ERR/LOKO/0x00000002
15:55:42.616  INFO     RX        /ERR/LOKO/0x00000002
15:55:42.645  INFO     RX        /ERR/LOKO/0x00000002
15:55:42.645  INFO     RX        /ERR/LOKO/0x00000002
15:55:42.645  INFO     RX        /ERR/LOKO/0x00000002
15:55:42.680  INFO     RX        /ERR/LOKO/0x00000002
15:55:42.680  INFO     RX        /ERR/LOKO/0x00000002
15:55:42.680  INFO     RX        /ERR/LOKO/0x00000002
15:55:42.710  INFO     RX        /ERR/LOKO/0x00000002
15:55:42.710  INFO     RX        /ERR/LOKO/0x00000002
15:55:42.745  INFO     RX        /ERR/LOKO/0x00000002
15:55:42.745  INFO     RX        /ERR/LOKO/0x00000002
15:55:42.745  INFO     RX        /ERR/LOKO/0x00000002
15:55:42.775  INFO     RX        /ERR/LOKO/0x00000002
15:55:42.775  INFO     RX        /ERR/LOKO/0x00000002
15:55:42.775  INFO     RX        /ERR/LOKO/0x00000002
15:55:42.810  INFO     RX        /ERR/LOKO/0x00000002
15:55:42.811  INFO     RX        /ERR/LOKO/0x00000002
15:55:42.811  INFO     RX        /ERR/LOKO/0x00000002
15:55:42.843  INFO     RX        /ERR/LOKO/0x00000002
15:55:42.843  INFO     RX        /ERR/LOKO/0x00000002
15:55:42.843  INFO     RX        /ERR/LOKO/0x00000002
15:55:42.873  INFO     RX        /ERR/LOKO/0x00000002
15:55:42.873  INFO     RX        /ERR/LOKO/0x00000002
15:55:42.873  INFO     RX        /ERR/LOKO/0x00000002
15:55:42.905  INFO     RX        /ERR/LOKO/0x00000002
15:55:42.905  INFO     RX        /ERR/LOKO/0x00000002
15:55:42.941  INFO     RX        /ERR/LOKO/0x00000002
15:55:42.941  INFO     RX        /ERR/LOKO/0x00000002
15:55:42.941  INFO     RX        /ERR/LOKO/0x00000002
15:55:42.972  INFO     RX        /ERR/LOKO/0x00000002
15:55:42.972  INFO     RX        /ERR/LOKO/0x00000002
15:55:42.972  INFO     RX        /ERR/LOKO/0x00000002
15:55:43.008  INFO     RX        /ERR/LOKO/0x00000002
15:55:43.008  INFO     RX        /ERR/LOKO/0x00000002
15:55:43.008  INFO     RX        /ERR/LOKO/0x00000002
15:55:43.039  INFO     RX        /ERR/LOKO/0x00000002
15:55:43.039  INFO     RX        /ERR/LOKO/0x00000002
15:55:43.039  INFO     RX        /ERR/LOKO/0x00000002
15:55:43.076  INFO     RX        /ERR/LOKO/0x00000002
15:55:43.076  INFO     RX        /ERR/LOKO/0x00000002
15:55:43.076  INFO     RX        /ERR/LOKO/0x00000002
15:55:43.106  INFO     RX        /ERR/LOKO/0x00000002
15:55:43.106  INFO     RX        /ERR/LOKO/0x00000002
15:55:43.106  INFO     RX        /ERR/LOKO/0x00000002
15:55:43.140  INFO     RX        /ERR/LOKO/0x00000002
15:55:43.140  INFO     RX        /ERR/LOKO/0x00000002
15:55:43.141  INFO     RX        /ERR/LOKO/0x00000002
15:55:43.169  INFO     RX        /ERR/LOKO/0x00000002
15:55:43.169  INFO     RX        /ERR/LOKO/0x00000002
15:55:43.202  INFO     RX        /ERR/LOKO/0x00000002
15:55:43.202  INFO     RX        /ERR/LOKO/0x00000002
15:55:43.202  INFO     RX        /ERR/LOKO/0x00000002
15:55:43.236  INFO     RX        /ERR/LOKO/0x00000002
15:55:43.237  INFO     RX        /ERR/LOKO/0x00000002
15:55:43.237  INFO     RX        /ERR/LOKO/0x00000002
15:55:43.266  INFO     RX        /ERR/LOKO/0x00000002
15:55:43.266  INFO     RX        /ERR/LOKO/0x00000002
15:55:43.266  INFO     RX        /ERR/LOKO/0x00000002
15:55:43.301  INFO     RX        /ERR/LOKO/0x00000002
15:55:43.301  INFO     RX        /ERR/LOKO/0x00000002
15:55:43.301  INFO     RX        /ERR/LOKO/0x00000002
15:55:43.330  INFO     RX        /ERR/LOKO/0x00000002
15:55:43.331  INFO     RX        /ERR/LOKO/0x00000002
15:55:43.363  INFO     RX        /ERR/LOKO/0x00000002
15:55:43.363  INFO     RX        /ERR/LOKO/0x00000002
15:55:43.363  INFO     RX        /ERR/LOKO/0x00000002
15:55:43.398  INFO     RX        /ERR/LOKO/0x00000002
15:55:43.398  INFO     RX        /ERR/LOKO/0x00000002
15:55:43.398  INFO     RX        /ERR/LOKO/0x00000002
15:55:43.427  INFO     RX        /ERR/LOKO/0x00000002
15:55:43.427  INFO     RX        /ERR/LOKO/0x00000002
15:55:43.462  INFO     RX        /ERR/LOKO/0x00000002
15:55:43.462  INFO     RX        /ERR/LOKO/0x00000002
15:55:43.462  INFO     RX        /ERR/LOKO/0x00000002
15:55:43.491  INFO     RX        /ERR/LOKO/0x00000002
15:55:43.491  INFO     RX        /ERR/LOKO/0x00000002
15:55:43.491  INFO     RX        /ERR/LOKO/0x00000002
15:55:43.523  INFO     RX        /ERR/LOKO/0x00000002
15:55:43.523  INFO     RX        /ERR/LOKO/0x00000002
15:55:43.523  INFO     RX        /ERR/LOKO/0x00000002
15:55:43.558  INFO     RX        /ERR/LOKO/0x00000002
15:55:43.558  INFO     RX        /ERR/LOKO/0x00000002
15:55:43.558  INFO     RX        /ERR/LOKO/0x00000002
15:55:43.591  INFO     RX        /ERR/LOKO/0x00000002
15:55:43.591  INFO     RX        /ERR/LOKO/0x00000002
15:55:43.591  INFO     RX        /ERR/LOKO/0x00000002
15:55:43.622  INFO     RX        /ERR/LOKO/0x00000002
15:55:43.622  INFO     RX        /ERR/LOKO/0x00000002
15:55:43.657  INFO     RX        /ERR/LOKO/0x00000002
15:55:43.657  INFO     RX        /ERR/LOKO/0x00000002
15:55:43.657  INFO     RX        /ERR/LOKO/0x00000002
15:55:43.686  INFO     RX        /ERR/LOKO/0x00000002
15:55:43.686  INFO     RX        /ERR/LOKO/0x00000002
15:55:43.687  INFO     RX        /ERR/LOKO/0x00000002
15:55:43.722  INFO     RX        /ERR/LOKO/0x00000002
15:55:43.722  INFO     RX        /ERR/LOKO/0x00000002
15:55:43.722  INFO     RX        /ERR/LOKO/0x00000002
15:55:43.751  INFO     RX        /ERR/LOKO/0x00000002
15:55:43.751  INFO     RX        /ERR/LOKO/0x00000002
15:55:43.751  INFO     RX        /ERR/LOKO/0x00000002
15:55:43.781  DEBUG    TX /CONTROLL/0,0,0,0,0,0,0,0,0
15:55:43.786  INFO     RX        /ERR/LOKO/0x00000002
15:55:43.787  INFO     RX        /ERR/LOKO/0x00000002
15:55:43.787  INFO     RX        /ERR/LOKO/0x00000002
15:55:43.909  INFO     RX        /ERR/LOKO/0x00000002
15:55:43.909  INFO     RX        /ERR/LOKO/0x00000002
15:55:43.909  INFO     RX        /ERR/LOKO/0x00000002
15:55:43.909  INFO     RX        /ERR/LOKO/0x00000002
15:55:43.909  INFO     RX        /ERR/LOKO/0x00000002
15:55:43.909  INFO     RX        /ERR/LOKO/0x00000002
15:55:43.909  INFO     RX        /ERR/LOKO/0x00000002
15:55:43.916  INFO     RX        /ERR/LOKO/0x00000002
15:55:43.916  INFO     RX        /ERR/LOKO/0x00000002
15:55:43.916  INFO     RX        /ERR/LOKO/0x00000002
15:55:43.918  INFO     RX        /ERR/LOKO/0x00000002
15:55:43.946  INFO     RX        /ERR/LOKO/0x00000002
15:55:43.946  INFO     RX        /ERR/LOKO/0x00000002
15:55:43.978  INFO     RX        /ERR/LOKO/0x00000002
15:55:43.978  INFO     RX        /ERR/LOKO/0x00000002
15:55:43.978  INFO     RX        /ERR/LOKO/0x00000002
15:55:44.013  INFO     RX        /ERR/LOKO/0x00000002
15:55:44.013  INFO     RX        /ERR/LOKO/0x00000002
15:55:44.013  INFO     RX        /ERR/LOKO/0x00000002
15:55:44.042  INFO     RX        /ERR/LOKO/0x00000002
15:55:44.043  INFO     RX        /ERR/LOKO/0x00000002
15:55:44.043  INFO     RX        /ERR/LOKO/0x00000002
15:55:44.077  INFO     RX        /ERR/LOKO/0x00000002
15:55:44.077  INFO     RX        /ERR/LOKO/0x00000002
15:55:44.077  INFO     RX        /ERR/LOKO/0x00000002
15:55:44.106  INFO     RX        /ERR/LOKO/0x00000002
15:55:44.106  INFO     RX        /ERR/LOKO/0x00000002
15:55:44.141  INFO     RX        /ERR/LOKO/0x00000002
15:55:44.141  INFO     RX        /ERR/LOKO/0x00000002
15:55:44.141  INFO     RX        /ERR/LOKO/0x00000002
15:55:44.170  INFO     RX        /ERR/LOKO/0x00000002
15:55:44.170  INFO     RX        /ERR/LOKO/0x00000002
15:55:44.170  INFO     RX        /ERR/LOKO/0x00000002
15:55:44.204  INFO     RX        /ERR/LOKO/0x00000002
15:55:44.204  INFO     RX        /ERR/LOKO/0x00000002
15:55:44.204  INFO     RX        /ERR/LOKO/0x00000002
15:55:44.237  INFO     RX        /ERR/LOKO/0x00000002
15:55:44.237  INFO     RX        /ERR/LOKO/0x00000002
15:55:44.237  INFO     RX        /ERR/LOKO/0x00000002
15:55:44.271  INFO     RX        /ERR/LOKO/0x00000002
15:55:44.272  INFO     RX        /ERR/LOKO/0x00000002
15:55:44.272  INFO     RX        /ERR/LOKO/0x00000002
15:55:44.300  INFO     RX        /ERR/LOKO/0x00000002
15:55:44.300  INFO     RX        /ERR/LOKO/0x00000002
15:55:44.332  INFO     RX        /ERR/LOKO/0x00000002
15:55:44.332  INFO     RX        /ERR/LOKO/0x00000002
15:55:44.332  INFO     RX        /ERR/LOKO/0x00000002
15:55:44.364  INFO     RX        /ERR/LOKO/0x00000002
15:55:44.364  INFO     RX        /ERR/LOKO/0x00000002
15:55:44.364  INFO     RX        /ERR/LOKO/0x00000002
15:55:44.399  INFO     RX        /ERR/LOKO/0x00000002
15:55:44.399  INFO     RX        /ERR/LOKO/0x00000002
15:55:44.399  INFO     RX        /ERR/LOKO/0x00000002
15:55:44.429  INFO     RX        /ERR/LOKO/0x00000002
15:55:44.429  INFO     RX        /ERR/LOKO/0x00000002
15:55:44.463  INFO     RX        /ERR/LOKO/0x00000002
15:55:44.463  INFO     RX        /ERR/LOKO/0x00000002
15:55:44.464  INFO     RX        /ERR/LOKO/0x00000002
15:55:44.494  INFO     RX        /ERR/LOKO/0x00000002
15:55:44.494  INFO     RX        /ERR/LOKO/0x00000002
15:55:44.494  INFO     RX        /ERR/LOKO/0x00000002
15:55:44.527  INFO     RX        /ERR/LOKO/0x00000002
15:55:44.528  INFO     RX        /ERR/LOKO/0x00000002
15:55:44.528  INFO     RX        /ERR/LOKO/0x00000002
15:55:44.557  INFO     RX        /ERR/LOKO/0x00000002
15:55:44.557  INFO     RX        /ERR/LOKO/0x00000002
15:55:44.592  INFO     RX        /ERR/LOKO/0x00000002
15:55:44.593  INFO     RX        /ERR/LOKO/0x00000002
15:55:44.593  INFO     RX        /ERR/LOKO/0x00000002
15:55:44.621  INFO     RX        /ERR/LOKO/0x00000002
15:55:44.622  INFO     RX        /ERR/LOKO/0x00000002
15:55:44.622  INFO     RX        /ERR/LOKO/0x00000002
15:55:44.653  INFO     RX        /ERR/LOKO/0x00000002
15:55:44.653  INFO     RX        /ERR/LOKO/0x00000002
15:55:44.653  INFO     RX        /ERR/LOKO/0x00000002
15:55:44.688  INFO     RX        /ERR/LOKO/0x00000002
15:55:44.689  INFO     RX        /ERR/LOKO/0x00000002
15:55:44.689  INFO     RX        /ERR/LOKO/0x00000002
15:55:44.717  INFO     RX        /ERR/LOKO/0x00000002
15:55:44.717  INFO     RX        /ERR/LOKO/0x00000002
15:55:44.750  INFO     RX        /ERR/LOKO/0x00000002
15:55:44.750  INFO     RX        /ERR/LOKO/0x00000002
15:55:44.750  INFO     RX        /ERR/LOKO/0x00000002
15:55:44.785  INFO     RX        /ERR/LOKO/0x00000002
15:55:44.785  INFO     RX        /ERR/LOKO/0x00000002
15:55:44.785  INFO     RX        /ERR/LOKO/0x00000002
15:55:44.817  INFO     RX        /ERR/LOKO/0x00000002
15:55:44.817  INFO     RX        /ERR/LOKO/0x00000002
15:55:44.817  INFO     RX        /ERR/LOKO/0x00000002
15:55:44.854  INFO     RX        /ERR/LOKO/0x00000002
15:55:44.854  INFO     RX        /ERR/LOKO/0x00000002
15:55:44.854  INFO     RX        /ERR/LOKO/0x00000002
15:55:44.882  INFO     RX        /ERR/LOKO/0x00000002
15:55:44.882  INFO     RX        /ERR/LOKO/0x00000002
15:55:44.915  INFO     RX        /ERR/LOKO/0x00000002
15:55:44.915  INFO     RX        /ERR/LOKO/0x00000002
15:55:44.915  INFO     RX        /ERR/LOKO/0x00000002
15:55:44.946  INFO     RX        /ERR/LOKO/0x00000002
15:55:44.946  INFO     RX        /ERR/LOKO/0x00000002
15:55:44.946  INFO     RX        /ERR/LOKO/0x00000002
15:55:44.976  INFO     RX        /ERR/LOKO/0x00000002
15:55:44.976  INFO     RX        /ERR/LOKO/0x00000002
15:55:44.976  INFO     RX        /ERR/LOKO/0x00000002
15:55:45.010  INFO     RX        /ERR/LOKO/0x00000002
15:55:45.010  INFO     RX        /ERR/LOKO/0x00000002
15:55:45.010  INFO     RX        /ERR/LOKO/0x00000002
15:55:45.040  INFO     RX        /ERR/LOKO/0x00000002
15:55:45.040  INFO     RX        /ERR/LOKO/0x00000002
15:55:45.072  INFO     RX        /ERR/LOKO/0x00000002
15:55:45.072  INFO     RX        /ERR/LOKO/0x00000002
15:55:45.072  INFO     RX        /ERR/LOKO/0x00000002
15:55:45.107  INFO     RX        /ERR/LOKO/0x00000002
15:55:45.107  INFO     RX        /ERR/LOKO/0x00000002
15:55:45.107  INFO     RX        /ERR/LOKO/0x00000002
15:55:45.137  INFO     RX        /ERR/LOKO/0x00000002
15:55:45.137  INFO     RX        /ERR/LOKO/0x00000002
15:55:45.137  INFO     RX        /ERR/LOKO/0x00000002
15:55:45.173  INFO     RX        /ERR/LOKO/0x00000002
15:55:45.173  INFO     RX        /ERR/LOKO/0x00000002
15:55:45.173  INFO     RX        /ERR/LOKO/0x00000002
15:55:45.202  INFO     RX        /ERR/LOKO/0x00000002
15:55:45.202  INFO     RX        /ERR/LOKO/0x00000002
15:55:45.238  INFO     RX        /ERR/LOKO/0x00000002
15:55:45.238  INFO     RX        /ERR/LOKO/0x00000002
15:55:45.238  INFO     RX        /ERR/LOKO/0x00000002
15:55:45.270  INFO     RX        /ERR/LOKO/0x00000002
15:55:45.270  INFO     RX        /ERR/LOKO/0x00000002
15:55:45.270  INFO     RX        /ERR/LOKO/0x00000002
15:55:45.304  INFO     RX        /ERR/LOKO/0x00000002
15:55:45.304  INFO     RX        /ERR/LOKO/0x00000002
15:55:45.304  INFO     RX        /ERR/LOKO/0x00000002
15:55:45.333  INFO     RX        /ERR/LOKO/0x00000002
15:55:45.334  INFO     RX        /ERR/LOKO/0x00000002
15:55:45.366  INFO     RX        /ERR/LOKO/0x00000002
15:55:45.366  INFO     RX        /ERR/LOKO/0x00000002
15:55:45.366  INFO     RX        /ERR/LOKO/0x00000002
15:55:45.395  DEBUG    TX /CONTROLL/0,0,0,0,0,0,0,0,0
15:55:45.400  INFO     RX        /ERR/LOKO/0x00000002
15:55:45.400  INFO     RX        /ERR/LOKO/0x00000002
15:55:45.400  INFO     RX        /ERR/LOKO/0x00000002
15:55:45.430  INFO     RX        /ERR/LOKO/0x00000002
15:55:45.430  INFO     RX        /ERR/LOKO/0x00000002
15:55:45.430  INFO     RX        /ERR/LOKO/0x00000002
15:55:45.462  INFO     RX        /ERR/LOKO/0x00000002
15:55:45.462  INFO     RX        /ERR/LOKO/0x00000002
15:55:45.462  INFO     RX        /ERR/LOKO/0x00000002
15:55:45.495  INFO     RX        /ERR/LOKO/0x00000002
15:55:45.495  INFO     RX        /ERR/LOKO/0x00000002
15:55:45.495  INFO     RX        /ERR/LOKO/0x00000002
15:55:45.529  INFO     RX        /ERR/LOKO/0x00000002
15:55:45.529  INFO     RX        /ERR/LOKO/0x00000002
15:55:45.562  INFO     RX        /ERR/LOKO/0x00000002
15:55:45.562  INFO     RX        /ERR/LOKO/0x00000002
15:55:45.562  INFO     RX        /ERR/LOKO/0x00000002
15:55:45.591  INFO     RX        /ERR/LOKO/0x00000002
15:55:45.591  INFO     RX        /ERR/LOKO/0x00000002
15:55:45.591  INFO     RX        /ERR/LOKO/0x00000002
15:55:45.623  INFO     RX        /ERR/LOKO/0x00000002
15:55:45.623  INFO     RX        /ERR/LOKO/0x00000002
15:55:45.623  INFO     RX        /ERR/LOKO/0x00000002
15:55:45.658  INFO     RX        /ERR/LOKO/0x00000002
15:55:45.658  INFO     RX        /ERR/LOKO/0x00000002
15:55:45.658  INFO     RX        /ERR/LOKO/0x00000002
15:55:45.690  INFO     RX        /ERR/LOKO/0x00000002
15:55:45.690  INFO     RX        /ERR/LOKO/0x00000002
15:55:45.722  INFO     RX        /ERR/LOKO/0x00000002
15:55:45.722  INFO     RX        /ERR/LOKO/0x00000002
15:55:45.722  INFO     RX        /ERR/LOKO/0x00000002
15:55:45.751  INFO     RX        /ERR/LOKO/0x00000002
15:55:45.752  INFO     RX        /ERR/LOKO/0x00000002
15:55:45.752  INFO     RX        /ERR/LOKO/0x00000002
15:55:45.786  INFO     RX        /ERR/LOKO/0x00000002
15:55:45.787  INFO     RX        /ERR/LOKO/0x00000002
15:55:45.787  INFO     RX        /ERR/LOKO/0x00000002
15:55:45.818  INFO     RX        /ERR/LOKO/0x00000002
15:55:45.818  INFO     RX        /ERR/LOKO/0x00000002
15:55:45.852  INFO     RX        /ERR/LOKO/0x00000002
15:55:45.853  INFO     RX        /ERR/LOKO/0x00000002
15:55:45.853  INFO     RX        /ERR/LOKO/0x00000002
15:55:45.881  INFO     RX        /ERR/LOKO/0x00000002
15:55:45.882  INFO     RX        /ERR/LOKO/0x00000002
15:55:45.882  INFO     RX        /ERR/LOKO/0x00000002
15:55:45.913  INFO     RX        /ERR/LOKO/0x00000002
15:55:45.913  INFO     RX        /ERR/LOKO/0x00000002
15:55:45.913  INFO     RX        /ERR/LOKO/0x00000002
15:55:45.948  INFO     RX        /ERR/LOKO/0x00000002
15:55:45.948  INFO     RX        /ERR/LOKO/0x00000002
15:55:45.948  INFO     RX        /ERR/LOKO/0x00000002
15:55:45.977  INFO     RX        /ERR/LOKO/0x00000002
15:55:45.978  INFO     RX        /ERR/LOKO/0x00000002
15:55:46.014  INFO     RX        /ERR/LOKO/0x00000002
15:55:46.014  INFO     RX        /ERR/LOKO/0x00000002
15:55:46.014  INFO     RX        /ERR/LOKO/0x00000002
15:55:46.042  INFO     RX        /ERR/LOKO/0x00000002
15:55:46.042  INFO     RX        /ERR/LOKO/0x00000002
15:55:46.042  INFO     RX        /ERR/LOKO/0x00000002
15:55:46.073  INFO     RX        /ERR/LOKO/0x00000002
15:55:46.073  INFO     RX        /ERR/LOKO/0x00000002
15:55:46.074  INFO     RX        /ERR/LOKO/0x00000002
15:55:46.109  INFO     RX        /ERR/LOKO/0x00000002
15:55:46.109  INFO     RX        /ERR/LOKO/0x00000002
15:55:46.109  INFO     RX        /ERR/LOKO/0x00000002
15:55:46.141  INFO     RX        /ERR/LOKO/0x00000002
15:55:46.141  INFO     RX        /ERR/LOKO/0x00000002
15:55:46.176  INFO     RX        /ERR/LOKO/0x00000002
15:55:46.176  INFO     RX        /ERR/LOKO/0x00000002
15:55:46.176  INFO     RX        /ERR/LOKO/0x00000002
15:55:46.203  INFO     RX        /ERR/LOKO/0x00000002
15:55:46.203  INFO     RX        /ERR/LOKO/0x00000002
15:55:46.203  INFO     RX        /ERR/LOKO/0x00000002
15:55:46.238  INFO     RX        /ERR/LOKO/0x00000002
15:55:46.238  INFO     RX        /ERR/LOKO/0x00000002
15:55:46.238  INFO     RX        /ERR/LOKO/0x00000002
15:55:46.272  INFO     RX        /ERR/LOKO/0x00000002
15:55:46.272  INFO     RX        /ERR/LOKO/0x00000002
15:55:46.272  INFO     RX        /ERR/LOKO/0x00000002
15:55:46.301  INFO     RX        /ERR/LOKO/0x00000002
15:55:46.301  INFO     RX        /ERR/LOKO/0x00000002
15:55:46.336  INFO     RX        /ERR/LOKO/0x00000002
15:55:46.336  INFO     RX        /ERR/LOKO/0x00000002
15:55:46.336  INFO     RX        /ERR/LOKO/0x00000002
15:55:46.366  INFO     RX        /ERR/LOKO/0x00000002
15:55:46.366  INFO     RX        /ERR/LOKO/0x00000002
15:55:46.366  INFO     RX        /ERR/LOKO/0x00000002
15:55:46.398  INFO     RX        /ERR/LOKO/0x00000002
15:55:46.398  INFO     RX        /ERR/LOKO/0x00000002
15:55:46.398  INFO     RX        /ERR/LOKO/0x00000002
15:55:46.431  INFO     RX        /ERR/LOKO/0x00000002
15:55:46.431  INFO     RX        /ERR/LOKO/0x00000002
15:55:46.431  INFO     RX        /ERR/LOKO/0x00000002
15:55:46.467  INFO     RX        /ERR/LOKO/0x00000002
15:55:46.468  INFO     RX        /ERR/LOKO/0x00000002
15:55:46.468  INFO     RX        /ERR/LOKO/0x00000002
15:55:46.498  INFO     RX        /ERR/LOKO/0x00000002
15:55:46.498  INFO     RX        /ERR/LOKO/0x00000002
15:55:46.532  INFO     RX        /ERR/LOKO/0x00000002
15:55:46.533  INFO     RX        /ERR/LOKO/0x00000002
15:55:46.533  INFO     RX        /ERR/LOKO/0x00000002
15:55:46.562  INFO     RX        /ERR/LOKO/0x00000002
15:55:46.563  INFO     RX        /ERR/LOKO/0x00000002
15:55:46.563  INFO     RX        /ERR/LOKO/0x00000002
15:55:46.598  INFO     RX        /ERR/LOKO/0x00000002
15:55:46.598  INFO     RX        /ERR/LOKO/0x00000002
15:55:46.598  INFO     RX        /ERR/LOKO/0x00000002
15:55:46.626  INFO     RX        /ERR/LOKO/0x00000002
15:55:46.627  INFO     RX        /ERR/LOKO/0x00000002
15:55:46.661  INFO     RX        /ERR/LOKO/0x00000002
15:55:46.662  INFO     RX        /ERR/LOKO/0x00000002
15:55:46.662  INFO     RX        /ERR/LOKO/0x00000002
15:55:46.691  INFO     RX        /ERR/LOKO/0x00000002
15:55:46.691  INFO     RX        /ERR/LOKO/0x00000002
15:55:46.691  INFO     RX        /ERR/LOKO/0x00000002
15:55:46.725  INFO     RX        /ERR/LOKO/0x00000002
15:55:46.725  INFO     RX        /ERR/LOKO/0x00000002
15:55:46.725  INFO     RX        /ERR/LOKO/0x00000002
15:55:46.758  INFO     RX        /ERR/LOKO/0x00000002
15:55:46.758  INFO     RX        /ERR/LOKO/0x00000002
15:55:46.758  INFO     RX        /ERR/LOKO/0x00000002
15:55:46.790  INFO     RX        /ERR/LOKO/0x00000002
15:55:46.790  INFO     RX        /ERR/LOKO/0x00000002
15:55:46.790  INFO     RX        /ERR/LOKO/0x00000002
15:55:46.823  INFO     RX        /ERR/LOKO/0x00000002
15:55:46.823  INFO     RX        /ERR/LOKO/0x00000002
15:55:46.854  INFO     RX        /ERR/LOKO/0x00000002
15:55:46.854  INFO     RX        /ERR/LOKO/0x00000002
15:55:46.854  INFO     RX        /ERR/LOKO/0x00000002
15:55:46.887  INFO     RX        /ERR/LOKO/0x00000002
15:55:46.887  INFO     RX        /ERR/LOKO/0x00000002
15:55:46.887  INFO     RX        /ERR/LOKO/0x00000002
15:55:46.922  INFO     RX        /ERR/LOKO/0x00000002
15:55:46.922  INFO     RX        /ERR/LOKO/0x00000002
15:55:46.922  INFO     RX        /ERR/LOKO/0x00000002
15:55:47.012  DEBUG    TX /CONTROLL/0,0,0,0,0,0,0,0,0
15:55:47.029  INFO     RX        /ERR/LOKO/0x00000002
15:55:47.029  INFO     RX        /ERR/LOKO/0x00000002
15:55:47.029  INFO     RX        /ERR/LOKO/0x00000002
15:55:47.029  INFO     RX        /ERR/LOKO/0x00000002
15:55:47.029  INFO     RX        /ERR/LOKO/0x00000002
15:55:47.029  INFO     RX        /ERR/LOKO/0x00000002
15:55:47.029  INFO     RX        /ERR/LOKO/0x00000002
15:55:47.030  INFO     RX        /ERR/LOKO/0x00000002
15:55:47.030  INFO     RX        /ERR/LOKO/0x00000002
15:55:47.032  INFO     RX        /ERR/LOKO/0x00000002
15:55:47.048  INFO     RX        /ERR/LOKO/0x00000002
15:55:47.082  INFO     RX        /ERR/LOKO/0x00000002
15:55:47.082  INFO     RX        /ERR/LOKO/0x00000002
15:55:47.082  INFO     RX        /ERR/LOKO/0x00000002
15:55:47.114  INFO     RX        /ERR/LOKO/0x00000002
15:55:47.114  INFO     RX        /ERR/LOKO/0x00000002
15:55:47.114  INFO     RX        /ERR/LOKO/0x00000002
15:55:47.147  INFO     RX        /ERR/LOKO/0x00000002
15:55:47.147  INFO     RX        /ERR/LOKO/0x00000002
15:55:47.175  INFO     RX        /ERR/LOKO/0x00000002
15:55:47.175  INFO     RX        /ERR/LOKO/0x00000002
15:55:47.175  INFO     RX        /ERR/LOKO/0x00000002
15:55:47.208  INFO     RX        /ERR/LOKO/0x00000002
15:55:47.208  INFO     RX        /ERR/LOKO/0x00000002
15:55:47.208  INFO     RX        /ERR/LOKO/0x00000002
15:55:47.244  INFO     RX        /ERR/LOKO/0x00000002
15:55:47.244  INFO     RX        /ERR/LOKO/0x00000002
15:55:47.244  INFO     RX        /ERR/LOKO/0x00000002
15:55:47.274  INFO     RX        /ERR/LOKO/0x00000002
15:55:47.274  INFO     RX        /ERR/LOKO/0x00000002
15:55:47.274  INFO     RX        /ERR/LOKO/0x00000002
15:55:47.309  INFO     RX        /ERR/LOKO/0x00000002
15:55:47.309  INFO     RX        /ERR/LOKO/0x00000002
15:55:47.338  INFO     RX        /ERR/LOKO/0x00000002
15:55:47.338  INFO     RX        /ERR/LOKO/0x00000002
15:55:47.338  INFO     RX        /ERR/LOKO/0x00000002
15:55:47.373  INFO     RX        /ERR/LOKO/0x00000002
15:55:47.374  INFO     RX        /ERR/LOKO/0x00000002
15:55:47.374  INFO     RX        /ERR/LOKO/0x00000002
15:55:47.403  INFO     RX        /ERR/LOKO/0x00000002
15:55:47.403  INFO     RX        /ERR/LOKO/0x00000002
15:55:47.403  INFO     RX        /ERR/LOKO/0x00000002
15:55:47.435  INFO     RX        /ERR/LOKO/0x00000002
15:55:47.435  INFO     RX        /ERR/LOKO/0x00000002
15:55:47.467  INFO     RX        /ERR/LOKO/0x00000002
15:55:47.467  INFO     RX        /ERR/LOKO/0x00000002
15:55:47.467  INFO     RX        /ERR/LOKO/0x00000002
15:55:47.498  INFO     RX        /ERR/LOKO/0x00000002
15:55:47.499  INFO     RX        /ERR/LOKO/0x00000002
15:55:47.499  INFO     RX        /ERR/LOKO/0x00000002
15:55:47.532  INFO     RX        /ERR/LOKO/0x00000002
15:55:47.532  INFO     RX        /ERR/LOKO/0x00000002
15:55:47.532  INFO     RX        /ERR/LOKO/0x00000002
15:55:47.565  INFO     RX        /ERR/LOKO/0x00000002
15:55:47.565  INFO     RX        /ERR/LOKO/0x00000002
15:55:47.565  INFO     RX        /ERR/LOKO/0x00000002
15:55:47.597  INFO     RX        /ERR/LOKO/0x00000002
15:55:47.597  INFO     RX        /ERR/LOKO/0x00000002
15:55:47.628  INFO     RX        /ERR/LOKO/0x00000002
15:55:47.628  INFO     RX        /ERR/LOKO/0x00000002
15:55:47.628  INFO     RX        /ERR/LOKO/0x00000002
15:55:47.663  INFO     RX        /ERR/LOKO/0x00000002
15:55:47.663  INFO     RX        /ERR/LOKO/0x00000002
15:55:47.663  INFO     RX        /ERR/LOKO/0x00000002
15:55:47.697  INFO     RX        /ERR/LOKO/0x00000002
15:55:47.697  INFO     RX        /ERR/LOKO/0x00000002
15:55:47.697  INFO     RX        /ERR/LOKO/0x00000002
15:55:47.729  INFO     RX        /ERR/LOKO/0x00000002
15:55:47.729  INFO     RX        /ERR/LOKO/0x00000002
15:55:47.729  INFO     RX        /ERR/LOKO/0x00000002
15:55:47.759  INFO     RX        /ERR/LOKO/0x00000002
15:55:47.759  INFO     RX        /ERR/LOKO/0x00000002
15:55:47.792  INFO     RX        /ERR/LOKO/0x00000002
15:55:47.792  INFO     RX        /ERR/LOKO/0x00000002
15:55:47.792  INFO     RX        /ERR/LOKO/0x00000002
15:55:47.827  INFO     RX        /ERR/LOKO/0x00000002
15:55:47.827  INFO     RX        /ERR/LOKO/0x00000002
15:55:47.827  INFO     RX        /ERR/LOKO/0x00000002
15:55:47.856  INFO     RX        /ERR/LOKO/0x00000002
15:55:47.856  INFO     RX        /ERR/LOKO/0x00000002
15:55:47.857  INFO     RX        /ERR/LOKO/0x00000002
15:55:47.893  INFO     RX        /ERR/LOKO/0x00000002
15:55:47.893  INFO     RX        /ERR/LOKO/0x00000002
15:55:47.893  INFO     RX        /ERR/LOKO/0x00000002
15:55:47.921  INFO     RX        /ERR/LOKO/0x00000002
15:55:47.921  INFO     RX        /ERR/LOKO/0x00000002
15:55:47.953  INFO     RX        /ERR/LOKO/0x00000002
15:55:47.953  INFO     RX        /ERR/LOKO/0x00000002
15:55:47.953  INFO     RX        /ERR/LOKO/0x00000002
15:55:47.985  INFO     RX        /ERR/LOKO/0x00000002
15:55:47.985  INFO     RX        /ERR/LOKO/0x00000002
15:55:47.985  INFO     RX        /ERR/LOKO/0x00000002
15:55:48.020  INFO     RX        /ERR/LOKO/0x00000002
15:55:48.020  INFO     RX        /ERR/LOKO/0x00000002
15:55:48.020  INFO     RX        /ERR/LOKO/0x00000002
15:55:48.048  INFO     RX        /ERR/LOKO/0x00000002
15:55:48.048  INFO     RX        /ERR/LOKO/0x00000002
15:55:48.083  INFO     RX        /ERR/LOKO/0x00000002
15:55:48.083  INFO     RX        /ERR/LOKO/0x00000002
15:55:48.083  INFO     RX        /ERR/LOKO/0x00000002
15:55:48.113  INFO     RX        /ERR/LOKO/0x00000002
15:55:48.113  INFO     RX        /ERR/LOKO/0x00000002
15:55:48.113  INFO     RX        /ERR/LOKO/0x00000002
15:55:48.145  INFO     RX        /ERR/LOKO/0x00000002
15:55:48.145  INFO     RX        /ERR/LOKO/0x00000002
15:55:48.145  INFO     RX        /ERR/LOKO/0x00000002
15:55:48.179  INFO     RX        /ERR/LOKO/0x00000002
15:55:48.179  INFO     RX        /ERR/LOKO/0x00000002
15:55:48.179  INFO     RX        /ERR/LOKO/0x00000002
15:55:48.208  INFO     RX        /ERR/LOKO/0x00000002
15:55:48.208  INFO     RX        /ERR/LOKO/0x00000002
15:55:48.244  INFO     RX        /ERR/LOKO/0x00000002
15:55:48.244  INFO     RX        /ERR/LOKO/0x00000002
15:55:48.244  INFO     RX        /ERR/LOKO/0x00000002
15:55:48.273  INFO     RX        /ERR/LOKO/0x00000002
15:55:48.273  INFO     RX        /ERR/LOKO/0x00000002
15:55:48.273  INFO     RX        /ERR/LOKO/0x00000002
15:55:48.305  INFO     RX        /ERR/LOKO/0x00000002
15:55:48.305  INFO     RX        /ERR/LOKO/0x00000002
15:55:48.305  INFO     RX        /ERR/LOKO/0x00000002
15:55:48.339  INFO     RX        /ERR/LOKO/0x00000002
15:55:48.340  INFO     RX        /ERR/LOKO/0x00000002
15:55:48.340  INFO     RX        /ERR/LOKO/0x00000002
15:55:48.369  INFO     RX        /ERR/LOKO/0x00000002
15:55:48.369  INFO     RX        /ERR/LOKO/0x00000002
15:55:48.404  INFO     RX        /ERR/LOKO/0x00000002
15:55:48.404  INFO     RX        /ERR/LOKO/0x00000002
15:55:48.404  INFO     RX        /ERR/LOKO/0x00000002
15:55:48.432  INFO     RX        /ERR/LOKO/0x00000002
15:55:48.432  INFO     RX        /ERR/LOKO/0x00000002
15:55:48.432  INFO     RX        /ERR/LOKO/0x00000002
15:55:48.467  INFO     RX        /ERR/LOKO/0x00000002
15:55:48.468  INFO     RX        /ERR/LOKO/0x00000002
15:55:48.468  INFO     RX        /ERR/LOKO/0x00000002
15:55:48.497  INFO     RX        /ERR/LOKO/0x00000002
15:55:48.497  INFO     RX        /ERR/LOKO/0x00000002
15:55:48.532  INFO     RX        /ERR/LOKO/0x00000002
15:55:48.532  INFO     RX        /ERR/LOKO/0x00000002
15:55:48.533  INFO     RX        /ERR/LOKO/0x00000002
15:55:48.564  INFO     RX        /ERR/LOKO/0x00000002
15:55:48.564  INFO     RX        /ERR/LOKO/0x00000002
15:55:48.564  INFO     RX        /ERR/LOKO/0x00000002
15:55:48.600  INFO     RX        /ERR/LOKO/0x00000002
15:55:48.600  INFO     RX        /ERR/LOKO/0x00000002
15:55:48.601  INFO     RX        /ERR/LOKO/0x00000002
15:55:48.628  DEBUG    TX /CONTROLL/0,0,0,0,0,0,0,0,0
15:55:48.631  INFO     RX        /ERR/LOKO/0x00000002
15:55:48.631  INFO     RX        /ERR/LOKO/0x00000002
15:55:48.631  INFO     RX        /ERR/LOKO/0x00000002
15:55:48.662  INFO     RX        /ERR/LOKO/0x00000002
15:55:48.662  INFO     RX        /ERR/LOKO/0x00000002
15:55:48.662  INFO     RX        /ERR/LOKO/0x00000002
15:55:48.697  INFO     RX        /ERR/LOKO/0x00000002
15:55:48.697  INFO     RX        /ERR/LOKO/0x00000002
15:55:48.697  INFO     RX        /ERR/LOKO/0x00000002
15:55:48.729  INFO     RX        /ERR/LOKO/0x00000002
15:55:48.729  INFO     RX        /ERR/LOKO/0x00000002
15:55:48.758  INFO     RX        /ERR/LOKO/0x00000002
15:55:48.758  INFO     RX        /ERR/LOKO/0x00000002
15:55:48.758  INFO     RX        /ERR/LOKO/0x00000002
15:55:48.793  INFO     RX        /ERR/LOKO/0x00000002
15:55:48.793  INFO     RX        /ERR/LOKO/0x00000002
15:55:48.793  INFO     RX        /ERR/LOKO/0x00000002
15:55:48.827  INFO     RX        /ERR/LOKO/0x00000002
15:55:48.827  INFO     RX        /ERR/LOKO/0x00000002
15:55:48.827  INFO     RX        /ERR/LOKO/0x00000002
15:55:48.856  INFO     RX        /ERR/LOKO/0x00000002
15:55:48.856  INFO     RX        /ERR/LOKO/0x00000002
15:55:48.887  INFO     RX        /ERR/LOKO/0x00000002
15:55:48.887  INFO     RX        /ERR/LOKO/0x00000002
15:55:48.887  INFO     RX        /ERR/LOKO/0x00000002
15:55:48.919  INFO     RX        /ERR/LOKO/0x00000002
15:55:48.919  INFO     RX        /ERR/LOKO/0x00000002
15:55:48.919  INFO     RX        /ERR/LOKO/0x00000002
15:55:48.951  INFO     RX        /ERR/LOKO/0x00000002
15:55:48.951  INFO     RX        /ERR/LOKO/0x00000002
15:55:48.951  INFO     RX        /ERR/LOKO/0x00000002
15:55:48.983  INFO     RX        /ERR/LOKO/0x00000002
15:55:48.983  INFO     RX        /ERR/LOKO/0x00000002
15:55:49.015  INFO     RX        /ERR/LOKO/0x00000002
15:55:49.015  INFO     RX        /ERR/LOKO/0x00000002
15:55:49.015  INFO     RX        /ERR/LOKO/0x00000002
15:55:49.050  INFO     RX        /ERR/LOKO/0x00000002
15:55:49.050  INFO     RX        /ERR/LOKO/0x00000002
15:55:49.050  INFO     RX        /ERR/LOKO/0x00000002
15:55:49.083  INFO     RX        /ERR/LOKO/0x00000002
15:55:49.083  INFO     RX        /ERR/LOKO/0x00000002
15:55:49.083  INFO     RX        /ERR/LOKO/0x00000002
15:55:49.115  INFO     RX        /ERR/LOKO/0x00000002
15:55:49.115  INFO     RX        /ERR/LOKO/0x00000002
15:55:49.115  INFO     RX        /ERR/LOKO/0x00000002
15:55:49.147  INFO     RX        /ERR/LOKO/0x00000002
15:55:49.147  INFO     RX        /ERR/LOKO/0x00000002
15:55:49.147  INFO     RX        /ERR/LOKO/0x00000002
15:55:49.178  INFO     RX        /ERR/LOKO/0x00000002
15:55:49.178  INFO     RX        /ERR/LOKO/0x00000002
15:55:49.211  INFO     RX        /ERR/LOKO/0x00000002
15:55:49.211  INFO     RX        /ERR/LOKO/0x00000002
15:55:49.211  INFO     RX        /ERR/LOKO/0x00000002
15:55:49.241  INFO     RX        /ERR/LOKO/0x00000002
15:55:49.241  INFO     RX        /ERR/LOKO/0x00000002
15:55:49.241  INFO     RX        /ERR/LOKO/0x00000002
15:55:49.276  INFO     RX        /ERR/LOKO/0x00000002
15:55:49.276  INFO     RX        /ERR/LOKO/0x00000002
15:55:49.276  INFO     RX        /ERR/LOKO/0x00000002
15:55:49.305  INFO     RX        /ERR/LOKO/0x00000002
15:55:49.305  INFO     RX        /ERR/LOKO/0x00000002
15:55:49.339  INFO     RX        /ERR/LOKO/0x00000002
15:55:49.340  INFO     RX        /ERR/LOKO/0x00000002
15:55:49.340  INFO     RX        /ERR/LOKO/0x00000002
15:55:49.369  INFO     RX        /ERR/LOKO/0x00000002
15:55:49.369  INFO     RX        /ERR/LOKO/0x00000002
15:55:49.369  INFO     RX        /ERR/LOKO/0x00000002
15:55:49.404  INFO     RX        /ERR/LOKO/0x00000002
15:55:49.404  INFO     RX        /ERR/LOKO/0x00000002
15:55:49.404  INFO     RX        /ERR/LOKO/0x00000002
15:55:49.433  INFO     RX        /ERR/LOKO/0x00000002
15:55:49.433  INFO     RX        /ERR/LOKO/0x00000002
15:55:49.465  INFO     RX        /ERR/LOKO/0x00000002
15:55:49.465  INFO     RX        /ERR/LOKO/0x00000002
15:55:49.465  INFO     RX        /ERR/LOKO/0x00000002
15:55:49.499  INFO     RX        /ERR/LOKO/0x00000002
15:55:49.499  INFO     RX        /ERR/LOKO/0x00000002
15:55:49.499  INFO     RX        /ERR/LOKO/0x00000002
15:55:49.530  INFO     RX        /ERR/LOKO/0x00000002
15:55:49.530  INFO     RX        /ERR/LOKO/0x00000002
15:55:49.530  INFO     RX        /ERR/LOKO/0x00000002
15:55:49.629  INFO     RX        /ERR/LOKO/0x00000002
15:55:49.629  INFO     RX        /ERR/LOKO/0x00000002
15:55:49.629  INFO     RX        /ERR/LOKO/0x00000002
15:55:49.629  INFO     RX        /ERR/LOKO/0x00000002
15:55:49.629  INFO     RX        /ERR/LOKO/0x00000002
15:55:49.629  INFO     RX        /ERR/LOKO/0x00000002
15:55:49.629  INFO     RX        /ERR/LOKO/0x00000002
15:55:49.629  INFO     RX        /ERR/LOKO/0x00000002
15:55:49.632  INFO     RX        /ERR/LOKO/0x00000002
15:55:49.658  INFO     RX        /ERR/LOKO/0x00000002
15:55:49.658  INFO     RX        /ERR/LOKO/0x00000002
15:55:49.692  INFO     RX        /ERR/LOKO/0x00000002
15:55:49.692  INFO     RX        /ERR/LOKO/0x00000002
15:55:49.692  INFO     RX        /ERR/LOKO/0x00000002
15:55:49.723  INFO     RX        /ERR/LOKO/0x00000002
15:55:49.723  INFO     RX        /ERR/LOKO/0x00000002
15:55:49.754  INFO     RX        /ERR/LOKO/0x00000002
15:55:49.754  INFO     RX        /ERR/LOKO/0x00000002
15:55:49.754  INFO     RX        /ERR/LOKO/0x00000002
15:55:49.790  INFO     RX        /ERR/LOKO/0x00000002
15:55:49.790  INFO     RX        /ERR/LOKO/0x00000002
15:55:49.790  INFO     RX        /ERR/LOKO/0x00000002
15:55:49.834  INFO     RX        /ERR/LOKO/0x00000002
15:55:49.834  INFO     RX        /ERR/LOKO/0x00000002
15:55:49.834  INFO     RX        /ERR/LOKO/0x00000002
15:55:49.834  INFO     RX        /ERR/LOKO/0x00000002
15:55:49.851  INFO     RX        /ERR/LOKO/0x00000002
15:55:49.883  INFO     RX        /ERR/LOKO/0x00000002
15:55:49.884  INFO     RX        /ERR/LOKO/0x00000002
15:55:49.884  INFO     RX        /ERR/LOKO/0x00000002
15:55:49.917  INFO     RX        /ERR/LOKO/0x00000002
15:55:49.917  INFO     RX        /ERR/LOKO/0x00000002
15:55:49.918  INFO     RX        /ERR/LOKO/0x00000002
15:55:49.950  INFO     RX        /ERR/LOKO/0x00000002
15:55:49.950  INFO     RX        /ERR/LOKO/0x00000002
15:55:49.950  INFO     RX        /ERR/LOKO/0x00000002
15:55:49.984  INFO     RX        /ERR/LOKO/0x00000002
15:55:49.984  INFO     RX        /ERR/LOKO/0x00000002
15:55:49.984  INFO     RX        /ERR/LOKO/0x00000002
15:55:50.010  INFO     RX        /ERR/LOKO/0x00000002
15:55:50.010  INFO     RX        /ERR/LOKO/0x00000002
15:55:50.045  INFO     RX        /ERR/LOKO/0x00000002
15:55:50.045  INFO     RX        /ERR/LOKO/0x00000002
15:55:50.045  INFO     RX        /ERR/LOKO/0x00000002
15:55:50.075  INFO     RX        /ERR/LOKO/0x00000002
15:55:50.075  INFO     RX        /ERR/LOKO/0x00000002
15:55:50.076  INFO     RX        /ERR/LOKO/0x00000002
15:55:50.105  INFO     RX        /ERR/LOKO/0x00000002
15:55:50.105  INFO     RX        /ERR/LOKO/0x00000002
15:55:50.105  INFO     RX        /ERR/LOKO/0x00000002
15:55:50.139  INFO     RX        /ERR/LOKO/0x00000002
15:55:50.139  INFO     RX        /ERR/LOKO/0x00000002
15:55:50.170  INFO     RX        /ERR/LOKO/0x00000002
15:55:50.170  INFO     RX        /ERR/LOKO/0x00000002
15:55:50.170  INFO     RX        /ERR/LOKO/0x00000002
15:55:50.202  INFO     RX        /ERR/LOKO/0x00000002
15:55:50.203  INFO     RX        /ERR/LOKO/0x00000002
15:55:50.203  INFO     RX        /ERR/LOKO/0x00000002
15:55:50.231  DEBUG    TX /CONTROLL/0,0,0,0,0,0,0,0,0
15:55:50.238  INFO     RX        /ERR/LOKO/0x00000002
15:55:50.238  INFO     RX        /ERR/LOKO/0x00000002
15:55:50.238  INFO     RX        /ERR/LOKO/0x00000002
15:55:50.266  INFO     RX        /ERR/LOKO/0x00000002
15:55:50.266  INFO     RX        /ERR/LOKO/0x00000002
15:55:50.298  INFO     RX        /ERR/LOKO/0x00000002
15:55:50.298  INFO     RX        /ERR/LOKO/0x00000002
15:55:50.298  INFO     RX        /ERR/LOKO/0x00000002
15:55:50.333  INFO     RX        /ERR/LOKO/0x00000002
15:55:50.333  INFO     RX        /ERR/LOKO/0x00000002
15:55:50.333  INFO     RX        /ERR/LOKO/0x00000002
15:55:50.363  INFO     RX        /ERR/LOKO/0x00000002
15:55:50.363  INFO     RX        /ERR/LOKO/0x00000002
15:55:50.363  INFO     RX        /ERR/LOKO/0x00000002
15:55:50.394  INFO     RX        /ERR/LOKO/0x00000002
15:55:50.394  INFO     RX        /ERR/LOKO/0x00000002
15:55:50.427  INFO     RX        /ERR/LOKO/0x00000002
15:55:50.427  INFO     RX        /ERR/LOKO/0x00000002
15:55:50.427  INFO     RX        /ERR/LOKO/0x00000002
15:55:50.461  INFO     RX        /ERR/LOKO/0x00000002
15:55:50.462  INFO     RX        /ERR/LOKO/0x00000002
15:55:50.462  INFO     RX        /ERR/LOKO/0x00000002
15:55:50.490  INFO     RX        /ERR/LOKO/0x00000002
15:55:50.491  INFO     RX        /ERR/LOKO/0x00000002
15:55:50.491  INFO     RX        /ERR/LOKO/0x00000002
15:55:50.526  INFO     RX        /ERR/LOKO/0x00000002
15:55:50.526  INFO     RX        /ERR/LOKO/0x00000002
15:55:50.526  INFO     RX        /ERR/LOKO/0x00000002
15:55:50.559  INFO     RX        /ERR/LOKO/0x00000002
15:55:50.559  INFO     RX        /ERR/LOKO/0x00000002
15:55:50.559  INFO     RX        /ERR/LOKO/0x00000002
15:55:50.587  INFO     RX        /ERR/LOKO/0x00000002
15:55:50.587  INFO     RX        /ERR/LOKO/0x00000002
15:55:50.619  INFO     RX        /ERR/LOKO/0x00000002
15:55:50.620  INFO     RX        /ERR/LOKO/0x00000002
15:55:50.620  INFO     RX        /ERR/LOKO/0x00000002
15:55:50.655  INFO     RX        /ERR/LOKO/0x00000002
15:55:50.655  INFO     RX        /ERR/LOKO/0x00000002
15:55:50.655  INFO     RX        /ERR/LOKO/0x00000002
15:55:50.685  INFO     RX        /ERR/LOKO/0x00000002
15:55:50.685  INFO     RX        /ERR/LOKO/0x00000002
15:55:50.685  INFO     RX        /ERR/LOKO/0x00000002
15:55:50.717  INFO     RX        /ERR/LOKO/0x00000002
15:55:50.717  INFO     RX        /ERR/LOKO/0x00000002
15:55:50.754  INFO     RX        /ERR/LOKO/0x00000002
15:55:50.754  INFO     RX        /ERR/LOKO/0x00000002
15:55:50.754  INFO     RX        /ERR/LOKO/0x00000002
15:55:50.754  INFO     RX        /ERR/LOKO/0x00000002
15:55:50.783  INFO     RX        /ERR/LOKO/0x00000002
15:55:50.783  INFO     RX        /ERR/LOKO/0x00000002
15:55:50.818  INFO     RX        /ERR/LOKO/0x00000002
15:55:50.818  INFO     RX        /ERR/LOKO/0x00000002
15:55:50.818  INFO     RX        /ERR/LOKO/0x00000002
15:55:50.850  INFO     RX        /ERR/LOKO/0x00000002
15:55:50.851  INFO     RX        /ERR/LOKO/0x00000002
15:55:50.851  INFO     RX        /ERR/LOKO/0x00000002
15:55:50.883  INFO     RX        /ERR/LOKO/0x00000002
15:55:50.883  INFO     RX        /ERR/LOKO/0x00000002
15:55:50.883  INFO     RX        /ERR/LOKO/0x00000002
15:55:50.912  INFO     RX        /ERR/LOKO/0x00000002
15:55:50.912  INFO     RX        /ERR/LOKO/0x00000002
15:55:50.947  INFO     RX        /ERR/LOKO/0x00000002
15:55:50.947  INFO     RX        /ERR/LOKO/0x00000002
15:55:50.947  INFO     RX        /ERR/LOKO/0x00000002
15:55:50.979  INFO     RX        /ERR/LOKO/0x00000002
15:55:50.979  INFO     RX        /ERR/LOKO/0x00000002
15:55:50.979  INFO     RX        /ERR/LOKO/0x00000002
15:55:51.008  INFO     RX        /ERR/LOKO/0x00000002
15:55:51.008  INFO     RX        /ERR/LOKO/0x00000002
15:55:51.008  INFO     RX        /ERR/LOKO/0x00000002
15:55:51.040  INFO     RX        /ERR/LOKO/0x00000002
15:55:51.040  INFO     RX        /ERR/LOKO/0x00000002
15:55:51.072  INFO     RX        /ERR/LOKO/0x00000002
15:55:51.072  INFO     RX        /ERR/LOKO/0x00000002
15:55:51.072  INFO     RX        /ERR/LOKO/0x00000002
15:55:51.108  INFO     RX        /ERR/LOKO/0x00000002
15:55:51.108  INFO     RX        /ERR/LOKO/0x00000002
15:55:51.108  INFO     RX        /ERR/LOKO/0x00000002
15:55:51.136  INFO     RX        /ERR/LOKO/0x00000002
15:55:51.136  INFO     RX        /ERR/LOKO/0x00000002
15:55:51.136  INFO     RX        /ERR/LOKO/0x00000002
15:55:51.168  INFO     RX        /ERR/LOKO/0x00000002
15:55:51.168  INFO     RX        /ERR/LOKO/0x00000002
15:55:51.168  INFO     RX        /ERR/LOKO/0x00000002
15:55:51.203  INFO     RX        /ERR/LOKO/0x00000002
15:55:51.203  INFO     RX        /ERR/LOKO/0x00000002
15:55:51.203  INFO     RX        /ERR/LOKO/0x00000002
15:55:51.233  INFO     RX        /ERR/LOKO/0x00000002
15:55:51.233  INFO     RX        /ERR/LOKO/0x00000002
15:55:51.268  INFO     RX        /ERR/LOKO/0x00000002
15:55:51.268  INFO     RX        /ERR/LOKO/0x00000002
15:55:51.268  INFO     RX        /ERR/LOKO/0x00000002
15:55:51.297  INFO     RX        /ERR/LOKO/0x00000002
15:55:51.297  INFO     RX        /ERR/LOKO/0x00000002
15:55:51.297  INFO     RX        /ERR/LOKO/0x00000002
15:55:51.330  INFO     RX        /ERR/LOKO/0x00000002
15:55:51.360  INFO     RX        /ERR/LOKO/0x00000002
15:55:51.360  INFO     RX        /ERR/LOKO/0x00000002
15:55:51.362  INFO     RX        /ERR/LOKO/0x00000002
15:55:51.362  INFO     RX        /ERR/LOKO/0x00000002
15:55:51.397  INFO     RX        /ERR/LOKO/0x00000002
15:55:51.397  INFO     RX        /ERR/LOKO/0x00000002
15:55:51.397  INFO     RX        /ERR/LOKO/0x00000002
15:55:51.427  INFO     RX        /ERR/LOKO/0x00000002
15:55:51.427  INFO     RX        /ERR/LOKO/0x00000002
15:55:51.427  INFO     RX        /ERR/LOKO/0x00000002
15:55:51.462  INFO     RX        /ERR/LOKO/0x00000002
15:55:51.462  INFO     RX        /ERR/LOKO/0x00000002
15:55:51.462  INFO     RX        /ERR/LOKO/0x00000002
15:55:51.492  INFO     RX        /ERR/LOKO/0x00000002
15:55:51.492  INFO     RX        /ERR/LOKO/0x00000002
15:55:51.527  INFO     RX        /ERR/LOKO/0x00000002
15:55:51.527  INFO     RX        /ERR/LOKO/0x00000002
15:55:51.527  INFO     RX        /ERR/LOKO/0x00000002
15:55:51.527  INFO     RX        /ERR/LOKO/0x00000002
15:55:51.558  INFO     RX        /ERR/LOKO/0x00000002
15:55:51.559  INFO     RX        /ERR/LOKO/0x00000002
15:55:51.591  INFO     RX        /ERR/LOKO/0x00000002
15:55:51.591  INFO     RX        /ERR/LOKO/0x00000002
15:55:51.591  INFO     RX        /ERR/LOKO/0x00000002
15:55:51.621  INFO     RX        /ERR/LOKO/0x00000002
15:55:51.621  INFO     RX        /ERR/LOKO/0x00000002
15:55:51.621  INFO     RX        /ERR/LOKO/0x00000002
15:55:51.655  INFO     RX        /ERR/LOKO/0x00000002
15:55:51.655  INFO     RX        /ERR/LOKO/0x00000002
15:55:51.655  INFO     RX        /ERR/LOKO/0x00000002
15:55:51.685  INFO     RX        /ERR/LOKO/0x00000002
15:55:51.685  INFO     RX        /ERR/LOKO/0x00000002
15:55:51.719  INFO     RX        /ERR/LOKO/0x00000002
15:55:51.719  INFO     RX        /ERR/LOKO/0x00000002
15:55:51.719  INFO     RX        /ERR/LOKO/0x00000002
15:55:51.748  INFO     RX        /ERR/LOKO/0x00000002
15:55:51.749  INFO     RX        /ERR/LOKO/0x00000002
15:55:51.749  INFO     RX        /ERR/LOKO/0x00000002
15:55:51.781  INFO     RX        /ERR/LOKO/0x00000002
15:55:51.781  INFO     RX        /ERR/LOKO/0x00000002
15:55:51.781  INFO     RX        /ERR/LOKO/0x00000002
15:55:51.815  INFO     RX        /ERR/LOKO/0x00000002
15:55:51.815  INFO     RX        /ERR/LOKO/0x00000002
15:55:51.842  DEBUG    TX /CONTROLL/0,0,0,0,0,0,0,0,0
15:55:51.844  INFO     RX        /ERR/LOKO/0x00000002
15:55:51.845  INFO     RX        /ERR/LOKO/0x00000002
15:55:51.845  INFO     RX        /ERR/LOKO/0x00000002
15:55:51.877  INFO     RX        /ERR/LOKO/0x00000002
15:55:51.878  INFO     RX        /ERR/LOKO/0x00000002
15:55:51.878  INFO     RX        /ERR/LOKO/0x00000002
15:55:51.914  INFO     RX        /ERR/LOKO/0x00000002
15:55:51.914  INFO     RX        /ERR/LOKO/0x00000002
15:55:51.914  INFO     RX        /ERR/LOKO/0x00000002
15:55:51.943  INFO     RX        /ERR/LOKO/0x00000002
15:55:51.943  INFO     RX        /ERR/LOKO/0x00000002
15:55:51.943  INFO     RX        /ERR/LOKO/0x00000002
15:55:51.978  INFO     RX        /ERR/LOKO/0x00000002
15:55:51.978  INFO     RX        /ERR/LOKO/0x00000002
15:55:51.978  INFO     RX        /ERR/LOKO/0x00000002
15:55:52.007  INFO     RX        /ERR/LOKO/0x00000002
15:55:52.007  INFO     RX        /ERR/LOKO/0x00000002
15:55:52.042  INFO     RX        /ERR/LOKO/0x00000002
15:55:52.042  INFO     RX        /ERR/LOKO/0x00000002
15:55:52.042  INFO     RX        /ERR/LOKO/0x00000002
15:55:52.072  INFO     RX        /ERR/LOKO/0x00000002
15:55:52.072  INFO     RX        /ERR/LOKO/0x00000002
15:55:52.072  INFO     RX        /ERR/LOKO/0x00000002
15:55:52.107  INFO     RX        /ERR/LOKO/0x00000002
15:55:52.107  INFO     RX        /ERR/LOKO/0x00000002
15:55:52.107  INFO     RX        /ERR/LOKO/0x00000002
15:55:52.136  INFO     RX        /ERR/LOKO/0x00000002
15:55:52.136  INFO     RX        /ERR/LOKO/0x00000002
15:55:52.250  INFO     RX        /ERR/LOKO/0x00000002
15:55:52.250  INFO     RX        /ERR/LOKO/0x00000002
15:55:52.250  INFO     RX        /ERR/LOKO/0x00000002
15:55:52.250  INFO     RX        /ERR/LOKO/0x00000002
15:55:52.250  INFO     RX        /ERR/LOKO/0x00000002
15:55:52.250  INFO     RX        /ERR/LOKO/0x00000002
15:55:52.251  INFO     RX        /ERR/LOKO/0x00000002
15:55:52.251  INFO     RX        /ERR/LOKO/0x00000002
15:55:52.251  INFO     RX        /ERR/LOKO/0x00000002
15:55:52.251  INFO     RX        /ERR/LOKO/0x00000002
15:55:52.255  INFO     RX        /ERR/LOKO/0x00000002
15:55:52.301  INFO     RX        /ERR/LOKO/0x00000002
15:55:52.301  INFO     RX        /ERR/LOKO/0x00000002
15:55:52.301  INFO     RX        /ERR/LOKO/0x00000002
15:55:52.329  INFO     RX        /ERR/LOKO/0x00000002
15:55:52.329  INFO     RX        /ERR/LOKO/0x00000002
15:55:52.329  INFO     RX        /ERR/LOKO/0x00000002
15:55:52.365  INFO     RX        /ERR/LOKO/0x00000002
15:55:52.365  INFO     RX        /ERR/LOKO/0x00000002
15:55:52.365  INFO     RX        /ERR/LOKO/0x00000002
15:55:52.393  INFO     RX        /ERR/LOKO/0x00000002
15:55:52.393  INFO     RX        /ERR/LOKO/0x00000002
15:55:52.425  INFO     RX        /ERR/LOKO/0x00000002
15:55:52.426  INFO     RX        /ERR/LOKO/0x00000002
15:55:52.426  INFO     RX        /ERR/LOKO/0x00000002
15:55:52.463  INFO     RX        /ERR/LOKO/0x00000002
15:55:52.463  INFO     RX        /ERR/LOKO/0x00000002
15:55:52.463  INFO     RX        /ERR/LOKO/0x00000002
15:55:52.491  INFO     RX        /ERR/LOKO/0x00000002
15:55:52.491  INFO     RX        /ERR/LOKO/0x00000002
15:55:52.491  INFO     RX        /ERR/LOKO/0x00000002
15:55:52.528  INFO     RX        /ERR/LOKO/0x00000002
15:55:52.528  INFO     RX        /ERR/LOKO/0x00000002
15:55:52.528  INFO     RX        /ERR/LOKO/0x00000002
15:55:52.557  INFO     RX        /ERR/LOKO/0x00000002
15:55:52.557  INFO     RX        /ERR/LOKO/0x00000002
15:55:52.557  INFO     RX        /ERR/LOKO/0x00000002
15:55:52.593  INFO     RX        /ERR/LOKO/0x00000002
15:55:52.593  INFO     RX        /ERR/LOKO/0x00000002
15:55:52.593  INFO     RX        /ERR/LOKO/0x00000002
15:55:52.621  INFO     RX        /ERR/LOKO/0x00000002
15:55:52.621  INFO     RX        /ERR/LOKO/0x00000002
15:55:52.654  INFO     RX        /ERR/LOKO/0x00000002
15:55:52.654  INFO     RX        /ERR/LOKO/0x00000002
15:55:52.654  INFO     RX        /ERR/LOKO/0x00000002
15:55:52.688  INFO     RX        /ERR/LOKO/0x00000002
15:55:52.688  INFO     RX        /ERR/LOKO/0x00000002
15:55:52.688  INFO     RX        /ERR/LOKO/0x00000002
15:55:52.718  INFO     RX        /ERR/LOKO/0x00000002
15:55:52.718  INFO     RX        /ERR/LOKO/0x00000002
15:55:52.718  INFO     RX        /ERR/LOKO/0x00000002
15:55:52.753  INFO     RX        /ERR/LOKO/0x00000002
15:55:52.753  INFO     RX        /ERR/LOKO/0x00000002
15:55:52.753  INFO     RX        /ERR/LOKO/0x00000002
15:55:52.786  INFO     RX        /ERR/LOKO/0x00000002
15:55:52.786  INFO     RX        /ERR/LOKO/0x00000002
15:55:52.818  INFO     RX        /ERR/LOKO/0x00000002
15:55:52.818  INFO     RX        /ERR/LOKO/0x00000002
15:55:52.818  INFO     RX        /ERR/LOKO/0x00000002
15:55:52.848  INFO     RX        /ERR/LOKO/0x00000002
15:55:52.849  INFO     RX        /ERR/LOKO/0x00000002
15:55:52.849  INFO     RX        /ERR/LOKO/0x00000002
15:55:52.883  INFO     RX        /ERR/LOKO/0x00000002
15:55:52.883  INFO     RX        /ERR/LOKO/0x00000002
15:55:52.883  INFO     RX        /ERR/LOKO/0x00000002
15:55:52.913  INFO     RX        /ERR/LOKO/0x00000002
15:55:52.913  INFO     RX        /ERR/LOKO/0x00000002
15:55:52.947  INFO     RX        /ERR/LOKO/0x00000002
15:55:52.947  INFO     RX        /ERR/LOKO/0x00000002
15:55:52.947  INFO     RX        /ERR/LOKO/0x00000002
15:55:52.976  INFO     RX        /ERR/LOKO/0x00000002
15:55:52.976  INFO     RX        /ERR/LOKO/0x00000002
15:55:52.976  INFO     RX        /ERR/LOKO/0x00000002
15:55:53.010  INFO     RX        /ERR/LOKO/0x00000002
15:55:53.011  INFO     RX        /ERR/LOKO/0x00000002
15:55:53.011  INFO     RX        /ERR/LOKO/0x00000002
15:55:53.045  INFO     RX        /ERR/LOKO/0x00000002
15:55:53.045  INFO     RX        /ERR/LOKO/0x00000002
15:55:53.045  INFO     RX        /ERR/LOKO/0x00000002
15:55:53.073  INFO     RX        /ERR/LOKO/0x00000002
15:55:53.073  INFO     RX        /ERR/LOKO/0x00000002
15:55:53.104  INFO     RX        /ERR/LOKO/0x00000002
15:55:53.104  INFO     RX        /ERR/LOKO/0x00000002
15:55:53.104  INFO     RX        /ERR/LOKO/0x00000002
15:55:53.139  INFO     RX        /ERR/LOKO/0x00000002
15:55:53.140  INFO     RX        /ERR/LOKO/0x00000002
15:55:53.140  INFO     RX        /ERR/LOKO/0x00000002
15:55:53.169  INFO     RX        /ERR/LOKO/0x00000002
15:55:53.169  INFO     RX        /ERR/LOKO/0x00000002
15:55:53.169  INFO     RX        /ERR/LOKO/0x00000002
15:55:53.204  INFO     RX        /ERR/LOKO/0x00000002
15:55:53.204  INFO     RX        /ERR/LOKO/0x00000002
15:55:53.204  INFO     RX        /ERR/LOKO/0x00000002
15:55:53.233  INFO     RX        /ERR/LOKO/0x00000002
15:55:53.233  INFO     RX        /ERR/LOKO/0x00000002
15:55:53.266  INFO     RX        /ERR/LOKO/0x00000002
15:55:53.266  INFO     RX        /ERR/LOKO/0x00000002
15:55:53.266  INFO     RX        /ERR/LOKO/0x00000002
15:55:53.301  INFO     RX        /ERR/LOKO/0x00000002
15:55:53.301  INFO     RX        /ERR/LOKO/0x00000002
15:55:53.301  INFO     RX        /ERR/LOKO/0x00000002
15:55:53.329  INFO     RX        /ERR/LOKO/0x00000002
15:55:53.330  INFO     RX        /ERR/LOKO/0x00000002
15:55:53.366  INFO     RX        /ERR/LOKO/0x00000002
15:55:53.366  INFO     RX        /ERR/LOKO/0x00000002
15:55:53.367  INFO     RX        /ERR/LOKO/0x00000002
15:55:53.367  INFO     RX        /ERR/LOKO/0x00000002
15:55:53.393  INFO     RX        /ERR/LOKO/0x00000002
15:55:53.394  INFO     RX        /ERR/LOKO/0x00000002
15:55:53.429  INFO     RX        /ERR/LOKO/0x00000002
15:55:53.429  INFO     RX        /ERR/LOKO/0x00000002
15:55:53.429  INFO     RX        /ERR/LOKO/0x00000002
15:55:53.454  DEBUG    TX /CONTROLL/0,0,0,0,0,0,0,0,0
15:55:53.460  INFO     RX        /ERR/LOKO/0x00000002
15:55:53.460  INFO     RX        /ERR/LOKO/0x00000002
15:55:53.461  INFO     RX        /ERR/LOKO/0x00000002
15:55:53.490  INFO     RX        /ERR/LOKO/0x00000002
15:55:53.491  INFO     RX        /ERR/LOKO/0x00000002
15:55:53.527  INFO     RX        /ERR/LOKO/0x00000002
15:55:53.527  INFO     RX        /ERR/LOKO/0x00000002
15:55:53.527  INFO     RX        /ERR/LOKO/0x00000002
15:55:53.527  INFO     RX        /ERR/LOKO/0x00000002
15:55:53.555  INFO     RX        /ERR/LOKO/0x00000002
15:55:53.555  INFO     RX        /ERR/LOKO/0x00000002
15:55:53.590  INFO     RX        /ERR/LOKO/0x00000002
15:55:53.590  INFO     RX        /ERR/LOKO/0x00000002
15:55:53.590  INFO     RX        /ERR/LOKO/0x00000002
15:55:53.619  INFO     RX        /ERR/LOKO/0x00000002
15:55:53.619  INFO     RX        /ERR/LOKO/0x00000002
15:55:53.619  INFO     RX        /ERR/LOKO/0x00000002
15:55:53.654  INFO     RX        /ERR/LOKO/0x00000002
15:55:53.654  INFO     RX        /ERR/LOKO/0x00000002
15:55:53.654  INFO     RX        /ERR/LOKO/0x00000002
15:55:53.683  INFO     RX        /ERR/LOKO/0x00000002
15:55:53.683  INFO     RX        /ERR/LOKO/0x00000002
15:55:53.718  INFO     RX        /ERR/LOKO/0x00000002
15:55:53.718  INFO     RX        /ERR/LOKO/0x00000002
15:55:53.718  INFO     RX        /ERR/LOKO/0x00000002
15:55:53.750  INFO     RX        /ERR/LOKO/0x00000002
15:55:53.751  INFO     RX        /ERR/LOKO/0x00000002
15:55:53.751  INFO     RX        /ERR/LOKO/0x00000002
15:55:53.780  INFO     RX        /ERR/LOKO/0x00000002
15:55:53.780  INFO     RX        /ERR/LOKO/0x00000002
15:55:53.814  INFO     RX        /ERR/LOKO/0x00000002
15:55:53.814  INFO     RX        /ERR/LOKO/0x00000002
15:55:53.814  INFO     RX        /ERR/LOKO/0x00000002
15:55:53.847  INFO     RX        /ERR/LOKO/0x00000002
15:55:53.847  INFO     RX        /ERR/LOKO/0x00000002
15:55:53.847  INFO     RX        /ERR/LOKO/0x00000002
15:55:53.876  INFO     RX        /ERR/LOKO/0x00000002
15:55:53.876  INFO     RX        /ERR/LOKO/0x00000002
15:55:53.876  INFO     RX        /ERR/LOKO/0x00000002
15:55:53.911  INFO     RX        /ERR/LOKO/0x00000002
15:55:53.911  INFO     RX        /ERR/LOKO/0x00000002
15:55:53.911  INFO     RX        /ERR/LOKO/0x00000002
15:55:53.940  INFO     RX        /ERR/LOKO/0x00000002
15:55:53.940  INFO     RX        /ERR/LOKO/0x00000002
15:55:53.972  INFO     RX        /ERR/LOKO/0x00000002
15:55:53.972  INFO     RX        /ERR/LOKO/0x00000002
15:55:53.972  INFO     RX        /ERR/LOKO/0x00000002
15:55:54.005  INFO     RX        /ERR/LOKO/0x00000002
15:55:54.005  INFO     RX        /ERR/LOKO/0x00000002
15:55:54.005  INFO     RX        /ERR/LOKO/0x00000002
15:55:54.039  INFO     RX        /ERR/LOKO/0x00000002
15:55:54.039  INFO     RX        /ERR/LOKO/0x00000002
15:55:54.039  INFO     RX        /ERR/LOKO/0x00000002
15:55:54.068  INFO     RX        /ERR/LOKO/0x00000002
15:55:54.068  INFO     RX        /ERR/LOKO/0x00000002
15:55:54.100  INFO     RX        /ERR/LOKO/0x00000002
15:55:54.100  INFO     RX        /ERR/LOKO/0x00000002
15:55:54.101  INFO     RX        /ERR/LOKO/0x00000002
15:55:54.137  INFO     RX        /ERR/LOKO/0x00000002
15:55:54.137  INFO     RX        /ERR/LOKO/0x00000002
15:55:54.137  INFO     RX        /ERR/LOKO/0x00000002
15:55:54.165  INFO     RX        /ERR/LOKO/0x00000002
15:55:54.165  INFO     RX        /ERR/LOKO/0x00000002
15:55:54.165  INFO     RX        /ERR/LOKO/0x00000002
15:55:54.200  INFO     RX        /ERR/LOKO/0x00000002
15:55:54.200  INFO     RX        /ERR/LOKO/0x00000002
15:55:54.200  INFO     RX        /ERR/LOKO/0x00000002
15:55:54.230  INFO     RX        /ERR/LOKO/0x00000002
15:55:54.230  INFO     RX        /ERR/LOKO/0x00000002
15:55:54.265  INFO     RX        /ERR/LOKO/0x00000002
15:55:54.265  INFO     RX        /ERR/LOKO/0x00000002
15:55:54.265  INFO     RX        /ERR/LOKO/0x00000002
15:55:54.294  INFO     RX        /ERR/LOKO/0x00000002
15:55:54.294  INFO     RX        /ERR/LOKO/0x00000002
15:55:54.294  INFO     RX        /ERR/LOKO/0x00000002
15:55:54.331  INFO     RX        /ERR/LOKO/0x00000002
15:55:54.331  INFO     RX        /ERR/LOKO/0x00000002
15:55:54.331  INFO     RX        /ERR/LOKO/0x00000002
15:55:54.358  INFO     RX        /ERR/LOKO/0x00000002
15:55:54.358  INFO     RX        /ERR/LOKO/0x00000002
15:55:54.358  INFO     RX        /ERR/LOKO/0x00000002
15:55:54.390  INFO     RX        /ERR/LOKO/0x00000002
15:55:54.390  INFO     RX        /ERR/LOKO/0x00000002
15:55:54.425  INFO     RX        /ERR/LOKO/0x00000002
15:55:54.425  INFO     RX        /ERR/LOKO/0x00000002
15:55:54.425  INFO     RX        /ERR/LOKO/0x00000002
15:55:54.458  INFO     RX        /ERR/LOKO/0x00000002
15:55:54.458  INFO     RX        /ERR/LOKO/0x00000002
15:55:54.458  INFO     RX        /ERR/LOKO/0x00000002
15:55:54.490  INFO     RX        /ERR/LOKO/0x00000002
15:55:54.490  INFO     RX        /ERR/LOKO/0x00000002
15:55:54.490  INFO     RX        /ERR/LOKO/0x00000002
15:55:54.519  INFO     RX        /ERR/LOKO/0x00000002
15:55:54.519  INFO     RX        /ERR/LOKO/0x00000002
15:55:54.554  INFO     RX        /ERR/LOKO/0x00000002
15:55:54.555  INFO     RX        /ERR/LOKO/0x00000002
15:55:54.555  INFO     RX        /ERR/LOKO/0x00000002
15:55:54.587  INFO     RX        /ERR/LOKO/0x00000002
15:55:54.587  INFO     RX        /ERR/LOKO/0x00000002
15:55:54.587  INFO     RX        /ERR/LOKO/0x00000002
15:55:54.616  INFO     RX        /ERR/LOKO/0x00000002
15:55:54.616  INFO     RX        /ERR/LOKO/0x00000002
15:55:54.616  INFO     RX        /ERR/LOKO/0x00000002
15:55:54.648  INFO     RX        /ERR/LOKO/0x00000002
15:55:54.648  INFO     RX        /ERR/LOKO/0x00000002
15:55:54.648  INFO     RX        /ERR/LOKO/0x00000002
15:55:54.684  INFO     RX        /ERR/LOKO/0x00000002
15:55:54.684  INFO     RX        /ERR/LOKO/0x00000002
15:55:54.684  INFO     RX        /ERR/LOKO/0x00000002
15:55:54.712  INFO     RX        /ERR/LOKO/0x00000002
15:55:54.712  INFO     RX        /ERR/LOKO/0x00000002
15:55:54.751  INFO     RX        /ERR/LOKO/0x00000002
15:55:54.751  INFO     RX        /ERR/LOKO/0x00000002
15:55:54.751  INFO     RX        /ERR/LOKO/0x00000002
15:55:54.777  INFO     RX        /ERR/LOKO/0x00000002
15:55:54.777  INFO     RX        /ERR/LOKO/0x00000002
15:55:54.777  INFO     RX        /ERR/LOKO/0x00000002
15:55:54.809  INFO     RX        /ERR/LOKO/0x00000002
15:55:54.809  INFO     RX        /ERR/LOKO/0x00000002
15:55:54.809  INFO     RX        /ERR/LOKO/0x00000002
15:55:54.844  INFO     RX        /ERR/LOKO/0x00000002
15:55:54.844  INFO     RX        /ERR/LOKO/0x00000002
15:55:54.844  INFO     RX        /ERR/LOKO/0x00000002
15:55:54.873  INFO     RX        /ERR/LOKO/0x00000002
15:55:54.873  INFO     RX        /ERR/LOKO/0x00000002
15:55:54.909  INFO     RX        /ERR/LOKO/0x00000002
15:55:54.909  INFO     RX        /ERR/LOKO/0x00000002
15:55:54.909  INFO     RX        /ERR/LOKO/0x00000002
15:55:54.938  INFO     RX        /ERR/LOKO/0x00000002
15:55:54.938  INFO     RX        /ERR/LOKO/0x00000002
15:55:54.938  INFO     RX        /ERR/LOKO/0x00000002
15:55:54.975  INFO     RX        /ERR/LOKO/0x00000002
15:55:54.975  INFO     RX        /ERR/LOKO/0x00000002
15:55:54.975  INFO     RX        /ERR/LOKO/0x00000002
15:55:55.004  INFO     RX        /ERR/LOKO/0x00000002
15:55:55.004  INFO     RX        /ERR/LOKO/0x00000002
15:55:55.040  INFO     RX        /ERR/LOKO/0x00000002
15:55:55.040  INFO     RX        /ERR/LOKO/0x00000002
15:55:55.040  INFO     RX        /ERR/LOKO/0x00000002
15:55:55.065  DEBUG    TX /CONTROLL/0,0,0,0,0,0,0,0,0
15:55:55.068  INFO     RX        /ERR/LOKO/0x00000002
15:55:55.068  INFO     RX        /ERR/LOKO/0x00000002
15:55:55.068  INFO     RX        /ERR/LOKO/0x00000002
15:55:55.104  INFO     RX        /ERR/LOKO/0x00000002
15:55:55.104  INFO     RX        /ERR/LOKO/0x00000002
15:55:55.104  INFO     RX        /ERR/LOKO/0x00000002
15:55:55.132  INFO     RX        /ERR/LOKO/0x00000002
15:55:55.132  INFO     RX        /ERR/LOKO/0x00000002
15:55:55.168  INFO     RX        /ERR/LOKO/0x00000002
15:55:55.168  INFO     RX        /ERR/LOKO/0x00000002
15:55:55.168  INFO     RX        /ERR/LOKO/0x00000002
15:55:55.196  INFO     RX        /ERR/LOKO/0x00000002
15:55:55.196  INFO     RX        /ERR/LOKO/0x00000002
15:55:55.196  INFO     RX        /ERR/LOKO/0x00000002
15:55:55.228  INFO     RX        /ERR/LOKO/0x00000002
15:55:55.228  INFO     RX        /ERR/LOKO/0x00000002
15:55:55.228  INFO     RX        /ERR/LOKO/0x00000002
15:55:55.358  INFO     RX        /ERR/LOKO/0x00000002
15:55:55.358  INFO     RX        /ERR/LOKO/0x00000002
15:55:55.358  INFO     RX        /ERR/LOKO/0x00000002
15:55:55.359  INFO     RX        /ERR/LOKO/0x00000002
15:55:55.359  INFO     RX        /ERR/LOKO/0x00000002
15:55:55.359  INFO     RX        /ERR/LOKO/0x00000002
15:55:55.359  INFO     RX        /ERR/LOKO/0x00000002
15:55:55.359  INFO     RX        /ERR/LOKO/0x00000002
15:55:55.359  INFO     RX        /ERR/LOKO/0x00000002
15:55:55.359  INFO     RX        /ERR/LOKO/0x00000002
15:55:55.359  INFO     RX        /ERR/LOKO/0x00000002
15:55:55.367  INFO     RX        /ERR/LOKO/0x00000002
15:55:55.394  INFO     RX        /ERR/LOKO/0x00000002
15:55:55.394  INFO     RX        /ERR/LOKO/0x00000002
15:55:55.421  INFO     RX        /ERR/LOKO/0x00000002
15:55:55.422  INFO     RX        /ERR/LOKO/0x00000002
15:55:55.456  INFO     RX        /ERR/LOKO/0x00000002
15:55:55.456  INFO     RX        /ERR/LOKO/0x00000002
15:55:55.456  INFO     RX        /ERR/LOKO/0x00000002
15:55:55.487  INFO     RX        /ERR/LOKO/0x00000002
15:55:55.487  INFO     RX        /ERR/LOKO/0x00000002
15:55:55.487  INFO     RX        /ERR/LOKO/0x00000002
15:55:55.519  INFO     RX        /ERR/LOKO/0x00000002
15:55:55.519  INFO     RX        /ERR/LOKO/0x00000002
15:55:55.519  INFO     RX        /ERR/LOKO/0x00000002
15:55:55.549  INFO     RX        /ERR/LOKO/0x00000002
15:55:55.549  INFO     RX        /ERR/LOKO/0x00000002
15:55:55.584  INFO     RX        /ERR/LOKO/0x00000002
15:55:55.584  INFO     RX        /ERR/LOKO/0x00000002
15:55:55.584  INFO     RX        /ERR/LOKO/0x00000002
15:55:55.584  INFO     RX        /ERR/LOKO/0x00000002
15:55:55.619  INFO     RX        /ERR/LOKO/0x00000002
15:55:55.619  INFO     RX        /ERR/LOKO/0x00000002
15:55:55.647  INFO     RX        /ERR/LOKO/0x00000002
15:55:55.647  INFO     RX        /ERR/LOKO/0x00000002
15:55:55.647  INFO     RX        /ERR/LOKO/0x00000002
15:55:55.682  INFO     RX        /ERR/LOKO/0x00000002
15:55:55.682  INFO     RX        /ERR/LOKO/0x00000002
15:55:55.683  INFO     RX        /ERR/LOKO/0x00000002
15:55:55.717  INFO     RX        /ERR/LOKO/0x00000002
15:55:55.717  INFO     RX        /ERR/LOKO/0x00000002
15:55:55.717  INFO     RX        /ERR/LOKO/0x00000002
15:55:55.745  INFO     RX        /ERR/LOKO/0x00000002
15:55:55.745  INFO     RX        /ERR/LOKO/0x00000002
15:55:55.777  INFO     RX        /ERR/LOKO/0x00000002
15:55:55.777  INFO     RX        /ERR/LOKO/0x00000002
15:55:55.777  INFO     RX        /ERR/LOKO/0x00000002
15:55:55.813  INFO     RX        /ERR/LOKO/0x00000002
15:55:55.813  INFO     RX        /ERR/LOKO/0x00000002
15:55:55.813  INFO     RX        /ERR/LOKO/0x00000002
15:55:55.843  INFO     RX        /ERR/LOKO/0x00000002
15:55:55.843  INFO     RX        /ERR/LOKO/0x00000002
15:55:55.843  INFO     RX        /ERR/LOKO/0x00000002
15:55:55.878  INFO     RX        /ERR/LOKO/0x00000002
15:55:55.878  INFO     RX        /ERR/LOKO/0x00000002
15:55:55.878  INFO     RX        /ERR/LOKO/0x00000002
15:55:55.910  INFO     RX        /ERR/LOKO/0x00000002
15:55:55.910  INFO     RX        /ERR/LOKO/0x00000002
15:55:55.910  INFO     RX        /ERR/LOKO/0x00000002
15:55:55.942  INFO     RX        /ERR/LOKO/0x00000002
15:55:55.942  INFO     RX        /ERR/LOKO/0x00000002
15:55:55.974  INFO     RX        /ERR/LOKO/0x00000002
15:55:55.974  INFO     RX        /ERR/LOKO/0x00000002
15:55:55.974  INFO     RX        /ERR/LOKO/0x00000002
15:55:56.003  INFO     RX        /ERR/LOKO/0x00000002
15:55:56.003  INFO     RX        /ERR/LOKO/0x00000002
15:55:56.003  INFO     RX        /ERR/LOKO/0x00000002
15:55:56.035  INFO     RX        /ERR/LOKO/0x00000002
15:55:56.035  INFO     RX        /ERR/LOKO/0x00000002
15:55:56.070  INFO     RX        /ERR/LOKO/0x00000002
15:55:56.070  INFO     RX        /ERR/LOKO/0x00000002
15:55:56.070  INFO     RX        /ERR/LOKO/0x00000002
15:55:56.099  INFO     RX        /ERR/LOKO/0x00000002
15:55:56.099  INFO     RX        /ERR/LOKO/0x00000002
15:55:56.099  INFO     RX        /ERR/LOKO/0x00000002
15:55:56.135  INFO     RX        /ERR/LOKO/0x00000002
15:55:56.135  INFO     RX        /ERR/LOKO/0x00000002
15:55:56.135  INFO     RX        /ERR/LOKO/0x00000002
15:55:56.163  INFO     RX        /ERR/LOKO/0x00000002
15:55:56.163  INFO     RX        /ERR/LOKO/0x00000002
15:55:56.163  INFO     RX        /ERR/LOKO/0x00000002
15:55:56.196  INFO     RX        /ERR/LOKO/0x00000002
15:55:56.196  INFO     RX        /ERR/LOKO/0x00000002
15:55:56.231  INFO     RX        /ERR/LOKO/0x00000002
15:55:56.231  INFO     RX        /ERR/LOKO/0x00000002
15:55:56.231  INFO     RX        /ERR/LOKO/0x00000002
15:55:56.259  INFO     RX        /ERR/LOKO/0x00000002
15:55:56.259  INFO     RX        /ERR/LOKO/0x00000002
15:55:56.259  INFO     RX        /ERR/LOKO/0x00000002
15:55:56.295  INFO     RX        /ERR/LOKO/0x00000002
15:55:56.295  INFO     RX        /ERR/LOKO/0x00000002
15:55:56.295  INFO     RX        /ERR/LOKO/0x00000002
15:55:56.323  INFO     RX        /ERR/LOKO/0x00000002
15:55:56.323  INFO     RX        /ERR/LOKO/0x00000002
15:55:56.355  INFO     RX        /ERR/LOKO/0x00000002
15:55:56.356  INFO     RX        /ERR/LOKO/0x00000002
15:55:56.356  INFO     RX        /ERR/LOKO/0x00000002
15:55:56.390  INFO     RX        /ERR/LOKO/0x00000002
15:55:56.391  INFO     RX        /ERR/LOKO/0x00000002
15:55:56.391  INFO     RX        /ERR/LOKO/0x00000002
15:55:56.423  INFO     RX        /ERR/LOKO/0x00000002
15:55:56.423  INFO     RX        /ERR/LOKO/0x00000002
15:55:56.423  INFO     RX        /ERR/LOKO/0x00000002
15:55:56.452  INFO     RX        /ERR/LOKO/0x00000002
15:55:56.452  INFO     RX        /ERR/LOKO/0x00000002
15:55:56.452  INFO     RX        /ERR/LOKO/0x00000002
15:55:56.484  INFO     RX        /ERR/LOKO/0x00000002
15:55:56.484  INFO     RX        /ERR/LOKO/0x00000002
15:55:56.515  INFO     RX        /ERR/LOKO/0x00000002
15:55:56.515  INFO     RX        /ERR/LOKO/0x00000002
15:55:56.515  INFO     RX        /ERR/LOKO/0x00000002
15:55:56.548  INFO     RX        /ERR/LOKO/0x00000002
15:55:56.548  INFO     RX        /ERR/LOKO/0x00000002
15:55:56.548  INFO     RX        /ERR/LOKO/0x00000002
15:55:56.583  INFO     RX        /ERR/LOKO/0x00000002
15:55:56.583  INFO     RX        /ERR/LOKO/0x00000002
15:55:56.583  INFO     RX        /ERR/LOKO/0x00000002
15:55:56.613  INFO     RX        /ERR/LOKO/0x00000002
15:55:56.613  INFO     RX        /ERR/LOKO/0x00000002
15:55:56.647  INFO     RX        /ERR/LOKO/0x00000002
15:55:56.647  INFO     RX        /ERR/LOKO/0x00000002
15:55:56.647  INFO     RX        /ERR/LOKO/0x00000002
15:55:56.674  DEBUG    TX /CONTROLL/0,0,0,0,0,0,0,0,0
15:55:56.676  INFO     RX        /ERR/LOKO/0x00000002
15:55:56.676  INFO     RX        /ERR/LOKO/0x00000002
15:55:56.676  INFO     RX        /ERR/LOKO/0x00000002
15:55:56.712  INFO     RX        /ERR/LOKO/0x00000002
15:55:56.712  INFO     RX        /ERR/LOKO/0x00000002
15:55:56.712  INFO     RX        /ERR/LOKO/0x00000002
15:55:56.741  INFO     RX        /ERR/LOKO/0x00000002
15:55:56.741  INFO     RX        /ERR/LOKO/0x00000002
15:55:56.741  INFO     RX        /ERR/LOKO/0x00000002
15:55:56.773  INFO     RX        /ERR/LOKO/0x00000002
15:55:56.773  INFO     RX        /ERR/LOKO/0x00000002
15:55:56.809  INFO     RX        /ERR/LOKO/0x00000002
15:55:56.809  INFO     RX        /ERR/LOKO/0x00000002
15:55:56.809  INFO     RX        /ERR/LOKO/0x00000002
15:55:56.837  INFO     RX        /ERR/LOKO/0x00000002
15:55:56.837  INFO     RX        /ERR/LOKO/0x00000002
15:55:56.837  INFO     RX        /ERR/LOKO/0x00000002
15:55:56.872  INFO     RX        /ERR/LOKO/0x00000002
15:55:56.872  INFO     RX        /ERR/LOKO/0x00000002
15:55:56.872  INFO     RX        /ERR/LOKO/0x00000002
15:55:56.901  INFO     RX        /ERR/LOKO/0x00000002
15:55:56.901  INFO     RX        /ERR/LOKO/0x00000002
15:55:56.936  INFO     RX        /ERR/LOKO/0x00000002
15:55:56.936  INFO     RX        /ERR/LOKO/0x00000002
15:55:56.936  INFO     RX        /ERR/LOKO/0x00000002
15:55:56.965  INFO     RX        /ERR/LOKO/0x00000002
15:55:56.965  INFO     RX        /ERR/LOKO/0x00000002
15:55:56.965  INFO     RX        /ERR/LOKO/0x00000002
15:55:57.001  INFO     RX        /ERR/LOKO/0x00000002
15:55:57.001  INFO     RX        /ERR/LOKO/0x00000002
15:55:57.001  INFO     RX        /ERR/LOKO/0x00000002
15:55:57.034  INFO     RX        /ERR/LOKO/0x00000002
15:55:57.034  INFO     RX        /ERR/LOKO/0x00000002
15:55:57.034  INFO     RX        /ERR/LOKO/0x00000002
15:55:57.063  INFO     RX        /ERR/LOKO/0x00000002
15:55:57.063  INFO     RX        /ERR/LOKO/0x00000002
15:55:57.101  INFO     RX        /ERR/LOKO/0x00000002
15:55:57.101  INFO     RX        /ERR/LOKO/0x00000002
15:55:57.101  INFO     RX        /ERR/LOKO/0x00000002
15:55:57.101  INFO     RX        /ERR/LOKO/0x00000002
15:55:57.129  INFO     RX        /ERR/LOKO/0x00000002
15:55:57.129  INFO     RX        /ERR/LOKO/0x00000002
15:55:57.166  INFO     RX        /ERR/LOKO/0x00000002
15:55:57.166  INFO     RX        /ERR/LOKO/0x00000002
15:55:57.166  INFO     RX        /ERR/LOKO/0x00000002
15:55:57.195  INFO     RX        /ERR/LOKO/0x00000002
15:55:57.195  INFO     RX        /ERR/LOKO/0x00000002
15:55:57.195  INFO     RX        /ERR/LOKO/0x00000002
15:55:57.231  INFO     RX        /ERR/LOKO/0x00000002
15:55:57.231  INFO     RX        /ERR/LOKO/0x00000002
15:55:57.231  INFO     RX        /ERR/LOKO/0x00000002
15:55:57.263  INFO     RX        /ERR/LOKO/0x00000002
15:55:57.263  INFO     RX        /ERR/LOKO/0x00000002
15:55:57.263  INFO     RX        /ERR/LOKO/0x00000002
15:55:57.293  INFO     RX        /ERR/LOKO/0x00000002
15:55:57.293  INFO     RX        /ERR/LOKO/0x00000002
15:55:57.328  INFO     RX        /ERR/LOKO/0x00000002
15:55:57.328  INFO     RX        /ERR/LOKO/0x00000002
15:55:57.328  INFO     RX        /ERR/LOKO/0x00000002
15:55:57.359  INFO     RX        /ERR/LOKO/0x00000002
15:55:57.359  INFO     RX        /ERR/LOKO/0x00000002
15:55:57.359  INFO     RX        /ERR/LOKO/0x00000002
15:55:57.390  INFO     RX        /ERR/LOKO/0x00000002
15:55:57.390  INFO     RX        /ERR/LOKO/0x00000002
15:55:57.390  INFO     RX        /ERR/LOKO/0x00000002
15:55:57.426  INFO     RX        /ERR/LOKO/0x00000002
15:55:57.426  INFO     RX        /ERR/LOKO/0x00000002
15:55:57.427  INFO     RX        /ERR/LOKO/0x00000002
15:55:57.454  INFO     RX        /ERR/LOKO/0x00000002
15:55:57.454  INFO     RX        /ERR/LOKO/0x00000002
15:55:57.485  INFO     RX        /ERR/LOKO/0x00000002
15:55:57.485  INFO     RX        /ERR/LOKO/0x00000002
15:55:57.486  INFO     RX        /ERR/LOKO/0x00000002
15:55:57.517  INFO     RX        /ERR/LOKO/0x00000002
15:55:57.517  INFO     RX        /ERR/LOKO/0x00000002
15:55:57.517  INFO     RX        /ERR/LOKO/0x00000002
15:55:57.552  INFO     RX        /ERR/LOKO/0x00000002
15:55:57.553  INFO     RX        /ERR/LOKO/0x00000002
15:55:57.553  INFO     RX        /ERR/LOKO/0x00000002
15:55:57.582  INFO     RX        /ERR/LOKO/0x00000002
15:55:57.582  INFO     RX        /ERR/LOKO/0x00000002
15:55:57.615  INFO     RX        /ERR/LOKO/0x00000002
15:55:57.615  INFO     RX        /ERR/LOKO/0x00000002
15:55:57.615  INFO     RX        /ERR/LOKO/0x00000002
15:55:57.645  INFO     RX        /ERR/LOKO/0x00000002
15:55:57.645  INFO     RX        /ERR/LOKO/0x00000002
15:55:57.645  INFO     RX        /ERR/LOKO/0x00000002
15:55:57.680  INFO     RX        /ERR/LOKO/0x00000002
15:55:57.680  INFO     RX        /ERR/LOKO/0x00000002
15:55:57.680  INFO     RX        /ERR/LOKO/0x00000002
15:55:57.714  INFO     RX        /ERR/LOKO/0x00000002
15:55:57.715  INFO     RX        /ERR/LOKO/0x00000002
15:55:57.715  INFO     RX        /ERR/LOKO/0x00000002
15:55:57.743  INFO     RX        /ERR/LOKO/0x00000002
15:55:57.743  INFO     RX        /ERR/LOKO/0x00000002
15:55:57.773  INFO     RX        /ERR/LOKO/0x00000002
15:55:57.773  INFO     RX        /ERR/LOKO/0x00000002
15:55:57.774  INFO     RX        /ERR/LOKO/0x00000002
15:55:57.809  INFO     RX        /ERR/LOKO/0x00000002
15:55:57.809  INFO     RX        /ERR/LOKO/0x00000002
15:55:57.809  INFO     RX        /ERR/LOKO/0x00000002
15:55:57.839  INFO     RX        /ERR/LOKO/0x00000002
15:55:57.839  INFO     RX        /ERR/LOKO/0x00000002
15:55:57.839  INFO     RX        /ERR/LOKO/0x00000002
15:55:57.960  INFO     RX        /ERR/LOKO/0x00000002
15:55:57.960  INFO     RX        /ERR/LOKO/0x00000002
15:55:57.960  INFO     RX        /ERR/LOKO/0x00000002
15:55:57.960  INFO     RX        /ERR/LOKO/0x00000002
15:55:57.960  INFO     RX        /ERR/LOKO/0x00000002
15:55:57.960  INFO     RX        /ERR/LOKO/0x00000002
15:55:57.960  INFO     RX        /ERR/LOKO/0x00000002
15:55:57.962  INFO     RX        /ERR/LOKO/0x00000002
15:55:57.962  INFO     RX        /ERR/LOKO/0x00000002
15:55:57.962  INFO     RX        /ERR/LOKO/0x00000002
15:55:57.965  INFO     RX        /ERR/LOKO/0x00000002
15:55:58.003  INFO     RX        /ERR/LOKO/0x00000002
15:55:58.003  INFO     RX        /ERR/LOKO/0x00000002
15:55:58.003  INFO     RX        /ERR/LOKO/0x00000002
15:55:58.035  INFO     RX        /ERR/LOKO/0x00000002
15:55:58.035  INFO     RX        /ERR/LOKO/0x00000002
15:55:58.071  INFO     RX        /ERR/LOKO/0x00000002
15:55:58.071  INFO     RX        /ERR/LOKO/0x00000002
15:55:58.071  INFO     RX        /ERR/LOKO/0x00000002
15:55:58.071  INFO     RX        /ERR/LOKO/0x00000002
15:55:58.094  INFO     RX        /ERR/LOKO/0x00000002
15:55:58.094  INFO     RX        /ERR/LOKO/0x00000002
15:55:58.130  INFO     RX        /ERR/LOKO/0x00000002
15:55:58.130  INFO     RX        /ERR/LOKO/0x00000002
15:55:58.130  INFO     RX        /ERR/LOKO/0x00000002
15:55:58.159  INFO     RX        /ERR/LOKO/0x00000002
15:55:58.159  INFO     RX        /ERR/LOKO/0x00000002
15:55:58.193  INFO     RX        /ERR/LOKO/0x00000002
15:55:58.193  INFO     RX        /ERR/LOKO/0x00000002
15:55:58.193  INFO     RX        /ERR/LOKO/0x00000002
15:55:58.223  INFO     RX        /ERR/LOKO/0x00000002
15:55:58.223  INFO     RX        /ERR/LOKO/0x00000002
15:55:58.223  INFO     RX        /ERR/LOKO/0x00000002
15:55:58.260  INFO     RX        /ERR/LOKO/0x00000002
15:55:58.260  INFO     RX        /ERR/LOKO/0x00000002
15:55:58.260  INFO     RX        /ERR/LOKO/0x00000002
15:55:58.284  DEBUG    TX /CONTROLL/0,0,0,0,0,0,0,0,0
15:55:58.288  INFO     RX        /ERR/LOKO/0x00000002
15:55:58.288  INFO     RX        /ERR/LOKO/0x00000002
15:55:58.320  INFO     RX        /ERR/LOKO/0x00000002
15:55:58.320  INFO     RX        /ERR/LOKO/0x00000002
15:55:58.320  INFO     RX        /ERR/LOKO/0x00000002
15:55:58.357  INFO     RX        /ERR/LOKO/0x00000002
15:55:58.357  INFO     RX        /ERR/LOKO/0x00000002
15:55:58.357  INFO     RX        /ERR/LOKO/0x00000002
15:55:58.357  INFO     RX        /ERR/LOKO/0x00000002
15:55:58.385  INFO     RX        /ERR/LOKO/0x00000002
15:55:58.385  INFO     RX        /ERR/LOKO/0x00000002
15:55:58.420  INFO     RX        /ERR/LOKO/0x00000002
15:55:58.420  INFO     RX        /ERR/LOKO/0x00000002
15:55:58.420  INFO     RX        /ERR/LOKO/0x00000002
15:55:58.449  INFO     RX        /ERR/LOKO/0x00000002
15:55:58.449  INFO     RX        /ERR/LOKO/0x00000002
15:55:58.481  INFO     RX        /ERR/LOKO/0x00000002
15:55:58.481  INFO     RX        /ERR/LOKO/0x00000002
15:55:58.481  INFO     RX        /ERR/LOKO/0x00000002
15:55:58.514  INFO     RX        /ERR/LOKO/0x00000002
15:55:58.514  INFO     RX        /ERR/LOKO/0x00000002
15:55:58.514  INFO     RX        /ERR/LOKO/0x00000002
15:55:58.548  INFO     RX        /ERR/LOKO/0x00000002
15:55:58.548  INFO     RX        /ERR/LOKO/0x00000002
15:55:58.548  INFO     RX        /ERR/LOKO/0x00000002
15:55:58.577  INFO     RX        /ERR/LOKO/0x00000002
15:55:58.577  INFO     RX        /ERR/LOKO/0x00000002
15:55:58.609  INFO     RX        /ERR/LOKO/0x00000002
15:55:58.609  INFO     RX        /ERR/LOKO/0x00000002
15:55:58.609  INFO     RX        /ERR/LOKO/0x00000002
15:55:58.644  INFO     RX        /ERR/LOKO/0x00000002
15:55:58.644  INFO     RX        /ERR/LOKO/0x00000002
15:55:58.644  INFO     RX        /ERR/LOKO/0x00000002
15:55:58.673  INFO     RX        /ERR/LOKO/0x00000002
15:55:58.673  INFO     RX        /ERR/LOKO/0x00000002
15:55:58.673  INFO     RX        /ERR/LOKO/0x00000002
15:55:58.708  INFO     RX        /ERR/LOKO/0x00000002
15:55:58.708  INFO     RX        /ERR/LOKO/0x00000002
15:55:58.708  INFO     RX        /ERR/LOKO/0x00000002
15:55:58.737  INFO     RX        /ERR/LOKO/0x00000002
15:55:58.737  INFO     RX        /ERR/LOKO/0x00000002
15:55:58.772  INFO     RX        /ERR/LOKO/0x00000002
15:55:58.772  INFO     RX        /ERR/LOKO/0x00000002
15:55:58.772  INFO     RX        /ERR/LOKO/0x00000002
15:55:58.801  INFO     RX        /ERR/LOKO/0x00000002
15:55:58.801  INFO     RX        /ERR/LOKO/0x00000002
15:55:58.801  INFO     RX        /ERR/LOKO/0x00000002
15:55:58.833  INFO     RX        /ERR/LOKO/0x00000002
15:55:58.833  INFO     RX        /ERR/LOKO/0x00000002
15:55:58.833  INFO     RX        /ERR/LOKO/0x00000002
15:55:58.868  INFO     RX        /ERR/LOKO/0x00000002
15:55:58.868  INFO     RX        /ERR/LOKO/0x00000002
15:55:58.868  INFO     RX        /ERR/LOKO/0x00000002
15:55:58.897  INFO     RX        /ERR/LOKO/0x00000002
15:55:58.897  INFO     RX        /ERR/LOKO/0x00000002
15:55:58.933  INFO     RX        /ERR/LOKO/0x00000002
15:55:58.933  INFO     RX        /ERR/LOKO/0x00000002
15:55:58.933  INFO     RX        /ERR/LOKO/0x00000002
15:55:58.961  INFO     RX        /ERR/LOKO/0x00000002
15:55:58.962  INFO     RX        /ERR/LOKO/0x00000002
15:55:58.962  INFO     RX        /ERR/LOKO/0x00000002
15:55:58.997  INFO     RX        /ERR/LOKO/0x00000002
15:55:58.997  INFO     RX        /ERR/LOKO/0x00000002
15:55:58.997  INFO     RX        /ERR/LOKO/0x00000002
15:55:59.028  INFO     RX        /ERR/LOKO/0x00000002
15:55:59.028  INFO     RX        /ERR/LOKO/0x00000002
15:55:59.061  INFO     RX        /ERR/LOKO/0x00000002
15:55:59.061  INFO     RX        /ERR/LOKO/0x00000002
15:55:59.062  INFO     RX        /ERR/LOKO/0x00000002
15:55:59.090  INFO     RX        /ERR/LOKO/0x00000002
15:55:59.091  INFO     RX        /ERR/LOKO/0x00000002
15:55:59.091  INFO     RX        /ERR/LOKO/0x00000002
15:55:59.230  INFO     RX        /ERR/LOKO/0x00000002
15:55:59.231  INFO     RX        /ERR/LOKO/0x00000002
15:55:59.231  INFO     RX        /ERR/LOKO/0x00000002
15:55:59.231  INFO     RX        /ERR/LOKO/0x00000002
15:55:59.231  INFO     RX        /ERR/LOKO/0x00000002
15:55:59.231  INFO     RX        /ERR/LOKO/0x00000002
15:55:59.231  INFO     RX        /ERR/LOKO/0x00000002
15:55:59.231  INFO     RX        /ERR/LOKO/0x00000002
15:55:59.232  INFO     RX        /ERR/LOKO/0x00000002
15:55:59.232  INFO     RX        /ERR/LOKO/0x00000002
15:55:59.232  INFO     RX        /ERR/LOKO/0x00000002
15:55:59.232  INFO     RX        /ERR/LOKO/0x00000002
15:55:59.237  INFO     RX        /ERR/LOKO/0x00000002
15:55:59.252  INFO     RX        /ERR/LOKO/0x00000002
15:55:59.287  INFO     RX        /ERR/LOKO/0x00000002
15:55:59.287  INFO     RX        /ERR/LOKO/0x00000002
15:55:59.287  INFO     RX        /ERR/LOKO/0x00000002
15:55:59.316  INFO     RX        /ERR/LOKO/0x00000002
15:55:59.316  INFO     RX        /ERR/LOKO/0x00000002
15:55:59.449  INFO     RX        /ERR/LOKO/0x00000002
15:55:59.449  INFO     RX        /ERR/LOKO/0x00000002
15:55:59.449  INFO     RX        /ERR/LOKO/0x00000002
15:55:59.449  INFO     RX        /ERR/LOKO/0x00000002
15:55:59.449  INFO     RX        /ERR/LOKO/0x00000002
15:55:59.449  INFO     RX        /ERR/LOKO/0x00000002
15:55:59.449  INFO     RX        /ERR/LOKO/0x00000002
15:55:59.449  INFO     RX        /ERR/LOKO/0x00000002
15:55:59.452  INFO     RX        /ERR/LOKO/0x00000002
15:55:59.452  INFO     RX        /ERR/LOKO/0x00000002
15:55:59.453  INFO     RX        /ERR/LOKO/0x00000002
15:55:59.453  INFO     RX        /ERR/LOKO/0x00000002
15:55:59.455  INFO     RX        /ERR/LOKO/0x00000002
15:55:59.496  INFO     RX        /ERR/LOKO/0x00000002
15:55:59.509  INFO     RX        /ERR/LOKO/0x00000002
15:55:59.509  INFO     RX        /ERR/LOKO/0x00000002
15:55:59.509  INFO     RX        /ERR/LOKO/0x00000002
15:55:59.542  INFO     RX        /ERR/LOKO/0x00000002
15:55:59.542  INFO     RX        /ERR/LOKO/0x00000002
15:55:59.542  INFO     RX        /ERR/LOKO/0x00000002
15:55:59.675  INFO     RX        /ERR/LOKO/0x00000002
15:55:59.675  INFO     RX        /ERR/LOKO/0x00000002
15:55:59.675  INFO     RX        /ERR/LOKO/0x00000002
15:55:59.675  INFO     RX        /ERR/LOKO/0x00000002
15:55:59.675  INFO     RX        /ERR/LOKO/0x00000002
15:55:59.675  INFO     RX        /ERR/LOKO/0x00000002
15:55:59.675  INFO     RX        /ERR/LOKO/0x00000002
15:55:59.675  INFO     RX        /ERR/LOKO/0x00000002
15:55:59.678  INFO     RX        /ERR/LOKO/0x00000002
15:55:59.678  INFO     RX        /ERR/LOKO/0x00000002
15:55:59.678  INFO     RX        /ERR/LOKO/0x00000002
15:55:59.678  INFO     RX        /ERR/LOKO/0x00000002
15:55:59.724  INFO     RX        /ERR/LOKO/0x00000002
15:55:59.724  INFO     RX        /ERR/LOKO/0x00000002
15:55:59.724  INFO     RX        /ERR/LOKO/0x00000002
15:55:59.724  INFO     RX        /ERR/LOKO/0x00000002
15:55:59.785  INFO     RX        /ERR/LOKO/0x00000002
15:55:59.785  INFO     RX        /ERR/LOKO/0x00000002
15:55:59.785  INFO     RX        /ERR/LOKO/0x00000002
15:55:59.785  INFO     RX        /ERR/LOKO/0x00000002
15:55:59.785  INFO     RX        /ERR/LOKO/0x00000002
15:55:59.798  INFO     RX        /ERR/LOKO/0x00000002
15:55:59.850  INFO     RX        /ERR/LOKO/0x00000002
15:55:59.850  INFO     RX        /ERR/LOKO/0x00000002
15:55:59.850  INFO     RX        /ERR/LOKO/0x00000002
15:55:59.850  INFO     RX        /ERR/LOKO/0x00000002
15:55:59.851  INFO     RX        /ERR/LOKO/0x00000002
15:55:59.861  INFO     RX        /ERR/LOKO/0x00000002
15:55:59.890  DEBUG    TX /CONTROLL/0,0,0,0,0,0,0,0,0
15:55:59.896  INFO     RX        /ERR/LOKO/0x00000002
15:55:59.896  INFO     RX        /ERR/LOKO/0x00000002
15:55:59.896  INFO     RX        /ERR/LOKO/0x00000002
15:55:59.972  INFO     RX        /ERR/LOKO/0x00000002
15:55:59.972  INFO     RX        /ERR/LOKO/0x00000002
15:55:59.972  INFO     RX        /ERR/LOKO/0x00000002
15:55:59.972  INFO     RX        /ERR/LOKO/0x00000002
15:55:59.972  INFO     RX        /ERR/LOKO/0x00000002
15:55:59.972  INFO     RX        /ERR/LOKO/0x00000002
15:55:59.976  INFO     RX        /ERR/LOKO/0x00000002
15:55:59.988  INFO     RX        /ERR/LOKO/0x00000002
15:56:00.022  INFO     RX        /ERR/LOKO/0x00000002
15:56:00.022  INFO     RX        /ERR/LOKO/0x00000002
15:56:00.099  INFO     RX        /ERR/LOKO/0x00000002
15:56:00.099  INFO     RX        /ERR/LOKO/0x00000002
15:56:00.099  INFO     RX        /ERR/LOKO/0x00000002
15:56:00.099  INFO     RX        /ERR/LOKO/0x00000002
15:56:00.099  INFO     RX        /ERR/LOKO/0x00000002
15:56:00.099  INFO     RX        /ERR/LOKO/0x00000002
15:56:00.099  INFO     RX        /ERR/LOKO/0x00000002
15:56:00.104  INFO     RX        /ERR/LOKO/0x00000002
15:56:00.145  INFO     RX        /ERR/LOKO/0x00000002
15:56:00.145  INFO     RX        /ERR/LOKO/0x00000002
15:56:00.145  INFO     RX        /ERR/LOKO/0x00000002
15:56:00.153  INFO     RX        /ERR/LOKO/0x00000002
15:56:00.185  INFO     RX        /ERR/LOKO/0x00000002
15:56:00.185  INFO     RX        /ERR/LOKO/0x00000002
15:56:00.186  INFO     RX        /ERR/LOKO/0x00000002
15:56:00.221  INFO     RX        /ERR/LOKO/0x00000002
15:56:00.221  INFO     RX        /ERR/LOKO/0x00000002
15:56:00.221  INFO     RX        /ERR/LOKO/0x00000002
15:56:00.250  INFO     RX        /ERR/LOKO/0x00000002
15:56:00.250  INFO     RX        /ERR/LOKO/0x00000002
15:56:00.369  INFO     RX        /ERR/LOKO/0x00000002
15:56:00.369  INFO     RX        /ERR/LOKO/0x00000002
15:56:00.369  INFO     RX        /ERR/LOKO/0x00000002
15:56:00.370  INFO     RX        /ERR/LOKO/0x00000002
15:56:00.370  INFO     RX        /ERR/LOKO/0x00000002
15:56:00.370  INFO     RX        /ERR/LOKO/0x00000002
15:56:00.370  INFO     RX        /ERR/LOKO/0x00000002
15:56:00.370  INFO     RX        /ERR/LOKO/0x00000002
15:56:00.373  INFO     RX        /ERR/LOKO/0x00000002
15:56:00.374  INFO     RX        /ERR/LOKO/0x00000002
15:56:00.374  INFO     RX        /ERR/LOKO/0x00000002
15:56:00.380  INFO     RX        /ERR/LOKO/0x00000002
15:56:00.414  INFO     RX        /ERR/LOKO/0x00000002
15:56:00.414  INFO     RX        /ERR/LOKO/0x00000002
15:56:00.441  INFO     RX        /ERR/LOKO/0x00000002
15:56:00.441  INFO     RX        /ERR/LOKO/0x00000002
15:56:00.441  INFO     RX        /ERR/LOKO/0x00000002
15:56:00.634  INFO     RX        /ERR/LOKO/0x00000002
15:56:00.634  INFO     RX        /ERR/LOKO/0x00000002
15:56:00.634  INFO     RX        /ERR/LOKO/0x00000002
15:56:00.634  INFO     RX        /ERR/LOKO/0x00000002
15:56:00.634  INFO     RX        /ERR/LOKO/0x00000002
15:56:00.634  INFO     RX        /ERR/LOKO/0x00000002
15:56:00.634  INFO     RX        /ERR/LOKO/0x00000002
15:56:00.634  INFO     RX        /ERR/LOKO/0x00000002
15:56:00.634  INFO     RX        /ERR/LOKO/0x00000002
15:56:00.634  INFO     RX        /ERR/LOKO/0x00000002
15:56:00.634  INFO     RX        /ERR/LOKO/0x00000002
15:56:00.643  INFO     RX        /ERR/LOKO/0x00000002
15:56:00.643  INFO     RX        /ERR/LOKO/0x00000002
15:56:00.643  INFO     RX        /ERR/LOKO/0x00000002
15:56:00.643  INFO     RX        /ERR/LOKO/0x00000002
15:56:00.643  INFO     RX        /ERR/LOKO/0x00000002
15:56:00.643  INFO     RX        /ERR/LOKO/0x00000002
15:56:00.648  INFO     RX        /ERR/LOKO/0x00000002
15:56:00.668  INFO     RX        /ERR/LOKO/0x00000002
15:56:00.702  INFO     RX        /ERR/LOKO/0x00000002
15:56:00.702  INFO     RX        /ERR/LOKO/0x00000002
15:56:00.702  INFO     RX        /ERR/LOKO/0x00000002
15:56:00.731  INFO     RX        /ERR/LOKO/0x00000002
15:56:00.731  INFO     RX        /ERR/LOKO/0x00000002
15:56:00.731  INFO     RX        /ERR/LOKO/0x00000002
15:56:00.847  INFO     RX        /ERR/LOKO/0x00000002
15:56:00.847  INFO     RX        /ERR/LOKO/0x00000002
15:56:00.847  INFO     RX        /ERR/LOKO/0x00000002
15:56:00.847  INFO     RX        /ERR/LOKO/0x00000002
15:56:00.847  INFO     RX        /ERR/LOKO/0x00000002
15:56:00.847  INFO     RX        /ERR/LOKO/0x00000002
15:56:00.847  INFO     RX        /ERR/LOKO/0x00000002
15:56:00.847  INFO     RX        /ERR/LOKO/0x00000002
15:56:00.867  INFO     RX        /ERR/LOKO/0x00000002
15:56:00.867  INFO     RX        /ERR/LOKO/0x00000002
15:56:00.867  INFO     RX        /ERR/LOKO/0x00000002
15:56:00.867  INFO     RX        /ERR/LOKO/0x00000002
15:56:00.892  INFO     RX        /ERR/LOKO/0x00000002
15:56:00.892  INFO     RX        /ERR/LOKO/0x00000002
15:56:00.927  INFO     RX        /ERR/LOKO/0x00000002
15:56:00.927  INFO     RX        /ERR/LOKO/0x00000002
15:56:00.927  INFO     RX        /ERR/LOKO/0x00000002
15:56:00.956  INFO     RX        /ERR/LOKO/0x00000002
15:56:00.956  INFO     RX        /ERR/LOKO/0x00000002
15:56:01.084  INFO     RX        /ERR/LOKO/0x00000002
15:56:01.084  INFO     RX        /ERR/LOKO/0x00000002
15:56:01.084  INFO     RX        /ERR/LOKO/0x00000002
15:56:01.084  INFO     RX        /ERR/LOKO/0x00000002
15:56:01.084  INFO     RX        /ERR/LOKO/0x00000002
15:56:01.084  INFO     RX        /ERR/LOKO/0x00000002
15:56:01.084  INFO     RX        /ERR/LOKO/0x00000002
15:56:01.084  INFO     RX        /ERR/LOKO/0x00000002
15:56:01.087  INFO     RX        /ERR/LOKO/0x00000002
15:56:01.087  INFO     RX        /ERR/LOKO/0x00000002
15:56:01.087  INFO     RX        /ERR/LOKO/0x00000002
15:56:01.087  INFO     RX        /ERR/LOKO/0x00000002
15:56:01.122  INFO     RX        /ERR/LOKO/0x00000002
15:56:01.122  INFO     RX        /ERR/LOKO/0x00000002
15:56:01.122  INFO     RX        /ERR/LOKO/0x00000002
15:56:01.150  INFO     RX        /ERR/LOKO/0x00000002
15:56:01.150  INFO     RX        /ERR/LOKO/0x00000002
15:56:01.192  INFO     RX        /ERR/LOKO/0x00000002
15:56:01.192  INFO     RX        /ERR/LOKO/0x00000002
15:56:01.192  INFO     RX        /ERR/LOKO/0x00000002
15:56:01.192  INFO     RX        /ERR/LOKO/0x00000002
15:56:01.501  DEBUG    TX /CONTROLL/0,0,0,0,0,0,0,0,0
15:56:03.120  DEBUG    TX /CONTROLL/0,0,0,0,0,0,0,0,0
15:56:04.725  DEBUG    TX /CONTROLL/0,0,0,0,0,0,0,0,0
15:56:06.334  DEBUG    TX /CONTROLL/0,0,0,0,0,0,0,0,0
15:56:07.951  DEBUG    TX /CONTROLL/0,0,0,0,0,0,0,0,0
15:56:09.557  DEBUG    TX /CONTROLL/0,0,0,0,0,0,0,0,0
15:56:11.177  DEBUG    TX /CONTROLL/0,0,0,0,0,0,0,0,0
15:56:12.793  DEBUG    TX /CONTROLL/0,0,0,0,0,0,0,0,0
15:56:14.404  DEBUG    TX /CONTROLL/0,0,0,0,0,0,0,0,0
15:56:16.011  DEBUG    TX /CONTROLL/0,0,0,0,0,0,0,0,0
15:56:17.621  DEBUG    TX /CONTROLL/0,0,0,0,0,0,0,0,0
15:56:19.230  DEBUG    TX /CONTROLL/0,0,0,0,0,0,0,0,0
15:56:20.840  DEBUG    TX /CONTROLL/0,0,0,0,0,0,0,0,0
15:56:22.444  DEBUG    TX /CONTROLL/0,0,0,0,0,0,0,0,0
15:56:24.053  DEBUG    TX /CONTROLL/0,0,0,0,0,0,0,0,0
15:56:25.660  DEBUG    TX /CONTROLL/0,0,0,0,0,0,0,0,0
15:56:27.268  DEBUG    TX /CONTROLL/0,0,0,0,0,0,0,0,0
15:56:28.881  DEBUG    TX /CONTROLL/0,0,0,0,0,0,0,0,0
15:56:30.494  DEBUG    TX /CONTROLL/0,0,0,0,0,0,0,0,0
15:56:32.103  DEBUG    TX /CONTROLL/0,0,0,0,0,0,0,0,0
15:56:33.714  DEBUG    TX /CONTROLL/0,0,0,0,0,0,0,0,0
15:56:35.325  DEBUG    TX /CONTROLL/0,0,0,0,0,0,0,0,0
15:56:36.933  DEBUG    TX /CONTROLL/0,0,0,0,0,0,0,0,0
15:56:38.540  DEBUG    TX /CONTROLL/0,0,0,0,0,0,0,0,0
15:56:40.148  DEBUG    TX /CONTROLL/0,0,0,0,0,0,0,0,0
15:56:41.759  DEBUG    TX /CONTROLL/0,0,0,0,0,0,0,0,0
15:56:43.368  DEBUG    TX /CONTROLL/0,0,0,0,0,0,0,0,0
15:56:44.978  DEBUG    TX /CONTROLL/0,0,0,0,0,0,0,0,0
15:56:46.590  DEBUG    TX /CONTROLL/0,0,0,0,0,0,0,0,0
15:56:48.206  DEBUG    TX /CONTROLL/0,0,0,0,0,0,0,0,0
15:56:49.815  DEBUG    TX /CONTROLL/0,0,0,0,0,0,0,0,0
15:56:51.430  DEBUG    TX /CONTROLL/0,0,0,0,0,0,0,0,0
15:56:53.042  DEBUG    TX /CONTROLL/0,0,0,0,0,0,0,0,0
15:56:54.662  DEBUG    TX /CONTROLL/0,0,0,0,0,0,0,0,0
15:56:56.277  DEBUG    TX /CONTROLL/0,0,0,0,0,0,0,0,0
15:56:57.895  DEBUG    TX /CONTROLL/0,0,0,0,0,0,0,0,0
15:56:59.504  DEBUG    TX /CONTROLL/0,0,0,0,0,0,0,0,0
15:57:01.118  DEBUG    TX /CONTROLL/0,0,0,0,0,0,0,0,0
15:57:02.728  DEBUG    TX /CONTROLL/0,0,0,0,0,0,0,0,0
15:57:04.344  DEBUG    TX /CONTROLL/0,0,0,0,0,0,0,0,0
15:57:05.951  DEBUG    TX /CONTROLL/0,0,0,0,0,0,0,0,0
15:57:07.560  DEBUG    TX /CONTROLL/0,0,0,0,0,0,0,0,0
15:57:09.166  DEBUG    TX /CONTROLL/0,0,0,0,0,0,0,0,0
15:57:10.772  DEBUG    TX /CONTROLL/0,0,0,0,0,0,0,0,0
15:57:12.381  DEBUG    TX /CONTROLL/0,0,0,0,0,0,0,0,0
15:57:13.987  DEBUG    TX /CONTROLL/0,0,0,0,0,0,0,0,0
15:57:15.594  DEBUG    TX /CONTROLL/0,0,0,0,0,0,0,0,0
15:57:17.200  DEBUG    TX /CONTROLL/0,0,0,0,0,0,0,0,0
16:00:34.508  DEBUG    TX /CONTROLL/0,0,0,0,0,0,0,0,0
