15:13:19.504  INFO     Connecting to 100.122.9.49:5000...
15:13:21.089  DEBUG    TX /CONTROLL/0,0,0,0,0,0,0,0,0
15:13:22.698  DEBUG    TX /CONTROLL/0,0,0,0,0,0,0,0,0
15:13:24.304  DEBUG    TX /CONTROLL/0,0,0,0,0,0,0,0,0
15:13:25.104  INFO     Network connection established
15:13:25.105  INFO     RX        /BATTERY/VDDA/12855 mV
15:13:25.105  INFO     RX        === Hexapod Mainboard ===
15:13:25.111  INFO     RX        PCA9685 Right: OK
15:13:25.111  INFO     RX        PCA9685 Left:  OK
15:13:25.111  INFO     RX        LSM6DSO IMU:   OK
15:13:25.251  INFO     RX        Locomotion:    INIT (UN_ARMED, printf mode)
15:13:25.919  DEBUG    TX /CONTROLL/0,0,0,0,0,0,0,0,0
15:13:27.530  DEBUG    TX /CONTROLL/0,0,0,0,0,0,0,0,0
15:13:29.136  DEBUG    TX /CONTROLL/0,0,0,0,0,0,0,0,0
15:13:30.129  INFO     RX        Press L1 to arm, R1 to d/BATTERY/VDDA/12849 mV
15:13:30.140  INFO     RX        === Hexapod Mainboard ===
15:13:30.175  INFO     RX        PCA9685 Right: OK
15:13:30.175  INFO     RX        PCA9685 Left:  OK
15:13:30.204  INFO     RX        LSM6DSO IMU:   OK
15:13:30.357  INFO     RX        VL53L1X ToF:   OK
15:13:30.387  INFO     RX        Locomotion:    INIT (UN_ARMED, printf mode)
15:13:30.396  INFO     RX        Press L1 to arm, R1 to disarm at any time.
15:13:30.396  INFO     RX        Ready.
15:13:30.747  DEBUG    TX /CONTROLL/0,0,0,0,0,0,0,0,0
15:13:32.361  DEBUG    TX /CONTROLL/0,0,0,0,0,0,0,0,0
15:13:33.977  DEBUG    TX /CONTROLL/0,12,0,36,0,0,0,0,0
15:13:35.583  DEBUG    TX /CONTROLL/0,0,0,0,0,0,0,0,0
15:13:36.484  INFO     RX        SERVO FR.[C: 90 F:106 T:/BATTERY/VDDA/12863 mV
15:13:36.484  INFO     RX        === Hexapod Mainboard ===
15:13:36.502  INFO     RX        PCA9685 Right: OK
15:13:36.529  INFO     RX        PCA9685 Left:  OK
15:13:36.564  INFO     RX        LSM6DSO IMU:   OK
15:13:36.713  INFO     RX        VL53L1X ToF:   OK
15:13:36.741  INFO     RX        Locomotion:    INIT (UN_ARMED, printf mode)
15:13:36.741  INFO     RX        Press L1 to arm, R1 to disarm at any time.
15:13:36.741  INFO     RX        Ready.
15:13:37.200  DEBUG    TX /CONTROLL/0,0,0,0,0,0,0,0,0
15:13:38.811  DEBUG    TX /CONTROLL/0,0,0,0,0,0,0,0,0
15:13:40.423  DEBUG    TX /CONTROLL/0,0,0,0,0,0,0,0,0
15:13:42.029  DEBUG    TX /CONTROLL/0,0,0,0,0,0,0,0,0
15:13:43.356  INFO     RX        SERVO FR.[C: 90 F:106 T:107] MR.[C: 90 F:106 T:107] BR.[C: 90 F:106 T:10/BATTERY/VDDA/12857 mV
15:13:43.357  INFO     RX        === Hexapod Mainboard ===
15:13:43.357  INFO     RX        PCA9685 Right: OK
15:13:43.388  INFO     RX        PCA9685 Left:  OK
15:13:43.420  INFO     RX        LSM6DSO IMU:   OK
15:13:43.561  INFO     RX        VL53L1X ToF:   OK
15:13:43.591  INFO     RX        Locomotion:    INIT (UN_ARMED, printf mode)
15:13:43.614  INFO     RX        Press L1 to arm, R1 to disarm at any time.
15:13:43.614  INFO     RX        Ready.
15:13:43.643  DEBUG    TX /CONTROLL/0,0,0,0,0,0,0,0,0
15:13:45.253  DEBUG    TX /CONTROLL/0,0,0,0,0,0,0,0,0
15:13:46.861  DEBUG    TX /CONTROLL/0,0,0,0,0,0,0,0,0
15:13:48.470  DEBUG    TX /CONTROLL/0,0,0,0,0,0,0,0,0
15:13:50.078  DEBUG    TX /CONTROLL/0,0,66,-96,0,0,0,0,0
15:13:51.684  DEBUG    TX /CONTROLL/0,0,0,0,0,0,0,0,0
15:13:53.292  DEBUG    TX /CONTROLL/0,0,36,99,0,0,0,0,0
15:13:54.903  DEBUG    TX /CONTROLL/0,0,0,0,0,0,0,0,0
15:13:56.509  DEBUG    TX /CONTROLL/0,0,0,0,0,0,0,0,0
15:13:58.116  DEBUG    TX /CONTROLL/0,0,0,0,0,0,0,0,0
15:13:58.215  INFO     RX        SERVO FR.[C: 90 F:106 T:107] MR.[C: 90 F:106 T:107] BR.[C: 90 F:106 T:10/BATTERY/VDDA/12851 mV
15:13:58.215  INFO     RX        === Hexapod Mainboard ===
15:13:58.249  INFO     RX        PCA9685 Right: OK
15:13:58.249  INFO     RX        PCA9685 Left:  OK
15:13:58.279  INFO     RX        LSM6DSO IMU:   OK
15:13:58.428  INFO     RX        VL53L1X ToF:   OK
15:13:58.458  INFO     RX        Locomotion:    INIT (UN_ARMED, printf mode)
15:13:58.473  INFO     RX        Press L1 to arm, R1 to disarm at any time.
15:13:58.473  INFO     RX        Ready.
15:13:59.723  DEBUG    TX /CONTROLL/0,0,0,0,0,0,0,0,0
15:14:01.336  DEBUG    TX /CONTROLL/0,0,0,-23,0,0,0,0,0
15:14:02.942  DEBUG    TX /CONTROLL/0,0,0,0,0,0,0,0,0
15:14:03.760  INFO     RX        SERVO FR.[C: 90 F:106 T:107] MR.[C: 90 F:106 T:107] BR.[C: 90 F:106 T:10/BATTERY/VDDA/12853 mV
15:14:03.760  INFO     RX        === Hexapod Mainboard ===
15:14:03.760  INFO     RX        PCA9685 Right: OK
15:14:03.760  INFO     RX        PCA9685 Left:  OK
15:14:03.770  INFO     RX        LSM6DSO IMU:   OK
15:14:03.942  INFO     RX        VL53L1X ToF:   OK
15:14:03.978  INFO     RX        Locomotion:    INIT (UN_ARMED, printf mode)
15:14:03.978  INFO     RX        Press L1 to arm, R1 to disarm at any time.
15:14:03.978  INFO     RX        Ready.
15:14:04.549  DEBUG    TX /CONTROLL/0,0,0,0,0,0,0,0,0
15:14:04.892  INFO     RX        /BATTERY/VDDA/12859 mV
15:14:04.892  INFO     RX        === Hexapod Mainboard ===
15:14:04.910  INFO     RX        PCA9685 Right: OK
15:14:04.937  INFO     RX        PCA9685 Left:  OK
15:14:04.972  INFO     RX        LSM6DSO IMU:   OK
15:14:05.119  INFO     RX        VL53L1X ToF:   OK
15:14:05.161  INFO     RX        Locomotion:    INIT (UN_ARMED, printf mode)
15:14:05.161  INFO     RX        Press L1 to arm, R1 to disarm at any time.
15:14:05.161  INFO     RX        Ready.
15:14:06.160  DEBUG    TX /CONTROLL/0,0,0,0,0,0,0,0,0
15:14:07.769  DEBUG    TX /CONTROLL/0,0,0,0,0,0,0,0,0
15:14:09.372  DEBUG    TX /CONTROLL/0,0,0,0,0,0,0,0,0
15:14:10.976  DEBUG    TX /CONTROLL/0,0,0,0,0,0,0,0,0
15:14:11.935  INFO     RX        SERVO FR.[C: 90 F:106 T:107] MR.[C: 90 F:106 T:107] BR.[C: 90 F:106 T:10/BATTERY/VDDA/12855 mV
15:14:11.946  INFO     RX        === Hexapod Mainboard ===
15:14:11.978  INFO     RX        PCA9685 Right: OK
15:14:11.978  INFO     RX        PCA9685 Left:  OK
15:14:12.010  INFO     RX        LSM6DSO IMU:   OK
15:14:12.163  INFO     RX        VL53L1X ToF:   OK
15:14:12.193  INFO     RX        Locomotion:    INIT (UN_ARMED, printf mode)
15:14:12.203  INFO     RX        Press L1 to arm, R1 to disarm at any time.
15:14:12.203  INFO     RX        Ready.
15:14:12.584  DEBUG    TX /CONTROLL/0,0,0,0,0,0,0,0,0
15:14:14.193  DEBUG    TX /CONTROLL/0,0,0,0,0,0,0,0,0
15:14:15.806  DEBUG    TX /CONTROLL/0,0,0,0,0,0,0,0,32
15:14:17.415  DEBUG    TX /CONTROLL/0,0,0,0,0,0,0,0,0
15:14:18.201  INFO     RX        SERVO FR.[C: 90 F:106 T:/BATTERY/VDDA/12867 mV
15:14:18.220  INFO     RX        === Hexapod Mainboard ===
15:14:18.220  INFO     RX        PCA9685 Right: OK
15:14:18.255  INFO     RX        PCA9685 Left:  OK
15:14:18.287  INFO     RX        LSM6DSO IMU:   OK
15:14:18.438  INFO     RX        VL53L1X ToF:   OK
15:14:18.463  INFO     RX        Locomotion:    INIT (UN_ARMED, printf mode)
15:14:18.463  INFO     RX        Press L1 to arm, R1 to disarm at any time.
15:14:18.463  INFO     RX        Ready.
15:14:19.020  DEBUG    TX /CONTROLL/0,0,0,0,0,0,0,0,0
15:14:20.626  DEBUG    TX /CONTROLL/0,0,0,0,0,0,0,0,32
15:14:22.231  DEBUG    TX /CONTROLL/0,0,0,0,0,0,0,0,0
15:14:23.839  DEBUG    TX /CONTROLL/0,0,0,0,0,0,0,0,0
15:14:25.443  DEBUG    TX /CONTROLL/0,0,0,0,0,0,0,0,32
15:14:27.045  DEBUG    TX /CONTROLL/0,0,0,0,0,0,0,0,0
15:14:28.652  DEBUG    TX /CONTROLL/0,0,0,0,0,0,0,0,0
15:14:29.355  INFO     RX        SERVO FR.[C: 90 F:106 T:107] MR.[C: 90 F:106 T:107] BR.[C: 90 F:106 T:10/BATTERY/VDDA/12857 mV
15:14:29.355  INFO     RX        === Hexapod Mainboard ===
15:14:29.373  INFO     RX        PCA9685 Right: OK
15:14:29.393  INFO     RX        PCA9685 Left:  OK
15:14:29.427  INFO     RX        LSM6DSO IMU:   OK
15:14:29.581  INFO     RX        VL53L1X ToF:   OK
15:14:29.618  INFO     RX        Locomotion:    INIT (UN_ARMED, printf mode)
15:14:29.618  INFO     RX        Press L1 to arm, R1 to disarm at any time.
15:14:29.618  INFO     RX        Ready.
15:14:30.259  DEBUG    TX /CONTROLL/0,0,0,0,0,0,0,0,0
15:14:31.867  DEBUG    TX /CONTROLL/0,0,0,0,0,0,0,0,0
15:14:32.961  INFO     RX        SERVO FR.[C: 90 F:106 T:/BATTERY/VDDA/12855 mV
15:14:32.961  INFO     RX        === Hexapod Mainboard ===
15:14:32.992  INFO     RX        PCA9685 Right: OK
15:14:32.992  INFO     RX        PCA9685 Left:  OK
15:14:33.027  INFO     RX        LSM6DSO IMU:   OK
15:14:33.178  INFO     RX        VL53L1X ToF:   OK
15:14:33.218  INFO     RX        Locomotion:    INIT (UN_ARMED, printf mode)
15:14:33.218  INFO     RX        Press L1 to arm, R1 to disarm at any time.
15:14:33.218  INFO     RX        Ready.
15:14:33.472  DEBUG    TX /CONTROLL/0,0,0,0,0,0,0,0,0
15:14:35.082  DEBUG    TX /CONTROLL/0,0,0,0,0,0,0,0,0
15:14:36.688  DEBUG    TX /CONTROLL/0,0,0,0,0,0,0,0,0
15:14:37.493  INFO     RX        /BATTERY/VDDA/12857 mV
15:14:37.494  INFO     RX        === Hexapod Mainboard ===
15:14:37.494  INFO     RX        PCA9685 Right: OK
15:14:37.528  INFO     RX        PCA9685 Left:  OK
15:14:37.528  INFO     RX        LSM6DSO IMU:   OK
15:14:37.698  INFO     RX        VL53L1X ToF:   OK
15:14:37.729  INFO     RX        Locomotion:    INIT (UN_ARMED, printf mode)
15:14:37.729  INFO     RX        Press L1 to arm, R1 to disarm at any time.
15:14:37.729  INFO     RX        Ready.
15:14:38.297  DEBUG    TX /CONTROLL/0,0,0,0,0,0,0,0,0
15:14:39.296  INFO     RX        /ERR/LOKO/0x00000002
15:14:39.296  INFO     RX        /ERR/LOKO/0x00000002
15:14:39.331  INFO     RX        /ERR/LOKO/0x00000002
15:14:39.331  INFO     RX        /ERR/LOKO/0x00000002
15:14:39.331  INFO     RX        /ERR/LOKO/0x00000002
15:14:39.361  INFO     RX        /ERR/LOKO/0x00000002
15:14:39.361  INFO     RX        /ERR/LOKO/0x00000002
15:14:39.393  INFO     RX        /ERR/LOKO/0x00000002
15:14:39.393  INFO     RX        /ERR/LOKO/0x00000002
15:14:39.393  INFO     RX        /ERR/LOKO/0x00000002
15:14:39.427  INFO     RX        /ERR/LOKO/0x00000002
15:14:39.427  INFO     RX        /ERR/LOKO/0x00000002
15:14:39.427  INFO     RX        /ERR/LOKO/0x00000002
15:14:39.457  INFO     RX        /ERR/LOKO/0x00000002
15:14:39.457  INFO     RX        /ERR/LOKO/0x00000002
15:14:39.491  INFO     RX        /ERR/LOKO/0x00000002
15:14:39.491  INFO     RX        /ERR/LOKO/0x00000002
15:14:39.492  INFO     RX        /ERR/LOKO/0x00000002
15:14:39.522  INFO     RX        /ERR/LOKO/0x00000002
15:14:39.522  INFO     RX        /ERR/LOKO/0x00000002
15:14:39.522  INFO     RX        /ERR/LOKO/0x00000002
15:14:39.555  INFO     RX        /ERR/LOKO/0x00000002
15:14:39.555  INFO     RX        /ERR/LOKO/0x00000002
15:14:39.555  INFO     RX        /ERR/LOKO/0x00000002
15:14:39.590  INFO     RX        /ERR/LOKO/0x00000002
15:14:39.590  INFO     RX        /ERR/LOKO/0x00000002
15:14:39.590  INFO     RX        /ERR/LOKO/0x00000002
15:14:39.621  INFO     RX        /ERR/LOKO/0x00000002
15:14:39.621  INFO     RX        /ERR/LOKO/0x00000002
15:14:39.655  INFO     RX        /ERR/LOKO/0x00000002
15:14:39.905  DEBUG    TX /CONTROLL/0,0,0,0,0,0,0,0,0
15:14:40.716  INFO     RX        /ERR/LOKO/0x00000002
15:14:40.716  INFO     RX        /ERR/LOKO/0x00000002
15:14:40.744  INFO     RX        /ERR/LOKO/0x00000002
15:14:40.744  INFO     RX        /ERR/LOKO/0x00000002
15:14:40.744  INFO     RX        /ERR/LOKO/0x00000002
15:14:40.774  INFO     RX        /ERR/LOKO/0x00000002
15:14:40.774  INFO     RX        /ERR/LOKO/0x00000002
15:14:40.811  INFO     RX        /ERR/LOKO/0x00000002
15:14:40.811  INFO     RX        /ERR/LOKO/0x00000002
15:14:40.811  INFO     RX        /ERR/LOKO/0x00000002
15:14:40.840  INFO     RX        /ERR/LOKO/0x00000002
15:14:40.840  INFO     RX        /ERR/LOKO/0x00000002
15:14:40.840  INFO     RX        /ERR/LOKO/0x00000002
15:14:40.875  INFO     RX        /ERR/LOKO/0x00000002
15:14:40.876  INFO     RX        /ERR/LOKO/0x00000002
15:14:40.876  INFO     RX        /ERR/LOKO/0x00000002
15:14:40.904  INFO     RX        /ERR/LOKO/0x00000002
15:14:40.905  INFO     RX        /ERR/LOKO/0x00000002
15:14:40.938  INFO     RX        /ERR/LOKO/0x00000002
15:14:40.938  INFO     RX        /ERR/LOKO/0x00000002
15:14:40.939  INFO     RX        /ERR/LOKO/0x00000002
15:14:40.969  INFO     RX        /ERR/LOKO/0x00000002
15:14:40.969  INFO     RX        /ERR/LOKO/0x00000002
15:14:40.969  INFO     RX        /ERR/LOKO/0x00000002
15:14:41.000  INFO     RX        /ERR/LOKO/0x00000002
15:14:41.000  INFO     RX        /ERR/LOKO/0x00000002
15:14:41.035  INFO     RX        /ERR/LOKO/0x00000002
15:14:41.035  INFO     RX        /ERR/LOKO/0x00000002
15:14:41.035  INFO     RX        /ERR/LOKO/0x00000002
15:14:41.064  INFO     RX        /ERR/LOKO/0x00000002
15:14:41.064  INFO     RX        /ERR/LOKO/0x00000002
15:14:41.064  INFO     RX        /ERR/LOKO/0x00000002
15:14:41.099  INFO     RX        /ERR/LOKO/0x00000002
15:14:41.099  INFO     RX        /ERR/LOKO/0x00000002
15:14:41.099  INFO     RX        /ERR/LOKO/0x00000002
15:14:41.130  INFO     RX        /ERR/LOKO/0x00000002
15:14:41.130  INFO     RX        /ERR/LOKO/0x00000002
15:14:41.163  INFO     RX        /ERR/LOKO/0x00000002
15:14:41.163  INFO     RX        /ERR/LOKO/0x00000002
15:14:41.163  INFO     RX        /ERR/LOKO/0x00000002
15:14:41.193  INFO     RX        /ERR/LOKO/0x00000002
15:14:41.193  INFO     RX        /ERR/LOKO/0x00000002
15:14:41.193  INFO     RX        /ERR/LOKO/0x00000002
15:14:41.227  INFO     RX        /ERR/LOKO/0x00000002
15:14:41.227  INFO     RX        /ERR/LOKO/0x00000002
15:14:41.227  INFO     RX        /ERR/LOKO/0x00000002
15:14:41.256  INFO     RX        /ERR/LOKO/0x00000002
15:14:41.256  INFO     RX        /ERR/LOKO/0x00000002
15:14:41.288  INFO     RX        /ERR/LOKO/0x00000002
15:14:41.288  INFO     RX        /ERR/LOKO/0x00000002
15:14:41.288  INFO     RX        /ERR/LOKO/0x00000002
15:14:41.323  INFO     RX        /ERR/LOKO/0x00000002
15:14:41.323  INFO     RX        /ERR/LOKO/0x00000002
15:14:41.323  INFO     RX        /ERR/LOKO/0x00000002
15:14:41.354  INFO     RX        /ERR/LOKO/0x00000002
15:14:41.354  INFO     RX        /ERR/LOKO/0x00000002
15:14:41.388  INFO     RX        /ERR/LOKO/0x00000002
15:14:41.388  INFO     RX        /ERR/LOKO/0x00000002
15:14:41.388  INFO     RX        /ERR/LOKO/0x00000002
15:14:41.417  INFO     RX        /ERR/LOKO/0x00000002
15:14:41.417  INFO     RX        /ERR/LOKO/0x00000002
15:14:41.417  INFO     RX        /ERR/LOKO/0x00000002
15:14:41.450  INFO     RX        /ERR/LOKO/0x00000002
15:14:41.450  INFO     RX        /ERR/LOKO/0x00000002
15:14:41.450  INFO     RX        /ERR/LOKO/0x00000002
15:14:41.481  INFO     RX        /ERR/LOKO/0x00000002
15:14:41.481  INFO     RX        /ERR/LOKO/0x00000002
15:14:41.509  DEBUG    TX /CONTROLL/0,0,0,-12,0,0,0,0,0
15:14:41.515  INFO     RX        /ERR/LOKO/0x00000002
15:14:41.515  INFO     RX        /ERR/LOKO/0x00000002
15:14:41.515  INFO     RX        /ERR/LOKO/0x00000002
15:14:41.545  INFO     RX        /ERR/LOKO/0x00000002
15:14:41.545  INFO     RX        /ERR/LOKO/0x00000002
15:14:41.545  INFO     RX        /ERR/LOKO/0x00000002
15:14:41.577  INFO     RX        /ERR/LOKO/0x00000002
15:14:41.577  INFO     RX        /ERR/LOKO/0x00000002
15:14:41.613  INFO     RX        /ERR/LOKO/0x00000002
15:14:41.613  INFO     RX        /ERR/LOKO/0x00000002
15:14:41.613  INFO     RX        /ERR/LOKO/0x00000002
15:14:41.645  INFO     RX        /ERR/LOKO/0x00000002
15:14:41.645  INFO     RX        /ERR/LOKO/0x00000002
15:14:41.645  INFO     RX        /ERR/LOKO/0x00000002
15:14:41.679  INFO     RX        /ERR/LOKO/0x00000002
15:14:41.679  INFO     RX        /ERR/LOKO/0x00000002
15:14:41.679  INFO     RX        /ERR/LOKO/0x00000002
15:14:41.708  INFO     RX        /ERR/LOKO/0x00000002
15:14:41.708  INFO     RX        /ERR/LOKO/0x00000002
15:14:41.709  INFO     RX        /ERR/LOKO/0x00000002
15:14:41.744  INFO     RX        /ERR/LOKO/0x00000002
15:14:41.744  INFO     RX        /ERR/LOKO/0x00000002
15:14:41.744  INFO     RX        /ERR/LOKO/0x00000002
15:14:41.774  INFO     RX        /ERR/LOKO/0x00000002
15:14:41.774  INFO     RX        /ERR/LOKO/0x00000002
15:14:41.808  INFO     RX        /ERR/LOKO/0x00000002
15:14:41.808  INFO     RX        /ERR/LOKO/0x00000002
15:14:41.808  INFO     RX        /ERR/LOKO/0x00000002
15:14:41.841  INFO     RX        /ERR/LOKO/0x00000002
15:14:41.841  INFO     RX        /ERR/LOKO/0x00000002
15:14:41.841  INFO     RX        /ERR/LOKO/0x00000002
15:14:41.870  INFO     RX        /ERR/LOKO/0x00000002
15:14:41.870  INFO     RX        /ERR/LOKO/0x00000002
15:14:41.904  INFO     RX        /ERR/LOKO/0x00000002
15:14:41.904  INFO     RX        /ERR/LOKO/0x00000002
15:14:41.904  INFO     RX        /ERR/LOKO/0x00000002
15:14:41.937  INFO     RX        /ERR/LOKO/0x00000002
15:14:41.938  INFO     RX        /ERR/LOKO/0x00000002
15:14:41.938  INFO     RX        /ERR/LOKO/0x00000002
15:14:41.970  INFO     RX        /ERR/LOKO/0x00000002
15:14:41.971  INFO     RX        /ERR/LOKO/0x00000002
15:14:41.971  INFO     RX        /ERR/LOKO/0x00000002
15:14:42.007  INFO     RX        /ERR/LOKO/0x00000002
15:14:42.007  INFO     RX        /ERR/LOKO/0x00000002
15:14:42.007  INFO     RX        /ERR/LOKO/0x00000002
15:14:42.037  INFO     RX        /ERR/LOKO/0x00000002
15:14:42.038  INFO     RX        /ERR/LOKO/0x00000002
15:14:42.038  INFO     RX        /ERR/LOKO/0x00000002
15:14:42.064  INFO     RX        /ERR/LOKO/0x00000002
15:14:42.064  INFO     RX        /ERR/LOKO/0x00000002
15:14:42.101  INFO     RX        /ERR/LOKO/0x00000002
15:14:42.101  INFO     RX        /ERR/LOKO/0x00000002
15:14:42.101  INFO     RX        /ERR/LOKO/0x00000002
15:14:42.130  INFO     RX        /ERR/LOKO/0x00000002
15:14:42.130  INFO     RX        /ERR/LOKO/0x00000002
15:14:42.165  INFO     RX        /ERR/LOKO/0x00000002
15:14:42.165  INFO     RX        /ERR/LOKO/0x00000002
15:14:42.165  INFO     RX        /ERR/LOKO/0x00000002
15:14:42.193  INFO     RX        /ERR/LOKO/0x00000002
15:14:42.193  INFO     RX        /ERR/LOKO/0x00000002
15:14:42.193  INFO     RX        /ERR/LOKO/0x00000002
15:14:42.228  INFO     RX        /ERR/LOKO/0x00000002
15:14:42.228  INFO     RX        /ERR/LOKO/0x00000002
15:14:42.228  INFO     RX        /ERR/LOKO/0x00000002
15:14:42.257  INFO     RX        /ERR/LOKO/0x00000002
15:14:42.257  INFO     RX        /ERR/LOKO/0x00000002
15:14:42.290  INFO     RX        /ERR/LOKO/0x00000002
15:14:42.290  INFO     RX        /ERR/LOKO/0x00000002
15:14:42.290  INFO     RX        /ERR/LOKO/0x00000002
15:14:42.325  INFO     RX        /ERR/LOKO/0x00000002
15:14:42.325  INFO     RX        /ERR/LOKO/0x00000002
15:14:42.325  INFO     RX        /ERR/LOKO/0x00000002
15:14:42.353  INFO     RX        /ERR/LOKO/0x00000002
15:14:42.353  INFO     RX        /ERR/LOKO/0x00000002
15:14:42.386  INFO     RX        /ERR/LOKO/0x00000002
15:14:42.386  INFO     RX        /ERR/LOKO/0x00000002
15:14:42.386  INFO     RX        /ERR/LOKO/0x00000002
15:14:42.417  INFO     RX        /ERR/LOKO/0x00000002
15:14:42.417  INFO     RX        /ERR/LOKO/0x00000002
15:14:42.417  INFO     RX        /ERR/LOKO/0x00000002
15:14:42.454  INFO     RX        /ERR/LOKO/0x00000002
15:14:42.454  INFO     RX        /ERR/LOKO/0x00000002
15:14:42.454  INFO     RX        /ERR/LOKO/0x00000002
15:14:42.488  INFO     RX        /ERR/LOKO/0x00000002
15:14:42.488  INFO     RX        /ERR/LOKO/0x00000002
15:14:42.488  INFO     RX        /ERR/LOKO/0x00000002
15:14:42.517  INFO     RX        /ERR/LOKO/0x00000002
15:14:42.517  INFO     RX        /ERR/LOKO/0x00000002
15:14:42.549  INFO     RX        /ERR/LOKO/0x00000002
15:14:42.549  INFO     RX        /ERR/LOKO/0x00000002
15:14:42.549  INFO     RX        /ERR/LOKO/0x00000002
15:14:42.583  INFO     RX        /ERR/LOKO/0x00000002
15:14:42.584  INFO     RX        /ERR/LOKO/0x00000002
15:14:42.584  INFO     RX        /ERR/LOKO/0x00000002
15:14:42.615  INFO     RX        /ERR/LOKO/0x00000002
15:14:42.615  INFO     RX        /ERR/LOKO/0x00000002
15:14:42.649  INFO     RX        /ERR/LOKO/0x00000002
15:14:42.649  INFO     RX        /ERR/LOKO/0x00000002
15:14:42.649  INFO     RX        /ERR/LOKO/0x00000002
15:14:42.677  INFO     RX        /ERR/LOKO/0x00000002
15:14:42.677  INFO     RX        /ERR/LOKO/0x00000002
15:14:42.677  INFO     RX        /ERR/LOKO/0x00000002
15:14:42.710  INFO     RX        /ERR/LOKO/0x00000002
15:14:42.710  INFO     RX        /ERR/LOKO/0x00000002
15:14:42.742  INFO     RX        /ERR/LOKO/0x00000002
15:14:42.742  INFO     RX        /ERR/LOKO/0x00000002
15:14:42.742  INFO     RX        /ERR/LOKO/0x00000002
15:14:42.850  INFO     RX        /ERR/LOKO/0x00000002
15:14:42.850  INFO     RX        /ERR/LOKO/0x00000002
15:14:42.850  INFO     RX        /ERR/LOKO/0x00000002
15:14:42.850  INFO     RX        /ERR/LOKO/0x00000002
15:14:42.850  INFO     RX        /ERR/LOKO/0x00000002
15:14:42.850  INFO     RX        /ERR/LOKO/0x00000002
15:14:42.850  INFO     RX        /ERR/LOKO/0x00000002
15:14:42.850  INFO     RX        /ERR/LOKO/0x00000002
15:14:42.853  INFO     RX        /ERR/LOKO/0x00000002
15:14:42.855  INFO     RX        /ERR/LOKO/0x00000002
15:14:42.871  INFO     RX        /ERR/LOKO/0x00000002
15:14:42.907  INFO     RX        /ERR/LOKO/0x00000002
15:14:42.907  INFO     RX        /ERR/LOKO/0x00000002
15:14:42.907  INFO     RX        /ERR/LOKO/0x00000002
15:14:42.936  INFO     RX        /ERR/LOKO/0x00000002
15:14:42.937  INFO     RX        /ERR/LOKO/0x00000002
15:14:42.937  INFO     RX        /ERR/LOKO/0x00000002
15:14:42.971  INFO     RX        /ERR/LOKO/0x00000002
15:14:42.971  INFO     RX        /ERR/LOKO/0x00000002
15:14:42.971  INFO     RX        /ERR/LOKO/0x00000002
15:14:43.001  INFO     RX        /ERR/LOKO/0x00000002
15:14:43.001  INFO     RX        /ERR/LOKO/0x00000002
15:14:43.036  INFO     RX        /ERR/LOKO/0x00000002
15:14:43.036  INFO     RX        /ERR/LOKO/0x00000002
15:14:43.036  INFO     RX        /ERR/LOKO/0x00000002
15:14:43.065  INFO     RX        /ERR/LOKO/0x00000002
15:14:43.065  INFO     RX        /ERR/LOKO/0x00000002
15:14:43.065  INFO     RX        /ERR/LOKO/0x00000002
15:14:43.102  INFO     RX        /ERR/LOKO/0x00000002
15:14:43.102  INFO     RX        /ERR/LOKO/0x00000002
15:14:43.102  INFO     RX        /ERR/LOKO/0x00000002
15:14:43.127  DEBUG    TX /CONTROLL/0,0,0,-12,0,0,0,0,0
15:14:43.130  INFO     RX        /ERR/LOKO/0x00000002
15:14:43.130  INFO     RX        /ERR/LOKO/0x00000002
15:14:43.163  INFO     RX        /ERR/LOKO/0x00000002
15:14:43.163  INFO     RX        /ERR/LOKO/0x00000002
15:14:43.163  INFO     RX        /ERR/LOKO/0x00000002
15:14:43.200  INFO     RX        /ERR/LOKO/0x00000002
15:14:43.200  INFO     RX        /ERR/LOKO/0x00000002
15:14:43.200  INFO     RX        /ERR/LOKO/0x00000002
15:14:43.226  INFO     RX        /ERR/LOKO/0x00000002
15:14:43.226  INFO     RX        /ERR/LOKO/0x00000002
15:14:43.262  INFO     RX        /ERR/LOKO/0x00000002
15:14:43.262  INFO     RX        /ERR/LOKO/0x00000002
15:14:43.262  INFO     RX        /ERR/LOKO/0x00000002
15:14:43.294  INFO     RX        /ERR/LOKO/0x00000002
15:14:43.294  INFO     RX        /ERR/LOKO/0x00000002
15:14:43.294  INFO     RX        /ERR/LOKO/0x00000002
15:14:43.324  INFO     RX        /ERR/LOKO/0x00000002
15:14:43.324  INFO     RX        /ERR/LOKO/0x00000002
15:14:43.324  INFO     RX        /ERR/LOKO/0x00000002
15:14:43.360  INFO     RX        /ERR/LOKO/0x00000002
15:14:43.360  INFO     RX        /ERR/LOKO/0x00000002
15:14:43.360  INFO     RX        /ERR/LOKO/0x00000002
15:14:43.389  INFO     RX        /ERR/LOKO/0x00000002
15:14:43.389  INFO     RX        /ERR/LOKO/0x00000002
15:14:43.425  INFO     RX        /ERR/LOKO/0x00000002
15:14:43.425  INFO     RX        /ERR/LOKO/0x00000002
15:14:43.425  INFO     RX        /ERR/LOKO/0x00000002
15:14:43.455  INFO     RX        /ERR/LOKO/0x00000002
15:14:43.455  INFO     RX        /ERR/LOKO/0x00000002
15:14:43.455  INFO     RX        /ERR/LOKO/0x00000002
15:14:43.489  INFO     RX        /ERR/LOKO/0x00000002
15:14:43.489  INFO     RX        /ERR/LOKO/0x00000002
15:14:43.489  INFO     RX        /ERR/LOKO/0x00000002
15:14:43.521  INFO     RX        /ERR/LOKO/0x00000002
15:14:43.521  INFO     RX        /ERR/LOKO/0x00000002
15:14:43.554  INFO     RX        /ERR/LOKO/0x00000002
15:14:43.554  INFO     RX        /ERR/LOKO/0x00000002
15:14:43.554  INFO     RX        /ERR/LOKO/0x00000002
15:14:43.583  INFO     RX        /ERR/LOKO/0x00000002
15:14:43.583  INFO     RX        /ERR/LOKO/0x00000002
15:14:43.583  INFO     RX        /ERR/LOKO/0x00000002
15:14:43.615  INFO     RX        /ERR/LOKO/0x00000002
15:14:43.615  INFO     RX        /ERR/LOKO/0x00000002
15:14:43.650  INFO     RX        /ERR/LOKO/0x00000002
15:14:43.651  INFO     RX        /ERR/LOKO/0x00000002
15:14:43.651  INFO     RX        /ERR/LOKO/0x00000002
15:14:43.680  INFO     RX        /ERR/LOKO/0x00000002
15:14:43.680  INFO     RX        /ERR/LOKO/0x00000002
15:14:43.680  INFO     RX        /ERR/LOKO/0x00000002
15:14:43.715  INFO     RX        /ERR/LOKO/0x00000002
15:14:43.715  INFO     RX        /ERR/LOKO/0x00000002
15:14:43.715  INFO     RX        /ERR/LOKO/0x00000002
15:14:43.744  INFO     RX        /ERR/LOKO/0x00000002
15:14:43.744  INFO     RX        /ERR/LOKO/0x00000002
15:14:43.780  INFO     RX        /ERR/LOKO/0x00000002
15:14:43.780  INFO     RX        /ERR/LOKO/0x00000002
15:14:43.780  INFO     RX        /ERR/LOKO/0x00000002
15:14:43.814  INFO     RX        /ERR/LOKO/0x00000002
15:14:43.814  INFO     RX        /ERR/LOKO/0x00000002
15:14:43.814  INFO     RX        /ERR/LOKO/0x00000002
15:14:43.846  INFO     RX        /ERR/LOKO/0x00000002
15:14:43.846  INFO     RX        /ERR/LOKO/0x00000002
15:14:43.846  INFO     RX        /ERR/LOKO/0x00000002
15:14:43.879  INFO     RX        /ERR/LOKO/0x00000002
15:14:43.879  INFO     RX        /ERR/LOKO/0x00000002
15:14:43.879  INFO     RX        /ERR/LOKO/0x00000002
15:14:43.906  INFO     RX        /ERR/LOKO/0x00000002
15:14:43.906  INFO     RX        /ERR/LOKO/0x00000002
15:14:43.942  INFO     RX        /ERR/LOKO/0x00000002
15:14:43.942  INFO     RX        /ERR/LOKO/0x00000002
15:14:43.942  INFO     RX        /ERR/LOKO/0x00000002
15:14:43.972  INFO     RX        /ERR/LOKO/0x00000002
15:14:43.973  INFO     RX        /ERR/LOKO/0x00000002
15:14:43.973  INFO     RX        /ERR/LOKO/0x00000002
15:14:44.008  INFO     RX        /ERR/LOKO/0x00000002
15:14:44.009  INFO     RX        /ERR/LOKO/0x00000002
15:14:44.009  INFO     RX        /ERR/LOKO/0x00000002
15:14:44.037  INFO     RX        /ERR/LOKO/0x00000002
15:14:44.037  INFO     RX        /ERR/LOKO/0x00000002
15:14:44.072  INFO     RX        /ERR/LOKO/0x00000002
15:14:44.072  INFO     RX        /ERR/LOKO/0x00000002
15:14:44.072  INFO     RX        /ERR/LOKO/0x00000002
15:14:44.102  INFO     RX        /ERR/LOKO/0x00000002
15:14:44.102  INFO     RX        /ERR/LOKO/0x00000002
15:14:44.138  INFO     RX        /ERR/LOKO/0x00000002
15:14:44.138  INFO     RX        /ERR/LOKO/0x00000002
15:14:44.138  INFO     RX        /ERR/LOKO/0x00000002
15:14:44.139  INFO     RX        /ERR/LOKO/0x00000002
15:14:44.165  INFO     RX        /ERR/LOKO/0x00000002
15:14:44.166  INFO     RX        /ERR/LOKO/0x00000002
15:14:44.202  INFO     RX        /ERR/LOKO/0x00000002
15:14:44.202  INFO     RX        /ERR/LOKO/0x00000002
15:14:44.202  INFO     RX        /ERR/LOKO/0x00000002
15:14:44.234  INFO     RX        /ERR/LOKO/0x00000002
15:14:44.234  INFO     RX        /ERR/LOKO/0x00000002
15:14:44.234  INFO     RX        /ERR/LOKO/0x00000002
15:14:44.266  INFO     RX        /ERR/LOKO/0x00000002
15:14:44.266  INFO     RX        /ERR/LOKO/0x00000002
15:14:44.297  INFO     RX        /ERR/LOKO/0x00000002
15:14:44.297  INFO     RX        /ERR/LOKO/0x00000002
15:14:44.297  INFO     RX        /ERR/LOKO/0x00000002
15:14:44.331  INFO     RX        /ERR/LOKO/0x00000002
15:14:44.331  INFO     RX        /ERR/LOKO/0x00000002
15:14:44.331  INFO     RX        /ERR/LOKO/0x00000002
15:14:44.361  INFO     RX        /ERR/LOKO/0x00000002
15:14:44.361  INFO     RX        /ERR/LOKO/0x00000002
15:14:44.393  INFO     RX        /ERR/LOKO/0x00000002
15:14:44.393  INFO     RX        /ERR/LOKO/0x00000002
15:14:44.393  INFO     RX        /ERR/LOKO/0x00000002
15:14:44.431  INFO     RX        /ERR/LOKO/0x00000002
15:14:44.431  INFO     RX        /ERR/LOKO/0x00000002
15:14:44.431  INFO     RX        /ERR/LOKO/0x00000002
15:14:44.458  INFO     RX        /ERR/LOKO/0x00000002
15:14:44.459  INFO     RX        /ERR/LOKO/0x00000002
15:14:44.459  INFO     RX        /ERR/LOKO/0x00000002
15:14:44.493  INFO     RX        /ERR/LOKO/0x00000002
15:14:44.494  INFO     RX        /ERR/LOKO/0x00000002
15:14:44.494  INFO     RX        /ERR/LOKO/0x00000002
15:14:44.526  INFO     RX        /ERR/LOKO/0x00000002
15:14:44.527  INFO     RX        /ERR/LOKO/0x00000002
15:14:44.556  INFO     RX        /ERR/LOKO/0x00000002
15:14:44.556  INFO     RX        /ERR/LOKO/0x00000002
15:14:44.556  INFO     RX        /ERR/LOKO/0x00000002
15:14:44.589  INFO     RX        /ERR/LOKO/0x00000002
15:14:44.589  INFO     RX        /ERR/LOKO/0x00000002
15:14:44.589  INFO     RX        /ERR/LOKO/0x00000002
15:14:44.622  INFO     RX        /ERR/LOKO/0x00000002
15:14:44.622  INFO     RX        /ERR/LOKO/0x00000002
15:14:44.622  INFO     RX        /ERR/LOKO/0x00000002
15:14:44.657  INFO     RX        /ERR/LOKO/0x00000002
15:14:44.657  INFO     RX        /ERR/LOKO/0x00000002
15:14:44.657  INFO     RX        /ERR/LOKO/0x00000002
15:14:44.690  INFO     RX        /ERR/LOKO/0x00000002
15:14:44.690  INFO     RX        /ERR/LOKO/0x00000002
15:14:44.720  INFO     RX        /ERR/LOKO/0x00000002
15:14:44.720  INFO     RX        /ERR/LOKO/0x00000002
15:14:44.720  INFO     RX        /ERR/LOKO/0x00000002
15:14:44.748  DEBUG    TX /CONTROLL/0,0,0,-12,0,0,0,0,0
15:14:44.755  INFO     RX        /ERR/LOKO/0x00000002
15:14:44.756  INFO     RX        /ERR/LOKO/0x00000002
15:14:44.756  INFO     RX        /ERR/LOKO/0x00000002
15:14:44.784  INFO     RX        /ERR/LOKO/0x00000002
15:14:44.784  INFO     RX        /ERR/LOKO/0x00000002
15:14:44.819  INFO     RX        /ERR/LOKO/0x00000002
15:14:44.819  INFO     RX        /ERR/LOKO/0x00000002
15:14:44.819  INFO     RX        /ERR/LOKO/0x00000002
15:14:44.849  INFO     RX        /ERR/LOKO/0x00000002
15:14:44.849  INFO     RX        /ERR/LOKO/0x00000002
15:14:44.849  INFO     RX        /ERR/LOKO/0x00000002
15:14:44.881  INFO     RX        /ERR/LOKO/0x00000002
15:14:46.362  DEBUG    TX /CONTROLL/0,0,0,0,0,0,0,0,0
15:14:47.977  DEBUG    TX /CONTROLL/0,0,0,0,0,0,0,0,0
15:14:48.108  INFO     RX        /ERR/LOKO/0x00000002
15:14:48.145  INFO     RX        /ERR/LOKO/0x00000002
15:14:48.145  INFO     RX        /ERR/LOKO/0x00000002
15:14:48.145  INFO     RX        /ERR/LOKO/0x00000002
15:14:48.173  INFO     RX        /ERR/LOKO/0x00000002
15:14:48.173  INFO     RX        /ERR/LOKO/0x00000002
15:14:48.173  INFO     RX        /ERR/LOKO/0x00000002
15:14:48.206  INFO     RX        /ERR/LOKO/0x00000002
15:14:48.206  INFO     RX        /ERR/LOKO/0x00000002
15:14:48.206  INFO     RX        /ERR/LOKO/0x00000002
15:14:48.237  INFO     RX        /ERR/LOKO/0x00000002
15:14:48.237  INFO     RX        /ERR/LOKO/0x00000002
15:14:48.273  INFO     RX        /ERR/LOKO/0x00000002
15:14:48.273  INFO     RX        /ERR/LOKO/0x00000002
15:14:48.273  INFO     RX        /ERR/LOKO/0x00000002
15:14:48.301  INFO     RX        /ERR/LOKO/0x00000002
15:14:48.302  INFO     RX        /ERR/LOKO/0x00000002
15:14:48.302  INFO     RX        /ERR/LOKO/0x00000002
15:14:48.335  INFO     RX        /ERR/LOKO/0x00000002
15:14:48.336  INFO     RX        /ERR/LOKO/0x00000002
15:14:48.336  INFO     RX        /ERR/LOKO/0x00000002
15:14:48.368  INFO     RX        /ERR/LOKO/0x00000002
15:14:48.368  INFO     RX        /ERR/LOKO/0x00000002
15:14:48.399  INFO     RX        /ERR/LOKO/0x00000002
15:14:48.399  INFO     RX        /ERR/LOKO/0x00000002
15:14:48.399  INFO     RX        /ERR/LOKO/0x00000002
15:14:48.431  INFO     RX        /ERR/LOKO/0x00000002
15:14:48.431  INFO     RX        /ERR/LOKO/0x00000002
15:14:48.431  INFO     RX        /ERR/LOKO/0x00000002
15:14:48.463  INFO     RX        /ERR/LOKO/0x00000002
15:14:48.463  INFO     RX        /ERR/LOKO/0x00000002
15:14:48.463  INFO     RX        /ERR/LOKO/0x00000002
15:14:48.499  INFO     RX        /ERR/LOKO/0x00000002
15:14:48.499  INFO     RX        /ERR/LOKO/0x00000002
15:14:48.499  INFO     RX        /ERR/LOKO/0x00000002
15:14:48.528  INFO     RX        /ERR/LOKO/0x00000002
15:14:48.528  INFO     RX        /ERR/LOKO/0x00000002
15:14:48.564  INFO     RX        /ERR/LOKO/0x00000002
15:14:48.564  INFO     RX        /ERR/LOKO/0x00000002
15:14:48.564  INFO     RX        /ERR/LOKO/0x00000002
15:14:48.593  INFO     RX        /ERR/LOKO/0x00000002
15:14:48.593  INFO     RX        /ERR/LOKO/0x00000002
15:14:48.593  INFO     RX        /ERR/LOKO/0x00000002
15:14:48.628  INFO     RX        /ERR/LOKO/0x00000002
15:14:48.628  INFO     RX        /ERR/LOKO/0x00000002
15:14:48.628  INFO     RX        /ERR/LOKO/0x00000002
15:14:48.657  INFO     RX        /ERR/LOKO/0x00000002
15:14:48.657  INFO     RX        /ERR/LOKO/0x00000002
15:14:48.692  INFO     RX        /ERR/LOKO/0x00000002
15:14:48.692  INFO     RX        /ERR/LOKO/0x00000002
15:14:48.692  INFO     RX        /ERR/LOKO/0x00000002
15:14:48.722  INFO     RX        /ERR/LOKO/0x00000002
15:14:48.722  INFO     RX        /ERR/LOKO/0x00000002
15:14:48.722  INFO     RX        /ERR/LOKO/0x00000002
15:14:48.756  INFO     RX        /ERR/LOKO/0x00000002
15:14:48.756  INFO     RX        /ERR/LOKO/0x00000002
15:14:48.785  INFO     RX        /ERR/LOKO/0x00000002
15:14:48.785  INFO     RX        /ERR/LOKO/0x00000002
15:14:48.785  INFO     RX        /ERR/LOKO/0x00000002
15:14:48.817  INFO     RX        /ERR/LOKO/0x00000002
15:14:48.817  INFO     RX        /ERR/LOKO/0x00000002
15:14:48.817  INFO     RX        /ERR/LOKO/0x00000002
15:14:48.853  INFO     RX        /ERR/LOKO/0x00000002
15:14:48.853  INFO     RX        /ERR/LOKO/0x00000002
15:14:48.853  INFO     RX        /ERR/LOKO/0x00000002
15:14:48.882  INFO     RX        /ERR/LOKO/0x00000002
15:14:48.883  INFO     RX        /ERR/LOKO/0x00000002
15:14:48.919  INFO     RX        /ERR/LOKO/0x00000002
15:14:48.920  INFO     RX        /ERR/LOKO/0x00000002
15:14:48.920  INFO     RX        /ERR/LOKO/0x00000002
15:14:48.947  INFO     RX        /ERR/LOKO/0x00000002
15:14:48.947  INFO     RX        /ERR/LOKO/0x00000002
15:14:48.947  INFO     RX        /ERR/LOKO/0x00000002
15:14:48.979  INFO     RX        /ERR/LOKO/0x00000002
15:14:48.979  INFO     RX        /ERR/LOKO/0x00000002
15:14:48.980  INFO     RX        /ERR/LOKO/0x00000002
15:14:49.014  INFO     RX        /ERR/LOKO/0x00000002
15:14:49.014  INFO     RX        /ERR/LOKO/0x00000002
15:14:49.015  INFO     RX        /ERR/LOKO/0x00000002
15:14:49.044  INFO     RX        /ERR/LOKO/0x00000002
15:14:49.044  INFO     RX        /ERR/LOKO/0x00000002
15:14:49.078  INFO     RX        /ERR/LOKO/0x00000002
15:14:49.078  INFO     RX        /ERR/LOKO/0x00000002
15:14:49.078  INFO     RX        /ERR/LOKO/0x00000002
15:14:49.110  INFO     RX        /ERR/LOKO/0x00000002
15:14:49.110  INFO     RX        /ERR/LOKO/0x00000002
15:14:49.110  INFO     RX        /ERR/LOKO/0x00000002
15:14:49.146  INFO     RX        /ERR/LOKO/0x00000002
15:14:49.146  INFO     RX        /ERR/LOKO/0x00000002
15:14:49.146  INFO     RX        /ERR/LOKO/0x00000002
15:14:49.178  INFO     RX        /ERR/LOKO/0x00000002
15:14:49.178  INFO     RX        /ERR/LOKO/0x00000002
15:14:49.210  INFO     RX        /ERR/LOKO/0x00000002
15:14:49.210  INFO     RX        /ERR/LOKO/0x00000002
15:14:49.210  INFO     RX        /ERR/LOKO/0x00000002
15:14:49.239  INFO     RX        /ERR/LOKO/0x00000002
15:14:49.239  INFO     RX        /ERR/LOKO/0x00000002
15:14:49.239  INFO     RX        /ERR/LOKO/0x00000002
15:14:49.273  INFO     RX        /ERR/LOKO/0x00000002
15:14:49.274  INFO     RX        /ERR/LOKO/0x00000002
15:14:49.274  INFO     RX        /ERR/LOKO/0x00000002
15:14:49.309  INFO     RX        /ERR/LOKO/0x00000002
15:14:49.309  INFO     RX        /ERR/LOKO/0x00000002
15:14:49.336  INFO     RX        /ERR/LOKO/0x00000002
15:14:49.337  INFO     RX        /ERR/LOKO/0x00000002
15:14:49.337  INFO     RX        /ERR/LOKO/0x00000002
15:14:49.369  INFO     RX        /ERR/LOKO/0x00000002
15:14:49.369  INFO     RX        /ERR/LOKO/0x00000002
15:14:49.369  INFO     RX        /ERR/LOKO/0x00000002
15:14:49.401  INFO     RX        /ERR/LOKO/0x00000002
15:14:49.401  INFO     RX        /ERR/LOKO/0x00000002
15:14:49.436  INFO     RX        /ERR/LOKO/0x00000002
15:14:49.436  INFO     RX        /ERR/LOKO/0x00000002
15:14:49.436  INFO     RX        /ERR/LOKO/0x00000002
15:14:49.464  INFO     RX        /ERR/LOKO/0x00000002
15:14:49.464  INFO     RX        /ERR/LOKO/0x00000002
15:14:49.464  INFO     RX        /ERR/LOKO/0x00000002
15:14:49.500  INFO     RX        /ERR/LOKO/0x00000002
15:14:49.500  INFO     RX        /ERR/LOKO/0x00000002
15:14:49.500  INFO     RX        /ERR/LOKO/0x00000002
15:14:49.529  INFO     RX        /ERR/LOKO/0x00000002
15:14:49.529  INFO     RX        /ERR/LOKO/0x00000002
15:14:49.564  INFO     RX        /ERR/LOKO/0x00000002
15:14:49.564  INFO     RX        /ERR/LOKO/0x00000002
15:14:49.564  INFO     RX        /ERR/LOKO/0x00000002
15:14:49.590  DEBUG    TX /CONTROLL/0,0,0,0,0,0,0,0,0
15:14:49.597  INFO     RX        /ERR/LOKO/0x00000002
15:14:49.597  INFO     RX        /ERR/LOKO/0x00000002
15:14:49.597  INFO     RX        /ERR/LOKO/0x00000002
15:14:49.629  INFO     RX        /ERR/LOKO/0x00000002
15:14:49.629  INFO     RX        /ERR/LOKO/0x00000002
15:14:49.629  INFO     RX        /ERR/LOKO/0x00000002
15:14:49.659  INFO     RX        /ERR/LOKO/0x00000002
15:14:49.659  INFO     RX        /ERR/LOKO/0x00000002
15:14:49.690  INFO     RX        /ERR/LOKO/0x00000002
15:14:49.690  INFO     RX        /ERR/LOKO/0x00000002
15:14:49.690  INFO     RX        /ERR/LOKO/0x00000002
15:14:49.727  INFO     RX        /ERR/LOKO/0x00000002
15:14:49.727  INFO     RX        /ERR/LOKO/0x00000002
15:14:49.727  INFO     RX        /ERR/LOKO/0x00000002
15:14:49.754  INFO     RX        /ERR/LOKO/0x00000002
15:14:49.755  INFO     RX        /ERR/LOKO/0x00000002
15:14:49.755  INFO     RX        /ERR/LOKO/0x00000002
15:14:49.790  INFO     RX        /ERR/LOKO/0x00000002
15:14:49.790  INFO     RX        /ERR/LOKO/0x00000002
15:14:49.790  INFO     RX        /ERR/LOKO/0x00000002
15:14:49.820  INFO     RX        /ERR/LOKO/0x00000002
15:14:49.820  INFO     RX        /ERR/LOKO/0x00000002
15:14:49.856  INFO     RX        /ERR/LOKO/0x00000002
15:14:49.856  INFO     RX        /ERR/LOKO/0x00000002
15:14:49.856  INFO     RX        /ERR/LOKO/0x00000002
15:14:49.886  INFO     RX        /ERR/LOKO/0x00000002
15:14:49.886  INFO     RX        /ERR/LOKO/0x00000002
15:14:49.886  INFO     RX        /ERR/LOKO/0x00000002
15:14:49.920  INFO     RX        /ERR/LOKO/0x00000002
15:14:49.920  INFO     RX        /ERR/LOKO/0x00000002
15:14:49.920  INFO     RX        /ERR/LOKO/0x00000002
15:14:49.948  INFO     RX        /ERR/LOKO/0x00000002
15:14:49.948  INFO     RX        /ERR/LOKO/0x00000002
15:14:49.982  INFO     RX        /ERR/LOKO/0x00000002
15:14:49.982  INFO     RX        /ERR/LOKO/0x00000002
15:14:49.983  INFO     RX        /ERR/LOKO/0x00000002
15:14:50.013  INFO     RX        /ERR/LOKO/0x00000002
15:14:50.013  INFO     RX        /ERR/LOKO/0x00000002
15:14:50.013  INFO     RX        /ERR/LOKO/0x00000002
15:14:50.047  INFO     RX        /ERR/LOKO/0x00000002
15:14:50.047  INFO     RX        /ERR/LOKO/0x00000002
15:14:50.047  INFO     RX        /ERR/LOKO/0x00000002
15:14:50.078  INFO     RX        /ERR/LOKO/0x00000002
15:14:50.078  INFO     RX        /ERR/LOKO/0x00000002
15:14:50.111  INFO     RX        /ERR/LOKO/0x00000002
15:14:50.111  INFO     RX        /ERR/LOKO/0x00000002
15:14:50.111  INFO     RX        /ERR/LOKO/0x00000002
15:14:50.148  INFO     RX        /ERR/LOKO/0x00000002
15:14:50.148  INFO     RX        /ERR/LOKO/0x00000002
15:14:50.148  INFO     RX        /ERR/LOKO/0x00000002
15:14:50.174  INFO     RX        /ERR/LOKO/0x00000002
15:14:50.174  INFO     RX        /ERR/LOKO/0x00000002
15:14:50.210  INFO     RX        /ERR/LOKO/0x00000002
15:14:50.210  INFO     RX        /ERR/LOKO/0x00000002
15:14:50.210  INFO     RX        /ERR/LOKO/0x00000002
15:14:50.238  INFO     RX        /ERR/LOKO/0x00000002
15:14:50.238  INFO     RX        /ERR/LOKO/0x00000002
15:14:50.239  INFO     RX        /ERR/LOKO/0x00000002
15:14:50.273  INFO     RX        /ERR/LOKO/0x00000002
15:14:50.273  INFO     RX        /ERR/LOKO/0x00000002
15:14:50.274  INFO     RX        /ERR/LOKO/0x00000002
15:14:50.305  INFO     RX        /ERR/LOKO/0x00000002
15:14:50.305  INFO     RX        /ERR/LOKO/0x00000002
15:14:50.334  INFO     RX        /ERR/LOKO/0x00000002
15:14:50.334  INFO     RX        /ERR/LOKO/0x00000002
15:14:50.334  INFO     RX        /ERR/LOKO/0x00000002
15:14:50.367  INFO     RX        /ERR/LOKO/0x00000002
15:14:50.367  INFO     RX        /ERR/LOKO/0x00000002
15:14:50.367  INFO     RX        /ERR/LOKO/0x00000002
15:14:50.400  INFO     RX        /ERR/LOKO/0x00000002
15:14:50.400  INFO     RX        /ERR/LOKO/0x00000002
15:14:50.438  INFO     RX        /ERR/LOKO/0x00000002
15:14:50.438  INFO     RX        /ERR/LOKO/0x00000002
15:14:50.438  INFO     RX        /ERR/LOKO/0x00000002
15:14:50.464  INFO     RX        /ERR/LOKO/0x00000002
15:14:50.464  INFO     RX        /ERR/LOKO/0x00000002
15:14:50.464  INFO     RX        /ERR/LOKO/0x00000002
15:14:50.498  INFO     RX        /ERR/LOKO/0x00000002
15:14:50.498  INFO     RX        /ERR/LOKO/0x00000002
15:14:50.498  INFO     RX        /ERR/LOKO/0x00000002
15:14:50.609  INFO     RX        /ERR/LOKO/0x00000002
15:14:50.609  INFO     RX        /ERR/LOKO/0x00000002
15:14:50.609  INFO     RX        /ERR/LOKO/0x00000002
15:14:50.609  INFO     RX        /ERR/LOKO/0x00000002
15:14:50.610  INFO     RX        /ERR/LOKO/0x00000002
15:14:50.610  INFO     RX        /ERR/LOKO/0x00000002
15:14:50.610  INFO     RX        /ERR/LOKO/0x00000002
15:14:50.610  INFO     RX        /ERR/LOKO/0x00000002
15:14:50.610  INFO     RX        /ERR/LOKO/0x00000002
15:14:50.614  INFO     RX        /ERR/LOKO/0x00000002
15:14:50.627  INFO     RX        /ERR/LOKO/0x00000002
15:14:50.658  INFO     RX        /ERR/LOKO/0x00000002
15:14:50.658  INFO     RX        /ERR/LOKO/0x00000002
15:14:50.695  INFO     RX        /ERR/LOKO/0x00000002
15:14:50.695  INFO     RX        /ERR/LOKO/0x00000002
15:14:50.695  INFO     RX        /ERR/LOKO/0x00000002
15:14:50.695  INFO     RX        /ERR/LOKO/0x00000002
15:14:50.726  INFO     RX        /ERR/LOKO/0x00000002
15:14:50.726  INFO     RX        /ERR/LOKO/0x00000002
15:14:50.762  INFO     RX        /ERR/LOKO/0x00000002
15:14:50.762  INFO     RX        /ERR/LOKO/0x00000002
15:14:50.762  INFO     RX        /ERR/LOKO/0x00000002
15:14:50.794  INFO     RX        /ERR/LOKO/0x00000002
15:14:50.794  INFO     RX        /ERR/LOKO/0x00000002
15:14:50.794  INFO     RX        /ERR/LOKO/0x00000002
15:14:50.824  INFO     RX        /ERR/LOKO/0x00000002
15:14:50.824  INFO     RX        /ERR/LOKO/0x00000002
15:14:50.824  INFO     RX        /ERR/LOKO/0x00000002
15:14:50.860  INFO     RX        /ERR/LOKO/0x00000002
15:14:50.860  INFO     RX        /ERR/LOKO/0x00000002
15:14:50.860  INFO     RX        /ERR/LOKO/0x00000002
15:14:50.893  INFO     RX        /ERR/LOKO/0x00000002
15:14:50.893  INFO     RX        /ERR/LOKO/0x00000002
15:14:50.894  INFO     RX        /ERR/LOKO/0x00000002
15:14:50.926  INFO     RX        /ERR/LOKO/0x00000002
15:14:50.926  INFO     RX        /ERR/LOKO/0x00000002
15:14:50.955  INFO     RX        /ERR/LOKO/0x00000002
15:14:50.955  INFO     RX        /ERR/LOKO/0x00000002
15:14:50.956  INFO     RX        /ERR/LOKO/0x00000002
15:14:50.991  INFO     RX        /ERR/LOKO/0x00000002
15:14:50.991  INFO     RX        /ERR/LOKO/0x00000002
15:14:50.991  INFO     RX        /ERR/LOKO/0x00000002
15:14:51.021  INFO     RX        /ERR/LOKO/0x00000002
15:14:51.021  INFO     RX        /ERR/LOKO/0x00000002
15:14:51.054  INFO     RX        /ERR/LOKO/0x00000002
15:14:51.055  INFO     RX        /ERR/LOKO/0x00000002
15:14:51.055  INFO     RX        /ERR/LOKO/0x00000002
15:14:51.084  INFO     RX        /ERR/LOKO/0x00000002
15:14:51.084  INFO     RX        /ERR/LOKO/0x00000002
15:14:51.084  INFO     RX        /ERR/LOKO/0x00000002
15:14:51.119  INFO     RX        /ERR/LOKO/0x00000002
15:14:51.119  INFO     RX        /ERR/LOKO/0x00000002
15:14:51.119  INFO     RX        /ERR/LOKO/0x00000002
15:14:51.148  INFO     RX        /ERR/LOKO/0x00000002
15:14:51.148  INFO     RX        /ERR/LOKO/0x00000002
15:14:51.183  INFO     RX        /ERR/LOKO/0x00000002
15:14:51.183  INFO     RX        /ERR/LOKO/0x00000002
15:14:51.183  INFO     RX        /ERR/LOKO/0x00000002
15:14:51.209  DEBUG    TX /CONTROLL/0,0,0,0,0,0,0,0,0
15:14:51.211  INFO     RX        /ERR/LOKO/0x00000002
15:14:51.212  INFO     RX        /ERR/LOKO/0x00000002
15:14:51.212  INFO     RX        /ERR/LOKO/0x00000002
15:14:51.247  INFO     RX        /ERR/LOKO/0x00000002
15:14:51.247  INFO     RX        /ERR/LOKO/0x00000002
15:14:51.247  INFO     RX        /ERR/LOKO/0x00000002
15:14:51.278  INFO     RX        /ERR/LOKO/0x00000002
15:14:51.278  INFO     RX        /ERR/LOKO/0x00000002
15:14:51.313  INFO     RX        /ERR/LOKO/0x00000002
15:14:51.313  INFO     RX        /ERR/LOKO/0x00000002
15:14:51.313  INFO     RX        /ERR/LOKO/0x00000002
15:14:51.344  INFO     RX        /ERR/LOKO/0x00000002
15:14:51.344  INFO     RX        /ERR/LOKO/0x00000002
15:14:51.344  INFO     RX        /ERR/LOKO/0x00000002
15:14:51.381  INFO     RX        /ERR/LOKO/0x00000002
15:14:51.381  INFO     RX        /ERR/LOKO/0x00000002
15:14:51.381  INFO     RX        /ERR/LOKO/0x00000002
15:14:51.407  INFO     RX        /ERR/LOKO/0x00000002
15:14:51.407  INFO     RX        /ERR/LOKO/0x00000002
15:14:51.442  INFO     RX        /ERR/LOKO/0x00000002
15:14:51.442  INFO     RX        /ERR/LOKO/0x00000002
15:14:51.442  INFO     RX        /ERR/LOKO/0x00000002
15:14:51.474  INFO     RX        /ERR/LOKO/0x00000002
15:14:51.474  INFO     RX        /ERR/LOKO/0x00000002
15:14:51.474  INFO     RX        /ERR/LOKO/0x00000002
15:14:51.502  INFO     RX        /ERR/LOKO/0x00000002
15:14:51.503  INFO     RX        /ERR/LOKO/0x00000002
15:14:51.538  INFO     RX        /ERR/LOKO/0x00000002
15:14:51.538  INFO     RX        /ERR/LOKO/0x00000002
15:14:51.538  INFO     RX        /ERR/LOKO/0x00000002
15:14:51.568  INFO     RX        /ERR/LOKO/0x00000002
15:14:51.568  INFO     RX        /ERR/LOKO/0x00000002
15:14:51.568  INFO     RX        /ERR/LOKO/0x00000002
15:14:51.604  INFO     RX        /ERR/LOKO/0x00000002
15:14:51.604  INFO     RX        /ERR/LOKO/0x00000002
15:14:51.604  INFO     RX        /ERR/LOKO/0x00000002
15:14:51.632  INFO     RX        /ERR/LOKO/0x00000002
15:14:51.632  INFO     RX        /ERR/LOKO/0x00000002
15:14:51.667  INFO     RX        /ERR/LOKO/0x00000002
15:14:51.667  INFO     RX        /ERR/LOKO/0x00000002
15:14:51.667  INFO     RX        /ERR/LOKO/0x00000002
15:14:51.697  INFO     RX        /ERR/LOKO/0x00000002
15:14:51.697  INFO     RX        /ERR/LOKO/0x00000002
15:14:51.697  INFO     RX        /ERR/LOKO/0x00000002
15:14:51.733  INFO     RX        /ERR/LOKO/0x00000002
15:14:51.733  INFO     RX        /ERR/LOKO/0x00000002
15:14:51.733  INFO     RX        /ERR/LOKO/0x00000002
15:14:51.761  INFO     RX        /ERR/LOKO/0x00000002
15:14:51.761  INFO     RX        /ERR/LOKO/0x00000002
15:14:51.793  INFO     RX        /ERR/LOKO/0x00000002
15:14:51.793  INFO     RX        /ERR/LOKO/0x00000002
15:14:51.793  INFO     RX        /ERR/LOKO/0x00000002
15:14:51.825  INFO     RX        /ERR/LOKO/0x00000002
15:14:51.825  INFO     RX        /ERR/LOKO/0x00000002
15:14:51.825  INFO     RX        /ERR/LOKO/0x00000002
15:14:51.857  INFO     RX        /ERR/LOKO/0x00000002
15:14:51.857  INFO     RX        /ERR/LOKO/0x00000002
15:14:51.857  INFO     RX        /ERR/LOKO/0x00000002
15:14:51.894  INFO     RX        /ERR/LOKO/0x00000002
15:14:51.894  INFO     RX        /ERR/LOKO/0x00000002
15:14:51.894  INFO     RX        /ERR/LOKO/0x00000002
15:14:51.923  INFO     RX        /ERR/LOKO/0x00000002
15:14:51.923  INFO     RX        /ERR/LOKO/0x00000002
15:14:51.960  INFO     RX        /ERR/LOKO/0x00000002
15:14:51.960  INFO     RX        /ERR/LOKO/0x00000002
15:14:51.961  INFO     RX        /ERR/LOKO/0x00000002
15:14:51.987  INFO     RX        /ERR/LOKO/0x00000002
15:14:51.987  INFO     RX        /ERR/LOKO/0x00000002
15:14:51.987  INFO     RX        /ERR/LOKO/0x00000002
15:14:52.023  INFO     RX        /ERR/LOKO/0x00000002
15:14:52.023  INFO     RX        /ERR/LOKO/0x00000002
15:14:52.023  INFO     RX        /ERR/LOKO/0x00000002
15:14:52.051  INFO     RX        /ERR/LOKO/0x00000002
15:14:52.052  INFO     RX        /ERR/LOKO/0x00000002
15:14:52.087  INFO     RX        /ERR/LOKO/0x00000002
15:14:52.087  INFO     RX        /ERR/LOKO/0x00000002
15:14:52.087  INFO     RX        /ERR/LOKO/0x00000002
15:14:52.116  INFO     RX        /ERR/LOKO/0x00000002
15:14:52.116  INFO     RX        /ERR/LOKO/0x00000002
15:14:52.117  INFO     RX        /ERR/LOKO/0x00000002
15:14:52.152  INFO     RX        /ERR/LOKO/0x00000002
15:14:52.152  INFO     RX        /ERR/LOKO/0x00000002
15:14:52.152  INFO     RX        /ERR/LOKO/0x00000002
15:14:52.181  INFO     RX        /ERR/LOKO/0x00000002
15:14:52.181  INFO     RX        /ERR/LOKO/0x00000002
15:14:52.214  INFO     RX        /ERR/LOKO/0x00000002
15:14:52.214  INFO     RX        /ERR/LOKO/0x00000002
15:14:52.214  INFO     RX        /ERR/LOKO/0x00000002
15:14:52.249  INFO     RX        /ERR/LOKO/0x00000002
15:14:52.249  INFO     RX        /ERR/LOKO/0x00000002
15:14:52.249  INFO     RX        /ERR/LOKO/0x00000002
15:14:52.277  INFO     RX        /ERR/LOKO/0x00000002
15:14:52.278  INFO     RX        /ERR/LOKO/0x00000002
15:14:52.314  INFO     RX        /ERR/LOKO/0x00000002
15:14:52.315  INFO     RX        /ERR/LOKO/0x00000002
15:14:52.315  INFO     RX        /ERR/LOKO/0x00000002
15:14:52.342  INFO     RX        /ERR/LOKO/0x00000002
15:14:52.342  INFO     RX        /ERR/LOKO/0x00000002
15:14:52.342  INFO     RX        /ERR/LOKO/0x00000002
15:14:52.378  INFO     RX        /ERR/LOKO/0x00000002
15:14:52.378  INFO     RX        /ERR/LOKO/0x00000002
15:14:52.378  INFO     RX        /ERR/LOKO/0x00000002
15:14:52.407  INFO     RX        /ERR/LOKO/0x00000002
15:14:52.407  INFO     RX        /ERR/LOKO/0x00000002
15:14:52.443  INFO     RX        /ERR/LOKO/0x00000002
15:14:52.443  INFO     RX        /ERR/LOKO/0x00000002
15:14:52.443  INFO     RX        /ERR/LOKO/0x00000002
15:14:52.473  INFO     RX        /ERR/LOKO/0x00000002
15:14:52.473  INFO     RX        /ERR/LOKO/0x00000002
15:14:52.473  INFO     RX        /ERR/LOKO/0x00000002
15:14:52.508  INFO     RX        /ERR/LOKO/0x00000002
15:14:52.509  INFO     RX        /ERR/LOKO/0x00000002
15:14:52.509  INFO     RX        /ERR/LOKO/0x00000002
15:14:52.538  INFO     RX        /ERR/LOKO/0x00000002
15:14:52.538  INFO     RX        /ERR/LOKO/0x00000002
15:14:52.573  INFO     RX        /ERR/LOKO/0x00000002
15:14:52.573  INFO     RX        /ERR/LOKO/0x00000002
15:14:52.573  INFO     RX        /ERR/LOKO/0x00000002
15:14:52.573  INFO     RX        /ERR/LOKO/0x00000002
15:14:52.606  INFO     RX        /ERR/LOKO/0x00000002
15:14:52.606  INFO     RX        /ERR/LOKO/0x00000002
15:14:52.634  INFO     RX        /ERR/LOKO/0x00000002
15:14:52.634  INFO     RX        /ERR/LOKO/0x00000002
15:14:52.634  INFO     RX        /ERR/LOKO/0x00000002
15:14:52.671  INFO     RX        /ERR/LOKO/0x00000002
15:14:52.671  INFO     RX        /ERR/LOKO/0x00000002
15:14:52.671  INFO     RX        /ERR/LOKO/0x00000002
15:14:52.701  INFO     RX        /ERR/LOKO/0x00000002
15:14:52.701  INFO     RX        /ERR/LOKO/0x00000002
15:14:52.735  INFO     RX        /ERR/LOKO/0x00000002
15:14:52.735  INFO     RX        /ERR/LOKO/0x00000002
15:14:52.735  INFO     RX        /ERR/LOKO/0x00000002
15:14:52.765  INFO     RX        /ERR/LOKO/0x00000002
15:14:52.765  INFO     RX        /ERR/LOKO/0x00000002
15:14:52.765  INFO     RX        /ERR/LOKO/0x00000002
15:14:52.800  INFO     RX        /ERR/LOKO/0x00000002
15:14:52.800  INFO     RX        /ERR/LOKO/0x00000002
15:14:52.800  INFO     RX        /ERR/LOKO/0x00000002
15:14:52.823  DEBUG    TX /CONTROLL/0,0,0,0,0,0,0,0,0
15:14:52.827  INFO     RX        /ERR/LOKO/0x00000002
15:14:52.827  INFO     RX        /ERR/LOKO/0x00000002
15:14:52.863  INFO     RX        /ERR/LOKO/0x00000002
15:14:52.863  INFO     RX        /ERR/LOKO/0x00000002
15:14:52.863  INFO     RX        /ERR/LOKO/0x00000002
15:14:52.891  INFO     RX        /ERR/LOKO/0x00000002
15:14:52.891  INFO     RX        /ERR/LOKO/0x00000002
15:14:52.891  INFO     RX        /ERR/LOKO/0x00000002
15:14:52.926  INFO     RX        /ERR/LOKO/0x00000002
15:14:52.927  INFO     RX        /ERR/LOKO/0x00000002
15:14:52.927  INFO     RX        /ERR/LOKO/0x00000002
15:14:52.957  INFO     RX        /ERR/LOKO/0x00000002
15:14:52.957  INFO     RX        /ERR/LOKO/0x00000002
15:14:52.992  INFO     RX        /ERR/LOKO/0x00000002
15:14:52.992  INFO     RX        /ERR/LOKO/0x00000002
15:14:52.992  INFO     RX        /ERR/LOKO/0x00000002
15:14:52.992  INFO     RX        /ERR/LOKO/0x00000002
15:14:53.020  INFO     RX        /ERR/LOKO/0x00000002
15:14:53.020  INFO     RX        /ERR/LOKO/0x00000002
15:14:53.053  INFO     RX        /ERR/LOKO/0x00000002
15:14:53.053  INFO     RX        /ERR/LOKO/0x00000002
15:14:53.053  INFO     RX        /ERR/LOKO/0x00000002
15:14:53.087  INFO     RX        /ERR/LOKO/0x00000002
15:14:53.087  INFO     RX        /ERR/LOKO/0x00000002
15:14:53.088  INFO     RX        /ERR/LOKO/0x00000002
15:14:53.208  INFO     RX        /ERR/LOKO/0x00000002
15:14:53.208  INFO     RX        /ERR/LOKO/0x00000002
15:14:53.208  INFO     RX        /ERR/LOKO/0x00000002
15:14:53.208  INFO     RX        /ERR/LOKO/0x00000002
15:14:53.208  INFO     RX        /ERR/LOKO/0x00000002
15:14:53.208  INFO     RX        /ERR/LOKO/0x00000002
15:14:53.208  INFO     RX        /ERR/LOKO/0x00000002
15:14:53.208  INFO     RX        /ERR/LOKO/0x00000002
15:14:53.217  INFO     RX        /ERR/LOKO/0x00000002
15:14:53.217  INFO     RX        /ERR/LOKO/0x00000002
15:14:53.217  INFO     RX        /ERR/LOKO/0x00000002
15:14:53.223  INFO     RX        /ERR/LOKO/0x00000002
15:14:53.245  INFO     RX        /ERR/LOKO/0x00000002
15:14:53.282  INFO     RX        /ERR/LOKO/0x00000002
15:14:53.282  INFO     RX        /ERR/LOKO/0x00000002
15:14:53.282  INFO     RX        /ERR/LOKO/0x00000002
15:14:53.313  INFO     RX        /ERR/LOKO/0x00000002
15:14:53.313  INFO     RX        /ERR/LOKO/0x00000002
15:14:53.314  INFO     RX        /ERR/LOKO/0x00000002
15:14:53.343  INFO     RX        /ERR/LOKO/0x00000002
15:14:53.343  INFO     RX        /ERR/LOKO/0x00000002
15:14:53.343  INFO     RX        /ERR/LOKO/0x00000002
15:14:53.378  INFO     RX        /ERR/LOKO/0x00000002
15:14:53.378  INFO     RX        /ERR/LOKO/0x00000002
15:14:53.378  INFO     RX        /ERR/LOKO/0x00000002
15:14:53.411  INFO     RX        /ERR/LOKO/0x00000002
15:14:53.411  INFO     RX        /ERR/LOKO/0x00000002
15:14:53.411  INFO     RX        /ERR/LOKO/0x00000002
15:14:53.440  INFO     RX        /ERR/LOKO/0x00000002
15:14:53.440  INFO     RX        /ERR/LOKO/0x00000002
15:14:53.473  INFO     RX        /ERR/LOKO/0x00000002
15:14:53.473  INFO     RX        /ERR/LOKO/0x00000002
15:14:53.473  INFO     RX        /ERR/LOKO/0x00000002
15:14:53.507  INFO     RX        /ERR/LOKO/0x00000002
15:14:53.507  INFO     RX        /ERR/LOKO/0x00000002
15:14:53.507  INFO     RX        /ERR/LOKO/0x00000002
15:14:53.536  INFO     RX        /ERR/LOKO/0x00000002
15:14:53.536  INFO     RX        /ERR/LOKO/0x00000002
15:14:53.571  INFO     RX        /ERR/LOKO/0x00000002
15:14:53.571  INFO     RX        /ERR/LOKO/0x00000002
15:14:53.571  INFO     RX        /ERR/LOKO/0x00000002
15:14:53.600  INFO     RX        /ERR/LOKO/0x00000002
15:14:53.600  INFO     RX        /ERR/LOKO/0x00000002
15:14:53.600  INFO     RX        /ERR/LOKO/0x00000002
15:14:53.633  INFO     RX        /ERR/LOKO/0x00000002
15:14:53.633  INFO     RX        /ERR/LOKO/0x00000002
15:14:53.633  INFO     RX        /ERR/LOKO/0x00000002
15:14:53.667  INFO     RX        /ERR/LOKO/0x00000002
15:14:53.667  INFO     RX        /ERR/LOKO/0x00000002
15:14:53.667  INFO     RX        /ERR/LOKO/0x00000002
15:14:53.696  INFO     RX        /ERR/LOKO/0x00000002
15:14:53.697  INFO     RX        /ERR/LOKO/0x00000002
15:14:53.729  INFO     RX        /ERR/LOKO/0x00000002
15:14:53.729  INFO     RX        /ERR/LOKO/0x00000002
15:14:53.729  INFO     RX        /ERR/LOKO/0x00000002
15:14:53.765  INFO     RX        /ERR/LOKO/0x00000002
15:14:53.765  INFO     RX        /ERR/LOKO/0x00000002
15:14:53.765  INFO     RX        /ERR/LOKO/0x00000002
15:14:53.794  INFO     RX        /ERR/LOKO/0x00000002
15:14:53.794  INFO     RX        /ERR/LOKO/0x00000002
15:14:53.794  INFO     RX        /ERR/LOKO/0x00000002
15:14:53.832  INFO     RX        /ERR/LOKO/0x00000002
15:14:53.832  INFO     RX        /ERR/LOKO/0x00000002
15:14:53.832  INFO     RX        /ERR/LOKO/0x00000002
15:14:53.861  INFO     RX        /ERR/LOKO/0x00000002
15:14:53.861  INFO     RX        /ERR/LOKO/0x00000002
15:14:53.896  INFO     RX        /ERR/LOKO/0x00000002
15:14:53.896  INFO     RX        /ERR/LOKO/0x00000002
15:14:53.896  INFO     RX        /ERR/LOKO/0x00000002
15:14:53.925  INFO     RX        /ERR/LOKO/0x00000002
15:14:53.925  INFO     RX        /ERR/LOKO/0x00000002
15:14:53.925  INFO     RX        /ERR/LOKO/0x00000002
15:14:53.960  INFO     RX        /ERR/LOKO/0x00000002
15:14:53.961  INFO     RX        /ERR/LOKO/0x00000002
15:14:53.961  INFO     RX        /ERR/LOKO/0x00000002
15:14:53.990  INFO     RX        /ERR/LOKO/0x00000002
15:14:53.990  INFO     RX        /ERR/LOKO/0x00000002
15:14:54.026  INFO     RX        /ERR/LOKO/0x00000002
15:14:54.026  INFO     RX        /ERR/LOKO/0x00000002
15:14:54.026  INFO     RX        /ERR/LOKO/0x00000002
15:14:54.027  INFO     RX        /ERR/LOKO/0x00000002
15:14:54.058  INFO     RX        /ERR/LOKO/0x00000002
15:14:54.058  INFO     RX        /ERR/LOKO/0x00000002
15:14:54.088  INFO     RX        /ERR/LOKO/0x00000002
15:14:54.089  INFO     RX        /ERR/LOKO/0x00000002
15:14:54.089  INFO     RX        /ERR/LOKO/0x00000002
15:14:54.123  INFO     RX        /ERR/LOKO/0x00000002
15:14:54.124  INFO     RX        /ERR/LOKO/0x00000002
15:14:54.124  INFO     RX        /ERR/LOKO/0x00000002
15:14:54.153  INFO     RX        /ERR/LOKO/0x00000002
15:14:54.153  INFO     RX        /ERR/LOKO/0x00000002
15:14:54.153  INFO     RX        /ERR/LOKO/0x00000002
15:14:54.188  INFO     RX        /ERR/LOKO/0x00000002
15:14:54.188  INFO     RX        /ERR/LOKO/0x00000002
15:14:54.188  INFO     RX        /ERR/LOKO/0x00000002
15:14:54.218  INFO     RX        /ERR/LOKO/0x00000002
15:14:54.218  INFO     RX        /ERR/LOKO/0x00000002
15:14:54.250  INFO     RX        /ERR/LOKO/0x00000002
15:14:54.250  INFO     RX        /ERR/LOKO/0x00000002
15:14:54.250  INFO     RX        /ERR/LOKO/0x00000002
15:14:54.282  INFO     RX        /ERR/LOKO/0x00000002
15:14:54.282  INFO     RX        /ERR/LOKO/0x00000002
15:14:54.282  INFO     RX        /ERR/LOKO/0x00000002
15:14:54.318  INFO     RX        /ERR/LOKO/0x00000002
15:14:54.318  INFO     RX        /ERR/LOKO/0x00000002
15:14:54.318  INFO     RX        /ERR/LOKO/0x00000002
15:14:54.347  INFO     RX        /ERR/LOKO/0x00000002
15:14:54.347  INFO     RX        /ERR/LOKO/0x00000002
15:14:54.379  INFO     RX        /ERR/LOKO/0x00000002
15:14:54.379  INFO     RX        /ERR/LOKO/0x00000002
15:14:54.379  INFO     RX        /ERR/LOKO/0x00000002
15:14:54.411  INFO     RX        /ERR/LOKO/0x00000002
15:14:54.411  INFO     RX        /ERR/LOKO/0x00000002
15:14:54.411  INFO     RX        /ERR/LOKO/0x00000002
15:14:54.440  DEBUG    TX /CONTROLL/0,0,0,0,0,0,0,0,0
15:14:54.443  INFO     RX        /ERR/LOKO/0x00000002
15:14:54.443  INFO     RX        /ERR/LOKO/0x00000002
15:14:54.443  INFO     RX        /ERR/LOKO/0x00000002
15:14:54.475  INFO     RX        /ERR/LOKO/0x00000002
15:14:54.476  INFO     RX        /ERR/LOKO/0x00000002
15:14:54.508  INFO     RX        /ERR/LOKO/0x00000002
15:14:54.508  INFO     RX        /ERR/LOKO/0x00000002
15:14:54.508  INFO     RX        /ERR/LOKO/0x00000002
15:14:54.543  INFO     RX        /ERR/LOKO/0x00000002
15:14:54.543  INFO     RX        /ERR/LOKO/0x00000002
15:14:54.543  INFO     RX        /ERR/LOKO/0x00000002
15:14:54.572  INFO     RX        /ERR/LOKO/0x00000002
15:14:54.572  INFO     RX        /ERR/LOKO/0x00000002
15:14:54.572  INFO     RX        /ERR/LOKO/0x00000002
15:14:54.608  INFO     RX        /ERR/LOKO/0x00000002
15:14:54.608  INFO     RX        /ERR/LOKO/0x00000002
15:14:54.608  INFO     RX        /ERR/LOKO/0x00000002
15:14:54.637  INFO     RX        /ERR/LOKO/0x00000002
15:14:54.637  INFO     RX        /ERR/LOKO/0x00000002
15:14:54.669  INFO     RX        /ERR/LOKO/0x00000002
15:14:54.669  INFO     RX        /ERR/LOKO/0x00000002
15:14:54.669  INFO     RX        /ERR/LOKO/0x00000002
15:14:54.701  INFO     RX        /ERR/LOKO/0x00000002
15:14:54.701  INFO     RX        /ERR/LOKO/0x00000002
15:14:54.701  INFO     RX        /ERR/LOKO/0x00000002
15:14:54.737  INFO     RX        /ERR/LOKO/0x00000002
15:14:54.737  INFO     RX        /ERR/LOKO/0x00000002
15:14:54.737  INFO     RX        /ERR/LOKO/0x00000002
15:14:54.766  INFO     RX        /ERR/LOKO/0x00000002
15:14:54.766  INFO     RX        /ERR/LOKO/0x00000002
15:14:54.798  INFO     RX        /ERR/LOKO/0x00000002
15:14:54.798  INFO     RX        /ERR/LOKO/0x00000002
15:14:54.798  INFO     RX        /ERR/LOKO/0x00000002
15:14:54.834  INFO     RX        /ERR/LOKO/0x00000002
15:14:54.834  INFO     RX        /ERR/LOKO/0x00000002
15:14:54.834  INFO     RX        /ERR/LOKO/0x00000002
15:14:54.867  INFO     RX        /ERR/LOKO/0x00000002
15:14:54.867  INFO     RX        /ERR/LOKO/0x00000002
15:14:54.868  INFO     RX        /ERR/LOKO/0x00000002
15:14:54.897  INFO     RX        /ERR/LOKO/0x00000002
15:14:54.897  INFO     RX        /ERR/LOKO/0x00000002
15:14:54.897  INFO     RX        /ERR/LOKO/0x00000002
15:14:54.928  INFO     RX        /ERR/LOKO/0x00000002
15:14:54.928  INFO     RX        /ERR/LOKO/0x00000002
15:14:54.961  INFO     RX        /ERR/LOKO/0x00000002
15:14:54.961  INFO     RX        /ERR/LOKO/0x00000002
15:14:54.961  INFO     RX        /ERR/LOKO/0x00000002
15:14:54.996  INFO     RX        /ERR/LOKO/0x00000002
15:14:54.996  INFO     RX        /ERR/LOKO/0x00000002
15:14:54.996  INFO     RX        /ERR/LOKO/0x00000002
15:14:55.025  INFO     RX        /ERR/LOKO/0x00000002
15:14:55.026  INFO     RX        /ERR/LOKO/0x00000002
15:14:55.026  INFO     RX        /ERR/LOKO/0x00000002
15:14:55.061  INFO     RX        /ERR/LOKO/0x00000002
15:14:55.061  INFO     RX        /ERR/LOKO/0x00000002
15:14:55.061  INFO     RX        /ERR/LOKO/0x00000002
15:14:55.090  INFO     RX        /ERR/LOKO/0x00000002
15:14:55.090  INFO     RX        /ERR/LOKO/0x00000002
15:14:55.125  INFO     RX        /ERR/LOKO/0x00000002
15:14:55.125  INFO     RX        /ERR/LOKO/0x00000002
15:14:55.125  INFO     RX        /ERR/LOKO/0x00000002
15:14:55.157  INFO     RX        /ERR/LOKO/0x00000002
15:14:55.157  INFO     RX        /ERR/LOKO/0x00000002
15:14:55.157  INFO     RX        /ERR/LOKO/0x00000002
15:14:55.190  INFO     RX        /ERR/LOKO/0x00000002
15:14:55.190  INFO     RX        /ERR/LOKO/0x00000002
15:14:55.190  INFO     RX        /ERR/LOKO/0x00000002
15:14:55.219  INFO     RX        /ERR/LOKO/0x00000002
15:14:55.220  INFO     RX        /ERR/LOKO/0x00000002
15:14:55.258  INFO     RX        /ERR/LOKO/0x00000002
15:14:55.258  INFO     RX        /ERR/LOKO/0x00000002
15:14:55.258  INFO     RX        /ERR/LOKO/0x00000002
15:14:55.258  INFO     RX        /ERR/LOKO/0x00000002
15:14:55.285  INFO     RX        /ERR/LOKO/0x00000002
15:14:55.285  INFO     RX        /ERR/LOKO/0x00000002
15:14:55.317  INFO     RX        /ERR/LOKO/0x00000002
15:14:55.317  INFO     RX        /ERR/LOKO/0x00000002
15:14:55.317  INFO     RX        /ERR/LOKO/0x00000002
15:14:55.352  INFO     RX        /ERR/LOKO/0x00000002
15:14:55.353  INFO     RX        /ERR/LOKO/0x00000002
15:14:55.353  INFO     RX        /ERR/LOKO/0x00000002
15:14:55.380  INFO     RX        /ERR/LOKO/0x00000002
15:14:55.381  INFO     RX        /ERR/LOKO/0x00000002
15:14:55.412  INFO     RX        /ERR/LOKO/0x00000002
15:14:55.412  INFO     RX        /ERR/LOKO/0x00000002
15:14:55.412  INFO     RX        /ERR/LOKO/0x00000002
15:14:55.448  INFO     RX        /ERR/LOKO/0x00000002
15:14:55.448  INFO     RX        /ERR/LOKO/0x00000002
15:14:55.448  INFO     RX        /ERR/LOKO/0x00000002
15:14:55.477  INFO     RX        /ERR/LOKO/0x00000002
15:14:55.477  INFO     RX        /ERR/LOKO/0x00000002
15:14:55.477  INFO     RX        /ERR/LOKO/0x00000002
15:14:55.509  INFO     RX        /ERR/LOKO/0x00000002
15:14:55.509  INFO     RX        /ERR/LOKO/0x00000002
15:14:55.544  INFO     RX        /ERR/LOKO/0x00000002
15:14:55.544  INFO     RX        /ERR/LOKO/0x00000002
15:14:55.544  INFO     RX        /ERR/LOKO/0x00000002
15:14:55.578  INFO     RX        /ERR/LOKO/0x00000002
15:14:55.578  INFO     RX        /ERR/LOKO/0x00000002
15:14:55.578  INFO     RX        /ERR/LOKO/0x00000002
15:14:55.606  INFO     RX        /ERR/LOKO/0x00000002
15:14:55.607  INFO     RX        /ERR/LOKO/0x00000002
15:14:55.607  INFO     RX        /ERR/LOKO/0x00000002
15:14:55.638  INFO     RX        /ERR/LOKO/0x00000002
15:14:55.638  INFO     RX        /ERR/LOKO/0x00000002
15:14:55.638  INFO     RX        /ERR/LOKO/0x00000002
15:14:55.670  INFO     RX        /ERR/LOKO/0x00000002
15:14:55.670  INFO     RX        /ERR/LOKO/0x00000002
15:14:55.707  INFO     RX        /ERR/LOKO/0x00000002
15:14:55.707  INFO     RX        /ERR/LOKO/0x00000002
15:14:55.707  INFO     RX        /ERR/LOKO/0x00000002
15:14:55.828  INFO     RX        /ERR/LOKO/0x00000002
15:14:55.828  INFO     RX        /ERR/LOKO/0x00000002
15:14:55.828  INFO     RX        /ERR/LOKO/0x00000002
15:14:55.828  INFO     RX        /ERR/LOKO/0x00000002
15:14:55.828  INFO     RX        /ERR/LOKO/0x00000002
15:14:55.828  INFO     RX        /ERR/LOKO/0x00000002
15:14:55.829  INFO     RX        /ERR/LOKO/0x00000002
15:14:55.829  INFO     RX        /ERR/LOKO/0x00000002
15:14:55.839  INFO     RX        /ERR/LOKO/0x00000002
15:14:55.839  INFO     RX        /ERR/LOKO/0x00000002
15:14:55.839  INFO     RX        /ERR/LOKO/0x00000002
15:14:55.839  INFO     RX        /ERR/LOKO/0x00000002
15:14:55.847  INFO     RX        /ERR/LOKO/0x00000002
15:14:55.864  INFO     RX        /ERR/LOKO/0x00000002
15:14:55.898  INFO     RX        /ERR/LOKO/0x00000002
15:14:55.899  INFO     RX        /ERR/LOKO/0x00000002
15:14:55.899  INFO     RX        /ERR/LOKO/0x00000002
15:14:55.929  INFO     RX        /ERR/LOKO/0x00000002
15:14:55.929  INFO     RX        /ERR/LOKO/0x00000002
15:14:55.929  INFO     RX        /ERR/LOKO/0x00000002
15:14:55.960  INFO     RX        /ERR/LOKO/0x00000002
15:14:55.960  INFO     RX        /ERR/LOKO/0x00000002
15:14:55.995  INFO     RX        /ERR/LOKO/0x00000002
15:14:55.996  INFO     RX        /ERR/LOKO/0x00000002
15:14:55.996  INFO     RX        /ERR/LOKO/0x00000002
15:14:56.029  INFO     RX        /ERR/LOKO/0x00000002
15:14:56.030  INFO     RX        /ERR/LOKO/0x00000002
15:14:56.030  INFO     RX        /ERR/LOKO/0x00000002
15:14:56.053  DEBUG    TX /CONTROLL/0,0,0,0,0,0,0,0,0
15:14:56.057  INFO     RX        /ERR/LOKO/0x00000002
15:14:56.058  INFO     RX        /ERR/LOKO/0x00000002
15:14:56.058  INFO     RX        /ERR/LOKO/0x00000002
15:14:56.093  INFO     RX        /ERR/LOKO/0x00000002
15:14:56.093  INFO     RX        /ERR/LOKO/0x00000002
15:14:56.093  INFO     RX        /ERR/LOKO/0x00000002
15:14:56.126  INFO     RX        /ERR/LOKO/0x00000002
15:14:56.126  INFO     RX        /ERR/LOKO/0x00000002
15:14:56.127  INFO     RX        /ERR/LOKO/0x00000002
15:14:56.157  INFO     RX        /ERR/LOKO/0x00000002
15:14:56.158  INFO     RX        /ERR/LOKO/0x00000002
15:14:56.189  INFO     RX        /ERR/LOKO/0x00000002
15:14:56.189  INFO     RX        /ERR/LOKO/0x00000002
15:14:56.189  INFO     RX        /ERR/LOKO/0x00000002
15:14:56.216  INFO     RX        /ERR/LOKO/0x00000002
15:14:56.217  INFO     RX        /ERR/LOKO/0x00000002
15:14:56.252  INFO     RX        /ERR/LOKO/0x00000002
15:14:56.252  INFO     RX        /ERR/LOKO/0x00000002
15:14:56.252  INFO     RX        /ERR/LOKO/0x00000002
15:14:56.282  INFO     RX        /ERR/LOKO/0x00000002
15:14:56.282  INFO     RX        /ERR/LOKO/0x00000002
15:14:56.282  INFO     RX        /ERR/LOKO/0x00000002
15:14:56.313  INFO     RX        /ERR/LOKO/0x00000002
15:14:56.314  INFO     RX        /ERR/LOKO/0x00000002
15:14:56.314  INFO     RX        /ERR/LOKO/0x00000002
15:14:56.346  INFO     RX        /ERR/LOKO/0x00000002
15:14:56.346  INFO     RX        /ERR/LOKO/0x00000002
15:14:56.346  INFO     RX        /ERR/LOKO/0x00000002
15:14:56.378  INFO     RX        /ERR/LOKO/0x00000002
15:14:56.378  INFO     RX        /ERR/LOKO/0x00000002
15:14:56.409  INFO     RX        /ERR/LOKO/0x00000002
15:14:56.409  INFO     RX        /ERR/LOKO/0x00000002
15:14:56.409  INFO     RX        /ERR/LOKO/0x00000002
15:14:56.442  INFO     RX        /ERR/LOKO/0x00000002
15:14:56.442  INFO     RX        /ERR/LOKO/0x00000002
15:14:56.442  INFO     RX        /ERR/LOKO/0x00000002
15:14:56.474  INFO     RX        /ERR/LOKO/0x00000002
15:14:56.474  INFO     RX        /ERR/LOKO/0x00000002
15:14:56.474  INFO     RX        /ERR/LOKO/0x00000002
15:14:56.510  INFO     RX        /ERR/LOKO/0x00000002
15:14:56.510  INFO     RX        /ERR/LOKO/0x00000002
15:14:56.510  INFO     RX        /ERR/LOKO/0x00000002
15:14:56.541  INFO     RX        /ERR/LOKO/0x00000002
15:14:56.541  INFO     RX        /ERR/LOKO/0x00000002
15:14:56.578  INFO     RX        /ERR/LOKO/0x00000002
15:14:56.578  INFO     RX        /ERR/LOKO/0x00000002
15:14:56.578  INFO     RX        /ERR/LOKO/0x00000002
15:14:56.578  INFO     RX        /ERR/LOKO/0x00000002
15:14:56.607  INFO     RX        /ERR/LOKO/0x00000002
15:14:56.607  INFO     RX        /ERR/LOKO/0x00000002
15:14:56.637  INFO     RX        /ERR/LOKO/0x00000002
15:14:56.637  INFO     RX        /ERR/LOKO/0x00000002
15:14:56.637  INFO     RX        /ERR/LOKO/0x00000002
15:14:56.669  INFO     RX        /ERR/LOKO/0x00000002
15:14:56.669  INFO     RX        /ERR/LOKO/0x00000002
15:14:56.705  INFO     RX        /ERR/LOKO/0x00000002
15:14:56.705  INFO     RX        /ERR/LOKO/0x00000002
15:14:56.705  INFO     RX        /ERR/LOKO/0x00000002
15:14:56.734  INFO     RX        /ERR/LOKO/0x00000002
15:14:56.734  INFO     RX        /ERR/LOKO/0x00000002
15:14:56.734  INFO     RX        /ERR/LOKO/0x00000002
15:14:56.767  INFO     RX        /ERR/LOKO/0x00000002
15:14:56.767  INFO     RX        /ERR/LOKO/0x00000002
15:14:56.767  INFO     RX        /ERR/LOKO/0x00000002
15:14:56.802  INFO     RX        /ERR/LOKO/0x00000002
15:14:56.803  INFO     RX        /ERR/LOKO/0x00000002
15:14:56.803  INFO     RX        /ERR/LOKO/0x00000002
15:14:56.831  INFO     RX        /ERR/LOKO/0x00000002
15:14:56.831  INFO     RX        /ERR/LOKO/0x00000002
15:14:56.866  INFO     RX        /ERR/LOKO/0x00000002
15:14:56.866  INFO     RX        /ERR/LOKO/0x00000002
15:14:56.866  INFO     RX        /ERR/LOKO/0x00000002
15:14:56.894  INFO     RX        /ERR/LOKO/0x00000002
15:14:56.894  INFO     RX        /ERR/LOKO/0x00000002
15:14:56.894  INFO     RX        /ERR/LOKO/0x00000002
15:14:56.930  INFO     RX        /ERR/LOKO/0x00000002
15:14:56.930  INFO     RX        /ERR/LOKO/0x00000002
15:14:56.930  INFO     RX        /ERR/LOKO/0x00000002
15:14:56.959  INFO     RX        /ERR/LOKO/0x00000002
15:14:56.959  INFO     RX        /ERR/LOKO/0x00000002
15:14:56.995  INFO     RX        /ERR/LOKO/0x00000002
15:14:56.995  INFO     RX        /ERR/LOKO/0x00000002
15:14:56.995  INFO     RX        /ERR/LOKO/0x00000002
15:14:57.024  INFO     RX        /ERR/LOKO/0x00000002
15:14:57.024  INFO     RX        /ERR/LOKO/0x00000002
15:14:57.024  INFO     RX        /ERR/LOKO/0x00000002
15:14:57.060  INFO     RX        /ERR/LOKO/0x00000002
15:14:57.060  INFO     RX        /ERR/LOKO/0x00000002
15:14:57.060  INFO     RX        /ERR/LOKO/0x00000002
15:14:57.091  INFO     RX        /ERR/LOKO/0x00000002
15:14:57.091  INFO     RX        /ERR/LOKO/0x00000002
15:14:57.091  INFO     RX        /ERR/LOKO/0x00000002
15:14:57.124  INFO     RX        /ERR/LOKO/0x00000002
15:14:57.124  INFO     RX        /ERR/LOKO/0x00000002
15:14:57.124  INFO     RX        /ERR/LOKO/0x00000002
15:14:57.157  INFO     RX        /ERR/LOKO/0x00000002
15:14:57.157  INFO     RX        /ERR/LOKO/0x00000002
15:14:57.188  INFO     RX        /ERR/LOKO/0x00000002
15:14:57.189  INFO     RX        /ERR/LOKO/0x00000002
15:14:57.189  INFO     RX        /ERR/LOKO/0x00000002
15:14:57.221  INFO     RX        /ERR/LOKO/0x00000002
15:14:57.221  INFO     RX        /ERR/LOKO/0x00000002
15:14:57.221  INFO     RX        /ERR/LOKO/0x00000002
15:14:57.255  INFO     RX        /ERR/LOKO/0x00000002
15:14:57.255  INFO     RX        /ERR/LOKO/0x00000002
15:14:57.255  INFO     RX        /ERR/LOKO/0x00000002
15:14:57.289  INFO     RX        /ERR/LOKO/0x00000002
15:14:57.289  INFO     RX        /ERR/LOKO/0x00000002
15:14:57.289  INFO     RX        /ERR/LOKO/0x00000002
15:14:57.319  INFO     RX        /ERR/LOKO/0x00000002
15:14:57.319  INFO     RX        /ERR/LOKO/0x00000002
15:14:57.350  INFO     RX        /ERR/LOKO/0x00000002
15:14:57.350  INFO     RX        /ERR/LOKO/0x00000002
15:14:57.350  INFO     RX        /ERR/LOKO/0x00000002
15:14:57.382  INFO     RX        /ERR/LOKO/0x00000002
15:14:57.382  INFO     RX        /ERR/LOKO/0x00000002
15:14:57.382  INFO     RX        /ERR/LOKO/0x00000002
15:14:57.419  INFO     RX        /ERR/LOKO/0x00000002
15:14:57.420  INFO     RX        /ERR/LOKO/0x00000002
15:14:57.420  INFO     RX        /ERR/LOKO/0x00000002
15:14:57.449  INFO     RX        /ERR/LOKO/0x00000002
15:14:57.449  INFO     RX        /ERR/LOKO/0x00000002
15:14:57.449  INFO     RX        /ERR/LOKO/0x00000002
15:14:57.483  INFO     RX        /ERR/LOKO/0x00000002
15:14:57.483  INFO     RX        /ERR/LOKO/0x00000002
15:14:57.513  INFO     RX        /ERR/LOKO/0x00000002
15:14:57.513  INFO     RX        /ERR/LOKO/0x00000002
15:14:57.513  INFO     RX        /ERR/LOKO/0x00000002
15:14:57.549  INFO     RX        /ERR/LOKO/0x00000002
15:14:57.550  INFO     RX        /ERR/LOKO/0x00000002
15:14:57.550  INFO     RX        /ERR/LOKO/0x00000002
15:14:57.582  INFO     RX        /ERR/LOKO/0x00000002
15:14:57.582  INFO     RX        /ERR/LOKO/0x00000002
15:14:57.582  INFO     RX        /ERR/LOKO/0x00000002
15:14:57.613  INFO     RX        /ERR/LOKO/0x00000002
15:14:57.613  INFO     RX        /ERR/LOKO/0x00000002
15:14:57.613  INFO     RX        /ERR/LOKO/0x00000002
15:14:57.646  INFO     RX        /ERR/LOKO/0x00000002
15:14:57.646  INFO     RX        /ERR/LOKO/0x00000002
15:14:57.646  INFO     RX        /ERR/LOKO/0x00000002
15:14:57.671  DEBUG    TX /CONTROLL/0,0,0,0,0,0,0,0,0
15:14:57.675  INFO     RX        /ERR/LOKO/0x00000002
15:14:57.675  INFO     RX        /ERR/LOKO/0x00000002
15:14:57.710  INFO     RX        /ERR/LOKO/0x00000002
15:14:57.710  INFO     RX        /ERR/LOKO/0x00000002
15:14:57.710  INFO     RX        /ERR/LOKO/0x00000002
15:14:57.739  INFO     RX        /ERR/LOKO/0x00000002
15:14:57.739  INFO     RX        /ERR/LOKO/0x00000002
15:14:57.739  INFO     RX        /ERR/LOKO/0x00000002
15:14:57.774  INFO     RX        /ERR/LOKO/0x00000002
15:14:57.774  INFO     RX        /ERR/LOKO/0x00000002
15:14:57.774  INFO     RX        /ERR/LOKO/0x00000002
15:14:57.803  INFO     RX        /ERR/LOKO/0x00000002
15:14:57.803  INFO     RX        /ERR/LOKO/0x00000002
15:14:57.838  INFO     RX        /ERR/LOKO/0x00000002
15:14:57.839  INFO     RX        /ERR/LOKO/0x00000002
15:14:57.839  INFO     RX        /ERR/LOKO/0x00000002
15:14:57.868  INFO     RX        /ERR/LOKO/0x00000002
15:14:57.868  INFO     RX        /ERR/LOKO/0x00000002
15:14:57.868  INFO     RX        /ERR/LOKO/0x00000002
15:14:57.901  INFO     RX        /ERR/LOKO/0x00000002
15:14:57.901  INFO     RX        /ERR/LOKO/0x00000002
15:14:57.935  INFO     RX        /ERR/LOKO/0x00000002
15:14:57.935  INFO     RX        /ERR/LOKO/0x00000002
15:14:57.935  INFO     RX        /ERR/LOKO/0x00000002
15:14:58.123  INFO     RX        /BATTERY/VDDA/12849 mV
15:14:58.123  INFO     RX        === Hexapod Mainboard ===
15:14:58.141  INFO     RX        PCA9685 Right: OK
15:14:58.161  INFO     RX        PCA9685 Left:  OK
15:14:58.196  INFO     RX        LSM6DSO IMU:   OK
15:14:58.407  INFO     RX        VL53L1X ToF:   OK
15:14:58.424  INFO     RX        Locomotion:    INIT (UN_ARMED, printf mode)
15:14:58.424  INFO     RX        Press L1 to arm, R1 to disarm at any time.
15:14:58.424  INFO     RX        Ready.
15:14:59.283  DEBUG    TX /CONTROLL/0,0,0,-54,0,0,0,0,0
15:15:00.896  DEBUG    TX /CONTROLL/0,0,0,0,0,0,0,0,0
15:15:01.158  INFO     RX        /ERR/LOKO/0x00000002
15:15:01.158  INFO     RX        /ERR/LOKO/0x00000002
15:15:01.193  INFO     RX        /ERR/LOKO/0x00000002
15:15:01.193  INFO     RX        /ERR/LOKO/0x00000002
15:15:01.193  INFO     RX        /ERR/LOKO/0x00000002
15:15:01.226  INFO     RX        /ERR/LOKO/0x00000002
15:15:01.226  INFO     RX        /ERR/LOKO/0x00000002
15:15:01.226  INFO     RX        /ERR/LOKO/0x00000002
15:15:01.259  INFO     RX        /ERR/LOKO/0x00000002
15:15:01.259  INFO     RX        /ERR/LOKO/0x00000002
15:15:01.259  INFO     RX        /ERR/LOKO/0x00000002
15:15:01.286  INFO     RX        /ERR/LOKO/0x00000002
15:15:01.286  INFO     RX        /ERR/LOKO/0x00000002
15:15:01.321  INFO     RX        /ERR/LOKO/0x00000002
15:15:01.321  INFO     RX        /ERR/LOKO/0x00000002
15:15:01.321  INFO     RX        /ERR/LOKO/0x00000002
15:15:01.350  INFO     RX        /ERR/LOKO/0x00000002
15:15:01.350  INFO     RX        /ERR/LOKO/0x00000002
15:15:01.386  INFO     RX        /ERR/LOKO/0x00000002
15:15:02.290  INFO     RX        /ERR/LOKO/0x00000002
15:15:02.290  INFO     RX        /ERR/LOKO/0x00000002
15:15:02.322  INFO     RX        /ERR/LOKO/0x00000002
15:15:02.322  INFO     RX        /ERR/LOKO/0x00000002
15:15:02.322  INFO     RX        /ERR/LOKO/0x00000002
15:15:02.354  INFO     RX        /ERR/LOKO/0x00000002
15:15:02.354  INFO     RX        /ERR/LOKO/0x00000002
15:15:02.387  INFO     RX        /ERR/LOKO/0x00000002
15:15:02.452  INFO     RX        /ERR/LOKO/0x00000002
15:15:02.452  INFO     RX        /ERR/LOKO/0x00000002
15:15:02.482  INFO     RX        /ERR/LOKO/0x00000002
15:15:02.482  INFO     RX        /ERR/LOKO/0x00000002
15:15:02.509  DEBUG    TX /CONTROLL/0,0,-13,-96,0,0,0,0,0
15:15:02.514  INFO     RX        /ERR/LOKO/0x00000002
15:15:02.514  INFO     RX        /ERR/LOKO/0x00000002
15:15:02.514  INFO     RX        /ERR/LOKO/0x00000002
15:15:02.546  INFO     RX        /ERR/LOKO/0x00000002
15:15:02.546  INFO     RX        /ERR/LOKO/0x00000002
15:15:02.546  INFO     RX        /ERR/LOKO/0x00000002
15:15:02.578  INFO     RX        /ERR/LOKO/0x00000002
15:15:02.578  INFO     RX        /ERR/LOKO/0x00000002
15:15:02.613  INFO     RX        /ERR/LOKO/0x00000002
15:15:02.613  INFO     RX        /ERR/LOKO/0x00000002
15:15:02.613  INFO     RX        /ERR/LOKO/0x00000002
15:15:02.640  INFO     RX        /ERR/LOKO/0x00000002
15:15:02.640  INFO     RX        /ERR/LOKO/0x00000002
15:15:02.640  INFO     RX        /ERR/LOKO/0x00000002
15:15:02.675  INFO     RX        /ERR/LOKO/0x00000002
15:15:02.675  INFO     RX        /ERR/LOKO/0x00000002
15:15:02.675  INFO     RX        /ERR/LOKO/0x00000002
15:15:02.705  INFO     RX        /ERR/LOKO/0x00000002
15:15:02.705  INFO     RX        /ERR/LOKO/0x00000002
15:15:02.740  INFO     RX        /ERR/LOKO/0x00000002
15:15:02.740  INFO     RX        /ERR/LOKO/0x00000002
15:15:02.740  INFO     RX        /ERR/LOKO/0x00000002
15:15:02.774  INFO     RX        /ERR/LOKO/0x00000002
15:15:02.774  INFO     RX        /ERR/LOKO/0x00000002
15:15:02.774  INFO     RX        /ERR/LOKO/0x00000002
15:15:02.806  INFO     RX        /ERR/LOKO/0x00000002
15:15:02.806  INFO     RX        /ERR/LOKO/0x00000002
15:15:02.806  INFO     RX        /ERR/LOKO/0x00000002
15:15:02.838  INFO     RX        /ERR/LOKO/0x00000002
15:15:02.838  INFO     RX        /ERR/LOKO/0x00000002
15:15:02.838  INFO     RX        /ERR/LOKO/0x00000002
15:15:02.866  INFO     RX        /ERR/LOKO/0x00000002
15:15:02.867  INFO     RX        /ERR/LOKO/0x00000002
15:15:02.902  INFO     RX        /ERR/LOKO/0x00000002
15:15:03.453  INFO     RX        /ERR/LOKO/0x00000002
15:15:03.454  INFO     RX        /ERR/LOKO/0x00000002
15:15:03.485  INFO     RX        /ERR/LOKO/0x00000002
15:15:03.485  INFO     RX        /ERR/LOKO/0x00000002
15:15:03.609  INFO     RX        /ERR/LOKO/0x00000002
15:15:03.609  INFO     RX        /ERR/LOKO/0x00000002
15:15:03.609  INFO     RX        /ERR/LOKO/0x00000002
15:15:03.609  INFO     RX        /ERR/LOKO/0x00000002
15:15:03.609  INFO     RX        /ERR/LOKO/0x00000002
15:15:03.609  INFO     RX        /ERR/LOKO/0x00000002
15:15:03.609  INFO     RX        /ERR/LOKO/0x00000002
15:15:03.609  INFO     RX        /ERR/LOKO/0x00000002
15:15:03.614  INFO     RX        /ERR/LOKO/0x00000002
15:15:03.614  INFO     RX        /ERR/LOKO/0x00000002
15:15:03.614  INFO     RX        /ERR/LOKO/0x00000002
15:15:03.619  INFO     RX        /ERR/LOKO/0x00000002
15:15:03.643  INFO     RX        /ERR/LOKO/0x00000002
15:15:03.644  INFO     RX        /ERR/LOKO/0x00000002
15:15:03.679  INFO     RX        /ERR/LOKO/0x00000002
15:15:03.679  INFO     RX        /ERR/LOKO/0x00000002
15:15:03.679  INFO     RX        /ERR/LOKO/0x00000002
15:15:03.708  INFO     RX        /ERR/LOKO/0x00000002
15:15:03.708  INFO     RX        /ERR/LOKO/0x00000002
15:15:03.745  INFO     RX        /ERR/LOKO/0x00000002
15:15:03.745  INFO     RX        /ERR/LOKO/0x00000002
15:15:03.745  INFO     RX        /ERR/LOKO/0x00000002
15:15:03.773  INFO     RX        /ERR/LOKO/0x00000002
15:15:03.773  INFO     RX        /ERR/LOKO/0x00000002
15:15:03.773  INFO     RX        /ERR/LOKO/0x00000002
15:15:03.805  INFO     RX        /ERR/LOKO/0x00000002
15:15:03.805  INFO     RX        /ERR/LOKO/0x00000002
15:15:03.837  INFO     RX        /ERR/LOKO/0x00000002
15:15:03.838  INFO     RX        /ERR/LOKO/0x00000002
15:15:03.838  INFO     RX        /ERR/LOKO/0x00000002
15:15:03.873  INFO     RX        /ERR/LOKO/0x00000002
15:15:03.873  INFO     RX        /ERR/LOKO/0x00000002
15:15:03.873  INFO     RX        /ERR/LOKO/0x00000002
15:15:03.902  INFO     RX        /ERR/LOKO/0x00000002
15:15:03.902  INFO     RX        /ERR/LOKO/0x00000002
15:15:03.937  INFO     RX        /ERR/LOKO/0x00000002
15:15:03.937  INFO     RX        /ERR/LOKO/0x00000002
15:15:03.937  INFO     RX        /ERR/LOKO/0x00000002
15:15:03.966  INFO     RX        /ERR/LOKO/0x00000002
15:15:03.966  INFO     RX        /ERR/LOKO/0x00000002
15:15:03.966  INFO     RX        /ERR/LOKO/0x00000002
15:15:03.998  INFO     RX        /ERR/LOKO/0x00000002
15:15:03.998  INFO     RX        /ERR/LOKO/0x00000002
15:15:03.998  INFO     RX        /ERR/LOKO/0x00000002
15:15:04.033  INFO     RX        /ERR/LOKO/0x00000002
15:15:04.033  INFO     RX        /ERR/LOKO/0x00000002
15:15:04.033  INFO     RX        /ERR/LOKO/0x00000002
15:15:04.066  INFO     RX        /ERR/LOKO/0x00000002
15:15:04.067  INFO     RX        /ERR/LOKO/0x00000002
15:15:04.099  INFO     RX        /ERR/LOKO/0x00000002
15:15:04.099  INFO     RX        /ERR/LOKO/0x00000002
15:15:04.099  INFO     RX        /ERR/LOKO/0x00000002
15:15:04.124  DEBUG    TX /CONTROLL/0,0,0,-24,0,0,0,0,0
15:15:04.128  INFO     RX        /ERR/LOKO/0x00000002
15:15:04.128  INFO     RX        /ERR/LOKO/0x00000002
15:15:04.128  INFO     RX        /ERR/LOKO/0x00000002
15:15:04.162  INFO     RX        /ERR/LOKO/0x00000002
15:15:04.162  INFO     RX        /ERR/LOKO/0x00000002
15:15:04.194  INFO     RX        /ERR/LOKO/0x00000002
15:15:04.194  INFO     RX        /ERR/LOKO/0x00000002
15:15:04.194  INFO     RX        /ERR/LOKO/0x00000002
15:15:04.226  INFO     RX        /ERR/LOKO/0x00000002
15:15:04.226  INFO     RX        /ERR/LOKO/0x00000002
15:15:04.226  INFO     RX        /ERR/LOKO/0x00000002
15:15:04.255  INFO     RX        /ERR/LOKO/0x00000002
15:15:04.255  INFO     RX        /ERR/LOKO/0x00000002
15:15:04.290  INFO     RX        /ERR/LOKO/0x00000002
15:15:04.290  INFO     RX        /ERR/LOKO/0x00000002
15:15:04.290  INFO     RX        /ERR/LOKO/0x00000002
15:15:04.320  INFO     RX        /ERR/LOKO/0x00000002
15:15:04.320  INFO     RX        /ERR/LOKO/0x00000002
15:15:04.320  INFO     RX        /ERR/LOKO/0x00000002
15:15:04.354  INFO     RX        /ERR/LOKO/0x00000002
15:15:04.355  INFO     RX        /ERR/LOKO/0x00000002
15:15:04.355  INFO     RX        /ERR/LOKO/0x00000002
15:15:04.383  INFO     RX        /ERR/LOKO/0x00000002
15:15:04.383  INFO     RX        /ERR/LOKO/0x00000002
15:15:04.415  INFO     RX        /ERR/LOKO/0x00000002
15:15:04.415  INFO     RX        /ERR/LOKO/0x00000002
15:15:04.415  INFO     RX        /ERR/LOKO/0x00000002
15:15:04.451  INFO     RX        /ERR/LOKO/0x00000002
15:15:04.451  INFO     RX        /ERR/LOKO/0x00000002
15:15:04.451  INFO     RX        /ERR/LOKO/0x00000002
15:15:04.481  INFO     RX        /ERR/LOKO/0x00000002
15:15:04.481  INFO     RX        /ERR/LOKO/0x00000002
15:15:04.481  INFO     RX        /ERR/LOKO/0x00000002
15:15:04.513  INFO     RX        /ERR/LOKO/0x00000002
15:15:04.513  INFO     RX        /ERR/LOKO/0x00000002
15:15:04.546  INFO     RX        /ERR/LOKO/0x00000002
15:15:04.546  INFO     RX        /ERR/LOKO/0x00000002
15:15:04.546  INFO     RX        /ERR/LOKO/0x00000002
15:15:04.583  INFO     RX        /ERR/LOKO/0x00000002
15:15:04.583  INFO     RX        /ERR/LOKO/0x00000002
15:15:04.583  INFO     RX        /ERR/LOKO/0x00000002
15:15:04.611  INFO     RX        /ERR/LOKO/0x00000002
15:15:04.611  INFO     RX        /ERR/LOKO/0x00000002
15:15:04.611  INFO     RX        /ERR/LOKO/0x00000002
15:15:04.642  INFO     RX        /ERR/LOKO/0x00000002
15:15:04.642  INFO     RX        /ERR/LOKO/0x00000002
15:15:04.674  INFO     RX        /ERR/LOKO/0x00000002
15:15:04.674  INFO     RX        /ERR/LOKO/0x00000002
15:15:04.674  INFO     RX        /ERR/LOKO/0x00000002
15:15:04.710  INFO     RX        /ERR/LOKO/0x00000002
15:15:04.710  INFO     RX        /ERR/LOKO/0x00000002
15:15:04.710  INFO     RX        /ERR/LOKO/0x00000002
15:15:04.738  INFO     RX        /ERR/LOKO/0x00000002
15:15:04.738  INFO     RX        /ERR/LOKO/0x00000002
15:15:04.771  INFO     RX        /ERR/LOKO/0x00000002
15:15:04.771  INFO     RX        /ERR/LOKO/0x00000002
15:15:04.771  INFO     RX        /ERR/LOKO/0x00000002
15:15:04.806  INFO     RX        /ERR/LOKO/0x00000002
15:15:04.806  INFO     RX        /ERR/LOKO/0x00000002
15:15:04.806  INFO     RX        /ERR/LOKO/0x00000002
15:15:04.836  INFO     RX        /ERR/LOKO/0x00000002
15:15:04.836  INFO     RX        /ERR/LOKO/0x00000002
15:15:04.836  INFO     RX        /ERR/LOKO/0x00000002
15:15:04.871  INFO     RX        /ERR/LOKO/0x00000002
15:15:04.871  INFO     RX        /ERR/LOKO/0x00000002
15:15:04.871  INFO     RX        /ERR/LOKO/0x00000002
15:15:04.900  INFO     RX        /ERR/LOKO/0x00000002
15:15:04.900  INFO     RX        /ERR/LOKO/0x00000002
15:15:04.935  INFO     RX        /ERR/LOKO/0x00000002
15:15:04.935  INFO     RX        /ERR/LOKO/0x00000002
15:15:04.935  INFO     RX        /ERR/LOKO/0x00000002
15:15:04.964  INFO     RX        /ERR/LOKO/0x00000002
15:15:04.964  INFO     RX        /ERR/LOKO/0x00000002
15:15:04.964  INFO     RX        /ERR/LOKO/0x00000002
15:15:04.999  INFO     RX        /ERR/LOKO/0x00000002
15:15:04.999  INFO     RX        /ERR/LOKO/0x00000002
15:15:04.999  INFO     RX        /ERR/LOKO/0x00000002
15:15:05.030  INFO     RX        /ERR/LOKO/0x00000002
15:15:05.030  INFO     RX        /ERR/LOKO/0x00000002
15:15:05.064  INFO     RX        /ERR/LOKO/0x00000002
15:15:05.064  INFO     RX        /ERR/LOKO/0x00000002
15:15:05.064  INFO     RX        /ERR/LOKO/0x00000002
15:15:05.092  INFO     RX        /ERR/LOKO/0x00000002
15:15:05.092  INFO     RX        /ERR/LOKO/0x00000002
15:15:05.124  INFO     RX        /ERR/LOKO/0x00000002
15:15:05.124  INFO     RX        /ERR/LOKO/0x00000002
15:15:05.124  INFO     RX        /ERR/LOKO/0x00000002
15:15:05.160  INFO     RX        /ERR/LOKO/0x00000002
15:15:05.160  INFO     RX        /ERR/LOKO/0x00000002
15:15:05.160  INFO     RX        /ERR/LOKO/0x00000002
15:15:05.190  INFO     RX        /ERR/LOKO/0x00000002
15:15:05.190  INFO     RX        /ERR/LOKO/0x00000002
15:15:05.190  INFO     RX        /ERR/LOKO/0x00000002
15:15:05.224  INFO     RX        /ERR/LOKO/0x00000002
15:15:05.225  INFO     RX        /ERR/LOKO/0x00000002
15:15:05.225  INFO     RX        /ERR/LOKO/0x00000002
15:15:05.253  INFO     RX        /ERR/LOKO/0x00000002
15:15:05.253  INFO     RX        /ERR/LOKO/0x00000002
15:15:05.291  INFO     RX        /ERR/LOKO/0x00000002
15:15:05.291  INFO     RX        /ERR/LOKO/0x00000002
15:15:05.291  INFO     RX        /ERR/LOKO/0x00000002
15:15:05.319  INFO     RX        /ERR/LOKO/0x00000002
15:15:05.319  INFO     RX        /ERR/LOKO/0x00000002
15:15:05.319  INFO     RX        /ERR/LOKO/0x00000002
15:15:05.353  INFO     RX        /ERR/LOKO/0x00000002
15:15:05.353  INFO     RX        /ERR/LOKO/0x00000002
15:15:05.353  INFO     RX        /ERR/LOKO/0x00000002
15:15:05.384  INFO     RX        /ERR/LOKO/0x00000002
15:15:05.384  INFO     RX        /ERR/LOKO/0x00000002
15:15:05.418  INFO     RX        /ERR/LOKO/0x00000002
15:15:05.418  INFO     RX        /ERR/LOKO/0x00000002
15:15:05.418  INFO     RX        /ERR/LOKO/0x00000002
15:15:05.447  INFO     RX        /ERR/LOKO/0x00000002
15:15:05.447  INFO     RX        /ERR/LOKO/0x00000002
15:15:05.479  INFO     RX        /ERR/LOKO/0x00000002
15:15:05.479  INFO     RX        /ERR/LOKO/0x00000002
15:15:05.479  INFO     RX        /ERR/LOKO/0x00000002
15:15:05.514  INFO     RX        /ERR/LOKO/0x00000002
15:15:05.514  INFO     RX        /ERR/LOKO/0x00000002
15:15:05.514  INFO     RX        /ERR/LOKO/0x00000002
15:15:05.546  INFO     RX        /ERR/LOKO/0x00000002
15:15:05.546  INFO     RX        /ERR/LOKO/0x00000002
15:15:05.546  INFO     RX        /ERR/LOKO/0x00000002
15:15:05.575  INFO     RX        /ERR/LOKO/0x00000002
15:15:05.576  INFO     RX        /ERR/LOKO/0x00000002
15:15:05.610  INFO     RX        /ERR/LOKO/0x00000002
15:15:05.610  INFO     RX        /ERR/LOKO/0x00000002
15:15:05.611  INFO     RX        /ERR/LOKO/0x00000002
15:15:05.638  INFO     RX        /ERR/LOKO/0x00000002
15:15:05.639  INFO     RX        /ERR/LOKO/0x00000002
15:15:05.639  INFO     RX        /ERR/LOKO/0x00000002
15:15:05.671  INFO     RX        /ERR/LOKO/0x00000002
15:15:05.671  INFO     RX        /ERR/LOKO/0x00000002
15:15:05.705  INFO     RX        /ERR/LOKO/0x00000002
15:15:05.705  INFO     RX        /ERR/LOKO/0x00000002
15:15:05.705  INFO     RX        /ERR/LOKO/0x00000002
15:15:05.732  DEBUG    TX /CONTROLL/0,0,0,-34,0,0,0,0,0
15:15:05.737  INFO     RX        /ERR/LOKO/0x00000002
15:15:05.737  INFO     RX        /ERR/LOKO/0x00000002
15:15:05.737  INFO     RX        /ERR/LOKO/0x00000002
15:15:05.769  INFO     RX        /ERR/LOKO/0x00000002
15:15:05.769  INFO     RX        /ERR/LOKO/0x00000002
15:15:05.769  INFO     RX        /ERR/LOKO/0x00000002
15:15:05.799  INFO     RX        /ERR/LOKO/0x00000002
15:15:05.799  INFO     RX        /ERR/LOKO/0x00000002
15:15:05.833  INFO     RX        /ERR/LOKO/0x00000002
15:15:05.833  INFO     RX        /ERR/LOKO/0x00000002
15:15:05.833  INFO     RX        /ERR/LOKO/0x00000002
15:15:05.865  INFO     RX        /ERR/LOKO/0x00000002
15:15:05.865  INFO     RX        /ERR/LOKO/0x00000002
15:15:05.865  INFO     RX        /ERR/LOKO/0x00000002
15:15:05.897  INFO     RX        /ERR/LOKO/0x00000002
15:15:05.897  INFO     RX        /ERR/LOKO/0x00000002
15:15:05.897  INFO     RX        /ERR/LOKO/0x00000002
15:15:05.929  INFO     RX        /ERR/LOKO/0x00000002
15:15:05.930  INFO     RX        /ERR/LOKO/0x00000002
15:15:05.960  INFO     RX        /ERR/LOKO/0x00000002
15:15:05.960  INFO     RX        /ERR/LOKO/0x00000002
15:15:05.960  INFO     RX        /ERR/LOKO/0x00000002
15:15:05.995  INFO     RX        /ERR/LOKO/0x00000002
15:15:05.995  INFO     RX        /ERR/LOKO/0x00000002
15:15:05.995  INFO     RX        /ERR/LOKO/0x00000002
15:15:06.024  INFO     RX        /ERR/LOKO/0x00000002
15:15:06.024  INFO     RX        /ERR/LOKO/0x00000002
15:15:06.060  INFO     RX        /ERR/LOKO/0x00000002
15:15:06.060  INFO     RX        /ERR/LOKO/0x00000002
15:15:06.060  INFO     RX        /ERR/LOKO/0x00000002
15:15:06.172  INFO     RX        /ERR/LOKO/0x00000002
15:15:06.172  INFO     RX        /ERR/LOKO/0x00000002
15:15:06.172  INFO     RX        /ERR/LOKO/0x00000002
15:15:06.172  INFO     RX        /ERR/LOKO/0x00000002
15:15:06.172  INFO     RX        /ERR/LOKO/0x00000002
15:15:06.172  INFO     RX        /ERR/LOKO/0x00000002
15:15:06.172  INFO     RX        /ERR/LOKO/0x00000002
15:15:06.172  INFO     RX        /ERR/LOKO/0x00000002
15:15:06.180  INFO     RX        /ERR/LOKO/0x00000002
15:15:06.180  INFO     RX        /ERR/LOKO/0x00000002
15:15:06.180  INFO     RX        /ERR/LOKO/0x00000002
15:15:06.189  INFO     RX        /ERR/LOKO/0x00000002
15:15:06.219  INFO     RX        /ERR/LOKO/0x00000002
15:15:06.219  INFO     RX        /ERR/LOKO/0x00000002
15:15:06.253  INFO     RX        /ERR/LOKO/0x00000002
15:15:06.253  INFO     RX        /ERR/LOKO/0x00000002
15:15:06.253  INFO     RX        /ERR/LOKO/0x00000002
15:15:06.286  INFO     RX        /ERR/LOKO/0x00000002
15:15:06.286  INFO     RX        /ERR/LOKO/0x00000002
15:15:06.286  INFO     RX        /ERR/LOKO/0x00000002
15:15:06.316  INFO     RX        /ERR/LOKO/0x00000002
15:15:06.316  INFO     RX        /ERR/LOKO/0x00000002
15:15:06.352  INFO     RX        /ERR/LOKO/0x00000002
15:15:06.352  INFO     RX        /ERR/LOKO/0x00000002
15:15:06.352  INFO     RX        /ERR/LOKO/0x00000002
15:15:06.380  INFO     RX        /ERR/LOKO/0x00000002
15:15:06.381  INFO     RX        /ERR/LOKO/0x00000002
15:15:06.381  INFO     RX        /ERR/LOKO/0x00000002
15:15:06.413  INFO     RX        /ERR/LOKO/0x00000002
15:15:06.413  INFO     RX        /ERR/LOKO/0x00000002
15:15:06.448  INFO     RX        /ERR/LOKO/0x00000002
15:15:06.448  INFO     RX        /ERR/LOKO/0x00000002
15:15:06.448  INFO     RX        /ERR/LOKO/0x00000002
15:15:06.477  INFO     RX        /ERR/LOKO/0x00000002
15:15:06.477  INFO     RX        /ERR/LOKO/0x00000002
15:15:06.477  INFO     RX        /ERR/LOKO/0x00000002
15:15:06.511  INFO     RX        /ERR/LOKO/0x00000002
15:15:06.511  INFO     RX        /ERR/LOKO/0x00000002
15:15:06.511  INFO     RX        /ERR/LOKO/0x00000002
15:15:06.547  INFO     RX        /ERR/LOKO/0x00000002
15:15:06.547  INFO     RX        /ERR/LOKO/0x00000002
15:15:06.547  INFO     RX        /ERR/LOKO/0x00000002
15:15:06.575  INFO     RX        /ERR/LOKO/0x00000002
15:15:06.575  INFO     RX        /ERR/LOKO/0x00000002
15:15:06.611  INFO     RX        /ERR/LOKO/0x00000002
15:15:06.611  INFO     RX        /ERR/LOKO/0x00000002
15:15:06.611  INFO     RX        /ERR/LOKO/0x00000002
15:15:06.639  INFO     RX        /ERR/LOKO/0x00000002
15:15:06.639  INFO     RX        /ERR/LOKO/0x00000002
15:15:06.639  INFO     RX        /ERR/LOKO/0x00000002
15:15:06.671  INFO     RX        /ERR/LOKO/0x00000002
15:15:06.671  INFO     RX        /ERR/LOKO/0x00000002
15:15:06.706  INFO     RX        /ERR/LOKO/0x00000002
15:15:06.706  INFO     RX        /ERR/LOKO/0x00000002
15:15:06.706  INFO     RX        /ERR/LOKO/0x00000002
15:15:06.735  INFO     RX        /ERR/LOKO/0x00000002
15:15:06.736  INFO     RX        /ERR/LOKO/0x00000002
15:15:06.736  INFO     RX        /ERR/LOKO/0x00000002
15:15:06.770  INFO     RX        /ERR/LOKO/0x00000002
15:15:06.770  INFO     RX        /ERR/LOKO/0x00000002
15:15:06.770  INFO     RX        /ERR/LOKO/0x00000002
15:15:06.800  INFO     RX        /ERR/LOKO/0x00000002
15:15:06.800  INFO     RX        /ERR/LOKO/0x00000002
15:15:06.832  INFO     RX        /ERR/LOKO/0x00000002
15:15:06.832  INFO     RX        /ERR/LOKO/0x00000002
15:15:06.832  INFO     RX        /ERR/LOKO/0x00000002
15:15:06.867  INFO     RX        /ERR/LOKO/0x00000002
15:15:06.867  INFO     RX        /ERR/LOKO/0x00000002
15:15:06.867  INFO     RX        /ERR/LOKO/0x00000002
15:15:06.897  INFO     RX        /ERR/LOKO/0x00000002
15:15:06.897  INFO     RX        /ERR/LOKO/0x00000002
15:15:06.932  INFO     RX        /ERR/LOKO/0x00000002
15:15:06.932  INFO     RX        /ERR/LOKO/0x00000002
15:15:06.932  INFO     RX        /ERR/LOKO/0x00000002
15:15:06.962  INFO     RX        /ERR/LOKO/0x00000002
15:15:06.962  INFO     RX        /ERR/LOKO/0x00000002
15:15:06.962  INFO     RX        /ERR/LOKO/0x00000002
15:15:06.996  INFO     RX        /ERR/LOKO/0x00000002
15:15:06.996  INFO     RX        /ERR/LOKO/0x00000002
15:15:06.996  INFO     RX        /ERR/LOKO/0x00000002
15:15:07.026  INFO     RX        /ERR/LOKO/0x00000002
15:15:07.026  INFO     RX        /ERR/LOKO/0x00000002
15:15:07.060  INFO     RX        /ERR/LOKO/0x00000002
15:15:07.060  INFO     RX        /ERR/LOKO/0x00000002
15:15:07.060  INFO     RX        /ERR/LOKO/0x00000002
15:15:07.089  INFO     RX        /ERR/LOKO/0x00000002
15:15:07.090  INFO     RX        /ERR/LOKO/0x00000002
15:15:07.090  INFO     RX        /ERR/LOKO/0x00000002
15:15:07.125  INFO     RX        /ERR/LOKO/0x00000002
15:15:07.125  INFO     RX        /ERR/LOKO/0x00000002
15:15:07.125  INFO     RX        /ERR/LOKO/0x00000002
15:15:07.157  INFO     RX        /ERR/LOKO/0x00000002
15:15:07.157  INFO     RX        /ERR/LOKO/0x00000002
15:15:07.189  INFO     RX        /ERR/LOKO/0x00000002
15:15:07.189  INFO     RX        /ERR/LOKO/0x00000002
15:15:07.189  INFO     RX        /ERR/LOKO/0x00000002
15:15:07.221  INFO     RX        /ERR/LOKO/0x00000002
15:15:07.221  INFO     RX        /ERR/LOKO/0x00000002
15:15:07.221  INFO     RX        /ERR/LOKO/0x00000002
15:15:07.256  INFO     RX        /ERR/LOKO/0x00000002
15:15:07.257  INFO     RX        /ERR/LOKO/0x00000002
15:15:07.257  INFO     RX        /ERR/LOKO/0x00000002
15:15:07.284  INFO     RX        /ERR/LOKO/0x00000002
15:15:07.284  INFO     RX        /ERR/LOKO/0x00000002
15:15:07.320  INFO     RX        /ERR/LOKO/0x00000002
15:15:07.320  INFO     RX        /ERR/LOKO/0x00000002
15:15:07.320  INFO     RX        /ERR/LOKO/0x00000002
15:15:07.344  DEBUG    TX /CONTROLL/0,0,0,-36,0,0,0,0,0
15:15:07.350  INFO     RX        /ERR/LOKO/0x00000002
15:15:07.350  INFO     RX        /ERR/LOKO/0x00000002
15:15:07.350  INFO     RX        /ERR/LOKO/0x00000002
15:15:07.379  INFO     RX        /ERR/LOKO/0x00000002
15:15:07.379  INFO     RX        /ERR/LOKO/0x00000002
15:15:07.415  INFO     RX        /ERR/LOKO/0x00000002
15:15:07.415  INFO     RX        /ERR/LOKO/0x00000002
15:15:07.415  INFO     RX        /ERR/LOKO/0x00000002
15:15:07.443  INFO     RX        /ERR/LOKO/0x00000002
15:15:07.443  INFO     RX        /ERR/LOKO/0x00000002
15:15:07.443  INFO     RX        /ERR/LOKO/0x00000002
15:15:07.475  INFO     RX        /ERR/LOKO/0x00000002
15:15:07.476  INFO     RX        /ERR/LOKO/0x00000002
15:15:07.507  INFO     RX        /ERR/LOKO/0x00000002
15:15:07.507  INFO     RX        /ERR/LOKO/0x00000002
15:15:07.507  INFO     RX        /ERR/LOKO/0x00000002
15:15:07.539  INFO     RX        /ERR/LOKO/0x00000002
15:15:07.539  INFO     RX        /ERR/LOKO/0x00000002
15:15:07.539  INFO     RX        /ERR/LOKO/0x00000002
15:15:07.575  INFO     RX        /ERR/LOKO/0x00000002
15:15:07.575  INFO     RX        /ERR/LOKO/0x00000002
15:15:07.575  INFO     RX        /ERR/LOKO/0x00000002
15:15:07.604  INFO     RX        /ERR/LOKO/0x00000002
15:15:07.604  INFO     RX        /ERR/LOKO/0x00000002
15:15:07.637  INFO     RX        /ERR/LOKO/0x00000002
15:15:07.638  INFO     RX        /ERR/LOKO/0x00000002
15:15:07.638  INFO     RX        /ERR/LOKO/0x00000002
15:15:07.675  INFO     RX        /ERR/LOKO/0x00000002
15:15:07.675  INFO     RX        /ERR/LOKO/0x00000002
15:15:07.675  INFO     RX        /ERR/LOKO/0x00000002
15:15:07.701  INFO     RX        /ERR/LOKO/0x00000002
15:15:07.702  INFO     RX        /ERR/LOKO/0x00000002
15:15:07.702  INFO     RX        /ERR/LOKO/0x00000002
15:15:07.735  INFO     RX        /ERR/LOKO/0x00000002
15:15:07.736  INFO     RX        /ERR/LOKO/0x00000002
15:15:07.736  INFO     RX        /ERR/LOKO/0x00000002
15:15:07.766  INFO     RX        /ERR/LOKO/0x00000002
15:15:07.766  INFO     RX        /ERR/LOKO/0x00000002
15:15:07.803  INFO     RX        /ERR/LOKO/0x00000002
15:15:07.803  INFO     RX        /ERR/LOKO/0x00000002
15:15:07.803  INFO     RX        /ERR/LOKO/0x00000002
15:15:07.833  INFO     RX        /ERR/LOKO/0x00000002
15:15:07.833  INFO     RX        /ERR/LOKO/0x00000002
15:15:07.833  INFO     RX        /ERR/LOKO/0x00000002
15:15:07.861  INFO     RX        /ERR/LOKO/0x00000002
15:15:07.861  INFO     RX        /ERR/LOKO/0x00000002
15:15:07.897  INFO     RX        /ERR/LOKO/0x00000002
15:15:07.897  INFO     RX        /ERR/LOKO/0x00000002
15:15:07.897  INFO     RX        /ERR/LOKO/0x00000002
15:15:07.925  INFO     RX        /ERR/LOKO/0x00000002
15:15:07.925  INFO     RX        /ERR/LOKO/0x00000002
15:15:07.925  INFO     RX        /ERR/LOKO/0x00000002
15:15:07.962  INFO     RX        /ERR/LOKO/0x00000002
15:15:07.962  INFO     RX        /ERR/LOKO/0x00000002
15:15:07.962  INFO     RX        /ERR/LOKO/0x00000002
15:15:07.990  INFO     RX        /ERR/LOKO/0x00000002
15:15:07.990  INFO     RX        /ERR/LOKO/0x00000002
15:15:08.028  INFO     RX        /ERR/LOKO/0x00000002
15:15:08.028  INFO     RX        /ERR/LOKO/0x00000002
15:15:08.028  INFO     RX        /ERR/LOKO/0x00000002
15:15:08.056  INFO     RX        /ERR/LOKO/0x00000002
15:15:08.056  INFO     RX        /ERR/LOKO/0x00000002
15:15:08.056  INFO     RX        /ERR/LOKO/0x00000002
15:15:08.090  INFO     RX        /ERR/LOKO/0x00000002
15:15:08.090  INFO     RX        /ERR/LOKO/0x00000002
15:15:08.090  INFO     RX        /ERR/LOKO/0x00000002
15:15:08.118  INFO     RX        /ERR/LOKO/0x00000002
15:15:08.118  INFO     RX        /ERR/LOKO/0x00000002
15:15:08.154  INFO     RX        /ERR/LOKO/0x00000002
15:15:08.154  INFO     RX        /ERR/LOKO/0x00000002
15:15:08.154  INFO     RX        /ERR/LOKO/0x00000002
15:15:08.188  INFO     RX        /ERR/LOKO/0x00000002
15:15:08.188  INFO     RX        /ERR/LOKO/0x00000002
15:15:08.188  INFO     RX        /ERR/LOKO/0x00000002
15:15:08.215  INFO     RX        /ERR/LOKO/0x00000002
15:15:08.215  INFO     RX        /ERR/LOKO/0x00000002
15:15:08.250  INFO     RX        /ERR/LOKO/0x00000002
15:15:08.250  INFO     RX        /ERR/LOKO/0x00000002
15:15:08.250  INFO     RX        /ERR/LOKO/0x00000002
15:15:08.279  INFO     RX        /ERR/LOKO/0x00000002
15:15:08.280  INFO     RX        /ERR/LOKO/0x00000002
15:15:08.280  INFO     RX        /ERR/LOKO/0x00000002
15:15:08.315  INFO     RX        /ERR/LOKO/0x00000002
15:15:08.315  INFO     RX        /ERR/LOKO/0x00000002
15:15:08.315  INFO     RX        /ERR/LOKO/0x00000002
15:15:08.343  INFO     RX        /ERR/LOKO/0x00000002
15:15:08.343  INFO     RX        /ERR/LOKO/0x00000002
15:15:08.382  INFO     RX        /ERR/LOKO/0x00000002
15:15:08.382  INFO     RX        /ERR/LOKO/0x00000002
15:15:08.382  INFO     RX        /ERR/LOKO/0x00000002
15:15:08.406  INFO     RX        /ERR/LOKO/0x00000002
15:15:08.406  INFO     RX        /ERR/LOKO/0x00000002
15:15:08.441  INFO     RX        /ERR/LOKO/0x00000002
15:15:08.442  INFO     RX        /ERR/LOKO/0x00000002
15:15:08.442  INFO     RX        /ERR/LOKO/0x00000002
15:15:08.442  INFO     RX        /ERR/LOKO/0x00000002
15:15:08.474  INFO     RX        /ERR/LOKO/0x00000002
15:15:08.474  INFO     RX        /ERR/LOKO/0x00000002
15:15:08.506  INFO     RX        /ERR/LOKO/0x00000002
15:15:08.506  INFO     RX        /ERR/LOKO/0x00000002
15:15:08.506  INFO     RX        /ERR/LOKO/0x00000002
15:15:08.535  INFO     RX        /ERR/LOKO/0x00000002
15:15:08.536  INFO     RX        /ERR/LOKO/0x00000002
15:15:08.567  INFO     RX        /ERR/LOKO/0x00000002
15:15:08.567  INFO     RX        /ERR/LOKO/0x00000002
15:15:08.567  INFO     RX        /ERR/LOKO/0x00000002
15:15:08.602  INFO     RX        /ERR/LOKO/0x00000002
15:15:08.603  INFO     RX        /ERR/LOKO/0x00000002
15:15:08.603  INFO     RX        /ERR/LOKO/0x00000002
15:15:08.631  INFO     RX        /ERR/LOKO/0x00000002
15:15:08.632  INFO     RX        /ERR/LOKO/0x00000002
15:15:08.632  INFO     RX        /ERR/LOKO/0x00000002
15:15:08.768  INFO     RX        /ERR/LOKO/0x00000002
15:15:08.768  INFO     RX        /ERR/LOKO/0x00000002
15:15:08.768  INFO     RX        /ERR/LOKO/0x00000002
15:15:08.768  INFO     RX        /ERR/LOKO/0x00000002
15:15:08.768  INFO     RX        /ERR/LOKO/0x00000002
15:15:08.769  INFO     RX        /ERR/LOKO/0x00000002
15:15:08.769  INFO     RX        /ERR/LOKO/0x00000002
15:15:08.769  INFO     RX        /ERR/LOKO/0x00000002
15:15:08.769  INFO     RX        /ERR/LOKO/0x00000002
15:15:08.769  INFO     RX        /ERR/LOKO/0x00000002
15:15:08.782  INFO     RX        /ERR/LOKO/0x00000002
15:15:08.782  INFO     RX        /ERR/LOKO/0x00000002
15:15:08.786  INFO     RX        /ERR/LOKO/0x00000002
15:15:08.823  INFO     RX        /ERR/LOKO/0x00000002
15:15:08.823  INFO     RX        /ERR/LOKO/0x00000002
15:15:08.823  INFO     RX        /ERR/LOKO/0x00000002
15:15:08.858  INFO     RX        /ERR/LOKO/0x00000002
15:15:08.858  INFO     RX        /ERR/LOKO/0x00000002
15:15:08.858  INFO     RX        /ERR/LOKO/0x00000002
15:15:08.888  INFO     RX        /ERR/LOKO/0x00000002
15:15:08.888  INFO     RX        /ERR/LOKO/0x00000002
15:15:08.923  INFO     RX        /ERR/LOKO/0x00000002
15:15:08.924  INFO     RX        /ERR/LOKO/0x00000002
15:15:08.924  INFO     RX        /ERR/LOKO/0x00000002
15:15:08.948  DEBUG    TX /CONTROLL/0,0,0,-37,0,0,0,0,0
15:15:08.951  INFO     RX        /ERR/LOKO/0x00000002
15:15:08.951  INFO     RX        /ERR/LOKO/0x00000002
15:15:08.951  INFO     RX        /ERR/LOKO/0x00000002
15:15:08.983  INFO     RX        /ERR/LOKO/0x00000002
15:15:08.984  INFO     RX        /ERR/LOKO/0x00000002
15:15:09.021  INFO     RX        /ERR/LOKO/0x00000002
15:15:09.021  INFO     RX        /ERR/LOKO/0x00000002
15:15:09.021  INFO     RX        /ERR/LOKO/0x00000002
15:15:09.049  INFO     RX        /ERR/LOKO/0x00000002
15:15:09.049  INFO     RX        /ERR/LOKO/0x00000002
15:15:09.049  INFO     RX        /ERR/LOKO/0x00000002
15:15:09.084  INFO     RX        /ERR/LOKO/0x00000002
15:15:09.084  INFO     RX        /ERR/LOKO/0x00000002
15:15:09.084  INFO     RX        /ERR/LOKO/0x00000002
15:15:09.115  INFO     RX        /ERR/LOKO/0x00000002
15:15:09.115  INFO     RX        /ERR/LOKO/0x00000002
15:15:09.146  INFO     RX        /ERR/LOKO/0x00000002
15:15:09.146  INFO     RX        /ERR/LOKO/0x00000002
15:15:09.146  INFO     RX        /ERR/LOKO/0x00000002
15:15:09.181  INFO     RX        /ERR/LOKO/0x00000002
15:15:09.181  INFO     RX        /ERR/LOKO/0x00000002
15:15:09.181  INFO     RX        /ERR/LOKO/0x00000002
15:15:09.210  INFO     RX        /ERR/LOKO/0x00000002
15:15:09.210  INFO     RX        /ERR/LOKO/0x00000002
15:15:09.210  INFO     RX        /ERR/LOKO/0x00000002
15:15:09.245  INFO     RX        /ERR/LOKO/0x00000002
15:15:09.245  INFO     RX        /ERR/LOKO/0x00000002
15:15:09.245  INFO     RX        /ERR/LOKO/0x00000002
15:15:09.278  INFO     RX        /ERR/LOKO/0x00000002
15:15:09.278  INFO     RX        /ERR/LOKO/0x00000002
15:15:09.310  INFO     RX        /ERR/LOKO/0x00000002
15:15:09.310  INFO     RX        /ERR/LOKO/0x00000002
15:15:09.310  INFO     RX        /ERR/LOKO/0x00000002
15:15:09.342  INFO     RX        /ERR/LOKO/0x00000002
15:15:09.342  INFO     RX        /ERR/LOKO/0x00000002
15:15:09.342  INFO     RX        /ERR/LOKO/0x00000002
15:15:09.371  INFO     RX        /ERR/LOKO/0x00000002
15:15:09.372  INFO     RX        /ERR/LOKO/0x00000002
15:15:09.404  INFO     RX        /ERR/LOKO/0x00000002
15:15:09.404  INFO     RX        /ERR/LOKO/0x00000002
15:15:09.404  INFO     RX        /ERR/LOKO/0x00000002
15:15:09.439  INFO     RX        /ERR/LOKO/0x00000002
15:15:09.439  INFO     RX        /ERR/LOKO/0x00000002
15:15:09.439  INFO     RX        /ERR/LOKO/0x00000002
15:15:09.468  INFO     RX        /ERR/LOKO/0x00000002
15:15:09.468  INFO     RX        /ERR/LOKO/0x00000002
15:15:09.503  INFO     RX        /ERR/LOKO/0x00000002
15:15:09.503  INFO     RX        /ERR/LOKO/0x00000002
15:15:10.561  DEBUG    TX /CONTROLL/0,0,0,0,0,0,0,0,0
15:15:10.728  INFO     RX        /ERR/LOKO/0x00000002
15:15:10.728  INFO     RX        /ERR/LOKO/0x00000002
15:15:10.757  INFO     RX        /ERR/LOKO/0x00000002
15:15:10.757  INFO     RX        /ERR/LOKO/0x00000002
15:15:10.757  INFO     RX        /ERR/LOKO/0x00000002
15:15:10.792  INFO     RX        /ERR/LOKO/0x00000002
15:15:10.792  INFO     RX        /ERR/LOKO/0x00000002
15:15:10.792  INFO     RX        /ERR/LOKO/0x00000002
15:15:10.821  INFO     RX        /ERR/LOKO/0x00000002
15:15:10.821  INFO     RX        /ERR/LOKO/0x00000002
15:15:10.856  INFO     RX        /ERR/LOKO/0x00000002
15:15:10.857  INFO     RX        /ERR/LOKO/0x00000002
15:15:10.857  INFO     RX        /ERR/LOKO/0x00000002
15:15:10.889  INFO     RX        /ERR/LOKO/0x00000002
15:15:10.889  INFO     RX        /ERR/LOKO/0x00000002
15:15:10.890  INFO     RX        /ERR/LOKO/0x00000002
15:15:10.922  INFO     RX        /ERR/LOKO/0x00000002
15:15:10.922  INFO     RX        /ERR/LOKO/0x00000002
15:15:10.922  INFO     RX        /ERR/LOKO/0x00000002
15:15:10.952  INFO     RX        /ERR/LOKO/0x00000002
15:15:10.952  INFO     RX        /ERR/LOKO/0x00000002
15:15:10.989  INFO     RX        /ERR/LOKO/0x00000002
15:15:10.989  INFO     RX        /ERR/LOKO/0x00000002
15:15:10.989  INFO     RX        /ERR/LOKO/0x00000002
15:15:11.016  INFO     RX        /ERR/LOKO/0x00000002
15:15:11.016  INFO     RX        /ERR/LOKO/0x00000002
15:15:11.016  INFO     RX        /ERR/LOKO/0x00000002
15:15:11.051  INFO     RX        /ERR/LOKO/0x00000002
15:15:11.051  INFO     RX        /ERR/LOKO/0x00000002
15:15:11.051  INFO     RX        /ERR/LOKO/0x00000002
15:15:11.079  INFO     RX        /ERR/LOKO/0x00000002
15:15:11.079  INFO     RX        /ERR/LOKO/0x00000002
15:15:11.112  INFO     RX        /ERR/LOKO/0x00000002
15:15:11.112  INFO     RX        /ERR/LOKO/0x00000002
15:15:11.112  INFO     RX        /ERR/LOKO/0x00000002
15:15:11.147  INFO     RX        /ERR/LOKO/0x00000002
15:15:11.147  INFO     RX        /ERR/LOKO/0x00000002
15:15:11.147  INFO     RX        /ERR/LOKO/0x00000002
15:15:11.176  INFO     RX        /ERR/LOKO/0x00000002
15:15:11.176  INFO     RX        /ERR/LOKO/0x00000002
15:15:11.211  INFO     RX        /ERR/LOKO/0x00000002
15:15:11.212  INFO     RX        /ERR/LOKO/0x00000002
15:15:11.212  INFO     RX        /ERR/LOKO/0x00000002
15:15:11.240  INFO     RX        /ERR/LOKO/0x00000002
15:15:11.240  INFO     RX        /ERR/LOKO/0x00000002
15:15:11.240  INFO     RX        /ERR/LOKO/0x00000002
15:15:11.367  INFO     RX        /ERR/LOKO/0x00000002
15:15:11.367  INFO     RX        /ERR/LOKO/0x00000002
15:15:11.367  INFO     RX        /ERR/LOKO/0x00000002
15:15:11.367  INFO     RX        /ERR/LOKO/0x00000002
15:15:11.367  INFO     RX        /ERR/LOKO/0x00000002
15:15:11.367  INFO     RX        /ERR/LOKO/0x00000002
15:15:11.367  INFO     RX        /ERR/LOKO/0x00000002
15:15:11.367  INFO     RX        /ERR/LOKO/0x00000002
15:15:11.389  INFO     RX        /ERR/LOKO/0x00000002
15:15:11.389  INFO     RX        /ERR/LOKO/0x00000002
15:15:11.389  INFO     RX        /ERR/LOKO/0x00000002
15:15:11.389  INFO     RX        /ERR/LOKO/0x00000002
15:15:11.389  INFO     RX        /ERR/LOKO/0x00000002
15:15:11.403  INFO     RX        /ERR/LOKO/0x00000002
15:15:11.433  INFO     RX        /ERR/LOKO/0x00000002
15:15:11.433  INFO     RX        /ERR/LOKO/0x00000002
15:15:11.469  INFO     RX        /ERR/LOKO/0x00000002
15:15:11.469  INFO     RX        /ERR/LOKO/0x00000002
15:15:11.469  INFO     RX        /ERR/LOKO/0x00000002
15:15:11.503  INFO     RX        /ERR/LOKO/0x00000002
15:15:11.503  INFO     RX        /ERR/LOKO/0x00000002
15:15:11.503  INFO     RX        /ERR/LOKO/0x00000002
15:15:11.530  INFO     RX        /ERR/LOKO/0x00000002
15:15:11.531  INFO     RX        /ERR/LOKO/0x00000002
15:15:11.531  INFO     RX        /ERR/LOKO/0x00000002
15:15:11.562  INFO     RX        /ERR/LOKO/0x00000002
15:15:11.562  INFO     RX        /ERR/LOKO/0x00000002
15:15:11.595  INFO     RX        /ERR/LOKO/0x00000002
15:15:11.595  INFO     RX        /ERR/LOKO/0x00000002
15:15:11.595  INFO     RX        /ERR/LOKO/0x00000002
15:15:11.625  INFO     RX        /ERR/LOKO/0x00000002
15:15:11.625  INFO     RX        /ERR/LOKO/0x00000002
15:15:11.625  INFO     RX        /ERR/LOKO/0x00000002
15:15:11.659  INFO     RX        /ERR/LOKO/0x00000002
15:15:11.660  INFO     RX        /ERR/LOKO/0x00000002
15:15:11.660  INFO     RX        /ERR/LOKO/0x00000002
15:15:11.689  INFO     RX        /ERR/LOKO/0x00000002
15:15:11.689  INFO     RX        /ERR/LOKO/0x00000002
15:15:11.725  INFO     RX        /ERR/LOKO/0x00000002
15:15:11.726  INFO     RX        /ERR/LOKO/0x00000002
15:15:11.726  INFO     RX        /ERR/LOKO/0x00000002
15:15:11.753  INFO     RX        /ERR/LOKO/0x00000002
15:15:11.754  INFO     RX        /ERR/LOKO/0x00000002
15:15:11.754  INFO     RX        /ERR/LOKO/0x00000002
15:15:11.789  INFO     RX        /ERR/LOKO/0x00000002
15:15:11.789  INFO     RX        /ERR/LOKO/0x00000002
15:15:11.789  INFO     RX        /ERR/LOKO/0x00000002
15:15:11.817  INFO     RX        /ERR/LOKO/0x00000002
15:15:11.817  INFO     RX        /ERR/LOKO/0x00000002
15:15:11.852  INFO     RX        /ERR/LOKO/0x00000002
15:15:11.852  INFO     RX        /ERR/LOKO/0x00000002
15:15:11.852  INFO     RX        /ERR/LOKO/0x00000002
15:15:11.881  INFO     RX        /ERR/LOKO/0x00000002
15:15:11.881  INFO     RX        /ERR/LOKO/0x00000002
15:15:11.881  INFO     RX        /ERR/LOKO/0x00000002
15:15:11.918  INFO     RX        /ERR/LOKO/0x00000002
15:15:11.918  INFO     RX        /ERR/LOKO/0x00000002
15:15:11.918  INFO     RX        /ERR/LOKO/0x00000002
15:15:11.944  INFO     RX        /ERR/LOKO/0x00000002
15:15:11.945  INFO     RX        /ERR/LOKO/0x00000002
15:15:11.980  INFO     RX        /ERR/LOKO/0x00000002
15:15:11.980  INFO     RX        /ERR/LOKO/0x00000002
15:15:11.980  INFO     RX        /ERR/LOKO/0x00000002
15:15:12.009  INFO     RX        /ERR/LOKO/0x00000002
15:15:12.010  INFO     RX        /ERR/LOKO/0x00000002
15:15:12.010  INFO     RX        /ERR/LOKO/0x00000002
15:15:12.044  INFO     RX        /ERR/LOKO/0x00000002
15:15:12.044  INFO     RX        /ERR/LOKO/0x00000002
15:15:12.044  INFO     RX        /ERR/LOKO/0x00000002
15:15:12.073  INFO     RX        /ERR/LOKO/0x00000002
15:15:12.073  INFO     RX        /ERR/LOKO/0x00000002
15:15:12.105  INFO     RX        /ERR/LOKO/0x00000002
15:15:12.105  INFO     RX        /ERR/LOKO/0x00000002
15:15:12.105  INFO     RX        /ERR/LOKO/0x00000002
15:15:12.140  INFO     RX        /ERR/LOKO/0x00000002
15:15:12.140  INFO     RX        /ERR/LOKO/0x00000002
15:15:12.141  INFO     RX        /ERR/LOKO/0x00000002
15:15:12.167  DEBUG    TX /CONTROLL/0,0,0,-22,0,0,0,0,0
15:15:12.170  INFO     RX        /ERR/LOKO/0x00000002
15:15:12.170  INFO     RX        /ERR/LOKO/0x00000002
15:15:12.203  INFO     RX        /ERR/LOKO/0x00000002
15:15:12.203  INFO     RX        /ERR/LOKO/0x00000002
15:15:12.203  INFO     RX        /ERR/LOKO/0x00000002
15:15:12.234  INFO     RX        /ERR/LOKO/0x00000002
15:15:12.234  INFO     RX        /ERR/LOKO/0x00000002
15:15:12.234  INFO     RX        /ERR/LOKO/0x00000002
15:15:12.270  INFO     RX        /ERR/LOKO/0x00000002
15:15:12.270  INFO     RX        /ERR/LOKO/0x00000002
15:15:12.270  INFO     RX        /ERR/LOKO/0x00000002
15:15:12.301  INFO     RX        /ERR/LOKO/0x00000002
15:15:12.302  INFO     RX        /ERR/LOKO/0x00000002
15:15:12.333  INFO     RX        /ERR/LOKO/0x00000002
15:15:12.333  INFO     RX        /ERR/LOKO/0x00000002
15:15:12.333  INFO     RX        /ERR/LOKO/0x00000002
15:15:12.362  INFO     RX        /ERR/LOKO/0x00000002
15:15:12.362  INFO     RX        /ERR/LOKO/0x00000002
15:15:12.362  INFO     RX        /ERR/LOKO/0x00000002
15:15:12.395  INFO     RX        /ERR/LOKO/0x00000002
15:15:12.395  INFO     RX        /ERR/LOKO/0x00000002
15:15:12.430  INFO     RX        /ERR/LOKO/0x00000002
15:15:12.430  INFO     RX        /ERR/LOKO/0x00000002
15:15:12.430  INFO     RX        /ERR/LOKO/0x00000002
15:15:12.460  INFO     RX        /ERR/LOKO/0x00000002
15:15:12.460  INFO     RX        /ERR/LOKO/0x00000002
15:15:12.460  INFO     RX        /ERR/LOKO/0x00000002
15:15:12.494  INFO     RX        /ERR/LOKO/0x00000002
15:15:12.494  INFO     RX        /ERR/LOKO/0x00000002
15:15:12.494  INFO     RX        /ERR/LOKO/0x00000002
15:15:12.524  INFO     RX        /ERR/LOKO/0x00000002
15:15:12.524  INFO     RX        /ERR/LOKO/0x00000002
15:15:12.558  INFO     RX        /ERR/LOKO/0x00000002
15:15:12.558  INFO     RX        /ERR/LOKO/0x00000002
15:15:12.558  INFO     RX        /ERR/LOKO/0x00000002
15:15:12.595  INFO     RX        /ERR/LOKO/0x00000002
15:15:12.595  INFO     RX        /ERR/LOKO/0x00000002
15:15:12.595  INFO     RX        /ERR/LOKO/0x00000002
15:15:12.627  INFO     RX        /ERR/LOKO/0x00000002
15:15:12.627  INFO     RX        /ERR/LOKO/0x00000002
15:15:12.627  INFO     RX        /ERR/LOKO/0x00000002
15:15:12.655  INFO     RX        /ERR/LOKO/0x00000002
15:15:12.655  INFO     RX        /ERR/LOKO/0x00000002
15:15:12.690  INFO     RX        /ERR/LOKO/0x00000002
15:15:12.690  INFO     RX        /ERR/LOKO/0x00000002
15:15:12.690  INFO     RX        /ERR/LOKO/0x00000002
15:15:12.719  INFO     RX        /ERR/LOKO/0x00000002
15:15:12.719  INFO     RX        /ERR/LOKO/0x00000002
15:15:12.719  INFO     RX        /ERR/LOKO/0x00000002
15:15:12.755  INFO     RX        /ERR/LOKO/0x00000002
15:15:12.755  INFO     RX        /ERR/LOKO/0x00000002
15:15:12.755  INFO     RX        /ERR/LOKO/0x00000002
15:15:12.783  INFO     RX        /ERR/LOKO/0x00000002
15:15:12.783  INFO     RX        /ERR/LOKO/0x00000002
15:15:12.816  INFO     RX        /ERR/LOKO/0x00000002
15:15:12.816  INFO     RX        /ERR/LOKO/0x00000002
15:15:12.816  INFO     RX        /ERR/LOKO/0x00000002
15:15:12.853  INFO     RX        /ERR/LOKO/0x00000002
15:15:12.853  INFO     RX        /ERR/LOKO/0x00000002
15:15:12.853  INFO     RX        /ERR/LOKO/0x00000002
15:15:12.880  INFO     RX        /ERR/LOKO/0x00000002
15:15:12.880  INFO     RX        /ERR/LOKO/0x00000002
15:15:12.880  INFO     RX        /ERR/LOKO/0x00000002
15:15:12.915  INFO     RX        /ERR/LOKO/0x00000002
15:15:12.915  INFO     RX        /ERR/LOKO/0x00000002
15:15:12.915  INFO     RX        /ERR/LOKO/0x00000002
15:15:12.945  INFO     RX        /ERR/LOKO/0x00000002
15:15:12.945  INFO     RX        /ERR/LOKO/0x00000002
15:15:13.087  INFO     RX        /ERR/LOKO/0x00000002
15:15:13.087  INFO     RX        /ERR/LOKO/0x00000002
15:15:13.087  INFO     RX        /ERR/LOKO/0x00000002
15:15:13.087  INFO     RX        /ERR/LOKO/0x00000002
15:15:13.087  INFO     RX        /ERR/LOKO/0x00000002
15:15:13.087  INFO     RX        /ERR/LOKO/0x00000002
15:15:13.087  INFO     RX        /ERR/LOKO/0x00000002
15:15:13.087  INFO     RX        /ERR/LOKO/0x00000002
15:15:13.093  INFO     RX        /ERR/LOKO/0x00000002
15:15:13.094  INFO     RX        /ERR/LOKO/0x00000002
15:15:13.094  INFO     RX        /ERR/LOKO/0x00000002
15:15:13.094  INFO     RX        /ERR/LOKO/0x00000002
15:15:13.094  INFO     RX        /ERR/LOKO/0x00000002
15:15:13.102  INFO     RX        /ERR/LOKO/0x00000002
15:15:13.137  INFO     RX        /ERR/LOKO/0x00000002
15:15:13.137  INFO     RX        /ERR/LOKO/0x00000002
15:15:13.137  INFO     RX        /ERR/LOKO/0x00000002
15:15:13.173  INFO     RX        /ERR/LOKO/0x00000002
15:15:13.173  INFO     RX        /ERR/LOKO/0x00000002
15:15:13.173  INFO     RX        /ERR/LOKO/0x00000002
15:15:13.418  INFO     RX        /ERR/LOKO/0x00000002
15:15:13.418  INFO     RX        /ERR/LOKO/0x00000002
15:15:13.418  INFO     RX        /ERR/LOKO/0x00000002
15:15:13.418  INFO     RX        /ERR/LOKO/0x00000002
15:15:13.418  INFO     RX        /ERR/LOKO/0x00000002
15:15:13.418  INFO     RX        /ERR/LOKO/0x00000002
15:15:13.418  INFO     RX        /ERR/LOKO/0x00000002
15:15:13.418  INFO     RX        /ERR/LOKO/0x00000002
15:15:13.418  INFO     RX        /ERR/LOKO/0x00000002
15:15:13.418  INFO     RX        /ERR/LOKO/0x00000002
15:15:13.418  INFO     RX        /ERR/LOKO/0x00000002
15:15:13.418  INFO     RX        /ERR/LOKO/0x00000002
15:15:13.418  INFO     RX        /ERR/LOKO/0x00000002
15:15:13.418  INFO     RX        /ERR/LOKO/0x00000002
15:15:13.418  INFO     RX        /ERR/LOKO/0x00000002
15:15:13.419  INFO     RX        /ERR/LOKO/0x00000002
15:15:13.419  INFO     RX        /ERR/LOKO/0x00000002
15:15:13.421  INFO     RX        /ERR/LOKO/0x00000002
15:15:13.421  INFO     RX        /ERR/LOKO/0x00000002
15:15:13.421  INFO     RX        /ERR/LOKO/0x00000002
15:15:13.421  INFO     RX        /ERR/LOKO/0x00000002
15:15:13.429  INFO     RX        /ERR/LOKO/0x00000002
15:15:13.543  INFO     RX        /ERR/LOKO/0x00000002
15:15:13.543  INFO     RX        /ERR/LOKO/0x00000002
15:15:13.543  INFO     RX        /ERR/LOKO/0x00000002
15:15:13.543  INFO     RX        /ERR/LOKO/0x00000002
15:15:13.543  INFO     RX        /ERR/LOKO/0x00000002
15:15:13.543  INFO     RX        /ERR/LOKO/0x00000002
15:15:13.543  INFO     RX        /ERR/LOKO/0x00000002
15:15:13.545  INFO     RX        /ERR/LOKO/0x00000002
15:15:13.545  INFO     RX        /ERR/LOKO/0x00000002
15:15:13.551  INFO     RX        /ERR/LOKO/0x00000002
15:15:13.559  INFO     RX        /ERR/LOKO/0x00000002
15:15:13.594  INFO     RX        /ERR/LOKO/0x00000002
15:15:13.594  INFO     RX        /ERR/LOKO/0x00000002
15:15:13.656  INFO     RX        /ERR/LOKO/0x00000002
15:15:13.656  INFO     RX        /ERR/LOKO/0x00000002
15:15:13.656  INFO     RX        /ERR/LOKO/0x00000002
15:15:13.656  INFO     RX        /ERR/LOKO/0x00000002
15:15:13.656  INFO     RX        /ERR/LOKO/0x00000002
15:15:13.656  INFO     RX        /ERR/LOKO/0x00000002
15:15:13.664  INFO     RX        /ERR/LOKO/0x00000002
15:15:13.779  DEBUG    TX /CONTROLL/0,0,0,-22,0,0,0,0,0
15:15:13.786  INFO     RX        /ERR/LOKO/0x00000002
15:15:13.786  INFO     RX        /ERR/LOKO/0x00000002
15:15:13.786  INFO     RX        /ERR/LOKO/0x00000002
15:15:13.786  INFO     RX        /ERR/LOKO/0x00000002
15:15:13.786  INFO     RX        /ERR/LOKO/0x00000002
15:15:13.786  INFO     RX        /ERR/LOKO/0x00000002
15:15:13.786  INFO     RX        /ERR/LOKO/0x00000002
15:15:13.811  INFO     RX        /ERR/LOKO/0x00000002
15:15:13.811  INFO     RX        /ERR/LOKO/0x00000002
15:15:13.811  INFO     RX        /ERR/LOKO/0x00000002
15:15:13.811  INFO     RX        /ERR/LOKO/0x00000002
15:15:13.811  INFO     RX        /ERR/LOKO/0x00000002
15:15:13.816  INFO     RX        /ERR/LOKO/0x00000002
15:15:14.039  INFO     RX        /ERR/LOKO/0x00000002
15:15:14.039  INFO     RX        /ERR/LOKO/0x00000002
15:15:14.039  INFO     RX        /ERR/LOKO/0x00000002
15:15:14.039  INFO     RX        /ERR/LOKO/0x00000002
15:15:14.039  INFO     RX        /ERR/LOKO/0x00000002
15:15:14.039  INFO     RX        /ERR/LOKO/0x00000002
15:15:14.040  INFO     RX        /ERR/LOKO/0x00000002
15:15:14.040  INFO     RX        /ERR/LOKO/0x00000002
15:15:14.040  INFO     RX        /ERR/LOKO/0x00000002
15:15:14.040  INFO     RX        /ERR/LOKO/0x00000002
15:15:14.040  INFO     RX        /ERR/LOKO/0x00000002
15:15:14.040  INFO     RX        /ERR/LOKO/0x00000002
15:15:14.040  INFO     RX        /ERR/LOKO/0x00000002
15:15:14.040  INFO     RX        /ERR/LOKO/0x00000002
15:15:14.040  INFO     RX        /ERR/LOKO/0x00000002
15:15:14.045  INFO     RX        /ERR/LOKO/0x00000002
15:15:14.045  INFO     RX        /ERR/LOKO/0x00000002
15:15:14.045  INFO     RX        /ERR/LOKO/0x00000002
15:15:14.045  INFO     RX        /ERR/LOKO/0x00000002
15:15:14.052  INFO     RX        /ERR/LOKO/0x00000002
15:15:14.102  INFO     RX        /ERR/LOKO/0x00000002
15:15:14.102  INFO     RX        /ERR/LOKO/0x00000002
15:15:14.102  INFO     RX        /ERR/LOKO/0x00000002
15:15:14.102  INFO     RX        /ERR/LOKO/0x00000002
15:15:14.110  INFO     RX        /ERR/LOKO/0x00000002
15:15:14.265  INFO     RX        /ERR/LOKO/0x00000002
15:15:14.265  INFO     RX        /ERR/LOKO/0x00000002
15:15:14.265  INFO     RX        /ERR/LOKO/0x00000002
15:15:14.265  INFO     RX        /ERR/LOKO/0x00000002
15:15:14.265  INFO     RX        /ERR/LOKO/0x00000002
15:15:14.265  INFO     RX        /ERR/LOKO/0x00000002
15:15:14.265  INFO     RX        /ERR/LOKO/0x00000002
15:15:14.268  INFO     RX        /ERR/LOKO/0x00000002
15:15:14.268  INFO     RX        /ERR/LOKO/0x00000002
15:15:14.268  INFO     RX        /ERR/LOKO/0x00000002
15:15:14.268  INFO     RX        /ERR/LOKO/0x00000002
15:15:14.268  INFO     RX        /ERR/LOKO/0x00000002
15:15:14.268  INFO     RX        /ERR/LOKO/0x00000002
15:15:14.275  INFO     RX        /ERR/LOKO/0x00000002
15:15:14.306  INFO     RX        /ERR/LOKO/0x00000002
15:15:14.306  INFO     RX        /ERR/LOKO/0x00000002
15:15:14.329  INFO     RX        /ERR/LOKO/0x00000002
15:15:14.329  INFO     RX        /ERR/LOKO/0x00000002
15:15:14.482  INFO     RX        /ERR/LOKO/0x00000002
15:15:14.482  INFO     RX        /ERR/LOKO/0x00000002
15:15:14.482  INFO     RX        /ERR/LOKO/0x00000002
15:15:14.482  INFO     RX        /ERR/LOKO/0x00000002
15:15:14.482  INFO     RX        /ERR/LOKO/0x00000002
15:15:14.482  INFO     RX        /ERR/LOKO/0x00000002
15:15:14.482  INFO     RX        /ERR/LOKO/0x00000002
15:15:14.482  INFO     RX        /ERR/LOKO/0x00000002
15:15:14.482  INFO     RX        /ERR/LOKO/0x00000002
15:15:14.482  INFO     RX        /ERR/LOKO/0x00000002
15:15:14.482  INFO     RX        /ERR/LOKO/0x00000002
15:15:14.492  INFO     RX        /ERR/LOKO/0x00000002
15:15:14.492  INFO     RX        /ERR/LOKO/0x00000002
15:15:14.492  INFO     RX        /ERR/LOKO/0x00000002
15:15:14.499  INFO     RX        /ERR/LOKO/0x00000002
15:15:14.524  INFO     RX        /ERR/LOKO/0x00000002
15:15:14.524  INFO     RX        /ERR/LOKO/0x00000002
15:15:14.556  INFO     RX        /ERR/LOKO/0x00000002
15:15:14.556  INFO     RX        /ERR/LOKO/0x00000002
15:15:14.591  INFO     RX        /ERR/LOKO/0x00000002
15:15:14.591  INFO     RX        /ERR/LOKO/0x00000002
15:15:14.591  INFO     RX        /ERR/LOKO/0x00000002
15:15:14.721  INFO     RX        /ERR/LOKO/0x00000002
15:15:14.721  INFO     RX        /ERR/LOKO/0x00000002
15:15:14.721  INFO     RX        /ERR/LOKO/0x00000002
15:15:14.721  INFO     RX        /ERR/LOKO/0x00000002
15:15:14.721  INFO     RX        /ERR/LOKO/0x00000002
15:15:14.721  INFO     RX        /ERR/LOKO/0x00000002
15:15:14.721  INFO     RX        /ERR/LOKO/0x00000002
15:15:14.721  INFO     RX        /ERR/LOKO/0x00000002
15:15:14.729  INFO     RX        /ERR/LOKO/0x00000002
15:15:14.730  INFO     RX        /ERR/LOKO/0x00000002
15:15:14.730  INFO     RX        /ERR/LOKO/0x00000002
15:15:14.730  INFO     RX        /ERR/LOKO/0x00000002
15:15:14.733  INFO     RX        /ERR/LOKO/0x00000002
15:15:14.747  INFO     RX        /ERR/LOKO/0x00000002
15:15:14.783  INFO     RX        /ERR/LOKO/0x00000002
15:15:14.783  INFO     RX        /ERR/LOKO/0x00000002
15:15:14.783  INFO     RX        /ERR/LOKO/0x00000002
15:15:14.813  INFO     RX        /ERR/LOKO/0x00000002
15:15:14.813  INFO     RX        /ERR/LOKO/0x00000002
15:15:14.954  INFO     RX        /ERR/LOKO/0x00000002
15:15:14.954  INFO     RX        /ERR/LOKO/0x00000002
15:15:14.954  INFO     RX        /ERR/LOKO/0x00000002
15:15:14.954  INFO     RX        /ERR/LOKO/0x00000002
15:15:14.954  INFO     RX        /ERR/LOKO/0x00000002
15:15:14.954  INFO     RX        /ERR/LOKO/0x00000002
15:15:14.954  INFO     RX        /ERR/LOKO/0x00000002
15:15:14.954  INFO     RX        /ERR/LOKO/0x00000002
15:15:14.958  INFO     RX        /ERR/LOKO/0x00000002
15:15:14.958  INFO     RX        /ERR/LOKO/0x00000002
15:15:14.958  INFO     RX        /ERR/LOKO/0x00000002
15:15:14.958  INFO     RX        /ERR/LOKO/0x00000002
15:15:14.958  INFO     RX        /ERR/LOKO/0x00000002
15:15:14.967  INFO     RX        /ERR/LOKO/0x00000002
15:15:15.008  INFO     RX        /ERR/LOKO/0x00000002
15:15:15.008  INFO     RX        /ERR/LOKO/0x00000002
15:15:15.008  INFO     RX        /ERR/LOKO/0x00000002
15:15:15.041  INFO     RX        /ERR/LOKO/0x00000002
15:15:15.041  INFO     RX        /ERR/LOKO/0x00000002
15:15:15.041  INFO     RX        /ERR/LOKO/0x00000002
15:15:15.111  INFO     RX        /ERR/LOKO/0x00000002
15:15:15.111  INFO     RX        /ERR/LOKO/0x00000002
15:15:15.111  INFO     RX        /ERR/LOKO/0x00000002
15:15:15.111  INFO     RX        /ERR/LOKO/0x00000002
15:15:15.111  INFO     RX        /ERR/LOKO/0x00000002
15:15:15.111  INFO     RX        /ERR/LOKO/0x00000002
15:15:15.120  INFO     RX        /ERR/LOKO/0x00000002
15:15:15.249  INFO     RX        /ERR/LOKO/0x00000002
15:15:15.249  INFO     RX        /ERR/LOKO/0x00000002
15:15:15.249  INFO     RX        /ERR/LOKO/0x00000002
15:15:15.249  INFO     RX        /ERR/LOKO/0x00000002
15:15:15.249  INFO     RX        /ERR/LOKO/0x00000002
15:15:15.249  INFO     RX        /ERR/LOKO/0x00000002
15:15:15.249  INFO     RX        /ERR/LOKO/0x00000002
15:15:15.256  INFO     RX        /ERR/LOKO/0x00000002
15:15:15.256  INFO     RX        /ERR/LOKO/0x00000002
15:15:15.256  INFO     RX        /ERR/LOKO/0x00000002
15:15:15.256  INFO     RX        /ERR/LOKO/0x00000002
15:15:15.261  INFO     RX        /ERR/LOKO/0x00000002
15:15:15.299  INFO     RX        /ERR/LOKO/0x00000002
15:15:15.299  INFO     RX        /ERR/LOKO/0x00000002
15:15:15.299  INFO     RX        /ERR/LOKO/0x00000002
15:15:15.388  INFO     RX        /ERR/LOKO/0x00000002
15:15:15.388  INFO     RX        /ERR/LOKO/0x00000002
15:15:15.388  INFO     RX        /ERR/LOKO/0x00000002
15:15:15.388  INFO     RX        /ERR/LOKO/0x00000002
15:15:15.388  INFO     RX        /ERR/LOKO/0x00000002
15:15:15.388  INFO     RX        /ERR/LOKO/0x00000002
15:15:15.388  INFO     RX        /ERR/LOKO/0x00000002
15:15:15.389  DEBUG    TX /CONTROLL/0,0,0,-22,0,0,0,0,0
15:15:15.392  INFO     RX        /ERR/LOKO/0x00000002
15:15:15.525  INFO     RX        /ERR/LOKO/0x00000002
15:15:15.525  INFO     RX        /ERR/LOKO/0x00000002
15:15:15.525  INFO     RX        /ERR/LOKO/0x00000002
15:15:15.525  INFO     RX        /ERR/LOKO/0x00000002
15:15:15.525  INFO     RX        /ERR/LOKO/0x00000002
15:15:15.525  INFO     RX        /ERR/LOKO/0x00000002
15:15:15.526  INFO     RX        /ERR/LOKO/0x00000002
15:15:15.526  INFO     RX        /ERR/LOKO/0x00000002
15:15:15.532  INFO     RX        /ERR/LOKO/0x00000002
15:15:15.532  INFO     RX        /ERR/LOKO/0x00000002
15:15:15.532  INFO     RX        /ERR/LOKO/0x00000002
15:15:15.532  INFO     RX        /ERR/LOKO/0x00000002
15:15:15.583  INFO     RX        /ERR/LOKO/0x00000002
15:15:15.583  INFO     RX        /ERR/LOKO/0x00000002
15:15:15.583  INFO     RX        /ERR/LOKO/0x00000002
15:15:15.583  INFO     RX        /ERR/LOKO/0x00000002
15:15:15.590  INFO     RX        /ERR/LOKO/0x00000002
15:15:15.721  INFO     RX        /ERR/LOKO/0x00000002
15:15:15.721  INFO     RX        /ERR/LOKO/0x00000002
15:15:15.721  INFO     RX        /ERR/LOKO/0x00000002
15:15:15.721  INFO     RX        /ERR/LOKO/0x00000002
15:15:15.721  INFO     RX        /ERR/LOKO/0x00000002
15:15:15.721  INFO     RX        /ERR/LOKO/0x00000002
15:15:15.721  INFO     RX        /ERR/LOKO/0x00000002
15:15:15.727  INFO     RX        /ERR/LOKO/0x00000002
15:15:15.727  INFO     RX        /ERR/LOKO/0x00000002
15:15:15.727  INFO     RX        /ERR/LOKO/0x00000002
15:15:15.727  INFO     RX        /ERR/LOKO/0x00000002
15:15:15.733  INFO     RX        /ERR/LOKO/0x00000002
15:15:15.746  INFO     RX        /ERR/LOKO/0x00000002
15:15:15.888  INFO     RX        /ERR/LOKO/0x00000002
15:15:15.888  INFO     RX        /ERR/LOKO/0x00000002
15:15:15.888  INFO     RX        /ERR/LOKO/0x00000002
15:15:15.888  INFO     RX        /ERR/LOKO/0x00000002
15:15:15.888  INFO     RX        /ERR/LOKO/0x00000002
15:15:15.888  INFO     RX        /ERR/LOKO/0x00000002
15:15:15.888  INFO     RX        /ERR/LOKO/0x00000002
15:15:15.888  INFO     RX        /ERR/LOKO/0x00000002
15:15:15.894  INFO     RX        /ERR/LOKO/0x00000002
15:15:15.894  INFO     RX        /ERR/LOKO/0x00000002
15:15:15.894  INFO     RX        /ERR/LOKO/0x00000002
15:15:15.894  INFO     RX        /ERR/LOKO/0x00000002
15:15:15.898  INFO     RX        /ERR/LOKO/0x00000002
15:15:15.909  INFO     RX        /ERR/LOKO/0x00000002
15:15:15.953  INFO     RX        /ERR/LOKO/0x00000002
15:15:15.953  INFO     RX        /ERR/LOKO/0x00000002
15:15:15.953  INFO     RX        /ERR/LOKO/0x00000002
15:15:15.953  INFO     RX        /ERR/LOKO/0x00000002
15:15:15.973  INFO     RX        /ERR/LOKO/0x00000002
15:15:16.036  INFO     RX        /ERR/LOKO/0x00000002
15:15:16.037  INFO     RX        /ERR/LOKO/0x00000002
15:15:16.037  INFO     RX        /ERR/LOKO/0x00000002
15:15:16.037  INFO     RX        /ERR/LOKO/0x00000002
15:15:16.037  INFO     RX        /ERR/LOKO/0x00000002
15:15:16.037  INFO     RX        /ERR/LOKO/0x00000002
15:15:16.090  INFO     RX        /ERR/LOKO/0x00000002
15:15:16.090  INFO     RX        /ERR/LOKO/0x00000002
15:15:16.090  INFO     RX        /ERR/LOKO/0x00000002
15:15:16.090  INFO     RX        /ERR/LOKO/0x00000002
15:15:16.105  INFO     RX        /ERR/LOKO/0x00000002
15:15:16.143  INFO     RX        /ERR/LOKO/0x00000002
15:15:16.143  INFO     RX        /ERR/LOKO/0x00000002
15:15:16.143  INFO     RX        /ERR/LOKO/0x00000002
15:15:16.143  INFO     RX        /ERR/LOKO/0x00000002
15:15:16.169  INFO     RX        /ERR/LOKO/0x00000002
15:15:16.169  INFO     RX        /ERR/LOKO/0x00000002
15:15:16.203  INFO     RX        /ERR/LOKO/0x00000002
15:15:16.203  INFO     RX        /ERR/LOKO/0x00000002
15:15:16.203  INFO     RX        /ERR/LOKO/0x00000002
15:15:16.232  INFO     RX        /ERR/LOKO/0x00000002
15:15:16.232  INFO     RX        /ERR/LOKO/0x00000002
15:15:16.269  INFO     RX        /ERR/LOKO/0x00000002
15:15:16.269  INFO     RX        /ERR/LOKO/0x00000002
15:15:16.269  INFO     RX        /ERR/LOKO/0x00000002
15:15:16.323  INFO     RX        /ERR/LOKO/0x00000002
15:15:16.323  INFO     RX        /ERR/LOKO/0x00000002
15:15:16.323  INFO     RX        /ERR/LOKO/0x00000002
15:15:16.323  INFO     RX        /ERR/LOKO/0x00000002
15:15:16.323  INFO     RX        /ERR/LOKO/0x00000002
15:15:16.329  INFO     RX        /ERR/LOKO/0x00000002
15:15:16.374  INFO     RX        /ERR/LOKO/0x00000002
15:15:16.374  INFO     RX        /ERR/LOKO/0x00000002
15:15:16.374  INFO     RX        /ERR/LOKO/0x00000002
15:15:16.392  INFO     RX        /ERR/LOKO/0x00000002
15:15:16.392  INFO     RX        /ERR/LOKO/0x00000002
15:15:16.424  INFO     RX        /ERR/LOKO/0x00000002
15:15:16.424  INFO     RX        /ERR/LOKO/0x00000002
15:15:16.424  INFO     RX        /ERR/LOKO/0x00000002
15:15:16.459  INFO     RX        /ERR/LOKO/0x00000002
15:15:16.459  INFO     RX        /ERR/LOKO/0x00000002
15:15:16.460  INFO     RX        /ERR/LOKO/0x00000002
15:15:16.568  INFO     RX        /ERR/LOKO/0x00000002
15:15:16.568  INFO     RX        /ERR/LOKO/0x00000002
15:15:16.568  INFO     RX        /ERR/LOKO/0x00000002
15:15:16.568  INFO     RX        /ERR/LOKO/0x00000002
15:15:16.568  INFO     RX        /ERR/LOKO/0x00000002
15:15:16.568  INFO     RX        /ERR/LOKO/0x00000002
15:15:16.568  INFO     RX        /ERR/LOKO/0x00000002
15:15:16.576  INFO     RX        /ERR/LOKO/0x00000002
15:15:16.577  INFO     RX        /ERR/LOKO/0x00000002
15:15:16.577  INFO     RX        /ERR/LOKO/0x00000002
15:15:16.587  INFO     RX        /ERR/LOKO/0x00000002
15:15:16.622  INFO     RX        /ERR/LOKO/0x00000002
15:15:16.622  INFO     RX        /ERR/LOKO/0x00000002
15:15:16.651  INFO     RX        /ERR/LOKO/0x00000002
15:15:16.652  INFO     RX        /ERR/LOKO/0x00000002
15:15:16.652  INFO     RX        /ERR/LOKO/0x00000002
15:15:16.684  INFO     RX        /ERR/LOKO/0x00000002
15:15:16.684  INFO     RX        /ERR/LOKO/0x00000002
15:15:16.684  INFO     RX        /ERR/LOKO/0x00000002
15:15:16.717  INFO     RX        /ERR/LOKO/0x00000002
15:15:16.718  INFO     RX        /ERR/LOKO/0x00000002
15:15:16.718  INFO     RX        /ERR/LOKO/0x00000002
15:15:16.750  INFO     RX        /ERR/LOKO/0x00000002
15:15:16.751  INFO     RX        /ERR/LOKO/0x00000002
15:15:16.779  INFO     RX        /ERR/LOKO/0x00000002
15:15:16.779  INFO     RX        /ERR/LOKO/0x00000002
15:15:16.779  INFO     RX        /ERR/LOKO/0x00000002
15:15:16.812  INFO     RX        /ERR/LOKO/0x00000002
15:15:16.812  INFO     RX        /ERR/LOKO/0x00000002
15:15:16.812  INFO     RX        /ERR/LOKO/0x00000002
15:15:16.846  INFO     RX        /ERR/LOKO/0x00000002
15:15:16.846  INFO     RX        /ERR/LOKO/0x00000002
15:15:16.846  INFO     RX        /ERR/LOKO/0x00000002
15:15:16.879  INFO     RX        /ERR/LOKO/0x00000002
15:15:16.879  INFO     RX        /ERR/LOKO/0x00000002
15:15:16.908  INFO     RX        /ERR/LOKO/0x00000002
15:15:16.908  INFO     RX        /ERR/LOKO/0x00000002
15:15:16.908  INFO     RX        /ERR/LOKO/0x00000002
15:15:16.940  INFO     RX        /ERR/LOKO/0x00000002
15:15:16.940  INFO     RX        /ERR/LOKO/0x00000002
15:15:16.973  INFO     RX        /ERR/LOKO/0x00000002
15:15:16.973  INFO     RX        /ERR/LOKO/0x00000002
15:15:16.973  INFO     RX        /ERR/LOKO/0x00000002
15:15:17.000  DEBUG    TX /CONTROLL/0,0,0,-22,0,0,0,0,0
15:15:17.005  INFO     RX        /ERR/LOKO/0x00000002
15:15:17.005  INFO     RX        /ERR/LOKO/0x00000002
15:15:17.005  INFO     RX        /ERR/LOKO/0x00000002
15:15:17.037  INFO     RX        /ERR/LOKO/0x00000002
15:15:17.037  INFO     RX        /ERR/LOKO/0x00000002
15:15:17.037  INFO     RX        /ERR/LOKO/0x00000002
15:15:17.067  INFO     RX        /ERR/LOKO/0x00000002
15:15:17.067  INFO     RX        /ERR/LOKO/0x00000002
15:15:17.103  INFO     RX        /ERR/LOKO/0x00000002
15:15:17.103  INFO     RX        /ERR/LOKO/0x00000002
15:15:17.103  INFO     RX        /ERR/LOKO/0x00000002
15:15:17.131  INFO     RX        /ERR/LOKO/0x00000002
15:15:17.131  INFO     RX        /ERR/LOKO/0x00000002
15:15:17.131  INFO     RX        /ERR/LOKO/0x00000002
15:15:17.167  INFO     RX        /ERR/LOKO/0x00000002
15:15:17.167  INFO     RX        /ERR/LOKO/0x00000002
15:15:17.167  INFO     RX        /ERR/LOKO/0x00000002
15:15:17.196  INFO     RX        /ERR/LOKO/0x00000002
15:15:17.196  INFO     RX        /ERR/LOKO/0x00000002
15:15:17.228  INFO     RX        /ERR/LOKO/0x00000002
15:15:17.228  INFO     RX        /ERR/LOKO/0x00000002
15:15:17.228  INFO     RX        /ERR/LOKO/0x00000002
15:15:17.263  INFO     RX        /ERR/LOKO/0x00000002
15:15:17.263  INFO     RX        /ERR/LOKO/0x00000002
15:15:17.263  INFO     RX        /ERR/LOKO/0x00000002
15:15:17.293  INFO     RX        /ERR/LOKO/0x00000002
15:15:17.293  INFO     RX        /ERR/LOKO/0x00000002
15:15:17.293  INFO     RX        /ERR/LOKO/0x00000002
15:15:17.330  INFO     RX        /ERR/LOKO/0x00000002
15:15:17.330  INFO     RX        /ERR/LOKO/0x00000002
15:15:17.331  INFO     RX        /ERR/LOKO/0x00000002
15:15:17.359  INFO     RX        /ERR/LOKO/0x00000002
15:15:17.359  INFO     RX        /ERR/LOKO/0x00000002
15:15:17.390  INFO     RX        /ERR/LOKO/0x00000002
15:15:17.390  INFO     RX        /ERR/LOKO/0x00000002
15:15:17.390  INFO     RX        /ERR/LOKO/0x00000002
15:15:17.425  INFO     RX        /ERR/LOKO/0x00000002
15:15:17.425  INFO     RX        /ERR/LOKO/0x00000002
15:15:17.425  INFO     RX        /ERR/LOKO/0x00000002
15:15:17.455  INFO     RX        /ERR/LOKO/0x00000002
15:15:17.455  INFO     RX        /ERR/LOKO/0x00000002
15:15:17.489  INFO     RX        /ERR/LOKO/0x00000002
15:15:17.489  INFO     RX        /ERR/LOKO/0x00000002
15:15:17.489  INFO     RX        /ERR/LOKO/0x00000002
15:15:17.521  INFO     RX        /ERR/LOKO/0x00000002
15:15:17.521  INFO     RX        /ERR/LOKO/0x00000002
15:15:17.521  INFO     RX        /ERR/LOKO/0x00000002
15:15:17.554  INFO     RX        /ERR/LOKO/0x00000002
15:15:17.554  INFO     RX        /ERR/LOKO/0x00000002
15:15:17.554  INFO     RX        /ERR/LOKO/0x00000002
15:15:17.586  INFO     RX        /ERR/LOKO/0x00000002
15:15:17.586  INFO     RX        /ERR/LOKO/0x00000002
15:15:17.586  INFO     RX        /ERR/LOKO/0x00000002
15:15:17.614  INFO     RX        /ERR/LOKO/0x00000002
15:15:17.614  INFO     RX        /ERR/LOKO/0x00000002
15:15:17.645  INFO     RX        /ERR/LOKO/0x00000002
15:15:17.645  INFO     RX        /ERR/LOKO/0x00000002
15:15:17.646  INFO     RX        /ERR/LOKO/0x00000002
15:15:17.682  INFO     RX        /ERR/LOKO/0x00000002
15:15:17.682  INFO     RX        /ERR/LOKO/0x00000002
15:15:17.682  INFO     RX        /ERR/LOKO/0x00000002
15:15:17.713  INFO     RX        /ERR/LOKO/0x00000002
15:15:17.713  INFO     RX        /ERR/LOKO/0x00000002
15:15:17.741  INFO     RX        /ERR/LOKO/0x00000002
15:15:17.741  INFO     RX        /ERR/LOKO/0x00000002
15:15:17.741  INFO     RX        /ERR/LOKO/0x00000002
15:15:17.774  INFO     RX        /ERR/LOKO/0x00000002
15:15:17.774  INFO     RX        /ERR/LOKO/0x00000002
15:15:17.774  INFO     RX        /ERR/LOKO/0x00000002
15:15:17.809  INFO     RX        /ERR/LOKO/0x00000002
15:15:17.809  INFO     RX        /ERR/LOKO/0x00000002
15:15:17.809  INFO     RX        /ERR/LOKO/0x00000002
15:15:17.841  INFO     RX        /ERR/LOKO/0x00000002
15:15:17.841  INFO     RX        /ERR/LOKO/0x00000002
15:15:17.875  INFO     RX        /ERR/LOKO/0x00000002
15:15:17.875  INFO     RX        /ERR/LOKO/0x00000002
15:15:17.875  INFO     RX        /ERR/LOKO/0x00000002
15:15:17.903  INFO     RX        /ERR/LOKO/0x00000002
15:15:17.903  INFO     RX        /ERR/LOKO/0x00000002
15:15:17.903  INFO     RX        /ERR/LOKO/0x00000002
15:15:17.935  INFO     RX        /ERR/LOKO/0x00000002
15:15:17.935  INFO     RX        /ERR/LOKO/0x00000002
15:15:17.970  INFO     RX        /ERR/LOKO/0x00000002
15:15:17.970  INFO     RX        /ERR/LOKO/0x00000002
15:15:17.970  INFO     RX        /ERR/LOKO/0x00000002
15:15:18.002  INFO     RX        /ERR/LOKO/0x00000002
15:15:18.003  INFO     RX        /ERR/LOKO/0x00000002
15:15:18.003  INFO     RX        /ERR/LOKO/0x00000002
15:15:18.033  INFO     RX        /ERR/LOKO/0x00000002
15:15:18.033  INFO     RX        /ERR/LOKO/0x00000002
15:15:18.033  INFO     RX        /ERR/LOKO/0x00000002
15:15:18.063  INFO     RX        /ERR/LOKO/0x00000002
15:15:18.063  INFO     RX        /ERR/LOKO/0x00000002
15:15:18.098  INFO     RX        /ERR/LOKO/0x00000002
15:15:18.099  INFO     RX        /ERR/LOKO/0x00000002
15:15:18.099  INFO     RX        /ERR/LOKO/0x00000002
15:15:18.127  INFO     RX        /ERR/LOKO/0x00000002
15:15:18.127  INFO     RX        /ERR/LOKO/0x00000002
15:15:18.128  INFO     RX        /ERR/LOKO/0x00000002
15:15:18.162  INFO     RX        /ERR/LOKO/0x00000002
15:15:18.162  INFO     RX        /ERR/LOKO/0x00000002
15:15:18.162  INFO     RX        /ERR/LOKO/0x00000002
15:15:18.195  INFO     RX        /ERR/LOKO/0x00000002
15:15:18.195  INFO     RX        /ERR/LOKO/0x00000002
15:15:18.195  INFO     RX        /ERR/LOKO/0x00000002
15:15:18.224  INFO     RX        /ERR/LOKO/0x00000002
15:15:18.224  INFO     RX        /ERR/LOKO/0x00000002
15:15:18.259  INFO     RX        /ERR/LOKO/0x00000002
15:15:18.259  INFO     RX        /ERR/LOKO/0x00000002
15:15:18.259  INFO     RX        /ERR/LOKO/0x00000002
15:15:18.288  INFO     RX        /ERR/LOKO/0x00000002
15:15:18.288  INFO     RX        /ERR/LOKO/0x00000002
15:15:18.323  INFO     RX        /ERR/LOKO/0x00000002
15:15:18.323  INFO     RX        /ERR/LOKO/0x00000002
15:15:18.323  INFO     RX        /ERR/LOKO/0x00000002
15:15:18.353  INFO     RX        /ERR/LOKO/0x00000002
15:15:18.353  INFO     RX        /ERR/LOKO/0x00000002
15:15:18.353  INFO     RX        /ERR/LOKO/0x00000002
15:15:18.388  INFO     RX        /ERR/LOKO/0x00000002
15:15:18.388  INFO     RX        /ERR/LOKO/0x00000002
15:15:18.388  INFO     RX        /ERR/LOKO/0x00000002
15:15:18.417  INFO     RX        /ERR/LOKO/0x00000002
15:15:18.417  INFO     RX        /ERR/LOKO/0x00000002
15:15:18.454  INFO     RX        /ERR/LOKO/0x00000002
15:15:18.455  INFO     RX        /ERR/LOKO/0x00000002
15:15:18.455  INFO     RX        /ERR/LOKO/0x00000002
15:15:18.482  INFO     RX        /ERR/LOKO/0x00000002
15:15:18.482  INFO     RX        /ERR/LOKO/0x00000002
15:15:18.482  INFO     RX        /ERR/LOKO/0x00000002
15:15:18.517  INFO     RX        /ERR/LOKO/0x00000002
15:15:18.517  INFO     RX        /ERR/LOKO/0x00000002
15:15:18.517  INFO     RX        /ERR/LOKO/0x00000002
15:15:18.550  INFO     RX        /ERR/LOKO/0x00000002
15:15:18.550  INFO     RX        /ERR/LOKO/0x00000002
15:15:18.550  INFO     RX        /ERR/LOKO/0x00000002
15:15:18.582  INFO     RX        /ERR/LOKO/0x00000002
15:15:18.582  INFO     RX        /ERR/LOKO/0x00000002
15:15:18.582  INFO     RX        /ERR/LOKO/0x00000002
15:15:18.608  DEBUG    TX /CONTROLL/0,0,0,0,0,0,0,0,0
15:15:18.614  INFO     RX        /ERR/LOKO/0x00000002
15:15:18.614  INFO     RX        /ERR/LOKO/0x00000002
15:15:18.646  INFO     RX        /ERR/LOKO/0x00000002
15:15:18.646  INFO     RX        /ERR/LOKO/0x00000002
15:15:18.646  INFO     RX        /ERR/LOKO/0x00000002
15:15:18.679  INFO     RX        /ERR/LOKO/0x00000002
15:15:18.679  INFO     RX        /ERR/LOKO/0x00000002
15:15:18.679  INFO     RX        /ERR/LOKO/0x00000002
15:15:18.708  INFO     RX        /ERR/LOKO/0x00000002
15:15:18.708  INFO     RX        /ERR/LOKO/0x00000002
15:15:18.744  INFO     RX        /ERR/LOKO/0x00000002
15:15:18.744  INFO     RX        /ERR/LOKO/0x00000002
15:15:18.744  INFO     RX        /ERR/LOKO/0x00000002
15:15:18.774  INFO     RX        /ERR/LOKO/0x00000002
15:15:18.774  INFO     RX        /ERR/LOKO/0x00000002
15:15:18.774  INFO     RX        /ERR/LOKO/0x00000002
15:15:18.806  INFO     RX        /ERR/LOKO/0x00000002
15:15:18.806  INFO     RX        /ERR/LOKO/0x00000002
15:15:18.806  INFO     RX        /ERR/LOKO/0x00000002
15:15:18.841  INFO     RX        /ERR/LOKO/0x00000002
15:15:18.841  INFO     RX        /ERR/LOKO/0x00000002
15:15:18.841  INFO     RX        /ERR/LOKO/0x00000002
15:15:18.870  INFO     RX        /ERR/LOKO/0x00000002
15:15:18.870  INFO     RX        /ERR/LOKO/0x00000002
15:15:18.906  INFO     RX        /ERR/LOKO/0x00000002
15:15:18.906  INFO     RX        /ERR/LOKO/0x00000002
15:15:18.906  INFO     RX        /ERR/LOKO/0x00000002
15:15:18.934  INFO     RX        /ERR/LOKO/0x00000002
15:15:18.934  INFO     RX        /ERR/LOKO/0x00000002
15:15:18.934  INFO     RX        /ERR/LOKO/0x00000002
15:15:18.969  INFO     RX        /ERR/LOKO/0x00000002
15:15:18.969  INFO     RX        /ERR/LOKO/0x00000002
15:15:18.969  INFO     RX        /ERR/LOKO/0x00000002
15:15:19.002  INFO     RX        /ERR/LOKO/0x00000002
15:15:19.002  INFO     RX        /ERR/LOKO/0x00000002
15:15:19.034  INFO     RX        /ERR/LOKO/0x00000002
15:15:19.035  INFO     RX        /ERR/LOKO/0x00000002
15:15:19.035  INFO     RX        /ERR/LOKO/0x00000002
15:15:19.063  INFO     RX        /ERR/LOKO/0x00000002
15:15:19.064  INFO     RX        /ERR/LOKO/0x00000002
15:15:19.064  INFO     RX        /ERR/LOKO/0x00000002
15:15:19.175  INFO     RX        /ERR/LOKO/0x00000002
15:15:19.175  INFO     RX        /ERR/LOKO/0x00000002
15:15:19.175  INFO     RX        /ERR/LOKO/0x00000002
15:15:19.175  INFO     RX        /ERR/LOKO/0x00000002
15:15:19.175  INFO     RX        /ERR/LOKO/0x00000002
15:15:19.175  INFO     RX        /ERR/LOKO/0x00000002
15:15:19.175  INFO     RX        /ERR/LOKO/0x00000002
15:15:19.175  INFO     RX        /ERR/LOKO/0x00000002
15:15:19.183  INFO     RX        /ERR/LOKO/0x00000002
15:15:19.183  INFO     RX        /ERR/LOKO/0x00000002
15:15:19.192  INFO     RX        /ERR/LOKO/0x00000002
15:15:19.225  INFO     RX        /ERR/LOKO/0x00000002
15:15:19.225  INFO     RX        /ERR/LOKO/0x00000002
15:15:19.261  INFO     RX        /ERR/LOKO/0x00000002
15:15:19.261  INFO     RX        /ERR/LOKO/0x00000002
15:15:19.262  INFO     RX        /ERR/LOKO/0x00000002
15:15:19.293  INFO     RX        /ERR/LOKO/0x00000002
15:15:19.293  INFO     RX        /ERR/LOKO/0x00000002
15:15:19.293  INFO     RX        /ERR/LOKO/0x00000002
15:15:19.322  INFO     RX        /ERR/LOKO/0x00000002
15:15:19.323  INFO     RX        /ERR/LOKO/0x00000002
15:15:19.323  INFO     RX        /ERR/LOKO/0x00000002
15:15:19.357  INFO     RX        /ERR/LOKO/0x00000002
15:15:19.357  INFO     RX        /ERR/LOKO/0x00000002
15:15:19.357  INFO     RX        /ERR/LOKO/0x00000002
15:15:19.389  INFO     RX        /ERR/LOKO/0x00000002
15:15:19.389  INFO     RX        /ERR/LOKO/0x00000002
15:15:19.423  INFO     RX        /ERR/LOKO/0x00000002
15:15:19.423  INFO     RX        /ERR/LOKO/0x00000002
15:15:19.423  INFO     RX        /ERR/LOKO/0x00000002
15:15:19.453  INFO     RX        /ERR/LOKO/0x00000002
15:15:19.453  INFO     RX        /ERR/LOKO/0x00000002
15:15:19.453  INFO     RX        /ERR/LOKO/0x00000002
15:15:19.485  INFO     RX        /ERR/LOKO/0x00000002
15:15:19.485  INFO     RX        /ERR/LOKO/0x00000002
15:15:19.485  INFO     RX        /ERR/LOKO/0x00000002
15:15:19.519  INFO     RX        /ERR/LOKO/0x00000002
15:15:19.519  INFO     RX        /ERR/LOKO/0x00000002
15:15:19.519  INFO     RX        /ERR/LOKO/0x00000002
15:15:19.549  INFO     RX        /ERR/LOKO/0x00000002
15:15:19.549  INFO     RX        /ERR/LOKO/0x00000002
15:15:19.583  INFO     RX        /ERR/LOKO/0x00000002
15:15:19.583  INFO     RX        /ERR/LOKO/0x00000002
15:15:19.583  INFO     RX        /ERR/LOKO/0x00000002
15:15:19.613  INFO     RX        /ERR/LOKO/0x00000002
15:15:19.613  INFO     RX        /ERR/LOKO/0x00000002
15:15:19.646  INFO     RX        /ERR/LOKO/0x00000002
15:15:19.646  INFO     RX        /ERR/LOKO/0x00000002
15:15:19.646  INFO     RX        /ERR/LOKO/0x00000002
15:15:19.682  INFO     RX        /ERR/LOKO/0x00000002
15:15:19.682  INFO     RX        /ERR/LOKO/0x00000002
15:15:19.682  INFO     RX        /ERR/LOKO/0x00000002
15:15:19.713  INFO     RX        /ERR/LOKO/0x00000002
15:15:19.713  INFO     RX        /ERR/LOKO/0x00000002
15:15:19.713  INFO     RX        /ERR/LOKO/0x00000002
15:15:19.744  INFO     RX        /ERR/LOKO/0x00000002
15:15:19.745  INFO     RX        /ERR/LOKO/0x00000002
15:15:19.745  INFO     RX        /ERR/LOKO/0x00000002
15:15:19.774  INFO     RX        /ERR/LOKO/0x00000002
15:15:19.774  INFO     RX        /ERR/LOKO/0x00000002
15:15:19.806  INFO     RX        /ERR/LOKO/0x00000002
15:15:19.806  INFO     RX        /ERR/LOKO/0x00000002
15:15:19.806  INFO     RX        /ERR/LOKO/0x00000002
15:15:19.841  INFO     RX        /ERR/LOKO/0x00000002
15:15:19.841  INFO     RX        /ERR/LOKO/0x00000002
15:15:19.841  INFO     RX        /ERR/LOKO/0x00000002
15:15:19.873  INFO     RX        /ERR/LOKO/0x00000002
15:15:19.874  INFO     RX        /ERR/LOKO/0x00000002
15:15:19.874  INFO     RX        /ERR/LOKO/0x00000002
15:15:19.904  INFO     RX        /ERR/LOKO/0x00000002
15:15:19.904  INFO     RX        /ERR/LOKO/0x00000002
15:15:19.936  INFO     RX        /ERR/LOKO/0x00000002
15:15:19.936  INFO     RX        /ERR/LOKO/0x00000002
15:15:19.937  INFO     RX        /ERR/LOKO/0x00000002
15:15:19.972  INFO     RX        /ERR/LOKO/0x00000002
15:15:19.972  INFO     RX        /ERR/LOKO/0x00000002
15:15:19.972  INFO     RX        /ERR/LOKO/0x00000002
15:15:20.000  INFO     RX        /ERR/LOKO/0x00000002
15:15:20.001  INFO     RX        /ERR/LOKO/0x00000002
15:15:20.033  INFO     RX        /ERR/LOKO/0x00000002
15:15:20.033  INFO     RX        /ERR/LOKO/0x00000002
15:15:20.034  INFO     RX        /ERR/LOKO/0x00000002
15:15:20.064  INFO     RX        /ERR/LOKO/0x00000002
15:15:20.064  INFO     RX        /ERR/LOKO/0x00000002
15:15:20.064  INFO     RX        /ERR/LOKO/0x00000002
15:15:20.096  INFO     RX        /ERR/LOKO/0x00000002
15:15:20.096  INFO     RX        /ERR/LOKO/0x00000002
15:15:20.096  INFO     RX        /ERR/LOKO/0x00000002
15:15:20.129  INFO     RX        /ERR/LOKO/0x00000002
15:15:20.129  INFO     RX        /ERR/LOKO/0x00000002
15:15:20.163  INFO     RX        /ERR/LOKO/0x00000002
15:15:20.163  INFO     RX        /ERR/LOKO/0x00000002
15:15:20.163  INFO     RX        /ERR/LOKO/0x00000002
15:15:20.194  INFO     RX        /ERR/LOKO/0x00000002
15:15:20.194  INFO     RX        /ERR/LOKO/0x00000002
15:15:20.194  INFO     RX        /ERR/LOKO/0x00000002
15:15:20.222  DEBUG    TX /CONTROLL/0,0,0,0,0,0,0,0,0
15:15:20.225  INFO     RX        /ERR/LOKO/0x00000002
15:15:20.226  INFO     RX        /ERR/LOKO/0x00000002
15:15:20.226  INFO     RX        /ERR/LOKO/0x00000002
15:15:20.260  INFO     RX        /ERR/LOKO/0x00000002
15:15:20.260  INFO     RX        /ERR/LOKO/0x00000002
15:15:20.260  INFO     RX        /ERR/LOKO/0x00000002
15:15:20.290  INFO     RX        /ERR/LOKO/0x00000002
15:15:20.290  INFO     RX        /ERR/LOKO/0x00000002
15:15:20.329  INFO     RX        /ERR/LOKO/0x00000002
15:15:20.329  INFO     RX        /ERR/LOKO/0x00000002
15:15:20.329  INFO     RX        /ERR/LOKO/0x00000002
15:15:20.329  INFO     RX        /ERR/LOKO/0x00000002
15:15:20.355  INFO     RX        /ERR/LOKO/0x00000002
15:15:20.355  INFO     RX        /ERR/LOKO/0x00000002
15:15:20.385  INFO     RX        /ERR/LOKO/0x00000002
15:15:20.385  INFO     RX        /ERR/LOKO/0x00000002
15:15:20.421  INFO     RX        /ERR/LOKO/0x00000002
15:15:20.421  INFO     RX        /ERR/LOKO/0x00000002
15:15:20.421  INFO     RX        /ERR/LOKO/0x00000002
15:15:20.453  INFO     RX        /ERR/LOKO/0x00000002
15:15:20.453  INFO     RX        /ERR/LOKO/0x00000002
15:15:20.453  INFO     RX        /ERR/LOKO/0x00000002
15:15:20.482  INFO     RX        /ERR/LOKO/0x00000002
15:15:20.482  INFO     RX        /ERR/LOKO/0x00000002
15:15:20.482  INFO     RX        /ERR/LOKO/0x00000002
15:15:20.517  INFO     RX        /ERR/LOKO/0x00000002
15:15:20.517  INFO     RX        /ERR/LOKO/0x00000002
15:15:20.517  INFO     RX        /ERR/LOKO/0x00000002
15:15:20.549  INFO     RX        /ERR/LOKO/0x00000002
15:15:20.549  INFO     RX        /ERR/LOKO/0x00000002
15:15:20.579  INFO     RX        /ERR/LOKO/0x00000002
15:15:20.579  INFO     RX        /ERR/LOKO/0x00000002
15:15:20.579  INFO     RX        /ERR/LOKO/0x00000002
15:15:20.612  INFO     RX        /ERR/LOKO/0x00000002
15:15:20.612  INFO     RX        /ERR/LOKO/0x00000002
15:15:20.612  INFO     RX        /ERR/LOKO/0x00000002
15:15:20.647  INFO     RX        /ERR/LOKO/0x00000002
15:15:20.647  INFO     RX        /ERR/LOKO/0x00000002
15:15:20.647  INFO     RX        /ERR/LOKO/0x00000002
15:15:20.677  INFO     RX        /ERR/LOKO/0x00000002
15:15:20.677  INFO     RX        /ERR/LOKO/0x00000002
15:15:20.712  INFO     RX        /ERR/LOKO/0x00000002
15:15:20.712  INFO     RX        /ERR/LOKO/0x00000002
15:15:20.712  INFO     RX        /ERR/LOKO/0x00000002
15:15:20.745  INFO     RX        /ERR/LOKO/0x00000002
15:15:20.745  INFO     RX        /ERR/LOKO/0x00000002
15:15:20.745  INFO     RX        /ERR/LOKO/0x00000002
15:15:20.776  INFO     RX        /ERR/LOKO/0x00000002
15:15:20.776  INFO     RX        /ERR/LOKO/0x00000002
15:15:20.776  INFO     RX        /ERR/LOKO/0x00000002
15:15:20.807  INFO     RX        /ERR/LOKO/0x00000002
15:15:20.807  INFO     RX        /ERR/LOKO/0x00000002
15:15:20.838  INFO     RX        /ERR/LOKO/0x00000002
15:15:20.839  INFO     RX        /ERR/LOKO/0x00000002
15:15:20.839  INFO     RX        /ERR/LOKO/0x00000002
15:15:20.872  INFO     RX        /ERR/LOKO/0x00000002
15:15:20.872  INFO     RX        /ERR/LOKO/0x00000002
15:15:20.872  INFO     RX        /ERR/LOKO/0x00000002
15:15:20.902  INFO     RX        /ERR/LOKO/0x00000002
15:15:20.902  INFO     RX        /ERR/LOKO/0x00000002
15:15:20.938  INFO     RX        /ERR/LOKO/0x00000002
15:15:20.938  INFO     RX        /ERR/LOKO/0x00000002
15:15:20.938  INFO     RX        /ERR/LOKO/0x00000002
15:15:20.969  INFO     RX        /ERR/LOKO/0x00000002
15:15:20.969  INFO     RX        /ERR/LOKO/0x00000002
15:15:20.969  INFO     RX        /ERR/LOKO/0x00000002
15:15:20.998  INFO     RX        /ERR/LOKO/0x00000002
15:15:20.998  INFO     RX        /ERR/LOKO/0x00000002
15:15:21.032  INFO     RX        /ERR/LOKO/0x00000002
15:15:21.032  INFO     RX        /ERR/LOKO/0x00000002
15:15:21.032  INFO     RX        /ERR/LOKO/0x00000002
15:15:21.032  INFO     RX        /ERR/LOKO/0x00000002
15:15:21.062  INFO     RX        /ERR/LOKO/0x00000002
15:15:21.062  INFO     RX        /ERR/LOKO/0x00000002
15:15:21.096  INFO     RX        /ERR/LOKO/0x00000002
15:15:21.097  INFO     RX        /ERR/LOKO/0x00000002
15:15:21.097  INFO     RX        /ERR/LOKO/0x00000002
15:15:21.125  INFO     RX        /ERR/LOKO/0x00000002
15:15:21.125  INFO     RX        /ERR/LOKO/0x00000002
15:15:21.157  INFO     RX        /ERR/LOKO/0x00000002
15:15:21.157  INFO     RX        /ERR/LOKO/0x00000002
15:15:21.157  INFO     RX        /ERR/LOKO/0x00000002
15:15:21.190  INFO     RX        /ERR/LOKO/0x00000002
15:15:21.190  INFO     RX        /ERR/LOKO/0x00000002
15:15:21.190  INFO     RX        /ERR/LOKO/0x00000002
15:15:21.226  INFO     RX        /ERR/LOKO/0x00000002
15:15:21.226  INFO     RX        /ERR/LOKO/0x00000002
15:15:21.226  INFO     RX        /ERR/LOKO/0x00000002
15:15:21.256  INFO     RX        /ERR/LOKO/0x00000002
15:15:21.256  INFO     RX        /ERR/LOKO/0x00000002
15:15:21.291  INFO     RX        /ERR/LOKO/0x00000002
15:15:21.291  INFO     RX        /ERR/LOKO/0x00000002
15:15:21.291  INFO     RX        /ERR/LOKO/0x00000002
15:15:21.320  INFO     RX        /ERR/LOKO/0x00000002
15:15:21.320  INFO     RX        /ERR/LOKO/0x00000002
15:15:21.320  INFO     RX        /ERR/LOKO/0x00000002
15:15:21.353  INFO     RX        /ERR/LOKO/0x00000002
15:15:21.353  INFO     RX        /ERR/LOKO/0x00000002
15:15:21.353  INFO     RX        /ERR/LOKO/0x00000002
15:15:21.387  INFO     RX        /ERR/LOKO/0x00000002
15:15:21.387  INFO     RX        /ERR/LOKO/0x00000002
15:15:21.387  INFO     RX        /ERR/LOKO/0x00000002
15:15:21.416  INFO     RX        /ERR/LOKO/0x00000002
15:15:21.416  INFO     RX        /ERR/LOKO/0x00000002
15:15:21.452  INFO     RX        /ERR/LOKO/0x00000002
15:15:21.453  INFO     RX        /ERR/LOKO/0x00000002
15:15:21.453  INFO     RX        /ERR/LOKO/0x00000002
15:15:21.484  INFO     RX        /ERR/LOKO/0x00000002
15:15:21.484  INFO     RX        /ERR/LOKO/0x00000002
15:15:21.485  INFO     RX        /ERR/LOKO/0x00000002
15:15:21.514  INFO     RX        /ERR/LOKO/0x00000002
15:15:21.514  INFO     RX        /ERR/LOKO/0x00000002
15:15:21.545  INFO     RX        /ERR/LOKO/0x00000002
15:15:21.545  INFO     RX        /ERR/LOKO/0x00000002
15:15:21.545  INFO     RX        /ERR/LOKO/0x00000002
15:15:21.580  INFO     RX        /ERR/LOKO/0x00000002
15:15:21.580  INFO     RX        /ERR/LOKO/0x00000002
15:15:21.580  INFO     RX        /ERR/LOKO/0x00000002
15:15:21.608  INFO     RX        /ERR/LOKO/0x00000002
15:15:21.608  INFO     RX        /ERR/LOKO/0x00000002
15:15:21.609  INFO     RX        /ERR/LOKO/0x00000002
15:15:21.643  INFO     RX        /ERR/LOKO/0x00000002
15:15:21.643  INFO     RX        /ERR/LOKO/0x00000002
15:15:21.643  INFO     RX        /ERR/LOKO/0x00000002
15:15:21.673  INFO     RX        /ERR/LOKO/0x00000002
15:15:21.673  INFO     RX        /ERR/LOKO/0x00000002
15:15:21.707  INFO     RX        /ERR/LOKO/0x00000002
15:15:21.707  INFO     RX        /ERR/LOKO/0x00000002
15:15:21.707  INFO     RX        /ERR/LOKO/0x00000002
15:15:21.737  INFO     RX        /ERR/LOKO/0x00000002
15:15:21.738  INFO     RX        /ERR/LOKO/0x00000002
15:15:21.773  INFO     RX        /ERR/LOKO/0x00000002
15:15:21.773  INFO     RX        /ERR/LOKO/0x00000002
15:15:21.773  INFO     RX        /ERR/LOKO/0x00000002
15:15:21.773  INFO     RX        /ERR/LOKO/0x00000002
15:15:21.802  INFO     RX        /ERR/LOKO/0x00000002
15:15:21.802  INFO     RX        /ERR/LOKO/0x00000002
15:15:21.830  DEBUG    TX /CONTROLL/0,0,0,-12,0,0,0,0,0
15:15:21.836  INFO     RX        /ERR/LOKO/0x00000002
15:15:21.836  INFO     RX        /ERR/LOKO/0x00000002
15:15:21.836  INFO     RX        /ERR/LOKO/0x00000002
15:15:21.866  INFO     RX        /ERR/LOKO/0x00000002
15:15:21.866  INFO     RX        /ERR/LOKO/0x00000002
15:15:21.901  INFO     RX        /ERR/LOKO/0x00000002
15:15:21.901  INFO     RX        /ERR/LOKO/0x00000002
15:15:21.901  INFO     RX        /ERR/LOKO/0x00000002
15:15:21.930  INFO     RX        /ERR/LOKO/0x00000002
15:15:21.930  INFO     RX        /ERR/LOKO/0x00000002
15:15:21.930  INFO     RX        /ERR/LOKO/0x00000002
15:15:21.970  INFO     RX        /ERR/LOKO/0x00000002
15:15:21.970  INFO     RX        /ERR/LOKO/0x00000002
15:15:21.970  INFO     RX        /ERR/LOKO/0x00000002
15:15:21.995  INFO     RX        /ERR/LOKO/0x00000002
15:15:21.995  INFO     RX        /ERR/LOKO/0x00000002
15:15:22.028  INFO     RX        /ERR/LOKO/0x00000002
15:15:22.028  INFO     RX        /ERR/LOKO/0x00000002
15:15:22.028  INFO     RX        /ERR/LOKO/0x00000002
15:15:22.063  INFO     RX        /ERR/LOKO/0x00000002
15:15:22.063  INFO     RX        /ERR/LOKO/0x00000002
15:15:22.063  INFO     RX        /ERR/LOKO/0x00000002
15:15:22.091  INFO     RX        /ERR/LOKO/0x00000002
15:15:22.091  INFO     RX        /ERR/LOKO/0x00000002
15:15:22.091  INFO     RX        /ERR/LOKO/0x00000002
15:15:22.125  INFO     RX        /ERR/LOKO/0x00000002
15:15:22.125  INFO     RX        /ERR/LOKO/0x00000002
15:15:22.125  INFO     RX        /ERR/LOKO/0x00000002
15:15:22.158  INFO     RX        /ERR/LOKO/0x00000002
15:15:22.158  INFO     RX        /ERR/LOKO/0x00000002
15:15:22.191  INFO     RX        /ERR/LOKO/0x00000002
15:15:22.191  INFO     RX        /ERR/LOKO/0x00000002
15:15:22.191  INFO     RX        /ERR/LOKO/0x00000002
15:15:22.219  INFO     RX        /ERR/LOKO/0x00000002
15:15:22.219  INFO     RX        /ERR/LOKO/0x00000002
15:15:22.255  INFO     RX        /ERR/LOKO/0x00000002
15:15:22.255  INFO     RX        /ERR/LOKO/0x00000002
15:15:22.255  INFO     RX        /ERR/LOKO/0x00000002
15:15:22.255  INFO     RX        /ERR/LOKO/0x00000002
15:15:22.283  INFO     RX        /ERR/LOKO/0x00000002
15:15:22.284  INFO     RX        /ERR/LOKO/0x00000002
15:15:22.318  INFO     RX        /ERR/LOKO/0x00000002
15:15:22.318  INFO     RX        /ERR/LOKO/0x00000002
15:15:22.318  INFO     RX        /ERR/LOKO/0x00000002
15:15:22.348  INFO     RX        /ERR/LOKO/0x00000002
15:15:22.349  INFO     RX        /ERR/LOKO/0x00000002
15:15:22.349  INFO     RX        /ERR/LOKO/0x00000002
15:15:22.381  INFO     RX        /ERR/LOKO/0x00000002
15:15:22.381  INFO     RX        /ERR/LOKO/0x00000002
15:15:22.412  INFO     RX        /ERR/LOKO/0x00000002
15:15:22.412  INFO     RX        /ERR/LOKO/0x00000002
15:15:22.412  INFO     RX        /ERR/LOKO/0x00000002
15:15:22.446  INFO     RX        /ERR/LOKO/0x00000002
15:15:22.446  INFO     RX        /ERR/LOKO/0x00000002
15:15:22.446  INFO     RX        /ERR/LOKO/0x00000002
15:15:22.478  INFO     RX        /ERR/LOKO/0x00000002
15:15:22.478  INFO     RX        /ERR/LOKO/0x00000002
15:15:22.478  INFO     RX        /ERR/LOKO/0x00000002
15:15:22.507  INFO     RX        /ERR/LOKO/0x00000002
15:15:22.507  INFO     RX        /ERR/LOKO/0x00000002
15:15:22.542  INFO     RX        /ERR/LOKO/0x00000002
15:15:22.542  INFO     RX        /ERR/LOKO/0x00000002
15:15:22.542  INFO     RX        /ERR/LOKO/0x00000002
15:15:22.574  INFO     RX        /ERR/LOKO/0x00000002
15:15:22.574  INFO     RX        /ERR/LOKO/0x00000002
15:15:22.574  INFO     RX        /ERR/LOKO/0x00000002
15:15:22.606  INFO     RX        /ERR/LOKO/0x00000002
15:15:22.606  INFO     RX        /ERR/LOKO/0x00000002
15:15:22.635  INFO     RX        /ERR/LOKO/0x00000002
15:15:22.635  INFO     RX        /ERR/LOKO/0x00000002
15:15:22.635  INFO     RX        /ERR/LOKO/0x00000002
15:15:22.670  INFO     RX        /ERR/LOKO/0x00000002
15:15:22.670  INFO     RX        /ERR/LOKO/0x00000002
15:15:22.670  INFO     RX        /ERR/LOKO/0x00000002
15:15:22.702  INFO     RX        /ERR/LOKO/0x00000002
15:15:22.703  INFO     RX        /ERR/LOKO/0x00000002
15:15:22.703  INFO     RX        /ERR/LOKO/0x00000002
15:15:22.734  INFO     RX        /ERR/LOKO/0x00000002
15:15:22.734  INFO     RX        /ERR/LOKO/0x00000002
15:15:22.766  INFO     RX        /ERR/LOKO/0x00000002
15:15:22.766  INFO     RX        /ERR/LOKO/0x00000002
15:15:22.766  INFO     RX        /ERR/LOKO/0x00000002
15:15:22.796  INFO     RX        /ERR/LOKO/0x00000002
15:15:22.796  INFO     RX        /ERR/LOKO/0x00000002
15:15:22.796  INFO     RX        /ERR/LOKO/0x00000002
15:15:22.827  INFO     RX        /ERR/LOKO/0x00000002
15:15:22.827  INFO     RX        /ERR/LOKO/0x00000002
15:15:22.860  INFO     RX        /ERR/LOKO/0x00000002
15:15:22.860  INFO     RX        /ERR/LOKO/0x00000002
15:15:22.860  INFO     RX        /ERR/LOKO/0x00000002
15:15:22.895  INFO     RX        /ERR/LOKO/0x00000002
15:15:22.895  INFO     RX        /ERR/LOKO/0x00000002
15:15:22.895  INFO     RX        /ERR/LOKO/0x00000002
15:15:22.923  INFO     RX        /ERR/LOKO/0x00000002
15:15:22.923  INFO     RX        /ERR/LOKO/0x00000002
15:15:22.959  INFO     RX        /ERR/LOKO/0x00000002
15:15:22.959  INFO     RX        /ERR/LOKO/0x00000002
15:15:22.959  INFO     RX        /ERR/LOKO/0x00000002
15:15:22.959  INFO     RX        /ERR/LOKO/0x00000002
15:15:22.988  INFO     RX        /ERR/LOKO/0x00000002
15:15:22.988  INFO     RX        /ERR/LOKO/0x00000002
15:15:23.022  INFO     RX        /ERR/LOKO/0x00000002
15:15:23.022  INFO     RX        /ERR/LOKO/0x00000002
15:15:23.022  INFO     RX        /ERR/LOKO/0x00000002
15:15:23.051  INFO     RX        /ERR/LOKO/0x00000002
15:15:23.051  INFO     RX        /ERR/LOKO/0x00000002
15:15:23.083  INFO     RX        /ERR/LOKO/0x00000002
15:15:23.083  INFO     RX        /ERR/LOKO/0x00000002
15:15:23.083  INFO     RX        /ERR/LOKO/0x00000002
15:15:23.115  INFO     RX        /ERR/LOKO/0x00000002
15:15:23.115  INFO     RX        /ERR/LOKO/0x00000002
15:15:23.115  INFO     RX        /ERR/LOKO/0x00000002
15:15:23.151  INFO     RX        /ERR/LOKO/0x00000002
15:15:23.151  INFO     RX        /ERR/LOKO/0x00000002
15:15:23.151  INFO     RX        /ERR/LOKO/0x00000002
15:15:23.180  INFO     RX        /ERR/LOKO/0x00000002
15:15:23.181  INFO     RX        /ERR/LOKO/0x00000002
15:15:23.320  INFO     RX        /ERR/LOKO/0x00000002
15:15:23.320  INFO     RX        /ERR/LOKO/0x00000002
15:15:23.320  INFO     RX        /ERR/LOKO/0x00000002
15:15:23.320  INFO     RX        /ERR/LOKO/0x00000002
15:15:23.320  INFO     RX        /ERR/LOKO/0x00000002
15:15:23.320  INFO     RX        /ERR/LOKO/0x00000002
15:15:23.320  INFO     RX        /ERR/LOKO/0x00000002
15:15:23.320  INFO     RX        /ERR/LOKO/0x00000002
15:15:23.337  INFO     RX        /ERR/LOKO/0x00000002
15:15:23.337  INFO     RX        /ERR/LOKO/0x00000002
15:15:23.337  INFO     RX        /ERR/LOKO/0x00000002
15:15:23.337  INFO     RX        /ERR/LOKO/0x00000002
15:15:23.337  INFO     RX        /ERR/LOKO/0x00000002
15:15:23.342  INFO     RX        /ERR/LOKO/0x00000002
15:15:23.347  INFO     RX        /ERR/LOKO/0x00000002
15:15:23.375  INFO     RX        /ERR/LOKO/0x00000002
15:15:23.375  INFO     RX        /ERR/LOKO/0x00000002
15:15:23.412  INFO     RX        /ERR/LOKO/0x00000002
15:15:23.412  INFO     RX        /ERR/LOKO/0x00000002
15:15:23.412  INFO     RX        /ERR/LOKO/0x00000002
15:15:23.436  DEBUG    TX /CONTROLL/0,0,0,0,0,0,0,0,0
15:15:23.439  INFO     RX        /ERR/LOKO/0x00000002
15:15:23.439  INFO     RX        /ERR/LOKO/0x00000002
15:15:23.482  INFO     RX        /ERR/LOKO/0x00000002
15:15:23.482  INFO     RX        /ERR/LOKO/0x00000002
15:15:23.482  INFO     RX        /ERR/LOKO/0x00000002
15:15:23.482  INFO     RX        /ERR/LOKO/0x00000002
15:15:23.505  INFO     RX        /ERR/LOKO/0x00000002
15:15:23.505  INFO     RX        /ERR/LOKO/0x00000002
15:15:23.539  INFO     RX        /ERR/LOKO/0x00000002
15:15:23.539  INFO     RX        /ERR/LOKO/0x00000002
15:15:23.539  INFO     RX        /ERR/LOKO/0x00000002
15:15:23.568  INFO     RX        /ERR/LOKO/0x00000002
15:15:23.568  INFO     RX        /ERR/LOKO/0x00000002
15:15:23.602  INFO     RX        /ERR/LOKO/0x00000002
15:15:23.602  INFO     RX        /ERR/LOKO/0x00000002
15:15:23.602  INFO     RX        /ERR/LOKO/0x00000002
15:15:23.633  INFO     RX        /ERR/LOKO/0x00000002
15:15:23.634  INFO     RX        /ERR/LOKO/0x00000002
15:15:23.634  INFO     RX        /ERR/LOKO/0x00000002
15:15:23.666  INFO     RX        /ERR/LOKO/0x00000002
15:15:23.667  INFO     RX        /ERR/LOKO/0x00000002
15:15:23.667  INFO     RX        /ERR/LOKO/0x00000002
15:15:23.695  INFO     RX        /ERR/LOKO/0x00000002
15:15:23.695  INFO     RX        /ERR/LOKO/0x00000002
15:15:23.731  INFO     RX        /ERR/LOKO/0x00000002
15:15:23.731  INFO     RX        /ERR/LOKO/0x00000002
15:15:23.731  INFO     RX        /ERR/LOKO/0x00000002
15:15:23.759  INFO     RX        /ERR/LOKO/0x00000002
15:15:23.759  INFO     RX        /ERR/LOKO/0x00000002
15:15:23.759  INFO     RX        /ERR/LOKO/0x00000002
15:15:23.792  INFO     RX        /ERR/LOKO/0x00000002
15:15:23.792  INFO     RX        /ERR/LOKO/0x00000002
15:15:23.792  INFO     RX        /ERR/LOKO/0x00000002
15:15:23.829  INFO     RX        /ERR/LOKO/0x00000002
15:15:23.829  INFO     RX        /ERR/LOKO/0x00000002
15:15:23.829  INFO     RX        /ERR/LOKO/0x00000002
15:15:23.858  INFO     RX        /ERR/LOKO/0x00000002
15:15:23.858  INFO     RX        /ERR/LOKO/0x00000002
15:15:23.889  INFO     RX        /ERR/LOKO/0x00000002
15:15:23.890  INFO     RX        /ERR/LOKO/0x00000002
15:15:23.890  INFO     RX        /ERR/LOKO/0x00000002
15:15:23.921  INFO     RX        /ERR/LOKO/0x00000002
15:15:23.921  INFO     RX        /ERR/LOKO/0x00000002
15:15:23.921  INFO     RX        /ERR/LOKO/0x00000002
15:15:23.957  INFO     RX        /ERR/LOKO/0x00000002
15:15:23.957  INFO     RX        /ERR/LOKO/0x00000002
15:15:23.957  INFO     RX        /ERR/LOKO/0x00000002
15:15:23.989  INFO     RX        /ERR/LOKO/0x00000002
15:15:23.990  INFO     RX        /ERR/LOKO/0x00000002
15:15:24.017  INFO     RX        /ERR/LOKO/0x00000002
15:15:24.017  INFO     RX        /ERR/LOKO/0x00000002
15:15:24.017  INFO     RX        /ERR/LOKO/0x00000002
15:15:24.051  INFO     RX        /ERR/LOKO/0x00000002
15:15:24.051  INFO     RX        /ERR/LOKO/0x00000002
15:15:24.051  INFO     RX        /ERR/LOKO/0x00000002
15:15:24.081  INFO     RX        /ERR/LOKO/0x00000002
15:15:24.081  INFO     RX        /ERR/LOKO/0x00000002
15:15:24.117  INFO     RX        /ERR/LOKO/0x00000002
15:15:24.117  INFO     RX        /ERR/LOKO/0x00000002
15:15:24.118  INFO     RX        /ERR/LOKO/0x00000002
15:15:24.145  INFO     RX        /ERR/LOKO/0x00000002
15:15:24.145  INFO     RX        /ERR/LOKO/0x00000002
15:15:24.145  INFO     RX        /ERR/LOKO/0x00000002
15:15:24.181  INFO     RX        /ERR/LOKO/0x00000002
15:15:24.181  INFO     RX        /ERR/LOKO/0x00000002
15:15:24.181  INFO     RX        /ERR/LOKO/0x00000002
15:15:24.209  INFO     RX        /ERR/LOKO/0x00000002
15:15:24.209  INFO     RX        /ERR/LOKO/0x00000002
15:15:24.244  INFO     RX        /ERR/LOKO/0x00000002
15:15:24.244  INFO     RX        /ERR/LOKO/0x00000002
15:15:24.244  INFO     RX        /ERR/LOKO/0x00000002
15:15:24.273  INFO     RX        /ERR/LOKO/0x00000002
15:15:24.273  INFO     RX        /ERR/LOKO/0x00000002
15:15:24.273  INFO     RX        /ERR/LOKO/0x00000002
15:15:24.306  INFO     RX        /ERR/LOKO/0x00000002
15:15:24.306  INFO     RX        /ERR/LOKO/0x00000002
15:15:24.342  INFO     RX        /ERR/LOKO/0x00000002
15:15:24.342  INFO     RX        /ERR/LOKO/0x00000002
15:15:24.342  INFO     RX        /ERR/LOKO/0x00000002
15:15:24.373  INFO     RX        /ERR/LOKO/0x00000002
15:15:24.373  INFO     RX        /ERR/LOKO/0x00000002
15:15:24.373  INFO     RX        /ERR/LOKO/0x00000002
15:15:24.402  INFO     RX        /ERR/LOKO/0x00000002
15:15:24.402  INFO     RX        /ERR/LOKO/0x00000002
15:15:24.403  INFO     RX        /ERR/LOKO/0x00000002
15:15:24.437  INFO     RX        /ERR/LOKO/0x00000002
15:15:24.437  INFO     RX        /ERR/LOKO/0x00000002
15:15:24.437  INFO     RX        /ERR/LOKO/0x00000002
15:15:24.471  INFO     RX        /ERR/LOKO/0x00000002
15:15:24.472  INFO     RX        /ERR/LOKO/0x00000002
15:15:24.499  INFO     RX        /ERR/LOKO/0x00000002
15:15:24.499  INFO     RX        /ERR/LOKO/0x00000002
15:15:24.499  INFO     RX        /ERR/LOKO/0x00000002
15:15:24.536  INFO     RX        /ERR/LOKO/0x00000002
15:15:24.537  INFO     RX        /ERR/LOKO/0x00000002
15:15:24.537  INFO     RX        /ERR/LOKO/0x00000002
15:15:24.563  INFO     RX        /ERR/LOKO/0x00000002
15:15:24.563  INFO     RX        /ERR/LOKO/0x00000002
15:15:24.599  INFO     RX        /ERR/LOKO/0x00000002
15:15:24.599  INFO     RX        /ERR/LOKO/0x00000002
15:15:24.599  INFO     RX        /ERR/LOKO/0x00000002
15:15:24.628  INFO     RX        /ERR/LOKO/0x00000002
15:15:24.628  INFO     RX        /ERR/LOKO/0x00000002
15:15:24.628  INFO     RX        /ERR/LOKO/0x00000002
15:15:24.663  INFO     RX        /ERR/LOKO/0x00000002
15:15:24.663  INFO     RX        /ERR/LOKO/0x00000002
15:15:24.663  INFO     RX        /ERR/LOKO/0x00000002
15:15:24.692  INFO     RX        /ERR/LOKO/0x00000002
15:15:24.692  INFO     RX        /ERR/LOKO/0x00000002
15:15:24.727  INFO     RX        /ERR/LOKO/0x00000002
15:15:24.727  INFO     RX        /ERR/LOKO/0x00000002
15:15:24.727  INFO     RX        /ERR/LOKO/0x00000002
15:15:24.758  INFO     RX        /ERR/LOKO/0x00000002
15:15:24.758  INFO     RX        /ERR/LOKO/0x00000002
15:15:24.758  INFO     RX        /ERR/LOKO/0x00000002
15:15:24.792  INFO     RX        /ERR/LOKO/0x00000002
15:15:24.792  INFO     RX        /ERR/LOKO/0x00000002
15:15:24.792  INFO     RX        /ERR/LOKO/0x00000002
15:15:24.820  INFO     RX        /ERR/LOKO/0x00000002
15:15:24.820  INFO     RX        /ERR/LOKO/0x00000002
15:15:24.856  INFO     RX        /ERR/LOKO/0x00000002
15:15:24.856  INFO     RX        /ERR/LOKO/0x00000002
15:15:24.856  INFO     RX        /ERR/LOKO/0x00000002
15:15:24.885  INFO     RX        /ERR/LOKO/0x00000002
15:15:24.885  INFO     RX        /ERR/LOKO/0x00000002
15:15:24.885  INFO     RX        /ERR/LOKO/0x00000002
15:15:24.918  INFO     RX        /ERR/LOKO/0x00000002
15:15:24.918  INFO     RX        /ERR/LOKO/0x00000002
15:15:24.950  INFO     RX        /ERR/LOKO/0x00000002
15:15:24.950  INFO     RX        /ERR/LOKO/0x00000002
15:15:24.950  INFO     RX        /ERR/LOKO/0x00000002
15:15:24.983  INFO     RX        /ERR/LOKO/0x00000002
15:15:24.983  INFO     RX        /ERR/LOKO/0x00000002
15:15:24.983  INFO     RX        /ERR/LOKO/0x00000002
15:15:25.013  INFO     RX        /ERR/LOKO/0x00000002
15:15:25.013  INFO     RX        /ERR/LOKO/0x00000002
15:15:25.013  INFO     RX        /ERR/LOKO/0x00000002
15:15:25.041  DEBUG    TX /CONTROLL/0,0,0,-16,0,0,0,0,0
15:15:25.045  INFO     RX        /ERR/LOKO/0x00000002
15:15:25.045  INFO     RX        /ERR/LOKO/0x00000002
15:15:25.077  INFO     RX        /ERR/LOKO/0x00000002
15:15:25.077  INFO     RX        /ERR/LOKO/0x00000002
15:15:25.077  INFO     RX        /ERR/LOKO/0x00000002
15:15:25.115  INFO     RX        /ERR/LOKO/0x00000002
15:15:25.115  INFO     RX        /ERR/LOKO/0x00000002
15:15:25.115  INFO     RX        /ERR/LOKO/0x00000002
15:15:25.141  INFO     RX        /ERR/LOKO/0x00000002
15:15:25.141  INFO     RX        /ERR/LOKO/0x00000002
15:15:25.176  INFO     RX        /ERR/LOKO/0x00000002
15:15:25.177  INFO     RX        /ERR/LOKO/0x00000002
15:15:25.177  INFO     RX        /ERR/LOKO/0x00000002
15:15:25.177  INFO     RX        /ERR/LOKO/0x00000002
15:15:25.205  INFO     RX        /ERR/LOKO/0x00000002
15:15:25.205  INFO     RX        /ERR/LOKO/0x00000002
15:15:25.242  INFO     RX        /ERR/LOKO/0x00000002
15:15:25.242  INFO     RX        /ERR/LOKO/0x00000002
15:15:25.242  INFO     RX        /ERR/LOKO/0x00000002
15:15:25.273  INFO     RX        /ERR/LOKO/0x00000002
15:15:25.273  INFO     RX        /ERR/LOKO/0x00000002
15:15:25.273  INFO     RX        /ERR/LOKO/0x00000002
15:15:25.307  INFO     RX        /ERR/LOKO/0x00000002
15:15:25.308  INFO     RX        /ERR/LOKO/0x00000002
15:15:25.308  INFO     RX        /ERR/LOKO/0x00000002
15:15:25.333  INFO     RX        /ERR/LOKO/0x00000002
15:15:25.333  INFO     RX        /ERR/LOKO/0x00000002
15:15:25.369  INFO     RX        /ERR/LOKO/0x00000002
15:15:25.369  INFO     RX        /ERR/LOKO/0x00000002
15:15:25.369  INFO     RX        /ERR/LOKO/0x00000002
15:15:25.398  INFO     RX        /ERR/LOKO/0x00000002
15:15:25.398  INFO     RX        /ERR/LOKO/0x00000002
15:15:25.434  INFO     RX        /ERR/LOKO/0x00000002
15:15:25.434  INFO     RX        /ERR/LOKO/0x00000002
15:15:25.434  INFO     RX        /ERR/LOKO/0x00000002
15:15:25.465  INFO     RX        /ERR/LOKO/0x00000002
15:15:25.465  INFO     RX        /ERR/LOKO/0x00000002
15:15:25.465  INFO     RX        /ERR/LOKO/0x00000002
15:15:25.496  INFO     RX        /ERR/LOKO/0x00000002
15:15:25.496  INFO     RX        /ERR/LOKO/0x00000002
15:15:25.496  INFO     RX        /ERR/LOKO/0x00000002
15:15:25.531  INFO     RX        /ERR/LOKO/0x00000002
15:15:25.531  INFO     RX        /ERR/LOKO/0x00000002
15:15:25.531  INFO     RX        /ERR/LOKO/0x00000002
15:15:25.560  INFO     RX        /ERR/LOKO/0x00000002
15:15:25.560  INFO     RX        /ERR/LOKO/0x00000002
15:15:25.597  INFO     RX        /ERR/LOKO/0x00000002
15:15:25.597  INFO     RX        /ERR/LOKO/0x00000002
15:15:25.597  INFO     RX        /ERR/LOKO/0x00000002
15:15:25.630  INFO     RX        /ERR/LOKO/0x00000002
15:15:25.630  INFO     RX        /ERR/LOKO/0x00000002
15:15:25.630  INFO     RX        /ERR/LOKO/0x00000002
15:15:25.657  INFO     RX        /ERR/LOKO/0x00000002
15:15:25.657  INFO     RX        /ERR/LOKO/0x00000002
15:15:25.692  INFO     RX        /ERR/LOKO/0x00000002
15:15:25.692  INFO     RX        /ERR/LOKO/0x00000002
15:15:25.692  INFO     RX        /ERR/LOKO/0x00000002
15:15:25.692  INFO     RX        /ERR/LOKO/0x00000002
15:15:25.721  INFO     RX        /ERR/LOKO/0x00000002
15:15:25.721  INFO     RX        /ERR/LOKO/0x00000002
15:15:25.755  INFO     RX        /ERR/LOKO/0x00000002
15:15:25.755  INFO     RX        /ERR/LOKO/0x00000002
15:15:25.755  INFO     RX        /ERR/LOKO/0x00000002
15:15:25.785  INFO     RX        /ERR/LOKO/0x00000002
15:15:25.785  INFO     RX        /ERR/LOKO/0x00000002
15:15:25.910  INFO     RX        /ERR/LOKO/0x00000002
15:15:25.910  INFO     RX        /ERR/LOKO/0x00000002
15:15:25.910  INFO     RX        /ERR/LOKO/0x00000002
15:15:25.910  INFO     RX        /ERR/LOKO/0x00000002
15:15:25.910  INFO     RX        /ERR/LOKO/0x00000002
15:15:25.910  INFO     RX        /ERR/LOKO/0x00000002
15:15:25.910  INFO     RX        /ERR/LOKO/0x00000002
15:15:25.910  INFO     RX        /ERR/LOKO/0x00000002
15:15:25.929  INFO     RX        /ERR/LOKO/0x00000002
15:15:25.929  INFO     RX        /ERR/LOKO/0x00000002
15:15:25.929  INFO     RX        /ERR/LOKO/0x00000002
15:15:25.929  INFO     RX        /ERR/LOKO/0x00000002
15:15:25.929  INFO     RX        /ERR/LOKO/0x00000002
15:15:25.948  INFO     RX        /ERR/LOKO/0x00000002
15:15:25.982  INFO     RX        /ERR/LOKO/0x00000002
15:15:25.983  INFO     RX        /ERR/LOKO/0x00000002
15:15:25.983  INFO     RX        /ERR/LOKO/0x00000002
15:15:26.012  INFO     RX        /ERR/LOKO/0x00000002
15:15:26.012  INFO     RX        /ERR/LOKO/0x00000002
15:15:26.012  INFO     RX        /ERR/LOKO/0x00000002
15:15:26.051  INFO     RX        /ERR/LOKO/0x00000002
15:15:26.051  INFO     RX        /ERR/LOKO/0x00000002
15:15:26.051  INFO     RX        /ERR/LOKO/0x00000002
15:15:26.081  INFO     RX        /ERR/LOKO/0x00000002
15:15:26.081  INFO     RX        /ERR/LOKO/0x00000002
15:15:26.081  INFO     RX        /ERR/LOKO/0x00000002
15:15:26.109  INFO     RX        /ERR/LOKO/0x00000002
15:15:26.110  INFO     RX        /ERR/LOKO/0x00000002
15:15:26.145  INFO     RX        /ERR/LOKO/0x00000002
15:15:26.145  INFO     RX        /ERR/LOKO/0x00000002
15:15:26.145  INFO     RX        /ERR/LOKO/0x00000002
15:15:26.178  INFO     RX        /ERR/LOKO/0x00000002
15:15:26.178  INFO     RX        /ERR/LOKO/0x00000002
15:15:26.178  INFO     RX        /ERR/LOKO/0x00000002
15:15:26.209  INFO     RX        /ERR/LOKO/0x00000002
15:15:26.209  INFO     RX        /ERR/LOKO/0x00000002
15:15:26.209  INFO     RX        /ERR/LOKO/0x00000002
15:15:26.246  INFO     RX        /ERR/LOKO/0x00000002
15:15:26.246  INFO     RX        /ERR/LOKO/0x00000002
15:15:26.246  INFO     RX        /ERR/LOKO/0x00000002
15:15:26.277  INFO     RX        /ERR/LOKO/0x00000002
15:15:26.277  INFO     RX        /ERR/LOKO/0x00000002
15:15:26.306  INFO     RX        /ERR/LOKO/0x00000002
15:15:26.307  INFO     RX        /ERR/LOKO/0x00000002
15:15:26.307  INFO     RX        /ERR/LOKO/0x00000002
15:15:26.338  INFO     RX        /ERR/LOKO/0x00000002
15:15:26.338  INFO     RX        /ERR/LOKO/0x00000002
15:15:26.338  INFO     RX        /ERR/LOKO/0x00000002
15:15:26.369  INFO     RX        /ERR/LOKO/0x00000002
15:15:26.369  INFO     RX        /ERR/LOKO/0x00000002
15:15:26.402  INFO     RX        /ERR/LOKO/0x00000002
15:15:26.402  INFO     RX        /ERR/LOKO/0x00000002
15:15:26.402  INFO     RX        /ERR/LOKO/0x00000002
15:15:26.433  INFO     RX        /ERR/LOKO/0x00000002
15:15:26.433  INFO     RX        /ERR/LOKO/0x00000002
15:15:26.433  INFO     RX        /ERR/LOKO/0x00000002
15:15:26.465  INFO     RX        /ERR/LOKO/0x00000002
15:15:26.465  INFO     RX        /ERR/LOKO/0x00000002
15:15:26.499  INFO     RX        /ERR/LOKO/0x00000002
15:15:26.499  INFO     RX        /ERR/LOKO/0x00000002
15:15:26.499  INFO     RX        /ERR/LOKO/0x00000002
15:15:26.529  INFO     RX        /ERR/LOKO/0x00000002
15:15:26.529  INFO     RX        /ERR/LOKO/0x00000002
15:15:26.529  INFO     RX        /ERR/LOKO/0x00000002
15:15:26.561  INFO     RX        /ERR/LOKO/0x00000002
15:15:26.562  INFO     RX        /ERR/LOKO/0x00000002
15:15:26.562  INFO     RX        /ERR/LOKO/0x00000002
15:15:26.596  INFO     RX        /ERR/LOKO/0x00000002
15:15:26.597  INFO     RX        /ERR/LOKO/0x00000002
15:15:26.597  INFO     RX        /ERR/LOKO/0x00000002
15:15:26.625  INFO     RX        /ERR/LOKO/0x00000002
15:15:26.625  INFO     RX        /ERR/LOKO/0x00000002
15:15:26.654  DEBUG    TX /CONTROLL/0,0,0,-20,0,0,0,0,0
15:15:26.661  INFO     RX        /ERR/LOKO/0x00000002
15:15:26.661  INFO     RX        /ERR/LOKO/0x00000002
15:15:26.661  INFO     RX        /ERR/LOKO/0x00000002
15:15:26.690  INFO     RX        /ERR/LOKO/0x00000002
15:15:26.691  INFO     RX        /ERR/LOKO/0x00000002
15:15:26.691  INFO     RX        /ERR/LOKO/0x00000002
15:15:26.721  INFO     RX        /ERR/LOKO/0x00000002
15:15:26.721  INFO     RX        /ERR/LOKO/0x00000002
15:15:26.753  INFO     RX        /ERR/LOKO/0x00000002
15:15:26.753  INFO     RX        /ERR/LOKO/0x00000002
15:15:26.753  INFO     RX        /ERR/LOKO/0x00000002
15:15:26.789  INFO     RX        /ERR/LOKO/0x00000002
15:15:26.789  INFO     RX        /ERR/LOKO/0x00000002
15:15:26.789  INFO     RX        /ERR/LOKO/0x00000002
15:15:26.817  INFO     RX        /ERR/LOKO/0x00000002
15:15:26.817  INFO     RX        /ERR/LOKO/0x00000002
15:15:26.853  INFO     RX        /ERR/LOKO/0x00000002
15:15:26.853  INFO     RX        /ERR/LOKO/0x00000002
15:15:26.853  INFO     RX        /ERR/LOKO/0x00000002
15:15:26.853  INFO     RX        /ERR/LOKO/0x00000002
15:15:26.881  INFO     RX        /ERR/LOKO/0x00000002
15:15:26.881  INFO     RX        /ERR/LOKO/0x00000002
15:15:26.917  INFO     RX        /ERR/LOKO/0x00000002
15:15:26.917  INFO     RX        /ERR/LOKO/0x00000002
15:15:26.917  INFO     RX        /ERR/LOKO/0x00000002
15:15:26.945  INFO     RX        /ERR/LOKO/0x00000002
15:15:26.946  INFO     RX        /ERR/LOKO/0x00000002
15:15:26.981  INFO     RX        /ERR/LOKO/0x00000002
15:15:26.981  INFO     RX        /ERR/LOKO/0x00000002
15:15:26.981  INFO     RX        /ERR/LOKO/0x00000002
15:15:27.010  INFO     RX        /ERR/LOKO/0x00000002
15:15:27.010  INFO     RX        /ERR/LOKO/0x00000002
15:15:27.010  INFO     RX        /ERR/LOKO/0x00000002
15:15:27.042  INFO     RX        /ERR/LOKO/0x00000002
15:15:27.042  INFO     RX        /ERR/LOKO/0x00000002
15:15:27.042  INFO     RX        /ERR/LOKO/0x00000002
15:15:27.074  INFO     RX        /ERR/LOKO/0x00000002
15:15:27.074  INFO     RX        /ERR/LOKO/0x00000002
15:15:27.107  INFO     RX        /ERR/LOKO/0x00000002
15:15:27.107  INFO     RX        /ERR/LOKO/0x00000002
15:15:27.107  INFO     RX        /ERR/LOKO/0x00000002
15:15:27.142  INFO     RX        /ERR/LOKO/0x00000002
15:15:27.142  INFO     RX        /ERR/LOKO/0x00000002
15:15:27.142  INFO     RX        /ERR/LOKO/0x00000002
15:15:27.171  INFO     RX        /ERR/LOKO/0x00000002
15:15:27.171  INFO     RX        /ERR/LOKO/0x00000002
15:15:27.171  INFO     RX        /ERR/LOKO/0x00000002
15:15:27.203  INFO     RX        /ERR/LOKO/0x00000002
15:15:27.203  INFO     RX        /ERR/LOKO/0x00000002
15:15:27.238  INFO     RX        /ERR/LOKO/0x00000002
15:15:27.238  INFO     RX        /ERR/LOKO/0x00000002
15:15:27.238  INFO     RX        /ERR/LOKO/0x00000002
15:15:27.268  INFO     RX        /ERR/LOKO/0x00000002
15:15:27.268  INFO     RX        /ERR/LOKO/0x00000002
15:15:27.268  INFO     RX        /ERR/LOKO/0x00000002
15:15:27.300  INFO     RX        /ERR/LOKO/0x00000002
15:15:27.300  INFO     RX        /ERR/LOKO/0x00000002
15:15:27.300  INFO     RX        /ERR/LOKO/0x00000002
15:15:27.335  INFO     RX        /ERR/LOKO/0x00000002
15:15:27.336  INFO     RX        /ERR/LOKO/0x00000002
15:15:27.336  INFO     RX        /ERR/LOKO/0x00000002
15:15:27.364  INFO     RX        /ERR/LOKO/0x00000002
15:15:27.365  INFO     RX        /ERR/LOKO/0x00000002
15:15:27.397  INFO     RX        /ERR/LOKO/0x00000002
15:15:27.397  INFO     RX        /ERR/LOKO/0x00000002
15:15:27.397  INFO     RX        /ERR/LOKO/0x00000002
15:15:27.432  INFO     RX        /ERR/LOKO/0x00000002
15:15:27.432  INFO     RX        /ERR/LOKO/0x00000002
15:15:27.432  INFO     RX        /ERR/LOKO/0x00000002
15:15:27.461  INFO     RX        /ERR/LOKO/0x00000002
15:15:27.461  INFO     RX        /ERR/LOKO/0x00000002
15:15:27.493  INFO     RX        /ERR/LOKO/0x00000002
15:15:27.493  INFO     RX        /ERR/LOKO/0x00000002
15:15:27.493  INFO     RX        /ERR/LOKO/0x00000002
15:15:27.528  INFO     RX        /ERR/LOKO/0x00000002
15:15:27.529  INFO     RX        /ERR/LOKO/0x00000002
15:15:27.529  INFO     RX        /ERR/LOKO/0x00000002
15:15:27.560  INFO     RX        /ERR/LOKO/0x00000002
15:15:27.560  INFO     RX        /ERR/LOKO/0x00000002
15:15:27.590  INFO     RX        /ERR/LOKO/0x00000002
15:15:27.590  INFO     RX        /ERR/LOKO/0x00000002
15:15:27.590  INFO     RX        /ERR/LOKO/0x00000002
15:15:27.625  INFO     RX        /ERR/LOKO/0x00000002
15:15:27.625  INFO     RX        /ERR/LOKO/0x00000002
15:15:27.625  INFO     RX        /ERR/LOKO/0x00000002
15:15:27.657  INFO     RX        /ERR/LOKO/0x00000002
15:15:27.657  INFO     RX        /ERR/LOKO/0x00000002
15:15:27.657  INFO     RX        /ERR/LOKO/0x00000002
15:15:27.686  INFO     RX        /ERR/LOKO/0x00000002
15:15:27.686  INFO     RX        /ERR/LOKO/0x00000002
15:15:27.721  INFO     RX        /ERR/LOKO/0x00000002
15:15:27.721  INFO     RX        /ERR/LOKO/0x00000002
15:15:27.721  INFO     RX        /ERR/LOKO/0x00000002
15:15:27.750  INFO     RX        /ERR/LOKO/0x00000002
15:15:27.750  INFO     RX        /ERR/LOKO/0x00000002
15:15:27.750  INFO     RX        /ERR/LOKO/0x00000002
15:15:27.786  INFO     RX        /ERR/LOKO/0x00000002
15:15:27.786  INFO     RX        /ERR/LOKO/0x00000002
15:15:27.786  INFO     RX        /ERR/LOKO/0x00000002
15:15:27.814  INFO     RX        /ERR/LOKO/0x00000002
15:15:27.814  INFO     RX        /ERR/LOKO/0x00000002
15:15:27.850  INFO     RX        /ERR/LOKO/0x00000002
15:15:27.850  INFO     RX        /ERR/LOKO/0x00000002
15:15:27.850  INFO     RX        /ERR/LOKO/0x00000002
15:15:27.879  INFO     RX        /ERR/LOKO/0x00000002
15:15:27.880  INFO     RX        /ERR/LOKO/0x00000002
15:15:27.880  INFO     RX        /ERR/LOKO/0x00000002
15:15:27.912  INFO     RX        /ERR/LOKO/0x00000002
15:15:27.912  INFO     RX        /ERR/LOKO/0x00000002
15:15:27.912  INFO     RX        /ERR/LOKO/0x00000002
15:15:27.946  INFO     RX        /ERR/LOKO/0x00000002
15:15:27.946  INFO     RX        /ERR/LOKO/0x00000002
15:15:27.977  INFO     RX        /ERR/LOKO/0x00000002
15:15:27.977  INFO     RX        /ERR/LOKO/0x00000002
15:15:27.977  INFO     RX        /ERR/LOKO/0x00000002
15:15:28.007  INFO     RX        /ERR/LOKO/0x00000002
15:15:28.007  INFO     RX        /ERR/LOKO/0x00000002
15:15:28.007  INFO     RX        /ERR/LOKO/0x00000002
15:15:28.042  INFO     RX        /ERR/LOKO/0x00000002
15:15:28.042  INFO     RX        /ERR/LOKO/0x00000002
15:15:28.042  INFO     RX        /ERR/LOKO/0x00000002
15:15:28.073  INFO     RX        /ERR/LOKO/0x00000002
15:15:28.073  INFO     RX        /ERR/LOKO/0x00000002
15:15:28.105  INFO     RX        /ERR/LOKO/0x00000002
15:15:28.106  INFO     RX        /ERR/LOKO/0x00000002
15:15:28.106  INFO     RX        /ERR/LOKO/0x00000002
15:15:28.134  INFO     RX        /ERR/LOKO/0x00000002
15:15:28.134  INFO     RX        /ERR/LOKO/0x00000002
15:15:28.134  INFO     RX        /ERR/LOKO/0x00000002
15:15:28.170  INFO     RX        /ERR/LOKO/0x00000002
15:15:28.170  INFO     RX        /ERR/LOKO/0x00000002
15:15:28.170  INFO     RX        /ERR/LOKO/0x00000002
15:15:28.202  INFO     RX        /ERR/LOKO/0x00000002
15:15:28.202  INFO     RX        /ERR/LOKO/0x00000002
15:15:28.231  INFO     RX        /ERR/LOKO/0x00000002
15:15:28.232  INFO     RX        /ERR/LOKO/0x00000002
15:15:28.232  INFO     RX        /ERR/LOKO/0x00000002
15:15:28.260  DEBUG    TX /CONTROLL/0,0,0,0,0,0,0,0,0
15:15:28.267  INFO     RX        /ERR/LOKO/0x00000002
15:15:28.267  INFO     RX        /ERR/LOKO/0x00000002
15:15:28.268  INFO     RX        /ERR/LOKO/0x00000002
15:15:28.296  INFO     RX        /ERR/LOKO/0x00000002
15:15:28.297  INFO     RX        /ERR/LOKO/0x00000002
15:15:28.327  INFO     RX        /ERR/LOKO/0x00000002
15:15:28.327  INFO     RX        /ERR/LOKO/0x00000002
15:15:28.327  INFO     RX        /ERR/LOKO/0x00000002
15:15:28.360  INFO     RX        /ERR/LOKO/0x00000002
15:15:28.360  INFO     RX        /ERR/LOKO/0x00000002
15:15:28.360  INFO     RX        /ERR/LOKO/0x00000002
15:15:28.392  INFO     RX        /ERR/LOKO/0x00000002
15:15:28.392  INFO     RX        /ERR/LOKO/0x00000002
15:15:28.506  INFO     RX        /ERR/LOKO/0x00000002
15:15:28.507  INFO     RX        /ERR/LOKO/0x00000002
15:15:28.507  INFO     RX        /ERR/LOKO/0x00000002
15:15:28.507  INFO     RX        /ERR/LOKO/0x00000002
15:15:28.507  INFO     RX        /ERR/LOKO/0x00000002
15:15:28.507  INFO     RX        /ERR/LOKO/0x00000002
15:15:28.507  INFO     RX        /ERR/LOKO/0x00000002
15:15:28.507  INFO     RX        /ERR/LOKO/0x00000002
15:15:28.517  INFO     RX        /ERR/LOKO/0x00000002
15:15:28.517  INFO     RX        /ERR/LOKO/0x00000002
15:15:28.517  INFO     RX        /ERR/LOKO/0x00000002
15:15:28.521  INFO     RX        /ERR/LOKO/0x00000002
15:15:28.553  INFO     RX        /ERR/LOKO/0x00000002
15:15:28.553  INFO     RX        /ERR/LOKO/0x00000002
15:15:28.585  INFO     RX        /ERR/LOKO/0x00000002
15:15:28.586  INFO     RX        /ERR/LOKO/0x00000002
15:15:28.586  INFO     RX        /ERR/LOKO/0x00000002
15:15:28.623  INFO     RX        /ERR/LOKO/0x00000002
15:15:28.623  INFO     RX        /ERR/LOKO/0x00000002
15:15:28.623  INFO     RX        /ERR/LOKO/0x00000002
15:15:28.651  INFO     RX        /ERR/LOKO/0x00000002
15:15:28.652  INFO     RX        /ERR/LOKO/0x00000002
15:15:28.652  INFO     RX        /ERR/LOKO/0x00000002
15:15:28.687  INFO     RX        /ERR/LOKO/0x00000002
15:15:28.687  INFO     RX        /ERR/LOKO/0x00000002
15:15:28.687  INFO     RX        /ERR/LOKO/0x00000002
15:15:28.716  INFO     RX        /ERR/LOKO/0x00000002
15:15:28.716  INFO     RX        /ERR/LOKO/0x00000002
15:15:28.750  INFO     RX        /ERR/LOKO/0x00000002
15:15:28.750  INFO     RX        /ERR/LOKO/0x00000002
15:15:28.750  INFO     RX        /ERR/LOKO/0x00000002
15:15:28.783  INFO     RX        /ERR/LOKO/0x00000002
15:15:28.783  INFO     RX        /ERR/LOKO/0x00000002
15:15:28.783  INFO     RX        /ERR/LOKO/0x00000002
15:15:28.811  INFO     RX        /ERR/LOKO/0x00000002
15:15:28.811  INFO     RX        /ERR/LOKO/0x00000002
15:15:28.850  INFO     RX        /ERR/LOKO/0x00000002
15:15:28.850  INFO     RX        /ERR/LOKO/0x00000002
15:15:28.850  INFO     RX        /ERR/LOKO/0x00000002
15:15:28.877  INFO     RX        /ERR/LOKO/0x00000002
15:15:28.877  INFO     RX        /ERR/LOKO/0x00000002
15:15:28.877  INFO     RX        /ERR/LOKO/0x00000002
15:15:28.910  INFO     RX        /ERR/LOKO/0x00000002
15:15:28.910  INFO     RX        /ERR/LOKO/0x00000002
15:15:28.911  INFO     RX        /ERR/LOKO/0x00000002
15:15:28.939  INFO     RX        /ERR/LOKO/0x00000002
15:15:28.939  INFO     RX        /ERR/LOKO/0x00000002
15:15:28.976  INFO     RX        /ERR/LOKO/0x00000002
15:15:28.976  INFO     RX        /ERR/LOKO/0x00000002
15:15:28.976  INFO     RX        /ERR/LOKO/0x00000002
15:15:29.005  INFO     RX        /ERR/LOKO/0x00000002
15:15:29.005  INFO     RX        /ERR/LOKO/0x00000002
15:15:29.005  INFO     RX        /ERR/LOKO/0x00000002
15:15:29.037  INFO     RX        /ERR/LOKO/0x00000002
15:15:29.037  INFO     RX        /ERR/LOKO/0x00000002
15:15:29.072  INFO     RX        /ERR/LOKO/0x00000002
15:15:29.072  INFO     RX        /ERR/LOKO/0x00000002
15:15:29.072  INFO     RX        /ERR/LOKO/0x00000002
15:15:29.106  INFO     RX        /ERR/LOKO/0x00000002
15:15:29.106  INFO     RX        /ERR/LOKO/0x00000002
15:15:29.106  INFO     RX        /ERR/LOKO/0x00000002
15:15:29.133  INFO     RX        /ERR/LOKO/0x00000002
15:15:29.134  INFO     RX        /ERR/LOKO/0x00000002
15:15:29.134  INFO     RX        /ERR/LOKO/0x00000002
15:15:29.168  INFO     RX        /ERR/LOKO/0x00000002
15:15:29.168  INFO     RX        /ERR/LOKO/0x00000002
15:15:29.168  INFO     RX        /ERR/LOKO/0x00000002
15:15:29.201  INFO     RX        /ERR/LOKO/0x00000002
15:15:29.201  INFO     RX        /ERR/LOKO/0x00000002
15:15:29.230  INFO     RX        /ERR/LOKO/0x00000002
15:15:29.230  INFO     RX        /ERR/LOKO/0x00000002
15:15:29.230  INFO     RX        /ERR/LOKO/0x00000002
15:15:29.267  INFO     RX        /ERR/LOKO/0x00000002
15:15:29.267  INFO     RX        /ERR/LOKO/0x00000002
15:15:29.267  INFO     RX        /ERR/LOKO/0x00000002
15:15:29.293  INFO     RX        /ERR/LOKO/0x00000002
15:15:29.293  INFO     RX        /ERR/LOKO/0x00000002
15:15:29.327  INFO     RX        /ERR/LOKO/0x00000002
15:15:29.327  INFO     RX        /ERR/LOKO/0x00000002
15:15:29.327  INFO     RX        /ERR/LOKO/0x00000002
15:15:29.358  INFO     RX        /ERR/LOKO/0x00000002
15:15:29.358  INFO     RX        /ERR/LOKO/0x00000002
15:15:29.358  INFO     RX        /ERR/LOKO/0x00000002
15:15:29.389  INFO     RX        /ERR/LOKO/0x00000002
15:15:29.389  INFO     RX        /ERR/LOKO/0x00000002
15:15:29.389  INFO     RX        /ERR/LOKO/0x00000002
15:15:29.422  INFO     RX        /ERR/LOKO/0x00000002
15:15:29.422  INFO     RX        /ERR/LOKO/0x00000002
15:15:29.458  INFO     RX        /ERR/LOKO/0x00000002
15:15:29.458  INFO     RX        /ERR/LOKO/0x00000002
15:15:29.458  INFO     RX        /ERR/LOKO/0x00000002
15:15:29.487  INFO     RX        /ERR/LOKO/0x00000002
15:15:29.487  INFO     RX        /ERR/LOKO/0x00000002
15:15:29.487  INFO     RX        /ERR/LOKO/0x00000002
15:15:29.522  INFO     RX        /ERR/LOKO/0x00000002
15:15:29.522  INFO     RX        /ERR/LOKO/0x00000002
15:15:29.522  INFO     RX        /ERR/LOKO/0x00000002
15:15:29.553  INFO     RX        /ERR/LOKO/0x00000002
15:15:29.553  INFO     RX        /ERR/LOKO/0x00000002
15:15:29.585  INFO     RX        /ERR/LOKO/0x00000002
15:15:29.585  INFO     RX        /ERR/LOKO/0x00000002
15:15:29.585  INFO     RX        /ERR/LOKO/0x00000002
15:15:29.615  INFO     RX        /ERR/LOKO/0x00000002
15:15:29.615  INFO     RX        /ERR/LOKO/0x00000002
15:15:29.615  INFO     RX        /ERR/LOKO/0x00000002
15:15:29.651  INFO     RX        /ERR/LOKO/0x00000002
15:15:29.651  INFO     RX        /ERR/LOKO/0x00000002
15:15:29.651  INFO     RX        /ERR/LOKO/0x00000002
15:15:29.680  INFO     RX        /ERR/LOKO/0x00000002
15:15:29.680  INFO     RX        /ERR/LOKO/0x00000002
15:15:29.716  INFO     RX        /ERR/LOKO/0x00000002
15:15:29.716  INFO     RX        /ERR/LOKO/0x00000002
15:15:29.716  INFO     RX        /ERR/LOKO/0x00000002
15:15:29.744  INFO     RX        /ERR/LOKO/0x00000002
15:15:29.744  INFO     RX        /ERR/LOKO/0x00000002
15:15:29.744  INFO     RX        /ERR/LOKO/0x00000002
15:15:29.778  INFO     RX        /ERR/LOKO/0x00000002
15:15:29.778  INFO     RX        /ERR/LOKO/0x00000002
15:15:29.809  INFO     RX        /ERR/LOKO/0x00000002
15:15:29.809  INFO     RX        /ERR/LOKO/0x00000002
15:15:29.809  INFO     RX        /ERR/LOKO/0x00000002
15:15:29.843  INFO     RX        /ERR/LOKO/0x00000002
15:15:29.844  INFO     RX        /ERR/LOKO/0x00000002
15:15:29.844  INFO     RX        /ERR/LOKO/0x00000002
15:15:29.868  DEBUG    TX /CONTROLL/0,0,0,0,0,0,0,0,0
15:15:29.871  INFO     RX        /ERR/LOKO/0x00000002
15:15:29.871  INFO     RX        /ERR/LOKO/0x00000002
15:15:29.871  INFO     RX        /ERR/LOKO/0x00000002
15:15:29.904  INFO     RX        /ERR/LOKO/0x00000002
15:15:29.904  INFO     RX        /ERR/LOKO/0x00000002
15:15:29.936  INFO     RX        /ERR/LOKO/0x00000002
15:15:29.936  INFO     RX        /ERR/LOKO/0x00000002
15:15:29.936  INFO     RX        /ERR/LOKO/0x00000002
15:15:29.971  INFO     RX        /ERR/LOKO/0x00000002
15:15:29.971  INFO     RX        /ERR/LOKO/0x00000002
15:15:29.971  INFO     RX        /ERR/LOKO/0x00000002
15:15:30.001  INFO     RX        /ERR/LOKO/0x00000002
15:15:30.002  INFO     RX        /ERR/LOKO/0x00000002
15:15:30.002  INFO     RX        /ERR/LOKO/0x00000002
15:15:30.034  INFO     RX        /ERR/LOKO/0x00000002
15:15:30.035  INFO     RX        /ERR/LOKO/0x00000002
15:15:30.064  INFO     RX        /ERR/LOKO/0x00000002
15:15:30.065  INFO     RX        /ERR/LOKO/0x00000002
15:15:30.065  INFO     RX        /ERR/LOKO/0x00000002
15:15:30.097  INFO     RX        /ERR/LOKO/0x00000002
15:15:30.097  INFO     RX        /ERR/LOKO/0x00000002
15:15:30.097  INFO     RX        /ERR/LOKO/0x00000002
15:15:30.134  INFO     RX        /ERR/LOKO/0x00000002
15:15:30.135  INFO     RX        /ERR/LOKO/0x00000002
15:15:30.135  INFO     RX        /ERR/LOKO/0x00000002
15:15:30.160  INFO     RX        /ERR/LOKO/0x00000002
15:15:30.161  INFO     RX        /ERR/LOKO/0x00000002
15:15:30.197  INFO     RX        /ERR/LOKO/0x00000002
15:15:30.197  INFO     RX        /ERR/LOKO/0x00000002
15:15:30.197  INFO     RX        /ERR/LOKO/0x00000002
15:15:30.224  INFO     RX        /ERR/LOKO/0x00000002
15:15:30.224  INFO     RX        /ERR/LOKO/0x00000002
15:15:30.224  INFO     RX        /ERR/LOKO/0x00000002
15:15:30.259  INFO     RX        /ERR/LOKO/0x00000002
15:15:30.259  INFO     RX        /ERR/LOKO/0x00000002
15:15:30.259  INFO     RX        /ERR/LOKO/0x00000002
15:15:30.289  INFO     RX        /ERR/LOKO/0x00000002
15:15:30.289  INFO     RX        /ERR/LOKO/0x00000002
15:15:30.320  INFO     RX        /ERR/LOKO/0x00000002
15:15:30.320  INFO     RX        /ERR/LOKO/0x00000002
15:15:30.320  INFO     RX        /ERR/LOKO/0x00000002
15:15:30.355  INFO     RX        /ERR/LOKO/0x00000002
15:15:30.355  INFO     RX        /ERR/LOKO/0x00000002
15:15:30.356  INFO     RX        /ERR/LOKO/0x00000002
15:15:30.385  INFO     RX        /ERR/LOKO/0x00000002
15:15:30.385  INFO     RX        /ERR/LOKO/0x00000002
15:15:30.419  INFO     RX        /ERR/LOKO/0x00000002
15:15:30.420  INFO     RX        /ERR/LOKO/0x00000002
15:15:30.420  INFO     RX        /ERR/LOKO/0x00000002
15:15:30.450  INFO     RX        /ERR/LOKO/0x00000002
15:15:30.450  INFO     RX        /ERR/LOKO/0x00000002
15:15:30.450  INFO     RX        /ERR/LOKO/0x00000002
15:15:30.481  INFO     RX        /ERR/LOKO/0x00000002
15:15:30.481  INFO     RX        /ERR/LOKO/0x00000002
15:15:30.517  INFO     RX        /ERR/LOKO/0x00000002
15:15:30.517  INFO     RX        /ERR/LOKO/0x00000002
15:15:30.517  INFO     RX        /ERR/LOKO/0x00000002
15:15:30.544  INFO     RX        /ERR/LOKO/0x00000002
15:15:30.545  INFO     RX        /ERR/LOKO/0x00000002
15:15:30.545  INFO     RX        /ERR/LOKO/0x00000002
15:15:30.577  INFO     RX        /ERR/LOKO/0x00000002
15:15:30.577  INFO     RX        /ERR/LOKO/0x00000002
15:15:30.577  INFO     RX        /ERR/LOKO/0x00000002
15:15:30.612  INFO     RX        /ERR/LOKO/0x00000002
15:15:30.612  INFO     RX        /ERR/LOKO/0x00000002
15:15:30.612  INFO     RX        /ERR/LOKO/0x00000002
15:15:30.641  INFO     RX        /ERR/LOKO/0x00000002
15:15:30.641  INFO     RX        /ERR/LOKO/0x00000002
15:15:30.677  INFO     RX        /ERR/LOKO/0x00000002
15:15:30.677  INFO     RX        /ERR/LOKO/0x00000002
15:15:30.677  INFO     RX        /ERR/LOKO/0x00000002
15:15:30.706  INFO     RX        /ERR/LOKO/0x00000002
15:15:30.707  INFO     RX        /ERR/LOKO/0x00000002
15:15:30.707  INFO     RX        /ERR/LOKO/0x00000002
15:15:30.745  INFO     RX        /ERR/LOKO/0x00000002
15:15:30.745  INFO     RX        /ERR/LOKO/0x00000002
15:15:30.745  INFO     RX        /ERR/LOKO/0x00000002
15:15:30.771  INFO     RX        /ERR/LOKO/0x00000002
15:15:30.771  INFO     RX        /ERR/LOKO/0x00000002
15:15:30.804  INFO     RX        /ERR/LOKO/0x00000002
15:15:30.804  INFO     RX        /ERR/LOKO/0x00000002
15:15:30.804  INFO     RX        /ERR/LOKO/0x00000002
15:15:30.833  INFO     RX        /ERR/LOKO/0x00000002
15:15:30.834  INFO     RX        /ERR/LOKO/0x00000002
15:15:30.834  INFO     RX        /ERR/LOKO/0x00000002
15:15:30.869  INFO     RX        /ERR/LOKO/0x00000002
15:15:30.869  INFO     RX        /ERR/LOKO/0x00000002
15:15:30.869  INFO     RX        /ERR/LOKO/0x00000002
15:15:30.903  INFO     RX        /ERR/LOKO/0x00000002
15:15:30.903  INFO     RX        /ERR/LOKO/0x00000002
15:15:30.932  INFO     RX        /ERR/LOKO/0x00000002
15:15:30.932  INFO     RX        /ERR/LOKO/0x00000002
15:15:30.932  INFO     RX        /ERR/LOKO/0x00000002
15:15:30.967  INFO     RX        /ERR/LOKO/0x00000002
15:15:30.967  INFO     RX        /ERR/LOKO/0x00000002
15:15:30.967  INFO     RX        /ERR/LOKO/0x00000002
15:15:30.996  INFO     RX        /ERR/LOKO/0x00000002
15:15:30.996  INFO     RX        /ERR/LOKO/0x00000002
15:15:31.108  INFO     RX        /ERR/LOKO/0x00000002
15:15:31.108  INFO     RX        /ERR/LOKO/0x00000002
15:15:31.108  INFO     RX        /ERR/LOKO/0x00000002
15:15:31.108  INFO     RX        /ERR/LOKO/0x00000002
15:15:31.109  INFO     RX        /ERR/LOKO/0x00000002
15:15:31.109  INFO     RX        /ERR/LOKO/0x00000002
15:15:31.109  INFO     RX        /ERR/LOKO/0x00000002
15:15:31.109  INFO     RX        /ERR/LOKO/0x00000002
15:15:31.115  INFO     RX        /ERR/LOKO/0x00000002
15:15:31.115  INFO     RX        /ERR/LOKO/0x00000002
15:15:31.115  INFO     RX        /ERR/LOKO/0x00000002
15:15:31.127  INFO     RX        /ERR/LOKO/0x00000002
15:15:31.157  INFO     RX        /ERR/LOKO/0x00000002
15:15:31.157  INFO     RX        /ERR/LOKO/0x00000002
15:15:31.192  INFO     RX        /ERR/LOKO/0x00000002
15:15:31.192  INFO     RX        /ERR/LOKO/0x00000002
15:15:31.192  INFO     RX        /ERR/LOKO/0x00000002
15:15:31.225  INFO     RX        /ERR/LOKO/0x00000002
15:15:31.225  INFO     RX        /ERR/LOKO/0x00000002
15:15:31.226  INFO     RX        /ERR/LOKO/0x00000002
15:15:31.253  INFO     RX        /ERR/LOKO/0x00000002
15:15:31.253  INFO     RX        /ERR/LOKO/0x00000002
15:15:31.285  INFO     RX        /ERR/LOKO/0x00000002
15:15:31.285  INFO     RX        /ERR/LOKO/0x00000002
15:15:31.285  INFO     RX        /ERR/LOKO/0x00000002
15:15:31.319  INFO     RX        /ERR/LOKO/0x00000002
15:15:31.319  INFO     RX        /ERR/LOKO/0x00000002
15:15:31.319  INFO     RX        /ERR/LOKO/0x00000002
15:15:31.349  INFO     RX        /ERR/LOKO/0x00000002
15:15:31.349  INFO     RX        /ERR/LOKO/0x00000002
15:15:31.385  INFO     RX        /ERR/LOKO/0x00000002
15:15:31.386  INFO     RX        /ERR/LOKO/0x00000002
15:15:31.386  INFO     RX        /ERR/LOKO/0x00000002
15:15:31.386  INFO     RX        /ERR/LOKO/0x00000002
15:15:31.417  INFO     RX        /ERR/LOKO/0x00000002
15:15:31.417  INFO     RX        /ERR/LOKO/0x00000002
15:15:31.446  INFO     RX        /ERR/LOKO/0x00000002
15:15:31.447  INFO     RX        /ERR/LOKO/0x00000002
15:15:31.447  INFO     RX        /ERR/LOKO/0x00000002
15:15:31.474  DEBUG    TX /CONTROLL/0,0,0,0,0,0,0,0,0
15:15:31.482  INFO     RX        /ERR/LOKO/0x00000002
15:15:31.483  INFO     RX        /ERR/LOKO/0x00000002
15:15:31.483  INFO     RX        /ERR/LOKO/0x00000002
15:15:31.510  INFO     RX        /ERR/LOKO/0x00000002
15:15:31.510  INFO     RX        /ERR/LOKO/0x00000002
15:15:31.549  INFO     RX        /ERR/LOKO/0x00000002
15:15:31.550  INFO     RX        /ERR/LOKO/0x00000002
15:15:31.550  INFO     RX        /ERR/LOKO/0x00000002
15:15:31.550  INFO     RX        /ERR/LOKO/0x00000002
15:15:31.579  INFO     RX        /ERR/LOKO/0x00000002
15:15:31.579  INFO     RX        /ERR/LOKO/0x00000002
15:15:31.610  INFO     RX        /ERR/LOKO/0x00000002
15:15:31.610  INFO     RX        /ERR/LOKO/0x00000002
15:15:31.610  INFO     RX        /ERR/LOKO/0x00000002
15:15:31.648  INFO     RX        /ERR/LOKO/0x00000002
15:15:31.648  INFO     RX        /ERR/LOKO/0x00000002
15:15:31.648  INFO     RX        /ERR/LOKO/0x00000002
15:15:31.671  INFO     RX        /ERR/LOKO/0x00000002
15:15:31.671  INFO     RX        /ERR/LOKO/0x00000002
15:15:31.706  INFO     RX        /ERR/LOKO/0x00000002
15:15:31.707  INFO     RX        /ERR/LOKO/0x00000002
15:15:31.707  INFO     RX        /ERR/LOKO/0x00000002
15:15:31.736  INFO     RX        /ERR/LOKO/0x00000002
15:15:31.736  INFO     RX        /ERR/LOKO/0x00000002
15:15:31.770  INFO     RX        /ERR/LOKO/0x00000002
15:15:31.770  INFO     RX        /ERR/LOKO/0x00000002
15:15:31.770  INFO     RX        /ERR/LOKO/0x00000002
15:15:31.807  INFO     RX        /ERR/LOKO/0x00000002
15:15:31.807  INFO     RX        /ERR/LOKO/0x00000002
15:15:31.807  INFO     RX        /ERR/LOKO/0x00000002
15:15:31.807  INFO     RX        /ERR/LOKO/0x00000002
15:15:31.833  INFO     RX        /ERR/LOKO/0x00000002
15:15:31.833  INFO     RX        /ERR/LOKO/0x00000002
15:15:31.867  INFO     RX        /ERR/LOKO/0x00000002
15:15:31.867  INFO     RX        /ERR/LOKO/0x00000002
15:15:31.867  INFO     RX        /ERR/LOKO/0x00000002
15:15:31.902  INFO     RX        /ERR/LOKO/0x00000002
15:15:31.902  INFO     RX        /ERR/LOKO/0x00000002
15:15:31.934  INFO     RX        /ERR/LOKO/0x00000002
15:15:31.934  INFO     RX        /ERR/LOKO/0x00000002
15:15:31.934  INFO     RX        /ERR/LOKO/0x00000002
15:15:31.963  INFO     RX        /ERR/LOKO/0x00000002
15:15:31.963  INFO     RX        /ERR/LOKO/0x00000002
15:15:31.963  INFO     RX        /ERR/LOKO/0x00000002
15:15:31.995  INFO     RX        /ERR/LOKO/0x00000002
15:15:31.996  INFO     RX        /ERR/LOKO/0x00000002
15:15:32.031  INFO     RX        /ERR/LOKO/0x00000002
15:15:32.031  INFO     RX        /ERR/LOKO/0x00000002
15:15:32.031  INFO     RX        /ERR/LOKO/0x00000002
15:15:32.032  INFO     RX        /ERR/LOKO/0x00000002
15:15:32.060  INFO     RX        /ERR/LOKO/0x00000002
15:15:32.061  INFO     RX        /ERR/LOKO/0x00000002
15:15:32.095  INFO     RX        /ERR/LOKO/0x00000002
15:15:32.095  INFO     RX        /ERR/LOKO/0x00000002
15:15:32.095  INFO     RX        /ERR/LOKO/0x00000002
15:15:32.125  INFO     RX        /ERR/LOKO/0x00000002
15:15:32.125  INFO     RX        /ERR/LOKO/0x00000002
15:15:32.125  INFO     RX        /ERR/LOKO/0x00000002
15:15:32.157  INFO     RX        /ERR/LOKO/0x00000002
15:15:32.157  INFO     RX        /ERR/LOKO/0x00000002
15:15:32.193  INFO     RX        /ERR/LOKO/0x00000002
15:15:32.193  INFO     RX        /ERR/LOKO/0x00000002
15:15:32.193  INFO     RX        /ERR/LOKO/0x00000002
15:15:32.225  INFO     RX        /ERR/LOKO/0x00000002
15:15:32.225  INFO     RX        /ERR/LOKO/0x00000002
15:15:32.225  INFO     RX        /ERR/LOKO/0x00000002
15:15:32.257  INFO     RX        /ERR/LOKO/0x00000002
15:15:32.258  INFO     RX        /ERR/LOKO/0x00000002
15:15:32.258  INFO     RX        /ERR/LOKO/0x00000002
15:15:32.287  INFO     RX        /ERR/LOKO/0x00000002
15:15:32.287  INFO     RX        /ERR/LOKO/0x00000002
15:15:32.321  INFO     RX        /ERR/LOKO/0x00000002
15:15:32.322  INFO     RX        /ERR/LOKO/0x00000002
15:15:32.322  INFO     RX        /ERR/LOKO/0x00000002
15:15:32.353  INFO     RX        /ERR/LOKO/0x00000002
15:15:32.353  INFO     RX        /ERR/LOKO/0x00000002
15:15:32.353  INFO     RX        /ERR/LOKO/0x00000002
15:15:32.385  INFO     RX        /ERR/LOKO/0x00000002
15:15:32.386  INFO     RX        /ERR/LOKO/0x00000002
15:15:32.386  INFO     RX        /ERR/LOKO/0x00000002
15:15:32.414  INFO     RX        /ERR/LOKO/0x00000002
15:15:32.414  INFO     RX        /ERR/LOKO/0x00000002
15:15:32.447  INFO     RX        /ERR/LOKO/0x00000002
15:15:32.447  INFO     RX        /ERR/LOKO/0x00000002
15:15:32.447  INFO     RX        /ERR/LOKO/0x00000002
15:15:32.483  INFO     RX        /ERR/LOKO/0x00000002
15:15:32.483  INFO     RX        /ERR/LOKO/0x00000002
15:15:32.483  INFO     RX        /ERR/LOKO/0x00000002
15:15:32.512  INFO     RX        /ERR/LOKO/0x00000002
15:15:32.512  INFO     RX        /ERR/LOKO/0x00000002
15:15:32.512  INFO     RX        /ERR/LOKO/0x00000002
15:15:32.548  INFO     RX        /ERR/LOKO/0x00000002
15:15:32.548  INFO     RX        /ERR/LOKO/0x00000002
15:15:32.548  INFO     RX        /ERR/LOKO/0x00000002
15:15:32.579  INFO     RX        /ERR/LOKO/0x00000002
15:15:32.579  INFO     RX        /ERR/LOKO/0x00000002
15:15:32.612  INFO     RX        /ERR/LOKO/0x00000002
15:15:32.612  INFO     RX        /ERR/LOKO/0x00000002
15:15:32.612  INFO     RX        /ERR/LOKO/0x00000002
15:15:32.646  INFO     RX        /ERR/LOKO/0x00000002
15:15:32.646  INFO     RX        /ERR/LOKO/0x00000002
15:15:32.646  INFO     RX        /ERR/LOKO/0x00000002
15:15:32.678  INFO     RX        /ERR/LOKO/0x00000002
15:15:32.678  INFO     RX        /ERR/LOKO/0x00000002
15:15:32.678  INFO     RX        /ERR/LOKO/0x00000002
15:15:32.707  INFO     RX        /ERR/LOKO/0x00000002
15:15:32.707  INFO     RX        /ERR/LOKO/0x00000002
15:15:32.739  INFO     RX        /ERR/LOKO/0x00000002
15:15:32.739  INFO     RX        /ERR/LOKO/0x00000002
15:15:32.739  INFO     RX        /ERR/LOKO/0x00000002
15:15:32.774  INFO     RX        /ERR/LOKO/0x00000002
15:15:32.774  INFO     RX        /ERR/LOKO/0x00000002
15:15:32.774  INFO     RX        /ERR/LOKO/0x00000002
15:15:32.804  INFO     RX        /ERR/LOKO/0x00000002
15:15:32.804  INFO     RX        /ERR/LOKO/0x00000002
15:15:32.837  INFO     RX        /ERR/LOKO/0x00000002
15:15:32.837  INFO     RX        /ERR/LOKO/0x00000002
15:15:32.837  INFO     RX        /ERR/LOKO/0x00000002
15:15:32.872  INFO     RX        /ERR/LOKO/0x00000002
15:15:32.872  INFO     RX        /ERR/LOKO/0x00000002
15:15:32.872  INFO     RX        /ERR/LOKO/0x00000002
15:15:32.902  INFO     RX        /ERR/LOKO/0x00000002
15:15:32.902  INFO     RX        /ERR/LOKO/0x00000002
15:15:32.902  INFO     RX        /ERR/LOKO/0x00000002
15:15:32.937  INFO     RX        /ERR/LOKO/0x00000002
15:15:32.937  INFO     RX        /ERR/LOKO/0x00000002
15:15:32.937  INFO     RX        /ERR/LOKO/0x00000002
15:15:32.967  INFO     RX        /ERR/LOKO/0x00000002
15:15:32.967  INFO     RX        /ERR/LOKO/0x00000002
15:15:33.002  INFO     RX        /ERR/LOKO/0x00000002
15:15:33.002  INFO     RX        /ERR/LOKO/0x00000002
15:15:33.002  INFO     RX        /ERR/LOKO/0x00000002
15:15:33.033  INFO     RX        /ERR/LOKO/0x00000002
15:15:33.033  INFO     RX        /ERR/LOKO/0x00000002
15:15:33.033  INFO     RX        /ERR/LOKO/0x00000002
15:15:33.066  INFO     RX        /ERR/LOKO/0x00000002
15:15:33.067  INFO     RX        /ERR/LOKO/0x00000002
15:15:33.067  INFO     RX        /ERR/LOKO/0x00000002
15:15:33.092  DEBUG    TX /CONTROLL/0,0,0,-15,0,0,0,0,0
15:15:33.096  INFO     RX        /ERR/LOKO/0x00000002
15:15:33.097  INFO     RX        /ERR/LOKO/0x00000002
15:15:33.132  INFO     RX        /ERR/LOKO/0x00000002
15:15:33.132  INFO     RX        /ERR/LOKO/0x00000002
15:15:33.132  INFO     RX        /ERR/LOKO/0x00000002
15:15:33.162  INFO     RX        /ERR/LOKO/0x00000002
15:15:33.163  INFO     RX        /ERR/LOKO/0x00000002
15:15:33.163  INFO     RX        /ERR/LOKO/0x00000002
15:15:33.199  INFO     RX        /ERR/LOKO/0x00000002
15:15:33.199  INFO     RX        /ERR/LOKO/0x00000002
15:15:33.200  INFO     RX        /ERR/LOKO/0x00000002
15:15:33.229  INFO     RX        /ERR/LOKO/0x00000002
15:15:33.229  INFO     RX        /ERR/LOKO/0x00000002
15:15:33.229  INFO     RX        /ERR/LOKO/0x00000002
15:15:33.261  INFO     RX        /ERR/LOKO/0x00000002
15:15:33.262  INFO     RX        /ERR/LOKO/0x00000002
15:15:33.295  INFO     RX        /ERR/LOKO/0x00000002
15:15:33.295  INFO     RX        /ERR/LOKO/0x00000002
15:15:33.295  INFO     RX        /ERR/LOKO/0x00000002
15:15:33.325  INFO     RX        /ERR/LOKO/0x00000002
15:15:33.325  INFO     RX        /ERR/LOKO/0x00000002
15:15:33.325  INFO     RX        /ERR/LOKO/0x00000002
15:15:33.360  INFO     RX        /ERR/LOKO/0x00000002
15:15:33.360  INFO     RX        /ERR/LOKO/0x00000002
15:15:33.360  INFO     RX        /ERR/LOKO/0x00000002
15:15:33.391  INFO     RX        /ERR/LOKO/0x00000002
15:15:33.391  INFO     RX        /ERR/LOKO/0x00000002
15:15:33.421  INFO     RX        /ERR/LOKO/0x00000002
15:15:33.421  INFO     RX        /ERR/LOKO/0x00000002
15:15:33.421  INFO     RX        /ERR/LOKO/0x00000002
15:15:33.458  INFO     RX        /ERR/LOKO/0x00000002
15:15:33.458  INFO     RX        /ERR/LOKO/0x00000002
15:15:33.458  INFO     RX        /ERR/LOKO/0x00000002
15:15:33.487  INFO     RX        /ERR/LOKO/0x00000002
15:15:33.487  INFO     RX        /ERR/LOKO/0x00000002
15:15:33.487  INFO     RX        /ERR/LOKO/0x00000002
15:15:33.522  INFO     RX        /ERR/LOKO/0x00000002
15:15:33.522  INFO     RX        /ERR/LOKO/0x00000002
15:15:33.522  INFO     RX        /ERR/LOKO/0x00000002
15:15:33.558  INFO     RX        /ERR/LOKO/0x00000002
15:15:33.558  INFO     RX        /ERR/LOKO/0x00000002
15:15:33.558  INFO     RX        /ERR/LOKO/0x00000002
15:15:33.585  INFO     RX        /ERR/LOKO/0x00000002
15:15:33.586  INFO     RX        /ERR/LOKO/0x00000002
15:15:33.713  INFO     RX        /ERR/LOKO/0x00000002
15:15:33.713  INFO     RX        /ERR/LOKO/0x00000002
15:15:33.713  INFO     RX        /ERR/LOKO/0x00000002
15:15:33.713  INFO     RX        /ERR/LOKO/0x00000002
15:15:33.713  INFO     RX        /ERR/LOKO/0x00000002
15:15:33.713  INFO     RX        /ERR/LOKO/0x00000002
15:15:33.713  INFO     RX        /ERR/LOKO/0x00000002
15:15:33.713  INFO     RX        /ERR/LOKO/0x00000002
15:15:33.720  INFO     RX        /ERR/LOKO/0x00000002
15:15:33.720  INFO     RX        /ERR/LOKO/0x00000002
15:15:33.720  INFO     RX        /ERR/LOKO/0x00000002
15:15:33.720  INFO     RX        /ERR/LOKO/0x00000002
15:15:33.744  INFO     RX        /ERR/LOKO/0x00000002
15:15:33.744  INFO     RX        /ERR/LOKO/0x00000002
15:15:33.777  INFO     RX        /ERR/LOKO/0x00000002
15:15:33.777  INFO     RX        /ERR/LOKO/0x00000002
15:15:33.810  INFO     RX        /ERR/LOKO/0x00000002
15:15:33.810  INFO     RX        /ERR/LOKO/0x00000002
15:15:33.810  INFO     RX        /ERR/LOKO/0x00000002
15:15:33.842  INFO     RX        /ERR/LOKO/0x00000002
15:15:33.842  INFO     RX        /ERR/LOKO/0x00000002
15:15:33.842  INFO     RX        /ERR/LOKO/0x00000002
15:15:33.875  INFO     RX        /ERR/LOKO/0x00000002
15:15:33.875  INFO     RX        /ERR/LOKO/0x00000002
15:15:33.875  INFO     RX        /ERR/LOKO/0x00000002
15:15:33.904  INFO     RX        /ERR/LOKO/0x00000002
15:15:33.904  INFO     RX        /ERR/LOKO/0x00000002
15:15:33.937  INFO     RX        /ERR/LOKO/0x00000002
15:15:33.937  INFO     RX        /ERR/LOKO/0x00000002
15:15:33.937  INFO     RX        /ERR/LOKO/0x00000002
15:15:33.969  INFO     RX        /ERR/LOKO/0x00000002
15:15:33.969  INFO     RX        /ERR/LOKO/0x00000002
15:15:33.969  INFO     RX        /ERR/LOKO/0x00000002
15:15:34.003  INFO     RX        /ERR/LOKO/0x00000002
15:15:34.003  INFO     RX        /ERR/LOKO/0x00000002
15:15:34.003  INFO     RX        /ERR/LOKO/0x00000002
15:15:34.032  INFO     RX        /ERR/LOKO/0x00000002
15:15:34.032  INFO     RX        /ERR/LOKO/0x00000002
15:15:34.079  INFO     RX        /ERR/LOKO/0x00000002
15:15:34.079  INFO     RX        /ERR/LOKO/0x00000002
15:15:34.079  INFO     RX        /ERR/LOKO/0x00000002
15:15:34.079  INFO     RX        /ERR/LOKO/0x00000002
15:15:34.099  INFO     RX        /ERR/LOKO/0x00000002
15:15:34.099  INFO     RX        /ERR/LOKO/0x00000002
15:15:34.128  INFO     RX        /ERR/LOKO/0x00000002
15:15:34.128  INFO     RX        /ERR/LOKO/0x00000002
15:15:34.163  INFO     RX        /ERR/LOKO/0x00000002
15:15:34.163  INFO     RX        /ERR/LOKO/0x00000002
15:15:34.163  INFO     RX        /ERR/LOKO/0x00000002
15:15:34.192  INFO     RX        /ERR/LOKO/0x00000002
15:15:34.192  INFO     RX        /ERR/LOKO/0x00000002
15:15:34.192  INFO     RX        /ERR/LOKO/0x00000002
15:15:34.227  INFO     RX        /ERR/LOKO/0x00000002
15:15:34.227  INFO     RX        /ERR/LOKO/0x00000002
15:15:34.227  INFO     RX        /ERR/LOKO/0x00000002
15:15:34.262  INFO     RX        /ERR/LOKO/0x00000002
15:15:34.262  INFO     RX        /ERR/LOKO/0x00000002
15:15:34.262  INFO     RX        /ERR/LOKO/0x00000002
15:15:34.288  INFO     RX        /ERR/LOKO/0x00000002
15:15:34.289  INFO     RX        /ERR/LOKO/0x00000002
15:15:34.322  INFO     RX        /ERR/LOKO/0x00000002
15:15:34.322  INFO     RX        /ERR/LOKO/0x00000002
15:15:34.322  INFO     RX        /ERR/LOKO/0x00000002
15:15:34.355  INFO     RX        /ERR/LOKO/0x00000002
15:15:34.355  INFO     RX        /ERR/LOKO/0x00000002
15:15:34.356  INFO     RX        /ERR/LOKO/0x00000002
15:15:34.385  INFO     RX        /ERR/LOKO/0x00000002
15:15:34.385  INFO     RX        /ERR/LOKO/0x00000002
15:15:34.416  INFO     RX        /ERR/LOKO/0x00000002
15:15:34.416  INFO     RX        /ERR/LOKO/0x00000002
15:15:34.417  INFO     RX        /ERR/LOKO/0x00000002
15:15:34.451  INFO     RX        /ERR/LOKO/0x00000002
15:15:34.452  INFO     RX        /ERR/LOKO/0x00000002
15:15:34.452  INFO     RX        /ERR/LOKO/0x00000002
15:15:34.481  INFO     RX        /ERR/LOKO/0x00000002
15:15:34.481  INFO     RX        /ERR/LOKO/0x00000002
15:15:34.514  INFO     RX        /ERR/LOKO/0x00000002
15:15:34.514  INFO     RX        /ERR/LOKO/0x00000002
15:15:34.514  INFO     RX        /ERR/LOKO/0x00000002
15:15:34.548  INFO     RX        /ERR/LOKO/0x00000002
15:15:34.548  INFO     RX        /ERR/LOKO/0x00000002
15:15:34.548  INFO     RX        /ERR/LOKO/0x00000002
15:15:34.581  INFO     RX        /ERR/LOKO/0x00000002
15:15:34.581  INFO     RX        /ERR/LOKO/0x00000002
15:15:34.581  INFO     RX        /ERR/LOKO/0x00000002
15:15:34.613  INFO     RX        /ERR/LOKO/0x00000002
15:15:34.613  INFO     RX        /ERR/LOKO/0x00000002
15:15:34.645  INFO     RX        /ERR/LOKO/0x00000002
15:15:34.645  INFO     RX        /ERR/LOKO/0x00000002
15:15:34.645  INFO     RX        /ERR/LOKO/0x00000002
15:15:34.678  INFO     RX        /ERR/LOKO/0x00000002
15:15:34.678  INFO     RX        /ERR/LOKO/0x00000002
15:15:34.678  INFO     RX        /ERR/LOKO/0x00000002
15:15:34.704  DEBUG    TX /CONTROLL/0,0,0,-15,0,0,0,0,0
15:15:34.710  INFO     RX        /ERR/LOKO/0x00000002
15:15:34.710  INFO     RX        /ERR/LOKO/0x00000002
15:15:34.710  INFO     RX        /ERR/LOKO/0x00000002
15:15:34.743  INFO     RX        /ERR/LOKO/0x00000002
15:15:34.743  INFO     RX        /ERR/LOKO/0x00000002
15:15:34.743  INFO     RX        /ERR/LOKO/0x00000002
15:15:34.774  INFO     RX        /ERR/LOKO/0x00000002
15:15:34.774  INFO     RX        /ERR/LOKO/0x00000002
15:15:34.806  INFO     RX        /ERR/LOKO/0x00000002
15:15:34.806  INFO     RX        /ERR/LOKO/0x00000002
15:15:34.806  INFO     RX        /ERR/LOKO/0x00000002
15:15:34.837  INFO     RX        /ERR/LOKO/0x00000002
15:15:34.837  INFO     RX        /ERR/LOKO/0x00000002
15:15:34.837  INFO     RX        /ERR/LOKO/0x00000002
15:15:34.874  INFO     RX        /ERR/LOKO/0x00000002
15:15:34.874  INFO     RX        /ERR/LOKO/0x00000002
15:15:34.874  INFO     RX        /ERR/LOKO/0x00000002
15:15:34.903  INFO     RX        /ERR/LOKO/0x00000002
15:15:34.903  INFO     RX        /ERR/LOKO/0x00000002
15:15:34.935  INFO     RX        /ERR/LOKO/0x00000002
15:15:34.935  INFO     RX        /ERR/LOKO/0x00000002
15:15:34.935  INFO     RX        /ERR/LOKO/0x00000002
15:15:34.969  INFO     RX        /ERR/LOKO/0x00000002
15:15:34.969  INFO     RX        /ERR/LOKO/0x00000002
15:15:34.969  INFO     RX        /ERR/LOKO/0x00000002
15:15:35.001  INFO     RX        /ERR/LOKO/0x00000002
15:15:35.001  INFO     RX        /ERR/LOKO/0x00000002
15:15:35.001  INFO     RX        /ERR/LOKO/0x00000002
15:15:35.035  INFO     RX        /ERR/LOKO/0x00000002
15:15:35.035  INFO     RX        /ERR/LOKO/0x00000002
15:15:35.035  INFO     RX        /ERR/LOKO/0x00000002
15:15:35.067  INFO     RX        /ERR/LOKO/0x00000002
15:15:35.067  INFO     RX        /ERR/LOKO/0x00000002
15:15:35.097  INFO     RX        /ERR/LOKO/0x00000002
15:15:35.097  INFO     RX        /ERR/LOKO/0x00000002
15:15:35.097  INFO     RX        /ERR/LOKO/0x00000002
15:15:35.127  INFO     RX        /ERR/LOKO/0x00000002
15:15:35.127  INFO     RX        /ERR/LOKO/0x00000002
15:15:35.161  INFO     RX        /ERR/LOKO/0x00000002
15:15:35.161  INFO     RX        /ERR/LOKO/0x00000002
15:15:35.161  INFO     RX        /ERR/LOKO/0x00000002
15:15:35.193  INFO     RX        /ERR/LOKO/0x00000002
15:15:35.193  INFO     RX        /ERR/LOKO/0x00000002
15:15:35.193  INFO     RX        /ERR/LOKO/0x00000002
15:15:35.222  INFO     RX        /ERR/LOKO/0x00000002
15:15:35.222  INFO     RX        /ERR/LOKO/0x00000002
15:15:35.257  INFO     RX        /ERR/LOKO/0x00000002
15:15:35.257  INFO     RX        /ERR/LOKO/0x00000002
15:15:35.257  INFO     RX        /ERR/LOKO/0x00000002
15:15:35.290  INFO     RX        /ERR/LOKO/0x00000002
15:15:35.290  INFO     RX        /ERR/LOKO/0x00000002
15:15:35.290  INFO     RX        /ERR/LOKO/0x00000002
15:15:35.325  INFO     RX        /ERR/LOKO/0x00000002
15:15:35.325  INFO     RX        /ERR/LOKO/0x00000002
15:15:35.325  INFO     RX        /ERR/LOKO/0x00000002
15:15:35.352  INFO     RX        /ERR/LOKO/0x00000002
15:15:35.353  INFO     RX        /ERR/LOKO/0x00000002
15:15:35.353  INFO     RX        /ERR/LOKO/0x00000002
15:15:35.387  INFO     RX        /ERR/LOKO/0x00000002
15:15:35.387  INFO     RX        /ERR/LOKO/0x00000002
15:15:35.415  INFO     RX        /ERR/LOKO/0x00000002
15:15:35.415  INFO     RX        /ERR/LOKO/0x00000002
15:15:35.415  INFO     RX        /ERR/LOKO/0x00000002
15:15:35.449  INFO     RX        /ERR/LOKO/0x00000002
15:15:35.449  INFO     RX        /ERR/LOKO/0x00000002
15:15:35.449  INFO     RX        /ERR/LOKO/0x00000002
15:15:35.482  INFO     RX        /ERR/LOKO/0x00000002
15:15:35.482  INFO     RX        /ERR/LOKO/0x00000002
15:15:35.482  INFO     RX        /ERR/LOKO/0x00000002
15:15:35.512  INFO     RX        /ERR/LOKO/0x00000002
15:15:35.512  INFO     RX        /ERR/LOKO/0x00000002
15:15:35.545  INFO     RX        /ERR/LOKO/0x00000002
15:15:35.545  INFO     RX        /ERR/LOKO/0x00000002
15:15:35.545  INFO     RX        /ERR/LOKO/0x00000002
15:15:35.574  INFO     RX        /ERR/LOKO/0x00000002
15:15:35.574  INFO     RX        /ERR/LOKO/0x00000002
15:15:35.609  INFO     RX        /ERR/LOKO/0x00000002
15:15:35.609  INFO     RX        /ERR/LOKO/0x00000002
15:15:35.609  INFO     RX        /ERR/LOKO/0x00000002
15:15:35.639  INFO     RX        /ERR/LOKO/0x00000002
15:15:35.639  INFO     RX        /ERR/LOKO/0x00000002
15:15:35.639  INFO     RX        /ERR/LOKO/0x00000002
15:15:35.675  INFO     RX        /ERR/LOKO/0x00000002
15:15:35.675  INFO     RX        /ERR/LOKO/0x00000002
15:15:35.675  INFO     RX        /ERR/LOKO/0x00000002
15:15:35.705  INFO     RX        /ERR/LOKO/0x00000002
15:15:35.705  INFO     RX        /ERR/LOKO/0x00000002
15:15:35.705  INFO     RX        /ERR/LOKO/0x00000002
15:15:35.740  INFO     RX        /ERR/LOKO/0x00000002
15:15:35.740  INFO     RX        /ERR/LOKO/0x00000002
15:15:35.740  INFO     RX        /ERR/LOKO/0x00000002
15:15:35.773  INFO     RX        /ERR/LOKO/0x00000002
15:15:35.773  INFO     RX        /ERR/LOKO/0x00000002
15:15:35.808  INFO     RX        /ERR/LOKO/0x00000002
15:15:35.808  INFO     RX        /ERR/LOKO/0x00000002
15:15:35.808  INFO     RX        /ERR/LOKO/0x00000002
15:15:35.835  INFO     RX        /ERR/LOKO/0x00000002
15:15:35.835  INFO     RX        /ERR/LOKO/0x00000002
15:15:35.835  INFO     RX        /ERR/LOKO/0x00000002
15:15:35.869  INFO     RX        /ERR/LOKO/0x00000002
15:15:35.869  INFO     RX        /ERR/LOKO/0x00000002
15:15:35.869  INFO     RX        /ERR/LOKO/0x00000002
15:15:35.903  INFO     RX        /ERR/LOKO/0x00000002
15:15:35.904  INFO     RX        /ERR/LOKO/0x00000002
15:15:35.930  INFO     RX        /ERR/LOKO/0x00000002
15:15:35.930  INFO     RX        /ERR/LOKO/0x00000002
15:15:35.930  INFO     RX        /ERR/LOKO/0x00000002
15:15:35.975  INFO     RX        /ERR/LOKO/0x00000002
15:15:35.976  INFO     RX        /ERR/LOKO/0x00000002
15:15:35.976  INFO     RX        /ERR/LOKO/0x00000002
15:15:35.976  INFO     RX        /ERR/LOKO/0x00000002
15:15:35.996  INFO     RX        /ERR/LOKO/0x00000002
15:15:36.029  INFO     RX        /ERR/LOKO/0x00000002
15:15:36.029  INFO     RX        /ERR/LOKO/0x00000002
15:15:36.029  INFO     RX        /ERR/LOKO/0x00000002
15:15:36.058  INFO     RX        /ERR/LOKO/0x00000002
15:15:36.058  INFO     RX        /ERR/LOKO/0x00000002
15:15:36.058  INFO     RX        /ERR/LOKO/0x00000002
15:15:36.093  INFO     RX        /ERR/LOKO/0x00000002
15:15:36.093  INFO     RX        /ERR/LOKO/0x00000002
15:15:36.093  INFO     RX        /ERR/LOKO/0x00000002
15:15:36.126  INFO     RX        /ERR/LOKO/0x00000002
15:15:36.126  INFO     RX        /ERR/LOKO/0x00000002
15:15:36.158  INFO     RX        /ERR/LOKO/0x00000002
15:15:36.158  INFO     RX        /ERR/LOKO/0x00000002
15:15:36.158  INFO     RX        /ERR/LOKO/0x00000002
15:15:36.190  INFO     RX        /ERR/LOKO/0x00000002
15:15:36.190  INFO     RX        /ERR/LOKO/0x00000002
15:15:36.190  INFO     RX        /ERR/LOKO/0x00000002
15:15:36.308  INFO     RX        /ERR/LOKO/0x00000002
15:15:36.308  INFO     RX        /ERR/LOKO/0x00000002
15:15:36.308  INFO     RX        /ERR/LOKO/0x00000002
15:15:36.308  INFO     RX        /ERR/LOKO/0x00000002
15:15:36.308  INFO     RX        /ERR/LOKO/0x00000002
15:15:36.308  INFO     RX        /ERR/LOKO/0x00000002
15:15:36.308  INFO     RX        /ERR/LOKO/0x00000002
15:15:36.308  INFO     RX        /ERR/LOKO/0x00000002
15:15:36.313  DEBUG    TX /CONTROLL/0,0,0,-15,0,0,0,0,0
15:15:36.325  INFO     RX        /ERR/LOKO/0x00000002
15:15:36.325  INFO     RX        /ERR/LOKO/0x00000002
15:15:36.326  INFO     RX        /ERR/LOKO/0x00000002
15:15:36.331  INFO     RX        /ERR/LOKO/0x00000002
15:15:36.373  INFO     RX        /ERR/LOKO/0x00000002
15:15:36.373  INFO     RX        /ERR/LOKO/0x00000002
15:15:36.373  INFO     RX        /ERR/LOKO/0x00000002
15:15:36.386  INFO     RX        /ERR/LOKO/0x00000002
15:15:36.386  INFO     RX        /ERR/LOKO/0x00000002
15:15:36.413  INFO     RX        /ERR/LOKO/0x00000002
15:15:36.413  INFO     RX        /ERR/LOKO/0x00000002
15:15:36.453  INFO     RX        /ERR/LOKO/0x00000002
15:15:36.453  INFO     RX        /ERR/LOKO/0x00000002
15:15:36.453  INFO     RX        /ERR/LOKO/0x00000002
15:15:36.476  INFO     RX        /ERR/LOKO/0x00000002
15:15:36.476  INFO     RX        /ERR/LOKO/0x00000002
15:15:36.514  INFO     RX        /ERR/LOKO/0x00000002
15:15:36.514  INFO     RX        /ERR/LOKO/0x00000002
15:15:36.514  INFO     RX        /ERR/LOKO/0x00000002
15:15:36.514  INFO     RX        /ERR/LOKO/0x00000002
15:15:36.540  INFO     RX        /ERR/LOKO/0x00000002
15:15:36.540  INFO     RX        /ERR/LOKO/0x00000002
15:15:36.577  INFO     RX        /ERR/LOKO/0x00000002
15:15:36.577  INFO     RX        /ERR/LOKO/0x00000002
15:15:36.577  INFO     RX        /ERR/LOKO/0x00000002
15:15:36.605  INFO     RX        /ERR/LOKO/0x00000002
15:15:36.606  INFO     RX        /ERR/LOKO/0x00000002
15:15:36.642  INFO     RX        /ERR/LOKO/0x00000002
15:15:36.642  INFO     RX        /ERR/LOKO/0x00000002
15:15:36.642  INFO     RX        /ERR/LOKO/0x00000002
15:15:36.679  INFO     RX        /ERR/LOKO/0x00000002
15:15:36.679  INFO     RX        /ERR/LOKO/0x00000002
15:15:36.679  INFO     RX        /ERR/LOKO/0x00000002
15:15:36.701  INFO     RX        /ERR/LOKO/0x00000002
15:15:36.701  INFO     RX        /ERR/LOKO/0x00000002
15:15:36.736  INFO     RX        /ERR/LOKO/0x00000002
15:15:36.736  INFO     RX        /ERR/LOKO/0x00000002
15:15:36.736  INFO     RX        /ERR/LOKO/0x00000002
15:15:36.766  INFO     RX        /ERR/LOKO/0x00000002
15:15:36.766  INFO     RX        /ERR/LOKO/0x00000002
15:15:36.766  INFO     RX        /ERR/LOKO/0x00000002
15:15:36.799  INFO     RX        /ERR/LOKO/0x00000002
15:15:36.799  INFO     RX        /ERR/LOKO/0x00000002
15:15:36.799  INFO     RX        /ERR/LOKO/0x00000002
15:15:36.830  INFO     RX        /ERR/LOKO/0x00000002
15:15:36.831  INFO     RX        /ERR/LOKO/0x00000002
15:15:36.865  INFO     RX        /ERR/LOKO/0x00000002
15:15:36.866  INFO     RX        /ERR/LOKO/0x00000002
15:15:36.866  INFO     RX        /ERR/LOKO/0x00000002
15:15:36.894  INFO     RX        /ERR/LOKO/0x00000002
15:15:36.894  INFO     RX        /ERR/LOKO/0x00000002
15:15:36.894  INFO     RX        /ERR/LOKO/0x00000002
15:15:36.930  INFO     RX        /ERR/LOKO/0x00000002
15:15:36.930  INFO     RX        /ERR/LOKO/0x00000002
15:15:36.930  INFO     RX        /ERR/LOKO/0x00000002
15:15:36.962  INFO     RX        /ERR/LOKO/0x00000002
15:15:36.962  INFO     RX        /ERR/LOKO/0x00000002
15:15:36.962  INFO     RX        /ERR/LOKO/0x00000002
15:15:36.991  INFO     RX        /ERR/LOKO/0x00000002
15:15:36.991  INFO     RX        /ERR/LOKO/0x00000002
15:15:37.027  INFO     RX        /ERR/LOKO/0x00000002
15:15:37.027  INFO     RX        /ERR/LOKO/0x00000002
15:15:37.027  INFO     RX        /ERR/LOKO/0x00000002
15:15:37.055  INFO     RX        /ERR/LOKO/0x00000002
15:15:37.055  INFO     RX        /ERR/LOKO/0x00000002
15:15:37.055  INFO     RX        /ERR/LOKO/0x00000002
15:15:37.090  INFO     RX        /ERR/LOKO/0x00000002
15:15:37.090  INFO     RX        /ERR/LOKO/0x00000002
15:15:37.090  INFO     RX        /ERR/LOKO/0x00000002
15:15:37.120  INFO     RX        /ERR/LOKO/0x00000002
15:15:37.120  INFO     RX        /ERR/LOKO/0x00000002
15:15:37.154  INFO     RX        /ERR/LOKO/0x00000002
15:15:37.154  INFO     RX        /ERR/LOKO/0x00000002
15:15:37.154  INFO     RX        /ERR/LOKO/0x00000002
15:15:37.183  INFO     RX        /ERR/LOKO/0x00000002
15:15:37.184  INFO     RX        /ERR/LOKO/0x00000002
15:15:37.219  INFO     RX        /ERR/LOKO/0x00000002
15:15:37.219  INFO     RX        /ERR/LOKO/0x00000002
15:15:37.219  INFO     RX        /ERR/LOKO/0x00000002
15:15:37.256  INFO     RX        /ERR/LOKO/0x00000002
15:15:37.256  INFO     RX        /ERR/LOKO/0x00000002
15:15:37.256  INFO     RX        /ERR/LOKO/0x00000002
15:15:37.256  INFO     RX        /ERR/LOKO/0x00000002
15:15:37.281  INFO     RX        /ERR/LOKO/0x00000002
15:15:37.281  INFO     RX        /ERR/LOKO/0x00000002
15:15:37.316  INFO     RX        /ERR/LOKO/0x00000002
15:15:37.316  INFO     RX        /ERR/LOKO/0x00000002
15:15:37.316  INFO     RX        /ERR/LOKO/0x00000002
15:15:37.349  INFO     RX        /ERR/LOKO/0x00000002
15:15:37.349  INFO     RX        /ERR/LOKO/0x00000002
15:15:37.350  INFO     RX        /ERR/LOKO/0x00000002
15:15:37.377  INFO     RX        /ERR/LOKO/0x00000002
15:15:37.377  INFO     RX        /ERR/LOKO/0x00000002
15:15:37.409  INFO     RX        /ERR/LOKO/0x00000002
15:15:37.409  INFO     RX        /ERR/LOKO/0x00000002
15:15:37.409  INFO     RX        /ERR/LOKO/0x00000002
15:15:37.442  INFO     RX        /ERR/LOKO/0x00000002
15:15:37.442  INFO     RX        /ERR/LOKO/0x00000002
15:15:37.474  INFO     RX        /ERR/LOKO/0x00000002
15:15:37.474  INFO     RX        /ERR/LOKO/0x00000002
15:15:37.474  INFO     RX        /ERR/LOKO/0x00000002
15:15:37.506  INFO     RX        /ERR/LOKO/0x00000002
15:15:37.507  INFO     RX        /ERR/LOKO/0x00000002
15:15:37.507  INFO     RX        /ERR/LOKO/0x00000002
15:15:37.541  INFO     RX        /ERR/LOKO/0x00000002
15:15:37.541  INFO     RX        /ERR/LOKO/0x00000002
15:15:37.541  INFO     RX        /ERR/LOKO/0x00000002
15:15:37.571  INFO     RX        /ERR/LOKO/0x00000002
15:15:37.571  INFO     RX        /ERR/LOKO/0x00000002
15:15:37.603  INFO     RX        /ERR/LOKO/0x00000002
15:15:37.603  INFO     RX        /ERR/LOKO/0x00000002
15:15:37.603  INFO     RX        /ERR/LOKO/0x00000002
15:15:37.634  INFO     RX        /ERR/LOKO/0x00000002
15:15:37.634  INFO     RX        /ERR/LOKO/0x00000002
15:15:37.634  INFO     RX        /ERR/LOKO/0x00000002
15:15:37.668  INFO     RX        /ERR/LOKO/0x00000002
15:15:37.668  INFO     RX        /ERR/LOKO/0x00000002
15:15:37.668  INFO     RX        /ERR/LOKO/0x00000002
15:15:37.697  INFO     RX        /ERR/LOKO/0x00000002
15:15:37.697  INFO     RX        /ERR/LOKO/0x00000002
15:15:37.732  INFO     RX        /ERR/LOKO/0x00000002
15:15:37.732  INFO     RX        /ERR/LOKO/0x00000002
15:15:37.732  INFO     RX        /ERR/LOKO/0x00000002
15:15:37.762  INFO     RX        /ERR/LOKO/0x00000002
15:15:37.762  INFO     RX        /ERR/LOKO/0x00000002
15:15:37.762  INFO     RX        /ERR/LOKO/0x00000002
15:15:37.798  INFO     RX        /ERR/LOKO/0x00000002
15:15:37.798  INFO     RX        /ERR/LOKO/0x00000002
15:15:37.798  INFO     RX        /ERR/LOKO/0x00000002
15:15:37.825  INFO     RX        /ERR/LOKO/0x00000002
15:15:37.826  INFO     RX        /ERR/LOKO/0x00000002
15:15:37.862  INFO     RX        /ERR/LOKO/0x00000002
15:15:37.862  INFO     RX        /ERR/LOKO/0x00000002
15:15:37.862  INFO     RX        /ERR/LOKO/0x00000002
15:15:37.889  INFO     RX        /ERR/LOKO/0x00000002
15:15:37.889  INFO     RX        /ERR/LOKO/0x00000002
15:15:37.889  INFO     RX        /ERR/LOKO/0x00000002
15:15:37.918  DEBUG    TX /CONTROLL/0,0,0,-16,0,0,0,0,0
15:15:37.926  INFO     RX        /ERR/LOKO/0x00000002
15:15:37.926  INFO     RX        /ERR/LOKO/0x00000002
15:15:37.926  INFO     RX        /ERR/LOKO/0x00000002
15:15:37.954  INFO     RX        /ERR/LOKO/0x00000002
15:15:37.954  INFO     RX        /ERR/LOKO/0x00000002
15:15:37.986  INFO     RX        /ERR/LOKO/0x00000002
15:15:37.986  INFO     RX        /ERR/LOKO/0x00000002
15:15:37.986  INFO     RX        /ERR/LOKO/0x00000002
15:15:38.024  INFO     RX        /ERR/LOKO/0x00000002
15:15:38.024  INFO     RX        /ERR/LOKO/0x00000002
15:15:38.024  INFO     RX        /ERR/LOKO/0x00000002
15:15:38.049  INFO     RX        /ERR/LOKO/0x00000002
15:15:38.049  INFO     RX        /ERR/LOKO/0x00000002
15:15:38.085  INFO     RX        /ERR/LOKO/0x00000002
15:15:38.085  INFO     RX        /ERR/LOKO/0x00000002
15:15:38.085  INFO     RX        /ERR/LOKO/0x00000002
15:15:38.115  INFO     RX        /ERR/LOKO/0x00000002
15:15:38.115  INFO     RX        /ERR/LOKO/0x00000002
15:15:38.116  INFO     RX        /ERR/LOKO/0x00000002
15:15:38.146  INFO     RX        /ERR/LOKO/0x00000002
15:15:38.146  INFO     RX        /ERR/LOKO/0x00000002
15:15:38.180  INFO     RX        /ERR/LOKO/0x00000002
15:15:38.180  INFO     RX        /ERR/LOKO/0x00000002
15:15:38.180  INFO     RX        /ERR/LOKO/0x00000002
15:15:38.213  INFO     RX        /ERR/LOKO/0x00000002
15:15:38.214  INFO     RX        /ERR/LOKO/0x00000002
15:15:38.214  INFO     RX        /ERR/LOKO/0x00000002
15:15:38.245  INFO     RX        /ERR/LOKO/0x00000002
15:15:38.246  INFO     RX        /ERR/LOKO/0x00000002
15:15:38.246  INFO     RX        /ERR/LOKO/0x00000002
15:15:38.278  INFO     RX        /ERR/LOKO/0x00000002
15:15:38.278  INFO     RX        /ERR/LOKO/0x00000002
15:15:38.278  INFO     RX        /ERR/LOKO/0x00000002
15:15:38.307  INFO     RX        /ERR/LOKO/0x00000002
15:15:38.308  INFO     RX        /ERR/LOKO/0x00000002
15:15:38.343  INFO     RX        /ERR/LOKO/0x00000002
15:15:38.343  INFO     RX        /ERR/LOKO/0x00000002
15:15:38.343  INFO     RX        /ERR/LOKO/0x00000002
15:15:38.373  INFO     RX        /ERR/LOKO/0x00000002
15:15:38.374  INFO     RX        /ERR/LOKO/0x00000002
15:15:38.374  INFO     RX        /ERR/LOKO/0x00000002
15:15:38.406  INFO     RX        /ERR/LOKO/0x00000002
15:15:38.406  INFO     RX        /ERR/LOKO/0x00000002
15:15:38.407  INFO     RX        /ERR/LOKO/0x00000002
15:15:38.437  INFO     RX        /ERR/LOKO/0x00000002
15:15:38.437  INFO     RX        /ERR/LOKO/0x00000002
15:15:38.470  INFO     RX        /ERR/LOKO/0x00000002
15:15:38.470  INFO     RX        /ERR/LOKO/0x00000002
15:15:38.470  INFO     RX        /ERR/LOKO/0x00000002
15:15:38.506  INFO     RX        /ERR/LOKO/0x00000002
15:15:38.507  INFO     RX        /ERR/LOKO/0x00000002
15:15:38.507  INFO     RX        /ERR/LOKO/0x00000002
15:15:38.538  INFO     RX        /ERR/LOKO/0x00000002
15:15:38.539  INFO     RX        /ERR/LOKO/0x00000002
15:15:38.539  INFO     RX        /ERR/LOKO/0x00000002
15:15:38.566  INFO     RX        /ERR/LOKO/0x00000002
15:15:38.567  INFO     RX        /ERR/LOKO/0x00000002
15:15:38.599  INFO     RX        /ERR/LOKO/0x00000002
15:15:38.599  INFO     RX        /ERR/LOKO/0x00000002
15:15:38.599  INFO     RX        /ERR/LOKO/0x00000002
15:15:38.630  INFO     RX        /ERR/LOKO/0x00000002
15:15:38.630  INFO     RX        /ERR/LOKO/0x00000002
15:15:38.630  INFO     RX        /ERR/LOKO/0x00000002
15:15:38.667  INFO     RX        /ERR/LOKO/0x00000002
15:15:38.667  INFO     RX        /ERR/LOKO/0x00000002
15:15:38.667  INFO     RX        /ERR/LOKO/0x00000002
15:15:38.694  INFO     RX        /ERR/LOKO/0x00000002
15:15:38.694  INFO     RX        /ERR/LOKO/0x00000002
15:15:38.726  INFO     RX        /ERR/LOKO/0x00000002
15:15:38.727  INFO     RX        /ERR/LOKO/0x00000002
15:15:38.727  INFO     RX        /ERR/LOKO/0x00000002
15:15:38.758  INFO     RX        /ERR/LOKO/0x00000002
15:15:38.758  INFO     RX        /ERR/LOKO/0x00000002
15:15:38.758  INFO     RX        /ERR/LOKO/0x00000002
15:15:38.794  INFO     RX        /ERR/LOKO/0x00000002
15:15:38.795  INFO     RX        /ERR/LOKO/0x00000002
15:15:38.795  INFO     RX        /ERR/LOKO/0x00000002
15:15:38.908  INFO     RX        /ERR/LOKO/0x00000002
15:15:38.908  INFO     RX        /ERR/LOKO/0x00000002
15:15:38.908  INFO     RX        /ERR/LOKO/0x00000002
15:15:38.908  INFO     RX        /ERR/LOKO/0x00000002
15:15:38.908  INFO     RX        /ERR/LOKO/0x00000002
15:15:38.908  INFO     RX        /ERR/LOKO/0x00000002
15:15:38.908  INFO     RX        /ERR/LOKO/0x00000002
15:15:38.908  INFO     RX        /ERR/LOKO/0x00000002
15:15:38.911  INFO     RX        /ERR/LOKO/0x00000002
15:15:38.911  INFO     RX        /ERR/LOKO/0x00000002
15:15:38.921  INFO     RX        /ERR/LOKO/0x00000002
15:15:38.955  INFO     RX        /ERR/LOKO/0x00000002
15:15:38.955  INFO     RX        /ERR/LOKO/0x00000002
15:15:38.984  INFO     RX        /ERR/LOKO/0x00000002
15:15:38.984  INFO     RX        /ERR/LOKO/0x00000002
15:15:38.984  INFO     RX        /ERR/LOKO/0x00000002
15:15:39.015  INFO     RX        /ERR/LOKO/0x00000002
15:15:39.015  INFO     RX        /ERR/LOKO/0x00000002
15:15:39.016  INFO     RX        /ERR/LOKO/0x00000002
15:15:39.051  INFO     RX        /ERR/LOKO/0x00000002
15:15:39.051  INFO     RX        /ERR/LOKO/0x00000002
15:15:39.051  INFO     RX        /ERR/LOKO/0x00000002
15:15:39.087  INFO     RX        /ERR/LOKO/0x00000002
15:15:39.087  INFO     RX        /ERR/LOKO/0x00000002
15:15:39.087  INFO     RX        /ERR/LOKO/0x00000002
15:15:39.112  INFO     RX        /ERR/LOKO/0x00000002
15:15:39.112  INFO     RX        /ERR/LOKO/0x00000002
15:15:39.145  INFO     RX        /ERR/LOKO/0x00000002
15:15:39.145  INFO     RX        /ERR/LOKO/0x00000002
15:15:39.145  INFO     RX        /ERR/LOKO/0x00000002
15:15:39.177  INFO     RX        /ERR/LOKO/0x00000002
15:15:39.177  INFO     RX        /ERR/LOKO/0x00000002
15:15:39.211  INFO     RX        /ERR/LOKO/0x00000002
15:15:39.211  INFO     RX        /ERR/LOKO/0x00000002
15:15:39.212  INFO     RX        /ERR/LOKO/0x00000002
15:15:39.239  INFO     RX        /ERR/LOKO/0x00000002
15:15:39.239  INFO     RX        /ERR/LOKO/0x00000002
15:15:39.239  INFO     RX        /ERR/LOKO/0x00000002
15:15:39.274  INFO     RX        /ERR/LOKO/0x00000002
15:15:39.274  INFO     RX        /ERR/LOKO/0x00000002
15:15:39.274  INFO     RX        /ERR/LOKO/0x00000002
15:15:39.303  INFO     RX        /ERR/LOKO/0x00000002
15:15:39.303  INFO     RX        /ERR/LOKO/0x00000002
15:15:39.339  INFO     RX        /ERR/LOKO/0x00000002
15:15:39.339  INFO     RX        /ERR/LOKO/0x00000002
15:15:39.339  INFO     RX        /ERR/LOKO/0x00000002
15:15:39.367  INFO     RX        /ERR/LOKO/0x00000002
15:15:39.367  INFO     RX        /ERR/LOKO/0x00000002
15:15:39.399  INFO     RX        /ERR/LOKO/0x00000002
15:15:39.399  INFO     RX        /ERR/LOKO/0x00000002
15:15:39.399  INFO     RX        /ERR/LOKO/0x00000002
15:15:39.434  INFO     RX        /ERR/LOKO/0x00000002
15:15:39.434  INFO     RX        /ERR/LOKO/0x00000002
15:15:39.434  INFO     RX        /ERR/LOKO/0x00000002
15:15:39.463  INFO     RX        /ERR/LOKO/0x00000002
15:15:39.463  INFO     RX        /ERR/LOKO/0x00000002
15:15:39.463  INFO     RX        /ERR/LOKO/0x00000002
15:15:39.498  INFO     RX        /ERR/LOKO/0x00000002
15:15:39.498  INFO     RX        /ERR/LOKO/0x00000002
15:15:39.498  INFO     RX        /ERR/LOKO/0x00000002
15:15:39.524  DEBUG    TX /CONTROLL/0,0,0,-19,0,0,0,0,0
15:15:39.527  INFO     RX        /ERR/LOKO/0x00000002
15:15:39.527  INFO     RX        /ERR/LOKO/0x00000002
15:15:39.563  INFO     RX        /ERR/LOKO/0x00000002
15:15:39.563  INFO     RX        /ERR/LOKO/0x00000002
15:15:39.563  INFO     RX        /ERR/LOKO/0x00000002
15:15:39.592  INFO     RX        /ERR/LOKO/0x00000002
15:15:39.593  INFO     RX        /ERR/LOKO/0x00000002
15:15:39.593  INFO     RX        /ERR/LOKO/0x00000002
15:15:39.627  INFO     RX        /ERR/LOKO/0x00000002
15:15:39.627  INFO     RX        /ERR/LOKO/0x00000002
15:15:39.627  INFO     RX        /ERR/LOKO/0x00000002
15:15:39.656  INFO     RX        /ERR/LOKO/0x00000002
15:15:39.656  INFO     RX        /ERR/LOKO/0x00000002
15:15:39.691  INFO     RX        /ERR/LOKO/0x00000002
15:15:39.692  INFO     RX        /ERR/LOKO/0x00000002
15:15:39.692  INFO     RX        /ERR/LOKO/0x00000002
15:15:39.721  INFO     RX        /ERR/LOKO/0x00000002
15:15:39.721  INFO     RX        /ERR/LOKO/0x00000002
15:15:39.721  INFO     RX        /ERR/LOKO/0x00000002
15:15:39.757  INFO     RX        /ERR/LOKO/0x00000002
15:15:39.758  INFO     RX        /ERR/LOKO/0x00000002
15:15:39.758  INFO     RX        /ERR/LOKO/0x00000002
15:15:39.786  INFO     RX        /ERR/LOKO/0x00000002
15:15:39.786  INFO     RX        /ERR/LOKO/0x00000002
15:15:39.819  INFO     RX        /ERR/LOKO/0x00000002
15:15:39.819  INFO     RX        /ERR/LOKO/0x00000002
15:15:39.819  INFO     RX        /ERR/LOKO/0x00000002
15:15:39.850  INFO     RX        /ERR/LOKO/0x00000002
15:15:39.850  INFO     RX        /ERR/LOKO/0x00000002
15:15:39.850  INFO     RX        /ERR/LOKO/0x00000002
15:15:39.881  INFO     RX        /ERR/LOKO/0x00000002
15:15:39.881  INFO     RX        /ERR/LOKO/0x00000002
15:15:39.915  INFO     RX        /ERR/LOKO/0x00000002
15:15:39.915  INFO     RX        /ERR/LOKO/0x00000002
15:15:39.915  INFO     RX        /ERR/LOKO/0x00000002
15:15:39.945  INFO     RX        /ERR/LOKO/0x00000002
15:15:39.945  INFO     RX        /ERR/LOKO/0x00000002
15:15:39.945  INFO     RX        /ERR/LOKO/0x00000002
15:15:39.982  INFO     RX        /ERR/LOKO/0x00000002
15:15:39.982  INFO     RX        /ERR/LOKO/0x00000002
15:15:39.982  INFO     RX        /ERR/LOKO/0x00000002
15:15:40.010  INFO     RX        /ERR/LOKO/0x00000002
15:15:40.011  INFO     RX        /ERR/LOKO/0x00000002
15:15:40.044  INFO     RX        /ERR/LOKO/0x00000002
15:15:40.044  INFO     RX        /ERR/LOKO/0x00000002
15:15:40.044  INFO     RX        /ERR/LOKO/0x00000002
15:15:40.077  INFO     RX        /ERR/LOKO/0x00000002
15:15:40.078  INFO     RX        /ERR/LOKO/0x00000002
15:15:40.078  INFO     RX        /ERR/LOKO/0x00000002
15:15:40.111  INFO     RX        /ERR/LOKO/0x00000002
15:15:40.111  INFO     RX        /ERR/LOKO/0x00000002
15:15:40.111  INFO     RX        /ERR/LOKO/0x00000002
15:15:40.139  INFO     RX        /ERR/LOKO/0x00000002
15:15:40.139  INFO     RX        /ERR/LOKO/0x00000002
15:15:40.174  INFO     RX        /ERR/LOKO/0x00000002
15:15:40.174  INFO     RX        /ERR/LOKO/0x00000002
15:15:40.174  INFO     RX        /ERR/LOKO/0x00000002
15:15:40.207  INFO     RX        /ERR/LOKO/0x00000002
15:15:40.207  INFO     RX        /ERR/LOKO/0x00000002
15:15:40.207  INFO     RX        /ERR/LOKO/0x00000002
15:15:40.236  INFO     RX        /ERR/LOKO/0x00000002
15:15:40.236  INFO     RX        /ERR/LOKO/0x00000002
15:15:40.236  INFO     RX        /ERR/LOKO/0x00000002
15:15:40.272  INFO     RX        /ERR/LOKO/0x00000002
15:15:40.272  INFO     RX        /ERR/LOKO/0x00000002
15:15:40.272  INFO     RX        /ERR/LOKO/0x00000002
15:15:40.302  INFO     RX        /ERR/LOKO/0x00000002
15:15:40.302  INFO     RX        /ERR/LOKO/0x00000002
15:15:40.337  INFO     RX        /ERR/LOKO/0x00000002
15:15:40.337  INFO     RX        /ERR/LOKO/0x00000002
15:15:40.337  INFO     RX        /ERR/LOKO/0x00000002
15:15:40.369  INFO     RX        /ERR/LOKO/0x00000002
15:15:40.369  INFO     RX        /ERR/LOKO/0x00000002
15:15:40.369  INFO     RX        /ERR/LOKO/0x00000002
15:15:40.401  INFO     RX        /ERR/LOKO/0x00000002
15:15:40.401  INFO     RX        /ERR/LOKO/0x00000002
15:15:40.431  INFO     RX        /ERR/LOKO/0x00000002
15:15:40.432  INFO     RX        /ERR/LOKO/0x00000002
15:15:40.432  INFO     RX        /ERR/LOKO/0x00000002
15:15:40.465  INFO     RX        /ERR/LOKO/0x00000002
15:15:40.465  INFO     RX        /ERR/LOKO/0x00000002
15:15:40.465  INFO     RX        /ERR/LOKO/0x00000002
15:15:40.497  INFO     RX        /ERR/LOKO/0x00000002
15:15:40.497  INFO     RX        /ERR/LOKO/0x00000002
15:15:40.497  INFO     RX        /ERR/LOKO/0x00000002
15:15:40.530  INFO     RX        /ERR/LOKO/0x00000002
15:15:40.530  INFO     RX        /ERR/LOKO/0x00000002
15:15:40.530  INFO     RX        /ERR/LOKO/0x00000002
15:15:40.560  INFO     RX        /ERR/LOKO/0x00000002
15:15:40.561  INFO     RX        /ERR/LOKO/0x00000002
15:15:40.592  INFO     RX        /ERR/LOKO/0x00000002
15:15:40.592  INFO     RX        /ERR/LOKO/0x00000002
15:15:40.592  INFO     RX        /ERR/LOKO/0x00000002
15:15:40.626  INFO     RX        /ERR/LOKO/0x00000002
15:15:40.626  INFO     RX        /ERR/LOKO/0x00000002
15:15:40.626  INFO     RX        /ERR/LOKO/0x00000002
15:15:40.657  INFO     RX        /ERR/LOKO/0x00000002
15:15:40.657  INFO     RX        /ERR/LOKO/0x00000002
15:15:40.690  INFO     RX        /ERR/LOKO/0x00000002
15:15:40.690  INFO     RX        /ERR/LOKO/0x00000002
15:15:40.690  INFO     RX        /ERR/LOKO/0x00000002
15:15:40.719  INFO     RX        /ERR/LOKO/0x00000002
15:15:40.719  INFO     RX        /ERR/LOKO/0x00000002
15:15:40.719  INFO     RX        /ERR/LOKO/0x00000002
15:15:40.752  INFO     RX        /ERR/LOKO/0x00000002
15:15:40.752  INFO     RX        /ERR/LOKO/0x00000002
15:15:40.753  INFO     RX        /ERR/LOKO/0x00000002
15:15:40.786  INFO     RX        /ERR/LOKO/0x00000002
15:15:40.787  INFO     RX        /ERR/LOKO/0x00000002
15:15:40.816  INFO     RX        /ERR/LOKO/0x00000002
15:15:40.817  INFO     RX        /ERR/LOKO/0x00000002
15:15:40.817  INFO     RX        /ERR/LOKO/0x00000002
15:15:40.853  INFO     RX        /ERR/LOKO/0x00000002
15:15:40.853  INFO     RX        /ERR/LOKO/0x00000002
15:15:40.853  INFO     RX        /ERR/LOKO/0x00000002
15:15:40.882  INFO     RX        /ERR/LOKO/0x00000002
15:15:40.882  INFO     RX        /ERR/LOKO/0x00000002
15:15:40.882  INFO     RX        /ERR/LOKO/0x00000002
15:15:40.916  INFO     RX        /ERR/LOKO/0x00000002
15:15:40.917  INFO     RX        /ERR/LOKO/0x00000002
15:15:40.917  INFO     RX        /ERR/LOKO/0x00000002
15:15:40.948  INFO     RX        /ERR/LOKO/0x00000002
15:15:40.949  INFO     RX        /ERR/LOKO/0x00000002
15:15:40.982  INFO     RX        /ERR/LOKO/0x00000002
15:15:40.982  INFO     RX        /ERR/LOKO/0x00000002
15:15:40.982  INFO     RX        /ERR/LOKO/0x00000002
15:15:41.011  INFO     RX        /ERR/LOKO/0x00000002
15:15:41.011  INFO     RX        /ERR/LOKO/0x00000002
15:15:41.011  INFO     RX        /ERR/LOKO/0x00000002
15:15:41.046  INFO     RX        /ERR/LOKO/0x00000002
15:15:41.046  INFO     RX        /ERR/LOKO/0x00000002
15:15:41.078  INFO     RX        /ERR/LOKO/0x00000002
15:15:41.078  INFO     RX        /ERR/LOKO/0x00000002
15:15:41.078  INFO     RX        /ERR/LOKO/0x00000002
15:15:41.110  INFO     RX        /ERR/LOKO/0x00000002
15:15:41.110  INFO     RX        /ERR/LOKO/0x00000002
15:15:41.110  INFO     RX        /ERR/LOKO/0x00000002
15:15:41.136  DEBUG    TX /CONTROLL/0,0,0,0,0,0,0,0,0
15:15:41.140  INFO     RX        /ERR/LOKO/0x00000002
15:15:41.140  INFO     RX        /ERR/LOKO/0x00000002
15:15:41.140  INFO     RX        /ERR/LOKO/0x00000002
15:15:41.172  INFO     RX        /ERR/LOKO/0x00000002
15:15:41.172  INFO     RX        /ERR/LOKO/0x00000002
15:15:41.210  INFO     RX        /ERR/LOKO/0x00000002
15:15:41.210  INFO     RX        /ERR/LOKO/0x00000002
15:15:41.210  INFO     RX        /ERR/LOKO/0x00000002
15:15:41.210  INFO     RX        /ERR/LOKO/0x00000002
15:15:41.240  INFO     RX        /ERR/LOKO/0x00000002
15:15:41.241  INFO     RX        /ERR/LOKO/0x00000002
15:15:41.273  INFO     RX        /ERR/LOKO/0x00000002
15:15:41.273  INFO     RX        /ERR/LOKO/0x00000002
15:15:41.273  INFO     RX        /ERR/LOKO/0x00000002
15:15:41.305  INFO     RX        /ERR/LOKO/0x00000002
15:15:41.305  INFO     RX        /ERR/LOKO/0x00000002
15:15:41.305  INFO     RX        /ERR/LOKO/0x00000002
15:15:41.342  INFO     RX        /ERR/LOKO/0x00000002
15:15:41.342  INFO     RX        /ERR/LOKO/0x00000002
15:15:41.342  INFO     RX        /ERR/LOKO/0x00000002
15:15:41.370  INFO     RX        /ERR/LOKO/0x00000002
15:15:41.370  INFO     RX        /ERR/LOKO/0x00000002
15:15:41.398  INFO     RX        /ERR/LOKO/0x00000002
15:15:41.398  INFO     RX        /ERR/LOKO/0x00000002
15:15:41.398  INFO     RX        /ERR/LOKO/0x00000002
15:15:41.518  INFO     RX        /ERR/LOKO/0x00000002
15:15:41.518  INFO     RX        /ERR/LOKO/0x00000002
15:15:41.518  INFO     RX        /ERR/LOKO/0x00000002
15:15:41.518  INFO     RX        /ERR/LOKO/0x00000002
15:15:41.518  INFO     RX        /ERR/LOKO/0x00000002
15:15:41.518  INFO     RX        /ERR/LOKO/0x00000002
15:15:41.518  INFO     RX        /ERR/LOKO/0x00000002
15:15:41.518  INFO     RX        /ERR/LOKO/0x00000002
15:15:41.527  INFO     RX        /ERR/LOKO/0x00000002
15:15:41.527  INFO     RX        /ERR/LOKO/0x00000002
15:15:41.527  INFO     RX        /ERR/LOKO/0x00000002
15:15:41.535  INFO     RX        /ERR/LOKO/0x00000002
15:15:41.561  INFO     RX        /ERR/LOKO/0x00000002
15:15:41.561  INFO     RX        /ERR/LOKO/0x00000002
15:15:41.592  INFO     RX        /ERR/LOKO/0x00000002
15:15:41.593  INFO     RX        /ERR/LOKO/0x00000002
15:15:41.624  INFO     RX        /ERR/LOKO/0x00000002
15:15:41.624  INFO     RX        /ERR/LOKO/0x00000002
15:15:41.624  INFO     RX        /ERR/LOKO/0x00000002
15:15:41.659  INFO     RX        /ERR/LOKO/0x00000002
15:15:41.660  INFO     RX        /ERR/LOKO/0x00000002
15:15:41.660  INFO     RX        /ERR/LOKO/0x00000002
15:15:41.692  INFO     RX        /ERR/LOKO/0x00000002
15:15:41.692  INFO     RX        /ERR/LOKO/0x00000002
15:15:41.692  INFO     RX        /ERR/LOKO/0x00000002
15:15:41.726  INFO     RX        /ERR/LOKO/0x00000002
15:15:41.726  INFO     RX        /ERR/LOKO/0x00000002
15:15:41.727  INFO     RX        /ERR/LOKO/0x00000002
15:15:41.755  INFO     RX        /ERR/LOKO/0x00000002
15:15:41.755  INFO     RX        /ERR/LOKO/0x00000002
15:15:41.755  INFO     RX        /ERR/LOKO/0x00000002
15:15:41.793  INFO     RX        /ERR/LOKO/0x00000002
15:15:41.793  INFO     RX        /ERR/LOKO/0x00000002
15:15:41.793  INFO     RX        /ERR/LOKO/0x00000002
15:15:41.822  INFO     RX        /ERR/LOKO/0x00000002
15:15:41.822  INFO     RX        /ERR/LOKO/0x00000002
15:15:41.850  INFO     RX        /ERR/LOKO/0x00000002
15:15:41.850  INFO     RX        /ERR/LOKO/0x00000002
15:15:41.850  INFO     RX        /ERR/LOKO/0x00000002
15:15:41.885  INFO     RX        /ERR/LOKO/0x00000002
15:15:41.885  INFO     RX        /ERR/LOKO/0x00000002
15:15:41.885  INFO     RX        /ERR/LOKO/0x00000002
15:15:41.914  INFO     RX        /ERR/LOKO/0x00000002
15:15:41.914  INFO     RX        /ERR/LOKO/0x00000002
15:15:41.950  INFO     RX        /ERR/LOKO/0x00000002
15:15:41.950  INFO     RX        /ERR/LOKO/0x00000002
15:15:41.950  INFO     RX        /ERR/LOKO/0x00000002
15:15:41.978  INFO     RX        /ERR/LOKO/0x00000002
15:15:41.978  INFO     RX        /ERR/LOKO/0x00000002
15:15:41.978  INFO     RX        /ERR/LOKO/0x00000002
15:15:42.011  INFO     RX        /ERR/LOKO/0x00000002
15:15:42.012  INFO     RX        /ERR/LOKO/0x00000002
15:15:42.012  INFO     RX        /ERR/LOKO/0x00000002
15:15:42.047  INFO     RX        /ERR/LOKO/0x00000002
15:15:42.047  INFO     RX        /ERR/LOKO/0x00000002
15:15:42.047  INFO     RX        /ERR/LOKO/0x00000002
15:15:42.073  INFO     RX        /ERR/LOKO/0x00000002
15:15:42.073  INFO     RX        /ERR/LOKO/0x00000002
15:15:42.109  INFO     RX        /ERR/LOKO/0x00000002
15:15:42.109  INFO     RX        /ERR/LOKO/0x00000002
15:15:42.109  INFO     RX        /ERR/LOKO/0x00000002
15:15:42.137  INFO     RX        /ERR/LOKO/0x00000002
15:15:42.137  INFO     RX        /ERR/LOKO/0x00000002
15:15:42.171  INFO     RX        /ERR/LOKO/0x00000002
15:15:42.171  INFO     RX        /ERR/LOKO/0x00000002
15:15:42.171  INFO     RX        /ERR/LOKO/0x00000002
15:15:42.201  INFO     RX        /ERR/LOKO/0x00000002
15:15:42.201  INFO     RX        /ERR/LOKO/0x00000002
15:15:42.201  INFO     RX        /ERR/LOKO/0x00000002
15:15:42.235  INFO     RX        /ERR/LOKO/0x00000002
15:15:42.235  INFO     RX        /ERR/LOKO/0x00000002
15:15:42.236  INFO     RX        /ERR/LOKO/0x00000002
15:15:42.265  INFO     RX        /ERR/LOKO/0x00000002
15:15:42.265  INFO     RX        /ERR/LOKO/0x00000002
15:15:42.300  INFO     RX        /ERR/LOKO/0x00000002
15:15:42.300  INFO     RX        /ERR/LOKO/0x00000002
15:15:42.301  INFO     RX        /ERR/LOKO/0x00000002
15:15:42.330  INFO     RX        /ERR/LOKO/0x00000002
15:15:42.330  INFO     RX        /ERR/LOKO/0x00000002
15:15:42.330  INFO     RX        /ERR/LOKO/0x00000002
15:15:42.365  INFO     RX        /ERR/LOKO/0x00000002
15:15:42.365  INFO     RX        /ERR/LOKO/0x00000002
15:15:42.365  INFO     RX        /ERR/LOKO/0x00000002
15:15:42.394  INFO     RX        /ERR/LOKO/0x00000002
15:15:42.394  INFO     RX        /ERR/LOKO/0x00000002
15:15:42.394  INFO     RX        /ERR/LOKO/0x00000002
15:15:42.429  INFO     RX        /ERR/LOKO/0x00000002
15:15:42.429  INFO     RX        /ERR/LOKO/0x00000002
15:15:42.429  INFO     RX        /ERR/LOKO/0x00000002
15:15:42.461  INFO     RX        /ERR/LOKO/0x00000002
15:15:42.461  INFO     RX        /ERR/LOKO/0x00000002
15:15:42.491  INFO     RX        /ERR/LOKO/0x00000002
15:15:42.491  INFO     RX        /ERR/LOKO/0x00000002
15:15:42.491  INFO     RX        /ERR/LOKO/0x00000002
15:15:42.527  INFO     RX        /ERR/LOKO/0x00000002
15:15:42.527  INFO     RX        /ERR/LOKO/0x00000002
15:15:42.527  INFO     RX        /ERR/LOKO/0x00000002
15:15:42.558  INFO     RX        /ERR/LOKO/0x00000002
15:15:42.558  INFO     RX        /ERR/LOKO/0x00000002
15:15:42.558  INFO     RX        /ERR/LOKO/0x00000002
15:15:42.587  INFO     RX        /ERR/LOKO/0x00000002
15:15:42.587  INFO     RX        /ERR/LOKO/0x00000002
15:15:42.623  INFO     RX        /ERR/LOKO/0x00000002
15:15:42.624  INFO     RX        /ERR/LOKO/0x00000002
15:15:42.624  INFO     RX        /ERR/LOKO/0x00000002
15:15:42.651  INFO     RX        /ERR/LOKO/0x00000002
15:15:42.651  INFO     RX        /ERR/LOKO/0x00000002
15:15:42.651  INFO     RX        /ERR/LOKO/0x00000002
15:15:42.686  INFO     RX        /ERR/LOKO/0x00000002
15:15:42.686  INFO     RX        /ERR/LOKO/0x00000002
15:15:42.686  INFO     RX        /ERR/LOKO/0x00000002
15:15:42.717  INFO     RX        /ERR/LOKO/0x00000002
15:15:42.718  INFO     RX        /ERR/LOKO/0x00000002
15:15:42.746  DEBUG    TX /CONTROLL/0,0,0,-37,0,0,0,0,0
15:15:42.753  INFO     RX        /ERR/LOKO/0x00000002
15:15:42.753  INFO     RX        /ERR/LOKO/0x00000002
15:15:42.753  INFO     RX        /ERR/LOKO/0x00000002
15:15:42.781  INFO     RX        /ERR/LOKO/0x00000002
15:15:42.781  INFO     RX        /ERR/LOKO/0x00000002
15:15:42.782  INFO     RX        /ERR/LOKO/0x00000002
15:15:42.815  INFO     RX        /ERR/LOKO/0x00000002
15:15:42.815  INFO     RX        /ERR/LOKO/0x00000002
15:15:42.815  INFO     RX        /ERR/LOKO/0x00000002
15:15:42.849  INFO     RX        /ERR/LOKO/0x00000002
15:15:42.849  INFO     RX        /ERR/LOKO/0x00000002
15:15:42.849  INFO     RX        /ERR/LOKO/0x00000002
15:15:42.883  INFO     RX        /ERR/LOKO/0x00000002
15:15:42.883  INFO     RX        /ERR/LOKO/0x00000002
15:15:42.883  INFO     RX        /ERR/LOKO/0x00000002
15:15:42.911  INFO     RX        /ERR/LOKO/0x00000002
15:15:42.911  INFO     RX        /ERR/LOKO/0x00000002
15:15:42.947  INFO     RX        /ERR/LOKO/0x00000002
15:15:42.947  INFO     RX        /ERR/LOKO/0x00000002
15:15:42.947  INFO     RX        /ERR/LOKO/0x00000002
15:15:42.975  INFO     RX        /ERR/LOKO/0x00000002
15:15:42.975  INFO     RX        /ERR/LOKO/0x00000002
15:15:42.975  INFO     RX        /ERR/LOKO/0x00000002
15:15:43.010  INFO     RX        /ERR/LOKO/0x00000002
15:15:43.010  INFO     RX        /ERR/LOKO/0x00000002
15:15:43.010  INFO     RX        /ERR/LOKO/0x00000002
15:15:43.039  INFO     RX        /ERR/LOKO/0x00000002
15:15:43.040  INFO     RX        /ERR/LOKO/0x00000002
15:15:43.074  INFO     RX        /ERR/LOKO/0x00000002
15:15:43.074  INFO     RX        /ERR/LOKO/0x00000002
15:15:43.074  INFO     RX        /ERR/LOKO/0x00000002
15:15:43.104  INFO     RX        /ERR/LOKO/0x00000002
15:15:43.104  INFO     RX        /ERR/LOKO/0x00000002
15:15:43.104  INFO     RX        /ERR/LOKO/0x00000002
15:15:43.138  INFO     RX        /ERR/LOKO/0x00000002
15:15:43.138  INFO     RX        /ERR/LOKO/0x00000002
15:15:43.138  INFO     RX        /ERR/LOKO/0x00000002
15:15:43.168  INFO     RX        /ERR/LOKO/0x00000002
15:15:43.168  INFO     RX        /ERR/LOKO/0x00000002
15:15:43.202  INFO     RX        /ERR/LOKO/0x00000002
15:15:43.202  INFO     RX        /ERR/LOKO/0x00000002
15:15:43.203  INFO     RX        /ERR/LOKO/0x00000002
15:15:43.232  INFO     RX        /ERR/LOKO/0x00000002
15:15:43.232  INFO     RX        /ERR/LOKO/0x00000002
15:15:43.232  INFO     RX        /ERR/LOKO/0x00000002
15:15:43.264  INFO     RX        /ERR/LOKO/0x00000002
15:15:43.264  INFO     RX        /ERR/LOKO/0x00000002
15:15:43.264  INFO     RX        /ERR/LOKO/0x00000002
15:15:43.300  INFO     RX        /ERR/LOKO/0x00000002
15:15:43.300  INFO     RX        /ERR/LOKO/0x00000002
15:15:43.300  INFO     RX        /ERR/LOKO/0x00000002
15:15:43.329  INFO     RX        /ERR/LOKO/0x00000002
15:15:43.329  INFO     RX        /ERR/LOKO/0x00000002
15:15:43.365  INFO     RX        /ERR/LOKO/0x00000002
15:15:43.365  INFO     RX        /ERR/LOKO/0x00000002
15:15:43.365  INFO     RX        /ERR/LOKO/0x00000002
15:15:43.394  INFO     RX        /ERR/LOKO/0x00000002
15:15:43.394  INFO     RX        /ERR/LOKO/0x00000002
15:15:43.394  INFO     RX        /ERR/LOKO/0x00000002
15:15:43.430  INFO     RX        /ERR/LOKO/0x00000002
15:15:43.430  INFO     RX        /ERR/LOKO/0x00000002
15:15:43.430  INFO     RX        /ERR/LOKO/0x00000002
15:15:43.461  INFO     RX        /ERR/LOKO/0x00000002
15:15:43.461  INFO     RX        /ERR/LOKO/0x00000002
15:15:43.493  INFO     RX        /ERR/LOKO/0x00000002
15:15:43.494  INFO     RX        /ERR/LOKO/0x00000002
15:15:43.494  INFO     RX        /ERR/LOKO/0x00000002
15:15:43.523  INFO     RX        /ERR/LOKO/0x00000002
15:15:43.523  INFO     RX        /ERR/LOKO/0x00000002
15:15:43.523  INFO     RX        /ERR/LOKO/0x00000002
15:15:43.556  INFO     RX        /ERR/LOKO/0x00000002
15:15:43.556  INFO     RX        /ERR/LOKO/0x00000002
15:15:43.556  INFO     RX        /ERR/LOKO/0x00000002
15:15:43.591  INFO     RX        /ERR/LOKO/0x00000002
15:15:43.591  INFO     RX        /ERR/LOKO/0x00000002
15:15:43.591  INFO     RX        /ERR/LOKO/0x00000002
15:15:43.621  INFO     RX        /ERR/LOKO/0x00000002
15:15:43.621  INFO     RX        /ERR/LOKO/0x00000002
15:15:43.656  INFO     RX        /ERR/LOKO/0x00000002
15:15:43.656  INFO     RX        /ERR/LOKO/0x00000002
15:15:43.656  INFO     RX        /ERR/LOKO/0x00000002
15:15:43.684  INFO     RX        /ERR/LOKO/0x00000002
15:15:43.685  INFO     RX        /ERR/LOKO/0x00000002
15:15:43.685  INFO     RX        /ERR/LOKO/0x00000002
15:15:43.721  INFO     RX        /ERR/LOKO/0x00000002
15:15:43.721  INFO     RX        /ERR/LOKO/0x00000002
15:15:43.721  INFO     RX        /ERR/LOKO/0x00000002
15:15:43.748  INFO     RX        /ERR/LOKO/0x00000002
15:15:43.749  INFO     RX        /ERR/LOKO/0x00000002
15:15:43.785  INFO     RX        /ERR/LOKO/0x00000002
15:15:43.786  INFO     RX        /ERR/LOKO/0x00000002
15:15:43.786  INFO     RX        /ERR/LOKO/0x00000002
15:15:43.813  INFO     RX        /ERR/LOKO/0x00000002
15:15:43.813  INFO     RX        /ERR/LOKO/0x00000002
15:15:43.813  INFO     RX        /ERR/LOKO/0x00000002
15:15:43.846  INFO     RX        /ERR/LOKO/0x00000002
15:15:43.847  INFO     RX        /ERR/LOKO/0x00000002
15:15:43.847  INFO     RX        /ERR/LOKO/0x00000002
15:15:43.882  INFO     RX        /ERR/LOKO/0x00000002
15:15:43.882  INFO     RX        /ERR/LOKO/0x00000002
15:15:43.882  INFO     RX        /ERR/LOKO/0x00000002
15:15:43.911  INFO     RX        /ERR/LOKO/0x00000002
15:15:43.911  INFO     RX        /ERR/LOKO/0x00000002
15:15:43.946  INFO     RX        /ERR/LOKO/0x00000002
15:15:43.946  INFO     RX        /ERR/LOKO/0x00000002
15:15:43.946  INFO     RX        /ERR/LOKO/0x00000002
15:15:43.975  INFO     RX        /ERR/LOKO/0x00000002
15:15:43.975  INFO     RX        /ERR/LOKO/0x00000002
15:15:43.975  INFO     RX        /ERR/LOKO/0x00000002
15:15:44.108  INFO     RX        /ERR/LOKO/0x00000002
15:15:44.108  INFO     RX        /ERR/LOKO/0x00000002
15:15:44.108  INFO     RX        /ERR/LOKO/0x00000002
15:15:44.108  INFO     RX        /ERR/LOKO/0x00000002
15:15:44.108  INFO     RX        /ERR/LOKO/0x00000002
15:15:44.108  INFO     RX        /ERR/LOKO/0x00000002
15:15:44.108  INFO     RX        /ERR/LOKO/0x00000002
15:15:44.108  INFO     RX        /ERR/LOKO/0x00000002
15:15:44.119  INFO     RX        /ERR/LOKO/0x00000002
15:15:44.119  INFO     RX        /ERR/LOKO/0x00000002
15:15:44.119  INFO     RX        /ERR/LOKO/0x00000002
15:15:44.119  INFO     RX        /ERR/LOKO/0x00000002
15:15:44.122  INFO     RX        /ERR/LOKO/0x00000002
15:15:44.138  INFO     RX        /ERR/LOKO/0x00000002
15:15:44.169  INFO     RX        /ERR/LOKO/0x00000002
15:15:44.170  INFO     RX        /ERR/LOKO/0x00000002
15:15:44.170  INFO     RX        /ERR/LOKO/0x00000002
15:15:44.206  INFO     RX        /ERR/LOKO/0x00000002
15:15:44.206  INFO     RX        /ERR/LOKO/0x00000002
15:15:44.206  INFO     RX        /ERR/LOKO/0x00000002
15:15:44.234  INFO     RX        /ERR/LOKO/0x00000002
15:15:44.234  INFO     RX        /ERR/LOKO/0x00000002
15:15:44.266  INFO     RX        /ERR/LOKO/0x00000002
15:15:44.266  INFO     RX        /ERR/LOKO/0x00000002
15:15:44.266  INFO     RX        /ERR/LOKO/0x00000002
15:15:44.299  INFO     RX        /ERR/LOKO/0x00000002
15:15:44.299  INFO     RX        /ERR/LOKO/0x00000002
15:15:44.299  INFO     RX        /ERR/LOKO/0x00000002
15:15:44.330  INFO     RX        /ERR/LOKO/0x00000002
15:15:44.330  INFO     RX        /ERR/LOKO/0x00000002
15:15:44.358  DEBUG    TX /CONTROLL/0,0,0,0,0,0,0,0,0
15:15:44.365  INFO     RX        /ERR/LOKO/0x00000002
15:15:44.365  INFO     RX        /ERR/LOKO/0x00000002
15:15:44.365  INFO     RX        /ERR/LOKO/0x00000002
15:15:44.393  INFO     RX        /ERR/LOKO/0x00000002
15:15:44.394  INFO     RX        /ERR/LOKO/0x00000002
15:15:44.394  INFO     RX        /ERR/LOKO/0x00000002
15:15:44.425  INFO     RX        /ERR/LOKO/0x00000002
15:15:44.425  INFO     RX        /ERR/LOKO/0x00000002
15:15:44.426  INFO     RX        /ERR/LOKO/0x00000002
15:15:44.461  INFO     RX        /ERR/LOKO/0x00000002
15:15:44.461  INFO     RX        /ERR/LOKO/0x00000002
15:15:44.461  INFO     RX        /ERR/LOKO/0x00000002
15:15:44.493  INFO     RX        /ERR/LOKO/0x00000002
15:15:44.493  INFO     RX        /ERR/LOKO/0x00000002
15:15:44.493  INFO     RX        /ERR/LOKO/0x00000002
15:15:44.521  INFO     RX        /ERR/LOKO/0x00000002
15:15:44.521  INFO     RX        /ERR/LOKO/0x00000002
15:15:44.553  INFO     RX        /ERR/LOKO/0x00000002
15:15:44.554  INFO     RX        /ERR/LOKO/0x00000002
15:15:44.554  INFO     RX        /ERR/LOKO/0x00000002
15:15:44.586  INFO     RX        /ERR/LOKO/0x00000002
15:15:44.586  INFO     RX        /ERR/LOKO/0x00000002
15:15:44.618  INFO     RX        /ERR/LOKO/0x00000002
15:15:44.618  INFO     RX        /ERR/LOKO/0x00000002
15:15:44.618  INFO     RX        /ERR/LOKO/0x00000002
15:15:44.654  INFO     RX        /ERR/LOKO/0x00000002
15:15:44.654  INFO     RX        /ERR/LOKO/0x00000002
15:15:44.654  INFO     RX        /ERR/LOKO/0x00000002
15:15:44.686  INFO     RX        /ERR/LOKO/0x00000002
15:15:44.686  INFO     RX        /ERR/LOKO/0x00000002
15:15:44.686  INFO     RX        /ERR/LOKO/0x00000002
15:15:44.715  INFO     RX        /ERR/LOKO/0x00000002
15:15:44.715  INFO     RX        /ERR/LOKO/0x00000002
15:15:44.715  INFO     RX        /ERR/LOKO/0x00000002
15:15:44.751  INFO     RX        /ERR/LOKO/0x00000002
15:15:44.751  INFO     RX        /ERR/LOKO/0x00000002
15:15:44.751  INFO     RX        /ERR/LOKO/0x00000002
15:15:44.786  INFO     RX        /ERR/LOKO/0x00000002
15:15:44.786  INFO     RX        /ERR/LOKO/0x00000002
15:15:44.786  INFO     RX        /ERR/LOKO/0x00000002
15:15:44.822  INFO     RX        /ERR/LOKO/0x00000002
15:15:44.823  INFO     RX        /ERR/LOKO/0x00000002
15:15:44.823  INFO     RX        /ERR/LOKO/0x00000002
15:15:44.846  INFO     RX        /ERR/LOKO/0x00000002
15:15:44.846  INFO     RX        /ERR/LOKO/0x00000002
15:15:44.882  INFO     RX        /ERR/LOKO/0x00000002
15:15:44.883  INFO     RX        /ERR/LOKO/0x00000002
15:15:44.883  INFO     RX        /ERR/LOKO/0x00000002
15:15:44.912  INFO     RX        /ERR/LOKO/0x00000002
15:15:44.912  INFO     RX        /ERR/LOKO/0x00000002
15:15:44.912  INFO     RX        /ERR/LOKO/0x00000002
15:15:44.945  INFO     RX        /ERR/LOKO/0x00000002
15:15:44.945  INFO     RX        /ERR/LOKO/0x00000002
15:15:44.974  INFO     RX        /ERR/LOKO/0x00000002
15:15:44.974  INFO     RX        /ERR/LOKO/0x00000002
15:15:44.974  INFO     RX        /ERR/LOKO/0x00000002
15:15:45.005  INFO     RX        /ERR/LOKO/0x00000002
15:15:45.005  INFO     RX        /ERR/LOKO/0x00000002
15:15:45.005  INFO     RX        /ERR/LOKO/0x00000002
15:15:45.041  INFO     RX        /ERR/LOKO/0x00000002
15:15:45.041  INFO     RX        /ERR/LOKO/0x00000002
15:15:45.041  INFO     RX        /ERR/LOKO/0x00000002
15:15:45.075  INFO     RX        /ERR/LOKO/0x00000002
15:15:45.075  INFO     RX        /ERR/LOKO/0x00000002
15:15:45.075  INFO     RX        /ERR/LOKO/0x00000002
15:15:45.102  INFO     RX        /ERR/LOKO/0x00000002
15:15:45.103  INFO     RX        /ERR/LOKO/0x00000002
15:15:45.133  INFO     RX        /ERR/LOKO/0x00000002
15:15:45.133  INFO     RX        /ERR/LOKO/0x00000002
15:15:45.133  INFO     RX        /ERR/LOKO/0x00000002
15:15:45.166  INFO     RX        /ERR/LOKO/0x00000002
15:15:45.166  INFO     RX        /ERR/LOKO/0x00000002
15:15:45.198  INFO     RX        /ERR/LOKO/0x00000002
15:15:45.198  INFO     RX        /ERR/LOKO/0x00000002
15:15:45.198  INFO     RX        /ERR/LOKO/0x00000002
15:15:45.233  INFO     RX        /ERR/LOKO/0x00000002
15:15:45.233  INFO     RX        /ERR/LOKO/0x00000002
15:15:45.233  INFO     RX        /ERR/LOKO/0x00000002
15:15:45.262  INFO     RX        /ERR/LOKO/0x00000002
15:15:45.262  INFO     RX        /ERR/LOKO/0x00000002
15:15:45.262  INFO     RX        /ERR/LOKO/0x00000002
15:15:45.298  INFO     RX        /ERR/LOKO/0x00000002
15:15:45.298  INFO     RX        /ERR/LOKO/0x00000002
15:15:45.298  INFO     RX        /ERR/LOKO/0x00000002
15:15:45.327  INFO     RX        /ERR/LOKO/0x00000002
15:15:45.327  INFO     RX        /ERR/LOKO/0x00000002
15:15:45.363  INFO     RX        /ERR/LOKO/0x00000002
15:15:45.364  INFO     RX        /ERR/LOKO/0x00000002
15:15:45.364  INFO     RX        /ERR/LOKO/0x00000002
15:15:45.393  INFO     RX        /ERR/LOKO/0x00000002
15:15:45.393  INFO     RX        /ERR/LOKO/0x00000002
15:15:45.393  INFO     RX        /ERR/LOKO/0x00000002
15:15:45.429  INFO     RX        /ERR/LOKO/0x00000002
15:15:45.429  INFO     RX        /ERR/LOKO/0x00000002
15:15:45.429  INFO     RX        /ERR/LOKO/0x00000002
15:15:45.459  INFO     RX        /ERR/LOKO/0x00000002
15:15:45.459  INFO     RX        /ERR/LOKO/0x00000002
15:15:45.459  INFO     RX        /ERR/LOKO/0x00000002
15:15:45.490  INFO     RX        /ERR/LOKO/0x00000002
15:15:45.490  INFO     RX        /ERR/LOKO/0x00000002
15:15:45.528  INFO     RX        /ERR/LOKO/0x00000002
15:15:45.529  INFO     RX        /ERR/LOKO/0x00000002
15:15:45.529  INFO     RX        /ERR/LOKO/0x00000002
15:15:45.529  INFO     RX        /ERR/LOKO/0x00000002
15:15:45.555  INFO     RX        /ERR/LOKO/0x00000002
15:15:45.556  INFO     RX        /ERR/LOKO/0x00000002
15:15:45.585  INFO     RX        /ERR/LOKO/0x00000002
15:15:45.585  INFO     RX        /ERR/LOKO/0x00000002
15:15:45.586  INFO     RX        /ERR/LOKO/0x00000002
15:15:45.621  INFO     RX        /ERR/LOKO/0x00000002
15:15:45.621  INFO     RX        /ERR/LOKO/0x00000002
15:15:45.621  INFO     RX        /ERR/LOKO/0x00000002
15:15:45.655  INFO     RX        /ERR/LOKO/0x00000002
15:15:45.655  INFO     RX        /ERR/LOKO/0x00000002
15:15:45.655  INFO     RX        /ERR/LOKO/0x00000002
15:15:45.683  INFO     RX        /ERR/LOKO/0x00000002
15:15:45.683  INFO     RX        /ERR/LOKO/0x00000002
15:15:45.717  INFO     RX        /ERR/LOKO/0x00000002
15:15:45.717  INFO     RX        /ERR/LOKO/0x00000002
15:15:45.717  INFO     RX        /ERR/LOKO/0x00000002
15:15:45.749  INFO     RX        /ERR/LOKO/0x00000002
15:15:45.749  INFO     RX        /ERR/LOKO/0x00000002
15:15:45.749  INFO     RX        /ERR/LOKO/0x00000002
15:15:45.779  INFO     RX        /ERR/LOKO/0x00000002
15:15:45.779  INFO     RX        /ERR/LOKO/0x00000002
15:15:45.810  INFO     RX        /ERR/LOKO/0x00000002
15:15:45.810  INFO     RX        /ERR/LOKO/0x00000002
15:15:45.810  INFO     RX        /ERR/LOKO/0x00000002
15:15:45.842  INFO     RX        /ERR/LOKO/0x00000002
15:15:45.842  INFO     RX        /ERR/LOKO/0x00000002
15:15:45.842  INFO     RX        /ERR/LOKO/0x00000002
15:15:45.877  INFO     RX        /ERR/LOKO/0x00000002
15:15:45.877  INFO     RX        /ERR/LOKO/0x00000002
15:15:45.877  INFO     RX        /ERR/LOKO/0x00000002
15:15:45.909  INFO     RX        /ERR/LOKO/0x00000002
15:15:45.909  INFO     RX        /ERR/LOKO/0x00000002
15:15:45.938  INFO     RX        /ERR/LOKO/0x00000002
15:15:45.938  INFO     RX        /ERR/LOKO/0x00000002
15:15:45.938  INFO     RX        /ERR/LOKO/0x00000002
15:15:45.968  DEBUG    TX /CONTROLL/0,0,0,0,0,0,0,0,0
15:15:45.971  INFO     RX        /ERR/LOKO/0x00000002
15:15:45.971  INFO     RX        /ERR/LOKO/0x00000002
15:15:45.971  INFO     RX        /ERR/LOKO/0x00000002
15:15:46.006  INFO     RX        /ERR/LOKO/0x00000002
15:15:46.006  INFO     RX        /ERR/LOKO/0x00000002
15:15:46.006  INFO     RX        /ERR/LOKO/0x00000002
15:15:46.036  INFO     RX        /ERR/LOKO/0x00000002
15:15:46.036  INFO     RX        /ERR/LOKO/0x00000002
15:15:46.071  INFO     RX        /ERR/LOKO/0x00000002
15:15:46.071  INFO     RX        /ERR/LOKO/0x00000002
15:15:46.071  INFO     RX        /ERR/LOKO/0x00000002
15:15:46.100  INFO     RX        /ERR/LOKO/0x00000002
15:15:46.100  INFO     RX        /ERR/LOKO/0x00000002
15:15:46.100  INFO     RX        /ERR/LOKO/0x00000002
15:15:46.134  INFO     RX        /ERR/LOKO/0x00000002
15:15:46.134  INFO     RX        /ERR/LOKO/0x00000002
15:15:46.134  INFO     RX        /ERR/LOKO/0x00000002
15:15:46.163  INFO     RX        /ERR/LOKO/0x00000002
15:15:46.163  INFO     RX        /ERR/LOKO/0x00000002
15:15:46.197  INFO     RX        /ERR/LOKO/0x00000002
15:15:46.198  INFO     RX        /ERR/LOKO/0x00000002
15:15:46.198  INFO     RX        /ERR/LOKO/0x00000002
15:15:46.229  INFO     RX        /ERR/LOKO/0x00000002
15:15:46.229  INFO     RX        /ERR/LOKO/0x00000002
15:15:46.230  INFO     RX        /ERR/LOKO/0x00000002
15:15:46.263  INFO     RX        /ERR/LOKO/0x00000002
15:15:46.263  INFO     RX        /ERR/LOKO/0x00000002
15:15:46.263  INFO     RX        /ERR/LOKO/0x00000002
15:15:46.291  INFO     RX        /ERR/LOKO/0x00000002
15:15:46.291  INFO     RX        /ERR/LOKO/0x00000002
15:15:46.326  INFO     RX        /ERR/LOKO/0x00000002
15:15:46.326  INFO     RX        /ERR/LOKO/0x00000002
15:15:46.326  INFO     RX        /ERR/LOKO/0x00000002
15:15:46.357  INFO     RX        /ERR/LOKO/0x00000002
15:15:46.357  INFO     RX        /ERR/LOKO/0x00000002
15:15:46.357  INFO     RX        /ERR/LOKO/0x00000002
15:15:46.389  INFO     RX        /ERR/LOKO/0x00000002
15:15:46.389  INFO     RX        /ERR/LOKO/0x00000002
15:15:46.389  INFO     RX        /ERR/LOKO/0x00000002
15:15:46.421  INFO     RX        /ERR/LOKO/0x00000002
15:15:46.421  INFO     RX        /ERR/LOKO/0x00000002
15:15:46.421  INFO     RX        /ERR/LOKO/0x00000002
15:15:46.456  INFO     RX        /ERR/LOKO/0x00000002
15:15:46.456  INFO     RX        /ERR/LOKO/0x00000002
15:15:46.456  INFO     RX        /ERR/LOKO/0x00000002
15:15:46.485  INFO     RX        /ERR/LOKO/0x00000002
15:15:46.485  INFO     RX        /ERR/LOKO/0x00000002
15:15:46.520  INFO     RX        /ERR/LOKO/0x00000002
15:15:46.520  INFO     RX        /ERR/LOKO/0x00000002
15:15:46.520  INFO     RX        /ERR/LOKO/0x00000002
15:15:46.548  INFO     RX        /ERR/LOKO/0x00000002
15:15:46.548  INFO     RX        /ERR/LOKO/0x00000002
15:15:46.548  INFO     RX        /ERR/LOKO/0x00000002
15:15:46.581  INFO     RX        /ERR/LOKO/0x00000002
15:15:46.581  INFO     RX        /ERR/LOKO/0x00000002
15:15:46.705  INFO     RX        /ERR/LOKO/0x00000002
15:15:46.705  INFO     RX        /ERR/LOKO/0x00000002
15:15:46.705  INFO     RX        /ERR/LOKO/0x00000002
15:15:46.705  INFO     RX        /ERR/LOKO/0x00000002
15:15:46.705  INFO     RX        /ERR/LOKO/0x00000002
15:15:46.705  INFO     RX        /ERR/LOKO/0x00000002
15:15:46.705  INFO     RX        /ERR/LOKO/0x00000002
15:15:46.705  INFO     RX        /ERR/LOKO/0x00000002
15:15:46.716  INFO     RX        /ERR/LOKO/0x00000002
15:15:46.716  INFO     RX        /ERR/LOKO/0x00000002
15:15:46.716  INFO     RX        /ERR/LOKO/0x00000002
15:15:46.716  INFO     RX        /ERR/LOKO/0x00000002
15:15:46.722  INFO     RX        /ERR/LOKO/0x00000002
15:15:46.740  INFO     RX        /ERR/LOKO/0x00000002
15:15:46.774  INFO     RX        /ERR/LOKO/0x00000002
15:15:46.775  INFO     RX        /ERR/LOKO/0x00000002
15:15:46.775  INFO     RX        /ERR/LOKO/0x00000002
15:15:46.804  INFO     RX        /ERR/LOKO/0x00000002
15:15:46.804  INFO     RX        /ERR/LOKO/0x00000002
15:15:46.804  INFO     RX        /ERR/LOKO/0x00000002
15:15:46.836  INFO     RX        /ERR/LOKO/0x00000002
15:15:46.836  INFO     RX        /ERR/LOKO/0x00000002
15:15:46.872  INFO     RX        /ERR/LOKO/0x00000002
15:15:46.872  INFO     RX        /ERR/LOKO/0x00000002
15:15:46.872  INFO     RX        /ERR/LOKO/0x00000002
15:15:46.901  INFO     RX        /ERR/LOKO/0x00000002
15:15:46.901  INFO     RX        /ERR/LOKO/0x00000002
15:15:46.901  INFO     RX        /ERR/LOKO/0x00000002
15:15:46.937  INFO     RX        /ERR/LOKO/0x00000002
15:15:46.938  INFO     RX        /ERR/LOKO/0x00000002
15:15:46.938  INFO     RX        /ERR/LOKO/0x00000002
15:15:46.966  INFO     RX        /ERR/LOKO/0x00000002
15:15:46.966  INFO     RX        /ERR/LOKO/0x00000002
15:15:46.966  INFO     RX        /ERR/LOKO/0x00000002
15:15:46.997  INFO     RX        /ERR/LOKO/0x00000002
15:15:46.997  INFO     RX        /ERR/LOKO/0x00000002
15:15:47.032  INFO     RX        /ERR/LOKO/0x00000002
15:15:47.032  INFO     RX        /ERR/LOKO/0x00000002
15:15:47.032  INFO     RX        /ERR/LOKO/0x00000002
15:15:47.062  INFO     RX        /ERR/LOKO/0x00000002
15:15:47.062  INFO     RX        /ERR/LOKO/0x00000002
15:15:47.062  INFO     RX        /ERR/LOKO/0x00000002
15:15:47.095  INFO     RX        /ERR/LOKO/0x00000002
15:15:47.095  INFO     RX        /ERR/LOKO/0x00000002
15:15:47.096  INFO     RX        /ERR/LOKO/0x00000002
15:15:47.125  INFO     RX        /ERR/LOKO/0x00000002
15:15:47.125  INFO     RX        /ERR/LOKO/0x00000002
15:15:47.161  INFO     RX        /ERR/LOKO/0x00000002
15:15:47.161  INFO     RX        /ERR/LOKO/0x00000002
15:15:47.161  INFO     RX        /ERR/LOKO/0x00000002
15:15:47.190  INFO     RX        /ERR/LOKO/0x00000002
15:15:47.190  INFO     RX        /ERR/LOKO/0x00000002
15:15:47.190  INFO     RX        /ERR/LOKO/0x00000002
15:15:47.222  INFO     RX        /ERR/LOKO/0x00000002
15:15:47.222  INFO     RX        /ERR/LOKO/0x00000002
15:15:47.222  INFO     RX        /ERR/LOKO/0x00000002
15:15:47.407  INFO     RX        /ERR/LOKO/0x00000002
15:15:47.407  INFO     RX        /ERR/LOKO/0x00000002
15:15:47.407  INFO     RX        /ERR/LOKO/0x00000002
15:15:47.407  INFO     RX        /ERR/LOKO/0x00000002
15:15:47.407  INFO     RX        /ERR/LOKO/0x00000002
15:15:47.407  INFO     RX        /ERR/LOKO/0x00000002
15:15:47.408  INFO     RX        /ERR/LOKO/0x00000002
15:15:47.408  INFO     RX        /ERR/LOKO/0x00000002
15:15:47.408  INFO     RX        /ERR/LOKO/0x00000002
15:15:47.408  INFO     RX        /ERR/LOKO/0x00000002
15:15:47.408  INFO     RX        /ERR/LOKO/0x00000002
15:15:47.410  INFO     RX        /ERR/LOKO/0x00000002
15:15:47.410  INFO     RX        /ERR/LOKO/0x00000002
15:15:47.410  INFO     RX        /ERR/LOKO/0x00000002
15:15:47.410  INFO     RX        /ERR/LOKO/0x00000002
15:15:47.410  INFO     RX        /ERR/LOKO/0x00000002
15:15:47.418  INFO     RX        /ERR/LOKO/0x00000002
15:15:47.448  INFO     RX        /ERR/LOKO/0x00000002
15:15:47.449  INFO     RX        /ERR/LOKO/0x00000002
15:15:47.483  INFO     RX        /ERR/LOKO/0x00000002
15:15:47.483  INFO     RX        /ERR/LOKO/0x00000002
15:15:47.483  INFO     RX        /ERR/LOKO/0x00000002
15:15:47.513  INFO     RX        /ERR/LOKO/0x00000002
15:15:47.513  INFO     RX        /ERR/LOKO/0x00000002
15:15:47.513  INFO     RX        /ERR/LOKO/0x00000002
15:15:47.546  INFO     RX        /ERR/LOKO/0x00000002
15:15:47.547  INFO     RX        /ERR/LOKO/0x00000002
15:15:47.547  INFO     RX        /ERR/LOKO/0x00000002
15:15:47.575  DEBUG    TX /CONTROLL/0,0,0,0,0,0,0,0,0
15:15:47.579  INFO     RX        /ERR/LOKO/0x00000002
15:15:47.580  INFO     RX        /ERR/LOKO/0x00000002
15:15:47.614  INFO     RX        /ERR/LOKO/0x00000002
15:15:47.614  INFO     RX        /ERR/LOKO/0x00000002
15:15:47.614  INFO     RX        /ERR/LOKO/0x00000002
15:15:47.644  INFO     RX        /ERR/LOKO/0x00000002
15:15:47.644  INFO     RX        /ERR/LOKO/0x00000002
15:15:47.644  INFO     RX        /ERR/LOKO/0x00000002
15:15:47.678  INFO     RX        /ERR/LOKO/0x00000002
15:15:47.678  INFO     RX        /ERR/LOKO/0x00000002
15:15:47.678  INFO     RX        /ERR/LOKO/0x00000002
15:15:47.709  INFO     RX        /ERR/LOKO/0x00000002
15:15:47.709  INFO     RX        /ERR/LOKO/0x00000002
15:15:47.745  INFO     RX        /ERR/LOKO/0x00000002
15:15:47.745  INFO     RX        /ERR/LOKO/0x00000002
15:15:47.745  INFO     RX        /ERR/LOKO/0x00000002
15:15:47.745  INFO     RX        /ERR/LOKO/0x00000002
15:15:47.777  INFO     RX        /ERR/LOKO/0x00000002
15:15:47.778  INFO     RX        /ERR/LOKO/0x00000002
15:15:47.809  INFO     RX        /ERR/LOKO/0x00000002
15:15:47.809  INFO     RX        /ERR/LOKO/0x00000002
15:15:47.809  INFO     RX        /ERR/LOKO/0x00000002
15:15:47.838  INFO     RX        /ERR/LOKO/0x00000002
15:15:47.839  INFO     RX        /ERR/LOKO/0x00000002
15:15:47.839  INFO     RX        /ERR/LOKO/0x00000002
15:15:47.877  INFO     RX        /ERR/LOKO/0x00000002
15:15:47.877  INFO     RX        /ERR/LOKO/0x00000002
15:15:47.877  INFO     RX        /ERR/LOKO/0x00000002
15:15:47.905  INFO     RX        /ERR/LOKO/0x00000002
15:15:47.905  INFO     RX        /ERR/LOKO/0x00000002
15:15:47.938  INFO     RX        /ERR/LOKO/0x00000002
15:15:47.938  INFO     RX        /ERR/LOKO/0x00000002
15:15:47.938  INFO     RX        /ERR/LOKO/0x00000002
15:15:47.968  INFO     RX        /ERR/LOKO/0x00000002
15:15:47.969  INFO     RX        /ERR/LOKO/0x00000002
15:15:47.969  INFO     RX        /ERR/LOKO/0x00000002
15:15:48.001  INFO     RX        /ERR/LOKO/0x00000002
15:15:48.001  INFO     RX        /ERR/LOKO/0x00000002
15:15:48.001  INFO     RX        /ERR/LOKO/0x00000002
15:15:48.035  INFO     RX        /ERR/LOKO/0x00000002
15:15:48.035  INFO     RX        /ERR/LOKO/0x00000002
15:15:48.035  INFO     RX        /ERR/LOKO/0x00000002
15:15:48.064  INFO     RX        /ERR/LOKO/0x00000002
15:15:48.064  INFO     RX        /ERR/LOKO/0x00000002
15:15:48.100  INFO     RX        /ERR/LOKO/0x00000002
15:15:48.100  INFO     RX        /ERR/LOKO/0x00000002
15:15:48.100  INFO     RX        /ERR/LOKO/0x00000002
15:15:48.129  INFO     RX        /ERR/LOKO/0x00000002
15:15:48.129  INFO     RX        /ERR/LOKO/0x00000002
15:15:48.129  INFO     RX        /ERR/LOKO/0x00000002
15:15:48.163  INFO     RX        /ERR/LOKO/0x00000002
15:15:48.163  INFO     RX        /ERR/LOKO/0x00000002
15:15:48.163  INFO     RX        /ERR/LOKO/0x00000002
15:15:48.193  INFO     RX        /ERR/LOKO/0x00000002
15:15:48.193  INFO     RX        /ERR/LOKO/0x00000002
15:15:48.225  INFO     RX        /ERR/LOKO/0x00000002
15:15:48.225  INFO     RX        /ERR/LOKO/0x00000002
15:15:48.225  INFO     RX        /ERR/LOKO/0x00000002
15:15:48.257  INFO     RX        /ERR/LOKO/0x00000002
15:15:48.257  INFO     RX        /ERR/LOKO/0x00000002
15:15:48.257  INFO     RX        /ERR/LOKO/0x00000002
15:15:48.290  INFO     RX        /ERR/LOKO/0x00000002
15:15:48.290  INFO     RX        /ERR/LOKO/0x00000002
15:15:48.290  INFO     RX        /ERR/LOKO/0x00000002
15:15:48.321  INFO     RX        /ERR/LOKO/0x00000002
15:15:48.321  INFO     RX        /ERR/LOKO/0x00000002
15:15:48.356  INFO     RX        /ERR/LOKO/0x00000002
15:15:48.356  INFO     RX        /ERR/LOKO/0x00000002
15:15:48.356  INFO     RX        /ERR/LOKO/0x00000002
15:15:48.385  INFO     RX        /ERR/LOKO/0x00000002
15:15:48.385  INFO     RX        /ERR/LOKO/0x00000002
15:15:48.385  INFO     RX        /ERR/LOKO/0x00000002
15:15:48.417  INFO     RX        /ERR/LOKO/0x00000002
15:15:48.417  INFO     RX        /ERR/LOKO/0x00000002
15:15:48.451  INFO     RX        /ERR/LOKO/0x00000002
15:15:48.451  INFO     RX        /ERR/LOKO/0x00000002
15:15:48.451  INFO     RX        /ERR/LOKO/0x00000002
15:15:48.451  INFO     RX        /ERR/LOKO/0x00000002
15:15:48.480  INFO     RX        /ERR/LOKO/0x00000002
15:15:48.480  INFO     RX        /ERR/LOKO/0x00000002
15:15:48.517  INFO     RX        /ERR/LOKO/0x00000002
15:15:48.517  INFO     RX        /ERR/LOKO/0x00000002
15:15:48.517  INFO     RX        /ERR/LOKO/0x00000002
15:15:48.546  INFO     RX        /ERR/LOKO/0x00000002
15:15:48.546  INFO     RX        /ERR/LOKO/0x00000002
15:15:48.546  INFO     RX        /ERR/LOKO/0x00000002
15:15:48.581  INFO     RX        /ERR/LOKO/0x00000002
15:15:48.581  INFO     RX        /ERR/LOKO/0x00000002
15:15:48.581  INFO     RX        /ERR/LOKO/0x00000002
15:15:48.610  INFO     RX        /ERR/LOKO/0x00000002
15:15:48.610  INFO     RX        /ERR/LOKO/0x00000002
15:15:48.643  INFO     RX        /ERR/LOKO/0x00000002
15:15:48.644  INFO     RX        /ERR/LOKO/0x00000002
15:15:48.644  INFO     RX        /ERR/LOKO/0x00000002
15:15:48.676  INFO     RX        /ERR/LOKO/0x00000002
15:15:48.677  INFO     RX        /ERR/LOKO/0x00000002
15:15:48.677  INFO     RX        /ERR/LOKO/0x00000002
15:15:48.704  INFO     RX        /ERR/LOKO/0x00000002
15:15:48.705  INFO     RX        /ERR/LOKO/0x00000002
15:15:48.739  INFO     RX        /ERR/LOKO/0x00000002
15:15:48.739  INFO     RX        /ERR/LOKO/0x00000002
15:15:48.739  INFO     RX        /ERR/LOKO/0x00000002
15:15:48.768  INFO     RX        /ERR/LOKO/0x00000002
15:15:48.768  INFO     RX        /ERR/LOKO/0x00000002
15:15:48.768  INFO     RX        /ERR/LOKO/0x00000002
15:15:48.800  INFO     RX        /ERR/LOKO/0x00000002
15:15:48.800  INFO     RX        /ERR/LOKO/0x00000002
15:15:48.800  INFO     RX        /ERR/LOKO/0x00000002
15:15:48.833  INFO     RX        /ERR/LOKO/0x00000002
15:15:48.833  INFO     RX        /ERR/LOKO/0x00000002
15:15:48.867  INFO     RX        /ERR/LOKO/0x00000002
15:15:48.868  INFO     RX        /ERR/LOKO/0x00000002
15:15:48.868  INFO     RX        /ERR/LOKO/0x00000002
15:15:48.896  INFO     RX        /ERR/LOKO/0x00000002
15:15:48.897  INFO     RX        /ERR/LOKO/0x00000002
15:15:48.897  INFO     RX        /ERR/LOKO/0x00000002
15:15:48.929  INFO     RX        /ERR/LOKO/0x00000002
15:15:48.929  INFO     RX        /ERR/LOKO/0x00000002
15:15:48.929  INFO     RX        /ERR/LOKO/0x00000002
15:15:48.961  INFO     RX        /ERR/LOKO/0x00000002
15:15:48.961  INFO     RX        /ERR/LOKO/0x00000002
15:15:48.994  INFO     RX        /ERR/LOKO/0x00000002
15:15:48.995  INFO     RX        /ERR/LOKO/0x00000002
15:15:48.995  INFO     RX        /ERR/LOKO/0x00000002
15:15:49.025  INFO     RX        /ERR/LOKO/0x00000002
15:15:49.025  INFO     RX        /ERR/LOKO/0x00000002
15:15:49.025  INFO     RX        /ERR/LOKO/0x00000002
15:15:49.058  INFO     RX        /ERR/LOKO/0x00000002
15:15:49.059  INFO     RX        /ERR/LOKO/0x00000002
15:15:49.059  INFO     RX        /ERR/LOKO/0x00000002
15:15:49.088  INFO     RX        /ERR/LOKO/0x00000002
15:15:49.088  INFO     RX        /ERR/LOKO/0x00000002
15:15:49.125  INFO     RX        /ERR/LOKO/0x00000002
15:15:49.126  INFO     RX        /ERR/LOKO/0x00000002
15:15:49.126  INFO     RX        /ERR/LOKO/0x00000002
15:15:49.126  INFO     RX        /ERR/LOKO/0x00000002
15:15:49.153  INFO     RX        /ERR/LOKO/0x00000002
15:15:49.153  INFO     RX        /ERR/LOKO/0x00000002
15:15:49.182  DEBUG    TX /CONTROLL/0,0,0,0,0,0,0,0,16
15:15:49.283  INFO     RX        /ERR/LOKO/0x00000002
15:15:49.284  INFO     RX        /ERR/LOKO/0x00000002
15:15:49.284  INFO     RX        /ERR/LOKO/0x00000002
15:15:49.284  INFO     RX        /ERR/LOKO/0x00000002
15:15:49.284  INFO     RX        /ERR/LOKO/0x00000002
15:15:49.284  INFO     RX        /ERR/LOKO/0x00000002
15:15:49.284  INFO     RX        /ERR/LOKO/0x00000002
15:15:49.284  INFO     RX        /ERR/LOKO/0x00000002
15:15:49.292  INFO     RX        /ERR/LOKO/0x00000002
15:15:49.293  INFO     RX        /ERR/LOKO/0x00000002
15:15:49.293  INFO     RX        /ERR/LOKO/0x00000002
15:15:49.293  INFO     RX        /ERR/LOKO/0x00000002
15:15:49.298  INFO     RX        /ERR/LOKO/0x00000002
15:15:49.316  INFO     RX        /ERR/LOKO/0x00000002
15:15:49.352  INFO     RX        /ERR/LOKO/0x00000002
15:15:49.352  INFO     RX        /ERR/LOKO/0x00000002
15:15:49.352  INFO     RX        /ERR/LOKO/0x00000002
15:15:49.380  INFO     RX        /ERR/LOKO/0x00000002
15:15:49.380  INFO     RX        /ERR/LOKO/0x00000002
15:15:49.380  INFO     RX        /ERR/LOKO/0x00000002
15:15:49.412  INFO     RX        /ERR/LOKO/0x00000002
15:15:49.412  INFO     RX        /ERR/LOKO/0x00000002
15:15:49.446  INFO     RX        /ERR/LOKO/0x00000002
15:15:49.446  INFO     RX        /ERR/LOKO/0x00000002
15:15:49.446  INFO     RX        /ERR/LOKO/0x00000002
15:15:49.476  INFO     RX        /ERR/LOKO/0x00000002
15:15:49.476  INFO     RX        /ERR/LOKO/0x00000002
15:15:49.477  INFO     RX        /ERR/LOKO/0x00000002
15:15:49.512  INFO     RX        /ERR/LOKO/0x00000002
15:15:49.512  INFO     RX        /ERR/LOKO/0x00000002
15:15:49.512  INFO     RX        /ERR/LOKO/0x00000002
15:15:49.540  INFO     RX        /ERR/LOKO/0x00000002
15:15:49.540  INFO     RX        /ERR/LOKO/0x00000002
15:15:49.575  INFO     RX        /ERR/LOKO/0x00000002
15:15:49.575  INFO     RX        /ERR/LOKO/0x00000002
15:15:49.575  INFO     RX        /ERR/LOKO/0x00000002
15:15:49.604  INFO     RX        /ERR/LOKO/0x00000002
15:15:49.604  INFO     RX        /ERR/LOKO/0x00000002
15:15:49.604  INFO     RX        /ERR/LOKO/0x00000002
15:15:49.640  INFO     RX        /ERR/LOKO/0x00000002
15:15:49.640  INFO     RX        /ERR/LOKO/0x00000002
15:15:49.640  INFO     RX        /ERR/LOKO/0x00000002
15:15:49.669  INFO     RX        /ERR/LOKO/0x00000002
15:15:49.669  INFO     RX        /ERR/LOKO/0x00000002
15:15:49.704  INFO     RX        /ERR/LOKO/0x00000002
15:15:49.704  INFO     RX        /ERR/LOKO/0x00000002
15:15:49.704  INFO     RX        /ERR/LOKO/0x00000002
15:15:49.739  INFO     RX        /ERR/LOKO/0x00000002
15:15:49.739  INFO     RX        /ERR/LOKO/0x00000002
15:15:49.739  INFO     RX        /ERR/LOKO/0x00000002
15:15:49.777  INFO     RX        /ERR/LOKO/0x00000002
15:15:50.574  INFO     RX        /ERR/LOKO/0x00000002
15:15:50.574  INFO     RX        /ERR/LOKO/0x00000002
15:15:50.610  INFO     RX        /ERR/LOKO/0x00000002
15:15:50.610  INFO     RX        /ERR/LOKO/0x00000002
15:15:50.610  INFO     RX        /ERR/LOKO/0x00000002
15:15:50.638  INFO     RX        /ERR/LOKO/0x00000002
15:15:50.638  INFO     RX        /ERR/LOKO/0x00000002
15:15:50.674  INFO     RX        /ERR/LOKO/0x00000002
15:15:50.674  INFO     RX        /ERR/LOKO/0x00000002
15:15:50.674  INFO     RX        /ERR/LOKO/0x00000002
15:15:50.706  INFO     RX        /ERR/LOKO/0x00000002
15:15:50.706  INFO     RX        /ERR/LOKO/0x00000002
15:15:50.706  INFO     RX        /ERR/LOKO/0x00000002
15:15:50.739  INFO     RX        /ERR/LOKO/0x00000002
15:15:50.739  INFO     RX        /ERR/LOKO/0x00000002
15:15:50.739  INFO     RX        /ERR/LOKO/0x00000002
15:15:50.767  INFO     RX        /ERR/LOKO/0x00000002
15:15:50.767  INFO     RX        /ERR/LOKO/0x00000002
15:15:50.796  DEBUG    TX /CONTROLL/0,0,-16,-66,0,0,0,0,0
15:15:50.799  INFO     RX        /ERR/LOKO/0x00000002
15:15:50.799  INFO     RX        /ERR/LOKO/0x00000002
15:15:50.799  INFO     RX        /ERR/LOKO/0x00000002
15:15:50.834  INFO     RX        /ERR/LOKO/0x00000002
15:15:50.834  INFO     RX        /ERR/LOKO/0x00000002
15:15:50.835  INFO     RX        /ERR/LOKO/0x00000002
15:15:50.864  INFO     RX        /ERR/LOKO/0x00000002
15:15:50.864  INFO     RX        /ERR/LOKO/0x00000002
15:15:50.898  INFO     RX        /ERR/LOKO/0x00000002
15:15:50.898  INFO     RX        /ERR/LOKO/0x00000002
15:15:50.898  INFO     RX        /ERR/LOKO/0x00000002
15:15:50.928  INFO     RX        /ERR/LOKO/0x00000002
15:15:50.928  INFO     RX        /ERR/LOKO/0x00000002
15:15:50.928  INFO     RX        /ERR/LOKO/0x00000002
15:15:50.963  INFO     RX        /ERR/LOKO/0x00000002
15:15:50.963  INFO     RX        /ERR/LOKO/0x00000002
15:15:50.963  INFO     RX        /ERR/LOKO/0x00000002
15:15:50.993  INFO     RX        /ERR/LOKO/0x00000002
15:15:50.993  INFO     RX        /ERR/LOKO/0x00000002
15:15:51.028  INFO     RX        /ERR/LOKO/0x00000002
15:15:51.028  INFO     RX        /ERR/LOKO/0x00000002
15:15:51.028  INFO     RX        /ERR/LOKO/0x00000002
15:15:51.056  INFO     RX        /ERR/LOKO/0x00000002
15:15:51.057  INFO     RX        /ERR/LOKO/0x00000002
15:15:51.057  INFO     RX        /ERR/LOKO/0x00000002
15:15:51.091  INFO     RX        /ERR/LOKO/0x00000002
15:15:51.091  INFO     RX        /ERR/LOKO/0x00000002
15:15:51.091  INFO     RX        /ERR/LOKO/0x00000002
15:15:51.124  INFO     RX        /ERR/LOKO/0x00000002
15:15:51.671  INFO     RX        /ERR/LOKO/0x00000002
15:15:51.700  INFO     RX        /ERR/LOKO/0x00000002
15:15:51.700  INFO     RX        /ERR/LOKO/0x00000002
15:15:51.700  INFO     RX        /ERR/LOKO/0x00000002
15:15:51.735  INFO     RX        /ERR/LOKO/0x00000002
15:15:51.735  INFO     RX        /ERR/LOKO/0x00000002
15:15:51.735  INFO     RX        /ERR/LOKO/0x00000002
15:15:51.764  INFO     RX        /ERR/LOKO/0x00000002
15:15:51.764  INFO     RX        /ERR/LOKO/0x00000002
15:15:51.871  INFO     RX        /ERR/LOKO/0x00000002
15:15:51.871  INFO     RX        /ERR/LOKO/0x00000002
15:15:51.871  INFO     RX        /ERR/LOKO/0x00000002
15:15:51.871  INFO     RX        /ERR/LOKO/0x00000002
15:15:51.871  INFO     RX        /ERR/LOKO/0x00000002
15:15:51.871  INFO     RX        /ERR/LOKO/0x00000002
15:15:51.871  INFO     RX        /ERR/LOKO/0x00000002
15:15:51.871  INFO     RX        /ERR/LOKO/0x00000002
15:15:51.880  INFO     RX        /ERR/LOKO/0x00000002
15:15:51.880  INFO     RX        /ERR/LOKO/0x00000002
15:15:51.882  INFO     RX        /ERR/LOKO/0x00000002
15:15:51.894  INFO     RX        /ERR/LOKO/0x00000002
15:15:51.929  INFO     RX        /ERR/LOKO/0x00000002
15:15:51.929  INFO     RX        /ERR/LOKO/0x00000002
15:15:51.967  INFO     RX        /ERR/LOKO/0x00000002
15:15:51.967  INFO     RX        /ERR/LOKO/0x00000002
15:15:51.967  INFO     RX        /ERR/LOKO/0x00000002
15:15:51.967  INFO     RX        /ERR/LOKO/0x00000002
15:15:51.992  INFO     RX        /ERR/LOKO/0x00000002
15:15:51.992  INFO     RX        /ERR/LOKO/0x00000002
15:15:52.031  INFO     RX        /ERR/LOKO/0x00000002
15:15:52.031  INFO     RX        /ERR/LOKO/0x00000002
15:15:52.031  INFO     RX        /ERR/LOKO/0x00000002
15:15:52.056  INFO     RX        /ERR/LOKO/0x00000002
15:15:52.056  INFO     RX        /ERR/LOKO/0x00000002
15:15:52.091  INFO     RX        /ERR/LOKO/0x00000002
15:15:52.091  INFO     RX        /ERR/LOKO/0x00000002
15:15:52.091  INFO     RX        /ERR/LOKO/0x00000002
15:15:52.121  INFO     RX        /ERR/LOKO/0x00000002
15:15:52.121  INFO     RX        /ERR/LOKO/0x00000002
15:15:52.121  INFO     RX        /ERR/LOKO/0x00000002
15:15:52.152  INFO     RX        /ERR/LOKO/0x00000002
15:15:52.152  INFO     RX        /ERR/LOKO/0x00000002
15:15:52.187  INFO     RX        /ERR/LOKO/0x00000002
15:15:52.187  INFO     RX        /ERR/LOKO/0x00000002
15:15:52.187  INFO     RX        /ERR/LOKO/0x00000002
15:15:52.187  INFO     RX        /ERR/LOKO/0x00000002
15:15:52.217  INFO     RX        /ERR/LOKO/0x00000002
15:15:52.217  INFO     RX        /ERR/LOKO/0x00000002
15:15:52.253  INFO     RX        /ERR/LOKO/0x00000002
15:15:52.253  INFO     RX        /ERR/LOKO/0x00000002
15:15:52.253  INFO     RX        /ERR/LOKO/0x00000002
15:15:52.281  INFO     RX        /ERR/LOKO/0x00000002
15:15:52.281  INFO     RX        /ERR/LOKO/0x00000002
15:15:52.282  INFO     RX        /ERR/LOKO/0x00000002
15:15:52.317  INFO     RX        /ERR/LOKO/0x00000002
15:15:52.317  INFO     RX        /ERR/LOKO/0x00000002
15:15:52.317  INFO     RX        /ERR/LOKO/0x00000002
15:15:52.349  INFO     RX        /ERR/LOKO/0x00000002
15:15:52.349  INFO     RX        /ERR/LOKO/0x00000002
15:15:52.378  INFO     RX        /ERR/LOKO/0x00000002
15:15:52.378  INFO     RX        /ERR/LOKO/0x00000002
15:15:52.378  INFO     RX        /ERR/LOKO/0x00000002
15:15:52.407  DEBUG    TX /CONTROLL/0,0,0,0,0,0,0,0,0
15:15:52.410  INFO     RX        /ERR/LOKO/0x00000002
15:15:52.410  INFO     RX        /ERR/LOKO/0x00000002
15:15:52.410  INFO     RX        /ERR/LOKO/0x00000002
15:15:52.442  INFO     RX        /ERR/LOKO/0x00000002
15:15:52.442  INFO     RX        /ERR/LOKO/0x00000002
15:15:52.477  INFO     RX        /ERR/LOKO/0x00000002
15:15:52.477  INFO     RX        /ERR/LOKO/0x00000002
15:15:52.477  INFO     RX        /ERR/LOKO/0x00000002
15:15:52.507  INFO     RX        /ERR/LOKO/0x00000002
15:15:52.507  INFO     RX        /ERR/LOKO/0x00000002
15:15:52.507  INFO     RX        /ERR/LOKO/0x00000002
15:15:52.544  INFO     RX        /ERR/LOKO/0x00000002
15:15:52.544  INFO     RX        /ERR/LOKO/0x00000002
15:15:52.544  INFO     RX        /ERR/LOKO/0x00000002
15:15:52.571  INFO     RX        /ERR/LOKO/0x00000002
15:15:52.571  INFO     RX        /ERR/LOKO/0x00000002
15:15:52.607  INFO     RX        /ERR/LOKO/0x00000002
15:15:52.607  INFO     RX        /ERR/LOKO/0x00000002
15:15:52.607  INFO     RX        /ERR/LOKO/0x00000002
15:15:52.635  INFO     RX        /ERR/LOKO/0x00000002
15:15:52.635  INFO     RX        /ERR/LOKO/0x00000002
15:15:52.635  INFO     RX        /ERR/LOKO/0x00000002
15:15:52.671  INFO     RX        /ERR/LOKO/0x00000002
15:15:52.671  INFO     RX        /ERR/LOKO/0x00000002
15:15:52.671  INFO     RX        /ERR/LOKO/0x00000002
15:15:52.701  INFO     RX        /ERR/LOKO/0x00000002
15:15:52.701  INFO     RX        /ERR/LOKO/0x00000002
15:15:52.733  INFO     RX        /ERR/LOKO/0x00000002
15:15:52.734  INFO     RX        /ERR/LOKO/0x00000002
15:15:52.734  INFO     RX        /ERR/LOKO/0x00000002
15:15:52.765  INFO     RX        /ERR/LOKO/0x00000002
15:15:52.765  INFO     RX        /ERR/LOKO/0x00000002
15:15:52.766  INFO     RX        /ERR/LOKO/0x00000002
15:15:52.795  INFO     RX        /ERR/LOKO/0x00000002
15:15:52.795  INFO     RX        /ERR/LOKO/0x00000002
15:15:52.830  INFO     RX        /ERR/LOKO/0x00000002
15:15:52.830  INFO     RX        /ERR/LOKO/0x00000002
15:15:52.830  INFO     RX        /ERR/LOKO/0x00000002
15:15:52.862  INFO     RX        /ERR/LOKO/0x00000002
15:15:52.862  INFO     RX        /ERR/LOKO/0x00000002
15:15:52.862  INFO     RX        /ERR/LOKO/0x00000002
15:15:52.893  INFO     RX        /ERR/LOKO/0x00000002
15:15:52.893  INFO     RX        /ERR/LOKO/0x00000002
15:15:52.893  INFO     RX        /ERR/LOKO/0x00000002
15:15:52.926  INFO     RX        /ERR/LOKO/0x00000002
15:15:52.926  INFO     RX        /ERR/LOKO/0x00000002
15:15:52.926  INFO     RX        /ERR/LOKO/0x00000002
15:15:52.957  INFO     RX        /ERR/LOKO/0x00000002
15:15:52.957  INFO     RX        /ERR/LOKO/0x00000002
15:15:52.988  INFO     RX        /ERR/LOKO/0x00000002
15:15:52.988  INFO     RX        /ERR/LOKO/0x00000002
15:15:52.988  INFO     RX        /ERR/LOKO/0x00000002
15:15:53.022  INFO     RX        /ERR/LOKO/0x00000002
15:15:53.022  INFO     RX        /ERR/LOKO/0x00000002
15:15:53.022  INFO     RX        /ERR/LOKO/0x00000002
15:15:53.051  INFO     RX        /ERR/LOKO/0x00000002
15:15:53.052  INFO     RX        /ERR/LOKO/0x00000002
15:15:53.086  INFO     RX        /ERR/LOKO/0x00000002
15:15:53.087  INFO     RX        /ERR/LOKO/0x00000002
15:15:53.087  INFO     RX        /ERR/LOKO/0x00000002
15:15:53.115  INFO     RX        /ERR/LOKO/0x00000002
15:15:53.115  INFO     RX        /ERR/LOKO/0x00000002
15:15:53.115  INFO     RX        /ERR/LOKO/0x00000002
15:15:53.147  INFO     RX        /ERR/LOKO/0x00000002
15:15:53.147  INFO     RX        /ERR/LOKO/0x00000002
15:15:53.182  INFO     RX        /ERR/LOKO/0x00000002
15:15:53.182  INFO     RX        /ERR/LOKO/0x00000002
15:15:53.182  INFO     RX        /ERR/LOKO/0x00000002
15:15:53.212  INFO     RX        /ERR/LOKO/0x00000002
15:15:53.212  INFO     RX        /ERR/LOKO/0x00000002
15:15:53.212  INFO     RX        /ERR/LOKO/0x00000002
15:15:53.244  INFO     RX        /ERR/LOKO/0x00000002
15:15:53.245  INFO     RX        /ERR/LOKO/0x00000002
15:15:53.245  INFO     RX        /ERR/LOKO/0x00000002
15:15:53.278  INFO     RX        /ERR/LOKO/0x00000002
15:15:53.278  INFO     RX        /ERR/LOKO/0x00000002
15:15:53.278  INFO     RX        /ERR/LOKO/0x00000002
15:15:53.307  INFO     RX        /ERR/LOKO/0x00000002
15:15:53.308  INFO     RX        /ERR/LOKO/0x00000002
15:15:53.342  INFO     RX        /ERR/LOKO/0x00000002
15:15:53.342  INFO     RX        /ERR/LOKO/0x00000002
15:15:53.342  INFO     RX        /ERR/LOKO/0x00000002
15:15:53.371  INFO     RX        /ERR/LOKO/0x00000002
15:15:53.372  INFO     RX        /ERR/LOKO/0x00000002
15:15:53.372  INFO     RX        /ERR/LOKO/0x00000002
15:15:53.405  INFO     RX        /ERR/LOKO/0x00000002
15:15:53.405  INFO     RX        /ERR/LOKO/0x00000002
15:15:53.440  INFO     RX        /ERR/LOKO/0x00000002
15:15:53.441  INFO     RX        /ERR/LOKO/0x00000002
15:15:53.441  INFO     RX        /ERR/LOKO/0x00000002
15:15:53.469  INFO     RX        /ERR/LOKO/0x00000002
15:15:53.469  INFO     RX        /ERR/LOKO/0x00000002
15:15:53.469  INFO     RX        /ERR/LOKO/0x00000002
15:15:53.504  INFO     RX        /ERR/LOKO/0x00000002
15:15:53.504  INFO     RX        /ERR/LOKO/0x00000002
15:15:53.504  INFO     RX        /ERR/LOKO/0x00000002
15:15:53.538  INFO     RX        /ERR/LOKO/0x00000002
15:15:53.538  INFO     RX        /ERR/LOKO/0x00000002
15:15:53.538  INFO     RX        /ERR/LOKO/0x00000002
15:15:53.567  INFO     RX        /ERR/LOKO/0x00000002
15:15:53.567  INFO     RX        /ERR/LOKO/0x00000002
15:15:53.598  INFO     RX        /ERR/LOKO/0x00000002
15:15:53.598  INFO     RX        /ERR/LOKO/0x00000002
15:15:53.598  INFO     RX        /ERR/LOKO/0x00000002
15:15:53.633  INFO     RX        /ERR/LOKO/0x00000002
15:15:53.634  INFO     RX        /ERR/LOKO/0x00000002
15:15:53.634  INFO     RX        /ERR/LOKO/0x00000002
15:15:53.662  INFO     RX        /ERR/LOKO/0x00000002
15:15:53.662  INFO     RX        /ERR/LOKO/0x00000002
15:15:53.694  INFO     RX        /ERR/LOKO/0x00000002
15:15:53.694  INFO     RX        /ERR/LOKO/0x00000002
15:15:53.694  INFO     RX        /ERR/LOKO/0x00000002
15:15:53.725  INFO     RX        /ERR/LOKO/0x00000002
15:15:53.725  INFO     RX        /ERR/LOKO/0x00000002
15:15:53.725  INFO     RX        /ERR/LOKO/0x00000002
15:15:53.756  INFO     RX        /ERR/LOKO/0x00000002
15:15:53.756  INFO     RX        /ERR/LOKO/0x00000002
15:15:53.792  INFO     RX        /ERR/LOKO/0x00000002
15:15:53.792  INFO     RX        /ERR/LOKO/0x00000002
15:15:53.792  INFO     RX        /ERR/LOKO/0x00000002
15:15:53.821  INFO     RX        /ERR/LOKO/0x00000002
15:15:53.821  INFO     RX        /ERR/LOKO/0x00000002
15:15:53.821  INFO     RX        /ERR/LOKO/0x00000002
15:15:53.857  INFO     RX        /ERR/LOKO/0x00000002
15:15:53.857  INFO     RX        /ERR/LOKO/0x00000002
15:15:53.857  INFO     RX        /ERR/LOKO/0x00000002
15:15:53.885  INFO     RX        /ERR/LOKO/0x00000002
15:15:53.885  INFO     RX        /ERR/LOKO/0x00000002
15:15:53.917  INFO     RX        /ERR/LOKO/0x00000002
15:15:53.917  INFO     RX        /ERR/LOKO/0x00000002
15:15:53.917  INFO     RX        /ERR/LOKO/0x00000002
15:15:53.954  INFO     RX        /ERR/LOKO/0x00000002
15:15:53.954  INFO     RX        /ERR/LOKO/0x00000002
15:15:53.954  INFO     RX        /ERR/LOKO/0x00000002
15:15:53.986  INFO     RX        /ERR/LOKO/0x00000002
15:15:53.986  INFO     RX        /ERR/LOKO/0x00000002
15:15:53.986  INFO     RX        /ERR/LOKO/0x00000002
15:15:54.011  DEBUG    TX /CONTROLL/0,0,0,0,0,0,0,0,0
15:15:54.014  INFO     RX        /ERR/LOKO/0x00000002
15:15:54.014  INFO     RX        /ERR/LOKO/0x00000002
15:15:54.051  INFO     RX        /ERR/LOKO/0x00000002
15:15:54.051  INFO     RX        /ERR/LOKO/0x00000002
15:15:54.051  INFO     RX        /ERR/LOKO/0x00000002
15:15:54.051  INFO     RX        /ERR/LOKO/0x00000002
15:15:54.078  INFO     RX        /ERR/LOKO/0x00000002
15:15:54.078  INFO     RX        /ERR/LOKO/0x00000002
15:15:54.115  INFO     RX        /ERR/LOKO/0x00000002
15:15:54.115  INFO     RX        /ERR/LOKO/0x00000002
15:15:54.115  INFO     RX        /ERR/LOKO/0x00000002
15:15:54.144  INFO     RX        /ERR/LOKO/0x00000002
15:15:54.144  INFO     RX        /ERR/LOKO/0x00000002
15:15:54.177  INFO     RX        /ERR/LOKO/0x00000002
15:15:54.178  INFO     RX        /ERR/LOKO/0x00000002
15:15:54.178  INFO     RX        /ERR/LOKO/0x00000002
15:15:54.212  INFO     RX        /ERR/LOKO/0x00000002
15:15:54.212  INFO     RX        /ERR/LOKO/0x00000002
15:15:54.212  INFO     RX        /ERR/LOKO/0x00000002
15:15:54.240  INFO     RX        /ERR/LOKO/0x00000002
15:15:54.240  INFO     RX        /ERR/LOKO/0x00000002
15:15:54.240  INFO     RX        /ERR/LOKO/0x00000002
15:15:54.275  INFO     RX        /ERR/LOKO/0x00000002
15:15:54.276  INFO     RX        /ERR/LOKO/0x00000002
15:15:54.276  INFO     RX        /ERR/LOKO/0x00000002
15:15:54.305  INFO     RX        /ERR/LOKO/0x00000002
15:15:54.305  INFO     RX        /ERR/LOKO/0x00000002
15:15:54.338  INFO     RX        /ERR/LOKO/0x00000002
15:15:54.338  INFO     RX        /ERR/LOKO/0x00000002
15:15:54.338  INFO     RX        /ERR/LOKO/0x00000002
15:15:54.470  INFO     RX        /ERR/LOKO/0x00000002
15:15:54.470  INFO     RX        /ERR/LOKO/0x00000002
15:15:54.470  INFO     RX        /ERR/LOKO/0x00000002
15:15:54.470  INFO     RX        /ERR/LOKO/0x00000002
15:15:54.470  INFO     RX        /ERR/LOKO/0x00000002
15:15:54.471  INFO     RX        /ERR/LOKO/0x00000002
15:15:54.471  INFO     RX        /ERR/LOKO/0x00000002
15:15:54.471  INFO     RX        /ERR/LOKO/0x00000002
15:15:54.483  INFO     RX        /ERR/LOKO/0x00000002
15:15:54.483  INFO     RX        /ERR/LOKO/0x00000002
15:15:54.483  INFO     RX        /ERR/LOKO/0x00000002
15:15:54.483  INFO     RX        /ERR/LOKO/0x00000002
15:15:54.486  INFO     RX        /ERR/LOKO/0x00000002
15:15:54.497  INFO     RX        /ERR/LOKO/0x00000002
15:15:54.532  INFO     RX        /ERR/LOKO/0x00000002
15:15:54.532  INFO     RX        /ERR/LOKO/0x00000002
15:15:54.532  INFO     RX        /ERR/LOKO/0x00000002
15:15:54.561  INFO     RX        /ERR/LOKO/0x00000002
15:15:54.561  INFO     RX        /ERR/LOKO/0x00000002
15:15:54.593  INFO     RX        /ERR/LOKO/0x00000002
15:15:54.593  INFO     RX        /ERR/LOKO/0x00000002
15:15:54.593  INFO     RX        /ERR/LOKO/0x00000002
15:15:54.627  INFO     RX        /ERR/LOKO/0x00000002
15:15:54.627  INFO     RX        /ERR/LOKO/0x00000002
15:15:54.627  INFO     RX        /ERR/LOKO/0x00000002
15:15:54.656  INFO     RX        /ERR/LOKO/0x00000002
15:15:54.656  INFO     RX        /ERR/LOKO/0x00000002
15:15:54.692  INFO     RX        /ERR/LOKO/0x00000002
15:15:54.692  INFO     RX        /ERR/LOKO/0x00000002
15:15:54.692  INFO     RX        /ERR/LOKO/0x00000002
15:15:54.721  INFO     RX        /ERR/LOKO/0x00000002
15:15:54.722  INFO     RX        /ERR/LOKO/0x00000002
15:15:54.722  INFO     RX        /ERR/LOKO/0x00000002
15:15:54.754  INFO     RX        /ERR/LOKO/0x00000002
15:15:54.754  INFO     RX        /ERR/LOKO/0x00000002
15:15:54.754  INFO     RX        /ERR/LOKO/0x00000002
15:15:54.785  INFO     RX        /ERR/LOKO/0x00000002
15:15:54.785  INFO     RX        /ERR/LOKO/0x00000002
15:15:54.818  INFO     RX        /ERR/LOKO/0x00000002
15:15:54.818  INFO     RX        /ERR/LOKO/0x00000002
15:15:54.818  INFO     RX        /ERR/LOKO/0x00000002
15:15:54.851  INFO     RX        /ERR/LOKO/0x00000002
15:15:54.851  INFO     RX        /ERR/LOKO/0x00000002
15:15:54.851  INFO     RX        /ERR/LOKO/0x00000002
15:15:54.883  INFO     RX        /ERR/LOKO/0x00000002
15:15:54.883  INFO     RX        /ERR/LOKO/0x00000002
15:15:54.913  INFO     RX        /ERR/LOKO/0x00000002
15:15:54.913  INFO     RX        /ERR/LOKO/0x00000002
15:15:54.913  INFO     RX        /ERR/LOKO/0x00000002
15:15:54.949  INFO     RX        /ERR/LOKO/0x00000002
15:15:54.949  INFO     RX        /ERR/LOKO/0x00000002
15:15:54.949  INFO     RX        /ERR/LOKO/0x00000002
15:15:54.977  INFO     RX        /ERR/LOKO/0x00000002
15:15:54.977  INFO     RX        /ERR/LOKO/0x00000002
15:15:55.012  INFO     RX        /ERR/LOKO/0x00000002
15:15:55.012  INFO     RX        /ERR/LOKO/0x00000002
15:15:55.012  INFO     RX        /ERR/LOKO/0x00000002
15:15:55.041  INFO     RX        /ERR/LOKO/0x00000002
15:15:55.041  INFO     RX        /ERR/LOKO/0x00000002
15:15:55.042  INFO     RX        /ERR/LOKO/0x00000002
15:15:55.076  INFO     RX        /ERR/LOKO/0x00000002
15:15:55.077  INFO     RX        /ERR/LOKO/0x00000002
15:15:55.077  INFO     RX        /ERR/LOKO/0x00000002
15:15:55.110  INFO     RX        /ERR/LOKO/0x00000002
15:15:55.110  INFO     RX        /ERR/LOKO/0x00000002
15:15:55.110  INFO     RX        /ERR/LOKO/0x00000002
15:15:55.142  INFO     RX        /ERR/LOKO/0x00000002
15:15:55.142  INFO     RX        /ERR/LOKO/0x00000002
15:15:55.142  INFO     RX        /ERR/LOKO/0x00000002
15:15:55.170  INFO     RX        /ERR/LOKO/0x00000002
15:15:55.170  INFO     RX        /ERR/LOKO/0x00000002
15:15:55.204  INFO     RX        /ERR/LOKO/0x00000002
15:15:55.205  INFO     RX        /ERR/LOKO/0x00000002
15:15:55.205  INFO     RX        /ERR/LOKO/0x00000002
15:15:55.237  INFO     RX        /ERR/LOKO/0x00000002
15:15:55.238  INFO     RX        /ERR/LOKO/0x00000002
15:15:55.238  INFO     RX        /ERR/LOKO/0x00000002
15:15:55.269  INFO     RX        /ERR/LOKO/0x00000002
15:15:55.269  INFO     RX        /ERR/LOKO/0x00000002
15:15:55.298  INFO     RX        /ERR/LOKO/0x00000002
15:15:55.298  INFO     RX        /ERR/LOKO/0x00000002
15:15:55.298  INFO     RX        /ERR/LOKO/0x00000002
15:15:55.333  INFO     RX        /ERR/LOKO/0x00000002
15:15:55.333  INFO     RX        /ERR/LOKO/0x00000002
15:15:55.333  INFO     RX        /ERR/LOKO/0x00000002
15:15:55.365  INFO     RX        /ERR/LOKO/0x00000002
15:15:55.365  INFO     RX        /ERR/LOKO/0x00000002
15:15:55.365  INFO     RX        /ERR/LOKO/0x00000002
15:15:55.394  INFO     RX        /ERR/LOKO/0x00000002
15:15:55.395  INFO     RX        /ERR/LOKO/0x00000002
15:15:55.429  INFO     RX        /ERR/LOKO/0x00000002
15:15:55.429  INFO     RX        /ERR/LOKO/0x00000002
15:15:55.429  INFO     RX        /ERR/LOKO/0x00000002
15:15:55.459  INFO     RX        /ERR/LOKO/0x00000002
15:15:55.459  INFO     RX        /ERR/LOKO/0x00000002
15:15:55.459  INFO     RX        /ERR/LOKO/0x00000002
15:15:55.494  INFO     RX        /ERR/LOKO/0x00000002
15:15:55.494  INFO     RX        /ERR/LOKO/0x00000002
15:15:55.494  INFO     RX        /ERR/LOKO/0x00000002
15:15:55.523  INFO     RX        /ERR/LOKO/0x00000002
15:15:55.523  INFO     RX        /ERR/LOKO/0x00000002
15:15:55.555  INFO     RX        /ERR/LOKO/0x00000002
15:15:55.555  INFO     RX        /ERR/LOKO/0x00000002
15:15:55.555  INFO     RX        /ERR/LOKO/0x00000002
15:15:55.587  INFO     RX        /ERR/LOKO/0x00000002
15:15:55.587  INFO     RX        /ERR/LOKO/0x00000002
15:15:55.587  INFO     RX        /ERR/LOKO/0x00000002
15:15:55.616  DEBUG    TX /CONTROLL/0,0,15,0,0,0,0,0,0
15:15:55.622  INFO     RX        /ERR/LOKO/0x00000002
15:15:55.622  INFO     RX        /ERR/LOKO/0x00000002
15:15:55.622  INFO     RX        /ERR/LOKO/0x00000002
15:15:55.651  INFO     RX        /ERR/LOKO/0x00000002
15:15:55.651  INFO     RX        /ERR/LOKO/0x00000002
15:15:55.686  INFO     RX        /ERR/LOKO/0x00000002
15:15:55.686  INFO     RX        /ERR/LOKO/0x00000002
15:15:55.686  INFO     RX        /ERR/LOKO/0x00000002
15:15:55.716  INFO     RX        /ERR/LOKO/0x00000002
15:15:55.716  INFO     RX        /ERR/LOKO/0x00000002
15:15:55.748  INFO     RX        /ERR/LOKO/0x00000002
15:15:55.748  INFO     RX        /ERR/LOKO/0x00000002
15:15:55.748  INFO     RX        /ERR/LOKO/0x00000002
15:15:55.783  INFO     RX        /ERR/LOKO/0x00000002
15:15:55.783  INFO     RX        /ERR/LOKO/0x00000002
15:15:55.783  INFO     RX        /ERR/LOKO/0x00000002
15:15:55.814  INFO     RX        /ERR/LOKO/0x00000002
15:15:55.814  INFO     RX        /ERR/LOKO/0x00000002
15:15:55.814  INFO     RX        /ERR/LOKO/0x00000002
15:15:55.849  INFO     RX        /ERR/LOKO/0x00000002
15:15:55.849  INFO     RX        /ERR/LOKO/0x00000002
15:15:55.849  INFO     RX        /ERR/LOKO/0x00000002
15:15:55.877  INFO     RX        /ERR/LOKO/0x00000002
15:15:55.877  INFO     RX        /ERR/LOKO/0x00000002
15:15:55.912  INFO     RX        /ERR/LOKO/0x00000002
15:15:55.913  INFO     RX        /ERR/LOKO/0x00000002
15:15:55.913  INFO     RX        /ERR/LOKO/0x00000002
15:15:55.944  INFO     RX        /ERR/LOKO/0x00000002
15:15:55.944  INFO     RX        /ERR/LOKO/0x00000002
15:15:55.945  INFO     RX        /ERR/LOKO/0x00000002
15:15:55.977  INFO     RX        /ERR/LOKO/0x00000002
15:15:55.978  INFO     RX        /ERR/LOKO/0x00000002
15:15:55.978  INFO     RX        /ERR/LOKO/0x00000002
15:15:56.011  INFO     RX        /ERR/LOKO/0x00000002
15:15:56.011  INFO     RX        /ERR/LOKO/0x00000002
15:15:56.011  INFO     RX        /ERR/LOKO/0x00000002
15:15:56.039  INFO     RX        /ERR/LOKO/0x00000002
15:15:56.039  INFO     RX        /ERR/LOKO/0x00000002
15:15:56.075  INFO     RX        /ERR/LOKO/0x00000002
15:15:56.075  INFO     RX        /ERR/LOKO/0x00000002
15:15:56.075  INFO     RX        /ERR/LOKO/0x00000002
15:15:56.106  INFO     RX        /ERR/LOKO/0x00000002
15:15:56.106  INFO     RX        /ERR/LOKO/0x00000002
15:15:56.106  INFO     RX        /ERR/LOKO/0x00000002
15:15:56.138  INFO     RX        /ERR/LOKO/0x00000002
15:15:56.138  INFO     RX        /ERR/LOKO/0x00000002
15:15:56.139  INFO     RX        /ERR/LOKO/0x00000002
15:15:56.171  INFO     RX        /ERR/LOKO/0x00000002
15:15:56.171  INFO     RX        /ERR/LOKO/0x00000002
15:15:56.201  INFO     RX        /ERR/LOKO/0x00000002
15:15:56.201  INFO     RX        /ERR/LOKO/0x00000002
15:15:56.201  INFO     RX        /ERR/LOKO/0x00000002
15:15:56.234  INFO     RX        /ERR/LOKO/0x00000002
15:15:56.234  INFO     RX        /ERR/LOKO/0x00000002
15:15:56.234  INFO     RX        /ERR/LOKO/0x00000002
15:15:56.264  INFO     RX        /ERR/LOKO/0x00000002
15:15:56.264  INFO     RX        /ERR/LOKO/0x00000002
15:15:56.304  INFO     RX        /ERR/LOKO/0x00000002
15:15:56.304  INFO     RX        /ERR/LOKO/0x00000002
15:15:56.304  INFO     RX        /ERR/LOKO/0x00000002
15:15:56.304  INFO     RX        /ERR/LOKO/0x00000002
15:15:56.327  INFO     RX        /ERR/LOKO/0x00000002
15:15:56.327  INFO     RX        /ERR/LOKO/0x00000002
15:15:56.362  INFO     RX        /ERR/LOKO/0x00000002
15:15:56.362  INFO     RX        /ERR/LOKO/0x00000002
15:15:56.362  INFO     RX        /ERR/LOKO/0x00000002
15:15:56.393  INFO     RX        /ERR/LOKO/0x00000002
15:15:56.394  INFO     RX        /ERR/LOKO/0x00000002
15:15:56.427  INFO     RX        /ERR/LOKO/0x00000002
15:15:56.427  INFO     RX        /ERR/LOKO/0x00000002
15:15:56.427  INFO     RX        /ERR/LOKO/0x00000002
15:15:56.457  INFO     RX        /ERR/LOKO/0x00000002
15:15:56.457  INFO     RX        /ERR/LOKO/0x00000002
15:15:56.457  INFO     RX        /ERR/LOKO/0x00000002
15:15:56.495  INFO     RX        /ERR/LOKO/0x00000002
15:15:56.495  INFO     RX        /ERR/LOKO/0x00000002
15:15:56.495  INFO     RX        /ERR/LOKO/0x00000002
15:15:56.519  INFO     RX        /ERR/LOKO/0x00000002
15:15:56.519  INFO     RX        /ERR/LOKO/0x00000002
15:15:56.552  INFO     RX        /ERR/LOKO/0x00000002
15:15:56.552  INFO     RX        /ERR/LOKO/0x00000002
15:15:56.552  INFO     RX        /ERR/LOKO/0x00000002
15:15:56.584  INFO     RX        /ERR/LOKO/0x00000002
15:15:56.584  INFO     RX        /ERR/LOKO/0x00000002
15:15:56.585  INFO     RX        /ERR/LOKO/0x00000002
15:15:56.619  INFO     RX        /ERR/LOKO/0x00000002
15:15:56.619  INFO     RX        /ERR/LOKO/0x00000002
15:15:56.619  INFO     RX        /ERR/LOKO/0x00000002
15:15:56.649  INFO     RX        /ERR/LOKO/0x00000002
15:15:56.649  INFO     RX        /ERR/LOKO/0x00000002
15:15:56.682  INFO     RX        /ERR/LOKO/0x00000002
15:15:56.682  INFO     RX        /ERR/LOKO/0x00000002
15:15:56.682  INFO     RX        /ERR/LOKO/0x00000002
15:15:56.716  INFO     RX        /ERR/LOKO/0x00000002
15:15:56.717  INFO     RX        /ERR/LOKO/0x00000002
15:15:56.717  INFO     RX        /ERR/LOKO/0x00000002
15:15:56.746  INFO     RX        /ERR/LOKO/0x00000002
15:15:56.747  INFO     RX        /ERR/LOKO/0x00000002
15:15:56.781  INFO     RX        /ERR/LOKO/0x00000002
15:15:56.781  INFO     RX        /ERR/LOKO/0x00000002
15:15:56.781  INFO     RX        /ERR/LOKO/0x00000002
15:15:56.813  INFO     RX        /ERR/LOKO/0x00000002
15:15:56.813  INFO     RX        /ERR/LOKO/0x00000002
15:15:56.813  INFO     RX        /ERR/LOKO/0x00000002
15:15:56.843  INFO     RX        /ERR/LOKO/0x00000002
15:15:56.843  INFO     RX        /ERR/LOKO/0x00000002
15:15:56.843  INFO     RX        /ERR/LOKO/0x00000002
15:15:56.875  INFO     RX        /ERR/LOKO/0x00000002
15:15:56.876  INFO     RX        /ERR/LOKO/0x00000002
15:15:56.910  INFO     RX        /ERR/LOKO/0x00000002
15:15:56.911  INFO     RX        /ERR/LOKO/0x00000002
15:15:56.911  INFO     RX        /ERR/LOKO/0x00000002
15:15:56.940  INFO     RX        /ERR/LOKO/0x00000002
15:15:56.940  INFO     RX        /ERR/LOKO/0x00000002
15:15:56.940  INFO     RX        /ERR/LOKO/0x00000002
15:15:57.067  INFO     RX        /ERR/LOKO/0x00000002
15:15:57.067  INFO     RX        /ERR/LOKO/0x00000002
15:15:57.067  INFO     RX        /ERR/LOKO/0x00000002
15:15:57.067  INFO     RX        /ERR/LOKO/0x00000002
15:15:57.067  INFO     RX        /ERR/LOKO/0x00000002
15:15:57.068  INFO     RX        /ERR/LOKO/0x00000002
15:15:57.068  INFO     RX        /ERR/LOKO/0x00000002
15:15:57.068  INFO     RX        /ERR/LOKO/0x00000002
15:15:57.078  INFO     RX        /ERR/LOKO/0x00000002
15:15:57.078  INFO     RX        /ERR/LOKO/0x00000002
15:15:57.078  INFO     RX        /ERR/LOKO/0x00000002
15:15:57.078  INFO     RX        /ERR/LOKO/0x00000002
15:15:57.087  INFO     RX        /ERR/LOKO/0x00000002
15:15:57.134  INFO     RX        /ERR/LOKO/0x00000002
15:15:57.134  INFO     RX        /ERR/LOKO/0x00000002
15:15:57.134  INFO     RX        /ERR/LOKO/0x00000002
15:15:57.163  INFO     RX        /ERR/LOKO/0x00000002
15:15:57.163  INFO     RX        /ERR/LOKO/0x00000002
15:15:57.163  INFO     RX        /ERR/LOKO/0x00000002
15:15:57.197  INFO     RX        /ERR/LOKO/0x00000002
15:15:57.198  INFO     RX        /ERR/LOKO/0x00000002
15:15:57.198  INFO     RX        /ERR/LOKO/0x00000002
15:15:57.224  DEBUG    TX /CONTROLL/0,0,12,-66,0,0,0,0,0
15:15:57.227  INFO     RX        /ERR/LOKO/0x00000002
15:15:57.227  INFO     RX        /ERR/LOKO/0x00000002
15:15:57.262  INFO     RX        /ERR/LOKO/0x00000002
15:15:57.262  INFO     RX        /ERR/LOKO/0x00000002
15:15:57.262  INFO     RX        /ERR/LOKO/0x00000002
15:15:57.292  INFO     RX        /ERR/LOKO/0x00000002
15:15:57.292  INFO     RX        /ERR/LOKO/0x00000002
15:15:57.292  INFO     RX        /ERR/LOKO/0x00000002
15:15:57.327  INFO     RX        /ERR/LOKO/0x00000002
15:15:57.327  INFO     RX        /ERR/LOKO/0x00000002
15:15:57.327  INFO     RX        /ERR/LOKO/0x00000002
15:15:57.360  INFO     RX        /ERR/LOKO/0x00000002
15:15:57.360  INFO     RX        /ERR/LOKO/0x00000002
15:15:57.389  INFO     RX        /ERR/LOKO/0x00000002
15:15:57.389  INFO     RX        /ERR/LOKO/0x00000002
15:15:57.389  INFO     RX        /ERR/LOKO/0x00000002
15:15:57.423  INFO     RX        /ERR/LOKO/0x00000002
15:15:57.423  INFO     RX        /ERR/LOKO/0x00000002
15:15:57.423  INFO     RX        /ERR/LOKO/0x00000002
15:15:57.453  INFO     RX        /ERR/LOKO/0x00000002
15:15:57.453  INFO     RX        /ERR/LOKO/0x00000002
15:15:57.453  INFO     RX        /ERR/LOKO/0x00000002
15:15:57.485  INFO     RX        /ERR/LOKO/0x00000002
15:15:57.485  INFO     RX        /ERR/LOKO/0x00000002
15:15:57.519  INFO     RX        /ERR/LOKO/0x00000002
15:15:57.519  INFO     RX        /ERR/LOKO/0x00000002
15:15:57.519  INFO     RX        /ERR/LOKO/0x00000002
15:15:57.550  INFO     RX        /ERR/LOKO/0x00000002
15:15:57.550  INFO     RX        /ERR/LOKO/0x00000002
15:15:57.550  INFO     RX        /ERR/LOKO/0x00000002
15:15:57.585  INFO     RX        /ERR/LOKO/0x00000002
15:15:57.585  INFO     RX        /ERR/LOKO/0x00000002
15:15:57.585  INFO     RX        /ERR/LOKO/0x00000002
15:15:57.619  INFO     RX        /ERR/LOKO/0x00000002
15:15:57.619  INFO     RX        /ERR/LOKO/0x00000002
15:15:57.619  INFO     RX        /ERR/LOKO/0x00000002
15:15:57.648  INFO     RX        /ERR/LOKO/0x00000002
15:15:57.648  INFO     RX        /ERR/LOKO/0x00000002
15:15:57.685  INFO     RX        /ERR/LOKO/0x00000002
15:15:57.685  INFO     RX        /ERR/LOKO/0x00000002
15:15:57.685  INFO     RX        /ERR/LOKO/0x00000002
15:15:57.713  INFO     RX        /ERR/LOKO/0x00000002
15:15:57.713  INFO     RX        /ERR/LOKO/0x00000002
15:15:57.713  INFO     RX        /ERR/LOKO/0x00000002
15:15:57.745  INFO     RX        /ERR/LOKO/0x00000002
15:15:57.745  INFO     RX        /ERR/LOKO/0x00000002
15:15:57.781  INFO     RX        /ERR/LOKO/0x00000002
15:15:57.781  INFO     RX        /ERR/LOKO/0x00000002
15:15:57.781  INFO     RX        /ERR/LOKO/0x00000002
15:15:57.810  INFO     RX        /ERR/LOKO/0x00000002
15:15:57.810  INFO     RX        /ERR/LOKO/0x00000002
15:15:57.810  INFO     RX        /ERR/LOKO/0x00000002
15:15:57.842  INFO     RX        /ERR/LOKO/0x00000002
15:15:57.842  INFO     RX        /ERR/LOKO/0x00000002
15:15:57.843  INFO     RX        /ERR/LOKO/0x00000002
15:15:57.875  INFO     RX        /ERR/LOKO/0x00000002
15:15:57.875  INFO     RX        /ERR/LOKO/0x00000002
15:15:57.911  INFO     RX        /ERR/LOKO/0x00000002
15:15:57.911  INFO     RX        /ERR/LOKO/0x00000002
15:15:57.911  INFO     RX        /ERR/LOKO/0x00000002
15:15:57.911  INFO     RX        /ERR/LOKO/0x00000002
15:15:57.939  INFO     RX        /ERR/LOKO/0x00000002
15:15:57.939  INFO     RX        /ERR/LOKO/0x00000002
15:15:57.975  INFO     RX        /ERR/LOKO/0x00000002
15:15:57.975  INFO     RX        /ERR/LOKO/0x00000002
15:15:57.975  INFO     RX        /ERR/LOKO/0x00000002
15:15:58.004  INFO     RX        /ERR/LOKO/0x00000002
15:15:58.004  INFO     RX        /ERR/LOKO/0x00000002
15:15:58.004  INFO     RX        /ERR/LOKO/0x00000002
15:15:58.036  INFO     RX        /ERR/LOKO/0x00000002
15:15:58.036  INFO     RX        /ERR/LOKO/0x00000002
15:15:58.072  INFO     RX        /ERR/LOKO/0x00000002
15:15:58.073  INFO     RX        /ERR/LOKO/0x00000002
15:15:58.073  INFO     RX        /ERR/LOKO/0x00000002
15:15:58.100  INFO     RX        /ERR/LOKO/0x00000002
15:15:58.100  INFO     RX        /ERR/LOKO/0x00000002
15:15:58.100  INFO     RX        /ERR/LOKO/0x00000002
15:15:58.135  INFO     RX        /ERR/LOKO/0x00000002
15:15:58.135  INFO     RX        /ERR/LOKO/0x00000002
15:15:58.135  INFO     RX        /ERR/LOKO/0x00000002
15:15:58.165  INFO     RX        /ERR/LOKO/0x00000002
15:15:58.165  INFO     RX        /ERR/LOKO/0x00000002
15:15:58.202  INFO     RX        /ERR/LOKO/0x00000002
15:15:58.202  INFO     RX        /ERR/LOKO/0x00000002
15:15:58.202  INFO     RX        /ERR/LOKO/0x00000002
15:15:58.228  INFO     RX        /ERR/LOKO/0x00000002
15:15:58.229  INFO     RX        /ERR/LOKO/0x00000002
15:15:58.229  INFO     RX        /ERR/LOKO/0x00000002
15:15:58.264  INFO     RX        /ERR/LOKO/0x00000002
15:15:58.264  INFO     RX        /ERR/LOKO/0x00000002
15:15:58.264  INFO     RX        /ERR/LOKO/0x00000002
15:15:58.293  INFO     RX        /ERR/LOKO/0x00000002
15:15:58.293  INFO     RX        /ERR/LOKO/0x00000002
15:15:58.329  INFO     RX        /ERR/LOKO/0x00000002
15:15:58.329  INFO     RX        /ERR/LOKO/0x00000002
15:15:58.329  INFO     RX        /ERR/LOKO/0x00000002
15:15:58.358  INFO     RX        /ERR/LOKO/0x00000002
15:15:58.358  INFO     RX        /ERR/LOKO/0x00000002
15:15:58.358  INFO     RX        /ERR/LOKO/0x00000002
15:15:58.391  INFO     RX        /ERR/LOKO/0x00000002
15:15:58.391  INFO     RX        /ERR/LOKO/0x00000002
15:15:58.422  INFO     RX        /ERR/LOKO/0x00000002
15:15:58.422  INFO     RX        /ERR/LOKO/0x00000002
15:15:58.422  INFO     RX        /ERR/LOKO/0x00000002
15:15:58.455  INFO     RX        /ERR/LOKO/0x00000002
15:15:58.455  INFO     RX        /ERR/LOKO/0x00000002
15:15:58.455  INFO     RX        /ERR/LOKO/0x00000002
15:15:58.489  INFO     RX        /ERR/LOKO/0x00000002
15:15:58.489  INFO     RX        /ERR/LOKO/0x00000002
15:15:58.489  INFO     RX        /ERR/LOKO/0x00000002
15:15:58.518  INFO     RX        /ERR/LOKO/0x00000002
15:15:58.518  INFO     RX        /ERR/LOKO/0x00000002
15:15:58.554  INFO     RX        /ERR/LOKO/0x00000002
15:15:58.555  INFO     RX        /ERR/LOKO/0x00000002
15:15:58.555  INFO     RX        /ERR/LOKO/0x00000002
15:15:58.583  INFO     RX        /ERR/LOKO/0x00000002
15:15:58.583  INFO     RX        /ERR/LOKO/0x00000002
15:15:58.583  INFO     RX        /ERR/LOKO/0x00000002
15:15:58.618  INFO     RX        /ERR/LOKO/0x00000002
15:15:58.618  INFO     RX        /ERR/LOKO/0x00000002
15:15:58.618  INFO     RX        /ERR/LOKO/0x00000002
15:15:58.648  INFO     RX        /ERR/LOKO/0x00000002
15:15:58.648  INFO     RX        /ERR/LOKO/0x00000002
15:15:58.684  INFO     RX        /ERR/LOKO/0x00000002
15:15:58.684  INFO     RX        /ERR/LOKO/0x00000002
15:15:58.684  INFO     RX        /ERR/LOKO/0x00000002
15:15:58.713  INFO     RX        /ERR/LOKO/0x00000002
15:15:58.713  INFO     RX        /ERR/LOKO/0x00000002
15:15:58.713  INFO     RX        /ERR/LOKO/0x00000002
15:15:58.748  INFO     RX        /ERR/LOKO/0x00000002
15:15:58.748  INFO     RX        /ERR/LOKO/0x00000002
15:15:58.748  INFO     RX        /ERR/LOKO/0x00000002
15:15:58.777  INFO     RX        /ERR/LOKO/0x00000002
15:15:58.777  INFO     RX        /ERR/LOKO/0x00000002
15:15:58.813  INFO     RX        /ERR/LOKO/0x00000002
15:15:58.813  INFO     RX        /ERR/LOKO/0x00000002
15:15:58.813  INFO     RX        /ERR/LOKO/0x00000002
15:15:58.838  DEBUG    TX /CONTROLL/0,0,0,0,0,0,0,0,0
15:15:58.841  INFO     RX        /ERR/LOKO/0x00000002
15:15:58.841  INFO     RX        /ERR/LOKO/0x00000002
15:15:58.841  INFO     RX        /ERR/LOKO/0x00000002
15:15:58.874  INFO     RX        /ERR/LOKO/0x00000002
15:15:58.874  INFO     RX        /ERR/LOKO/0x00000002
15:15:58.874  INFO     RX        /ERR/LOKO/0x00000002
15:15:58.906  INFO     RX        /ERR/LOKO/0x00000002
15:15:58.906  INFO     RX        /ERR/LOKO/0x00000002
15:15:58.942  INFO     RX        /ERR/LOKO/0x00000002
15:15:58.942  INFO     RX        /ERR/LOKO/0x00000002
15:15:58.942  INFO     RX        /ERR/LOKO/0x00000002
15:15:58.971  INFO     RX        /ERR/LOKO/0x00000002
15:15:58.971  INFO     RX        /ERR/LOKO/0x00000002
15:15:58.972  INFO     RX        /ERR/LOKO/0x00000002
15:15:59.004  INFO     RX        /ERR/LOKO/0x00000002
15:15:59.004  INFO     RX        /ERR/LOKO/0x00000002
15:15:59.004  INFO     RX        /ERR/LOKO/0x00000002
15:15:59.039  INFO     RX        /ERR/LOKO/0x00000002
15:15:59.039  INFO     RX        /ERR/LOKO/0x00000002
15:15:59.039  INFO     RX        /ERR/LOKO/0x00000002
15:15:59.067  INFO     RX        /ERR/LOKO/0x00000002
15:15:59.067  INFO     RX        /ERR/LOKO/0x00000002
15:15:59.103  INFO     RX        /ERR/LOKO/0x00000002
15:15:59.103  INFO     RX        /ERR/LOKO/0x00000002
15:15:59.103  INFO     RX        /ERR/LOKO/0x00000002
15:15:59.132  INFO     RX        /ERR/LOKO/0x00000002
15:15:59.132  INFO     RX        /ERR/LOKO/0x00000002
15:15:59.132  INFO     RX        /ERR/LOKO/0x00000002
15:15:59.165  INFO     RX        /ERR/LOKO/0x00000002
15:15:59.165  INFO     RX        /ERR/LOKO/0x00000002
15:15:59.200  INFO     RX        /ERR/LOKO/0x00000002
15:15:59.200  INFO     RX        /ERR/LOKO/0x00000002
15:15:59.200  INFO     RX        /ERR/LOKO/0x00000002
15:15:59.228  INFO     RX        /ERR/LOKO/0x00000002
15:15:59.228  INFO     RX        /ERR/LOKO/0x00000002
15:15:59.228  INFO     RX        /ERR/LOKO/0x00000002
15:15:59.264  INFO     RX        /ERR/LOKO/0x00000002
15:15:59.264  INFO     RX        /ERR/LOKO/0x00000002
15:15:59.264  INFO     RX        /ERR/LOKO/0x00000002
15:15:59.293  INFO     RX        /ERR/LOKO/0x00000002
15:15:59.293  INFO     RX        /ERR/LOKO/0x00000002
15:15:59.330  INFO     RX        /ERR/LOKO/0x00000002
15:15:59.330  INFO     RX        /ERR/LOKO/0x00000002
15:15:59.330  INFO     RX        /ERR/LOKO/0x00000002
15:15:59.357  INFO     RX        /ERR/LOKO/0x00000002
15:15:59.358  INFO     RX        /ERR/LOKO/0x00000002
15:15:59.358  INFO     RX        /ERR/LOKO/0x00000002
15:15:59.391  INFO     RX        /ERR/LOKO/0x00000002
15:15:59.391  INFO     RX        /ERR/LOKO/0x00000002
15:15:59.391  INFO     RX        /ERR/LOKO/0x00000002
15:15:59.423  INFO     RX        /ERR/LOKO/0x00000002
15:15:59.423  INFO     RX        /ERR/LOKO/0x00000002
15:15:59.457  INFO     RX        /ERR/LOKO/0x00000002
15:15:59.457  INFO     RX        /ERR/LOKO/0x00000002
15:15:59.457  INFO     RX        /ERR/LOKO/0x00000002
15:15:59.490  INFO     RX        /ERR/LOKO/0x00000002
15:15:59.490  INFO     RX        /ERR/LOKO/0x00000002
15:15:59.490  INFO     RX        /ERR/LOKO/0x00000002
15:15:59.522  INFO     RX        /ERR/LOKO/0x00000002
15:15:59.522  INFO     RX        /ERR/LOKO/0x00000002
15:15:59.522  INFO     RX        /ERR/LOKO/0x00000002
15:15:59.551  INFO     RX        /ERR/LOKO/0x00000002
15:15:59.551  INFO     RX        /ERR/LOKO/0x00000002
15:15:59.691  INFO     RX        /ERR/LOKO/0x00000002
15:15:59.691  INFO     RX        /ERR/LOKO/0x00000002
15:15:59.691  INFO     RX        /ERR/LOKO/0x00000002
15:15:59.691  INFO     RX        /ERR/LOKO/0x00000002
15:15:59.691  INFO     RX        /ERR/LOKO/0x00000002
15:15:59.692  INFO     RX        /ERR/LOKO/0x00000002
15:15:59.692  INFO     RX        /ERR/LOKO/0x00000002
15:15:59.692  INFO     RX        /ERR/LOKO/0x00000002
15:15:59.694  INFO     RX        /ERR/LOKO/0x00000002
15:15:59.694  INFO     RX        /ERR/LOKO/0x00000002
15:15:59.694  INFO     RX        /ERR/LOKO/0x00000002
15:15:59.694  INFO     RX        /ERR/LOKO/0x00000002
15:15:59.694  INFO     RX        /ERR/LOKO/0x00000002
15:15:59.712  INFO     RX        /ERR/LOKO/0x00000002
15:15:59.748  INFO     RX        /ERR/LOKO/0x00000002
15:15:59.748  INFO     RX        /ERR/LOKO/0x00000002
15:15:59.748  INFO     RX        /ERR/LOKO/0x00000002
15:15:59.778  INFO     RX        /ERR/LOKO/0x00000002
15:15:59.779  INFO     RX        /ERR/LOKO/0x00000002
15:15:59.779  INFO     RX        /ERR/LOKO/0x00000002
15:15:59.810  INFO     RX        /ERR/LOKO/0x00000002
15:15:59.810  INFO     RX        /ERR/LOKO/0x00000002
15:15:59.842  INFO     RX        /ERR/LOKO/0x00000002
15:15:59.842  INFO     RX        /ERR/LOKO/0x00000002
15:15:59.842  INFO     RX        /ERR/LOKO/0x00000002
15:15:59.877  INFO     RX        /ERR/LOKO/0x00000002
15:15:59.877  INFO     RX        /ERR/LOKO/0x00000002
15:15:59.877  INFO     RX        /ERR/LOKO/0x00000002
15:15:59.906  INFO     RX        /ERR/LOKO/0x00000002
15:15:59.906  INFO     RX        /ERR/LOKO/0x00000002
15:15:59.906  INFO     RX        /ERR/LOKO/0x00000002
15:15:59.938  INFO     RX        /ERR/LOKO/0x00000002
15:15:59.938  INFO     RX        /ERR/LOKO/0x00000002
15:15:59.972  INFO     RX        /ERR/LOKO/0x00000002
15:15:59.972  INFO     RX        /ERR/LOKO/0x00000002
15:15:59.972  INFO     RX        /ERR/LOKO/0x00000002
15:16:00.001  INFO     RX        /ERR/LOKO/0x00000002
15:16:00.002  INFO     RX        /ERR/LOKO/0x00000002
15:16:00.002  INFO     RX        /ERR/LOKO/0x00000002
15:16:00.037  INFO     RX        /ERR/LOKO/0x00000002
15:16:00.037  INFO     RX        /ERR/LOKO/0x00000002
15:16:00.037  INFO     RX        /ERR/LOKO/0x00000002
15:16:00.069  INFO     RX        /ERR/LOKO/0x00000002
15:16:00.069  INFO     RX        /ERR/LOKO/0x00000002
15:16:00.069  INFO     RX        /ERR/LOKO/0x00000002
15:16:00.102  INFO     RX        /ERR/LOKO/0x00000002
15:16:00.102  INFO     RX        /ERR/LOKO/0x00000002
15:16:00.131  INFO     RX        /ERR/LOKO/0x00000002
15:16:00.131  INFO     RX        /ERR/LOKO/0x00000002
15:16:00.131  INFO     RX        /ERR/LOKO/0x00000002
15:16:00.166  INFO     RX        /ERR/LOKO/0x00000002
15:16:00.166  INFO     RX        /ERR/LOKO/0x00000002
15:16:00.166  INFO     RX        /ERR/LOKO/0x00000002
15:16:00.195  INFO     RX        /ERR/LOKO/0x00000002
15:16:00.195  INFO     RX        /ERR/LOKO/0x00000002
15:16:00.232  INFO     RX        /ERR/LOKO/0x00000002
15:16:00.232  INFO     RX        /ERR/LOKO/0x00000002
15:16:00.232  INFO     RX        /ERR/LOKO/0x00000002
15:16:00.260  INFO     RX        /ERR/LOKO/0x00000002
15:16:00.260  INFO     RX        /ERR/LOKO/0x00000002
15:16:00.260  INFO     RX        /ERR/LOKO/0x00000002
15:16:00.294  INFO     RX        /ERR/LOKO/0x00000002
15:16:00.294  INFO     RX        /ERR/LOKO/0x00000002
15:16:00.294  INFO     RX        /ERR/LOKO/0x00000002
15:16:00.323  INFO     RX        /ERR/LOKO/0x00000002
15:16:00.323  INFO     RX        /ERR/LOKO/0x00000002
15:16:00.356  INFO     RX        /ERR/LOKO/0x00000002
15:16:00.357  INFO     RX        /ERR/LOKO/0x00000002
15:16:00.357  INFO     RX        /ERR/LOKO/0x00000002
15:16:00.393  INFO     RX        /ERR/LOKO/0x00000002
15:16:00.393  INFO     RX        /ERR/LOKO/0x00000002
15:16:00.393  INFO     RX        /ERR/LOKO/0x00000002
15:16:00.421  INFO     RX        /ERR/LOKO/0x00000002
15:16:00.421  INFO     RX        /ERR/LOKO/0x00000002
15:16:00.421  INFO     RX        /ERR/LOKO/0x00000002
15:16:00.450  DEBUG    TX /CONTROLL/0,0,0,0,0,0,0,0,0
15:16:00.458  INFO     RX        /ERR/LOKO/0x00000002
15:16:00.458  INFO     RX        /ERR/LOKO/0x00000002
15:16:00.458  INFO     RX        /ERR/LOKO/0x00000002
15:16:00.485  INFO     RX        /ERR/LOKO/0x00000002
15:16:00.485  INFO     RX        /ERR/LOKO/0x00000002
15:16:00.521  INFO     RX        /ERR/LOKO/0x00000002
15:16:00.521  INFO     RX        /ERR/LOKO/0x00000002
15:16:00.521  INFO     RX        /ERR/LOKO/0x00000002
15:16:00.550  INFO     RX        /ERR/LOKO/0x00000002
15:16:00.550  INFO     RX        /ERR/LOKO/0x00000002
15:16:00.550  INFO     RX        /ERR/LOKO/0x00000002
15:16:00.585  INFO     RX        /ERR/LOKO/0x00000002
15:16:00.585  INFO     RX        /ERR/LOKO/0x00000002
15:16:00.586  INFO     RX        /ERR/LOKO/0x00000002
15:16:00.613  INFO     RX        /ERR/LOKO/0x00000002
15:16:00.613  INFO     RX        /ERR/LOKO/0x00000002
15:16:00.648  INFO     RX        /ERR/LOKO/0x00000002
15:16:00.648  INFO     RX        /ERR/LOKO/0x00000002
15:16:00.648  INFO     RX        /ERR/LOKO/0x00000002
15:16:00.678  INFO     RX        /ERR/LOKO/0x00000002
15:16:00.678  INFO     RX        /ERR/LOKO/0x00000002
15:16:00.678  INFO     RX        /ERR/LOKO/0x00000002
15:16:00.713  INFO     RX        /ERR/LOKO/0x00000002
15:16:00.713  INFO     RX        /ERR/LOKO/0x00000002
15:16:00.741  INFO     RX        /ERR/LOKO/0x00000002
15:16:00.742  INFO     RX        /ERR/LOKO/0x00000002
15:16:00.742  INFO     RX        /ERR/LOKO/0x00000002
15:16:00.776  INFO     RX        /ERR/LOKO/0x00000002
15:16:00.776  INFO     RX        /ERR/LOKO/0x00000002
15:16:00.776  INFO     RX        /ERR/LOKO/0x00000002
15:16:00.806  INFO     RX        /ERR/LOKO/0x00000002
15:16:00.806  INFO     RX        /ERR/LOKO/0x00000002
15:16:00.838  INFO     RX        /ERR/LOKO/0x00000002
15:16:00.838  INFO     RX        /ERR/LOKO/0x00000002
15:16:00.838  INFO     RX        /ERR/LOKO/0x00000002
15:16:00.874  INFO     RX        /ERR/LOKO/0x00000002
15:16:00.874  INFO     RX        /ERR/LOKO/0x00000002
15:16:00.874  INFO     RX        /ERR/LOKO/0x00000002
15:16:00.906  INFO     RX        /ERR/LOKO/0x00000002
15:16:00.906  INFO     RX        /ERR/LOKO/0x00000002
15:16:00.906  INFO     RX        /ERR/LOKO/0x00000002
15:16:00.938  INFO     RX        /ERR/LOKO/0x00000002
15:16:00.938  INFO     RX        /ERR/LOKO/0x00000002
15:16:00.938  INFO     RX        /ERR/LOKO/0x00000002
15:16:00.967  INFO     RX        /ERR/LOKO/0x00000002
15:16:00.967  INFO     RX        /ERR/LOKO/0x00000002
15:16:01.002  INFO     RX        /ERR/LOKO/0x00000002
15:16:01.002  INFO     RX        /ERR/LOKO/0x00000002
15:16:01.002  INFO     RX        /ERR/LOKO/0x00000002
15:16:01.034  INFO     RX        /ERR/LOKO/0x00000002
15:16:01.034  INFO     RX        /ERR/LOKO/0x00000002
15:16:01.034  INFO     RX        /ERR/LOKO/0x00000002
15:16:01.068  INFO     RX        /ERR/LOKO/0x00000002
15:16:01.068  INFO     RX        /ERR/LOKO/0x00000002
15:16:01.068  INFO     RX        /ERR/LOKO/0x00000002
15:16:01.096  INFO     RX        /ERR/LOKO/0x00000002
15:16:01.096  INFO     RX        /ERR/LOKO/0x00000002
15:16:01.130  INFO     RX        /ERR/LOKO/0x00000002
15:16:01.130  INFO     RX        /ERR/LOKO/0x00000002
15:16:01.130  INFO     RX        /ERR/LOKO/0x00000002
15:16:01.159  INFO     RX        /ERR/LOKO/0x00000002
15:16:01.159  INFO     RX        /ERR/LOKO/0x00000002
15:16:01.159  INFO     RX        /ERR/LOKO/0x00000002
15:16:01.195  INFO     RX        /ERR/LOKO/0x00000002
15:16:01.195  INFO     RX        /ERR/LOKO/0x00000002
15:16:01.195  INFO     RX        /ERR/LOKO/0x00000002
15:16:01.225  INFO     RX        /ERR/LOKO/0x00000002
15:16:01.225  INFO     RX        /ERR/LOKO/0x00000002
15:16:01.257  INFO     RX        /ERR/LOKO/0x00000002
15:16:01.257  INFO     RX        /ERR/LOKO/0x00000002
15:16:01.257  INFO     RX        /ERR/LOKO/0x00000002
15:16:01.293  INFO     RX        /ERR/LOKO/0x00000002
15:16:01.293  INFO     RX        /ERR/LOKO/0x00000002
15:16:01.293  INFO     RX        /ERR/LOKO/0x00000002
15:16:01.322  INFO     RX        /ERR/LOKO/0x00000002
15:16:01.322  INFO     RX        /ERR/LOKO/0x00000002
15:16:01.358  INFO     RX        /ERR/LOKO/0x00000002
15:16:01.358  INFO     RX        /ERR/LOKO/0x00000002
15:16:01.358  INFO     RX        /ERR/LOKO/0x00000002
15:16:01.386  INFO     RX        /ERR/LOKO/0x00000002
15:16:01.386  INFO     RX        /ERR/LOKO/0x00000002
15:16:01.386  INFO     RX        /ERR/LOKO/0x00000002
15:16:01.421  INFO     RX        /ERR/LOKO/0x00000002
15:16:01.421  INFO     RX        /ERR/LOKO/0x00000002
15:16:01.421  INFO     RX        /ERR/LOKO/0x00000002
15:16:01.450  INFO     RX        /ERR/LOKO/0x00000002
15:16:01.450  INFO     RX        /ERR/LOKO/0x00000002
15:16:01.481  INFO     RX        /ERR/LOKO/0x00000002
15:16:01.482  INFO     RX        /ERR/LOKO/0x00000002
15:16:01.482  INFO     RX        /ERR/LOKO/0x00000002
15:16:01.517  INFO     RX        /ERR/LOKO/0x00000002
15:16:01.517  INFO     RX        /ERR/LOKO/0x00000002
15:16:01.517  INFO     RX        /ERR/LOKO/0x00000002
15:16:01.546  INFO     RX        /ERR/LOKO/0x00000002
15:16:01.546  INFO     RX        /ERR/LOKO/0x00000002
15:16:01.546  INFO     RX        /ERR/LOKO/0x00000002
15:16:01.577  INFO     RX        /ERR/LOKO/0x00000002
15:16:01.577  INFO     RX        /ERR/LOKO/0x00000002
15:16:01.612  INFO     RX        /ERR/LOKO/0x00000002
15:16:01.613  INFO     RX        /ERR/LOKO/0x00000002
15:16:01.613  INFO     RX        /ERR/LOKO/0x00000002
15:16:01.642  INFO     RX        /ERR/LOKO/0x00000002
15:16:01.642  INFO     RX        /ERR/LOKO/0x00000002
15:16:01.642  INFO     RX        /ERR/LOKO/0x00000002
15:16:01.673  INFO     RX        /ERR/LOKO/0x00000002
15:16:01.673  INFO     RX        /ERR/LOKO/0x00000002
15:16:01.708  INFO     RX        /ERR/LOKO/0x00000002
15:16:01.709  INFO     RX        /ERR/LOKO/0x00000002
15:16:01.709  INFO     RX        /ERR/LOKO/0x00000002
15:16:01.738  INFO     RX        /ERR/LOKO/0x00000002
15:16:01.738  INFO     RX        /ERR/LOKO/0x00000002
15:16:01.738  INFO     RX        /ERR/LOKO/0x00000002
15:16:01.770  INFO     RX        /ERR/LOKO/0x00000002
15:16:01.770  INFO     RX        /ERR/LOKO/0x00000002
15:16:01.770  INFO     RX        /ERR/LOKO/0x00000002
15:16:01.807  INFO     RX        /ERR/LOKO/0x00000002
15:16:01.807  INFO     RX        /ERR/LOKO/0x00000002
15:16:01.807  INFO     RX        /ERR/LOKO/0x00000002
15:16:01.835  INFO     RX        /ERR/LOKO/0x00000002
15:16:01.835  INFO     RX        /ERR/LOKO/0x00000002
15:16:01.872  INFO     RX        /ERR/LOKO/0x00000002
15:16:01.872  INFO     RX        /ERR/LOKO/0x00000002
15:16:01.873  INFO     RX        /ERR/LOKO/0x00000002
15:16:01.899  INFO     RX        /ERR/LOKO/0x00000002
15:16:01.899  INFO     RX        /ERR/LOKO/0x00000002
15:16:01.899  INFO     RX        /ERR/LOKO/0x00000002
15:16:01.935  INFO     RX        /ERR/LOKO/0x00000002
15:16:01.935  INFO     RX        /ERR/LOKO/0x00000002
15:16:01.935  INFO     RX        /ERR/LOKO/0x00000002
15:16:01.964  INFO     RX        /ERR/LOKO/0x00000002
15:16:01.964  INFO     RX        /ERR/LOKO/0x00000002
15:16:01.999  INFO     RX        /ERR/LOKO/0x00000002
15:16:01.999  INFO     RX        /ERR/LOKO/0x00000002
15:16:01.999  INFO     RX        /ERR/LOKO/0x00000002
15:16:02.029  INFO     RX        /ERR/LOKO/0x00000002
15:16:02.029  INFO     RX        /ERR/LOKO/0x00000002
15:16:02.029  INFO     RX        /ERR/LOKO/0x00000002
15:16:02.059  DEBUG    TX /CONTROLL/0,0,0,0,0,0,0,0,0
15:16:02.068  INFO     RX        /ERR/LOKO/0x00000002
15:16:02.068  INFO     RX        /ERR/LOKO/0x00000002
15:16:02.068  INFO     RX        /ERR/LOKO/0x00000002
15:16:02.102  INFO     RX        /ERR/LOKO/0x00000002
15:16:02.102  INFO     RX        /ERR/LOKO/0x00000002
15:16:02.102  INFO     RX        /ERR/LOKO/0x00000002
15:16:02.126  INFO     RX        /ERR/LOKO/0x00000002
15:16:02.126  INFO     RX        /ERR/LOKO/0x00000002
15:16:02.163  INFO     RX        /ERR/LOKO/0x00000002
15:16:02.163  INFO     RX        /ERR/LOKO/0x00000002
15:16:02.163  INFO     RX        /ERR/LOKO/0x00000002
15:16:02.286  INFO     RX        /ERR/LOKO/0x00000002
15:16:02.286  INFO     RX        /ERR/LOKO/0x00000002
15:16:02.286  INFO     RX        /ERR/LOKO/0x00000002
15:16:02.286  INFO     RX        /ERR/LOKO/0x00000002
15:16:02.287  INFO     RX        /ERR/LOKO/0x00000002
15:16:02.287  INFO     RX        /ERR/LOKO/0x00000002
15:16:02.287  INFO     RX        /ERR/LOKO/0x00000002
15:16:02.287  INFO     RX        /ERR/LOKO/0x00000002
15:16:02.299  INFO     RX        /ERR/LOKO/0x00000002
15:16:02.300  INFO     RX        /ERR/LOKO/0x00000002
15:16:02.300  INFO     RX        /ERR/LOKO/0x00000002
15:16:02.300  INFO     RX        /ERR/LOKO/0x00000002
15:16:02.318  INFO     RX        /ERR/LOKO/0x00000002
15:16:02.353  INFO     RX        /ERR/LOKO/0x00000002
15:16:02.353  INFO     RX        /ERR/LOKO/0x00000002
15:16:02.353  INFO     RX        /ERR/LOKO/0x00000002
15:16:02.382  INFO     RX        /ERR/LOKO/0x00000002
15:16:02.382  INFO     RX        /ERR/LOKO/0x00000002
15:16:02.382  INFO     RX        /ERR/LOKO/0x00000002
15:16:02.414  INFO     RX        /ERR/LOKO/0x00000002
15:16:02.414  INFO     RX        /ERR/LOKO/0x00000002
15:16:02.414  INFO     RX        /ERR/LOKO/0x00000002
15:16:02.445  INFO     RX        /ERR/LOKO/0x00000002
15:16:02.445  INFO     RX        /ERR/LOKO/0x00000002
15:16:02.481  INFO     RX        /ERR/LOKO/0x00000002
15:16:02.481  INFO     RX        /ERR/LOKO/0x00000002
15:16:02.481  INFO     RX        /ERR/LOKO/0x00000002
15:16:02.514  INFO     RX        /ERR/LOKO/0x00000002
15:16:02.514  INFO     RX        /ERR/LOKO/0x00000002
15:16:02.514  INFO     RX        /ERR/LOKO/0x00000002
15:16:02.544  INFO     RX        /ERR/LOKO/0x00000002
15:16:02.544  INFO     RX        /ERR/LOKO/0x00000002
15:16:02.544  INFO     RX        /ERR/LOKO/0x00000002
15:16:02.575  INFO     RX        /ERR/LOKO/0x00000002
15:16:02.575  INFO     RX        /ERR/LOKO/0x00000002
15:16:02.611  INFO     RX        /ERR/LOKO/0x00000002
15:16:02.612  INFO     RX        /ERR/LOKO/0x00000002
15:16:02.612  INFO     RX        /ERR/LOKO/0x00000002
15:16:02.640  INFO     RX        /ERR/LOKO/0x00000002
15:16:02.640  INFO     RX        /ERR/LOKO/0x00000002
15:16:02.640  INFO     RX        /ERR/LOKO/0x00000002
15:16:02.677  INFO     RX        /ERR/LOKO/0x00000002
15:16:02.677  INFO     RX        /ERR/LOKO/0x00000002
15:16:02.677  INFO     RX        /ERR/LOKO/0x00000002
15:16:02.706  INFO     RX        /ERR/LOKO/0x00000002
15:16:02.706  INFO     RX        /ERR/LOKO/0x00000002
15:16:02.741  INFO     RX        /ERR/LOKO/0x00000002
15:16:02.741  INFO     RX        /ERR/LOKO/0x00000002
15:16:02.741  INFO     RX        /ERR/LOKO/0x00000002
15:16:02.773  INFO     RX        /ERR/LOKO/0x00000002
15:16:02.773  INFO     RX        /ERR/LOKO/0x00000002
15:16:02.773  INFO     RX        /ERR/LOKO/0x00000002
15:16:02.805  INFO     RX        /ERR/LOKO/0x00000002
15:16:02.806  INFO     RX        /ERR/LOKO/0x00000002
15:16:02.806  INFO     RX        /ERR/LOKO/0x00000002
15:16:02.834  INFO     RX        /ERR/LOKO/0x00000002
15:16:02.835  INFO     RX        /ERR/LOKO/0x00000002
15:16:02.870  INFO     RX        /ERR/LOKO/0x00000002
15:16:02.870  INFO     RX        /ERR/LOKO/0x00000002
15:16:02.870  INFO     RX        /ERR/LOKO/0x00000002
15:16:02.902  INFO     RX        /ERR/LOKO/0x00000002
15:16:02.902  INFO     RX        /ERR/LOKO/0x00000002
15:16:02.902  INFO     RX        /ERR/LOKO/0x00000002
15:16:02.932  INFO     RX        /ERR/LOKO/0x00000002
15:16:02.932  INFO     RX        /ERR/LOKO/0x00000002
15:16:02.932  INFO     RX        /ERR/LOKO/0x00000002
15:16:02.967  INFO     RX        /ERR/LOKO/0x00000002
15:16:02.967  INFO     RX        /ERR/LOKO/0x00000002
15:16:02.967  INFO     RX        /ERR/LOKO/0x00000002
15:16:02.996  INFO     RX        /ERR/LOKO/0x00000002
15:16:02.996  INFO     RX        /ERR/LOKO/0x00000002
15:16:03.031  INFO     RX        /ERR/LOKO/0x00000002
15:16:03.031  INFO     RX        /ERR/LOKO/0x00000002
15:16:03.031  INFO     RX        /ERR/LOKO/0x00000002
15:16:03.061  INFO     RX        /ERR/LOKO/0x00000002
15:16:03.061  INFO     RX        /ERR/LOKO/0x00000002
15:16:03.061  INFO     RX        /ERR/LOKO/0x00000002
15:16:03.097  INFO     RX        /ERR/LOKO/0x00000002
15:16:03.097  INFO     RX        /ERR/LOKO/0x00000002
15:16:03.097  INFO     RX        /ERR/LOKO/0x00000002
15:16:03.124  INFO     RX        /ERR/LOKO/0x00000002
15:16:03.124  INFO     RX        /ERR/LOKO/0x00000002
15:16:03.160  INFO     RX        /ERR/LOKO/0x00000002
15:16:03.160  INFO     RX        /ERR/LOKO/0x00000002
15:16:03.160  INFO     RX        /ERR/LOKO/0x00000002
15:16:03.189  INFO     RX        /ERR/LOKO/0x00000002
15:16:03.189  INFO     RX        /ERR/LOKO/0x00000002
15:16:03.189  INFO     RX        /ERR/LOKO/0x00000002
15:16:03.224  INFO     RX        /ERR/LOKO/0x00000002
15:16:03.224  INFO     RX        /ERR/LOKO/0x00000002
15:16:03.224  INFO     RX        /ERR/LOKO/0x00000002
15:16:03.254  INFO     RX        /ERR/LOKO/0x00000002
15:16:03.254  INFO     RX        /ERR/LOKO/0x00000002
15:16:03.284  INFO     RX        /ERR/LOKO/0x00000002
15:16:03.284  INFO     RX        /ERR/LOKO/0x00000002
15:16:03.284  INFO     RX        /ERR/LOKO/0x00000002
15:16:03.319  INFO     RX        /ERR/LOKO/0x00000002
15:16:03.319  INFO     RX        /ERR/LOKO/0x00000002
15:16:03.319  INFO     RX        /ERR/LOKO/0x00000002
15:16:03.349  INFO     RX        /ERR/LOKO/0x00000002
15:16:03.349  INFO     RX        /ERR/LOKO/0x00000002
15:16:03.382  INFO     RX        /ERR/LOKO/0x00000002
15:16:03.382  INFO     RX        /ERR/LOKO/0x00000002
15:16:03.382  INFO     RX        /ERR/LOKO/0x00000002
15:16:03.413  INFO     RX        /ERR/LOKO/0x00000002
15:16:03.413  INFO     RX        /ERR/LOKO/0x00000002
15:16:03.414  INFO     RX        /ERR/LOKO/0x00000002
15:16:03.447  INFO     RX        /ERR/LOKO/0x00000002
15:16:03.447  INFO     RX        /ERR/LOKO/0x00000002
15:16:03.447  INFO     RX        /ERR/LOKO/0x00000002
15:16:03.476  INFO     RX        /ERR/LOKO/0x00000002
15:16:03.476  INFO     RX        /ERR/LOKO/0x00000002
15:16:03.511  INFO     RX        /ERR/LOKO/0x00000002
15:16:03.511  INFO     RX        /ERR/LOKO/0x00000002
15:16:03.511  INFO     RX        /ERR/LOKO/0x00000002
15:16:03.540  INFO     RX        /ERR/LOKO/0x00000002
15:16:03.541  INFO     RX        /ERR/LOKO/0x00000002
15:16:03.541  INFO     RX        /ERR/LOKO/0x00000002
15:16:03.573  INFO     RX        /ERR/LOKO/0x00000002
15:16:03.573  INFO     RX        /ERR/LOKO/0x00000002
15:16:03.608  INFO     RX        /ERR/LOKO/0x00000002
15:16:03.608  INFO     RX        /ERR/LOKO/0x00000002
15:16:03.608  INFO     RX        /ERR/LOKO/0x00000002
15:16:03.637  INFO     RX        /ERR/LOKO/0x00000002
15:16:03.637  INFO     RX        /ERR/LOKO/0x00000002
15:16:03.637  INFO     RX        /ERR/LOKO/0x00000002
15:16:03.666  DEBUG    TX /CONTROLL/0,0,0,0,0,0,0,0,0
15:16:03.672  INFO     RX        /ERR/LOKO/0x00000002
15:16:03.672  INFO     RX        /ERR/LOKO/0x00000002
15:16:03.672  INFO     RX        /ERR/LOKO/0x00000002
15:16:03.701  INFO     RX        /ERR/LOKO/0x00000002
15:16:03.701  INFO     RX        /ERR/LOKO/0x00000002
15:16:03.737  INFO     RX        /ERR/LOKO/0x00000002
15:16:03.737  INFO     RX        /ERR/LOKO/0x00000002
15:16:03.737  INFO     RX        /ERR/LOKO/0x00000002
15:16:03.765  INFO     RX        /ERR/LOKO/0x00000002
15:16:03.765  INFO     RX        /ERR/LOKO/0x00000002
15:16:03.765  INFO     RX        /ERR/LOKO/0x00000002
15:16:03.801  INFO     RX        /ERR/LOKO/0x00000002
15:16:03.801  INFO     RX        /ERR/LOKO/0x00000002
15:16:03.801  INFO     RX        /ERR/LOKO/0x00000002
15:16:03.830  INFO     RX        /ERR/LOKO/0x00000002
15:16:03.830  INFO     RX        /ERR/LOKO/0x00000002
15:16:03.862  INFO     RX        /ERR/LOKO/0x00000002
15:16:03.862  INFO     RX        /ERR/LOKO/0x00000002
15:16:03.862  INFO     RX        /ERR/LOKO/0x00000002
15:16:03.897  INFO     RX        /ERR/LOKO/0x00000002
15:16:03.897  INFO     RX        /ERR/LOKO/0x00000002
15:16:03.897  INFO     RX        /ERR/LOKO/0x00000002
15:16:03.930  INFO     RX        /ERR/LOKO/0x00000002
15:16:03.930  INFO     RX        /ERR/LOKO/0x00000002
15:16:03.930  INFO     RX        /ERR/LOKO/0x00000002
15:16:03.958  INFO     RX        /ERR/LOKO/0x00000002
15:16:03.958  INFO     RX        /ERR/LOKO/0x00000002
15:16:03.990  INFO     RX        /ERR/LOKO/0x00000002
15:16:03.991  INFO     RX        /ERR/LOKO/0x00000002
15:16:03.991  INFO     RX        /ERR/LOKO/0x00000002
15:16:04.027  INFO     RX        /ERR/LOKO/0x00000002
15:16:04.027  INFO     RX        /ERR/LOKO/0x00000002
15:16:04.027  INFO     RX        /ERR/LOKO/0x00000002
15:16:04.055  INFO     RX        /ERR/LOKO/0x00000002
15:16:04.055  INFO     RX        /ERR/LOKO/0x00000002
15:16:04.055  INFO     RX        /ERR/LOKO/0x00000002
15:16:04.091  INFO     RX        /ERR/LOKO/0x00000002
15:16:04.091  INFO     RX        /ERR/LOKO/0x00000002
15:16:04.091  INFO     RX        /ERR/LOKO/0x00000002
15:16:04.120  INFO     RX        /ERR/LOKO/0x00000002
15:16:04.120  INFO     RX        /ERR/LOKO/0x00000002
15:16:04.152  INFO     RX        /ERR/LOKO/0x00000002
15:16:04.152  INFO     RX        /ERR/LOKO/0x00000002
15:16:04.152  INFO     RX        /ERR/LOKO/0x00000002
15:16:04.188  INFO     RX        /ERR/LOKO/0x00000002
15:16:04.188  INFO     RX        /ERR/LOKO/0x00000002
15:16:04.188  INFO     RX        /ERR/LOKO/0x00000002
15:16:04.221  INFO     RX        /ERR/LOKO/0x00000002
15:16:04.221  INFO     RX        /ERR/LOKO/0x00000002
15:16:04.253  INFO     RX        /ERR/LOKO/0x00000002
15:16:04.253  INFO     RX        /ERR/LOKO/0x00000002
15:16:04.253  INFO     RX        /ERR/LOKO/0x00000002
15:16:04.282  INFO     RX        /ERR/LOKO/0x00000002
15:16:04.282  INFO     RX        /ERR/LOKO/0x00000002
15:16:04.282  INFO     RX        /ERR/LOKO/0x00000002
15:16:04.319  INFO     RX        /ERR/LOKO/0x00000002
15:16:04.319  INFO     RX        /ERR/LOKO/0x00000002
15:16:04.319  INFO     RX        /ERR/LOKO/0x00000002
15:16:04.347  INFO     RX        /ERR/LOKO/0x00000002
15:16:04.347  INFO     RX        /ERR/LOKO/0x00000002
15:16:04.347  INFO     RX        /ERR/LOKO/0x00000002
15:16:04.382  INFO     RX        /ERR/LOKO/0x00000002
15:16:04.383  INFO     RX        /ERR/LOKO/0x00000002
15:16:04.383  INFO     RX        /ERR/LOKO/0x00000002
15:16:04.411  INFO     RX        /ERR/LOKO/0x00000002
15:16:04.412  INFO     RX        /ERR/LOKO/0x00000002
15:16:04.444  INFO     RX        /ERR/LOKO/0x00000002
15:16:04.444  INFO     RX        /ERR/LOKO/0x00000002
15:16:04.444  INFO     RX        /ERR/LOKO/0x00000002
15:16:04.480  INFO     RX        /ERR/LOKO/0x00000002
15:16:04.480  INFO     RX        /ERR/LOKO/0x00000002
15:16:04.480  INFO     RX        /ERR/LOKO/0x00000002
15:16:04.518  INFO     RX        /ERR/LOKO/0x00000002
15:16:04.519  INFO     RX        /ERR/LOKO/0x00000002
15:16:04.519  INFO     RX        /ERR/LOKO/0x00000002
15:16:04.540  INFO     RX        /ERR/LOKO/0x00000002
15:16:04.540  INFO     RX        /ERR/LOKO/0x00000002
15:16:04.572  INFO     RX        /ERR/LOKO/0x00000002
15:16:04.572  INFO     RX        /ERR/LOKO/0x00000002
15:16:04.572  INFO     RX        /ERR/LOKO/0x00000002
15:16:04.609  INFO     RX        /ERR/LOKO/0x00000002
15:16:04.610  INFO     RX        /ERR/LOKO/0x00000002
15:16:04.610  INFO     RX        /ERR/LOKO/0x00000002
15:16:04.641  INFO     RX        /ERR/LOKO/0x00000002
15:16:04.641  INFO     RX        /ERR/LOKO/0x00000002
15:16:04.641  INFO     RX        /ERR/LOKO/0x00000002
15:16:04.674  INFO     RX        /ERR/LOKO/0x00000002
15:16:04.674  INFO     RX        /ERR/LOKO/0x00000002
15:16:04.702  INFO     RX        /ERR/LOKO/0x00000002
15:16:04.702  INFO     RX        /ERR/LOKO/0x00000002
15:16:04.702  INFO     RX        /ERR/LOKO/0x00000002
15:16:04.734  INFO     RX        /ERR/LOKO/0x00000002
15:16:04.734  INFO     RX        /ERR/LOKO/0x00000002
15:16:04.734  INFO     RX        /ERR/LOKO/0x00000002
15:16:04.766  INFO     RX        /ERR/LOKO/0x00000002
15:16:04.766  INFO     RX        /ERR/LOKO/0x00000002
15:16:04.868  INFO     RX        /ERR/LOKO/0x00000002
15:16:04.868  INFO     RX        /ERR/LOKO/0x00000002
15:16:04.868  INFO     RX        /ERR/LOKO/0x00000002
15:16:04.868  INFO     RX        /ERR/LOKO/0x00000002
15:16:04.868  INFO     RX        /ERR/LOKO/0x00000002
15:16:04.868  INFO     RX        /ERR/LOKO/0x00000002
15:16:04.868  INFO     RX        /ERR/LOKO/0x00000002
15:16:04.868  INFO     RX        /ERR/LOKO/0x00000002
15:16:04.880  INFO     RX        /ERR/LOKO/0x00000002
15:16:04.880  INFO     RX        /ERR/LOKO/0x00000002
15:16:04.886  INFO     RX        /ERR/LOKO/0x00000002
15:16:04.931  INFO     RX        /ERR/LOKO/0x00000002
15:16:04.932  INFO     RX        /ERR/LOKO/0x00000002
15:16:04.932  INFO     RX        /ERR/LOKO/0x00000002
15:16:04.966  INFO     RX        /ERR/LOKO/0x00000002
15:16:04.966  INFO     RX        /ERR/LOKO/0x00000002
15:16:04.966  INFO     RX        /ERR/LOKO/0x00000002
15:16:04.992  INFO     RX        /ERR/LOKO/0x00000002
15:16:04.992  INFO     RX        /ERR/LOKO/0x00000002
15:16:04.992  INFO     RX        /ERR/LOKO/0x00000002
15:16:05.029  INFO     RX        /ERR/LOKO/0x00000002
15:16:05.029  INFO     RX        /ERR/LOKO/0x00000002
15:16:05.029  INFO     RX        /ERR/LOKO/0x00000002
15:16:05.060  INFO     RX        /ERR/LOKO/0x00000002
15:16:05.060  INFO     RX        /ERR/LOKO/0x00000002
15:16:05.093  INFO     RX        /ERR/LOKO/0x00000002
15:16:05.094  INFO     RX        /ERR/LOKO/0x00000002
15:16:05.094  INFO     RX        /ERR/LOKO/0x00000002
15:16:05.127  INFO     RX        /ERR/LOKO/0x00000002
15:16:05.127  INFO     RX        /ERR/LOKO/0x00000002
15:16:05.127  INFO     RX        /ERR/LOKO/0x00000002
15:16:05.156  INFO     RX        /ERR/LOKO/0x00000002
15:16:05.156  INFO     RX        /ERR/LOKO/0x00000002
15:16:05.156  INFO     RX        /ERR/LOKO/0x00000002
15:16:05.190  INFO     RX        /ERR/LOKO/0x00000002
15:16:05.190  INFO     RX        /ERR/LOKO/0x00000002
15:16:05.219  INFO     RX        /ERR/LOKO/0x00000002
15:16:05.219  INFO     RX        /ERR/LOKO/0x00000002
15:16:05.219  INFO     RX        /ERR/LOKO/0x00000002
15:16:05.255  INFO     RX        /ERR/LOKO/0x00000002
15:16:05.256  INFO     RX        /ERR/LOKO/0x00000002
15:16:05.256  INFO     RX        /ERR/LOKO/0x00000002
15:16:05.281  DEBUG    TX /CONTROLL/0,0,0,0,0,0,0,0,0
15:16:05.284  INFO     RX        /ERR/LOKO/0x00000002
15:16:05.284  INFO     RX        /ERR/LOKO/0x00000002
15:16:05.319  INFO     RX        /ERR/LOKO/0x00000002
15:16:05.319  INFO     RX        /ERR/LOKO/0x00000002
15:16:05.319  INFO     RX        /ERR/LOKO/0x00000002
15:16:05.349  INFO     RX        /ERR/LOKO/0x00000002
15:16:05.349  INFO     RX        /ERR/LOKO/0x00000002
15:16:05.349  INFO     RX        /ERR/LOKO/0x00000002
15:16:05.382  INFO     RX        /ERR/LOKO/0x00000002
15:16:05.382  INFO     RX        /ERR/LOKO/0x00000002
15:16:05.382  INFO     RX        /ERR/LOKO/0x00000002
15:16:05.413  INFO     RX        /ERR/LOKO/0x00000002
15:16:05.414  INFO     RX        /ERR/LOKO/0x00000002
15:16:05.449  INFO     RX        /ERR/LOKO/0x00000002
15:16:05.449  INFO     RX        /ERR/LOKO/0x00000002
15:16:05.449  INFO     RX        /ERR/LOKO/0x00000002
15:16:05.449  INFO     RX        /ERR/LOKO/0x00000002
15:16:05.478  INFO     RX        /ERR/LOKO/0x00000002
15:16:05.478  INFO     RX        /ERR/LOKO/0x00000002
15:16:05.513  INFO     RX        /ERR/LOKO/0x00000002
15:16:05.514  INFO     RX        /ERR/LOKO/0x00000002
15:16:05.514  INFO     RX        /ERR/LOKO/0x00000002
15:16:05.545  INFO     RX        /ERR/LOKO/0x00000002
15:16:05.546  INFO     RX        /ERR/LOKO/0x00000002
15:16:05.546  INFO     RX        /ERR/LOKO/0x00000002
15:16:05.574  INFO     RX        /ERR/LOKO/0x00000002
15:16:05.575  INFO     RX        /ERR/LOKO/0x00000002
15:16:05.607  INFO     RX        /ERR/LOKO/0x00000002
15:16:05.607  INFO     RX        /ERR/LOKO/0x00000002
15:16:05.607  INFO     RX        /ERR/LOKO/0x00000002
15:16:05.642  INFO     RX        /ERR/LOKO/0x00000002
15:16:05.642  INFO     RX        /ERR/LOKO/0x00000002
15:16:05.642  INFO     RX        /ERR/LOKO/0x00000002
15:16:05.671  INFO     RX        /ERR/LOKO/0x00000002
15:16:05.672  INFO     RX        /ERR/LOKO/0x00000002
15:16:05.702  INFO     RX        /ERR/LOKO/0x00000002
15:16:05.702  INFO     RX        /ERR/LOKO/0x00000002
15:16:05.702  INFO     RX        /ERR/LOKO/0x00000002
15:16:05.738  INFO     RX        /ERR/LOKO/0x00000002
15:16:05.738  INFO     RX        /ERR/LOKO/0x00000002
15:16:05.738  INFO     RX        /ERR/LOKO/0x00000002
15:16:05.770  INFO     RX        /ERR/LOKO/0x00000002
15:16:05.770  INFO     RX        /ERR/LOKO/0x00000002
15:16:05.770  INFO     RX        /ERR/LOKO/0x00000002
15:16:05.802  INFO     RX        /ERR/LOKO/0x00000002
15:16:05.802  INFO     RX        /ERR/LOKO/0x00000002
15:16:05.802  INFO     RX        /ERR/LOKO/0x00000002
15:16:05.834  INFO     RX        /ERR/LOKO/0x00000002
15:16:05.834  INFO     RX        /ERR/LOKO/0x00000002
15:16:05.864  INFO     RX        /ERR/LOKO/0x00000002
15:16:05.864  INFO     RX        /ERR/LOKO/0x00000002
15:16:05.864  INFO     RX        /ERR/LOKO/0x00000002
15:16:05.899  INFO     RX        /ERR/LOKO/0x00000002
15:16:05.899  INFO     RX        /ERR/LOKO/0x00000002
15:16:05.899  INFO     RX        /ERR/LOKO/0x00000002
15:16:05.927  INFO     RX        /ERR/LOKO/0x00000002
15:16:05.927  INFO     RX        /ERR/LOKO/0x00000002
15:16:05.962  INFO     RX        /ERR/LOKO/0x00000002
15:16:05.962  INFO     RX        /ERR/LOKO/0x00000002
15:16:05.962  INFO     RX        /ERR/LOKO/0x00000002
15:16:05.993  INFO     RX        /ERR/LOKO/0x00000002
15:16:05.993  INFO     RX        /ERR/LOKO/0x00000002
15:16:05.993  INFO     RX        /ERR/LOKO/0x00000002
15:16:06.025  INFO     RX        /ERR/LOKO/0x00000002
15:16:06.025  INFO     RX        /ERR/LOKO/0x00000002
15:16:06.025  INFO     RX        /ERR/LOKO/0x00000002
15:16:06.060  INFO     RX        /ERR/LOKO/0x00000002
15:16:06.060  INFO     RX        /ERR/LOKO/0x00000002
15:16:06.060  INFO     RX        /ERR/LOKO/0x00000002
15:16:06.090  INFO     RX        /ERR/LOKO/0x00000002
15:16:06.090  INFO     RX        /ERR/LOKO/0x00000002
15:16:06.124  INFO     RX        /ERR/LOKO/0x00000002
15:16:06.124  INFO     RX        /ERR/LOKO/0x00000002
15:16:06.124  INFO     RX        /ERR/LOKO/0x00000002
15:16:06.153  INFO     RX        /ERR/LOKO/0x00000002
15:16:06.153  INFO     RX        /ERR/LOKO/0x00000002
15:16:06.153  INFO     RX        /ERR/LOKO/0x00000002
15:16:06.188  INFO     RX        /ERR/LOKO/0x00000002
15:16:06.188  INFO     RX        /ERR/LOKO/0x00000002
15:16:06.188  INFO     RX        /ERR/LOKO/0x00000002
15:16:06.217  INFO     RX        /ERR/LOKO/0x00000002
15:16:06.217  INFO     RX        /ERR/LOKO/0x00000002
15:16:06.253  INFO     RX        /ERR/LOKO/0x00000002
15:16:06.253  INFO     RX        /ERR/LOKO/0x00000002
15:16:06.253  INFO     RX        /ERR/LOKO/0x00000002
15:16:06.285  INFO     RX        /ERR/LOKO/0x00000002
15:16:06.285  INFO     RX        /ERR/LOKO/0x00000002
15:16:06.285  INFO     RX        /ERR/LOKO/0x00000002
15:16:06.323  INFO     RX        /ERR/LOKO/0x00000002
15:16:06.323  INFO     RX        /ERR/LOKO/0x00000002
15:16:06.323  INFO     RX        /ERR/LOKO/0x00000002
15:16:06.348  INFO     RX        /ERR/LOKO/0x00000002
15:16:06.348  INFO     RX        /ERR/LOKO/0x00000002
15:16:06.383  INFO     RX        /ERR/LOKO/0x00000002
15:16:06.383  INFO     RX        /ERR/LOKO/0x00000002
15:16:06.383  INFO     RX        /ERR/LOKO/0x00000002
15:16:06.413  INFO     RX        /ERR/LOKO/0x00000002
15:16:06.413  INFO     RX        /ERR/LOKO/0x00000002
15:16:06.413  INFO     RX        /ERR/LOKO/0x00000002
15:16:06.444  INFO     RX        /ERR/LOKO/0x00000002
15:16:06.444  INFO     RX        /ERR/LOKO/0x00000002
15:16:06.479  INFO     RX        /ERR/LOKO/0x00000002
15:16:06.480  INFO     RX        /ERR/LOKO/0x00000002
15:16:06.480  INFO     RX        /ERR/LOKO/0x00000002
15:16:06.508  INFO     RX        /ERR/LOKO/0x00000002
15:16:06.509  INFO     RX        /ERR/LOKO/0x00000002
15:16:06.509  INFO     RX        /ERR/LOKO/0x00000002
15:16:06.544  INFO     RX        /ERR/LOKO/0x00000002
15:16:06.544  INFO     RX        /ERR/LOKO/0x00000002
15:16:06.544  INFO     RX        /ERR/LOKO/0x00000002
15:16:06.573  INFO     RX        /ERR/LOKO/0x00000002
15:16:06.573  INFO     RX        /ERR/LOKO/0x00000002
15:16:06.607  INFO     RX        /ERR/LOKO/0x00000002
15:16:06.607  INFO     RX        /ERR/LOKO/0x00000002
15:16:06.607  INFO     RX        /ERR/LOKO/0x00000002
15:16:06.636  INFO     RX        /ERR/LOKO/0x00000002
15:16:06.636  INFO     RX        /ERR/LOKO/0x00000002
15:16:06.636  INFO     RX        /ERR/LOKO/0x00000002
15:16:06.671  INFO     RX        /ERR/LOKO/0x00000002
15:16:06.672  INFO     RX        /ERR/LOKO/0x00000002
15:16:06.672  INFO     RX        /ERR/LOKO/0x00000002
15:16:06.700  INFO     RX        /ERR/LOKO/0x00000002
15:16:06.701  INFO     RX        /ERR/LOKO/0x00000002
15:16:06.733  INFO     RX        /ERR/LOKO/0x00000002
15:16:06.733  INFO     RX        /ERR/LOKO/0x00000002
15:16:06.733  INFO     RX        /ERR/LOKO/0x00000002
15:16:06.769  INFO     RX        /ERR/LOKO/0x00000002
15:16:06.769  INFO     RX        /ERR/LOKO/0x00000002
15:16:06.769  INFO     RX        /ERR/LOKO/0x00000002
15:16:06.796  INFO     RX        /ERR/LOKO/0x00000002
15:16:06.796  INFO     RX        /ERR/LOKO/0x00000002
15:16:06.828  INFO     RX        /ERR/LOKO/0x00000002
15:16:06.828  INFO     RX        /ERR/LOKO/0x00000002
15:16:06.828  INFO     RX        /ERR/LOKO/0x00000002
15:16:06.864  INFO     RX        /ERR/LOKO/0x00000002
15:16:06.864  INFO     RX        /ERR/LOKO/0x00000002
15:16:06.865  INFO     RX        /ERR/LOKO/0x00000002
15:16:06.890  DEBUG    TX /CONTROLL/0,0,0,0,0,0,0,0,0
15:16:06.893  INFO     RX        /ERR/LOKO/0x00000002
15:16:06.893  INFO     RX        /ERR/LOKO/0x00000002
15:16:06.893  INFO     RX        /ERR/LOKO/0x00000002
15:16:06.927  INFO     RX        /ERR/LOKO/0x00000002
15:16:06.928  INFO     RX        /ERR/LOKO/0x00000002
15:16:06.928  INFO     RX        /ERR/LOKO/0x00000002
15:16:06.956  INFO     RX        /ERR/LOKO/0x00000002
15:16:06.956  INFO     RX        /ERR/LOKO/0x00000002
15:16:06.992  INFO     RX        /ERR/LOKO/0x00000002
15:16:06.992  INFO     RX        /ERR/LOKO/0x00000002
15:16:06.992  INFO     RX        /ERR/LOKO/0x00000002
15:16:07.021  INFO     RX        /ERR/LOKO/0x00000002
15:16:07.021  INFO     RX        /ERR/LOKO/0x00000002
15:16:07.021  INFO     RX        /ERR/LOKO/0x00000002
15:16:07.140  INFO     RX        /ERR/LOKO/0x00000002
15:16:07.140  INFO     RX        /ERR/LOKO/0x00000002
15:16:07.140  INFO     RX        /ERR/LOKO/0x00000002
15:16:07.140  INFO     RX        /ERR/LOKO/0x00000002
15:16:07.140  INFO     RX        /ERR/LOKO/0x00000002
15:16:07.140  INFO     RX        /ERR/LOKO/0x00000002
15:16:07.140  INFO     RX        /ERR/LOKO/0x00000002
15:16:07.140  INFO     RX        /ERR/LOKO/0x00000002
15:16:07.140  INFO     RX        /ERR/LOKO/0x00000002
15:16:07.143  INFO     RX        /ERR/LOKO/0x00000002
15:16:07.151  INFO     RX        /ERR/LOKO/0x00000002
15:16:07.186  INFO     RX        /ERR/LOKO/0x00000002
15:16:07.186  INFO     RX        /ERR/LOKO/0x00000002
15:16:07.186  INFO     RX        /ERR/LOKO/0x00000002
15:16:07.218  INFO     RX        /ERR/LOKO/0x00000002
15:16:07.218  INFO     RX        /ERR/LOKO/0x00000002
15:16:07.251  INFO     RX        /ERR/LOKO/0x00000002
15:16:07.251  INFO     RX        /ERR/LOKO/0x00000002
15:16:07.251  INFO     RX        /ERR/LOKO/0x00000002
15:16:07.282  INFO     RX        /ERR/LOKO/0x00000002
15:16:07.283  INFO     RX        /ERR/LOKO/0x00000002
15:16:07.283  INFO     RX        /ERR/LOKO/0x00000002
15:16:07.312  INFO     RX        /ERR/LOKO/0x00000002
15:16:07.312  INFO     RX        /ERR/LOKO/0x00000002
15:16:07.349  INFO     RX        /ERR/LOKO/0x00000002
15:16:07.349  INFO     RX        /ERR/LOKO/0x00000002
15:16:07.349  INFO     RX        /ERR/LOKO/0x00000002
15:16:07.349  INFO     RX        /ERR/LOKO/0x00000002
15:16:07.472  INFO     RX        /ERR/LOKO/0x00000002
15:16:07.472  INFO     RX        /ERR/LOKO/0x00000002
15:16:07.472  INFO     RX        /ERR/LOKO/0x00000002
15:16:07.472  INFO     RX        /ERR/LOKO/0x00000002
15:16:07.472  INFO     RX        /ERR/LOKO/0x00000002
15:16:07.472  INFO     RX        /ERR/LOKO/0x00000002
15:16:07.472  INFO     RX        /ERR/LOKO/0x00000002
15:16:07.492  INFO     RX        /ERR/LOKO/0x00000002
15:16:07.492  INFO     RX        /ERR/LOKO/0x00000002
15:16:07.492  INFO     RX        /ERR/LOKO/0x00000002
15:16:07.492  INFO     RX        /ERR/LOKO/0x00000002
15:16:07.492  INFO     RX        /ERR/LOKO/0x00000002
15:16:07.504  INFO     RX        /ERR/LOKO/0x00000002
15:16:07.540  INFO     RX        /ERR/LOKO/0x00000002
15:16:07.540  INFO     RX        /ERR/LOKO/0x00000002
15:16:07.540  INFO     RX        /ERR/LOKO/0x00000002
15:16:07.569  INFO     RX        /ERR/LOKO/0x00000002
15:16:07.569  INFO     RX        /ERR/LOKO/0x00000002
15:16:07.605  INFO     RX        /ERR/LOKO/0x00000002
15:16:07.605  INFO     RX        /ERR/LOKO/0x00000002
15:16:07.605  INFO     RX        /ERR/LOKO/0x00000002
15:16:07.640  INFO     RX        /ERR/LOKO/0x00000002
15:16:07.640  INFO     RX        /ERR/LOKO/0x00000002
15:16:07.640  INFO     RX        /ERR/LOKO/0x00000002
15:16:07.666  INFO     RX        /ERR/LOKO/0x00000002
15:16:07.666  INFO     RX        /ERR/LOKO/0x00000002
15:16:07.666  INFO     RX        /ERR/LOKO/0x00000002
15:16:07.701  INFO     RX        /ERR/LOKO/0x00000002
15:16:07.701  INFO     RX        /ERR/LOKO/0x00000002
15:16:07.701  INFO     RX        /ERR/LOKO/0x00000002
15:16:07.737  INFO     RX        /ERR/LOKO/0x00000002
15:16:07.737  INFO     RX        /ERR/LOKO/0x00000002
15:16:07.737  INFO     RX        /ERR/LOKO/0x00000002
15:16:07.763  INFO     RX        /ERR/LOKO/0x00000002
15:16:07.764  INFO     RX        /ERR/LOKO/0x00000002
15:16:07.799  INFO     RX        /ERR/LOKO/0x00000002
15:16:07.799  INFO     RX        /ERR/LOKO/0x00000002
15:16:07.799  INFO     RX        /ERR/LOKO/0x00000002
15:16:07.828  INFO     RX        /ERR/LOKO/0x00000002
15:16:07.828  INFO     RX        /ERR/LOKO/0x00000002
15:16:07.863  INFO     RX        /ERR/LOKO/0x00000002
15:16:07.863  INFO     RX        /ERR/LOKO/0x00000002
15:16:07.863  INFO     RX        /ERR/LOKO/0x00000002
15:16:07.892  INFO     RX        /ERR/LOKO/0x00000002
15:16:07.892  INFO     RX        /ERR/LOKO/0x00000002
15:16:07.892  INFO     RX        /ERR/LOKO/0x00000002
15:16:07.926  INFO     RX        /ERR/LOKO/0x00000002
15:16:07.927  INFO     RX        /ERR/LOKO/0x00000002
15:16:07.927  INFO     RX        /ERR/LOKO/0x00000002
15:16:07.956  INFO     RX        /ERR/LOKO/0x00000002
15:16:07.956  INFO     RX        /ERR/LOKO/0x00000002
15:16:07.988  INFO     RX        /ERR/LOKO/0x00000002
15:16:07.988  INFO     RX        /ERR/LOKO/0x00000002
15:16:07.988  INFO     RX        /ERR/LOKO/0x00000002
15:16:08.023  INFO     RX        /ERR/LOKO/0x00000002
15:16:08.023  INFO     RX        /ERR/LOKO/0x00000002
15:16:08.023  INFO     RX        /ERR/LOKO/0x00000002
15:16:08.052  INFO     RX        /ERR/LOKO/0x00000002
15:16:08.052  INFO     RX        /ERR/LOKO/0x00000002
15:16:08.052  INFO     RX        /ERR/LOKO/0x00000002
15:16:08.087  INFO     RX        /ERR/LOKO/0x00000002
15:16:08.087  INFO     RX        /ERR/LOKO/0x00000002
15:16:08.087  INFO     RX        /ERR/LOKO/0x00000002
15:16:08.117  INFO     RX        /ERR/LOKO/0x00000002
15:16:08.117  INFO     RX        /ERR/LOKO/0x00000002
15:16:08.152  INFO     RX        /ERR/LOKO/0x00000002
15:16:08.152  INFO     RX        /ERR/LOKO/0x00000002
15:16:08.152  INFO     RX        /ERR/LOKO/0x00000002
15:16:08.181  INFO     RX        /ERR/LOKO/0x00000002
15:16:08.181  INFO     RX        /ERR/LOKO/0x00000002
15:16:08.182  INFO     RX        /ERR/LOKO/0x00000002
15:16:08.216  INFO     RX        /ERR/LOKO/0x00000002
15:16:08.216  INFO     RX        /ERR/LOKO/0x00000002
15:16:08.216  INFO     RX        /ERR/LOKO/0x00000002
15:16:08.245  INFO     RX        /ERR/LOKO/0x00000002
15:16:08.245  INFO     RX        /ERR/LOKO/0x00000002
15:16:08.280  INFO     RX        /ERR/LOKO/0x00000002
15:16:08.280  INFO     RX        /ERR/LOKO/0x00000002
15:16:08.280  INFO     RX        /ERR/LOKO/0x00000002
15:16:08.309  INFO     RX        /ERR/LOKO/0x00000002
15:16:08.309  INFO     RX        /ERR/LOKO/0x00000002
15:16:08.345  INFO     RX        /ERR/LOKO/0x00000002
15:16:08.345  INFO     RX        /ERR/LOKO/0x00000002
15:16:08.345  INFO     RX        /ERR/LOKO/0x00000002
15:16:08.373  INFO     RX        /ERR/LOKO/0x00000002
15:16:08.373  INFO     RX        /ERR/LOKO/0x00000002
15:16:08.373  INFO     RX        /ERR/LOKO/0x00000002
15:16:08.409  INFO     RX        /ERR/LOKO/0x00000002
15:16:08.409  INFO     RX        /ERR/LOKO/0x00000002
15:16:08.409  INFO     RX        /ERR/LOKO/0x00000002
15:16:08.438  INFO     RX        /ERR/LOKO/0x00000002
15:16:08.438  INFO     RX        /ERR/LOKO/0x00000002
15:16:08.473  INFO     RX        /ERR/LOKO/0x00000002
15:16:08.473  INFO     RX        /ERR/LOKO/0x00000002
15:16:08.473  INFO     RX        /ERR/LOKO/0x00000002
15:16:08.500  DEBUG    TX /CONTROLL/0,0,0,0,0,0,0,0,0
15:16:08.505  INFO     RX        /ERR/LOKO/0x00000002
15:16:08.505  INFO     RX        /ERR/LOKO/0x00000002
15:16:08.505  INFO     RX        /ERR/LOKO/0x00000002
15:16:08.535  INFO     RX        /ERR/LOKO/0x00000002
15:16:08.536  INFO     RX        /ERR/LOKO/0x00000002
15:16:08.536  INFO     RX        /ERR/LOKO/0x00000002
15:16:08.568  INFO     RX        /ERR/LOKO/0x00000002
15:16:08.568  INFO     RX        /ERR/LOKO/0x00000002
15:16:08.599  INFO     RX        /ERR/LOKO/0x00000002
15:16:08.599  INFO     RX        /ERR/LOKO/0x00000002
15:16:08.600  INFO     RX        /ERR/LOKO/0x00000002
15:16:08.634  INFO     RX        /ERR/LOKO/0x00000002
15:16:08.635  INFO     RX        /ERR/LOKO/0x00000002
15:16:08.635  INFO     RX        /ERR/LOKO/0x00000002
15:16:08.664  INFO     RX        /ERR/LOKO/0x00000002
15:16:08.664  INFO     RX        /ERR/LOKO/0x00000002
15:16:08.664  INFO     RX        /ERR/LOKO/0x00000002
15:16:08.699  INFO     RX        /ERR/LOKO/0x00000002
15:16:08.699  INFO     RX        /ERR/LOKO/0x00000002
15:16:08.699  INFO     RX        /ERR/LOKO/0x00000002
15:16:08.728  INFO     RX        /ERR/LOKO/0x00000002
15:16:08.729  INFO     RX        /ERR/LOKO/0x00000002
15:16:08.761  INFO     RX        /ERR/LOKO/0x00000002
15:16:08.761  INFO     RX        /ERR/LOKO/0x00000002
15:16:08.761  INFO     RX        /ERR/LOKO/0x00000002
15:16:08.797  INFO     RX        /ERR/LOKO/0x00000002
15:16:08.797  INFO     RX        /ERR/LOKO/0x00000002
15:16:08.797  INFO     RX        /ERR/LOKO/0x00000002
15:16:08.829  INFO     RX        /ERR/LOKO/0x00000002
15:16:08.829  INFO     RX        /ERR/LOKO/0x00000002
15:16:08.829  INFO     RX        /ERR/LOKO/0x00000002
15:16:08.862  INFO     RX        /ERR/LOKO/0x00000002
15:16:08.862  INFO     RX        /ERR/LOKO/0x00000002
15:16:08.862  INFO     RX        /ERR/LOKO/0x00000002
15:16:08.891  INFO     RX        /ERR/LOKO/0x00000002
15:16:08.892  INFO     RX        /ERR/LOKO/0x00000002
15:16:08.927  INFO     RX        /ERR/LOKO/0x00000002
15:16:08.927  INFO     RX        /ERR/LOKO/0x00000002
15:16:08.927  INFO     RX        /ERR/LOKO/0x00000002
15:16:08.956  INFO     RX        /ERR/LOKO/0x00000002
15:16:08.956  INFO     RX        /ERR/LOKO/0x00000002
15:16:08.956  INFO     RX        /ERR/LOKO/0x00000002
15:16:08.992  INFO     RX        /ERR/LOKO/0x00000002
15:16:08.992  INFO     RX        /ERR/LOKO/0x00000002
15:16:08.992  INFO     RX        /ERR/LOKO/0x00000002
15:16:09.021  INFO     RX        /ERR/LOKO/0x00000002
15:16:09.021  INFO     RX        /ERR/LOKO/0x00000002
15:16:09.056  INFO     RX        /ERR/LOKO/0x00000002
15:16:09.057  INFO     RX        /ERR/LOKO/0x00000002
15:16:09.057  INFO     RX        /ERR/LOKO/0x00000002
15:16:09.086  INFO     RX        /ERR/LOKO/0x00000002
15:16:09.086  INFO     RX        /ERR/LOKO/0x00000002
15:16:09.086  INFO     RX        /ERR/LOKO/0x00000002
15:16:09.120  INFO     RX        /ERR/LOKO/0x00000002
15:16:09.120  INFO     RX        /ERR/LOKO/0x00000002
15:16:09.120  INFO     RX        /ERR/LOKO/0x00000002
15:16:09.150  INFO     RX        /ERR/LOKO/0x00000002
15:16:09.150  INFO     RX        /ERR/LOKO/0x00000002
15:16:09.181  INFO     RX        /ERR/LOKO/0x00000002
15:16:09.181  INFO     RX        /ERR/LOKO/0x00000002
15:16:09.181  INFO     RX        /ERR/LOKO/0x00000002
15:16:09.214  INFO     RX        /ERR/LOKO/0x00000002
15:16:09.214  INFO     RX        /ERR/LOKO/0x00000002
15:16:09.214  INFO     RX        /ERR/LOKO/0x00000002
15:16:09.248  INFO     RX        /ERR/LOKO/0x00000002
15:16:09.248  INFO     RX        /ERR/LOKO/0x00000002
15:16:09.281  INFO     RX        /ERR/LOKO/0x00000002
15:16:09.281  INFO     RX        /ERR/LOKO/0x00000002
15:16:09.281  INFO     RX        /ERR/LOKO/0x00000002
15:16:09.308  INFO     RX        /ERR/LOKO/0x00000002
15:16:09.309  INFO     RX        /ERR/LOKO/0x00000002
15:16:09.309  INFO     RX        /ERR/LOKO/0x00000002
15:16:09.344  INFO     RX        /ERR/LOKO/0x00000002
15:16:09.344  INFO     RX        /ERR/LOKO/0x00000002
15:16:09.344  INFO     RX        /ERR/LOKO/0x00000002
15:16:09.373  INFO     RX        /ERR/LOKO/0x00000002
15:16:09.373  INFO     RX        /ERR/LOKO/0x00000002
15:16:09.405  INFO     RX        /ERR/LOKO/0x00000002
15:16:09.405  INFO     RX        /ERR/LOKO/0x00000002
15:16:09.405  INFO     RX        /ERR/LOKO/0x00000002
15:16:09.438  INFO     RX        /ERR/LOKO/0x00000002
15:16:09.438  INFO     RX        /ERR/LOKO/0x00000002
15:16:09.438  INFO     RX        /ERR/LOKO/0x00000002
15:16:09.474  INFO     RX        /ERR/LOKO/0x00000002
15:16:09.474  INFO     RX        /ERR/LOKO/0x00000002
15:16:09.474  INFO     RX        /ERR/LOKO/0x00000002
15:16:09.502  INFO     RX        /ERR/LOKO/0x00000002
15:16:09.503  INFO     RX        /ERR/LOKO/0x00000002
15:16:09.537  INFO     RX        /ERR/LOKO/0x00000002
15:16:09.538  INFO     RX        /ERR/LOKO/0x00000002
15:16:09.538  INFO     RX        /ERR/LOKO/0x00000002
15:16:09.567  INFO     RX        /ERR/LOKO/0x00000002
15:16:09.567  INFO     RX        /ERR/LOKO/0x00000002
15:16:09.567  INFO     RX        /ERR/LOKO/0x00000002
15:16:09.602  INFO     RX        /ERR/LOKO/0x00000002
15:16:09.602  INFO     RX        /ERR/LOKO/0x00000002
15:16:09.602  INFO     RX        /ERR/LOKO/0x00000002
15:16:09.631  INFO     RX        /ERR/LOKO/0x00000002
15:16:09.631  INFO     RX        /ERR/LOKO/0x00000002
15:16:09.758  INFO     RX        /ERR/LOKO/0x00000002
15:16:09.758  INFO     RX        /ERR/LOKO/0x00000002
15:16:09.758  INFO     RX        /ERR/LOKO/0x00000002
15:16:09.758  INFO     RX        /ERR/LOKO/0x00000002
15:16:09.758  INFO     RX        /ERR/LOKO/0x00000002
15:16:09.758  INFO     RX        /ERR/LOKO/0x00000002
15:16:09.758  INFO     RX        /ERR/LOKO/0x00000002
15:16:09.758  INFO     RX        /ERR/LOKO/0x00000002
15:16:09.759  INFO     RX        /ERR/LOKO/0x00000002
15:16:09.759  INFO     RX        /ERR/LOKO/0x00000002
15:16:09.759  INFO     RX        /ERR/LOKO/0x00000002
15:16:09.763  INFO     RX        /ERR/LOKO/0x00000002
15:16:09.791  INFO     RX        /ERR/LOKO/0x00000002
15:16:09.791  INFO     RX        /ERR/LOKO/0x00000002
15:16:09.824  INFO     RX        /ERR/LOKO/0x00000002
15:16:09.824  INFO     RX        /ERR/LOKO/0x00000002
15:16:09.824  INFO     RX        /ERR/LOKO/0x00000002
15:16:09.856  INFO     RX        /ERR/LOKO/0x00000002
15:16:09.856  INFO     RX        /ERR/LOKO/0x00000002
15:16:09.892  INFO     RX        /ERR/LOKO/0x00000002
15:16:09.892  INFO     RX        /ERR/LOKO/0x00000002
15:16:09.892  INFO     RX        /ERR/LOKO/0x00000002
15:16:09.921  INFO     RX        /ERR/LOKO/0x00000002
15:16:09.921  INFO     RX        /ERR/LOKO/0x00000002
15:16:09.921  INFO     RX        /ERR/LOKO/0x00000002
15:16:10.050  INFO     RX        /ERR/LOKO/0x00000002
15:16:10.050  INFO     RX        /ERR/LOKO/0x00000002
15:16:10.050  INFO     RX        /ERR/LOKO/0x00000002
15:16:10.050  INFO     RX        /ERR/LOKO/0x00000002
15:16:10.050  INFO     RX        /ERR/LOKO/0x00000002
15:16:10.050  INFO     RX        /ERR/LOKO/0x00000002
15:16:10.050  INFO     RX        /ERR/LOKO/0x00000002
15:16:10.050  INFO     RX        /ERR/LOKO/0x00000002
15:16:10.069  INFO     RX        /ERR/LOKO/0x00000002
15:16:10.069  INFO     RX        /ERR/LOKO/0x00000002
15:16:10.069  INFO     RX        /ERR/LOKO/0x00000002
15:16:10.069  INFO     RX        /ERR/LOKO/0x00000002
15:16:10.072  INFO     RX        /ERR/LOKO/0x00000002
15:16:10.085  INFO     RX        /ERR/LOKO/0x00000002
15:16:10.112  DEBUG    TX /CONTROLL/0,0,0,0,0,0,0,0,0
15:16:10.118  INFO     RX        /ERR/LOKO/0x00000002
15:16:10.118  INFO     RX        /ERR/LOKO/0x00000002
15:16:10.118  INFO     RX        /ERR/LOKO/0x00000002
15:16:10.148  INFO     RX        /ERR/LOKO/0x00000002
15:16:10.148  INFO     RX        /ERR/LOKO/0x00000002
15:16:10.183  INFO     RX        /ERR/LOKO/0x00000002
15:16:10.183  INFO     RX        /ERR/LOKO/0x00000002
15:16:10.183  INFO     RX        /ERR/LOKO/0x00000002
15:16:10.212  INFO     RX        /ERR/LOKO/0x00000002
15:16:10.213  INFO     RX        /ERR/LOKO/0x00000002
15:16:10.213  INFO     RX        /ERR/LOKO/0x00000002
15:16:10.248  INFO     RX        /ERR/LOKO/0x00000002
15:16:10.248  INFO     RX        /ERR/LOKO/0x00000002
15:16:10.248  INFO     RX        /ERR/LOKO/0x00000002
15:16:10.278  INFO     RX        /ERR/LOKO/0x00000002
15:16:10.278  INFO     RX        /ERR/LOKO/0x00000002
15:16:10.314  INFO     RX        /ERR/LOKO/0x00000002
15:16:10.314  INFO     RX        /ERR/LOKO/0x00000002
15:16:10.314  INFO     RX        /ERR/LOKO/0x00000002
15:16:10.343  INFO     RX        /ERR/LOKO/0x00000002
15:16:10.343  INFO     RX        /ERR/LOKO/0x00000002
15:16:10.343  INFO     RX        /ERR/LOKO/0x00000002
15:16:10.376  INFO     RX        /ERR/LOKO/0x00000002
15:16:10.376  INFO     RX        /ERR/LOKO/0x00000002
15:16:10.376  INFO     RX        /ERR/LOKO/0x00000002
15:16:10.408  INFO     RX        /ERR/LOKO/0x00000002
15:16:10.408  INFO     RX        /ERR/LOKO/0x00000002
15:16:10.443  INFO     RX        /ERR/LOKO/0x00000002
15:16:10.443  INFO     RX        /ERR/LOKO/0x00000002
15:16:10.443  INFO     RX        /ERR/LOKO/0x00000002
15:16:10.472  INFO     RX        /ERR/LOKO/0x00000002
15:16:10.472  INFO     RX        /ERR/LOKO/0x00000002
15:16:10.473  INFO     RX        /ERR/LOKO/0x00000002
15:16:10.504  INFO     RX        /ERR/LOKO/0x00000002
15:16:10.505  INFO     RX        /ERR/LOKO/0x00000002
15:16:10.505  INFO     RX        /ERR/LOKO/0x00000002
15:16:10.539  INFO     RX        /ERR/LOKO/0x00000002
15:16:10.539  INFO     RX        /ERR/LOKO/0x00000002
15:16:10.539  INFO     RX        /ERR/LOKO/0x00000002
15:16:10.568  INFO     RX        /ERR/LOKO/0x00000002
15:16:10.568  INFO     RX        /ERR/LOKO/0x00000002
15:16:10.603  INFO     RX        /ERR/LOKO/0x00000002
15:16:10.603  INFO     RX        /ERR/LOKO/0x00000002
15:16:10.603  INFO     RX        /ERR/LOKO/0x00000002
15:16:10.632  INFO     RX        /ERR/LOKO/0x00000002
15:16:10.632  INFO     RX        /ERR/LOKO/0x00000002
15:16:10.632  INFO     RX        /ERR/LOKO/0x00000002
15:16:10.667  INFO     RX        /ERR/LOKO/0x00000002
15:16:10.667  INFO     RX        /ERR/LOKO/0x00000002
15:16:10.668  INFO     RX        /ERR/LOKO/0x00000002
15:16:10.697  INFO     RX        /ERR/LOKO/0x00000002
15:16:10.697  INFO     RX        /ERR/LOKO/0x00000002
15:16:10.733  INFO     RX        /ERR/LOKO/0x00000002
15:16:10.733  INFO     RX        /ERR/LOKO/0x00000002
15:16:10.733  INFO     RX        /ERR/LOKO/0x00000002
15:16:10.761  INFO     RX        /ERR/LOKO/0x00000002
15:16:10.762  INFO     RX        /ERR/LOKO/0x00000002
15:16:10.762  INFO     RX        /ERR/LOKO/0x00000002
15:16:10.797  INFO     RX        /ERR/LOKO/0x00000002
15:16:10.797  INFO     RX        /ERR/LOKO/0x00000002
15:16:10.797  INFO     RX        /ERR/LOKO/0x00000002
15:16:10.830  INFO     RX        /ERR/LOKO/0x00000002
15:16:10.830  INFO     RX        /ERR/LOKO/0x00000002
15:16:10.862  INFO     RX        /ERR/LOKO/0x00000002
15:16:10.863  INFO     RX        /ERR/LOKO/0x00000002
15:16:10.863  INFO     RX        /ERR/LOKO/0x00000002
15:16:10.891  INFO     RX        /ERR/LOKO/0x00000002
15:16:10.891  INFO     RX        /ERR/LOKO/0x00000002
15:16:10.891  INFO     RX        /ERR/LOKO/0x00000002
15:16:10.927  INFO     RX        /ERR/LOKO/0x00000002
15:16:10.927  INFO     RX        /ERR/LOKO/0x00000002
15:16:10.927  INFO     RX        /ERR/LOKO/0x00000002
15:16:10.956  INFO     RX        /ERR/LOKO/0x00000002
15:16:10.957  INFO     RX        /ERR/LOKO/0x00000002
15:16:10.991  INFO     RX        /ERR/LOKO/0x00000002
15:16:10.991  INFO     RX        /ERR/LOKO/0x00000002
15:16:10.991  INFO     RX        /ERR/LOKO/0x00000002
15:16:11.023  INFO     RX        /ERR/LOKO/0x00000002
15:16:11.023  INFO     RX        /ERR/LOKO/0x00000002
15:16:11.023  INFO     RX        /ERR/LOKO/0x00000002
15:16:11.052  INFO     RX        /ERR/LOKO/0x00000002
15:16:11.052  INFO     RX        /ERR/LOKO/0x00000002
15:16:11.089  INFO     RX        /ERR/LOKO/0x00000002
15:16:11.089  INFO     RX        /ERR/LOKO/0x00000002
15:16:11.089  INFO     RX        /ERR/LOKO/0x00000002
15:16:11.089  INFO     RX        /ERR/LOKO/0x00000002
15:16:11.118  INFO     RX        /ERR/LOKO/0x00000002
15:16:11.118  INFO     RX        /ERR/LOKO/0x00000002
15:16:11.152  INFO     RX        /ERR/LOKO/0x00000002
15:16:11.152  INFO     RX        /ERR/LOKO/0x00000002
15:16:11.152  INFO     RX        /ERR/LOKO/0x00000002
15:16:11.182  INFO     RX        /ERR/LOKO/0x00000002
15:16:11.182  INFO     RX        /ERR/LOKO/0x00000002
15:16:11.182  INFO     RX        /ERR/LOKO/0x00000002
15:16:11.220  INFO     RX        /ERR/LOKO/0x00000002
15:16:11.220  INFO     RX        /ERR/LOKO/0x00000002
15:16:11.220  INFO     RX        /ERR/LOKO/0x00000002
15:16:11.250  INFO     RX        /ERR/LOKO/0x00000002
15:16:11.250  INFO     RX        /ERR/LOKO/0x00000002
15:16:11.283  INFO     RX        /ERR/LOKO/0x00000002
15:16:11.283  INFO     RX        /ERR/LOKO/0x00000002
15:16:11.283  INFO     RX        /ERR/LOKO/0x00000002
15:16:11.315  INFO     RX        /ERR/LOKO/0x00000002
15:16:11.315  INFO     RX        /ERR/LOKO/0x00000002
15:16:11.315  INFO     RX        /ERR/LOKO/0x00000002
15:16:11.345  INFO     RX        /ERR/LOKO/0x00000002
15:16:11.345  INFO     RX        /ERR/LOKO/0x00000002
15:16:11.379  INFO     RX        /ERR/LOKO/0x00000002
15:16:11.379  INFO     RX        /ERR/LOKO/0x00000002
15:16:11.379  INFO     RX        /ERR/LOKO/0x00000002
15:16:11.408  INFO     RX        /ERR/LOKO/0x00000002
15:16:11.408  INFO     RX        /ERR/LOKO/0x00000002
15:16:11.408  INFO     RX        /ERR/LOKO/0x00000002
15:16:11.440  INFO     RX        /ERR/LOKO/0x00000002
15:16:11.441  INFO     RX        /ERR/LOKO/0x00000002
15:16:11.475  INFO     RX        /ERR/LOKO/0x00000002
15:16:11.475  INFO     RX        /ERR/LOKO/0x00000002
15:16:11.475  INFO     RX        /ERR/LOKO/0x00000002
15:16:11.505  INFO     RX        /ERR/LOKO/0x00000002
15:16:11.505  INFO     RX        /ERR/LOKO/0x00000002
15:16:11.505  INFO     RX        /ERR/LOKO/0x00000002
15:16:11.541  INFO     RX        /ERR/LOKO/0x00000002
15:16:11.541  INFO     RX        /ERR/LOKO/0x00000002
15:16:11.541  INFO     RX        /ERR/LOKO/0x00000002
15:16:11.573  INFO     RX        /ERR/LOKO/0x00000002
15:16:11.573  INFO     RX        /ERR/LOKO/0x00000002
15:16:11.573  INFO     RX        /ERR/LOKO/0x00000002
15:16:11.606  INFO     RX        /ERR/LOKO/0x00000002
15:16:11.606  INFO     RX        /ERR/LOKO/0x00000002
15:16:11.606  INFO     RX        /ERR/LOKO/0x00000002
15:16:11.634  INFO     RX        /ERR/LOKO/0x00000002
15:16:11.634  INFO     RX        /ERR/LOKO/0x00000002
15:16:11.670  INFO     RX        /ERR/LOKO/0x00000002
15:16:11.671  INFO     RX        /ERR/LOKO/0x00000002
15:16:11.671  INFO     RX        /ERR/LOKO/0x00000002
15:16:11.701  INFO     RX        /ERR/LOKO/0x00000002
15:16:11.702  INFO     RX        /ERR/LOKO/0x00000002
15:16:11.702  INFO     RX        /ERR/LOKO/0x00000002
15:16:11.727  DEBUG    TX /CONTROLL/0,0,0,0,0,0,0,0,0
15:16:11.731  INFO     RX        /ERR/LOKO/0x00000002
15:16:11.731  INFO     RX        /ERR/LOKO/0x00000002
15:16:11.765  INFO     RX        /ERR/LOKO/0x00000002
15:16:11.766  INFO     RX        /ERR/LOKO/0x00000002
15:16:11.766  INFO     RX        /ERR/LOKO/0x00000002
15:16:11.797  INFO     RX        /ERR/LOKO/0x00000002
15:16:11.797  INFO     RX        /ERR/LOKO/0x00000002
15:16:11.797  INFO     RX        /ERR/LOKO/0x00000002
15:16:11.829  INFO     RX        /ERR/LOKO/0x00000002
15:16:11.829  INFO     RX        /ERR/LOKO/0x00000002
15:16:11.829  INFO     RX        /ERR/LOKO/0x00000002
15:16:11.864  INFO     RX        /ERR/LOKO/0x00000002
15:16:11.864  INFO     RX        /ERR/LOKO/0x00000002
15:16:11.864  INFO     RX        /ERR/LOKO/0x00000002
15:16:11.895  INFO     RX        /ERR/LOKO/0x00000002
15:16:11.896  INFO     RX        /ERR/LOKO/0x00000002
15:16:11.931  INFO     RX        /ERR/LOKO/0x00000002
15:16:11.932  INFO     RX        /ERR/LOKO/0x00000002
15:16:11.932  INFO     RX        /ERR/LOKO/0x00000002
15:16:11.962  INFO     RX        /ERR/LOKO/0x00000002
15:16:11.962  INFO     RX        /ERR/LOKO/0x00000002
15:16:11.962  INFO     RX        /ERR/LOKO/0x00000002
15:16:11.998  INFO     RX        /ERR/LOKO/0x00000002
15:16:11.998  INFO     RX        /ERR/LOKO/0x00000002
15:16:11.998  INFO     RX        /ERR/LOKO/0x00000002
15:16:12.030  INFO     RX        /ERR/LOKO/0x00000002
15:16:12.030  INFO     RX        /ERR/LOKO/0x00000002
15:16:12.030  INFO     RX        /ERR/LOKO/0x00000002
15:16:12.058  INFO     RX        /ERR/LOKO/0x00000002
15:16:12.058  INFO     RX        /ERR/LOKO/0x00000002
15:16:12.099  INFO     RX        /ERR/LOKO/0x00000002
15:16:12.099  INFO     RX        /ERR/LOKO/0x00000002
15:16:12.099  INFO     RX        /ERR/LOKO/0x00000002
15:16:12.099  INFO     RX        /ERR/LOKO/0x00000002
15:16:12.124  INFO     RX        /ERR/LOKO/0x00000002
15:16:12.125  INFO     RX        /ERR/LOKO/0x00000002
15:16:12.160  INFO     RX        /ERR/LOKO/0x00000002
15:16:12.160  INFO     RX        /ERR/LOKO/0x00000002
15:16:12.160  INFO     RX        /ERR/LOKO/0x00000002
15:16:12.189  INFO     RX        /ERR/LOKO/0x00000002
15:16:12.189  INFO     RX        /ERR/LOKO/0x00000002
15:16:12.225  INFO     RX        /ERR/LOKO/0x00000002
15:16:12.225  INFO     RX        /ERR/LOKO/0x00000002
15:16:12.225  INFO     RX        /ERR/LOKO/0x00000002
15:16:12.389  INFO     RX        /ERR/LOKO/0x00000002
15:16:12.389  INFO     RX        /ERR/LOKO/0x00000002
15:16:12.389  INFO     RX        /ERR/LOKO/0x00000002
15:16:12.389  INFO     RX        /ERR/LOKO/0x00000002
15:16:12.389  INFO     RX        /ERR/LOKO/0x00000002
15:16:12.390  INFO     RX        /ERR/LOKO/0x00000002
15:16:12.390  INFO     RX        /ERR/LOKO/0x00000002
15:16:12.390  INFO     RX        /ERR/LOKO/0x00000002
15:16:12.390  INFO     RX        /ERR/LOKO/0x00000002
15:16:12.390  INFO     RX        /ERR/LOKO/0x00000002
15:16:12.390  INFO     RX        /ERR/LOKO/0x00000002
15:16:12.390  INFO     RX        /ERR/LOKO/0x00000002
15:16:12.394  INFO     RX        /ERR/LOKO/0x00000002
15:16:12.394  INFO     RX        /ERR/LOKO/0x00000002
15:16:12.394  INFO     RX        /ERR/LOKO/0x00000002
15:16:12.415  INFO     RX        /ERR/LOKO/0x00000002
15:16:12.415  INFO     RX        /ERR/LOKO/0x00000002
15:16:12.450  INFO     RX        /ERR/LOKO/0x00000002
15:16:12.450  INFO     RX        /ERR/LOKO/0x00000002
15:16:12.450  INFO     RX        /ERR/LOKO/0x00000002
15:16:12.478  INFO     RX        /ERR/LOKO/0x00000002
15:16:12.478  INFO     RX        /ERR/LOKO/0x00000002
15:16:12.509  INFO     RX        /ERR/LOKO/0x00000002
15:16:12.509  INFO     RX        /ERR/LOKO/0x00000002
15:16:12.509  INFO     RX        /ERR/LOKO/0x00000002
15:16:12.545  INFO     RX        /ERR/LOKO/0x00000002
15:16:12.545  INFO     RX        /ERR/LOKO/0x00000002
15:16:12.545  INFO     RX        /ERR/LOKO/0x00000002
15:16:12.649  INFO     RX        /ERR/LOKO/0x00000002
15:16:12.649  INFO     RX        /ERR/LOKO/0x00000002
15:16:12.649  INFO     RX        /ERR/LOKO/0x00000002
15:16:12.649  INFO     RX        /ERR/LOKO/0x00000002
15:16:12.649  INFO     RX        /ERR/LOKO/0x00000002
15:16:12.649  INFO     RX        /ERR/LOKO/0x00000002
15:16:12.649  INFO     RX        /ERR/LOKO/0x00000002
15:16:12.649  INFO     RX        /ERR/LOKO/0x00000002
15:16:12.681  INFO     RX        /ERR/LOKO/0x00000002
15:16:12.681  INFO     RX        /ERR/LOKO/0x00000002
15:16:12.681  INFO     RX        /ERR/LOKO/0x00000002
15:16:12.684  INFO     RX        /ERR/LOKO/0x00000002
15:16:12.706  INFO     RX        /ERR/LOKO/0x00000002
15:16:12.738  INFO     RX        /ERR/LOKO/0x00000002
15:16:12.738  INFO     RX        /ERR/LOKO/0x00000002
15:16:12.739  INFO     RX        /ERR/LOKO/0x00000002
15:16:12.771  INFO     RX        /ERR/LOKO/0x00000002
15:16:12.771  INFO     RX        /ERR/LOKO/0x00000002
15:16:12.771  INFO     RX        /ERR/LOKO/0x00000002
15:16:12.802  INFO     RX        /ERR/LOKO/0x00000002
15:16:12.803  INFO     RX        /ERR/LOKO/0x00000002
15:16:12.803  INFO     RX        /ERR/LOKO/0x00000002
15:16:12.835  INFO     RX        /ERR/LOKO/0x00000002
15:16:12.835  INFO     RX        /ERR/LOKO/0x00000002
15:16:12.870  INFO     RX        /ERR/LOKO/0x00000002
15:16:12.870  INFO     RX        /ERR/LOKO/0x00000002
15:16:12.870  INFO     RX        /ERR/LOKO/0x00000002
15:16:12.899  INFO     RX        /ERR/LOKO/0x00000002
15:16:12.899  INFO     RX        /ERR/LOKO/0x00000002
15:16:12.899  INFO     RX        /ERR/LOKO/0x00000002
15:16:12.934  INFO     RX        /ERR/LOKO/0x00000002
15:16:12.934  INFO     RX        /ERR/LOKO/0x00000002
15:16:12.934  INFO     RX        /ERR/LOKO/0x00000002
15:16:12.966  INFO     RX        /ERR/LOKO/0x00000002
15:16:12.966  INFO     RX        /ERR/LOKO/0x00000002
15:16:12.966  INFO     RX        /ERR/LOKO/0x00000002
15:16:12.995  INFO     RX        /ERR/LOKO/0x00000002
15:16:12.996  INFO     RX        /ERR/LOKO/0x00000002
15:16:13.028  INFO     RX        /ERR/LOKO/0x00000002
15:16:13.028  INFO     RX        /ERR/LOKO/0x00000002
15:16:13.028  INFO     RX        /ERR/LOKO/0x00000002
15:16:13.063  INFO     RX        /ERR/LOKO/0x00000002
15:16:13.063  INFO     RX        /ERR/LOKO/0x00000002
15:16:13.063  INFO     RX        /ERR/LOKO/0x00000002
15:16:13.092  INFO     RX        /ERR/LOKO/0x00000002
15:16:13.092  INFO     RX        /ERR/LOKO/0x00000002
15:16:13.128  INFO     RX        /ERR/LOKO/0x00000002
15:16:13.128  INFO     RX        /ERR/LOKO/0x00000002
15:16:13.128  INFO     RX        /ERR/LOKO/0x00000002
15:16:13.157  INFO     RX        /ERR/LOKO/0x00000002
15:16:13.157  INFO     RX        /ERR/LOKO/0x00000002
15:16:13.157  INFO     RX        /ERR/LOKO/0x00000002
15:16:13.188  INFO     RX        /ERR/LOKO/0x00000002
15:16:13.188  INFO     RX        /ERR/LOKO/0x00000002
15:16:13.188  INFO     RX        /ERR/LOKO/0x00000002
15:16:13.226  INFO     RX        /ERR/LOKO/0x00000002
15:16:13.226  INFO     RX        /ERR/LOKO/0x00000002
15:16:13.226  INFO     RX        /ERR/LOKO/0x00000002
15:16:13.257  INFO     RX        /ERR/LOKO/0x00000002
15:16:13.257  INFO     RX        /ERR/LOKO/0x00000002
15:16:13.290  INFO     RX        /ERR/LOKO/0x00000002
15:16:13.290  INFO     RX        /ERR/LOKO/0x00000002
15:16:13.290  INFO     RX        /ERR/LOKO/0x00000002
15:16:13.323  INFO     RX        /ERR/LOKO/0x00000002
15:16:13.323  INFO     RX        /ERR/LOKO/0x00000002
15:16:13.323  INFO     RX        /ERR/LOKO/0x00000002
15:16:13.349  DEBUG    TX /CONTROLL/0,0,0,0,0,0,0,0,0
15:16:13.353  INFO     RX        /ERR/LOKO/0x00000002
15:16:13.378  INFO     RX        /ERR/LOKO/0x00000002
15:16:13.378  INFO     RX        /ERR/LOKO/0x00000002
15:16:13.389  INFO     RX        /ERR/LOKO/0x00000002
15:16:13.389  INFO     RX        /ERR/LOKO/0x00000002
15:16:13.389  INFO     RX        /ERR/LOKO/0x00000002
15:16:13.416  INFO     RX        /ERR/LOKO/0x00000002
15:16:13.416  INFO     RX        /ERR/LOKO/0x00000002
15:16:13.451  INFO     RX        /ERR/LOKO/0x00000002
15:16:13.451  INFO     RX        /ERR/LOKO/0x00000002
15:16:13.451  INFO     RX        /ERR/LOKO/0x00000002
15:16:13.480  INFO     RX        /ERR/LOKO/0x00000002
15:16:13.480  INFO     RX        /ERR/LOKO/0x00000002
15:16:13.480  INFO     RX        /ERR/LOKO/0x00000002
15:16:13.513  INFO     RX        /ERR/LOKO/0x00000002
15:16:13.513  INFO     RX        /ERR/LOKO/0x00000002
15:16:13.548  INFO     RX        /ERR/LOKO/0x00000002
15:16:13.548  INFO     RX        /ERR/LOKO/0x00000002
15:16:13.548  INFO     RX        /ERR/LOKO/0x00000002
15:16:13.577  INFO     RX        /ERR/LOKO/0x00000002
15:16:13.577  INFO     RX        /ERR/LOKO/0x00000002
15:16:13.577  INFO     RX        /ERR/LOKO/0x00000002
15:16:13.613  INFO     RX        /ERR/LOKO/0x00000002
15:16:13.613  INFO     RX        /ERR/LOKO/0x00000002
15:16:13.613  INFO     RX        /ERR/LOKO/0x00000002
15:16:13.641  INFO     RX        /ERR/LOKO/0x00000002
15:16:13.641  INFO     RX        /ERR/LOKO/0x00000002
15:16:13.678  INFO     RX        /ERR/LOKO/0x00000002
15:16:13.678  INFO     RX        /ERR/LOKO/0x00000002
15:16:13.678  INFO     RX        /ERR/LOKO/0x00000002
15:16:13.706  INFO     RX        /ERR/LOKO/0x00000002
15:16:13.706  INFO     RX        /ERR/LOKO/0x00000002
15:16:13.706  INFO     RX        /ERR/LOKO/0x00000002
15:16:13.741  INFO     RX        /ERR/LOKO/0x00000002
15:16:13.741  INFO     RX        /ERR/LOKO/0x00000002
15:16:13.742  INFO     RX        /ERR/LOKO/0x00000002
15:16:13.773  INFO     RX        /ERR/LOKO/0x00000002
15:16:13.773  INFO     RX        /ERR/LOKO/0x00000002
15:16:13.808  INFO     RX        /ERR/LOKO/0x00000002
15:16:13.808  INFO     RX        /ERR/LOKO/0x00000002
15:16:13.808  INFO     RX        /ERR/LOKO/0x00000002
15:16:13.834  INFO     RX        /ERR/LOKO/0x00000002
15:16:13.834  INFO     RX        /ERR/LOKO/0x00000002
15:16:13.834  INFO     RX        /ERR/LOKO/0x00000002
15:16:13.869  INFO     RX        /ERR/LOKO/0x00000002
15:16:13.870  INFO     RX        /ERR/LOKO/0x00000002
15:16:13.870  INFO     RX        /ERR/LOKO/0x00000002
15:16:13.898  INFO     RX        /ERR/LOKO/0x00000002
15:16:13.898  INFO     RX        /ERR/LOKO/0x00000002
15:16:13.933  INFO     RX        /ERR/LOKO/0x00000002
15:16:13.933  INFO     RX        /ERR/LOKO/0x00000002
15:16:13.933  INFO     RX        /ERR/LOKO/0x00000002
15:16:13.965  INFO     RX        /ERR/LOKO/0x00000002
15:16:13.966  INFO     RX        /ERR/LOKO/0x00000002
15:16:13.966  INFO     RX        /ERR/LOKO/0x00000002
15:16:13.994  INFO     RX        /ERR/LOKO/0x00000002
15:16:13.994  INFO     RX        /ERR/LOKO/0x00000002
15:16:14.028  INFO     RX        /ERR/LOKO/0x00000002
15:16:14.028  INFO     RX        /ERR/LOKO/0x00000002
15:16:14.029  INFO     RX        /ERR/LOKO/0x00000002
15:16:14.057  INFO     RX        /ERR/LOKO/0x00000002
15:16:14.057  INFO     RX        /ERR/LOKO/0x00000002
15:16:14.058  INFO     RX        /ERR/LOKO/0x00000002
15:16:14.092  INFO     RX        /ERR/LOKO/0x00000002
15:16:14.092  INFO     RX        /ERR/LOKO/0x00000002
15:16:14.092  INFO     RX        /ERR/LOKO/0x00000002
15:16:14.125  INFO     RX        /ERR/LOKO/0x00000002
15:16:14.126  INFO     RX        /ERR/LOKO/0x00000002
15:16:14.126  INFO     RX        /ERR/LOKO/0x00000002
15:16:14.160  INFO     RX        /ERR/LOKO/0x00000002
15:16:14.160  INFO     RX        /ERR/LOKO/0x00000002
15:16:14.187  INFO     RX        /ERR/LOKO/0x00000002
15:16:14.187  INFO     RX        /ERR/LOKO/0x00000002
15:16:14.187  INFO     RX        /ERR/LOKO/0x00000002
15:16:14.219  INFO     RX        /ERR/LOKO/0x00000002
15:16:14.219  INFO     RX        /ERR/LOKO/0x00000002
15:16:14.219  INFO     RX        /ERR/LOKO/0x00000002
15:16:14.254  INFO     RX        /ERR/LOKO/0x00000002
15:16:14.254  INFO     RX        /ERR/LOKO/0x00000002
15:16:14.287  INFO     RX        /ERR/LOKO/0x00000002
15:16:14.287  INFO     RX        /ERR/LOKO/0x00000002
15:16:14.287  INFO     RX        /ERR/LOKO/0x00000002
15:16:14.318  INFO     RX        /ERR/LOKO/0x00000002
15:16:14.318  INFO     RX        /ERR/LOKO/0x00000002
15:16:14.318  INFO     RX        /ERR/LOKO/0x00000002
15:16:14.347  INFO     RX        /ERR/LOKO/0x00000002
15:16:14.347  INFO     RX        /ERR/LOKO/0x00000002
15:16:14.382  INFO     RX        /ERR/LOKO/0x00000002
15:16:14.382  INFO     RX        /ERR/LOKO/0x00000002
15:16:14.382  INFO     RX        /ERR/LOKO/0x00000002
15:16:14.410  INFO     RX        /ERR/LOKO/0x00000002
15:16:14.410  INFO     RX        /ERR/LOKO/0x00000002
15:16:14.410  INFO     RX        /ERR/LOKO/0x00000002
15:16:14.445  INFO     RX        /ERR/LOKO/0x00000002
15:16:14.446  INFO     RX        /ERR/LOKO/0x00000002
15:16:14.446  INFO     RX        /ERR/LOKO/0x00000002
15:16:14.477  INFO     RX        /ERR/LOKO/0x00000002
15:16:14.478  INFO     RX        /ERR/LOKO/0x00000002
15:16:14.478  INFO     RX        /ERR/LOKO/0x00000002
15:16:14.506  INFO     RX        /ERR/LOKO/0x00000002
15:16:14.507  INFO     RX        /ERR/LOKO/0x00000002
15:16:14.542  INFO     RX        /ERR/LOKO/0x00000002
15:16:14.542  INFO     RX        /ERR/LOKO/0x00000002
15:16:14.542  INFO     RX        /ERR/LOKO/0x00000002
15:16:14.571  INFO     RX        /ERR/LOKO/0x00000002
15:16:14.571  INFO     RX        /ERR/LOKO/0x00000002
15:16:14.571  INFO     RX        /ERR/LOKO/0x00000002
15:16:14.607  INFO     RX        /ERR/LOKO/0x00000002
15:16:14.607  INFO     RX        /ERR/LOKO/0x00000002
15:16:14.607  INFO     RX        /ERR/LOKO/0x00000002
15:16:14.635  INFO     RX        /ERR/LOKO/0x00000002
15:16:14.636  INFO     RX        /ERR/LOKO/0x00000002
15:16:14.668  INFO     RX        /ERR/LOKO/0x00000002
15:16:14.668  INFO     RX        /ERR/LOKO/0x00000002
15:16:14.668  INFO     RX        /ERR/LOKO/0x00000002
15:16:14.702  INFO     RX        /ERR/LOKO/0x00000002
15:16:14.703  INFO     RX        /ERR/LOKO/0x00000002
15:16:14.703  INFO     RX        /ERR/LOKO/0x00000002
15:16:14.732  INFO     RX        /ERR/LOKO/0x00000002
15:16:14.732  INFO     RX        /ERR/LOKO/0x00000002
15:16:14.764  INFO     RX        /ERR/LOKO/0x00000002
15:16:14.764  INFO     RX        /ERR/LOKO/0x00000002
15:16:14.765  INFO     RX        /ERR/LOKO/0x00000002
15:16:14.799  INFO     RX        /ERR/LOKO/0x00000002
15:16:14.799  INFO     RX        /ERR/LOKO/0x00000002
15:16:14.799  INFO     RX        /ERR/LOKO/0x00000002
15:16:14.828  INFO     RX        /ERR/LOKO/0x00000002
15:16:14.828  INFO     RX        /ERR/LOKO/0x00000002
15:16:14.828  INFO     RX        /ERR/LOKO/0x00000002
15:16:14.953  DEBUG    TX /CONTROLL/0,0,0,0,0,0,0,0,0
15:16:15.073  INFO     RX        /ERR/LOKO/0x00000002
15:16:15.073  INFO     RX        /ERR/LOKO/0x00000002
15:16:15.073  INFO     RX        /ERR/LOKO/0x00000002
15:16:15.073  INFO     RX        /ERR/LOKO/0x00000002
15:16:15.073  INFO     RX        /ERR/LOKO/0x00000002
15:16:15.073  INFO     RX        /ERR/LOKO/0x00000002
15:16:15.073  INFO     RX        /ERR/LOKO/0x00000002
15:16:15.073  INFO     RX        /ERR/LOKO/0x00000002
15:16:15.073  INFO     RX        /ERR/LOKO/0x00000002
15:16:15.073  INFO     RX        /ERR/LOKO/0x00000002
15:16:15.073  INFO     RX        /ERR/LOKO/0x00000002
15:16:15.073  INFO     RX        /ERR/LOKO/0x00000002
15:16:15.073  INFO     RX        /ERR/LOKO/0x00000002
15:16:15.073  INFO     RX        /ERR/LOKO/0x00000002
15:16:15.073  INFO     RX        /ERR/LOKO/0x00000002
15:16:15.073  INFO     RX        /ERR/LOKO/0x00000002
15:16:15.073  INFO     RX        /ERR/LOKO/0x00000002
15:16:15.073  INFO     RX        /ERR/LOKO/0x00000002
15:16:15.073  INFO     RX        /ERR/LOKO/0x00000002
15:16:15.076  INFO     RX        /ERR/LOKO/0x00000002
15:16:15.076  INFO     RX        /ERR/LOKO/0x00000002
15:16:15.117  INFO     RX        /ERR/LOKO/0x00000002
15:16:15.117  INFO     RX        /ERR/LOKO/0x00000002
15:16:15.117  INFO     RX        /ERR/LOKO/0x00000002
15:16:15.247  INFO     RX        /ERR/LOKO/0x00000002
15:16:15.247  INFO     RX        /ERR/LOKO/0x00000002
15:16:15.247  INFO     RX        /ERR/LOKO/0x00000002
15:16:15.247  INFO     RX        /ERR/LOKO/0x00000002
15:16:15.247  INFO     RX        /ERR/LOKO/0x00000002
15:16:15.247  INFO     RX        /ERR/LOKO/0x00000002
15:16:15.247  INFO     RX        /ERR/LOKO/0x00000002
15:16:15.247  INFO     RX        /ERR/LOKO/0x00000002
15:16:15.255  INFO     RX        /ERR/LOKO/0x00000002
15:16:15.255  INFO     RX        /ERR/LOKO/0x00000002
15:16:15.255  INFO     RX        /ERR/LOKO/0x00000002
15:16:15.255  INFO     RX        /ERR/LOKO/0x00000002
15:16:15.264  INFO     RX        /ERR/LOKO/0x00000002
15:16:15.279  INFO     RX        /ERR/LOKO/0x00000002
15:16:15.314  INFO     RX        /ERR/LOKO/0x00000002
15:16:15.314  INFO     RX        /ERR/LOKO/0x00000002
15:16:15.314  INFO     RX        /ERR/LOKO/0x00000002
15:16:15.345  INFO     RX        /ERR/LOKO/0x00000002
15:16:15.345  INFO     RX        /ERR/LOKO/0x00000002
15:16:15.379  INFO     RX        /ERR/LOKO/0x00000002
15:16:15.379  INFO     RX        /ERR/LOKO/0x00000002
15:16:15.379  INFO     RX        /ERR/LOKO/0x00000002
15:16:15.408  INFO     RX        /ERR/LOKO/0x00000002
15:16:15.408  INFO     RX        /ERR/LOKO/0x00000002
15:16:15.408  INFO     RX        /ERR/LOKO/0x00000002
15:16:15.444  INFO     RX        /ERR/LOKO/0x00000002
15:16:15.444  INFO     RX        /ERR/LOKO/0x00000002
15:16:15.445  INFO     RX        /ERR/LOKO/0x00000002
15:16:15.472  INFO     RX        /ERR/LOKO/0x00000002
15:16:15.472  INFO     RX        /ERR/LOKO/0x00000002
15:16:15.507  INFO     RX        /ERR/LOKO/0x00000002
15:16:15.508  INFO     RX        /ERR/LOKO/0x00000002
15:16:15.508  INFO     RX        /ERR/LOKO/0x00000002
15:16:15.536  INFO     RX        /ERR/LOKO/0x00000002
15:16:15.536  INFO     RX        /ERR/LOKO/0x00000002
15:16:15.536  INFO     RX        /ERR/LOKO/0x00000002
15:16:15.568  INFO     RX        /ERR/LOKO/0x00000002
15:16:15.568  INFO     RX        /ERR/LOKO/0x00000002
15:16:15.604  INFO     RX        /ERR/LOKO/0x00000002
15:16:15.604  INFO     RX        /ERR/LOKO/0x00000002
15:16:15.604  INFO     RX        /ERR/LOKO/0x00000002
15:16:15.604  INFO     RX        /ERR/LOKO/0x00000002
15:16:15.632  INFO     RX        /ERR/LOKO/0x00000002
15:16:15.633  INFO     RX        /ERR/LOKO/0x00000002
15:16:15.668  INFO     RX        /ERR/LOKO/0x00000002
15:16:15.669  INFO     RX        /ERR/LOKO/0x00000002
15:16:15.669  INFO     RX        /ERR/LOKO/0x00000002
15:16:15.697  INFO     RX        /ERR/LOKO/0x00000002
15:16:15.697  INFO     RX        /ERR/LOKO/0x00000002
15:16:15.735  INFO     RX        /ERR/LOKO/0x00000002
15:16:15.735  INFO     RX        /ERR/LOKO/0x00000002
15:16:15.735  INFO     RX        /ERR/LOKO/0x00000002
15:16:15.735  INFO     RX        /ERR/LOKO/0x00000002
15:16:15.765  INFO     RX        /ERR/LOKO/0x00000002
15:16:15.765  INFO     RX        /ERR/LOKO/0x00000002
15:16:15.798  INFO     RX        /ERR/LOKO/0x00000002
15:16:15.798  INFO     RX        /ERR/LOKO/0x00000002
15:16:15.798  INFO     RX        /ERR/LOKO/0x00000002
15:16:15.828  INFO     RX        /ERR/LOKO/0x00000002
15:16:15.828  INFO     RX        /ERR/LOKO/0x00000002
15:16:15.828  INFO     RX        /ERR/LOKO/0x00000002
15:16:15.866  INFO     RX        /ERR/LOKO/0x00000002
15:16:15.866  INFO     RX        /ERR/LOKO/0x00000002
15:16:15.866  INFO     RX        /ERR/LOKO/0x00000002
15:16:15.898  INFO     RX        /ERR/LOKO/0x00000002
15:16:15.898  INFO     RX        /ERR/LOKO/0x00000002
15:16:15.898  INFO     RX        /ERR/LOKO/0x00000002
15:16:15.929  INFO     RX        /ERR/LOKO/0x00000002
15:16:15.929  INFO     RX        /ERR/LOKO/0x00000002
15:16:15.958  INFO     RX        /ERR/LOKO/0x00000002
15:16:15.958  INFO     RX        /ERR/LOKO/0x00000002
15:16:15.958  INFO     RX        /ERR/LOKO/0x00000002
15:16:15.989  INFO     RX        /ERR/LOKO/0x00000002
15:16:15.990  INFO     RX        /ERR/LOKO/0x00000002
15:16:16.026  INFO     RX        /ERR/LOKO/0x00000002
15:16:16.026  INFO     RX        /ERR/LOKO/0x00000002
15:16:16.026  INFO     RX        /ERR/LOKO/0x00000002
15:16:16.026  INFO     RX        /ERR/LOKO/0x00000002
15:16:16.058  INFO     RX        /ERR/LOKO/0x00000002
15:16:16.058  INFO     RX        /ERR/LOKO/0x00000002
15:16:16.093  INFO     RX        /ERR/LOKO/0x00000002
15:16:16.093  INFO     RX        /ERR/LOKO/0x00000002
15:16:16.093  INFO     RX        /ERR/LOKO/0x00000002
15:16:16.119  INFO     RX        /ERR/LOKO/0x00000002
15:16:16.119  INFO     RX        /ERR/LOKO/0x00000002
15:16:16.154  INFO     RX        /ERR/LOKO/0x00000002
15:16:16.154  INFO     RX        /ERR/LOKO/0x00000002
15:16:16.154  INFO     RX        /ERR/LOKO/0x00000002
15:16:16.185  INFO     RX        /ERR/LOKO/0x00000002
15:16:16.185  INFO     RX        /ERR/LOKO/0x00000002
15:16:16.185  INFO     RX        /ERR/LOKO/0x00000002
15:16:16.214  INFO     RX        /ERR/LOKO/0x00000002
15:16:16.214  INFO     RX        /ERR/LOKO/0x00000002
15:16:16.249  INFO     RX        /ERR/LOKO/0x00000002
15:16:16.249  INFO     RX        /ERR/LOKO/0x00000002
15:16:16.249  INFO     RX        /ERR/LOKO/0x00000002
15:16:16.278  INFO     RX        /ERR/LOKO/0x00000002
15:16:16.278  INFO     RX        /ERR/LOKO/0x00000002
15:16:16.278  INFO     RX        /ERR/LOKO/0x00000002
15:16:16.314  INFO     RX        /ERR/LOKO/0x00000002
15:16:16.314  INFO     RX        /ERR/LOKO/0x00000002
15:16:16.314  INFO     RX        /ERR/LOKO/0x00000002
15:16:16.345  INFO     RX        /ERR/LOKO/0x00000002
15:16:16.345  INFO     RX        /ERR/LOKO/0x00000002
15:16:16.345  INFO     RX        /ERR/LOKO/0x00000002
15:16:16.379  INFO     RX        /ERR/LOKO/0x00000002
15:16:16.380  INFO     RX        /ERR/LOKO/0x00000002
15:16:16.380  INFO     RX        /ERR/LOKO/0x00000002
15:16:16.406  INFO     RX        /ERR/LOKO/0x00000002
15:16:16.406  INFO     RX        /ERR/LOKO/0x00000002
15:16:16.444  INFO     RX        /ERR/LOKO/0x00000002
15:16:16.444  INFO     RX        /ERR/LOKO/0x00000002
15:16:16.444  INFO     RX        /ERR/LOKO/0x00000002
15:16:16.481  INFO     RX        /ERR/LOKO/0x00000002
15:16:16.481  INFO     RX        /ERR/LOKO/0x00000002
15:16:16.481  INFO     RX        /ERR/LOKO/0x00000002
15:16:16.504  INFO     RX        /ERR/LOKO/0x00000002
15:16:16.504  INFO     RX        /ERR/LOKO/0x00000002
15:16:16.536  INFO     RX        /ERR/LOKO/0x00000002
15:16:16.536  INFO     RX        /ERR/LOKO/0x00000002
15:16:16.536  INFO     RX        /ERR/LOKO/0x00000002
15:16:16.562  DEBUG    TX /CONTROLL/0,0,16,-77,0,0,0,0,0
15:16:16.570  INFO     RX        /ERR/LOKO/0x00000002
15:16:16.570  INFO     RX        /ERR/LOKO/0x00000002
15:16:16.570  INFO     RX        /ERR/LOKO/0x00000002
15:16:16.606  INFO     RX        /ERR/LOKO/0x00000002
15:16:16.606  INFO     RX        /ERR/LOKO/0x00000002
15:16:16.606  INFO     RX        /ERR/LOKO/0x00000002
15:16:16.631  INFO     RX        /ERR/LOKO/0x00000002
15:16:16.632  INFO     RX        /ERR/LOKO/0x00000002
15:16:16.668  INFO     RX        /ERR/LOKO/0x00000002
15:16:16.668  INFO     RX        /ERR/LOKO/0x00000002
15:16:16.668  INFO     RX        /ERR/LOKO/0x00000002
15:16:16.699  INFO     RX        /ERR/LOKO/0x00000002
15:16:16.699  INFO     RX        /ERR/LOKO/0x00000002
15:16:16.699  INFO     RX        /ERR/LOKO/0x00000002
15:16:16.733  INFO     RX        /ERR/LOKO/0x00000002
15:16:16.733  INFO     RX        /ERR/LOKO/0x00000002
15:16:16.734  INFO     RX        /ERR/LOKO/0x00000002
15:16:16.766  INFO     RX        /ERR/LOKO/0x00000002
15:16:16.766  INFO     RX        /ERR/LOKO/0x00000002
15:16:16.797  INFO     RX        /ERR/LOKO/0x00000002
15:16:16.797  INFO     RX        /ERR/LOKO/0x00000002
15:16:16.797  INFO     RX        /ERR/LOKO/0x00000002
15:16:16.827  INFO     RX        /ERR/LOKO/0x00000002
15:16:16.827  INFO     RX        /ERR/LOKO/0x00000002
15:16:16.827  INFO     RX        /ERR/LOKO/0x00000002
15:16:16.863  INFO     RX        /ERR/LOKO/0x00000002
15:16:16.863  INFO     RX        /ERR/LOKO/0x00000002
15:16:16.863  INFO     RX        /ERR/LOKO/0x00000002
15:16:16.892  INFO     RX        /ERR/LOKO/0x00000002
15:16:16.892  INFO     RX        /ERR/LOKO/0x00000002
15:16:16.923  INFO     RX        /ERR/LOKO/0x00000002
15:16:16.923  INFO     RX        /ERR/LOKO/0x00000002
15:16:16.923  INFO     RX        /ERR/LOKO/0x00000002
15:16:16.958  INFO     RX        /ERR/LOKO/0x00000002
15:16:16.959  INFO     RX        /ERR/LOKO/0x00000002
15:16:16.959  INFO     RX        /ERR/LOKO/0x00000002
15:16:16.991  INFO     RX        /ERR/LOKO/0x00000002
15:16:16.991  INFO     RX        /ERR/LOKO/0x00000002
15:16:16.992  INFO     RX        /ERR/LOKO/0x00000002
15:16:17.021  INFO     RX        /ERR/LOKO/0x00000002
15:16:17.021  INFO     RX        /ERR/LOKO/0x00000002
15:16:17.056  INFO     RX        /ERR/LOKO/0x00000002
15:16:17.056  INFO     RX        /ERR/LOKO/0x00000002
15:16:17.056  INFO     RX        /ERR/LOKO/0x00000002
15:16:17.085  INFO     RX        /ERR/LOKO/0x00000002
15:16:17.085  INFO     RX        /ERR/LOKO/0x00000002
15:16:17.085  INFO     RX        /ERR/LOKO/0x00000002
15:16:17.117  INFO     RX        /ERR/LOKO/0x00000002
15:16:17.118  INFO     RX        /ERR/LOKO/0x00000002
15:16:17.153  INFO     RX        /ERR/LOKO/0x00000002
15:16:17.153  INFO     RX        /ERR/LOKO/0x00000002
15:16:17.153  INFO     RX        /ERR/LOKO/0x00000002
15:16:17.181  INFO     RX        /ERR/LOKO/0x00000002
15:16:17.181  INFO     RX        /ERR/LOKO/0x00000002
15:16:17.181  INFO     RX        /ERR/LOKO/0x00000002
15:16:17.217  INFO     RX        /ERR/LOKO/0x00000002
15:16:17.217  INFO     RX        /ERR/LOKO/0x00000002
15:16:17.217  INFO     RX        /ERR/LOKO/0x00000002
15:16:17.246  INFO     RX        /ERR/LOKO/0x00000002
15:16:17.246  INFO     RX        /ERR/LOKO/0x00000002
15:16:17.281  INFO     RX        /ERR/LOKO/0x00000002
15:16:17.282  INFO     RX        /ERR/LOKO/0x00000002
15:16:17.282  INFO     RX        /ERR/LOKO/0x00000002
15:16:17.315  INFO     RX        /ERR/LOKO/0x00000002
15:16:17.315  INFO     RX        /ERR/LOKO/0x00000002
15:16:17.315  INFO     RX        /ERR/LOKO/0x00000002
15:16:17.343  INFO     RX        /ERR/LOKO/0x00000002
15:16:17.343  INFO     RX        /ERR/LOKO/0x00000002
15:16:17.343  INFO     RX        /ERR/LOKO/0x00000002
15:16:17.375  INFO     RX        /ERR/LOKO/0x00000002
15:16:17.375  INFO     RX        /ERR/LOKO/0x00000002
15:16:17.408  INFO     RX        /ERR/LOKO/0x00000002
15:16:17.408  INFO     RX        /ERR/LOKO/0x00000002
15:16:17.408  INFO     RX        /ERR/LOKO/0x00000002
15:16:17.442  INFO     RX        /ERR/LOKO/0x00000002
15:16:17.442  INFO     RX        /ERR/LOKO/0x00000002
15:16:17.442  INFO     RX        /ERR/LOKO/0x00000002
15:16:17.472  INFO     RX        /ERR/LOKO/0x00000002
15:16:17.472  INFO     RX        /ERR/LOKO/0x00000002
15:16:17.472  INFO     RX        /ERR/LOKO/0x00000002
15:16:17.506  INFO     RX        /ERR/LOKO/0x00000002
15:16:17.506  INFO     RX        /ERR/LOKO/0x00000002
15:16:17.506  INFO     RX        /ERR/LOKO/0x00000002
15:16:17.538  INFO     RX        /ERR/LOKO/0x00000002
15:16:17.538  INFO     RX        /ERR/LOKO/0x00000002
15:16:17.575  INFO     RX        /ERR/LOKO/0x00000002
15:16:17.575  INFO     RX        /ERR/LOKO/0x00000002
15:16:17.575  INFO     RX        /ERR/LOKO/0x00000002
15:16:17.603  INFO     RX        /ERR/LOKO/0x00000002
15:16:17.604  INFO     RX        /ERR/LOKO/0x00000002
15:16:17.604  INFO     RX        /ERR/LOKO/0x00000002
15:16:17.640  INFO     RX        /ERR/LOKO/0x00000002
15:16:17.640  INFO     RX        /ERR/LOKO/0x00000002
15:16:17.641  INFO     RX        /ERR/LOKO/0x00000002
15:16:17.669  INFO     RX        /ERR/LOKO/0x00000002
15:16:17.669  INFO     RX        /ERR/LOKO/0x00000002
15:16:17.703  INFO     RX        /ERR/LOKO/0x00000002
15:16:17.703  INFO     RX        /ERR/LOKO/0x00000002
15:16:17.703  INFO     RX        /ERR/LOKO/0x00000002
15:16:17.733  INFO     RX        /ERR/LOKO/0x00000002
15:16:17.733  INFO     RX        /ERR/LOKO/0x00000002
15:16:17.733  INFO     RX        /ERR/LOKO/0x00000002
15:16:17.856  INFO     RX        /ERR/LOKO/0x00000002
15:16:17.856  INFO     RX        /ERR/LOKO/0x00000002
15:16:17.856  INFO     RX        /ERR/LOKO/0x00000002
15:16:17.856  INFO     RX        /ERR/LOKO/0x00000002
15:16:17.856  INFO     RX        /ERR/LOKO/0x00000002
15:16:17.857  INFO     RX        /ERR/LOKO/0x00000002
15:16:17.857  INFO     RX        /ERR/LOKO/0x00000002
15:16:17.857  INFO     RX        /ERR/LOKO/0x00000002
15:16:17.864  INFO     RX        /ERR/LOKO/0x00000002
15:16:17.864  INFO     RX        /ERR/LOKO/0x00000002
15:16:17.864  INFO     RX        /ERR/LOKO/0x00000002
15:16:17.869  INFO     RX        /ERR/LOKO/0x00000002
15:16:17.893  INFO     RX        /ERR/LOKO/0x00000002
15:16:17.928  INFO     RX        /ERR/LOKO/0x00000002
15:16:17.928  INFO     RX        /ERR/LOKO/0x00000002
15:16:17.928  INFO     RX        /ERR/LOKO/0x00000002
15:16:17.957  INFO     RX        /ERR/LOKO/0x00000002
15:16:17.958  INFO     RX        /ERR/LOKO/0x00000002
15:16:17.958  INFO     RX        /ERR/LOKO/0x00000002
15:16:17.992  INFO     RX        /ERR/LOKO/0x00000002
15:16:17.992  INFO     RX        /ERR/LOKO/0x00000002
15:16:17.992  INFO     RX        /ERR/LOKO/0x00000002
15:16:18.022  INFO     RX        /ERR/LOKO/0x00000002
15:16:18.022  INFO     RX        /ERR/LOKO/0x00000002
15:16:18.057  INFO     RX        /ERR/LOKO/0x00000002
15:16:18.057  INFO     RX        /ERR/LOKO/0x00000002
15:16:18.057  INFO     RX        /ERR/LOKO/0x00000002
15:16:18.085  INFO     RX        /ERR/LOKO/0x00000002
15:16:18.085  INFO     RX        /ERR/LOKO/0x00000002
15:16:18.085  INFO     RX        /ERR/LOKO/0x00000002
15:16:18.121  INFO     RX        /ERR/LOKO/0x00000002
15:16:18.121  INFO     RX        /ERR/LOKO/0x00000002
15:16:18.121  INFO     RX        /ERR/LOKO/0x00000002
15:16:18.154  INFO     RX        /ERR/LOKO/0x00000002
15:16:18.155  INFO     RX        /ERR/LOKO/0x00000002
15:16:18.155  INFO     RX        /ERR/LOKO/0x00000002
15:16:18.180  DEBUG    TX /CONTROLL/0,0,19,-69,0,0,0,0,0
15:16:18.183  INFO     RX        /ERR/LOKO/0x00000002
15:16:18.183  INFO     RX        /ERR/LOKO/0x00000002
15:16:18.220  INFO     RX        /ERR/LOKO/0x00000002
15:16:18.220  INFO     RX        /ERR/LOKO/0x00000002
15:16:18.220  INFO     RX        /ERR/LOKO/0x00000002
15:16:18.250  INFO     RX        /ERR/LOKO/0x00000002
15:16:18.250  INFO     RX        /ERR/LOKO/0x00000002
15:16:18.250  INFO     RX        /ERR/LOKO/0x00000002
15:16:18.284  INFO     RX        /ERR/LOKO/0x00000002
15:16:18.284  INFO     RX        /ERR/LOKO/0x00000002
15:16:18.284  INFO     RX        /ERR/LOKO/0x00000002
15:16:18.312  INFO     RX        /ERR/LOKO/0x00000002
15:16:18.313  INFO     RX        /ERR/LOKO/0x00000002
15:16:18.347  INFO     RX        /ERR/LOKO/0x00000002
15:16:18.348  INFO     RX        /ERR/LOKO/0x00000002
15:16:18.348  INFO     RX        /ERR/LOKO/0x00000002
15:16:18.377  INFO     RX        /ERR/LOKO/0x00000002
15:16:18.377  INFO     RX        /ERR/LOKO/0x00000002
15:16:18.377  INFO     RX        /ERR/LOKO/0x00000002
15:16:18.410  INFO     RX        /ERR/LOKO/0x00000002
15:16:18.410  INFO     RX        /ERR/LOKO/0x00000002
15:16:18.410  INFO     RX        /ERR/LOKO/0x00000002
15:16:18.441  INFO     RX        /ERR/LOKO/0x00000002
15:16:18.441  INFO     RX        /ERR/LOKO/0x00000002
15:16:18.473  INFO     RX        /ERR/LOKO/0x00000002
15:16:18.473  INFO     RX        /ERR/LOKO/0x00000002
15:16:18.473  INFO     RX        /ERR/LOKO/0x00000002
15:16:18.508  INFO     RX        /ERR/LOKO/0x00000002
15:16:18.508  INFO     RX        /ERR/LOKO/0x00000002
15:16:18.508  INFO     RX        /ERR/LOKO/0x00000002
15:16:18.542  INFO     RX        /ERR/LOKO/0x00000002
15:16:18.542  INFO     RX        /ERR/LOKO/0x00000002
15:16:18.542  INFO     RX        /ERR/LOKO/0x00000002
15:16:18.575  INFO     RX        /ERR/LOKO/0x00000002
15:16:18.575  INFO     RX        /ERR/LOKO/0x00000002
15:16:18.611  INFO     RX        /ERR/LOKO/0x00000002
15:16:18.611  INFO     RX        /ERR/LOKO/0x00000002
15:16:18.611  INFO     RX        /ERR/LOKO/0x00000002
15:16:18.611  INFO     RX        /ERR/LOKO/0x00000002
15:16:18.638  INFO     RX        /ERR/LOKO/0x00000002
15:16:18.638  INFO     RX        /ERR/LOKO/0x00000002
15:16:18.674  INFO     RX        /ERR/LOKO/0x00000002
15:16:18.674  INFO     RX        /ERR/LOKO/0x00000002
15:16:18.674  INFO     RX        /ERR/LOKO/0x00000002
15:16:18.703  INFO     RX        /ERR/LOKO/0x00000002
15:16:18.703  INFO     RX        /ERR/LOKO/0x00000002
15:16:18.703  INFO     RX        /ERR/LOKO/0x00000002
15:16:18.738  INFO     RX        /ERR/LOKO/0x00000002
15:16:18.738  INFO     RX        /ERR/LOKO/0x00000002
15:16:18.769  INFO     RX        /ERR/LOKO/0x00000002
15:16:18.769  INFO     RX        /ERR/LOKO/0x00000002
15:16:18.769  INFO     RX        /ERR/LOKO/0x00000002
15:16:18.860  INFO     RX        /ERR/LOKO/0x00000002
15:16:18.860  INFO     RX        /ERR/LOKO/0x00000002
15:16:18.860  INFO     RX        /ERR/LOKO/0x00000002
15:16:18.860  INFO     RX        /ERR/LOKO/0x00000002
15:16:18.860  INFO     RX        /ERR/LOKO/0x00000002
15:16:18.860  INFO     RX        /ERR/LOKO/0x00000002
15:16:18.860  INFO     RX        /ERR/LOKO/0x00000002
15:16:18.860  INFO     RX        /ERR/LOKO/0x00000002
15:16:18.870  INFO     RX        /ERR/LOKO/0x00000002
15:16:18.896  INFO     RX        /ERR/LOKO/0x00000002
15:16:18.897  INFO     RX        /ERR/LOKO/0x00000002
15:16:18.930  INFO     RX        /ERR/LOKO/0x00000002
15:16:18.931  INFO     RX        /ERR/LOKO/0x00000002
15:16:18.931  INFO     RX        /ERR/LOKO/0x00000002
15:16:18.960  INFO     RX        /ERR/LOKO/0x00000002
15:16:18.960  INFO     RX        /ERR/LOKO/0x00000002
15:16:18.992  INFO     RX        /ERR/LOKO/0x00000002
15:16:18.992  INFO     RX        /ERR/LOKO/0x00000002
15:16:18.992  INFO     RX        /ERR/LOKO/0x00000002
15:16:19.028  INFO     RX        /ERR/LOKO/0x00000002
15:16:19.028  INFO     RX        /ERR/LOKO/0x00000002
15:16:19.028  INFO     RX        /ERR/LOKO/0x00000002
15:16:19.055  INFO     RX        /ERR/LOKO/0x00000002
15:16:19.055  INFO     RX        /ERR/LOKO/0x00000002
15:16:19.056  INFO     RX        /ERR/LOKO/0x00000002
15:16:19.091  INFO     RX        /ERR/LOKO/0x00000002
15:16:19.091  INFO     RX        /ERR/LOKO/0x00000002
15:16:19.091  INFO     RX        /ERR/LOKO/0x00000002
15:16:19.120  INFO     RX        /ERR/LOKO/0x00000002
15:16:19.120  INFO     RX        /ERR/LOKO/0x00000002
15:16:19.155  INFO     RX        /ERR/LOKO/0x00000002
15:16:19.155  INFO     RX        /ERR/LOKO/0x00000002
15:16:19.155  INFO     RX        /ERR/LOKO/0x00000002
15:16:19.183  INFO     RX        /ERR/LOKO/0x00000002
15:16:19.183  INFO     RX        /ERR/LOKO/0x00000002
15:16:19.218  INFO     RX        /ERR/LOKO/0x00000002
15:16:19.218  INFO     RX        /ERR/LOKO/0x00000002
15:16:19.218  INFO     RX        /ERR/LOKO/0x00000002
15:16:19.248  INFO     RX        /ERR/LOKO/0x00000002
15:16:19.248  INFO     RX        /ERR/LOKO/0x00000002
15:16:19.248  INFO     RX        /ERR/LOKO/0x00000002
15:16:19.281  INFO     RX        /ERR/LOKO/0x00000002
15:16:19.281  INFO     RX        /ERR/LOKO/0x00000002
15:16:19.281  INFO     RX        /ERR/LOKO/0x00000002
15:16:19.318  INFO     RX        /ERR/LOKO/0x00000002
15:16:19.318  INFO     RX        /ERR/LOKO/0x00000002
15:16:19.318  INFO     RX        /ERR/LOKO/0x00000002
15:16:19.348  INFO     RX        /ERR/LOKO/0x00000002
15:16:19.349  INFO     RX        /ERR/LOKO/0x00000002
15:16:19.383  INFO     RX        /ERR/LOKO/0x00000002
15:16:19.383  INFO     RX        /ERR/LOKO/0x00000002
15:16:19.384  INFO     RX        /ERR/LOKO/0x00000002
15:16:19.412  INFO     RX        /ERR/LOKO/0x00000002
15:16:19.412  INFO     RX        /ERR/LOKO/0x00000002
15:16:19.412  INFO     RX        /ERR/LOKO/0x00000002
15:16:19.446  INFO     RX        /ERR/LOKO/0x00000002
15:16:19.446  INFO     RX        /ERR/LOKO/0x00000002
15:16:19.446  INFO     RX        /ERR/LOKO/0x00000002
15:16:19.480  INFO     RX        /ERR/LOKO/0x00000002
15:16:19.480  INFO     RX        /ERR/LOKO/0x00000002
15:16:19.480  INFO     RX        /ERR/LOKO/0x00000002
15:16:19.509  INFO     RX        /ERR/LOKO/0x00000002
15:16:19.509  INFO     RX        /ERR/LOKO/0x00000002
15:16:19.545  INFO     RX        /ERR/LOKO/0x00000002
15:16:19.546  INFO     RX        /ERR/LOKO/0x00000002
15:16:19.546  INFO     RX        /ERR/LOKO/0x00000002
15:16:19.574  INFO     RX        /ERR/LOKO/0x00000002
15:16:19.575  INFO     RX        /ERR/LOKO/0x00000002
15:16:19.575  INFO     RX        /ERR/LOKO/0x00000002
15:16:19.610  INFO     RX        /ERR/LOKO/0x00000002
15:16:19.610  INFO     RX        /ERR/LOKO/0x00000002
15:16:19.610  INFO     RX        /ERR/LOKO/0x00000002
15:16:19.643  INFO     RX        /ERR/LOKO/0x00000002
15:16:19.643  INFO     RX        /ERR/LOKO/0x00000002
15:16:19.643  INFO     RX        /ERR/LOKO/0x00000002
15:16:19.671  INFO     RX        /ERR/LOKO/0x00000002
15:16:19.671  INFO     RX        /ERR/LOKO/0x00000002
15:16:19.704  INFO     RX        /ERR/LOKO/0x00000002
15:16:19.704  INFO     RX        /ERR/LOKO/0x00000002
15:16:19.704  INFO     RX        /ERR/LOKO/0x00000002
15:16:19.740  INFO     RX        /ERR/LOKO/0x00000002
15:16:19.740  INFO     RX        /ERR/LOKO/0x00000002
15:16:19.740  INFO     RX        /ERR/LOKO/0x00000002
15:16:19.769  INFO     RX        /ERR/LOKO/0x00000002
15:16:19.770  INFO     RX        /ERR/LOKO/0x00000002
15:16:19.797  DEBUG    TX /CONTROLL/0,0,0,0,0,0,0,0,0
15:16:19.804  INFO     RX        /ERR/LOKO/0x00000002
15:16:19.804  INFO     RX        /ERR/LOKO/0x00000002
15:16:19.804  INFO     RX        /ERR/LOKO/0x00000002
15:16:19.833  INFO     RX        /ERR/LOKO/0x00000002
15:16:19.833  INFO     RX        /ERR/LOKO/0x00000002
15:16:19.833  INFO     RX        /ERR/LOKO/0x00000002
15:16:19.865  INFO     RX        /ERR/LOKO/0x00000002
15:16:19.865  INFO     RX        /ERR/LOKO/0x00000002
15:16:19.865  INFO     RX        /ERR/LOKO/0x00000002
15:16:19.900  INFO     RX        /ERR/LOKO/0x00000002
15:16:19.900  INFO     RX        /ERR/LOKO/0x00000002
15:16:19.929  INFO     RX        /ERR/LOKO/0x00000002
15:16:19.929  INFO     RX        /ERR/LOKO/0x00000002
15:16:19.929  INFO     RX        /ERR/LOKO/0x00000002
15:16:19.960  INFO     RX        /ERR/LOKO/0x00000002
15:16:19.961  INFO     RX        /ERR/LOKO/0x00000002
15:16:19.961  INFO     RX        /ERR/LOKO/0x00000002
15:16:19.994  INFO     RX        /ERR/LOKO/0x00000002
15:16:19.994  INFO     RX        /ERR/LOKO/0x00000002
15:16:19.994  INFO     RX        /ERR/LOKO/0x00000002
15:16:20.031  INFO     RX        /ERR/LOKO/0x00000002
15:16:20.031  INFO     RX        /ERR/LOKO/0x00000002
15:16:20.032  INFO     RX        /ERR/LOKO/0x00000002
15:16:20.059  INFO     RX        /ERR/LOKO/0x00000002
15:16:20.059  INFO     RX        /ERR/LOKO/0x00000002
15:16:20.091  INFO     RX        /ERR/LOKO/0x00000002
15:16:20.091  INFO     RX        /ERR/LOKO/0x00000002
15:16:20.091  INFO     RX        /ERR/LOKO/0x00000002
15:16:20.120  INFO     RX        /ERR/LOKO/0x00000002
15:16:20.120  INFO     RX        /ERR/LOKO/0x00000002
15:16:20.155  INFO     RX        /ERR/LOKO/0x00000002
15:16:20.155  INFO     RX        /ERR/LOKO/0x00000002
15:16:20.155  INFO     RX        /ERR/LOKO/0x00000002
15:16:20.184  INFO     RX        /ERR/LOKO/0x00000002
15:16:20.184  INFO     RX        /ERR/LOKO/0x00000002
15:16:20.184  INFO     RX        /ERR/LOKO/0x00000002
15:16:20.219  INFO     RX        /ERR/LOKO/0x00000002
15:16:20.219  INFO     RX        /ERR/LOKO/0x00000002
15:16:20.219  INFO     RX        /ERR/LOKO/0x00000002
15:16:20.248  INFO     RX        /ERR/LOKO/0x00000002
15:16:20.248  INFO     RX        /ERR/LOKO/0x00000002
15:16:20.281  INFO     RX        /ERR/LOKO/0x00000002
15:16:20.281  INFO     RX        /ERR/LOKO/0x00000002
15:16:20.281  INFO     RX        /ERR/LOKO/0x00000002
15:16:20.315  INFO     RX        /ERR/LOKO/0x00000002
15:16:20.316  INFO     RX        /ERR/LOKO/0x00000002
15:16:20.316  INFO     RX        /ERR/LOKO/0x00000002
15:16:20.552  INFO     RX        /ERR/LOKO/0x00000002
15:16:20.553  INFO     RX        /ERR/LOKO/0x00000002
15:16:20.553  INFO     RX        /ERR/LOKO/0x00000002
15:16:20.553  INFO     RX        /ERR/LOKO/0x00000002
15:16:20.553  INFO     RX        /ERR/LOKO/0x00000002
15:16:20.553  INFO     RX        /ERR/LOKO/0x00000002
15:16:20.553  INFO     RX        /ERR/LOKO/0x00000002
15:16:20.553  INFO     RX        /ERR/LOKO/0x00000002
15:16:20.553  INFO     RX        /ERR/LOKO/0x00000002
15:16:20.553  INFO     RX        /ERR/LOKO/0x00000002
15:16:20.553  INFO     RX        /ERR/LOKO/0x00000002
15:16:20.553  INFO     RX        /ERR/LOKO/0x00000002
15:16:20.553  INFO     RX        /ERR/LOKO/0x00000002
15:16:20.553  INFO     RX        /ERR/LOKO/0x00000002
15:16:20.553  INFO     RX        /ERR/LOKO/0x00000002
15:16:20.553  INFO     RX        /ERR/LOKO/0x00000002
15:16:20.555  INFO     RX        /ERR/LOKO/0x00000002
15:16:20.555  INFO     RX        /ERR/LOKO/0x00000002
15:16:20.555  INFO     RX        /ERR/LOKO/0x00000002
15:16:20.556  INFO     RX        /ERR/LOKO/0x00000002
15:16:20.573  INFO     RX        /ERR/LOKO/0x00000002
15:16:20.573  INFO     RX        /ERR/LOKO/0x00000002
15:16:20.609  INFO     RX        /ERR/LOKO/0x00000002
15:16:20.610  INFO     RX        /ERR/LOKO/0x00000002
15:16:20.610  INFO     RX        /ERR/LOKO/0x00000002
15:16:20.642  INFO     RX        /ERR/LOKO/0x00000002
15:16:20.642  INFO     RX        /ERR/LOKO/0x00000002
15:16:20.642  INFO     RX        /ERR/LOKO/0x00000002
15:16:20.670  INFO     RX        /ERR/LOKO/0x00000002
15:16:20.670  INFO     RX        /ERR/LOKO/0x00000002
15:16:20.703  INFO     RX        /ERR/LOKO/0x00000002
15:16:20.703  INFO     RX        /ERR/LOKO/0x00000002
15:16:20.703  INFO     RX        /ERR/LOKO/0x00000002
15:16:20.738  INFO     RX        /ERR/LOKO/0x00000002
15:16:20.738  INFO     RX        /ERR/LOKO/0x00000002
15:16:20.738  INFO     RX        /ERR/LOKO/0x00000002
15:16:20.767  INFO     RX        /ERR/LOKO/0x00000002
15:16:20.767  INFO     RX        /ERR/LOKO/0x00000002
15:16:20.803  INFO     RX        /ERR/LOKO/0x00000002
15:16:20.804  INFO     RX        /ERR/LOKO/0x00000002
15:16:20.804  INFO     RX        /ERR/LOKO/0x00000002
15:16:20.804  INFO     RX        /ERR/LOKO/0x00000002
15:16:20.834  INFO     RX        /ERR/LOKO/0x00000002
15:16:20.834  INFO     RX        /ERR/LOKO/0x00000002
15:16:20.867  INFO     RX        /ERR/LOKO/0x00000002
15:16:20.867  INFO     RX        /ERR/LOKO/0x00000002
15:16:20.867  INFO     RX        /ERR/LOKO/0x00000002
15:16:20.903  INFO     RX        /ERR/LOKO/0x00000002
15:16:20.903  INFO     RX        /ERR/LOKO/0x00000002
15:16:20.903  INFO     RX        /ERR/LOKO/0x00000002
15:16:20.934  INFO     RX        /ERR/LOKO/0x00000002
15:16:20.934  INFO     RX        /ERR/LOKO/0x00000002
15:16:20.934  INFO     RX        /ERR/LOKO/0x00000002
15:16:20.966  INFO     RX        /ERR/LOKO/0x00000002
15:16:20.966  INFO     RX        /ERR/LOKO/0x00000002
15:16:20.996  INFO     RX        /ERR/LOKO/0x00000002
15:16:20.996  INFO     RX        /ERR/LOKO/0x00000002
15:16:20.996  INFO     RX        /ERR/LOKO/0x00000002
15:16:21.027  INFO     RX        /ERR/LOKO/0x00000002
15:16:21.027  INFO     RX        /ERR/LOKO/0x00000002
15:16:21.028  INFO     RX        /ERR/LOKO/0x00000002
15:16:21.062  INFO     RX        /ERR/LOKO/0x00000002
15:16:21.062  INFO     RX        /ERR/LOKO/0x00000002
15:16:21.062  INFO     RX        /ERR/LOKO/0x00000002
15:16:21.092  INFO     RX        /ERR/LOKO/0x00000002
15:16:21.092  INFO     RX        /ERR/LOKO/0x00000002
15:16:21.128  INFO     RX        /ERR/LOKO/0x00000002
15:16:21.128  INFO     RX        /ERR/LOKO/0x00000002
15:16:21.128  INFO     RX        /ERR/LOKO/0x00000002
15:16:21.157  INFO     RX        /ERR/LOKO/0x00000002
15:16:21.157  INFO     RX        /ERR/LOKO/0x00000002
15:16:21.157  INFO     RX        /ERR/LOKO/0x00000002
15:16:21.192  INFO     RX        /ERR/LOKO/0x00000002
15:16:21.192  INFO     RX        /ERR/LOKO/0x00000002
15:16:21.193  INFO     RX        /ERR/LOKO/0x00000002
15:16:21.221  INFO     RX        /ERR/LOKO/0x00000002
15:16:21.221  INFO     RX        /ERR/LOKO/0x00000002
15:16:21.253  INFO     RX        /ERR/LOKO/0x00000002
15:16:21.253  INFO     RX        /ERR/LOKO/0x00000002
15:16:21.253  INFO     RX        /ERR/LOKO/0x00000002
15:16:21.285  INFO     RX        /ERR/LOKO/0x00000002
15:16:21.285  INFO     RX        /ERR/LOKO/0x00000002
15:16:21.320  INFO     RX        /ERR/LOKO/0x00000002
15:16:21.320  INFO     RX        /ERR/LOKO/0x00000002
15:16:21.320  INFO     RX        /ERR/LOKO/0x00000002
15:16:21.320  INFO     RX        /ERR/LOKO/0x00000002
15:16:21.349  INFO     RX        /ERR/LOKO/0x00000002
15:16:21.349  INFO     RX        /ERR/LOKO/0x00000002
15:16:21.383  INFO     RX        /ERR/LOKO/0x00000002
15:16:21.383  INFO     RX        /ERR/LOKO/0x00000002
15:16:21.383  INFO     RX        /ERR/LOKO/0x00000002
15:16:21.410  DEBUG    TX /CONTROLL/0,0,0,0,0,0,0,0,0
15:16:21.417  INFO     RX        /ERR/LOKO/0x00000002
15:16:21.417  INFO     RX        /ERR/LOKO/0x00000002
15:16:21.417  INFO     RX        /ERR/LOKO/0x00000002
15:16:21.445  INFO     RX        /ERR/LOKO/0x00000002
15:16:21.445  INFO     RX        /ERR/LOKO/0x00000002
15:16:21.480  INFO     RX        /ERR/LOKO/0x00000002
15:16:21.480  INFO     RX        /ERR/LOKO/0x00000002
15:16:21.480  INFO     RX        /ERR/LOKO/0x00000002
15:16:21.510  INFO     RX        /ERR/LOKO/0x00000002
15:16:21.510  INFO     RX        /ERR/LOKO/0x00000002
15:16:21.510  INFO     RX        /ERR/LOKO/0x00000002
15:16:21.550  INFO     RX        /ERR/LOKO/0x00000002
15:16:21.550  INFO     RX        /ERR/LOKO/0x00000002
15:16:21.551  INFO     RX        /ERR/LOKO/0x00000002
15:16:21.574  INFO     RX        /ERR/LOKO/0x00000002
15:16:21.575  INFO     RX        /ERR/LOKO/0x00000002
15:16:21.609  INFO     RX        /ERR/LOKO/0x00000002
15:16:21.609  INFO     RX        /ERR/LOKO/0x00000002
15:16:21.609  INFO     RX        /ERR/LOKO/0x00000002
15:16:21.641  INFO     RX        /ERR/LOKO/0x00000002
15:16:21.641  INFO     RX        /ERR/LOKO/0x00000002
15:16:21.641  INFO     RX        /ERR/LOKO/0x00000002
15:16:21.674  INFO     RX        /ERR/LOKO/0x00000002
15:16:21.674  INFO     RX        /ERR/LOKO/0x00000002
15:16:21.674  INFO     RX        /ERR/LOKO/0x00000002
15:16:21.703  INFO     RX        /ERR/LOKO/0x00000002
15:16:21.703  INFO     RX        /ERR/LOKO/0x00000002
15:16:21.734  INFO     RX        /ERR/LOKO/0x00000002
15:16:21.734  INFO     RX        /ERR/LOKO/0x00000002
15:16:21.734  INFO     RX        /ERR/LOKO/0x00000002
15:16:21.766  INFO     RX        /ERR/LOKO/0x00000002
15:16:21.766  INFO     RX        /ERR/LOKO/0x00000002
15:16:21.766  INFO     RX        /ERR/LOKO/0x00000002
15:16:21.801  INFO     RX        /ERR/LOKO/0x00000002
15:16:21.801  INFO     RX        /ERR/LOKO/0x00000002
15:16:21.801  INFO     RX        /ERR/LOKO/0x00000002
15:16:21.831  INFO     RX        /ERR/LOKO/0x00000002
15:16:21.831  INFO     RX        /ERR/LOKO/0x00000002
15:16:21.867  INFO     RX        /ERR/LOKO/0x00000002
15:16:21.867  INFO     RX        /ERR/LOKO/0x00000002
15:16:21.867  INFO     RX        /ERR/LOKO/0x00000002
15:16:21.896  INFO     RX        /ERR/LOKO/0x00000002
15:16:21.896  INFO     RX        /ERR/LOKO/0x00000002
15:16:21.896  INFO     RX        /ERR/LOKO/0x00000002
15:16:21.930  INFO     RX        /ERR/LOKO/0x00000002
15:16:21.930  INFO     RX        /ERR/LOKO/0x00000002
15:16:21.930  INFO     RX        /ERR/LOKO/0x00000002
15:16:21.962  INFO     RX        /ERR/LOKO/0x00000002
15:16:21.962  INFO     RX        /ERR/LOKO/0x00000002
15:16:21.994  INFO     RX        /ERR/LOKO/0x00000002
15:16:21.994  INFO     RX        /ERR/LOKO/0x00000002
15:16:21.994  INFO     RX        /ERR/LOKO/0x00000002
15:16:22.023  INFO     RX        /ERR/LOKO/0x00000002
15:16:22.023  INFO     RX        /ERR/LOKO/0x00000002
15:16:22.023  INFO     RX        /ERR/LOKO/0x00000002
15:16:22.059  INFO     RX        /ERR/LOKO/0x00000002
15:16:22.059  INFO     RX        /ERR/LOKO/0x00000002
15:16:22.059  INFO     RX        /ERR/LOKO/0x00000002
15:16:22.089  INFO     RX        /ERR/LOKO/0x00000002
15:16:22.089  INFO     RX        /ERR/LOKO/0x00000002
15:16:22.122  INFO     RX        /ERR/LOKO/0x00000002
15:16:22.122  INFO     RX        /ERR/LOKO/0x00000002
15:16:22.122  INFO     RX        /ERR/LOKO/0x00000002
15:16:22.152  INFO     RX        /ERR/LOKO/0x00000002
15:16:22.153  INFO     RX        /ERR/LOKO/0x00000002
15:16:22.153  INFO     RX        /ERR/LOKO/0x00000002
15:16:22.184  INFO     RX        /ERR/LOKO/0x00000002
15:16:22.184  INFO     RX        /ERR/LOKO/0x00000002
15:16:22.219  INFO     RX        /ERR/LOKO/0x00000002
15:16:22.219  INFO     RX        /ERR/LOKO/0x00000002
15:16:22.219  INFO     RX        /ERR/LOKO/0x00000002
15:16:22.250  INFO     RX        /ERR/LOKO/0x00000002
15:16:22.250  INFO     RX        /ERR/LOKO/0x00000002
15:16:22.250  INFO     RX        /ERR/LOKO/0x00000002
15:16:22.284  INFO     RX        /ERR/LOKO/0x00000002
15:16:22.284  INFO     RX        /ERR/LOKO/0x00000002
15:16:22.284  INFO     RX        /ERR/LOKO/0x00000002
15:16:22.313  INFO     RX        /ERR/LOKO/0x00000002
15:16:22.314  INFO     RX        /ERR/LOKO/0x00000002
15:16:22.346  INFO     RX        /ERR/LOKO/0x00000002
15:16:22.346  INFO     RX        /ERR/LOKO/0x00000002
15:16:22.346  INFO     RX        /ERR/LOKO/0x00000002
15:16:22.378  INFO     RX        /ERR/LOKO/0x00000002
15:16:22.378  INFO     RX        /ERR/LOKO/0x00000002
15:16:22.378  INFO     RX        /ERR/LOKO/0x00000002
15:16:22.410  INFO     RX        /ERR/LOKO/0x00000002
15:16:22.410  INFO     RX        /ERR/LOKO/0x00000002
15:16:22.444  INFO     RX        /ERR/LOKO/0x00000002
15:16:22.445  INFO     RX        /ERR/LOKO/0x00000002
15:16:22.445  INFO     RX        /ERR/LOKO/0x00000002
15:16:22.473  INFO     RX        /ERR/LOKO/0x00000002
15:16:22.473  INFO     RX        /ERR/LOKO/0x00000002
15:16:22.473  INFO     RX        /ERR/LOKO/0x00000002
15:16:22.508  INFO     RX        /ERR/LOKO/0x00000002
15:16:22.508  INFO     RX        /ERR/LOKO/0x00000002
15:16:22.508  INFO     RX        /ERR/LOKO/0x00000002
15:16:22.538  INFO     RX        /ERR/LOKO/0x00000002
15:16:22.538  INFO     RX        /ERR/LOKO/0x00000002
15:16:22.573  INFO     RX        /ERR/LOKO/0x00000002
15:16:22.573  INFO     RX        /ERR/LOKO/0x00000002
15:16:22.573  INFO     RX        /ERR/LOKO/0x00000002
15:16:22.605  INFO     RX        /ERR/LOKO/0x00000002
15:16:22.605  INFO     RX        /ERR/LOKO/0x00000002
15:16:22.605  INFO     RX        /ERR/LOKO/0x00000002
15:16:22.633  INFO     RX        /ERR/LOKO/0x00000002
15:16:22.633  INFO     RX        /ERR/LOKO/0x00000002
15:16:22.668  INFO     RX        /ERR/LOKO/0x00000002
15:16:22.668  INFO     RX        /ERR/LOKO/0x00000002
15:16:22.668  INFO     RX        /ERR/LOKO/0x00000002
15:16:22.697  INFO     RX        /ERR/LOKO/0x00000002
15:16:22.697  INFO     RX        /ERR/LOKO/0x00000002
15:16:22.697  INFO     RX        /ERR/LOKO/0x00000002
15:16:22.733  INFO     RX        /ERR/LOKO/0x00000002
15:16:22.733  INFO     RX        /ERR/LOKO/0x00000002
15:16:22.733  INFO     RX        /ERR/LOKO/0x00000002
15:16:22.762  INFO     RX        /ERR/LOKO/0x00000002
15:16:22.762  INFO     RX        /ERR/LOKO/0x00000002
15:16:22.793  INFO     RX        /ERR/LOKO/0x00000002
15:16:22.793  INFO     RX        /ERR/LOKO/0x00000002
15:16:22.793  INFO     RX        /ERR/LOKO/0x00000002
15:16:22.829  INFO     RX        /ERR/LOKO/0x00000002
15:16:22.829  INFO     RX        /ERR/LOKO/0x00000002
15:16:22.829  INFO     RX        /ERR/LOKO/0x00000002
15:16:22.861  INFO     RX        /ERR/LOKO/0x00000002
15:16:22.862  INFO     RX        /ERR/LOKO/0x00000002
15:16:22.862  INFO     RX        /ERR/LOKO/0x00000002
15:16:22.894  INFO     RX        /ERR/LOKO/0x00000002
15:16:22.895  INFO     RX        /ERR/LOKO/0x00000002
15:16:22.895  INFO     RX        /ERR/LOKO/0x00000002
15:16:22.924  INFO     RX        /ERR/LOKO/0x00000002
15:16:22.924  INFO     RX        /ERR/LOKO/0x00000002
15:16:23.018  DEBUG    TX /CONTROLL/0,0,-25,0,0,0,0,0,0
15:16:23.067  INFO     RX        /ERR/LOKO/0x00000002
15:16:23.067  INFO     RX        /ERR/LOKO/0x00000002
15:16:23.068  INFO     RX        /ERR/LOKO/0x00000002
15:16:23.068  INFO     RX        /ERR/LOKO/0x00000002
15:16:23.068  INFO     RX        /ERR/LOKO/0x00000002
15:16:23.068  INFO     RX        /ERR/LOKO/0x00000002
15:16:23.068  INFO     RX        /ERR/LOKO/0x00000002
15:16:23.068  INFO     RX        /ERR/LOKO/0x00000002
15:16:23.072  INFO     RX        /ERR/LOKO/0x00000002
15:16:23.072  INFO     RX        /ERR/LOKO/0x00000002
15:16:23.072  INFO     RX        /ERR/LOKO/0x00000002
15:16:23.072  INFO     RX        /ERR/LOKO/0x00000002
15:16:23.072  INFO     RX        /ERR/LOKO/0x00000002
15:16:23.107  INFO     RX        /ERR/LOKO/0x00000002
15:16:23.107  INFO     RX        /ERR/LOKO/0x00000002
15:16:23.107  INFO     RX        /ERR/LOKO/0x00000002
15:16:23.115  INFO     RX        /ERR/LOKO/0x00000002
15:16:23.154  INFO     RX        /ERR/LOKO/0x00000002
15:16:23.154  INFO     RX        /ERR/LOKO/0x00000002
15:16:23.154  INFO     RX        /ERR/LOKO/0x00000002
15:16:23.186  INFO     RX        /ERR/LOKO/0x00000002
15:16:23.186  INFO     RX        /ERR/LOKO/0x00000002
15:16:23.186  INFO     RX        /ERR/LOKO/0x00000002
15:16:23.216  INFO     RX        /ERR/LOKO/0x00000002
15:16:23.216  INFO     RX        /ERR/LOKO/0x00000002
15:16:23.250  INFO     RX        /ERR/LOKO/0x00000002
15:16:23.251  INFO     RX        /ERR/LOKO/0x00000002
15:16:23.251  INFO     RX        /ERR/LOKO/0x00000002
15:16:23.282  INFO     RX        /ERR/LOKO/0x00000002
15:16:23.282  INFO     RX        /ERR/LOKO/0x00000002
15:16:23.282  INFO     RX        /ERR/LOKO/0x00000002
15:16:23.311  INFO     RX        /ERR/LOKO/0x00000002
15:16:23.312  INFO     RX        /ERR/LOKO/0x00000002
15:16:23.343  INFO     RX        /ERR/LOKO/0x00000002
15:16:23.343  INFO     RX        /ERR/LOKO/0x00000002
15:16:23.343  INFO     RX        /ERR/LOKO/0x00000002
15:16:23.378  INFO     RX        /ERR/LOKO/0x00000002
15:16:23.378  INFO     RX        /ERR/LOKO/0x00000002
15:16:23.378  INFO     RX        /ERR/LOKO/0x00000002
15:16:23.407  INFO     RX        /ERR/LOKO/0x00000002
15:16:23.407  INFO     RX        /ERR/LOKO/0x00000002
15:16:23.443  INFO     RX        /ERR/LOKO/0x00000002
15:16:23.443  INFO     RX        /ERR/LOKO/0x00000002
15:16:23.443  INFO     RX        /ERR/LOKO/0x00000002
15:16:23.470  INFO     RX        /ERR/LOKO/0x00000002
15:16:23.471  INFO     RX        /ERR/LOKO/0x00000002
15:16:23.471  INFO     RX        /ERR/LOKO/0x00000002
15:16:23.503  INFO     RX        /ERR/LOKO/0x00000002
15:16:23.503  INFO     RX        /ERR/LOKO/0x00000002
15:16:23.538  INFO     RX        /ERR/LOKO/0x00000002
15:16:23.538  INFO     RX        /ERR/LOKO/0x00000002
15:16:23.538  INFO     RX        /ERR/LOKO/0x00000002
15:16:23.571  INFO     RX        /ERR/LOKO/0x00000002
15:16:23.571  INFO     RX        /ERR/LOKO/0x00000002
15:16:23.571  INFO     RX        /ERR/LOKO/0x00000002
15:16:23.599  INFO     RX        /ERR/LOKO/0x00000002
15:16:23.599  INFO     RX        /ERR/LOKO/0x00000002
15:16:23.599  INFO     RX        /ERR/LOKO/0x00000002
15:16:23.631  INFO     RX        /ERR/LOKO/0x00000002
15:16:23.631  INFO     RX        /ERR/LOKO/0x00000002
15:16:23.665  INFO     RX        /ERR/LOKO/0x00000002
15:16:23.665  INFO     RX        /ERR/LOKO/0x00000002
15:16:23.665  INFO     RX        /ERR/LOKO/0x00000002
15:16:23.694  INFO     RX        /ERR/LOKO/0x00000002
15:16:23.694  INFO     RX        /ERR/LOKO/0x00000002
15:16:23.694  INFO     RX        /ERR/LOKO/0x00000002
15:16:23.731  INFO     RX        /ERR/LOKO/0x00000002
15:16:23.731  INFO     RX        /ERR/LOKO/0x00000002
15:16:23.731  INFO     RX        /ERR/LOKO/0x00000002
15:16:23.759  INFO     RX        /ERR/LOKO/0x00000002
15:16:23.759  INFO     RX        /ERR/LOKO/0x00000002
15:16:23.791  INFO     RX        /ERR/LOKO/0x00000002
15:16:23.792  INFO     RX        /ERR/LOKO/0x00000002
15:16:23.792  INFO     RX        /ERR/LOKO/0x00000002
15:16:23.826  INFO     RX        /ERR/LOKO/0x00000002
15:16:23.826  INFO     RX        /ERR/LOKO/0x00000002
15:16:23.826  INFO     RX        /ERR/LOKO/0x00000002
15:16:23.855  INFO     RX        /ERR/LOKO/0x00000002
15:16:23.855  INFO     RX        /ERR/LOKO/0x00000002
15:16:23.890  INFO     RX        /ERR/LOKO/0x00000002
15:16:23.890  INFO     RX        /ERR/LOKO/0x00000002
15:16:23.890  INFO     RX        /ERR/LOKO/0x00000002
15:16:23.891  INFO     RX        /ERR/LOKO/0x00000002
15:16:23.919  INFO     RX        /ERR/LOKO/0x00000002
15:16:23.920  INFO     RX        /ERR/LOKO/0x00000002
15:16:23.956  INFO     RX        /ERR/LOKO/0x00000002
15:16:23.956  INFO     RX        /ERR/LOKO/0x00000002
15:16:23.956  INFO     RX        /ERR/LOKO/0x00000002
15:16:23.985  INFO     RX        /ERR/LOKO/0x00000002
15:16:23.985  INFO     RX        /ERR/LOKO/0x00000002
15:16:23.986  INFO     RX        /ERR/LOKO/0x00000002
15:16:24.020  INFO     RX        /ERR/LOKO/0x00000002
15:16:24.020  INFO     RX        /ERR/LOKO/0x00000002
15:16:24.020  INFO     RX        /ERR/LOKO/0x00000002
15:16:24.049  INFO     RX        /ERR/LOKO/0x00000002
15:16:24.049  INFO     RX        /ERR/LOKO/0x00000002
15:16:24.080  INFO     RX        /ERR/LOKO/0x00000002
15:16:24.080  INFO     RX        /ERR/LOKO/0x00000002
15:16:24.080  INFO     RX        /ERR/LOKO/0x00000002
15:16:24.117  INFO     RX        /ERR/LOKO/0x00000002
15:16:24.117  INFO     RX        /ERR/LOKO/0x00000002
15:16:24.117  INFO     RX        /ERR/LOKO/0x00000002
15:16:24.146  INFO     RX        /ERR/LOKO/0x00000002
15:16:24.146  INFO     RX        /ERR/LOKO/0x00000002
15:16:24.182  INFO     RX        /ERR/LOKO/0x00000002
15:16:24.182  INFO     RX        /ERR/LOKO/0x00000002
15:16:24.182  INFO     RX        /ERR/LOKO/0x00000002
15:16:24.210  INFO     RX        /ERR/LOKO/0x00000002
15:16:24.210  INFO     RX        /ERR/LOKO/0x00000002
15:16:24.210  INFO     RX        /ERR/LOKO/0x00000002
15:16:24.243  INFO     RX        /ERR/LOKO/0x00000002
15:16:24.243  INFO     RX        /ERR/LOKO/0x00000002
15:16:24.243  INFO     RX        /ERR/LOKO/0x00000002
15:16:24.280  INFO     RX        /ERR/LOKO/0x00000002
15:16:24.280  INFO     RX        /ERR/LOKO/0x00000002
15:16:24.280  INFO     RX        /ERR/LOKO/0x00000002
15:16:24.308  INFO     RX        /ERR/LOKO/0x00000002
15:16:24.308  INFO     RX        /ERR/LOKO/0x00000002
15:16:24.342  INFO     RX        /ERR/LOKO/0x00000002
15:16:24.342  INFO     RX        /ERR/LOKO/0x00000002
15:16:24.342  INFO     RX        /ERR/LOKO/0x00000002
15:16:24.372  INFO     RX        /ERR/LOKO/0x00000002
15:16:24.372  INFO     RX        /ERR/LOKO/0x00000002
15:16:24.372  INFO     RX        /ERR/LOKO/0x00000002
15:16:24.407  INFO     RX        /ERR/LOKO/0x00000002
15:16:24.407  INFO     RX        /ERR/LOKO/0x00000002
15:16:24.407  INFO     RX        /ERR/LOKO/0x00000002
15:16:24.442  INFO     RX        /ERR/LOKO/0x00000002
15:16:24.442  INFO     RX        /ERR/LOKO/0x00000002
15:16:24.442  INFO     RX        /ERR/LOKO/0x00000002
15:16:24.471  INFO     RX        /ERR/LOKO/0x00000002
15:16:24.471  INFO     RX        /ERR/LOKO/0x00000002
15:16:24.502  INFO     RX        /ERR/LOKO/0x00000002
15:16:24.502  INFO     RX        /ERR/LOKO/0x00000002
15:16:24.502  INFO     RX        /ERR/LOKO/0x00000002
15:16:24.537  INFO     RX        /ERR/LOKO/0x00000002
15:16:24.538  INFO     RX        /ERR/LOKO/0x00000002
15:16:24.538  INFO     RX        /ERR/LOKO/0x00000002
15:16:24.570  INFO     RX        /ERR/LOKO/0x00000002
15:16:24.570  INFO     RX        /ERR/LOKO/0x00000002
15:16:24.601  INFO     RX        /ERR/LOKO/0x00000002
15:16:24.602  INFO     RX        /ERR/LOKO/0x00000002
15:16:24.602  INFO     RX        /ERR/LOKO/0x00000002
15:16:24.627  DEBUG    TX /CONTROLL/0,0,27,0,0,0,0,0,0
15:16:24.630  INFO     RX        /ERR/LOKO/0x00000002
15:16:24.630  INFO     RX        /ERR/LOKO/0x00000002
15:16:24.630  INFO     RX        /ERR/LOKO/0x00000002
15:16:24.662  INFO     RX        /ERR/LOKO/0x00000002
15:16:24.662  INFO     RX        /ERR/LOKO/0x00000002
15:16:24.701  INFO     RX        /ERR/LOKO/0x00000002
15:16:24.702  INFO     RX        /ERR/LOKO/0x00000002
15:16:24.702  INFO     RX        /ERR/LOKO/0x00000002
15:16:24.702  INFO     RX        /ERR/LOKO/0x00000002
15:16:24.726  INFO     RX        /ERR/LOKO/0x00000002
15:16:24.726  INFO     RX        /ERR/LOKO/0x00000002
15:16:24.758  INFO     RX        /ERR/LOKO/0x00000002
15:16:24.758  INFO     RX        /ERR/LOKO/0x00000002
15:16:24.758  INFO     RX        /ERR/LOKO/0x00000002
15:16:24.792  INFO     RX        /ERR/LOKO/0x00000002
15:16:24.792  INFO     RX        /ERR/LOKO/0x00000002
15:16:24.823  INFO     RX        /ERR/LOKO/0x00000002
15:16:24.823  INFO     RX        /ERR/LOKO/0x00000002
15:16:24.823  INFO     RX        /ERR/LOKO/0x00000002
15:16:24.856  INFO     RX        /ERR/LOKO/0x00000002
15:16:24.856  INFO     RX        /ERR/LOKO/0x00000002
15:16:24.856  INFO     RX        /ERR/LOKO/0x00000002
15:16:24.891  INFO     RX        /ERR/LOKO/0x00000002
15:16:24.891  INFO     RX        /ERR/LOKO/0x00000002
15:16:24.891  INFO     RX        /ERR/LOKO/0x00000002
15:16:24.920  INFO     RX        /ERR/LOKO/0x00000002
15:16:24.920  INFO     RX        /ERR/LOKO/0x00000002
15:16:24.955  INFO     RX        /ERR/LOKO/0x00000002
15:16:24.956  INFO     RX        /ERR/LOKO/0x00000002
15:16:24.956  INFO     RX        /ERR/LOKO/0x00000002
15:16:24.983  INFO     RX        /ERR/LOKO/0x00000002
15:16:24.984  INFO     RX        /ERR/LOKO/0x00000002
15:16:24.984  INFO     RX        /ERR/LOKO/0x00000002
15:16:25.016  INFO     RX        /ERR/LOKO/0x00000002
15:16:25.016  INFO     RX        /ERR/LOKO/0x00000002
15:16:25.016  INFO     RX        /ERR/LOKO/0x00000002
15:16:25.047  INFO     RX        /ERR/LOKO/0x00000002
15:16:25.048  INFO     RX        /ERR/LOKO/0x00000002
15:16:25.080  INFO     RX        /ERR/LOKO/0x00000002
15:16:25.080  INFO     RX        /ERR/LOKO/0x00000002
15:16:25.081  INFO     RX        /ERR/LOKO/0x00000002
15:16:25.116  INFO     RX        /ERR/LOKO/0x00000002
15:16:25.116  INFO     RX        /ERR/LOKO/0x00000002
15:16:25.116  INFO     RX        /ERR/LOKO/0x00000002
15:16:25.145  INFO     RX        /ERR/LOKO/0x00000002
15:16:25.145  INFO     RX        /ERR/LOKO/0x00000002
15:16:25.145  INFO     RX        /ERR/LOKO/0x00000002
15:16:25.181  INFO     RX        /ERR/LOKO/0x00000002
15:16:25.181  INFO     RX        /ERR/LOKO/0x00000002
15:16:25.181  INFO     RX        /ERR/LOKO/0x00000002
15:16:25.209  INFO     RX        /ERR/LOKO/0x00000002
15:16:25.210  INFO     RX        /ERR/LOKO/0x00000002
15:16:25.242  INFO     RX        /ERR/LOKO/0x00000002
15:16:25.242  INFO     RX        /ERR/LOKO/0x00000002
15:16:25.242  INFO     RX        /ERR/LOKO/0x00000002
15:16:25.273  INFO     RX        /ERR/LOKO/0x00000002
15:16:25.273  INFO     RX        /ERR/LOKO/0x00000002
15:16:25.305  INFO     RX        /ERR/LOKO/0x00000002
15:16:25.305  INFO     RX        /ERR/LOKO/0x00000002
15:16:25.305  INFO     RX        /ERR/LOKO/0x00000002
15:16:25.339  INFO     RX        /ERR/LOKO/0x00000002
15:16:25.339  INFO     RX        /ERR/LOKO/0x00000002
15:16:25.339  INFO     RX        /ERR/LOKO/0x00000002
15:16:25.370  INFO     RX        /ERR/LOKO/0x00000002
15:16:25.370  INFO     RX        /ERR/LOKO/0x00000002
15:16:25.370  INFO     RX        /ERR/LOKO/0x00000002
15:16:25.402  INFO     RX        /ERR/LOKO/0x00000002
15:16:25.402  INFO     RX        /ERR/LOKO/0x00000002
15:16:25.433  INFO     RX        /ERR/LOKO/0x00000002
15:16:25.434  INFO     RX        /ERR/LOKO/0x00000002
15:16:25.434  INFO     RX        /ERR/LOKO/0x00000002
15:16:25.470  INFO     RX        /ERR/LOKO/0x00000002
15:16:25.470  INFO     RX        /ERR/LOKO/0x00000002
15:16:25.470  INFO     RX        /ERR/LOKO/0x00000002
15:16:25.503  INFO     RX        /ERR/LOKO/0x00000002
15:16:25.503  INFO     RX        /ERR/LOKO/0x00000002
15:16:25.503  INFO     RX        /ERR/LOKO/0x00000002
15:16:25.532  INFO     RX        /ERR/LOKO/0x00000002
15:16:25.532  INFO     RX        /ERR/LOKO/0x00000002
15:16:25.532  INFO     RX        /ERR/LOKO/0x00000002
15:16:25.568  INFO     RX        /ERR/LOKO/0x00000002
15:16:25.568  INFO     RX        /ERR/LOKO/0x00000002
15:16:25.568  INFO     RX        /ERR/LOKO/0x00000002
15:16:25.598  INFO     RX        /ERR/LOKO/0x00000002
15:16:25.598  INFO     RX        /ERR/LOKO/0x00000002
15:16:25.630  INFO     RX        /ERR/LOKO/0x00000002
15:16:25.630  INFO     RX        /ERR/LOKO/0x00000002
15:16:25.630  INFO     RX        /ERR/LOKO/0x00000002
15:16:25.663  INFO     RX        /ERR/LOKO/0x00000002
15:16:25.663  INFO     RX        /ERR/LOKO/0x00000002
15:16:25.663  INFO     RX        /ERR/LOKO/0x00000002
15:16:25.692  INFO     RX        /ERR/LOKO/0x00000002
15:16:25.692  INFO     RX        /ERR/LOKO/0x00000002
15:16:25.726  INFO     RX        /ERR/LOKO/0x00000002
15:16:25.726  INFO     RX        /ERR/LOKO/0x00000002
15:16:25.726  INFO     RX        /ERR/LOKO/0x00000002
15:16:25.756  INFO     RX        /ERR/LOKO/0x00000002
15:16:25.757  INFO     RX        /ERR/LOKO/0x00000002
15:16:25.757  INFO     RX        /ERR/LOKO/0x00000002
15:16:25.789  INFO     RX        /ERR/LOKO/0x00000002
15:16:25.789  INFO     RX        /ERR/LOKO/0x00000002
15:16:25.827  INFO     RX        /ERR/LOKO/0x00000002
15:16:25.827  INFO     RX        /ERR/LOKO/0x00000002
15:16:25.827  INFO     RX        /ERR/LOKO/0x00000002
15:16:25.827  INFO     RX        /ERR/LOKO/0x00000002
15:16:25.854  INFO     RX        /ERR/LOKO/0x00000002
15:16:25.854  INFO     RX        /ERR/LOKO/0x00000002
15:16:25.889  INFO     RX        /ERR/LOKO/0x00000002
15:16:25.889  INFO     RX        /ERR/LOKO/0x00000002
15:16:25.889  INFO     RX        /ERR/LOKO/0x00000002
15:16:25.918  INFO     RX        /ERR/LOKO/0x00000002
15:16:25.918  INFO     RX        /ERR/LOKO/0x00000002
15:16:25.950  INFO     RX        /ERR/LOKO/0x00000002
15:16:25.950  INFO     RX        /ERR/LOKO/0x00000002
15:16:25.950  INFO     RX        /ERR/LOKO/0x00000002
15:16:25.982  INFO     RX        /ERR/LOKO/0x00000002
15:16:25.982  INFO     RX        /ERR/LOKO/0x00000002
15:16:25.982  INFO     RX        /ERR/LOKO/0x00000002
15:16:26.015  INFO     RX        /ERR/LOKO/0x00000002
15:16:26.015  INFO     RX        /ERR/LOKO/0x00000002
15:16:26.015  INFO     RX        /ERR/LOKO/0x00000002
15:16:26.049  INFO     RX        /ERR/LOKO/0x00000002
15:16:26.049  INFO     RX        /ERR/LOKO/0x00000002
15:16:26.049  INFO     RX        /ERR/LOKO/0x00000002
15:16:26.081  INFO     RX        /ERR/LOKO/0x00000002
15:16:26.081  INFO     RX        /ERR/LOKO/0x00000002
15:16:26.115  INFO     RX        /ERR/LOKO/0x00000002
15:16:26.115  INFO     RX        /ERR/LOKO/0x00000002
15:16:26.115  INFO     RX        /ERR/LOKO/0x00000002
15:16:26.145  INFO     RX        /ERR/LOKO/0x00000002
15:16:26.145  INFO     RX        /ERR/LOKO/0x00000002
15:16:26.145  INFO     RX        /ERR/LOKO/0x00000002
15:16:26.179  INFO     RX        /ERR/LOKO/0x00000002
15:16:26.179  INFO     RX        /ERR/LOKO/0x00000002
15:16:26.179  INFO     RX        /ERR/LOKO/0x00000002
15:16:26.209  INFO     RX        /ERR/LOKO/0x00000002
15:16:26.209  INFO     RX        /ERR/LOKO/0x00000002
15:16:26.238  DEBUG    TX /CONTROLL/0,0,27,0,0,0,0,0,0
15:16:26.244  INFO     RX        /ERR/LOKO/0x00000002
15:16:26.244  INFO     RX        /ERR/LOKO/0x00000002
15:16:26.244  INFO     RX        /ERR/LOKO/0x00000002
15:16:26.374  INFO     RX        /ERR/LOKO/0x00000002
15:16:26.375  INFO     RX        /ERR/LOKO/0x00000002
15:16:26.375  INFO     RX        /ERR/LOKO/0x00000002
15:16:26.375  INFO     RX        /ERR/LOKO/0x00000002
15:16:26.375  INFO     RX        /ERR/LOKO/0x00000002
15:16:26.375  INFO     RX        /ERR/LOKO/0x00000002
15:16:26.375  INFO     RX        /ERR/LOKO/0x00000002
15:16:26.375  INFO     RX        /ERR/LOKO/0x00000002
15:16:26.376  INFO     RX        /ERR/LOKO/0x00000002
15:16:26.376  INFO     RX        /ERR/LOKO/0x00000002
15:16:26.376  INFO     RX        /ERR/LOKO/0x00000002
15:16:26.378  INFO     RX        /ERR/LOKO/0x00000002
15:16:26.402  INFO     RX        /ERR/LOKO/0x00000002
15:16:26.402  INFO     RX        /ERR/LOKO/0x00000002
15:16:26.505  INFO     RX        /ERR/LOKO/0x00000002
15:16:26.505  INFO     RX        /ERR/LOKO/0x00000002
15:16:26.505  INFO     RX        /ERR/LOKO/0x00000002
15:16:26.505  INFO     RX        /ERR/LOKO/0x00000002
15:16:26.505  INFO     RX        /ERR/LOKO/0x00000002
15:16:26.505  INFO     RX        /ERR/LOKO/0x00000002
15:16:26.505  INFO     RX        /ERR/LOKO/0x00000002
15:16:26.506  INFO     RX        /ERR/LOKO/0x00000002
15:16:26.509  INFO     RX        /ERR/LOKO/0x00000002
15:16:26.530  INFO     RX        /ERR/LOKO/0x00000002
15:16:26.530  INFO     RX        /ERR/LOKO/0x00000002
15:16:26.641  INFO     RX        /ERR/LOKO/0x00000002
15:16:26.641  INFO     RX        /ERR/LOKO/0x00000002
15:16:26.641  INFO     RX        /ERR/LOKO/0x00000002
15:16:26.641  INFO     RX        /ERR/LOKO/0x00000002
15:16:26.641  INFO     RX        /ERR/LOKO/0x00000002
15:16:26.641  INFO     RX        /ERR/LOKO/0x00000002
15:16:26.641  INFO     RX        /ERR/LOKO/0x00000002
15:16:26.643  INFO     RX        /ERR/LOKO/0x00000002
15:16:26.643  INFO     RX        /ERR/LOKO/0x00000002
15:16:26.648  INFO     RX        /ERR/LOKO/0x00000002
15:16:26.666  INFO     RX        /ERR/LOKO/0x00000002
15:16:26.779  INFO     RX        /ERR/LOKO/0x00000002
15:16:26.780  INFO     RX        /ERR/LOKO/0x00000002
15:16:26.780  INFO     RX        /ERR/LOKO/0x00000002
15:16:26.780  INFO     RX        /ERR/LOKO/0x00000002
15:16:26.780  INFO     RX        /ERR/LOKO/0x00000002
15:16:26.780  INFO     RX        /ERR/LOKO/0x00000002
15:16:26.780  INFO     RX        /ERR/LOKO/0x00000002
15:16:26.780  INFO     RX        /ERR/LOKO/0x00000002
15:16:26.780  INFO     RX        /ERR/LOKO/0x00000002
15:16:26.780  INFO     RX        /ERR/LOKO/0x00000002
15:16:26.794  INFO     RX        /ERR/LOKO/0x00000002
15:16:26.909  INFO     RX        /ERR/LOKO/0x00000002
15:16:26.909  INFO     RX        /ERR/LOKO/0x00000002
15:16:26.909  INFO     RX        /ERR/LOKO/0x00000002
15:16:26.909  INFO     RX        /ERR/LOKO/0x00000002
15:16:26.909  INFO     RX        /ERR/LOKO/0x00000002
15:16:26.909  INFO     RX        /ERR/LOKO/0x00000002
15:16:26.909  INFO     RX        /ERR/LOKO/0x00000002
15:16:26.909  INFO     RX        /ERR/LOKO/0x00000002
15:16:26.910  INFO     RX        /ERR/LOKO/0x00000002
15:16:26.910  INFO     RX        /ERR/LOKO/0x00000002
15:16:26.917  INFO     RX        /ERR/LOKO/0x00000002
15:16:27.046  INFO     RX        /ERR/LOKO/0x00000002
15:16:27.046  INFO     RX        /ERR/LOKO/0x00000002
15:16:27.046  INFO     RX        /ERR/LOKO/0x00000002
15:16:27.046  INFO     RX        /ERR/LOKO/0x00000002
15:16:27.046  INFO     RX        /ERR/LOKO/0x00000002
15:16:27.046  INFO     RX        /ERR/LOKO/0x00000002
15:16:27.046  INFO     RX        /ERR/LOKO/0x00000002
15:16:27.046  INFO     RX        /ERR/LOKO/0x00000002
15:16:27.046  INFO     RX        /ERR/LOKO/0x00000002
15:16:27.046  INFO     RX        /ERR/LOKO/0x00000002
15:16:27.052  INFO     RX        /ERR/LOKO/0x00000002
15:16:27.058  INFO     RX        /ERR/LOKO/0x00000002
15:16:27.085  INFO     RX        /ERR/LOKO/0x00000002
15:16:27.085  INFO     RX        /ERR/LOKO/0x00000002
15:16:27.181  INFO     RX        /ERR/LOKO/0x00000002
15:16:27.181  INFO     RX        /ERR/LOKO/0x00000002
15:16:27.181  INFO     RX        /ERR/LOKO/0x00000002
15:16:27.181  INFO     RX        /ERR/LOKO/0x00000002
15:16:27.181  INFO     RX        /ERR/LOKO/0x00000002
15:16:27.181  INFO     RX        /ERR/LOKO/0x00000002
15:16:27.181  INFO     RX        /ERR/LOKO/0x00000002
15:16:27.181  INFO     RX        /ERR/LOKO/0x00000002
15:16:27.187  INFO     RX        /ERR/LOKO/0x00000002
15:16:27.216  INFO     RX        /ERR/LOKO/0x00000002
15:16:27.216  INFO     RX        /ERR/LOKO/0x00000002
15:16:27.316  INFO     RX        /ERR/LOKO/0x00000002
15:16:27.317  INFO     RX        /ERR/LOKO/0x00000002
15:16:27.317  INFO     RX        /ERR/LOKO/0x00000002
15:16:27.317  INFO     RX        /ERR/LOKO/0x00000002
15:16:27.317  INFO     RX        /ERR/LOKO/0x00000002
15:16:27.317  INFO     RX        /ERR/LOKO/0x00000002
15:16:27.317  INFO     RX        /ERR/LOKO/0x00000002
15:16:27.317  INFO     RX        /ERR/LOKO/0x00000002
15:16:27.317  INFO     RX        /ERR/LOKO/0x00000002
15:16:27.339  INFO     RX        /ERR/LOKO/0x00000002
15:16:27.451  INFO     RX        /ERR/LOKO/0x00000002
15:16:27.451  INFO     RX        /ERR/LOKO/0x00000002
15:16:27.451  INFO     RX        /ERR/LOKO/0x00000002
15:16:27.451  INFO     RX        /ERR/LOKO/0x00000002
15:16:27.451  INFO     RX        /ERR/LOKO/0x00000002
15:16:27.451  INFO     RX        /ERR/LOKO/0x00000002
15:16:27.451  INFO     RX        /ERR/LOKO/0x00000002
15:16:27.451  INFO     RX        /ERR/LOKO/0x00000002
15:16:27.452  INFO     RX        /ERR/LOKO/0x00000002
15:16:27.452  INFO     RX        /ERR/LOKO/0x00000002
15:16:27.467  INFO     RX        /ERR/LOKO/0x00000002
15:16:27.556  INFO     RX        /ERR/LOKO/0x00000002
15:16:27.556  INFO     RX        /ERR/LOKO/0x00000002
15:16:27.556  INFO     RX        /ERR/LOKO/0x00000002
15:16:27.556  INFO     RX        /ERR/LOKO/0x00000002
15:16:27.556  INFO     RX        /ERR/LOKO/0x00000002
15:16:27.556  INFO     RX        /ERR/LOKO/0x00000002
15:16:27.556  INFO     RX        /ERR/LOKO/0x00000002
15:16:27.556  INFO     RX        /ERR/LOKO/0x00000002
15:16:27.562  INFO     RX        /ERR/LOKO/0x00000002
15:16:27.596  INFO     RX        /ERR/LOKO/0x00000002
15:16:27.596  INFO     RX        /ERR/LOKO/0x00000002
15:16:27.726  INFO     RX        /ERR/LOKO/0x00000002
15:16:27.726  INFO     RX        /ERR/LOKO/0x00000002
15:16:27.726  INFO     RX        /ERR/LOKO/0x00000002
15:16:27.726  INFO     RX        /ERR/LOKO/0x00000002
15:16:27.726  INFO     RX        /ERR/LOKO/0x00000002
15:16:27.726  INFO     RX        /ERR/LOKO/0x00000002
15:16:27.726  INFO     RX        /ERR/LOKO/0x00000002
15:16:27.726  INFO     RX        /ERR/LOKO/0x00000002
15:16:27.728  INFO     RX        /ERR/LOKO/0x00000002
15:16:27.728  INFO     RX        /ERR/LOKO/0x00000002
15:16:27.728  INFO     RX        /ERR/LOKO/0x00000002
15:16:27.728  INFO     RX        /ERR/LOKO/0x00000002
15:16:27.756  INFO     RX        /ERR/LOKO/0x00000002
15:16:27.756  INFO     RX        /ERR/LOKO/0x00000002
15:16:27.837  INFO     RX        /ERR/LOKO/0x00000002
15:16:27.838  INFO     RX        /ERR/LOKO/0x00000002
15:16:27.838  INFO     RX        /ERR/LOKO/0x00000002
15:16:27.838  INFO     RX        /ERR/LOKO/0x00000002
15:16:27.838  INFO     RX        /ERR/LOKO/0x00000002
15:16:27.838  INFO     RX        /ERR/LOKO/0x00000002
15:16:27.838  INFO     RX        /ERR/LOKO/0x00000002
15:16:27.845  INFO     RX        /ERR/LOKO/0x00000002
15:16:27.849  DEBUG    TX /CONTROLL/0,0,27,0,0,0,0,0,0
15:16:28.005  INFO     RX        /ERR/LOKO/0x00000002
15:16:28.005  INFO     RX        /ERR/LOKO/0x00000002
15:16:28.005  INFO     RX        /ERR/LOKO/0x00000002
15:16:28.005  INFO     RX        /ERR/LOKO/0x00000002
15:16:28.005  INFO     RX        /ERR/LOKO/0x00000002
15:16:28.005  INFO     RX        /ERR/LOKO/0x00000002
15:16:28.005  INFO     RX        /ERR/LOKO/0x00000002
15:16:28.005  INFO     RX        /ERR/LOKO/0x00000002
15:16:28.009  INFO     RX        /ERR/LOKO/0x00000002
15:16:28.009  INFO     RX        /ERR/LOKO/0x00000002
15:16:28.009  INFO     RX        /ERR/LOKO/0x00000002
15:16:28.009  INFO     RX        /ERR/LOKO/0x00000002
15:16:28.009  INFO     RX        /ERR/LOKO/0x00000002
15:16:28.011  INFO     RX        /ERR/LOKO/0x00000002
15:16:28.045  INFO     RX        /ERR/LOKO/0x00000002
15:16:28.045  INFO     RX        /ERR/LOKO/0x00000002
15:16:28.045  INFO     RX        /ERR/LOKO/0x00000002
15:16:28.174  INFO     RX        /ERR/LOKO/0x00000002
15:16:28.174  INFO     RX        /ERR/LOKO/0x00000002
15:16:28.174  INFO     RX        /ERR/LOKO/0x00000002
15:16:28.174  INFO     RX        /ERR/LOKO/0x00000002
15:16:28.174  INFO     RX        /ERR/LOKO/0x00000002
15:16:28.174  INFO     RX        /ERR/LOKO/0x00000002
15:16:28.174  INFO     RX        /ERR/LOKO/0x00000002
15:16:28.177  INFO     RX        /ERR/LOKO/0x00000002
15:16:28.177  INFO     RX        /ERR/LOKO/0x00000002
15:16:28.177  INFO     RX        /ERR/LOKO/0x00000002
15:16:28.178  INFO     RX        /ERR/LOKO/0x00000002
15:16:28.185  INFO     RX        /ERR/LOKO/0x00000002
15:16:28.206  INFO     RX        /ERR/LOKO/0x00000002
15:16:28.382  INFO     RX        /ERR/LOKO/0x00000002
15:16:28.382  INFO     RX        /ERR/LOKO/0x00000002
15:16:28.382  INFO     RX        /ERR/LOKO/0x00000002
15:16:28.382  INFO     RX        /ERR/LOKO/0x00000002
15:16:28.382  INFO     RX        /ERR/LOKO/0x00000002
15:16:28.382  INFO     RX        /ERR/LOKO/0x00000002
15:16:28.382  INFO     RX        /ERR/LOKO/0x00000002
15:16:28.382  INFO     RX        /ERR/LOKO/0x00000002
15:16:28.382  INFO     RX        /ERR/LOKO/0x00000002
15:16:28.382  INFO     RX        /ERR/LOKO/0x00000002
15:16:28.382  INFO     RX        /ERR/LOKO/0x00000002
15:16:28.382  INFO     RX        /ERR/LOKO/0x00000002
15:16:28.615  INFO     RX        /ERR/LOKO/0x00000002
15:16:28.615  INFO     RX        /ERR/LOKO/0x00000002
15:16:28.616  INFO     RX        /ERR/LOKO/0x00000002
15:16:28.616  INFO     RX        /ERR/LOKO/0x00000002
15:16:28.616  INFO     RX        /ERR/LOKO/0x00000002
15:16:28.616  INFO     RX        /ERR/LOKO/0x00000002
15:16:28.616  INFO     RX        /ERR/LOKO/0x00000002
15:16:28.616  INFO     RX        /ERR/LOKO/0x00000002
15:16:28.616  INFO     RX        /ERR/LOKO/0x00000002
15:16:28.616  INFO     RX        /ERR/LOKO/0x00000002
15:16:28.616  INFO     RX        /ERR/LOKO/0x00000002
15:16:28.616  INFO     RX        /ERR/LOKO/0x00000002
15:16:28.682  INFO     RX        /ERR/LOKO/0x00000002
15:16:28.683  INFO     RX        /ERR/LOKO/0x00000002
15:16:28.683  INFO     RX        /ERR/LOKO/0x00000002
15:16:28.683  INFO     RX        /ERR/LOKO/0x00000002
15:16:28.683  INFO     RX        /ERR/LOKO/0x00000002
15:16:28.683  INFO     RX        /ERR/LOKO/0x00000002
15:16:28.683  INFO     RX        /ERR/LOKO/0x00000002
15:16:28.683  INFO     RX        /ERR/LOKO/0x00000002
15:16:28.683  INFO     RX        /ERR/LOKO/0x00000002
15:16:28.683  INFO     RX        /ERR/LOKO/0x00000002
15:16:28.683  INFO     RX        /ERR/LOKO/0x00000002
15:16:28.684  INFO     RX        /ERR/LOKO/0x00000002
15:16:28.684  INFO     RX        /ERR/LOKO/0x00000002
15:16:28.684  INFO     RX        /ERR/LOKO/0x00000002
15:16:28.684  INFO     RX        /ERR/LOKO/0x00000002
15:16:28.687  INFO     RX        /ERR/LOKO/0x00000002
15:16:28.687  INFO     RX        /ERR/LOKO/0x00000002
15:16:28.689  INFO     RX        /ERR/LOKO/0x00000002
15:16:28.718  INFO     RX        /ERR/LOKO/0x00000002
15:16:28.718  INFO     RX        /ERR/LOKO/0x00000002
15:16:28.776  INFO     RX        /ERR/LOKO/0x00000002
15:16:28.776  INFO     RX        /ERR/LOKO/0x00000002
15:16:28.776  INFO     RX        /ERR/LOKO/0x00000002
15:16:28.776  INFO     RX        /ERR/LOKO/0x00000002
15:16:28.776  INFO     RX        /ERR/LOKO/0x00000002
15:16:28.783  INFO     RX        /ERR/LOKO/0x00000002
15:16:28.941  INFO     RX        /ERR/LOKO/0x00000002
15:16:28.941  INFO     RX        /ERR/LOKO/0x00000002
15:16:28.941  INFO     RX        /ERR/LOKO/0x00000002
15:16:28.941  INFO     RX        /ERR/LOKO/0x00000002
15:16:28.941  INFO     RX        /ERR/LOKO/0x00000002
15:16:28.941  INFO     RX        /ERR/LOKO/0x00000002
15:16:28.941  INFO     RX        /ERR/LOKO/0x00000002
15:16:28.944  INFO     RX        /ERR/LOKO/0x00000002
15:16:28.944  INFO     RX        /ERR/LOKO/0x00000002
15:16:28.945  INFO     RX        /ERR/LOKO/0x00000002
15:16:28.945  INFO     RX        /ERR/LOKO/0x00000002
15:16:28.945  INFO     RX        /ERR/LOKO/0x00000002
15:16:28.945  INFO     RX        /ERR/LOKO/0x00000002
15:16:28.947  INFO     RX        /ERR/LOKO/0x00000002
15:16:28.977  INFO     RX        /ERR/LOKO/0x00000002
15:16:28.977  INFO     RX        /ERR/LOKO/0x00000002
15:16:29.202  INFO     RX        /ERR/LOKO/0x00000002
15:16:29.202  INFO     RX        /ERR/LOKO/0x00000002
15:16:29.202  INFO     RX        /ERR/LOKO/0x00000002
15:16:29.203  INFO     RX        /ERR/LOKO/0x00000002
15:16:29.203  INFO     RX        /ERR/LOKO/0x00000002
15:16:29.203  INFO     RX        /ERR/LOKO/0x00000002
15:16:29.203  INFO     RX        /ERR/LOKO/0x00000002
15:16:29.203  INFO     RX        /ERR/LOKO/0x00000002
15:16:29.203  INFO     RX        /ERR/LOKO/0x00000002
15:16:29.203  INFO     RX        /ERR/LOKO/0x00000002
15:16:29.203  INFO     RX        /ERR/LOKO/0x00000002
15:16:29.203  INFO     RX        /ERR/LOKO/0x00000002
15:16:29.277  INFO     RX        /ERR/LOKO/0x00000002
15:16:29.277  INFO     RX        /ERR/LOKO/0x00000002
15:16:29.277  INFO     RX        /ERR/LOKO/0x00000002
15:16:29.277  INFO     RX        /ERR/LOKO/0x00000002
15:16:29.277  INFO     RX        /ERR/LOKO/0x00000002
15:16:29.277  INFO     RX        /ERR/LOKO/0x00000002
15:16:29.277  INFO     RX        /ERR/LOKO/0x00000002
15:16:29.281  INFO     RX        /ERR/LOKO/0x00000002
15:16:29.281  INFO     RX        /ERR/LOKO/0x00000002
15:16:29.281  INFO     RX        /ERR/LOKO/0x00000002
15:16:29.281  INFO     RX        /ERR/LOKO/0x00000002
15:16:29.281  INFO     RX        /ERR/LOKO/0x00000002
15:16:29.281  INFO     RX        /ERR/LOKO/0x00000002
15:16:29.281  INFO     RX        /ERR/LOKO/0x00000002
15:16:29.288  INFO     RX        /ERR/LOKO/0x00000002
15:16:29.461  DEBUG    TX /CONTROLL/0,0,0,0,0,0,0,0,0
15:16:29.549  INFO     RX        /ERR/LOKO/0x00000002
15:16:29.549  INFO     RX        /ERR/LOKO/0x00000002
15:16:29.549  INFO     RX        /ERR/LOKO/0x00000002
15:16:29.549  INFO     RX        /ERR/LOKO/0x00000002
15:16:29.549  INFO     RX        /ERR/LOKO/0x00000002
15:16:29.549  INFO     RX        /ERR/LOKO/0x00000002
15:16:29.549  INFO     RX        /ERR/LOKO/0x00000002
15:16:29.549  INFO     RX        /ERR/LOKO/0x00000002
15:16:29.549  INFO     RX        /ERR/LOKO/0x00000002
15:16:29.549  INFO     RX        /ERR/LOKO/0x00000002
15:16:29.549  INFO     RX        /ERR/LOKO/0x00000002
15:16:29.549  INFO     RX        /ERR/LOKO/0x00000002
15:16:29.549  INFO     RX        /ERR/LOKO/0x00000002
15:16:29.549  INFO     RX        /ERR/LOKO/0x00000002
15:16:29.549  INFO     RX        /ERR/LOKO/0x00000002
15:16:29.549  INFO     RX        /ERR/LOKO/0x00000002
15:16:29.549  INFO     RX        /ERR/LOKO/0x00000002
15:16:29.549  INFO     RX        /ERR/LOKO/0x00000002
15:16:29.549  INFO     RX        /ERR/LOKO/0x00000002
15:16:29.550  INFO     RX        /ERR/LOKO/0x00000002
15:16:29.550  INFO     RX        /ERR/LOKO/0x00000002
15:16:29.552  INFO     RX        /ERR/LOKO/0x00000002
15:16:29.557  INFO     RX        /ERR/LOKO/0x00000002
15:16:29.605  INFO     RX        /ERR/LOKO/0x00000002
15:16:29.606  INFO     RX        /ERR/LOKO/0x00000002
15:16:29.606  INFO     RX        /ERR/LOKO/0x00000002
15:16:29.606  INFO     RX        /ERR/LOKO/0x00000002
15:16:29.616  INFO     RX        /ERR/LOKO/0x00000002
15:16:29.656  INFO     RX        /ERR/LOKO/0x00000002
15:16:29.656  INFO     RX        /ERR/LOKO/0x00000002
15:16:29.656  INFO     RX        /ERR/LOKO/0x00000002
15:16:29.690  INFO     RX        /ERR/LOKO/0x00000002
15:16:29.691  INFO     RX        /ERR/LOKO/0x00000002
15:16:29.691  INFO     RX        /ERR/LOKO/0x00000002
15:16:29.721  INFO     RX        /ERR/LOKO/0x00000002
15:16:29.721  INFO     RX        /ERR/LOKO/0x00000002
15:16:29.757  INFO     RX        /ERR/LOKO/0x00000002
15:16:29.757  INFO     RX        /ERR/LOKO/0x00000002
15:16:29.757  INFO     RX        /ERR/LOKO/0x00000002
15:16:29.784  INFO     RX        /ERR/LOKO/0x00000002
15:16:29.784  INFO     RX        /ERR/LOKO/0x00000002
15:16:29.784  INFO     RX        /ERR/LOKO/0x00000002
15:16:29.819  INFO     RX        /ERR/LOKO/0x00000002
15:16:29.819  INFO     RX        /ERR/LOKO/0x00000002
15:16:29.819  INFO     RX        /ERR/LOKO/0x00000002
15:16:29.848  INFO     RX        /ERR/LOKO/0x00000002
15:16:29.849  INFO     RX        /ERR/LOKO/0x00000002
15:16:29.883  INFO     RX        /ERR/LOKO/0x00000002
15:16:29.883  INFO     RX        /ERR/LOKO/0x00000002
15:16:29.883  INFO     RX        /ERR/LOKO/0x00000002
15:16:29.912  INFO     RX        /ERR/LOKO/0x00000002
15:16:29.913  INFO     RX        /ERR/LOKO/0x00000002
15:16:29.913  INFO     RX        /ERR/LOKO/0x00000002
15:16:29.948  INFO     RX        /ERR/LOKO/0x00000002
15:16:29.948  INFO     RX        /ERR/LOKO/0x00000002
15:16:29.948  INFO     RX        /ERR/LOKO/0x00000002
15:16:29.977  INFO     RX        /ERR/LOKO/0x00000002
15:16:29.977  INFO     RX        /ERR/LOKO/0x00000002
15:16:30.013  INFO     RX        /ERR/LOKO/0x00000002
15:16:30.013  INFO     RX        /ERR/LOKO/0x00000002
15:16:30.013  INFO     RX        /ERR/LOKO/0x00000002
15:16:30.041  INFO     RX        /ERR/LOKO/0x00000002
15:16:30.042  INFO     RX        /ERR/LOKO/0x00000002
15:16:30.042  INFO     RX        /ERR/LOKO/0x00000002
15:16:30.077  INFO     RX        /ERR/LOKO/0x00000002
15:16:30.077  INFO     RX        /ERR/LOKO/0x00000002
15:16:30.077  INFO     RX        /ERR/LOKO/0x00000002
15:16:30.109  INFO     RX        /ERR/LOKO/0x00000002
15:16:30.109  INFO     RX        /ERR/LOKO/0x00000002
15:16:30.109  INFO     RX        /ERR/LOKO/0x00000002
15:16:30.140  INFO     RX        /ERR/LOKO/0x00000002
15:16:30.140  INFO     RX        /ERR/LOKO/0x00000002
15:16:30.174  INFO     RX        /ERR/LOKO/0x00000002
15:16:30.174  INFO     RX        /ERR/LOKO/0x00000002
15:16:30.174  INFO     RX        /ERR/LOKO/0x00000002
15:16:30.203  INFO     RX        /ERR/LOKO/0x00000002
15:16:30.203  INFO     RX        /ERR/LOKO/0x00000002
15:16:30.203  INFO     RX        /ERR/LOKO/0x00000002
15:16:30.235  INFO     RX        /ERR/LOKO/0x00000002
15:16:30.235  INFO     RX        /ERR/LOKO/0x00000002
15:16:30.268  INFO     RX        /ERR/LOKO/0x00000002
15:16:30.268  INFO     RX        /ERR/LOKO/0x00000002
15:16:30.268  INFO     RX        /ERR/LOKO/0x00000002
15:16:30.300  INFO     RX        /ERR/LOKO/0x00000002
15:16:30.300  INFO     RX        /ERR/LOKO/0x00000002
15:16:30.300  INFO     RX        /ERR/LOKO/0x00000002
15:16:30.332  INFO     RX        /ERR/LOKO/0x00000002
15:16:30.333  INFO     RX        /ERR/LOKO/0x00000002
15:16:30.369  INFO     RX        /ERR/LOKO/0x00000002
15:16:30.369  INFO     RX        /ERR/LOKO/0x00000002
15:16:30.369  INFO     RX        /ERR/LOKO/0x00000002
15:16:30.369  INFO     RX        /ERR/LOKO/0x00000002
15:16:30.397  INFO     RX        /ERR/LOKO/0x00000002
15:16:30.397  INFO     RX        /ERR/LOKO/0x00000002
15:16:30.430  INFO     RX        /ERR/LOKO/0x00000002
15:16:30.430  INFO     RX        /ERR/LOKO/0x00000002
15:16:30.430  INFO     RX        /ERR/LOKO/0x00000002
15:16:30.465  INFO     RX        /ERR/LOKO/0x00000002
15:16:30.465  INFO     RX        /ERR/LOKO/0x00000002
15:16:30.465  INFO     RX        /ERR/LOKO/0x00000002
15:16:30.497  INFO     RX        /ERR/LOKO/0x00000002
15:16:30.497  INFO     RX        /ERR/LOKO/0x00000002
15:16:30.497  INFO     RX        /ERR/LOKO/0x00000002
15:16:30.527  INFO     RX        /ERR/LOKO/0x00000002
15:16:30.527  INFO     RX        /ERR/LOKO/0x00000002
15:16:30.558  INFO     RX        /ERR/LOKO/0x00000002
15:16:30.558  INFO     RX        /ERR/LOKO/0x00000002
15:16:30.558  INFO     RX        /ERR/LOKO/0x00000002
15:16:30.593  INFO     RX        /ERR/LOKO/0x00000002
15:16:30.593  INFO     RX        /ERR/LOKO/0x00000002
15:16:30.593  INFO     RX        /ERR/LOKO/0x00000002
15:16:30.625  INFO     RX        /ERR/LOKO/0x00000002
15:16:30.625  INFO     RX        /ERR/LOKO/0x00000002
15:16:30.663  INFO     RX        /ERR/LOKO/0x00000002
15:16:30.663  INFO     RX        /ERR/LOKO/0x00000002
15:16:30.663  INFO     RX        /ERR/LOKO/0x00000002
15:16:30.663  INFO     RX        /ERR/LOKO/0x00000002
15:16:30.690  INFO     RX        /ERR/LOKO/0x00000002
15:16:30.690  INFO     RX        /ERR/LOKO/0x00000002
15:16:30.726  INFO     RX        /ERR/LOKO/0x00000002
15:16:30.726  INFO     RX        /ERR/LOKO/0x00000002
15:16:30.726  INFO     RX        /ERR/LOKO/0x00000002
15:16:30.755  INFO     RX        /ERR/LOKO/0x00000002
15:16:30.756  INFO     RX        /ERR/LOKO/0x00000002
15:16:30.756  INFO     RX        /ERR/LOKO/0x00000002
15:16:30.793  INFO     RX        /ERR/LOKO/0x00000002
15:16:30.793  INFO     RX        /ERR/LOKO/0x00000002
15:16:30.793  INFO     RX        /ERR/LOKO/0x00000002
15:16:30.818  INFO     RX        /ERR/LOKO/0x00000002
15:16:30.818  INFO     RX        /ERR/LOKO/0x00000002
15:16:30.849  INFO     RX        /ERR/LOKO/0x00000002
15:16:30.849  INFO     RX        /ERR/LOKO/0x00000002
15:16:30.885  INFO     RX        /ERR/LOKO/0x00000002
15:16:30.885  INFO     RX        /ERR/LOKO/0x00000002
15:16:30.885  INFO     RX        /ERR/LOKO/0x00000002
15:16:30.885  INFO     RX        /ERR/LOKO/0x00000002
15:16:30.917  INFO     RX        /ERR/LOKO/0x00000002
15:16:30.917  INFO     RX        /ERR/LOKO/0x00000002
15:16:30.949  INFO     RX        /ERR/LOKO/0x00000002
15:16:30.950  INFO     RX        /ERR/LOKO/0x00000002
15:16:30.950  INFO     RX        /ERR/LOKO/0x00000002
15:16:30.980  INFO     RX        /ERR/LOKO/0x00000002
15:16:30.980  INFO     RX        /ERR/LOKO/0x00000002
15:16:30.980  INFO     RX        /ERR/LOKO/0x00000002
15:16:31.014  INFO     RX        /ERR/LOKO/0x00000002
15:16:31.014  INFO     RX        /ERR/LOKO/0x00000002
15:16:31.014  INFO     RX        /ERR/LOKO/0x00000002
15:16:31.044  INFO     RX        /ERR/LOKO/0x00000002
15:16:31.044  INFO     RX        /ERR/LOKO/0x00000002
15:16:31.073  DEBUG    TX /CONTROLL/0,0,-14,-15,0,0,0,0,0
15:16:31.076  INFO     RX        /ERR/LOKO/0x00000002
15:16:31.076  INFO     RX        /ERR/LOKO/0x00000002
15:16:31.076  INFO     RX        /ERR/LOKO/0x00000002
15:16:31.108  INFO     RX        /ERR/LOKO/0x00000002
15:16:31.108  INFO     RX        /ERR/LOKO/0x00000002
15:16:31.108  INFO     RX        /ERR/LOKO/0x00000002
15:16:31.143  INFO     RX        /ERR/LOKO/0x00000002
15:16:31.143  INFO     RX        /ERR/LOKO/0x00000002
15:16:31.143  INFO     RX        /ERR/LOKO/0x00000002
15:16:31.173  INFO     RX        /ERR/LOKO/0x00000002
15:16:31.173  INFO     RX        /ERR/LOKO/0x00000002
15:16:31.208  INFO     RX        /ERR/LOKO/0x00000002
15:16:31.208  INFO     RX        /ERR/LOKO/0x00000002
15:16:31.208  INFO     RX        /ERR/LOKO/0x00000002
15:16:31.237  INFO     RX        /ERR/LOKO/0x00000002
15:16:31.237  INFO     RX        /ERR/LOKO/0x00000002
15:16:31.237  INFO     RX        /ERR/LOKO/0x00000002
15:16:31.269  INFO     RX        /ERR/LOKO/0x00000002
15:16:31.269  INFO     RX        /ERR/LOKO/0x00000002
15:16:31.302  INFO     RX        /ERR/LOKO/0x00000002
15:16:31.302  INFO     RX        /ERR/LOKO/0x00000002
15:16:31.302  INFO     RX        /ERR/LOKO/0x00000002
15:16:31.336  INFO     RX        /ERR/LOKO/0x00000002
15:16:31.336  INFO     RX        /ERR/LOKO/0x00000002
15:16:31.336  INFO     RX        /ERR/LOKO/0x00000002
15:16:31.365  INFO     RX        /ERR/LOKO/0x00000002
15:16:31.365  INFO     RX        /ERR/LOKO/0x00000002
15:16:31.397  INFO     RX        /ERR/LOKO/0x00000002
15:16:31.397  INFO     RX        /ERR/LOKO/0x00000002
15:16:31.398  INFO     RX        /ERR/LOKO/0x00000002
15:16:31.433  INFO     RX        /ERR/LOKO/0x00000002
15:16:31.433  INFO     RX        /ERR/LOKO/0x00000002
15:16:31.433  INFO     RX        /ERR/LOKO/0x00000002
15:16:31.465  INFO     RX        /ERR/LOKO/0x00000002
15:16:31.465  INFO     RX        /ERR/LOKO/0x00000002
15:16:31.465  INFO     RX        /ERR/LOKO/0x00000002
15:16:31.498  INFO     RX        /ERR/LOKO/0x00000002
15:16:31.498  INFO     RX        /ERR/LOKO/0x00000002
15:16:31.498  INFO     RX        /ERR/LOKO/0x00000002
15:16:31.528  INFO     RX        /ERR/LOKO/0x00000002
15:16:31.528  INFO     RX        /ERR/LOKO/0x00000002
15:16:31.562  INFO     RX        /ERR/LOKO/0x00000002
15:16:31.562  INFO     RX        /ERR/LOKO/0x00000002
15:16:31.562  INFO     RX        /ERR/LOKO/0x00000002
15:16:31.592  INFO     RX        /ERR/LOKO/0x00000002
15:16:31.592  INFO     RX        /ERR/LOKO/0x00000002
15:16:31.592  INFO     RX        /ERR/LOKO/0x00000002
15:16:31.628  INFO     RX        /ERR/LOKO/0x00000002
15:16:31.628  INFO     RX        /ERR/LOKO/0x00000002
15:16:31.628  INFO     RX        /ERR/LOKO/0x00000002
15:16:31.658  INFO     RX        /ERR/LOKO/0x00000002
15:16:31.658  INFO     RX        /ERR/LOKO/0x00000002
15:16:31.690  INFO     RX        /ERR/LOKO/0x00000002
15:16:31.690  INFO     RX        /ERR/LOKO/0x00000002
15:16:31.690  INFO     RX        /ERR/LOKO/0x00000002
15:16:31.725  INFO     RX        /ERR/LOKO/0x00000002
15:16:31.725  INFO     RX        /ERR/LOKO/0x00000002
15:16:31.725  INFO     RX        /ERR/LOKO/0x00000002
15:16:31.754  INFO     RX        /ERR/LOKO/0x00000002
15:16:31.754  INFO     RX        /ERR/LOKO/0x00000002
15:16:31.754  INFO     RX        /ERR/LOKO/0x00000002
15:16:31.790  INFO     RX        /ERR/LOKO/0x00000002
15:16:31.790  INFO     RX        /ERR/LOKO/0x00000002
15:16:31.790  INFO     RX        /ERR/LOKO/0x00000002
15:16:31.819  INFO     RX        /ERR/LOKO/0x00000002
15:16:31.819  INFO     RX        /ERR/LOKO/0x00000002
15:16:31.854  INFO     RX        /ERR/LOKO/0x00000002
15:16:31.854  INFO     RX        /ERR/LOKO/0x00000002
15:16:31.854  INFO     RX        /ERR/LOKO/0x00000002
15:16:31.883  INFO     RX        /ERR/LOKO/0x00000002
15:16:31.883  INFO     RX        /ERR/LOKO/0x00000002
15:16:31.883  INFO     RX        /ERR/LOKO/0x00000002
15:16:31.918  INFO     RX        /ERR/LOKO/0x00000002
15:16:31.918  INFO     RX        /ERR/LOKO/0x00000002
15:16:31.918  INFO     RX        /ERR/LOKO/0x00000002
15:16:31.947  INFO     RX        /ERR/LOKO/0x00000002
15:16:31.947  INFO     RX        /ERR/LOKO/0x00000002
15:16:31.982  INFO     RX        /ERR/LOKO/0x00000002
15:16:31.982  INFO     RX        /ERR/LOKO/0x00000002
15:16:31.983  INFO     RX        /ERR/LOKO/0x00000002
15:16:32.013  INFO     RX        /ERR/LOKO/0x00000002
15:16:32.013  INFO     RX        /ERR/LOKO/0x00000002
15:16:32.013  INFO     RX        /ERR/LOKO/0x00000002
15:16:32.048  INFO     RX        /ERR/LOKO/0x00000002
15:16:32.048  INFO     RX        /ERR/LOKO/0x00000002
15:16:32.048  INFO     RX        /ERR/LOKO/0x00000002
15:16:32.077  INFO     RX        /ERR/LOKO/0x00000002
15:16:32.077  INFO     RX        /ERR/LOKO/0x00000002
15:16:32.112  INFO     RX        /ERR/LOKO/0x00000002
15:16:32.112  INFO     RX        /ERR/LOKO/0x00000002
15:16:32.112  INFO     RX        /ERR/LOKO/0x00000002
15:16:32.142  INFO     RX        /ERR/LOKO/0x00000002
15:16:32.142  INFO     RX        /ERR/LOKO/0x00000002
15:16:32.142  INFO     RX        /ERR/LOKO/0x00000002
15:16:32.178  INFO     RX        /ERR/LOKO/0x00000002
15:16:32.178  INFO     RX        /ERR/LOKO/0x00000002
15:16:32.178  INFO     RX        /ERR/LOKO/0x00000002
15:16:32.207  INFO     RX        /ERR/LOKO/0x00000002
15:16:32.207  INFO     RX        /ERR/LOKO/0x00000002
15:16:32.239  INFO     RX        /ERR/LOKO/0x00000002
15:16:32.239  INFO     RX        /ERR/LOKO/0x00000002
15:16:32.239  INFO     RX        /ERR/LOKO/0x00000002
15:16:32.275  INFO     RX        /ERR/LOKO/0x00000002
15:16:32.275  INFO     RX        /ERR/LOKO/0x00000002
15:16:32.275  INFO     RX        /ERR/LOKO/0x00000002
15:16:32.305  INFO     RX        /ERR/LOKO/0x00000002
15:16:32.305  INFO     RX        /ERR/LOKO/0x00000002
15:16:32.339  INFO     RX        /ERR/LOKO/0x00000002
15:16:32.339  INFO     RX        /ERR/LOKO/0x00000002
15:16:32.339  INFO     RX        /ERR/LOKO/0x00000002
15:16:32.368  INFO     RX        /ERR/LOKO/0x00000002
15:16:32.368  INFO     RX        /ERR/LOKO/0x00000002
15:16:32.368  INFO     RX        /ERR/LOKO/0x00000002
15:16:32.400  INFO     RX        /ERR/LOKO/0x00000002
15:16:32.400  INFO     RX        /ERR/LOKO/0x00000002
15:16:32.400  INFO     RX        /ERR/LOKO/0x00000002
15:16:32.436  INFO     RX        /ERR/LOKO/0x00000002
15:16:32.436  INFO     RX        /ERR/LOKO/0x00000002
15:16:32.436  INFO     RX        /ERR/LOKO/0x00000002
15:16:32.465  INFO     RX        /ERR/LOKO/0x00000002
15:16:32.465  INFO     RX        /ERR/LOKO/0x00000002
15:16:32.500  INFO     RX        /ERR/LOKO/0x00000002
15:16:32.500  INFO     RX        /ERR/LOKO/0x00000002
15:16:32.500  INFO     RX        /ERR/LOKO/0x00000002
15:16:32.528  INFO     RX        /ERR/LOKO/0x00000002
15:16:32.528  INFO     RX        /ERR/LOKO/0x00000002
15:16:32.561  INFO     RX        /ERR/LOKO/0x00000002
15:16:32.561  INFO     RX        /ERR/LOKO/0x00000002
15:16:32.561  INFO     RX        /ERR/LOKO/0x00000002
15:16:32.595  INFO     RX        /ERR/LOKO/0x00000002
15:16:32.595  INFO     RX        /ERR/LOKO/0x00000002
15:16:32.595  INFO     RX        /ERR/LOKO/0x00000002
15:16:32.625  INFO     RX        /ERR/LOKO/0x00000002
15:16:32.625  INFO     RX        /ERR/LOKO/0x00000002
15:16:32.625  INFO     RX        /ERR/LOKO/0x00000002
15:16:32.657  INFO     RX        /ERR/LOKO/0x00000002
15:16:32.657  INFO     RX        /ERR/LOKO/0x00000002
15:16:32.686  DEBUG    TX /CONTROLL/0,0,-12,-15,0,0,0,0,0
15:16:32.692  INFO     RX        /ERR/LOKO/0x00000002
15:16:32.692  INFO     RX        /ERR/LOKO/0x00000002
15:16:32.692  INFO     RX        /ERR/LOKO/0x00000002
15:16:32.721  INFO     RX        /ERR/LOKO/0x00000002
15:16:32.721  INFO     RX        /ERR/LOKO/0x00000002
15:16:32.721  INFO     RX        /ERR/LOKO/0x00000002
15:16:32.756  INFO     RX        /ERR/LOKO/0x00000002
15:16:32.757  INFO     RX        /ERR/LOKO/0x00000002
15:16:32.757  INFO     RX        /ERR/LOKO/0x00000002
15:16:32.787  INFO     RX        /ERR/LOKO/0x00000002
15:16:32.787  INFO     RX        /ERR/LOKO/0x00000002
15:16:32.787  INFO     RX        /ERR/LOKO/0x00000002
15:16:32.822  INFO     RX        /ERR/LOKO/0x00000002
15:16:32.823  INFO     RX        /ERR/LOKO/0x00000002
15:16:32.823  INFO     RX        /ERR/LOKO/0x00000002
15:16:32.853  INFO     RX        /ERR/LOKO/0x00000002
15:16:32.853  INFO     RX        /ERR/LOKO/0x00000002
15:16:32.886  INFO     RX        /ERR/LOKO/0x00000002
15:16:32.886  INFO     RX        /ERR/LOKO/0x00000002
15:16:32.886  INFO     RX        /ERR/LOKO/0x00000002
15:16:32.916  INFO     RX        /ERR/LOKO/0x00000002
15:16:32.916  INFO     RX        /ERR/LOKO/0x00000002
15:16:32.916  INFO     RX        /ERR/LOKO/0x00000002
15:16:32.949  INFO     RX        /ERR/LOKO/0x00000002
15:16:32.949  INFO     RX        /ERR/LOKO/0x00000002
15:16:32.985  INFO     RX        /ERR/LOKO/0x00000002
15:16:32.985  INFO     RX        /ERR/LOKO/0x00000002
15:16:32.985  INFO     RX        /ERR/LOKO/0x00000002
15:16:33.012  INFO     RX        /ERR/LOKO/0x00000002
15:16:33.012  INFO     RX        /ERR/LOKO/0x00000002
15:16:33.012  INFO     RX        /ERR/LOKO/0x00000002
15:16:33.049  INFO     RX        /ERR/LOKO/0x00000002
15:16:33.049  INFO     RX        /ERR/LOKO/0x00000002
15:16:33.049  INFO     RX        /ERR/LOKO/0x00000002
15:16:33.075  INFO     RX        /ERR/LOKO/0x00000002
15:16:33.075  INFO     RX        /ERR/LOKO/0x00000002
15:16:33.111  INFO     RX        /ERR/LOKO/0x00000002
15:16:33.111  INFO     RX        /ERR/LOKO/0x00000002
15:16:33.111  INFO     RX        /ERR/LOKO/0x00000002
15:16:33.143  INFO     RX        /ERR/LOKO/0x00000002
15:16:33.143  INFO     RX        /ERR/LOKO/0x00000002
15:16:33.143  INFO     RX        /ERR/LOKO/0x00000002
15:16:33.173  INFO     RX        /ERR/LOKO/0x00000002
15:16:33.173  INFO     RX        /ERR/LOKO/0x00000002
15:16:33.208  INFO     RX        /ERR/LOKO/0x00000002
15:16:33.208  INFO     RX        /ERR/LOKO/0x00000002
15:16:33.208  INFO     RX        /ERR/LOKO/0x00000002
15:16:33.237  INFO     RX        /ERR/LOKO/0x00000002
15:16:33.237  INFO     RX        /ERR/LOKO/0x00000002
15:16:33.237  INFO     RX        /ERR/LOKO/0x00000002
15:16:33.275  INFO     RX        /ERR/LOKO/0x00000002
15:16:33.275  INFO     RX        /ERR/LOKO/0x00000002
15:16:33.275  INFO     RX        /ERR/LOKO/0x00000002
15:16:33.305  INFO     RX        /ERR/LOKO/0x00000002
15:16:33.305  INFO     RX        /ERR/LOKO/0x00000002
15:16:33.305  INFO     RX        /ERR/LOKO/0x00000002
15:16:33.338  INFO     RX        /ERR/LOKO/0x00000002
15:16:33.338  INFO     RX        /ERR/LOKO/0x00000002
15:16:33.338  INFO     RX        /ERR/LOKO/0x00000002
15:16:33.370  INFO     RX        /ERR/LOKO/0x00000002
15:16:33.371  INFO     RX        /ERR/LOKO/0x00000002
15:16:33.405  INFO     RX        /ERR/LOKO/0x00000002
15:16:33.405  INFO     RX        /ERR/LOKO/0x00000002
15:16:33.405  INFO     RX        /ERR/LOKO/0x00000002
15:16:33.433  INFO     RX        /ERR/LOKO/0x00000002
15:16:33.433  INFO     RX        /ERR/LOKO/0x00000002
15:16:33.433  INFO     RX        /ERR/LOKO/0x00000002
15:16:33.470  INFO     RX        /ERR/LOKO/0x00000002
15:16:33.471  INFO     RX        /ERR/LOKO/0x00000002
15:16:33.471  INFO     RX        /ERR/LOKO/0x00000002
15:16:33.511  INFO     RX        /ERR/LOKO/0x00000002
15:16:33.511  INFO     RX        /ERR/LOKO/0x00000002
15:16:33.511  INFO     RX        /ERR/LOKO/0x00000002
15:16:33.529  INFO     RX        /ERR/LOKO/0x00000002
15:16:33.529  INFO     RX        /ERR/LOKO/0x00000002
15:16:33.563  INFO     RX        /ERR/LOKO/0x00000002
15:16:33.564  INFO     RX        /ERR/LOKO/0x00000002
15:16:33.564  INFO     RX        /ERR/LOKO/0x00000002
15:16:33.593  INFO     RX        /ERR/LOKO/0x00000002
15:16:33.594  INFO     RX        /ERR/LOKO/0x00000002
15:16:33.628  INFO     RX        /ERR/LOKO/0x00000002
15:16:33.628  INFO     RX        /ERR/LOKO/0x00000002
15:16:33.628  INFO     RX        /ERR/LOKO/0x00000002
15:16:33.657  INFO     RX        /ERR/LOKO/0x00000002
15:16:33.657  INFO     RX        /ERR/LOKO/0x00000002
15:16:33.657  INFO     RX        /ERR/LOKO/0x00000002
15:16:33.692  INFO     RX        /ERR/LOKO/0x00000002
15:16:33.692  INFO     RX        /ERR/LOKO/0x00000002
15:16:33.693  INFO     RX        /ERR/LOKO/0x00000002
15:16:33.721  INFO     RX        /ERR/LOKO/0x00000002
15:16:33.721  INFO     RX        /ERR/LOKO/0x00000002
15:16:33.755  INFO     RX        /ERR/LOKO/0x00000002
15:16:33.755  INFO     RX        /ERR/LOKO/0x00000002
15:16:33.755  INFO     RX        /ERR/LOKO/0x00000002
15:16:33.785  INFO     RX        /ERR/LOKO/0x00000002
15:16:33.785  INFO     RX        /ERR/LOKO/0x00000002
15:16:33.785  INFO     RX        /ERR/LOKO/0x00000002
15:16:33.816  INFO     RX        /ERR/LOKO/0x00000002
15:16:33.816  INFO     RX        /ERR/LOKO/0x00000002
15:16:33.851  INFO     RX        /ERR/LOKO/0x00000002
15:16:33.852  INFO     RX        /ERR/LOKO/0x00000002
15:16:33.852  INFO     RX        /ERR/LOKO/0x00000002
15:16:33.880  INFO     RX        /ERR/LOKO/0x00000002
15:16:33.880  INFO     RX        /ERR/LOKO/0x00000002
15:16:33.880  INFO     RX        /ERR/LOKO/0x00000002
15:16:33.915  INFO     RX        /ERR/LOKO/0x00000002
15:16:33.915  INFO     RX        /ERR/LOKO/0x00000002
15:16:33.915  INFO     RX        /ERR/LOKO/0x00000002
15:16:33.944  INFO     RX        /ERR/LOKO/0x00000002
15:16:33.944  INFO     RX        /ERR/LOKO/0x00000002
15:16:33.978  INFO     RX        /ERR/LOKO/0x00000002
15:16:33.978  INFO     RX        /ERR/LOKO/0x00000002
15:16:33.978  INFO     RX        /ERR/LOKO/0x00000002
15:16:34.012  INFO     RX        /ERR/LOKO/0x00000002
15:16:34.012  INFO     RX        /ERR/LOKO/0x00000002
15:16:34.012  INFO     RX        /ERR/LOKO/0x00000002
15:16:34.040  INFO     RX        /ERR/LOKO/0x00000002
15:16:34.040  INFO     RX        /ERR/LOKO/0x00000002
15:16:34.075  INFO     RX        /ERR/LOKO/0x00000002
15:16:34.076  INFO     RX        /ERR/LOKO/0x00000002
15:16:34.076  INFO     RX        /ERR/LOKO/0x00000002
15:16:34.108  INFO     RX        /ERR/LOKO/0x00000002
15:16:34.108  INFO     RX        /ERR/LOKO/0x00000002
15:16:34.108  INFO     RX        /ERR/LOKO/0x00000002
15:16:34.140  INFO     RX        /ERR/LOKO/0x00000002
15:16:34.140  INFO     RX        /ERR/LOKO/0x00000002
15:16:34.140  INFO     RX        /ERR/LOKO/0x00000002
15:16:34.169  INFO     RX        /ERR/LOKO/0x00000002
15:16:34.169  INFO     RX        /ERR/LOKO/0x00000002
15:16:34.201  INFO     RX        /ERR/LOKO/0x00000002
15:16:34.201  INFO     RX        /ERR/LOKO/0x00000002
15:16:34.201  INFO     RX        /ERR/LOKO/0x00000002
15:16:34.234  INFO     RX        /ERR/LOKO/0x00000002
15:16:34.234  INFO     RX        /ERR/LOKO/0x00000002
15:16:34.234  INFO     RX        /ERR/LOKO/0x00000002
15:16:34.269  INFO     RX        /ERR/LOKO/0x00000002
15:16:34.269  INFO     RX        /ERR/LOKO/0x00000002
15:16:34.269  INFO     RX        /ERR/LOKO/0x00000002
15:16:34.294  DEBUG    TX /CONTROLL/0,0,13,0,0,0,0,0,0
15:16:34.298  INFO     RX        /ERR/LOKO/0x00000002
15:16:34.298  INFO     RX        /ERR/LOKO/0x00000002
15:16:34.330  INFO     RX        /ERR/LOKO/0x00000002
15:16:34.330  INFO     RX        /ERR/LOKO/0x00000002
15:16:34.330  INFO     RX        /ERR/LOKO/0x00000002
15:16:34.362  INFO     RX        /ERR/LOKO/0x00000002
15:16:34.362  INFO     RX        /ERR/LOKO/0x00000002
15:16:34.362  INFO     RX        /ERR/LOKO/0x00000002
15:16:34.393  INFO     RX        /ERR/LOKO/0x00000002
15:16:34.393  INFO     RX        /ERR/LOKO/0x00000002
15:16:34.426  INFO     RX        /ERR/LOKO/0x00000002
15:16:34.426  INFO     RX        /ERR/LOKO/0x00000002
15:16:34.426  INFO     RX        /ERR/LOKO/0x00000002
15:16:34.460  INFO     RX        /ERR/LOKO/0x00000002
15:16:34.461  INFO     RX        /ERR/LOKO/0x00000002
15:16:34.461  INFO     RX        /ERR/LOKO/0x00000002
15:16:34.490  INFO     RX        /ERR/LOKO/0x00000002
15:16:34.490  INFO     RX        /ERR/LOKO/0x00000002
15:16:34.490  INFO     RX        /ERR/LOKO/0x00000002
15:16:34.521  INFO     RX        /ERR/LOKO/0x00000002
15:16:34.522  INFO     RX        /ERR/LOKO/0x00000002
15:16:34.556  INFO     RX        /ERR/LOKO/0x00000002
15:16:34.557  INFO     RX        /ERR/LOKO/0x00000002
15:16:34.557  INFO     RX        /ERR/LOKO/0x00000002
15:16:34.586  INFO     RX        /ERR/LOKO/0x00000002
15:16:34.586  INFO     RX        /ERR/LOKO/0x00000002
15:16:34.586  INFO     RX        /ERR/LOKO/0x00000002
15:16:34.621  INFO     RX        /ERR/LOKO/0x00000002
15:16:34.622  INFO     RX        /ERR/LOKO/0x00000002
15:16:34.622  INFO     RX        /ERR/LOKO/0x00000002
15:16:34.650  INFO     RX        /ERR/LOKO/0x00000002
15:16:34.650  INFO     RX        /ERR/LOKO/0x00000002
15:16:34.685  INFO     RX        /ERR/LOKO/0x00000002
15:16:34.686  INFO     RX        /ERR/LOKO/0x00000002
15:16:34.686  INFO     RX        /ERR/LOKO/0x00000002
15:16:34.717  INFO     RX        /ERR/LOKO/0x00000002
15:16:34.718  INFO     RX        /ERR/LOKO/0x00000002
15:16:34.718  INFO     RX        /ERR/LOKO/0x00000002
15:16:34.750  INFO     RX        /ERR/LOKO/0x00000002
15:16:34.750  INFO     RX        /ERR/LOKO/0x00000002
15:16:34.750  INFO     RX        /ERR/LOKO/0x00000002
15:16:34.779  INFO     RX        /ERR/LOKO/0x00000002
15:16:34.780  INFO     RX        /ERR/LOKO/0x00000002
15:16:34.811  INFO     RX        /ERR/LOKO/0x00000002
15:16:34.811  INFO     RX        /ERR/LOKO/0x00000002
15:16:34.811  INFO     RX        /ERR/LOKO/0x00000002
15:16:34.846  INFO     RX        /ERR/LOKO/0x00000002
15:16:34.846  INFO     RX        /ERR/LOKO/0x00000002
15:16:34.846  INFO     RX        /ERR/LOKO/0x00000002
15:16:34.875  INFO     RX        /ERR/LOKO/0x00000002
15:16:34.875  INFO     RX        /ERR/LOKO/0x00000002
15:16:34.875  INFO     RX        /ERR/LOKO/0x00000002
15:16:34.911  INFO     RX        /ERR/LOKO/0x00000002
15:16:34.911  INFO     RX        /ERR/LOKO/0x00000002
15:16:34.911  INFO     RX        /ERR/LOKO/0x00000002
15:16:34.940  INFO     RX        /ERR/LOKO/0x00000002
15:16:34.940  INFO     RX        /ERR/LOKO/0x00000002
15:16:34.975  INFO     RX        /ERR/LOKO/0x00000002
15:16:34.976  INFO     RX        /ERR/LOKO/0x00000002
15:16:34.976  INFO     RX        /ERR/LOKO/0x00000002
15:16:35.004  INFO     RX        /ERR/LOKO/0x00000002
15:16:35.004  INFO     RX        /ERR/LOKO/0x00000002
15:16:35.004  INFO     RX        /ERR/LOKO/0x00000002
15:16:35.039  INFO     RX        /ERR/LOKO/0x00000002
15:16:35.039  INFO     RX        /ERR/LOKO/0x00000002
15:16:35.039  INFO     RX        /ERR/LOKO/0x00000002
15:16:35.069  INFO     RX        /ERR/LOKO/0x00000002
15:16:35.069  INFO     RX        /ERR/LOKO/0x00000002
15:16:35.102  INFO     RX        /ERR/LOKO/0x00000002
15:16:35.102  INFO     RX        /ERR/LOKO/0x00000002
15:16:35.102  INFO     RX        /ERR/LOKO/0x00000002
15:16:35.136  INFO     RX        /ERR/LOKO/0x00000002
15:16:35.136  INFO     RX        /ERR/LOKO/0x00000002
15:16:35.136  INFO     RX        /ERR/LOKO/0x00000002
15:16:35.165  INFO     RX        /ERR/LOKO/0x00000002
15:16:35.165  INFO     RX        /ERR/LOKO/0x00000002
15:16:35.201  INFO     RX        /ERR/LOKO/0x00000002
15:16:35.201  INFO     RX        /ERR/LOKO/0x00000002
15:16:35.201  INFO     RX        /ERR/LOKO/0x00000002
15:16:35.229  INFO     RX        /ERR/LOKO/0x00000002
15:16:35.229  INFO     RX        /ERR/LOKO/0x00000002
15:16:35.229  INFO     RX        /ERR/LOKO/0x00000002
15:16:35.267  INFO     RX        /ERR/LOKO/0x00000002
15:16:35.267  INFO     RX        /ERR/LOKO/0x00000002
15:16:35.267  INFO     RX        /ERR/LOKO/0x00000002
15:16:35.293  INFO     RX        /ERR/LOKO/0x00000002
15:16:35.293  INFO     RX        /ERR/LOKO/0x00000002
15:16:35.328  INFO     RX        /ERR/LOKO/0x00000002
15:16:35.328  INFO     RX        /ERR/LOKO/0x00000002
15:16:35.328  INFO     RX        /ERR/LOKO/0x00000002
15:16:35.358  INFO     RX        /ERR/LOKO/0x00000002
15:16:35.358  INFO     RX        /ERR/LOKO/0x00000002
15:16:35.358  INFO     RX        /ERR/LOKO/0x00000002
15:16:35.388  INFO     RX        /ERR/LOKO/0x00000002
15:16:35.388  INFO     RX        /ERR/LOKO/0x00000002
15:16:35.424  INFO     RX        /ERR/LOKO/0x00000002
15:16:35.424  INFO     RX        /ERR/LOKO/0x00000002
15:16:35.424  INFO     RX        /ERR/LOKO/0x00000002
15:16:35.453  INFO     RX        /ERR/LOKO/0x00000002
15:16:35.453  INFO     RX        /ERR/LOKO/0x00000002
15:16:35.453  INFO     RX        /ERR/LOKO/0x00000002
15:16:35.485  INFO     RX        /ERR/LOKO/0x00000002
15:16:35.485  INFO     RX        /ERR/LOKO/0x00000002
15:16:35.520  INFO     RX        /ERR/LOKO/0x00000002
15:16:35.520  INFO     RX        /ERR/LOKO/0x00000002
15:16:35.520  INFO     RX        /ERR/LOKO/0x00000002
15:16:35.549  INFO     RX        /ERR/LOKO/0x00000002
15:16:35.549  INFO     RX        /ERR/LOKO/0x00000002
15:16:35.549  INFO     RX        /ERR/LOKO/0x00000002
15:16:35.584  INFO     RX        /ERR/LOKO/0x00000002
15:16:35.584  INFO     RX        /ERR/LOKO/0x00000002
15:16:35.584  INFO     RX        /ERR/LOKO/0x00000002
15:16:35.618  INFO     RX        /ERR/LOKO/0x00000002
15:16:35.618  INFO     RX        /ERR/LOKO/0x00000002
15:16:35.618  INFO     RX        /ERR/LOKO/0x00000002
15:16:35.647  INFO     RX        /ERR/LOKO/0x00000002
15:16:35.647  INFO     RX        /ERR/LOKO/0x00000002
15:16:35.679  INFO     RX        /ERR/LOKO/0x00000002
15:16:35.679  INFO     RX        /ERR/LOKO/0x00000002
15:16:35.679  INFO     RX        /ERR/LOKO/0x00000002
15:16:35.714  INFO     RX        /ERR/LOKO/0x00000002
15:16:35.714  INFO     RX        /ERR/LOKO/0x00000002
15:16:35.714  INFO     RX        /ERR/LOKO/0x00000002
15:16:35.744  INFO     RX        /ERR/LOKO/0x00000002
15:16:35.744  INFO     RX        /ERR/LOKO/0x00000002
15:16:35.776  INFO     RX        /ERR/LOKO/0x00000002
15:16:35.776  INFO     RX        /ERR/LOKO/0x00000002
15:16:35.777  INFO     RX        /ERR/LOKO/0x00000002
15:16:35.811  INFO     RX        /ERR/LOKO/0x00000002
15:16:35.811  INFO     RX        /ERR/LOKO/0x00000002
15:16:35.811  INFO     RX        /ERR/LOKO/0x00000002
15:16:35.840  INFO     RX        /ERR/LOKO/0x00000002
15:16:35.841  INFO     RX        /ERR/LOKO/0x00000002
15:16:35.841  INFO     RX        /ERR/LOKO/0x00000002
15:16:35.876  INFO     RX        /ERR/LOKO/0x00000002
15:16:35.876  INFO     RX        /ERR/LOKO/0x00000002
15:16:35.876  INFO     RX        /ERR/LOKO/0x00000002
15:16:35.901  DEBUG    TX /CONTROLL/0,0,12,0,0,0,0,0,0
15:16:35.904  INFO     RX        /ERR/LOKO/0x00000002
15:16:35.904  INFO     RX        /ERR/LOKO/0x00000002
15:16:35.937  INFO     RX        /ERR/LOKO/0x00000002
15:16:35.938  INFO     RX        /ERR/LOKO/0x00000002
15:16:35.938  INFO     RX        /ERR/LOKO/0x00000002
15:16:35.972  INFO     RX        /ERR/LOKO/0x00000002
15:16:35.972  INFO     RX        /ERR/LOKO/0x00000002
15:16:35.972  INFO     RX        /ERR/LOKO/0x00000002
15:16:36.005  INFO     RX        /ERR/LOKO/0x00000002
15:16:36.005  INFO     RX        /ERR/LOKO/0x00000002
15:16:36.005  INFO     RX        /ERR/LOKO/0x00000002
15:16:36.034  INFO     RX        /ERR/LOKO/0x00000002
15:16:36.034  INFO     RX        /ERR/LOKO/0x00000002
15:16:36.067  INFO     RX        /ERR/LOKO/0x00000002
15:16:36.067  INFO     RX        /ERR/LOKO/0x00000002
15:16:36.068  INFO     RX        /ERR/LOKO/0x00000002
15:16:36.101  INFO     RX        /ERR/LOKO/0x00000002
15:16:36.101  INFO     RX        /ERR/LOKO/0x00000002
15:16:36.101  INFO     RX        /ERR/LOKO/0x00000002
15:16:36.135  INFO     RX        /ERR/LOKO/0x00000002
15:16:36.135  INFO     RX        /ERR/LOKO/0x00000002
15:16:36.135  INFO     RX        /ERR/LOKO/0x00000002
15:16:36.166  INFO     RX        /ERR/LOKO/0x00000002
15:16:36.166  INFO     RX        /ERR/LOKO/0x00000002
15:16:36.195  INFO     RX        /ERR/LOKO/0x00000002
15:16:36.195  INFO     RX        /ERR/LOKO/0x00000002
15:16:36.195  INFO     RX        /ERR/LOKO/0x00000002
15:16:36.228  INFO     RX        /ERR/LOKO/0x00000002
15:16:36.228  INFO     RX        /ERR/LOKO/0x00000002
15:16:36.228  INFO     RX        /ERR/LOKO/0x00000002
15:16:36.263  INFO     RX        /ERR/LOKO/0x00000002
15:16:36.263  INFO     RX        /ERR/LOKO/0x00000002
15:16:36.263  INFO     RX        /ERR/LOKO/0x00000002
15:16:36.292  INFO     RX        /ERR/LOKO/0x00000002
15:16:36.292  INFO     RX        /ERR/LOKO/0x00000002
15:16:36.326  INFO     RX        /ERR/LOKO/0x00000002
15:16:36.326  INFO     RX        /ERR/LOKO/0x00000002
15:16:36.326  INFO     RX        /ERR/LOKO/0x00000002
15:16:36.356  INFO     RX        /ERR/LOKO/0x00000002
15:16:36.356  INFO     RX        /ERR/LOKO/0x00000002
15:16:36.356  INFO     RX        /ERR/LOKO/0x00000002
15:16:36.388  INFO     RX        /ERR/LOKO/0x00000002
15:16:36.389  INFO     RX        /ERR/LOKO/0x00000002
15:16:36.425  INFO     RX        /ERR/LOKO/0x00000002
15:16:36.425  INFO     RX        /ERR/LOKO/0x00000002
15:16:36.425  INFO     RX        /ERR/LOKO/0x00000002
15:16:36.453  INFO     RX        /ERR/LOKO/0x00000002
15:16:36.453  INFO     RX        /ERR/LOKO/0x00000002
15:16:36.453  INFO     RX        /ERR/LOKO/0x00000002
15:16:36.485  INFO     RX        /ERR/LOKO/0x00000002
15:16:36.485  INFO     RX        /ERR/LOKO/0x00000002
15:16:36.485  INFO     RX        /ERR/LOKO/0x00000002
15:16:36.519  INFO     RX        /ERR/LOKO/0x00000002
15:16:36.519  INFO     RX        /ERR/LOKO/0x00000002
15:16:36.519  INFO     RX        /ERR/LOKO/0x00000002
15:16:36.550  INFO     RX        /ERR/LOKO/0x00000002
15:16:36.551  INFO     RX        /ERR/LOKO/0x00000002
15:16:36.583  INFO     RX        /ERR/LOKO/0x00000002
15:16:36.583  INFO     RX        /ERR/LOKO/0x00000002
15:16:36.583  INFO     RX        /ERR/LOKO/0x00000002
15:16:36.613  INFO     RX        /ERR/LOKO/0x00000002
15:16:36.613  INFO     RX        /ERR/LOKO/0x00000002
15:16:36.613  INFO     RX        /ERR/LOKO/0x00000002
15:16:36.648  INFO     RX        /ERR/LOKO/0x00000002
15:16:36.648  INFO     RX        /ERR/LOKO/0x00000002
15:16:36.648  INFO     RX        /ERR/LOKO/0x00000002
15:16:36.677  INFO     RX        /ERR/LOKO/0x00000002
15:16:36.677  INFO     RX        /ERR/LOKO/0x00000002
15:16:36.712  INFO     RX        /ERR/LOKO/0x00000002
15:16:36.712  INFO     RX        /ERR/LOKO/0x00000002
15:16:36.712  INFO     RX        /ERR/LOKO/0x00000002
15:16:36.743  INFO     RX        /ERR/LOKO/0x00000002
15:16:36.743  INFO     RX        /ERR/LOKO/0x00000002
15:16:36.743  INFO     RX        /ERR/LOKO/0x00000002
15:16:36.775  INFO     RX        /ERR/LOKO/0x00000002
15:16:36.775  INFO     RX        /ERR/LOKO/0x00000002
15:16:36.812  INFO     RX        /ERR/LOKO/0x00000002
15:16:36.812  INFO     RX        /ERR/LOKO/0x00000002
15:16:36.812  INFO     RX        /ERR/LOKO/0x00000002
15:16:36.840  INFO     RX        /ERR/LOKO/0x00000002
15:16:36.840  INFO     RX        /ERR/LOKO/0x00000002
15:16:36.840  INFO     RX        /ERR/LOKO/0x00000002
15:16:36.872  INFO     RX        /ERR/LOKO/0x00000002
15:16:36.872  INFO     RX        /ERR/LOKO/0x00000002
15:16:36.872  INFO     RX        /ERR/LOKO/0x00000002
15:16:36.906  INFO     RX        /ERR/LOKO/0x00000002
15:16:36.906  INFO     RX        /ERR/LOKO/0x00000002
15:16:36.906  INFO     RX        /ERR/LOKO/0x00000002
15:16:36.938  INFO     RX        /ERR/LOKO/0x00000002
15:16:36.938  INFO     RX        /ERR/LOKO/0x00000002
15:16:36.972  INFO     RX        /ERR/LOKO/0x00000002
15:16:36.972  INFO     RX        /ERR/LOKO/0x00000002
15:16:36.972  INFO     RX        /ERR/LOKO/0x00000002
15:16:37.002  INFO     RX        /ERR/LOKO/0x00000002
15:16:37.002  INFO     RX        /ERR/LOKO/0x00000002
15:16:37.002  INFO     RX        /ERR/LOKO/0x00000002
15:16:37.033  INFO     RX        /ERR/LOKO/0x00000002
15:16:37.033  INFO     RX        /ERR/LOKO/0x00000002
15:16:37.068  INFO     RX        /ERR/LOKO/0x00000002
15:16:37.068  INFO     RX        /ERR/LOKO/0x00000002
15:16:37.068  INFO     RX        /ERR/LOKO/0x00000002
15:16:37.098  INFO     RX        /ERR/LOKO/0x00000002
15:16:37.098  INFO     RX        /ERR/LOKO/0x00000002
15:16:37.098  INFO     RX        /ERR/LOKO/0x00000002
15:16:37.129  INFO     RX        /ERR/LOKO/0x00000002
15:16:37.129  INFO     RX        /ERR/LOKO/0x00000002
15:16:37.130  INFO     RX        /ERR/LOKO/0x00000002
15:16:37.164  INFO     RX        /ERR/LOKO/0x00000002
15:16:37.164  INFO     RX        /ERR/LOKO/0x00000002
15:16:37.164  INFO     RX        /ERR/LOKO/0x00000002
15:16:37.198  INFO     RX        /ERR/LOKO/0x00000002
15:16:37.198  INFO     RX        /ERR/LOKO/0x00000002
15:16:37.231  INFO     RX        /ERR/LOKO/0x00000002
15:16:37.231  INFO     RX        /ERR/LOKO/0x00000002
15:16:37.231  INFO     RX        /ERR/LOKO/0x00000002
15:16:37.265  INFO     RX        /ERR/LOKO/0x00000002
15:16:37.265  INFO     RX        /ERR/LOKO/0x00000002
15:16:37.265  INFO     RX        /ERR/LOKO/0x00000002
15:16:37.293  INFO     RX        /ERR/LOKO/0x00000002
15:16:37.293  INFO     RX        /ERR/LOKO/0x00000002
15:16:37.293  INFO     RX        /ERR/LOKO/0x00000002
15:16:37.325  INFO     RX        /ERR/LOKO/0x00000002
15:16:37.325  INFO     RX        /ERR/LOKO/0x00000002
15:16:37.358  INFO     RX        /ERR/LOKO/0x00000002
15:16:37.358  INFO     RX        /ERR/LOKO/0x00000002
15:16:37.358  INFO     RX        /ERR/LOKO/0x00000002
15:16:37.387  INFO     RX        /ERR/LOKO/0x00000002
15:16:37.387  INFO     RX        /ERR/LOKO/0x00000002
15:16:37.387  INFO     RX        /ERR/LOKO/0x00000002
15:16:37.422  INFO     RX        /ERR/LOKO/0x00000002
15:16:37.422  INFO     RX        /ERR/LOKO/0x00000002
15:16:37.422  INFO     RX        /ERR/LOKO/0x00000002
15:16:37.454  INFO     RX        /ERR/LOKO/0x00000002
15:16:37.454  INFO     RX        /ERR/LOKO/0x00000002
15:16:37.487  INFO     RX        /ERR/LOKO/0x00000002
15:16:37.487  INFO     RX        /ERR/LOKO/0x00000002
15:16:37.487  INFO     RX        /ERR/LOKO/0x00000002
15:16:37.512  DEBUG    TX /CONTROLL/0,0,0,0,0,0,0,0,0
15:16:37.516  INFO     RX        /ERR/LOKO/0x00000002
15:16:37.516  INFO     RX        /ERR/LOKO/0x00000002
15:16:37.516  INFO     RX        /ERR/LOKO/0x00000002
15:16:37.547  INFO     RX        /ERR/LOKO/0x00000002
15:16:37.547  INFO     RX        /ERR/LOKO/0x00000002
15:16:37.581  INFO     RX        /ERR/LOKO/0x00000002
15:16:37.581  INFO     RX        /ERR/LOKO/0x00000002
15:16:37.581  INFO     RX        /ERR/LOKO/0x00000002
15:16:37.611  INFO     RX        /ERR/LOKO/0x00000002
15:16:37.612  INFO     RX        /ERR/LOKO/0x00000002
15:16:37.612  INFO     RX        /ERR/LOKO/0x00000002
15:16:37.645  INFO     RX        /ERR/LOKO/0x00000002
15:16:37.645  INFO     RX        /ERR/LOKO/0x00000002
15:16:37.645  INFO     RX        /ERR/LOKO/0x00000002
15:16:37.675  INFO     RX        /ERR/LOKO/0x00000002
15:16:37.675  INFO     RX        /ERR/LOKO/0x00000002
15:16:37.709  INFO     RX        /ERR/LOKO/0x00000002
15:16:37.709  INFO     RX        /ERR/LOKO/0x00000002
15:16:37.709  INFO     RX        /ERR/LOKO/0x00000002
15:16:37.742  INFO     RX        /ERR/LOKO/0x00000002
15:16:37.742  INFO     RX        /ERR/LOKO/0x00000002
15:16:37.742  INFO     RX        /ERR/LOKO/0x00000002
15:16:37.771  INFO     RX        /ERR/LOKO/0x00000002
15:16:37.771  INFO     RX        /ERR/LOKO/0x00000002
15:16:37.806  INFO     RX        /ERR/LOKO/0x00000002
15:16:37.807  INFO     RX        /ERR/LOKO/0x00000002
15:16:37.807  INFO     RX        /ERR/LOKO/0x00000002
15:16:37.838  INFO     RX        /ERR/LOKO/0x00000002
15:16:37.838  INFO     RX        /ERR/LOKO/0x00000002
15:16:37.838  INFO     RX        /ERR/LOKO/0x00000002
15:16:37.868  INFO     RX        /ERR/LOKO/0x00000002
15:16:37.868  INFO     RX        /ERR/LOKO/0x00000002
15:16:37.868  INFO     RX        /ERR/LOKO/0x00000002
15:16:37.903  INFO     RX        /ERR/LOKO/0x00000002
15:16:37.903  INFO     RX        /ERR/LOKO/0x00000002
15:16:37.903  INFO     RX        /ERR/LOKO/0x00000002
15:16:37.932  INFO     RX        /ERR/LOKO/0x00000002
15:16:37.932  INFO     RX        /ERR/LOKO/0x00000002
15:16:37.968  INFO     RX        /ERR/LOKO/0x00000002
15:16:37.968  INFO     RX        /ERR/LOKO/0x00000002
15:16:37.968  INFO     RX        /ERR/LOKO/0x00000002
15:16:37.997  INFO     RX        /ERR/LOKO/0x00000002
15:16:37.997  INFO     RX        /ERR/LOKO/0x00000002
15:16:37.997  INFO     RX        /ERR/LOKO/0x00000002
15:16:38.109  INFO     RX        /ERR/LOKO/0x00000002
15:16:38.109  INFO     RX        /ERR/LOKO/0x00000002
15:16:38.109  INFO     RX        /ERR/LOKO/0x00000002
15:16:38.109  INFO     RX        /ERR/LOKO/0x00000002
15:16:38.109  INFO     RX        /ERR/LOKO/0x00000002
15:16:38.109  INFO     RX        /ERR/LOKO/0x00000002
15:16:38.109  INFO     RX        /ERR/LOKO/0x00000002
15:16:38.109  INFO     RX        /ERR/LOKO/0x00000002
15:16:38.117  INFO     RX        /ERR/LOKO/0x00000002
15:16:38.117  INFO     RX        /ERR/LOKO/0x00000002
15:16:38.126  INFO     RX        /ERR/LOKO/0x00000002
15:16:38.157  INFO     RX        /ERR/LOKO/0x00000002
15:16:38.157  INFO     RX        /ERR/LOKO/0x00000002
15:16:38.197  INFO     RX        /ERR/LOKO/0x00000002
15:16:38.197  INFO     RX        /ERR/LOKO/0x00000002
15:16:38.197  INFO     RX        /ERR/LOKO/0x00000002
15:16:38.197  INFO     RX        /ERR/LOKO/0x00000002
15:16:38.222  INFO     RX        /ERR/LOKO/0x00000002
15:16:38.222  INFO     RX        /ERR/LOKO/0x00000002
15:16:38.254  INFO     RX        /ERR/LOKO/0x00000002
15:16:38.254  INFO     RX        /ERR/LOKO/0x00000002
15:16:38.254  INFO     RX        /ERR/LOKO/0x00000002
15:16:38.288  INFO     RX        /ERR/LOKO/0x00000002
15:16:38.288  INFO     RX        /ERR/LOKO/0x00000002
15:16:38.288  INFO     RX        /ERR/LOKO/0x00000002
15:16:38.317  INFO     RX        /ERR/LOKO/0x00000002
15:16:38.317  INFO     RX        /ERR/LOKO/0x00000002
15:16:38.350  INFO     RX        /ERR/LOKO/0x00000002
15:16:38.350  INFO     RX        /ERR/LOKO/0x00000002
15:16:38.350  INFO     RX        /ERR/LOKO/0x00000002
15:16:38.382  INFO     RX        /ERR/LOKO/0x00000002
15:16:38.382  INFO     RX        /ERR/LOKO/0x00000002
15:16:38.414  INFO     RX        /ERR/LOKO/0x00000002
15:16:38.415  INFO     RX        /ERR/LOKO/0x00000002
15:16:38.415  INFO     RX        /ERR/LOKO/0x00000002
15:16:38.446  INFO     RX        /ERR/LOKO/0x00000002
15:16:38.446  INFO     RX        /ERR/LOKO/0x00000002
15:16:38.446  INFO     RX        /ERR/LOKO/0x00000002
15:16:38.478  INFO     RX        /ERR/LOKO/0x00000002
15:16:38.478  INFO     RX        /ERR/LOKO/0x00000002
15:16:38.478  INFO     RX        /ERR/LOKO/0x00000002
15:16:38.511  INFO     RX        /ERR/LOKO/0x00000002
15:16:38.511  INFO     RX        /ERR/LOKO/0x00000002
15:16:38.511  INFO     RX        /ERR/LOKO/0x00000002
15:16:38.542  INFO     RX        /ERR/LOKO/0x00000002
15:16:38.542  INFO     RX        /ERR/LOKO/0x00000002
15:16:38.574  INFO     RX        /ERR/LOKO/0x00000002
15:16:38.574  INFO     RX        /ERR/LOKO/0x00000002
15:16:38.574  INFO     RX        /ERR/LOKO/0x00000002
15:16:38.606  INFO     RX        /ERR/LOKO/0x00000002
15:16:38.606  INFO     RX        /ERR/LOKO/0x00000002
15:16:38.606  INFO     RX        /ERR/LOKO/0x00000002
15:16:38.639  INFO     RX        /ERR/LOKO/0x00000002
15:16:38.639  INFO     RX        /ERR/LOKO/0x00000002
15:16:38.670  INFO     RX        /ERR/LOKO/0x00000002
15:16:38.670  INFO     RX        /ERR/LOKO/0x00000002
15:16:38.670  INFO     RX        /ERR/LOKO/0x00000002
15:16:38.705  INFO     RX        /ERR/LOKO/0x00000002
15:16:38.706  INFO     RX        /ERR/LOKO/0x00000002
15:16:38.706  INFO     RX        /ERR/LOKO/0x00000002
15:16:38.735  INFO     RX        /ERR/LOKO/0x00000002
15:16:38.735  INFO     RX        /ERR/LOKO/0x00000002
15:16:38.735  INFO     RX        /ERR/LOKO/0x00000002
15:16:38.771  INFO     RX        /ERR/LOKO/0x00000002
15:16:38.771  INFO     RX        /ERR/LOKO/0x00000002
15:16:38.771  INFO     RX        /ERR/LOKO/0x00000002
15:16:38.800  INFO     RX        /ERR/LOKO/0x00000002
15:16:38.800  INFO     RX        /ERR/LOKO/0x00000002
15:16:38.834  INFO     RX        /ERR/LOKO/0x00000002
15:16:38.834  INFO     RX        /ERR/LOKO/0x00000002
15:16:38.834  INFO     RX        /ERR/LOKO/0x00000002
15:16:38.864  INFO     RX        /ERR/LOKO/0x00000002
15:16:38.864  INFO     RX        /ERR/LOKO/0x00000002
15:16:38.865  INFO     RX        /ERR/LOKO/0x00000002
15:16:38.898  INFO     RX        /ERR/LOKO/0x00000002
15:16:38.898  INFO     RX        /ERR/LOKO/0x00000002
15:16:38.898  INFO     RX        /ERR/LOKO/0x00000002
15:16:38.928  INFO     RX        /ERR/LOKO/0x00000002
15:16:38.928  INFO     RX        /ERR/LOKO/0x00000002
15:16:38.963  INFO     RX        /ERR/LOKO/0x00000002
15:16:38.963  INFO     RX        /ERR/LOKO/0x00000002
15:16:38.963  INFO     RX        /ERR/LOKO/0x00000002
15:16:38.994  INFO     RX        /ERR/LOKO/0x00000002
15:16:38.994  INFO     RX        /ERR/LOKO/0x00000002
15:16:38.994  INFO     RX        /ERR/LOKO/0x00000002
15:16:39.025  INFO     RX        /ERR/LOKO/0x00000002
15:16:39.025  INFO     RX        /ERR/LOKO/0x00000002
15:16:39.060  INFO     RX        /ERR/LOKO/0x00000002
15:16:39.060  INFO     RX        /ERR/LOKO/0x00000002
15:16:39.060  INFO     RX        /ERR/LOKO/0x00000002
15:16:39.093  INFO     RX        /ERR/LOKO/0x00000002
15:16:39.093  INFO     RX        /ERR/LOKO/0x00000002
15:16:39.093  INFO     RX        /ERR/LOKO/0x00000002
15:16:39.118  DEBUG    TX /CONTROLL/0,0,-24,74,0,0,0,0,0
15:16:39.121  INFO     RX        /ERR/LOKO/0x00000002
15:16:39.121  INFO     RX        /ERR/LOKO/0x00000002
15:16:39.156  INFO     RX        /ERR/LOKO/0x00000002
15:16:39.156  INFO     RX        /ERR/LOKO/0x00000002
15:16:39.156  INFO     RX        /ERR/LOKO/0x00000002
15:16:39.185  INFO     RX        /ERR/LOKO/0x00000002
15:16:39.185  INFO     RX        /ERR/LOKO/0x00000002
15:16:39.185  INFO     RX        /ERR/LOKO/0x00000002
15:16:39.217  INFO     RX        /ERR/LOKO/0x00000002
15:16:39.217  INFO     RX        /ERR/LOKO/0x00000002
15:16:39.217  INFO     RX        /ERR/LOKO/0x00000002
15:16:39.251  INFO     RX        /ERR/LOKO/0x00000002
15:16:39.251  INFO     RX        /ERR/LOKO/0x00000002
15:16:39.251  INFO     RX        /ERR/LOKO/0x00000002
15:16:39.281  INFO     RX        /ERR/LOKO/0x00000002
15:16:39.281  INFO     RX        /ERR/LOKO/0x00000002
15:16:39.315  INFO     RX        /ERR/LOKO/0x00000002
15:16:39.316  INFO     RX        /ERR/LOKO/0x00000002
15:16:39.316  INFO     RX        /ERR/LOKO/0x00000002
15:16:39.346  INFO     RX        /ERR/LOKO/0x00000002
15:16:39.346  INFO     RX        /ERR/LOKO/0x00000002
15:16:39.346  INFO     RX        /ERR/LOKO/0x00000002
15:16:39.380  INFO     RX        /ERR/LOKO/0x00000002
15:16:39.380  INFO     RX        /ERR/LOKO/0x00000002
15:16:39.380  INFO     RX        /ERR/LOKO/0x00000002
15:16:39.409  INFO     RX        /ERR/LOKO/0x00000002
15:16:39.409  INFO     RX        /ERR/LOKO/0x00000002
15:16:39.444  INFO     RX        /ERR/LOKO/0x00000002
15:16:39.444  INFO     RX        /ERR/LOKO/0x00000002
15:16:39.444  INFO     RX        /ERR/LOKO/0x00000002
15:16:39.473  INFO     RX        /ERR/LOKO/0x00000002
15:16:39.473  INFO     RX        /ERR/LOKO/0x00000002
15:16:39.473  INFO     RX        /ERR/LOKO/0x00000002
15:16:39.505  INFO     RX        /ERR/LOKO/0x00000002
15:16:39.505  INFO     RX        /ERR/LOKO/0x00000002
15:16:39.540  INFO     RX        /ERR/LOKO/0x00000002
15:16:39.540  INFO     RX        /ERR/LOKO/0x00000002
15:16:39.540  INFO     RX        /ERR/LOKO/0x00000002
15:16:39.569  INFO     RX        /ERR/LOKO/0x00000002
15:16:39.569  INFO     RX        /ERR/LOKO/0x00000002
15:16:39.569  INFO     RX        /ERR/LOKO/0x00000002
15:16:39.603  INFO     RX        /ERR/LOKO/0x00000002
15:16:39.603  INFO     RX        /ERR/LOKO/0x00000002
15:16:39.603  INFO     RX        /ERR/LOKO/0x00000002
15:16:39.634  INFO     RX        /ERR/LOKO/0x00000002
15:16:39.634  INFO     RX        /ERR/LOKO/0x00000002
15:16:39.665  INFO     RX        /ERR/LOKO/0x00000002
15:16:39.665  INFO     RX        /ERR/LOKO/0x00000002
15:16:39.665  INFO     RX        /ERR/LOKO/0x00000002
15:16:39.703  INFO     RX        /ERR/LOKO/0x00000002
15:16:39.703  INFO     RX        /ERR/LOKO/0x00000002
15:16:39.703  INFO     RX        /ERR/LOKO/0x00000002
15:16:39.729  INFO     RX        /ERR/LOKO/0x00000002
15:16:39.729  INFO     RX        /ERR/LOKO/0x00000002
15:16:39.764  INFO     RX        /ERR/LOKO/0x00000002
15:16:39.764  INFO     RX        /ERR/LOKO/0x00000002
15:16:39.764  INFO     RX        /ERR/LOKO/0x00000002
15:16:39.794  INFO     RX        /ERR/LOKO/0x00000002
15:16:39.794  INFO     RX        /ERR/LOKO/0x00000002
15:16:39.794  INFO     RX        /ERR/LOKO/0x00000002
15:16:39.826  INFO     RX        /ERR/LOKO/0x00000002
15:16:39.826  INFO     RX        /ERR/LOKO/0x00000002
15:16:39.826  INFO     RX        /ERR/LOKO/0x00000002
15:16:39.859  INFO     RX        /ERR/LOKO/0x00000002
15:16:39.859  INFO     RX        /ERR/LOKO/0x00000002
15:16:39.859  INFO     RX        /ERR/LOKO/0x00000002
15:16:39.889  INFO     RX        /ERR/LOKO/0x00000002
15:16:39.889  INFO     RX        /ERR/LOKO/0x00000002
15:16:39.921  INFO     RX        /ERR/LOKO/0x00000002
15:16:39.921  INFO     RX        /ERR/LOKO/0x00000002
15:16:39.921  INFO     RX        /ERR/LOKO/0x00000002
15:16:39.953  INFO     RX        /ERR/LOKO/0x00000002
15:16:39.954  INFO     RX        /ERR/LOKO/0x00000002
15:16:39.954  INFO     RX        /ERR/LOKO/0x00000002
15:16:39.989  INFO     RX        /ERR/LOKO/0x00000002
15:16:39.989  INFO     RX        /ERR/LOKO/0x00000002
15:16:39.989  INFO     RX        /ERR/LOKO/0x00000002
15:16:40.022  INFO     RX        /ERR/LOKO/0x00000002
15:16:40.022  INFO     RX        /ERR/LOKO/0x00000002
15:16:40.050  INFO     RX        /ERR/LOKO/0x00000002
15:16:40.051  INFO     RX        /ERR/LOKO/0x00000002
15:16:40.051  INFO     RX        /ERR/LOKO/0x00000002
15:16:40.087  INFO     RX        /ERR/LOKO/0x00000002
15:16:40.087  INFO     RX        /ERR/LOKO/0x00000002
15:16:40.087  INFO     RX        /ERR/LOKO/0x00000002
15:16:40.116  INFO     RX        /ERR/LOKO/0x00000002
15:16:40.116  INFO     RX        /ERR/LOKO/0x00000002
15:16:40.150  INFO     RX        /ERR/LOKO/0x00000002
15:16:40.150  INFO     RX        /ERR/LOKO/0x00000002
15:16:40.150  INFO     RX        /ERR/LOKO/0x00000002
15:16:40.183  INFO     RX        /ERR/LOKO/0x00000002
15:16:40.183  INFO     RX        /ERR/LOKO/0x00000002
15:16:40.183  INFO     RX        /ERR/LOKO/0x00000002
15:16:40.213  INFO     RX        /ERR/LOKO/0x00000002
15:16:40.213  INFO     RX        /ERR/LOKO/0x00000002
15:16:40.213  INFO     RX        /ERR/LOKO/0x00000002
15:16:40.248  INFO     RX        /ERR/LOKO/0x00000002
15:16:40.248  INFO     RX        /ERR/LOKO/0x00000002
15:16:40.248  INFO     RX        /ERR/LOKO/0x00000002
15:16:40.277  INFO     RX        /ERR/LOKO/0x00000002
15:16:40.277  INFO     RX        /ERR/LOKO/0x00000002
15:16:40.312  INFO     RX        /ERR/LOKO/0x00000002
15:16:40.312  INFO     RX        /ERR/LOKO/0x00000002
15:16:40.312  INFO     RX        /ERR/LOKO/0x00000002
15:16:40.342  INFO     RX        /ERR/LOKO/0x00000002
15:16:40.342  INFO     RX        /ERR/LOKO/0x00000002
15:16:40.342  INFO     RX        /ERR/LOKO/0x00000002
15:16:40.377  INFO     RX        /ERR/LOKO/0x00000002
15:16:40.377  INFO     RX        /ERR/LOKO/0x00000002
15:16:40.377  INFO     RX        /ERR/LOKO/0x00000002
15:16:40.406  INFO     RX        /ERR/LOKO/0x00000002
15:16:40.406  INFO     RX        /ERR/LOKO/0x00000002
15:16:40.438  INFO     RX        /ERR/LOKO/0x00000002
15:16:40.438  INFO     RX        /ERR/LOKO/0x00000002
15:16:40.438  INFO     RX        /ERR/LOKO/0x00000002
15:16:40.471  INFO     RX        /ERR/LOKO/0x00000002
15:16:40.471  INFO     RX        /ERR/LOKO/0x00000002
15:16:40.471  INFO     RX        /ERR/LOKO/0x00000002
15:16:40.505  INFO     RX        /ERR/LOKO/0x00000002
15:16:40.505  INFO     RX        /ERR/LOKO/0x00000002
15:16:40.505  INFO     RX        /ERR/LOKO/0x00000002
15:16:40.537  INFO     RX        /ERR/LOKO/0x00000002
15:16:40.537  INFO     RX        /ERR/LOKO/0x00000002
15:16:40.569  INFO     RX        /ERR/LOKO/0x00000002
15:16:40.569  INFO     RX        /ERR/LOKO/0x00000002
15:16:40.569  INFO     RX        /ERR/LOKO/0x00000002
15:16:40.603  INFO     RX        /ERR/LOKO/0x00000002
15:16:40.603  INFO     RX        /ERR/LOKO/0x00000002
15:16:40.603  INFO     RX        /ERR/LOKO/0x00000002
15:16:40.706  INFO     RX        /ERR/LOKO/0x00000002
15:16:40.707  INFO     RX        /ERR/LOKO/0x00000002
15:16:40.707  INFO     RX        /ERR/LOKO/0x00000002
15:16:40.707  INFO     RX        /ERR/LOKO/0x00000002
15:16:40.707  INFO     RX        /ERR/LOKO/0x00000002
15:16:40.707  INFO     RX        /ERR/LOKO/0x00000002
15:16:40.707  INFO     RX        /ERR/LOKO/0x00000002
15:16:40.707  INFO     RX        /ERR/LOKO/0x00000002
15:16:40.716  INFO     RX        /ERR/LOKO/0x00000002
15:16:40.716  INFO     RX        /ERR/LOKO/0x00000002
15:16:40.724  DEBUG    TX /CONTROLL/0,0,-55,-95,0,0,0,0,0
15:16:40.727  INFO     RX        /ERR/LOKO/0x00000002
15:16:40.760  INFO     RX        /ERR/LOKO/0x00000002
15:16:40.760  INFO     RX        /ERR/LOKO/0x00000002
15:16:40.793  INFO     RX        /ERR/LOKO/0x00000002
15:16:40.793  INFO     RX        /ERR/LOKO/0x00000002
15:16:40.794  INFO     RX        /ERR/LOKO/0x00000002
15:16:40.825  INFO     RX        /ERR/LOKO/0x00000002
15:16:40.825  INFO     RX        /ERR/LOKO/0x00000002
15:16:40.826  INFO     RX        /ERR/LOKO/0x00000002
15:16:40.858  INFO     RX        /ERR/LOKO/0x00000002
15:16:40.858  INFO     RX        /ERR/LOKO/0x00000002
15:16:40.858  INFO     RX        /ERR/LOKO/0x00000002
15:16:40.887  INFO     RX        /ERR/LOKO/0x00000002
15:16:40.887  INFO     RX        /ERR/LOKO/0x00000002
15:16:40.922  INFO     RX        /ERR/LOKO/0x00000002
15:16:40.922  INFO     RX        /ERR/LOKO/0x00000002
15:16:40.922  INFO     RX        /ERR/LOKO/0x00000002
15:16:40.951  INFO     RX        /ERR/LOKO/0x00000002
15:16:40.952  INFO     RX        /ERR/LOKO/0x00000002
15:16:40.952  INFO     RX        /ERR/LOKO/0x00000002
15:16:40.987  INFO     RX        /ERR/LOKO/0x00000002
15:16:40.987  INFO     RX        /ERR/LOKO/0x00000002
15:16:40.987  INFO     RX        /ERR/LOKO/0x00000002
15:16:41.015  INFO     RX        /ERR/LOKO/0x00000002
15:16:41.016  INFO     RX        /ERR/LOKO/0x00000002
15:16:41.047  INFO     RX        /ERR/LOKO/0x00000002
15:16:41.048  INFO     RX        /ERR/LOKO/0x00000002
15:16:41.048  INFO     RX        /ERR/LOKO/0x00000002
15:16:41.082  INFO     RX        /ERR/LOKO/0x00000002
15:16:41.082  INFO     RX        /ERR/LOKO/0x00000002
15:16:41.082  INFO     RX        /ERR/LOKO/0x00000002
15:16:41.112  INFO     RX        /ERR/LOKO/0x00000002
15:16:41.112  INFO     RX        /ERR/LOKO/0x00000002
15:16:41.147  INFO     RX        /ERR/LOKO/0x00000002
15:16:41.147  INFO     RX        /ERR/LOKO/0x00000002
15:16:41.147  INFO     RX        /ERR/LOKO/0x00000002
15:16:41.178  INFO     RX        /ERR/LOKO/0x00000002
15:16:41.178  INFO     RX        /ERR/LOKO/0x00000002
15:16:41.178  INFO     RX        /ERR/LOKO/0x00000002
15:16:41.210  INFO     RX        /ERR/LOKO/0x00000002
15:16:41.210  INFO     RX        /ERR/LOKO/0x00000002
15:16:41.210  INFO     RX        /ERR/LOKO/0x00000002
15:16:41.244  INFO     RX        /ERR/LOKO/0x00000002
15:16:41.244  INFO     RX        /ERR/LOKO/0x00000002
15:16:41.244  INFO     RX        /ERR/LOKO/0x00000002
15:16:41.278  INFO     RX        /ERR/LOKO/0x00000002
15:16:41.279  INFO     RX        /ERR/LOKO/0x00000002
15:16:41.279  INFO     RX        /ERR/LOKO/0x00000002
15:16:41.308  INFO     RX        /ERR/LOKO/0x00000002
15:16:41.308  INFO     RX        /ERR/LOKO/0x00000002
15:16:41.343  INFO     RX        /ERR/LOKO/0x00000002
15:16:41.343  INFO     RX        /ERR/LOKO/0x00000002
15:16:41.343  INFO     RX        /ERR/LOKO/0x00000002
15:16:41.371  INFO     RX        /ERR/LOKO/0x00000002
15:16:41.371  INFO     RX        /ERR/LOKO/0x00000002
15:16:41.403  INFO     RX        /ERR/LOKO/0x00000002
15:16:41.403  INFO     RX        /ERR/LOKO/0x00000002
15:16:41.403  INFO     RX        /ERR/LOKO/0x00000002
15:16:41.435  INFO     RX        /ERR/LOKO/0x00000002
15:16:41.435  INFO     RX        /ERR/LOKO/0x00000002
15:16:41.435  INFO     RX        /ERR/LOKO/0x00000002
15:16:41.469  INFO     RX        /ERR/LOKO/0x00000002
15:16:41.469  INFO     RX        /ERR/LOKO/0x00000002
15:16:41.469  INFO     RX        /ERR/LOKO/0x00000002
15:16:41.506  INFO     RX        /ERR/LOKO/0x00000002
15:16:41.506  INFO     RX        /ERR/LOKO/0x00000002
15:16:41.507  INFO     RX        /ERR/LOKO/0x00000002
15:16:41.533  INFO     RX        /ERR/LOKO/0x00000002
15:16:41.533  INFO     RX        /ERR/LOKO/0x00000002
15:16:41.565  INFO     RX        /ERR/LOKO/0x00000002
15:16:41.565  INFO     RX        /ERR/LOKO/0x00000002
15:16:41.565  INFO     RX        /ERR/LOKO/0x00000002
15:16:41.596  INFO     RX        /ERR/LOKO/0x00000002
15:16:41.596  INFO     RX        /ERR/LOKO/0x00000002
15:16:41.596  INFO     RX        /ERR/LOKO/0x00000002
15:16:41.629  INFO     RX        /ERR/LOKO/0x00000002
15:16:41.629  INFO     RX        /ERR/LOKO/0x00000002
15:16:41.664  INFO     RX        /ERR/LOKO/0x00000002
15:16:41.664  INFO     RX        /ERR/LOKO/0x00000002
15:16:41.664  INFO     RX        /ERR/LOKO/0x00000002
15:16:41.693  INFO     RX        /ERR/LOKO/0x00000002
15:16:41.693  INFO     RX        /ERR/LOKO/0x00000002
15:16:41.694  INFO     RX        /ERR/LOKO/0x00000002
15:16:41.725  INFO     RX        /ERR/LOKO/0x00000002
15:16:41.725  INFO     RX        /ERR/LOKO/0x00000002
15:16:41.725  INFO     RX        /ERR/LOKO/0x00000002
15:16:41.759  INFO     RX        /ERR/LOKO/0x00000002
15:16:41.760  INFO     RX        /ERR/LOKO/0x00000002
15:16:41.760  INFO     RX        /ERR/LOKO/0x00000002
15:16:41.789  INFO     RX        /ERR/LOKO/0x00000002
15:16:41.789  INFO     RX        /ERR/LOKO/0x00000002
15:16:41.823  INFO     RX        /ERR/LOKO/0x00000002
15:16:41.824  INFO     RX        /ERR/LOKO/0x00000002
15:16:41.824  INFO     RX        /ERR/LOKO/0x00000002
15:16:41.853  INFO     RX        /ERR/LOKO/0x00000002
15:16:41.854  INFO     RX        /ERR/LOKO/0x00000002
15:16:41.854  INFO     RX        /ERR/LOKO/0x00000002
15:16:41.889  INFO     RX        /ERR/LOKO/0x00000002
15:16:41.889  INFO     RX        /ERR/LOKO/0x00000002
15:16:41.889  INFO     RX        /ERR/LOKO/0x00000002
15:16:41.918  INFO     RX        /ERR/LOKO/0x00000002
15:16:41.918  INFO     RX        /ERR/LOKO/0x00000002
15:16:41.953  INFO     RX        /ERR/LOKO/0x00000002
15:16:41.954  INFO     RX        /ERR/LOKO/0x00000002
15:16:41.954  INFO     RX        /ERR/LOKO/0x00000002
15:16:41.986  INFO     RX        /ERR/LOKO/0x00000002
15:16:41.986  INFO     RX        /ERR/LOKO/0x00000002
15:16:41.986  INFO     RX        /ERR/LOKO/0x00000002
15:16:42.015  INFO     RX        /ERR/LOKO/0x00000002
15:16:42.015  INFO     RX        /ERR/LOKO/0x00000002
15:16:42.047  INFO     RX        /ERR/LOKO/0x00000002
15:16:42.048  INFO     RX        /ERR/LOKO/0x00000002
15:16:42.048  INFO     RX        /ERR/LOKO/0x00000002
15:16:42.083  INFO     RX        /ERR/LOKO/0x00000002
15:16:42.083  INFO     RX        /ERR/LOKO/0x00000002
15:16:42.083  INFO     RX        /ERR/LOKO/0x00000002
15:16:42.112  INFO     RX        /ERR/LOKO/0x00000002
15:16:42.112  INFO     RX        /ERR/LOKO/0x00000002
15:16:42.112  INFO     RX        /ERR/LOKO/0x00000002
15:16:42.147  INFO     RX        /ERR/LOKO/0x00000002
15:16:42.147  INFO     RX        /ERR/LOKO/0x00000002
15:16:42.147  INFO     RX        /ERR/LOKO/0x00000002
15:16:42.178  INFO     RX        /ERR/LOKO/0x00000002
15:16:42.178  INFO     RX        /ERR/LOKO/0x00000002
15:16:42.209  INFO     RX        /ERR/LOKO/0x00000002
15:16:42.209  INFO     RX        /ERR/LOKO/0x00000002
15:16:42.209  INFO     RX        /ERR/LOKO/0x00000002
15:16:42.244  INFO     RX        /ERR/LOKO/0x00000002
15:16:42.244  INFO     RX        /ERR/LOKO/0x00000002
15:16:42.244  INFO     RX        /ERR/LOKO/0x00000002
15:16:42.277  INFO     RX        /ERR/LOKO/0x00000002
15:16:42.277  INFO     RX        /ERR/LOKO/0x00000002
15:16:42.277  INFO     RX        /ERR/LOKO/0x00000002
15:16:42.306  INFO     RX        /ERR/LOKO/0x00000002
15:16:42.306  INFO     RX        /ERR/LOKO/0x00000002
15:16:42.335  DEBUG    TX /CONTROLL/0,0,0,0,0,0,0,0,0
15:16:42.342  INFO     RX        /ERR/LOKO/0x00000002
15:16:42.342  INFO     RX        /ERR/LOKO/0x00000002
15:16:42.342  INFO     RX        /ERR/LOKO/0x00000002
15:16:42.371  INFO     RX        /ERR/LOKO/0x00000002
15:16:42.371  INFO     RX        /ERR/LOKO/0x00000002
15:16:42.371  INFO     RX        /ERR/LOKO/0x00000002
15:16:42.403  INFO     RX        /ERR/LOKO/0x00000002
15:16:42.403  INFO     RX        /ERR/LOKO/0x00000002
15:16:42.403  INFO     RX        /ERR/LOKO/0x00000002
15:16:42.438  INFO     RX        /ERR/LOKO/0x00000002
15:16:42.438  INFO     RX        /ERR/LOKO/0x00000002
15:16:42.438  INFO     RX        /ERR/LOKO/0x00000002
15:16:42.470  INFO     RX        /ERR/LOKO/0x00000002
15:16:42.470  INFO     RX        /ERR/LOKO/0x00000002
15:16:42.500  INFO     RX        /ERR/LOKO/0x00000002
15:16:42.500  INFO     RX        /ERR/LOKO/0x00000002
15:16:42.500  INFO     RX        /ERR/LOKO/0x00000002
15:16:42.535  INFO     RX        /ERR/LOKO/0x00000002
15:16:42.535  INFO     RX        /ERR/LOKO/0x00000002
15:16:42.536  INFO     RX        /ERR/LOKO/0x00000002
15:16:42.565  INFO     RX        /ERR/LOKO/0x00000002
15:16:42.565  INFO     RX        /ERR/LOKO/0x00000002
15:16:42.599  INFO     RX        /ERR/LOKO/0x00000002
15:16:42.599  INFO     RX        /ERR/LOKO/0x00000002
15:16:42.599  INFO     RX        /ERR/LOKO/0x00000002
15:16:42.629  INFO     RX        /ERR/LOKO/0x00000002
15:16:42.629  INFO     RX        /ERR/LOKO/0x00000002
15:16:42.629  INFO     RX        /ERR/LOKO/0x00000002
15:16:42.661  INFO     RX        /ERR/LOKO/0x00000002
15:16:42.661  INFO     RX        /ERR/LOKO/0x00000002
15:16:42.661  INFO     RX        /ERR/LOKO/0x00000002
15:16:42.696  INFO     RX        /ERR/LOKO/0x00000002
15:16:42.697  INFO     RX        /ERR/LOKO/0x00000002
15:16:42.697  INFO     RX        /ERR/LOKO/0x00000002
15:16:42.725  INFO     RX        /ERR/LOKO/0x00000002
15:16:42.725  INFO     RX        /ERR/LOKO/0x00000002
15:16:42.759  INFO     RX        /ERR/LOKO/0x00000002
15:16:42.759  INFO     RX        /ERR/LOKO/0x00000002
15:16:42.759  INFO     RX        /ERR/LOKO/0x00000002
15:16:42.789  INFO     RX        /ERR/LOKO/0x00000002
15:16:42.789  INFO     RX        /ERR/LOKO/0x00000002
15:16:42.821  INFO     RX        /ERR/LOKO/0x00000002
15:16:42.821  INFO     RX        /ERR/LOKO/0x00000002
15:16:42.821  INFO     RX        /ERR/LOKO/0x00000002
15:16:42.857  INFO     RX        /ERR/LOKO/0x00000002
15:16:42.857  INFO     RX        /ERR/LOKO/0x00000002
15:16:42.857  INFO     RX        /ERR/LOKO/0x00000002
15:16:42.885  INFO     RX        /ERR/LOKO/0x00000002
15:16:42.886  INFO     RX        /ERR/LOKO/0x00000002
15:16:42.886  INFO     RX        /ERR/LOKO/0x00000002
15:16:42.919  INFO     RX        /ERR/LOKO/0x00000002
15:16:42.919  INFO     RX        /ERR/LOKO/0x00000002
15:16:42.919  INFO     RX        /ERR/LOKO/0x00000002
15:16:42.949  INFO     RX        /ERR/LOKO/0x00000002
15:16:42.949  INFO     RX        /ERR/LOKO/0x00000002
15:16:42.983  INFO     RX        /ERR/LOKO/0x00000002
15:16:42.983  INFO     RX        /ERR/LOKO/0x00000002
15:16:42.983  INFO     RX        /ERR/LOKO/0x00000002
15:16:43.014  INFO     RX        /ERR/LOKO/0x00000002
15:16:43.014  INFO     RX        /ERR/LOKO/0x00000002
15:16:43.014  INFO     RX        /ERR/LOKO/0x00000002
15:16:43.048  INFO     RX        /ERR/LOKO/0x00000002
15:16:43.048  INFO     RX        /ERR/LOKO/0x00000002
15:16:43.048  INFO     RX        /ERR/LOKO/0x00000002
15:16:43.078  INFO     RX        /ERR/LOKO/0x00000002
15:16:43.078  INFO     RX        /ERR/LOKO/0x00000002
15:16:43.110  INFO     RX        /ERR/LOKO/0x00000002
15:16:43.111  INFO     RX        /ERR/LOKO/0x00000002
15:16:43.111  INFO     RX        /ERR/LOKO/0x00000002
15:16:43.145  INFO     RX        /ERR/LOKO/0x00000002
15:16:43.145  INFO     RX        /ERR/LOKO/0x00000002
15:16:43.145  INFO     RX        /ERR/LOKO/0x00000002
15:16:43.178  INFO     RX        /ERR/LOKO/0x00000002
15:16:43.178  INFO     RX        /ERR/LOKO/0x00000002
15:16:43.178  INFO     RX        /ERR/LOKO/0x00000002
15:16:43.324  INFO     RX        /ERR/LOKO/0x00000002
15:16:43.324  INFO     RX        /ERR/LOKO/0x00000002
15:16:43.324  INFO     RX        /ERR/LOKO/0x00000002
15:16:43.325  INFO     RX        /ERR/LOKO/0x00000002
15:16:43.325  INFO     RX        /ERR/LOKO/0x00000002
15:16:43.325  INFO     RX        /ERR/LOKO/0x00000002
15:16:43.325  INFO     RX        /ERR/LOKO/0x00000002
15:16:43.325  INFO     RX        /ERR/LOKO/0x00000002
15:16:43.325  INFO     RX        /ERR/LOKO/0x00000002
15:16:43.325  INFO     RX        /ERR/LOKO/0x00000002
15:16:43.330  INFO     RX        /ERR/LOKO/0x00000002
15:16:43.330  INFO     RX        /ERR/LOKO/0x00000002
15:16:43.330  INFO     RX        /ERR/LOKO/0x00000002
15:16:43.339  INFO     RX        /ERR/LOKO/0x00000002
15:16:43.366  INFO     RX        /ERR/LOKO/0x00000002
15:16:43.366  INFO     RX        /ERR/LOKO/0x00000002
15:16:43.398  INFO     RX        /ERR/LOKO/0x00000002
15:16:43.398  INFO     RX        /ERR/LOKO/0x00000002
15:16:43.433  INFO     RX        /ERR/LOKO/0x00000002
15:16:43.433  INFO     RX        /ERR/LOKO/0x00000002
15:16:43.433  INFO     RX        /ERR/LOKO/0x00000002
15:16:43.467  INFO     RX        /ERR/LOKO/0x00000002
15:16:43.467  INFO     RX        /ERR/LOKO/0x00000002
15:16:43.467  INFO     RX        /ERR/LOKO/0x00000002
15:16:43.495  INFO     RX        /ERR/LOKO/0x00000002
15:16:43.495  INFO     RX        /ERR/LOKO/0x00000002
15:16:43.495  INFO     RX        /ERR/LOKO/0x00000002
15:16:43.528  INFO     RX        /ERR/LOKO/0x00000002
15:16:43.528  INFO     RX        /ERR/LOKO/0x00000002
15:16:43.563  INFO     RX        /ERR/LOKO/0x00000002
15:16:43.563  INFO     RX        /ERR/LOKO/0x00000002
15:16:43.563  INFO     RX        /ERR/LOKO/0x00000002
15:16:43.593  INFO     RX        /ERR/LOKO/0x00000002
15:16:43.593  INFO     RX        /ERR/LOKO/0x00000002
15:16:43.593  INFO     RX        /ERR/LOKO/0x00000002
15:16:43.627  INFO     RX        /ERR/LOKO/0x00000002
15:16:43.627  INFO     RX        /ERR/LOKO/0x00000002
15:16:43.627  INFO     RX        /ERR/LOKO/0x00000002
15:16:43.656  INFO     RX        /ERR/LOKO/0x00000002
15:16:43.656  INFO     RX        /ERR/LOKO/0x00000002
15:16:43.688  INFO     RX        /ERR/LOKO/0x00000002
15:16:43.688  INFO     RX        /ERR/LOKO/0x00000002
15:16:43.688  INFO     RX        /ERR/LOKO/0x00000002
15:16:43.724  INFO     RX        /ERR/LOKO/0x00000002
15:16:43.724  INFO     RX        /ERR/LOKO/0x00000002
15:16:43.724  INFO     RX        /ERR/LOKO/0x00000002
15:16:43.752  INFO     RX        /ERR/LOKO/0x00000002
15:16:43.752  INFO     RX        /ERR/LOKO/0x00000002
15:16:43.752  INFO     RX        /ERR/LOKO/0x00000002
15:16:43.789  INFO     RX        /ERR/LOKO/0x00000002
15:16:43.789  INFO     RX        /ERR/LOKO/0x00000002
15:16:43.789  INFO     RX        /ERR/LOKO/0x00000002
15:16:43.818  INFO     RX        /ERR/LOKO/0x00000002
15:16:43.818  INFO     RX        /ERR/LOKO/0x00000002
15:16:43.849  INFO     RX        /ERR/LOKO/0x00000002
15:16:43.850  INFO     RX        /ERR/LOKO/0x00000002
15:16:43.850  INFO     RX        /ERR/LOKO/0x00000002
15:16:43.884  INFO     RX        /ERR/LOKO/0x00000002
15:16:43.884  INFO     RX        /ERR/LOKO/0x00000002
15:16:43.884  INFO     RX        /ERR/LOKO/0x00000002
15:16:43.914  INFO     RX        /ERR/LOKO/0x00000002
15:16:43.914  INFO     RX        /ERR/LOKO/0x00000002
15:16:43.942  DEBUG    TX /CONTROLL/0,0,0,0,0,0,0,0,0
15:16:43.948  INFO     RX        /ERR/LOKO/0x00000002
15:16:43.948  INFO     RX        /ERR/LOKO/0x00000002
15:16:43.948  INFO     RX        /ERR/LOKO/0x00000002
15:16:43.977  INFO     RX        /ERR/LOKO/0x00000002
15:16:43.978  INFO     RX        /ERR/LOKO/0x00000002
15:16:43.978  INFO     RX        /ERR/LOKO/0x00000002
15:16:44.009  INFO     RX        /ERR/LOKO/0x00000002
15:16:44.009  INFO     RX        /ERR/LOKO/0x00000002
15:16:44.009  INFO     RX        /ERR/LOKO/0x00000002
15:16:44.041  INFO     RX        /ERR/LOKO/0x00000002
15:16:44.041  INFO     RX        /ERR/LOKO/0x00000002
15:16:44.076  INFO     RX        /ERR/LOKO/0x00000002
15:16:44.076  INFO     RX        /ERR/LOKO/0x00000002
15:16:44.076  INFO     RX        /ERR/LOKO/0x00000002
15:16:44.105  INFO     RX        /ERR/LOKO/0x00000002
15:16:44.105  INFO     RX        /ERR/LOKO/0x00000002
15:16:44.105  INFO     RX        /ERR/LOKO/0x00000002
15:16:44.138  INFO     RX        /ERR/LOKO/0x00000002
15:16:44.139  INFO     RX        /ERR/LOKO/0x00000002
15:16:44.172  INFO     RX        /ERR/LOKO/0x00000002
15:16:44.172  INFO     RX        /ERR/LOKO/0x00000002
15:16:44.172  INFO     RX        /ERR/LOKO/0x00000002
15:16:44.201  INFO     RX        /ERR/LOKO/0x00000002
15:16:44.201  INFO     RX        /ERR/LOKO/0x00000002
15:16:44.201  INFO     RX        /ERR/LOKO/0x00000002
15:16:44.236  INFO     RX        /ERR/LOKO/0x00000002
15:16:44.236  INFO     RX        /ERR/LOKO/0x00000002
15:16:44.236  INFO     RX        /ERR/LOKO/0x00000002
15:16:44.265  INFO     RX        /ERR/LOKO/0x00000002
15:16:44.265  INFO     RX        /ERR/LOKO/0x00000002
15:16:44.297  INFO     RX        /ERR/LOKO/0x00000002
15:16:44.297  INFO     RX        /ERR/LOKO/0x00000002
15:16:44.297  INFO     RX        /ERR/LOKO/0x00000002
15:16:44.332  INFO     RX        /ERR/LOKO/0x00000002
15:16:44.333  INFO     RX        /ERR/LOKO/0x00000002
15:16:44.333  INFO     RX        /ERR/LOKO/0x00000002
15:16:44.361  INFO     RX        /ERR/LOKO/0x00000002
15:16:44.362  INFO     RX        /ERR/LOKO/0x00000002
15:16:44.362  INFO     RX        /ERR/LOKO/0x00000002
15:16:44.393  INFO     RX        /ERR/LOKO/0x00000002
15:16:44.393  INFO     RX        /ERR/LOKO/0x00000002
15:16:44.429  INFO     RX        /ERR/LOKO/0x00000002
15:16:44.429  INFO     RX        /ERR/LOKO/0x00000002
15:16:44.429  INFO     RX        /ERR/LOKO/0x00000002
15:16:44.458  INFO     RX        /ERR/LOKO/0x00000002
15:16:44.458  INFO     RX        /ERR/LOKO/0x00000002
15:16:44.458  INFO     RX        /ERR/LOKO/0x00000002
15:16:44.494  INFO     RX        /ERR/LOKO/0x00000002
15:16:44.494  INFO     RX        /ERR/LOKO/0x00000002
15:16:44.494  INFO     RX        /ERR/LOKO/0x00000002
15:16:44.523  INFO     RX        /ERR/LOKO/0x00000002
15:16:44.523  INFO     RX        /ERR/LOKO/0x00000002
15:16:44.555  INFO     RX        /ERR/LOKO/0x00000002
15:16:44.555  INFO     RX        /ERR/LOKO/0x00000002
15:16:44.555  INFO     RX        /ERR/LOKO/0x00000002
15:16:44.592  INFO     RX        /ERR/LOKO/0x00000002
15:16:44.592  INFO     RX        /ERR/LOKO/0x00000002
15:16:44.592  INFO     RX        /ERR/LOKO/0x00000002
15:16:44.622  INFO     RX        /ERR/LOKO/0x00000002
15:16:44.622  INFO     RX        /ERR/LOKO/0x00000002
15:16:44.622  INFO     RX        /ERR/LOKO/0x00000002
15:16:44.658  INFO     RX        /ERR/LOKO/0x00000002
15:16:44.658  INFO     RX        /ERR/LOKO/0x00000002
15:16:44.658  INFO     RX        /ERR/LOKO/0x00000002
15:16:44.687  INFO     RX        /ERR/LOKO/0x00000002
15:16:44.687  INFO     RX        /ERR/LOKO/0x00000002
15:16:44.724  INFO     RX        /ERR/LOKO/0x00000002
15:16:44.724  INFO     RX        /ERR/LOKO/0x00000002
15:16:44.724  INFO     RX        /ERR/LOKO/0x00000002
15:16:44.724  INFO     RX        /ERR/LOKO/0x00000002
15:16:44.752  INFO     RX        /ERR/LOKO/0x00000002
15:16:44.752  INFO     RX        /ERR/LOKO/0x00000002
15:16:44.786  INFO     RX        /ERR/LOKO/0x00000002
15:16:44.786  INFO     RX        /ERR/LOKO/0x00000002
15:16:44.786  INFO     RX        /ERR/LOKO/0x00000002
15:16:44.815  INFO     RX        /ERR/LOKO/0x00000002
15:16:44.816  INFO     RX        /ERR/LOKO/0x00000002
15:16:44.850  INFO     RX        /ERR/LOKO/0x00000002
15:16:44.850  INFO     RX        /ERR/LOKO/0x00000002
15:16:44.850  INFO     RX        /ERR/LOKO/0x00000002
15:16:44.879  INFO     RX        /ERR/LOKO/0x00000002
15:16:44.879  INFO     RX        /ERR/LOKO/0x00000002
15:16:44.879  INFO     RX        /ERR/LOKO/0x00000002
15:16:44.911  INFO     RX        /ERR/LOKO/0x00000002
15:16:44.911  INFO     RX        /ERR/LOKO/0x00000002
15:16:44.947  INFO     RX        /ERR/LOKO/0x00000002
15:16:44.947  INFO     RX        /ERR/LOKO/0x00000002
15:16:44.947  INFO     RX        /ERR/LOKO/0x00000002
15:16:44.975  INFO     RX        /ERR/LOKO/0x00000002
15:16:44.975  INFO     RX        /ERR/LOKO/0x00000002
15:16:44.975  INFO     RX        /ERR/LOKO/0x00000002
15:16:45.012  INFO     RX        /ERR/LOKO/0x00000002
15:16:45.012  INFO     RX        /ERR/LOKO/0x00000002
15:16:45.012  INFO     RX        /ERR/LOKO/0x00000002
15:16:45.040  INFO     RX        /ERR/LOKO/0x00000002
15:16:45.040  INFO     RX        /ERR/LOKO/0x00000002
15:16:45.075  INFO     RX        /ERR/LOKO/0x00000002
15:16:45.075  INFO     RX        /ERR/LOKO/0x00000002
15:16:45.075  INFO     RX        /ERR/LOKO/0x00000002
15:16:45.104  INFO     RX        /ERR/LOKO/0x00000002
15:16:45.104  INFO     RX        /ERR/LOKO/0x00000002
15:16:45.104  INFO     RX        /ERR/LOKO/0x00000002
15:16:45.141  INFO     RX        /ERR/LOKO/0x00000002
15:16:45.141  INFO     RX        /ERR/LOKO/0x00000002
15:16:45.141  INFO     RX        /ERR/LOKO/0x00000002
15:16:45.170  INFO     RX        /ERR/LOKO/0x00000002
15:16:45.170  INFO     RX        /ERR/LOKO/0x00000002
15:16:45.170  INFO     RX        /ERR/LOKO/0x00000002
15:16:45.201  INFO     RX        /ERR/LOKO/0x00000002
15:16:45.201  INFO     RX        /ERR/LOKO/0x00000002
15:16:45.237  INFO     RX        /ERR/LOKO/0x00000002
15:16:45.237  INFO     RX        /ERR/LOKO/0x00000002
15:16:45.237  INFO     RX        /ERR/LOKO/0x00000002
15:16:45.266  INFO     RX        /ERR/LOKO/0x00000002
15:16:45.266  INFO     RX        /ERR/LOKO/0x00000002
15:16:45.266  INFO     RX        /ERR/LOKO/0x00000002
15:16:45.302  INFO     RX        /ERR/LOKO/0x00000002
15:16:45.302  INFO     RX        /ERR/LOKO/0x00000002
15:16:45.302  INFO     RX        /ERR/LOKO/0x00000002
15:16:45.334  INFO     RX        /ERR/LOKO/0x00000002
15:16:45.334  INFO     RX        /ERR/LOKO/0x00000002
15:16:45.334  INFO     RX        /ERR/LOKO/0x00000002
15:16:45.367  INFO     RX        /ERR/LOKO/0x00000002
15:16:45.367  INFO     RX        /ERR/LOKO/0x00000002
15:16:45.396  INFO     RX        /ERR/LOKO/0x00000002
15:16:45.396  INFO     RX        /ERR/LOKO/0x00000002
15:16:45.396  INFO     RX        /ERR/LOKO/0x00000002
15:16:45.432  INFO     RX        /ERR/LOKO/0x00000002
15:16:45.432  INFO     RX        /ERR/LOKO/0x00000002
15:16:45.432  INFO     RX        /ERR/LOKO/0x00000002
15:16:45.460  INFO     RX        /ERR/LOKO/0x00000002
15:16:45.460  INFO     RX        /ERR/LOKO/0x00000002
15:16:45.492  INFO     RX        /ERR/LOKO/0x00000002
15:16:45.493  INFO     RX        /ERR/LOKO/0x00000002
15:16:45.493  INFO     RX        /ERR/LOKO/0x00000002
15:16:45.528  INFO     RX        /ERR/LOKO/0x00000002
15:16:45.528  INFO     RX        /ERR/LOKO/0x00000002
15:16:45.528  INFO     RX        /ERR/LOKO/0x00000002
15:16:45.554  DEBUG    TX /CONTROLL/0,0,0,0,0,0,0,0,0
15:16:45.557  INFO     RX        /ERR/LOKO/0x00000002
15:16:45.557  INFO     RX        /ERR/LOKO/0x00000002
15:16:45.557  INFO     RX        /ERR/LOKO/0x00000002
15:16:45.592  INFO     RX        /ERR/LOKO/0x00000002
15:16:45.592  INFO     RX        /ERR/LOKO/0x00000002
15:16:45.592  INFO     RX        /ERR/LOKO/0x00000002
15:16:45.621  INFO     RX        /ERR/LOKO/0x00000002
15:16:45.621  INFO     RX        /ERR/LOKO/0x00000002
15:16:45.656  INFO     RX        /ERR/LOKO/0x00000002
15:16:45.656  INFO     RX        /ERR/LOKO/0x00000002
15:16:45.656  INFO     RX        /ERR/LOKO/0x00000002
15:16:45.685  INFO     RX        /ERR/LOKO/0x00000002
15:16:45.685  INFO     RX        /ERR/LOKO/0x00000002
15:16:45.685  INFO     RX        /ERR/LOKO/0x00000002
15:16:45.720  INFO     RX        /ERR/LOKO/0x00000002
15:16:45.720  INFO     RX        /ERR/LOKO/0x00000002
15:16:45.720  INFO     RX        /ERR/LOKO/0x00000002
15:16:45.749  INFO     RX        /ERR/LOKO/0x00000002
15:16:45.749  INFO     RX        /ERR/LOKO/0x00000002
15:16:45.782  INFO     RX        /ERR/LOKO/0x00000002
15:16:45.782  INFO     RX        /ERR/LOKO/0x00000002
15:16:45.782  INFO     RX        /ERR/LOKO/0x00000002
15:16:45.888  INFO     RX        /ERR/LOKO/0x00000002
15:16:45.888  INFO     RX        /ERR/LOKO/0x00000002
15:16:45.888  INFO     RX        /ERR/LOKO/0x00000002
15:16:45.888  INFO     RX        /ERR/LOKO/0x00000002
15:16:45.888  INFO     RX        /ERR/LOKO/0x00000002
15:16:45.888  INFO     RX        /ERR/LOKO/0x00000002
15:16:45.888  INFO     RX        /ERR/LOKO/0x00000002
15:16:45.888  INFO     RX        /ERR/LOKO/0x00000002
15:16:45.889  INFO     RX        /ERR/LOKO/0x00000002
15:16:45.894  INFO     RX        /ERR/LOKO/0x00000002
15:16:45.909  INFO     RX        /ERR/LOKO/0x00000002
15:16:45.945  INFO     RX        /ERR/LOKO/0x00000002
15:16:45.945  INFO     RX        /ERR/LOKO/0x00000002
15:16:45.945  INFO     RX        /ERR/LOKO/0x00000002
15:16:45.977  INFO     RX        /ERR/LOKO/0x00000002
15:16:45.977  INFO     RX        /ERR/LOKO/0x00000002
15:16:45.977  INFO     RX        /ERR/LOKO/0x00000002
15:16:46.011  INFO     RX        /ERR/LOKO/0x00000002
15:16:46.012  INFO     RX        /ERR/LOKO/0x00000002
15:16:46.012  INFO     RX        /ERR/LOKO/0x00000002
15:16:46.039  INFO     RX        /ERR/LOKO/0x00000002
15:16:46.039  INFO     RX        /ERR/LOKO/0x00000002
15:16:46.074  INFO     RX        /ERR/LOKO/0x00000002
15:16:46.074  INFO     RX        /ERR/LOKO/0x00000002
15:16:46.074  INFO     RX        /ERR/LOKO/0x00000002
15:16:46.106  INFO     RX        /ERR/LOKO/0x00000002
15:16:46.106  INFO     RX        /ERR/LOKO/0x00000002
15:16:46.106  INFO     RX        /ERR/LOKO/0x00000002
15:16:46.135  INFO     RX        /ERR/LOKO/0x00000002
15:16:46.135  INFO     RX        /ERR/LOKO/0x00000002
15:16:46.170  INFO     RX        /ERR/LOKO/0x00000002
15:16:46.170  INFO     RX        /ERR/LOKO/0x00000002
15:16:46.170  INFO     RX        /ERR/LOKO/0x00000002
15:16:46.200  INFO     RX        /ERR/LOKO/0x00000002
15:16:46.200  INFO     RX        /ERR/LOKO/0x00000002
15:16:46.200  INFO     RX        /ERR/LOKO/0x00000002
15:16:46.234  INFO     RX        /ERR/LOKO/0x00000002
15:16:46.234  INFO     RX        /ERR/LOKO/0x00000002
15:16:46.234  INFO     RX        /ERR/LOKO/0x00000002
15:16:46.267  INFO     RX        /ERR/LOKO/0x00000002
15:16:46.267  INFO     RX        /ERR/LOKO/0x00000002
15:16:46.267  INFO     RX        /ERR/LOKO/0x00000002
15:16:46.295  INFO     RX        /ERR/LOKO/0x00000002
15:16:46.295  INFO     RX        /ERR/LOKO/0x00000002
15:16:46.327  INFO     RX        /ERR/LOKO/0x00000002
15:16:46.328  INFO     RX        /ERR/LOKO/0x00000002
15:16:46.328  INFO     RX        /ERR/LOKO/0x00000002
15:16:46.360  INFO     RX        /ERR/LOKO/0x00000002
15:16:46.360  INFO     RX        /ERR/LOKO/0x00000002
15:16:46.361  INFO     RX        /ERR/LOKO/0x00000002
15:16:46.393  INFO     RX        /ERR/LOKO/0x00000002
15:16:46.393  INFO     RX        /ERR/LOKO/0x00000002
15:16:46.424  INFO     RX        /ERR/LOKO/0x00000002
15:16:46.424  INFO     RX        /ERR/LOKO/0x00000002
15:16:46.424  INFO     RX        /ERR/LOKO/0x00000002
15:16:46.459  INFO     RX        /ERR/LOKO/0x00000002
15:16:46.459  INFO     RX        /ERR/LOKO/0x00000002
15:16:46.459  INFO     RX        /ERR/LOKO/0x00000002
15:16:46.487  INFO     RX        /ERR/LOKO/0x00000002
15:16:46.488  INFO     RX        /ERR/LOKO/0x00000002
15:16:46.488  INFO     RX        /ERR/LOKO/0x00000002
15:16:46.523  INFO     RX        /ERR/LOKO/0x00000002
15:16:46.523  INFO     RX        /ERR/LOKO/0x00000002
15:16:46.523  INFO     RX        /ERR/LOKO/0x00000002
15:16:46.551  INFO     RX        /ERR/LOKO/0x00000002
15:16:46.552  INFO     RX        /ERR/LOKO/0x00000002
15:16:46.587  INFO     RX        /ERR/LOKO/0x00000002
15:16:46.587  INFO     RX        /ERR/LOKO/0x00000002
15:16:46.587  INFO     RX        /ERR/LOKO/0x00000002
15:16:46.616  INFO     RX        /ERR/LOKO/0x00000002
15:16:46.616  INFO     RX        /ERR/LOKO/0x00000002
15:16:46.616  INFO     RX        /ERR/LOKO/0x00000002
15:16:46.651  INFO     RX        /ERR/LOKO/0x00000002
15:16:46.651  INFO     RX        /ERR/LOKO/0x00000002
15:16:46.651  INFO     RX        /ERR/LOKO/0x00000002
15:16:46.680  INFO     RX        /ERR/LOKO/0x00000002
15:16:46.680  INFO     RX        /ERR/LOKO/0x00000002
15:16:46.716  INFO     RX        /ERR/LOKO/0x00000002
15:16:46.716  INFO     RX        /ERR/LOKO/0x00000002
15:16:46.716  INFO     RX        /ERR/LOKO/0x00000002
15:16:46.746  INFO     RX        /ERR/LOKO/0x00000002
15:16:46.746  INFO     RX        /ERR/LOKO/0x00000002
15:16:46.746  INFO     RX        /ERR/LOKO/0x00000002
15:16:46.778  INFO     RX        /ERR/LOKO/0x00000002
15:16:46.778  INFO     RX        /ERR/LOKO/0x00000002
15:16:46.778  INFO     RX        /ERR/LOKO/0x00000002
15:16:46.813  INFO     RX        /ERR/LOKO/0x00000002
15:16:46.813  INFO     RX        /ERR/LOKO/0x00000002
15:16:46.813  INFO     RX        /ERR/LOKO/0x00000002
15:16:46.846  INFO     RX        /ERR/LOKO/0x00000002
15:16:46.846  INFO     RX        /ERR/LOKO/0x00000002
15:16:46.846  INFO     RX        /ERR/LOKO/0x00000002
15:16:46.874  INFO     RX        /ERR/LOKO/0x00000002
15:16:46.874  INFO     RX        /ERR/LOKO/0x00000002
15:16:46.909  INFO     RX        /ERR/LOKO/0x00000002
15:16:46.909  INFO     RX        /ERR/LOKO/0x00000002
15:16:46.909  INFO     RX        /ERR/LOKO/0x00000002
15:16:46.941  INFO     RX        /ERR/LOKO/0x00000002
15:16:46.941  INFO     RX        /ERR/LOKO/0x00000002
15:16:46.941  INFO     RX        /ERR/LOKO/0x00000002
15:16:46.974  INFO     RX        /ERR/LOKO/0x00000002
15:16:46.974  INFO     RX        /ERR/LOKO/0x00000002
15:16:46.974  INFO     RX        /ERR/LOKO/0x00000002
15:16:47.006  INFO     RX        /ERR/LOKO/0x00000002
15:16:47.006  INFO     RX        /ERR/LOKO/0x00000002
15:16:47.038  INFO     RX        /ERR/LOKO/0x00000002
15:16:47.038  INFO     RX        /ERR/LOKO/0x00000002
15:16:47.038  INFO     RX        /ERR/LOKO/0x00000002
15:16:47.067  INFO     RX        /ERR/LOKO/0x00000002
15:16:47.067  INFO     RX        /ERR/LOKO/0x00000002
15:16:47.067  INFO     RX        /ERR/LOKO/0x00000002
15:16:47.103  INFO     RX        /ERR/LOKO/0x00000002
15:16:47.103  INFO     RX        /ERR/LOKO/0x00000002
15:16:47.103  INFO     RX        /ERR/LOKO/0x00000002
15:16:47.133  INFO     RX        /ERR/LOKO/0x00000002
15:16:47.133  INFO     RX        /ERR/LOKO/0x00000002
15:16:47.162  DEBUG    TX /CONTROLL/0,0,0,-100,0,0,0,0,0
15:16:47.168  INFO     RX        /ERR/LOKO/0x00000002
15:16:47.169  INFO     RX        /ERR/LOKO/0x00000002
15:16:47.169  INFO     RX        /ERR/LOKO/0x00000002
15:16:47.198  INFO     RX        /ERR/LOKO/0x00000002
15:16:47.198  INFO     RX        /ERR/LOKO/0x00000002
15:16:47.198  INFO     RX        /ERR/LOKO/0x00000002
15:16:47.233  INFO     RX        /ERR/LOKO/0x00000002
15:16:47.233  INFO     RX        /ERR/LOKO/0x00000002
15:16:47.233  INFO     RX        /ERR/LOKO/0x00000002
15:16:47.266  INFO     RX        /ERR/LOKO/0x00000002
15:16:47.266  INFO     RX        /ERR/LOKO/0x00000002
15:16:47.267  INFO     RX        /ERR/LOKO/0x00000002
15:16:47.295  INFO     RX        /ERR/LOKO/0x00000002
15:16:47.296  INFO     RX        /ERR/LOKO/0x00000002
15:16:47.331  INFO     RX        /ERR/LOKO/0x00000002
15:16:47.331  INFO     RX        /ERR/LOKO/0x00000002
15:16:47.331  INFO     RX        /ERR/LOKO/0x00000002
15:16:47.361  INFO     RX        /ERR/LOKO/0x00000002
15:16:47.361  INFO     RX        /ERR/LOKO/0x00000002
15:16:47.361  INFO     RX        /ERR/LOKO/0x00000002
15:16:47.393  INFO     RX        /ERR/LOKO/0x00000002
15:16:47.393  INFO     RX        /ERR/LOKO/0x00000002
15:16:47.393  INFO     RX        /ERR/LOKO/0x00000002
15:16:47.429  INFO     RX        /ERR/LOKO/0x00000002
15:16:47.429  INFO     RX        /ERR/LOKO/0x00000002
15:16:47.429  INFO     RX        /ERR/LOKO/0x00000002
15:16:47.457  INFO     RX        /ERR/LOKO/0x00000002
15:16:47.457  INFO     RX        /ERR/LOKO/0x00000002
15:16:47.489  INFO     RX        /ERR/LOKO/0x00000002
15:16:47.489  INFO     RX        /ERR/LOKO/0x00000002
15:16:47.490  INFO     RX        /ERR/LOKO/0x00000002
15:16:47.525  INFO     RX        /ERR/LOKO/0x00000002
15:16:47.525  INFO     RX        /ERR/LOKO/0x00000002
15:16:47.525  INFO     RX        /ERR/LOKO/0x00000002
15:16:47.553  INFO     RX        /ERR/LOKO/0x00000002
15:16:47.554  INFO     RX        /ERR/LOKO/0x00000002
15:16:47.554  INFO     RX        /ERR/LOKO/0x00000002
15:16:47.589  INFO     RX        /ERR/LOKO/0x00000002
15:16:47.589  INFO     RX        /ERR/LOKO/0x00000002
15:16:47.589  INFO     RX        /ERR/LOKO/0x00000002
15:16:47.617  INFO     RX        /ERR/LOKO/0x00000002
15:16:47.617  INFO     RX        /ERR/LOKO/0x00000002
15:16:47.650  INFO     RX        /ERR/LOKO/0x00000002
15:16:47.650  INFO     RX        /ERR/LOKO/0x00000002
15:16:47.650  INFO     RX        /ERR/LOKO/0x00000002
15:16:47.683  INFO     RX        /ERR/LOKO/0x00000002
15:16:47.683  INFO     RX        /ERR/LOKO/0x00000002
15:16:47.683  INFO     RX        /ERR/LOKO/0x00000002
15:16:47.719  INFO     RX        /ERR/LOKO/0x00000002
15:16:47.719  INFO     RX        /ERR/LOKO/0x00000002
15:16:47.719  INFO     RX        /ERR/LOKO/0x00000002
15:16:47.748  INFO     RX        /ERR/LOKO/0x00000002
15:16:47.748  INFO     RX        /ERR/LOKO/0x00000002
15:16:47.780  INFO     RX        /ERR/LOKO/0x00000002
15:16:47.780  INFO     RX        /ERR/LOKO/0x00000002
15:16:47.780  INFO     RX        /ERR/LOKO/0x00000002
15:16:47.815  INFO     RX        /ERR/LOKO/0x00000002
15:16:47.815  INFO     RX        /ERR/LOKO/0x00000002
15:16:47.815  INFO     RX        /ERR/LOKO/0x00000002
15:16:47.845  INFO     RX        /ERR/LOKO/0x00000002
15:16:47.845  INFO     RX        /ERR/LOKO/0x00000002
15:16:47.845  INFO     RX        /ERR/LOKO/0x00000002
15:16:47.880  INFO     RX        /ERR/LOKO/0x00000002
15:16:47.880  INFO     RX        /ERR/LOKO/0x00000002
15:16:47.880  INFO     RX        /ERR/LOKO/0x00000002
15:16:47.909  INFO     RX        /ERR/LOKO/0x00000002
15:16:47.909  INFO     RX        /ERR/LOKO/0x00000002
15:16:47.946  INFO     RX        /ERR/LOKO/0x00000002
15:16:47.946  INFO     RX        /ERR/LOKO/0x00000002
15:16:47.946  INFO     RX        /ERR/LOKO/0x00000002
15:16:47.979  INFO     RX        /ERR/LOKO/0x00000002
15:16:47.979  INFO     RX        /ERR/LOKO/0x00000002
15:16:47.979  INFO     RX        /ERR/LOKO/0x00000002
15:16:48.008  INFO     RX        /ERR/LOKO/0x00000002
15:16:48.008  INFO     RX        /ERR/LOKO/0x00000002
15:16:48.008  INFO     RX        /ERR/LOKO/0x00000002
15:16:48.043  INFO     RX        /ERR/LOKO/0x00000002
15:16:48.044  INFO     RX        /ERR/LOKO/0x00000002
15:16:48.044  INFO     RX        /ERR/LOKO/0x00000002
15:16:48.073  INFO     RX        /ERR/LOKO/0x00000002
15:16:48.073  INFO     RX        /ERR/LOKO/0x00000002
15:16:48.108  INFO     RX        /ERR/LOKO/0x00000002
15:16:48.108  INFO     RX        /ERR/LOKO/0x00000002
15:16:48.108  INFO     RX        /ERR/LOKO/0x00000002
15:16:48.137  INFO     RX        /ERR/LOKO/0x00000002
15:16:48.137  INFO     RX        /ERR/LOKO/0x00000002
15:16:48.137  INFO     RX        /ERR/LOKO/0x00000002
15:16:48.172  INFO     RX        /ERR/LOKO/0x00000002
15:16:48.172  INFO     RX        /ERR/LOKO/0x00000002
15:16:48.172  INFO     RX        /ERR/LOKO/0x00000002
15:16:48.202  INFO     RX        /ERR/LOKO/0x00000002
15:16:48.202  INFO     RX        /ERR/LOKO/0x00000002
15:16:48.233  INFO     RX        /ERR/LOKO/0x00000002
15:16:48.233  INFO     RX        /ERR/LOKO/0x00000002
15:16:48.233  INFO     RX        /ERR/LOKO/0x00000002
15:16:48.268  INFO     RX        /ERR/LOKO/0x00000002
15:16:48.775  DEBUG    TX /CONTROLL/0,0,0,0,0,0,0,0,0
15:16:48.878  INFO     RX        /ERR/LOKO/0x00000002
15:16:48.878  INFO     RX        /ERR/LOKO/0x00000002
15:16:48.906  INFO     RX        /ERR/LOKO/0x00000002
15:16:48.906  INFO     RX        /ERR/LOKO/0x00000002
15:16:48.939  INFO     RX        /ERR/LOKO/0x00000002
15:16:48.939  INFO     RX        /ERR/LOKO/0x00000002
15:16:48.939  INFO     RX        /ERR/LOKO/0x00000002
15:16:48.974  INFO     RX        /ERR/LOKO/0x00000002
15:16:48.974  INFO     RX        /ERR/LOKO/0x00000002
15:16:48.974  INFO     RX        /ERR/LOKO/0x00000002
15:16:49.003  INFO     RX        /ERR/LOKO/0x00000002
15:16:49.003  INFO     RX        /ERR/LOKO/0x00000002
15:16:49.038  INFO     RX        /ERR/LOKO/0x00000002
15:16:49.038  INFO     RX        /ERR/LOKO/0x00000002
15:16:49.038  INFO     RX        /ERR/LOKO/0x00000002
15:16:49.070  INFO     RX        /ERR/LOKO/0x00000002
15:16:49.070  INFO     RX        /ERR/LOKO/0x00000002
15:16:49.070  INFO     RX        /ERR/LOKO/0x00000002
15:16:49.099  INFO     RX        /ERR/LOKO/0x00000002
15:16:49.099  INFO     RX        /ERR/LOKO/0x00000002
15:16:49.099  INFO     RX        /ERR/LOKO/0x00000002
15:16:49.134  INFO     RX        /ERR/LOKO/0x00000002
15:16:49.134  INFO     RX        /ERR/LOKO/0x00000002
15:16:49.163  INFO     RX        /ERR/LOKO/0x00000002
15:16:49.163  INFO     RX        /ERR/LOKO/0x00000002
15:16:49.163  INFO     RX        /ERR/LOKO/0x00000002
15:16:49.200  INFO     RX        /ERR/LOKO/0x00000002
15:16:49.200  INFO     RX        /ERR/LOKO/0x00000002
15:16:49.200  INFO     RX        /ERR/LOKO/0x00000002
15:16:49.227  INFO     RX        /ERR/LOKO/0x00000002
15:16:49.227  INFO     RX        /ERR/LOKO/0x00000002
15:16:49.262  INFO     RX        /ERR/LOKO/0x00000002
15:16:49.262  INFO     RX        /ERR/LOKO/0x00000002
15:16:49.262  INFO     RX        /ERR/LOKO/0x00000002
15:16:49.292  INFO     RX        /ERR/LOKO/0x00000002
15:16:49.292  INFO     RX        /ERR/LOKO/0x00000002
15:16:49.292  INFO     RX        /ERR/LOKO/0x00000002
15:16:49.326  INFO     RX        /ERR/LOKO/0x00000002
15:16:49.326  INFO     RX        /ERR/LOKO/0x00000002
15:16:49.326  INFO     RX        /ERR/LOKO/0x00000002
15:16:49.357  INFO     RX        /ERR/LOKO/0x00000002
15:16:49.357  INFO     RX        /ERR/LOKO/0x00000002
15:16:49.389  INFO     RX        /ERR/LOKO/0x00000002
15:16:49.389  INFO     RX        /ERR/LOKO/0x00000002
15:16:49.389  INFO     RX        /ERR/LOKO/0x00000002
15:16:49.423  INFO     RX        /ERR/LOKO/0x00000002
15:16:49.423  INFO     RX        /ERR/LOKO/0x00000002
15:16:49.423  INFO     RX        /ERR/LOKO/0x00000002
15:16:49.452  INFO     RX        /ERR/LOKO/0x00000002
15:16:49.453  INFO     RX        /ERR/LOKO/0x00000002
15:16:49.488  INFO     RX        /ERR/LOKO/0x00000002
15:16:49.488  INFO     RX        /ERR/LOKO/0x00000002
15:16:49.488  INFO     RX        /ERR/LOKO/0x00000002
15:16:49.488  INFO     RX        /ERR/LOKO/0x00000002
15:16:49.518  INFO     RX        /ERR/LOKO/0x00000002
15:16:49.519  INFO     RX        /ERR/LOKO/0x00000002
15:16:49.549  INFO     RX        /ERR/LOKO/0x00000002
15:16:49.549  INFO     RX        /ERR/LOKO/0x00000002
15:16:49.549  INFO     RX        /ERR/LOKO/0x00000002
15:16:49.581  INFO     RX        /ERR/LOKO/0x00000002
15:16:49.581  INFO     RX        /ERR/LOKO/0x00000002
15:16:49.617  INFO     RX        /ERR/LOKO/0x00000002
15:16:49.617  INFO     RX        /ERR/LOKO/0x00000002
15:16:49.617  INFO     RX        /ERR/LOKO/0x00000002
15:16:49.646  INFO     RX        /ERR/LOKO/0x00000002
15:16:49.646  INFO     RX        /ERR/LOKO/0x00000002
15:16:49.646  INFO     RX        /ERR/LOKO/0x00000002
15:16:49.680  INFO     RX        /ERR/LOKO/0x00000002
15:16:49.680  INFO     RX        /ERR/LOKO/0x00000002
15:16:49.680  INFO     RX        /ERR/LOKO/0x00000002
15:16:49.710  INFO     RX        /ERR/LOKO/0x00000002
15:16:49.710  INFO     RX        /ERR/LOKO/0x00000002
15:16:49.745  INFO     RX        /ERR/LOKO/0x00000002
15:16:49.745  INFO     RX        /ERR/LOKO/0x00000002
15:16:49.745  INFO     RX        /ERR/LOKO/0x00000002
15:16:49.773  INFO     RX        /ERR/LOKO/0x00000002
15:16:49.773  INFO     RX        /ERR/LOKO/0x00000002
15:16:49.773  INFO     RX        /ERR/LOKO/0x00000002
15:16:49.805  INFO     RX        /ERR/LOKO/0x00000002
15:16:49.805  INFO     RX        /ERR/LOKO/0x00000002
15:16:49.841  INFO     RX        /ERR/LOKO/0x00000002
15:16:49.841  INFO     RX        /ERR/LOKO/0x00000002
15:16:49.841  INFO     RX        /ERR/LOKO/0x00000002
15:16:49.874  INFO     RX        /ERR/LOKO/0x00000002
15:16:49.874  INFO     RX        /ERR/LOKO/0x00000002
15:16:49.874  INFO     RX        /ERR/LOKO/0x00000002
15:16:49.903  INFO     RX        /ERR/LOKO/0x00000002
15:16:49.903  INFO     RX        /ERR/LOKO/0x00000002
15:16:49.903  INFO     RX        /ERR/LOKO/0x00000002
15:16:49.935  INFO     RX        /ERR/LOKO/0x00000002
15:16:49.935  INFO     RX        /ERR/LOKO/0x00000002
15:16:49.971  INFO     RX        /ERR/LOKO/0x00000002
15:16:49.971  INFO     RX        /ERR/LOKO/0x00000002
15:16:49.971  INFO     RX        /ERR/LOKO/0x00000002
15:16:50.000  INFO     RX        /ERR/LOKO/0x00000002
15:16:50.000  INFO     RX        /ERR/LOKO/0x00000002
15:16:50.000  INFO     RX        /ERR/LOKO/0x00000002
15:16:50.035  INFO     RX        /ERR/LOKO/0x00000002
15:16:50.035  INFO     RX        /ERR/LOKO/0x00000002
15:16:50.035  INFO     RX        /ERR/LOKO/0x00000002
15:16:50.064  INFO     RX        /ERR/LOKO/0x00000002
15:16:50.064  INFO     RX        /ERR/LOKO/0x00000002
15:16:50.101  INFO     RX        /ERR/LOKO/0x00000002
15:16:50.102  INFO     RX        /ERR/LOKO/0x00000002
15:16:50.102  INFO     RX        /ERR/LOKO/0x00000002
15:16:50.127  INFO     RX        /ERR/LOKO/0x00000002
15:16:50.128  INFO     RX        /ERR/LOKO/0x00000002
15:16:50.128  INFO     RX        /ERR/LOKO/0x00000002
15:16:50.162  INFO     RX        /ERR/LOKO/0x00000002
15:16:50.162  INFO     RX        /ERR/LOKO/0x00000002
15:16:50.163  INFO     RX        /ERR/LOKO/0x00000002
15:16:50.191  INFO     RX        /ERR/LOKO/0x00000002
15:16:50.191  INFO     RX        /ERR/LOKO/0x00000002
15:16:50.224  INFO     RX        /ERR/LOKO/0x00000002
15:16:50.224  INFO     RX        /ERR/LOKO/0x00000002
15:16:50.224  INFO     RX        /ERR/LOKO/0x00000002
15:16:50.259  INFO     RX        /ERR/LOKO/0x00000002
15:16:50.259  INFO     RX        /ERR/LOKO/0x00000002
15:16:50.259  INFO     RX        /ERR/LOKO/0x00000002
15:16:50.295  INFO     RX        /ERR/LOKO/0x00000002
15:16:50.296  INFO     RX        /ERR/LOKO/0x00000002
15:16:50.296  INFO     RX        /ERR/LOKO/0x00000002
15:16:50.319  INFO     RX        /ERR/LOKO/0x00000002
15:16:50.319  INFO     RX        /ERR/LOKO/0x00000002
15:16:50.353  INFO     RX        /ERR/LOKO/0x00000002
15:16:50.353  INFO     RX        /ERR/LOKO/0x00000002
15:16:50.353  INFO     RX        /ERR/LOKO/0x00000002
15:16:50.381  DEBUG    TX /CONTROLL/0,0,0,-39,0,0,0,0,0
15:16:50.384  INFO     RX        /ERR/LOKO/0x00000002
15:16:50.384  INFO     RX        /ERR/LOKO/0x00000002
15:16:50.419  INFO     RX        /ERR/LOKO/0x00000002
15:16:50.419  INFO     RX        /ERR/LOKO/0x00000002
15:16:50.419  INFO     RX        /ERR/LOKO/0x00000002
15:16:50.448  INFO     RX        /ERR/LOKO/0x00000002
15:16:50.448  INFO     RX        /ERR/LOKO/0x00000002
15:16:50.448  INFO     RX        /ERR/LOKO/0x00000002
15:16:50.483  INFO     RX        /ERR/LOKO/0x00000002
15:16:50.483  INFO     RX        /ERR/LOKO/0x00000002
15:16:50.483  INFO     RX        /ERR/LOKO/0x00000002
15:16:50.512  INFO     RX        /ERR/LOKO/0x00000002
15:16:50.512  INFO     RX        /ERR/LOKO/0x00000002
15:16:50.546  INFO     RX        /ERR/LOKO/0x00000002
15:16:50.546  INFO     RX        /ERR/LOKO/0x00000002
15:16:50.546  INFO     RX        /ERR/LOKO/0x00000002
15:16:50.577  INFO     RX        /ERR/LOKO/0x00000002
15:16:50.577  INFO     RX        /ERR/LOKO/0x00000002
15:16:50.577  INFO     RX        /ERR/LOKO/0x00000002
15:16:50.614  INFO     RX        /ERR/LOKO/0x00000002
15:16:50.614  INFO     RX        /ERR/LOKO/0x00000002
15:16:50.614  INFO     RX        /ERR/LOKO/0x00000002
15:16:50.642  INFO     RX        /ERR/LOKO/0x00000002
15:16:50.642  INFO     RX        /ERR/LOKO/0x00000002
15:16:50.677  INFO     RX        /ERR/LOKO/0x00000002
15:16:50.677  INFO     RX        /ERR/LOKO/0x00000002
15:16:50.677  INFO     RX        /ERR/LOKO/0x00000002
15:16:50.710  INFO     RX        /ERR/LOKO/0x00000002
15:16:50.710  INFO     RX        /ERR/LOKO/0x00000002
15:16:50.710  INFO     RX        /ERR/LOKO/0x00000002
15:16:50.738  INFO     RX        /ERR/LOKO/0x00000002
15:16:51.188  INFO     RX        /ERR/LOKO/0x00000002
15:16:51.219  INFO     RX        /ERR/LOKO/0x00000002
15:16:51.220  INFO     RX        /ERR/LOKO/0x00000002
15:16:51.220  INFO     RX        /ERR/LOKO/0x00000002
15:16:51.255  INFO     RX        /ERR/LOKO/0x00000002
15:16:51.255  INFO     RX        /ERR/LOKO/0x00000002
15:16:51.255  INFO     RX        /ERR/LOKO/0x00000002
15:16:51.284  INFO     RX        /ERR/LOKO/0x00000002
15:16:51.284  INFO     RX        /ERR/LOKO/0x00000002
15:16:51.321  INFO     RX        /ERR/LOKO/0x00000002
15:16:51.321  INFO     RX        /ERR/LOKO/0x00000002
15:16:51.321  INFO     RX        /ERR/LOKO/0x00000002
15:16:51.349  INFO     RX        /ERR/LOKO/0x00000002
15:16:51.349  INFO     RX        /ERR/LOKO/0x00000002
15:16:51.349  INFO     RX        /ERR/LOKO/0x00000002
15:16:51.382  INFO     RX        /ERR/LOKO/0x00000002
15:16:51.382  INFO     RX        /ERR/LOKO/0x00000002
15:16:51.413  INFO     RX        /ERR/LOKO/0x00000002
15:16:51.414  INFO     RX        /ERR/LOKO/0x00000002
15:16:51.414  INFO     RX        /ERR/LOKO/0x00000002
15:16:51.448  INFO     RX        /ERR/LOKO/0x00000002
15:16:51.448  INFO     RX        /ERR/LOKO/0x00000002
15:16:51.448  INFO     RX        /ERR/LOKO/0x00000002
15:16:51.477  INFO     RX        /ERR/LOKO/0x00000002
15:16:51.478  INFO     RX        /ERR/LOKO/0x00000002
15:16:51.514  INFO     RX        /ERR/LOKO/0x00000002
15:16:51.514  INFO     RX        /ERR/LOKO/0x00000002
15:16:51.515  INFO     RX        /ERR/LOKO/0x00000002
15:16:51.515  INFO     RX        /ERR/LOKO/0x00000002
15:16:51.542  INFO     RX        /ERR/LOKO/0x00000002
15:16:51.542  INFO     RX        /ERR/LOKO/0x00000002
15:16:51.577  INFO     RX        /ERR/LOKO/0x00000002
15:16:51.578  INFO     RX        /ERR/LOKO/0x00000002
15:16:51.578  INFO     RX        /ERR/LOKO/0x00000002
15:16:51.610  INFO     RX        /ERR/LOKO/0x00000002
15:16:51.610  INFO     RX        /ERR/LOKO/0x00000002
15:16:51.610  INFO     RX        /ERR/LOKO/0x00000002
15:16:51.638  INFO     RX        /ERR/LOKO/0x00000002
15:16:51.638  INFO     RX        /ERR/LOKO/0x00000002
15:16:51.673  INFO     RX        /ERR/LOKO/0x00000002
15:16:51.673  INFO     RX        /ERR/LOKO/0x00000002
15:16:51.673  INFO     RX        /ERR/LOKO/0x00000002
15:16:51.702  INFO     RX        /ERR/LOKO/0x00000002
15:16:51.702  INFO     RX        /ERR/LOKO/0x00000002
15:16:51.702  INFO     RX        /ERR/LOKO/0x00000002
15:16:51.733  INFO     RX        /ERR/LOKO/0x00000002
15:16:51.733  INFO     RX        /ERR/LOKO/0x00000002
15:16:51.766  INFO     RX        /ERR/LOKO/0x00000002
15:16:51.766  INFO     RX        /ERR/LOKO/0x00000002
15:16:51.766  INFO     RX        /ERR/LOKO/0x00000002
15:16:51.797  INFO     RX        /ERR/LOKO/0x00000002
15:16:51.797  INFO     RX        /ERR/LOKO/0x00000002
15:16:51.797  INFO     RX        /ERR/LOKO/0x00000002
15:16:51.830  INFO     RX        /ERR/LOKO/0x00000002
15:16:51.830  INFO     RX        /ERR/LOKO/0x00000002
15:16:51.865  INFO     RX        /ERR/LOKO/0x00000002
15:16:51.866  INFO     RX        /ERR/LOKO/0x00000002
15:16:51.866  INFO     RX        /ERR/LOKO/0x00000002
15:16:51.898  INFO     RX        /ERR/LOKO/0x00000002
15:16:51.898  INFO     RX        /ERR/LOKO/0x00000002
15:16:51.898  INFO     RX        /ERR/LOKO/0x00000002
15:16:51.927  INFO     RX        /ERR/LOKO/0x00000002
15:16:51.989  DEBUG    TX /CONTROLL/0,0,0,0,0,0,0,0,0
15:16:53.601  DEBUG    TX /CONTROLL/0,0,0,0,0,0,0,0,0
15:16:55.218  DEBUG    TX /CONTROLL/0,0,0,0,0,0,0,0,0
15:16:55.929  INFO     RX        /ERR/LOKO/0x00000002
15:16:55.964  INFO     RX        /ERR/LOKO/0x00000002
15:16:55.964  INFO     RX        /ERR/LOKO/0x00000002
15:16:55.964  INFO     RX        /ERR/LOKO/0x00000002
15:16:55.992  INFO     RX        /ERR/LOKO/0x00000002
15:16:55.992  INFO     RX        /ERR/LOKO/0x00000002
15:16:55.992  INFO     RX        /ERR/LOKO/0x00000002
15:16:56.028  INFO     RX        /ERR/LOKO/0x00000002
15:16:56.028  INFO     RX        /ERR/LOKO/0x00000002
15:16:56.028  INFO     RX        /ERR/LOKO/0x00000002
15:16:56.058  INFO     RX        /ERR/LOKO/0x00000002
15:16:56.058  INFO     RX        /ERR/LOKO/0x00000002
15:16:56.089  INFO     RX        /ERR/LOKO/0x00000002
15:16:56.089  INFO     RX        /ERR/LOKO/0x00000002
15:16:56.089  INFO     RX        /ERR/LOKO/0x00000002
15:16:56.124  INFO     RX        /ERR/LOKO/0x00000002
15:16:56.124  INFO     RX        /ERR/LOKO/0x00000002
15:16:56.124  INFO     RX        /ERR/LOKO/0x00000002
15:16:56.154  INFO     RX        /ERR/LOKO/0x00000002
15:16:56.154  INFO     RX        /ERR/LOKO/0x00000002
15:16:56.154  INFO     RX        /ERR/LOKO/0x00000002
15:16:56.269  INFO     RX        /ERR/LOKO/0x00000002
15:16:56.269  INFO     RX        /ERR/LOKO/0x00000002
15:16:56.269  INFO     RX        /ERR/LOKO/0x00000002
15:16:56.269  INFO     RX        /ERR/LOKO/0x00000002
15:16:56.269  INFO     RX        /ERR/LOKO/0x00000002
15:16:56.269  INFO     RX        /ERR/LOKO/0x00000002
15:16:56.269  INFO     RX        /ERR/LOKO/0x00000002
15:16:56.273  INFO     RX        /ERR/LOKO/0x00000002
15:16:56.273  INFO     RX        /ERR/LOKO/0x00000002
15:16:56.273  INFO     RX        /ERR/LOKO/0x00000002
15:16:56.283  INFO     RX        /ERR/LOKO/0x00000002
15:16:56.320  INFO     RX        /ERR/LOKO/0x00000002
15:16:56.320  INFO     RX        /ERR/LOKO/0x00000002
15:16:56.320  INFO     RX        /ERR/LOKO/0x00000002
15:16:56.349  INFO     RX        /ERR/LOKO/0x00000002
15:16:56.349  INFO     RX        /ERR/LOKO/0x00000002
15:16:56.383  INFO     RX        /ERR/LOKO/0x00000002
15:16:56.383  INFO     RX        /ERR/LOKO/0x00000002
15:16:56.383  INFO     RX        /ERR/LOKO/0x00000002
15:16:56.413  INFO     RX        /ERR/LOKO/0x00000002
15:16:56.413  INFO     RX        /ERR/LOKO/0x00000002
15:16:56.445  INFO     RX        /ERR/LOKO/0x00000002
15:16:56.445  INFO     RX        /ERR/LOKO/0x00000002
15:16:56.830  DEBUG    TX /CONTROLL/0,0,0,-14,0,0,0,0,0
15:16:56.833  INFO     RX        /ERR/LOKO/0x00000002
15:16:56.869  INFO     RX        /ERR/LOKO/0x00000002
15:16:56.869  INFO     RX        /ERR/LOKO/0x00000002
15:16:56.869  INFO     RX        /ERR/LOKO/0x00000002
15:16:56.898  INFO     RX        /ERR/LOKO/0x00000002
15:16:56.898  INFO     RX        /ERR/LOKO/0x00000002
15:16:56.898  INFO     RX        /ERR/LOKO/0x00000002
15:16:56.931  INFO     RX        /ERR/LOKO/0x00000002
15:16:56.931  INFO     RX        /ERR/LOKO/0x00000002
15:16:56.931  INFO     RX        /ERR/LOKO/0x00000002
15:16:56.966  INFO     RX        /ERR/LOKO/0x00000002
15:16:56.966  INFO     RX        /ERR/LOKO/0x00000002
15:16:56.966  INFO     RX        /ERR/LOKO/0x00000002
15:16:56.998  INFO     RX        /ERR/LOKO/0x00000002
15:16:56.998  INFO     RX        /ERR/LOKO/0x00000002
15:16:57.027  INFO     RX        /ERR/LOKO/0x00000002
15:16:57.027  INFO     RX        /ERR/LOKO/0x00000002
15:16:57.027  INFO     RX        /ERR/LOKO/0x00000002
15:16:57.060  INFO     RX        /ERR/LOKO/0x00000002
15:16:57.060  INFO     RX        /ERR/LOKO/0x00000002
15:16:57.060  INFO     RX        /ERR/LOKO/0x00000002
15:16:57.096  INFO     RX        /ERR/LOKO/0x00000002
15:16:57.096  INFO     RX        /ERR/LOKO/0x00000002
15:16:57.096  INFO     RX        /ERR/LOKO/0x00000002
15:16:57.125  INFO     RX        /ERR/LOKO/0x00000002
15:16:57.125  INFO     RX        /ERR/LOKO/0x00000002
15:16:57.158  INFO     RX        /ERR/LOKO/0x00000002
15:16:57.158  INFO     RX        /ERR/LOKO/0x00000002
15:16:57.158  INFO     RX        /ERR/LOKO/0x00000002
15:16:57.194  INFO     RX        /ERR/LOKO/0x00000002
15:16:57.194  INFO     RX        /ERR/LOKO/0x00000002
15:16:57.194  INFO     RX        /ERR/LOKO/0x00000002
15:16:57.222  INFO     RX        /ERR/LOKO/0x00000002
15:16:57.222  INFO     RX        /ERR/LOKO/0x00000002
15:16:57.255  INFO     RX        /ERR/LOKO/0x00000002
15:16:57.255  INFO     RX        /ERR/LOKO/0x00000002
15:16:57.255  INFO     RX        /ERR/LOKO/0x00000002
15:16:57.291  INFO     RX        /ERR/LOKO/0x00000002
15:16:57.291  INFO     RX        /ERR/LOKO/0x00000002
15:16:57.291  INFO     RX        /ERR/LOKO/0x00000002
15:16:57.320  INFO     RX        /ERR/LOKO/0x00000002
15:16:57.320  INFO     RX        /ERR/LOKO/0x00000002
15:16:57.320  INFO     RX        /ERR/LOKO/0x00000002
15:16:57.353  INFO     RX        /ERR/LOKO/0x00000002
15:16:57.353  INFO     RX        /ERR/LOKO/0x00000002
15:16:57.388  INFO     RX        /ERR/LOKO/0x00000002
15:16:57.388  INFO     RX        /ERR/LOKO/0x00000002
15:16:57.388  INFO     RX        /ERR/LOKO/0x00000002
15:16:57.417  INFO     RX        /ERR/LOKO/0x00000002
15:16:57.417  INFO     RX        /ERR/LOKO/0x00000002
15:16:57.417  INFO     RX        /ERR/LOKO/0x00000002
15:16:57.452  INFO     RX        /ERR/LOKO/0x00000002
15:16:57.453  INFO     RX        /ERR/LOKO/0x00000002
15:16:57.453  INFO     RX        /ERR/LOKO/0x00000002
15:16:57.481  INFO     RX        /ERR/LOKO/0x00000002
15:16:57.481  INFO     RX        /ERR/LOKO/0x00000002
15:16:57.514  INFO     RX        /ERR/LOKO/0x00000002
15:16:57.514  INFO     RX        /ERR/LOKO/0x00000002
15:16:57.514  INFO     RX        /ERR/LOKO/0x00000002
15:16:57.546  INFO     RX        /ERR/LOKO/0x00000002
15:16:57.546  INFO     RX        /ERR/LOKO/0x00000002
15:16:57.547  INFO     RX        /ERR/LOKO/0x00000002
15:16:57.581  INFO     RX        /ERR/LOKO/0x00000002
15:16:57.581  INFO     RX        /ERR/LOKO/0x00000002
15:16:57.581  INFO     RX        /ERR/LOKO/0x00000002
15:16:57.614  INFO     RX        /ERR/LOKO/0x00000002
15:16:57.614  INFO     RX        /ERR/LOKO/0x00000002
15:16:57.614  INFO     RX        /ERR/LOKO/0x00000002
15:16:57.643  INFO     RX        /ERR/LOKO/0x00000002
15:16:57.675  INFO     RX        /ERR/LOKO/0x00000002
15:16:57.711  INFO     RX        /ERR/LOKO/0x00000002
15:16:57.773  INFO     RX        /ERR/LOKO/0x00000002
15:16:57.807  INFO     RX        /ERR/LOKO/0x00000002
15:16:57.837  INFO     RX        /ERR/LOKO/0x00000002
15:16:57.872  INFO     RX        /ERR/LOKO/0x00000002
15:16:57.902  INFO     RX        /ERR/LOKO/0x00000002
15:16:57.937  INFO     RX        /ERR/LOKO/0x00000002
15:16:57.999  INFO     RX        /ERR/LOKO/0x00000002
15:16:58.033  INFO     RX        /ERR/LOKO/0x00000002
15:16:58.068  INFO     RX        /ERR/LOKO/0x00000002
15:16:58.098  INFO     RX        /ERR/LOKO/0x00000002
15:16:58.128  INFO     RX        /ERR/LOKO/0x00000002
15:16:58.193  INFO     RX        /ERR/LOKO/0x00000002
15:16:58.228  INFO     RX        /ERR/LOKO/0x00000002
15:16:58.258  INFO     RX        /ERR/LOKO/0x00000002
15:16:58.293  INFO     RX        /ERR/LOKO/0x00000002
15:16:58.323  INFO     RX        /ERR/LOKO/0x00000002
15:16:58.389  INFO     RX        /ERR/LOKO/0x00000002
15:16:58.422  INFO     RX        /ERR/LOKO/0x00000002
15:16:58.449  DEBUG    TX /CONTROLL/-30,0,0,-16,0,0,0,0,0
15:16:58.452  INFO     RX        /ERR/LOKO/0x00000002
15:16:58.487  INFO     RX        /ERR/LOKO/0x00000002
15:16:58.551  INFO     RX        /ERR/LOKO/0x00000002
15:16:58.581  INFO     RX        /ERR/LOKO/0x00000002
15:16:58.614  INFO     RX        /ERR/LOKO/0x00000002
15:16:58.648  INFO     RX        /ERR/LOKO/0x00000002
15:16:58.681  INFO     RX        /ERR/LOKO/0x00000002
15:16:58.746  INFO     RX        /ERR/LOKO/0x00000002
15:16:58.898  INFO     RX        /ERR/LOKO/0x00000002
15:16:58.898  INFO     RX        /ERR/LOKO/0x00000002
15:16:58.898  INFO     RX        /ERR/LOKO/0x00000002
15:16:58.898  INFO     RX        /ERR/LOKO/0x00000002
15:16:58.904  INFO     RX        /ERR/LOKO/0x00000002
15:16:58.970  INFO     RX        /ERR/LOKO/0x00000002
15:16:59.002  INFO     RX        /ERR/LOKO/0x00000002
15:16:59.035  INFO     RX        /ERR/LOKO/0x00000002
15:16:59.064  INFO     RX        /ERR/LOKO/0x00000002
15:16:59.098  INFO     RX        /ERR/LOKO/0x00000002
15:16:59.163  INFO     RX        /ERR/LOKO/0x00000002
15:16:59.192  INFO     RX        /ERR/LOKO/0x00000002
15:16:59.229  INFO     RX        /ERR/LOKO/0x00000002
15:16:59.256  INFO     RX        /ERR/LOKO/0x00000002
15:16:59.291  INFO     RX        /ERR/LOKO/0x00000002
15:16:59.352  INFO     RX        /ERR/LOKO/0x00000002
15:16:59.387  INFO     RX        /ERR/LOKO/0x00000002
15:16:59.416  INFO     RX        /ERR/LOKO/0x00000002
15:16:59.451  INFO     RX        /ERR/LOKO/0x00000002
15:16:59.514  INFO     RX        /ERR/LOKO/0x00000002
15:16:59.544  INFO     RX        /ERR/LOKO/0x00000002
15:16:59.579  INFO     RX        /ERR/LOKO/0x00000002
15:16:59.608  INFO     RX        /ERR/LOKO/0x00000002
15:16:59.640  INFO     RX        /ERR/LOKO/0x00000002
15:16:59.709  INFO     RX        /ERR/LOKO/0x00000002
15:16:59.737  INFO     RX        /ERR/LOKO/0x00000002
15:16:59.773  INFO     RX        /ERR/LOKO/0x00000002
15:16:59.802  INFO     RX        /ERR/LOKO/0x00000002
15:16:59.838  INFO     RX        /ERR/LOKO/0x00000002
15:16:59.901  INFO     RX        /ERR/LOKO/0x00000002
15:16:59.932  INFO     RX        /ERR/LOKO/0x00000002
15:16:59.966  INFO     RX        /ERR/LOKO/0x00000002
15:16:59.996  INFO     RX        /ERR/LOKO/0x00000002
15:17:00.028  INFO     RX        /ERR/LOKO/0x00000002
15:17:00.058  DEBUG    TX /CONTROLL/-47,0,0,-16,0,0,0,0,0
15:17:00.093  INFO     RX        /ERR/LOKO/0x00000002
15:17:00.129  INFO     RX        /ERR/LOKO/0x00000002
15:17:00.160  INFO     RX        /ERR/LOKO/0x00000002
15:17:00.193  INFO     RX        /ERR/LOKO/0x00000002
15:17:00.222  INFO     RX        /ERR/LOKO/0x00000002
15:17:00.287  INFO     RX        /ERR/LOKO/0x00000002
15:17:00.323  INFO     RX        /ERR/LOKO/0x00000002
15:17:00.352  INFO     RX        /ERR/LOKO/0x00000002
15:17:00.387  INFO     RX        /ERR/LOKO/0x00000002
15:17:00.450  INFO     RX        /ERR/LOKO/0x00000002
15:17:00.482  INFO     RX        /ERR/LOKO/0x00000002
15:17:00.517  INFO     RX        /ERR/LOKO/0x00000002
15:17:00.517  INFO     RX        /ERR/LOKO/0x00000002
15:17:00.517  INFO     RX        /ERR/LOKO/0x00000002
15:17:00.544  INFO     RX        /ERR/LOKO/0x00000002
15:17:00.544  INFO     RX        /ERR/LOKO/0x00000002
15:17:00.579  INFO     RX        /ERR/LOKO/0x00000002
15:17:00.579  INFO     RX        /ERR/LOKO/0x00000002
15:17:00.579  INFO     RX        /ERR/LOKO/0x00000002
15:17:00.608  INFO     RX        /ERR/LOKO/0x00000002
15:17:00.608  INFO     RX        /ERR/LOKO/0x00000002
15:17:00.640  INFO     RX        /ERR/LOKO/0x00000002
15:17:00.640  INFO     RX        /ERR/LOKO/0x00000002
15:17:00.640  INFO     RX        /ERR/LOKO/0x00000002
15:17:00.675  INFO     RX        /ERR/LOKO/0x00000002
15:17:00.675  INFO     RX        /ERR/LOKO/0x00000002
15:17:00.675  INFO     RX        /ERR/LOKO/0x00000002
15:17:00.705  INFO     RX        /ERR/LOKO/0x00000002
15:17:00.705  INFO     RX        /ERR/LOKO/0x00000002
15:17:00.736  INFO     RX        /ERR/LOKO/0x00000002
15:17:00.737  INFO     RX        /ERR/LOKO/0x00000002
15:17:00.737  INFO     RX        /ERR/LOKO/0x00000002
15:17:00.768  INFO     RX        /ERR/LOKO/0x00000002
15:17:00.769  INFO     RX        /ERR/LOKO/0x00000002
15:17:00.769  INFO     RX        /ERR/LOKO/0x00000002
15:17:00.803  INFO     RX        /ERR/LOKO/0x00000002
15:17:00.803  INFO     RX        /ERR/LOKO/0x00000002
15:17:00.803  INFO     RX        /ERR/LOKO/0x00000002
15:17:00.834  INFO     RX        /ERR/LOKO/0x00000002
15:17:00.835  INFO     RX        /ERR/LOKO/0x00000002
15:17:00.865  INFO     RX        /ERR/LOKO/0x00000002
15:17:00.866  INFO     RX        /ERR/LOKO/0x00000002
15:17:00.866  INFO     RX        /ERR/LOKO/0x00000002
15:17:00.897  INFO     RX        /ERR/LOKO/0x00000002
15:17:00.897  INFO     RX        /ERR/LOKO/0x00000002
15:17:00.897  INFO     RX        /ERR/LOKO/0x00000002
15:17:00.929  INFO     RX        /ERR/LOKO/0x00000002
15:17:00.929  INFO     RX        /ERR/LOKO/0x00000002
15:17:00.964  INFO     RX        /ERR/LOKO/0x00000002
15:17:00.964  INFO     RX        /ERR/LOKO/0x00000002
15:17:00.964  INFO     RX        /ERR/LOKO/0x00000002
15:17:00.994  INFO     RX        /ERR/LOKO/0x00000002
15:17:00.994  INFO     RX        /ERR/LOKO/0x00000002
15:17:00.994  INFO     RX        /ERR/LOKO/0x00000002
15:17:01.029  INFO     RX        /ERR/LOKO/0x00000002
15:17:01.029  INFO     RX        /ERR/LOKO/0x00000002
15:17:01.029  INFO     RX        /ERR/LOKO/0x00000002
15:17:01.058  INFO     RX        /ERR/LOKO/0x00000002
15:17:01.058  INFO     RX        /ERR/LOKO/0x00000002
15:17:01.090  INFO     RX        /ERR/LOKO/0x00000002
15:17:01.090  INFO     RX        /ERR/LOKO/0x00000002
15:17:01.090  INFO     RX        /ERR/LOKO/0x00000002
15:17:01.126  INFO     RX        /ERR/LOKO/0x00000002
15:17:01.126  INFO     RX        /ERR/LOKO/0x00000002
15:17:01.126  INFO     RX        /ERR/LOKO/0x00000002
15:17:01.158  INFO     RX        /ERR/LOKO/0x00000002
15:17:01.158  INFO     RX        /ERR/LOKO/0x00000002
15:17:01.158  INFO     RX        /ERR/LOKO/0x00000002
15:17:01.189  INFO     RX        /ERR/LOKO/0x00000002
15:17:01.189  INFO     RX        /ERR/LOKO/0x00000002
15:17:01.220  INFO     RX        /ERR/LOKO/0x00000002
15:17:01.220  INFO     RX        /ERR/LOKO/0x00000002
15:17:01.220  INFO     RX        /ERR/LOKO/0x00000002
15:17:01.255  INFO     RX        /ERR/LOKO/0x00000002
15:17:01.256  INFO     RX        /ERR/LOKO/0x00000002
15:17:01.256  INFO     RX        /ERR/LOKO/0x00000002
15:17:01.285  INFO     RX        /ERR/LOKO/0x00000002
15:17:01.320  INFO     RX        /ERR/LOKO/0x00000002
15:17:01.349  INFO     RX        /ERR/LOKO/0x00000002
15:17:01.470  INFO     RX        /ERR/LOKO/0x00000002
15:17:01.470  INFO     RX        /ERR/LOKO/0x00000002
15:17:01.470  INFO     RX        /ERR/LOKO/0x00000002
15:17:01.511  INFO     RX        /ERR/LOKO/0x00000002
15:17:01.545  INFO     RX        /ERR/LOKO/0x00000002
15:17:01.578  INFO     RX        /ERR/LOKO/0x00000002
15:17:01.645  INFO     RX        /ERR/LOKO/0x00000002
15:17:01.669  DEBUG    TX /CONTROLL/19,0,0,-16,0,0,0,0,0
15:17:01.673  INFO     RX        /ERR/LOKO/0x00000002
15:17:01.706  INFO     RX        /ERR/LOKO/0x00000002
15:17:01.735  INFO     RX        /ERR/LOKO/0x00000002
15:17:01.768  INFO     RX        /ERR/LOKO/0x00000002
15:17:01.803  INFO     RX        /ERR/LOKO/0x00000002
15:17:01.867  INFO     RX        /ERR/LOKO/0x00000002
15:17:01.900  INFO     RX        /ERR/LOKO/0x00000002
15:17:01.933  INFO     RX        /ERR/LOKO/0x00000002
15:17:01.966  INFO     RX        /ERR/LOKO/0x00000002
15:17:02.033  INFO     RX        /ERR/LOKO/0x00000002
15:17:02.061  INFO     RX        /ERR/LOKO/0x00000002
15:17:02.096  INFO     RX        /ERR/LOKO/0x00000002
15:17:02.125  INFO     RX        /ERR/LOKO/0x00000002
15:17:02.159  INFO     RX        /ERR/LOKO/0x00000002
15:17:02.222  INFO     RX        /ERR/LOKO/0x00000002
15:17:02.252  INFO     RX        /ERR/LOKO/0x00000002
15:17:02.287  INFO     RX        /ERR/LOKO/0x00000002
15:17:02.317  INFO     RX        /ERR/LOKO/0x00000002
15:17:02.352  INFO     RX        /ERR/LOKO/0x00000002
15:17:02.414  INFO     RX        /ERR/LOKO/0x00000002
15:17:02.447  INFO     RX        /ERR/LOKO/0x00000002
15:17:02.476  INFO     RX        /ERR/LOKO/0x00000002
15:17:02.512  INFO     RX        /ERR/LOKO/0x00000002
15:17:02.540  INFO     RX        /ERR/LOKO/0x00000002
15:17:02.604  INFO     RX        /ERR/LOKO/0x00000002
15:17:02.638  INFO     RX        /ERR/LOKO/0x00000002
15:17:02.669  INFO     RX        /ERR/LOKO/0x00000002
15:17:02.705  INFO     RX        /ERR/LOKO/0x00000002
15:17:02.733  INFO     RX        /ERR/LOKO/0x00000002
15:17:02.797  INFO     RX        /ERR/LOKO/0x00000002
15:17:02.832  INFO     RX        /ERR/LOKO/0x00000002
15:17:02.861  INFO     RX        /ERR/LOKO/0x00000002
15:17:02.895  INFO     RX        /ERR/LOKO/0x00000002
15:17:02.958  INFO     RX        /ERR/LOKO/0x00000002
15:17:02.989  INFO     RX        /ERR/LOKO/0x00000002
15:17:03.023  INFO     RX        /ERR/LOKO/0x00000002
15:17:03.052  INFO     RX        /ERR/LOKO/0x00000002
15:17:03.085  INFO     RX        /ERR/LOKO/0x00000002
15:17:03.149  INFO     RX        /ERR/LOKO/0x00000002
15:17:03.183  INFO     RX        /ERR/LOKO/0x00000002
15:17:03.214  INFO     RX        /ERR/LOKO/0x00000002
15:17:03.247  INFO     RX        /ERR/LOKO/0x00000002
15:17:03.276  DEBUG    TX /CONTROLL/52,0,0,-16,0,0,0,0,0
15:17:03.281  INFO     RX        /ERR/LOKO/0x00000002
15:17:03.346  INFO     RX        /ERR/LOKO/0x00000002
15:17:03.375  INFO     RX        /ERR/LOKO/0x00000002
15:17:03.408  INFO     RX        /ERR/LOKO/0x00000002
15:17:03.442  INFO     RX        /ERR/LOKO/0x00000002
15:17:03.471  INFO     RX        /ERR/LOKO/0x00000002
15:17:03.536  INFO     RX        /ERR/LOKO/0x00000002
15:17:03.571  INFO     RX        /ERR/LOKO/0x00000002
15:17:03.605  INFO     RX        /ERR/LOKO/0x00000002
15:17:03.633  INFO     RX        /ERR/LOKO/0x00000002
15:17:03.666  INFO     RX        /ERR/LOKO/0x00000002
15:17:03.704  INFO     RX        /ERR/LOKO/0x00000002
15:17:03.764  INFO     RX        /ERR/LOKO/0x00000002
15:17:03.796  INFO     RX        /ERR/LOKO/0x00000002
15:17:03.826  INFO     RX        /ERR/LOKO/0x00000002
15:17:03.861  INFO     RX        /ERR/LOKO/0x00000002
15:17:03.926  INFO     RX        /ERR/LOKO/0x00000002
15:17:04.067  INFO     RX        /ERR/LOKO/0x00000002
15:17:04.067  INFO     RX        /ERR/LOKO/0x00000002
15:17:04.067  INFO     RX        /ERR/LOKO/0x00000002
15:17:04.067  INFO     RX        /ERR/LOKO/0x00000002
15:17:04.116  INFO     RX        /ERR/LOKO/0x00000002
15:17:04.151  INFO     RX        /ERR/LOKO/0x00000002
15:17:04.180  INFO     RX        /ERR/LOKO/0x00000002
15:17:04.217  INFO     RX        /ERR/LOKO/0x00000002
15:17:04.245  INFO     RX        /ERR/LOKO/0x00000002
15:17:04.310  INFO     RX        /ERR/LOKO/0x00000002
15:17:04.341  INFO     RX        /ERR/LOKO/0x00000002
15:17:04.376  INFO     RX        /ERR/LOKO/0x00000002
15:17:04.406  INFO     RX        /ERR/LOKO/0x00000002
15:17:04.440  INFO     RX        /ERR/LOKO/0x00000002
15:17:04.504  INFO     RX        /ERR/LOKO/0x00000002
15:17:04.533  INFO     RX        /ERR/LOKO/0x00000002
15:17:04.568  INFO     RX        /ERR/LOKO/0x00000002
15:17:04.601  INFO     RX        /ERR/LOKO/0x00000002
15:17:04.665  INFO     RX        /ERR/LOKO/0x00000002
15:17:04.694  INFO     RX        /ERR/LOKO/0x00000002
15:17:04.694  INFO     RX        /ERR/LOKO/0x00000002
15:17:04.694  INFO     RX        /ERR/LOKO/0x00000002
15:17:04.729  INFO     RX        /ERR/LOKO/0x00000002
15:17:04.729  INFO     RX        /ERR/LOKO/0x00000002
15:17:04.761  INFO     RX        /ERR/LOKO/0x00000002
15:17:04.761  INFO     RX        /ERR/LOKO/0x00000002
15:17:04.761  INFO     RX        /ERR/LOKO/0x00000002
15:17:04.793  INFO     RX        /ERR/LOKO/0x00000002
15:17:04.793  INFO     RX        /ERR/LOKO/0x00000002
15:17:04.794  INFO     RX        /ERR/LOKO/0x00000002
15:17:04.822  INFO     RX        /ERR/LOKO/0x00000002
15:17:04.883  DEBUG    TX /CONTROLL/0,0,0,0,0,0,0,0,0
15:17:05.566  INFO     RX        /ERR/LOKO/0x00000002
15:17:05.566  INFO     RX        /ERR/LOKO/0x00000002
15:17:05.598  INFO     RX        /ERR/LOKO/0x00000002
15:17:05.598  INFO     RX        /ERR/LOKO/0x00000002
15:17:05.629  INFO     RX        /ERR/LOKO/0x00000002
15:17:05.629  INFO     RX        /ERR/LOKO/0x00000002
15:17:05.629  INFO     RX        /ERR/LOKO/0x00000002
15:17:05.662  INFO     RX        /ERR/LOKO/0x00000002
15:17:05.662  INFO     RX        /ERR/LOKO/0x00000002
15:17:05.662  INFO     RX        /ERR/LOKO/0x00000002
15:17:05.691  INFO     RX        /ERR/LOKO/0x00000002
15:17:05.691  INFO     RX        /ERR/LOKO/0x00000002
15:17:05.725  INFO     RX        /ERR/LOKO/0x00000002
15:17:05.725  INFO     RX        /ERR/LOKO/0x00000002
15:17:05.725  INFO     RX        /ERR/LOKO/0x00000002
15:17:05.759  INFO     RX        /ERR/LOKO/0x00000002
15:17:05.759  INFO     RX        /ERR/LOKO/0x00000002
15:17:05.759  INFO     RX        /ERR/LOKO/0x00000002
15:17:05.794  INFO     RX        /ERR/LOKO/0x00000002
15:17:05.794  INFO     RX        /ERR/LOKO/0x00000002
15:17:05.794  INFO     RX        /ERR/LOKO/0x00000002
15:17:05.825  INFO     RX        /ERR/LOKO/0x00000002
15:17:05.825  INFO     RX        /ERR/LOKO/0x00000002
15:17:05.825  INFO     RX        /ERR/LOKO/0x00000002
15:17:05.860  INFO     RX        /ERR/LOKO/0x00000002
15:17:05.860  INFO     RX        /ERR/LOKO/0x00000002
15:17:05.860  INFO     RX        /ERR/LOKO/0x00000002
15:17:05.888  INFO     RX        /ERR/LOKO/0x00000002
15:17:05.888  INFO     RX        /ERR/LOKO/0x00000002
15:17:05.922  INFO     RX        /ERR/LOKO/0x00000002
15:17:05.922  INFO     RX        /ERR/LOKO/0x00000002
15:17:05.922  INFO     RX        /ERR/LOKO/0x00000002
15:17:05.953  INFO     RX        /ERR/LOKO/0x00000002
15:17:05.953  INFO     RX        /ERR/LOKO/0x00000002
15:17:05.953  INFO     RX        /ERR/LOKO/0x00000002
15:17:05.985  INFO     RX        /ERR/LOKO/0x00000002
15:17:05.985  INFO     RX        /ERR/LOKO/0x00000002
15:17:06.019  INFO     RX        /ERR/LOKO/0x00000002
15:17:06.019  INFO     RX        /ERR/LOKO/0x00000002
15:17:06.019  INFO     RX        /ERR/LOKO/0x00000002
15:17:06.049  INFO     RX        /ERR/LOKO/0x00000002
15:17:06.049  INFO     RX        /ERR/LOKO/0x00000002
15:17:06.049  INFO     RX        /ERR/LOKO/0x00000002
15:17:06.083  INFO     RX        /ERR/LOKO/0x00000002
15:17:06.114  INFO     RX        /ERR/LOKO/0x00000002
15:17:06.147  INFO     RX        /ERR/LOKO/0x00000002
15:17:06.181  INFO     RX        /ERR/LOKO/0x00000002
15:17:06.242  INFO     RX        /ERR/LOKO/0x00000002
15:17:06.272  INFO     RX        /ERR/LOKO/0x00000002
15:17:06.308  INFO     RX        /ERR/LOKO/0x00000002
15:17:06.336  INFO     RX        /ERR/LOKO/0x00000002
15:17:06.371  INFO     RX        /ERR/LOKO/0x00000002
15:17:06.437  INFO     RX        /ERR/LOKO/0x00000002
15:17:06.470  INFO     RX        /ERR/LOKO/0x00000002
15:17:06.495  DEBUG    TX /CONTROLL/-51,0,0,-22,0,0,0,0,0
15:17:06.502  INFO     RX        /ERR/LOKO/0x00000002
15:17:06.532  INFO     RX        /ERR/LOKO/0x00000002
15:17:06.654  INFO     RX        /ERR/LOKO/0x00000002
15:17:06.654  INFO     RX        /ERR/LOKO/0x00000002
15:17:06.654  INFO     RX        /ERR/LOKO/0x00000002
15:17:06.693  INFO     RX        /ERR/LOKO/0x00000002
15:17:06.728  INFO     RX        /ERR/LOKO/0x00000002
15:17:06.756  INFO     RX        /ERR/LOKO/0x00000002
15:17:06.823  INFO     RX        /ERR/LOKO/0x00000002
15:17:06.854  INFO     RX        /ERR/LOKO/0x00000002
15:17:06.890  INFO     RX        /ERR/LOKO/0x00000002
15:17:06.923  INFO     RX        /ERR/LOKO/0x00000002
15:17:06.953  INFO     RX        /ERR/LOKO/0x00000002
15:17:07.016  INFO     RX        /ERR/LOKO/0x00000002
15:17:07.051  INFO     RX        /ERR/LOKO/0x00000002
15:17:07.081  INFO     RX        /ERR/LOKO/0x00000002
15:17:07.114  INFO     RX        /ERR/LOKO/0x00000002
15:17:07.146  INFO     RX        /ERR/LOKO/0x00000002
15:17:07.146  INFO     RX        /ERR/LOKO/0x00000002
15:17:07.146  INFO     RX        /ERR/LOKO/0x00000002
15:17:07.183  INFO     RX        /ERR/LOKO/0x00000002
15:17:07.183  INFO     RX        /ERR/LOKO/0x00000002
15:17:07.183  INFO     RX        /ERR/LOKO/0x00000002
15:17:07.216  INFO     RX        /ERR/LOKO/0x00000002
15:17:07.216  INFO     RX        /ERR/LOKO/0x00000002
15:17:07.216  INFO     RX        /ERR/LOKO/0x00000002
15:17:07.242  INFO     RX        /ERR/LOKO/0x00000002
15:17:07.242  INFO     RX        /ERR/LOKO/0x00000002
15:17:07.276  INFO     RX        /ERR/LOKO/0x00000002
15:17:07.276  INFO     RX        /ERR/LOKO/0x00000002
15:17:07.276  INFO     RX        /ERR/LOKO/0x00000002
15:17:07.309  INFO     RX        /ERR/LOKO/0x00000002
15:17:07.309  INFO     RX        /ERR/LOKO/0x00000002
15:17:07.309  INFO     RX        /ERR/LOKO/0x00000002
15:17:07.341  INFO     RX        /ERR/LOKO/0x00000002
15:17:07.342  INFO     RX        /ERR/LOKO/0x00000002
15:17:07.342  INFO     RX        /ERR/LOKO/0x00000002
15:17:07.376  INFO     RX        /ERR/LOKO/0x00000002
15:17:07.376  INFO     RX        /ERR/LOKO/0x00000002
15:17:07.404  INFO     RX        /ERR/LOKO/0x00000002
15:17:07.404  INFO     RX        /ERR/LOKO/0x00000002
15:17:07.404  INFO     RX        /ERR/LOKO/0x00000002
15:17:07.437  INFO     RX        /ERR/LOKO/0x00000002
15:17:07.437  INFO     RX        /ERR/LOKO/0x00000002
15:17:07.438  INFO     RX        /ERR/LOKO/0x00000002
15:17:07.466  INFO     RX        /ERR/LOKO/0x00000002
15:17:07.466  INFO     RX        /ERR/LOKO/0x00000002
15:17:07.501  INFO     RX        /ERR/LOKO/0x00000002
15:17:07.501  INFO     RX        /ERR/LOKO/0x00000002
15:17:07.501  INFO     RX        /ERR/LOKO/0x00000002
15:17:07.531  INFO     RX        /ERR/LOKO/0x00000002
15:17:07.531  INFO     RX        /ERR/LOKO/0x00000002
15:17:07.531  INFO     RX        /ERR/LOKO/0x00000002
15:17:07.567  INFO     RX        /ERR/LOKO/0x00000002
15:17:07.567  INFO     RX        /ERR/LOKO/0x00000002
15:17:07.567  INFO     RX        /ERR/LOKO/0x00000002
15:17:07.596  INFO     RX        /ERR/LOKO/0x00000002
15:17:07.596  INFO     RX        /ERR/LOKO/0x00000002
15:17:07.630  INFO     RX        /ERR/LOKO/0x00000002
15:17:07.630  INFO     RX        /ERR/LOKO/0x00000002
15:17:07.630  INFO     RX        /ERR/LOKO/0x00000002
15:17:07.660  INFO     RX        /ERR/LOKO/0x00000002
15:17:07.660  INFO     RX        /ERR/LOKO/0x00000002
15:17:07.692  INFO     RX        /ERR/LOKO/0x00000002
15:17:07.692  INFO     RX        /ERR/LOKO/0x00000002
15:17:07.727  INFO     RX        /ERR/LOKO/0x00000002
15:17:07.756  INFO     RX        /ERR/LOKO/0x00000002
15:17:07.792  INFO     RX        /ERR/LOKO/0x00000002
15:17:07.856  INFO     RX        /ERR/LOKO/0x00000002
15:17:07.885  INFO     RX        /ERR/LOKO/0x00000002
15:17:07.920  INFO     RX        /ERR/LOKO/0x00000002
15:17:07.949  INFO     RX        /ERR/LOKO/0x00000002
15:17:07.984  INFO     RX        /ERR/LOKO/0x00000002
15:17:08.047  INFO     RX        /ERR/LOKO/0x00000002
15:17:08.079  INFO     RX        /ERR/LOKO/0x00000002
15:17:08.107  DEBUG    TX /CONTROLL/22,0,0,-22,0,0,0,0,0
15:17:08.113  INFO     RX        /ERR/LOKO/0x00000002
15:17:08.143  INFO     RX        /ERR/LOKO/0x00000002
15:17:08.177  INFO     RX        /ERR/LOKO/0x00000002
15:17:08.238  INFO     RX        /ERR/LOKO/0x00000002
15:17:08.275  INFO     RX        /ERR/LOKO/0x00000002
15:17:08.304  INFO     RX        /ERR/LOKO/0x00000002
15:17:08.338  INFO     RX        /ERR/LOKO/0x00000002
15:17:08.398  INFO     RX        /ERR/LOKO/0x00000002
15:17:08.433  INFO     RX        /ERR/LOKO/0x00000002
15:17:08.465  INFO     RX        /ERR/LOKO/0x00000002
15:17:08.497  INFO     RX        /ERR/LOKO/0x00000002
15:17:08.526  INFO     RX        /ERR/LOKO/0x00000002
15:17:08.590  INFO     RX        /ERR/LOKO/0x00000002
15:17:08.626  INFO     RX        /ERR/LOKO/0x00000002
15:17:08.626  INFO     RX        /ERR/LOKO/0x00000002
15:17:08.626  INFO     RX        /ERR/LOKO/0x00000002
15:17:08.657  INFO     RX        /ERR/LOKO/0x00000002
15:17:08.657  INFO     RX        /ERR/LOKO/0x00000002
15:17:08.690  INFO     RX        /ERR/LOKO/0x00000002
15:17:08.690  INFO     RX        /ERR/LOKO/0x00000002
15:17:08.690  INFO     RX        /ERR/LOKO/0x00000002
15:17:08.722  INFO     RX        /ERR/LOKO/0x00000002
15:17:08.722  INFO     RX        /ERR/LOKO/0x00000002
15:17:08.722  INFO     RX        /ERR/LOKO/0x00000002
15:17:08.751  INFO     RX        /ERR/LOKO/0x00000002
15:17:08.751  INFO     RX        /ERR/LOKO/0x00000002
15:17:08.784  INFO     RX        /ERR/LOKO/0x00000002
15:17:08.784  INFO     RX        /ERR/LOKO/0x00000002
15:17:08.784  INFO     RX        /ERR/LOKO/0x00000002
15:17:08.818  INFO     RX        /ERR/LOKO/0x00000002
15:17:08.818  INFO     RX        /ERR/LOKO/0x00000002
15:17:08.818  INFO     RX        /ERR/LOKO/0x00000002
15:17:08.851  INFO     RX        /ERR/LOKO/0x00000002
15:17:09.303  INFO     RX        /ERR/LOKO/0x00000002
15:17:09.304  INFO     RX        /ERR/LOKO/0x00000002
15:17:09.332  INFO     RX        /ERR/LOKO/0x00000002
15:17:09.333  INFO     RX        /ERR/LOKO/0x00000002
15:17:09.333  INFO     RX        /ERR/LOKO/0x00000002
15:17:09.367  INFO     RX        /ERR/LOKO/0x00000002
15:17:09.367  INFO     RX        /ERR/LOKO/0x00000002
15:17:09.367  INFO     RX        /ERR/LOKO/0x00000002
15:17:09.395  INFO     RX        /ERR/LOKO/0x00000002
15:17:09.395  INFO     RX        /ERR/LOKO/0x00000002
15:17:09.430  INFO     RX        /ERR/LOKO/0x00000002
15:17:09.430  INFO     RX        /ERR/LOKO/0x00000002
15:17:09.430  INFO     RX        /ERR/LOKO/0x00000002
15:17:09.459  INFO     RX        /ERR/LOKO/0x00000002
15:17:09.460  INFO     RX        /ERR/LOKO/0x00000002
15:17:09.460  INFO     RX        /ERR/LOKO/0x00000002
15:17:09.494  INFO     RX        /ERR/LOKO/0x00000002
15:17:09.495  INFO     RX        /ERR/LOKO/0x00000002
15:17:09.495  INFO     RX        /ERR/LOKO/0x00000002
15:17:09.524  INFO     RX        /ERR/LOKO/0x00000002
15:17:09.524  INFO     RX        /ERR/LOKO/0x00000002
15:17:09.560  INFO     RX        /ERR/LOKO/0x00000002
15:17:09.560  INFO     RX        /ERR/LOKO/0x00000002
15:17:09.560  INFO     RX        /ERR/LOKO/0x00000002
15:17:09.589  INFO     RX        /ERR/LOKO/0x00000002
15:17:09.589  INFO     RX        /ERR/LOKO/0x00000002
15:17:09.589  INFO     RX        /ERR/LOKO/0x00000002
15:17:09.621  INFO     RX        /ERR/LOKO/0x00000002
15:17:09.621  INFO     RX        /ERR/LOKO/0x00000002
15:17:09.656  INFO     RX        /ERR/LOKO/0x00000002
15:17:09.656  INFO     RX        /ERR/LOKO/0x00000002
15:17:09.656  INFO     RX        /ERR/LOKO/0x00000002
15:17:09.685  INFO     RX        /ERR/LOKO/0x00000002
15:17:09.685  INFO     RX        /ERR/LOKO/0x00000002
15:17:09.685  INFO     RX        /ERR/LOKO/0x00000002
15:17:09.714  DEBUG    TX /CONTROLL/0,0,0,0,0,0,0,0,2
15:17:09.720  INFO     RX        /ERR/LOKO/0x00000002
15:17:09.720  INFO     RX        /ERR/LOKO/0x00000002
15:17:09.720  INFO     RX        /ERR/LOKO/0x00000002
15:17:09.750  INFO     RX        /ERR/LOKO/0x00000002
15:17:09.750  INFO     RX        /ERR/LOKO/0x00000002
15:17:09.782  INFO     RX        /ERR/LOKO/0x00000002
15:17:09.782  INFO     RX        /ERR/LOKO/0x00000002
15:17:09.782  INFO     RX        /ERR/LOKO/0x00000002
15:17:09.814  INFO     RX        /ERR/LOKO/0x00000002
15:17:09.814  INFO     RX        /ERR/LOKO/0x00000002
15:17:09.814  INFO     RX        /ERR/LOKO/0x00000002
15:17:09.846  INFO     RX        /ERR/LOKO/0x00000002
15:17:09.846  INFO     RX        /ERR/LOKO/0x00000002
15:17:09.846  INFO     RX        /ERR/LOKO/0x00000002
15:17:09.882  INFO     RX        /ERR/LOKO/0x00000002
15:17:09.882  INFO     RX        /ERR/LOKO/0x00000002
15:17:09.882  INFO     RX        /ERR/LOKO/0x00000002
15:17:09.911  INFO     RX        /ERR/LOKO/0x00000002
15:17:09.911  INFO     RX        /ERR/LOKO/0x00000002
15:17:09.944  INFO     RX        /ERR/LOKO/0x00000002
15:17:09.944  INFO     RX        /ERR/LOKO/0x00000002
15:17:09.944  INFO     RX        /ERR/LOKO/0x00000002
15:17:09.978  INFO     RX        /ERR/LOKO/0x00000002
15:17:10.008  INFO     RX        /ERR/LOKO/0x00000002
15:17:10.043  INFO     RX        /ERR/LOKO/0x00000002
15:17:10.072  INFO     RX        /ERR/LOKO/0x00000002
15:17:10.107  INFO     RX        /ERR/LOKO/0x00000002
15:17:10.171  INFO     RX        /ERR/LOKO/0x00000002
15:17:10.206  INFO     RX        /ERR/LOKO/0x00000002
15:17:10.234  INFO     RX        /ERR/LOKO/0x00000002
15:17:10.267  INFO     RX        /ERR/LOKO/0x00000002
15:17:10.332  INFO     RX        /ERR/LOKO/0x00000002
15:17:10.363  INFO     RX        /ERR/LOKO/0x00000002
15:17:10.393  INFO     RX        /ERR/LOKO/0x00000002
15:17:10.427  INFO     RX        /ERR/LOKO/0x00000002
15:17:10.457  INFO     RX        /ERR/LOKO/0x00000002
15:17:10.521  INFO     RX        /ERR/LOKO/0x00000002
15:17:10.555  INFO     RX        /ERR/LOKO/0x00000002
15:17:10.587  INFO     RX        /ERR/LOKO/0x00000002
15:17:10.621  INFO     RX        /ERR/LOKO/0x00000002
15:17:10.653  INFO     RX        /ERR/LOKO/0x00000002
15:17:10.714  INFO     RX        /ERR/LOKO/0x00000002
15:17:10.746  INFO     RX        /ERR/LOKO/0x00000002
15:17:10.781  INFO     RX        /ERR/LOKO/0x00000002
15:17:10.816  INFO     RX        /ERR/LOKO/0x00000002
15:17:10.843  INFO     RX        /ERR/LOKO/0x00000002
15:17:10.909  INFO     RX        /ERR/LOKO/0x00000002
15:17:10.943  INFO     RX        /ERR/LOKO/0x00000002
15:17:10.971  INFO     RX        /ERR/LOKO/0x00000002
15:17:11.007  INFO     RX        /ERR/LOKO/0x00000002
15:17:11.038  INFO     RX        /ERR/LOKO/0x00000002
15:17:11.102  INFO     RX        /ERR/LOKO/0x00000002
15:17:11.137  INFO     RX        /ERR/LOKO/0x00000002
15:17:11.166  INFO     RX        /ERR/LOKO/0x00000002
15:17:11.201  INFO     RX        /ERR/LOKO/0x00000002
15:17:11.235  INFO     RX        /ERR/LOKO/0x00000002
15:17:11.295  INFO     RX        /ERR/LOKO/0x00000002
15:17:11.325  DEBUG    TX /CONTROLL/-24,0,0,0,0,0,0,0,2
15:17:11.332  INFO     RX        /ERR/LOKO/0x00000002
15:17:11.360  INFO     RX        /ERR/LOKO/0x00000002
15:17:11.391  INFO     RX        /ERR/LOKO/0x00000002
15:17:11.427  INFO     RX        /ERR/LOKO/0x00000002
15:17:11.490  INFO     RX        /ERR/LOKO/0x00000002
15:17:11.523  INFO     RX        /ERR/LOKO/0x00000002
15:17:11.552  INFO     RX        /ERR/LOKO/0x00000002
15:17:11.584  INFO     RX        /ERR/LOKO/0x00000002
15:17:11.619  INFO     RX        /ERR/LOKO/0x00000002
15:17:11.684  INFO     RX        /ERR/LOKO/0x00000002
15:17:11.715  INFO     RX        /ERR/LOKO/0x00000002
15:17:11.843  INFO     RX        /ERR/LOKO/0x00000002
15:17:11.843  INFO     RX        /ERR/LOKO/0x00000002
15:17:11.843  INFO     RX        /ERR/LOKO/0x00000002
15:17:11.852  INFO     RX        /ERR/LOKO/0x00000002
15:17:11.907  INFO     RX        /ERR/LOKO/0x00000002
15:17:11.939  INFO     RX        /ERR/LOKO/0x00000002
15:17:11.974  INFO     RX        /ERR/LOKO/0x00000002
15:17:12.038  INFO     RX        /ERR/LOKO/0x00000002
15:17:12.067  INFO     RX        /ERR/LOKO/0x00000002
15:17:12.102  INFO     RX        /ERR/LOKO/0x00000002
15:17:12.132  INFO     RX        /ERR/LOKO/0x00000002
15:17:12.168  INFO     RX        /ERR/LOKO/0x00000002
15:17:12.232  INFO     RX        /ERR/LOKO/0x00000002
15:17:12.261  INFO     RX        /ERR/LOKO/0x00000002
15:17:12.296  INFO     RX        /ERR/LOKO/0x00000002
15:17:12.325  INFO     RX        /ERR/LOKO/0x00000002
15:17:12.361  INFO     RX        /ERR/LOKO/0x00000002
15:17:12.422  INFO     RX        /ERR/LOKO/0x00000002
15:17:12.457  INFO     RX        /ERR/LOKO/0x00000002
15:17:12.490  INFO     RX        /ERR/LOKO/0x00000002
15:17:12.522  INFO     RX        /ERR/LOKO/0x00000002
15:17:12.551  INFO     RX        /ERR/LOKO/0x00000002
15:17:12.618  INFO     RX        /ERR/LOKO/0x00000002
15:17:12.647  INFO     RX        /ERR/LOKO/0x00000002
15:17:12.685  INFO     RX        /ERR/LOKO/0x00000002
15:17:12.711  INFO     RX        /ERR/LOKO/0x00000002
15:17:12.747  INFO     RX        /ERR/LOKO/0x00000002
15:17:12.811  INFO     RX        /ERR/LOKO/0x00000002
15:17:12.840  INFO     RX        /ERR/LOKO/0x00000002
15:17:12.874  INFO     RX        /ERR/LOKO/0x00000002
15:17:12.904  INFO     RX        /ERR/LOKO/0x00000002
15:17:12.932  DEBUG    TX /CONTROLL/-24,0,0,0,0,0,0,0,2
15:17:12.938  INFO     RX        /ERR/LOKO/0x00000002
15:17:13.003  INFO     RX        /ERR/LOKO/0x00000002
15:17:13.032  INFO     RX        /ERR/LOKO/0x00000002
15:17:13.068  INFO     RX        /ERR/LOKO/0x00000002
15:17:13.096  INFO     RX        /ERR/LOKO/0x00000002
15:17:13.163  INFO     RX        /ERR/LOKO/0x00000002
15:17:13.192  INFO     RX        /ERR/LOKO/0x00000002
15:17:13.228  INFO     RX        /ERR/LOKO/0x00000002
15:17:13.257  INFO     RX        /ERR/LOKO/0x00000002
15:17:13.292  INFO     RX        /ERR/LOKO/0x00000002
15:17:13.357  INFO     RX        /ERR/LOKO/0x00000002
15:17:13.386  INFO     RX        /ERR/LOKO/0x00000002
15:17:13.418  INFO     RX        /ERR/LOKO/0x00000002
15:17:13.453  INFO     RX        /ERR/LOKO/0x00000002
15:17:13.486  INFO     RX        /ERR/LOKO/0x00000002
15:17:13.518  INFO     RX        /ERR/LOKO/0x00000002
15:17:13.582  INFO     RX        /ERR/LOKO/0x00000002
15:17:13.611  INFO     RX        /ERR/LOKO/0x00000002
15:17:13.659  INFO     RX        /ERR/LOKO/0x00000002
15:17:13.676  INFO     RX        /ERR/LOKO/0x00000002
15:17:13.744  INFO     RX        /ERR/LOKO/0x00000002
15:17:13.773  INFO     RX        /ERR/LOKO/0x00000002
15:17:13.807  INFO     RX        /ERR/LOKO/0x00000002
15:17:13.836  INFO     RX        /ERR/LOKO/0x00000002
15:17:13.872  INFO     RX        /ERR/LOKO/0x00000002
15:17:13.937  INFO     RX        /ERR/LOKO/0x00000002
15:17:13.969  INFO     RX        /ERR/LOKO/0x00000002
15:17:13.999  INFO     RX        /ERR/LOKO/0x00000002
15:17:14.033  INFO     RX        /ERR/LOKO/0x00000002
15:17:14.066  INFO     RX        /ERR/LOKO/0x00000002
15:17:14.099  INFO     RX        /ERR/LOKO/0x00000002
15:17:14.160  INFO     RX        /ERR/LOKO/0x00000002
15:17:14.195  INFO     RX        /ERR/LOKO/0x00000002
15:17:14.224  INFO     RX        /ERR/LOKO/0x00000002
15:17:14.259  INFO     RX        /ERR/LOKO/0x00000002
15:17:14.321  INFO     RX        /ERR/LOKO/0x00000002
15:17:14.464  INFO     RX        /ERR/LOKO/0x00000002
15:17:14.464  INFO     RX        /ERR/LOKO/0x00000002
15:17:14.464  INFO     RX        /ERR/LOKO/0x00000002
15:17:14.464  INFO     RX        /ERR/LOKO/0x00000002
15:17:14.517  INFO     RX        /ERR/LOKO/0x00000002
15:17:14.543  DEBUG    TX /CONTROLL/0,0,0,0,0,0,0,0,0
15:17:14.549  INFO     RX        /ERR/LOKO/0x00000002
15:17:14.549  INFO     RX        /ERR/LOKO/0x00000002
15:17:14.549  INFO     RX        /ERR/LOKO/0x00000002
15:17:14.578  INFO     RX        /ERR/LOKO/0x00000002
15:17:14.999  INFO     RX        /ERR/LOKO/0x00000002
15:17:15.033  INFO     RX        /ERR/LOKO/0x00000002
15:17:15.033  INFO     RX        /ERR/LOKO/0x00000002
15:17:15.033  INFO     RX        /ERR/LOKO/0x00000002
15:17:15.063  INFO     RX        /ERR/LOKO/0x00000002
15:17:15.063  INFO     RX        /ERR/LOKO/0x00000002
15:17:15.063  INFO     RX        /ERR/LOKO/0x00000002
15:17:15.098  INFO     RX        /ERR/LOKO/0x00000002
15:17:15.098  INFO     RX        /ERR/LOKO/0x00000002
15:17:15.098  INFO     RX        /ERR/LOKO/0x00000002
15:17:15.127  INFO     RX        /ERR/LOKO/0x00000002
15:17:15.128  INFO     RX        /ERR/LOKO/0x00000002
15:17:15.161  INFO     RX        /ERR/LOKO/0x00000002
15:17:15.161  INFO     RX        /ERR/LOKO/0x00000002
15:17:15.161  INFO     RX        /ERR/LOKO/0x00000002
15:17:15.195  INFO     RX        /ERR/LOKO/0x00000002
15:17:15.195  INFO     RX        /ERR/LOKO/0x00000002
15:17:15.195  INFO     RX        /ERR/LOKO/0x00000002
15:17:15.224  INFO     RX        /ERR/LOKO/0x00000002
15:17:15.224  INFO     RX        /ERR/LOKO/0x00000002
15:17:15.259  INFO     RX        /ERR/LOKO/0x00000002
15:17:15.259  INFO     RX        /ERR/LOKO/0x00000002
15:17:15.259  INFO     RX        /ERR/LOKO/0x00000002
15:17:15.287  INFO     RX        /ERR/LOKO/0x00000002
15:17:15.287  INFO     RX        /ERR/LOKO/0x00000002
15:17:15.287  INFO     RX        /ERR/LOKO/0x00000002
15:17:15.322  INFO     RX        /ERR/LOKO/0x00000002
15:17:15.322  INFO     RX        /ERR/LOKO/0x00000002
15:17:15.322  INFO     RX        /ERR/LOKO/0x00000002
15:17:15.352  INFO     RX        /ERR/LOKO/0x00000002
15:17:15.352  INFO     RX        /ERR/LOKO/0x00000002
15:17:15.383  INFO     RX        /ERR/LOKO/0x00000002
15:17:15.383  INFO     RX        /ERR/LOKO/0x00000002
15:17:15.383  INFO     RX        /ERR/LOKO/0x00000002
15:17:15.416  INFO     RX        /ERR/LOKO/0x00000002
15:17:15.416  INFO     RX        /ERR/LOKO/0x00000002
15:17:15.416  INFO     RX        /ERR/LOKO/0x00000002
15:17:15.452  INFO     RX        /ERR/LOKO/0x00000002
15:17:15.452  INFO     RX        /ERR/LOKO/0x00000002
15:17:15.452  INFO     RX        /ERR/LOKO/0x00000002
15:17:15.481  INFO     RX        /ERR/LOKO/0x00000002
15:17:15.482  INFO     RX        /ERR/LOKO/0x00000002
15:17:15.513  INFO     RX        /ERR/LOKO/0x00000002
15:17:15.513  INFO     RX        /ERR/LOKO/0x00000002
15:17:15.513  INFO     RX        /ERR/LOKO/0x00000002
15:17:15.546  INFO     RX        /ERR/LOKO/0x00000002
15:17:15.546  INFO     RX        /ERR/LOKO/0x00000002
15:17:15.546  INFO     RX        /ERR/LOKO/0x00000002
15:17:15.580  INFO     RX        /ERR/LOKO/0x00000002
15:17:15.581  INFO     RX        /ERR/LOKO/0x00000002
15:17:15.613  INFO     RX        /ERR/LOKO/0x00000002
15:17:15.614  INFO     RX        /ERR/LOKO/0x00000002
15:17:15.614  INFO     RX        /ERR/LOKO/0x00000002
15:17:15.642  INFO     RX        /ERR/LOKO/0x00000002
15:17:15.642  INFO     RX        /ERR/LOKO/0x00000002
15:17:15.642  INFO     RX        /ERR/LOKO/0x00000002
15:17:15.676  INFO     RX        /ERR/LOKO/0x00000002
15:17:15.709  INFO     RX        /ERR/LOKO/0x00000002
15:17:15.741  INFO     RX        /ERR/LOKO/0x00000002
15:17:15.770  INFO     RX        /ERR/LOKO/0x00000002
15:17:15.835  INFO     RX        /ERR/LOKO/0x00000002
15:17:15.870  INFO     RX        /ERR/LOKO/0x00000002
15:17:15.899  INFO     RX        /ERR/LOKO/0x00000002
15:17:15.934  INFO     RX        /ERR/LOKO/0x00000002
15:17:15.963  INFO     RX        /ERR/LOKO/0x00000002
15:17:16.000  INFO     RX        /ERR/LOKO/0x00000002
15:17:16.063  INFO     RX        /ERR/LOKO/0x00000002
15:17:16.092  INFO     RX        /ERR/LOKO/0x00000002
15:17:16.130  INFO     RX        /ERR/LOKO/0x00000002
15:17:16.154  DEBUG    TX /CONTROLL/-100,0,0,0,0,0,0,0,2
15:17:16.156  INFO     RX        /ERR/LOKO/0x00000002
15:17:16.221  INFO     RX        /ERR/LOKO/0x00000002
15:17:16.258  INFO     RX        /ERR/LOKO/0x00000002
15:17:16.287  INFO     RX        /ERR/LOKO/0x00000002
15:17:16.325  INFO     RX        /ERR/LOKO/0x00000002
15:17:16.352  INFO     RX        /ERR/LOKO/0x00000002
15:17:16.417  INFO     RX        /ERR/LOKO/0x00000002
15:17:16.448  INFO     RX        /ERR/LOKO/0x00000002
15:17:16.483  INFO     RX        /ERR/LOKO/0x00000002
15:17:16.511  INFO     RX        /ERR/LOKO/0x00000002
15:17:16.546  INFO     RX        /ERR/LOKO/0x00000002
15:17:16.610  INFO     RX        /ERR/LOKO/0x00000002
15:17:16.639  INFO     RX        /ERR/LOKO/0x00000002
15:17:16.640  INFO     RX        /ERR/LOKO/0x00000002
15:17:16.672  INFO     RX        /ERR/LOKO/0x00000002
15:17:16.672  INFO     RX        /ERR/LOKO/0x00000002
15:17:16.672  INFO     RX        /ERR/LOKO/0x00000002
15:17:16.708  INFO     RX        /ERR/LOKO/0x00000002
15:17:16.708  INFO     RX        /ERR/LOKO/0x00000002
15:17:16.708  INFO     RX        /ERR/LOKO/0x00000002
15:17:16.735  INFO     RX        /ERR/LOKO/0x00000002
15:17:16.735  INFO     RX        /ERR/LOKO/0x00000002
15:17:16.771  INFO     RX        /ERR/LOKO/0x00000002
15:17:16.771  INFO     RX        /ERR/LOKO/0x00000002
15:17:16.771  INFO     RX        /ERR/LOKO/0x00000002
15:17:16.800  INFO     RX        /ERR/LOKO/0x00000002
15:17:16.800  INFO     RX        /ERR/LOKO/0x00000002
15:17:16.800  INFO     RX        /ERR/LOKO/0x00000002
15:17:16.835  INFO     RX        /ERR/LOKO/0x00000002
15:17:16.835  INFO     RX        /ERR/LOKO/0x00000002
15:17:16.835  INFO     RX        /ERR/LOKO/0x00000002
15:17:16.864  INFO     RX        /ERR/LOKO/0x00000002
15:17:16.864  INFO     RX        /ERR/LOKO/0x00000002
15:17:16.900  INFO     RX        /ERR/LOKO/0x00000002
15:17:16.900  INFO     RX        /ERR/LOKO/0x00000002
15:17:16.900  INFO     RX        /ERR/LOKO/0x00000002
15:17:16.929  INFO     RX        /ERR/LOKO/0x00000002
15:17:16.929  INFO     RX        /ERR/LOKO/0x00000002
15:17:16.929  INFO     RX        /ERR/LOKO/0x00000002
15:17:17.048  INFO     RX        /ERR/LOKO/0x00000002
15:17:17.048  INFO     RX        /ERR/LOKO/0x00000002
15:17:17.048  INFO     RX        /ERR/LOKO/0x00000002
15:17:17.048  INFO     RX        /ERR/LOKO/0x00000002
15:17:17.048  INFO     RX        /ERR/LOKO/0x00000002
15:17:17.048  INFO     RX        /ERR/LOKO/0x00000002
15:17:17.048  INFO     RX        /ERR/LOKO/0x00000002
15:17:17.048  INFO     RX        /ERR/LOKO/0x00000002
15:17:17.067  INFO     RX        /ERR/LOKO/0x00000002
15:17:17.067  INFO     RX        /ERR/LOKO/0x00000002
15:17:17.067  INFO     RX        /ERR/LOKO/0x00000002
15:17:17.067  INFO     RX        /ERR/LOKO/0x00000002
15:17:17.092  INFO     RX        /ERR/LOKO/0x00000002
15:17:17.126  INFO     RX        /ERR/LOKO/0x00000002
15:17:17.158  INFO     RX        /ERR/LOKO/0x00000002
15:17:17.224  INFO     RX        /ERR/LOKO/0x00000002
15:17:17.254  INFO     RX        /ERR/LOKO/0x00000002
15:17:17.288  INFO     RX        /ERR/LOKO/0x00000002
15:17:17.322  INFO     RX        /ERR/LOKO/0x00000002
15:17:17.354  INFO     RX        /ERR/LOKO/0x00000002
15:17:17.416  INFO     RX        /ERR/LOKO/0x00000002
15:17:17.450  INFO     RX        /ERR/LOKO/0x00000002
15:17:17.480  INFO     RX        /ERR/LOKO/0x00000002
15:17:17.515  INFO     RX        /ERR/LOKO/0x00000002
15:17:17.544  INFO     RX        /ERR/LOKO/0x00000002
15:17:17.609  INFO     RX        /ERR/LOKO/0x00000002
15:17:17.642  INFO     RX        /ERR/LOKO/0x00000002
15:17:17.673  INFO     RX        /ERR/LOKO/0x00000002
15:17:17.708  INFO     RX        /ERR/LOKO/0x00000002
15:17:17.737  INFO     RX        /ERR/LOKO/0x00000002
15:17:17.766  DEBUG    TX /CONTROLL/27,0,0,0,0,0,0,0,2
15:17:17.802  INFO     RX        /ERR/LOKO/0x00000002
15:17:17.835  INFO     RX        /ERR/LOKO/0x00000002
15:17:17.871  INFO     RX        /ERR/LOKO/0x00000002
15:17:17.901  INFO     RX        /ERR/LOKO/0x00000002
15:17:17.932  INFO     RX        /ERR/LOKO/0x00000002
15:17:17.998  INFO     RX        /ERR/LOKO/0x00000002
15:17:18.030  INFO     RX        /ERR/LOKO/0x00000002
15:17:18.060  INFO     RX        /ERR/LOKO/0x00000002
15:17:18.094  INFO     RX        /ERR/LOKO/0x00000002
15:17:18.123  INFO     RX        /ERR/LOKO/0x00000002
15:17:18.190  INFO     RX        /ERR/LOKO/0x00000002
15:17:18.226  INFO     RX        /ERR/LOKO/0x00000002
15:17:18.253  INFO     RX        /ERR/LOKO/0x00000002
15:17:18.285  INFO     RX        /ERR/LOKO/0x00000002
15:17:18.320  INFO     RX        /ERR/LOKO/0x00000002
15:17:18.386  INFO     RX        /ERR/LOKO/0x00000002
15:17:18.414  INFO     RX        /ERR/LOKO/0x00000002
15:17:18.449  INFO     RX        /ERR/LOKO/0x00000002
15:17:18.482  INFO     RX        /ERR/LOKO/0x00000002
15:17:18.515  INFO     RX        /ERR/LOKO/0x00000002
15:17:18.581  INFO     RX        /ERR/LOKO/0x00000002
15:17:18.614  INFO     RX        /ERR/LOKO/0x00000002
15:17:18.646  INFO     RX        /ERR/LOKO/0x00000002
15:17:18.678  INFO     RX        /ERR/LOKO/0x00000002
15:17:18.707  INFO     RX        /ERR/LOKO/0x00000002
15:17:18.771  INFO     RX        /ERR/LOKO/0x00000002
15:17:18.807  INFO     RX        /ERR/LOKO/0x00000002
15:17:18.837  INFO     RX        /ERR/LOKO/0x00000002
15:17:18.872  INFO     RX        /ERR/LOKO/0x00000002
15:17:18.902  INFO     RX        /ERR/LOKO/0x00000002
15:17:18.965  INFO     RX        /ERR/LOKO/0x00000002
15:17:18.997  INFO     RX        /ERR/LOKO/0x00000002
15:17:19.034  INFO     RX        /ERR/LOKO/0x00000002
15:17:19.061  INFO     RX        /ERR/LOKO/0x00000002
15:17:19.094  INFO     RX        /ERR/LOKO/0x00000002
15:17:19.156  INFO     RX        /ERR/LOKO/0x00000002
15:17:19.191  INFO     RX        /ERR/LOKO/0x00000002
15:17:19.221  INFO     RX        /ERR/LOKO/0x00000002
15:17:19.253  INFO     RX        /ERR/LOKO/0x00000002
15:17:19.289  INFO     RX        /ERR/LOKO/0x00000002
15:17:19.352  INFO     RX        /ERR/LOKO/0x00000002
15:17:19.381  DEBUG    TX /CONTROLL/27,0,0,0,0,0,0,0,2
15:17:19.384  INFO     RX        /ERR/LOKO/0x00000002
15:17:19.419  INFO     RX        /ERR/LOKO/0x00000002
15:17:19.449  INFO     RX        /ERR/LOKO/0x00000002
15:17:19.486  INFO     RX        /ERR/LOKO/0x00000002
15:17:19.634  INFO     RX        /ERR/LOKO/0x00000002
15:17:19.634  INFO     RX        /ERR/LOKO/0x00000002
15:17:19.634  INFO     RX        /ERR/LOKO/0x00000002
15:17:19.634  INFO     RX        /ERR/LOKO/0x00000002
15:17:19.676  INFO     RX        /ERR/LOKO/0x00000002
15:17:19.712  INFO     RX        /ERR/LOKO/0x00000002
15:17:19.775  INFO     RX        /ERR/LOKO/0x00000002
15:17:19.805  INFO     RX        /ERR/LOKO/0x00000002
15:17:19.841  INFO     RX        /ERR/LOKO/0x00000002
15:17:19.870  INFO     RX        /ERR/LOKO/0x00000002
15:17:19.906  INFO     RX        /ERR/LOKO/0x00000002
15:17:19.967  INFO     RX        /ERR/LOKO/0x00000002
15:17:20.002  INFO     RX        /ERR/LOKO/0x00000002
15:17:20.031  INFO     RX        /ERR/LOKO/0x00000002
15:17:20.067  INFO     RX        /ERR/LOKO/0x00000002
15:17:20.132  INFO     RX        /ERR/LOKO/0x00000002
15:17:20.159  INFO     RX        /ERR/LOKO/0x00000002
15:17:20.194  INFO     RX        /ERR/LOKO/0x00000002
15:17:20.224  INFO     RX        /ERR/LOKO/0x00000002
15:17:20.260  INFO     RX        /ERR/LOKO/0x00000002
15:17:20.324  INFO     RX        /ERR/LOKO/0x00000002
15:17:20.358  INFO     RX        /ERR/LOKO/0x00000002
15:17:20.387  INFO     RX        /ERR/LOKO/0x00000002
15:17:20.422  INFO     RX        /ERR/LOKO/0x00000002
15:17:20.453  INFO     RX        /ERR/LOKO/0x00000002
15:17:20.489  INFO     RX        /ERR/LOKO/0x00000002
15:17:20.553  INFO     RX        /ERR/LOKO/0x00000002
15:17:20.586  INFO     RX        /ERR/LOKO/0x00000002
15:17:20.621  INFO     RX        /ERR/LOKO/0x00000002
15:17:20.650  INFO     RX        /ERR/LOKO/0x00000002
15:17:20.682  INFO     RX        /ERR/LOKO/0x00000002
15:17:20.746  INFO     RX        /ERR/LOKO/0x00000002
15:17:20.779  INFO     RX        /ERR/LOKO/0x00000002
15:17:20.811  INFO     RX        /ERR/LOKO/0x00000002
15:17:20.846  INFO     RX        /ERR/LOKO/0x00000002
15:17:20.875  INFO     RX        /ERR/LOKO/0x00000002
15:17:20.939  INFO     RX        /ERR/LOKO/0x00000002
15:17:20.974  INFO     RX        /ERR/LOKO/0x00000002
15:17:20.999  DEBUG    TX /CONTROLL/23,0,0,0,0,0,0,0,2
15:17:21.003  INFO     RX        /ERR/LOKO/0x00000002
15:17:21.038  INFO     RX        /ERR/LOKO/0x00000002
15:17:21.067  INFO     RX        /ERR/LOKO/0x00000002
15:17:21.130  INFO     RX        /ERR/LOKO/0x00000002
15:17:21.165  INFO     RX        /ERR/LOKO/0x00000002
15:17:21.198  INFO     RX        /ERR/LOKO/0x00000002
15:17:21.228  INFO     RX        /ERR/LOKO/0x00000002
15:17:21.264  INFO     RX        /ERR/LOKO/0x00000002
15:17:21.328  INFO     RX        /ERR/LOKO/0x00000002
15:17:21.357  INFO     RX        /ERR/LOKO/0x00000002
15:17:21.390  INFO     RX        /ERR/LOKO/0x00000002
15:17:21.425  INFO     RX        /ERR/LOKO/0x00000002
15:17:21.455  INFO     RX        /ERR/LOKO/0x00000002
15:17:21.523  INFO     RX        /ERR/LOKO/0x00000002
15:17:21.551  INFO     RX        /ERR/LOKO/0x00000002
15:17:21.588  INFO     RX        /ERR/LOKO/0x00000002
15:17:21.615  INFO     RX        /ERR/LOKO/0x00000002
15:17:21.684  INFO     RX        /ERR/LOKO/0x00000002
15:17:21.712  INFO     RX        /ERR/LOKO/0x00000002
15:17:21.745  INFO     RX        /ERR/LOKO/0x00000002
15:17:21.779  INFO     RX        /ERR/LOKO/0x00000002
15:17:21.815  INFO     RX        /ERR/LOKO/0x00000002
15:17:21.845  INFO     RX        /ERR/LOKO/0x00000002
15:17:21.907  INFO     RX        /ERR/LOKO/0x00000002
15:17:21.940  INFO     RX        /ERR/LOKO/0x00000002
15:17:21.974  INFO     RX        /ERR/LOKO/0x00000002
15:17:22.007  INFO     RX        /ERR/LOKO/0x00000002
15:17:22.036  INFO     RX        /ERR/LOKO/0x00000002
15:17:22.103  INFO     RX        /ERR/LOKO/0x00000002
15:17:22.225  INFO     RX        /ERR/LOKO/0x00000002
15:17:22.225  INFO     RX        /ERR/LOKO/0x00000002
15:17:22.225  INFO     RX        /ERR/LOKO/0x00000002
15:17:22.228  INFO     RX        /ERR/LOKO/0x00000002
15:17:22.294  INFO     RX        /ERR/LOKO/0x00000002
15:17:22.294  INFO     RX        /ERR/LOKO/0x00000002
15:17:22.294  INFO     RX        /ERR/LOKO/0x00000002
15:17:22.324  INFO     RX        /ERR/LOKO/0x00000002
15:17:22.611  DEBUG    TX /CONTROLL/0,0,0,0,0,0,0,0,0
15:17:22.973  INFO     RX        /ERR/LOKO/0x00000002
15:17:23.006  INFO     RX        /ERR/LOKO/0x00000002
15:17:23.006  INFO     RX        /ERR/LOKO/0x00000002
15:17:23.006  INFO     RX        /ERR/LOKO/0x00000002
15:17:23.038  INFO     RX        /ERR/LOKO/0x00000002
15:17:23.038  INFO     RX        /ERR/LOKO/0x00000002
15:17:23.038  INFO     RX        /ERR/LOKO/0x00000002
15:17:23.071  INFO     RX        /ERR/LOKO/0x00000002
15:17:23.071  INFO     RX        /ERR/LOKO/0x00000002
15:17:23.071  INFO     RX        /ERR/LOKO/0x00000002
15:17:23.101  INFO     RX        /ERR/LOKO/0x00000002
15:17:23.101  INFO     RX        /ERR/LOKO/0x00000002
15:17:23.135  INFO     RX        /ERR/LOKO/0x00000002
15:17:23.135  INFO     RX        /ERR/LOKO/0x00000002
15:17:23.135  INFO     RX        /ERR/LOKO/0x00000002
15:17:23.164  INFO     RX        /ERR/LOKO/0x00000002
15:17:23.164  INFO     RX        /ERR/LOKO/0x00000002
15:17:23.164  INFO     RX        /ERR/LOKO/0x00000002
15:17:23.200  INFO     RX        /ERR/LOKO/0x00000002
15:17:23.200  INFO     RX        /ERR/LOKO/0x00000002
15:17:23.200  INFO     RX        /ERR/LOKO/0x00000002
15:17:23.228  INFO     RX        /ERR/LOKO/0x00000002
15:17:23.228  INFO     RX        /ERR/LOKO/0x00000002
15:17:23.260  INFO     RX        /ERR/LOKO/0x00000002
15:17:23.260  INFO     RX        /ERR/LOKO/0x00000002
15:17:23.260  INFO     RX        /ERR/LOKO/0x00000002
15:17:23.295  INFO     RX        /ERR/LOKO/0x00000002
15:17:23.295  INFO     RX        /ERR/LOKO/0x00000002
15:17:23.295  INFO     RX        /ERR/LOKO/0x00000002
15:17:23.325  INFO     RX        /ERR/LOKO/0x00000002
15:17:23.325  INFO     RX        /ERR/LOKO/0x00000002
15:17:23.359  INFO     RX        /ERR/LOKO/0x00000002
15:17:23.359  INFO     RX        /ERR/LOKO/0x00000002
15:17:23.359  INFO     RX        /ERR/LOKO/0x00000002
15:17:23.388  INFO     RX        /ERR/LOKO/0x00000002
15:17:23.388  INFO     RX        /ERR/LOKO/0x00000002
15:17:23.388  INFO     RX        /ERR/LOKO/0x00000002
15:17:23.424  INFO     RX        /ERR/LOKO/0x00000002
15:17:23.424  INFO     RX        /ERR/LOKO/0x00000002
15:17:23.424  INFO     RX        /ERR/LOKO/0x00000002
15:17:23.454  INFO     RX        /ERR/LOKO/0x00000002
15:17:23.454  INFO     RX        /ERR/LOKO/0x00000002
15:17:23.487  INFO     RX        /ERR/LOKO/0x00000002
15:17:23.487  INFO     RX        /ERR/LOKO/0x00000002
15:17:23.488  INFO     RX        /ERR/LOKO/0x00000002
15:17:23.519  INFO     RX        /ERR/LOKO/0x00000002
15:17:23.519  INFO     RX        /ERR/LOKO/0x00000002
15:17:23.519  INFO     RX        /ERR/LOKO/0x00000002
15:17:23.553  INFO     RX        /ERR/LOKO/0x00000002
15:17:23.553  INFO     RX        /ERR/LOKO/0x00000002
15:17:23.553  INFO     RX        /ERR/LOKO/0x00000002
15:17:23.587  INFO     RX        /ERR/LOKO/0x00000002
15:17:23.587  INFO     RX        /ERR/LOKO/0x00000002
15:17:23.587  INFO     RX        /ERR/LOKO/0x00000002
15:17:23.615  INFO     RX        /ERR/LOKO/0x00000002
15:17:23.615  INFO     RX        /ERR/LOKO/0x00000002
15:17:23.650  INFO     RX        /ERR/LOKO/0x00000002
15:17:23.650  INFO     RX        /ERR/LOKO/0x00000002
15:17:23.650  INFO     RX        /ERR/LOKO/0x00000002
15:17:23.680  INFO     RX        /ERR/LOKO/0x00000002
15:17:23.680  INFO     RX        /ERR/LOKO/0x00000002
15:17:23.680  INFO     RX        /ERR/LOKO/0x00000002
15:17:23.714  INFO     RX        /ERR/LOKO/0x00000002
15:17:23.714  INFO     RX        /ERR/LOKO/0x00000002
15:17:23.744  INFO     RX        /ERR/LOKO/0x00000002
15:17:23.744  INFO     RX        /ERR/LOKO/0x00000002
15:17:23.744  INFO     RX        /ERR/LOKO/0x00000002
15:17:23.778  INFO     RX        /ERR/LOKO/0x00000002
15:17:23.778  INFO     RX        /ERR/LOKO/0x00000002
15:17:23.778  INFO     RX        /ERR/LOKO/0x00000002
15:17:23.807  INFO     RX        /ERR/LOKO/0x00000002
15:17:23.807  INFO     RX        /ERR/LOKO/0x00000002
15:17:23.842  INFO     RX        /ERR/LOKO/0x00000002
15:17:23.842  INFO     RX        /ERR/LOKO/0x00000002
15:17:23.842  INFO     RX        /ERR/LOKO/0x00000002
15:17:23.872  INFO     RX        /ERR/LOKO/0x00000002
15:17:23.872  INFO     RX        /ERR/LOKO/0x00000002
15:17:23.872  INFO     RX        /ERR/LOKO/0x00000002
15:17:23.907  INFO     RX        /ERR/LOKO/0x00000002
15:17:23.907  INFO     RX        /ERR/LOKO/0x00000002
15:17:23.907  INFO     RX        /ERR/LOKO/0x00000002
15:17:23.936  INFO     RX        /ERR/LOKO/0x00000002
15:17:23.937  INFO     RX        /ERR/LOKO/0x00000002
15:17:23.969  INFO     RX        /ERR/LOKO/0x00000002
15:17:23.969  INFO     RX        /ERR/LOKO/0x00000002
15:17:23.970  INFO     RX        /ERR/LOKO/0x00000002
15:17:24.006  INFO     RX        /ERR/LOKO/0x00000002
15:17:24.006  INFO     RX        /ERR/LOKO/0x00000002
15:17:24.006  INFO     RX        /ERR/LOKO/0x00000002
15:17:24.038  INFO     RX        /ERR/LOKO/0x00000002
15:17:24.038  INFO     RX        /ERR/LOKO/0x00000002
15:17:24.038  INFO     RX        /ERR/LOKO/0x00000002
15:17:24.070  INFO     RX        /ERR/LOKO/0x00000002
15:17:24.070  INFO     RX        /ERR/LOKO/0x00000002
15:17:24.070  INFO     RX        /ERR/LOKO/0x00000002
15:17:24.100  INFO     RX        /ERR/LOKO/0x00000002
15:17:24.100  INFO     RX        /ERR/LOKO/0x00000002
15:17:24.100  INFO     RX        /ERR/LOKO/0x00000002
15:17:24.136  INFO     RX        /ERR/LOKO/0x00000002
15:17:24.136  INFO     RX        /ERR/LOKO/0x00000002
15:17:24.136  INFO     RX        /ERR/LOKO/0x00000002
15:17:24.164  INFO     RX        /ERR/LOKO/0x00000002
15:17:24.165  INFO     RX        /ERR/LOKO/0x00000002
15:17:24.198  INFO     RX        /ERR/LOKO/0x00000002
15:17:24.199  INFO     RX        /ERR/LOKO/0x00000002
15:17:24.199  INFO     RX        /ERR/LOKO/0x00000002
15:17:24.225  DEBUG    TX /CONTROLL/0,0,0,0,0,0,0,0,0
15:17:24.228  INFO     RX        /ERR/LOKO/0x00000002
15:17:24.228  INFO     RX        /ERR/LOKO/0x00000002
15:17:24.229  INFO     RX        /ERR/LOKO/0x00000002
15:17:24.260  INFO     RX        /ERR/LOKO/0x00000002
15:17:24.260  INFO     RX        /ERR/LOKO/0x00000002
15:17:24.296  INFO     RX        /ERR/LOKO/0x00000002
15:17:24.296  INFO     RX        /ERR/LOKO/0x00000002
15:17:24.296  INFO     RX        /ERR/LOKO/0x00000002
15:17:24.325  INFO     RX        /ERR/LOKO/0x00000002
15:17:24.325  INFO     RX        /ERR/LOKO/0x00000002
15:17:24.325  INFO     RX        /ERR/LOKO/0x00000002
15:17:24.362  INFO     RX        /ERR/LOKO/0x00000002
15:17:24.362  INFO     RX        /ERR/LOKO/0x00000002
15:17:24.362  INFO     RX        /ERR/LOKO/0x00000002
15:17:24.392  INFO     RX        /ERR/LOKO/0x00000002
15:17:24.392  INFO     RX        /ERR/LOKO/0x00000002
15:17:24.392  INFO     RX        /ERR/LOKO/0x00000002
15:17:24.428  INFO     RX        /ERR/LOKO/0x00000002
15:17:24.428  INFO     RX        /ERR/LOKO/0x00000002
15:17:24.428  INFO     RX        /ERR/LOKO/0x00000002
15:17:24.454  INFO     RX        /ERR/LOKO/0x00000002
15:17:24.454  INFO     RX        /ERR/LOKO/0x00000002
15:17:24.490  INFO     RX        /ERR/LOKO/0x00000002
15:17:24.490  INFO     RX        /ERR/LOKO/0x00000002
15:17:24.490  INFO     RX        /ERR/LOKO/0x00000002
15:17:24.520  INFO     RX        /ERR/LOKO/0x00000002
15:17:24.520  INFO     RX        /ERR/LOKO/0x00000002
15:17:24.520  INFO     RX        /ERR/LOKO/0x00000002
15:17:24.556  INFO     RX        /ERR/LOKO/0x00000002
15:17:24.556  INFO     RX        /ERR/LOKO/0x00000002
15:17:24.556  INFO     RX        /ERR/LOKO/0x00000002
15:17:24.584  INFO     RX        /ERR/LOKO/0x00000002
15:17:24.584  INFO     RX        /ERR/LOKO/0x00000002
15:17:24.619  INFO     RX        /ERR/LOKO/0x00000002
15:17:24.619  INFO     RX        /ERR/LOKO/0x00000002
15:17:24.619  INFO     RX        /ERR/LOKO/0x00000002
15:17:24.648  INFO     RX        /ERR/LOKO/0x00000002
15:17:24.648  INFO     RX        /ERR/LOKO/0x00000002
15:17:24.648  INFO     RX        /ERR/LOKO/0x00000002
15:17:24.680  INFO     RX        /ERR/LOKO/0x00000002
15:17:24.681  INFO     RX        /ERR/LOKO/0x00000002
15:17:24.681  INFO     RX        /ERR/LOKO/0x00000002
15:17:24.716  INFO     RX        /ERR/LOKO/0x00000002
15:17:24.716  INFO     RX        /ERR/LOKO/0x00000002
15:17:24.716  INFO     RX        /ERR/LOKO/0x00000002
15:17:24.745  INFO     RX        /ERR/LOKO/0x00000002
15:17:24.745  INFO     RX        /ERR/LOKO/0x00000002
15:17:24.778  INFO     RX        /ERR/LOKO/0x00000002
15:17:24.778  INFO     RX        /ERR/LOKO/0x00000002
15:17:24.778  INFO     RX        /ERR/LOKO/0x00000002
15:17:24.928  INFO     RX        /ERR/LOKO/0x00000002
15:17:24.929  INFO     RX        /ERR/LOKO/0x00000002
15:17:24.929  INFO     RX        /ERR/LOKO/0x00000002
15:17:24.929  INFO     RX        /ERR/LOKO/0x00000002
15:17:24.929  INFO     RX        /ERR/LOKO/0x00000002
15:17:24.929  INFO     RX        /ERR/LOKO/0x00000002
15:17:24.929  INFO     RX        /ERR/LOKO/0x00000002
15:17:24.929  INFO     RX        /ERR/LOKO/0x00000002
15:17:24.930  INFO     RX        /ERR/LOKO/0x00000002
15:17:24.930  INFO     RX        /ERR/LOKO/0x00000002
15:17:24.930  INFO     RX        /ERR/LOKO/0x00000002
15:17:24.930  INFO     RX        /ERR/LOKO/0x00000002
15:17:24.931  INFO     RX        /ERR/LOKO/0x00000002
15:17:24.935  INFO     RX        /ERR/LOKO/0x00000002
15:17:24.974  INFO     RX        /ERR/LOKO/0x00000002
15:17:24.975  INFO     RX        /ERR/LOKO/0x00000002
15:17:24.975  INFO     RX        /ERR/LOKO/0x00000002
15:17:25.004  INFO     RX        /ERR/LOKO/0x00000002
15:17:25.004  INFO     RX        /ERR/LOKO/0x00000002
15:17:25.039  INFO     RX        /ERR/LOKO/0x00000002
15:17:25.039  INFO     RX        /ERR/LOKO/0x00000002
15:17:25.039  INFO     RX        /ERR/LOKO/0x00000002
15:17:25.069  INFO     RX        /ERR/LOKO/0x00000002
15:17:25.069  INFO     RX        /ERR/LOKO/0x00000002
15:17:25.069  INFO     RX        /ERR/LOKO/0x00000002
15:17:25.103  INFO     RX        /ERR/LOKO/0x00000002
15:17:25.103  INFO     RX        /ERR/LOKO/0x00000002
15:17:25.103  INFO     RX        /ERR/LOKO/0x00000002
15:17:25.133  INFO     RX        /ERR/LOKO/0x00000002
15:17:25.133  INFO     RX        /ERR/LOKO/0x00000002
15:17:25.134  INFO     RX        /ERR/LOKO/0x00000002
15:17:25.169  INFO     RX        /ERR/LOKO/0x00000002
15:17:25.169  INFO     RX        /ERR/LOKO/0x00000002
15:17:25.169  INFO     RX        /ERR/LOKO/0x00000002
15:17:25.201  INFO     RX        /ERR/LOKO/0x00000002
15:17:25.201  INFO     RX        /ERR/LOKO/0x00000002
15:17:25.235  INFO     RX        /ERR/LOKO/0x00000002
15:17:25.235  INFO     RX        /ERR/LOKO/0x00000002
15:17:25.423  INFO     RX        /BATTERY/VDDA/12859 mV
15:17:25.423  INFO     RX        === Hexapod Mainboard ===
15:17:25.423  INFO     RX        PCA9685 Right: OK
15:17:25.455  INFO     RX        PCA9685 Left:  OK
15:17:25.455  INFO     RX        LSM6DSO IMU:   OK
15:17:25.623  INFO     RX        VL53L1X ToF:   OK
15:17:25.653  INFO     RX        Locomotion:    INIT (UN_ARMED, printf mode)
15:17:25.680  INFO     RX        Press L1 to arm, R1 to disarm at any time.
15:17:25.680  INFO     RX        Ready.
15:17:25.838  DEBUG    TX /CONTROLL/0,0,0,0,0,0,0,0,0
15:17:27.444  DEBUG    TX /CONTROLL/0,0,0,0,0,0,0,0,0
15:17:27.833  INFO     RX        /ERR/LOKO/0x00000002
15:17:27.864  INFO     RX        /ERR/LOKO/0x00000002
15:17:27.864  INFO     RX        /ERR/LOKO/0x00000002
15:17:27.864  INFO     RX        /ERR/LOKO/0x00000002
15:17:27.897  INFO     RX        /ERR/LOKO/0x00000002
15:17:27.897  INFO     RX        /ERR/LOKO/0x00000002
15:17:27.931  INFO     RX        /ERR/LOKO/0x00000002
15:17:27.931  INFO     RX        /ERR/LOKO/0x00000002
15:17:27.931  INFO     RX        /ERR/LOKO/0x00000002
15:17:27.961  INFO     RX        /ERR/LOKO/0x00000002
15:17:27.961  INFO     RX        /ERR/LOKO/0x00000002
15:17:27.961  INFO     RX        /ERR/LOKO/0x00000002
15:17:27.996  INFO     RX        /ERR/LOKO/0x00000002
15:17:27.996  INFO     RX        /ERR/LOKO/0x00000002
15:17:27.996  INFO     RX        /ERR/LOKO/0x00000002
15:17:28.028  INFO     RX        /ERR/LOKO/0x00000002
15:17:28.029  INFO     RX        /ERR/LOKO/0x00000002
15:17:28.029  INFO     RX        /ERR/LOKO/0x00000002
15:17:28.061  INFO     RX        /ERR/LOKO/0x00000002
15:17:28.061  INFO     RX        /ERR/LOKO/0x00000002
15:17:28.095  INFO     RX        /ERR/LOKO/0x00000002
15:17:28.095  INFO     RX        /ERR/LOKO/0x00000002
15:17:28.095  INFO     RX        /ERR/LOKO/0x00000002
15:17:28.124  INFO     RX        /ERR/LOKO/0x00000002
15:17:28.124  INFO     RX        /ERR/LOKO/0x00000002
15:17:28.124  INFO     RX        /ERR/LOKO/0x00000002
15:17:28.157  INFO     RX        /ERR/LOKO/0x00000002
15:17:28.157  INFO     RX        /ERR/LOKO/0x00000002
15:17:28.157  INFO     RX        /ERR/LOKO/0x00000002
15:17:28.192  INFO     RX        /ERR/LOKO/0x00000002
15:17:28.193  INFO     RX        /ERR/LOKO/0x00000002
15:17:28.193  INFO     RX        /ERR/LOKO/0x00000002
15:17:28.221  INFO     RX        /ERR/LOKO/0x00000002
15:17:28.221  INFO     RX        /ERR/LOKO/0x00000002
15:17:28.253  INFO     RX        /ERR/LOKO/0x00000002
15:17:28.253  INFO     RX        /ERR/LOKO/0x00000002
15:17:28.253  INFO     RX        /ERR/LOKO/0x00000002
15:17:28.288  INFO     RX        /ERR/LOKO/0x00000002
15:17:28.288  INFO     RX        /ERR/LOKO/0x00000002
15:17:28.288  INFO     RX        /ERR/LOKO/0x00000002
15:17:28.321  INFO     RX        /ERR/LOKO/0x00000002
15:17:28.321  INFO     RX        /ERR/LOKO/0x00000002
15:17:28.353  INFO     RX        /ERR/LOKO/0x00000002
15:17:28.353  INFO     RX        /ERR/LOKO/0x00000002
15:17:28.353  INFO     RX        /ERR/LOKO/0x00000002
15:17:28.387  INFO     RX        /ERR/LOKO/0x00000002
15:17:28.387  INFO     RX        /ERR/LOKO/0x00000002
15:17:28.387  INFO     RX        /ERR/LOKO/0x00000002
15:17:28.415  INFO     RX        /ERR/LOKO/0x00000002
15:17:28.415  INFO     RX        /ERR/LOKO/0x00000002
15:17:28.447  INFO     RX        /ERR/LOKO/0x00000002
15:17:28.447  INFO     RX        /ERR/LOKO/0x00000002
15:17:28.447  INFO     RX        /ERR/LOKO/0x00000002
15:17:28.482  INFO     RX        /ERR/LOKO/0x00000002
15:17:28.482  INFO     RX        /ERR/LOKO/0x00000002
15:17:28.482  INFO     RX        /ERR/LOKO/0x00000002
15:17:28.514  INFO     RX        /ERR/LOKO/0x00000002
15:17:28.514  INFO     RX        /ERR/LOKO/0x00000002
15:17:28.514  INFO     RX        /ERR/LOKO/0x00000002
15:17:28.544  INFO     RX        /ERR/LOKO/0x00000002
15:17:28.544  INFO     RX        /ERR/LOKO/0x00000002
15:17:28.576  INFO     RX        /ERR/LOKO/0x00000002
15:17:28.577  INFO     RX        /ERR/LOKO/0x00000002
15:17:28.577  INFO     RX        /ERR/LOKO/0x00000002
15:17:28.611  INFO     RX        /ERR/LOKO/0x00000002
15:17:28.611  INFO     RX        /ERR/LOKO/0x00000002
15:17:28.611  INFO     RX        /ERR/LOKO/0x00000002
15:17:28.640  INFO     RX        /ERR/LOKO/0x00000002
15:17:28.640  INFO     RX        /ERR/LOKO/0x00000002
15:17:28.640  INFO     RX        /ERR/LOKO/0x00000002
15:17:28.674  INFO     RX        /ERR/LOKO/0x00000002
15:17:28.674  INFO     RX        /ERR/LOKO/0x00000002
15:17:28.793  INFO     RX        /ERR/LOKO/0x00000002
15:17:28.793  INFO     RX        /ERR/LOKO/0x00000002
15:17:28.793  INFO     RX        /ERR/LOKO/0x00000002
15:17:28.793  INFO     RX        /ERR/LOKO/0x00000002
15:17:28.793  INFO     RX        /ERR/LOKO/0x00000002
15:17:28.793  INFO     RX        /ERR/LOKO/0x00000002
15:17:28.793  INFO     RX        /ERR/LOKO/0x00000002
15:17:28.793  INFO     RX        /ERR/LOKO/0x00000002
15:17:28.805  INFO     RX        /ERR/LOKO/0x00000002
15:17:28.805  INFO     RX        /ERR/LOKO/0x00000002
15:17:28.805  INFO     RX        /ERR/LOKO/0x00000002
15:17:28.805  INFO     RX        /ERR/LOKO/0x00000002
15:17:28.833  INFO     RX        /ERR/LOKO/0x00000002
15:17:28.833  INFO     RX        /ERR/LOKO/0x00000002
15:17:28.864  INFO     RX        /ERR/LOKO/0x00000002
15:17:28.864  INFO     RX        /ERR/LOKO/0x00000002
15:17:28.864  INFO     RX        /ERR/LOKO/0x00000002
15:17:28.899  INFO     RX        /ERR/LOKO/0x00000002
15:17:28.899  INFO     RX        /ERR/LOKO/0x00000002
15:17:28.899  INFO     RX        /ERR/LOKO/0x00000002
15:17:28.928  INFO     RX        /ERR/LOKO/0x00000002
15:17:28.928  INFO     RX        /ERR/LOKO/0x00000002
15:17:28.966  INFO     RX        /ERR/LOKO/0x00000002
15:17:28.966  INFO     RX        /ERR/LOKO/0x00000002
15:17:28.966  INFO     RX        /ERR/LOKO/0x00000002
15:17:28.994  INFO     RX        /ERR/LOKO/0x00000002
15:17:28.994  INFO     RX        /ERR/LOKO/0x00000002
15:17:29.027  INFO     RX        /ERR/LOKO/0x00000002
15:17:29.027  INFO     RX        /ERR/LOKO/0x00000002
15:17:29.027  INFO     RX        /ERR/LOKO/0x00000002
15:17:29.054  DEBUG    TX /CONTROLL/0,0,0,-23,0,0,0,0,0
15:17:29.057  INFO     RX        /ERR/LOKO/0x00000002
15:17:29.057  INFO     RX        /ERR/LOKO/0x00000002
15:17:29.057  INFO     RX        /ERR/LOKO/0x00000002
15:17:29.092  INFO     RX        /ERR/LOKO/0x00000002
15:17:29.092  INFO     RX        /ERR/LOKO/0x00000002
15:17:29.092  INFO     RX        /ERR/LOKO/0x00000002
15:17:29.121  INFO     RX        /ERR/LOKO/0x00000002
15:17:29.121  INFO     RX        /ERR/LOKO/0x00000002
15:17:29.155  INFO     RX        /ERR/LOKO/0x00000002
15:17:29.155  INFO     RX        /ERR/LOKO/0x00000002
15:17:29.155  INFO     RX        /ERR/LOKO/0x00000002
15:17:29.185  INFO     RX        /ERR/LOKO/0x00000002
15:17:29.185  INFO     RX        /ERR/LOKO/0x00000002
15:17:29.185  INFO     RX        /ERR/LOKO/0x00000002
15:17:29.220  INFO     RX        /ERR/LOKO/0x00000002
15:17:29.220  INFO     RX        /ERR/LOKO/0x00000002
15:17:29.220  INFO     RX        /ERR/LOKO/0x00000002
15:17:29.252  INFO     RX        /ERR/LOKO/0x00000002
15:17:29.253  INFO     RX        /ERR/LOKO/0x00000002
15:17:29.282  INFO     RX        /ERR/LOKO/0x00000002
15:17:29.283  INFO     RX        /ERR/LOKO/0x00000002
15:17:29.283  INFO     RX        /ERR/LOKO/0x00000002
15:17:29.316  INFO     RX        /ERR/LOKO/0x00000002
15:17:29.316  INFO     RX        /ERR/LOKO/0x00000002
15:17:29.316  INFO     RX        /ERR/LOKO/0x00000002
15:17:29.349  INFO     RX        /ERR/LOKO/0x00000002
15:17:29.349  INFO     RX        /ERR/LOKO/0x00000002
15:17:29.349  INFO     RX        /ERR/LOKO/0x00000002
15:17:29.381  INFO     RX        /ERR/LOKO/0x00000002
15:17:29.381  INFO     RX        /ERR/LOKO/0x00000002
15:17:29.412  INFO     RX        /ERR/LOKO/0x00000002
15:17:29.412  INFO     RX        /ERR/LOKO/0x00000002
15:17:29.412  INFO     RX        /ERR/LOKO/0x00000002
15:17:29.447  INFO     RX        /ERR/LOKO/0x00000002
15:17:29.447  INFO     RX        /ERR/LOKO/0x00000002
15:17:29.447  INFO     RX        /ERR/LOKO/0x00000002
15:17:29.476  INFO     RX        /ERR/LOKO/0x00000002
15:17:29.476  INFO     RX        /ERR/LOKO/0x00000002
15:17:29.513  INFO     RX        /ERR/LOKO/0x00000002
15:17:29.513  INFO     RX        /ERR/LOKO/0x00000002
15:17:29.513  INFO     RX        /ERR/LOKO/0x00000002
15:17:29.542  INFO     RX        /ERR/LOKO/0x00000002
15:17:29.542  INFO     RX        /ERR/LOKO/0x00000002
15:17:29.542  INFO     RX        /ERR/LOKO/0x00000002
15:17:29.575  INFO     RX        /ERR/LOKO/0x00000002
15:17:29.575  INFO     RX        /ERR/LOKO/0x00000002
15:17:29.575  INFO     RX        /ERR/LOKO/0x00000002
15:17:29.610  INFO     RX        /ERR/LOKO/0x00000002
15:17:29.610  INFO     RX        /ERR/LOKO/0x00000002
15:17:29.610  INFO     RX        /ERR/LOKO/0x00000002
15:17:29.641  INFO     RX        /ERR/LOKO/0x00000002
15:17:29.641  INFO     RX        /ERR/LOKO/0x00000002
15:17:29.677  INFO     RX        /ERR/LOKO/0x00000002
15:17:29.677  INFO     RX        /ERR/LOKO/0x00000002
15:17:29.677  INFO     RX        /ERR/LOKO/0x00000002
15:17:29.708  INFO     RX        /ERR/LOKO/0x00000002
15:17:29.708  INFO     RX        /ERR/LOKO/0x00000002
15:17:29.708  INFO     RX        /ERR/LOKO/0x00000002
15:17:29.741  INFO     RX        /ERR/LOKO/0x00000002
15:17:29.741  INFO     RX        /ERR/LOKO/0x00000002
15:17:29.741  INFO     RX        /ERR/LOKO/0x00000002
15:17:29.773  INFO     RX        /ERR/LOKO/0x00000002
15:17:29.773  INFO     RX        /ERR/LOKO/0x00000002
15:17:29.773  INFO     RX        /ERR/LOKO/0x00000002
15:17:29.805  INFO     RX        /ERR/LOKO/0x00000002
15:17:29.805  INFO     RX        /ERR/LOKO/0x00000002
15:17:29.836  INFO     RX        /ERR/LOKO/0x00000002
15:17:29.836  INFO     RX        /ERR/LOKO/0x00000002
15:17:29.836  INFO     RX        /ERR/LOKO/0x00000002
15:17:29.870  INFO     RX        /ERR/LOKO/0x00000002
15:17:29.870  INFO     RX        /ERR/LOKO/0x00000002
15:17:29.870  INFO     RX        /ERR/LOKO/0x00000002
15:17:29.901  INFO     RX        /ERR/LOKO/0x00000002
15:17:29.901  INFO     RX        /ERR/LOKO/0x00000002
15:17:29.932  INFO     RX        /ERR/LOKO/0x00000002
15:17:29.932  INFO     RX        /ERR/LOKO/0x00000002
15:17:29.932  INFO     RX        /ERR/LOKO/0x00000002
15:17:29.969  INFO     RX        /ERR/LOKO/0x00000002
15:17:29.969  INFO     RX        /ERR/LOKO/0x00000002
15:17:29.969  INFO     RX        /ERR/LOKO/0x00000002
15:17:29.997  INFO     RX        /ERR/LOKO/0x00000002
15:17:29.997  INFO     RX        /ERR/LOKO/0x00000002
15:17:29.997  INFO     RX        /ERR/LOKO/0x00000002
15:17:30.033  INFO     RX        /ERR/LOKO/0x00000002
15:17:30.033  INFO     RX        /ERR/LOKO/0x00000002
15:17:30.033  INFO     RX        /ERR/LOKO/0x00000002
15:17:30.061  INFO     RX        /ERR/LOKO/0x00000002
15:17:30.062  INFO     RX        /ERR/LOKO/0x00000002
15:17:30.097  INFO     RX        /ERR/LOKO/0x00000002
15:17:30.097  INFO     RX        /ERR/LOKO/0x00000002
15:17:30.097  INFO     RX        /ERR/LOKO/0x00000002
15:17:30.127  INFO     RX        /ERR/LOKO/0x00000002
15:17:30.127  INFO     RX        /ERR/LOKO/0x00000002
15:17:30.161  INFO     RX        /ERR/LOKO/0x00000002
15:17:30.161  INFO     RX        /ERR/LOKO/0x00000002
15:17:30.161  INFO     RX        /ERR/LOKO/0x00000002
15:17:30.192  INFO     RX        /ERR/LOKO/0x00000002
15:17:30.193  INFO     RX        /ERR/LOKO/0x00000002
15:17:30.193  INFO     RX        /ERR/LOKO/0x00000002
15:17:30.222  INFO     RX        /ERR/LOKO/0x00000002
15:17:30.222  INFO     RX        /ERR/LOKO/0x00000002
15:17:30.222  INFO     RX        /ERR/LOKO/0x00000002
15:17:30.256  INFO     RX        /ERR/LOKO/0x00000002
15:17:30.256  INFO     RX        /ERR/LOKO/0x00000002
15:17:30.256  INFO     RX        /ERR/LOKO/0x00000002
15:17:30.285  INFO     RX        /ERR/LOKO/0x00000002
15:17:30.285  INFO     RX        /ERR/LOKO/0x00000002
15:17:30.321  INFO     RX        /ERR/LOKO/0x00000002
15:17:30.321  INFO     RX        /ERR/LOKO/0x00000002
15:17:30.321  INFO     RX        /ERR/LOKO/0x00000002
15:17:30.353  INFO     RX        /ERR/LOKO/0x00000002
15:17:30.353  INFO     RX        /ERR/LOKO/0x00000002
15:17:30.353  INFO     RX        /ERR/LOKO/0x00000002
15:17:30.381  INFO     RX        /ERR/LOKO/0x00000002
15:17:30.381  INFO     RX        /ERR/LOKO/0x00000002
15:17:30.414  INFO     RX        /ERR/LOKO/0x00000002
15:17:30.414  INFO     RX        /ERR/LOKO/0x00000002
15:17:30.414  INFO     RX        /ERR/LOKO/0x00000002
15:17:30.450  INFO     RX        /ERR/LOKO/0x00000002
15:17:30.450  INFO     RX        /ERR/LOKO/0x00000002
15:17:30.450  INFO     RX        /ERR/LOKO/0x00000002
15:17:30.483  INFO     RX        /ERR/LOKO/0x00000002
15:17:30.483  INFO     RX        /ERR/LOKO/0x00000002
15:17:30.483  INFO     RX        /ERR/LOKO/0x00000002
15:17:30.511  INFO     RX        /ERR/LOKO/0x00000002
15:17:30.511  INFO     RX        /ERR/LOKO/0x00000002
15:17:30.543  INFO     RX        /ERR/LOKO/0x00000002
15:17:30.543  INFO     RX        /ERR/LOKO/0x00000002
15:17:30.543  INFO     RX        /ERR/LOKO/0x00000002
15:17:30.578  INFO     RX        /ERR/LOKO/0x00000002
15:17:30.578  INFO     RX        /ERR/LOKO/0x00000002
15:17:30.578  INFO     RX        /ERR/LOKO/0x00000002
15:17:30.608  INFO     RX        /ERR/LOKO/0x00000002
15:17:30.608  INFO     RX        /ERR/LOKO/0x00000002
15:17:30.642  INFO     RX        /ERR/LOKO/0x00000002
15:17:30.642  INFO     RX        /ERR/LOKO/0x00000002
15:17:30.642  INFO     RX        /ERR/LOKO/0x00000002
15:17:30.669  DEBUG    TX /CONTROLL/0,0,0,-23,0,0,0,0,0
15:17:30.675  INFO     RX        /ERR/LOKO/0x00000002
15:17:30.675  INFO     RX        /ERR/LOKO/0x00000002
15:17:30.675  INFO     RX        /ERR/LOKO/0x00000002
15:17:30.705  INFO     RX        /ERR/LOKO/0x00000002
15:17:30.705  INFO     RX        /ERR/LOKO/0x00000002
15:17:30.705  INFO     RX        /ERR/LOKO/0x00000002
15:17:30.740  INFO     RX        /ERR/LOKO/0x00000002
15:17:30.740  INFO     RX        /ERR/LOKO/0x00000002
15:17:30.740  INFO     RX        /ERR/LOKO/0x00000002
15:17:30.769  INFO     RX        /ERR/LOKO/0x00000002
15:17:30.769  INFO     RX        /ERR/LOKO/0x00000002
15:17:30.805  INFO     RX        /ERR/LOKO/0x00000002
15:17:30.805  INFO     RX        /ERR/LOKO/0x00000002
15:17:30.805  INFO     RX        /ERR/LOKO/0x00000002
15:17:30.836  INFO     RX        /ERR/LOKO/0x00000002
15:17:30.836  INFO     RX        /ERR/LOKO/0x00000002
15:17:30.836  INFO     RX        /ERR/LOKO/0x00000002
15:17:30.870  INFO     RX        /ERR/LOKO/0x00000002
15:17:30.870  INFO     RX        /ERR/LOKO/0x00000002
15:17:30.870  INFO     RX        /ERR/LOKO/0x00000002
15:17:30.904  INFO     RX        /ERR/LOKO/0x00000002
15:17:30.904  INFO     RX        /ERR/LOKO/0x00000002
15:17:30.932  INFO     RX        /ERR/LOKO/0x00000002
15:17:30.933  INFO     RX        /ERR/LOKO/0x00000002
15:17:30.933  INFO     RX        /ERR/LOKO/0x00000002
15:17:30.965  INFO     RX        /ERR/LOKO/0x00000002
15:17:30.965  INFO     RX        /ERR/LOKO/0x00000002
15:17:31.000  INFO     RX        /ERR/LOKO/0x00000002
15:17:31.000  INFO     RX        /ERR/LOKO/0x00000002
15:17:31.000  INFO     RX        /ERR/LOKO/0x00000002
15:17:31.000  INFO     RX        /ERR/LOKO/0x00000002
15:17:31.028  INFO     RX        /ERR/LOKO/0x00000002
15:17:31.028  INFO     RX        /ERR/LOKO/0x00000002
15:17:31.063  INFO     RX        /ERR/LOKO/0x00000002
15:17:31.063  INFO     RX        /ERR/LOKO/0x00000002
15:17:31.063  INFO     RX        /ERR/LOKO/0x00000002
15:17:31.093  INFO     RX        /ERR/LOKO/0x00000002
15:17:31.093  INFO     RX        /ERR/LOKO/0x00000002
15:17:31.125  INFO     RX        /ERR/LOKO/0x00000002
15:17:31.125  INFO     RX        /ERR/LOKO/0x00000002
15:17:31.125  INFO     RX        /ERR/LOKO/0x00000002
15:17:31.159  INFO     RX        /ERR/LOKO/0x00000002
15:17:31.160  INFO     RX        /ERR/LOKO/0x00000002
15:17:31.160  INFO     RX        /ERR/LOKO/0x00000002
15:17:31.189  INFO     RX        /ERR/LOKO/0x00000002
15:17:31.189  INFO     RX        /ERR/LOKO/0x00000002
15:17:31.189  INFO     RX        /ERR/LOKO/0x00000002
15:17:31.223  INFO     RX        /ERR/LOKO/0x00000002
15:17:31.223  INFO     RX        /ERR/LOKO/0x00000002
15:17:31.252  INFO     RX        /ERR/LOKO/0x00000002
15:17:31.252  INFO     RX        /ERR/LOKO/0x00000002
15:17:31.253  INFO     RX        /ERR/LOKO/0x00000002
15:17:31.287  INFO     RX        /ERR/LOKO/0x00000002
15:17:31.287  INFO     RX        /ERR/LOKO/0x00000002
15:17:31.287  INFO     RX        /ERR/LOKO/0x00000002
15:17:31.318  INFO     RX        /ERR/LOKO/0x00000002
15:17:31.318  INFO     RX        /ERR/LOKO/0x00000002
15:17:31.351  INFO     RX        /ERR/LOKO/0x00000002
15:17:31.351  INFO     RX        /ERR/LOKO/0x00000002
15:17:31.352  INFO     RX        /ERR/LOKO/0x00000002
15:17:31.381  INFO     RX        /ERR/LOKO/0x00000002
15:17:31.381  INFO     RX        /ERR/LOKO/0x00000002
15:17:31.381  INFO     RX        /ERR/LOKO/0x00000002
15:17:31.414  INFO     RX        /ERR/LOKO/0x00000002
15:17:31.415  INFO     RX        /ERR/LOKO/0x00000002
15:17:31.415  INFO     RX        /ERR/LOKO/0x00000002
15:17:31.445  INFO     RX        /ERR/LOKO/0x00000002
15:17:31.445  INFO     RX        /ERR/LOKO/0x00000002
15:17:31.479  INFO     RX        /ERR/LOKO/0x00000002
15:17:31.479  INFO     RX        /ERR/LOKO/0x00000002
15:17:31.479  INFO     RX        /ERR/LOKO/0x00000002
15:17:31.508  INFO     RX        /ERR/LOKO/0x00000002
15:17:31.508  INFO     RX        /ERR/LOKO/0x00000002
15:17:31.508  INFO     RX        /ERR/LOKO/0x00000002
15:17:31.541  INFO     RX        /ERR/LOKO/0x00000002
15:17:31.541  INFO     RX        /ERR/LOKO/0x00000002
15:17:31.576  INFO     RX        /ERR/LOKO/0x00000002
15:17:31.576  INFO     RX        /ERR/LOKO/0x00000002
15:17:31.576  INFO     RX        /ERR/LOKO/0x00000002
15:17:31.605  INFO     RX        /ERR/LOKO/0x00000002
15:17:31.605  INFO     RX        /ERR/LOKO/0x00000002
15:17:31.605  INFO     RX        /ERR/LOKO/0x00000002
15:17:31.640  INFO     RX        /ERR/LOKO/0x00000002
15:17:31.640  INFO     RX        /ERR/LOKO/0x00000002
15:17:31.640  INFO     RX        /ERR/LOKO/0x00000002
15:17:31.668  INFO     RX        /ERR/LOKO/0x00000002
15:17:31.668  INFO     RX        /ERR/LOKO/0x00000002
15:17:31.704  INFO     RX        /ERR/LOKO/0x00000002
15:17:31.704  INFO     RX        /ERR/LOKO/0x00000002
15:17:31.704  INFO     RX        /ERR/LOKO/0x00000002
15:17:31.739  INFO     RX        /ERR/LOKO/0x00000002
15:17:31.739  INFO     RX        /ERR/LOKO/0x00000002
15:17:31.739  INFO     RX        /ERR/LOKO/0x00000002
15:17:31.769  INFO     RX        /ERR/LOKO/0x00000002
15:17:31.770  INFO     RX        /ERR/LOKO/0x00000002
15:17:31.770  INFO     RX        /ERR/LOKO/0x00000002
15:17:31.804  INFO     RX        /ERR/LOKO/0x00000002
15:17:31.804  INFO     RX        /ERR/LOKO/0x00000002
15:17:31.804  INFO     RX        /ERR/LOKO/0x00000002
15:17:31.833  INFO     RX        /ERR/LOKO/0x00000002
15:17:31.834  INFO     RX        /ERR/LOKO/0x00000002
15:17:31.866  INFO     RX        /ERR/LOKO/0x00000002
15:17:31.866  INFO     RX        /ERR/LOKO/0x00000002
15:17:31.866  INFO     RX        /ERR/LOKO/0x00000002
15:17:31.901  INFO     RX        /ERR/LOKO/0x00000002
15:17:31.901  INFO     RX        /ERR/LOKO/0x00000002
15:17:31.901  INFO     RX        /ERR/LOKO/0x00000002
15:17:31.935  INFO     RX        /ERR/LOKO/0x00000002
15:17:31.936  INFO     RX        /ERR/LOKO/0x00000002
15:17:31.936  INFO     RX        /ERR/LOKO/0x00000002
15:17:31.962  INFO     RX        /ERR/LOKO/0x00000002
15:17:31.962  INFO     RX        /ERR/LOKO/0x00000002
15:17:31.997  INFO     RX        /ERR/LOKO/0x00000002
15:17:31.997  INFO     RX        /ERR/LOKO/0x00000002
15:17:31.997  INFO     RX        /ERR/LOKO/0x00000002
15:17:32.029  INFO     RX        /ERR/LOKO/0x00000002
15:17:32.030  INFO     RX        /ERR/LOKO/0x00000002
15:17:32.030  INFO     RX        /ERR/LOKO/0x00000002
15:17:32.062  INFO     RX        /ERR/LOKO/0x00000002
15:17:32.062  INFO     RX        /ERR/LOKO/0x00000002
15:17:32.062  INFO     RX        /ERR/LOKO/0x00000002
15:17:32.093  INFO     RX        /ERR/LOKO/0x00000002
15:17:32.093  INFO     RX        /ERR/LOKO/0x00000002
15:17:32.123  INFO     RX        /ERR/LOKO/0x00000002
15:17:32.123  INFO     RX        /ERR/LOKO/0x00000002
15:17:32.123  INFO     RX        /ERR/LOKO/0x00000002
15:17:32.157  INFO     RX        /ERR/LOKO/0x00000002
15:17:32.158  INFO     RX        /ERR/LOKO/0x00000002
15:17:32.158  INFO     RX        /ERR/LOKO/0x00000002
15:17:32.189  INFO     RX        /ERR/LOKO/0x00000002
15:17:32.190  INFO     RX        /ERR/LOKO/0x00000002
15:17:32.221  INFO     RX        /ERR/LOKO/0x00000002
15:17:32.221  INFO     RX        /ERR/LOKO/0x00000002
15:17:32.221  INFO     RX        /ERR/LOKO/0x00000002
15:17:32.251  INFO     RX        /ERR/LOKO/0x00000002
15:17:32.251  INFO     RX        /ERR/LOKO/0x00000002
15:17:32.251  INFO     RX        /ERR/LOKO/0x00000002
15:17:32.280  DEBUG    TX /CONTROLL/0,0,0,-23,0,0,0,0,0
15:17:32.286  INFO     RX        /ERR/LOKO/0x00000002
15:17:32.286  INFO     RX        /ERR/LOKO/0x00000002
15:17:32.286  INFO     RX        /ERR/LOKO/0x00000002
15:17:32.315  INFO     RX        /ERR/LOKO/0x00000002
15:17:32.315  INFO     RX        /ERR/LOKO/0x00000002
15:17:32.351  INFO     RX        /ERR/LOKO/0x00000002
15:17:32.351  INFO     RX        /ERR/LOKO/0x00000002
15:17:32.351  INFO     RX        /ERR/LOKO/0x00000002
15:17:32.380  INFO     RX        /ERR/LOKO/0x00000002
15:17:32.380  INFO     RX        /ERR/LOKO/0x00000002
15:17:32.380  INFO     RX        /ERR/LOKO/0x00000002
15:17:32.412  INFO     RX        /ERR/LOKO/0x00000002
15:17:32.412  INFO     RX        /ERR/LOKO/0x00000002
15:17:32.446  INFO     RX        /ERR/LOKO/0x00000002
15:17:32.446  INFO     RX        /ERR/LOKO/0x00000002
15:17:32.446  INFO     RX        /ERR/LOKO/0x00000002
15:17:32.476  INFO     RX        /ERR/LOKO/0x00000002
15:17:32.476  INFO     RX        /ERR/LOKO/0x00000002
15:17:32.476  INFO     RX        /ERR/LOKO/0x00000002
15:17:32.510  INFO     RX        /ERR/LOKO/0x00000002
15:17:32.510  INFO     RX        /ERR/LOKO/0x00000002
15:17:32.510  INFO     RX        /ERR/LOKO/0x00000002
15:17:32.541  INFO     RX        /ERR/LOKO/0x00000002
15:17:32.541  INFO     RX        /ERR/LOKO/0x00000002
15:17:32.572  INFO     RX        /ERR/LOKO/0x00000002
15:17:32.572  INFO     RX        /ERR/LOKO/0x00000002
15:17:32.572  INFO     RX        /ERR/LOKO/0x00000002
15:17:32.607  INFO     RX        /ERR/LOKO/0x00000002
15:17:32.608  INFO     RX        /ERR/LOKO/0x00000002
15:17:32.608  INFO     RX        /ERR/LOKO/0x00000002
15:17:32.638  INFO     RX        /ERR/LOKO/0x00000002
15:17:32.638  INFO     RX        /ERR/LOKO/0x00000002
15:17:32.672  INFO     RX        /ERR/LOKO/0x00000002
15:17:32.672  INFO     RX        /ERR/LOKO/0x00000002
15:17:32.672  INFO     RX        /ERR/LOKO/0x00000002
15:17:32.703  INFO     RX        /ERR/LOKO/0x00000002
15:17:32.703  INFO     RX        /ERR/LOKO/0x00000002
15:17:32.704  INFO     RX        /ERR/LOKO/0x00000002
15:17:32.734  INFO     RX        /ERR/LOKO/0x00000002
15:17:32.734  INFO     RX        /ERR/LOKO/0x00000002
15:17:32.734  INFO     RX        /ERR/LOKO/0x00000002
15:17:32.765  INFO     RX        /ERR/LOKO/0x00000002
15:17:32.766  INFO     RX        /ERR/LOKO/0x00000002
15:17:32.801  INFO     RX        /ERR/LOKO/0x00000002
15:17:32.801  INFO     RX        /ERR/LOKO/0x00000002
15:17:32.801  INFO     RX        /ERR/LOKO/0x00000002
15:17:32.833  INFO     RX        /ERR/LOKO/0x00000002
15:17:32.833  INFO     RX        /ERR/LOKO/0x00000002
15:17:32.833  INFO     RX        /ERR/LOKO/0x00000002
15:17:32.866  INFO     RX        /ERR/LOKO/0x00000002
15:17:32.866  INFO     RX        /ERR/LOKO/0x00000002
15:17:32.866  INFO     RX        /ERR/LOKO/0x00000002
15:17:32.894  INFO     RX        /ERR/LOKO/0x00000002
15:17:32.894  INFO     RX        /ERR/LOKO/0x00000002
15:17:32.931  INFO     RX        /ERR/LOKO/0x00000002
15:17:32.931  INFO     RX        /ERR/LOKO/0x00000002
15:17:32.931  INFO     RX        /ERR/LOKO/0x00000002
15:17:32.959  INFO     RX        /ERR/LOKO/0x00000002
15:17:32.959  INFO     RX        /ERR/LOKO/0x00000002
15:17:32.959  INFO     RX        /ERR/LOKO/0x00000002
15:17:32.994  INFO     RX        /ERR/LOKO/0x00000002
15:17:32.994  INFO     RX        /ERR/LOKO/0x00000002
15:17:32.994  INFO     RX        /ERR/LOKO/0x00000002
15:17:33.026  INFO     RX        /ERR/LOKO/0x00000002
15:17:33.026  INFO     RX        /ERR/LOKO/0x00000002
15:17:33.055  INFO     RX        /ERR/LOKO/0x00000002
15:17:33.055  INFO     RX        /ERR/LOKO/0x00000002
15:17:33.055  INFO     RX        /ERR/LOKO/0x00000002
15:17:33.090  INFO     RX        /ERR/LOKO/0x00000002
15:17:33.090  INFO     RX        /ERR/LOKO/0x00000002
15:17:33.090  INFO     RX        /ERR/LOKO/0x00000002
15:17:33.122  INFO     RX        /ERR/LOKO/0x00000002
15:17:33.122  INFO     RX        /ERR/LOKO/0x00000002
15:17:33.122  INFO     RX        /ERR/LOKO/0x00000002
15:17:33.151  INFO     RX        /ERR/LOKO/0x00000002
15:17:33.151  INFO     RX        /ERR/LOKO/0x00000002
15:17:33.187  INFO     RX        /ERR/LOKO/0x00000002
15:17:33.187  INFO     RX        /ERR/LOKO/0x00000002
15:17:33.187  INFO     RX        /ERR/LOKO/0x00000002
15:17:33.216  INFO     RX        /ERR/LOKO/0x00000002
15:17:33.216  INFO     RX        /ERR/LOKO/0x00000002
15:17:33.216  INFO     RX        /ERR/LOKO/0x00000002
15:17:33.249  INFO     RX        /ERR/LOKO/0x00000002
15:17:33.249  INFO     RX        /ERR/LOKO/0x00000002
15:17:33.281  INFO     RX        /ERR/LOKO/0x00000002
15:17:33.282  INFO     RX        /ERR/LOKO/0x00000002
15:17:33.282  INFO     RX        /ERR/LOKO/0x00000002
15:17:33.311  INFO     RX        /ERR/LOKO/0x00000002
15:17:33.311  INFO     RX        /ERR/LOKO/0x00000002
15:17:33.311  INFO     RX        /ERR/LOKO/0x00000002
15:17:33.346  INFO     RX        /ERR/LOKO/0x00000002
15:17:33.346  INFO     RX        /ERR/LOKO/0x00000002
15:17:33.346  INFO     RX        /ERR/LOKO/0x00000002
15:17:33.379  INFO     RX        /ERR/LOKO/0x00000002
15:17:33.379  INFO     RX        /ERR/LOKO/0x00000002
15:17:33.408  INFO     RX        /ERR/LOKO/0x00000002
15:17:33.408  INFO     RX        /ERR/LOKO/0x00000002
15:17:33.408  INFO     RX        /ERR/LOKO/0x00000002
15:17:33.440  INFO     RX        /ERR/LOKO/0x00000002
15:17:33.441  INFO     RX        /ERR/LOKO/0x00000002
15:17:33.441  INFO     RX        /ERR/LOKO/0x00000002
15:17:33.475  INFO     RX        /ERR/LOKO/0x00000002
15:17:33.475  INFO     RX        /ERR/LOKO/0x00000002
15:17:33.475  INFO     RX        /ERR/LOKO/0x00000002
15:17:33.505  INFO     RX        /ERR/LOKO/0x00000002
15:17:33.505  INFO     RX        /ERR/LOKO/0x00000002
15:17:33.542  INFO     RX        /ERR/LOKO/0x00000002
15:17:33.542  INFO     RX        /ERR/LOKO/0x00000002
15:17:33.542  INFO     RX        /ERR/LOKO/0x00000002
15:17:33.571  INFO     RX        /ERR/LOKO/0x00000002
15:17:33.571  INFO     RX        /ERR/LOKO/0x00000002
15:17:33.571  INFO     RX        /ERR/LOKO/0x00000002
15:17:33.605  INFO     RX        /ERR/LOKO/0x00000002
15:17:33.606  INFO     RX        /ERR/LOKO/0x00000002
15:17:33.606  INFO     RX        /ERR/LOKO/0x00000002
15:17:33.639  INFO     RX        /ERR/LOKO/0x00000002
15:17:33.639  INFO     RX        /ERR/LOKO/0x00000002
15:17:33.670  INFO     RX        /ERR/LOKO/0x00000002
15:17:33.670  INFO     RX        /ERR/LOKO/0x00000002
15:17:33.670  INFO     RX        /ERR/LOKO/0x00000002
15:17:33.704  INFO     RX        /ERR/LOKO/0x00000002
15:17:33.705  INFO     RX        /ERR/LOKO/0x00000002
15:17:33.705  INFO     RX        /ERR/LOKO/0x00000002
15:17:33.736  INFO     RX        /ERR/LOKO/0x00000002
15:17:33.736  INFO     RX        /ERR/LOKO/0x00000002
15:17:33.736  INFO     RX        /ERR/LOKO/0x00000002
15:17:33.773  INFO     RX        /ERR/LOKO/0x00000002
15:17:33.773  INFO     RX        /ERR/LOKO/0x00000002
15:17:33.773  INFO     RX        /ERR/LOKO/0x00000002
15:17:33.798  INFO     RX        /ERR/LOKO/0x00000002
15:17:33.798  INFO     RX        /ERR/LOKO/0x00000002
15:17:33.829  INFO     RX        /ERR/LOKO/0x00000002
15:17:33.829  INFO     RX        /ERR/LOKO/0x00000002
15:17:33.862  INFO     RX        /ERR/LOKO/0x00000002
15:17:33.862  INFO     RX        /ERR/LOKO/0x00000002
15:17:33.862  INFO     RX        /ERR/LOKO/0x00000002
15:17:33.891  DEBUG    TX /CONTROLL/0,0,0,-23,0,0,0,0,0
15:17:33.896  INFO     RX        /ERR/LOKO/0x00000002
15:17:33.896  INFO     RX        /ERR/LOKO/0x00000002
15:17:33.897  INFO     RX        /ERR/LOKO/0x00000002
15:17:33.929  INFO     RX        /ERR/LOKO/0x00000002
15:17:33.929  INFO     RX        /ERR/LOKO/0x00000002
15:17:33.929  INFO     RX        /ERR/LOKO/0x00000002
15:17:33.961  INFO     RX        /ERR/LOKO/0x00000002
15:17:33.961  INFO     RX        /ERR/LOKO/0x00000002
15:17:33.962  INFO     RX        /ERR/LOKO/0x00000002
15:17:33.993  INFO     RX        /ERR/LOKO/0x00000002
15:17:33.993  INFO     RX        /ERR/LOKO/0x00000002
15:17:34.023  INFO     RX        /ERR/LOKO/0x00000002
15:17:34.023  INFO     RX        /ERR/LOKO/0x00000002
15:17:34.023  INFO     RX        /ERR/LOKO/0x00000002
15:17:34.057  INFO     RX        /ERR/LOKO/0x00000002
15:17:34.057  INFO     RX        /ERR/LOKO/0x00000002
15:17:34.057  INFO     RX        /ERR/LOKO/0x00000002
15:17:34.089  INFO     RX        /ERR/LOKO/0x00000002
15:17:34.089  INFO     RX        /ERR/LOKO/0x00000002
15:17:34.089  INFO     RX        /ERR/LOKO/0x00000002
15:17:34.122  INFO     RX        /ERR/LOKO/0x00000002
15:17:34.122  INFO     RX        /ERR/LOKO/0x00000002
15:17:34.154  INFO     RX        /ERR/LOKO/0x00000002
15:17:34.154  INFO     RX        /ERR/LOKO/0x00000002
15:17:34.154  INFO     RX        /ERR/LOKO/0x00000002
15:17:34.187  INFO     RX        /ERR/LOKO/0x00000002
15:17:34.187  INFO     RX        /ERR/LOKO/0x00000002
15:17:34.187  INFO     RX        /ERR/LOKO/0x00000002
15:17:34.221  INFO     RX        /ERR/LOKO/0x00000002
15:17:34.221  INFO     RX        /ERR/LOKO/0x00000002
15:17:34.221  INFO     RX        /ERR/LOKO/0x00000002
15:17:34.254  INFO     RX        /ERR/LOKO/0x00000002
15:17:35.386  INFO     RX        /ERR/LOKO/0x00000002
15:17:35.421  INFO     RX        /ERR/LOKO/0x00000002
15:17:35.422  INFO     RX        /ERR/LOKO/0x00000002
15:17:35.422  INFO     RX        /ERR/LOKO/0x00000002
15:17:35.449  INFO     RX        /ERR/LOKO/0x00000002
15:17:35.449  INFO     RX        /ERR/LOKO/0x00000002
15:17:35.484  INFO     RX        /ERR/LOKO/0x00000002
15:17:35.484  INFO     RX        /ERR/LOKO/0x00000002
15:17:35.484  INFO     RX        /ERR/LOKO/0x00000002
15:17:35.510  DEBUG    TX /CONTROLL/0,0,0,0,0,0,0,0,2
15:17:35.517  INFO     RX        /ERR/LOKO/0x00000002
15:17:35.517  INFO     RX        /ERR/LOKO/0x00000002
15:17:35.517  INFO     RX        /ERR/LOKO/0x00000002
15:17:35.546  INFO     RX        /ERR/LOKO/0x00000002
15:17:35.546  INFO     RX        /ERR/LOKO/0x00000002
15:17:35.546  INFO     RX        /ERR/LOKO/0x00000002
15:17:35.581  INFO     RX        /ERR/LOKO/0x00000002
15:17:35.581  INFO     RX        /ERR/LOKO/0x00000002
15:17:35.581  INFO     RX        /ERR/LOKO/0x00000002
15:17:35.611  INFO     RX        /ERR/LOKO/0x00000002
15:17:35.611  INFO     RX        /ERR/LOKO/0x00000002
15:17:35.642  INFO     RX        /ERR/LOKO/0x00000002
15:17:35.642  INFO     RX        /ERR/LOKO/0x00000002
15:17:35.642  INFO     RX        /ERR/LOKO/0x00000002
15:17:35.677  INFO     RX        /ERR/LOKO/0x00000002
15:17:35.677  INFO     RX        /ERR/LOKO/0x00000002
15:17:35.677  INFO     RX        /ERR/LOKO/0x00000002
15:17:35.705  INFO     RX        /ERR/LOKO/0x00000002
15:17:35.706  INFO     RX        /ERR/LOKO/0x00000002
15:17:35.738  INFO     RX        /ERR/LOKO/0x00000002
15:17:35.739  INFO     RX        /ERR/LOKO/0x00000002
15:17:35.739  INFO     RX        /ERR/LOKO/0x00000002
15:17:35.774  INFO     RX        /ERR/LOKO/0x00000002
15:17:35.774  INFO     RX        /ERR/LOKO/0x00000002
15:17:35.774  INFO     RX        /ERR/LOKO/0x00000002
15:17:35.807  INFO     RX        /ERR/LOKO/0x00000002
15:17:35.807  INFO     RX        /ERR/LOKO/0x00000002
15:17:35.807  INFO     RX        /ERR/LOKO/0x00000002
15:17:35.836  INFO     RX        /ERR/LOKO/0x00000002
15:17:35.836  INFO     RX        /ERR/LOKO/0x00000002
15:17:35.867  INFO     RX        /ERR/LOKO/0x00000002
15:17:35.867  INFO     RX        /ERR/LOKO/0x00000002
15:17:35.867  INFO     RX        /ERR/LOKO/0x00000002
15:17:35.902  INFO     RX        /ERR/LOKO/0x00000002
15:17:35.903  INFO     RX        /ERR/LOKO/0x00000002
15:17:35.903  INFO     RX        /ERR/LOKO/0x00000002
15:17:35.932  INFO     RX        /ERR/LOKO/0x00000002
15:17:35.932  INFO     RX        /ERR/LOKO/0x00000002
15:17:35.967  INFO     RX        /ERR/LOKO/0x00000002
15:17:35.967  INFO     RX        /ERR/LOKO/0x00000002
15:17:35.967  INFO     RX        /ERR/LOKO/0x00000002
15:17:35.996  INFO     RX        /ERR/LOKO/0x00000002
15:17:35.996  INFO     RX        /ERR/LOKO/0x00000002
15:17:35.996  INFO     RX        /ERR/LOKO/0x00000002
15:17:36.029  INFO     RX        /ERR/LOKO/0x00000002
15:17:36.029  INFO     RX        /ERR/LOKO/0x00000002
15:17:36.029  INFO     RX        /ERR/LOKO/0x00000002
15:17:36.064  INFO     RX        /ERR/LOKO/0x00000002
15:17:36.064  INFO     RX        /ERR/LOKO/0x00000002
15:17:36.064  INFO     RX        /ERR/LOKO/0x00000002
15:17:36.094  INFO     RX        /ERR/LOKO/0x00000002
15:17:36.094  INFO     RX        /ERR/LOKO/0x00000002
15:17:36.129  INFO     RX        /ERR/LOKO/0x00000002
15:17:36.129  INFO     RX        /ERR/LOKO/0x00000002
15:17:36.129  INFO     RX        /ERR/LOKO/0x00000002
15:17:36.158  INFO     RX        /ERR/LOKO/0x00000002
15:17:36.159  INFO     RX        /ERR/LOKO/0x00000002
15:17:36.159  INFO     RX        /ERR/LOKO/0x00000002
15:17:36.194  INFO     RX        /ERR/LOKO/0x00000002
15:17:36.194  INFO     RX        /ERR/LOKO/0x00000002
15:17:36.195  INFO     RX        /ERR/LOKO/0x00000002
15:17:36.224  INFO     RX        /ERR/LOKO/0x00000002
15:17:36.225  INFO     RX        /ERR/LOKO/0x00000002
15:17:36.260  INFO     RX        /ERR/LOKO/0x00000002
15:17:36.260  INFO     RX        /ERR/LOKO/0x00000002
15:17:36.260  INFO     RX        /ERR/LOKO/0x00000002
15:17:36.289  INFO     RX        /ERR/LOKO/0x00000002
15:17:36.289  INFO     RX        /ERR/LOKO/0x00000002
15:17:36.289  INFO     RX        /ERR/LOKO/0x00000002
15:17:36.326  INFO     RX        /ERR/LOKO/0x00000002
15:17:36.326  INFO     RX        /ERR/LOKO/0x00000002
15:17:36.326  INFO     RX        /ERR/LOKO/0x00000002
15:17:36.354  INFO     RX        /ERR/LOKO/0x00000002
15:17:36.354  INFO     RX        /ERR/LOKO/0x00000002
15:17:36.390  INFO     RX        /ERR/LOKO/0x00000002
15:17:36.390  INFO     RX        /ERR/LOKO/0x00000002
15:17:36.390  INFO     RX        /ERR/LOKO/0x00000002
15:17:36.421  INFO     RX        /ERR/LOKO/0x00000002
15:17:36.421  INFO     RX        /ERR/LOKO/0x00000002
15:17:36.421  INFO     RX        /ERR/LOKO/0x00000002
15:17:36.450  INFO     RX        /ERR/LOKO/0x00000002
15:17:36.485  INFO     RX        /ERR/LOKO/0x00000002
15:17:36.518  INFO     RX        /ERR/LOKO/0x00000002
15:17:36.547  INFO     RX        /ERR/LOKO/0x00000002
15:17:36.614  INFO     RX        /ERR/LOKO/0x00000002
15:17:36.643  INFO     RX        /ERR/LOKO/0x00000002
15:17:36.679  INFO     RX        /ERR/LOKO/0x00000002
15:17:36.708  INFO     RX        /ERR/LOKO/0x00000002
15:17:36.742  INFO     RX        /ERR/LOKO/0x00000002
15:17:36.807  INFO     RX        /ERR/LOKO/0x00000002
15:17:36.870  INFO     RX        /ERR/LOKO/0x00000002
15:17:36.904  INFO     RX        /ERR/LOKO/0x00000002
15:17:36.933  INFO     RX        /ERR/LOKO/0x00000002
15:17:36.997  INFO     RX        /ERR/LOKO/0x00000002
15:17:37.104  INFO     RX        /ERR/LOKO/0x00000002
15:17:37.104  INFO     RX        /ERR/LOKO/0x00000002
15:17:37.104  INFO     RX        /ERR/LOKO/0x00000002
15:17:37.123  DEBUG    TX /CONTROLL/-27,12,0,0,0,0,0,0,2
15:17:37.127  INFO     RX        /ERR/LOKO/0x00000002
15:17:37.193  INFO     RX        /ERR/LOKO/0x00000002
15:17:37.226  INFO     RX        /ERR/LOKO/0x00000002
15:17:37.256  INFO     RX        /ERR/LOKO/0x00000002
15:17:37.287  INFO     RX        /ERR/LOKO/0x00000002
15:17:37.322  INFO     RX        /ERR/LOKO/0x00000002
15:17:37.382  INFO     RX        /ERR/LOKO/0x00000002
15:17:37.414  INFO     RX        /ERR/LOKO/0x00000002
15:17:37.447  INFO     RX        /ERR/LOKO/0x00000002
15:17:37.480  INFO     RX        /ERR/LOKO/0x00000002
15:17:37.545  INFO     RX        /ERR/LOKO/0x00000002
15:17:37.608  INFO     RX        /ERR/LOKO/0x00000002
15:17:37.642  INFO     RX        /ERR/LOKO/0x00000002
15:17:37.671  INFO     RX        /ERR/LOKO/0x00000002
15:17:37.738  INFO     RX        /ERR/LOKO/0x00000002
15:17:37.768  INFO     RX        /ERR/LOKO/0x00000002
15:17:37.803  INFO     RX        /ERR/LOKO/0x00000002
15:17:37.833  INFO     RX        /ERR/LOKO/0x00000002
15:17:37.868  INFO     RX        /ERR/LOKO/0x00000002
15:17:37.931  INFO     RX        /ERR/LOKO/0x00000002
15:17:37.961  INFO     RX        /ERR/LOKO/0x00000002
15:17:37.993  INFO     RX        /ERR/LOKO/0x00000002
15:17:38.030  INFO     RX        /ERR/LOKO/0x00000002
15:17:38.061  INFO     RX        /ERR/LOKO/0x00000002
15:17:38.095  INFO     RX        /ERR/LOKO/0x00000002
15:17:38.158  INFO     RX        /ERR/LOKO/0x00000002
15:17:38.194  INFO     RX        /ERR/LOKO/0x00000002
15:17:38.220  INFO     RX        /ERR/LOKO/0x00000002
15:17:38.251  INFO     RX        /ERR/LOKO/0x00000002
15:17:38.316  INFO     RX        /ERR/LOKO/0x00000002
15:17:38.380  INFO     RX        /ERR/LOKO/0x00000002
15:17:38.412  INFO     RX        /ERR/LOKO/0x00000002
15:17:38.448  INFO     RX        /ERR/LOKO/0x00000002
15:17:38.512  INFO     RX        /ERR/LOKO/0x00000002
15:17:38.541  INFO     RX        /ERR/LOKO/0x00000002
15:17:38.573  INFO     RX        /ERR/LOKO/0x00000002
15:17:38.607  INFO     RX        /ERR/LOKO/0x00000002
15:17:38.636  INFO     RX        /ERR/LOKO/0x00000002
15:17:38.701  INFO     RX        /ERR/LOKO/0x00000002
15:17:38.730  DEBUG    TX /CONTROLL/-27,12,0,0,0,0,0,0,2
15:17:38.734  INFO     RX        /ERR/LOKO/0x00000002
15:17:38.768  INFO     RX        /ERR/LOKO/0x00000002
15:17:38.797  INFO     RX        /ERR/LOKO/0x00000002
15:17:38.864  INFO     RX        /ERR/LOKO/0x00000002
15:17:38.893  INFO     RX        /ERR/LOKO/0x00000002
15:17:38.928  INFO     RX        /ERR/LOKO/0x00000002
15:17:38.958  INFO     RX        /ERR/LOKO/0x00000002
15:17:38.993  INFO     RX        /ERR/LOKO/0x00000002
15:17:39.025  INFO     RX        /ERR/LOKO/0x00000002
15:17:39.088  INFO     RX        /ERR/LOKO/0x00000002
15:17:39.118  INFO     RX        /ERR/LOKO/0x00000002
15:17:39.153  INFO     RX        /ERR/LOKO/0x00000002
15:17:39.185  INFO     RX        /ERR/LOKO/0x00000002
15:17:39.217  INFO     RX        /ERR/LOKO/0x00000002
15:17:39.278  INFO     RX        /ERR/LOKO/0x00000002
15:17:39.309  INFO     RX        /ERR/LOKO/0x00000002
15:17:39.345  INFO     RX        /ERR/LOKO/0x00000002
15:17:39.378  INFO     RX        /ERR/LOKO/0x00000002
15:17:39.440  INFO     RX        /ERR/LOKO/0x00000002
15:17:39.477  INFO     RX        /ERR/LOKO/0x00000002
15:17:39.505  INFO     RX        /ERR/LOKO/0x00000002
15:17:39.541  INFO     RX        /ERR/LOKO/0x00000002
15:17:39.570  INFO     RX        /ERR/LOKO/0x00000002
15:17:39.707  INFO     RX        /ERR/LOKO/0x00000002
15:17:39.713  INFO     RX        /ERR/LOKO/0x00000002
15:17:39.713  INFO     RX        /ERR/LOKO/0x00000002
15:17:39.735  INFO     RX        /ERR/LOKO/0x00000002
15:17:39.770  INFO     RX        /ERR/LOKO/0x00000002
15:17:39.866  INFO     RX        /ERR/LOKO/0x00000002
15:17:39.897  INFO     RX        /ERR/LOKO/0x00000002
15:17:39.932  INFO     RX        /ERR/LOKO/0x00000002
15:17:39.961  INFO     RX        /ERR/LOKO/0x00000002
15:17:39.995  INFO     RX        /ERR/LOKO/0x00000002
15:17:40.060  INFO     RX        /ERR/LOKO/0x00000002
15:17:40.093  INFO     RX        /ERR/LOKO/0x00000002
15:17:40.125  INFO     RX        /ERR/LOKO/0x00000002
15:17:40.158  INFO     RX        /ERR/LOKO/0x00000002
15:17:40.187  INFO     RX        /ERR/LOKO/0x00000002
15:17:40.254  INFO     RX        /ERR/LOKO/0x00000002
15:17:40.283  INFO     RX        /ERR/LOKO/0x00000002
15:17:40.315  INFO     RX        /ERR/LOKO/0x00000002
15:17:40.344  DEBUG    TX /CONTROLL/-27,12,0,0,0,0,0,0,2
15:17:40.350  INFO     RX        /ERR/LOKO/0x00000002
15:17:40.380  INFO     RX        /ERR/LOKO/0x00000002
15:17:40.446  INFO     RX        /ERR/LOKO/0x00000002
15:17:40.480  INFO     RX        /ERR/LOKO/0x00000002
15:17:40.513  INFO     RX        /ERR/LOKO/0x00000002
15:17:40.576  INFO     RX        /ERR/LOKO/0x00000002
15:17:40.641  INFO     RX        /ERR/LOKO/0x00000002
15:17:40.673  INFO     RX        /ERR/LOKO/0x00000002
15:17:40.706  INFO     RX        /ERR/LOKO/0x00000002
15:17:40.738  INFO     RX        /ERR/LOKO/0x00000002
15:17:40.767  INFO     RX        /ERR/LOKO/0x00000002
15:17:40.833  INFO     RX        /ERR/LOKO/0x00000002
15:17:40.866  INFO     RX        /ERR/LOKO/0x00000002
15:17:40.894  INFO     RX        /ERR/LOKO/0x00000002
15:17:40.929  INFO     RX        /ERR/LOKO/0x00000002
15:17:40.995  INFO     RX        /ERR/LOKO/0x00000002
15:17:41.022  INFO     RX        /ERR/LOKO/0x00000002
15:17:41.054  INFO     RX        /ERR/LOKO/0x00000002
15:17:41.089  INFO     RX        /ERR/LOKO/0x00000002
15:17:41.118  INFO     RX        /ERR/LOKO/0x00000002
15:17:41.182  INFO     RX        /ERR/LOKO/0x00000002
15:17:41.216  INFO     RX        /ERR/LOKO/0x00000002
15:17:41.249  INFO     RX        /ERR/LOKO/0x00000002
15:17:41.310  INFO     RX        /ERR/LOKO/0x00000002
15:17:41.377  INFO     RX        /ERR/LOKO/0x00000002
15:17:41.406  INFO     RX        /ERR/LOKO/0x00000002
15:17:41.437  INFO     RX        /ERR/LOKO/0x00000002
15:17:41.470  INFO     RX        /ERR/LOKO/0x00000002
15:17:41.504  INFO     RX        /ERR/LOKO/0x00000002
15:17:41.568  INFO     RX        /ERR/LOKO/0x00000002
15:17:41.599  INFO     RX        /ERR/LOKO/0x00000002
15:17:41.633  INFO     RX        /ERR/LOKO/0x00000002
15:17:41.666  INFO     RX        /ERR/LOKO/0x00000002
15:17:41.731  INFO     RX        /ERR/LOKO/0x00000002
15:17:41.760  INFO     RX        /ERR/LOKO/0x00000002
15:17:41.795  INFO     RX        /ERR/LOKO/0x00000002
15:17:41.829  INFO     RX        /ERR/LOKO/0x00000002
15:17:41.857  INFO     RX        /ERR/LOKO/0x00000002
15:17:41.891  INFO     RX        /ERR/LOKO/0x00000002
15:17:41.950  DEBUG    TX /CONTROLL/-27,12,0,0,0,0,0,0,2
15:17:41.955  INFO     RX        /ERR/LOKO/0x00000002
15:17:41.988  INFO     RX        /ERR/LOKO/0x00000002
15:17:42.048  INFO     RX        /ERR/LOKO/0x00000002
15:17:42.113  INFO     RX        /ERR/LOKO/0x00000002
15:17:42.147  INFO     RX        /ERR/LOKO/0x00000002
15:17:42.176  INFO     RX        /ERR/LOKO/0x00000002
15:17:42.210  INFO     RX        /ERR/LOKO/0x00000002
15:17:42.241  INFO     RX        /ERR/LOKO/0x00000002
15:17:42.306  INFO     RX        /ERR/LOKO/0x00000002
15:17:42.340  INFO     RX        /ERR/LOKO/0x00000002
15:17:42.373  INFO     RX        /ERR/LOKO/0x00000002
15:17:42.402  INFO     RX        /ERR/LOKO/0x00000002
15:17:42.438  INFO     RX        /ERR/LOKO/0x00000002
15:17:42.503  INFO     RX        /ERR/LOKO/0x00000002
15:17:42.533  INFO     RX        /ERR/LOKO/0x00000002
15:17:42.569  INFO     RX        /ERR/LOKO/0x00000002
15:17:42.598  INFO     RX        /ERR/LOKO/0x00000002
15:17:42.633  INFO     RX        /ERR/LOKO/0x00000002
15:17:42.665  INFO     RX        /ERR/LOKO/0x00000002
15:17:42.839  INFO     RX        /ERR/LOKO/0x00000002
15:17:42.839  INFO     RX        /ERR/LOKO/0x00000002
15:17:42.839  INFO     RX        /ERR/LOKO/0x00000002
15:17:42.888  INFO     RX        /ERR/LOKO/0x00000002
15:17:42.922  INFO     RX        /ERR/LOKO/0x00000002
15:17:42.952  INFO     RX        /ERR/LOKO/0x00000002
15:17:42.988  INFO     RX        /ERR/LOKO/0x00000002
15:17:43.016  INFO     RX        /ERR/LOKO/0x00000002
15:17:43.080  INFO     RX        /ERR/LOKO/0x00000002
15:17:43.115  INFO     RX        /ERR/LOKO/0x00000002
15:17:43.144  INFO     RX        /ERR/LOKO/0x00000002
15:17:43.177  INFO     RX        /ERR/LOKO/0x00000002
15:17:43.213  INFO     RX        /ERR/LOKO/0x00000002
15:17:43.276  INFO     RX        /ERR/LOKO/0x00000002
15:17:43.308  INFO     RX        /ERR/LOKO/0x00000002
15:17:43.339  INFO     RX        /ERR/LOKO/0x00000002
15:17:43.374  INFO     RX        /ERR/LOKO/0x00000002
15:17:43.403  INFO     RX        /ERR/LOKO/0x00000002
15:17:43.467  INFO     RX        /ERR/LOKO/0x00000002
15:17:43.531  INFO     RX        /ERR/LOKO/0x00000002
15:17:43.561  DEBUG    TX /CONTROLL/-27,12,0,0,0,0,0,0,2
15:17:43.567  INFO     RX        /ERR/LOKO/0x00000002
15:17:43.596  INFO     RX        /ERR/LOKO/0x00000002
15:17:43.660  INFO     RX        /ERR/LOKO/0x00000002
15:17:43.695  INFO     RX        /ERR/LOKO/0x00000002
15:17:43.724  INFO     RX        /ERR/LOKO/0x00000002
15:17:43.756  INFO     RX        /ERR/LOKO/0x00000002
15:17:43.794  INFO     RX        /ERR/LOKO/0x00000002
15:17:43.853  INFO     RX        /ERR/LOKO/0x00000002
15:17:43.885  INFO     RX        /ERR/LOKO/0x00000002
15:17:43.919  INFO     RX        /ERR/LOKO/0x00000002
15:17:43.949  INFO     RX        /ERR/LOKO/0x00000002
15:17:43.984  INFO     RX        /ERR/LOKO/0x00000002
15:17:44.046  INFO     RX        /ERR/LOKO/0x00000002
15:17:44.081  INFO     RX        /ERR/LOKO/0x00000002
15:17:44.114  INFO     RX        /ERR/LOKO/0x00000002
15:17:44.146  INFO     RX        /ERR/LOKO/0x00000002
15:17:44.175  INFO     RX        /ERR/LOKO/0x00000002
15:17:44.210  INFO     RX        /ERR/LOKO/0x00000002
15:17:44.210  INFO     RX        /ERR/LOKO/0x00000002
15:17:44.239  INFO     RX        /ERR/LOKO/0x00000002
15:17:44.239  INFO     RX        /ERR/LOKO/0x00000002
15:17:44.239  INFO     RX        /ERR/LOKO/0x00000002
15:17:44.274  INFO     RX        /ERR/LOKO/0x00000002
15:17:44.274  INFO     RX        /ERR/LOKO/0x00000002
15:17:44.274  INFO     RX        /ERR/LOKO/0x00000002
15:17:44.303  INFO     RX        /ERR/LOKO/0x00000002
15:17:44.303  INFO     RX        /ERR/LOKO/0x00000002
15:17:44.337  INFO     RX        /ERR/LOKO/0x00000002
15:17:44.337  INFO     RX        /ERR/LOKO/0x00000002
15:17:44.337  INFO     RX        /ERR/LOKO/0x00000002
15:17:44.370  INFO     RX        /ERR/LOKO/0x00000002
15:17:44.370  INFO     RX        /ERR/LOKO/0x00000002
15:17:44.370  INFO     RX        /ERR/LOKO/0x00000002
15:17:44.403  INFO     RX        /ERR/LOKO/0x00000002
15:17:44.403  INFO     RX        /ERR/LOKO/0x00000002
15:17:44.435  INFO     RX        /ERR/LOKO/0x00000002
15:17:44.435  INFO     RX        /ERR/LOKO/0x00000002
15:17:44.435  INFO     RX        /ERR/LOKO/0x00000002
15:17:44.465  INFO     RX        /ERR/LOKO/0x00000002
15:17:44.465  INFO     RX        /ERR/LOKO/0x00000002
15:17:44.465  INFO     RX        /ERR/LOKO/0x00000002
15:17:44.499  INFO     RX        /ERR/LOKO/0x00000002
15:17:44.499  INFO     RX        /ERR/LOKO/0x00000002
15:17:44.500  INFO     RX        /ERR/LOKO/0x00000002
15:17:44.529  INFO     RX        /ERR/LOKO/0x00000002
15:17:44.529  INFO     RX        /ERR/LOKO/0x00000002
15:17:44.561  INFO     RX        /ERR/LOKO/0x00000002
15:17:44.561  INFO     RX        /ERR/LOKO/0x00000002
15:17:44.561  INFO     RX        /ERR/LOKO/0x00000002
15:17:44.598  INFO     RX        /ERR/LOKO/0x00000002
15:17:44.598  INFO     RX        /ERR/LOKO/0x00000002
15:17:44.598  INFO     RX        /ERR/LOKO/0x00000002
15:17:44.626  INFO     RX        /ERR/LOKO/0x00000002
15:17:44.626  INFO     RX        /ERR/LOKO/0x00000002
15:17:44.626  INFO     RX        /ERR/LOKO/0x00000002
15:17:44.660  INFO     RX        /ERR/LOKO/0x00000002
15:17:44.660  INFO     RX        /ERR/LOKO/0x00000002
15:17:44.660  INFO     RX        /ERR/LOKO/0x00000002
15:17:44.693  INFO     RX        /ERR/LOKO/0x00000002
15:17:44.693  INFO     RX        /ERR/LOKO/0x00000002
15:17:44.725  INFO     RX        /ERR/LOKO/0x00000002
15:17:44.755  INFO     RX        /ERR/LOKO/0x00000002
15:17:44.790  INFO     RX        /ERR/LOKO/0x00000002
15:17:44.822  INFO     RX        /ERR/LOKO/0x00000002
15:17:44.854  INFO     RX        /ERR/LOKO/0x00000002
15:17:44.918  INFO     RX        /ERR/LOKO/0x00000002
15:17:45.014  INFO     RX        /ERR/LOKO/0x00000002
15:17:45.080  INFO     RX        /ERR/LOKO/0x00000002
15:17:45.109  INFO     RX        /ERR/LOKO/0x00000002
15:17:45.143  INFO     RX        /ERR/LOKO/0x00000002
15:17:45.169  DEBUG    TX /CONTROLL/15,0,0,0,0,0,0,0,2
15:17:45.172  INFO     RX        /ERR/LOKO/0x00000002
15:17:45.204  INFO     RX        /ERR/LOKO/0x00000002
15:17:45.247  INFO     RX        /ERR/LOKO/0x00000002
15:17:45.304  INFO     RX        /ERR/LOKO/0x00000002
15:17:45.332  INFO     RX        /ERR/LOKO/0x00000002
15:17:45.367  INFO     RX        /ERR/LOKO/0x00000002
15:17:45.397  INFO     RX        /ERR/LOKO/0x00000002
15:17:45.431  INFO     RX        /ERR/LOKO/0x00000002
15:17:45.496  INFO     RX        /ERR/LOKO/0x00000002
15:17:45.525  INFO     RX        /ERR/LOKO/0x00000002
15:17:45.558  INFO     RX        /ERR/LOKO/0x00000002
15:17:45.591  INFO     RX        /ERR/LOKO/0x00000002
15:17:45.625  INFO     RX        /ERR/LOKO/0x00000002
15:17:45.686  INFO     RX        /ERR/LOKO/0x00000002
15:17:45.723  INFO     RX        /ERR/LOKO/0x00000002
15:17:45.752  INFO     RX        /ERR/LOKO/0x00000002
15:17:45.784  INFO     RX        /ERR/LOKO/0x00000002
15:17:45.850  INFO     RX        /ERR/LOKO/0x00000002
15:17:45.881  INFO     RX        /ERR/LOKO/0x00000002
15:17:45.920  INFO     RX        /ERR/LOKO/0x00000002
15:17:45.946  INFO     RX        /ERR/LOKO/0x00000002
15:17:45.981  INFO     RX        /ERR/LOKO/0x00000002
15:17:46.120  INFO     RX        /ERR/LOKO/0x00000002
15:17:46.120  INFO     RX        /ERR/LOKO/0x00000002
15:17:46.120  INFO     RX        /ERR/LOKO/0x00000002
15:17:46.130  INFO     RX        /ERR/LOKO/0x00000002
15:17:46.171  INFO     RX        /ERR/LOKO/0x00000002
15:17:46.207  INFO     RX        /ERR/LOKO/0x00000002
15:17:46.237  INFO     RX        /ERR/LOKO/0x00000002
15:17:46.237  INFO     RX        /ERR/LOKO/0x00000002
15:17:46.272  INFO     RX        /ERR/LOKO/0x00000002
15:17:46.272  INFO     RX        /ERR/LOKO/0x00000002
15:17:46.272  INFO     RX        /ERR/LOKO/0x00000002
15:17:46.302  INFO     RX        /ERR/LOKO/0x00000002
15:17:46.303  INFO     RX        /ERR/LOKO/0x00000002
15:17:46.303  INFO     RX        /ERR/LOKO/0x00000002
15:17:46.338  INFO     RX        /ERR/LOKO/0x00000002
15:17:46.338  INFO     RX        /ERR/LOKO/0x00000002
15:17:46.338  INFO     RX        /ERR/LOKO/0x00000002
15:17:46.370  INFO     RX        /ERR/LOKO/0x00000002
15:17:46.370  INFO     RX        /ERR/LOKO/0x00000002
15:17:46.399  INFO     RX        /ERR/LOKO/0x00000002
15:17:46.399  INFO     RX        /ERR/LOKO/0x00000002
15:17:46.399  INFO     RX        /ERR/LOKO/0x00000002
15:17:46.433  INFO     RX        /ERR/LOKO/0x00000002
15:17:46.434  INFO     RX        /ERR/LOKO/0x00000002
15:17:46.434  INFO     RX        /ERR/LOKO/0x00000002
15:17:46.465  INFO     RX        /ERR/LOKO/0x00000002
15:17:46.465  INFO     RX        /ERR/LOKO/0x00000002
15:17:46.498  INFO     RX        /ERR/LOKO/0x00000002
15:17:46.498  INFO     RX        /ERR/LOKO/0x00000002
15:17:46.498  INFO     RX        /ERR/LOKO/0x00000002
15:17:46.529  INFO     RX        /ERR/LOKO/0x00000002
15:17:46.529  INFO     RX        /ERR/LOKO/0x00000002
15:17:46.529  INFO     RX        /ERR/LOKO/0x00000002
15:17:46.563  INFO     RX        /ERR/LOKO/0x00000002
15:17:46.563  INFO     RX        /ERR/LOKO/0x00000002
15:17:46.563  INFO     RX        /ERR/LOKO/0x00000002
15:17:46.593  INFO     RX        /ERR/LOKO/0x00000002
15:17:46.593  INFO     RX        /ERR/LOKO/0x00000002
15:17:46.627  INFO     RX        /ERR/LOKO/0x00000002
15:17:46.627  INFO     RX        /ERR/LOKO/0x00000002
15:17:46.627  INFO     RX        /ERR/LOKO/0x00000002
15:17:46.656  INFO     RX        /ERR/LOKO/0x00000002
15:17:46.782  DEBUG    TX /CONTROLL/0,0,0,0,0,0,0,0,0
15:17:47.365  INFO     RX        /ERR/LOKO/0x00000002
15:17:47.365  INFO     RX        /ERR/LOKO/0x00000002
15:17:47.397  INFO     RX        /ERR/LOKO/0x00000002
15:17:47.397  INFO     RX        /ERR/LOKO/0x00000002
15:17:47.398  INFO     RX        /ERR/LOKO/0x00000002
15:17:47.430  INFO     RX        /ERR/LOKO/0x00000002
15:17:47.430  INFO     RX        /ERR/LOKO/0x00000002
15:17:47.430  INFO     RX        /ERR/LOKO/0x00000002
15:17:47.462  INFO     RX        /ERR/LOKO/0x00000002
15:17:47.462  INFO     RX        /ERR/LOKO/0x00000002
15:17:47.497  INFO     RX        /ERR/LOKO/0x00000002
15:17:47.497  INFO     RX        /ERR/LOKO/0x00000002
15:17:47.497  INFO     RX        /ERR/LOKO/0x00000002
15:17:47.529  INFO     RX        /ERR/LOKO/0x00000002
15:17:47.529  INFO     RX        /ERR/LOKO/0x00000002
15:17:47.530  INFO     RX        /ERR/LOKO/0x00000002
15:17:47.558  INFO     RX        /ERR/LOKO/0x00000002
15:17:47.754  INFO     RX        /ERR/LOKO/0x00000002
15:17:47.754  INFO     RX        /ERR/LOKO/0x00000002
15:17:47.783  INFO     RX        /ERR/LOKO/0x00000002
15:17:47.783  INFO     RX        /ERR/LOKO/0x00000002
15:17:47.819  INFO     RX        /ERR/LOKO/0x00000002
15:17:47.819  INFO     RX        /ERR/LOKO/0x00000002
15:17:47.819  INFO     RX        /ERR/LOKO/0x00000002
15:17:47.848  INFO     RX        /ERR/LOKO/0x00000002
15:17:47.848  INFO     RX        /ERR/LOKO/0x00000002
15:17:47.848  INFO     RX        /ERR/LOKO/0x00000002
15:17:47.880  INFO     RX        /ERR/LOKO/0x00000002
15:17:47.880  INFO     RX        /ERR/LOKO/0x00000002
15:17:47.917  INFO     RX        /ERR/LOKO/0x00000002
15:17:47.917  INFO     RX        /ERR/LOKO/0x00000002
15:17:47.917  INFO     RX        /ERR/LOKO/0x00000002
15:17:47.946  INFO     RX        /ERR/LOKO/0x00000002
15:17:47.946  INFO     RX        /ERR/LOKO/0x00000002
15:17:47.946  INFO     RX        /ERR/LOKO/0x00000002
15:17:47.980  INFO     RX        /ERR/LOKO/0x00000002
15:17:47.980  INFO     RX        /ERR/LOKO/0x00000002
15:17:47.980  INFO     RX        /ERR/LOKO/0x00000002
15:17:48.010  INFO     RX        /ERR/LOKO/0x00000002
15:17:48.010  INFO     RX        /ERR/LOKO/0x00000002
15:17:48.044  INFO     RX        /ERR/LOKO/0x00000002
15:17:48.044  INFO     RX        /ERR/LOKO/0x00000002
15:17:48.044  INFO     RX        /ERR/LOKO/0x00000002
15:17:48.073  INFO     RX        /ERR/LOKO/0x00000002
15:17:48.073  INFO     RX        /ERR/LOKO/0x00000002
15:17:48.073  INFO     RX        /ERR/LOKO/0x00000002
15:17:48.111  INFO     RX        /ERR/LOKO/0x00000002
15:17:48.111  INFO     RX        /ERR/LOKO/0x00000002
15:17:48.111  INFO     RX        /ERR/LOKO/0x00000002
15:17:48.137  INFO     RX        /ERR/LOKO/0x00000002
15:17:48.138  INFO     RX        /ERR/LOKO/0x00000002
15:17:48.169  INFO     RX        /ERR/LOKO/0x00000002
15:17:48.169  INFO     RX        /ERR/LOKO/0x00000002
15:17:48.169  INFO     RX        /ERR/LOKO/0x00000002
15:17:48.205  INFO     RX        /ERR/LOKO/0x00000002
15:17:48.392  DEBUG    TX /CONTROLL/0,0,0,0,0,0,0,0,2
15:17:48.428  INFO     RX        /ERR/LOKO/0x00000002
15:17:48.428  INFO     RX        /ERR/LOKO/0x00000002
15:17:48.463  INFO     RX        /ERR/LOKO/0x00000002
15:17:48.463  INFO     RX        /ERR/LOKO/0x00000002
15:17:48.492  INFO     RX        /ERR/LOKO/0x00000002
15:17:48.492  INFO     RX        /ERR/LOKO/0x00000002
15:17:48.492  INFO     RX        /ERR/LOKO/0x00000002
15:17:48.527  INFO     RX        /ERR/LOKO/0x00000002
15:17:48.527  INFO     RX        /ERR/LOKO/0x00000002
15:17:48.527  INFO     RX        /ERR/LOKO/0x00000002
15:17:48.556  INFO     RX        /ERR/LOKO/0x00000002
15:17:49.041  INFO     RX        /ERR/LOKO/0x00000002
15:17:49.078  INFO     RX        /ERR/LOKO/0x00000002
15:17:49.078  INFO     RX        /ERR/LOKO/0x00000002
15:17:49.078  INFO     RX        /ERR/LOKO/0x00000002
15:17:49.106  INFO     RX        /ERR/LOKO/0x00000002
15:17:49.106  INFO     RX        /ERR/LOKO/0x00000002
15:17:49.106  INFO     RX        /ERR/LOKO/0x00000002
15:17:49.140  INFO     RX        /ERR/LOKO/0x00000002
15:17:49.140  INFO     RX        /ERR/LOKO/0x00000002
15:17:49.174  INFO     RX        /ERR/LOKO/0x00000002
15:17:49.174  INFO     RX        /ERR/LOKO/0x00000002
15:17:49.174  INFO     RX        /ERR/LOKO/0x00000002
15:17:49.202  INFO     RX        /ERR/LOKO/0x00000002
15:17:49.266  INFO     RX        /ERR/LOKO/0x00000002
15:17:49.301  INFO     RX        /ERR/LOKO/0x00000002
15:17:49.302  INFO     RX        /ERR/LOKO/0x00000002
15:17:49.302  INFO     RX        /ERR/LOKO/0x00000002
15:17:49.330  INFO     RX        /ERR/LOKO/0x00000002
15:17:49.330  INFO     RX        /ERR/LOKO/0x00000002
15:17:49.330  INFO     RX        /ERR/LOKO/0x00000002
15:17:49.363  INFO     RX        /ERR/LOKO/0x00000002
15:17:49.363  INFO     RX        /ERR/LOKO/0x00000002
15:17:49.363  INFO     RX        /ERR/LOKO/0x00000002
15:17:49.397  INFO     RX        /ERR/LOKO/0x00000002
15:17:49.397  INFO     RX        /ERR/LOKO/0x00000002
15:17:49.397  INFO     RX        /ERR/LOKO/0x00000002
15:17:49.431  INFO     RX        /ERR/LOKO/0x00000002
15:17:49.431  INFO     RX        /ERR/LOKO/0x00000002
15:17:49.458  INFO     RX        /ERR/LOKO/0x00000002
15:17:49.459  INFO     RX        /ERR/LOKO/0x00000002
15:17:49.459  INFO     RX        /ERR/LOKO/0x00000002
15:17:49.490  INFO     RX        /ERR/LOKO/0x00000002
15:17:49.490  INFO     RX        /ERR/LOKO/0x00000002
15:17:49.526  INFO     RX        /ERR/LOKO/0x00000002
15:17:49.526  INFO     RX        /ERR/LOKO/0x00000002
15:17:49.526  INFO     RX        /ERR/LOKO/0x00000002
15:17:49.558  INFO     RX        /ERR/LOKO/0x00000002
15:17:49.559  INFO     RX        /ERR/LOKO/0x00000002
15:17:49.559  INFO     RX        /ERR/LOKO/0x00000002
15:17:49.588  INFO     RX        /ERR/LOKO/0x00000002
15:17:49.588  INFO     RX        /ERR/LOKO/0x00000002
15:17:49.588  INFO     RX        /ERR/LOKO/0x00000002
15:17:49.622  INFO     RX        /ERR/LOKO/0x00000002
15:17:49.622  INFO     RX        /ERR/LOKO/0x00000002
15:17:49.622  INFO     RX        /ERR/LOKO/0x00000002
15:17:49.650  INFO     RX        /ERR/LOKO/0x00000002
15:17:49.651  INFO     RX        /ERR/LOKO/0x00000002
15:17:49.686  INFO     RX        /ERR/LOKO/0x00000002
15:17:49.686  INFO     RX        /ERR/LOKO/0x00000002
15:17:49.686  INFO     RX        /ERR/LOKO/0x00000002
15:17:49.716  INFO     RX        /ERR/LOKO/0x00000002
15:17:50.004  DEBUG    TX /CONTROLL/0,0,0,0,0,0,0,0,0
15:17:51.587  INFO     RX        /ERR/LOKO/0x00000002
15:17:51.587  INFO     RX        /ERR/LOKO/0x00000002
15:17:51.613  DEBUG    TX /CONTROLL/0,0,0,0,0,0,1,0,0
15:17:51.619  INFO     RX        /ERR/LOKO/0x00000002
15:17:51.619  INFO     RX        /ERR/LOKO/0x00000002
15:17:51.619  INFO     RX        /ERR/LOKO/0x00000002
15:17:51.648  INFO     RX        /ERR/LOKO/0x00000002
15:17:51.648  INFO     RX        /ERR/LOKO/0x00000002
15:17:51.680  INFO     RX        /ERR/LOKO/0x00000002
15:17:51.680  INFO     RX        /ERR/LOKO/0x00000002
15:17:51.680  INFO     RX        /ERR/LOKO/0x00000002
15:17:51.718  INFO     RX        /ERR/LOKO/0x00000002
15:17:51.718  INFO     RX        /ERR/LOKO/0x00000002
15:17:51.718  INFO     RX        /ERR/LOKO/0x00000002
15:17:51.746  INFO     RX        /ERR/LOKO/0x00000002
15:17:51.746  INFO     RX        /ERR/LOKO/0x00000002
15:17:51.746  INFO     RX        /ERR/LOKO/0x00000002
15:17:51.778  INFO     RX        /ERR/LOKO/0x00000002
15:17:51.778  INFO     RX        /ERR/LOKO/0x00000002
15:17:51.810  INFO     RX        /ERR/LOKO/0x00000002
15:17:51.811  INFO     RX        /ERR/LOKO/0x00000002
15:17:51.811  INFO     RX        /ERR/LOKO/0x00000002
15:17:51.847  INFO     RX        /ERR/LOKO/0x00000002
15:17:51.847  INFO     RX        /ERR/LOKO/0x00000002
15:17:51.847  INFO     RX        /ERR/LOKO/0x00000002
15:17:51.875  INFO     RX        /ERR/LOKO/0x00000002
15:17:51.875  INFO     RX        /ERR/LOKO/0x00000002
15:17:51.875  INFO     RX        /ERR/LOKO/0x00000002
15:17:51.910  INFO     RX        /ERR/LOKO/0x00000002
15:17:51.910  INFO     RX        /ERR/LOKO/0x00000002
15:17:51.910  INFO     RX        /ERR/LOKO/0x00000002
15:17:51.939  INFO     RX        /ERR/LOKO/0x00000002
15:17:51.939  INFO     RX        /ERR/LOKO/0x00000002
15:17:51.970  INFO     RX        /ERR/LOKO/0x00000002
15:17:51.970  INFO     RX        /ERR/LOKO/0x00000002
15:17:51.970  INFO     RX        /ERR/LOKO/0x00000002
15:17:52.005  INFO     RX        /ERR/LOKO/0x00000002
15:17:52.005  INFO     RX        /ERR/LOKO/0x00000002
15:17:52.005  INFO     RX        /ERR/LOKO/0x00000002
15:17:52.033  INFO     RX        /ERR/LOKO/0x00000002
15:17:52.034  INFO     RX        /ERR/LOKO/0x00000002
15:17:52.069  INFO     RX        /ERR/LOKO/0x00000002
15:17:52.069  INFO     RX        /ERR/LOKO/0x00000002
15:17:52.069  INFO     RX        /ERR/LOKO/0x00000002
15:17:52.102  INFO     RX        /ERR/LOKO/0x00000002
15:17:52.102  INFO     RX        /ERR/LOKO/0x00000002
15:17:52.102  INFO     RX        /ERR/LOKO/0x00000002
15:17:52.130  INFO     RX        /ERR/LOKO/0x00000002
15:17:52.130  INFO     RX        /ERR/LOKO/0x00000002
15:17:52.162  INFO     RX        /ERR/LOKO/0x00000002
15:17:52.162  INFO     RX        /ERR/LOKO/0x00000002
15:17:52.162  INFO     RX        /ERR/LOKO/0x00000002
15:17:52.198  INFO     RX        /ERR/LOKO/0x00000002
15:17:52.198  INFO     RX        /ERR/LOKO/0x00000002
15:17:52.198  INFO     RX        /ERR/LOKO/0x00000002
15:17:52.225  INFO     RX        /ERR/LOKO/0x00000002
15:17:52.225  INFO     RX        /ERR/LOKO/0x00000002
15:17:52.225  INFO     RX        /ERR/LOKO/0x00000002
15:17:52.260  INFO     RX        /ERR/LOKO/0x00000002
15:17:52.260  INFO     RX        /ERR/LOKO/0x00000002
15:17:52.260  INFO     RX        /ERR/LOKO/0x00000002
15:17:52.289  INFO     RX        /ERR/LOKO/0x00000002
15:17:52.289  INFO     RX        /ERR/LOKO/0x00000002
15:17:52.324  INFO     RX        /ERR/LOKO/0x00000002
15:17:52.324  INFO     RX        /ERR/LOKO/0x00000002
15:17:52.324  INFO     RX        /ERR/LOKO/0x00000002
15:17:52.354  INFO     RX        /ERR/LOKO/0x00000002
15:17:52.354  INFO     RX        /ERR/LOKO/0x00000002
15:17:52.403  INFO     RX        /ERR/LOKO/0x00000002
15:17:52.403  INFO     RX        /ERR/LOKO/0x00000002
15:17:52.403  INFO     RX        /ERR/LOKO/0x00000002
15:17:52.404  INFO     RX        /ERR/LOKO/0x00000002
15:17:52.418  INFO     RX        /ERR/LOKO/0x00000002
15:17:52.418  INFO     RX        /ERR/LOKO/0x00000002
15:17:52.454  INFO     RX        /ERR/LOKO/0x00000002
15:17:52.455  INFO     RX        /ERR/LOKO/0x00000002
15:17:52.455  INFO     RX        /ERR/LOKO/0x00000002
15:17:52.483  INFO     RX        /ERR/LOKO/0x00000002
15:17:52.483  INFO     RX        /ERR/LOKO/0x00000002
15:17:52.483  INFO     RX        /ERR/LOKO/0x00000002
15:17:52.515  INFO     RX        /ERR/LOKO/0x00000002
15:17:52.515  INFO     RX        /ERR/LOKO/0x00000002
15:17:52.551  INFO     RX        /ERR/LOKO/0x00000002
15:17:52.551  INFO     RX        /ERR/LOKO/0x00000002
15:17:52.551  INFO     RX        /ERR/LOKO/0x00000002
15:17:52.580  INFO     RX        /ERR/LOKO/0x00000002
15:17:52.580  INFO     RX        /ERR/LOKO/0x00000002
15:17:52.580  INFO     RX        /ERR/LOKO/0x00000002
15:17:52.612  INFO     RX        /ERR/LOKO/0x00000002
15:17:52.612  INFO     RX        /ERR/LOKO/0x00000002
15:17:52.612  INFO     RX        /ERR/LOKO/0x00000002
15:17:52.644  INFO     RX        /ERR/LOKO/0x00000002
15:17:52.644  INFO     RX        /ERR/LOKO/0x00000002
15:17:52.679  INFO     RX        /ERR/LOKO/0x00000002
15:17:52.679  INFO     RX        /ERR/LOKO/0x00000002
15:17:52.679  INFO     RX        /ERR/LOKO/0x00000002
15:17:52.719  INFO     RX        /ERR/LOKO/0x00000002
15:17:52.719  INFO     RX        /ERR/LOKO/0x00000002
15:17:52.719  INFO     RX        /ERR/LOKO/0x00000002
15:17:52.719  INFO     RX        /ERR/LOKO/0x00000002
15:17:52.740  INFO     RX        /ERR/LOKO/0x00000002
15:17:52.740  INFO     RX        /ERR/LOKO/0x00000002
15:17:52.776  INFO     RX        /ERR/LOKO/0x00000002
15:17:52.776  INFO     RX        /ERR/LOKO/0x00000002
15:17:52.776  INFO     RX        /ERR/LOKO/0x00000002
15:17:52.805  INFO     RX        /ERR/LOKO/0x00000002
15:17:52.805  INFO     RX        /ERR/LOKO/0x00000002
15:17:52.840  INFO     RX        /ERR/LOKO/0x00000002
15:17:52.840  INFO     RX        /ERR/LOKO/0x00000002
15:17:52.840  INFO     RX        /ERR/LOKO/0x00000002
15:17:52.874  INFO     RX        /ERR/LOKO/0x00000002
15:17:52.874  INFO     RX        /ERR/LOKO/0x00000002
15:17:52.874  INFO     RX        /ERR/LOKO/0x00000002
15:17:52.900  INFO     RX        /ERR/LOKO/0x00000002
15:17:52.900  INFO     RX        /ERR/LOKO/0x00000002
15:17:52.932  INFO     RX        /ERR/LOKO/0x00000002
15:17:52.932  INFO     RX        /ERR/LOKO/0x00000002
15:17:52.932  INFO     RX        /ERR/LOKO/0x00000002
15:17:52.965  INFO     RX        /ERR/LOKO/0x00000002
15:17:52.965  INFO     RX        /ERR/LOKO/0x00000002
15:17:52.965  INFO     RX        /ERR/LOKO/0x00000002
15:17:53.000  INFO     RX        /ERR/LOKO/0x00000002
15:17:53.000  INFO     RX        /ERR/LOKO/0x00000002
15:17:53.000  INFO     RX        /ERR/LOKO/0x00000002
15:17:53.031  INFO     RX        /ERR/LOKO/0x00000002
15:17:53.031  INFO     RX        /ERR/LOKO/0x00000002
15:17:53.061  INFO     RX        /ERR/LOKO/0x00000002
15:17:53.062  INFO     RX        /ERR/LOKO/0x00000002
15:17:53.062  INFO     RX        /ERR/LOKO/0x00000002
15:17:53.096  INFO     RX        /ERR/LOKO/0x00000002
15:17:53.097  INFO     RX        /ERR/LOKO/0x00000002
15:17:53.097  INFO     RX        /ERR/LOKO/0x00000002
15:17:53.125  INFO     RX        /ERR/LOKO/0x00000002
15:17:53.125  INFO     RX        /ERR/LOKO/0x00000002
15:17:53.125  INFO     RX        /ERR/LOKO/0x00000002
15:17:53.162  INFO     RX        /ERR/LOKO/0x00000002
15:17:53.162  INFO     RX        /ERR/LOKO/0x00000002
15:17:53.162  INFO     RX        /ERR/LOKO/0x00000002
15:17:53.189  INFO     RX        /ERR/LOKO/0x00000002
15:17:53.189  INFO     RX        /ERR/LOKO/0x00000002
15:17:53.219  DEBUG    TX /CONTROLL/0,0,0,0,0,0,0,0,0
15:17:53.221  INFO     RX        /ERR/LOKO/0x00000002
15:17:53.221  INFO     RX        /ERR/LOKO/0x00000002
15:17:53.221  INFO     RX        /ERR/LOKO/0x00000002
15:17:53.254  INFO     RX        /ERR/LOKO/0x00000002
15:17:53.254  INFO     RX        /ERR/LOKO/0x00000002
15:17:53.254  INFO     RX        /ERR/LOKO/0x00000002
15:17:53.289  INFO     RX        /ERR/LOKO/0x00000002
15:17:53.289  INFO     RX        /ERR/LOKO/0x00000002
15:17:53.289  INFO     RX        /ERR/LOKO/0x00000002
15:17:53.318  INFO     RX        /ERR/LOKO/0x00000002
15:17:53.318  INFO     RX        /ERR/LOKO/0x00000002
15:17:53.350  INFO     RX        /ERR/LOKO/0x00000002
15:17:53.350  INFO     RX        /ERR/LOKO/0x00000002
15:17:53.350  INFO     RX        /ERR/LOKO/0x00000002
15:17:53.382  INFO     RX        /ERR/LOKO/0x00000002
15:17:53.382  INFO     RX        /ERR/LOKO/0x00000002
15:17:53.382  INFO     RX        /ERR/LOKO/0x00000002
15:17:53.414  INFO     RX        /ERR/LOKO/0x00000002
15:17:53.414  INFO     RX        /ERR/LOKO/0x00000002
15:17:53.450  INFO     RX        /ERR/LOKO/0x00000002
15:17:53.450  INFO     RX        /ERR/LOKO/0x00000002
15:17:53.450  INFO     RX        /ERR/LOKO/0x00000002
15:17:53.450  INFO     RX        /ERR/LOKO/0x00000002
15:17:53.481  INFO     RX        /ERR/LOKO/0x00000002
15:17:53.481  INFO     RX        /ERR/LOKO/0x00000002
15:17:53.511  INFO     RX        /ERR/LOKO/0x00000002
15:17:53.512  INFO     RX        /ERR/LOKO/0x00000002
15:17:53.512  INFO     RX        /ERR/LOKO/0x00000002
15:17:53.548  INFO     RX        /ERR/LOKO/0x00000002
15:17:53.549  INFO     RX        /ERR/LOKO/0x00000002
15:17:53.549  INFO     RX        /ERR/LOKO/0x00000002
15:17:53.579  INFO     RX        /ERR/LOKO/0x00000002
15:17:53.580  INFO     RX        /ERR/LOKO/0x00000002
15:17:53.580  INFO     RX        /ERR/LOKO/0x00000002
15:17:53.617  INFO     RX        /ERR/LOKO/0x00000002
15:17:53.617  INFO     RX        /ERR/LOKO/0x00000002
15:17:53.617  INFO     RX        /ERR/LOKO/0x00000002
15:17:53.645  INFO     RX        /ERR/LOKO/0x00000002
15:17:53.645  INFO     RX        /ERR/LOKO/0x00000002
15:17:53.682  INFO     RX        /ERR/LOKO/0x00000002
15:17:53.682  INFO     RX        /ERR/LOKO/0x00000002
15:17:53.682  INFO     RX        /ERR/LOKO/0x00000002
15:17:53.682  INFO     RX        /ERR/LOKO/0x00000002
15:17:53.714  INFO     RX        /ERR/LOKO/0x00000002
15:17:53.714  INFO     RX        /ERR/LOKO/0x00000002
15:17:53.856  INFO     RX        /ERR/LOKO/0x00000002
15:17:53.856  INFO     RX        /ERR/LOKO/0x00000002
15:17:53.856  INFO     RX        /ERR/LOKO/0x00000002
15:17:53.856  INFO     RX        /ERR/LOKO/0x00000002
15:17:53.856  INFO     RX        /ERR/LOKO/0x00000002
15:17:53.856  INFO     RX        /ERR/LOKO/0x00000002
15:17:53.856  INFO     RX        /ERR/LOKO/0x00000002
15:17:53.856  INFO     RX        /ERR/LOKO/0x00000002
15:17:53.856  INFO     RX        /ERR/LOKO/0x00000002
15:17:53.856  INFO     RX        /ERR/LOKO/0x00000002
15:17:53.856  INFO     RX        /ERR/LOKO/0x00000002
15:17:53.860  INFO     RX        /ERR/LOKO/0x00000002
15:17:53.860  INFO     RX        /ERR/LOKO/0x00000002
15:17:53.868  INFO     RX        /ERR/LOKO/0x00000002
15:17:53.907  INFO     RX        /ERR/LOKO/0x00000002
15:17:53.907  INFO     RX        /ERR/LOKO/0x00000002
15:17:53.907  INFO     RX        /ERR/LOKO/0x00000002
15:17:53.942  INFO     RX        /ERR/LOKO/0x00000002
15:17:53.942  INFO     RX        /ERR/LOKO/0x00000002
15:17:53.942  INFO     RX        /ERR/LOKO/0x00000002
15:17:53.972  INFO     RX        /ERR/LOKO/0x00000002
15:17:54.838  DEBUG    TX /CONTROLL/0,0,0,0,0,0,0,0,0
15:17:55.196  INFO     RX        /ERR/LOKO/0x00000002
15:17:55.232  INFO     RX        /ERR/LOKO/0x00000002
15:17:55.232  INFO     RX        /ERR/LOKO/0x00000002
15:17:55.232  INFO     RX        /ERR/LOKO/0x00000002
15:17:55.261  INFO     RX        /ERR/LOKO/0x00000002
15:17:55.261  INFO     RX        /ERR/LOKO/0x00000002
15:17:55.261  INFO     RX        /ERR/LOKO/0x00000002
15:17:55.296  INFO     RX        /ERR/LOKO/0x00000002
15:17:55.296  INFO     RX        /ERR/LOKO/0x00000002
15:17:55.296  INFO     RX        /ERR/LOKO/0x00000002
15:17:55.326  INFO     RX        /ERR/LOKO/0x00000002
15:17:55.326  INFO     RX        /ERR/LOKO/0x00000002
15:17:55.358  INFO     RX        /ERR/LOKO/0x00000002
15:17:55.359  INFO     RX        /ERR/LOKO/0x00000002
15:17:55.359  INFO     RX        /ERR/LOKO/0x00000002
15:17:55.390  INFO     RX        /ERR/LOKO/0x00000002
15:17:55.391  INFO     RX        /ERR/LOKO/0x00000002
15:17:55.391  INFO     RX        /ERR/LOKO/0x00000002
15:17:55.427  INFO     RX        /ERR/LOKO/0x00000002
15:17:55.427  INFO     RX        /ERR/LOKO/0x00000002
15:17:55.427  INFO     RX        /ERR/LOKO/0x00000002
15:17:55.457  INFO     RX        /ERR/LOKO/0x00000002
15:17:55.457  INFO     RX        /ERR/LOKO/0x00000002
15:17:55.491  INFO     RX        /ERR/LOKO/0x00000002
15:17:55.909  INFO     RX        /ERR/LOKO/0x00000002
15:17:55.909  INFO     RX        /ERR/LOKO/0x00000002
15:17:55.938  INFO     RX        /ERR/LOKO/0x00000002
15:17:55.938  INFO     RX        /ERR/LOKO/0x00000002
15:17:55.970  INFO     RX        /ERR/LOKO/0x00000002
15:17:55.970  INFO     RX        /ERR/LOKO/0x00000002
15:17:55.970  INFO     RX        /ERR/LOKO/0x00000002
15:17:56.000  INFO     RX        /ERR/LOKO/0x00000002
15:17:56.000  INFO     RX        /ERR/LOKO/0x00000002
15:17:56.000  INFO     RX        /ERR/LOKO/0x00000002
15:17:56.039  INFO     RX        /ERR/LOKO/0x00000002
15:17:56.447  DEBUG    TX /CONTROLL/0,0,0,0,0,0,0,0,0
15:17:58.060  DEBUG    TX /CONTROLL/0,0,0,0,0,0,0,0,32
15:17:59.677  DEBUG    TX /CONTROLL/0,0,0,0,0,0,0,0,0
15:18:01.290  DEBUG    TX /CONTROLL/0,0,0,69,0,0,0,0,0
15:18:02.426  INFO     RX        /ERR/LOKO/0x00000002
15:18:02.427  INFO     RX        /ERR/LOKO/0x00000002
15:18:02.455  INFO     RX        /ERR/LOKO/0x00000002
15:18:02.455  INFO     RX        /ERR/LOKO/0x00000002
15:18:02.490  INFO     RX        /ERR/LOKO/0x00000002
15:18:02.490  INFO     RX        /ERR/LOKO/0x00000002
15:18:02.490  INFO     RX        /ERR/LOKO/0x00000002
15:18:02.522  INFO     RX        /ERR/LOKO/0x00000002
15:18:02.522  INFO     RX        /ERR/LOKO/0x00000002
15:18:02.522  INFO     RX        /ERR/LOKO/0x00000002
15:18:02.551  INFO     RX        /ERR/LOKO/0x00000002
15:18:02.551  INFO     RX        /ERR/LOKO/0x00000002
15:18:02.583  INFO     RX        /ERR/LOKO/0x00000002
15:18:02.583  INFO     RX        /ERR/LOKO/0x00000002
15:18:02.583  INFO     RX        /ERR/LOKO/0x00000002
15:18:02.618  INFO     RX        /ERR/LOKO/0x00000002
15:18:02.618  INFO     RX        /ERR/LOKO/0x00000002
15:18:02.618  INFO     RX        /ERR/LOKO/0x00000002
15:18:02.647  INFO     RX        /ERR/LOKO/0x00000002
15:18:02.647  INFO     RX        /ERR/LOKO/0x00000002
15:18:02.647  INFO     RX        /ERR/LOKO/0x00000002
15:18:02.682  INFO     RX        /ERR/LOKO/0x00000002
15:18:02.682  INFO     RX        /ERR/LOKO/0x00000002
15:18:02.682  INFO     RX        /ERR/LOKO/0x00000002
15:18:02.711  INFO     RX        /ERR/LOKO/0x00000002
15:18:02.711  INFO     RX        /ERR/LOKO/0x00000002
15:18:02.746  INFO     RX        /ERR/LOKO/0x00000002
15:18:02.746  INFO     RX        /ERR/LOKO/0x00000002
15:18:02.746  INFO     RX        /ERR/LOKO/0x00000002
15:18:02.778  INFO     RX        /ERR/LOKO/0x00000002
15:18:02.778  INFO     RX        /ERR/LOKO/0x00000002
15:18:02.778  INFO     RX        /ERR/LOKO/0x00000002
15:18:02.807  INFO     RX        /ERR/LOKO/0x00000002
15:18:02.807  INFO     RX        /ERR/LOKO/0x00000002
15:18:02.839  INFO     RX        /ERR/LOKO/0x00000002
15:18:02.900  DEBUG    TX /CONTROLL/0,0,0,0,0,0,0,0,0
15:18:03.289  INFO     RX        /ERR/LOKO/0x00000002
15:18:03.324  INFO     RX        /ERR/LOKO/0x00000002
15:18:03.324  INFO     RX        /ERR/LOKO/0x00000002
15:18:03.324  INFO     RX        /ERR/LOKO/0x00000002
15:18:03.353  INFO     RX        /ERR/LOKO/0x00000002
15:18:03.353  INFO     RX        /ERR/LOKO/0x00000002
15:18:03.353  INFO     RX        /ERR/LOKO/0x00000002
15:18:03.388  INFO     RX        /ERR/LOKO/0x00000002
15:18:03.389  INFO     RX        /ERR/LOKO/0x00000002
15:18:03.389  INFO     RX        /ERR/LOKO/0x00000002
15:18:03.417  INFO     RX        /ERR/LOKO/0x00000002
15:18:03.417  INFO     RX        /ERR/LOKO/0x00000002
15:18:03.449  INFO     RX        /ERR/LOKO/0x00000002
15:18:03.449  INFO     RX        /ERR/LOKO/0x00000002
15:18:03.449  INFO     RX        /ERR/LOKO/0x00000002
15:18:03.484  INFO     RX        /ERR/LOKO/0x00000002
15:18:03.484  INFO     RX        /ERR/LOKO/0x00000002
15:18:03.484  INFO     RX        /ERR/LOKO/0x00000002
15:18:03.513  INFO     RX        /ERR/LOKO/0x00000002
15:18:03.513  INFO     RX        /ERR/LOKO/0x00000002
15:18:03.547  INFO     RX        /ERR/LOKO/0x00000002
15:18:03.547  INFO     RX        /ERR/LOKO/0x00000002
15:18:03.547  INFO     RX        /ERR/LOKO/0x00000002
15:18:03.587  INFO     RX        /ERR/LOKO/0x00000002
15:18:03.587  INFO     RX        /ERR/LOKO/0x00000002
15:18:03.587  INFO     RX        /ERR/LOKO/0x00000002
15:18:03.587  INFO     RX        /ERR/LOKO/0x00000002
15:18:03.608  INFO     RX        /ERR/LOKO/0x00000002
15:18:03.644  INFO     RX        /ERR/LOKO/0x00000002
15:18:03.644  INFO     RX        /ERR/LOKO/0x00000002
15:18:03.644  INFO     RX        /ERR/LOKO/0x00000002
15:18:03.673  INFO     RX        /ERR/LOKO/0x00000002
15:18:03.673  INFO     RX        /ERR/LOKO/0x00000002
15:18:03.673  INFO     RX        /ERR/LOKO/0x00000002
15:18:03.707  INFO     RX        /ERR/LOKO/0x00000002
15:18:03.707  INFO     RX        /ERR/LOKO/0x00000002
15:18:03.707  INFO     RX        /ERR/LOKO/0x00000002
15:18:03.736  INFO     RX        /ERR/LOKO/0x00000002
15:18:03.736  INFO     RX        /ERR/LOKO/0x00000002
15:18:03.767  INFO     RX        /ERR/LOKO/0x00000002
15:18:03.899  INFO     RX        /ERR/LOKO/0x00000002
15:18:03.928  INFO     RX        /ERR/LOKO/0x00000002
15:18:03.928  INFO     RX        /ERR/LOKO/0x00000002
15:18:03.928  INFO     RX        /ERR/LOKO/0x00000002
15:18:03.963  INFO     RX        /ERR/LOKO/0x00000002
15:18:03.963  INFO     RX        /ERR/LOKO/0x00000002
15:18:03.963  INFO     RX        /ERR/LOKO/0x00000002
15:18:03.992  INFO     RX        /ERR/LOKO/0x00000002
15:18:03.992  INFO     RX        /ERR/LOKO/0x00000002
15:18:04.024  INFO     RX        /ERR/LOKO/0x00000002
15:18:04.024  INFO     RX        /ERR/LOKO/0x00000002
15:18:04.024  INFO     RX        /ERR/LOKO/0x00000002
15:18:04.062  INFO     RX        /ERR/LOKO/0x00000002
15:18:04.062  INFO     RX        /ERR/LOKO/0x00000002
15:18:04.062  INFO     RX        /ERR/LOKO/0x00000002
15:18:04.091  INFO     RX        /ERR/LOKO/0x00000002
15:18:04.092  INFO     RX        /ERR/LOKO/0x00000002
15:18:04.092  INFO     RX        /ERR/LOKO/0x00000002
15:18:04.227  INFO     RX        /ERR/LOKO/0x00000002
15:18:04.227  INFO     RX        /ERR/LOKO/0x00000002
15:18:04.227  INFO     RX        /ERR/LOKO/0x00000002
15:18:04.227  INFO     RX        /ERR/LOKO/0x00000002
15:18:04.227  INFO     RX        /ERR/LOKO/0x00000002
15:18:04.228  INFO     RX        /ERR/LOKO/0x00000002
15:18:04.228  INFO     RX        /ERR/LOKO/0x00000002
15:18:04.228  INFO     RX        /ERR/LOKO/0x00000002
15:18:04.228  INFO     RX        /ERR/LOKO/0x00000002
15:18:04.228  INFO     RX        /ERR/LOKO/0x00000002
15:18:04.232  INFO     RX        /ERR/LOKO/0x00000002
15:18:04.232  INFO     RX        /ERR/LOKO/0x00000002
15:18:04.253  INFO     RX        /ERR/LOKO/0x00000002
15:18:04.253  INFO     RX        /ERR/LOKO/0x00000002
15:18:04.286  INFO     RX        /ERR/LOKO/0x00000002
15:18:04.286  INFO     RX        /ERR/LOKO/0x00000002
15:18:04.318  INFO     RX        /ERR/LOKO/0x00000002
15:18:04.318  INFO     RX        /ERR/LOKO/0x00000002
15:18:04.318  INFO     RX        /ERR/LOKO/0x00000002
15:18:04.352  INFO     RX        /ERR/LOKO/0x00000002
15:18:04.352  INFO     RX        /ERR/LOKO/0x00000002
15:18:04.352  INFO     RX        /ERR/LOKO/0x00000002
15:18:04.386  INFO     RX        /ERR/LOKO/0x00000002
15:18:04.386  INFO     RX        /ERR/LOKO/0x00000002
15:18:04.386  INFO     RX        /ERR/LOKO/0x00000002
15:18:04.415  INFO     RX        /ERR/LOKO/0x00000002
15:18:04.415  INFO     RX        /ERR/LOKO/0x00000002
15:18:04.448  INFO     RX        /ERR/LOKO/0x00000002
15:18:04.448  INFO     RX        /ERR/LOKO/0x00000002
15:18:04.448  INFO     RX        /ERR/LOKO/0x00000002
15:18:04.483  INFO     RX        /ERR/LOKO/0x00000002
15:18:04.483  INFO     RX        /ERR/LOKO/0x00000002
15:18:04.483  INFO     RX        /ERR/LOKO/0x00000002
15:18:04.509  DEBUG    TX /CONTROLL/0,0,0,-12,0,0,0,0,0
15:18:04.512  INFO     RX        /ERR/LOKO/0x00000002
15:18:04.512  INFO     RX        /ERR/LOKO/0x00000002
15:18:04.547  INFO     RX        /ERR/LOKO/0x00000002
15:18:04.547  INFO     RX        /ERR/LOKO/0x00000002
15:18:04.547  INFO     RX        /ERR/LOKO/0x00000002
15:18:04.576  INFO     RX        /ERR/LOKO/0x00000002
15:18:04.577  INFO     RX        /ERR/LOKO/0x00000002
15:18:04.577  INFO     RX        /ERR/LOKO/0x00000002
15:18:04.612  INFO     RX        /ERR/LOKO/0x00000002
15:18:04.640  INFO     RX        /ERR/LOKO/0x00000002
15:18:04.675  INFO     RX        /ERR/LOKO/0x00000002
15:18:04.704  INFO     RX        /ERR/LOKO/0x00000002
15:18:04.739  INFO     RX        /ERR/LOKO/0x00000002
15:18:04.803  INFO     RX        /ERR/LOKO/0x00000002
15:18:04.833  INFO     RX        /ERR/LOKO/0x00000002
15:18:04.871  INFO     RX        /ERR/LOKO/0x00000002
15:18:04.897  INFO     RX        /ERR/LOKO/0x00000002
15:18:04.932  INFO     RX        /ERR/LOKO/0x00000002
15:18:04.996  INFO     RX        /ERR/LOKO/0x00000002
15:18:05.031  INFO     RX        /ERR/LOKO/0x00000002
15:18:05.060  INFO     RX        /ERR/LOKO/0x00000002
15:18:05.095  INFO     RX        /ERR/LOKO/0x00000002
15:18:05.159  INFO     RX        /ERR/LOKO/0x00000002
15:18:05.189  INFO     RX        /ERR/LOKO/0x00000002
15:18:05.223  INFO     RX        /ERR/LOKO/0x00000002
15:18:05.252  INFO     RX        /ERR/LOKO/0x00000002
15:18:05.284  INFO     RX        /ERR/LOKO/0x00000002
15:18:05.320  INFO     RX        /ERR/LOKO/0x00000002
15:18:05.384  INFO     RX        /ERR/LOKO/0x00000002
15:18:05.413  INFO     RX        /ERR/LOKO/0x00000002
15:18:05.449  INFO     RX        /ERR/LOKO/0x00000002
15:18:05.477  INFO     RX        /ERR/LOKO/0x00000002
15:18:05.513  INFO     RX        /ERR/LOKO/0x00000002
15:18:05.575  INFO     RX        /ERR/LOKO/0x00000002
15:18:05.613  INFO     RX        /ERR/LOKO/0x00000002
15:18:05.639  INFO     RX        /ERR/LOKO/0x00000002
15:18:05.672  INFO     RX        /ERR/LOKO/0x00000002
15:18:05.735  INFO     RX        /ERR/LOKO/0x00000002
15:18:05.770  INFO     RX        /ERR/LOKO/0x00000002
15:18:05.799  INFO     RX        /ERR/LOKO/0x00000002
15:18:05.831  INFO     RX        /ERR/LOKO/0x00000002
15:18:05.867  INFO     RX        /ERR/LOKO/0x00000002
15:18:05.931  INFO     RX        /ERR/LOKO/0x00000002
15:18:05.961  INFO     RX        /ERR/LOKO/0x00000002
15:18:05.994  INFO     RX        /ERR/LOKO/0x00000002
15:18:06.029  INFO     RX        /ERR/LOKO/0x00000002
15:18:06.058  INFO     RX        /ERR/LOKO/0x00000002
15:18:06.118  DEBUG    TX /CONTROLL/28,0,0,-12,0,0,0,0,0
15:18:06.121  INFO     RX        /ERR/LOKO/0x00000002
15:18:06.156  INFO     RX        /ERR/LOKO/0x00000002
15:18:06.185  INFO     RX        /ERR/LOKO/0x00000002
15:18:06.221  INFO     RX        /ERR/LOKO/0x00000002
15:18:06.250  INFO     RX        /ERR/LOKO/0x00000002
15:18:06.316  INFO     RX        /ERR/LOKO/0x00000002
15:18:06.346  INFO     RX        /ERR/LOKO/0x00000002
15:18:06.381  INFO     RX        /ERR/LOKO/0x00000002
15:18:06.409  INFO     RX        /ERR/LOKO/0x00000002
15:18:06.444  INFO     RX        /ERR/LOKO/0x00000002
15:18:06.509  INFO     RX        /ERR/LOKO/0x00000002
15:18:06.539  INFO     RX        /ERR/LOKO/0x00000002
15:18:06.574  INFO     RX        /ERR/LOKO/0x00000002
15:18:06.603  INFO     RX        /ERR/LOKO/0x00000002
15:18:06.638  INFO     RX        /ERR/LOKO/0x00000002
15:18:06.700  INFO     RX        /ERR/LOKO/0x00000002
15:18:06.815  INFO     RX        /ERR/LOKO/0x00000002
15:18:06.815  INFO     RX        /ERR/LOKO/0x00000002
15:18:06.815  INFO     RX        /ERR/LOKO/0x00000002
15:18:06.864  INFO     RX        /ERR/LOKO/0x00000002
15:18:06.893  INFO     RX        /ERR/LOKO/0x00000002
15:18:06.929  INFO     RX        /ERR/LOKO/0x00000002
15:18:06.957  INFO     RX        /ERR/LOKO/0x00000002
15:18:06.995  INFO     RX        /ERR/LOKO/0x00000002
15:18:07.053  INFO     RX        /ERR/LOKO/0x00000002
15:18:07.088  INFO     RX        /ERR/LOKO/0x00000002
15:18:07.119  INFO     RX        /ERR/LOKO/0x00000002
15:18:07.153  INFO     RX        /ERR/LOKO/0x00000002
15:18:07.185  INFO     RX        /ERR/LOKO/0x00000002
15:18:07.248  INFO     RX        /ERR/LOKO/0x00000002
15:18:07.283  INFO     RX        /ERR/LOKO/0x00000002
15:18:07.312  INFO     RX        /ERR/LOKO/0x00000002
15:18:07.348  INFO     RX        /ERR/LOKO/0x00000002
15:18:07.376  INFO     RX        /ERR/LOKO/0x00000002
15:18:07.443  INFO     RX        /ERR/LOKO/0x00000002
15:18:07.471  INFO     RX        /ERR/LOKO/0x00000002
15:18:07.504  INFO     RX        /ERR/LOKO/0x00000002
15:18:07.536  INFO     RX        /ERR/LOKO/0x00000002
15:18:07.571  INFO     RX        /ERR/LOKO/0x00000002
15:18:07.636  INFO     RX        /ERR/LOKO/0x00000002
15:18:07.665  INFO     RX        /ERR/LOKO/0x00000002
15:18:07.701  INFO     RX        /ERR/LOKO/0x00000002
15:18:07.726  DEBUG    TX /CONTROLL/28,0,0,-12,0,0,0,0,0
15:18:07.730  INFO     RX        /ERR/LOKO/0x00000002
15:18:07.765  INFO     RX        /ERR/LOKO/0x00000002
15:18:07.826  INFO     RX        /ERR/LOKO/0x00000002
15:18:07.862  INFO     RX        /ERR/LOKO/0x00000002
15:18:07.862  INFO     RX        /ERR/LOKO/0x00000002
15:18:07.891  INFO     RX        /ERR/LOKO/0x00000002
15:18:07.891  INFO     RX        /ERR/LOKO/0x00000002
15:18:07.891  INFO     RX        /ERR/LOKO/0x00000002
15:18:07.925  INFO     RX        /ERR/LOKO/0x00000002
15:18:07.925  INFO     RX        /ERR/LOKO/0x00000002
15:18:07.925  INFO     RX        /ERR/LOKO/0x00000002
15:18:07.956  INFO     RX        /ERR/LOKO/0x00000002
15:18:07.956  INFO     RX        /ERR/LOKO/0x00000002
15:18:07.990  INFO     RX        /ERR/LOKO/0x00000002
15:18:07.990  INFO     RX        /ERR/LOKO/0x00000002
15:18:07.990  INFO     RX        /ERR/LOKO/0x00000002
15:18:08.017  INFO     RX        /ERR/LOKO/0x00000002
15:18:08.017  INFO     RX        /ERR/LOKO/0x00000002
15:18:08.017  INFO     RX        /ERR/LOKO/0x00000002
15:18:08.053  INFO     RX        /ERR/LOKO/0x00000002
15:18:08.053  INFO     RX        /ERR/LOKO/0x00000002
15:18:08.053  INFO     RX        /ERR/LOKO/0x00000002
15:18:08.081  INFO     RX        /ERR/LOKO/0x00000002
15:18:08.082  INFO     RX        /ERR/LOKO/0x00000002
15:18:08.117  INFO     RX        /ERR/LOKO/0x00000002
15:18:08.117  INFO     RX        /ERR/LOKO/0x00000002
15:18:08.117  INFO     RX        /ERR/LOKO/0x00000002
15:18:08.149  INFO     RX        /ERR/LOKO/0x00000002
15:18:08.149  INFO     RX        /ERR/LOKO/0x00000002
15:18:08.149  INFO     RX        /ERR/LOKO/0x00000002
15:18:08.178  INFO     RX        /ERR/LOKO/0x00000002
15:18:08.178  INFO     RX        /ERR/LOKO/0x00000002
15:18:08.213  INFO     RX        /ERR/LOKO/0x00000002
15:18:08.213  INFO     RX        /ERR/LOKO/0x00000002
15:18:08.213  INFO     RX        /ERR/LOKO/0x00000002
15:18:08.242  INFO     RX        /ERR/LOKO/0x00000002
15:18:08.242  INFO     RX        /ERR/LOKO/0x00000002
15:18:08.242  INFO     RX        /ERR/LOKO/0x00000002
15:18:08.278  INFO     RX        /ERR/LOKO/0x00000002
15:18:08.278  INFO     RX        /ERR/LOKO/0x00000002
15:18:08.278  INFO     RX        /ERR/LOKO/0x00000002
15:18:08.308  INFO     RX        /ERR/LOKO/0x00000002
15:18:08.308  INFO     RX        /ERR/LOKO/0x00000002
15:18:08.341  INFO     RX        /ERR/LOKO/0x00000002
15:18:08.341  INFO     RX        /ERR/LOKO/0x00000002
15:18:08.341  INFO     RX        /ERR/LOKO/0x00000002
15:18:08.374  INFO     RX        /ERR/LOKO/0x00000002
15:18:08.402  INFO     RX        /ERR/LOKO/0x00000002
15:18:08.434  INFO     RX        /ERR/LOKO/0x00000002
15:18:08.469  INFO     RX        /ERR/LOKO/0x00000002
15:18:08.533  INFO     RX        /ERR/LOKO/0x00000002
15:18:08.563  INFO     RX        /ERR/LOKO/0x00000002
15:18:08.599  INFO     RX        /ERR/LOKO/0x00000002
15:18:08.627  INFO     RX        /ERR/LOKO/0x00000002
15:18:08.663  INFO     RX        /ERR/LOKO/0x00000002
15:18:08.730  INFO     RX        /ERR/LOKO/0x00000002
15:18:08.756  INFO     RX        /ERR/LOKO/0x00000002
15:18:08.788  INFO     RX        /ERR/LOKO/0x00000002
15:18:08.823  INFO     RX        /ERR/LOKO/0x00000002
15:18:08.852  INFO     RX        /ERR/LOKO/0x00000002
15:18:08.917  INFO     RX        /ERR/LOKO/0x00000002
15:18:08.952  INFO     RX        /ERR/LOKO/0x00000002
15:18:08.981  INFO     RX        /ERR/LOKO/0x00000002
15:18:09.017  INFO     RX        /ERR/LOKO/0x00000002
15:18:09.045  INFO     RX        /ERR/LOKO/0x00000002
15:18:09.113  INFO     RX        /ERR/LOKO/0x00000002
15:18:09.142  INFO     RX        /ERR/LOKO/0x00000002
15:18:09.176  INFO     RX        /ERR/LOKO/0x00000002
15:18:09.206  INFO     RX        /ERR/LOKO/0x00000002
15:18:09.237  INFO     RX        /ERR/LOKO/0x00000002
15:18:09.331  DEBUG    TX /CONTROLL/23,0,0,-12,0,0,0,0,0
15:18:09.393  INFO     RX        /ERR/LOKO/0x00000002
15:18:09.393  INFO     RX        /ERR/LOKO/0x00000002
15:18:09.393  INFO     RX        /ERR/LOKO/0x00000002
15:18:09.394  INFO     RX        /ERR/LOKO/0x00000002
15:18:09.431  INFO     RX        /ERR/LOKO/0x00000002
15:18:09.496  INFO     RX        /ERR/LOKO/0x00000002
15:18:09.530  INFO     RX        /ERR/LOKO/0x00000002
15:18:09.560  INFO     RX        /ERR/LOKO/0x00000002
15:18:09.595  INFO     RX        /ERR/LOKO/0x00000002
15:18:09.658  INFO     RX        /ERR/LOKO/0x00000002
15:18:09.688  INFO     RX        /ERR/LOKO/0x00000002
15:18:09.722  INFO     RX        /ERR/LOKO/0x00000002
15:18:09.752  INFO     RX        /ERR/LOKO/0x00000002
15:18:09.783  INFO     RX        /ERR/LOKO/0x00000002
15:18:09.847  INFO     RX        /ERR/LOKO/0x00000002
15:18:09.882  INFO     RX        /ERR/LOKO/0x00000002
15:18:09.911  INFO     RX        /ERR/LOKO/0x00000002
15:18:09.944  INFO     RX        /ERR/LOKO/0x00000002
15:18:09.978  INFO     RX        /ERR/LOKO/0x00000002
15:18:10.041  INFO     RX        /ERR/LOKO/0x00000002
15:18:10.074  INFO     RX        /ERR/LOKO/0x00000002
15:18:10.104  INFO     RX        /ERR/LOKO/0x00000002
15:18:10.140  INFO     RX        /ERR/LOKO/0x00000002
15:18:10.167  INFO     RX        /ERR/LOKO/0x00000002
15:18:10.233  INFO     RX        /ERR/LOKO/0x00000002
15:18:10.264  INFO     RX        /ERR/LOKO/0x00000002
15:18:10.298  INFO     RX        /ERR/LOKO/0x00000002
15:18:10.328  INFO     RX        /ERR/LOKO/0x00000002
15:18:10.363  INFO     RX        /ERR/LOKO/0x00000002
15:18:10.427  INFO     RX        /ERR/LOKO/0x00000002
15:18:10.456  INFO     RX        /ERR/LOKO/0x00000002
15:18:10.491  INFO     RX        /ERR/LOKO/0x00000002
15:18:10.520  INFO     RX        /ERR/LOKO/0x00000002
15:18:10.587  INFO     RX        /ERR/LOKO/0x00000002
15:18:10.616  INFO     RX        /ERR/LOKO/0x00000002
15:18:10.651  INFO     RX        /ERR/LOKO/0x00000002
15:18:10.680  INFO     RX        /ERR/LOKO/0x00000002
15:18:10.716  INFO     RX        /ERR/LOKO/0x00000002
15:18:10.780  INFO     RX        /ERR/LOKO/0x00000002
15:18:10.810  INFO     RX        /ERR/LOKO/0x00000002
15:18:10.842  INFO     RX        /ERR/LOKO/0x00000002
15:18:10.876  INFO     RX        /ERR/LOKO/0x00000002
15:18:10.905  INFO     RX        /ERR/LOKO/0x00000002
15:18:10.934  DEBUG    TX /CONTROLL/0,0,0,-12,0,0,0,0,0
15:18:10.970  INFO     RX        /ERR/LOKO/0x00000002
15:18:11.004  INFO     RX        /ERR/LOKO/0x00000002
15:18:11.034  INFO     RX        /ERR/LOKO/0x00000002
15:18:11.034  INFO     RX        /ERR/LOKO/0x00000002
15:18:11.069  INFO     RX        /ERR/LOKO/0x00000002
15:18:11.069  INFO     RX        /ERR/LOKO/0x00000002
15:18:11.069  INFO     RX        /ERR/LOKO/0x00000002
15:18:11.102  INFO     RX        /ERR/LOKO/0x00000002
15:18:11.102  INFO     RX        /ERR/LOKO/0x00000002
15:18:11.134  INFO     RX        /ERR/LOKO/0x00000002
15:18:11.134  INFO     RX        /ERR/LOKO/0x00000002
15:18:11.134  INFO     RX        /ERR/LOKO/0x00000002
15:18:11.166  INFO     RX        /ERR/LOKO/0x00000002
15:18:11.166  INFO     RX        /ERR/LOKO/0x00000002
15:18:11.166  INFO     RX        /ERR/LOKO/0x00000002
15:18:11.195  INFO     RX        /ERR/LOKO/0x00000002
15:18:11.195  INFO     RX        /ERR/LOKO/0x00000002
15:18:11.230  INFO     RX        /ERR/LOKO/0x00000002
15:18:11.230  INFO     RX        /ERR/LOKO/0x00000002
15:18:11.230  INFO     RX        /ERR/LOKO/0x00000002
15:18:11.258  INFO     RX        /ERR/LOKO/0x00000002
15:18:11.259  INFO     RX        /ERR/LOKO/0x00000002
15:18:11.259  INFO     RX        /ERR/LOKO/0x00000002
15:18:11.294  INFO     RX        /ERR/LOKO/0x00000002
15:18:11.294  INFO     RX        /ERR/LOKO/0x00000002
15:18:11.294  INFO     RX        /ERR/LOKO/0x00000002
15:18:11.322  INFO     RX        /ERR/LOKO/0x00000002
15:18:11.323  INFO     RX        /ERR/LOKO/0x00000002
15:18:11.357  INFO     RX        /ERR/LOKO/0x00000002
15:18:11.358  INFO     RX        /ERR/LOKO/0x00000002
15:18:11.358  INFO     RX        /ERR/LOKO/0x00000002
15:18:11.388  INFO     RX        /ERR/LOKO/0x00000002
15:18:11.388  INFO     RX        /ERR/LOKO/0x00000002
15:18:11.388  INFO     RX        /ERR/LOKO/0x00000002
15:18:11.422  INFO     RX        /ERR/LOKO/0x00000002
15:18:11.422  INFO     RX        /ERR/LOKO/0x00000002
15:18:11.423  INFO     RX        /ERR/LOKO/0x00000002
15:18:11.451  INFO     RX        /ERR/LOKO/0x00000002
15:18:11.451  INFO     RX        /ERR/LOKO/0x00000002
15:18:11.486  INFO     RX        /ERR/LOKO/0x00000002
15:18:11.486  INFO     RX        /ERR/LOKO/0x00000002
15:18:11.486  INFO     RX        /ERR/LOKO/0x00000002
15:18:11.516  INFO     RX        /ERR/LOKO/0x00000002
15:18:11.550  INFO     RX        /ERR/LOKO/0x00000002
15:18:11.580  INFO     RX        /ERR/LOKO/0x00000002
15:18:11.615  INFO     RX        /ERR/LOKO/0x00000002
15:18:11.676  INFO     RX        /ERR/LOKO/0x00000002
15:18:11.708  INFO     RX        /ERR/LOKO/0x00000002
15:18:11.743  INFO     RX        /ERR/LOKO/0x00000002
15:18:11.772  INFO     RX        /ERR/LOKO/0x00000002
15:18:11.804  INFO     RX        /ERR/LOKO/0x00000002
15:18:11.868  INFO     RX        /ERR/LOKO/0x00000002
15:18:11.993  INFO     RX        /ERR/LOKO/0x00000002
15:18:11.994  INFO     RX        /ERR/LOKO/0x00000002
15:18:11.994  INFO     RX        /ERR/LOKO/0x00000002
15:18:11.997  INFO     RX        /ERR/LOKO/0x00000002
15:18:12.064  INFO     RX        /ERR/LOKO/0x00000002
15:18:12.094  INFO     RX        /ERR/LOKO/0x00000002
15:18:12.128  INFO     RX        /ERR/LOKO/0x00000002
15:18:12.159  INFO     RX        /ERR/LOKO/0x00000002
15:18:12.193  INFO     RX        /ERR/LOKO/0x00000002
15:18:12.256  INFO     RX        /ERR/LOKO/0x00000002
15:18:12.286  INFO     RX        /ERR/LOKO/0x00000002
15:18:12.321  INFO     RX        /ERR/LOKO/0x00000002
15:18:12.350  INFO     RX        /ERR/LOKO/0x00000002
15:18:12.414  INFO     RX        /ERR/LOKO/0x00000002
15:18:12.449  INFO     RX        /ERR/LOKO/0x00000002
15:18:12.481  INFO     RX        /ERR/LOKO/0x00000002
15:18:12.510  INFO     RX        /ERR/LOKO/0x00000002
15:18:12.539  DEBUG    TX /CONTROLL/-15,0,0,-13,0,0,0,0,0
15:18:12.545  INFO     RX        /ERR/LOKO/0x00000002
15:18:12.577  INFO     RX        /ERR/LOKO/0x00000002
15:18:12.639  INFO     RX        /ERR/LOKO/0x00000002
15:18:12.675  INFO     RX        /ERR/LOKO/0x00000002
15:18:12.704  INFO     RX        /ERR/LOKO/0x00000002
15:18:12.739  INFO     RX        /ERR/LOKO/0x00000002
15:18:12.801  INFO     RX        /ERR/LOKO/0x00000002
15:18:12.834  INFO     RX        /ERR/LOKO/0x00000002
15:18:12.869  INFO     RX        /ERR/LOKO/0x00000002
15:18:12.901  INFO     RX        /ERR/LOKO/0x00000002
15:18:12.931  INFO     RX        /ERR/LOKO/0x00000002
15:18:12.966  INFO     RX        /ERR/LOKO/0x00000002
15:18:13.032  INFO     RX        /ERR/LOKO/0x00000002
15:18:13.060  INFO     RX        /ERR/LOKO/0x00000002
15:18:13.093  INFO     RX        /ERR/LOKO/0x00000002
15:18:13.127  INFO     RX        /ERR/LOKO/0x00000002
15:18:13.157  INFO     RX        /ERR/LOKO/0x00000002
15:18:13.222  INFO     RX        /ERR/LOKO/0x00000002
15:18:13.254  INFO     RX        /ERR/LOKO/0x00000002
15:18:13.286  INFO     RX        /ERR/LOKO/0x00000002
15:18:13.318  INFO     RX        /ERR/LOKO/0x00000002
15:18:13.385  INFO     RX        /ERR/LOKO/0x00000002
15:18:13.414  INFO     RX        /ERR/LOKO/0x00000002
15:18:13.448  INFO     RX        /ERR/LOKO/0x00000002
15:18:13.478  INFO     RX        /ERR/LOKO/0x00000002
15:18:13.510  INFO     RX        /ERR/LOKO/0x00000002
15:18:13.577  INFO     RX        /ERR/LOKO/0x00000002
15:18:13.609  INFO     RX        /ERR/LOKO/0x00000002
15:18:13.641  INFO     RX        /ERR/LOKO/0x00000002
15:18:13.676  INFO     RX        /ERR/LOKO/0x00000002
15:18:13.704  INFO     RX        /ERR/LOKO/0x00000002
15:18:13.770  INFO     RX        /ERR/LOKO/0x00000002
15:18:13.800  INFO     RX        /ERR/LOKO/0x00000002
15:18:13.835  INFO     RX        /ERR/LOKO/0x00000002
15:18:13.865  INFO     RX        /ERR/LOKO/0x00000002
15:18:13.898  INFO     RX        /ERR/LOKO/0x00000002
15:18:13.962  INFO     RX        /ERR/LOKO/0x00000002
15:18:13.992  INFO     RX        /ERR/LOKO/0x00000002
15:18:14.027  INFO     RX        /ERR/LOKO/0x00000002
15:18:14.055  INFO     RX        /ERR/LOKO/0x00000002
15:18:14.119  INFO     RX        /ERR/LOKO/0x00000002
15:18:14.148  DEBUG    TX /CONTROLL/-13,0,0,-13,0,0,0,0,0
15:18:14.154  INFO     RX        /ERR/LOKO/0x00000002
15:18:14.184  INFO     RX        /ERR/LOKO/0x00000002
15:18:14.217  INFO     RX        /ERR/LOKO/0x00000002
15:18:14.251  INFO     RX        /ERR/LOKO/0x00000002
15:18:14.312  INFO     RX        /ERR/LOKO/0x00000002
15:18:14.348  INFO     RX        /ERR/LOKO/0x00000002
15:18:14.378  INFO     RX        /ERR/LOKO/0x00000002
15:18:14.408  INFO     RX        /ERR/LOKO/0x00000002
15:18:14.443  INFO     RX        /ERR/LOKO/0x00000002
15:18:14.606  INFO     RX        /ERR/LOKO/0x00000002
15:18:14.606  INFO     RX        /ERR/LOKO/0x00000002
15:18:14.606  INFO     RX        /ERR/LOKO/0x00000002
15:18:14.606  INFO     RX        /ERR/LOKO/0x00000002
15:18:14.633  INFO     RX        /ERR/LOKO/0x00000002
15:18:14.702  INFO     RX        /ERR/LOKO/0x00000002
15:18:14.734  INFO     RX        /ERR/LOKO/0x00000002
15:18:14.762  INFO     RX        /ERR/LOKO/0x00000002
15:18:14.793  INFO     RX        /ERR/LOKO/0x00000002
15:18:14.826  INFO     RX        /ERR/LOKO/0x00000002
15:18:14.890  INFO     RX        /ERR/LOKO/0x00000002
15:18:14.924  INFO     RX        /ERR/LOKO/0x00000002
15:18:14.953  INFO     RX        /ERR/LOKO/0x00000002
15:18:14.986  INFO     RX        /ERR/LOKO/0x00000002
15:18:15.051  INFO     RX        /ERR/LOKO/0x00000002
15:18:15.080  INFO     RX        /ERR/LOKO/0x00000002
15:18:15.112  INFO     RX        /ERR/LOKO/0x00000002
15:18:15.147  INFO     RX        /ERR/LOKO/0x00000002
15:18:15.176  INFO     RX        /ERR/LOKO/0x00000002
15:18:15.212  INFO     RX        /ERR/LOKO/0x00000002
15:18:15.276  INFO     RX        /ERR/LOKO/0x00000002
15:18:15.305  INFO     RX        /ERR/LOKO/0x00000002
15:18:15.341  INFO     RX        /ERR/LOKO/0x00000002
15:18:15.369  INFO     RX        /ERR/LOKO/0x00000002
15:18:15.436  INFO     RX        /ERR/LOKO/0x00000002
15:18:15.466  INFO     RX        /ERR/LOKO/0x00000002
15:18:15.502  INFO     RX        /ERR/LOKO/0x00000002
15:18:15.532  INFO     RX        /ERR/LOKO/0x00000002
15:18:15.567  INFO     RX        /ERR/LOKO/0x00000002
15:18:15.632  INFO     RX        /ERR/LOKO/0x00000002
15:18:15.661  INFO     RX        /ERR/LOKO/0x00000002
15:18:15.696  INFO     RX        /ERR/LOKO/0x00000002
15:18:15.725  INFO     RX        /ERR/LOKO/0x00000002
15:18:15.753  DEBUG    TX /CONTROLL/-41,0,0,-13,0,0,0,0,0
15:18:15.760  INFO     RX        /ERR/LOKO/0x00000002
15:18:15.824  INFO     RX        /ERR/LOKO/0x00000002
15:18:15.853  INFO     RX        /ERR/LOKO/0x00000002
15:18:15.887  INFO     RX        /ERR/LOKO/0x00000002
15:18:15.918  INFO     RX        /ERR/LOKO/0x00000002
15:18:15.950  INFO     RX        /ERR/LOKO/0x00000002
15:18:16.012  INFO     RX        /ERR/LOKO/0x00000002
15:18:16.048  INFO     RX        /ERR/LOKO/0x00000002
15:18:16.077  INFO     RX        /ERR/LOKO/0x00000002
15:18:16.113  INFO     RX        /ERR/LOKO/0x00000002
15:18:16.176  INFO     RX        /ERR/LOKO/0x00000002
15:18:16.205  INFO     RX        /ERR/LOKO/0x00000002
15:18:16.238  INFO     RX        /ERR/LOKO/0x00000002
15:18:16.273  INFO     RX        /ERR/LOKO/0x00000002
15:18:16.305  INFO     RX        /ERR/LOKO/0x00000002
15:18:16.338  INFO     RX        /ERR/LOKO/0x00000002
15:18:16.400  INFO     RX        /ERR/LOKO/0x00000002
15:18:16.435  INFO     RX        /ERR/LOKO/0x00000002
15:18:16.464  INFO     RX        /ERR/LOKO/0x00000002
15:18:16.496  INFO     RX        /ERR/LOKO/0x00000002
15:18:16.564  INFO     RX        /ERR/LOKO/0x00000002
15:18:16.594  INFO     RX        /ERR/LOKO/0x00000002
15:18:16.628  INFO     RX        /ERR/LOKO/0x00000002
15:18:16.661  INFO     RX        /ERR/LOKO/0x00000002
15:18:16.693  INFO     RX        /ERR/LOKO/0x00000002
15:18:16.725  INFO     RX        /ERR/LOKO/0x00000002
15:18:16.787  INFO     RX        /ERR/LOKO/0x00000002
15:18:16.822  INFO     RX        /ERR/LOKO/0x00000002
15:18:16.852  INFO     RX        /ERR/LOKO/0x00000002
15:18:16.887  INFO     RX        /ERR/LOKO/0x00000002
15:18:16.952  INFO     RX        /ERR/LOKO/0x00000002
15:18:16.985  INFO     RX        /ERR/LOKO/0x00000002
15:18:16.985  INFO     RX        /ERR/LOKO/0x00000002
15:18:16.985  INFO     RX        /ERR/LOKO/0x00000002
15:18:17.013  INFO     RX        /ERR/LOKO/0x00000002
15:18:17.014  INFO     RX        /ERR/LOKO/0x00000002
15:18:17.048  INFO     RX        /ERR/LOKO/0x00000002
15:18:17.048  INFO     RX        /ERR/LOKO/0x00000002
15:18:17.048  INFO     RX        /ERR/LOKO/0x00000002
15:18:17.157  INFO     RX        /ERR/LOKO/0x00000002
15:18:17.364  DEBUG    TX /CONTROLL/0,0,0,0,0,0,0,0,0
15:18:18.978  DEBUG    TX /CONTROLL/0,0,0,0,0,0,0,0,0
15:18:19.817  INFO     RX        /BATTERY/VDDA/12872 mV
15:18:19.817  INFO     RX        === Hexapod Mainboard ===
15:18:19.817  INFO     RX        PCA9685 Right: OK
15:18:19.817  INFO     RX        PCA9685 Left:  OK
15:18:19.817  INFO     RX        LSM6DSO IMU:   OK
15:18:19.902  INFO     RX        VL53L1X ToF:   OK
15:18:19.932  INFO     RX        Locomotion:    INIT (UN_ARMED, printf mode)
15:18:19.942  INFO     RX        Press L1 to arm, R1 to disarm at any time.
15:18:19.942  INFO     RX        Ready.
15:18:20.580  DEBUG    TX /CONTROLL/0,0,0,0,0,0,0,0,0
15:18:22.188  DEBUG    TX /CONTROLL/0,0,0,0,0,0,0,0,0
15:18:23.797  DEBUG    TX /CONTROLL/0,0,0,0,0,0,0,0,0
15:18:25.409  DEBUG    TX /CONTROLL/0,0,0,0,0,0,0,0,0
15:18:27.018  DEBUG    TX /CONTROLL/0,0,0,0,0,0,0,0,0
15:18:28.630  DEBUG    TX /CONTROLL/0,0,0,0,0,0,0,0,0
15:18:30.238  DEBUG    TX /CONTROLL/0,0,0,0,0,0,0,0,0
15:18:31.846  DEBUG    TX /CONTROLL/0,0,0,0,0,0,0,0,0
15:18:33.459  DEBUG    TX /CONTROLL/0,0,0,0,0,0,0,0,0
