09:38:06.066  INFO     Connecting to 100.122.9.49:5000...
09:38:06.317  INFO     Network connection established
09:38:06.893  DEBUG    TX /CONTROLL/0,0,0,0,0,0,0,0,0
09:38:07.126  INFO     RX        SERVO FR.[C: 90 F:106 T:107] MR.[C: 90 F:106 T:107] BR.[C: 90 F/BATTERY/VDDA/12861 mV
09:38:07.126  INFO     RX        === Hexapod Mainboard ===
09:38:07.126  INFO     RX        PCA9685 Right: OK
09:38:07.126  INFO     RX        PCA9685 Left:  OK
09:38:07.126  INFO     RX        LSM6DSO IMU:   OK
09:38:07.126  INFO     RX        VL53L1X ToF:   OK
09:38:07.126  INFO     RX        Locomotion:    INIT (UN_ARMED, printf mode)
09:38:07.126  INFO     RX        Press L1 to arm, R1 to disarm at any time.
09:38:07.126  INFO     RX        Ready.
09:38:07.695  DEBUG    TX /CONTROLL/0,0,0,0,0,0,0,0,0
09:38:08.499  DEBUG    TX /CONTROLL/0,0,0,0,0,0,0,0,0
09:38:08.994  INFO     RX        /ERR/LOKO/0x00000002
09:38:08.995  INFO     RX        /ERR/LOKO/0x00000002
09:38:08.995  INFO     RX        /ERR/LOKO/0x00000002
09:38:09.003  INFO     RX        /ERR/LOKO/0x00000002
09:38:09.004  INFO     RX        /ERR/LOKO/0x00000002
09:38:09.004  INFO     RX        /ERR/LOKO/0x00000002
09:38:09.004  INFO     RX        /ERR/LOKO/0x00000002
09:38:09.004  INFO     RX        /ERR/LOKO/0x00000002
09:38:09.004  INFO     RX        /ERR/LOKO/0x00000002
09:38:09.004  INFO     RX        /ERR/LOKO/0x00000002
09:38:09.004  INFO     RX        /ERR/LOKO/0x00000002
09:38:09.067  INFO     RX        /ERR/LOKO/0x00000002
09:38:09.067  INFO     RX        /ERR/LOKO/0x00000002
09:38:09.067  INFO     RX        /ERR/LOKO/0x00000002
09:38:09.067  INFO     RX        /ERR/LOKO/0x00000002
09:38:09.067  INFO     RX        /ERR/LOKO/0x00000002
09:38:09.158  INFO     RX        /ERR/LOKO/0x00000002
09:38:09.158  INFO     RX        /ERR/LOKO/0x00000002
09:38:09.158  INFO     RX        /ERR/LOKO/0x00000002
09:38:09.158  INFO     RX        /ERR/LOKO/0x00000002
09:38:09.158  INFO     RX        /ERR/LOKO/0x00000002
09:38:09.158  INFO     RX        /ERR/LOKO/0x00000002
09:38:09.158  INFO     RX        /ERR/LOKO/0x00000002
09:38:09.158  INFO     RX        /ERR/LOKO/0x00000002
09:38:09.242  INFO     RX        /ERR/LOKO/0x00000002
09:38:09.242  INFO     RX        /ERR/LOKO/0x00000002
09:38:09.242  INFO     RX        /ERR/LOKO/0x00000002
09:38:09.242  INFO     RX        /ERR/LOKO/0x00000002
09:38:09.242  INFO     RX        /ERR/LOKO/0x00000002
09:38:09.242  INFO     RX        /ERR/LOKO/0x00000002
09:38:09.242  INFO     RX        /ERR/LOKO/0x00000002
09:38:09.305  DEBUG    TX /CONTROLL/0,0,0,0,0,0,0,0,0
09:38:09.318  INFO     RX        /ERR/LOKO/0x00000002
09:38:09.318  INFO     RX        /ERR/LOKO/0x00000002
09:38:09.318  INFO     RX        /ERR/LOKO/0x00000002
09:38:09.318  INFO     RX        /ERR/LOKO/0x00000002
09:38:09.318  INFO     RX        /ERR/LOKO/0x00000002
09:38:09.318  INFO     RX        /ERR/LOKO/0x00000002
09:38:09.409  INFO     RX        /ERR/LOKO/0x00000002
09:38:09.409  INFO     RX        /ERR/LOKO/0x00000002
09:38:09.409  INFO     RX        /ERR/LOKO/0x00000002
09:38:09.409  INFO     RX        /ERR/LOKO/0x00000002
09:38:09.409  INFO     RX        /ERR/LOKO/0x00000002
09:38:09.409  INFO     RX        /ERR/LOKO/0x00000002
09:38:09.492  INFO     RX        /ERR/LOKO/0x00000002
09:38:09.492  INFO     RX        /ERR/LOKO/0x00000002
09:38:09.492  INFO     RX        /ERR/LOKO/0x00000002
09:38:09.492  INFO     RX        /ERR/LOKO/0x00000002
09:38:09.492  INFO     RX        /ERR/LOKO/0x00000002
09:38:09.492  INFO     RX        /ERR/LOKO/0x00000002
09:38:09.492  INFO     RX        /ERR/LOKO/0x00000002
09:38:09.564  INFO     RX        /ERR/LOKO/0x00000002
09:38:09.564  INFO     RX        /ERR/LOKO/0x00000002
09:38:09.564  INFO     RX        /ERR/LOKO/0x00000002
09:38:09.564  INFO     RX        /ERR/LOKO/0x00000002
09:38:09.564  INFO     RX        /ERR/LOKO/0x00000002
09:38:09.564  INFO     RX        /ERR/LOKO/0x00000002
09:38:09.664  INFO     RX        /ERR/LOKO/0x00000002
09:38:10.109  DEBUG    TX /CONTROLL/0,0,0,0,0,0,0,0,0
09:38:10.914  DEBUG    TX /CONTROLL/0,0,0,0,0,0,0,0,0
09:38:11.716  DEBUG    TX /CONTROLL/0,0,0,-15,0,0,0,0,0
09:38:12.165  INFO     RX        /ERR/LOKO/0x00000002
09:38:12.165  INFO     RX        /ERR/LOKO/0x00000002
09:38:12.165  INFO     RX        /ERR/LOKO/0x00000002
09:38:12.165  INFO     RX        /ERR/LOKO/0x00000002
09:38:12.165  INFO     RX        /ERR/LOKO/0x00000002
09:38:12.165  INFO     RX        /ERR/LOKO/0x00000002
09:38:12.165  INFO     RX        /ERR/LOKO/0x00000002
09:38:12.258  INFO     RX        /ERR/LOKO/0x00000002
09:38:12.258  INFO     RX        /ERR/LOKO/0x00000002
09:38:12.258  INFO     RX        /ERR/LOKO/0x00000002
09:38:12.409  INFO     RX        /ERR/LOKO/0x00000002
09:38:12.409  INFO     RX        /ERR/LOKO/0x00000002
09:38:12.409  INFO     RX        /ERR/LOKO/0x00000002
09:38:12.409  INFO     RX        /ERR/LOKO/0x00000002
09:38:12.409  INFO     RX        /ERR/LOKO/0x00000002
09:38:12.409  INFO     RX        /ERR/LOKO/0x00000002
09:38:12.492  INFO     RX        /ERR/LOKO/0x00000002
09:38:12.492  INFO     RX        /ERR/LOKO/0x00000002
09:38:12.492  INFO     RX        /ERR/LOKO/0x00000002
09:38:12.492  INFO     RX        /ERR/LOKO/0x00000002
09:38:12.492  INFO     RX        /ERR/LOKO/0x00000002
09:38:12.492  INFO     RX        /ERR/LOKO/0x00000002
09:38:12.492  INFO     RX        /ERR/LOKO/0x00000002
09:38:12.523  DEBUG    TX /CONTROLL/0,0,0,0,0,0,0,0,0
09:38:12.564  INFO     RX        /ERR/LOKO/0x00000002
09:38:12.564  INFO     RX        /ERR/LOKO/0x00000002
09:38:12.564  INFO     RX        /ERR/LOKO/0x00000002
09:38:12.564  INFO     RX        /ERR/LOKO/0x00000002
09:38:12.564  INFO     RX        /ERR/LOKO/0x00000002
09:38:12.564  INFO     RX        /ERR/LOKO/0x00000002
09:38:12.656  INFO     RX        /ERR/LOKO/0x00000002
09:38:12.656  INFO     RX        /ERR/LOKO/0x00000002
09:38:12.656  INFO     RX        /ERR/LOKO/0x00000002
09:38:12.656  INFO     RX        /ERR/LOKO/0x00000002
09:38:12.656  INFO     RX        /ERR/LOKO/0x00000002
09:38:12.656  INFO     RX        /ERR/LOKO/0x00000002
09:38:12.656  INFO     RX        /ERR/LOKO/0x00000002
09:38:12.656  INFO     RX        /ERR/LOKO/0x00000002
09:38:12.739  INFO     RX        /ERR/LOKO/0x00000002
09:38:12.739  INFO     RX        /ERR/LOKO/0x00000002
09:38:12.739  INFO     RX        /ERR/LOKO/0x00000002
09:38:12.739  INFO     RX        /ERR/LOKO/0x00000002
09:38:12.739  INFO     RX        /ERR/LOKO/0x00000002
09:38:12.739  INFO     RX        /ERR/LOKO/0x00000002
09:38:12.739  INFO     RX        /ERR/LOKO/0x00000002
09:38:12.817  INFO     RX        /ERR/LOKO/0x00000002
09:38:12.817  INFO     RX        /ERR/LOKO/0x00000002
09:38:12.817  INFO     RX        /ERR/LOKO/0x00000002
09:38:12.817  INFO     RX        /ERR/LOKO/0x00000002
09:38:12.817  INFO     RX        /ERR/LOKO/0x00000002
09:38:12.817  INFO     RX        /ERR/LOKO/0x00000002
09:38:12.817  INFO     RX        /ERR/LOKO/0x00000002
09:38:12.912  INFO     RX        /ERR/LOKO/0x00000002
09:38:13.327  DEBUG    TX /CONTROLL/0,0,0,0,0,0,0,0,0
09:38:14.127  DEBUG    TX /CONTROLL/0,0,0,0,0,0,0,0,0
09:38:14.931  DEBUG    TX /CONTROLL/0,0,0,0,0,0,0,0,0
09:38:15.732  DEBUG    TX /CONTROLL/0,0,0,0,0,0,0,0,0
09:38:16.534  DEBUG    TX /CONTROLL/0,0,0,0,0,0,0,0,0
09:38:17.342  DEBUG    TX /CONTROLL/0,0,0,0,0,0,0,0,0
09:38:18.148  DEBUG    TX /CONTROLL/0,0,0,0,0,0,0,0,0
09:38:18.953  DEBUG    TX /CONTROLL/0,0,0,0,0,0,0,0,0
09:38:19.760  DEBUG    TX /CONTROLL/0,0,0,0,0,0,0,0,0
09:38:20.564  DEBUG    TX /CONTROLL/0,0,0,0,0,0,0,0,0
09:38:21.366  DEBUG    TX /CONTROLL/0,0,0,0,0,0,0,0,0
09:38:22.171  DEBUG    TX /CONTROLL/0,0,0,0,0,0,0,0,0
09:38:22.973  DEBUG    TX /CONTROLL/0,0,0,0,0,0,0,0,0
09:38:23.775  DEBUG    TX /CONTROLL/0,0,0,0,0,0,0,0,0
09:38:24.578  DEBUG    TX /CONTROLL/0,0,0,0,0,0,0,0,0
09:38:25.382  DEBUG    TX /CONTROLL/0,0,0,0,0,0,0,0,0
09:38:26.190  DEBUG    TX /CONTROLL/0,0,0,0,0,0,0,0,0
09:38:26.998  DEBUG    TX /CONTROLL/0,0,0,0,0,0,0,0,0
09:38:27.806  DEBUG    TX /CONTROLL/0,0,0,0,0,0,0,0,0
09:38:28.609  DEBUG    TX /CONTROLL/0,0,0,0,0,0,0,0,0
09:38:29.413  DEBUG    TX /CONTROLL/0,0,0,-20,0,0,0,0,0
09:38:29.861  INFO     RX        /ERR/LOKO/0x00000002
09:38:29.861  INFO     RX        /ERR/LOKO/0x00000002
09:38:29.861  INFO     RX        /ERR/LOKO/0x00000002
09:38:29.861  INFO     RX        /ERR/LOKO/0x00000002
09:38:29.861  INFO     RX        /ERR/LOKO/0x00000002
09:38:29.861  INFO     RX        /ERR/LOKO/0x00000002
09:38:29.861  INFO     RX        /ERR/LOKO/0x00000002
09:38:29.941  INFO     RX        /ERR/LOKO/0x00000002
09:38:29.941  INFO     RX        /ERR/LOKO/0x00000002
09:38:29.941  INFO     RX        /ERR/LOKO/0x00000002
09:38:29.941  INFO     RX        /ERR/LOKO/0x00000002
09:38:29.941  INFO     RX        /ERR/LOKO/0x00000002
09:38:29.941  INFO     RX        /ERR/LOKO/0x00000002
09:38:29.941  INFO     RX        /ERR/LOKO/0x00000002
09:38:30.018  INFO     RX        /ERR/LOKO/0x00000002
09:38:30.018  INFO     RX        /ERR/LOKO/0x00000002
09:38:30.018  INFO     RX        /ERR/LOKO/0x00000002
09:38:30.018  INFO     RX        /ERR/LOKO/0x00000002
09:38:30.018  INFO     RX        /ERR/LOKO/0x00000002
09:38:30.018  INFO     RX        /ERR/LOKO/0x00000002
09:38:30.110  INFO     RX        /ERR/LOKO/0x00000002
09:38:30.110  INFO     RX        /ERR/LOKO/0x00000002
09:38:30.110  INFO     RX        /ERR/LOKO/0x00000002
09:38:30.110  INFO     RX        /ERR/LOKO/0x00000002
09:38:30.110  INFO     RX        /ERR/LOKO/0x00000002
09:38:30.203  INFO     RX        /ERR/LOKO/0x00000002
09:38:30.203  INFO     RX        /ERR/LOKO/0x00000002
09:38:30.203  INFO     RX        /ERR/LOKO/0x00000002
09:38:30.203  INFO     RX        /ERR/LOKO/0x00000002
09:38:30.203  INFO     RX        /ERR/LOKO/0x00000002
09:38:30.203  INFO     RX        /ERR/LOKO/0x00000002
09:38:30.203  INFO     RX        /ERR/LOKO/0x00000002
09:38:30.217  DEBUG    TX /CONTROLL/0,0,0,0,0,0,0,0,0
09:38:30.268  INFO     RX        /ERR/LOKO/0x00000002
09:38:30.268  INFO     RX        /ERR/LOKO/0x00000002
09:38:30.268  INFO     RX        /ERR/LOKO/0x00000002
09:38:30.268  INFO     RX        /ERR/LOKO/0x00000002
09:38:30.268  INFO     RX        /ERR/LOKO/0x00000002
09:38:30.268  INFO     RX        /ERR/LOKO/0x00000002
09:38:30.360  INFO     RX        /ERR/LOKO/0x00000002
09:38:30.361  INFO     RX        /ERR/LOKO/0x00000002
09:38:30.361  INFO     RX        /ERR/LOKO/0x00000002
09:38:30.361  INFO     RX        /ERR/LOKO/0x00000002
09:38:30.361  INFO     RX        /ERR/LOKO/0x00000002
09:38:30.361  INFO     RX        /ERR/LOKO/0x00000002
09:38:30.451  INFO     RX        /ERR/LOKO/0x00000002
09:38:30.452  INFO     RX        /ERR/LOKO/0x00000002
09:38:30.452  INFO     RX        /ERR/LOKO/0x00000002
09:38:30.452  INFO     RX        /ERR/LOKO/0x00000002
09:38:30.452  INFO     RX        /ERR/LOKO/0x00000002
09:38:30.452  INFO     RX        /ERR/LOKO/0x00000002
09:38:30.517  INFO     RX        /ERR/LOKO/0x00000002
09:38:30.518  INFO     RX        /ERR/LOKO/0x00000002
09:38:30.518  INFO     RX        /ERR/LOKO/0x00000002
09:38:30.518  INFO     RX        /ERR/LOKO/0x00000002
09:38:30.518  INFO     RX        /ERR/LOKO/0x00000002
09:38:30.518  INFO     RX        /ERR/LOKO/0x00000002
09:38:30.617  INFO     RX        /ERR/LOKO/0x00000002
09:38:30.618  INFO     RX        /ERR/LOKO/0x00000002
09:38:31.024  DEBUG    TX /CONTROLL/0,0,0,0,0,0,0,0,0
09:38:31.831  DEBUG    TX /CONTROLL/0,0,0,0,0,0,0,0,0
09:38:32.633  DEBUG    TX /CONTROLL/0,0,0,0,0,0,0,0,0
09:38:33.436  DEBUG    TX /CONTROLL/0,0,0,-25,0,0,0,0,0
09:38:33.616  INFO     RX        /ERR/LOKO/0x00000002
09:38:33.616  INFO     RX        /ERR/LOKO/0x00000002
09:38:33.616  INFO     RX        /ERR/LOKO/0x00000002
09:38:33.616  INFO     RX        /ERR/LOKO/0x00000002
09:38:33.616  INFO     RX        /ERR/LOKO/0x00000002
09:38:33.616  INFO     RX        /ERR/LOKO/0x00000002
09:38:33.710  INFO     RX        /ERR/LOKO/0x00000002
09:38:33.710  INFO     RX        /ERR/LOKO/0x00000002
09:38:33.710  INFO     RX        /ERR/LOKO/0x00000002
09:38:33.710  INFO     RX        /ERR/LOKO/0x00000002
09:38:33.710  INFO     RX        /ERR/LOKO/0x00000002
09:38:33.710  INFO     RX        /ERR/LOKO/0x00000002
09:38:33.710  INFO     RX        /ERR/LOKO/0x00000002
09:38:33.710  INFO     RX        /ERR/LOKO/0x00000002
09:38:33.769  INFO     RX        /ERR/LOKO/0x00000002
09:38:33.769  INFO     RX        /ERR/LOKO/0x00000002
09:38:33.769  INFO     RX        /ERR/LOKO/0x00000002
09:38:33.769  INFO     RX        /ERR/LOKO/0x00000002
09:38:33.769  INFO     RX        /ERR/LOKO/0x00000002
09:38:33.875  INFO     RX        /ERR/LOKO/0x00000002
09:38:33.875  INFO     RX        /ERR/LOKO/0x00000002
09:38:33.875  INFO     RX        /ERR/LOKO/0x00000002
09:38:33.956  INFO     RX        /ERR/LOKO/0x00000002
09:38:33.956  INFO     RX        /ERR/LOKO/0x00000002
09:38:33.956  INFO     RX        /ERR/LOKO/0x00000002
09:38:33.956  INFO     RX        /ERR/LOKO/0x00000002
09:38:33.956  INFO     RX        /ERR/LOKO/0x00000002
09:38:33.956  INFO     RX        /ERR/LOKO/0x00000002
09:38:34.018  INFO     RX        /ERR/LOKO/0x00000002
09:38:34.018  INFO     RX        /ERR/LOKO/0x00000002
09:38:34.018  INFO     RX        /ERR/LOKO/0x00000002
09:38:34.018  INFO     RX        /ERR/LOKO/0x00000002
09:38:34.018  INFO     RX        /ERR/LOKO/0x00000002
09:38:34.109  INFO     RX        /ERR/LOKO/0x00000002
09:38:34.109  INFO     RX        /ERR/LOKO/0x00000002
09:38:34.109  INFO     RX        /ERR/LOKO/0x00000002
09:38:34.109  INFO     RX        /ERR/LOKO/0x00000002
09:38:34.109  INFO     RX        /ERR/LOKO/0x00000002
09:38:34.109  INFO     RX        /ERR/LOKO/0x00000002
09:38:34.109  INFO     RX        /ERR/LOKO/0x00000002
09:38:34.109  INFO     RX        /ERR/LOKO/0x00000002
09:38:34.189  INFO     RX        /ERR/LOKO/0x00000002
09:38:34.189  INFO     RX        /ERR/LOKO/0x00000002
09:38:34.189  INFO     RX        /ERR/LOKO/0x00000002
09:38:34.189  INFO     RX        /ERR/LOKO/0x00000002
09:38:34.189  INFO     RX        /ERR/LOKO/0x00000002
09:38:34.189  INFO     RX        /ERR/LOKO/0x00000002
09:38:34.189  INFO     RX        /ERR/LOKO/0x00000002
09:38:34.238  DEBUG    TX /CONTROLL/0,0,0,-27,0,0,0,0,0
09:38:34.268  INFO     RX        /ERR/LOKO/0x00000002
09:38:34.268  INFO     RX        /ERR/LOKO/0x00000002
09:38:34.268  INFO     RX        /ERR/LOKO/0x00000002
09:38:34.268  INFO     RX        /ERR/LOKO/0x00000002
09:38:34.268  INFO     RX        /ERR/LOKO/0x00000002
09:38:34.268  INFO     RX        /ERR/LOKO/0x00000002
09:38:34.359  INFO     RX        /ERR/LOKO/0x00000002
09:38:34.359  INFO     RX        /ERR/LOKO/0x00000002
09:38:34.359  INFO     RX        /ERR/LOKO/0x00000002
09:38:34.359  INFO     RX        /ERR/LOKO/0x00000002
09:38:34.359  INFO     RX        /ERR/LOKO/0x00000002
09:38:34.360  INFO     RX        /ERR/LOKO/0x00000002
09:38:34.360  INFO     RX        /ERR/LOKO/0x00000002
09:38:34.360  INFO     RX        /ERR/LOKO/0x00000002
09:38:34.444  INFO     RX        /ERR/LOKO/0x00000002
09:38:34.444  INFO     RX        /ERR/LOKO/0x00000002
09:38:34.444  INFO     RX        /ERR/LOKO/0x00000002
09:38:34.444  INFO     RX        /ERR/LOKO/0x00000002
09:38:34.444  INFO     RX        /ERR/LOKO/0x00000002
09:38:34.444  INFO     RX        /ERR/LOKO/0x00000002
09:38:34.444  INFO     RX        /ERR/LOKO/0x00000002
09:38:34.518  INFO     RX        /ERR/LOKO/0x00000002
09:38:34.518  INFO     RX        /ERR/LOKO/0x00000002
09:38:34.518  INFO     RX        /ERR/LOKO/0x00000002
09:38:34.518  INFO     RX        /ERR/LOKO/0x00000002
09:38:34.518  INFO     RX        /ERR/LOKO/0x00000002
09:38:34.518  INFO     RX        /ERR/LOKO/0x00000002
09:38:34.617  INFO     RX        /ERR/LOKO/0x00000002
09:38:34.617  INFO     RX        /ERR/LOKO/0x00000002
09:38:34.617  INFO     RX        /ERR/LOKO/0x00000002
09:38:34.703  INFO     RX        /ERR/LOKO/0x00000002
09:38:34.703  INFO     RX        /ERR/LOKO/0x00000002
09:38:34.703  INFO     RX        /ERR/LOKO/0x00000002
09:38:34.703  INFO     RX        /ERR/LOKO/0x00000002
09:38:34.703  INFO     RX        /ERR/LOKO/0x00000002
09:38:34.703  INFO     RX        /ERR/LOKO/0x00000002
09:38:34.768  INFO     RX        /ERR/LOKO/0x00000002
09:38:34.768  INFO     RX        /ERR/LOKO/0x00000002
09:38:34.768  INFO     RX        /ERR/LOKO/0x00000002
09:38:34.768  INFO     RX        /ERR/LOKO/0x00000002
09:38:34.768  INFO     RX        /ERR/LOKO/0x00000002
09:38:34.768  INFO     RX        /ERR/LOKO/0x00000002
09:38:34.863  INFO     RX        /ERR/LOKO/0x00000002
09:38:35.039  DEBUG    TX /CONTROLL/0,0,0,0,0,0,0,0,0
09:38:35.845  DEBUG    TX /CONTROLL/0,0,12,-77,0,0,0,0,0
09:38:35.861  INFO     RX        /ERR/LOKO/0x00000002
09:38:35.861  INFO     RX        /ERR/LOKO/0x00000002
09:38:35.861  INFO     RX        /ERR/LOKO/0x00000002
09:38:35.861  INFO     RX        /ERR/LOKO/0x00000002
09:38:35.861  INFO     RX        /ERR/LOKO/0x00000002
09:38:35.861  INFO     RX        /ERR/LOKO/0x00000002
09:38:35.861  INFO     RX        /ERR/LOKO/0x00000002
09:38:35.944  INFO     RX        /ERR/LOKO/0x00000002
09:38:35.944  INFO     RX        /ERR/LOKO/0x00000002
09:38:35.945  INFO     RX        /ERR/LOKO/0x00000002
09:38:35.945  INFO     RX        /ERR/LOKO/0x00000002
09:38:35.945  INFO     RX        /ERR/LOKO/0x00000002
09:38:35.945  INFO     RX        /ERR/LOKO/0x00000002
09:38:35.945  INFO     RX        /ERR/LOKO/0x00000002
09:38:36.018  INFO     RX        /ERR/LOKO/0x00000002
09:38:36.018  INFO     RX        /ERR/LOKO/0x00000002
09:38:36.018  INFO     RX        /ERR/LOKO/0x00000002
09:38:36.018  INFO     RX        /ERR/LOKO/0x00000002
09:38:36.018  INFO     RX        /ERR/LOKO/0x00000002
09:38:36.018  INFO     RX        /ERR/LOKO/0x00000002
09:38:36.110  INFO     RX        /ERR/LOKO/0x00000002
09:38:36.110  INFO     RX        /ERR/LOKO/0x00000002
09:38:36.110  INFO     RX        /ERR/LOKO/0x00000002
09:38:36.110  INFO     RX        /ERR/LOKO/0x00000002
09:38:36.110  INFO     RX        /ERR/LOKO/0x00000002
09:38:36.110  INFO     RX        /ERR/LOKO/0x00000002
09:38:36.110  INFO     RX        /ERR/LOKO/0x00000002
09:38:36.202  INFO     RX        /ERR/LOKO/0x00000002
09:38:36.202  INFO     RX        /ERR/LOKO/0x00000002
09:38:36.202  INFO     RX        /ERR/LOKO/0x00000002
09:38:36.202  INFO     RX        /ERR/LOKO/0x00000002
09:38:36.202  INFO     RX        /ERR/LOKO/0x00000002
09:38:36.268  INFO     RX        /ERR/LOKO/0x00000002
09:38:36.269  INFO     RX        /ERR/LOKO/0x00000002
09:38:36.269  INFO     RX        /ERR/LOKO/0x00000002
09:38:36.269  INFO     RX        /ERR/LOKO/0x00000002
09:38:36.269  INFO     RX        /ERR/LOKO/0x00000002
09:38:36.269  INFO     RX        /ERR/LOKO/0x00000002
09:38:36.361  INFO     RX        /ERR/LOKO/0x00000002
09:38:36.361  INFO     RX        /ERR/LOKO/0x00000002
09:38:36.361  INFO     RX        /ERR/LOKO/0x00000002
09:38:36.361  INFO     RX        /ERR/LOKO/0x00000002
09:38:36.361  INFO     RX        /ERR/LOKO/0x00000002
09:38:36.361  INFO     RX        /ERR/LOKO/0x00000002
09:38:36.361  INFO     RX        /ERR/LOKO/0x00000002
09:38:36.361  INFO     RX        /ERR/LOKO/0x00000002
09:38:36.452  INFO     RX        /ERR/LOKO/0x00000002
09:38:36.452  INFO     RX        /ERR/LOKO/0x00000002
09:38:36.452  INFO     RX        /ERR/LOKO/0x00000002
09:38:36.452  INFO     RX        /ERR/LOKO/0x00000002
09:38:36.519  INFO     RX        /ERR/LOKO/0x00000002
09:38:36.519  INFO     RX        /ERR/LOKO/0x00000002
09:38:36.519  INFO     RX        /ERR/LOKO/0x00000002
09:38:36.519  INFO     RX        /ERR/LOKO/0x00000002
09:38:36.519  INFO     RX        /ERR/LOKO/0x00000002
09:38:36.519  INFO     RX        /ERR/LOKO/0x00000002
09:38:36.611  INFO     RX        /ERR/LOKO/0x00000002
09:38:36.611  INFO     RX        /ERR/LOKO/0x00000002
09:38:36.611  INFO     RX        /ERR/LOKO/0x00000002
09:38:36.611  INFO     RX        /ERR/LOKO/0x00000002
09:38:36.611  INFO     RX        /ERR/LOKO/0x00000002
09:38:36.611  INFO     RX        /ERR/LOKO/0x00000002
09:38:36.611  INFO     RX        /ERR/LOKO/0x00000002
09:38:36.611  INFO     RX        /ERR/LOKO/0x00000002
09:38:36.651  DEBUG    TX /CONTROLL/0,0,0,-23,0,0,0,0,0
09:38:36.693  INFO     RX        /ERR/LOKO/0x00000002
09:38:36.693  INFO     RX        /ERR/LOKO/0x00000002
09:38:36.693  INFO     RX        /ERR/LOKO/0x00000002
09:38:36.693  INFO     RX        /ERR/LOKO/0x00000002
09:38:36.693  INFO     RX        /ERR/LOKO/0x00000002
09:38:36.769  INFO     RX        /ERR/LOKO/0x00000002
09:38:36.769  INFO     RX        /ERR/LOKO/0x00000002
09:38:36.769  INFO     RX        /ERR/LOKO/0x00000002
09:38:36.769  INFO     RX        /ERR/LOKO/0x00000002
09:38:36.769  INFO     RX        /ERR/LOKO/0x00000002
09:38:36.769  INFO     RX        /ERR/LOKO/0x00000002
09:38:36.861  INFO     RX        /ERR/LOKO/0x00000002
09:38:36.861  INFO     RX        /ERR/LOKO/0x00000002
09:38:36.861  INFO     RX        /ERR/LOKO/0x00000002
09:38:36.861  INFO     RX        /ERR/LOKO/0x00000002
09:38:36.861  INFO     RX        /ERR/LOKO/0x00000002
09:38:36.861  INFO     RX        /ERR/LOKO/0x00000002
09:38:36.861  INFO     RX        /ERR/LOKO/0x00000002
09:38:36.861  INFO     RX        /ERR/LOKO/0x00000002
09:38:36.942  INFO     RX        /ERR/LOKO/0x00000002
09:38:36.943  INFO     RX        /ERR/LOKO/0x00000002
09:38:36.943  INFO     RX        /ERR/LOKO/0x00000002
09:38:36.943  INFO     RX        /ERR/LOKO/0x00000002
09:38:36.943  INFO     RX        /ERR/LOKO/0x00000002
09:38:37.018  INFO     RX        /ERR/LOKO/0x00000002
09:38:37.018  INFO     RX        /ERR/LOKO/0x00000002
09:38:37.018  INFO     RX        /ERR/LOKO/0x00000002
09:38:37.018  INFO     RX        /ERR/LOKO/0x00000002
09:38:37.018  INFO     RX        /ERR/LOKO/0x00000002
09:38:37.018  INFO     RX        /ERR/LOKO/0x00000002
09:38:37.024  INFO     RX        /ERR/LOKO/0x00000002
09:38:37.249  INFO     RX        /ERR/LOKO/0x00000002
09:38:37.455  DEBUG    TX /CONTROLL/0,0,0,0,0,0,0,0,0
09:38:38.113  INFO     RX        /ERR/LOKO/0x00000002
09:38:38.113  INFO     RX        /ERR/LOKO/0x00000002
09:38:38.113  INFO     RX        /ERR/LOKO/0x00000002
09:38:38.114  INFO     RX        /ERR/LOKO/0x00000002
09:38:38.114  INFO     RX        /ERR/LOKO/0x00000002
09:38:38.114  INFO     RX        /ERR/LOKO/0x00000002
09:38:38.114  INFO     RX        /ERR/LOKO/0x00000002
09:38:38.197  INFO     RX        /ERR/LOKO/0x00000002
09:38:38.197  INFO     RX        /ERR/LOKO/0x00000002
09:38:38.197  INFO     RX        /ERR/LOKO/0x00000002
09:38:38.197  INFO     RX        /ERR/LOKO/0x00000002
09:38:38.197  INFO     RX        /ERR/LOKO/0x00000002
09:38:38.197  INFO     RX        /ERR/LOKO/0x00000002
09:38:38.197  INFO     RX        /ERR/LOKO/0x00000002
09:38:38.256  DEBUG    TX /CONTROLL/0,0,0,-55,0,0,0,0,0
09:38:38.268  INFO     RX        /ERR/LOKO/0x00000002
09:38:38.360  INFO     RX        /ERR/LOKO/0x00000002
09:38:38.360  INFO     RX        /ERR/LOKO/0x00000002
09:38:38.360  INFO     RX        /ERR/LOKO/0x00000002
09:38:38.361  INFO     RX        /ERR/LOKO/0x00000002
09:38:38.361  INFO     RX        /ERR/LOKO/0x00000002
09:38:38.361  INFO     RX        /ERR/LOKO/0x00000002
09:38:38.361  INFO     RX        /ERR/LOKO/0x00000002
09:38:38.361  INFO     RX        /ERR/LOKO/0x00000002
09:38:38.443  INFO     RX        /ERR/LOKO/0x00000002
09:38:38.443  INFO     RX        /ERR/LOKO/0x00000002
09:38:38.443  INFO     RX        /ERR/LOKO/0x00000002
09:38:38.443  INFO     RX        /ERR/LOKO/0x00000002
09:38:38.443  INFO     RX        /ERR/LOKO/0x00000002
09:38:38.443  INFO     RX        /ERR/LOKO/0x00000002
09:38:38.443  INFO     RX        /ERR/LOKO/0x00000002
09:38:38.518  INFO     RX        /ERR/LOKO/0x00000002
09:38:38.518  INFO     RX        /ERR/LOKO/0x00000002
09:38:38.518  INFO     RX        /ERR/LOKO/0x00000002
09:38:38.520  INFO     RX        /ERR/LOKO/0x00000002
09:38:38.520  INFO     RX        /ERR/LOKO/0x00000002
09:38:38.520  INFO     RX        /ERR/LOKO/0x00000002
09:38:38.610  INFO     RX        /ERR/LOKO/0x00000002
09:38:38.610  INFO     RX        /ERR/LOKO/0x00000002
09:38:38.610  INFO     RX        /ERR/LOKO/0x00000002
09:38:38.610  INFO     RX        /ERR/LOKO/0x00000002
09:38:38.610  INFO     RX        /ERR/LOKO/0x00000002
09:38:38.610  INFO     RX        /ERR/LOKO/0x00000002
09:38:38.610  INFO     RX        /ERR/LOKO/0x00000002
09:38:38.610  INFO     RX        /ERR/LOKO/0x00000002
09:38:38.694  INFO     RX        /ERR/LOKO/0x00000002
09:38:38.694  INFO     RX        /ERR/LOKO/0x00000002
09:38:38.694  INFO     RX        /ERR/LOKO/0x00000002
09:38:38.694  INFO     RX        /ERR/LOKO/0x00000002
09:38:38.694  INFO     RX        /ERR/LOKO/0x00000002
09:38:38.768  INFO     RX        /ERR/LOKO/0x00000002
09:38:38.768  INFO     RX        /ERR/LOKO/0x00000002
09:38:38.768  INFO     RX        /ERR/LOKO/0x00000002
09:38:38.768  INFO     RX        /ERR/LOKO/0x00000002
09:38:38.860  INFO     RX        /ERR/LOKO/0x00000002
09:38:38.860  INFO     RX        /ERR/LOKO/0x00000002
09:38:38.860  INFO     RX        /ERR/LOKO/0x00000002
09:38:38.860  INFO     RX        /ERR/LOKO/0x00000002
09:38:38.860  INFO     RX        /ERR/LOKO/0x00000002
09:38:38.860  INFO     RX        /ERR/LOKO/0x00000002
09:38:38.860  INFO     RX        /ERR/LOKO/0x00000002
09:38:38.860  INFO     RX        /ERR/LOKO/0x00000002
09:38:38.942  INFO     RX        /ERR/LOKO/0x00000002
09:38:38.943  INFO     RX        /ERR/LOKO/0x00000002
09:38:38.943  INFO     RX        /ERR/LOKO/0x00000002
09:38:38.943  INFO     RX        /ERR/LOKO/0x00000002
09:38:38.943  INFO     RX        /ERR/LOKO/0x00000002
09:38:38.943  INFO     RX        /ERR/LOKO/0x00000002
09:38:38.943  INFO     RX        /ERR/LOKO/0x00000002
09:38:39.018  INFO     RX        /ERR/LOKO/0x00000002
09:38:39.018  INFO     RX        /ERR/LOKO/0x00000002
09:38:39.018  INFO     RX        /ERR/LOKO/0x00000002
09:38:39.018  INFO     RX        /ERR/LOKO/0x00000002
09:38:39.018  INFO     RX        /ERR/LOKO/0x00000002
09:38:39.018  INFO     RX        /ERR/LOKO/0x00000002
09:38:39.064  DEBUG    TX /CONTROLL/0,0,0,-32,1,0,0,0,0
09:38:39.112  INFO     RX        /ERR/LOKO/0x00000002
09:38:39.113  INFO     RX        /ERR/LOKO/0x00000002
09:38:39.113  INFO     RX        /ERR/LOKO/0x00000002
09:38:39.113  INFO     RX        /ERR/LOKO/0x00000002
09:38:39.113  INFO     RX        /ERR/LOKO/0x00000002
09:38:39.113  INFO     RX        /ERR/LOKO/0x00000002
09:38:39.113  INFO     RX        /ERR/LOKO/0x00000002
09:38:39.113  INFO     RX        /ERR/LOKO/0x00000002
09:38:39.203  INFO     RX        /ERR/LOKO/0x00000002
09:38:39.204  INFO     RX        /ERR/LOKO/0x00000002
09:38:39.204  INFO     RX        /ERR/LOKO/0x00000002
09:38:39.204  INFO     RX        /ERR/LOKO/0x00000002
09:38:39.268  INFO     RX        /ERR/LOKO/0x00000002
09:38:39.268  INFO     RX        /ERR/LOKO/0x00000002
09:38:39.268  INFO     RX        /ERR/LOKO/0x00000002
09:38:39.268  INFO     RX        /ERR/LOKO/0x00000002
09:38:39.360  INFO     RX        /ERR/LOKO/0x00000002
09:38:39.360  INFO     RX        /ERR/LOKO/0x00000002
09:38:39.360  INFO     RX        /ERR/LOKO/0x00000002
09:38:39.360  INFO     RX        /ERR/LOKO/0x00000002
09:38:39.360  INFO     RX        /ERR/LOKO/0x00000002
09:38:39.360  INFO     RX        /ERR/LOKO/0x00000002
09:38:39.360  INFO     RX        /ERR/LOKO/0x00000002
09:38:39.360  INFO     RX        /ERR/LOKO/0x00000002
09:38:39.443  INFO     RX        /ERR/LOKO/0x00000002
09:38:39.443  INFO     RX        /ERR/LOKO/0x00000002
09:38:39.443  INFO     RX        /ERR/LOKO/0x00000002
09:38:39.443  INFO     RX        /ERR/LOKO/0x00000002
09:38:39.443  INFO     RX        /ERR/LOKO/0x00000002
09:38:39.443  INFO     RX        /ERR/LOKO/0x00000002
09:38:39.443  INFO     RX        /ERR/LOKO/0x00000002
09:38:39.518  INFO     RX        /ERR/LOKO/0x00000002
09:38:39.518  INFO     RX        /ERR/LOKO/0x00000002
09:38:39.518  INFO     RX        /ERR/LOKO/0x00000002
09:38:39.518  INFO     RX        /ERR/LOKO/0x00000002
09:38:39.518  INFO     RX        /ERR/LOKO/0x00000002
09:38:39.518  INFO     RX        /ERR/LOKO/0x00000002
09:38:39.607  INFO     RX        /ERR/LOKO/0x00000002
09:38:39.607  INFO     RX        /ERR/LOKO/0x00000002
09:38:39.607  INFO     RX        /ERR/LOKO/0x00000002
09:38:39.607  INFO     RX        /ERR/LOKO/0x00000002
09:38:39.607  INFO     RX        /ERR/LOKO/0x00000002
09:38:39.607  INFO     RX        /ERR/LOKO/0x00000002
09:38:39.607  INFO     RX        /ERR/LOKO/0x00000002
09:38:39.607  INFO     RX        /ERR/LOKO/0x00000002
09:38:39.694  INFO     RX        /ERR/LOKO/0x00000002
09:38:39.694  INFO     RX        /ERR/LOKO/0x00000002
09:38:39.694  INFO     RX        /ERR/LOKO/0x00000002
09:38:39.694  INFO     RX        /ERR/LOKO/0x00000002
09:38:39.694  INFO     RX        /ERR/LOKO/0x00000002
09:38:39.694  INFO     RX        /ERR/LOKO/0x00000002
09:38:39.694  INFO     RX        /ERR/LOKO/0x00000002
09:38:39.768  INFO     RX        /ERR/LOKO/0x00000002
09:38:39.768  INFO     RX        /ERR/LOKO/0x00000002
09:38:39.768  INFO     RX        /ERR/LOKO/0x00000002
09:38:39.768  INFO     RX        /ERR/LOKO/0x00000002
09:38:39.768  INFO     RX        /ERR/LOKO/0x00000002
09:38:39.768  INFO     RX        /ERR/LOKO/0x00000002
09:38:39.867  INFO     RX        /ERR/LOKO/0x00000002
09:38:39.867  INFO     RX        /ERR/LOKO/0x00000002
09:38:39.867  INFO     RX        /ERR/LOKO/0x00000002
09:38:39.868  DEBUG    TX /CONTROLL/0,0,0,-36,0,0,0,0,0
09:38:39.952  INFO     RX        /ERR/LOKO/0x00000002
09:38:39.952  INFO     RX        /ERR/LOKO/0x00000002
09:38:39.952  INFO     RX        /ERR/LOKO/0x00000002
09:38:39.952  INFO     RX        /ERR/LOKO/0x00000002
09:38:39.952  INFO     RX        /ERR/LOKO/0x00000002
09:38:39.952  INFO     RX        /ERR/LOKO/0x00000002
09:38:39.952  INFO     RX        /ERR/LOKO/0x00000002
09:38:39.952  INFO     RX        /ERR/LOKO/0x00000002
09:38:40.018  INFO     RX        /ERR/LOKO/0x00000002
09:38:40.018  INFO     RX        /ERR/LOKO/0x00000002
09:38:40.018  INFO     RX        /ERR/LOKO/0x00000002
09:38:40.018  INFO     RX        /ERR/LOKO/0x00000002
09:38:40.018  INFO     RX        /ERR/LOKO/0x00000002
09:38:40.108  INFO     RX        /ERR/LOKO/0x00000002
09:38:40.108  INFO     RX        /ERR/LOKO/0x00000002
09:38:40.108  INFO     RX        /ERR/LOKO/0x00000002
09:38:40.108  INFO     RX        /ERR/LOKO/0x00000002
09:38:40.109  INFO     RX        /ERR/LOKO/0x00000002
09:38:40.109  INFO     RX        /ERR/LOKO/0x00000002
09:38:40.109  INFO     RX        /ERR/LOKO/0x00000002
09:38:40.109  INFO     RX        /ERR/LOKO/0x00000002
09:38:40.193  INFO     RX        /ERR/LOKO/0x00000002
09:38:40.193  INFO     RX        /ERR/LOKO/0x00000002
09:38:40.193  INFO     RX        /ERR/LOKO/0x00000002
09:38:40.193  INFO     RX        /ERR/LOKO/0x00000002
09:38:40.193  INFO     RX        /ERR/LOKO/0x00000002
09:38:40.193  INFO     RX        /ERR/LOKO/0x00000002
09:38:40.193  INFO     RX        /ERR/LOKO/0x00000002
09:38:40.268  INFO     RX        /ERR/LOKO/0x00000002
09:38:40.268  INFO     RX        /ERR/LOKO/0x00000002
09:38:40.268  INFO     RX        /ERR/LOKO/0x00000002
09:38:40.268  INFO     RX        /ERR/LOKO/0x00000002
09:38:40.268  INFO     RX        /ERR/LOKO/0x00000002
09:38:40.268  INFO     RX        /ERR/LOKO/0x00000002
09:38:40.360  INFO     RX        /ERR/LOKO/0x00000002
09:38:40.361  INFO     RX        /ERR/LOKO/0x00000002
09:38:40.361  INFO     RX        /ERR/LOKO/0x00000002
09:38:40.361  INFO     RX        /ERR/LOKO/0x00000002
09:38:40.361  INFO     RX        /ERR/LOKO/0x00000002
09:38:40.453  INFO     RX        /ERR/LOKO/0x00000002
09:38:40.453  INFO     RX        /ERR/LOKO/0x00000002
09:38:40.453  INFO     RX        /ERR/LOKO/0x00000002
09:38:40.453  INFO     RX        /ERR/LOKO/0x00000002
09:38:40.453  INFO     RX        /ERR/LOKO/0x00000002
09:38:40.453  INFO     RX        /ERR/LOKO/0x00000002
09:38:40.518  INFO     RX        /ERR/LOKO/0x00000002
09:38:40.518  INFO     RX        /ERR/LOKO/0x00000002
09:38:40.518  INFO     RX        /ERR/LOKO/0x00000002
09:38:40.518  INFO     RX        /ERR/LOKO/0x00000002
09:38:40.518  INFO     RX        /ERR/LOKO/0x00000002
09:38:40.609  INFO     RX        /ERR/LOKO/0x00000002
09:38:40.609  INFO     RX        /ERR/LOKO/0x00000002
09:38:40.609  INFO     RX        /ERR/LOKO/0x00000002
09:38:40.610  INFO     RX        /ERR/LOKO/0x00000002
09:38:40.610  INFO     RX        /ERR/LOKO/0x00000002
09:38:40.610  INFO     RX        /ERR/LOKO/0x00000002
09:38:40.610  INFO     RX        /ERR/LOKO/0x00000002
09:38:40.610  INFO     RX        /ERR/LOKO/0x00000002
09:38:40.673  DEBUG    TX /CONTROLL/0,0,0,-49,0,0,0,0,0
09:38:40.693  INFO     RX        /ERR/LOKO/0x00000002
09:38:40.694  INFO     RX        /ERR/LOKO/0x00000002
09:38:40.694  INFO     RX        /ERR/LOKO/0x00000002
09:38:40.694  INFO     RX        /ERR/LOKO/0x00000002
09:38:40.694  INFO     RX        /ERR/LOKO/0x00000002
09:38:40.694  INFO     RX        /ERR/LOKO/0x00000002
09:38:40.694  INFO     RX        /ERR/LOKO/0x00000002
09:38:40.768  INFO     RX        /ERR/LOKO/0x00000002
09:38:40.768  INFO     RX        /ERR/LOKO/0x00000002
09:38:40.768  INFO     RX        /ERR/LOKO/0x00000002
09:38:40.768  INFO     RX        /ERR/LOKO/0x00000002
09:38:40.768  INFO     RX        /ERR/LOKO/0x00000002
09:38:40.768  INFO     RX        /ERR/LOKO/0x00000002
09:38:40.859  INFO     RX        /ERR/LOKO/0x00000002
09:38:40.860  INFO     RX        /ERR/LOKO/0x00000002
09:38:40.860  INFO     RX        /ERR/LOKO/0x00000002
09:38:40.860  INFO     RX        /ERR/LOKO/0x00000002
09:38:40.860  INFO     RX        /ERR/LOKO/0x00000002
09:38:40.952  INFO     RX        /ERR/LOKO/0x00000002
09:38:40.952  INFO     RX        /ERR/LOKO/0x00000002
09:38:40.952  INFO     RX        /ERR/LOKO/0x00000002
09:38:40.952  INFO     RX        /ERR/LOKO/0x00000002
09:38:40.952  INFO     RX        /ERR/LOKO/0x00000002
09:38:40.952  INFO     RX        /ERR/LOKO/0x00000002
09:38:40.952  INFO     RX        /ERR/LOKO/0x00000002
09:38:41.018  INFO     RX        /ERR/LOKO/0x00000002
09:38:41.018  INFO     RX        /ERR/LOKO/0x00000002
09:38:41.018  INFO     RX        /ERR/LOKO/0x00000002
09:38:41.018  INFO     RX        /ERR/LOKO/0x00000002
09:38:41.019  INFO     RX        /ERR/LOKO/0x00000002
09:38:41.019  INFO     RX        /ERR/LOKO/0x00000002
09:38:41.110  INFO     RX        /ERR/LOKO/0x00000002
09:38:41.110  INFO     RX        /ERR/LOKO/0x00000002
09:38:41.110  INFO     RX        /ERR/LOKO/0x00000002
09:38:41.110  INFO     RX        /ERR/LOKO/0x00000002
09:38:41.110  INFO     RX        /ERR/LOKO/0x00000002
09:38:41.110  INFO     RX        /ERR/LOKO/0x00000002
09:38:41.110  INFO     RX        /ERR/LOKO/0x00000002
09:38:41.110  INFO     RX        /ERR/LOKO/0x00000002
09:38:41.194  INFO     RX        /ERR/LOKO/0x00000002
09:38:41.194  INFO     RX        /ERR/LOKO/0x00000002
09:38:41.194  INFO     RX        /ERR/LOKO/0x00000002
09:38:41.194  INFO     RX        /ERR/LOKO/0x00000002
09:38:41.194  INFO     RX        /ERR/LOKO/0x00000002
09:38:41.194  INFO     RX        /ERR/LOKO/0x00000002
09:38:41.194  INFO     RX        /ERR/LOKO/0x00000002
09:38:41.268  INFO     RX        /ERR/LOKO/0x00000002
09:38:41.268  INFO     RX        /ERR/LOKO/0x00000002
09:38:41.360  INFO     RX        /ERR/LOKO/0x00000002
09:38:41.361  INFO     RX        /ERR/LOKO/0x00000002
09:38:41.361  INFO     RX        /ERR/LOKO/0x00000002
09:38:41.361  INFO     RX        /ERR/LOKO/0x00000002
09:38:41.361  INFO     RX        /ERR/LOKO/0x00000002
09:38:41.361  INFO     RX        /ERR/LOKO/0x00000002
09:38:41.361  INFO     RX        /ERR/LOKO/0x00000002
09:38:41.361  INFO     RX        /ERR/LOKO/0x00000002
09:38:41.442  INFO     RX        /ERR/LOKO/0x00000002
09:38:41.442  INFO     RX        /ERR/LOKO/0x00000002
09:38:41.442  INFO     RX        /ERR/LOKO/0x00000002
09:38:41.442  INFO     RX        /ERR/LOKO/0x00000002
09:38:41.442  INFO     RX        /ERR/LOKO/0x00000002
09:38:41.442  INFO     RX        /ERR/LOKO/0x00000002
09:38:41.442  INFO     RX        /ERR/LOKO/0x00000002
09:38:41.476  DEBUG    TX /CONTROLL/0,0,0,-45,0,1,0,0,0
09:38:41.517  INFO     RX        /ERR/LOKO/0x00000002
09:38:41.517  INFO     RX        /ERR/LOKO/0x00000002
09:38:41.517  INFO     RX        /ERR/LOKO/0x00000002
09:38:41.517  INFO     RX        /ERR/LOKO/0x00000002
09:38:41.518  INFO     RX        /ERR/LOKO/0x00000002
09:38:41.518  INFO     RX        /ERR/LOKO/0x00000002
09:38:41.609  INFO     RX        /ERR/LOKO/0x00000002
09:38:41.609  INFO     RX        /ERR/LOKO/0x00000002
09:38:41.609  INFO     RX        /ERR/LOKO/0x00000002
09:38:41.609  INFO     RX        /ERR/LOKO/0x00000002
09:38:41.609  INFO     RX        /ERR/LOKO/0x00000002
09:38:41.609  INFO     RX        /ERR/LOKO/0x00000002
09:38:41.609  INFO     RX        /ERR/LOKO/0x00000002
09:38:41.609  INFO     RX        /ERR/LOKO/0x00000002
09:38:41.693  INFO     RX        /ERR/LOKO/0x00000002
09:38:41.693  INFO     RX        /ERR/LOKO/0x00000002
09:38:41.693  INFO     RX        /ERR/LOKO/0x00000002
09:38:41.693  INFO     RX        /ERR/LOKO/0x00000002
09:38:41.693  INFO     RX        /ERR/LOKO/0x00000002
09:38:41.693  INFO     RX        /ERR/LOKO/0x00000002
09:38:41.767  INFO     RX        /ERR/LOKO/0x00000002
09:38:41.767  INFO     RX        /ERR/LOKO/0x00000002
09:38:41.767  INFO     RX        /ERR/LOKO/0x00000002
09:38:41.858  INFO     RX        /ERR/LOKO/0x00000002
09:38:41.858  INFO     RX        /ERR/LOKO/0x00000002
09:38:41.858  INFO     RX        /ERR/LOKO/0x00000002
09:38:41.858  INFO     RX        /ERR/LOKO/0x00000002
09:38:41.858  INFO     RX        /ERR/LOKO/0x00000002
09:38:41.858  INFO     RX        /ERR/LOKO/0x00000002
09:38:41.858  INFO     RX        /ERR/LOKO/0x00000002
09:38:41.858  INFO     RX        /ERR/LOKO/0x00000002
09:38:41.941  INFO     RX        /ERR/LOKO/0x00000002
09:38:41.941  INFO     RX        /ERR/LOKO/0x00000002
09:38:41.941  INFO     RX        /ERR/LOKO/0x00000002
09:38:41.941  INFO     RX        /ERR/LOKO/0x00000002
09:38:41.941  INFO     RX        /ERR/LOKO/0x00000002
09:38:41.941  INFO     RX        /ERR/LOKO/0x00000002
09:38:41.941  INFO     RX        /ERR/LOKO/0x00000002
09:38:42.019  INFO     RX        /ERR/LOKO/0x00000002
09:38:42.020  INFO     RX        /ERR/LOKO/0x00000002
09:38:42.020  INFO     RX        /ERR/LOKO/0x00000002
09:38:42.020  INFO     RX        /ERR/LOKO/0x00000002
09:38:42.020  INFO     RX        /ERR/LOKO/0x00000002
09:38:42.020  INFO     RX        /ERR/LOKO/0x00000002
09:38:42.020  INFO     RX        /ERR/LOKO/0x00000002
09:38:42.107  INFO     RX        /ERR/LOKO/0x00000002
09:38:42.107  INFO     RX        /ERR/LOKO/0x00000002
09:38:42.107  INFO     RX        /ERR/LOKO/0x00000002
09:38:42.107  INFO     RX        /ERR/LOKO/0x00000002
09:38:42.107  INFO     RX        /ERR/LOKO/0x00000002
09:38:42.107  INFO     RX        /ERR/LOKO/0x00000002
09:38:42.107  INFO     RX        /ERR/LOKO/0x00000002
09:38:42.200  INFO     RX        /ERR/LOKO/0x00000002
09:38:42.200  INFO     RX        /ERR/LOKO/0x00000002
09:38:42.200  INFO     RX        /ERR/LOKO/0x00000002
09:38:42.200  INFO     RX        /ERR/LOKO/0x00000002
09:38:42.269  INFO     RX        /ERR/LOKO/0x00000002
09:38:42.269  INFO     RX        /ERR/LOKO/0x00000002
09:38:42.269  INFO     RX        /ERR/LOKO/0x00000002
09:38:42.269  INFO     RX        /ERR/LOKO/0x00000002
09:38:42.269  INFO     RX        /ERR/LOKO/0x00000002
09:38:42.269  INFO     RX        /ERR/LOKO/0x00000002
09:38:42.279  DEBUG    TX /CONTROLL/0,0,0,-45,1,1,0,0,0
09:38:42.355  INFO     RX        /ERR/LOKO/0x00000002
09:38:42.355  INFO     RX        /ERR/LOKO/0x00000002
09:38:42.355  INFO     RX        /ERR/LOKO/0x00000002
09:38:42.355  INFO     RX        /ERR/LOKO/0x00000002
09:38:42.355  INFO     RX        /ERR/LOKO/0x00000002
09:38:42.355  INFO     RX        /ERR/LOKO/0x00000002
09:38:42.355  INFO     RX        /ERR/LOKO/0x00000002
09:38:42.449  INFO     RX        /ERR/LOKO/0x00000002
09:38:42.450  INFO     RX        /ERR/LOKO/0x00000002
09:38:42.450  INFO     RX        /ERR/LOKO/0x00000002
09:38:42.450  INFO     RX        /ERR/LOKO/0x00000002
09:38:42.450  INFO     RX        /ERR/LOKO/0x00000002
09:38:42.450  INFO     RX        /ERR/LOKO/0x00000002
09:38:42.450  INFO     RX        /ERR/LOKO/0x00000002
09:38:42.450  INFO     RX        /ERR/LOKO/0x00000002
09:38:42.518  INFO     RX        /ERR/LOKO/0x00000002
09:38:42.518  INFO     RX        /ERR/LOKO/0x00000002
09:38:42.518  INFO     RX        /ERR/LOKO/0x00000002
09:38:42.518  INFO     RX        /ERR/LOKO/0x00000002
09:38:42.518  INFO     RX        /ERR/LOKO/0x00000002
09:38:42.518  INFO     RX        /ERR/LOKO/0x00000002
09:38:42.614  INFO     RX        /ERR/LOKO/0x00000002
09:38:42.614  INFO     RX        /ERR/LOKO/0x00000002
09:38:42.615  INFO     RX        /ERR/LOKO/0x00000002
09:38:42.615  INFO     RX        /ERR/LOKO/0x00000002
09:38:42.705  INFO     RX        /ERR/LOKO/0x00000002
09:38:42.705  INFO     RX        /ERR/LOKO/0x00000002
09:38:42.705  INFO     RX        /ERR/LOKO/0x00000002
09:38:42.705  INFO     RX        /ERR/LOKO/0x00000002
09:38:42.705  INFO     RX        /ERR/LOKO/0x00000002
09:38:42.705  INFO     RX        /ERR/LOKO/0x00000002
09:38:42.705  INFO     RX        /ERR/LOKO/0x00000002
09:38:42.705  INFO     RX        /ERR/LOKO/0x00000002
09:38:42.768  INFO     RX        /ERR/LOKO/0x00000002
09:38:42.768  INFO     RX        /ERR/LOKO/0x00000002
09:38:42.768  INFO     RX        /ERR/LOKO/0x00000002
09:38:42.768  INFO     RX        /ERR/LOKO/0x00000002
09:38:42.768  INFO     RX        /ERR/LOKO/0x00000002
09:38:42.859  INFO     RX        /ERR/LOKO/0x00000002
09:38:42.859  INFO     RX        /ERR/LOKO/0x00000002
09:38:42.859  INFO     RX        /ERR/LOKO/0x00000002
09:38:42.859  INFO     RX        /ERR/LOKO/0x00000002
09:38:42.859  INFO     RX        /ERR/LOKO/0x00000002
09:38:42.859  INFO     RX        /ERR/LOKO/0x00000002
09:38:42.859  INFO     RX        /ERR/LOKO/0x00000002
09:38:42.859  INFO     RX        /ERR/LOKO/0x00000002
09:38:42.942  INFO     RX        /ERR/LOKO/0x00000002
09:38:42.942  INFO     RX        /ERR/LOKO/0x00000002
09:38:42.942  INFO     RX        /ERR/LOKO/0x00000002
09:38:42.942  INFO     RX        /ERR/LOKO/0x00000002
09:38:42.942  INFO     RX        /ERR/LOKO/0x00000002
09:38:42.942  INFO     RX        /ERR/LOKO/0x00000002
09:38:42.942  INFO     RX        /ERR/LOKO/0x00000002
09:38:43.019  INFO     RX        /ERR/LOKO/0x00000002
09:38:43.019  INFO     RX        /ERR/LOKO/0x00000002
09:38:43.019  INFO     RX        /ERR/LOKO/0x00000002
09:38:43.019  INFO     RX        /ERR/LOKO/0x00000002
09:38:43.019  INFO     RX        /ERR/LOKO/0x00000002
09:38:43.081  DEBUG    TX /CONTROLL/0,0,0,-54,-1,-1,0,0,0
09:38:43.109  INFO     RX        /ERR/LOKO/0x00000002
09:38:43.109  INFO     RX        /ERR/LOKO/0x00000002
09:38:43.109  INFO     RX        /ERR/LOKO/0x00000002
09:38:43.109  INFO     RX        /ERR/LOKO/0x00000002
09:38:43.109  INFO     RX        /ERR/LOKO/0x00000002
09:38:43.201  INFO     RX        /ERR/LOKO/0x00000002
09:38:43.201  INFO     RX        /ERR/LOKO/0x00000002
09:38:43.201  INFO     RX        /ERR/LOKO/0x00000002
09:38:43.201  INFO     RX        /ERR/LOKO/0x00000002
09:38:43.201  INFO     RX        /ERR/LOKO/0x00000002
09:38:43.201  INFO     RX        /ERR/LOKO/0x00000002
09:38:43.201  INFO     RX        /ERR/LOKO/0x00000002
09:38:43.268  INFO     RX        /ERR/LOKO/0x00000002
09:38:43.268  INFO     RX        /ERR/LOKO/0x00000002
09:38:43.268  INFO     RX        /ERR/LOKO/0x00000002
09:38:43.268  INFO     RX        /ERR/LOKO/0x00000002
09:38:43.268  INFO     RX        /ERR/LOKO/0x00000002
09:38:43.268  INFO     RX        /ERR/LOKO/0x00000002
09:38:43.359  INFO     RX        /ERR/LOKO/0x00000002
09:38:43.360  INFO     RX        /ERR/LOKO/0x00000002
09:38:43.360  INFO     RX        /ERR/LOKO/0x00000002
09:38:43.360  INFO     RX        /ERR/LOKO/0x00000002
09:38:43.360  INFO     RX        /ERR/LOKO/0x00000002
09:38:43.360  INFO     RX        /ERR/LOKO/0x00000002
09:38:43.360  INFO     RX        /ERR/LOKO/0x00000002
09:38:43.360  INFO     RX        /ERR/LOKO/0x00000002
09:38:43.452  INFO     RX        /ERR/LOKO/0x00000002
09:38:43.452  INFO     RX        /ERR/LOKO/0x00000002
09:38:43.452  INFO     RX        /ERR/LOKO/0x00000002
09:38:43.452  INFO     RX        /ERR/LOKO/0x00000002
09:38:43.518  INFO     RX        /ERR/LOKO/0x00000002
09:38:43.518  INFO     RX        /ERR/LOKO/0x00000002
09:38:43.518  INFO     RX        /ERR/LOKO/0x00000002
09:38:43.518  INFO     RX        /ERR/LOKO/0x00000002
09:38:43.518  INFO     RX        /ERR/LOKO/0x00000002
09:38:43.610  INFO     RX        /ERR/LOKO/0x00000002
09:38:43.611  INFO     RX        /ERR/LOKO/0x00000002
09:38:43.611  INFO     RX        /ERR/LOKO/0x00000002
09:38:43.611  INFO     RX        /ERR/LOKO/0x00000002
09:38:43.611  INFO     RX        /ERR/LOKO/0x00000002
09:38:43.611  INFO     RX        /ERR/LOKO/0x00000002
09:38:43.611  INFO     RX        /ERR/LOKO/0x00000002
09:38:43.611  INFO     RX        /ERR/LOKO/0x00000002
09:38:43.692  INFO     RX        /ERR/LOKO/0x00000002
09:38:43.692  INFO     RX        /ERR/LOKO/0x00000002
09:38:43.693  INFO     RX        /ERR/LOKO/0x00000002
09:38:43.693  INFO     RX        /ERR/LOKO/0x00000002
09:38:43.693  INFO     RX        /ERR/LOKO/0x00000002
09:38:43.693  INFO     RX        /ERR/LOKO/0x00000002
09:38:43.693  INFO     RX        /ERR/LOKO/0x00000002
09:38:43.768  INFO     RX        /ERR/LOKO/0x00000002
09:38:43.768  INFO     RX        /ERR/LOKO/0x00000002
09:38:43.768  INFO     RX        /ERR/LOKO/0x00000002
09:38:43.768  INFO     RX        /ERR/LOKO/0x00000002
09:38:43.859  INFO     RX        /ERR/LOKO/0x00000002
09:38:43.860  INFO     RX        /ERR/LOKO/0x00000002
09:38:43.860  INFO     RX        /ERR/LOKO/0x00000002
09:38:43.860  INFO     RX        /ERR/LOKO/0x00000002
09:38:43.860  INFO     RX        /ERR/LOKO/0x00000002
09:38:43.860  INFO     RX        /ERR/LOKO/0x00000002
09:38:43.885  DEBUG    TX /CONTROLL/0,0,0,-60,0,0,0,0,0
09:38:43.941  INFO     RX        /ERR/LOKO/0x00000002
09:38:43.941  INFO     RX        /ERR/LOKO/0x00000002
09:38:43.941  INFO     RX        /ERR/LOKO/0x00000002
09:38:43.941  INFO     RX        /ERR/LOKO/0x00000002
09:38:43.942  INFO     RX        /ERR/LOKO/0x00000002
09:38:43.942  INFO     RX        /ERR/LOKO/0x00000002
09:38:43.942  INFO     RX        /ERR/LOKO/0x00000002
09:38:44.018  INFO     RX        /ERR/LOKO/0x00000002
09:38:44.018  INFO     RX        /ERR/LOKO/0x00000002
09:38:44.018  INFO     RX        /ERR/LOKO/0x00000002
09:38:44.018  INFO     RX        /ERR/LOKO/0x00000002
09:38:44.018  INFO     RX        /ERR/LOKO/0x00000002
09:38:44.018  INFO     RX        /ERR/LOKO/0x00000002
09:38:44.109  INFO     RX        /ERR/LOKO/0x00000002
09:38:44.109  INFO     RX        /ERR/LOKO/0x00000002
09:38:44.109  INFO     RX        /ERR/LOKO/0x00000002
09:38:44.109  INFO     RX        /ERR/LOKO/0x00000002
09:38:44.109  INFO     RX        /ERR/LOKO/0x00000002
09:38:44.202  INFO     RX        /ERR/LOKO/0x00000002
09:38:44.202  INFO     RX        /ERR/LOKO/0x00000002
09:38:44.202  INFO     RX        /ERR/LOKO/0x00000002
09:38:44.202  INFO     RX        /ERR/LOKO/0x00000002
09:38:44.202  INFO     RX        /ERR/LOKO/0x00000002
09:38:44.202  INFO     RX        /ERR/LOKO/0x00000002
09:38:44.202  INFO     RX        /ERR/LOKO/0x00000002
09:38:44.268  INFO     RX        /ERR/LOKO/0x00000002
09:38:44.268  INFO     RX        /ERR/LOKO/0x00000002
09:38:44.268  INFO     RX        /ERR/LOKO/0x00000002
09:38:44.268  INFO     RX        /ERR/LOKO/0x00000002
09:38:44.268  INFO     RX        /ERR/LOKO/0x00000002
09:38:44.359  INFO     RX        /ERR/LOKO/0x00000002
09:38:44.359  INFO     RX        /ERR/LOKO/0x00000002
09:38:44.359  INFO     RX        /ERR/LOKO/0x00000002
09:38:44.359  INFO     RX        /ERR/LOKO/0x00000002
09:38:44.359  INFO     RX        /ERR/LOKO/0x00000002
09:38:44.359  INFO     RX        /ERR/LOKO/0x00000002
09:38:44.359  INFO     RX        /ERR/LOKO/0x00000002
09:38:44.359  INFO     RX        /ERR/LOKO/0x00000002
09:38:44.442  INFO     RX        /ERR/LOKO/0x00000002
09:38:44.442  INFO     RX        /ERR/LOKO/0x00000002
09:38:44.442  INFO     RX        /ERR/LOKO/0x00000002
09:38:44.442  INFO     RX        /ERR/LOKO/0x00000002
09:38:44.442  INFO     RX        /ERR/LOKO/0x00000002
09:38:44.518  INFO     RX        /ERR/LOKO/0x00000002
09:38:44.518  INFO     RX        /ERR/LOKO/0x00000002
09:38:44.518  INFO     RX        /ERR/LOKO/0x00000002
09:38:44.518  INFO     RX        /ERR/LOKO/0x00000002
09:38:44.617  INFO     RX        /ERR/LOKO/0x00000002
09:38:44.688  DEBUG    TX /CONTROLL/0,0,0,0,0,0,0,0,0
09:38:45.489  DEBUG    TX /CONTROLL/0,0,0,0,0,0,0,0,0
09:38:46.294  DEBUG    TX /CONTROLL/0,0,0,0,0,0,0,0,0
09:38:47.101  DEBUG    TX /CONTROLL/0,0,0,-75,0,0,0,0,0
09:38:47.364  INFO     RX        /ERR/LOKO/0x00000002
09:38:47.364  INFO     RX        /ERR/LOKO/0x00000002
09:38:47.364  INFO     RX        /ERR/LOKO/0x00000002
09:38:47.364  INFO     RX        /ERR/LOKO/0x00000002
09:38:47.364  INFO     RX        /ERR/LOKO/0x00000002
09:38:47.364  INFO     RX        /ERR/LOKO/0x00000002
09:38:47.364  INFO     RX        /ERR/LOKO/0x00000002
09:38:47.448  INFO     RX        /ERR/LOKO/0x00000002
09:38:47.448  INFO     RX        /ERR/LOKO/0x00000002
09:38:47.448  INFO     RX        /ERR/LOKO/0x00000002
09:38:47.448  INFO     RX        /ERR/LOKO/0x00000002
09:38:47.448  INFO     RX        /ERR/LOKO/0x00000002
09:38:47.448  INFO     RX        /ERR/LOKO/0x00000002
09:38:47.448  INFO     RX        /ERR/LOKO/0x00000002
09:38:47.518  INFO     RX        /ERR/LOKO/0x00000002
09:38:47.518  INFO     RX        /ERR/LOKO/0x00000002
09:38:47.518  INFO     RX        /ERR/LOKO/0x00000002
09:38:47.518  INFO     RX        /ERR/LOKO/0x00000002
09:38:47.518  INFO     RX        /ERR/LOKO/0x00000002
09:38:47.518  INFO     RX        /ERR/LOKO/0x00000002
09:38:47.612  INFO     RX        /ERR/LOKO/0x00000002
09:38:47.612  INFO     RX        /ERR/LOKO/0x00000002
09:38:47.612  INFO     RX        /ERR/LOKO/0x00000002
09:38:47.612  INFO     RX        /ERR/LOKO/0x00000002
09:38:47.612  INFO     RX        /ERR/LOKO/0x00000002
09:38:47.612  INFO     RX        /ERR/LOKO/0x00000002
09:38:47.612  INFO     RX        /ERR/LOKO/0x00000002
09:38:47.612  INFO     RX        /ERR/LOKO/0x00000002
09:38:47.696  INFO     RX        /ERR/LOKO/0x00000002
09:38:47.696  INFO     RX        /ERR/LOKO/0x00000002
09:38:47.696  INFO     RX        /ERR/LOKO/0x00000002
09:38:47.696  INFO     RX        /ERR/LOKO/0x00000002
09:38:47.696  INFO     RX        /ERR/LOKO/0x00000002
09:38:47.696  INFO     RX        /ERR/LOKO/0x00000002
09:38:47.696  INFO     RX        /ERR/LOKO/0x00000002
09:38:47.767  INFO     RX        /ERR/LOKO/0x00000002
09:38:47.768  INFO     RX        /ERR/LOKO/0x00000002
09:38:47.868  INFO     RX        /ERR/LOKO/0x00000002
09:38:47.904  DEBUG    TX /CONTROLL/0,0,0,0,0,0,0,0,0
09:38:48.710  DEBUG    TX /CONTROLL/0,0,0,0,0,0,0,0,0
09:38:49.515  DEBUG    TX /CONTROLL/0,0,0,0,0,0,0,0,0
09:38:50.318  DEBUG    TX /CONTROLL/0,0,0,0,0,0,0,0,0
09:38:51.121  DEBUG    TX /CONTROLL/0,0,0,0,0,0,0,0,0
09:38:51.924  DEBUG    TX /CONTROLL/0,0,0,-23,0,0,0,0,0
09:38:52.122  INFO     RX        /ERR/LOKO/0x00000002
09:38:52.122  INFO     RX        /ERR/LOKO/0x00000002
09:38:52.122  INFO     RX        /ERR/LOKO/0x00000002
09:38:52.122  INFO     RX        /ERR/LOKO/0x00000002
09:38:52.122  INFO     RX        /ERR/LOKO/0x00000002
09:38:52.122  INFO     RX        /ERR/LOKO/0x00000002
09:38:52.204  INFO     RX        /ERR/LOKO/0x00000002
09:38:52.204  INFO     RX        /ERR/LOKO/0x00000002
09:38:52.204  INFO     RX        /ERR/LOKO/0x00000002
09:38:52.204  INFO     RX        /ERR/LOKO/0x00000002
09:38:52.204  INFO     RX        /ERR/LOKO/0x00000002
09:38:52.205  INFO     RX        /ERR/LOKO/0x00000002
09:38:52.205  INFO     RX        /ERR/LOKO/0x00000002
09:38:52.268  INFO     RX        /ERR/LOKO/0x00000002
09:38:52.268  INFO     RX        /ERR/LOKO/0x00000002
09:38:52.268  INFO     RX        /ERR/LOKO/0x00000002
09:38:52.612  INFO     RX        /ERR/LOKO/0x00000002
09:38:52.612  INFO     RX        /ERR/LOKO/0x00000002
09:38:52.704  INFO     RX        /ERR/LOKO/0x00000002
09:38:52.704  INFO     RX        /ERR/LOKO/0x00000002
09:38:52.704  INFO     RX        /ERR/LOKO/0x00000002
09:38:52.704  INFO     RX        /ERR/LOKO/0x00000002
09:38:52.704  INFO     RX        /ERR/LOKO/0x00000002
09:38:52.704  INFO     RX        /ERR/LOKO/0x00000002
09:38:52.704  INFO     RX        /ERR/LOKO/0x00000002
09:38:52.705  INFO     RX        /ERR/LOKO/0x00000002
09:38:52.730  DEBUG    TX /CONTROLL/0,0,0,-23,0,0,0,0,0
09:38:52.768  INFO     RX        /ERR/LOKO/0x00000002
09:38:52.768  INFO     RX        /ERR/LOKO/0x00000002
09:38:52.768  INFO     RX        /ERR/LOKO/0x00000002
09:38:52.768  INFO     RX        /ERR/LOKO/0x00000002
09:38:52.768  INFO     RX        /ERR/LOKO/0x00000002
09:38:52.859  INFO     RX        /ERR/LOKO/0x00000002
09:38:52.859  INFO     RX        /ERR/LOKO/0x00000002
09:38:52.859  INFO     RX        /ERR/LOKO/0x00000002
09:38:52.859  INFO     RX        /ERR/LOKO/0x00000002
09:38:52.859  INFO     RX        /ERR/LOKO/0x00000002
09:38:52.859  INFO     RX        /ERR/LOKO/0x00000002
09:38:52.859  INFO     RX        /ERR/LOKO/0x00000002
09:38:52.859  INFO     RX        /ERR/LOKO/0x00000002
09:38:52.951  INFO     RX        /ERR/LOKO/0x00000002
09:38:53.114  INFO     RX        /ERR/LOKO/0x00000002
09:38:53.114  INFO     RX        /ERR/LOKO/0x00000002
09:38:53.114  INFO     RX        /ERR/LOKO/0x00000002
09:38:53.114  INFO     RX        /ERR/LOKO/0x00000002
09:38:53.114  INFO     RX        /ERR/LOKO/0x00000002
09:38:53.114  INFO     RX        /ERR/LOKO/0x00000002
09:38:53.114  INFO     RX        /ERR/LOKO/0x00000002
09:38:53.196  INFO     RX        /ERR/LOKO/0x00000002
09:38:53.196  INFO     RX        /ERR/LOKO/0x00000002
09:38:53.196  INFO     RX        /ERR/LOKO/0x00000002
09:38:53.196  INFO     RX        /ERR/LOKO/0x00000002
09:38:53.196  INFO     RX        /ERR/LOKO/0x00000002
09:38:53.196  INFO     RX        /ERR/LOKO/0x00000002
09:38:53.196  INFO     RX        /ERR/LOKO/0x00000002
09:38:53.269  INFO     RX        /ERR/LOKO/0x00000002
09:38:53.269  INFO     RX        /ERR/LOKO/0x00000002
09:38:53.269  INFO     RX        /ERR/LOKO/0x00000002
09:38:53.269  INFO     RX        /ERR/LOKO/0x00000002
09:38:53.269  INFO     RX        /ERR/LOKO/0x00000002
09:38:53.269  INFO     RX        /ERR/LOKO/0x00000002
09:38:53.370  INFO     RX        /ERR/LOKO/0x00000002
09:38:53.371  INFO     RX        /ERR/LOKO/0x00000002
09:38:53.371  INFO     RX        /ERR/LOKO/0x00000002
09:38:53.453  INFO     RX        /ERR/LOKO/0x00000002
09:38:53.453  INFO     RX        /ERR/LOKO/0x00000002
09:38:53.453  INFO     RX        /ERR/LOKO/0x00000002
09:38:53.453  INFO     RX        /ERR/LOKO/0x00000002
09:38:53.518  INFO     RX        /ERR/LOKO/0x00000002
09:38:53.519  INFO     RX        /ERR/LOKO/0x00000002
09:38:53.519  INFO     RX        /ERR/LOKO/0x00000002
09:38:53.519  INFO     RX        /ERR/LOKO/0x00000002
09:38:53.519  INFO     RX        /ERR/LOKO/0x00000002
09:38:53.519  INFO     RX        /ERR/LOKO/0x00000002
09:38:53.533  DEBUG    TX /CONTROLL/0,0,0,-23,0,0,0,0,0
09:38:53.620  INFO     RX        /ERR/LOKO/0x00000002
09:38:53.620  INFO     RX        /ERR/LOKO/0x00000002
09:38:53.620  INFO     RX        /ERR/LOKO/0x00000002
09:38:53.870  INFO     RX        /ERR/LOKO/0x00000002
09:38:53.870  INFO     RX        /ERR/LOKO/0x00000002
09:38:53.870  INFO     RX        /ERR/LOKO/0x00000002
09:38:53.955  INFO     RX        /ERR/LOKO/0x00000002
09:38:53.955  INFO     RX        /ERR/LOKO/0x00000002
09:38:53.955  INFO     RX        /ERR/LOKO/0x00000002
09:38:53.955  INFO     RX        /ERR/LOKO/0x00000002
09:38:53.955  INFO     RX        /ERR/LOKO/0x00000002
09:38:53.955  INFO     RX        /ERR/LOKO/0x00000002
09:38:53.955  INFO     RX        /ERR/LOKO/0x00000002
09:38:54.018  INFO     RX        /ERR/LOKO/0x00000002
09:38:54.018  INFO     RX        /ERR/LOKO/0x00000002
09:38:54.018  INFO     RX        /ERR/LOKO/0x00000002
09:38:54.335  DEBUG    TX /CONTROLL/0,0,0,-23,0,0,0,0,0
09:38:54.372  INFO     RX        /ERR/LOKO/0x00000002
09:38:54.372  INFO     RX        /ERR/LOKO/0x00000002
09:38:54.372  INFO     RX        /ERR/LOKO/0x00000002
09:38:54.455  INFO     RX        /ERR/LOKO/0x00000002
09:38:54.455  INFO     RX        /ERR/LOKO/0x00000002
09:38:54.455  INFO     RX        /ERR/LOKO/0x00000002
09:38:54.455  INFO     RX        /ERR/LOKO/0x00000002
09:38:54.455  INFO     RX        /ERR/LOKO/0x00000002
09:38:54.455  INFO     RX        /ERR/LOKO/0x00000002
09:38:54.455  INFO     RX        /ERR/LOKO/0x00000002
09:38:54.518  INFO     RX        /ERR/LOKO/0x00000002
09:38:54.518  INFO     RX        /ERR/LOKO/0x00000002
09:38:54.518  INFO     RX        /ERR/LOKO/0x00000002
09:38:54.518  INFO     RX        /ERR/LOKO/0x00000002
09:38:54.518  INFO     RX        /ERR/LOKO/0x00000002
09:38:54.609  INFO     RX        /ERR/LOKO/0x00000002
09:38:54.609  INFO     RX        /ERR/LOKO/0x00000002
09:38:54.609  INFO     RX        /ERR/LOKO/0x00000002
09:38:54.609  INFO     RX        /ERR/LOKO/0x00000002
09:38:54.609  INFO     RX        /ERR/LOKO/0x00000002
09:38:54.609  INFO     RX        /ERR/LOKO/0x00000002
09:38:54.609  INFO     RX        /ERR/LOKO/0x00000002
09:38:54.609  INFO     RX        /ERR/LOKO/0x00000002
09:38:54.864  INFO     RX        /ERR/LOKO/0x00000002
09:38:54.864  INFO     RX        /ERR/LOKO/0x00000002
09:38:54.864  INFO     RX        /ERR/LOKO/0x00000002
09:38:54.864  INFO     RX        /ERR/LOKO/0x00000002
09:38:54.864  INFO     RX        /ERR/LOKO/0x00000002
09:38:54.864  INFO     RX        /ERR/LOKO/0x00000002
09:38:54.864  INFO     RX        /ERR/LOKO/0x00000002
09:38:54.864  INFO     RX        /ERR/LOKO/0x00000002
09:38:54.945  INFO     RX        /ERR/LOKO/0x00000002
09:38:54.945  INFO     RX        /ERR/LOKO/0x00000002
09:38:54.945  INFO     RX        /ERR/LOKO/0x00000002
09:38:54.945  INFO     RX        /ERR/LOKO/0x00000002
09:38:54.945  INFO     RX        /ERR/LOKO/0x00000002
09:38:54.945  INFO     RX        /ERR/LOKO/0x00000002
09:38:54.945  INFO     RX        /ERR/LOKO/0x00000002
09:38:55.018  INFO     RX        /ERR/LOKO/0x00000002
09:38:55.018  INFO     RX        /ERR/LOKO/0x00000002
09:38:55.018  INFO     RX        /ERR/LOKO/0x00000002
09:38:55.019  INFO     RX        /ERR/LOKO/0x00000002
09:38:55.019  INFO     RX        /ERR/LOKO/0x00000002
09:38:55.019  INFO     RX        /ERR/LOKO/0x00000002
09:38:55.120  INFO     RX        /ERR/LOKO/0x00000002
09:38:55.121  INFO     RX        /ERR/LOKO/0x00000002
09:38:55.137  DEBUG    TX /CONTROLL/0,0,0,0,0,0,0,0,0
09:38:55.202  INFO     RX        /ERR/LOKO/0x00000002
09:38:55.202  INFO     RX        /ERR/LOKO/0x00000002
09:38:55.202  INFO     RX        /ERR/LOKO/0x00000002
09:38:55.202  INFO     RX        /ERR/LOKO/0x00000002
09:38:55.202  INFO     RX        /ERR/LOKO/0x00000002
09:38:55.269  INFO     RX        /ERR/LOKO/0x00000002
09:38:55.269  INFO     RX        /ERR/LOKO/0x00000002
09:38:55.269  INFO     RX        /ERR/LOKO/0x00000002
09:38:55.269  INFO     RX        /ERR/LOKO/0x00000002
09:38:55.269  INFO     RX        /ERR/LOKO/0x00000002
09:38:55.269  INFO     RX        /ERR/LOKO/0x00000002
09:38:55.368  INFO     RX        /ERR/LOKO/0x00000002
09:38:55.369  INFO     RX        /ERR/LOKO/0x00000002
09:38:55.939  DEBUG    TX /CONTROLL/0,0,0,0,0,0,0,0,0
09:38:56.743  DEBUG    TX /CONTROLL/0,0,0,0,0,0,0,0,0
09:38:57.545  DEBUG    TX /CONTROLL/0,0,0,0,0,0,0,0,0
09:38:58.348  DEBUG    TX /CONTROLL/0,0,0,0,0,0,0,0,0
09:38:59.150  DEBUG    TX /CONTROLL/0,0,0,0,0,0,0,0,0
09:38:59.806  INFO     RX        /ERR/LOKO/0x00000002
09:38:59.808  INFO     RX        /ERR/LOKO/0x00000002
09:38:59.809  INFO     RX        /ERR/LOKO/0x00000002
09:38:59.809  INFO     RX        /ERR/LOKO/0x00000002
09:38:59.809  INFO     RX        /ERR/LOKO/0x00000002
09:38:59.902  INFO     RX        /ERR/LOKO/0x00000002
09:38:59.902  INFO     RX        /ERR/LOKO/0x00000002
09:38:59.902  INFO     RX        /ERR/LOKO/0x00000002
09:38:59.902  INFO     RX        /ERR/LOKO/0x00000002
09:38:59.902  INFO     RX        /ERR/LOKO/0x00000002
09:38:59.902  INFO     RX        /ERR/LOKO/0x00000002
09:38:59.902  INFO     RX        /ERR/LOKO/0x00000002
09:38:59.953  DEBUG    TX /CONTROLL/0,0,-33,0,0,0,0,0,0
09:38:59.969  INFO     RX        /ERR/LOKO/0x00000002
09:38:59.970  INFO     RX        /ERR/LOKO/0x00000002
09:39:00.169  INFO     RX        /ERR/LOKO/0x00000002
09:39:00.169  INFO     RX        /ERR/LOKO/0x00000002
09:39:00.169  INFO     RX        /ERR/LOKO/0x00000002
09:39:00.220  INFO     RX        /ERR/LOKO/0x00000002
09:39:00.220  INFO     RX        /ERR/LOKO/0x00000002
09:39:00.220  INFO     RX        /ERR/LOKO/0x00000002
09:39:00.220  INFO     RX        /ERR/LOKO/0x00000002
09:39:00.313  INFO     RX        /ERR/LOKO/0x00000002
09:39:00.313  INFO     RX        /ERR/LOKO/0x00000002
09:39:00.313  INFO     RX        /ERR/LOKO/0x00000002
09:39:00.313  INFO     RX        /ERR/LOKO/0x00000002
09:39:00.313  INFO     RX        /ERR/LOKO/0x00000002
09:39:00.313  INFO     RX        /ERR/LOKO/0x00000002
09:39:00.313  INFO     RX        /ERR/LOKO/0x00000002
09:39:00.313  INFO     RX        /ERR/LOKO/0x00000002
09:39:00.400  INFO     RX        /ERR/LOKO/0x00000002
09:39:00.400  INFO     RX        /ERR/LOKO/0x00000002
09:39:00.400  INFO     RX        /ERR/LOKO/0x00000002
09:39:00.562  INFO     RX        /ERR/LOKO/0x00000002
09:39:00.563  INFO     RX        /ERR/LOKO/0x00000002
09:39:00.563  INFO     RX        /ERR/LOKO/0x00000002
09:39:00.648  INFO     RX        /ERR/LOKO/0x00000002
09:39:00.648  INFO     RX        /ERR/LOKO/0x00000002
09:39:00.648  INFO     RX        /ERR/LOKO/0x00000002
09:39:00.648  INFO     RX        /ERR/LOKO/0x00000002
09:39:00.648  INFO     RX        /ERR/LOKO/0x00000002
09:39:00.648  INFO     RX        /ERR/LOKO/0x00000002
09:39:00.648  INFO     RX        /ERR/LOKO/0x00000002
09:39:00.719  INFO     RX        /ERR/LOKO/0x00000002
09:39:00.719  INFO     RX        /ERR/LOKO/0x00000002
09:39:00.719  INFO     RX        /ERR/LOKO/0x00000002
09:39:00.719  INFO     RX        /ERR/LOKO/0x00000002
09:39:00.719  INFO     RX        /ERR/LOKO/0x00000002
09:39:00.719  INFO     RX        /ERR/LOKO/0x00000002
09:39:00.754  DEBUG    TX /CONTROLL/0,0,-25,0,0,0,0,0,0
09:39:00.818  INFO     RX        /ERR/LOKO/0x00000002
09:39:00.969  INFO     RX        /ERR/LOKO/0x00000002
09:39:00.969  INFO     RX        /ERR/LOKO/0x00000002
09:39:01.065  INFO     RX        /ERR/LOKO/0x00000002
09:39:01.065  INFO     RX        /ERR/LOKO/0x00000002
09:39:01.065  INFO     RX        /ERR/LOKO/0x00000002
09:39:01.065  INFO     RX        /ERR/LOKO/0x00000002
09:39:01.065  INFO     RX        /ERR/LOKO/0x00000002
09:39:01.065  INFO     RX        /ERR/LOKO/0x00000002
09:39:01.065  INFO     RX        /ERR/LOKO/0x00000002
09:39:01.148  INFO     RX        /ERR/LOKO/0x00000002
09:39:01.148  INFO     RX        /ERR/LOKO/0x00000002
09:39:01.148  INFO     RX        /ERR/LOKO/0x00000002
09:39:01.149  INFO     RX        /ERR/LOKO/0x00000002
09:39:01.149  INFO     RX        /ERR/LOKO/0x00000002
09:39:01.219  INFO     RX        /ERR/LOKO/0x00000002
09:39:01.311  INFO     RX        /ERR/LOKO/0x00000002
09:39:01.311  INFO     RX        /ERR/LOKO/0x00000002
09:39:01.311  INFO     RX        /ERR/LOKO/0x00000002
09:39:01.311  INFO     RX        /ERR/LOKO/0x00000002
09:39:01.311  INFO     RX        /ERR/LOKO/0x00000002
09:39:01.311  INFO     RX        /ERR/LOKO/0x00000002
09:39:01.311  INFO     RX        /ERR/LOKO/0x00000002
09:39:01.311  INFO     RX        /ERR/LOKO/0x00000002
09:39:01.404  INFO     RX        /ERR/LOKO/0x00000002
09:39:01.404  INFO     RX        /ERR/LOKO/0x00000002
09:39:01.404  INFO     RX        /ERR/LOKO/0x00000002
09:39:01.404  INFO     RX        /ERR/LOKO/0x00000002
09:39:01.560  DEBUG    TX /CONTROLL/0,0,0,0,0,0,0,0,0
09:39:01.658  INFO     RX        /ERR/LOKO/0x00000002
09:39:01.659  INFO     RX        /ERR/LOKO/0x00000002
09:39:01.659  INFO     RX        /ERR/LOKO/0x00000002
09:39:01.659  INFO     RX        /ERR/LOKO/0x00000002
09:39:01.659  INFO     RX        /ERR/LOKO/0x00000002
09:39:01.659  INFO     RX        /ERR/LOKO/0x00000002
09:39:01.720  INFO     RX        /ERR/LOKO/0x00000002
09:39:01.720  INFO     RX        /ERR/LOKO/0x00000002
09:39:01.720  INFO     RX        /ERR/LOKO/0x00000002
09:39:01.720  INFO     RX        /ERR/LOKO/0x00000002
09:39:01.720  INFO     RX        /ERR/LOKO/0x00000002
09:39:01.720  INFO     RX        /ERR/LOKO/0x00000002
09:39:01.820  INFO     RX        /ERR/LOKO/0x00000002
09:39:02.367  DEBUG    TX /CONTROLL/0,0,0,0,0,0,0,0,0
09:39:03.172  DEBUG    TX /CONTROLL/0,0,0,0,0,0,0,0,0
09:39:03.976  DEBUG    TX /CONTROLL/0,0,0,0,0,0,0,0,0
09:39:04.778  DEBUG    TX /CONTROLL/0,0,0,0,0,0,0,0,0
09:39:05.582  DEBUG    TX /CONTROLL/0,0,0,0,0,0,0,0,0
09:39:06.385  DEBUG    TX /CONTROLL/0,0,0,0,0,0,0,0,0
09:39:07.193  DEBUG    TX /CONTROLL/0,0,0,0,0,0,0,0,0
09:39:08.002  DEBUG    TX /CONTROLL/0,0,0,0,0,0,0,0,0
09:39:08.807  DEBUG    TX /CONTROLL/0,0,0,0,0,0,0,0,0
09:39:09.611  DEBUG    TX /CONTROLL/0,0,0,0,0,0,0,0,0
09:39:10.414  DEBUG    TX /CONTROLL/0,0,0,0,0,0,0,0,0
09:39:11.218  DEBUG    TX /CONTROLL/0,0,0,0,0,0,0,0,0
09:39:12.024  DEBUG    TX /CONTROLL/0,0,0,0,0,0,0,0,0
09:39:12.827  DEBUG    TX /CONTROLL/0,0,0,0,0,0,0,0,0
09:39:13.629  DEBUG    TX /CONTROLL/0,0,0,0,0,0,0,0,0
09:39:14.432  DEBUG    TX /CONTROLL/0,0,0,0,0,0,0,0,0
09:39:15.241  DEBUG    TX /CONTROLL/0,0,0,0,0,0,0,0,0
09:39:16.044  DEBUG    TX /CONTROLL/0,0,0,0,0,0,0,0,0
09:39:16.847  DEBUG    TX /CONTROLL/0,0,0,0,0,0,0,0,0
09:39:17.560  INFO     RX        /ERR/LOKO/0x00000002
09:39:17.560  INFO     RX        /ERR/LOKO/0x00000002
09:39:17.560  INFO     RX        /ERR/LOKO/0x00000002
09:39:17.560  INFO     RX        /ERR/LOKO/0x00000002
09:39:17.560  INFO     RX        /ERR/LOKO/0x00000002
09:39:17.560  INFO     RX        /ERR/LOKO/0x00000002
09:39:17.560  INFO     RX        /ERR/LOKO/0x00000002
09:39:17.643  INFO     RX        /ERR/LOKO/0x00000002
09:39:17.643  INFO     RX        /ERR/LOKO/0x00000002
09:39:17.643  INFO     RX        /ERR/LOKO/0x00000002
09:39:17.643  INFO     RX        /ERR/LOKO/0x00000002
09:39:17.643  INFO     RX        /ERR/LOKO/0x00000002
09:39:17.643  INFO     RX        /ERR/LOKO/0x00000002
09:39:17.643  INFO     RX        /ERR/LOKO/0x00000002
09:39:17.650  DEBUG    TX /CONTROLL/0,0,0,-78,0,0,0,0,0
09:39:17.720  INFO     RX        /ERR/LOKO/0x00000002
09:39:17.806  INFO     RX        /ERR/LOKO/0x00000002
09:39:17.806  INFO     RX        /ERR/LOKO/0x00000002
09:39:17.806  INFO     RX        /ERR/LOKO/0x00000002
09:39:17.806  INFO     RX        /ERR/LOKO/0x00000002
09:39:17.898  INFO     RX        /ERR/LOKO/0x00000002
09:39:17.898  INFO     RX        /ERR/LOKO/0x00000002
09:39:17.898  INFO     RX        /ERR/LOKO/0x00000002
09:39:17.898  INFO     RX        /ERR/LOKO/0x00000002
09:39:17.898  INFO     RX        /ERR/LOKO/0x00000002
09:39:17.898  INFO     RX        /ERR/LOKO/0x00000002
09:39:17.898  INFO     RX        /ERR/LOKO/0x00000002
09:39:17.898  INFO     RX        /ERR/LOKO/0x00000002
09:39:17.970  INFO     RX        /ERR/LOKO/0x00000002
09:39:18.062  INFO     RX        /ERR/LOKO/0x00000002
09:39:18.062  INFO     RX        /ERR/LOKO/0x00000002
09:39:18.062  INFO     RX        /ERR/LOKO/0x00000002
09:39:18.062  INFO     RX        /ERR/LOKO/0x00000002
09:39:18.154  INFO     RX        /ERR/LOKO/0x00000002
09:39:18.154  INFO     RX        /ERR/LOKO/0x00000002
09:39:18.154  INFO     RX        /ERR/LOKO/0x00000002
09:39:18.154  INFO     RX        /ERR/LOKO/0x00000002
09:39:18.309  INFO     RX        /ERR/LOKO/0x00000002
09:39:18.309  INFO     RX        /ERR/LOKO/0x00000002
09:39:18.309  INFO     RX        /ERR/LOKO/0x00000002
09:39:18.309  INFO     RX        /ERR/LOKO/0x00000002
09:39:18.309  INFO     RX        /ERR/LOKO/0x00000002
09:39:18.402  INFO     RX        /ERR/LOKO/0x00000002
09:39:18.402  INFO     RX        /ERR/LOKO/0x00000002
09:39:18.402  INFO     RX        /ERR/LOKO/0x00000002
09:39:18.402  INFO     RX        /ERR/LOKO/0x00000002
09:39:18.454  DEBUG    TX /CONTROLL/0,0,0,-70,0,0,0,0,0
09:39:18.482  INFO     RX        /ERR/LOKO/0x00000002
09:39:18.482  INFO     RX        /ERR/LOKO/0x00000002
09:39:18.482  INFO     RX        /ERR/LOKO/0x00000002
09:39:18.482  INFO     RX        /ERR/LOKO/0x00000002
09:39:18.482  INFO     RX        /ERR/LOKO/0x00000002
09:39:18.482  INFO     RX        /ERR/LOKO/0x00000002
09:39:18.482  INFO     RX        /ERR/LOKO/0x00000002
09:39:18.574  INFO     RX        /ERR/LOKO/0x00000002
09:39:18.574  INFO     RX        /ERR/LOKO/0x00000002
09:39:18.574  INFO     RX        /ERR/LOKO/0x00000002
09:39:18.574  INFO     RX        /ERR/LOKO/0x00000002
09:39:18.725  INFO     RX        /ERR/LOKO/0x00000002
09:39:18.726  INFO     RX        /ERR/LOKO/0x00000002
09:39:18.726  INFO     RX        /ERR/LOKO/0x00000002
09:39:18.726  INFO     RX        /ERR/LOKO/0x00000002
09:39:18.894  INFO     RX        /ERR/LOKO/0x00000002
09:39:18.912  INFO     RX        /ERR/LOKO/0x00000002
09:39:18.913  INFO     RX        /ERR/LOKO/0x00000002
09:39:18.913  INFO     RX        /ERR/LOKO/0x00000002
09:39:18.913  INFO     RX        /ERR/LOKO/0x00000002
09:39:18.913  INFO     RX        /ERR/LOKO/0x00000002
09:39:18.913  INFO     RX        /ERR/LOKO/0x00000002
09:39:18.913  INFO     RX        /ERR/LOKO/0x00000002
09:39:19.010  INFO     RX        /ERR/LOKO/0x00000002
09:39:19.011  INFO     RX        /ERR/LOKO/0x00000002
09:39:19.011  INFO     RX        /ERR/LOKO/0x00000002
09:39:19.011  INFO     RX        /ERR/LOKO/0x00000002
09:39:19.103  INFO     RX        /ERR/LOKO/0x00000002
09:39:19.103  INFO     RX        /ERR/LOKO/0x00000002
09:39:19.103  INFO     RX        /ERR/LOKO/0x00000002
09:39:19.103  INFO     RX        /ERR/LOKO/0x00000002
09:39:19.103  INFO     RX        /ERR/LOKO/0x00000002
09:39:19.169  INFO     RX        /ERR/LOKO/0x00000002
09:39:19.169  INFO     RX        /ERR/LOKO/0x00000002
09:39:19.169  INFO     RX        /ERR/LOKO/0x00000002
09:39:19.257  DEBUG    TX /CONTROLL/0,0,0,-70,0,0,0,0,0
09:39:19.264  INFO     RX        /ERR/LOKO/0x00000002
09:39:19.265  INFO     RX        /ERR/LOKO/0x00000002
09:39:19.265  INFO     RX        /ERR/LOKO/0x00000002
09:39:19.358  INFO     RX        /ERR/LOKO/0x00000002
09:39:19.419  INFO     RX        /ERR/LOKO/0x00000002
09:39:19.419  INFO     RX        /ERR/LOKO/0x00000002
09:39:19.510  INFO     RX        /ERR/LOKO/0x00000002
09:39:19.510  INFO     RX        /ERR/LOKO/0x00000002
09:39:19.510  INFO     RX        /ERR/LOKO/0x00000002
09:39:19.510  INFO     RX        /ERR/LOKO/0x00000002
09:39:19.510  INFO     RX        /ERR/LOKO/0x00000002
09:39:19.601  INFO     RX        /ERR/LOKO/0x00000002
09:39:19.601  INFO     RX        /ERR/LOKO/0x00000002
09:39:19.601  INFO     RX        /ERR/LOKO/0x00000002
09:39:19.601  INFO     RX        /ERR/LOKO/0x00000002
09:39:19.601  INFO     RX        /ERR/LOKO/0x00000002
09:39:19.601  INFO     RX        /ERR/LOKO/0x00000002
09:39:19.670  INFO     RX        /ERR/LOKO/0x00000002
09:39:19.670  INFO     RX        /ERR/LOKO/0x00000002
09:39:19.670  INFO     RX        /ERR/LOKO/0x00000002
09:39:19.766  INFO     RX        /ERR/LOKO/0x00000002
09:39:19.766  INFO     RX        /ERR/LOKO/0x00000002
09:39:19.766  INFO     RX        /ERR/LOKO/0x00000002
09:39:19.847  INFO     RX        /ERR/LOKO/0x00000002
09:39:19.847  INFO     RX        /ERR/LOKO/0x00000002
09:39:19.847  INFO     RX        /ERR/LOKO/0x00000002
09:39:19.847  INFO     RX        /ERR/LOKO/0x00000002
09:39:20.010  INFO     RX        /ERR/LOKO/0x00000002
09:39:20.010  INFO     RX        /ERR/LOKO/0x00000002
09:39:20.010  INFO     RX        /ERR/LOKO/0x00000002
09:39:20.010  INFO     RX        /ERR/LOKO/0x00000002
09:39:20.061  DEBUG    TX /CONTROLL/0,0,0,-70,0,0,0,0,0
09:39:20.103  INFO     RX        /ERR/LOKO/0x00000002
09:39:20.103  INFO     RX        /ERR/LOKO/0x00000002
09:39:20.103  INFO     RX        /ERR/LOKO/0x00000002
09:39:20.103  INFO     RX        /ERR/LOKO/0x00000002
09:39:20.170  INFO     RX        /ERR/LOKO/0x00000002
09:39:20.170  INFO     RX        /ERR/LOKO/0x00000002
09:39:20.170  INFO     RX        /ERR/LOKO/0x00000002
09:39:20.170  INFO     RX        /ERR/LOKO/0x00000002
09:39:20.170  INFO     RX        /ERR/LOKO/0x00000002
09:39:20.170  INFO     RX        /ERR/LOKO/0x00000002
09:39:20.256  INFO     RX        /ERR/LOKO/0x00000002
09:39:20.256  INFO     RX        /ERR/LOKO/0x00000002
09:39:20.256  INFO     RX        /ERR/LOKO/0x00000002
09:39:20.256  INFO     RX        /ERR/LOKO/0x00000002
09:39:20.431  INFO     RX        /ERR/LOKO/0x00000002
09:39:20.431  INFO     RX        /ERR/LOKO/0x00000002
09:39:20.431  INFO     RX        /ERR/LOKO/0x00000002
09:39:20.431  INFO     RX        /ERR/LOKO/0x00000002
09:39:20.431  INFO     RX        /ERR/LOKO/0x00000002
09:39:20.431  INFO     RX        /ERR/LOKO/0x00000002
09:39:20.613  INFO     RX        /ERR/LOKO/0x00000002
09:39:20.613  INFO     RX        /ERR/LOKO/0x00000002
09:39:20.613  INFO     RX        /ERR/LOKO/0x00000002
09:39:20.613  INFO     RX        /ERR/LOKO/0x00000002
09:39:20.614  INFO     RX        /ERR/LOKO/0x00000002
09:39:20.614  INFO     RX        /ERR/LOKO/0x00000002
09:39:20.670  INFO     RX        /ERR/LOKO/0x00000002
09:39:20.670  INFO     RX        /ERR/LOKO/0x00000002
09:39:20.755  INFO     RX        /ERR/LOKO/0x00000002
09:39:20.755  INFO     RX        /ERR/LOKO/0x00000002
09:39:20.755  INFO     RX        /ERR/LOKO/0x00000002
09:39:20.755  INFO     RX        /ERR/LOKO/0x00000002
09:39:20.755  INFO     RX        /ERR/LOKO/0x00000002
09:39:20.755  INFO     RX        /ERR/LOKO/0x00000002
09:39:20.755  INFO     RX        /ERR/LOKO/0x00000002
09:39:20.848  INFO     RX        /ERR/LOKO/0x00000002
09:39:20.848  INFO     RX        /ERR/LOKO/0x00000002
09:39:20.848  INFO     RX        /ERR/LOKO/0x00000002
09:39:20.848  INFO     RX        /ERR/LOKO/0x00000002
09:39:20.848  INFO     RX        /ERR/LOKO/0x00000002
09:39:20.868  DEBUG    TX /CONTROLL/0,0,0,-70,0,0,0,0,0
09:39:21.011  INFO     RX        /ERR/LOKO/0x00000002
09:39:21.011  INFO     RX        /ERR/LOKO/0x00000002
09:39:21.011  INFO     RX        /ERR/LOKO/0x00000002
09:39:21.011  INFO     RX        /ERR/LOKO/0x00000002
09:39:21.011  INFO     RX        /ERR/LOKO/0x00000002
09:39:21.141  INFO     RX        /ERR/LOKO/0x00000002
09:39:21.169  INFO     RX        /ERR/LOKO/0x00000002
09:39:21.169  INFO     RX        /ERR/LOKO/0x00000002
09:39:21.169  INFO     RX        /ERR/LOKO/0x00000002
09:39:21.169  INFO     RX        /ERR/LOKO/0x00000002
09:39:21.258  INFO     RX        /ERR/LOKO/0x00000002
09:39:21.258  INFO     RX        /ERR/LOKO/0x00000002
09:39:21.258  INFO     RX        /ERR/LOKO/0x00000002
09:39:21.258  INFO     RX        /ERR/LOKO/0x00000002
09:39:21.351  INFO     RX        /ERR/LOKO/0x00000002
09:39:21.351  INFO     RX        /ERR/LOKO/0x00000002
09:39:21.351  INFO     RX        /ERR/LOKO/0x00000002
09:39:21.351  INFO     RX        /ERR/LOKO/0x00000002
09:39:21.351  INFO     RX        /ERR/LOKO/0x00000002
09:39:21.351  INFO     RX        /ERR/LOKO/0x00000002
09:39:21.351  INFO     RX        /ERR/LOKO/0x00000002
09:39:21.417  INFO     RX        /ERR/LOKO/0x00000002
09:39:21.417  INFO     RX        /ERR/LOKO/0x00000002
09:39:21.417  INFO     RX        /ERR/LOKO/0x00000002
09:39:21.515  INFO     RX        /ERR/LOKO/0x00000002
09:39:21.610  INFO     RX        /ERR/LOKO/0x00000002
09:39:21.610  INFO     RX        /ERR/LOKO/0x00000002
09:39:21.610  INFO     RX        /ERR/LOKO/0x00000002
09:39:21.610  INFO     RX        /ERR/LOKO/0x00000002
09:39:21.674  DEBUG    TX /CONTROLL/0,0,0,0,0,0,0,0,0
09:39:21.762  INFO     RX        /ERR/LOKO/0x00000002
09:39:21.762  INFO     RX        /ERR/LOKO/0x00000002
09:39:21.762  INFO     RX        /ERR/LOKO/0x00000002
09:39:21.762  INFO     RX        /ERR/LOKO/0x00000002
09:39:21.762  INFO     RX        /ERR/LOKO/0x00000002
09:39:21.762  INFO     RX        /ERR/LOKO/0x00000002
09:39:21.762  INFO     RX        /ERR/LOKO/0x00000002
09:39:21.855  INFO     RX        /ERR/LOKO/0x00000002
09:39:21.855  INFO     RX        /ERR/LOKO/0x00000002
09:39:21.920  INFO     RX        /ERR/LOKO/0x00000002
09:39:21.920  INFO     RX        /ERR/LOKO/0x00000002
09:39:21.920  INFO     RX        /ERR/LOKO/0x00000002
09:39:21.920  INFO     RX        /ERR/LOKO/0x00000002
09:39:21.920  INFO     RX        /ERR/LOKO/0x00000002
09:39:22.020  INFO     RX        /ERR/LOKO/0x00000002
09:39:22.020  INFO     RX        /ERR/LOKO/0x00000002
09:39:22.479  DEBUG    TX /CONTROLL/0,0,0,0,0,0,0,0,0
09:39:23.265  INFO     RX        /ERR/LOKO/0x00000002
09:39:23.265  INFO     RX        /ERR/LOKO/0x00000002
09:39:23.265  INFO     RX        /ERR/LOKO/0x00000002
09:39:23.265  INFO     RX        /ERR/LOKO/0x00000002
09:39:23.286  DEBUG    TX /CONTROLL/0,0,82,-42,0,0,0,0,0
09:39:23.367  INFO     RX        /ERR/LOKO/0x00000002
09:39:23.420  INFO     RX        /ERR/LOKO/0x00000002
09:39:23.420  INFO     RX        /ERR/LOKO/0x00000002
09:39:23.511  INFO     RX        /ERR/LOKO/0x00000002
09:39:23.512  INFO     RX        /ERR/LOKO/0x00000002
09:39:23.512  INFO     RX        /ERR/LOKO/0x00000002
09:39:23.512  INFO     RX        /ERR/LOKO/0x00000002
09:39:23.604  INFO     RX        /ERR/LOKO/0x00000002
09:39:23.604  INFO     RX        /ERR/LOKO/0x00000002
09:39:23.604  INFO     RX        /ERR/LOKO/0x00000002
09:39:23.604  INFO     RX        /ERR/LOKO/0x00000002
09:39:23.604  INFO     RX        /ERR/LOKO/0x00000002
09:39:23.604  INFO     RX        /ERR/LOKO/0x00000002
09:39:23.670  INFO     RX        /ERR/LOKO/0x00000002
09:39:23.670  INFO     RX        /ERR/LOKO/0x00000002
09:39:23.670  INFO     RX        /ERR/LOKO/0x00000002
09:39:23.670  INFO     RX        /ERR/LOKO/0x00000002
09:39:23.756  INFO     RX        /ERR/LOKO/0x00000002
09:39:23.756  INFO     RX        /ERR/LOKO/0x00000002
09:39:23.756  INFO     RX        /ERR/LOKO/0x00000002
09:39:23.756  INFO     RX        /ERR/LOKO/0x00000002
09:39:23.856  INFO     RX        /ERR/LOKO/0x00000002
09:39:23.856  INFO     RX        /ERR/LOKO/0x00000002
09:39:23.920  INFO     RX        /ERR/LOKO/0x00000002
09:39:24.011  INFO     RX        /ERR/LOKO/0x00000002
09:39:24.011  INFO     RX        /ERR/LOKO/0x00000002
09:39:24.011  INFO     RX        /ERR/LOKO/0x00000002
09:39:24.011  INFO     RX        /ERR/LOKO/0x00000002
09:39:24.011  INFO     RX        /ERR/LOKO/0x00000002
09:39:24.011  INFO     RX        /ERR/LOKO/0x00000002
09:39:24.089  DEBUG    TX /CONTROLL/0,0,82,-42,0,0,0,0,0
09:39:24.104  INFO     RX        /ERR/LOKO/0x00000002
09:39:24.104  INFO     RX        /ERR/LOKO/0x00000002
09:39:24.104  INFO     RX        /ERR/LOKO/0x00000002
09:39:24.104  INFO     RX        /ERR/LOKO/0x00000002
09:39:24.104  INFO     RX        /ERR/LOKO/0x00000002
09:39:24.104  INFO     RX        /ERR/LOKO/0x00000002
09:39:24.170  INFO     RX        /ERR/LOKO/0x00000002
09:39:24.170  INFO     RX        /ERR/LOKO/0x00000002
09:39:24.170  INFO     RX        /ERR/LOKO/0x00000002
09:39:24.170  INFO     RX        /ERR/LOKO/0x00000002
09:39:24.281  INFO     RX        /ERR/LOKO/0x00000002
09:39:24.375  INFO     RX        /ERR/LOKO/0x00000002
09:39:24.375  INFO     RX        /ERR/LOKO/0x00000002
09:39:24.375  INFO     RX        /ERR/LOKO/0x00000002
09:39:24.419  INFO     RX        /ERR/LOKO/0x00000002
09:39:24.419  INFO     RX        /ERR/LOKO/0x00000002
09:39:24.419  INFO     RX        /ERR/LOKO/0x00000002
09:39:24.419  INFO     RX        /ERR/LOKO/0x00000002
09:39:24.514  INFO     RX        /ERR/LOKO/0x00000002
09:39:24.514  INFO     RX        /ERR/LOKO/0x00000002
09:39:24.514  INFO     RX        /ERR/LOKO/0x00000002
09:39:24.515  INFO     RX        /ERR/LOKO/0x00000002
09:39:24.515  INFO     RX        /ERR/LOKO/0x00000002
09:39:24.515  INFO     RX        /ERR/LOKO/0x00000002
09:39:24.515  INFO     RX        /ERR/LOKO/0x00000002
09:39:24.607  INFO     RX        /ERR/LOKO/0x00000002
09:39:24.607  INFO     RX        /ERR/LOKO/0x00000002
09:39:24.607  INFO     RX        /ERR/LOKO/0x00000002
09:39:24.607  INFO     RX        /ERR/LOKO/0x00000002
09:39:24.892  DEBUG    TX /CONTROLL/0,0,0,0,0,0,0,0,0
09:39:25.696  DEBUG    TX /CONTROLL/0,0,-94,25,0,0,0,0,0
09:39:26.015  INFO     RX        /ERR/LOKO/0x00000002
09:39:26.016  INFO     RX        /ERR/LOKO/0x00000002
09:39:26.108  INFO     RX        /ERR/LOKO/0x00000002
09:39:26.108  INFO     RX        /ERR/LOKO/0x00000002
09:39:26.108  INFO     RX        /ERR/LOKO/0x00000002
09:39:26.108  INFO     RX        /ERR/LOKO/0x00000002
09:39:26.108  INFO     RX        /ERR/LOKO/0x00000002
09:39:26.170  INFO     RX        /ERR/LOKO/0x00000002
09:39:26.171  INFO     RX        /ERR/LOKO/0x00000002
09:39:26.171  INFO     RX        /ERR/LOKO/0x00000002
09:39:26.271  INFO     RX        /ERR/LOKO/0x00000002
09:39:26.271  INFO     RX        /ERR/LOKO/0x00000002
09:39:26.271  INFO     RX        /ERR/LOKO/0x00000002
09:39:26.354  INFO     RX        /ERR/LOKO/0x00000002
09:39:26.354  INFO     RX        /ERR/LOKO/0x00000002
09:39:26.354  INFO     RX        /ERR/LOKO/0x00000002
09:39:26.354  INFO     RX        /ERR/LOKO/0x00000002
09:39:26.354  INFO     RX        /ERR/LOKO/0x00000002
09:39:26.354  INFO     RX        /ERR/LOKO/0x00000002
09:39:26.420  INFO     RX        /ERR/LOKO/0x00000002
09:39:26.420  INFO     RX        /ERR/LOKO/0x00000002
09:39:26.499  DEBUG    TX /CONTROLL/0,0,0,0,0,0,0,0,0
09:39:26.628  INFO     RX        /ERR/LOKO/0x00000002
09:39:27.306  DEBUG    TX /CONTROLL/0,0,0,0,0,0,0,0,0
09:39:28.110  DEBUG    TX /CONTROLL/0,0,0,0,0,0,0,0,0
09:39:28.913  DEBUG    TX /CONTROLL/0,0,0,0,0,0,0,0,0
09:39:29.719  DEBUG    TX /CONTROLL/0,0,0,0,0,0,1,0,0
09:39:30.522  DEBUG    TX /CONTROLL/0,0,0,0,0,0,4,0,0
09:39:31.326  DEBUG    TX /CONTROLL/0,0,0,0,0,0,0,0,0
09:39:31.882  INFO     RX        /ERR/LOKO/0x00000002
09:39:31.882  INFO     RX        /ERR/LOKO/0x00000002
09:39:31.882  INFO     RX        /ERR/LOKO/0x00000002
09:39:31.882  INFO     RX        /ERR/LOKO/0x00000002
09:39:31.882  INFO     RX        /ERR/LOKO/0x00000002
09:39:31.882  INFO     RX        /ERR/LOKO/0x00000002
09:39:31.882  INFO     RX        /ERR/LOKO/0x00000002
09:39:31.914  INFO     RX        /ERR/LOKO/0x00000002
09:39:31.914  INFO     RX        /ERR/LOKO/0x00000002
09:39:31.914  INFO     RX        /ERR/LOKO/0x00000002
09:39:31.914  INFO     RX        /ERR/LOKO/0x00000002
09:39:31.914  INFO     RX        /ERR/LOKO/0x00000002
09:39:31.914  INFO     RX        /ERR/LOKO/0x00000002
09:39:31.914  INFO     RX        /ERR/LOKO/0x00000002
09:39:31.972  INFO     RX        /ERR/LOKO/0x00000002
09:39:31.972  INFO     RX        /ERR/LOKO/0x00000002
09:39:31.972  INFO     RX        /ERR/LOKO/0x00000002
09:39:31.972  INFO     RX        /ERR/LOKO/0x00000002
09:39:31.972  INFO     RX        /ERR/LOKO/0x00000002
09:39:32.068  INFO     RX        /ERR/LOKO/0x00000002
09:39:32.068  INFO     RX        /ERR/LOKO/0x00000002
09:39:32.068  INFO     RX        /ERR/LOKO/0x00000002
09:39:32.068  INFO     RX        /ERR/LOKO/0x00000002
09:39:32.068  INFO     RX        /ERR/LOKO/0x00000002
09:39:32.132  DEBUG    TX /CONTROLL/0,0,0,-63,0,0,0,0,0
09:39:32.149  INFO     RX        /ERR/LOKO/0x00000002
09:39:32.149  INFO     RX        /ERR/LOKO/0x00000002
09:39:32.149  INFO     RX        /ERR/LOKO/0x00000002
09:39:32.149  INFO     RX        /ERR/LOKO/0x00000002
09:39:32.149  INFO     RX        /ERR/LOKO/0x00000002
09:39:32.149  INFO     RX        /ERR/LOKO/0x00000002
09:39:32.149  INFO     RX        /ERR/LOKO/0x00000002
09:39:32.220  INFO     RX        /ERR/LOKO/0x00000002
09:39:32.220  INFO     RX        /ERR/LOKO/0x00000002
09:39:32.220  INFO     RX        /ERR/LOKO/0x00000002
09:39:32.220  INFO     RX        /ERR/LOKO/0x00000002
09:39:32.220  INFO     RX        /ERR/LOKO/0x00000002
09:39:32.220  INFO     RX        /ERR/LOKO/0x00000002
09:39:32.317  INFO     RX        /ERR/LOKO/0x00000002
09:39:32.317  INFO     RX        /ERR/LOKO/0x00000002
09:39:32.318  INFO     RX        /ERR/LOKO/0x00000002
09:39:32.318  INFO     RX        /ERR/LOKO/0x00000002
09:39:32.318  INFO     RX        /ERR/LOKO/0x00000002
09:39:32.318  INFO     RX        /ERR/LOKO/0x00000002
09:39:32.318  INFO     RX        /ERR/LOKO/0x00000002
09:39:32.318  INFO     RX        /ERR/LOKO/0x00000002
09:39:32.406  INFO     RX        /ERR/LOKO/0x00000002
09:39:32.406  INFO     RX        /ERR/LOKO/0x00000002
09:39:32.406  INFO     RX        /ERR/LOKO/0x00000002
09:39:32.406  INFO     RX        /ERR/LOKO/0x00000002
09:39:32.470  INFO     RX        /ERR/LOKO/0x00000002
09:39:32.471  INFO     RX        /ERR/LOKO/0x00000002
09:39:32.471  INFO     RX        /ERR/LOKO/0x00000002
09:39:32.471  INFO     RX        /ERR/LOKO/0x00000002
09:39:32.471  INFO     RX        /ERR/LOKO/0x00000002
09:39:32.471  INFO     RX        /ERR/LOKO/0x00000002
09:39:32.562  INFO     RX        /ERR/LOKO/0x00000002
09:39:32.562  INFO     RX        /ERR/LOKO/0x00000002
09:39:32.562  INFO     RX        /ERR/LOKO/0x00000002
09:39:32.562  INFO     RX        /ERR/LOKO/0x00000002
09:39:32.562  INFO     RX        /ERR/LOKO/0x00000002
09:39:32.562  INFO     RX        /ERR/LOKO/0x00000002
09:39:32.562  INFO     RX        /ERR/LOKO/0x00000002
09:39:32.562  INFO     RX        /ERR/LOKO/0x00000002
09:39:32.642  INFO     RX        /ERR/LOKO/0x00000002
09:39:32.642  INFO     RX        /ERR/LOKO/0x00000002
09:39:32.642  INFO     RX        /ERR/LOKO/0x00000002
09:39:32.642  INFO     RX        /ERR/LOKO/0x00000002
09:39:32.642  INFO     RX        /ERR/LOKO/0x00000002
09:39:32.642  INFO     RX        /ERR/LOKO/0x00000002
09:39:32.642  INFO     RX        /ERR/LOKO/0x00000002
09:39:32.720  INFO     RX        /ERR/LOKO/0x00000002
09:39:32.720  INFO     RX        /ERR/LOKO/0x00000002
09:39:32.720  INFO     RX        /ERR/LOKO/0x00000002
09:39:32.811  INFO     RX        /ERR/LOKO/0x00000002
09:39:32.811  INFO     RX        /ERR/LOKO/0x00000002
09:39:32.811  INFO     RX        /ERR/LOKO/0x00000002
09:39:32.811  INFO     RX        /ERR/LOKO/0x00000002
09:39:32.811  INFO     RX        /ERR/LOKO/0x00000002
09:39:32.811  INFO     RX        /ERR/LOKO/0x00000002
09:39:32.811  INFO     RX        /ERR/LOKO/0x00000002
09:39:32.811  INFO     RX        /ERR/LOKO/0x00000002
09:39:32.895  INFO     RX        /ERR/LOKO/0x00000002
09:39:32.895  INFO     RX        /ERR/LOKO/0x00000002
09:39:32.895  INFO     RX        /ERR/LOKO/0x00000002
09:39:32.895  INFO     RX        /ERR/LOKO/0x00000002
09:39:32.895  INFO     RX        /ERR/LOKO/0x00000002
09:39:32.895  INFO     RX        /ERR/LOKO/0x00000002
09:39:32.895  INFO     RX        /ERR/LOKO/0x00000002
09:39:32.940  DEBUG    TX /CONTROLL/0,0,0,-63,0,0,0,0,0
09:39:32.970  INFO     RX        /ERR/LOKO/0x00000002
09:39:32.970  INFO     RX        /ERR/LOKO/0x00000002
09:39:32.971  INFO     RX        /ERR/LOKO/0x00000002
09:39:32.971  INFO     RX        /ERR/LOKO/0x00000002
09:39:32.971  INFO     RX        /ERR/LOKO/0x00000002
09:39:32.971  INFO     RX        /ERR/LOKO/0x00000002
09:39:33.062  INFO     RX        /ERR/LOKO/0x00000002
09:39:33.062  INFO     RX        /ERR/LOKO/0x00000002
09:39:33.062  INFO     RX        /ERR/LOKO/0x00000002
09:39:33.062  INFO     RX        /ERR/LOKO/0x00000002
09:39:33.062  INFO     RX        /ERR/LOKO/0x00000002
09:39:33.153  INFO     RX        /ERR/LOKO/0x00000002
09:39:33.154  INFO     RX        /ERR/LOKO/0x00000002
09:39:33.154  INFO     RX        /ERR/LOKO/0x00000002
09:39:33.154  INFO     RX        /ERR/LOKO/0x00000002
09:39:33.154  INFO     RX        /ERR/LOKO/0x00000002
09:39:33.154  INFO     RX        /ERR/LOKO/0x00000002
09:39:33.154  INFO     RX        /ERR/LOKO/0x00000002
09:39:33.220  INFO     RX        /ERR/LOKO/0x00000002
09:39:33.221  INFO     RX        /ERR/LOKO/0x00000002
09:39:33.221  INFO     RX        /ERR/LOKO/0x00000002
09:39:33.221  INFO     RX        /ERR/LOKO/0x00000002
09:39:33.221  INFO     RX        /ERR/LOKO/0x00000002
09:39:33.221  INFO     RX        /ERR/LOKO/0x00000002
09:39:33.312  INFO     RX        /ERR/LOKO/0x00000002
09:39:33.312  INFO     RX        /ERR/LOKO/0x00000002
09:39:33.312  INFO     RX        /ERR/LOKO/0x00000002
09:39:33.312  INFO     RX        /ERR/LOKO/0x00000002
09:39:33.312  INFO     RX        /ERR/LOKO/0x00000002
09:39:33.312  INFO     RX        /ERR/LOKO/0x00000002
09:39:33.312  INFO     RX        /ERR/LOKO/0x00000002
09:39:33.404  INFO     RX        /ERR/LOKO/0x00000002
09:39:33.404  INFO     RX        /ERR/LOKO/0x00000002
09:39:33.404  INFO     RX        /ERR/LOKO/0x00000002
09:39:33.404  INFO     RX        /ERR/LOKO/0x00000002
09:39:33.404  INFO     RX        /ERR/LOKO/0x00000002
09:39:33.471  INFO     RX        /ERR/LOKO/0x00000002
09:39:33.471  INFO     RX        /ERR/LOKO/0x00000002
09:39:33.471  INFO     RX        /ERR/LOKO/0x00000002
09:39:33.471  INFO     RX        /ERR/LOKO/0x00000002
09:39:33.471  INFO     RX        /ERR/LOKO/0x00000002
09:39:33.471  INFO     RX        /ERR/LOKO/0x00000002
09:39:33.559  INFO     RX        /ERR/LOKO/0x00000002
09:39:33.560  INFO     RX        /ERR/LOKO/0x00000002
09:39:33.560  INFO     RX        /ERR/LOKO/0x00000002
09:39:33.560  INFO     RX        /ERR/LOKO/0x00000002
09:39:33.560  INFO     RX        /ERR/LOKO/0x00000002
09:39:33.560  INFO     RX        /ERR/LOKO/0x00000002
09:39:33.560  INFO     RX        /ERR/LOKO/0x00000002
09:39:33.560  INFO     RX        /ERR/LOKO/0x00000002
09:39:33.646  INFO     RX        /ERR/LOKO/0x00000002
09:39:33.646  INFO     RX        /ERR/LOKO/0x00000002
09:39:33.646  INFO     RX        /ERR/LOKO/0x00000002
09:39:33.646  INFO     RX        /ERR/LOKO/0x00000002
09:39:33.646  INFO     RX        /ERR/LOKO/0x00000002
09:39:33.720  INFO     RX        /ERR/LOKO/0x00000002
09:39:33.720  INFO     RX        /ERR/LOKO/0x00000002
09:39:33.720  INFO     RX        /ERR/LOKO/0x00000002
09:39:33.720  INFO     RX        /ERR/LOKO/0x00000002
09:39:33.721  INFO     RX        /ERR/LOKO/0x00000002
09:39:33.741  DEBUG    TX /CONTROLL/0,0,0,-63,0,0,0,0,0
09:39:33.809  INFO     RX        /ERR/LOKO/0x00000002
09:39:33.809  INFO     RX        /ERR/LOKO/0x00000002
09:39:33.809  INFO     RX        /ERR/LOKO/0x00000002
09:39:33.809  INFO     RX        /ERR/LOKO/0x00000002
09:39:33.809  INFO     RX        /ERR/LOKO/0x00000002
09:39:33.809  INFO     RX        /ERR/LOKO/0x00000002
09:39:33.809  INFO     RX        /ERR/LOKO/0x00000002
09:39:33.809  INFO     RX        /ERR/LOKO/0x00000002
09:39:33.895  INFO     RX        /ERR/LOKO/0x00000002
09:39:33.895  INFO     RX        /ERR/LOKO/0x00000002
09:39:33.895  INFO     RX        /ERR/LOKO/0x00000002
09:39:33.895  INFO     RX        /ERR/LOKO/0x00000002
09:39:33.895  INFO     RX        /ERR/LOKO/0x00000002
09:39:33.895  INFO     RX        /ERR/LOKO/0x00000002
09:39:33.895  INFO     RX        /ERR/LOKO/0x00000002
09:39:33.970  INFO     RX        /ERR/LOKO/0x00000002
09:39:33.970  INFO     RX        /ERR/LOKO/0x00000002
09:39:33.970  INFO     RX        /ERR/LOKO/0x00000002
09:39:33.970  INFO     RX        /ERR/LOKO/0x00000002
09:39:34.063  INFO     RX        /ERR/LOKO/0x00000002
09:39:34.063  INFO     RX        /ERR/LOKO/0x00000002
09:39:34.063  INFO     RX        /ERR/LOKO/0x00000002
09:39:34.063  INFO     RX        /ERR/LOKO/0x00000002
09:39:34.063  INFO     RX        /ERR/LOKO/0x00000002
09:39:34.063  INFO     RX        /ERR/LOKO/0x00000002
09:39:34.063  INFO     RX        /ERR/LOKO/0x00000002
09:39:34.156  INFO     RX        /ERR/LOKO/0x00000002
09:39:34.156  INFO     RX        /ERR/LOKO/0x00000002
09:39:34.156  INFO     RX        /ERR/LOKO/0x00000002
09:39:34.156  INFO     RX        /ERR/LOKO/0x00000002
09:39:34.156  INFO     RX        /ERR/LOKO/0x00000002
09:39:34.156  INFO     RX        /ERR/LOKO/0x00000002
09:39:34.156  INFO     RX        /ERR/LOKO/0x00000002
09:39:34.220  INFO     RX        /ERR/LOKO/0x00000002
09:39:34.221  INFO     RX        /ERR/LOKO/0x00000002
09:39:34.221  INFO     RX        /ERR/LOKO/0x00000002
09:39:34.221  INFO     RX        /ERR/LOKO/0x00000002
09:39:34.221  INFO     RX        /ERR/LOKO/0x00000002
09:39:34.221  INFO     RX        /ERR/LOKO/0x00000002
09:39:34.310  INFO     RX        /ERR/LOKO/0x00000002
09:39:34.310  INFO     RX        /ERR/LOKO/0x00000002
09:39:34.310  INFO     RX        /ERR/LOKO/0x00000002
09:39:34.310  INFO     RX        /ERR/LOKO/0x00000002
09:39:34.310  INFO     RX        /ERR/LOKO/0x00000002
09:39:34.403  INFO     RX        /ERR/LOKO/0x00000002
09:39:34.403  INFO     RX        /ERR/LOKO/0x00000002
09:39:34.403  INFO     RX        /ERR/LOKO/0x00000002
09:39:34.403  INFO     RX        /ERR/LOKO/0x00000002
09:39:34.403  INFO     RX        /ERR/LOKO/0x00000002
09:39:34.403  INFO     RX        /ERR/LOKO/0x00000002
09:39:34.403  INFO     RX        /ERR/LOKO/0x00000002
09:39:34.471  INFO     RX        /ERR/LOKO/0x00000002
09:39:34.471  INFO     RX        /ERR/LOKO/0x00000002
09:39:34.471  INFO     RX        /ERR/LOKO/0x00000002
09:39:34.471  INFO     RX        /ERR/LOKO/0x00000002
09:39:34.471  INFO     RX        /ERR/LOKO/0x00000002
09:39:34.471  INFO     RX        /ERR/LOKO/0x00000002
09:39:34.471  INFO     RX        /ERR/LOKO/0x00000002
09:39:34.544  DEBUG    TX /CONTROLL/0,0,-12,-63,0,0,0,0,0
09:39:34.558  INFO     RX        /ERR/LOKO/0x00000002
09:39:34.558  INFO     RX        /ERR/LOKO/0x00000002
09:39:34.558  INFO     RX        /ERR/LOKO/0x00000002
09:39:34.558  INFO     RX        /ERR/LOKO/0x00000002
09:39:34.558  INFO     RX        /ERR/LOKO/0x00000002
09:39:34.558  INFO     RX        /ERR/LOKO/0x00000002
09:39:34.558  INFO     RX        /ERR/LOKO/0x00000002
09:39:34.651  INFO     RX        /ERR/LOKO/0x00000002
09:39:34.651  INFO     RX        /ERR/LOKO/0x00000002
09:39:34.651  INFO     RX        /ERR/LOKO/0x00000002
09:39:34.651  INFO     RX        /ERR/LOKO/0x00000002
09:39:34.720  INFO     RX        /ERR/LOKO/0x00000002
09:39:34.720  INFO     RX        /ERR/LOKO/0x00000002
09:39:34.720  INFO     RX        /ERR/LOKO/0x00000002
09:39:34.720  INFO     RX        /ERR/LOKO/0x00000002
09:39:34.720  INFO     RX        /ERR/LOKO/0x00000002
09:39:34.720  INFO     RX        /ERR/LOKO/0x00000002
09:39:34.813  INFO     RX        /ERR/LOKO/0x00000002
09:39:34.813  INFO     RX        /ERR/LOKO/0x00000002
09:39:34.813  INFO     RX        /ERR/LOKO/0x00000002
09:39:34.814  INFO     RX        /ERR/LOKO/0x00000002
09:39:34.814  INFO     RX        /ERR/LOKO/0x00000002
09:39:34.814  INFO     RX        /ERR/LOKO/0x00000002
09:39:34.814  INFO     RX        /ERR/LOKO/0x00000002
09:39:34.814  INFO     RX        /ERR/LOKO/0x00000002
09:39:34.900  INFO     RX        /ERR/LOKO/0x00000002
09:39:34.900  INFO     RX        /ERR/LOKO/0x00000002
09:39:34.900  INFO     RX        /ERR/LOKO/0x00000002
09:39:34.900  INFO     RX        /ERR/LOKO/0x00000002
09:39:34.900  INFO     RX        /ERR/LOKO/0x00000002
09:39:34.900  INFO     RX        /ERR/LOKO/0x00000002
09:39:34.970  INFO     RX        /ERR/LOKO/0x00000002
09:39:34.970  INFO     RX        /ERR/LOKO/0x00000002
09:39:34.970  INFO     RX        /ERR/LOKO/0x00000002
09:39:34.970  INFO     RX        /ERR/LOKO/0x00000002
09:39:34.970  INFO     RX        /ERR/LOKO/0x00000002
09:39:34.977  INFO     RX        /ERR/LOKO/0x00000002
09:39:35.067  INFO     RX        /ERR/LOKO/0x00000002
09:39:35.067  INFO     RX        /ERR/LOKO/0x00000002
09:39:35.067  INFO     RX        /ERR/LOKO/0x00000002
09:39:35.067  INFO     RX        /ERR/LOKO/0x00000002
09:39:35.067  INFO     RX        /ERR/LOKO/0x00000002
09:39:35.067  INFO     RX        /ERR/LOKO/0x00000002
09:39:35.067  INFO     RX        /ERR/LOKO/0x00000002
09:39:35.150  INFO     RX        /ERR/LOKO/0x00000002
09:39:35.150  INFO     RX        /ERR/LOKO/0x00000002
09:39:35.150  INFO     RX        /ERR/LOKO/0x00000002
09:39:35.150  INFO     RX        /ERR/LOKO/0x00000002
09:39:35.150  INFO     RX        /ERR/LOKO/0x00000002
09:39:35.150  INFO     RX        /ERR/LOKO/0x00000002
09:39:35.150  INFO     RX        /ERR/LOKO/0x00000002
09:39:35.220  INFO     RX        /ERR/LOKO/0x00000002
09:39:35.220  INFO     RX        /ERR/LOKO/0x00000002
09:39:35.220  INFO     RX        /ERR/LOKO/0x00000002
09:39:35.312  INFO     RX        /ERR/LOKO/0x00000002
09:39:35.312  INFO     RX        /ERR/LOKO/0x00000002
09:39:35.312  INFO     RX        /ERR/LOKO/0x00000002
09:39:35.312  INFO     RX        /ERR/LOKO/0x00000002
09:39:35.312  INFO     RX        /ERR/LOKO/0x00000002
09:39:35.312  INFO     RX        /ERR/LOKO/0x00000002
09:39:35.312  INFO     RX        /ERR/LOKO/0x00000002
09:39:35.352  DEBUG    TX /CONTROLL/0,0,0,0,0,0,0,0,0
09:39:35.395  INFO     RX        /ERR/LOKO/0x00000002
09:39:35.395  INFO     RX        /ERR/LOKO/0x00000002
09:39:35.395  INFO     RX        /ERR/LOKO/0x00000002
09:39:35.395  INFO     RX        /ERR/LOKO/0x00000002
09:39:35.395  INFO     RX        /ERR/LOKO/0x00000002
09:39:35.395  INFO     RX        /ERR/LOKO/0x00000002
09:39:35.395  INFO     RX        /ERR/LOKO/0x00000002
09:39:35.470  INFO     RX        /ERR/LOKO/0x00000002
09:39:35.470  INFO     RX        /ERR/LOKO/0x00000002
09:39:35.470  INFO     RX        /ERR/LOKO/0x00000002
09:39:35.470  INFO     RX        /ERR/LOKO/0x00000002
09:39:35.470  INFO     RX        /ERR/LOKO/0x00000002
09:39:35.470  INFO     RX        /ERR/LOKO/0x00000002
09:39:35.562  INFO     RX        /ERR/LOKO/0x00000002
09:39:35.562  INFO     RX        /ERR/LOKO/0x00000002
09:39:35.562  INFO     RX        /ERR/LOKO/0x00000002
09:39:35.562  INFO     RX        /ERR/LOKO/0x00000002
09:39:35.562  INFO     RX        /ERR/LOKO/0x00000002
09:39:35.563  INFO     RX        /ERR/LOKO/0x00000002
09:39:35.643  INFO     RX        /ERR/LOKO/0x00000002
09:39:35.643  INFO     RX        /ERR/LOKO/0x00000002
09:39:35.644  INFO     RX        /ERR/LOKO/0x00000002
09:39:35.644  INFO     RX        /ERR/LOKO/0x00000002
09:39:35.644  INFO     RX        /ERR/LOKO/0x00000002
09:39:35.644  INFO     RX        /ERR/LOKO/0x00000002
09:39:35.644  INFO     RX        /ERR/LOKO/0x00000002
09:39:35.720  INFO     RX        /ERR/LOKO/0x00000002
09:39:35.721  INFO     RX        /ERR/LOKO/0x00000002
09:39:35.721  INFO     RX        /ERR/LOKO/0x00000002
09:39:35.721  INFO     RX        /ERR/LOKO/0x00000002
09:39:35.721  INFO     RX        /ERR/LOKO/0x00000002
09:39:35.721  INFO     RX        /ERR/LOKO/0x00000002
09:39:35.818  INFO     RX        /ERR/LOKO/0x00000002
09:39:35.818  INFO     RX        /ERR/LOKO/0x00000002
09:39:36.162  DEBUG    TX /CONTROLL/0,0,0,0,0,0,0,0,0
09:39:36.813  INFO     RX        /ERR/LOKO/0x00000002
09:39:36.813  INFO     RX        /ERR/LOKO/0x00000002
09:39:36.813  INFO     RX        /ERR/LOKO/0x00000002
09:39:36.813  INFO     RX        /ERR/LOKO/0x00000002
09:39:36.813  INFO     RX        /ERR/LOKO/0x00000002
09:39:36.813  INFO     RX        /ERR/LOKO/0x00000002
09:39:36.813  INFO     RX        /ERR/LOKO/0x00000002
09:39:36.908  INFO     RX        /ERR/LOKO/0x00000002
09:39:36.908  INFO     RX        /ERR/LOKO/0x00000002
09:39:36.908  INFO     RX        /ERR/LOKO/0x00000002
09:39:36.908  INFO     RX        /ERR/LOKO/0x00000002
09:39:36.908  INFO     RX        /ERR/LOKO/0x00000002
09:39:36.967  DEBUG    TX /CONTROLL/0,0,69,16,0,0,0,0,0
09:39:36.972  INFO     RX        /ERR/LOKO/0x00000002
09:39:36.972  INFO     RX        /ERR/LOKO/0x00000002
09:39:36.972  INFO     RX        /ERR/LOKO/0x00000002
09:39:36.972  INFO     RX        /ERR/LOKO/0x00000002
09:39:36.972  INFO     RX        /ERR/LOKO/0x00000002
09:39:37.062  INFO     RX        /ERR/LOKO/0x00000002
09:39:37.063  INFO     RX        /ERR/LOKO/0x00000002
09:39:37.063  INFO     RX        /ERR/LOKO/0x00000002
09:39:37.063  INFO     RX        /ERR/LOKO/0x00000002
09:39:37.063  INFO     RX        /ERR/LOKO/0x00000002
09:39:37.063  INFO     RX        /ERR/LOKO/0x00000002
09:39:37.063  INFO     RX        /ERR/LOKO/0x00000002
09:39:37.064  INFO     RX        /ERR/LOKO/0x00000002
09:39:37.148  INFO     RX        /ERR/LOKO/0x00000002
09:39:37.148  INFO     RX        /ERR/LOKO/0x00000002
09:39:37.148  INFO     RX        /ERR/LOKO/0x00000002
09:39:37.148  INFO     RX        /ERR/LOKO/0x00000002
09:39:37.148  INFO     RX        /ERR/LOKO/0x00000002
09:39:37.221  INFO     RX        /ERR/LOKO/0x00000002
09:39:37.221  INFO     RX        /ERR/LOKO/0x00000002
09:39:37.221  INFO     RX        /ERR/LOKO/0x00000002
09:39:37.221  INFO     RX        /ERR/LOKO/0x00000002
09:39:37.221  INFO     RX        /ERR/LOKO/0x00000002
09:39:37.221  INFO     RX        /ERR/LOKO/0x00000002
09:39:37.310  INFO     RX        /ERR/LOKO/0x00000002
09:39:37.310  INFO     RX        /ERR/LOKO/0x00000002
09:39:37.310  INFO     RX        /ERR/LOKO/0x00000002
09:39:37.310  INFO     RX        /ERR/LOKO/0x00000002
09:39:37.310  INFO     RX        /ERR/LOKO/0x00000002
09:39:37.310  INFO     RX        /ERR/LOKO/0x00000002
09:39:37.310  INFO     RX        /ERR/LOKO/0x00000002
09:39:37.310  INFO     RX        /ERR/LOKO/0x00000002
09:39:37.397  INFO     RX        /ERR/LOKO/0x00000002
09:39:37.397  INFO     RX        /ERR/LOKO/0x00000002
09:39:37.397  INFO     RX        /ERR/LOKO/0x00000002
09:39:37.397  INFO     RX        /ERR/LOKO/0x00000002
09:39:37.397  INFO     RX        /ERR/LOKO/0x00000002
09:39:37.472  INFO     RX        /ERR/LOKO/0x00000002
09:39:37.472  INFO     RX        /ERR/LOKO/0x00000002
09:39:37.472  INFO     RX        /ERR/LOKO/0x00000002
09:39:37.472  INFO     RX        /ERR/LOKO/0x00000002
09:39:37.472  INFO     RX        /ERR/LOKO/0x00000002
09:39:37.472  INFO     RX        /ERR/LOKO/0x00000002
09:39:37.571  INFO     RX        /ERR/LOKO/0x00000002
09:39:37.774  DEBUG    TX /CONTROLL/0,0,0,0,0,0,0,0,0
09:39:38.569  INFO     RX        /ERR/LOKO/0x00000002
09:39:38.569  INFO     RX        /ERR/LOKO/0x00000002
09:39:38.569  INFO     RX        /ERR/LOKO/0x00000002
09:39:38.569  INFO     RX        /ERR/LOKO/0x00000002
09:39:38.569  INFO     RX        /ERR/LOKO/0x00000002
09:39:38.569  INFO     RX        /ERR/LOKO/0x00000002
09:39:38.569  INFO     RX        /ERR/LOKO/0x00000002
09:39:38.577  DEBUG    TX /CONTROLL/0,0,0,99,0,0,0,0,0
09:39:38.658  INFO     RX        /ERR/LOKO/0x00000002
09:39:38.659  INFO     RX        /ERR/LOKO/0x00000002
09:39:38.659  INFO     RX        /ERR/LOKO/0x00000002
09:39:38.659  INFO     RX        /ERR/LOKO/0x00000002
09:39:38.659  INFO     RX        /ERR/LOKO/0x00000002
09:39:38.659  INFO     RX        /ERR/LOKO/0x00000002
09:39:38.721  INFO     RX        /ERR/LOKO/0x00000002
09:39:38.721  INFO     RX        /ERR/LOKO/0x00000002
09:39:38.721  INFO     RX        /ERR/LOKO/0x00000002
09:39:38.721  INFO     RX        /ERR/LOKO/0x00000002
09:39:38.721  INFO     RX        /ERR/LOKO/0x00000002
09:39:38.811  INFO     RX        /ERR/LOKO/0x00000002
09:39:38.811  INFO     RX        /ERR/LOKO/0x00000002
09:39:38.811  INFO     RX        /ERR/LOKO/0x00000002
09:39:38.811  INFO     RX        /ERR/LOKO/0x00000002
09:39:38.811  INFO     RX        /ERR/LOKO/0x00000002
09:39:38.811  INFO     RX        /ERR/LOKO/0x00000002
09:39:38.897  INFO     RX        /ERR/LOKO/0x00000002
09:39:38.897  INFO     RX        /ERR/LOKO/0x00000002
09:39:38.897  INFO     RX        /ERR/LOKO/0x00000002
09:39:38.897  INFO     RX        /ERR/LOKO/0x00000002
09:39:38.897  INFO     RX        /ERR/LOKO/0x00000002
09:39:38.897  INFO     RX        /ERR/LOKO/0x00000002
09:39:38.897  INFO     RX        /ERR/LOKO/0x00000002
09:39:38.972  INFO     RX        /ERR/LOKO/0x00000002
09:39:38.972  INFO     RX        /ERR/LOKO/0x00000002
09:39:38.972  INFO     RX        /ERR/LOKO/0x00000002
09:39:38.972  INFO     RX        /ERR/LOKO/0x00000002
09:39:38.972  INFO     RX        /ERR/LOKO/0x00000002
09:39:38.973  INFO     RX        /ERR/LOKO/0x00000002
09:39:39.059  INFO     RX        /ERR/LOKO/0x00000002
09:39:39.060  INFO     RX        /ERR/LOKO/0x00000002
09:39:39.060  INFO     RX        /ERR/LOKO/0x00000002
09:39:39.060  INFO     RX        /ERR/LOKO/0x00000002
09:39:39.060  INFO     RX        /ERR/LOKO/0x00000002
09:39:39.155  INFO     RX        /ERR/LOKO/0x00000002
09:39:39.155  INFO     RX        /ERR/LOKO/0x00000002
09:39:39.155  INFO     RX        /ERR/LOKO/0x00000002
09:39:39.155  INFO     RX        /ERR/LOKO/0x00000002
09:39:39.155  INFO     RX        /ERR/LOKO/0x00000002
09:39:39.155  INFO     RX        /ERR/LOKO/0x00000002
09:39:39.155  INFO     RX        /ERR/LOKO/0x00000002
09:39:39.220  INFO     RX        /ERR/LOKO/0x00000002
09:39:39.221  INFO     RX        /ERR/LOKO/0x00000002
09:39:39.221  INFO     RX        /ERR/LOKO/0x00000002
09:39:39.221  INFO     RX        /ERR/LOKO/0x00000002
09:39:39.221  INFO     RX        /ERR/LOKO/0x00000002
09:39:39.313  INFO     RX        /ERR/LOKO/0x00000002
09:39:39.313  INFO     RX        /ERR/LOKO/0x00000002
09:39:39.313  INFO     RX        /ERR/LOKO/0x00000002
09:39:39.313  INFO     RX        /ERR/LOKO/0x00000002
09:39:39.313  INFO     RX        /ERR/LOKO/0x00000002
09:39:39.313  INFO     RX        /ERR/LOKO/0x00000002
09:39:39.313  INFO     RX        /ERR/LOKO/0x00000002
09:39:39.313  INFO     RX        /ERR/LOKO/0x00000002
09:39:39.382  DEBUG    TX /CONTROLL/0,0,18,99,0,0,0,0,0
09:39:39.395  INFO     RX        /ERR/LOKO/0x00000002
09:39:39.395  INFO     RX        /ERR/LOKO/0x00000002
09:39:39.395  INFO     RX        /ERR/LOKO/0x00000002
09:39:39.395  INFO     RX        /ERR/LOKO/0x00000002
09:39:39.395  INFO     RX        /ERR/LOKO/0x00000002
09:39:39.395  INFO     RX        /ERR/LOKO/0x00000002
09:39:39.471  INFO     RX        /ERR/LOKO/0x00000002
09:39:39.472  INFO     RX        /ERR/LOKO/0x00000002
09:39:39.472  INFO     RX        /ERR/LOKO/0x00000002
09:39:39.472  INFO     RX        /ERR/LOKO/0x00000002
09:39:39.472  INFO     RX        /ERR/LOKO/0x00000002
09:39:39.562  INFO     RX        /ERR/LOKO/0x00000002
09:39:39.562  INFO     RX        /ERR/LOKO/0x00000002
09:39:39.562  INFO     RX        /ERR/LOKO/0x00000002
09:39:39.562  INFO     RX        /ERR/LOKO/0x00000002
09:39:39.562  INFO     RX        /ERR/LOKO/0x00000002
09:39:39.562  INFO     RX        /ERR/LOKO/0x00000002
09:39:39.562  INFO     RX        /ERR/LOKO/0x00000002
09:39:39.562  INFO     RX        /ERR/LOKO/0x00000002
09:39:39.645  INFO     RX        /ERR/LOKO/0x00000002
09:39:39.645  INFO     RX        /ERR/LOKO/0x00000002
09:39:39.645  INFO     RX        /ERR/LOKO/0x00000002
09:39:39.645  INFO     RX        /ERR/LOKO/0x00000002
09:39:39.645  INFO     RX        /ERR/LOKO/0x00000002
09:39:39.724  INFO     RX        /ERR/LOKO/0x00000002
09:39:39.724  INFO     RX        /ERR/LOKO/0x00000002
09:39:39.724  INFO     RX        /ERR/LOKO/0x00000002
09:39:39.724  INFO     RX        /ERR/LOKO/0x00000002
09:39:39.724  INFO     RX        /ERR/LOKO/0x00000002
09:39:39.724  INFO     RX        /ERR/LOKO/0x00000002
09:39:39.814  INFO     RX        /ERR/LOKO/0x00000002
09:39:39.814  INFO     RX        /ERR/LOKO/0x00000002
09:39:39.814  INFO     RX        /ERR/LOKO/0x00000002
09:39:39.814  INFO     RX        /ERR/LOKO/0x00000002
09:39:39.814  INFO     RX        /ERR/LOKO/0x00000002
09:39:39.905  INFO     RX        /ERR/LOKO/0x00000002
09:39:39.905  INFO     RX        /ERR/LOKO/0x00000002
09:39:39.905  INFO     RX        /ERR/LOKO/0x00000002
09:39:39.905  INFO     RX        /ERR/LOKO/0x00000002
09:39:39.905  INFO     RX        /ERR/LOKO/0x00000002
09:39:39.905  INFO     RX        /ERR/LOKO/0x00000002
09:39:39.905  INFO     RX        /ERR/LOKO/0x00000002
09:39:39.971  INFO     RX        /ERR/LOKO/0x00000002
09:39:39.971  INFO     RX        /ERR/LOKO/0x00000002
09:39:39.971  INFO     RX        /ERR/LOKO/0x00000002
09:39:39.971  INFO     RX        /ERR/LOKO/0x00000002
09:39:39.972  INFO     RX        /ERR/LOKO/0x00000002
09:39:39.972  INFO     RX        /ERR/LOKO/0x00000002
09:39:40.062  INFO     RX        /ERR/LOKO/0x00000002
09:39:40.062  INFO     RX        /ERR/LOKO/0x00000002
09:39:40.062  INFO     RX        /ERR/LOKO/0x00000002
09:39:40.062  INFO     RX        /ERR/LOKO/0x00000002
09:39:40.062  INFO     RX        /ERR/LOKO/0x00000002
09:39:40.062  INFO     RX        /ERR/LOKO/0x00000002
09:39:40.062  INFO     RX        /ERR/LOKO/0x00000002
09:39:40.145  INFO     RX        /ERR/LOKO/0x00000002
09:39:40.145  INFO     RX        /ERR/LOKO/0x00000002
09:39:40.145  INFO     RX        /ERR/LOKO/0x00000002
09:39:40.145  INFO     RX        /ERR/LOKO/0x00000002
09:39:40.145  INFO     RX        /ERR/LOKO/0x00000002
09:39:40.145  INFO     RX        /ERR/LOKO/0x00000002
09:39:40.145  INFO     RX        /ERR/LOKO/0x00000002
09:39:40.189  DEBUG    TX /CONTROLL/0,0,-26,99,0,0,0,0,0
09:39:40.221  INFO     RX        /ERR/LOKO/0x00000002
09:39:40.221  INFO     RX        /ERR/LOKO/0x00000002
09:39:40.221  INFO     RX        /ERR/LOKO/0x00000002
09:39:40.313  INFO     RX        /ERR/LOKO/0x00000002
09:39:40.313  INFO     RX        /ERR/LOKO/0x00000002
09:39:40.313  INFO     RX        /ERR/LOKO/0x00000002
09:39:40.313  INFO     RX        /ERR/LOKO/0x00000002
09:39:40.313  INFO     RX        /ERR/LOKO/0x00000002
09:39:40.313  INFO     RX        /ERR/LOKO/0x00000002
09:39:40.313  INFO     RX        /ERR/LOKO/0x00000002
09:39:40.313  INFO     RX        /ERR/LOKO/0x00000002
09:39:40.395  INFO     RX        /ERR/LOKO/0x00000002
09:39:40.395  INFO     RX        /ERR/LOKO/0x00000002
09:39:40.395  INFO     RX        /ERR/LOKO/0x00000002
09:39:40.395  INFO     RX        /ERR/LOKO/0x00000002
09:39:40.395  INFO     RX        /ERR/LOKO/0x00000002
09:39:40.395  INFO     RX        /ERR/LOKO/0x00000002
09:39:40.395  INFO     RX        /ERR/LOKO/0x00000002
09:39:40.471  INFO     RX        /ERR/LOKO/0x00000002
09:39:40.471  INFO     RX        /ERR/LOKO/0x00000002
09:39:40.471  INFO     RX        /ERR/LOKO/0x00000002
09:39:40.471  INFO     RX        /ERR/LOKO/0x00000002
09:39:40.471  INFO     RX        /ERR/LOKO/0x00000002
09:39:40.563  INFO     RX        /ERR/LOKO/0x00000002
09:39:40.563  INFO     RX        /ERR/LOKO/0x00000002
09:39:40.563  INFO     RX        /ERR/LOKO/0x00000002
09:39:40.563  INFO     RX        /ERR/LOKO/0x00000002
09:39:40.563  INFO     RX        /ERR/LOKO/0x00000002
09:39:40.563  INFO     RX        /ERR/LOKO/0x00000002
09:39:40.563  INFO     RX        /ERR/LOKO/0x00000002
09:39:40.563  INFO     RX        /ERR/LOKO/0x00000002
09:39:40.646  INFO     RX        /ERR/LOKO/0x00000002
09:39:40.646  INFO     RX        /ERR/LOKO/0x00000002
09:39:40.646  INFO     RX        /ERR/LOKO/0x00000002
09:39:40.646  INFO     RX        /ERR/LOKO/0x00000002
09:39:40.646  INFO     RX        /ERR/LOKO/0x00000002
09:39:40.646  INFO     RX        /ERR/LOKO/0x00000002
09:39:40.720  INFO     RX        /ERR/LOKO/0x00000002
09:39:40.721  INFO     RX        /ERR/LOKO/0x00000002
09:39:40.721  INFO     RX        /ERR/LOKO/0x00000002
09:39:40.721  INFO     RX        /ERR/LOKO/0x00000002
09:39:40.721  INFO     RX        /ERR/LOKO/0x00000002
09:39:40.721  INFO     RX        /ERR/LOKO/0x00000002
09:39:40.816  INFO     RX        /ERR/LOKO/0x00000002
09:39:40.816  INFO     RX        /ERR/LOKO/0x00000002
09:39:40.816  INFO     RX        /ERR/LOKO/0x00000002
09:39:40.816  INFO     RX        /ERR/LOKO/0x00000002
09:39:40.816  INFO     RX        /ERR/LOKO/0x00000002
09:39:40.903  INFO     RX        /ERR/LOKO/0x00000002
09:39:40.903  INFO     RX        /ERR/LOKO/0x00000002
09:39:40.903  INFO     RX        /ERR/LOKO/0x00000002
09:39:40.903  INFO     RX        /ERR/LOKO/0x00000002
09:39:40.903  INFO     RX        /ERR/LOKO/0x00000002
09:39:40.903  INFO     RX        /ERR/LOKO/0x00000002
09:39:40.903  INFO     RX        /ERR/LOKO/0x00000002
09:39:40.971  INFO     RX        /ERR/LOKO/0x00000002
09:39:40.971  INFO     RX        /ERR/LOKO/0x00000002
09:39:40.971  INFO     RX        /ERR/LOKO/0x00000002
09:39:40.971  INFO     RX        /ERR/LOKO/0x00000002
09:39:40.971  INFO     RX        /ERR/LOKO/0x00000002
09:39:40.993  DEBUG    TX /CONTROLL/0,0,0,0,0,0,0,0,0
09:39:41.062  INFO     RX        /ERR/LOKO/0x00000002
09:39:41.062  INFO     RX        /ERR/LOKO/0x00000002
09:39:41.062  INFO     RX        /ERR/LOKO/0x00000002
09:39:41.062  INFO     RX        /ERR/LOKO/0x00000002
09:39:41.062  INFO     RX        /ERR/LOKO/0x00000002
09:39:41.062  INFO     RX        /ERR/LOKO/0x00000002
09:39:41.145  INFO     RX        /ERR/LOKO/0x00000002
09:39:41.145  INFO     RX        /ERR/LOKO/0x00000002
09:39:41.146  INFO     RX        /ERR/LOKO/0x00000002
09:39:41.146  INFO     RX        /ERR/LOKO/0x00000002
09:39:41.146  INFO     RX        /ERR/LOKO/0x00000002
09:39:41.146  INFO     RX        /ERR/LOKO/0x00000002
09:39:41.146  INFO     RX        /ERR/LOKO/0x00000002
09:39:41.221  INFO     RX        /ERR/LOKO/0x00000002
09:39:41.221  INFO     RX        /ERR/LOKO/0x00000002
09:39:41.221  INFO     RX        /ERR/LOKO/0x00000002
09:39:41.221  INFO     RX        /ERR/LOKO/0x00000002
09:39:41.221  INFO     RX        /ERR/LOKO/0x00000002
09:39:41.221  INFO     RX        /ERR/LOKO/0x00000002
09:39:41.800  DEBUG    TX /CONTROLL/0,0,0,0,0,0,0,0,0
09:39:42.604  DEBUG    TX /CONTROLL/0,0,-82,66,0,0,0,0,0
09:39:43.053  INFO     RX        /ERR/LOKO/0x00000002
09:39:43.053  INFO     RX        /ERR/LOKO/0x00000002
09:39:43.053  INFO     RX        /ERR/LOKO/0x00000002
09:39:43.053  INFO     RX        /ERR/LOKO/0x00000002
09:39:43.147  INFO     RX        /ERR/LOKO/0x00000002
09:39:43.147  INFO     RX        /ERR/LOKO/0x00000002
09:39:43.147  INFO     RX        /ERR/LOKO/0x00000002
09:39:43.147  INFO     RX        /ERR/LOKO/0x00000002
09:39:43.147  INFO     RX        /ERR/LOKO/0x00000002
09:39:43.147  INFO     RX        /ERR/LOKO/0x00000002
09:39:43.147  INFO     RX        /ERR/LOKO/0x00000002
09:39:43.147  INFO     RX        /ERR/LOKO/0x00000002
09:39:43.220  INFO     RX        /ERR/LOKO/0x00000002
09:39:43.221  INFO     RX        /ERR/LOKO/0x00000002
09:39:43.221  INFO     RX        /ERR/LOKO/0x00000002
09:39:43.221  INFO     RX        /ERR/LOKO/0x00000002
09:39:43.221  INFO     RX        /ERR/LOKO/0x00000002
09:39:43.312  INFO     RX        /ERR/LOKO/0x00000002
09:39:43.312  INFO     RX        /ERR/LOKO/0x00000002
09:39:43.312  INFO     RX        /ERR/LOKO/0x00000002
09:39:43.312  INFO     RX        /ERR/LOKO/0x00000002
09:39:43.312  INFO     RX        /ERR/LOKO/0x00000002
09:39:43.313  INFO     RX        /ERR/LOKO/0x00000002
09:39:43.313  INFO     RX        /ERR/LOKO/0x00000002
09:39:43.313  INFO     RX        /ERR/LOKO/0x00000002
09:39:43.396  INFO     RX        /ERR/LOKO/0x00000002
09:39:43.396  INFO     RX        /ERR/LOKO/0x00000002
09:39:43.396  INFO     RX        /ERR/LOKO/0x00000002
09:39:43.396  INFO     RX        /ERR/LOKO/0x00000002
09:39:43.396  INFO     RX        /ERR/LOKO/0x00000002
09:39:43.408  DEBUG    TX /CONTROLL/0,0,-37,99,0,0,0,0,0
09:39:43.471  INFO     RX        /ERR/LOKO/0x00000002
09:39:43.471  INFO     RX        /ERR/LOKO/0x00000002
09:39:43.471  INFO     RX        /ERR/LOKO/0x00000002
09:39:43.471  INFO     RX        /ERR/LOKO/0x00000002
09:39:43.471  INFO     RX        /ERR/LOKO/0x00000002
09:39:43.562  INFO     RX        /ERR/LOKO/0x00000002
09:39:43.562  INFO     RX        /ERR/LOKO/0x00000002
09:39:43.562  INFO     RX        /ERR/LOKO/0x00000002
09:39:43.562  INFO     RX        /ERR/LOKO/0x00000002
09:39:43.562  INFO     RX        /ERR/LOKO/0x00000002
09:39:43.562  INFO     RX        /ERR/LOKO/0x00000002
09:39:43.562  INFO     RX        /ERR/LOKO/0x00000002
09:39:43.562  INFO     RX        /ERR/LOKO/0x00000002
09:39:43.645  INFO     RX        /ERR/LOKO/0x00000002
09:39:43.645  INFO     RX        /ERR/LOKO/0x00000002
09:39:43.645  INFO     RX        /ERR/LOKO/0x00000002
09:39:43.645  INFO     RX        /ERR/LOKO/0x00000002
09:39:43.645  INFO     RX        /ERR/LOKO/0x00000002
09:39:43.645  INFO     RX        /ERR/LOKO/0x00000002
09:39:43.721  INFO     RX        /ERR/LOKO/0x00000002
09:39:43.721  INFO     RX        /ERR/LOKO/0x00000002
09:39:43.721  INFO     RX        /ERR/LOKO/0x00000002
09:39:43.721  INFO     RX        /ERR/LOKO/0x00000002
09:39:43.721  INFO     RX        /ERR/LOKO/0x00000002
09:39:43.721  INFO     RX        /ERR/LOKO/0x00000002
09:39:43.812  INFO     RX        /ERR/LOKO/0x00000002
09:39:43.812  INFO     RX        /ERR/LOKO/0x00000002
09:39:43.812  INFO     RX        /ERR/LOKO/0x00000002
09:39:43.812  INFO     RX        /ERR/LOKO/0x00000002
09:39:43.812  INFO     RX        /ERR/LOKO/0x00000002
09:39:43.904  INFO     RX        /ERR/LOKO/0x00000002
09:39:43.904  INFO     RX        /ERR/LOKO/0x00000002
09:39:43.904  INFO     RX        /ERR/LOKO/0x00000002
09:39:43.904  INFO     RX        /ERR/LOKO/0x00000002
09:39:43.904  INFO     RX        /ERR/LOKO/0x00000002
09:39:43.904  INFO     RX        /ERR/LOKO/0x00000002
09:39:43.904  INFO     RX        /ERR/LOKO/0x00000002
09:39:43.971  INFO     RX        /ERR/LOKO/0x00000002
09:39:43.971  INFO     RX        /ERR/LOKO/0x00000002
09:39:43.971  INFO     RX        /ERR/LOKO/0x00000002
09:39:43.971  INFO     RX        /ERR/LOKO/0x00000002
09:39:43.971  INFO     RX        /ERR/LOKO/0x00000002
09:39:43.971  INFO     RX        /ERR/LOKO/0x00000002
09:39:44.070  INFO     RX        /ERR/LOKO/0x00000002
09:39:44.070  INFO     RX        /ERR/LOKO/0x00000002
09:39:44.211  DEBUG    TX /CONTROLL/0,0,0,0,0,0,0,0,0
09:39:45.014  DEBUG    TX /CONTROLL/0,0,0,0,0,0,0,0,0
09:39:45.818  DEBUG    TX /CONTROLL/0,0,0,0,0,0,0,0,0
09:39:46.620  DEBUG    TX /CONTROLL/0,0,0,0,0,0,0,0,0
09:39:47.423  DEBUG    TX /CONTROLL/0,0,0,0,0,0,0,0,0
09:39:48.226  DEBUG    TX /CONTROLL/0,0,0,0,0,0,0,0,0
09:39:49.030  DEBUG    TX /CONTROLL/0,0,0,0,0,0,0,0,0
09:39:49.834  DEBUG    TX /CONTROLL/0,0,0,0,0,0,0,0,0
09:39:50.637  DEBUG    TX /CONTROLL/0,0,0,0,0,0,0,0,0
09:39:51.442  DEBUG    TX /CONTROLL/0,0,0,0,0,0,0,0,0
09:39:52.248  DEBUG    TX /CONTROLL/0,0,0,0,0,0,0,0,0
09:39:53.053  DEBUG    TX /CONTROLL/0,0,0,0,0,0,0,0,0
09:39:53.856  DEBUG    TX /CONTROLL/0,0,0,0,0,0,0,0,0
09:39:54.661  DEBUG    TX /CONTROLL/0,0,0,0,0,0,0,0,0
09:39:55.466  DEBUG    TX /CONTROLL/0,0,0,0,0,0,0,0,0
09:39:56.275  DEBUG    TX /CONTROLL/0,0,0,0,0,0,0,0,0
09:39:57.080  DEBUG    TX /CONTROLL/0,0,0,0,0,0,0,0,0
09:39:57.885  DEBUG    TX /CONTROLL/0,0,0,0,0,0,0,0,0
09:39:58.687  DEBUG    TX /CONTROLL/0,0,0,0,0,0,0,0,0
09:39:59.490  DEBUG    TX /CONTROLL/0,0,0,0,0,0,0,0,0
09:40:00.293  DEBUG    TX /CONTROLL/0,0,0,0,0,0,0,0,0
09:40:01.098  DEBUG    TX /CONTROLL/0,0,0,0,0,0,0,0,0
09:40:01.902  DEBUG    TX /CONTROLL/0,0,0,0,0,0,0,0,0
09:40:02.709  DEBUG    TX /CONTROLL/0,0,0,0,0,0,0,0,0
09:40:03.511  DEBUG    TX /CONTROLL/0,0,0,0,0,0,0,0,0
09:40:04.314  DEBUG    TX /CONTROLL/0,0,0,0,0,0,0,0,0
09:40:05.115  DEBUG    TX /CONTROLL/0,0,0,0,0,0,0,0,0
09:40:05.915  DEBUG    TX /CONTROLL/0,0,0,0,0,0,0,0,0
09:40:06.725  DEBUG    TX /CONTROLL/0,0,0,0,0,0,0,0,0
09:40:07.529  DEBUG    TX /CONTROLL/0,0,0,0,0,0,0,0,0
09:40:08.332  DEBUG    TX /CONTROLL/0,0,0,0,0,0,0,0,0
09:40:09.130  DEBUG    TX /CONTROLL/0,0,0,0,0,0,0,0,0
09:40:09.937  DEBUG    TX /CONTROLL/0,0,0,0,0,0,0,0,0
09:40:10.746  DEBUG    TX /CONTROLL/0,0,0,0,0,0,0,0,0
09:40:11.552  DEBUG    TX /CONTROLL/0,0,0,0,0,0,0,0,0
09:40:12.356  DEBUG    TX /CONTROLL/0,0,0,0,0,0,0,0,0
09:40:13.161  DEBUG    TX /CONTROLL/0,0,0,0,0,0,0,0,0
09:40:13.963  DEBUG    TX /CONTROLL/0,0,0,0,0,0,0,0,0
09:40:14.779  DEBUG    TX /CONTROLL/0,0,0,0,0,0,0,0,0
09:40:15.585  DEBUG    TX /CONTROLL/0,0,0,0,0,0,0,0,0
09:40:16.386  DEBUG    TX /CONTROLL/0,0,0,0,0,0,0,0,0
09:40:17.192  DEBUG    TX /CONTROLL/0,0,0,0,0,0,0,0,0
09:40:17.993  DEBUG    TX /CONTROLL/0,0,0,0,0,0,0,0,0
09:40:18.796  DEBUG    TX /CONTROLL/0,0,0,0,0,0,0,0,0
09:40:19.596  DEBUG    TX /CONTROLL/0,0,0,0,0,0,0,0,0
09:40:20.401  DEBUG    TX /CONTROLL/0,0,0,0,0,0,0,0,0
09:40:21.204  DEBUG    TX /CONTROLL/0,0,0,0,0,0,0,0,0
09:40:22.007  DEBUG    TX /CONTROLL/0,0,0,0,0,0,0,0,0
09:40:22.812  DEBUG    TX /CONTROLL/0,0,0,0,0,0,0,0,0
09:40:23.613  DEBUG    TX /CONTROLL/0,0,0,0,0,0,0,0,0
09:40:24.419  DEBUG    TX /CONTROLL/0,0,0,0,0,0,0,0,0
09:40:25.224  DEBUG    TX /CONTROLL/0,0,0,0,0,0,0,0,0
09:40:26.027  DEBUG    TX /CONTROLL/0,0,0,0,0,0,0,0,0
09:40:26.832  DEBUG    TX /CONTROLL/0,0,0,0,0,0,0,0,0
09:40:27.634  DEBUG    TX /CONTROLL/0,0,0,0,0,0,0,0,0
09:40:28.451  DEBUG    TX /CONTROLL/0,0,0,0,0,0,0,0,0
09:40:29.256  DEBUG    TX /CONTROLL/0,0,0,0,0,0,0,0,0
09:40:30.062  DEBUG    TX /CONTROLL/0,0,0,0,0,0,0,0,0
09:40:30.865  DEBUG    TX /CONTROLL/0,0,0,0,0,0,0,0,0
09:40:31.669  DEBUG    TX /CONTROLL/0,0,0,0,0,0,0,0,0
09:40:32.478  DEBUG    TX /CONTROLL/0,0,0,0,0,0,0,0,0
09:40:33.296  DEBUG    TX /CONTROLL/0,0,0,0,0,0,0,0,0
09:40:34.102  DEBUG    TX /CONTROLL/0,0,0,0,0,0,0,0,0
09:40:34.905  DEBUG    TX /CONTROLL/0,0,0,0,0,0,0,0,0
09:40:35.707  DEBUG    TX /CONTROLL/0,0,0,0,0,0,0,0,0
09:40:36.510  DEBUG    TX /CONTROLL/0,0,0,0,0,0,0,0,0
09:40:37.315  DEBUG    TX /CONTROLL/0,0,0,0,0,0,0,0,0
09:40:38.120  DEBUG    TX /CONTROLL/0,0,0,0,0,0,0,0,0
09:40:38.920  DEBUG    TX /CONTROLL/0,0,0,0,0,0,0,0,0
09:40:39.724  DEBUG    TX /CONTROLL/0,0,0,0,0,0,0,0,0
09:40:40.526  DEBUG    TX /CONTROLL/0,0,0,0,0,0,0,0,0
09:40:41.329  DEBUG    TX /CONTROLL/0,0,0,0,0,0,0,0,0
09:40:42.130  DEBUG    TX /CONTROLL/0,0,0,0,0,0,0,0,0
09:40:42.939  DEBUG    TX /CONTROLL/0,0,0,0,0,0,0,0,0
09:40:43.744  DEBUG    TX /CONTROLL/0,0,0,0,0,0,0,0,0
09:40:44.547  DEBUG    TX /CONTROLL/0,0,0,0,0,0,0,0,0
09:40:45.352  DEBUG    TX /CONTROLL/0,0,0,0,0,0,0,0,0
09:40:46.155  DEBUG    TX /CONTROLL/0,0,0,0,0,0,0,0,0
09:40:46.960  DEBUG    TX /CONTROLL/0,0,0,0,0,0,0,0,0
09:40:47.762  DEBUG    TX /CONTROLL/0,0,0,0,0,0,0,0,0
09:40:48.567  DEBUG    TX /CONTROLL/0,0,0,0,0,0,0,0,0
09:40:49.368  DEBUG    TX /CONTROLL/0,0,0,0,0,0,0,0,0
09:40:50.176  DEBUG    TX /CONTROLL/0,0,0,0,0,0,0,0,0
09:40:50.984  DEBUG    TX /CONTROLL/0,0,0,0,0,0,0,0,0
09:40:51.789  DEBUG    TX /CONTROLL/0,0,0,0,0,0,0,0,0
09:40:52.592  DEBUG    TX /CONTROLL/0,0,0,0,0,0,0,0,0
09:40:53.397  DEBUG    TX /CONTROLL/0,0,0,0,0,0,0,0,0
09:40:54.199  DEBUG    TX /CONTROLL/0,0,0,0,0,0,0,0,0
09:40:55.001  DEBUG    TX /CONTROLL/0,0,0,0,0,0,0,0,0
09:40:55.804  DEBUG    TX /CONTROLL/0,0,0,0,0,0,0,0,0
09:40:56.606  DEBUG    TX /CONTROLL/0,0,0,0,0,0,0,0,0
09:40:57.408  DEBUG    TX /CONTROLL/0,0,0,0,0,0,0,0,0
09:40:58.214  DEBUG    TX /CONTROLL/0,0,0,0,0,0,0,0,0
09:40:59.019  DEBUG    TX /CONTROLL/0,0,0,0,0,0,0,0,0
09:40:59.821  DEBUG    TX /CONTROLL/0,0,0,0,0,0,0,0,0
09:41:00.626  DEBUG    TX /CONTROLL/0,0,0,0,0,0,0,0,0
09:41:01.432  DEBUG    TX /CONTROLL/0,0,0,0,0,0,0,0,0
09:41:02.236  DEBUG    TX /CONTROLL/0,0,0,0,0,0,0,0,0
09:41:03.039  DEBUG    TX /CONTROLL/0,0,0,0,0,0,0,0,0
09:41:03.838  DEBUG    TX /CONTROLL/0,0,0,0,0,0,0,0,0
09:41:04.643  DEBUG    TX /CONTROLL/0,0,0,0,0,0,0,0,0
09:41:05.451  DEBUG    TX /CONTROLL/0,0,0,0,0,0,0,0,0
09:41:06.254  DEBUG    TX /CONTROLL/0,0,0,0,0,0,0,0,0
09:41:07.059  DEBUG    TX /CONTROLL/0,0,0,0,0,0,0,0,0
09:41:07.859  DEBUG    TX /CONTROLL/0,0,0,0,0,0,0,0,0
09:41:08.662  DEBUG    TX /CONTROLL/0,0,0,0,0,0,0,0,0
09:41:09.472  DEBUG    TX /CONTROLL/0,0,0,0,0,0,0,0,0
09:41:10.278  DEBUG    TX /CONTROLL/0,0,0,0,0,0,0,0,0
09:41:11.084  DEBUG    TX /CONTROLL/0,0,0,0,0,0,0,0,0
09:41:11.886  DEBUG    TX /CONTROLL/0,0,0,0,0,0,0,0,0
09:41:12.692  DEBUG    TX /CONTROLL/0,0,0,0,0,0,0,0,0
09:41:13.497  DEBUG    TX /CONTROLL/0,0,0,0,0,0,0,0,0
09:41:14.301  DEBUG    TX /CONTROLL/0,0,0,0,0,0,0,0,0
09:41:15.105  DEBUG    TX /CONTROLL/0,0,0,0,0,0,0,0,0
09:41:15.912  DEBUG    TX /CONTROLL/0,0,0,0,0,0,0,0,0
09:41:16.715  DEBUG    TX /CONTROLL/0,0,0,0,0,0,0,0,0
09:41:17.520  DEBUG    TX /CONTROLL/0,0,0,0,0,0,0,0,0
09:41:18.324  DEBUG    TX /CONTROLL/0,0,0,0,0,0,0,0,0
09:41:19.128  DEBUG    TX /CONTROLL/0,0,0,0,0,0,0,0,0
09:41:19.930  DEBUG    TX /CONTROLL/0,0,0,0,0,0,0,0,0
09:41:20.731  DEBUG    TX /CONTROLL/0,0,0,0,0,0,0,0,0
09:41:21.538  DEBUG    TX /CONTROLL/0,0,0,0,0,0,0,0,0
09:41:22.342  DEBUG    TX /CONTROLL/0,0,0,0,0,0,0,0,0
09:41:23.146  DEBUG    TX /CONTROLL/0,0,0,0,0,0,0,0,0
09:41:23.949  DEBUG    TX /CONTROLL/0,0,0,0,0,0,0,0,0
09:41:24.759  DEBUG    TX /CONTROLL/0,0,0,0,0,0,0,0,0
09:41:25.564  DEBUG    TX /CONTROLL/0,0,0,0,0,0,0,0,0
09:41:26.373  DEBUG    TX /CONTROLL/0,0,0,0,0,0,0,0,0
09:41:27.179  DEBUG    TX /CONTROLL/0,0,0,0,0,0,0,0,0
09:41:27.984  DEBUG    TX /CONTROLL/0,0,0,0,0,0,0,0,0
09:41:28.784  DEBUG    TX /CONTROLL/0,0,0,0,0,0,0,0,0
09:41:29.591  DEBUG    TX /CONTROLL/0,0,0,0,0,0,0,0,0
09:41:30.396  DEBUG    TX /CONTROLL/0,0,0,0,0,0,0,0,0
09:41:31.201  DEBUG    TX /CONTROLL/0,0,0,0,0,0,0,0,0
09:41:32.005  DEBUG    TX /CONTROLL/0,0,0,0,0,0,0,0,0
09:41:32.810  DEBUG    TX /CONTROLL/0,0,0,0,0,0,0,0,0
09:41:33.613  DEBUG    TX /CONTROLL/0,0,0,0,0,0,0,0,0
09:41:34.418  DEBUG    TX /CONTROLL/0,0,0,0,0,0,0,0,0
09:41:35.224  DEBUG    TX /CONTROLL/0,0,0,0,0,0,0,0,0
09:41:36.028  DEBUG    TX /CONTROLL/0,0,0,0,0,0,0,0,0
09:41:36.836  DEBUG    TX /CONTROLL/0,0,0,0,0,0,0,0,0
09:41:37.643  DEBUG    TX /CONTROLL/0,0,0,0,0,0,0,0,0
09:41:38.446  DEBUG    TX /CONTROLL/0,0,0,0,0,0,0,0,0
09:41:39.248  DEBUG    TX /CONTROLL/0,0,0,0,0,0,0,0,0
09:41:40.053  DEBUG    TX /CONTROLL/0,0,0,0,0,0,0,0,0
09:41:40.857  DEBUG    TX /CONTROLL/0,0,0,0,0,0,0,0,0
09:41:41.665  DEBUG    TX /CONTROLL/0,0,0,0,0,0,0,0,0
09:41:42.473  DEBUG    TX /CONTROLL/0,0,0,0,0,0,0,0,0
09:41:43.279  DEBUG    TX /CONTROLL/0,0,0,0,0,0,0,0,0
09:41:44.084  DEBUG    TX /CONTROLL/0,0,0,0,0,0,0,0,0
09:41:44.894  DEBUG    TX /CONTROLL/0,0,0,0,0,0,0,0,0
09:41:45.702  DEBUG    TX /CONTROLL/0,0,0,0,0,0,0,0,0
09:41:46.506  DEBUG    TX /CONTROLL/0,0,0,0,0,0,0,0,0
09:41:47.309  DEBUG    TX /CONTROLL/0,0,0,0,0,0,0,0,0
09:41:48.112  DEBUG    TX /CONTROLL/0,0,0,0,0,0,0,0,0
09:41:48.921  DEBUG    TX /CONTROLL/0,0,0,0,0,0,0,0,0
09:41:49.723  DEBUG    TX /CONTROLL/0,0,0,0,0,0,0,0,0
09:41:50.525  DEBUG    TX /CONTROLL/0,0,0,0,0,0,0,0,0
09:41:51.331  DEBUG    TX /CONTROLL/0,0,0,0,0,0,0,0,0
09:41:52.135  DEBUG    TX /CONTROLL/0,0,0,0,0,0,0,0,0
09:41:52.939  DEBUG    TX /CONTROLL/0,0,0,0,0,0,0,0,0
09:41:53.739  DEBUG    TX /CONTROLL/0,0,0,0,0,0,0,0,0
09:41:54.542  DEBUG    TX /CONTROLL/0,0,0,0,0,0,0,0,0
09:41:55.344  DEBUG    TX /CONTROLL/0,0,0,0,0,0,0,0,0
09:41:56.149  DEBUG    TX /CONTROLL/0,0,0,0,0,0,0,0,0
09:41:56.954  DEBUG    TX /CONTROLL/0,0,0,0,0,0,0,0,0
09:41:57.759  DEBUG    TX /CONTROLL/0,0,0,0,0,0,0,0,0
09:41:58.561  DEBUG    TX /CONTROLL/0,0,0,0,0,0,0,0,0
09:41:59.364  DEBUG    TX /CONTROLL/0,0,0,0,0,0,0,0,0
09:42:00.027  INFO     RX        /BATTERY/VDDA/12872 mV
09:42:00.027  INFO     RX        === Hexapod Mainboard ===
09:42:00.169  DEBUG    TX /CONTROLL/0,0,0,0,0,0,0,0,0
09:42:00.972  DEBUG    TX /CONTROLL/0,0,0,0,0,0,0,0,0
09:42:01.776  DEBUG    TX /CONTROLL/0,0,0,0,0,0,0,0,0
09:42:02.581  DEBUG    TX /CONTROLL/0,0,0,0,0,0,0,0,0
09:42:02.732  INFO     RX        /BATTERY/VDDA/12867 mV
09:42:02.732  INFO     RX        === Hexapod Mainboard ===
09:42:02.743  INFO     RX        PCA9685 Right: OK
09:42:02.760  INFO     RX        PCA9685 Left:  OK
09:42:02.776  INFO     RX        LSM6DSO IMU:   OK
09:42:02.938  INFO     RX        VL53L1X ToF:   OK
09:42:02.993  INFO     RX        Locomotion:    INIT (UN_ARMED, printf mode)
09:42:02.993  INFO     RX        Press L1 to arm, R1 to disarm at any time.
09:42:02.993  INFO     RX        Ready.
09:42:03.383  DEBUG    TX /CONTROLL/0,0,0,0,0,0,0,0,0
09:42:04.188  DEBUG    TX /CONTROLL/0,0,0,0,0,0,0,0,0
09:42:04.990  DEBUG    TX /CONTROLL/0,0,0,0,0,0,0,0,0
09:42:05.795  DEBUG    TX /CONTROLL/0,0,0,0,0,0,0,0,0
09:42:06.600  DEBUG    TX /CONTROLL/0,0,0,0,0,0,0,0,0
09:42:07.405  DEBUG    TX /CONTROLL/0,0,0,0,0,0,0,0,0
09:42:08.208  DEBUG    TX /CONTROLL/0,0,0,0,0,0,0,0,0
09:42:09.014  DEBUG    TX /CONTROLL/0,0,0,0,0,0,0,0,0
09:42:09.816  DEBUG    TX /CONTROLL/0,0,0,0,0,0,0,0,0
09:42:10.619  DEBUG    TX /CONTROLL/0,0,0,0,0,0,0,0,0
09:42:11.422  DEBUG    TX /CONTROLL/0,0,0,0,0,0,0,0,0
09:42:12.227  DEBUG    TX /CONTROLL/0,0,0,0,0,0,0,0,0
09:42:13.032  DEBUG    TX /CONTROLL/0,0,0,0,0,0,0,0,0
09:42:13.835  DEBUG    TX /CONTROLL/0,0,0,0,0,0,0,0,0
09:42:14.636  DEBUG    TX /CONTROLL/0,0,0,0,0,0,0,0,0
09:42:15.440  DEBUG    TX /CONTROLL/0,0,0,0,0,0,0,0,0
09:42:16.243  DEBUG    TX /CONTROLL/0,0,0,0,0,0,0,0,0
09:42:17.047  DEBUG    TX /CONTROLL/0,0,0,0,0,0,0,0,0
09:42:17.853  DEBUG    TX /CONTROLL/0,0,0,0,0,0,0,0,0
09:42:18.657  DEBUG    TX /CONTROLL/0,0,0,0,0,0,0,0,0
09:42:19.462  DEBUG    TX /CONTROLL/0,0,0,0,0,0,0,0,0
09:42:20.268  DEBUG    TX /CONTROLL/0,0,0,0,0,0,0,0,0
09:42:21.070  DEBUG    TX /CONTROLL/0,0,0,0,0,0,0,0,0
09:42:21.875  DEBUG    TX /CONTROLL/0,0,0,0,0,0,0,0,0
09:42:22.682  DEBUG    TX /CONTROLL/0,0,0,0,0,0,0,0,0
09:42:23.486  DEBUG    TX /CONTROLL/0,0,0,0,0,0,0,0,0
09:42:24.291  DEBUG    TX /CONTROLL/0,0,0,0,0,0,0,0,0
09:42:25.098  DEBUG    TX /CONTROLL/0,0,0,0,0,0,0,0,0
09:42:25.904  DEBUG    TX /CONTROLL/0,0,0,0,0,0,0,0,0
09:42:26.706  DEBUG    TX /CONTROLL/0,0,0,0,0,0,0,0,0
09:42:27.512  DEBUG    TX /CONTROLL/0,0,0,0,0,0,0,0,0
09:42:28.317  DEBUG    TX /CONTROLL/0,0,0,0,0,0,0,0,0
09:42:29.124  DEBUG    TX /CONTROLL/0,0,0,0,0,0,0,0,0
09:42:29.927  DEBUG    TX /CONTROLL/0,0,0,0,0,0,0,0,0
09:42:30.735  DEBUG    TX /CONTROLL/0,0,0,0,0,0,0,0,0
09:42:31.544  DEBUG    TX /CONTROLL/0,0,0,0,0,0,0,0,0
09:42:32.349  DEBUG    TX /CONTROLL/0,0,0,0,0,0,0,0,0
09:42:33.155  DEBUG    TX /CONTROLL/0,0,0,0,0,0,0,0,0
09:42:33.963  DEBUG    TX /CONTROLL/0,0,0,0,0,0,0,0,0
09:42:34.764  DEBUG    TX /CONTROLL/0,0,0,0,0,0,0,0,0
09:42:35.573  DEBUG    TX /CONTROLL/0,0,0,0,0,0,0,0,0
09:42:36.382  DEBUG    TX /CONTROLL/0,0,0,0,0,0,0,0,0
09:42:37.187  DEBUG    TX /CONTROLL/0,0,0,0,0,0,0,0,0
09:42:37.993  DEBUG    TX /CONTROLL/0,0,0,0,0,0,0,0,0
09:42:38.802  DEBUG    TX /CONTROLL/0,0,0,0,0,0,0,0,0
09:42:39.605  DEBUG    TX /CONTROLL/0,0,0,0,0,0,0,0,0
09:42:40.411  DEBUG    TX /CONTROLL/0,0,0,0,0,0,0,0,0
09:42:41.215  DEBUG    TX /CONTROLL/0,0,0,0,0,0,0,0,0
09:42:42.020  DEBUG    TX /CONTROLL/0,0,0,0,0,0,0,0,0
09:42:42.825  DEBUG    TX /CONTROLL/0,0,0,0,0,0,0,0,0
09:42:43.629  DEBUG    TX /CONTROLL/0,0,0,0,0,0,0,0,0
09:42:44.435  DEBUG    TX /CONTROLL/0,0,0,0,0,0,0,0,0
09:42:45.238  DEBUG    TX /CONTROLL/0,0,0,0,0,0,0,0,0
09:42:46.044  DEBUG    TX /CONTROLL/0,0,0,0,0,0,0,0,0
09:42:46.847  DEBUG    TX /CONTROLL/0,0,0,0,0,0,0,0,0
09:42:47.649  DEBUG    TX /CONTROLL/0,0,0,0,0,0,0,0,0
09:42:48.456  DEBUG    TX /CONTROLL/0,0,0,0,0,0,0,0,0
09:42:49.257  DEBUG    TX /CONTROLL/0,0,0,0,0,0,0,0,0
09:42:50.060  DEBUG    TX /CONTROLL/0,0,0,0,0,0,0,0,0
09:42:50.863  DEBUG    TX /CONTROLL/0,0,0,0,0,0,0,0,0
09:42:51.667  DEBUG    TX /CONTROLL/0,0,0,0,0,0,0,0,0
09:42:52.469  DEBUG    TX /CONTROLL/0,0,0,0,0,0,0,0,0
09:42:53.273  DEBUG    TX /CONTROLL/0,0,0,0,0,0,0,0,0
09:42:54.076  DEBUG    TX /CONTROLL/0,0,0,0,0,0,0,0,0
09:42:54.880  DEBUG    TX /CONTROLL/0,0,0,0,0,0,0,0,0
09:42:55.682  DEBUG    TX /CONTROLL/0,0,0,0,0,0,0,0,0
09:42:56.483  DEBUG    TX /CONTROLL/0,0,0,0,0,0,0,0,0
09:42:57.286  DEBUG    TX /CONTROLL/0,0,0,0,0,0,0,0,0
09:42:58.089  DEBUG    TX /CONTROLL/0,0,0,0,0,0,0,0,0
09:42:58.890  DEBUG    TX /CONTROLL/0,0,0,0,0,0,0,0,0
09:42:59.694  DEBUG    TX /CONTROLL/0,0,0,0,0,0,0,0,0
09:43:00.498  DEBUG    TX /CONTROLL/0,0,0,0,0,0,0,0,0
09:43:01.304  DEBUG    TX /CONTROLL/0,0,0,0,0,0,0,0,0
09:43:02.108  DEBUG    TX /CONTROLL/0,0,0,0,0,0,0,0,0
09:43:02.909  DEBUG    TX /CONTROLL/0,0,0,0,0,0,0,0,0
09:43:03.713  DEBUG    TX /CONTROLL/0,0,0,0,0,0,0,0,0
09:43:04.517  DEBUG    TX /CONTROLL/0,0,0,0,0,0,0,0,0
09:43:05.323  DEBUG    TX /CONTROLL/0,0,0,0,0,0,0,0,0
09:43:06.130  DEBUG    TX /CONTROLL/0,0,0,0,0,0,0,0,0
09:43:06.935  DEBUG    TX /CONTROLL/0,0,0,0,0,0,0,0,0
09:43:07.738  DEBUG    TX /CONTROLL/0,0,0,0,0,0,0,0,0
09:43:08.540  DEBUG    TX /CONTROLL/0,0,0,0,0,0,0,0,0
09:43:09.347  DEBUG    TX /CONTROLL/0,0,0,0,0,0,0,0,0
09:43:10.153  DEBUG    TX /CONTROLL/0,0,0,0,0,0,0,0,0
09:43:10.961  DEBUG    TX /CONTROLL/0,0,0,0,0,0,0,0,0
09:43:11.765  DEBUG    TX /CONTROLL/0,0,0,0,0,0,0,0,0
09:43:12.569  DEBUG    TX /CONTROLL/0,0,0,0,0,0,0,0,0
09:43:13.373  DEBUG    TX /CONTROLL/0,0,0,0,0,0,0,0,0
09:43:14.176  DEBUG    TX /CONTROLL/0,0,0,0,0,0,0,0,0
09:43:14.982  DEBUG    TX /CONTROLL/0,0,0,0,0,0,0,0,0
09:43:15.786  DEBUG    TX /CONTROLL/0,0,0,0,0,0,0,0,0
09:43:16.590  DEBUG    TX /CONTROLL/0,0,0,0,0,0,0,0,0
09:43:17.397  DEBUG    TX /CONTROLL/0,0,0,0,0,0,0,0,0
09:43:18.200  DEBUG    TX /CONTROLL/0,0,0,0,0,0,0,0,0
09:43:19.003  DEBUG    TX /CONTROLL/0,0,0,0,0,0,0,0,0
09:43:19.809  DEBUG    TX /CONTROLL/0,0,0,0,0,0,0,0,0
09:43:20.615  DEBUG    TX /CONTROLL/0,0,0,0,0,0,0,0,0
09:43:21.416  DEBUG    TX /CONTROLL/0,0,0,0,0,0,0,0,0
09:43:22.220  DEBUG    TX /CONTROLL/0,0,0,0,0,0,0,0,0
09:43:23.023  DEBUG    TX /CONTROLL/0,0,0,0,0,0,0,0,0
09:43:23.833  DEBUG    TX /CONTROLL/0,0,0,0,0,0,0,0,0
09:43:24.636  DEBUG    TX /CONTROLL/0,0,0,0,0,0,0,0,0
09:43:25.440  DEBUG    TX /CONTROLL/0,0,0,0,0,0,0,0,0
09:43:26.243  DEBUG    TX /CONTROLL/0,0,0,0,0,0,0,0,0
09:43:27.046  DEBUG    TX /CONTROLL/0,0,0,0,0,0,0,0,0
09:43:27.851  DEBUG    TX /CONTROLL/0,0,0,0,0,0,0,0,0
09:43:28.658  DEBUG    TX /CONTROLL/0,0,0,0,0,0,0,0,0
09:43:29.463  DEBUG    TX /CONTROLL/0,0,0,0,0,0,0,0,0
09:43:30.270  DEBUG    TX /CONTROLL/0,0,0,0,0,0,0,0,0
09:43:31.073  DEBUG    TX /CONTROLL/0,0,0,0,0,0,0,0,0
09:43:31.877  DEBUG    TX /CONTROLL/0,0,0,0,0,0,0,0,0
09:43:32.678  DEBUG    TX /CONTROLL/0,0,0,0,0,0,0,0,0
09:43:33.482  DEBUG    TX /CONTROLL/0,0,0,0,0,0,0,0,0
09:43:34.288  DEBUG    TX /CONTROLL/0,0,0,0,0,0,0,0,0
09:43:35.091  DEBUG    TX /CONTROLL/0,0,0,0,0,0,0,0,0
09:43:35.895  DEBUG    TX /CONTROLL/0,0,0,0,0,0,0,0,0
09:43:36.701  DEBUG    TX /CONTROLL/0,0,0,0,0,0,0,0,0
09:43:37.506  DEBUG    TX /CONTROLL/0,0,0,0,0,0,0,0,0
09:43:38.310  DEBUG    TX /CONTROLL/0,0,0,0,0,0,0,0,0
09:43:39.112  DEBUG    TX /CONTROLL/0,0,0,0,0,0,0,0,0
09:43:39.916  DEBUG    TX /CONTROLL/0,0,0,0,0,0,0,0,0
09:43:40.721  DEBUG    TX /CONTROLL/0,0,0,0,0,0,0,0,0
09:43:41.527  DEBUG    TX /CONTROLL/0,0,0,0,0,0,0,0,0
09:43:42.331  DEBUG    TX /CONTROLL/0,0,0,0,0,0,0,0,0
09:43:43.132  DEBUG    TX /CONTROLL/0,0,0,0,0,0,0,0,0
09:43:43.934  DEBUG    TX /CONTROLL/0,0,0,0,0,0,0,0,0
09:43:44.737  DEBUG    TX /CONTROLL/0,0,0,0,0,0,0,0,0
09:43:45.540  DEBUG    TX /CONTROLL/0,0,0,0,0,0,0,0,0
09:43:46.345  DEBUG    TX /CONTROLL/0,0,0,0,0,0,0,0,0
09:43:47.153  DEBUG    TX /CONTROLL/0,0,0,0,0,0,0,0,0
09:43:47.959  DEBUG    TX /CONTROLL/0,0,0,0,0,0,0,0,0
09:43:48.763  DEBUG    TX /CONTROLL/0,0,0,0,0,0,0,0,0
09:43:49.567  DEBUG    TX /CONTROLL/0,0,0,0,0,0,0,0,0
09:43:50.370  DEBUG    TX /CONTROLL/0,0,0,0,0,0,0,0,0
09:43:51.174  DEBUG    TX /CONTROLL/0,0,0,0,0,0,0,0,0
09:43:51.978  DEBUG    TX /CONTROLL/0,0,0,0,0,0,0,0,0
09:43:52.785  DEBUG    TX /CONTROLL/0,0,0,0,0,0,0,0,0
09:43:53.592  DEBUG    TX /CONTROLL/0,0,0,0,0,0,0,0,0
