11:28:33.208  INFO     Connecting to 100.122.9.49:5000...
11:28:34.794  DEBUG    TX /CONTROLL/0,0,0,0,0,0,0,0,0
11:28:36.405  DEBUG    TX /CONTROLL/0,0,0,0,0,0,0,0,0
11:28:38.019  DEBUG    TX /CONTROLL/0,0,0,0,0,0,0,0,0
11:28:39.626  DEBUG    TX /CONTROLL/0,0,0,0,0,0,0,0,0
11:28:41.232  DEBUG    TX /CONTROLL/0,0,0,0,0,0,0,0,0
11:28:42.846  DEBUG    TX /CONTROLL/0,0,0,0,0,0,0,0,0
11:28:44.462  DEBUG    TX /CONTROLL/0,0,0,0,0,0,0,0,0
11:28:46.070  DEBUG    TX /CONTROLL/0,0,0,0,0,0,0,0,0
11:28:47.682  DEBUG    TX /CONTROLL/0,0,0,0,0,0,0,0,0
11:28:49.299  DEBUG    TX /CONTROLL/0,0,0,0,0,0,0,0,0
11:28:50.908  DEBUG    TX /CONTROLL/0,0,0,0,0,0,0,0,0
11:28:52.523  DEBUG    TX /CONTROLL/0,0,0,0,0,0,0,0,0
11:28:54.136  DEBUG    TX /CONTROLL/0,0,0,0,0,0,0,0,0
11:28:55.746  DEBUG    TX /CONTROLL/0,0,0,0,0,0,0,0,0
11:28:57.357  DEBUG    TX /CONTROLL/0,0,0,0,0,0,0,0,0
11:28:58.963  DEBUG    TX /CONTROLL/0,0,0,0,0,0,0,0,0
11:29:00.572  DEBUG    TX /CONTROLL/0,0,0,0,0,0,0,0,0
11:29:02.183  DEBUG    TX /CONTROLL/0,0,0,0,0,0,0,0,0
11:29:03.794  DEBUG    TX /CONTROLL/0,0,0,0,0,0,0,0,0
11:29:05.401  DEBUG    TX /CONTROLL/0,0,0,0,0,0,0,0,0
11:29:07.009  DEBUG    TX /CONTROLL/0,0,0,0,0,0,0,0,0
11:29:08.617  DEBUG    TX /CONTROLL/0,0,0,0,0,0,0,0,0
11:29:10.229  DEBUG    TX /CONTROLL/0,0,0,0,0,0,0,0,0
11:29:11.836  DEBUG    TX /CONTROLL/0,0,0,0,0,0,0,0,0
11:29:13.444  DEBUG    TX /CONTROLL/0,0,0,0,0,0,0,0,0
11:29:15.051  DEBUG    TX /CONTROLL/0,0,0,0,0,0,0,0,0
11:29:16.657  DEBUG    TX /CONTROLL/0,0,0,0,0,0,0,0,0
11:29:18.260  DEBUG    TX /CONTROLL/0,0,0,0,0,0,0,0,0
11:29:19.874  DEBUG    TX /CONTROLL/0,0,0,0,0,0,0,0,0
11:29:21.483  DEBUG    TX /CONTROLL/0,0,0,0,0,0,0,0,0
11:29:23.095  DEBUG    TX /CONTROLL/0,0,0,0,0,0,0,0,0
11:29:24.702  DEBUG    TX /CONTROLL/0,0,0,0,0,0,0,0,32
11:29:26.311  DEBUG    TX /CONTROLL/0,0,0,0,0,0,0,0,0
11:29:27.920  DEBUG    TX /CONTROLL/0,0,0,0,0,0,0,0,0
11:29:29.530  DEBUG    TX /CONTROLL/0,0,0,0,0,0,0,0,0
11:29:31.141  DEBUG    TX /CONTROLL/0,0,0,0,0,0,0,0,0
11:29:31.860  INFO     Network connection established
11:29:31.860  INFO     RX        /BATTERY/VDDA/12865 mV
11:29:31.890  INFO     RX        === Hexapod Mainboard ===
11:29:31.890  INFO     RX        PCA9685 Right: OK
11:29:31.896  INFO     RX        PCA9685 Left:  OK
11:29:31.920  INFO     RX        LSM6DSO IMU:   OK
11:29:32.089  INFO     RX        VL53L1X ToF:   OK
11:29:32.141  INFO     RX        Locomotion:    INIT (UN_ARMED, printf mode)
11:29:32.141  INFO     RX        Press L1 to arm, R1 to disarm at any time.
11:29:32.141  INFO     RX        Ready.
11:29:32.751  DEBUG    TX /CONTROLL/0,0,0,0,0,0,0,0,0
11:29:34.360  DEBUG    TX /CONTROLL/0,0,0,0,0,0,0,0,0
11:29:35.970  DEBUG    TX /CONTROLL/0,0,0,0,0,0,0,0,0
11:29:37.580  DEBUG    TX /CONTROLL/0,0,0,0,0,0,0,0,0
11:29:39.187  DEBUG    TX /CONTROLL/0,0,0,0,0,0,0,0,0
11:29:40.080  INFO     RX        SERVO FR.[C: 90 F:106 T:/BATTERY/VDDA/12859 mV
11:29:40.080  INFO     RX        === Hexapod Mainboard ===
11:29:40.097  INFO     RX        PCA9685 Right: OK
11:29:40.126  INFO     RX        PCA9685 Left:  OK
11:29:40.157  INFO     RX        LSM6DSO IMU:   OK
11:29:40.309  INFO     RX        VL53L1X ToF:   OK
11:29:40.340  INFO     RX        Locomotion:    INIT (UN_ARMED, printf mode)
11:29:40.340  INFO     RX        Press L1 to arm, R1 to disarm at any time.
11:29:40.340  INFO     RX        Ready.
11:29:40.796  DEBUG    TX /CONTROLL/0,0,0,0,0,0,0,0,0
11:29:42.404  DEBUG    TX /CONTROLL/0,0,0,0,0,0,0,0,0
11:29:44.016  DEBUG    TX /CONTROLL/0,0,0,0,0,0,0,0,0
11:29:45.626  DEBUG    TX /CONTROLL/0,0,0,0,0,0,0,0,0
11:29:47.238  DEBUG    TX /CONTROLL/0,0,0,0,0,0,0,0,0
11:29:48.850  DEBUG    TX /CONTROLL/0,0,0,0,0,0,0,0,0
11:29:50.459  DEBUG    TX /CONTROLL/0,0,0,0,0,0,0,0,0
11:29:52.065  DEBUG    TX /CONTROLL/0,0,0,0,0,0,0,0,0
11:29:52.086  INFO     RX        SERVO FR.[C: 90 F:106 T:107] MR.[C: 90 F:106 T:107] BR.[C: 90 F:106 T:10/BATTERY/VDDA/12859 mV
11:29:52.086  INFO     RX        === Hexapod Mainboard ===
11:29:52.104  INFO     RX        PCA9685 Right: OK
11:29:52.133  INFO     RX        PCA9685 Left:  OK
11:29:52.163  INFO     RX        LSM6DSO IMU:   OK
11:29:52.313  INFO     RX        VL53L1X ToF:   OK
11:29:52.344  INFO     RX        Locomotion:    INIT (UN_ARMED, printf mode)
11:29:52.344  INFO     RX        Press L1 to arm, R1 to disarm at any time.
11:29:52.344  INFO     RX        Ready.
11:29:53.672  DEBUG    TX /CONTROLL/0,0,0,0,0,0,0,0,0
11:29:55.291  DEBUG    TX /CONTROLL/0,0,0,0,0,0,0,0,0
11:29:56.909  DEBUG    TX /CONTROLL/0,0,0,0,0,0,0,0,32
11:29:58.520  DEBUG    TX /CONTROLL/0,0,0,0,0,0,0,0,0
11:30:00.133  DEBUG    TX /CONTROLL/0,0,0,0,0,0,0,0,0
11:30:01.744  DEBUG    TX /CONTROLL/0,0,0,0,0,0,0,0,0
11:30:03.355  DEBUG    TX /CONTROLL/0,0,0,0,0,0,0,0,0
11:30:04.960  DEBUG    TX /CONTROLL/0,0,0,0,0,0,0,0,0
11:30:06.572  DEBUG    TX /CONTROLL/0,0,0,0,0,0,0,0,0
11:30:08.186  DEBUG    TX /CONTROLL/0,0,0,0,0,0,0,0,0
11:30:09.795  DEBUG    TX /CONTROLL/0,0,0,0,0,0,0,0,0
11:30:11.402  DEBUG    TX /CONTROLL/0,0,0,0,0,0,0,0,0
11:30:13.007  DEBUG    TX /CONTROLL/0,0,0,0,0,0,0,0,0
11:30:14.616  DEBUG    TX /CONTROLL/0,0,0,0,0,0,0,0,0
11:30:16.224  DEBUG    TX /CONTROLL/0,0,0,0,0,0,0,0,0
11:30:17.839  DEBUG    TX /CONTROLL/0,0,0,0,0,0,0,0,0
11:30:19.447  DEBUG    TX /CONTROLL/0,0,0,0,0,0,0,0,0
11:30:21.056  DEBUG    TX /CONTROLL/0,0,0,0,0,0,0,0,0
11:30:22.666  DEBUG    TX /CONTROLL/0,0,0,0,0,0,0,0,0
11:30:24.145  INFO     RX        SERVO FR.[C: 90 F:106 T:/BATTERY/VDDA/12861 mV
11:30:24.145  INFO     RX        === Hexapod Mainboard ===
11:30:24.163  INFO     RX        PCA9685 Right: OK
11:30:24.183  INFO     RX        PCA9685 Left:  OK
11:30:24.215  INFO     RX        LSM6DSO IMU:   OK
11:30:24.277  DEBUG    TX /CONTROLL/0,0,0,0,0,0,0,0,0
11:30:24.376  INFO     RX        VL53L1X ToF:   OK
11:30:24.421  INFO     RX        Locomotion:    INIT (UN_ARMED, printf mode)
11:30:24.421  INFO     RX        Press L1 to arm, R1 to disarm at any time.
11:30:24.421  INFO     RX        Ready.
11:30:25.885  DEBUG    TX /CONTROLL/0,0,0,0,0,0,0,0,0
11:30:27.486  DEBUG    TX /CONTROLL/0,0,0,0,0,0,0,0,0
11:30:29.097  DEBUG    TX /CONTROLL/0,0,0,0,0,0,0,0,0
11:30:30.708  DEBUG    TX /CONTROLL/0,0,0,0,0,0,0,0,0
11:30:31.527  INFO     RX        SERVO FR.[C: 90 F:106 T:107] MR.[C: 90 F:106 T:107] BR.[C: 90 F:106 T:10/BATTERY/VDDA/12865 mV
11:30:31.527  INFO     RX        === Hexapod Mainboard ===
11:30:31.548  INFO     RX        PCA9685 Right: OK
11:30:31.580  INFO     RX        PCA9685 Left:  OK
11:30:31.613  INFO     RX        LSM6DSO IMU:   OK
11:30:31.755  INFO     RX        VL53L1X ToF:   OK
11:30:31.784  INFO     RX        Locomotion:    INIT (UN_ARMED, printf mode)
11:30:31.809  INFO     RX        Press L1 to arm, R1 to disarm at any time.
11:30:31.809  INFO     RX        Ready.
11:30:32.314  DEBUG    TX /CONTROLL/0,0,0,0,0,0,0,0,0
11:30:33.925  DEBUG    TX /CONTROLL/0,0,0,0,0,0,0,0,0
11:30:35.280  INFO     RX        /ERR/LOKO/0x00000002
11:30:35.280  INFO     RX        /ERR/LOKO/0x00000002
11:30:35.312  INFO     RX        /ERR/LOKO/0x00000002
11:30:35.312  INFO     RX        /ERR/LOKO/0x00000002
11:30:35.312  INFO     RX        /ERR/LOKO/0x00000002
11:30:35.345  INFO     RX        /ERR/LOKO/0x00000002
11:30:35.345  INFO     RX        /ERR/LOKO/0x00000002
11:30:35.382  INFO     RX        /ERR/LOKO/0x00000002
11:30:35.382  INFO     RX        /ERR/LOKO/0x00000002
11:30:35.382  INFO     RX        /ERR/LOKO/0x00000002
11:30:35.412  INFO     RX        /ERR/LOKO/0x00000002
11:30:35.412  INFO     RX        /ERR/LOKO/0x00000002
11:30:35.412  INFO     RX        /ERR/LOKO/0x00000002
11:30:35.442  INFO     RX        /ERR/LOKO/0x00000002
11:30:35.442  INFO     RX        /ERR/LOKO/0x00000002
11:30:35.442  INFO     RX        /ERR/LOKO/0x00000002
11:30:35.480  INFO     RX        /ERR/LOKO/0x00000002
11:30:35.480  INFO     RX        /ERR/LOKO/0x00000002
11:30:35.480  INFO     RX        /ERR/LOKO/0x00000002
11:30:35.506  INFO     RX        /ERR/LOKO/0x00000002
11:30:35.506  INFO     RX        /ERR/LOKO/0x00000002
11:30:35.533  DEBUG    TX /CONTROLL/0,0,0,-31,0,0,0,0,0
11:30:35.538  INFO     RX        /ERR/LOKO/0x00000002
11:30:35.538  INFO     RX        /ERR/LOKO/0x00000002
11:30:35.539  INFO     RX        /ERR/LOKO/0x00000002
11:30:35.573  INFO     RX        /ERR/LOKO/0x00000002
11:30:35.574  INFO     RX        /ERR/LOKO/0x00000002
11:30:35.574  INFO     RX        /ERR/LOKO/0x00000002
11:30:35.602  INFO     RX        /ERR/LOKO/0x00000002
11:30:35.602  INFO     RX        /ERR/LOKO/0x00000002
11:30:35.636  INFO     RX        /ERR/LOKO/0x00000002
11:30:35.636  INFO     RX        /ERR/LOKO/0x00000002
11:30:35.636  INFO     RX        /ERR/LOKO/0x00000002
11:30:35.666  INFO     RX        /ERR/LOKO/0x00000002
11:30:35.666  INFO     RX        /ERR/LOKO/0x00000002
11:30:35.666  INFO     RX        /ERR/LOKO/0x00000002
11:30:35.699  INFO     RX        /ERR/LOKO/0x00000002
11:30:35.699  INFO     RX        /ERR/LOKO/0x00000002
11:30:35.731  INFO     RX        /ERR/LOKO/0x00000002
11:30:35.731  INFO     RX        /ERR/LOKO/0x00000002
11:30:35.731  INFO     RX        /ERR/LOKO/0x00000002
11:30:35.765  INFO     RX        /ERR/LOKO/0x00000002
11:30:35.765  INFO     RX        /ERR/LOKO/0x00000002
11:30:35.765  INFO     RX        /ERR/LOKO/0x00000002
11:30:35.797  INFO     RX        /ERR/LOKO/0x00000002
11:30:35.797  INFO     RX        /ERR/LOKO/0x00000002
11:30:35.797  INFO     RX        /ERR/LOKO/0x00000002
11:30:35.935  INFO     RX        /ERR/LOKO/0x00000002
11:30:35.935  INFO     RX        /ERR/LOKO/0x00000002
11:30:35.935  INFO     RX        /ERR/LOKO/0x00000002
11:30:35.935  INFO     RX        /ERR/LOKO/0x00000002
11:30:35.935  INFO     RX        /ERR/LOKO/0x00000002
11:30:35.935  INFO     RX        /ERR/LOKO/0x00000002
11:30:35.935  INFO     RX        /ERR/LOKO/0x00000002
11:30:35.935  INFO     RX        /ERR/LOKO/0x00000002
11:30:35.935  INFO     RX        /ERR/LOKO/0x00000002
11:30:35.935  INFO     RX        /ERR/LOKO/0x00000002
11:30:35.935  INFO     RX        /ERR/LOKO/0x00000002
11:30:35.943  INFO     RX        /ERR/LOKO/0x00000002
11:30:35.956  INFO     RX        /ERR/LOKO/0x00000002
11:30:35.990  INFO     RX        /ERR/LOKO/0x00000002
11:30:35.990  INFO     RX        /ERR/LOKO/0x00000002
11:30:35.990  INFO     RX        /ERR/LOKO/0x00000002
11:30:36.020  INFO     RX        /ERR/LOKO/0x00000002
11:30:36.020  INFO     RX        /ERR/LOKO/0x00000002
11:30:36.020  INFO     RX        /ERR/LOKO/0x00000002
11:30:36.055  INFO     RX        /ERR/LOKO/0x00000002
11:30:36.055  INFO     RX        /ERR/LOKO/0x00000002
11:30:36.055  INFO     RX        /ERR/LOKO/0x00000002
11:30:36.085  INFO     RX        /ERR/LOKO/0x00000002
11:30:36.085  INFO     RX        /ERR/LOKO/0x00000002
11:30:36.119  INFO     RX        /ERR/LOKO/0x00000002
11:30:36.119  INFO     RX        /ERR/LOKO/0x00000002
11:30:36.119  INFO     RX        /ERR/LOKO/0x00000002
11:30:36.149  INFO     RX        /ERR/LOKO/0x00000002
11:30:36.149  INFO     RX        /ERR/LOKO/0x00000002
11:30:36.149  INFO     RX        /ERR/LOKO/0x00000002
11:30:36.181  INFO     RX        /ERR/LOKO/0x00000002
11:30:36.182  INFO     RX        /ERR/LOKO/0x00000002
11:30:36.213  INFO     RX        /ERR/LOKO/0x00000002
11:30:36.213  INFO     RX        /ERR/LOKO/0x00000002
11:30:36.213  INFO     RX        /ERR/LOKO/0x00000002
11:30:36.245  INFO     RX        /ERR/LOKO/0x00000002
11:30:36.245  INFO     RX        /ERR/LOKO/0x00000002
11:30:36.245  INFO     RX        /ERR/LOKO/0x00000002
11:30:36.281  INFO     RX        /ERR/LOKO/0x00000002
11:30:37.085  INFO     RX        /ERR/LOKO/0x00000002
11:30:37.118  INFO     RX        /ERR/LOKO/0x00000002
11:30:37.118  INFO     RX        /ERR/LOKO/0x00000002
11:30:37.118  INFO     RX        /ERR/LOKO/0x00000002
11:30:37.145  DEBUG    TX /CONTROLL/0,0,0,76,0,0,0,0,0
11:30:37.148  INFO     RX        /ERR/LOKO/0x00000002
11:30:37.148  INFO     RX        /ERR/LOKO/0x00000002
11:30:37.148  INFO     RX        /ERR/LOKO/0x00000002
11:30:37.180  INFO     RX        /ERR/LOKO/0x00000002
11:30:37.180  INFO     RX        /ERR/LOKO/0x00000002
11:30:37.181  INFO     RX        /ERR/LOKO/0x00000002
11:30:37.213  INFO     RX        /ERR/LOKO/0x00000002
11:30:37.213  INFO     RX        /ERR/LOKO/0x00000002
11:30:37.244  INFO     RX        /ERR/LOKO/0x00000002
11:30:37.244  INFO     RX        /ERR/LOKO/0x00000002
11:30:37.244  INFO     RX        /ERR/LOKO/0x00000002
11:30:37.280  INFO     RX        /ERR/LOKO/0x00000002
11:30:38.761  DEBUG    TX /CONTROLL/0,0,0,0,0,0,0,0,0
11:30:40.372  DEBUG    TX /CONTROLL/0,0,0,0,0,0,0,0,0
11:30:41.979  DEBUG    TX /CONTROLL/0,0,0,0,0,0,0,0,0
11:30:43.584  DEBUG    TX /CONTROLL/0,0,0,0,0,0,0,0,0
11:30:45.197  DEBUG    TX /CONTROLL/0,0,0,0,0,0,0,0,0
11:30:46.808  DEBUG    TX /CONTROLL/0,0,0,0,0,0,0,0,0
11:30:48.420  DEBUG    TX /CONTROLL/0,0,0,0,0,0,0,0,0
11:30:50.032  DEBUG    TX /CONTROLL/0,0,0,0,0,0,0,0,0
11:30:51.636  DEBUG    TX /CONTROLL/0,0,0,0,0,0,0,0,0
11:30:53.243  DEBUG    TX /CONTROLL/0,0,0,0,0,0,0,0,0
11:30:54.850  DEBUG    TX /CONTROLL/0,0,0,0,0,0,0,0,0
11:30:56.460  DEBUG    TX /CONTROLL/0,0,0,0,0,0,0,0,0
11:30:58.068  DEBUG    TX /CONTROLL/0,0,0,0,0,0,0,0,0
11:30:59.674  DEBUG    TX /CONTROLL/0,0,0,0,0,0,0,0,0
11:31:00.132  INFO     RX        /ERR/LOKO/0x00000002
11:31:00.132  INFO     RX        /ERR/LOKO/0x00000002
11:31:00.132  INFO     RX        /ERR/LOKO/0x00000002
11:31:00.132  INFO     RX        /ERR/LOKO/0x00000002
11:31:00.132  INFO     RX        /ERR/LOKO/0x00000002
11:31:00.132  INFO     RX        /ERR/LOKO/0x00000002
11:31:00.132  INFO     RX        /ERR/LOKO/0x00000002
11:31:00.139  INFO     RX        /ERR/LOKO/0x00000002
11:31:00.139  INFO     RX        /ERR/LOKO/0x00000002
11:31:00.139  INFO     RX        /ERR/LOKO/0x00000002
11:31:00.145  INFO     RX        /ERR/LOKO/0x00000002
11:31:00.160  INFO     RX        /ERR/LOKO/0x00000002
11:31:00.160  INFO     RX        /ERR/LOKO/0x00000002
11:31:00.293  INFO     RX        /ERR/LOKO/0x00000002
11:31:00.293  INFO     RX        /ERR/LOKO/0x00000002
11:31:00.293  INFO     RX        /ERR/LOKO/0x00000002
11:31:00.293  INFO     RX        /ERR/LOKO/0x00000002
11:31:00.293  INFO     RX        /ERR/LOKO/0x00000002
11:31:00.293  INFO     RX        /ERR/LOKO/0x00000002
11:31:00.293  INFO     RX        /ERR/LOKO/0x00000002
11:31:00.293  INFO     RX        /ERR/LOKO/0x00000002
11:31:00.297  INFO     RX        /ERR/LOKO/0x00000002
11:31:00.297  INFO     RX        /ERR/LOKO/0x00000002
11:31:00.297  INFO     RX        /ERR/LOKO/0x00000002
11:31:00.302  INFO     RX        /ERR/LOKO/0x00000002
11:31:00.321  INFO     RX        /ERR/LOKO/0x00000002
11:31:00.439  INFO     RX        /ERR/LOKO/0x00000002
11:31:00.439  INFO     RX        /ERR/LOKO/0x00000002
11:31:00.440  INFO     RX        /ERR/LOKO/0x00000002
11:31:00.440  INFO     RX        /ERR/LOKO/0x00000002
11:31:00.440  INFO     RX        /ERR/LOKO/0x00000002
11:31:00.440  INFO     RX        /ERR/LOKO/0x00000002
11:31:00.440  INFO     RX        /ERR/LOKO/0x00000002
11:31:00.440  INFO     RX        /ERR/LOKO/0x00000002
11:31:00.441  INFO     RX        /ERR/LOKO/0x00000002
11:31:00.441  INFO     RX        /ERR/LOKO/0x00000002
11:31:00.446  INFO     RX        /ERR/LOKO/0x00000002
11:31:00.453  INFO     RX        /ERR/LOKO/0x00000002
11:31:00.585  INFO     RX        /ERR/LOKO/0x00000002
11:31:00.585  INFO     RX        /ERR/LOKO/0x00000002
11:31:00.586  INFO     RX        /ERR/LOKO/0x00000002
11:31:00.586  INFO     RX        /ERR/LOKO/0x00000002
11:31:00.586  INFO     RX        /ERR/LOKO/0x00000002
11:31:00.586  INFO     RX        /ERR/LOKO/0x00000002
11:31:00.586  INFO     RX        /ERR/LOKO/0x00000002
11:31:00.586  INFO     RX        /ERR/LOKO/0x00000002
11:31:00.586  INFO     RX        /ERR/LOKO/0x00000002
11:31:00.586  INFO     RX        /ERR/LOKO/0x00000002
11:31:00.586  INFO     RX        /ERR/LOKO/0x00000002
11:31:00.610  INFO     RX        /ERR/LOKO/0x00000002
11:31:01.284  DEBUG    TX /CONTROLL/0,0,0,0,0,0,0,0,0
11:31:01.834  INFO     RX        /ERR/LOKO/0x00000002
11:31:01.867  INFO     RX        /ERR/LOKO/0x00000002
11:31:01.898  INFO     RX        /ERR/LOKO/0x00000002
11:31:01.961  INFO     RX        /ERR/LOKO/0x00000002
11:31:01.995  INFO     RX        /ERR/LOKO/0x00000002
11:31:02.894  DEBUG    TX /CONTROLL/0,0,0,0,0,0,0,0,2
11:31:02.902  INFO     RX        /ERR/LOKO/0x00000002
11:31:02.902  INFO     RX        /ERR/LOKO/0x00000002
11:31:02.931  INFO     RX        /ERR/LOKO/0x00000002
11:31:02.931  INFO     RX        /ERR/LOKO/0x00000002
11:31:02.931  INFO     RX        /ERR/LOKO/0x00000002
11:31:02.963  INFO     RX        /ERR/LOKO/0x00000002
11:31:02.963  INFO     RX        /ERR/LOKO/0x00000002
11:31:02.963  INFO     RX        /ERR/LOKO/0x00000002
11:31:02.996  INFO     RX        /ERR/LOKO/0x00000002
11:31:02.996  INFO     RX        /ERR/LOKO/0x00000002
11:31:02.996  INFO     RX        /ERR/LOKO/0x00000002
11:31:03.027  INFO     RX        /ERR/LOKO/0x00000002
11:31:03.027  INFO     RX        /ERR/LOKO/0x00000002
11:31:03.058  INFO     RX        /ERR/LOKO/0x00000002
11:31:03.058  INFO     RX        /ERR/LOKO/0x00000002
11:31:03.058  INFO     RX        /ERR/LOKO/0x00000002
11:31:03.090  INFO     RX        /ERR/LOKO/0x00000002
11:31:03.090  INFO     RX        /ERR/LOKO/0x00000002
11:31:03.090  INFO     RX        /ERR/LOKO/0x00000002
11:31:03.123  INFO     RX        /ERR/LOKO/0x00000002
11:31:03.123  INFO     RX        /ERR/LOKO/0x00000002
11:31:03.154  INFO     RX        /ERR/LOKO/0x00000002
11:31:03.154  INFO     RX        /ERR/LOKO/0x00000002
11:31:03.154  INFO     RX        /ERR/LOKO/0x00000002
11:31:03.186  INFO     RX        /ERR/LOKO/0x00000002
11:31:03.186  INFO     RX        /ERR/LOKO/0x00000002
11:31:03.186  INFO     RX        /ERR/LOKO/0x00000002
11:31:03.218  INFO     RX        /ERR/LOKO/0x00000002
11:31:03.218  INFO     RX        /ERR/LOKO/0x00000002
11:31:03.250  INFO     RX        /ERR/LOKO/0x00000002
11:31:03.250  INFO     RX        /ERR/LOKO/0x00000002
11:31:03.250  INFO     RX        /ERR/LOKO/0x00000002
11:31:03.283  INFO     RX        /ERR/LOKO/0x00000002
11:31:03.283  INFO     RX        /ERR/LOKO/0x00000002
11:31:03.283  INFO     RX        /ERR/LOKO/0x00000002
11:31:03.315  INFO     RX        /ERR/LOKO/0x00000002
11:31:03.315  INFO     RX        /ERR/LOKO/0x00000002
11:31:03.315  INFO     RX        /ERR/LOKO/0x00000002
11:31:03.347  INFO     RX        /ERR/LOKO/0x00000002
11:31:03.348  INFO     RX        /ERR/LOKO/0x00000002
11:31:03.379  INFO     RX        /ERR/LOKO/0x00000002
11:31:03.379  INFO     RX        /ERR/LOKO/0x00000002
11:31:03.379  INFO     RX        /ERR/LOKO/0x00000002
11:31:03.411  INFO     RX        /ERR/LOKO/0x00000002
11:31:03.411  INFO     RX        /ERR/LOKO/0x00000002
11:31:03.412  INFO     RX        /ERR/LOKO/0x00000002
11:31:03.443  INFO     RX        /ERR/LOKO/0x00000002
11:31:03.443  INFO     RX        /ERR/LOKO/0x00000002
11:31:03.476  INFO     RX        /ERR/LOKO/0x00000002
11:31:03.476  INFO     RX        /ERR/LOKO/0x00000002
11:31:03.476  INFO     RX        /ERR/LOKO/0x00000002
11:31:03.510  INFO     RX        /ERR/LOKO/0x00000002
11:31:03.510  INFO     RX        /ERR/LOKO/0x00000002
11:31:03.510  INFO     RX        /ERR/LOKO/0x00000002
11:31:03.542  INFO     RX        /ERR/LOKO/0x00000002
11:31:03.542  INFO     RX        /ERR/LOKO/0x00000002
11:31:03.573  INFO     RX        /ERR/LOKO/0x00000002
11:31:03.574  INFO     RX        /ERR/LOKO/0x00000002
11:31:03.574  INFO     RX        /ERR/LOKO/0x00000002
11:31:03.606  INFO     RX        /ERR/LOKO/0x00000002
11:31:03.606  INFO     RX        /ERR/LOKO/0x00000002
11:31:03.606  INFO     RX        /ERR/LOKO/0x00000002
11:31:03.642  INFO     RX        /ERR/LOKO/0x00000002
11:31:03.642  INFO     RX        /ERR/LOKO/0x00000002
11:31:03.642  INFO     RX        /ERR/LOKO/0x00000002
11:31:03.669  INFO     RX        /ERR/LOKO/0x00000002
11:31:03.669  INFO     RX        /ERR/LOKO/0x00000002
11:31:03.709  INFO     RX        /ERR/LOKO/0x00000002
11:31:03.709  INFO     RX        /ERR/LOKO/0x00000002
11:31:03.709  INFO     RX        /ERR/LOKO/0x00000002
11:31:03.709  INFO     RX        /ERR/LOKO/0x00000002
11:31:03.734  INFO     RX        /ERR/LOKO/0x00000002
11:31:03.766  INFO     RX        /ERR/LOKO/0x00000002
11:31:03.797  INFO     RX        /ERR/LOKO/0x00000002
11:31:03.862  INFO     RX        /ERR/LOKO/0x00000002
11:31:03.929  INFO     RX        /ERR/LOKO/0x00000002
11:31:03.958  INFO     RX        /ERR/LOKO/0x00000002
11:31:03.990  INFO     RX        /ERR/LOKO/0x00000002
11:31:04.056  INFO     RX        /ERR/LOKO/0x00000002
11:31:04.087  INFO     RX        /ERR/LOKO/0x00000002
11:31:04.119  INFO     RX        /ERR/LOKO/0x00000002
11:31:04.151  INFO     RX        /ERR/LOKO/0x00000002
11:31:04.185  INFO     RX        /ERR/LOKO/0x00000002
11:31:04.215  INFO     RX        /ERR/LOKO/0x00000002
11:31:04.215  INFO     RX        /ERR/LOKO/0x00000002
11:31:04.248  INFO     RX        /ERR/LOKO/0x00000002
11:31:04.248  INFO     RX        /ERR/LOKO/0x00000002
11:31:04.248  INFO     RX        /ERR/LOKO/0x00000002
11:31:04.281  INFO     RX        /ERR/LOKO/0x00000002
11:31:04.281  INFO     RX        /ERR/LOKO/0x00000002
11:31:04.281  INFO     RX        /ERR/LOKO/0x00000002
11:31:04.312  INFO     RX        /ERR/LOKO/0x00000002
11:31:04.312  INFO     RX        /ERR/LOKO/0x00000002
11:31:04.344  INFO     RX        /ERR/LOKO/0x00000002
11:31:04.344  INFO     RX        /ERR/LOKO/0x00000002
11:31:04.345  INFO     RX        /ERR/LOKO/0x00000002
11:31:04.379  INFO     RX        /ERR/LOKO/0x00000002
11:31:04.379  INFO     RX        /ERR/LOKO/0x00000002
11:31:04.379  INFO     RX        /ERR/LOKO/0x00000002
11:31:04.409  INFO     RX        /ERR/LOKO/0x00000002
11:31:04.409  INFO     RX        /ERR/LOKO/0x00000002
11:31:04.409  INFO     RX        /ERR/LOKO/0x00000002
11:31:04.442  INFO     RX        /ERR/LOKO/0x00000002
11:31:04.442  INFO     RX        /ERR/LOKO/0x00000002
11:31:04.473  INFO     RX        /ERR/LOKO/0x00000002
11:31:04.473  INFO     RX        /ERR/LOKO/0x00000002
11:31:04.474  INFO     RX        /ERR/LOKO/0x00000002
11:31:04.501  DEBUG    TX /CONTROLL/0,0,0,0,0,0,0,0,2
11:31:04.508  INFO     RX        /ERR/LOKO/0x00000002
11:31:04.508  INFO     RX        /ERR/LOKO/0x00000002
11:31:04.508  INFO     RX        /ERR/LOKO/0x00000002
11:31:04.542  INFO     RX        /ERR/LOKO/0x00000002
11:31:04.542  INFO     RX        /ERR/LOKO/0x00000002
11:31:04.569  INFO     RX        /ERR/LOKO/0x00000002
11:31:04.569  INFO     RX        /ERR/LOKO/0x00000002
11:31:04.569  INFO     RX        /ERR/LOKO/0x00000002
11:31:04.606  INFO     RX        /ERR/LOKO/0x00000002
11:31:04.606  INFO     RX        /ERR/LOKO/0x00000002
11:31:04.606  INFO     RX        /ERR/LOKO/0x00000002
11:31:04.634  INFO     RX        /ERR/LOKO/0x00000002
11:31:04.634  INFO     RX        /ERR/LOKO/0x00000002
11:31:04.665  INFO     RX        /ERR/LOKO/0x00000002
11:31:04.665  INFO     RX        /ERR/LOKO/0x00000002
11:31:04.665  INFO     RX        /ERR/LOKO/0x00000002
11:31:04.696  INFO     RX        /ERR/LOKO/0x00000002
11:31:04.696  INFO     RX        /ERR/LOKO/0x00000002
11:31:04.697  INFO     RX        /ERR/LOKO/0x00000002
11:31:04.739  INFO     RX        /ERR/LOKO/0x00000002
11:31:04.739  INFO     RX        /ERR/LOKO/0x00000002
11:31:04.739  INFO     RX        /ERR/LOKO/0x00000002
11:31:04.763  INFO     RX        /ERR/LOKO/0x00000002
11:31:04.794  INFO     RX        /ERR/LOKO/0x00000002
11:31:04.825  INFO     RX        /ERR/LOKO/0x00000002
11:31:04.857  INFO     RX        /ERR/LOKO/0x00000002
11:31:04.922  INFO     RX        /ERR/LOKO/0x00000002
11:31:04.954  INFO     RX        /ERR/LOKO/0x00000002
11:31:04.954  INFO     RX        /ERR/LOKO/0x00000002
11:31:04.986  INFO     RX        /ERR/LOKO/0x00000002
11:31:04.986  INFO     RX        /ERR/LOKO/0x00000002
11:31:04.986  INFO     RX        /ERR/LOKO/0x00000002
11:31:05.018  INFO     RX        /ERR/LOKO/0x00000002
11:31:05.018  INFO     RX        /ERR/LOKO/0x00000002
11:31:05.018  INFO     RX        /ERR/LOKO/0x00000002
11:31:05.049  INFO     RX        /ERR/LOKO/0x00000002
11:31:05.049  INFO     RX        /ERR/LOKO/0x00000002
11:31:05.081  INFO     RX        /ERR/LOKO/0x00000002
11:31:05.081  INFO     RX        /ERR/LOKO/0x00000002
11:31:05.081  INFO     RX        /ERR/LOKO/0x00000002
11:31:05.113  INFO     RX        /ERR/LOKO/0x00000002
11:31:05.113  INFO     RX        /ERR/LOKO/0x00000002
11:31:05.113  INFO     RX        /ERR/LOKO/0x00000002
11:31:05.145  INFO     RX        /ERR/LOKO/0x00000002
11:31:05.145  INFO     RX        /ERR/LOKO/0x00000002
11:31:05.145  INFO     RX        /ERR/LOKO/0x00000002
11:31:05.176  INFO     RX        /ERR/LOKO/0x00000002
11:31:05.176  INFO     RX        /ERR/LOKO/0x00000002
11:31:05.209  INFO     RX        /ERR/LOKO/0x00000002
11:31:05.209  INFO     RX        /ERR/LOKO/0x00000002
11:31:05.209  INFO     RX        /ERR/LOKO/0x00000002
11:31:05.241  INFO     RX        /ERR/LOKO/0x00000002
11:31:05.241  INFO     RX        /ERR/LOKO/0x00000002
11:31:05.241  INFO     RX        /ERR/LOKO/0x00000002
11:31:05.275  INFO     RX        /ERR/LOKO/0x00000002
11:31:05.275  INFO     RX        /ERR/LOKO/0x00000002
11:31:05.306  INFO     RX        /ERR/LOKO/0x00000002
11:31:05.306  INFO     RX        /ERR/LOKO/0x00000002
11:31:05.306  INFO     RX        /ERR/LOKO/0x00000002
11:31:05.344  INFO     RX        /ERR/LOKO/0x00000002
11:31:05.344  INFO     RX        /ERR/LOKO/0x00000002
11:31:05.344  INFO     RX        /ERR/LOKO/0x00000002
11:31:05.370  INFO     RX        /ERR/LOKO/0x00000002
11:31:05.370  INFO     RX        /ERR/LOKO/0x00000002
11:31:05.401  INFO     RX        /ERR/LOKO/0x00000002
11:31:05.402  INFO     RX        /ERR/LOKO/0x00000002
11:31:05.402  INFO     RX        /ERR/LOKO/0x00000002
11:31:05.434  INFO     RX        /ERR/LOKO/0x00000002
11:31:05.434  INFO     RX        /ERR/LOKO/0x00000002
11:31:05.434  INFO     RX        /ERR/LOKO/0x00000002
11:31:05.465  INFO     RX        /ERR/LOKO/0x00000002
11:31:05.502  INFO     RX        /ERR/LOKO/0x00000002
11:31:05.534  INFO     RX        /ERR/LOKO/0x00000002
11:31:05.563  INFO     RX        /ERR/LOKO/0x00000002
11:31:05.627  INFO     RX        /ERR/LOKO/0x00000002
11:31:05.658  INFO     RX        /ERR/LOKO/0x00000002
11:31:05.693  INFO     RX        /ERR/LOKO/0x00000002
11:31:05.693  INFO     RX        /ERR/LOKO/0x00000002
11:31:05.723  INFO     RX        /ERR/LOKO/0x00000002
11:31:05.723  INFO     RX        /ERR/LOKO/0x00000002
11:31:05.723  INFO     RX        /ERR/LOKO/0x00000002
11:31:05.757  INFO     RX        /ERR/LOKO/0x00000002
11:31:05.757  INFO     RX        /ERR/LOKO/0x00000002
11:31:05.757  INFO     RX        /ERR/LOKO/0x00000002
11:31:05.787  INFO     RX        /ERR/LOKO/0x00000002
11:31:05.787  INFO     RX        /ERR/LOKO/0x00000002
11:31:05.819  INFO     RX        /ERR/LOKO/0x00000002
11:31:05.819  INFO     RX        /ERR/LOKO/0x00000002
11:31:05.819  INFO     RX        /ERR/LOKO/0x00000002
11:31:05.852  INFO     RX        /ERR/LOKO/0x00000002
11:31:05.852  INFO     RX        /ERR/LOKO/0x00000002
11:31:05.852  INFO     RX        /ERR/LOKO/0x00000002
11:31:05.883  INFO     RX        /ERR/LOKO/0x00000002
11:31:05.884  INFO     RX        /ERR/LOKO/0x00000002
11:31:05.917  INFO     RX        /ERR/LOKO/0x00000002
11:31:05.918  INFO     RX        /ERR/LOKO/0x00000002
11:31:05.918  INFO     RX        /ERR/LOKO/0x00000002
11:31:05.948  INFO     RX        /ERR/LOKO/0x00000002
11:31:05.948  INFO     RX        /ERR/LOKO/0x00000002
11:31:05.948  INFO     RX        /ERR/LOKO/0x00000002
11:31:05.980  INFO     RX        /ERR/LOKO/0x00000002
11:31:05.980  INFO     RX        /ERR/LOKO/0x00000002
11:31:05.980  INFO     RX        /ERR/LOKO/0x00000002
11:31:06.012  INFO     RX        /ERR/LOKO/0x00000002
11:31:06.012  INFO     RX        /ERR/LOKO/0x00000002
11:31:06.044  INFO     RX        /ERR/LOKO/0x00000002
11:31:06.044  INFO     RX        /ERR/LOKO/0x00000002
11:31:06.045  INFO     RX        /ERR/LOKO/0x00000002
11:31:06.075  INFO     RX        /ERR/LOKO/0x00000002
11:31:06.075  INFO     RX        /ERR/LOKO/0x00000002
11:31:06.075  INFO     RX        /ERR/LOKO/0x00000002
11:31:06.105  DEBUG    TX /CONTROLL/0,0,0,0,0,0,0,0,2
11:31:06.108  INFO     RX        /ERR/LOKO/0x00000002
11:31:06.108  INFO     RX        /ERR/LOKO/0x00000002
11:31:06.108  INFO     RX        /ERR/LOKO/0x00000002
11:31:06.140  INFO     RX        /ERR/LOKO/0x00000002
11:31:06.140  INFO     RX        /ERR/LOKO/0x00000002
11:31:06.173  INFO     RX        /ERR/LOKO/0x00000002
11:31:06.173  INFO     RX        /ERR/LOKO/0x00000002
11:31:06.173  INFO     RX        /ERR/LOKO/0x00000002
11:31:06.214  INFO     RX        /ERR/LOKO/0x00000002
11:31:06.214  INFO     RX        /ERR/LOKO/0x00000002
11:31:06.214  INFO     RX        /ERR/LOKO/0x00000002
11:31:06.236  INFO     RX        /ERR/LOKO/0x00000002
11:31:06.236  INFO     RX        /ERR/LOKO/0x00000002
11:31:06.236  INFO     RX        /ERR/LOKO/0x00000002
11:31:06.268  INFO     RX        /ERR/LOKO/0x00000002
11:31:06.268  INFO     RX        /ERR/LOKO/0x00000002
11:31:06.302  INFO     RX        /ERR/LOKO/0x00000002
11:31:06.302  INFO     RX        /ERR/LOKO/0x00000002
11:31:06.302  INFO     RX        /ERR/LOKO/0x00000002
11:31:06.333  INFO     RX        /ERR/LOKO/0x00000002
11:31:06.333  INFO     RX        /ERR/LOKO/0x00000002
11:31:06.333  INFO     RX        /ERR/LOKO/0x00000002
11:31:06.364  INFO     RX        /ERR/LOKO/0x00000002
11:31:06.364  INFO     RX        /ERR/LOKO/0x00000002
11:31:06.398  INFO     RX        /ERR/LOKO/0x00000002
11:31:06.398  INFO     RX        /ERR/LOKO/0x00000002
11:31:06.398  INFO     RX        /ERR/LOKO/0x00000002
11:31:06.429  INFO     RX        /ERR/LOKO/0x00000002
11:31:06.429  INFO     RX        /ERR/LOKO/0x00000002
11:31:06.429  INFO     RX        /ERR/LOKO/0x00000002
11:31:06.463  INFO     RX        /ERR/LOKO/0x00000002
11:31:06.463  INFO     RX        /ERR/LOKO/0x00000002
11:31:06.463  INFO     RX        /ERR/LOKO/0x00000002
11:31:06.493  INFO     RX        /ERR/LOKO/0x00000002
11:31:06.493  INFO     RX        /ERR/LOKO/0x00000002
11:31:06.525  INFO     RX        /ERR/LOKO/0x00000002
11:31:07.009  INFO     RX        /ERR/LOKO/0x00000002
11:31:07.009  INFO     RX        /ERR/LOKO/0x00000002
11:31:07.042  INFO     RX        /ERR/LOKO/0x00000002
11:31:07.042  INFO     RX        /ERR/LOKO/0x00000002
11:31:07.074  INFO     RX        /ERR/LOKO/0x00000002
11:31:07.074  INFO     RX        /ERR/LOKO/0x00000002
11:31:07.075  INFO     RX        /ERR/LOKO/0x00000002
11:31:07.109  INFO     RX        /ERR/LOKO/0x00000002
11:31:07.109  INFO     RX        /ERR/LOKO/0x00000002
11:31:07.109  INFO     RX        /ERR/LOKO/0x00000002
11:31:07.144  INFO     RX        /ERR/LOKO/0x00000002
11:31:07.144  INFO     RX        /ERR/LOKO/0x00000002
11:31:07.144  INFO     RX        /ERR/LOKO/0x00000002
11:31:07.170  INFO     RX        /ERR/LOKO/0x00000002
11:31:07.170  INFO     RX        /ERR/LOKO/0x00000002
11:31:07.211  INFO     RX        /ERR/LOKO/0x00000002
11:31:07.211  INFO     RX        /ERR/LOKO/0x00000002
11:31:07.211  INFO     RX        /ERR/LOKO/0x00000002
11:31:07.236  INFO     RX        /ERR/LOKO/0x00000002
11:31:07.237  INFO     RX        /ERR/LOKO/0x00000002
11:31:07.237  INFO     RX        /ERR/LOKO/0x00000002
11:31:07.267  INFO     RX        /ERR/LOKO/0x00000002
11:31:07.267  INFO     RX        /ERR/LOKO/0x00000002
11:31:07.267  INFO     RX        /ERR/LOKO/0x00000002
11:31:07.302  INFO     RX        /ERR/LOKO/0x00000002
11:31:07.302  INFO     RX        /ERR/LOKO/0x00000002
11:31:07.332  INFO     RX        /ERR/LOKO/0x00000002
11:31:07.333  INFO     RX        /ERR/LOKO/0x00000002
11:31:07.333  INFO     RX        /ERR/LOKO/0x00000002
11:31:07.372  INFO     RX        /ERR/LOKO/0x00000002
11:31:07.372  INFO     RX        /ERR/LOKO/0x00000002
11:31:07.372  INFO     RX        /ERR/LOKO/0x00000002
11:31:07.402  INFO     RX        /ERR/LOKO/0x00000002
11:31:07.402  INFO     RX        /ERR/LOKO/0x00000002
11:31:07.402  INFO     RX        /ERR/LOKO/0x00000002
11:31:07.430  INFO     RX        /ERR/LOKO/0x00000002
11:31:07.430  INFO     RX        /ERR/LOKO/0x00000002
11:31:07.466  INFO     RX        /ERR/LOKO/0x00000002
11:31:07.466  INFO     RX        /ERR/LOKO/0x00000002
11:31:07.466  INFO     RX        /ERR/LOKO/0x00000002
11:31:07.494  INFO     RX        /ERR/LOKO/0x00000002
11:31:07.494  INFO     RX        /ERR/LOKO/0x00000002
11:31:07.494  INFO     RX        /ERR/LOKO/0x00000002
11:31:07.528  INFO     RX        /ERR/LOKO/0x00000002
11:31:07.528  INFO     RX        /ERR/LOKO/0x00000002
11:31:07.528  INFO     RX        /ERR/LOKO/0x00000002
11:31:07.558  INFO     RX        /ERR/LOKO/0x00000002
11:31:07.559  INFO     RX        /ERR/LOKO/0x00000002
11:31:07.590  INFO     RX        /ERR/LOKO/0x00000002
11:31:07.590  INFO     RX        /ERR/LOKO/0x00000002
11:31:07.590  INFO     RX        /ERR/LOKO/0x00000002
11:31:07.623  INFO     RX        /ERR/LOKO/0x00000002
11:31:07.623  INFO     RX        /ERR/LOKO/0x00000002
11:31:07.623  INFO     RX        /ERR/LOKO/0x00000002
11:31:07.655  INFO     RX        /ERR/LOKO/0x00000002
11:31:07.655  INFO     RX        /ERR/LOKO/0x00000002
11:31:07.688  INFO     RX        /ERR/LOKO/0x00000002
11:31:07.688  INFO     RX        /ERR/LOKO/0x00000002
11:31:07.688  INFO     RX        /ERR/LOKO/0x00000002
11:31:07.718  DEBUG    TX /CONTROLL/0,0,-60,-81,0,0,0,0,0
11:31:07.721  INFO     RX        /ERR/LOKO/0x00000002
11:31:07.721  INFO     RX        /ERR/LOKO/0x00000002
11:31:07.721  INFO     RX        /ERR/LOKO/0x00000002
11:31:07.753  INFO     RX        /ERR/LOKO/0x00000002
11:31:07.753  INFO     RX        /ERR/LOKO/0x00000002
11:31:07.754  INFO     RX        /ERR/LOKO/0x00000002
11:31:07.786  INFO     RX        /ERR/LOKO/0x00000002
11:31:07.786  INFO     RX        /ERR/LOKO/0x00000002
11:31:07.786  INFO     RX        /ERR/LOKO/0x00000002
11:31:07.819  INFO     RX        /ERR/LOKO/0x00000002
11:31:07.819  INFO     RX        /ERR/LOKO/0x00000002
11:31:07.850  INFO     RX        /ERR/LOKO/0x00000002
11:31:07.850  INFO     RX        /ERR/LOKO/0x00000002
11:31:07.850  INFO     RX        /ERR/LOKO/0x00000002
11:31:07.883  INFO     RX        /ERR/LOKO/0x00000002
11:31:07.883  INFO     RX        /ERR/LOKO/0x00000002
11:31:07.883  INFO     RX        /ERR/LOKO/0x00000002
11:31:07.915  INFO     RX        /ERR/LOKO/0x00000002
11:31:07.915  INFO     RX        /ERR/LOKO/0x00000002
11:31:07.915  INFO     RX        /ERR/LOKO/0x00000002
11:31:07.948  INFO     RX        /ERR/LOKO/0x00000002
11:31:08.912  INFO     RX        /ERR/LOKO/0x00000002
11:31:08.912  INFO     RX        /ERR/LOKO/0x00000002
11:31:08.944  INFO     RX        /ERR/LOKO/0x00000002
11:31:08.944  INFO     RX        /ERR/LOKO/0x00000002
11:31:08.944  INFO     RX        /ERR/LOKO/0x00000002
11:31:08.978  INFO     RX        /ERR/LOKO/0x00000002
11:31:08.978  INFO     RX        /ERR/LOKO/0x00000002
11:31:08.978  INFO     RX        /ERR/LOKO/0x00000002
11:31:09.015  INFO     RX        /ERR/LOKO/0x00000002
11:31:09.015  INFO     RX        /ERR/LOKO/0x00000002
11:31:09.015  INFO     RX        /ERR/LOKO/0x00000002
11:31:09.043  INFO     RX        /ERR/LOKO/0x00000002
11:31:09.043  INFO     RX        /ERR/LOKO/0x00000002
11:31:09.078  INFO     RX        /ERR/LOKO/0x00000002
11:31:09.079  INFO     RX        /ERR/LOKO/0x00000002
11:31:09.079  INFO     RX        /ERR/LOKO/0x00000002
11:31:09.105  INFO     RX        /ERR/LOKO/0x00000002
11:31:09.105  INFO     RX        /ERR/LOKO/0x00000002
11:31:09.139  INFO     RX        /ERR/LOKO/0x00000002
11:31:09.139  INFO     RX        /ERR/LOKO/0x00000002
11:31:09.139  INFO     RX        /ERR/LOKO/0x00000002
11:31:09.172  INFO     RX        /ERR/LOKO/0x00000002
11:31:09.172  INFO     RX        /ERR/LOKO/0x00000002
11:31:09.172  INFO     RX        /ERR/LOKO/0x00000002
11:31:09.203  INFO     RX        /ERR/LOKO/0x00000002
11:31:09.203  INFO     RX        /ERR/LOKO/0x00000002
11:31:09.204  INFO     RX        /ERR/LOKO/0x00000002
11:31:09.235  INFO     RX        /ERR/LOKO/0x00000002
11:31:09.236  INFO     RX        /ERR/LOKO/0x00000002
11:31:09.266  INFO     RX        /ERR/LOKO/0x00000002
11:31:09.266  INFO     RX        /ERR/LOKO/0x00000002
11:31:09.266  INFO     RX        /ERR/LOKO/0x00000002
11:31:09.296  INFO     RX        /ERR/LOKO/0x00000002
11:31:09.297  INFO     RX        /ERR/LOKO/0x00000002
11:31:09.297  INFO     RX        /ERR/LOKO/0x00000002
11:31:09.325  DEBUG    TX /CONTROLL/0,0,85,-75,0,0,0,0,0
11:31:09.330  INFO     RX        /ERR/LOKO/0x00000002
11:31:09.330  INFO     RX        /ERR/LOKO/0x00000002
11:31:09.363  INFO     RX        /ERR/LOKO/0x00000002
11:31:09.363  INFO     RX        /ERR/LOKO/0x00000002
11:31:09.363  INFO     RX        /ERR/LOKO/0x00000002
11:31:09.394  INFO     RX        /ERR/LOKO/0x00000002
11:31:09.394  INFO     RX        /ERR/LOKO/0x00000002
11:31:09.394  INFO     RX        /ERR/LOKO/0x00000002
11:31:09.430  INFO     RX        /ERR/LOKO/0x00000002
11:31:09.430  INFO     RX        /ERR/LOKO/0x00000002
11:31:09.430  INFO     RX        /ERR/LOKO/0x00000002
11:31:09.457  INFO     RX        /ERR/LOKO/0x00000002
11:31:09.457  INFO     RX        /ERR/LOKO/0x00000002
11:31:09.489  INFO     RX        /ERR/LOKO/0x00000002
11:31:09.489  INFO     RX        /ERR/LOKO/0x00000002
11:31:09.489  INFO     RX        /ERR/LOKO/0x00000002
11:31:09.521  INFO     RX        /ERR/LOKO/0x00000002
11:31:09.522  INFO     RX        /ERR/LOKO/0x00000002
11:31:09.522  INFO     RX        /ERR/LOKO/0x00000002
11:31:09.553  INFO     RX        /ERR/LOKO/0x00000002
11:31:09.554  INFO     RX        /ERR/LOKO/0x00000002
11:31:09.586  INFO     RX        /ERR/LOKO/0x00000002
11:31:09.586  INFO     RX        /ERR/LOKO/0x00000002
11:31:09.586  INFO     RX        /ERR/LOKO/0x00000002
11:31:09.618  INFO     RX        /ERR/LOKO/0x00000002
11:31:09.618  INFO     RX        /ERR/LOKO/0x00000002
11:31:09.618  INFO     RX        /ERR/LOKO/0x00000002
11:31:09.650  INFO     RX        /ERR/LOKO/0x00000002
11:31:09.650  INFO     RX        /ERR/LOKO/0x00000002
11:31:09.682  INFO     RX        /ERR/LOKO/0x00000002
11:31:09.682  INFO     RX        /ERR/LOKO/0x00000002
11:31:09.682  INFO     RX        /ERR/LOKO/0x00000002
11:31:09.715  INFO     RX        /ERR/LOKO/0x00000002
11:31:09.715  INFO     RX        /ERR/LOKO/0x00000002
11:31:09.715  INFO     RX        /ERR/LOKO/0x00000002
11:31:09.746  INFO     RX        /ERR/LOKO/0x00000002
11:31:09.747  INFO     RX        /ERR/LOKO/0x00000002
11:31:09.747  INFO     RX        /ERR/LOKO/0x00000002
11:31:09.779  INFO     RX        /ERR/LOKO/0x00000002
11:31:09.779  INFO     RX        /ERR/LOKO/0x00000002
11:31:09.810  INFO     RX        /ERR/LOKO/0x00000002
11:31:09.811  INFO     RX        /ERR/LOKO/0x00000002
11:31:09.811  INFO     RX        /ERR/LOKO/0x00000002
11:31:09.844  INFO     RX        /ERR/LOKO/0x00000002
11:31:09.845  INFO     RX        /ERR/LOKO/0x00000002
11:31:09.845  INFO     RX        /ERR/LOKO/0x00000002
11:31:09.876  INFO     RX        /ERR/LOKO/0x00000002
11:31:09.876  INFO     RX        /ERR/LOKO/0x00000002
11:31:09.876  INFO     RX        /ERR/LOKO/0x00000002
11:31:09.910  INFO     RX        /ERR/LOKO/0x00000002
11:31:09.910  INFO     RX        /ERR/LOKO/0x00000002
11:31:09.910  INFO     RX        /ERR/LOKO/0x00000002
11:31:09.943  INFO     RX        /ERR/LOKO/0x00000002
11:31:09.943  INFO     RX        /ERR/LOKO/0x00000002
11:31:09.974  INFO     RX        /ERR/LOKO/0x00000002
11:31:09.974  INFO     RX        /ERR/LOKO/0x00000002
11:31:09.974  INFO     RX        /ERR/LOKO/0x00000002
11:31:10.006  INFO     RX        /ERR/LOKO/0x00000002
11:31:10.006  INFO     RX        /ERR/LOKO/0x00000002
11:31:10.006  INFO     RX        /ERR/LOKO/0x00000002
11:31:10.042  INFO     RX        /ERR/LOKO/0x00000002
11:31:10.042  INFO     RX        /ERR/LOKO/0x00000002
11:31:10.071  INFO     RX        /ERR/LOKO/0x00000002
11:31:10.071  INFO     RX        /ERR/LOKO/0x00000002
11:31:10.071  INFO     RX        /ERR/LOKO/0x00000002
11:31:10.103  INFO     RX        /ERR/LOKO/0x00000002
11:31:10.104  INFO     RX        /ERR/LOKO/0x00000002
11:31:10.104  INFO     RX        /ERR/LOKO/0x00000002
11:31:10.137  INFO     RX        /ERR/LOKO/0x00000002
11:31:10.137  INFO     RX        /ERR/LOKO/0x00000002
11:31:10.137  INFO     RX        /ERR/LOKO/0x00000002
11:31:10.166  INFO     RX        /ERR/LOKO/0x00000002
11:31:10.166  INFO     RX        /ERR/LOKO/0x00000002
11:31:10.198  INFO     RX        /ERR/LOKO/0x00000002
11:31:10.198  INFO     RX        /ERR/LOKO/0x00000002
11:31:10.198  INFO     RX        /ERR/LOKO/0x00000002
11:31:10.229  INFO     RX        /ERR/LOKO/0x00000002
11:31:10.230  INFO     RX        /ERR/LOKO/0x00000002
11:31:10.230  INFO     RX        /ERR/LOKO/0x00000002
11:31:10.267  INFO     RX        /ERR/LOKO/0x00000002
11:31:10.267  INFO     RX        /ERR/LOKO/0x00000002
11:31:10.294  INFO     RX        /ERR/LOKO/0x00000002
11:31:10.294  INFO     RX        /ERR/LOKO/0x00000002
11:31:10.294  INFO     RX        /ERR/LOKO/0x00000002
11:31:10.326  INFO     RX        /ERR/LOKO/0x00000002
11:31:10.326  INFO     RX        /ERR/LOKO/0x00000002
11:31:10.326  INFO     RX        /ERR/LOKO/0x00000002
11:31:10.359  INFO     RX        /ERR/LOKO/0x00000002
11:31:10.359  INFO     RX        /ERR/LOKO/0x00000002
11:31:10.359  INFO     RX        /ERR/LOKO/0x00000002
11:31:10.391  INFO     RX        /ERR/LOKO/0x00000002
11:31:10.391  INFO     RX        /ERR/LOKO/0x00000002
11:31:10.422  INFO     RX        /ERR/LOKO/0x00000002
11:31:10.422  INFO     RX        /ERR/LOKO/0x00000002
11:31:10.422  INFO     RX        /ERR/LOKO/0x00000002
11:31:10.454  INFO     RX        /ERR/LOKO/0x00000002
11:31:10.454  INFO     RX        /ERR/LOKO/0x00000002
11:31:10.454  INFO     RX        /ERR/LOKO/0x00000002
11:31:10.488  INFO     RX        /ERR/LOKO/0x00000002
11:31:10.488  INFO     RX        /ERR/LOKO/0x00000002
11:31:10.523  INFO     RX        /ERR/LOKO/0x00000002
11:31:10.523  INFO     RX        /ERR/LOKO/0x00000002
11:31:10.523  INFO     RX        /ERR/LOKO/0x00000002
11:31:10.551  INFO     RX        /ERR/LOKO/0x00000002
11:31:10.551  INFO     RX        /ERR/LOKO/0x00000002
11:31:10.551  INFO     RX        /ERR/LOKO/0x00000002
11:31:10.583  INFO     RX        /ERR/LOKO/0x00000002
11:31:10.583  INFO     RX        /ERR/LOKO/0x00000002
11:31:10.583  INFO     RX        /ERR/LOKO/0x00000002
11:31:10.616  INFO     RX        /ERR/LOKO/0x00000002
11:31:10.616  INFO     RX        /ERR/LOKO/0x00000002
11:31:10.647  INFO     RX        /ERR/LOKO/0x00000002
11:31:10.648  INFO     RX        /ERR/LOKO/0x00000002
11:31:10.648  INFO     RX        /ERR/LOKO/0x00000002
11:31:10.678  INFO     RX        /ERR/LOKO/0x00000002
11:31:10.678  INFO     RX        /ERR/LOKO/0x00000002
11:31:10.678  INFO     RX        /ERR/LOKO/0x00000002
11:31:10.714  INFO     RX        /ERR/LOKO/0x00000002
11:31:10.714  INFO     RX        /ERR/LOKO/0x00000002
11:31:10.714  INFO     RX        /ERR/LOKO/0x00000002
11:31:10.743  INFO     RX        /ERR/LOKO/0x00000002
11:31:10.743  INFO     RX        /ERR/LOKO/0x00000002
11:31:10.777  INFO     RX        /ERR/LOKO/0x00000002
11:31:10.777  INFO     RX        /ERR/LOKO/0x00000002
11:31:10.777  INFO     RX        /ERR/LOKO/0x00000002
11:31:10.807  INFO     RX        /ERR/LOKO/0x00000002
11:31:10.807  INFO     RX        /ERR/LOKO/0x00000002
11:31:10.807  INFO     RX        /ERR/LOKO/0x00000002
11:31:10.842  INFO     RX        /ERR/LOKO/0x00000002
11:31:10.842  INFO     RX        /ERR/LOKO/0x00000002
11:31:10.872  INFO     RX        /ERR/LOKO/0x00000002
11:31:10.872  INFO     RX        /ERR/LOKO/0x00000002
11:31:10.872  INFO     RX        /ERR/LOKO/0x00000002
11:31:10.905  INFO     RX        /ERR/LOKO/0x00000002
11:31:10.905  INFO     RX        /ERR/LOKO/0x00000002
11:31:10.905  INFO     RX        /ERR/LOKO/0x00000002
11:31:10.933  DEBUG    TX /CONTROLL/0,-12,19,-100,0,0,0,0,0
11:31:10.941  INFO     RX        /ERR/LOKO/0x00000002
11:31:10.941  INFO     RX        /ERR/LOKO/0x00000002
11:31:10.941  INFO     RX        /ERR/LOKO/0x00000002
11:31:10.970  INFO     RX        /ERR/LOKO/0x00000002
11:31:10.970  INFO     RX        /ERR/LOKO/0x00000002
11:31:11.003  INFO     RX        /ERR/LOKO/0x00000002
11:31:11.003  INFO     RX        /ERR/LOKO/0x00000002
11:31:11.003  INFO     RX        /ERR/LOKO/0x00000002
11:31:11.034  INFO     RX        /ERR/LOKO/0x00000002
11:31:11.034  INFO     RX        /ERR/LOKO/0x00000002
11:31:11.034  INFO     RX        /ERR/LOKO/0x00000002
11:31:11.064  INFO     RX        /ERR/LOKO/0x00000002
11:31:11.064  INFO     RX        /ERR/LOKO/0x00000002
11:31:11.102  INFO     RX        /ERR/LOKO/0x00000002
11:31:11.102  INFO     RX        /ERR/LOKO/0x00000002
11:31:11.102  INFO     RX        /ERR/LOKO/0x00000002
11:31:11.102  INFO     RX        /ERR/LOKO/0x00000002
11:31:11.129  INFO     RX        /ERR/LOKO/0x00000002
11:31:11.129  INFO     RX        /ERR/LOKO/0x00000002
11:31:11.163  INFO     RX        /ERR/LOKO/0x00000002
11:31:12.542  DEBUG    TX /CONTROLL/0,0,0,0,0,0,0,0,0
11:31:14.148  DEBUG    TX /CONTROLL/0,0,0,0,0,0,0,0,0
11:31:15.756  DEBUG    TX /CONTROLL/0,0,0,0,0,0,0,0,0
11:31:16.436  INFO     RX        /ERR/LOKO/0x00000002
11:31:16.436  INFO     RX        /ERR/LOKO/0x00000002
11:31:16.472  INFO     RX        /ERR/LOKO/0x00000002
11:31:16.472  INFO     RX        /ERR/LOKO/0x00000002
11:31:16.472  INFO     RX        /ERR/LOKO/0x00000002
11:31:16.502  INFO     RX        /ERR/LOKO/0x00000002
11:31:16.503  INFO     RX        /ERR/LOKO/0x00000002
11:31:16.534  INFO     RX        /ERR/LOKO/0x00000002
11:31:16.535  INFO     RX        /ERR/LOKO/0x00000002
11:31:16.535  INFO     RX        /ERR/LOKO/0x00000002
11:31:16.564  INFO     RX        /ERR/LOKO/0x00000002
11:31:16.564  INFO     RX        /ERR/LOKO/0x00000002
11:31:16.564  INFO     RX        /ERR/LOKO/0x00000002
11:31:16.599  INFO     RX        /ERR/LOKO/0x00000002
11:31:16.599  INFO     RX        /ERR/LOKO/0x00000002
11:31:16.599  INFO     RX        /ERR/LOKO/0x00000002
11:31:16.628  INFO     RX        /ERR/LOKO/0x00000002
11:31:16.628  INFO     RX        /ERR/LOKO/0x00000002
11:31:16.664  INFO     RX        /ERR/LOKO/0x00000002
11:31:16.664  INFO     RX        /ERR/LOKO/0x00000002
11:31:16.664  INFO     RX        /ERR/LOKO/0x00000002
11:31:16.692  INFO     RX        /ERR/LOKO/0x00000002
11:31:16.692  INFO     RX        /ERR/LOKO/0x00000002
11:31:16.692  INFO     RX        /ERR/LOKO/0x00000002
11:31:16.728  INFO     RX        /ERR/LOKO/0x00000002
11:31:16.728  INFO     RX        /ERR/LOKO/0x00000002
11:31:16.728  INFO     RX        /ERR/LOKO/0x00000002
11:31:16.758  INFO     RX        /ERR/LOKO/0x00000002
11:31:16.758  INFO     RX        /ERR/LOKO/0x00000002
11:31:16.790  INFO     RX        /ERR/LOKO/0x00000002
11:31:16.790  INFO     RX        /ERR/LOKO/0x00000002
11:31:16.790  INFO     RX        /ERR/LOKO/0x00000002
11:31:16.833  INFO     RX        /ERR/LOKO/0x00000002
11:31:16.833  INFO     RX        /ERR/LOKO/0x00000002
11:31:16.833  INFO     RX        /ERR/LOKO/0x00000002
11:31:16.856  INFO     RX        /ERR/LOKO/0x00000002
11:31:16.856  INFO     RX        /ERR/LOKO/0x00000002
11:31:16.856  INFO     RX        /ERR/LOKO/0x00000002
11:31:16.887  INFO     RX        /ERR/LOKO/0x00000002
11:31:16.887  INFO     RX        /ERR/LOKO/0x00000002
11:31:16.920  INFO     RX        /ERR/LOKO/0x00000002
11:31:16.920  INFO     RX        /ERR/LOKO/0x00000002
11:31:16.920  INFO     RX        /ERR/LOKO/0x00000002
11:31:16.952  INFO     RX        /ERR/LOKO/0x00000002
11:31:16.952  INFO     RX        /ERR/LOKO/0x00000002
11:31:16.952  INFO     RX        /ERR/LOKO/0x00000002
11:31:16.984  INFO     RX        /ERR/LOKO/0x00000002
11:31:16.984  INFO     RX        /ERR/LOKO/0x00000002
11:31:16.984  INFO     RX        /ERR/LOKO/0x00000002
11:31:17.017  INFO     RX        /ERR/LOKO/0x00000002
11:31:17.017  INFO     RX        /ERR/LOKO/0x00000002
11:31:17.048  INFO     RX        /ERR/LOKO/0x00000002
11:31:17.048  INFO     RX        /ERR/LOKO/0x00000002
11:31:17.049  INFO     RX        /ERR/LOKO/0x00000002
11:31:17.083  INFO     RX        /ERR/LOKO/0x00000002
11:31:17.084  INFO     RX        /ERR/LOKO/0x00000002
11:31:17.084  INFO     RX        /ERR/LOKO/0x00000002
11:31:17.117  INFO     RX        /ERR/LOKO/0x00000002
11:31:17.118  INFO     RX        /ERR/LOKO/0x00000002
11:31:17.118  INFO     RX        /ERR/LOKO/0x00000002
11:31:17.145  INFO     RX        /ERR/LOKO/0x00000002
11:31:17.146  INFO     RX        /ERR/LOKO/0x00000002
11:31:17.177  INFO     RX        /ERR/LOKO/0x00000002
11:31:17.177  INFO     RX        /ERR/LOKO/0x00000002
11:31:17.177  INFO     RX        /ERR/LOKO/0x00000002
11:31:17.209  INFO     RX        /ERR/LOKO/0x00000002
11:31:17.209  INFO     RX        /ERR/LOKO/0x00000002
11:31:17.209  INFO     RX        /ERR/LOKO/0x00000002
11:31:17.242  INFO     RX        /ERR/LOKO/0x00000002
11:31:17.368  DEBUG    TX /CONTROLL/0,0,0,0,0,0,0,0,0
11:31:18.209  INFO     RX        /ERR/LOKO/0x00000002
11:31:18.244  INFO     RX        /ERR/LOKO/0x00000002
11:31:18.244  INFO     RX        /ERR/LOKO/0x00000002
11:31:18.244  INFO     RX        /ERR/LOKO/0x00000002
11:31:18.277  INFO     RX        /ERR/LOKO/0x00000002
11:31:18.277  INFO     RX        /ERR/LOKO/0x00000002
11:31:18.277  INFO     RX        /ERR/LOKO/0x00000002
11:31:18.322  INFO     RX        /ERR/LOKO/0x00000002
11:31:18.322  INFO     RX        /ERR/LOKO/0x00000002
11:31:18.322  INFO     RX        /ERR/LOKO/0x00000002
11:31:18.322  INFO     RX        /ERR/LOKO/0x00000002
11:31:18.341  INFO     RX        /ERR/LOKO/0x00000002
11:31:18.341  INFO     RX        /ERR/LOKO/0x00000002
11:31:18.372  INFO     RX        /ERR/LOKO/0x00000002
11:31:18.372  INFO     RX        /ERR/LOKO/0x00000002
11:31:18.403  INFO     RX        /ERR/LOKO/0x00000002
11:31:18.404  INFO     RX        /ERR/LOKO/0x00000002
11:31:18.404  INFO     RX        /ERR/LOKO/0x00000002
11:31:18.441  INFO     RX        /ERR/LOKO/0x00000002
11:31:18.441  INFO     RX        /ERR/LOKO/0x00000002
11:31:18.441  INFO     RX        /ERR/LOKO/0x00000002
11:31:18.467  INFO     RX        /ERR/LOKO/0x00000002
11:31:18.467  INFO     RX        /ERR/LOKO/0x00000002
11:31:18.502  INFO     RX        /ERR/LOKO/0x00000002
11:31:18.502  INFO     RX        /ERR/LOKO/0x00000002
11:31:18.502  INFO     RX        /ERR/LOKO/0x00000002
11:31:18.535  INFO     RX        /ERR/LOKO/0x00000002
11:31:18.535  INFO     RX        /ERR/LOKO/0x00000002
11:31:18.535  INFO     RX        /ERR/LOKO/0x00000002
11:31:18.567  INFO     RX        /ERR/LOKO/0x00000002
11:31:18.568  INFO     RX        /ERR/LOKO/0x00000002
11:31:18.568  INFO     RX        /ERR/LOKO/0x00000002
11:31:18.601  INFO     RX        /ERR/LOKO/0x00000002
11:31:18.602  INFO     RX        /ERR/LOKO/0x00000002
11:31:18.602  INFO     RX        /ERR/LOKO/0x00000002
11:31:18.639  INFO     RX        /ERR/LOKO/0x00000002
11:31:18.640  INFO     RX        /ERR/LOKO/0x00000002
11:31:18.640  INFO     RX        /ERR/LOKO/0x00000002
11:31:18.667  INFO     RX        /ERR/LOKO/0x00000002
11:31:18.667  INFO     RX        /ERR/LOKO/0x00000002
11:31:18.702  INFO     RX        /ERR/LOKO/0x00000002
11:31:18.702  INFO     RX        /ERR/LOKO/0x00000002
11:31:18.702  INFO     RX        /ERR/LOKO/0x00000002
11:31:18.725  INFO     RX        /ERR/LOKO/0x00000002
11:31:18.725  INFO     RX        /ERR/LOKO/0x00000002
11:31:18.758  INFO     RX        /ERR/LOKO/0x00000002
11:31:18.758  INFO     RX        /ERR/LOKO/0x00000002
11:31:18.758  INFO     RX        /ERR/LOKO/0x00000002
11:31:18.788  INFO     RX        /ERR/LOKO/0x00000002
11:31:18.789  INFO     RX        /ERR/LOKO/0x00000002
11:31:18.789  INFO     RX        /ERR/LOKO/0x00000002
11:31:18.822  INFO     RX        /ERR/LOKO/0x00000002
11:31:18.822  INFO     RX        /ERR/LOKO/0x00000002
11:31:18.854  INFO     RX        /ERR/LOKO/0x00000002
11:31:18.854  INFO     RX        /ERR/LOKO/0x00000002
11:31:18.854  INFO     RX        /ERR/LOKO/0x00000002
11:31:18.886  INFO     RX        /ERR/LOKO/0x00000002
11:31:18.886  INFO     RX        /ERR/LOKO/0x00000002
11:31:18.886  INFO     RX        /ERR/LOKO/0x00000002
11:31:18.918  INFO     RX        /ERR/LOKO/0x00000002
11:31:18.918  INFO     RX        /ERR/LOKO/0x00000002
11:31:18.950  INFO     RX        /ERR/LOKO/0x00000002
11:31:18.950  INFO     RX        /ERR/LOKO/0x00000002
11:31:18.950  INFO     RX        /ERR/LOKO/0x00000002
11:31:18.980  DEBUG    TX /CONTROLL/0,0,-15,-45,0,0,0,0,0
11:31:18.985  INFO     RX        /ERR/LOKO/0x00000002
11:31:18.985  INFO     RX        /ERR/LOKO/0x00000002
11:31:18.985  INFO     RX        /ERR/LOKO/0x00000002
11:31:19.015  INFO     RX        /ERR/LOKO/0x00000002
11:31:19.015  INFO     RX        /ERR/LOKO/0x00000002
11:31:19.015  INFO     RX        /ERR/LOKO/0x00000002
11:31:19.046  INFO     RX        /ERR/LOKO/0x00000002
11:31:19.047  INFO     RX        /ERR/LOKO/0x00000002
11:31:19.079  INFO     RX        /ERR/LOKO/0x00000002
11:31:19.079  INFO     RX        /ERR/LOKO/0x00000002
11:31:19.079  INFO     RX        /ERR/LOKO/0x00000002
11:31:19.112  INFO     RX        /ERR/LOKO/0x00000002
11:31:19.112  INFO     RX        /ERR/LOKO/0x00000002
11:31:19.112  INFO     RX        /ERR/LOKO/0x00000002
11:31:19.143  INFO     RX        /ERR/LOKO/0x00000002
11:31:19.143  INFO     RX        /ERR/LOKO/0x00000002
11:31:19.143  INFO     RX        /ERR/LOKO/0x00000002
11:31:19.180  INFO     RX        /ERR/LOKO/0x00000002
11:31:19.181  INFO     RX        /ERR/LOKO/0x00000002
11:31:19.207  INFO     RX        /ERR/LOKO/0x00000002
11:31:19.207  INFO     RX        /ERR/LOKO/0x00000002
11:31:19.207  INFO     RX        /ERR/LOKO/0x00000002
11:31:19.240  INFO     RX        /ERR/LOKO/0x00000002
11:31:19.240  INFO     RX        /ERR/LOKO/0x00000002
11:31:19.240  INFO     RX        /ERR/LOKO/0x00000002
11:31:19.276  INFO     RX        /ERR/LOKO/0x00000002
11:31:19.276  INFO     RX        /ERR/LOKO/0x00000002
11:31:19.276  INFO     RX        /ERR/LOKO/0x00000002
11:31:19.305  INFO     RX        /ERR/LOKO/0x00000002
11:31:19.305  INFO     RX        /ERR/LOKO/0x00000002
11:31:19.337  INFO     RX        /ERR/LOKO/0x00000002
11:31:19.337  INFO     RX        /ERR/LOKO/0x00000002
11:31:19.337  INFO     RX        /ERR/LOKO/0x00000002
11:31:19.372  INFO     RX        /ERR/LOKO/0x00000002
11:31:19.372  INFO     RX        /ERR/LOKO/0x00000002
11:31:19.372  INFO     RX        /ERR/LOKO/0x00000002
11:31:19.402  INFO     RX        /ERR/LOKO/0x00000002
11:31:19.402  INFO     RX        /ERR/LOKO/0x00000002
11:31:19.432  INFO     RX        /ERR/LOKO/0x00000002
11:31:19.433  INFO     RX        /ERR/LOKO/0x00000002
11:31:19.433  INFO     RX        /ERR/LOKO/0x00000002
11:31:19.471  INFO     RX        /ERR/LOKO/0x00000002
11:31:19.471  INFO     RX        /ERR/LOKO/0x00000002
11:31:19.471  INFO     RX        /ERR/LOKO/0x00000002
11:31:19.497  INFO     RX        /ERR/LOKO/0x00000002
11:31:19.497  INFO     RX        /ERR/LOKO/0x00000002
11:31:19.532  INFO     RX        /ERR/LOKO/0x00000002
11:31:19.532  INFO     RX        /ERR/LOKO/0x00000002
11:31:19.532  INFO     RX        /ERR/LOKO/0x00000002
11:31:19.562  INFO     RX        /ERR/LOKO/0x00000002
11:31:19.562  INFO     RX        /ERR/LOKO/0x00000002
11:31:19.562  INFO     RX        /ERR/LOKO/0x00000002
11:31:19.600  INFO     RX        /ERR/LOKO/0x00000002
11:31:19.600  INFO     RX        /ERR/LOKO/0x00000002
11:31:19.601  INFO     RX        /ERR/LOKO/0x00000002
11:31:19.626  INFO     RX        /ERR/LOKO/0x00000002
11:31:19.626  INFO     RX        /ERR/LOKO/0x00000002
11:31:19.657  INFO     RX        /ERR/LOKO/0x00000002
11:31:19.657  INFO     RX        /ERR/LOKO/0x00000002
11:31:19.657  INFO     RX        /ERR/LOKO/0x00000002
11:31:19.689  INFO     RX        /ERR/LOKO/0x00000002
11:31:19.689  INFO     RX        /ERR/LOKO/0x00000002
11:31:19.719  INFO     RX        /ERR/LOKO/0x00000002
11:31:19.722  INFO     RX        /ERR/LOKO/0x00000002
11:31:19.722  INFO     RX        /ERR/LOKO/0x00000002
11:31:19.722  INFO     RX        /ERR/LOKO/0x00000002
11:31:19.754  INFO     RX        /ERR/LOKO/0x00000002
11:31:19.754  INFO     RX        /ERR/LOKO/0x00000002
11:31:19.786  INFO     RX        /ERR/LOKO/0x00000002
11:31:19.787  INFO     RX        /ERR/LOKO/0x00000002
11:31:19.787  INFO     RX        /ERR/LOKO/0x00000002
11:31:19.818  INFO     RX        /ERR/LOKO/0x00000002
11:31:19.819  INFO     RX        /ERR/LOKO/0x00000002
11:31:19.819  INFO     RX        /ERR/LOKO/0x00000002
11:31:19.851  INFO     RX        /ERR/LOKO/0x00000002
11:31:19.852  INFO     RX        /ERR/LOKO/0x00000002
11:31:19.852  INFO     RX        /ERR/LOKO/0x00000002
11:31:19.885  INFO     RX        /ERR/LOKO/0x00000002
11:31:19.885  INFO     RX        /ERR/LOKO/0x00000002
11:31:19.915  INFO     RX        /ERR/LOKO/0x00000002
11:31:19.915  INFO     RX        /ERR/LOKO/0x00000002
11:31:19.915  INFO     RX        /ERR/LOKO/0x00000002
11:31:19.948  INFO     RX        /ERR/LOKO/0x00000002
11:31:19.948  INFO     RX        /ERR/LOKO/0x00000002
11:31:19.948  INFO     RX        /ERR/LOKO/0x00000002
11:31:19.979  INFO     RX        /ERR/LOKO/0x00000002
11:31:19.979  INFO     RX        /ERR/LOKO/0x00000002
11:31:20.012  INFO     RX        /ERR/LOKO/0x00000002
11:31:20.012  INFO     RX        /ERR/LOKO/0x00000002
11:31:20.012  INFO     RX        /ERR/LOKO/0x00000002
11:31:20.043  INFO     RX        /ERR/LOKO/0x00000002
11:31:20.044  INFO     RX        /ERR/LOKO/0x00000002
11:31:20.044  INFO     RX        /ERR/LOKO/0x00000002
11:31:20.076  INFO     RX        /ERR/LOKO/0x00000002
11:31:20.077  INFO     RX        /ERR/LOKO/0x00000002
11:31:20.077  INFO     RX        /ERR/LOKO/0x00000002
11:31:20.109  INFO     RX        /ERR/LOKO/0x00000002
11:31:20.109  INFO     RX        /ERR/LOKO/0x00000002
11:31:20.142  INFO     RX        /ERR/LOKO/0x00000002
11:31:20.142  INFO     RX        /ERR/LOKO/0x00000002
11:31:20.142  INFO     RX        /ERR/LOKO/0x00000002
11:31:20.173  INFO     RX        /ERR/LOKO/0x00000002
11:31:20.173  INFO     RX        /ERR/LOKO/0x00000002
11:31:20.173  INFO     RX        /ERR/LOKO/0x00000002
11:31:20.206  INFO     RX        /ERR/LOKO/0x00000002
11:31:20.206  INFO     RX        /ERR/LOKO/0x00000002
11:31:20.206  INFO     RX        /ERR/LOKO/0x00000002
11:31:20.240  INFO     RX        /ERR/LOKO/0x00000002
11:31:20.240  INFO     RX        /ERR/LOKO/0x00000002
11:31:20.270  INFO     RX        /ERR/LOKO/0x00000002
11:31:20.271  INFO     RX        /ERR/LOKO/0x00000002
11:31:20.271  INFO     RX        /ERR/LOKO/0x00000002
11:31:20.305  INFO     RX        /ERR/LOKO/0x00000002
11:31:20.306  INFO     RX        /ERR/LOKO/0x00000002
11:31:20.306  INFO     RX        /ERR/LOKO/0x00000002
11:31:20.335  INFO     RX        /ERR/LOKO/0x00000002
11:31:20.336  INFO     RX        /ERR/LOKO/0x00000002
11:31:20.336  INFO     RX        /ERR/LOKO/0x00000002
11:31:20.373  INFO     RX        /ERR/LOKO/0x00000002
11:31:20.373  INFO     RX        /ERR/LOKO/0x00000002
11:31:20.373  INFO     RX        /ERR/LOKO/0x00000002
11:31:20.402  INFO     RX        /ERR/LOKO/0x00000002
11:31:20.402  INFO     RX        /ERR/LOKO/0x00000002
11:31:20.438  INFO     RX        /ERR/LOKO/0x00000002
11:31:20.438  INFO     RX        /ERR/LOKO/0x00000002
11:31:20.438  INFO     RX        /ERR/LOKO/0x00000002
11:31:20.466  INFO     RX        /ERR/LOKO/0x00000002
11:31:20.466  INFO     RX        /ERR/LOKO/0x00000002
11:31:20.467  INFO     RX        /ERR/LOKO/0x00000002
11:31:20.497  INFO     RX        /ERR/LOKO/0x00000002
11:31:20.498  INFO     RX        /ERR/LOKO/0x00000002
11:31:20.530  INFO     RX        /ERR/LOKO/0x00000002
11:31:20.531  INFO     RX        /ERR/LOKO/0x00000002
11:31:20.531  INFO     RX        /ERR/LOKO/0x00000002
11:31:20.565  INFO     RX        /ERR/LOKO/0x00000002
11:31:20.565  INFO     RX        /ERR/LOKO/0x00000002
11:31:20.565  INFO     RX        /ERR/LOKO/0x00000002
11:31:20.591  DEBUG    TX /CONTROLL/0,0,-84,-64,0,0,0,0,0
11:31:20.595  INFO     RX        /ERR/LOKO/0x00000002
11:31:20.595  INFO     RX        /ERR/LOKO/0x00000002
11:31:20.595  INFO     RX        /ERR/LOKO/0x00000002
11:31:20.628  INFO     RX        /ERR/LOKO/0x00000002
11:31:20.629  INFO     RX        /ERR/LOKO/0x00000002
11:31:20.661  INFO     RX        /ERR/LOKO/0x00000002
11:31:20.661  INFO     RX        /ERR/LOKO/0x00000002
11:31:20.661  INFO     RX        /ERR/LOKO/0x00000002
11:31:20.696  INFO     RX        /ERR/LOKO/0x00000002
11:31:20.696  INFO     RX        /ERR/LOKO/0x00000002
11:31:20.696  INFO     RX        /ERR/LOKO/0x00000002
11:31:20.722  INFO     RX        /ERR/LOKO/0x00000002
11:31:20.722  INFO     RX        /ERR/LOKO/0x00000002
11:31:20.755  INFO     RX        /ERR/LOKO/0x00000002
11:31:20.755  INFO     RX        /ERR/LOKO/0x00000002
11:31:20.755  INFO     RX        /ERR/LOKO/0x00000002
11:31:20.787  INFO     RX        /ERR/LOKO/0x00000002
11:31:20.787  INFO     RX        /ERR/LOKO/0x00000002
11:31:20.787  INFO     RX        /ERR/LOKO/0x00000002
11:31:20.818  INFO     RX        /ERR/LOKO/0x00000002
11:31:22.011  INFO     RX        /ERR/LOKO/0x00000002
11:31:22.043  INFO     RX        /ERR/LOKO/0x00000002
11:31:22.043  INFO     RX        /ERR/LOKO/0x00000002
11:31:22.043  INFO     RX        /ERR/LOKO/0x00000002
11:31:22.075  INFO     RX        /ERR/LOKO/0x00000002
11:31:22.076  INFO     RX        /ERR/LOKO/0x00000002
11:31:22.076  INFO     RX        /ERR/LOKO/0x00000002
11:31:22.106  INFO     RX        /ERR/LOKO/0x00000002
11:31:22.106  INFO     RX        /ERR/LOKO/0x00000002
11:31:22.141  INFO     RX        /ERR/LOKO/0x00000002
11:31:22.141  INFO     RX        /ERR/LOKO/0x00000002
11:31:22.141  INFO     RX        /ERR/LOKO/0x00000002
11:31:22.173  INFO     RX        /ERR/LOKO/0x00000002
11:31:22.173  INFO     RX        /ERR/LOKO/0x00000002
11:31:22.173  INFO     RX        /ERR/LOKO/0x00000002
11:31:22.200  DEBUG    TX /CONTROLL/0,0,0,0,0,0,0,0,2
11:31:22.206  INFO     RX        /ERR/LOKO/0x00000002
11:31:22.206  INFO     RX        /ERR/LOKO/0x00000002
11:31:22.206  INFO     RX        /ERR/LOKO/0x00000002
11:31:22.236  INFO     RX        /ERR/LOKO/0x00000002
11:31:22.236  INFO     RX        /ERR/LOKO/0x00000002
11:31:22.273  INFO     RX        /ERR/LOKO/0x00000002
11:31:22.273  INFO     RX        /ERR/LOKO/0x00000002
11:31:22.274  INFO     RX        /ERR/LOKO/0x00000002
11:31:22.298  INFO     RX        /ERR/LOKO/0x00000002
11:31:22.299  INFO     RX        /ERR/LOKO/0x00000002
11:31:22.299  INFO     RX        /ERR/LOKO/0x00000002
11:31:22.331  INFO     RX        /ERR/LOKO/0x00000002
11:31:22.331  INFO     RX        /ERR/LOKO/0x00000002
11:31:22.366  INFO     RX        /ERR/LOKO/0x00000002
11:31:22.395  INFO     RX        /ERR/LOKO/0x00000002
11:31:22.431  INFO     RX        /ERR/LOKO/0x00000002
11:31:22.467  INFO     RX        /ERR/LOKO/0x00000002
11:31:22.493  INFO     RX        /ERR/LOKO/0x00000002
11:31:22.592  INFO     RX        /ERR/LOKO/0x00000002
11:31:22.627  INFO     RX        /ERR/LOKO/0x00000002
11:31:22.659  INFO     RX        /ERR/LOKO/0x00000002
11:31:22.687  INFO     RX        /ERR/LOKO/0x00000002
11:31:22.719  INFO     RX        /ERR/LOKO/0x00000002
11:31:22.785  INFO     RX        /ERR/LOKO/0x00000002
11:31:22.816  INFO     RX        /ERR/LOKO/0x00000002
11:31:22.848  INFO     RX        /ERR/LOKO/0x00000002
11:31:22.848  INFO     RX        /ERR/LOKO/0x00000002
11:31:22.880  INFO     RX        /ERR/LOKO/0x00000002
11:31:22.880  INFO     RX        /ERR/LOKO/0x00000002
11:31:22.913  INFO     RX        /ERR/LOKO/0x00000002
11:31:22.913  INFO     RX        /ERR/LOKO/0x00000002
11:31:22.913  INFO     RX        /ERR/LOKO/0x00000002
11:31:22.944  INFO     RX        /ERR/LOKO/0x00000002
11:31:22.944  INFO     RX        /ERR/LOKO/0x00000002
11:31:22.944  INFO     RX        /ERR/LOKO/0x00000002
11:31:22.977  INFO     RX        /ERR/LOKO/0x00000002
11:31:22.977  INFO     RX        /ERR/LOKO/0x00000002
11:31:23.008  INFO     RX        /ERR/LOKO/0x00000002
11:31:23.008  INFO     RX        /ERR/LOKO/0x00000002
11:31:23.008  INFO     RX        /ERR/LOKO/0x00000002
11:31:23.040  INFO     RX        /ERR/LOKO/0x00000002
11:31:23.040  INFO     RX        /ERR/LOKO/0x00000002
11:31:23.040  INFO     RX        /ERR/LOKO/0x00000002
11:31:23.074  INFO     RX        /ERR/LOKO/0x00000002
11:31:23.074  INFO     RX        /ERR/LOKO/0x00000002
11:31:23.074  INFO     RX        /ERR/LOKO/0x00000002
11:31:23.106  INFO     RX        /ERR/LOKO/0x00000002
11:31:23.106  INFO     RX        /ERR/LOKO/0x00000002
11:31:23.138  INFO     RX        /ERR/LOKO/0x00000002
11:31:23.138  INFO     RX        /ERR/LOKO/0x00000002
11:31:23.138  INFO     RX        /ERR/LOKO/0x00000002
11:31:23.173  INFO     RX        /ERR/LOKO/0x00000002
11:31:23.173  INFO     RX        /ERR/LOKO/0x00000002
11:31:23.173  INFO     RX        /ERR/LOKO/0x00000002
11:31:23.209  INFO     RX        /ERR/LOKO/0x00000002
11:31:23.209  INFO     RX        /ERR/LOKO/0x00000002
11:31:23.209  INFO     RX        /ERR/LOKO/0x00000002
11:31:23.235  INFO     RX        /ERR/LOKO/0x00000002
11:31:23.267  INFO     RX        /ERR/LOKO/0x00000002
11:31:23.302  INFO     RX        /ERR/LOKO/0x00000002
11:31:23.366  INFO     RX        /ERR/LOKO/0x00000002
11:31:23.394  INFO     RX        /ERR/LOKO/0x00000002
11:31:23.426  INFO     RX        /ERR/LOKO/0x00000002
11:31:23.460  INFO     RX        /ERR/LOKO/0x00000002
11:31:23.490  INFO     RX        /ERR/LOKO/0x00000002
11:31:23.555  INFO     RX        /ERR/LOKO/0x00000002
11:31:23.587  INFO     RX        /ERR/LOKO/0x00000002
11:31:23.659  INFO     RX        /ERR/LOKO/0x00000002
11:31:23.687  INFO     RX        /ERR/LOKO/0x00000002
11:31:23.718  INFO     RX        /ERR/LOKO/0x00000002
11:31:23.780  INFO     RX        /ERR/LOKO/0x00000002
11:31:23.808  DEBUG    TX /CONTROLL/30,0,0,0,0,0,0,0,2
11:31:23.812  INFO     RX        /ERR/LOKO/0x00000002
11:31:23.843  INFO     RX        /ERR/LOKO/0x00000002
11:31:23.875  INFO     RX        /ERR/LOKO/0x00000002
11:31:23.939  INFO     RX        /ERR/LOKO/0x00000002
11:31:23.973  INFO     RX        /ERR/LOKO/0x00000002
11:31:24.003  INFO     RX        /ERR/LOKO/0x00000002
11:31:24.037  INFO     RX        /ERR/LOKO/0x00000002
11:31:24.073  INFO     RX        /ERR/LOKO/0x00000002
11:31:24.135  INFO     RX        /ERR/LOKO/0x00000002
11:31:24.165  INFO     RX        /ERR/LOKO/0x00000002
11:31:24.197  INFO     RX        /ERR/LOKO/0x00000002
11:31:24.235  INFO     RX        /ERR/LOKO/0x00000002
11:31:24.359  INFO     RX        /ERR/LOKO/0x00000002
11:31:24.390  INFO     RX        /ERR/LOKO/0x00000002
11:31:24.872  INFO     RX        /ERR/LOKO/0x00000002
11:31:24.872  INFO     RX        /ERR/LOKO/0x00000002
11:31:24.905  INFO     RX        /ERR/LOKO/0x00000002
11:31:24.905  INFO     RX        /ERR/LOKO/0x00000002
11:31:24.905  INFO     RX        /ERR/LOKO/0x00000002
11:31:24.939  INFO     RX        /ERR/LOKO/0x00000002
11:31:24.939  INFO     RX        /ERR/LOKO/0x00000002
11:31:24.939  INFO     RX        /ERR/LOKO/0x00000002
11:31:24.974  INFO     RX        /ERR/LOKO/0x00000002
11:31:24.974  INFO     RX        /ERR/LOKO/0x00000002
11:31:25.005  INFO     RX        /ERR/LOKO/0x00000002
11:31:25.005  INFO     RX        /ERR/LOKO/0x00000002
11:31:25.005  INFO     RX        /ERR/LOKO/0x00000002
11:31:25.045  INFO     RX        /ERR/LOKO/0x00000002
11:31:25.045  INFO     RX        /ERR/LOKO/0x00000002
11:31:25.045  INFO     RX        /ERR/LOKO/0x00000002
11:31:25.066  INFO     RX        /ERR/LOKO/0x00000002
11:31:25.066  INFO     RX        /ERR/LOKO/0x00000002
11:31:25.100  INFO     RX        /ERR/LOKO/0x00000002
11:31:25.100  INFO     RX        /ERR/LOKO/0x00000002
11:31:25.100  INFO     RX        /ERR/LOKO/0x00000002
11:31:25.131  INFO     RX        /ERR/LOKO/0x00000002
11:31:25.131  INFO     RX        /ERR/LOKO/0x00000002
11:31:25.131  INFO     RX        /ERR/LOKO/0x00000002
11:31:25.163  INFO     RX        /ERR/LOKO/0x00000002
11:31:25.163  INFO     RX        /ERR/LOKO/0x00000002
11:31:25.194  INFO     RX        /ERR/LOKO/0x00000002
11:31:25.194  INFO     RX        /ERR/LOKO/0x00000002
11:31:25.194  INFO     RX        /ERR/LOKO/0x00000002
11:31:25.227  INFO     RX        /ERR/LOKO/0x00000002
11:31:25.227  INFO     RX        /ERR/LOKO/0x00000002
11:31:25.227  INFO     RX        /ERR/LOKO/0x00000002
11:31:25.259  INFO     RX        /ERR/LOKO/0x00000002
11:31:25.259  INFO     RX        /ERR/LOKO/0x00000002
11:31:25.259  INFO     RX        /ERR/LOKO/0x00000002
11:31:25.289  INFO     RX        /ERR/LOKO/0x00000002
11:31:25.289  INFO     RX        /ERR/LOKO/0x00000002
11:31:25.322  INFO     RX        /ERR/LOKO/0x00000002
11:31:25.323  INFO     RX        /ERR/LOKO/0x00000002
11:31:25.323  INFO     RX        /ERR/LOKO/0x00000002
11:31:25.357  INFO     RX        /ERR/LOKO/0x00000002
11:31:25.357  INFO     RX        /ERR/LOKO/0x00000002
11:31:25.357  INFO     RX        /ERR/LOKO/0x00000002
11:31:25.385  INFO     RX        /ERR/LOKO/0x00000002
11:31:25.385  INFO     RX        /ERR/LOKO/0x00000002
11:31:25.414  DEBUG    TX /CONTROLL/0,0,-12,-69,0,0,0,0,0
11:31:25.419  INFO     RX        /ERR/LOKO/0x00000002
11:31:25.419  INFO     RX        /ERR/LOKO/0x00000002
11:31:25.419  INFO     RX        /ERR/LOKO/0x00000002
11:31:25.449  INFO     RX        /ERR/LOKO/0x00000002
11:31:25.450  INFO     RX        /ERR/LOKO/0x00000002
11:31:25.450  INFO     RX        /ERR/LOKO/0x00000002
11:31:25.482  INFO     RX        /ERR/LOKO/0x00000002
11:31:25.482  INFO     RX        /ERR/LOKO/0x00000002
11:31:25.482  INFO     RX        /ERR/LOKO/0x00000002
11:31:25.514  INFO     RX        /ERR/LOKO/0x00000002
11:31:25.514  INFO     RX        /ERR/LOKO/0x00000002
11:31:25.547  INFO     RX        /ERR/LOKO/0x00000002
11:31:25.547  INFO     RX        /ERR/LOKO/0x00000002
11:31:25.547  INFO     RX        /ERR/LOKO/0x00000002
11:31:25.580  INFO     RX        /ERR/LOKO/0x00000002
11:31:25.580  INFO     RX        /ERR/LOKO/0x00000002
11:31:25.580  INFO     RX        /ERR/LOKO/0x00000002
11:31:25.611  INFO     RX        /ERR/LOKO/0x00000002
11:31:25.611  INFO     RX        /ERR/LOKO/0x00000002
11:31:25.611  INFO     RX        /ERR/LOKO/0x00000002
11:31:25.642  INFO     RX        /ERR/LOKO/0x00000002
11:31:25.643  INFO     RX        /ERR/LOKO/0x00000002
11:31:25.675  INFO     RX        /ERR/LOKO/0x00000002
11:31:25.675  INFO     RX        /ERR/LOKO/0x00000002
11:31:25.675  INFO     RX        /ERR/LOKO/0x00000002
11:31:25.707  INFO     RX        /ERR/LOKO/0x00000002
11:31:25.707  INFO     RX        /ERR/LOKO/0x00000002
11:31:25.707  INFO     RX        /ERR/LOKO/0x00000002
11:31:25.740  INFO     RX        /ERR/LOKO/0x00000002
11:31:25.740  INFO     RX        /ERR/LOKO/0x00000002
11:31:25.740  INFO     RX        /ERR/LOKO/0x00000002
11:31:25.773  INFO     RX        /ERR/LOKO/0x00000002
11:31:25.773  INFO     RX        /ERR/LOKO/0x00000002
11:31:25.804  INFO     RX        /ERR/LOKO/0x00000002
11:31:25.804  INFO     RX        /ERR/LOKO/0x00000002
11:31:25.804  INFO     RX        /ERR/LOKO/0x00000002
11:31:25.835  INFO     RX        /ERR/LOKO/0x00000002
11:31:25.835  INFO     RX        /ERR/LOKO/0x00000002
11:31:25.836  INFO     RX        /ERR/LOKO/0x00000002
11:31:25.874  INFO     RX        /ERR/LOKO/0x00000002
11:31:25.875  INFO     RX        /ERR/LOKO/0x00000002
11:31:25.875  INFO     RX        /ERR/LOKO/0x00000002
11:31:25.904  INFO     RX        /ERR/LOKO/0x00000002
11:31:25.904  INFO     RX        /ERR/LOKO/0x00000002
11:31:25.936  INFO     RX        /ERR/LOKO/0x00000002
11:31:25.936  INFO     RX        /ERR/LOKO/0x00000002
11:31:25.936  INFO     RX        /ERR/LOKO/0x00000002
11:31:25.964  INFO     RX        /ERR/LOKO/0x00000002
11:31:25.964  INFO     RX        /ERR/LOKO/0x00000002
11:31:25.964  INFO     RX        /ERR/LOKO/0x00000002
11:31:25.998  INFO     RX        /ERR/LOKO/0x00000002
11:31:25.998  INFO     RX        /ERR/LOKO/0x00000002
11:31:26.031  INFO     RX        /ERR/LOKO/0x00000002
11:31:26.031  INFO     RX        /ERR/LOKO/0x00000002
11:31:26.031  INFO     RX        /ERR/LOKO/0x00000002
11:31:26.065  INFO     RX        /ERR/LOKO/0x00000002
11:31:26.066  INFO     RX        /ERR/LOKO/0x00000002
11:31:26.066  INFO     RX        /ERR/LOKO/0x00000002
11:31:26.093  INFO     RX        /ERR/LOKO/0x00000002
11:31:26.093  INFO     RX        /ERR/LOKO/0x00000002
11:31:26.124  INFO     RX        /ERR/LOKO/0x00000002
11:31:26.670  INFO     RX        /ERR/LOKO/0x00000002
11:31:26.670  INFO     RX        /ERR/LOKO/0x00000002
11:31:26.705  INFO     RX        /ERR/LOKO/0x00000002
11:31:26.705  INFO     RX        /ERR/LOKO/0x00000002
11:31:26.705  INFO     RX        /ERR/LOKO/0x00000002
11:31:26.736  INFO     RX        /ERR/LOKO/0x00000002
11:31:26.736  INFO     RX        /ERR/LOKO/0x00000002
11:31:26.736  INFO     RX        /ERR/LOKO/0x00000002
11:31:26.767  INFO     RX        /ERR/LOKO/0x00000002
11:31:26.767  INFO     RX        /ERR/LOKO/0x00000002
11:31:26.806  INFO     RX        /ERR/LOKO/0x00000002
11:31:26.806  INFO     RX        /ERR/LOKO/0x00000002
11:31:26.806  INFO     RX        /ERR/LOKO/0x00000002
11:31:26.835  INFO     RX        /ERR/LOKO/0x00000002
11:31:26.835  INFO     RX        /ERR/LOKO/0x00000002
11:31:26.835  INFO     RX        /ERR/LOKO/0x00000002
11:31:26.867  INFO     RX        /ERR/LOKO/0x00000002
11:31:26.867  INFO     RX        /ERR/LOKO/0x00000002
11:31:26.867  INFO     RX        /ERR/LOKO/0x00000002
11:31:26.897  INFO     RX        /ERR/LOKO/0x00000002
11:31:26.897  INFO     RX        /ERR/LOKO/0x00000002
11:31:26.933  INFO     RX        /ERR/LOKO/0x00000002
11:31:26.933  INFO     RX        /ERR/LOKO/0x00000002
11:31:26.933  INFO     RX        /ERR/LOKO/0x00000002
11:31:26.959  INFO     RX        /ERR/LOKO/0x00000002
11:31:26.959  INFO     RX        /ERR/LOKO/0x00000002
11:31:26.959  INFO     RX        /ERR/LOKO/0x00000002
11:31:26.991  INFO     RX        /ERR/LOKO/0x00000002
11:31:26.992  INFO     RX        /ERR/LOKO/0x00000002
11:31:27.020  DEBUG    TX /CONTROLL/0,-15,0,-100,0,0,0,0,0
11:31:27.024  INFO     RX        /ERR/LOKO/0x00000002
11:31:27.024  INFO     RX        /ERR/LOKO/0x00000002
11:31:27.024  INFO     RX        /ERR/LOKO/0x00000002
11:31:27.058  INFO     RX        /ERR/LOKO/0x00000002
11:31:27.058  INFO     RX        /ERR/LOKO/0x00000002
11:31:27.058  INFO     RX        /ERR/LOKO/0x00000002
11:31:27.088  INFO     RX        /ERR/LOKO/0x00000002
11:31:27.088  INFO     RX        /ERR/LOKO/0x00000002
11:31:27.120  INFO     RX        /ERR/LOKO/0x00000002
11:31:27.120  INFO     RX        /ERR/LOKO/0x00000002
11:31:27.120  INFO     RX        /ERR/LOKO/0x00000002
11:31:27.152  INFO     RX        /ERR/LOKO/0x00000002
11:31:27.152  INFO     RX        /ERR/LOKO/0x00000002
11:31:27.152  INFO     RX        /ERR/LOKO/0x00000002
11:31:27.185  INFO     RX        /ERR/LOKO/0x00000002
11:31:27.185  INFO     RX        /ERR/LOKO/0x00000002
11:31:27.185  INFO     RX        /ERR/LOKO/0x00000002
11:31:27.217  INFO     RX        /ERR/LOKO/0x00000002
11:31:27.217  INFO     RX        /ERR/LOKO/0x00000002
11:31:27.250  INFO     RX        /ERR/LOKO/0x00000002
11:31:27.250  INFO     RX        /ERR/LOKO/0x00000002
11:31:27.250  INFO     RX        /ERR/LOKO/0x00000002
11:31:27.281  INFO     RX        /ERR/LOKO/0x00000002
11:31:27.281  INFO     RX        /ERR/LOKO/0x00000002
11:31:27.281  INFO     RX        /ERR/LOKO/0x00000002
11:31:27.314  INFO     RX        /ERR/LOKO/0x00000002
11:31:27.314  INFO     RX        /ERR/LOKO/0x00000002
11:31:27.314  INFO     RX        /ERR/LOKO/0x00000002
11:31:27.346  INFO     RX        /ERR/LOKO/0x00000002
11:31:27.346  INFO     RX        /ERR/LOKO/0x00000002
11:31:27.379  INFO     RX        /ERR/LOKO/0x00000002
11:31:27.379  INFO     RX        /ERR/LOKO/0x00000002
11:31:27.379  INFO     RX        /ERR/LOKO/0x00000002
11:31:27.410  INFO     RX        /ERR/LOKO/0x00000002
11:31:27.411  INFO     RX        /ERR/LOKO/0x00000002
11:31:27.411  INFO     RX        /ERR/LOKO/0x00000002
11:31:27.443  INFO     RX        /ERR/LOKO/0x00000002
11:31:27.443  INFO     RX        /ERR/LOKO/0x00000002
11:31:27.475  INFO     RX        /ERR/LOKO/0x00000002
11:31:27.475  INFO     RX        /ERR/LOKO/0x00000002
11:31:27.475  INFO     RX        /ERR/LOKO/0x00000002
11:31:27.508  INFO     RX        /ERR/LOKO/0x00000002
11:31:27.508  INFO     RX        /ERR/LOKO/0x00000002
11:31:27.508  INFO     RX        /ERR/LOKO/0x00000002
11:31:27.540  INFO     RX        /ERR/LOKO/0x00000002
11:31:27.540  INFO     RX        /ERR/LOKO/0x00000002
11:31:27.540  INFO     RX        /ERR/LOKO/0x00000002
11:31:27.572  INFO     RX        /ERR/LOKO/0x00000002
11:31:27.572  INFO     RX        /ERR/LOKO/0x00000002
11:31:27.605  INFO     RX        /ERR/LOKO/0x00000002
11:31:27.605  INFO     RX        /ERR/LOKO/0x00000002
11:31:27.605  INFO     RX        /ERR/LOKO/0x00000002
11:31:27.641  INFO     RX        /ERR/LOKO/0x00000002
11:31:27.641  INFO     RX        /ERR/LOKO/0x00000002
11:31:27.641  INFO     RX        /ERR/LOKO/0x00000002
11:31:27.670  INFO     RX        /ERR/LOKO/0x00000002
11:31:27.670  INFO     RX        /ERR/LOKO/0x00000002
11:31:27.670  INFO     RX        /ERR/LOKO/0x00000002
11:31:27.705  INFO     RX        /ERR/LOKO/0x00000002
11:31:27.705  INFO     RX        /ERR/LOKO/0x00000002
11:31:27.733  INFO     RX        /ERR/LOKO/0x00000002
11:31:27.733  INFO     RX        /ERR/LOKO/0x00000002
11:31:27.733  INFO     RX        /ERR/LOKO/0x00000002
11:31:27.765  INFO     RX        /ERR/LOKO/0x00000002
11:31:27.765  INFO     RX        /ERR/LOKO/0x00000002
11:31:27.765  INFO     RX        /ERR/LOKO/0x00000002
11:31:27.799  INFO     RX        /ERR/LOKO/0x00000002
11:31:27.799  INFO     RX        /ERR/LOKO/0x00000002
11:31:27.799  INFO     RX        /ERR/LOKO/0x00000002
11:31:27.828  INFO     RX        /ERR/LOKO/0x00000002
11:31:27.828  INFO     RX        /ERR/LOKO/0x00000002
11:31:27.866  INFO     RX        /ERR/LOKO/0x00000002
11:31:27.867  INFO     RX        /ERR/LOKO/0x00000002
11:31:27.867  INFO     RX        /ERR/LOKO/0x00000002
11:31:27.893  INFO     RX        /ERR/LOKO/0x00000002
11:31:27.893  INFO     RX        /ERR/LOKO/0x00000002
11:31:27.893  INFO     RX        /ERR/LOKO/0x00000002
11:31:27.926  INFO     RX        /ERR/LOKO/0x00000002
11:31:27.926  INFO     RX        /ERR/LOKO/0x00000002
11:31:27.960  INFO     RX        /ERR/LOKO/0x00000002
11:31:27.960  INFO     RX        /ERR/LOKO/0x00000002
11:31:27.960  INFO     RX        /ERR/LOKO/0x00000002
11:31:27.991  INFO     RX        /ERR/LOKO/0x00000002
11:31:27.992  INFO     RX        /ERR/LOKO/0x00000002
11:31:27.992  INFO     RX        /ERR/LOKO/0x00000002
11:31:28.020  INFO     RX        /ERR/LOKO/0x00000002
11:31:28.020  INFO     RX        /ERR/LOKO/0x00000002
11:31:28.052  INFO     RX        /ERR/LOKO/0x00000002
11:31:28.052  INFO     RX        /ERR/LOKO/0x00000002
11:31:28.052  INFO     RX        /ERR/LOKO/0x00000002
11:31:28.086  INFO     RX        /ERR/LOKO/0x00000002
11:31:28.086  INFO     RX        /ERR/LOKO/0x00000002
11:31:28.086  INFO     RX        /ERR/LOKO/0x00000002
11:31:28.117  INFO     RX        /ERR/LOKO/0x00000002
11:31:28.118  INFO     RX        /ERR/LOKO/0x00000002
11:31:28.118  INFO     RX        /ERR/LOKO/0x00000002
11:31:28.150  INFO     RX        /ERR/LOKO/0x00000002
11:31:28.150  INFO     RX        /ERR/LOKO/0x00000002
11:31:28.183  INFO     RX        /ERR/LOKO/0x00000002
11:31:28.183  INFO     RX        /ERR/LOKO/0x00000002
11:31:28.183  INFO     RX        /ERR/LOKO/0x00000002
11:31:28.214  INFO     RX        /ERR/LOKO/0x00000002
11:31:28.214  INFO     RX        /ERR/LOKO/0x00000002
11:31:28.214  INFO     RX        /ERR/LOKO/0x00000002
11:31:28.249  INFO     RX        /ERR/LOKO/0x00000002
11:31:28.249  INFO     RX        /ERR/LOKO/0x00000002
11:31:28.249  INFO     RX        /ERR/LOKO/0x00000002
11:31:28.279  INFO     RX        /ERR/LOKO/0x00000002
11:31:28.279  INFO     RX        /ERR/LOKO/0x00000002
11:31:28.311  INFO     RX        /ERR/LOKO/0x00000002
11:31:28.311  INFO     RX        /ERR/LOKO/0x00000002
11:31:28.311  INFO     RX        /ERR/LOKO/0x00000002
11:31:28.344  INFO     RX        /ERR/LOKO/0x00000002
11:31:28.345  INFO     RX        /ERR/LOKO/0x00000002
11:31:28.345  INFO     RX        /ERR/LOKO/0x00000002
11:31:28.375  INFO     RX        /ERR/LOKO/0x00000002
11:31:28.375  INFO     RX        /ERR/LOKO/0x00000002
11:31:28.375  INFO     RX        /ERR/LOKO/0x00000002
11:31:28.408  INFO     RX        /ERR/LOKO/0x00000002
11:31:28.408  INFO     RX        /ERR/LOKO/0x00000002
11:31:28.440  INFO     RX        /ERR/LOKO/0x00000002
11:31:28.440  INFO     RX        /ERR/LOKO/0x00000002
11:31:28.440  INFO     RX        /ERR/LOKO/0x00000002
11:31:28.475  INFO     RX        /ERR/LOKO/0x00000002
11:31:28.475  INFO     RX        /ERR/LOKO/0x00000002
11:31:28.475  INFO     RX        /ERR/LOKO/0x00000002
11:31:28.506  INFO     RX        /ERR/LOKO/0x00000002
11:31:28.506  INFO     RX        /ERR/LOKO/0x00000002
11:31:28.506  INFO     RX        /ERR/LOKO/0x00000002
11:31:28.536  INFO     RX        /ERR/LOKO/0x00000002
11:31:28.536  INFO     RX        /ERR/LOKO/0x00000002
11:31:28.569  INFO     RX        /ERR/LOKO/0x00000002
11:31:28.631  DEBUG    TX /CONTROLL/0,0,0,0,0,0,0,0,0
11:31:30.241  DEBUG    TX /CONTROLL/0,0,0,0,0,0,0,0,0
11:31:31.853  DEBUG    TX /CONTROLL/0,0,0,0,0,0,0,0,0
11:31:33.463  DEBUG    TX /CONTROLL/0,0,0,0,0,0,0,0,0
11:31:35.076  DEBUG    TX /CONTROLL/0,0,0,0,0,0,0,0,0
11:31:36.686  DEBUG    TX /CONTROLL/0,0,0,0,0,0,0,0,0
11:31:38.298  DEBUG    TX /CONTROLL/0,0,0,0,0,0,0,0,0
11:31:39.912  DEBUG    TX /CONTROLL/0,0,0,0,0,0,0,0,0
11:31:41.521  DEBUG    TX /CONTROLL/0,0,0,0,0,0,0,0,0
11:31:43.130  DEBUG    TX /CONTROLL/0,0,0,0,0,0,0,0,0
11:31:43.393  INFO     RX        /ERR/LOKO/0x00000002
11:31:43.393  INFO     RX        /ERR/LOKO/0x00000002
11:31:43.432  INFO     RX        /ERR/LOKO/0x00000002
11:31:43.432  INFO     RX        /ERR/LOKO/0x00000002
11:31:43.432  INFO     RX        /ERR/LOKO/0x00000002
11:31:43.461  INFO     RX        /ERR/LOKO/0x00000002
11:31:43.461  INFO     RX        /ERR/LOKO/0x00000002
11:31:43.461  INFO     RX        /ERR/LOKO/0x00000002
11:31:43.490  INFO     RX        /ERR/LOKO/0x00000002
11:31:43.490  INFO     RX        /ERR/LOKO/0x00000002
11:31:43.522  INFO     RX        /ERR/LOKO/0x00000002
11:31:43.522  INFO     RX        /ERR/LOKO/0x00000002
11:31:43.522  INFO     RX        /ERR/LOKO/0x00000002
11:31:43.556  INFO     RX        /ERR/LOKO/0x00000002
11:31:43.556  INFO     RX        /ERR/LOKO/0x00000002
11:31:43.556  INFO     RX        /ERR/LOKO/0x00000002
11:31:43.587  INFO     RX        /ERR/LOKO/0x00000002
11:31:43.588  INFO     RX        /ERR/LOKO/0x00000002
11:31:43.617  INFO     RX        /ERR/LOKO/0x00000002
11:31:43.617  INFO     RX        /ERR/LOKO/0x00000002
11:31:43.617  INFO     RX        /ERR/LOKO/0x00000002
11:31:43.648  INFO     RX        /ERR/LOKO/0x00000002
11:31:43.648  INFO     RX        /ERR/LOKO/0x00000002
11:31:43.648  INFO     RX        /ERR/LOKO/0x00000002
11:31:43.682  INFO     RX        /ERR/LOKO/0x00000002
11:31:43.682  INFO     RX        /ERR/LOKO/0x00000002
11:31:43.714  INFO     RX        /ERR/LOKO/0x00000002
11:31:43.714  INFO     RX        /ERR/LOKO/0x00000002
11:31:43.714  INFO     RX        /ERR/LOKO/0x00000002
11:31:43.747  INFO     RX        /ERR/LOKO/0x00000002
11:31:43.747  INFO     RX        /ERR/LOKO/0x00000002
11:31:43.747  INFO     RX        /ERR/LOKO/0x00000002
11:31:43.777  INFO     RX        /ERR/LOKO/0x00000002
11:31:43.778  INFO     RX        /ERR/LOKO/0x00000002
11:31:43.811  INFO     RX        /ERR/LOKO/0x00000002
11:31:43.811  INFO     RX        /ERR/LOKO/0x00000002
11:31:43.811  INFO     RX        /ERR/LOKO/0x00000002
11:31:43.842  INFO     RX        /ERR/LOKO/0x00000002
11:31:43.842  INFO     RX        /ERR/LOKO/0x00000002
11:31:43.843  INFO     RX        /ERR/LOKO/0x00000002
11:31:43.874  INFO     RX        /ERR/LOKO/0x00000002
11:31:43.874  INFO     RX        /ERR/LOKO/0x00000002
11:31:43.874  INFO     RX        /ERR/LOKO/0x00000002
11:31:43.906  INFO     RX        /ERR/LOKO/0x00000002
11:31:43.906  INFO     RX        /ERR/LOKO/0x00000002
11:31:43.944  INFO     RX        /ERR/LOKO/0x00000002
11:31:43.945  INFO     RX        /ERR/LOKO/0x00000002
11:31:43.945  INFO     RX        /ERR/LOKO/0x00000002
11:31:43.970  INFO     RX        /ERR/LOKO/0x00000002
11:31:43.970  INFO     RX        /ERR/LOKO/0x00000002
11:31:43.970  INFO     RX        /ERR/LOKO/0x00000002
11:31:44.005  INFO     RX        /ERR/LOKO/0x00000002
11:31:44.005  INFO     RX        /ERR/LOKO/0x00000002
11:31:44.005  INFO     RX        /ERR/LOKO/0x00000002
11:31:44.036  INFO     RX        /ERR/LOKO/0x00000002
11:31:44.036  INFO     RX        /ERR/LOKO/0x00000002
11:31:44.076  INFO     RX        /ERR/LOKO/0x00000002
11:31:44.076  INFO     RX        /ERR/LOKO/0x00000002
11:31:44.076  INFO     RX        /ERR/LOKO/0x00000002
11:31:44.103  INFO     RX        /ERR/LOKO/0x00000002
11:31:44.103  INFO     RX        /ERR/LOKO/0x00000002
11:31:44.103  INFO     RX        /ERR/LOKO/0x00000002
11:31:44.135  INFO     RX        /ERR/LOKO/0x00000002
11:31:44.135  INFO     RX        /ERR/LOKO/0x00000002
11:31:44.135  INFO     RX        /ERR/LOKO/0x00000002
11:31:44.169  INFO     RX        /ERR/LOKO/0x00000002
11:31:44.169  INFO     RX        /ERR/LOKO/0x00000002
11:31:44.199  INFO     RX        /ERR/LOKO/0x00000002
11:31:44.616  INFO     RX        /ERR/LOKO/0x00000002
11:31:44.617  INFO     RX        /ERR/LOKO/0x00000002
11:31:44.649  INFO     RX        /ERR/LOKO/0x00000002
11:31:44.649  INFO     RX        /ERR/LOKO/0x00000002
11:31:44.649  INFO     RX        /ERR/LOKO/0x00000002
11:31:44.684  INFO     RX        /ERR/LOKO/0x00000002
11:31:44.684  INFO     RX        /ERR/LOKO/0x00000002
11:31:44.684  INFO     RX        /ERR/LOKO/0x00000002
11:31:44.714  INFO     RX        /ERR/LOKO/0x00000002
11:31:44.714  INFO     RX        /ERR/LOKO/0x00000002
11:31:44.743  DEBUG    TX /CONTROLL/0,-16,0,-100,0,0,0,0,0
11:31:44.746  INFO     RX        /ERR/LOKO/0x00000002
11:31:44.746  INFO     RX        /ERR/LOKO/0x00000002
11:31:44.746  INFO     RX        /ERR/LOKO/0x00000002
11:31:44.778  INFO     RX        /ERR/LOKO/0x00000002
11:31:44.778  INFO     RX        /ERR/LOKO/0x00000002
11:31:44.778  INFO     RX        /ERR/LOKO/0x00000002
11:31:44.812  INFO     RX        /ERR/LOKO/0x00000002
11:31:44.813  INFO     RX        /ERR/LOKO/0x00000002
11:31:44.843  INFO     RX        /ERR/LOKO/0x00000002
11:31:44.843  INFO     RX        /ERR/LOKO/0x00000002
11:31:44.843  INFO     RX        /ERR/LOKO/0x00000002
11:31:44.875  INFO     RX        /ERR/LOKO/0x00000002
11:31:44.875  INFO     RX        /ERR/LOKO/0x00000002
11:31:44.876  INFO     RX        /ERR/LOKO/0x00000002
11:31:44.906  INFO     RX        /ERR/LOKO/0x00000002
11:31:44.906  INFO     RX        /ERR/LOKO/0x00000002
11:31:45.020  INFO     RX        /ERR/LOKO/0x00000002
11:31:45.020  INFO     RX        /ERR/LOKO/0x00000002
11:31:45.024  INFO     RX        /ERR/LOKO/0x00000002
11:31:45.024  INFO     RX        /ERR/LOKO/0x00000002
11:31:45.024  INFO     RX        /ERR/LOKO/0x00000002
11:31:45.024  INFO     RX        /ERR/LOKO/0x00000002
11:31:45.024  INFO     RX        /ERR/LOKO/0x00000002
11:31:45.024  INFO     RX        /ERR/LOKO/0x00000002
11:31:45.024  INFO     RX        /ERR/LOKO/0x00000002
11:31:45.024  INFO     RX        /ERR/LOKO/0x00000002
11:31:45.027  INFO     RX        /ERR/LOKO/0x00000002
11:31:45.155  INFO     RX        /ERR/LOKO/0x00000002
11:31:45.155  INFO     RX        /ERR/LOKO/0x00000002
11:31:45.155  INFO     RX        /ERR/LOKO/0x00000002
11:31:45.155  INFO     RX        /ERR/LOKO/0x00000002
11:31:45.155  INFO     RX        /ERR/LOKO/0x00000002
11:31:45.155  INFO     RX        /ERR/LOKO/0x00000002
11:31:45.155  INFO     RX        /ERR/LOKO/0x00000002
11:31:45.155  INFO     RX        /ERR/LOKO/0x00000002
11:31:45.155  INFO     RX        /ERR/LOKO/0x00000002
11:31:45.155  INFO     RX        /ERR/LOKO/0x00000002
11:31:45.165  INFO     RX        /ERR/LOKO/0x00000002
11:31:45.168  INFO     RX        /ERR/LOKO/0x00000002
11:31:45.290  INFO     RX        /ERR/LOKO/0x00000002
11:31:45.290  INFO     RX        /ERR/LOKO/0x00000002
11:31:45.290  INFO     RX        /ERR/LOKO/0x00000002
11:31:45.290  INFO     RX        /ERR/LOKO/0x00000002
11:31:45.290  INFO     RX        /ERR/LOKO/0x00000002
11:31:45.290  INFO     RX        /ERR/LOKO/0x00000002
11:31:45.290  INFO     RX        /ERR/LOKO/0x00000002
11:31:45.293  INFO     RX        /ERR/LOKO/0x00000002
11:31:45.293  INFO     RX        /ERR/LOKO/0x00000002
11:31:45.293  INFO     RX        /ERR/LOKO/0x00000002
11:31:45.297  INFO     RX        /ERR/LOKO/0x00000002
11:31:45.328  INFO     RX        /ERR/LOKO/0x00000002
11:31:45.328  INFO     RX        /ERR/LOKO/0x00000002
11:31:45.427  INFO     RX        /ERR/LOKO/0x00000002
11:31:45.427  INFO     RX        /ERR/LOKO/0x00000002
11:31:45.427  INFO     RX        /ERR/LOKO/0x00000002
11:31:45.427  INFO     RX        /ERR/LOKO/0x00000002
11:31:45.427  INFO     RX        /ERR/LOKO/0x00000002
11:31:45.427  INFO     RX        /ERR/LOKO/0x00000002
11:31:45.427  INFO     RX        /ERR/LOKO/0x00000002
11:31:45.427  INFO     RX        /ERR/LOKO/0x00000002
11:31:45.433  INFO     RX        /ERR/LOKO/0x00000002
11:31:45.459  INFO     RX        /ERR/LOKO/0x00000002
11:31:45.459  INFO     RX        /ERR/LOKO/0x00000002
11:31:45.566  INFO     RX        /ERR/LOKO/0x00000002
11:31:45.566  INFO     RX        /ERR/LOKO/0x00000002
11:31:45.566  INFO     RX        /ERR/LOKO/0x00000002
11:31:45.566  INFO     RX        /ERR/LOKO/0x00000002
11:31:45.566  INFO     RX        /ERR/LOKO/0x00000002
11:31:45.566  INFO     RX        /ERR/LOKO/0x00000002
11:31:45.566  INFO     RX        /ERR/LOKO/0x00000002
11:31:45.566  INFO     RX        /ERR/LOKO/0x00000002
11:31:45.566  INFO     RX        /ERR/LOKO/0x00000002
11:31:45.573  INFO     RX        /ERR/LOKO/0x00000002
11:31:45.585  INFO     RX        /ERR/LOKO/0x00000002
11:31:45.698  INFO     RX        /ERR/LOKO/0x00000002
11:31:45.698  INFO     RX        /ERR/LOKO/0x00000002
11:31:45.699  INFO     RX        /ERR/LOKO/0x00000002
11:31:45.699  INFO     RX        /ERR/LOKO/0x00000002
11:31:45.699  INFO     RX        /ERR/LOKO/0x00000002
11:31:45.699  INFO     RX        /ERR/LOKO/0x00000002
11:31:45.699  INFO     RX        /ERR/LOKO/0x00000002
11:31:45.699  INFO     RX        /ERR/LOKO/0x00000002
11:31:45.701  INFO     RX        /ERR/LOKO/0x00000002
11:31:45.701  INFO     RX        /ERR/LOKO/0x00000002
11:31:45.714  INFO     RX        /ERR/LOKO/0x00000002
11:31:45.835  INFO     RX        /ERR/LOKO/0x00000002
11:31:45.835  INFO     RX        /ERR/LOKO/0x00000002
11:31:45.835  INFO     RX        /ERR/LOKO/0x00000002
11:31:45.835  INFO     RX        /ERR/LOKO/0x00000002
11:31:45.835  INFO     RX        /ERR/LOKO/0x00000002
11:31:45.835  INFO     RX        /ERR/LOKO/0x00000002
11:31:45.835  INFO     RX        /ERR/LOKO/0x00000002
11:31:45.835  INFO     RX        /ERR/LOKO/0x00000002
11:31:45.835  INFO     RX        /ERR/LOKO/0x00000002
11:31:45.835  INFO     RX        /ERR/LOKO/0x00000002
11:31:45.840  INFO     RX        /ERR/LOKO/0x00000002
11:31:45.874  INFO     RX        /ERR/LOKO/0x00000002
11:31:45.874  INFO     RX        /ERR/LOKO/0x00000002
11:31:45.973  INFO     RX        /ERR/LOKO/0x00000002
11:31:45.973  INFO     RX        /ERR/LOKO/0x00000002
11:31:45.973  INFO     RX        /ERR/LOKO/0x00000002
11:31:45.973  INFO     RX        /ERR/LOKO/0x00000002
11:31:45.973  INFO     RX        /ERR/LOKO/0x00000002
11:31:45.973  INFO     RX        /ERR/LOKO/0x00000002
11:31:45.973  INFO     RX        /ERR/LOKO/0x00000002
11:31:45.973  INFO     RX        /ERR/LOKO/0x00000002
11:31:45.973  INFO     RX        /ERR/LOKO/0x00000002
11:31:46.003  INFO     RX        /ERR/LOKO/0x00000002
11:31:46.003  INFO     RX        /ERR/LOKO/0x00000002
11:31:46.112  INFO     RX        /ERR/LOKO/0x00000002
11:31:46.112  INFO     RX        /ERR/LOKO/0x00000002
11:31:46.112  INFO     RX        /ERR/LOKO/0x00000002
11:31:46.132  INFO     RX        /ERR/LOKO/0x00000002
11:31:46.245  INFO     RX        /ERR/LOKO/0x00000002
11:31:46.245  INFO     RX        /ERR/LOKO/0x00000002
11:31:46.245  INFO     RX        /ERR/LOKO/0x00000002
11:31:46.356  DEBUG    TX /CONTROLL/38,0,0,-100,0,0,0,0,0
11:31:46.437  INFO     RX        /ERR/LOKO/0x00000002
11:31:46.437  INFO     RX        /ERR/LOKO/0x00000002
11:31:46.437  INFO     RX        /ERR/LOKO/0x00000002
11:31:46.437  INFO     RX        /ERR/LOKO/0x00000002
11:31:46.440  INFO     RX        /ERR/LOKO/0x00000002
11:31:46.672  INFO     RX        /ERR/LOKO/0x00000002
11:31:46.672  INFO     RX        /ERR/LOKO/0x00000002
11:31:46.672  INFO     RX        /ERR/LOKO/0x00000002
11:31:46.760  INFO     RX        /ERR/LOKO/0x00000002
11:31:46.760  INFO     RX        /ERR/LOKO/0x00000002
11:31:46.760  INFO     RX        /ERR/LOKO/0x00000002
11:31:46.760  INFO     RX        /ERR/LOKO/0x00000002
11:31:46.760  INFO     RX        /ERR/LOKO/0x00000002
11:31:46.925  INFO     RX        /ERR/LOKO/0x00000002
11:31:46.925  INFO     RX        /ERR/LOKO/0x00000002
11:31:46.925  INFO     RX        /ERR/LOKO/0x00000002
11:31:46.925  INFO     RX        /ERR/LOKO/0x00000002
11:31:46.940  INFO     RX        /ERR/LOKO/0x00000002
11:31:47.016  INFO     RX        /ERR/LOKO/0x00000002
11:31:47.019  INFO     RX        /ERR/LOKO/0x00000002
11:31:47.258  INFO     RX        /ERR/LOKO/0x00000002
11:31:47.258  INFO     RX        /ERR/LOKO/0x00000002
11:31:47.259  INFO     RX        /ERR/LOKO/0x00000002
11:31:47.259  INFO     RX        /ERR/LOKO/0x00000002
11:31:47.357  INFO     RX        /ERR/LOKO/0x00000002
11:31:47.357  INFO     RX        /ERR/LOKO/0x00000002
11:31:47.357  INFO     RX        /ERR/LOKO/0x00000002
11:31:47.357  INFO     RX        /ERR/LOKO/0x00000002
11:31:47.367  INFO     RX        /ERR/LOKO/0x00000002
11:31:47.528  INFO     RX        /ERR/LOKO/0x00000002
11:31:47.528  INFO     RX        /ERR/LOKO/0x00000002
11:31:47.528  INFO     RX        /ERR/LOKO/0x00000002
11:31:47.528  INFO     RX        /ERR/LOKO/0x00000002
11:31:47.650  INFO     RX        /ERR/LOKO/0x00000002
11:31:47.650  INFO     RX        /ERR/LOKO/0x00000002
11:31:47.650  INFO     RX        /ERR/LOKO/0x00000002
11:31:47.683  INFO     RX        /ERR/LOKO/0x00000002
11:31:47.827  INFO     RX        /ERR/LOKO/0x00000002
11:31:47.827  INFO     RX        /ERR/LOKO/0x00000002
11:31:47.827  INFO     RX        /ERR/LOKO/0x00000002
11:31:47.834  INFO     RX        /ERR/LOKO/0x00000002
11:31:47.969  DEBUG    TX /CONTROLL/-82,0,18,-100,0,0,0,0,0
11:31:48.074  INFO     RX        /ERR/LOKO/0x00000002
11:31:48.074  INFO     RX        /ERR/LOKO/0x00000002
11:31:48.074  INFO     RX        /ERR/LOKO/0x00000002
11:31:48.075  INFO     RX        /ERR/LOKO/0x00000002
11:31:48.164  INFO     RX        /ERR/LOKO/0x00000002
11:31:48.164  INFO     RX        /ERR/LOKO/0x00000002
11:31:48.164  INFO     RX        /ERR/LOKO/0x00000002
11:31:48.164  INFO     RX        /ERR/LOKO/0x00000002
11:31:48.198  INFO     RX        /ERR/LOKO/0x00000002
11:31:48.233  INFO     RX        /ERR/LOKO/0x00000002
11:31:48.267  INFO     RX        /ERR/LOKO/0x00000002
11:31:48.297  INFO     RX        /ERR/LOKO/0x00000002
11:31:48.359  INFO     RX        /ERR/LOKO/0x00000002
11:31:48.392  INFO     RX        /ERR/LOKO/0x00000002
11:31:48.427  INFO     RX        /ERR/LOKO/0x00000002
11:31:48.462  INFO     RX        /ERR/LOKO/0x00000002
11:31:48.495  INFO     RX        /ERR/LOKO/0x00000002
11:31:48.523  INFO     RX        /ERR/LOKO/0x00000002
11:31:48.523  INFO     RX        /ERR/LOKO/0x00000002
11:31:48.554  INFO     RX        /ERR/LOKO/0x00000002
11:31:48.554  INFO     RX        /ERR/LOKO/0x00000002
11:31:48.554  INFO     RX        /ERR/LOKO/0x00000002
11:31:48.587  INFO     RX        /ERR/LOKO/0x00000002
11:31:48.588  INFO     RX        /ERR/LOKO/0x00000002
11:31:48.588  INFO     RX        /ERR/LOKO/0x00000002
11:31:48.619  INFO     RX        /ERR/LOKO/0x00000002
11:31:48.619  INFO     RX        /ERR/LOKO/0x00000002
11:31:48.652  INFO     RX        /ERR/LOKO/0x00000002
11:31:48.652  INFO     RX        /ERR/LOKO/0x00000002
11:31:48.652  INFO     RX        /ERR/LOKO/0x00000002
11:31:48.685  INFO     RX        /ERR/LOKO/0x00000002
11:31:48.685  INFO     RX        /ERR/LOKO/0x00000002
11:31:48.685  INFO     RX        /ERR/LOKO/0x00000002
11:31:48.715  INFO     RX        /ERR/LOKO/0x00000002
11:31:48.716  INFO     RX        /ERR/LOKO/0x00000002
11:31:48.716  INFO     RX        /ERR/LOKO/0x00000002
11:31:48.748  INFO     RX        /ERR/LOKO/0x00000002
11:31:48.748  INFO     RX        /ERR/LOKO/0x00000002
11:31:48.779  INFO     RX        /ERR/LOKO/0x00000002
11:31:48.779  INFO     RX        /ERR/LOKO/0x00000002
11:31:48.779  INFO     RX        /ERR/LOKO/0x00000002
11:31:48.812  INFO     RX        /ERR/LOKO/0x00000002
11:31:48.812  INFO     RX        /ERR/LOKO/0x00000002
11:31:48.812  INFO     RX        /ERR/LOKO/0x00000002
11:31:48.843  INFO     RX        /ERR/LOKO/0x00000002
11:31:48.843  INFO     RX        /ERR/LOKO/0x00000002
11:31:48.843  INFO     RX        /ERR/LOKO/0x00000002
11:31:48.875  INFO     RX        /ERR/LOKO/0x00000002
11:31:48.876  INFO     RX        /ERR/LOKO/0x00000002
11:31:48.908  INFO     RX        /ERR/LOKO/0x00000002
11:31:48.908  INFO     RX        /ERR/LOKO/0x00000002
11:31:48.908  INFO     RX        /ERR/LOKO/0x00000002
11:31:48.940  INFO     RX        /ERR/LOKO/0x00000002
11:31:48.940  INFO     RX        /ERR/LOKO/0x00000002
11:31:48.940  INFO     RX        /ERR/LOKO/0x00000002
11:31:48.973  INFO     RX        /ERR/LOKO/0x00000002
11:31:48.973  INFO     RX        /ERR/LOKO/0x00000002
11:31:49.004  INFO     RX        /ERR/LOKO/0x00000002
11:31:49.004  INFO     RX        /ERR/LOKO/0x00000002
11:31:49.005  INFO     RX        /ERR/LOKO/0x00000002
11:31:49.037  INFO     RX        /ERR/LOKO/0x00000002
11:31:49.037  INFO     RX        /ERR/LOKO/0x00000002
11:31:49.037  INFO     RX        /ERR/LOKO/0x00000002
11:31:49.070  INFO     RX        /ERR/LOKO/0x00000002
11:31:49.070  INFO     RX        /ERR/LOKO/0x00000002
11:31:49.070  INFO     RX        /ERR/LOKO/0x00000002
11:31:49.103  INFO     RX        /ERR/LOKO/0x00000002
11:31:49.103  INFO     RX        /ERR/LOKO/0x00000002
11:31:49.135  INFO     RX        /ERR/LOKO/0x00000002
11:31:49.135  INFO     RX        /ERR/LOKO/0x00000002
11:31:49.135  INFO     RX        /ERR/LOKO/0x00000002
11:31:49.166  INFO     RX        /ERR/LOKO/0x00000002
11:31:49.166  INFO     RX        /ERR/LOKO/0x00000002
11:31:49.166  INFO     RX        /ERR/LOKO/0x00000002
11:31:49.199  INFO     RX        /ERR/LOKO/0x00000002
11:31:49.199  INFO     RX        /ERR/LOKO/0x00000002
11:31:49.199  INFO     RX        /ERR/LOKO/0x00000002
11:31:49.236  INFO     RX        /ERR/LOKO/0x00000002
11:31:49.236  INFO     RX        /ERR/LOKO/0x00000002
11:31:49.264  INFO     RX        /ERR/LOKO/0x00000002
11:31:49.264  INFO     RX        /ERR/LOKO/0x00000002
11:31:49.265  INFO     RX        /ERR/LOKO/0x00000002
11:31:49.296  INFO     RX        /ERR/LOKO/0x00000002
11:31:49.296  INFO     RX        /ERR/LOKO/0x00000002
11:31:49.296  INFO     RX        /ERR/LOKO/0x00000002
11:31:49.326  INFO     RX        /ERR/LOKO/0x00000002
11:31:49.326  INFO     RX        /ERR/LOKO/0x00000002
11:31:49.359  INFO     RX        /ERR/LOKO/0x00000002
11:31:49.359  INFO     RX        /ERR/LOKO/0x00000002
11:31:49.360  INFO     RX        /ERR/LOKO/0x00000002
11:31:49.392  INFO     RX        /ERR/LOKO/0x00000002
11:31:49.393  INFO     RX        /ERR/LOKO/0x00000002
11:31:49.393  INFO     RX        /ERR/LOKO/0x00000002
11:31:49.427  INFO     RX        /ERR/LOKO/0x00000002
11:31:49.427  INFO     RX        /ERR/LOKO/0x00000002
11:31:49.427  INFO     RX        /ERR/LOKO/0x00000002
11:31:49.455  INFO     RX        /ERR/LOKO/0x00000002
11:31:49.455  INFO     RX        /ERR/LOKO/0x00000002
11:31:49.489  INFO     RX        /ERR/LOKO/0x00000002
11:31:49.489  INFO     RX        /ERR/LOKO/0x00000002
11:31:49.489  INFO     RX        /ERR/LOKO/0x00000002
11:31:49.521  INFO     RX        /ERR/LOKO/0x00000002
11:31:49.521  INFO     RX        /ERR/LOKO/0x00000002
11:31:49.521  INFO     RX        /ERR/LOKO/0x00000002
11:31:49.552  INFO     RX        /ERR/LOKO/0x00000002
11:31:49.552  INFO     RX        /ERR/LOKO/0x00000002
11:31:49.552  INFO     RX        /ERR/LOKO/0x00000002
11:31:49.582  DEBUG    TX /CONTROLL/0,-20,18,-100,0,0,0,0,0
11:31:49.587  INFO     RX        /ERR/LOKO/0x00000002
11:31:49.587  INFO     RX        /ERR/LOKO/0x00000002
11:31:49.617  INFO     RX        /ERR/LOKO/0x00000002
11:31:49.618  INFO     RX        /ERR/LOKO/0x00000002
11:31:49.618  INFO     RX        /ERR/LOKO/0x00000002
11:31:49.649  INFO     RX        /ERR/LOKO/0x00000002
11:31:49.649  INFO     RX        /ERR/LOKO/0x00000002
11:31:49.649  INFO     RX        /ERR/LOKO/0x00000002
11:31:49.682  INFO     RX        /ERR/LOKO/0x00000002
11:31:49.682  INFO     RX        /ERR/LOKO/0x00000002
11:31:49.712  INFO     RX        /ERR/LOKO/0x00000002
11:31:49.712  INFO     RX        /ERR/LOKO/0x00000002
11:31:49.712  INFO     RX        /ERR/LOKO/0x00000002
11:31:49.745  INFO     RX        /ERR/LOKO/0x00000002
11:31:49.777  INFO     RX        /ERR/LOKO/0x00000002
11:31:49.809  INFO     RX        /ERR/LOKO/0x00000002
11:31:49.843  INFO     RX        /ERR/LOKO/0x00000002
11:31:49.874  INFO     RX        /ERR/LOKO/0x00000002
11:31:49.938  INFO     RX        /ERR/LOKO/0x00000002
11:31:49.968  INFO     RX        /ERR/LOKO/0x00000002
11:31:50.001  INFO     RX        /ERR/LOKO/0x00000002
11:31:50.034  INFO     RX        /ERR/LOKO/0x00000002
11:31:50.066  INFO     RX        /ERR/LOKO/0x00000002
11:31:50.131  INFO     RX        /ERR/LOKO/0x00000002
11:31:50.162  INFO     RX        /ERR/LOKO/0x00000002
11:31:50.195  INFO     RX        /ERR/LOKO/0x00000002
11:31:50.231  INFO     RX        /ERR/LOKO/0x00000002
11:31:50.292  INFO     RX        /ERR/LOKO/0x00000002
11:31:50.327  INFO     RX        /ERR/LOKO/0x00000002
11:31:50.356  INFO     RX        /ERR/LOKO/0x00000002
11:31:50.389  INFO     RX        /ERR/LOKO/0x00000002
11:31:50.389  INFO     RX        /ERR/LOKO/0x00000002
11:31:50.420  INFO     RX        /ERR/LOKO/0x00000002
11:31:50.420  INFO     RX        /ERR/LOKO/0x00000002
11:31:50.452  INFO     RX        /ERR/LOKO/0x00000002
11:31:50.453  INFO     RX        /ERR/LOKO/0x00000002
11:31:50.453  INFO     RX        /ERR/LOKO/0x00000002
11:31:50.485  INFO     RX        /ERR/LOKO/0x00000002
11:31:50.485  INFO     RX        /ERR/LOKO/0x00000002
11:31:50.485  INFO     RX        /ERR/LOKO/0x00000002
11:31:50.518  INFO     RX        /ERR/LOKO/0x00000002
11:31:50.518  INFO     RX        /ERR/LOKO/0x00000002
11:31:50.548  INFO     RX        /ERR/LOKO/0x00000002
11:31:50.548  INFO     RX        /ERR/LOKO/0x00000002
11:31:50.548  INFO     RX        /ERR/LOKO/0x00000002
11:31:50.582  INFO     RX        /ERR/LOKO/0x00000002
11:31:50.582  INFO     RX        /ERR/LOKO/0x00000002
11:31:50.582  INFO     RX        /ERR/LOKO/0x00000002
11:31:50.612  INFO     RX        /ERR/LOKO/0x00000002
11:31:50.612  INFO     RX        /ERR/LOKO/0x00000002
11:31:50.644  INFO     RX        /ERR/LOKO/0x00000002
11:31:50.644  INFO     RX        /ERR/LOKO/0x00000002
11:31:50.644  INFO     RX        /ERR/LOKO/0x00000002
11:31:50.676  INFO     RX        /ERR/LOKO/0x00000002
11:31:50.676  INFO     RX        /ERR/LOKO/0x00000002
11:31:50.676  INFO     RX        /ERR/LOKO/0x00000002
11:31:50.708  INFO     RX        /ERR/LOKO/0x00000002
11:31:50.708  INFO     RX        /ERR/LOKO/0x00000002
11:31:50.708  INFO     RX        /ERR/LOKO/0x00000002
11:31:50.739  INFO     RX        /ERR/LOKO/0x00000002
11:31:50.772  INFO     RX        /ERR/LOKO/0x00000002
11:31:50.804  INFO     RX        /ERR/LOKO/0x00000002
11:31:50.836  INFO     RX        /ERR/LOKO/0x00000002
11:31:50.901  INFO     RX        /ERR/LOKO/0x00000002
11:31:50.933  INFO     RX        /ERR/LOKO/0x00000002
11:31:50.967  INFO     RX        /ERR/LOKO/0x00000002
11:31:51.002  INFO     RX        /ERR/LOKO/0x00000002
11:31:51.032  INFO     RX        /ERR/LOKO/0x00000002
11:31:51.104  INFO     RX        /ERR/LOKO/0x00000002
11:31:51.129  INFO     RX        /ERR/LOKO/0x00000002
11:31:51.162  INFO     RX        /ERR/LOKO/0x00000002
11:31:51.188  DEBUG    TX /CONTROLL/19,0,17,-100,0,0,0,0,0
11:31:51.192  INFO     RX        /ERR/LOKO/0x00000002
11:31:51.228  INFO     RX        /ERR/LOKO/0x00000002
11:31:51.287  INFO     RX        /ERR/LOKO/0x00000002
11:31:51.322  INFO     RX        /ERR/LOKO/0x00000002
11:31:51.353  INFO     RX        /ERR/LOKO/0x00000002
11:31:51.387  INFO     RX        /ERR/LOKO/0x00000002
11:31:51.447  INFO     RX        /ERR/LOKO/0x00000002
11:31:51.447  INFO     RX        /ERR/LOKO/0x00000002
11:31:51.447  INFO     RX        /ERR/LOKO/0x00000002
11:31:51.479  INFO     RX        /ERR/LOKO/0x00000002
11:31:51.479  INFO     RX        /ERR/LOKO/0x00000002
11:31:51.479  INFO     RX        /ERR/LOKO/0x00000002
11:31:51.510  INFO     RX        /ERR/LOKO/0x00000002
11:31:51.510  INFO     RX        /ERR/LOKO/0x00000002
11:31:51.542  INFO     RX        /ERR/LOKO/0x00000002
11:31:51.542  INFO     RX        /ERR/LOKO/0x00000002
11:31:51.542  INFO     RX        /ERR/LOKO/0x00000002
11:31:51.575  INFO     RX        /ERR/LOKO/0x00000002
11:31:51.575  INFO     RX        /ERR/LOKO/0x00000002
11:31:51.575  INFO     RX        /ERR/LOKO/0x00000002
11:31:51.607  INFO     RX        /ERR/LOKO/0x00000002
11:31:51.607  INFO     RX        /ERR/LOKO/0x00000002
11:31:51.607  INFO     RX        /ERR/LOKO/0x00000002
11:31:51.639  INFO     RX        /ERR/LOKO/0x00000002
11:31:51.671  INFO     RX        /ERR/LOKO/0x00000002
11:31:51.703  INFO     RX        /ERR/LOKO/0x00000002
11:31:51.736  INFO     RX        /ERR/LOKO/0x00000002
11:31:51.802  INFO     RX        /ERR/LOKO/0x00000002
11:31:51.832  INFO     RX        /ERR/LOKO/0x00000002
11:31:51.867  INFO     RX        /ERR/LOKO/0x00000002
11:31:51.898  INFO     RX        /ERR/LOKO/0x00000002
11:31:51.932  INFO     RX        /ERR/LOKO/0x00000002
11:31:51.932  INFO     RX        /ERR/LOKO/0x00000002
11:31:51.933  INFO     RX        /ERR/LOKO/0x00000002
11:31:51.962  INFO     RX        /ERR/LOKO/0x00000002
11:31:51.962  INFO     RX        /ERR/LOKO/0x00000002
11:31:51.962  INFO     RX        /ERR/LOKO/0x00000002
11:31:51.994  INFO     RX        /ERR/LOKO/0x00000002
11:31:51.994  INFO     RX        /ERR/LOKO/0x00000002
11:31:52.028  INFO     RX        /ERR/LOKO/0x00000002
11:31:52.028  INFO     RX        /ERR/LOKO/0x00000002
11:31:52.028  INFO     RX        /ERR/LOKO/0x00000002
11:31:52.059  INFO     RX        /ERR/LOKO/0x00000002
11:31:52.059  INFO     RX        /ERR/LOKO/0x00000002
11:31:52.060  INFO     RX        /ERR/LOKO/0x00000002
11:31:52.089  INFO     RX        /ERR/LOKO/0x00000002
11:31:52.089  INFO     RX        /ERR/LOKO/0x00000002
11:31:52.120  INFO     RX        /ERR/LOKO/0x00000002
11:31:52.120  INFO     RX        /ERR/LOKO/0x00000002
11:31:52.120  INFO     RX        /ERR/LOKO/0x00000002
11:31:52.152  INFO     RX        /ERR/LOKO/0x00000002
11:31:52.152  INFO     RX        /ERR/LOKO/0x00000002
11:31:52.153  INFO     RX        /ERR/LOKO/0x00000002
11:31:52.185  INFO     RX        /ERR/LOKO/0x00000002
11:31:52.185  INFO     RX        /ERR/LOKO/0x00000002
11:31:52.185  INFO     RX        /ERR/LOKO/0x00000002
11:31:52.217  INFO     RX        /ERR/LOKO/0x00000002
11:31:52.217  INFO     RX        /ERR/LOKO/0x00000002
11:31:52.249  INFO     RX        /ERR/LOKO/0x00000002
11:31:52.249  INFO     RX        /ERR/LOKO/0x00000002
11:31:52.249  INFO     RX        /ERR/LOKO/0x00000002
11:31:52.282  INFO     RX        /ERR/LOKO/0x00000002
11:31:52.282  INFO     RX        /ERR/LOKO/0x00000002
11:31:52.282  INFO     RX        /ERR/LOKO/0x00000002
11:31:52.313  INFO     RX        /ERR/LOKO/0x00000002
11:31:52.314  INFO     RX        /ERR/LOKO/0x00000002
11:31:52.344  INFO     RX        /ERR/LOKO/0x00000002
11:31:52.344  INFO     RX        /ERR/LOKO/0x00000002
11:31:52.344  INFO     RX        /ERR/LOKO/0x00000002
11:31:52.377  INFO     RX        /ERR/LOKO/0x00000002
11:31:52.377  INFO     RX        /ERR/LOKO/0x00000002
11:31:52.377  INFO     RX        /ERR/LOKO/0x00000002
11:31:52.409  INFO     RX        /ERR/LOKO/0x00000002
11:31:52.409  INFO     RX        /ERR/LOKO/0x00000002
11:31:52.409  INFO     RX        /ERR/LOKO/0x00000002
11:31:52.441  INFO     RX        /ERR/LOKO/0x00000002
11:31:52.441  INFO     RX        /ERR/LOKO/0x00000002
11:31:52.474  INFO     RX        /ERR/LOKO/0x00000002
11:31:52.474  INFO     RX        /ERR/LOKO/0x00000002
11:31:52.474  INFO     RX        /ERR/LOKO/0x00000002
11:31:52.506  INFO     RX        /ERR/LOKO/0x00000002
11:31:52.506  INFO     RX        /ERR/LOKO/0x00000002
11:31:52.506  INFO     RX        /ERR/LOKO/0x00000002
11:31:52.538  INFO     RX        /ERR/LOKO/0x00000002
11:31:52.538  INFO     RX        /ERR/LOKO/0x00000002
11:31:52.571  INFO     RX        /ERR/LOKO/0x00000002
11:31:52.571  INFO     RX        /ERR/LOKO/0x00000002
11:31:52.571  INFO     RX        /ERR/LOKO/0x00000002
11:31:52.602  INFO     RX        /ERR/LOKO/0x00000002
11:31:52.603  INFO     RX        /ERR/LOKO/0x00000002
11:31:52.603  INFO     RX        /ERR/LOKO/0x00000002
11:31:52.634  INFO     RX        /ERR/LOKO/0x00000002
11:31:52.634  INFO     RX        /ERR/LOKO/0x00000002
11:31:52.635  INFO     RX        /ERR/LOKO/0x00000002
11:31:52.665  INFO     RX        /ERR/LOKO/0x00000002
11:31:52.665  INFO     RX        /ERR/LOKO/0x00000002
11:31:52.704  INFO     RX        /ERR/LOKO/0x00000002
11:31:52.704  INFO     RX        /ERR/LOKO/0x00000002
11:31:52.704  INFO     RX        /ERR/LOKO/0x00000002
11:31:52.733  INFO     RX        /ERR/LOKO/0x00000002
11:31:52.733  INFO     RX        /ERR/LOKO/0x00000002
11:31:52.734  INFO     RX        /ERR/LOKO/0x00000002
11:31:52.762  INFO     RX        /ERR/LOKO/0x00000002
11:31:52.763  INFO     RX        /ERR/LOKO/0x00000002
11:31:52.791  DEBUG    TX /CONTROLL/0,0,16,-100,0,0,0,0,0
11:31:52.794  INFO     RX        /ERR/LOKO/0x00000002
11:31:52.794  INFO     RX        /ERR/LOKO/0x00000002
11:31:52.794  INFO     RX        /ERR/LOKO/0x00000002
11:31:52.827  INFO     RX        /ERR/LOKO/0x00000002
11:31:52.827  INFO     RX        /ERR/LOKO/0x00000002
11:31:52.827  INFO     RX        /ERR/LOKO/0x00000002
11:31:52.859  INFO     RX        /ERR/LOKO/0x00000002
11:31:52.859  INFO     RX        /ERR/LOKO/0x00000002
11:31:52.859  INFO     RX        /ERR/LOKO/0x00000002
11:31:52.892  INFO     RX        /ERR/LOKO/0x00000002
11:31:52.892  INFO     RX        /ERR/LOKO/0x00000002
11:31:52.930  INFO     RX        /ERR/LOKO/0x00000002
11:31:52.930  INFO     RX        /ERR/LOKO/0x00000002
11:31:52.930  INFO     RX        /ERR/LOKO/0x00000002
11:31:52.959  INFO     RX        /ERR/LOKO/0x00000002
11:31:52.959  INFO     RX        /ERR/LOKO/0x00000002
11:31:52.959  INFO     RX        /ERR/LOKO/0x00000002
11:31:52.987  INFO     RX        /ERR/LOKO/0x00000002
11:31:52.987  INFO     RX        /ERR/LOKO/0x00000002
11:31:52.987  INFO     RX        /ERR/LOKO/0x00000002
11:31:53.019  INFO     RX        /ERR/LOKO/0x00000002
11:31:53.019  INFO     RX        /ERR/LOKO/0x00000002
11:31:53.059  INFO     RX        /ERR/LOKO/0x00000002
11:31:53.059  INFO     RX        /ERR/LOKO/0x00000002
11:31:53.059  INFO     RX        /ERR/LOKO/0x00000002
11:31:53.083  INFO     RX        /ERR/LOKO/0x00000002
11:31:53.083  INFO     RX        /ERR/LOKO/0x00000002
11:31:53.083  INFO     RX        /ERR/LOKO/0x00000002
11:31:53.116  INFO     RX        /ERR/LOKO/0x00000002
11:31:53.116  INFO     RX        /ERR/LOKO/0x00000002
11:31:53.148  INFO     RX        /ERR/LOKO/0x00000002
11:31:53.148  INFO     RX        /ERR/LOKO/0x00000002
11:31:53.148  INFO     RX        /ERR/LOKO/0x00000002
11:31:53.180  INFO     RX        /ERR/LOKO/0x00000002
11:31:53.180  INFO     RX        /ERR/LOKO/0x00000002
11:31:53.180  INFO     RX        /ERR/LOKO/0x00000002
11:31:53.214  INFO     RX        /ERR/LOKO/0x00000002
11:31:53.214  INFO     RX        /ERR/LOKO/0x00000002
11:31:53.214  INFO     RX        /ERR/LOKO/0x00000002
11:31:53.244  INFO     RX        /ERR/LOKO/0x00000002
11:31:53.244  INFO     RX        /ERR/LOKO/0x00000002
11:31:53.277  INFO     RX        /ERR/LOKO/0x00000002
11:31:53.277  INFO     RX        /ERR/LOKO/0x00000002
11:31:53.277  INFO     RX        /ERR/LOKO/0x00000002
11:31:53.308  INFO     RX        /ERR/LOKO/0x00000002
11:31:53.308  INFO     RX        /ERR/LOKO/0x00000002
11:31:53.308  INFO     RX        /ERR/LOKO/0x00000002
11:31:53.340  INFO     RX        /ERR/LOKO/0x00000002
11:31:53.341  INFO     RX        /ERR/LOKO/0x00000002
11:31:53.372  INFO     RX        /ERR/LOKO/0x00000002
11:31:53.372  INFO     RX        /ERR/LOKO/0x00000002
11:31:53.405  INFO     RX        /ERR/LOKO/0x00000002
11:31:53.439  INFO     RX        /ERR/LOKO/0x00000002
11:31:53.501  INFO     RX        /ERR/LOKO/0x00000002
11:31:53.534  INFO     RX        /ERR/LOKO/0x00000002
11:31:53.565  INFO     RX        /ERR/LOKO/0x00000002
11:31:53.599  INFO     RX        /ERR/LOKO/0x00000002
11:31:53.632  INFO     RX        /ERR/LOKO/0x00000002
11:31:53.664  INFO     RX        /ERR/LOKO/0x00000002
11:31:53.728  INFO     RX        /ERR/LOKO/0x00000002
11:31:53.762  INFO     RX        /ERR/LOKO/0x00000002
11:31:53.794  INFO     RX        /ERR/LOKO/0x00000002
11:31:53.830  INFO     RX        /ERR/LOKO/0x00000002
11:31:53.893  INFO     RX        /ERR/LOKO/0x00000002
11:31:53.922  INFO     RX        /ERR/LOKO/0x00000002
11:31:53.955  INFO     RX        /ERR/LOKO/0x00000002
11:31:53.986  INFO     RX        /ERR/LOKO/0x00000002
11:31:54.020  INFO     RX        /ERR/LOKO/0x00000002
11:31:54.083  INFO     RX        /ERR/LOKO/0x00000002
11:31:54.115  INFO     RX        /ERR/LOKO/0x00000002
11:31:54.148  INFO     RX        /ERR/LOKO/0x00000002
11:31:54.180  INFO     RX        /ERR/LOKO/0x00000002
11:31:54.212  INFO     RX        /ERR/LOKO/0x00000002
11:31:54.276  INFO     RX        /ERR/LOKO/0x00000002
11:31:54.308  INFO     RX        /ERR/LOKO/0x00000002
11:31:54.340  INFO     RX        /ERR/LOKO/0x00000002
11:31:54.372  INFO     RX        /ERR/LOKO/0x00000002
11:31:54.402  DEBUG    TX /CONTROLL/35,0,14,-100,0,0,0,0,0
11:31:54.405  INFO     RX        /ERR/LOKO/0x00000002
11:31:54.470  INFO     RX        /ERR/LOKO/0x00000002
11:31:54.502  INFO     RX        /ERR/LOKO/0x00000002
11:31:54.534  INFO     RX        /ERR/LOKO/0x00000002
11:31:54.566  INFO     RX        /ERR/LOKO/0x00000002
11:31:54.605  INFO     RX        /ERR/LOKO/0x00000002
11:31:54.665  INFO     RX        /ERR/LOKO/0x00000002
11:31:54.696  INFO     RX        /ERR/LOKO/0x00000002
11:31:54.734  INFO     RX        /ERR/LOKO/0x00000002
11:31:54.764  INFO     RX        /ERR/LOKO/0x00000002
11:31:54.799  INFO     RX        /ERR/LOKO/0x00000002
11:31:54.862  INFO     RX        /ERR/LOKO/0x00000002
11:31:54.888  INFO     RX        /ERR/LOKO/0x00000002
11:31:54.921  INFO     RX        /ERR/LOKO/0x00000002
11:31:54.955  INFO     RX        /ERR/LOKO/0x00000002
11:31:54.986  INFO     RX        /ERR/LOKO/0x00000002
11:31:55.049  INFO     RX        /ERR/LOKO/0x00000002
11:31:55.082  INFO     RX        /ERR/LOKO/0x00000002
11:31:55.115  INFO     RX        /ERR/LOKO/0x00000002
11:31:55.146  INFO     RX        /ERR/LOKO/0x00000002
11:31:55.178  INFO     RX        /ERR/LOKO/0x00000002
11:31:55.178  INFO     RX        /ERR/LOKO/0x00000002
11:31:55.178  INFO     RX        /ERR/LOKO/0x00000002
11:31:55.210  INFO     RX        /ERR/LOKO/0x00000002
11:31:55.210  INFO     RX        /ERR/LOKO/0x00000002
11:31:55.210  INFO     RX        /ERR/LOKO/0x00000002
11:31:55.242  INFO     RX        /ERR/LOKO/0x00000002
11:31:55.242  INFO     RX        /ERR/LOKO/0x00000002
11:31:55.274  INFO     RX        /ERR/LOKO/0x00000002
11:31:55.274  INFO     RX        /ERR/LOKO/0x00000002
11:31:55.275  INFO     RX        /ERR/LOKO/0x00000002
11:31:55.307  INFO     RX        /ERR/LOKO/0x00000002
11:31:55.307  INFO     RX        /ERR/LOKO/0x00000002
11:31:55.307  INFO     RX        /ERR/LOKO/0x00000002
11:31:55.338  INFO     RX        /ERR/LOKO/0x00000002
11:31:55.339  INFO     RX        /ERR/LOKO/0x00000002
11:31:55.339  INFO     RX        /ERR/LOKO/0x00000002
11:31:55.372  INFO     RX        /ERR/LOKO/0x00000002
11:31:55.372  INFO     RX        /ERR/LOKO/0x00000002
11:31:55.407  INFO     RX        /ERR/LOKO/0x00000002
11:31:55.407  INFO     RX        /ERR/LOKO/0x00000002
11:31:55.407  INFO     RX        /ERR/LOKO/0x00000002
11:31:55.436  INFO     RX        /ERR/LOKO/0x00000002
11:31:55.436  INFO     RX        /ERR/LOKO/0x00000002
11:31:55.436  INFO     RX        /ERR/LOKO/0x00000002
11:31:55.467  INFO     RX        /ERR/LOKO/0x00000002
11:31:55.467  INFO     RX        /ERR/LOKO/0x00000002
11:31:55.499  INFO     RX        /ERR/LOKO/0x00000002
11:31:55.499  INFO     RX        /ERR/LOKO/0x00000002
11:31:55.499  INFO     RX        /ERR/LOKO/0x00000002
11:31:55.532  INFO     RX        /ERR/LOKO/0x00000002
11:31:55.532  INFO     RX        /ERR/LOKO/0x00000002
11:31:55.532  INFO     RX        /ERR/LOKO/0x00000002
11:31:55.565  INFO     RX        /ERR/LOKO/0x00000002
11:31:55.565  INFO     RX        /ERR/LOKO/0x00000002
11:31:55.565  INFO     RX        /ERR/LOKO/0x00000002
11:31:55.599  INFO     RX        /ERR/LOKO/0x00000002
11:31:55.599  INFO     RX        /ERR/LOKO/0x00000002
11:31:55.599  INFO     RX        /ERR/LOKO/0x00000002
11:31:55.633  INFO     RX        /ERR/LOKO/0x00000002
11:31:55.633  INFO     RX        /ERR/LOKO/0x00000002
11:31:55.633  INFO     RX        /ERR/LOKO/0x00000002
11:31:55.663  INFO     RX        /ERR/LOKO/0x00000002
11:31:55.663  INFO     RX        /ERR/LOKO/0x00000002
11:31:55.697  INFO     RX        /ERR/LOKO/0x00000002
11:31:55.697  INFO     RX        /ERR/LOKO/0x00000002
11:31:55.697  INFO     RX        /ERR/LOKO/0x00000002
11:31:55.734  INFO     RX        /ERR/LOKO/0x00000002
11:31:55.734  INFO     RX        /ERR/LOKO/0x00000002
11:31:55.734  INFO     RX        /ERR/LOKO/0x00000002
11:31:55.763  INFO     RX        /ERR/LOKO/0x00000002
11:31:55.763  INFO     RX        /ERR/LOKO/0x00000002
11:31:55.794  INFO     RX        /ERR/LOKO/0x00000002
11:31:55.794  INFO     RX        /ERR/LOKO/0x00000002
11:31:55.794  INFO     RX        /ERR/LOKO/0x00000002
11:31:55.830  INFO     RX        /ERR/LOKO/0x00000002
11:31:55.830  INFO     RX        /ERR/LOKO/0x00000002
11:31:55.830  INFO     RX        /ERR/LOKO/0x00000002
11:31:55.859  INFO     RX        /ERR/LOKO/0x00000002
11:31:55.859  INFO     RX        /ERR/LOKO/0x00000002
11:31:55.895  INFO     RX        /ERR/LOKO/0x00000002
11:31:55.895  INFO     RX        /ERR/LOKO/0x00000002
11:31:55.895  INFO     RX        /ERR/LOKO/0x00000002
11:31:55.922  INFO     RX        /ERR/LOKO/0x00000002
11:31:55.922  INFO     RX        /ERR/LOKO/0x00000002
11:31:55.922  INFO     RX        /ERR/LOKO/0x00000002
11:31:55.960  INFO     RX        /ERR/LOKO/0x00000002
11:31:55.961  INFO     RX        /ERR/LOKO/0x00000002
11:31:55.961  INFO     RX        /ERR/LOKO/0x00000002
11:31:55.987  INFO     RX        /ERR/LOKO/0x00000002
11:31:55.988  INFO     RX        /ERR/LOKO/0x00000002
11:31:55.988  INFO     RX        /ERR/LOKO/0x00000002
11:31:56.015  DEBUG    TX /CONTROLL/0,0,14,-100,0,0,0,0,0
11:31:56.019  INFO     RX        /ERR/LOKO/0x00000002
11:31:56.019  INFO     RX        /ERR/LOKO/0x00000002
11:31:56.051  INFO     RX        /ERR/LOKO/0x00000002
11:31:56.052  INFO     RX        /ERR/LOKO/0x00000002
11:31:56.052  INFO     RX        /ERR/LOKO/0x00000002
11:31:56.083  INFO     RX        /ERR/LOKO/0x00000002
11:31:56.083  INFO     RX        /ERR/LOKO/0x00000002
11:31:56.083  INFO     RX        /ERR/LOKO/0x00000002
11:31:56.115  INFO     RX        /ERR/LOKO/0x00000002
11:31:56.115  INFO     RX        /ERR/LOKO/0x00000002
11:31:56.147  INFO     RX        /ERR/LOKO/0x00000002
11:31:56.147  INFO     RX        /ERR/LOKO/0x00000002
11:31:56.147  INFO     RX        /ERR/LOKO/0x00000002
11:31:56.179  INFO     RX        /ERR/LOKO/0x00000002
11:31:56.179  INFO     RX        /ERR/LOKO/0x00000002
11:31:56.179  INFO     RX        /ERR/LOKO/0x00000002
11:31:56.212  INFO     RX        /ERR/LOKO/0x00000002
11:31:56.212  INFO     RX        /ERR/LOKO/0x00000002
11:31:56.212  INFO     RX        /ERR/LOKO/0x00000002
11:31:56.244  INFO     RX        /ERR/LOKO/0x00000002
11:31:56.245  INFO     RX        /ERR/LOKO/0x00000002
11:31:56.275  INFO     RX        /ERR/LOKO/0x00000002
11:31:56.276  INFO     RX        /ERR/LOKO/0x00000002
11:31:56.276  INFO     RX        /ERR/LOKO/0x00000002
11:31:56.308  INFO     RX        /ERR/LOKO/0x00000002
11:31:56.308  INFO     RX        /ERR/LOKO/0x00000002
11:31:56.308  INFO     RX        /ERR/LOKO/0x00000002
11:31:56.340  INFO     RX        /ERR/LOKO/0x00000002
11:31:56.340  INFO     RX        /ERR/LOKO/0x00000002
11:31:56.372  INFO     RX        /ERR/LOKO/0x00000002
11:31:56.372  INFO     RX        /ERR/LOKO/0x00000002
11:31:56.372  INFO     RX        /ERR/LOKO/0x00000002
11:31:56.404  INFO     RX        /ERR/LOKO/0x00000002
11:31:56.404  INFO     RX        /ERR/LOKO/0x00000002
11:31:56.405  INFO     RX        /ERR/LOKO/0x00000002
11:31:56.439  INFO     RX        /ERR/LOKO/0x00000002
11:31:56.439  INFO     RX        /ERR/LOKO/0x00000002
11:31:56.439  INFO     RX        /ERR/LOKO/0x00000002
11:31:56.467  INFO     RX        /ERR/LOKO/0x00000002
11:31:56.467  INFO     RX        /ERR/LOKO/0x00000002
11:31:56.500  INFO     RX        /ERR/LOKO/0x00000002
11:31:56.500  INFO     RX        /ERR/LOKO/0x00000002
11:31:56.500  INFO     RX        /ERR/LOKO/0x00000002
11:31:56.532  INFO     RX        /ERR/LOKO/0x00000002
11:31:56.532  INFO     RX        /ERR/LOKO/0x00000002
11:31:56.532  INFO     RX        /ERR/LOKO/0x00000002
11:31:56.565  INFO     RX        /ERR/LOKO/0x00000002
11:31:56.565  INFO     RX        /ERR/LOKO/0x00000002
11:31:56.566  INFO     RX        /ERR/LOKO/0x00000002
11:31:56.601  INFO     RX        /ERR/LOKO/0x00000002
11:31:56.601  INFO     RX        /ERR/LOKO/0x00000002
11:31:56.601  INFO     RX        /ERR/LOKO/0x00000002
11:31:56.631  INFO     RX        /ERR/LOKO/0x00000002
11:31:56.631  INFO     RX        /ERR/LOKO/0x00000002
11:31:56.664  INFO     RX        /ERR/LOKO/0x00000002
11:31:56.664  INFO     RX        /ERR/LOKO/0x00000002
11:31:56.664  INFO     RX        /ERR/LOKO/0x00000002
11:31:56.700  INFO     RX        /ERR/LOKO/0x00000002
11:31:56.700  INFO     RX        /ERR/LOKO/0x00000002
11:31:56.700  INFO     RX        /ERR/LOKO/0x00000002
11:31:56.736  INFO     RX        /ERR/LOKO/0x00000002
11:31:56.736  INFO     RX        /ERR/LOKO/0x00000002
11:31:56.736  INFO     RX        /ERR/LOKO/0x00000002
11:31:56.759  INFO     RX        /ERR/LOKO/0x00000002
11:31:56.760  INFO     RX        /ERR/LOKO/0x00000002
11:31:56.799  INFO     RX        /ERR/LOKO/0x00000002
11:31:56.800  INFO     RX        /ERR/LOKO/0x00000002
11:31:56.800  INFO     RX        /ERR/LOKO/0x00000002
11:31:56.829  INFO     RX        /ERR/LOKO/0x00000002
11:31:56.829  INFO     RX        /ERR/LOKO/0x00000002
11:31:56.860  INFO     RX        /ERR/LOKO/0x00000002
11:31:56.860  INFO     RX        /ERR/LOKO/0x00000002
11:31:56.860  INFO     RX        /ERR/LOKO/0x00000002
11:31:56.887  INFO     RX        /ERR/LOKO/0x00000002
11:31:56.887  INFO     RX        /ERR/LOKO/0x00000002
11:31:56.887  INFO     RX        /ERR/LOKO/0x00000002
11:31:56.922  INFO     RX        /ERR/LOKO/0x00000002
11:31:56.923  INFO     RX        /ERR/LOKO/0x00000002
11:31:56.923  INFO     RX        /ERR/LOKO/0x00000002
11:31:56.952  INFO     RX        /ERR/LOKO/0x00000002
11:31:56.952  INFO     RX        /ERR/LOKO/0x00000002
11:31:56.984  INFO     RX        /ERR/LOKO/0x00000002
11:31:56.984  INFO     RX        /ERR/LOKO/0x00000002
11:31:56.984  INFO     RX        /ERR/LOKO/0x00000002
11:31:57.016  INFO     RX        /ERR/LOKO/0x00000002
11:31:57.016  INFO     RX        /ERR/LOKO/0x00000002
11:31:57.016  INFO     RX        /ERR/LOKO/0x00000002
11:31:57.048  INFO     RX        /ERR/LOKO/0x00000002
11:31:57.048  INFO     RX        /ERR/LOKO/0x00000002
11:31:57.080  INFO     RX        /ERR/LOKO/0x00000002
11:31:57.080  INFO     RX        /ERR/LOKO/0x00000002
11:31:57.080  INFO     RX        /ERR/LOKO/0x00000002
11:31:57.114  INFO     RX        /ERR/LOKO/0x00000002
11:31:57.144  INFO     RX        /ERR/LOKO/0x00000002
11:31:57.176  INFO     RX        /ERR/LOKO/0x00000002
11:31:57.209  INFO     RX        /ERR/LOKO/0x00000002
11:31:57.241  INFO     RX        /ERR/LOKO/0x00000002
11:31:57.305  INFO     RX        /ERR/LOKO/0x00000002
11:31:57.338  INFO     RX        /ERR/LOKO/0x00000002
11:31:57.370  INFO     RX        /ERR/LOKO/0x00000002
11:31:57.402  INFO     RX        /ERR/LOKO/0x00000002
11:31:57.434  INFO     RX        /ERR/LOKO/0x00000002
11:31:57.499  INFO     RX        /ERR/LOKO/0x00000002
11:31:57.532  INFO     RX        /ERR/LOKO/0x00000002
11:31:57.564  INFO     RX        /ERR/LOKO/0x00000002
11:31:57.604  INFO     RX        /ERR/LOKO/0x00000002
11:31:57.624  DEBUG    TX /CONTROLL/-100,18,14,-100,0,0,0,0,0
11:31:57.628  INFO     RX        /ERR/LOKO/0x00000002
11:31:57.691  INFO     RX        /ERR/LOKO/0x00000002
11:31:57.723  INFO     RX        /ERR/LOKO/0x00000002
11:31:57.755  INFO     RX        /ERR/LOKO/0x00000002
11:31:57.787  INFO     RX        /ERR/LOKO/0x00000002
11:31:57.823  INFO     RX        /ERR/LOKO/0x00000002
11:31:57.884  INFO     RX        /ERR/LOKO/0x00000002
11:31:57.919  INFO     RX        /ERR/LOKO/0x00000002
11:31:57.948  INFO     RX        /ERR/LOKO/0x00000002
11:31:57.980  INFO     RX        /ERR/LOKO/0x00000002
11:31:58.046  INFO     RX        /ERR/LOKO/0x00000002
11:31:58.078  INFO     RX        /ERR/LOKO/0x00000002
11:31:58.109  INFO     RX        /ERR/LOKO/0x00000002
11:31:58.142  INFO     RX        /ERR/LOKO/0x00000002
11:31:58.174  INFO     RX        /ERR/LOKO/0x00000002
11:31:58.239  INFO     RX        /ERR/LOKO/0x00000002
11:31:58.270  INFO     RX        /ERR/LOKO/0x00000002
11:31:58.302  INFO     RX        /ERR/LOKO/0x00000002
11:31:58.334  INFO     RX        /ERR/LOKO/0x00000002
11:31:58.367  INFO     RX        /ERR/LOKO/0x00000002
11:31:58.433  INFO     RX        /ERR/LOKO/0x00000002
11:31:58.465  INFO     RX        /ERR/LOKO/0x00000002
11:31:58.502  INFO     RX        /ERR/LOKO/0x00000002
11:31:58.531  INFO     RX        /ERR/LOKO/0x00000002
11:31:58.562  INFO     RX        /ERR/LOKO/0x00000002
11:31:58.627  INFO     RX        /ERR/LOKO/0x00000002
11:31:58.662  INFO     RX        /ERR/LOKO/0x00000002
11:31:58.695  INFO     RX        /ERR/LOKO/0x00000002
11:31:58.722  INFO     RX        /ERR/LOKO/0x00000002
11:31:58.758  INFO     RX        /ERR/LOKO/0x00000002
11:31:58.758  INFO     RX        /ERR/LOKO/0x00000002
11:31:58.758  INFO     RX        /ERR/LOKO/0x00000002
11:31:58.791  INFO     RX        /ERR/LOKO/0x00000002
11:31:58.791  INFO     RX        /ERR/LOKO/0x00000002
11:31:58.791  INFO     RX        /ERR/LOKO/0x00000002
11:31:58.819  INFO     RX        /ERR/LOKO/0x00000002
11:31:58.819  INFO     RX        /ERR/LOKO/0x00000002
11:31:58.851  INFO     RX        /ERR/LOKO/0x00000002
11:31:58.851  INFO     RX        /ERR/LOKO/0x00000002
11:31:58.851  INFO     RX        /ERR/LOKO/0x00000002
11:31:58.883  INFO     RX        /ERR/LOKO/0x00000002
11:31:58.883  INFO     RX        /ERR/LOKO/0x00000002
11:31:58.883  INFO     RX        /ERR/LOKO/0x00000002
11:31:58.914  INFO     RX        /ERR/LOKO/0x00000002
11:31:58.914  INFO     RX        /ERR/LOKO/0x00000002
11:31:58.914  INFO     RX        /ERR/LOKO/0x00000002
11:31:58.946  INFO     RX        /ERR/LOKO/0x00000002
11:31:58.946  INFO     RX        /ERR/LOKO/0x00000002
11:31:58.978  INFO     RX        /ERR/LOKO/0x00000002
11:31:58.978  INFO     RX        /ERR/LOKO/0x00000002
11:31:58.978  INFO     RX        /ERR/LOKO/0x00000002
11:31:59.010  INFO     RX        /ERR/LOKO/0x00000002
11:31:59.010  INFO     RX        /ERR/LOKO/0x00000002
11:31:59.010  INFO     RX        /ERR/LOKO/0x00000002
11:31:59.044  INFO     RX        /ERR/LOKO/0x00000002
11:31:59.044  INFO     RX        /ERR/LOKO/0x00000002
11:31:59.075  INFO     RX        /ERR/LOKO/0x00000002
11:31:59.075  INFO     RX        /ERR/LOKO/0x00000002
11:31:59.075  INFO     RX        /ERR/LOKO/0x00000002
11:31:59.107  INFO     RX        /ERR/LOKO/0x00000002
11:31:59.107  INFO     RX        /ERR/LOKO/0x00000002
11:31:59.107  INFO     RX        /ERR/LOKO/0x00000002
11:31:59.139  INFO     RX        /ERR/LOKO/0x00000002
11:31:59.139  INFO     RX        /ERR/LOKO/0x00000002
11:31:59.139  INFO     RX        /ERR/LOKO/0x00000002
11:31:59.172  INFO     RX        /ERR/LOKO/0x00000002
11:31:59.172  INFO     RX        /ERR/LOKO/0x00000002
11:31:59.204  INFO     RX        /ERR/LOKO/0x00000002
11:31:59.204  INFO     RX        /ERR/LOKO/0x00000002
11:31:59.205  INFO     RX        /ERR/LOKO/0x00000002
11:31:59.234  DEBUG    TX /CONTROLL/0,-17,15,-100,0,0,0,0,0
11:31:59.236  INFO     RX        /ERR/LOKO/0x00000002
11:31:59.237  INFO     RX        /ERR/LOKO/0x00000002
11:31:59.237  INFO     RX        /ERR/LOKO/0x00000002
11:31:59.269  INFO     RX        /ERR/LOKO/0x00000002
11:31:59.269  INFO     RX        /ERR/LOKO/0x00000002
11:31:59.269  INFO     RX        /ERR/LOKO/0x00000002
11:31:59.302  INFO     RX        /ERR/LOKO/0x00000002
11:31:59.302  INFO     RX        /ERR/LOKO/0x00000002
11:31:59.333  INFO     RX        /ERR/LOKO/0x00000002
11:31:59.334  INFO     RX        /ERR/LOKO/0x00000002
11:31:59.334  INFO     RX        /ERR/LOKO/0x00000002
11:31:59.367  INFO     RX        /ERR/LOKO/0x00000002
11:31:59.367  INFO     RX        /ERR/LOKO/0x00000002
11:31:59.367  INFO     RX        /ERR/LOKO/0x00000002
11:31:59.400  INFO     RX        /ERR/LOKO/0x00000002
11:31:59.400  INFO     RX        /ERR/LOKO/0x00000002
11:31:59.400  INFO     RX        /ERR/LOKO/0x00000002
11:31:59.434  INFO     RX        /ERR/LOKO/0x00000002
11:31:59.434  INFO     RX        /ERR/LOKO/0x00000002
11:31:59.434  INFO     RX        /ERR/LOKO/0x00000002
11:31:59.465  INFO     RX        /ERR/LOKO/0x00000002
11:31:59.465  INFO     RX        /ERR/LOKO/0x00000002
11:31:59.497  INFO     RX        /ERR/LOKO/0x00000002
11:31:59.497  INFO     RX        /ERR/LOKO/0x00000002
11:31:59.497  INFO     RX        /ERR/LOKO/0x00000002
11:31:59.532  INFO     RX        /ERR/LOKO/0x00000002
11:31:59.532  INFO     RX        /ERR/LOKO/0x00000002
11:31:59.532  INFO     RX        /ERR/LOKO/0x00000002
11:31:59.560  INFO     RX        /ERR/LOKO/0x00000002
11:31:59.560  INFO     RX        /ERR/LOKO/0x00000002
11:31:59.600  INFO     RX        /ERR/LOKO/0x00000002
11:31:59.600  INFO     RX        /ERR/LOKO/0x00000002
11:31:59.600  INFO     RX        /ERR/LOKO/0x00000002
11:31:59.628  INFO     RX        /ERR/LOKO/0x00000002
11:31:59.628  INFO     RX        /ERR/LOKO/0x00000002
11:31:59.628  INFO     RX        /ERR/LOKO/0x00000002
11:31:59.660  INFO     RX        /ERR/LOKO/0x00000002
11:31:59.660  INFO     RX        /ERR/LOKO/0x00000002
11:31:59.660  INFO     RX        /ERR/LOKO/0x00000002
11:31:59.694  INFO     RX        /ERR/LOKO/0x00000002
11:31:59.694  INFO     RX        /ERR/LOKO/0x00000002
11:31:59.727  INFO     RX        /ERR/LOKO/0x00000002
11:31:59.727  INFO     RX        /ERR/LOKO/0x00000002
11:31:59.727  INFO     RX        /ERR/LOKO/0x00000002
11:31:59.753  INFO     RX        /ERR/LOKO/0x00000002
11:31:59.753  INFO     RX        /ERR/LOKO/0x00000002
11:31:59.753  INFO     RX        /ERR/LOKO/0x00000002
11:31:59.785  INFO     RX        /ERR/LOKO/0x00000002
11:31:59.785  INFO     RX        /ERR/LOKO/0x00000002
11:31:59.817  INFO     RX        /ERR/LOKO/0x00000002
11:31:59.852  INFO     RX        /ERR/LOKO/0x00000002
11:31:59.881  INFO     RX        /ERR/LOKO/0x00000002
11:31:59.915  INFO     RX        /ERR/LOKO/0x00000002
11:31:59.947  INFO     RX        /ERR/LOKO/0x00000002
11:32:00.009  INFO     RX        /ERR/LOKO/0x00000002
11:32:00.042  INFO     RX        /ERR/LOKO/0x00000002
11:32:00.073  INFO     RX        /ERR/LOKO/0x00000002
11:32:00.105  INFO     RX        /ERR/LOKO/0x00000002
11:32:00.138  INFO     RX        /ERR/LOKO/0x00000002
11:32:00.202  INFO     RX        /ERR/LOKO/0x00000002
11:32:00.237  INFO     RX        /ERR/LOKO/0x00000002
11:32:00.265  INFO     RX        /ERR/LOKO/0x00000002
11:32:00.297  INFO     RX        /ERR/LOKO/0x00000002
11:32:00.336  INFO     RX        /ERR/LOKO/0x00000002
11:32:00.394  INFO     RX        /ERR/LOKO/0x00000002
11:32:00.427  INFO     RX        /ERR/LOKO/0x00000002
11:32:00.427  INFO     RX        /ERR/LOKO/0x00000002
11:32:00.462  INFO     RX        /ERR/LOKO/0x00000002
11:32:00.494  INFO     RX        /ERR/LOKO/0x00000002
11:32:00.523  INFO     RX        /ERR/LOKO/0x00000002
11:32:00.558  INFO     RX        /ERR/LOKO/0x00000002
11:32:00.592  INFO     RX        /ERR/LOKO/0x00000002
11:32:00.652  INFO     RX        /ERR/LOKO/0x00000002
11:32:00.683  INFO     RX        /ERR/LOKO/0x00000002
11:32:00.715  INFO     RX        /ERR/LOKO/0x00000002
11:32:00.749  INFO     RX        /ERR/LOKO/0x00000002
11:32:00.780  INFO     RX        /ERR/LOKO/0x00000002
11:32:00.780  INFO     RX        /ERR/LOKO/0x00000002
11:32:00.780  INFO     RX        /ERR/LOKO/0x00000002
11:32:00.814  INFO     RX        /ERR/LOKO/0x00000002
11:32:00.815  INFO     RX        /ERR/LOKO/0x00000002
11:32:00.841  DEBUG    TX /CONTROLL/0,0,14,-100,0,0,0,0,0
11:32:00.846  INFO     RX        /ERR/LOKO/0x00000002
11:32:00.847  INFO     RX        /ERR/LOKO/0x00000002
11:32:00.847  INFO     RX        /ERR/LOKO/0x00000002
11:32:00.876  INFO     RX        /ERR/LOKO/0x00000002
11:32:00.876  INFO     RX        /ERR/LOKO/0x00000002
11:32:00.876  INFO     RX        /ERR/LOKO/0x00000002
11:32:00.911  INFO     RX        /ERR/LOKO/0x00000002
11:32:00.911  INFO     RX        /ERR/LOKO/0x00000002
11:32:00.911  INFO     RX        /ERR/LOKO/0x00000002
11:32:00.941  INFO     RX        /ERR/LOKO/0x00000002
11:32:00.941  INFO     RX        /ERR/LOKO/0x00000002
11:32:00.973  INFO     RX        /ERR/LOKO/0x00000002
11:32:00.973  INFO     RX        /ERR/LOKO/0x00000002
11:32:00.973  INFO     RX        /ERR/LOKO/0x00000002
11:32:01.008  INFO     RX        /ERR/LOKO/0x00000002
11:32:01.009  INFO     RX        /ERR/LOKO/0x00000002
11:32:01.009  INFO     RX        /ERR/LOKO/0x00000002
11:32:01.037  INFO     RX        /ERR/LOKO/0x00000002
11:32:01.037  INFO     RX        /ERR/LOKO/0x00000002
11:32:01.037  INFO     RX        /ERR/LOKO/0x00000002
11:32:01.069  INFO     RX        /ERR/LOKO/0x00000002
11:32:01.103  INFO     RX        /ERR/LOKO/0x00000002
11:32:01.134  INFO     RX        /ERR/LOKO/0x00000002
11:32:01.166  INFO     RX        /ERR/LOKO/0x00000002
11:32:01.232  INFO     RX        /ERR/LOKO/0x00000002
11:32:01.265  INFO     RX        /ERR/LOKO/0x00000002
11:32:01.296  INFO     RX        /ERR/LOKO/0x00000002
11:32:01.327  INFO     RX        /ERR/LOKO/0x00000002
11:32:01.398  INFO     RX        /ERR/LOKO/0x00000002
11:32:01.426  INFO     RX        /ERR/LOKO/0x00000002
11:32:01.459  INFO     RX        /ERR/LOKO/0x00000002
11:32:01.489  INFO     RX        /ERR/LOKO/0x00000002
11:32:01.523  INFO     RX        /ERR/LOKO/0x00000002
11:32:01.586  INFO     RX        /ERR/LOKO/0x00000002
11:32:01.618  INFO     RX        /ERR/LOKO/0x00000002
11:32:01.648  INFO     RX        /ERR/LOKO/0x00000002
11:32:01.685  INFO     RX        /ERR/LOKO/0x00000002
11:32:01.712  INFO     RX        /ERR/LOKO/0x00000002
11:32:01.777  INFO     RX        /ERR/LOKO/0x00000002
11:32:01.777  INFO     RX        /ERR/LOKO/0x00000002
11:32:01.777  INFO     RX        /ERR/LOKO/0x00000002
11:32:01.809  INFO     RX        /ERR/LOKO/0x00000002
11:32:01.809  INFO     RX        /ERR/LOKO/0x00000002
11:32:01.809  INFO     RX        /ERR/LOKO/0x00000002
11:32:01.841  INFO     RX        /ERR/LOKO/0x00000002
11:32:01.841  INFO     RX        /ERR/LOKO/0x00000002
11:32:01.873  INFO     RX        /ERR/LOKO/0x00000002
11:32:01.873  INFO     RX        /ERR/LOKO/0x00000002
11:32:01.873  INFO     RX        /ERR/LOKO/0x00000002
11:32:01.905  INFO     RX        /ERR/LOKO/0x00000002
11:32:01.905  INFO     RX        /ERR/LOKO/0x00000002
11:32:01.905  INFO     RX        /ERR/LOKO/0x00000002
11:32:01.938  INFO     RX        /ERR/LOKO/0x00000002
11:32:01.938  INFO     RX        /ERR/LOKO/0x00000002
11:32:01.938  INFO     RX        /ERR/LOKO/0x00000002
11:32:01.969  INFO     RX        /ERR/LOKO/0x00000002
11:32:01.969  INFO     RX        /ERR/LOKO/0x00000002
11:32:02.001  INFO     RX        /ERR/LOKO/0x00000002
11:32:02.001  INFO     RX        /ERR/LOKO/0x00000002
11:32:02.001  INFO     RX        /ERR/LOKO/0x00000002
11:32:02.034  INFO     RX        /ERR/LOKO/0x00000002
11:32:02.034  INFO     RX        /ERR/LOKO/0x00000002
11:32:02.034  INFO     RX        /ERR/LOKO/0x00000002
11:32:02.067  INFO     RX        /ERR/LOKO/0x00000002
11:32:02.068  INFO     RX        /ERR/LOKO/0x00000002
11:32:02.068  INFO     RX        /ERR/LOKO/0x00000002
11:32:02.100  INFO     RX        /ERR/LOKO/0x00000002
11:32:02.100  INFO     RX        /ERR/LOKO/0x00000002
11:32:02.132  INFO     RX        /ERR/LOKO/0x00000002
11:32:02.132  INFO     RX        /ERR/LOKO/0x00000002
11:32:02.132  INFO     RX        /ERR/LOKO/0x00000002
11:32:02.164  INFO     RX        /ERR/LOKO/0x00000002
11:32:02.164  INFO     RX        /ERR/LOKO/0x00000002
11:32:02.164  INFO     RX        /ERR/LOKO/0x00000002
11:32:02.197  INFO     RX        /ERR/LOKO/0x00000002
11:32:02.197  INFO     RX        /ERR/LOKO/0x00000002
11:32:02.197  INFO     RX        /ERR/LOKO/0x00000002
11:32:02.227  INFO     RX        /ERR/LOKO/0x00000002
11:32:02.227  INFO     RX        /ERR/LOKO/0x00000002
11:32:02.263  INFO     RX        /ERR/LOKO/0x00000002
11:32:02.263  INFO     RX        /ERR/LOKO/0x00000002
11:32:02.263  INFO     RX        /ERR/LOKO/0x00000002
11:32:02.302  INFO     RX        /ERR/LOKO/0x00000002
11:32:02.303  INFO     RX        /ERR/LOKO/0x00000002
11:32:02.303  INFO     RX        /ERR/LOKO/0x00000002
11:32:02.326  INFO     RX        /ERR/LOKO/0x00000002
11:32:02.326  INFO     RX        /ERR/LOKO/0x00000002
11:32:02.355  INFO     RX        /ERR/LOKO/0x00000002
11:32:02.355  INFO     RX        /ERR/LOKO/0x00000002
11:32:02.355  INFO     RX        /ERR/LOKO/0x00000002
11:32:02.392  INFO     RX        /ERR/LOKO/0x00000002
11:32:02.392  INFO     RX        /ERR/LOKO/0x00000002
11:32:02.392  INFO     RX        /ERR/LOKO/0x00000002
11:32:02.422  INFO     RX        /ERR/LOKO/0x00000002
11:32:02.422  INFO     RX        /ERR/LOKO/0x00000002
11:32:02.448  DEBUG    TX /CONTROLL/-53,0,0,-100,0,0,0,0,0
11:32:02.452  INFO     RX        /ERR/LOKO/0x00000002
11:32:02.452  INFO     RX        /ERR/LOKO/0x00000002
11:32:02.483  INFO     RX        /ERR/LOKO/0x00000002
11:32:02.516  INFO     RX        /ERR/LOKO/0x00000002
11:32:02.579  INFO     RX        /ERR/LOKO/0x00000002
11:32:02.612  INFO     RX        /ERR/LOKO/0x00000002
11:32:02.644  INFO     RX        /ERR/LOKO/0x00000002
11:32:02.676  INFO     RX        /ERR/LOKO/0x00000002
11:32:02.708  INFO     RX        /ERR/LOKO/0x00000002
11:32:02.772  INFO     RX        /ERR/LOKO/0x00000002
11:32:02.805  INFO     RX        /ERR/LOKO/0x00000002
11:32:02.805  INFO     RX        /ERR/LOKO/0x00000002
11:32:02.805  INFO     RX        /ERR/LOKO/0x00000002
11:32:02.837  INFO     RX        /ERR/LOKO/0x00000002
11:32:02.837  INFO     RX        /ERR/LOKO/0x00000002
11:32:02.870  INFO     RX        /ERR/LOKO/0x00000002
11:32:02.870  INFO     RX        /ERR/LOKO/0x00000002
11:32:02.870  INFO     RX        /ERR/LOKO/0x00000002
11:32:02.902  INFO     RX        /ERR/LOKO/0x00000002
11:32:02.902  INFO     RX        /ERR/LOKO/0x00000002
11:32:02.902  INFO     RX        /ERR/LOKO/0x00000002
11:32:02.935  INFO     RX        /ERR/LOKO/0x00000002
11:32:02.935  INFO     RX        /ERR/LOKO/0x00000002
11:32:02.935  INFO     RX        /ERR/LOKO/0x00000002
11:32:02.966  INFO     RX        /ERR/LOKO/0x00000002
11:32:02.966  INFO     RX        /ERR/LOKO/0x00000002
11:32:02.998  INFO     RX        /ERR/LOKO/0x00000002
11:32:03.038  INFO     RX        /ERR/LOKO/0x00000002
11:32:03.064  INFO     RX        /ERR/LOKO/0x00000002
11:32:03.099  INFO     RX        /ERR/LOKO/0x00000002
11:32:03.134  INFO     RX        /ERR/LOKO/0x00000002
11:32:03.191  INFO     RX        /ERR/LOKO/0x00000002
11:32:03.224  INFO     RX        /ERR/LOKO/0x00000002
11:32:03.256  INFO     RX        /ERR/LOKO/0x00000002
11:32:03.286  INFO     RX        /ERR/LOKO/0x00000002
11:32:03.350  INFO     RX        /ERR/LOKO/0x00000002
11:32:03.382  INFO     RX        /ERR/LOKO/0x00000002
11:32:03.414  INFO     RX        /ERR/LOKO/0x00000002
11:32:03.446  INFO     RX        /ERR/LOKO/0x00000002
11:32:03.479  INFO     RX        /ERR/LOKO/0x00000002
11:32:03.543  INFO     RX        /ERR/LOKO/0x00000002
11:32:03.574  INFO     RX        /ERR/LOKO/0x00000002
11:32:03.606  INFO     RX        /ERR/LOKO/0x00000002
11:32:03.638  INFO     RX        /ERR/LOKO/0x00000002
11:32:03.671  INFO     RX        /ERR/LOKO/0x00000002
11:32:03.734  INFO     RX        /ERR/LOKO/0x00000002
11:32:03.766  INFO     RX        /ERR/LOKO/0x00000002
11:32:03.798  INFO     RX        /ERR/LOKO/0x00000002
11:32:03.831  INFO     RX        /ERR/LOKO/0x00000002
11:32:03.864  INFO     RX        /ERR/LOKO/0x00000002
11:32:03.932  INFO     RX        /ERR/LOKO/0x00000002
11:32:03.962  INFO     RX        /ERR/LOKO/0x00000002
11:32:03.993  INFO     RX        /ERR/LOKO/0x00000002
11:32:04.028  INFO     RX        /ERR/LOKO/0x00000002
11:32:04.052  DEBUG    TX /CONTROLL/88,0,0,-100,0,0,0,0,0
11:32:04.090  INFO     RX        /ERR/LOKO/0x00000002
11:32:04.123  INFO     RX        /ERR/LOKO/0x00000002
11:32:04.152  INFO     RX        /ERR/LOKO/0x00000002
11:32:04.185  INFO     RX        /ERR/LOKO/0x00000002
11:32:04.220  INFO     RX        /ERR/LOKO/0x00000002
11:32:04.255  INFO     RX        /ERR/LOKO/0x00000002
11:32:04.313  INFO     RX        /ERR/LOKO/0x00000002
11:32:04.346  INFO     RX        /ERR/LOKO/0x00000002
11:32:04.377  INFO     RX        /ERR/LOKO/0x00000002
11:32:04.409  INFO     RX        /ERR/LOKO/0x00000002
11:32:04.474  INFO     RX        /ERR/LOKO/0x00000002
11:32:04.506  INFO     RX        /ERR/LOKO/0x00000002
11:32:04.538  INFO     RX        /ERR/LOKO/0x00000002
11:32:04.570  INFO     RX        /ERR/LOKO/0x00000002
11:32:04.602  INFO     RX        /ERR/LOKO/0x00000002
11:32:04.666  INFO     RX        /ERR/LOKO/0x00000002
11:32:04.699  INFO     RX        /ERR/LOKO/0x00000002
11:32:04.731  INFO     RX        /ERR/LOKO/0x00000002
11:32:04.768  INFO     RX        /ERR/LOKO/0x00000002
11:32:04.797  INFO     RX        /ERR/LOKO/0x00000002
11:32:04.839  INFO     RX        /ERR/LOKO/0x00000002
11:32:04.893  INFO     RX        /ERR/LOKO/0x00000002
11:32:04.926  INFO     RX        /ERR/LOKO/0x00000002
11:32:04.963  INFO     RX        /ERR/LOKO/0x00000002
11:32:04.994  INFO     RX        /ERR/LOKO/0x00000002
11:32:05.052  INFO     RX        /ERR/LOKO/0x00000002
11:32:05.084  INFO     RX        /ERR/LOKO/0x00000002
11:32:05.118  INFO     RX        /ERR/LOKO/0x00000002
11:32:05.150  INFO     RX        /ERR/LOKO/0x00000002
11:32:05.182  INFO     RX        /ERR/LOKO/0x00000002
11:32:05.247  INFO     RX        /ERR/LOKO/0x00000002
11:32:05.373  INFO     RX        /ERR/LOKO/0x00000002
11:32:05.373  INFO     RX        /ERR/LOKO/0x00000002
11:32:05.373  INFO     RX        /ERR/LOKO/0x00000002
11:32:05.375  INFO     RX        /ERR/LOKO/0x00000002
11:32:05.440  INFO     RX        /ERR/LOKO/0x00000002
11:32:05.473  INFO     RX        /ERR/LOKO/0x00000002
11:32:05.505  INFO     RX        /ERR/LOKO/0x00000002
11:32:05.537  INFO     RX        /ERR/LOKO/0x00000002
11:32:05.570  INFO     RX        /ERR/LOKO/0x00000002
11:32:05.635  INFO     RX        /ERR/LOKO/0x00000002
11:32:05.663  DEBUG    TX /CONTROLL/0,0,0,0,0,0,0,0,0
11:32:05.666  INFO     RX        /ERR/LOKO/0x00000002
11:32:07.271  DEBUG    TX /CONTROLL/0,0,0,0,0,0,0,0,0
11:32:08.882  DEBUG    TX /CONTROLL/0,0,0,0,0,0,0,0,0
11:32:10.491  DEBUG    TX /CONTROLL/0,0,0,0,0,0,0,0,0
11:32:12.103  DEBUG    TX /CONTROLL/0,0,0,0,0,0,0,0,0
11:32:13.710  DEBUG    TX /CONTROLL/0,0,0,0,0,0,0,0,0
11:32:15.323  DEBUG    TX /CONTROLL/0,0,0,0,0,0,0,0,0
11:32:16.932  DEBUG    TX /CONTROLL/0,0,0,0,0,0,0,0,0
11:32:18.543  DEBUG    TX /CONTROLL/0,0,0,0,0,0,0,0,0
11:32:20.152  DEBUG    TX /CONTROLL/0,0,0,0,0,0,0,0,0
11:32:21.762  DEBUG    TX /CONTROLL/0,0,0,0,0,0,0,0,0
11:32:23.368  DEBUG    TX /CONTROLL/0,0,0,0,0,0,0,0,0
11:32:24.976  DEBUG    TX /CONTROLL/0,0,0,0,0,0,0,0,0
11:32:26.587  DEBUG    TX /CONTROLL/0,0,0,0,0,0,0,0,0
11:32:28.199  DEBUG    TX /CONTROLL/0,0,0,0,0,0,0,0,0
11:32:29.808  DEBUG    TX /CONTROLL/0,0,0,0,0,0,0,0,0
11:32:31.421  DEBUG    TX /CONTROLL/0,0,0,0,0,0,0,0,0
11:32:33.035  DEBUG    TX /CONTROLL/0,0,0,0,0,0,0,0,0
11:32:34.649  DEBUG    TX /CONTROLL/0,0,0,0,0,0,0,0,0
11:32:36.259  DEBUG    TX /CONTROLL/0,0,0,0,0,0,0,0,0
11:32:37.871  DEBUG    TX /CONTROLL/0,0,0,0,0,0,0,0,0
11:32:39.479  DEBUG    TX /CONTROLL/0,0,0,0,0,0,0,0,0
11:32:41.089  DEBUG    TX /CONTROLL/0,0,0,0,0,0,0,0,0
11:32:42.699  DEBUG    TX /CONTROLL/0,0,0,0,0,0,0,0,0
11:32:44.309  DEBUG    TX /CONTROLL/0,0,0,0,0,0,0,0,0
11:32:45.917  DEBUG    TX /CONTROLL/0,0,0,0,0,0,0,0,0
11:32:47.525  DEBUG    TX /CONTROLL/0,0,0,0,0,0,0,0,0
11:32:49.141  DEBUG    TX /CONTROLL/0,0,0,0,0,0,0,0,0
11:32:50.751  DEBUG    TX /CONTROLL/0,0,0,0,0,0,0,0,0
11:32:52.357  DEBUG    TX /CONTROLL/0,0,0,0,0,0,0,0,0
11:32:53.968  DEBUG    TX /CONTROLL/0,0,0,0,0,0,0,0,0
11:32:55.393  INFO     RX        /ERR/LOKO/0x00000002
11:32:55.393  INFO     RX        /ERR/LOKO/0x00000002
11:32:55.426  INFO     RX        /ERR/LOKO/0x00000002
11:32:55.426  INFO     RX        /ERR/LOKO/0x00000002
11:32:55.426  INFO     RX        /ERR/LOKO/0x00000002
11:32:55.457  INFO     RX        /ERR/LOKO/0x00000002
11:32:55.458  INFO     RX        /ERR/LOKO/0x00000002
11:32:55.458  INFO     RX        /ERR/LOKO/0x00000002
11:32:55.489  INFO     RX        /ERR/LOKO/0x00000002
11:32:55.489  INFO     RX        /ERR/LOKO/0x00000002
11:32:55.522  INFO     RX        /ERR/LOKO/0x00000002
11:32:55.523  INFO     RX        /ERR/LOKO/0x00000002
11:32:55.523  INFO     RX        /ERR/LOKO/0x00000002
11:32:55.561  INFO     RX        /ERR/LOKO/0x00000002
11:32:55.561  INFO     RX        /ERR/LOKO/0x00000002
11:32:55.561  INFO     RX        /ERR/LOKO/0x00000002
11:32:55.583  DEBUG    TX /CONTROLL/0,0,0,-85,0,0,0,0,0
11:32:55.590  INFO     RX        /ERR/LOKO/0x00000002
11:32:55.590  INFO     RX        /ERR/LOKO/0x00000002
11:32:55.590  INFO     RX        /ERR/LOKO/0x00000002
11:32:55.623  INFO     RX        /ERR/LOKO/0x00000002
11:32:55.623  INFO     RX        /ERR/LOKO/0x00000002
11:32:55.651  INFO     RX        /ERR/LOKO/0x00000002
11:32:55.651  INFO     RX        /ERR/LOKO/0x00000002
11:32:55.651  INFO     RX        /ERR/LOKO/0x00000002
11:32:55.689  INFO     RX        /ERR/LOKO/0x00000002
11:32:55.689  INFO     RX        /ERR/LOKO/0x00000002
11:32:55.689  INFO     RX        /ERR/LOKO/0x00000002
11:32:55.723  INFO     RX        /ERR/LOKO/0x00000002
11:32:55.723  INFO     RX        /ERR/LOKO/0x00000002
11:32:55.723  INFO     RX        /ERR/LOKO/0x00000002
11:32:55.749  INFO     RX        /ERR/LOKO/0x00000002
11:32:55.749  INFO     RX        /ERR/LOKO/0x00000002
11:32:55.790  INFO     RX        /ERR/LOKO/0x00000002
11:32:55.790  INFO     RX        /ERR/LOKO/0x00000002
11:32:55.791  INFO     RX        /ERR/LOKO/0x00000002
11:32:55.816  INFO     RX        /ERR/LOKO/0x00000002
11:32:55.816  INFO     RX        /ERR/LOKO/0x00000002
11:32:55.847  INFO     RX        /ERR/LOKO/0x00000002
11:32:55.847  INFO     RX        /ERR/LOKO/0x00000002
11:32:55.848  INFO     RX        /ERR/LOKO/0x00000002
11:32:55.875  INFO     RX        /ERR/LOKO/0x00000002
11:32:55.875  INFO     RX        /ERR/LOKO/0x00000002
11:32:55.875  INFO     RX        /ERR/LOKO/0x00000002
11:32:55.906  INFO     RX        /ERR/LOKO/0x00000002
11:32:55.906  INFO     RX        /ERR/LOKO/0x00000002
11:32:55.906  INFO     RX        /ERR/LOKO/0x00000002
11:32:55.937  INFO     RX        /ERR/LOKO/0x00000002
11:32:55.937  INFO     RX        /ERR/LOKO/0x00000002
11:32:55.969  INFO     RX        /ERR/LOKO/0x00000002
11:32:55.970  INFO     RX        /ERR/LOKO/0x00000002
11:32:55.970  INFO     RX        /ERR/LOKO/0x00000002
11:32:56.002  INFO     RX        /ERR/LOKO/0x00000002
11:32:56.003  INFO     RX        /ERR/LOKO/0x00000002
11:32:56.003  INFO     RX        /ERR/LOKO/0x00000002
11:32:56.035  INFO     RX        /ERR/LOKO/0x00000002
11:32:56.035  INFO     RX        /ERR/LOKO/0x00000002
11:32:56.066  INFO     RX        /ERR/LOKO/0x00000002
11:32:56.066  INFO     RX        /ERR/LOKO/0x00000002
11:32:56.066  INFO     RX        /ERR/LOKO/0x00000002
11:32:56.099  INFO     RX        /ERR/LOKO/0x00000002
11:32:56.099  INFO     RX        /ERR/LOKO/0x00000002
11:32:56.099  INFO     RX        /ERR/LOKO/0x00000002
11:32:56.132  INFO     RX        /ERR/LOKO/0x00000002
11:32:56.133  INFO     RX        /ERR/LOKO/0x00000002
11:32:56.133  INFO     RX        /ERR/LOKO/0x00000002
11:32:56.165  INFO     RX        /ERR/LOKO/0x00000002
11:32:56.165  INFO     RX        /ERR/LOKO/0x00000002
11:32:56.197  INFO     RX        /ERR/LOKO/0x00000002
11:32:56.197  INFO     RX        /ERR/LOKO/0x00000002
11:32:56.197  INFO     RX        /ERR/LOKO/0x00000002
11:32:56.229  INFO     RX        /ERR/LOKO/0x00000002
11:32:56.229  INFO     RX        /ERR/LOKO/0x00000002
11:32:56.229  INFO     RX        /ERR/LOKO/0x00000002
11:32:56.262  INFO     RX        /ERR/LOKO/0x00000002
11:32:56.262  INFO     RX        /ERR/LOKO/0x00000002
11:32:56.262  INFO     RX        /ERR/LOKO/0x00000002
11:32:56.294  INFO     RX        /ERR/LOKO/0x00000002
11:32:56.294  INFO     RX        /ERR/LOKO/0x00000002
11:32:56.326  INFO     RX        /ERR/LOKO/0x00000002
11:32:56.326  INFO     RX        /ERR/LOKO/0x00000002
11:32:56.326  INFO     RX        /ERR/LOKO/0x00000002
11:32:56.360  INFO     RX        /ERR/LOKO/0x00000002
11:32:56.847  INFO     RX        /ERR/LOKO/0x00000002
11:32:56.875  INFO     RX        /ERR/LOKO/0x00000002
11:32:56.875  INFO     RX        /ERR/LOKO/0x00000002
11:32:56.875  INFO     RX        /ERR/LOKO/0x00000002
11:32:56.908  INFO     RX        /ERR/LOKO/0x00000002
11:32:56.908  INFO     RX        /ERR/LOKO/0x00000002
11:32:56.908  INFO     RX        /ERR/LOKO/0x00000002
11:32:56.948  INFO     RX        /ERR/LOKO/0x00000002
11:32:56.948  INFO     RX        /ERR/LOKO/0x00000002
11:32:56.948  INFO     RX        /ERR/LOKO/0x00000002
11:32:56.974  INFO     RX        /ERR/LOKO/0x00000002
11:32:56.975  INFO     RX        /ERR/LOKO/0x00000002
11:32:56.975  INFO     RX        /ERR/LOKO/0x00000002
11:32:57.010  INFO     RX        /ERR/LOKO/0x00000002
11:32:57.010  INFO     RX        /ERR/LOKO/0x00000002
11:32:57.037  INFO     RX        /ERR/LOKO/0x00000002
11:32:57.037  INFO     RX        /ERR/LOKO/0x00000002
11:32:57.037  INFO     RX        /ERR/LOKO/0x00000002
11:32:57.069  INFO     RX        /ERR/LOKO/0x00000002
11:32:57.069  INFO     RX        /ERR/LOKO/0x00000002
11:32:57.069  INFO     RX        /ERR/LOKO/0x00000002
11:32:57.102  INFO     RX        /ERR/LOKO/0x00000002
11:32:57.102  INFO     RX        /ERR/LOKO/0x00000002
11:32:57.141  INFO     RX        /ERR/LOKO/0x00000002
11:32:57.141  INFO     RX        /ERR/LOKO/0x00000002
11:32:57.141  INFO     RX        /ERR/LOKO/0x00000002
11:32:57.141  INFO     RX        /ERR/LOKO/0x00000002
11:32:57.166  INFO     RX        /ERR/LOKO/0x00000002
11:32:57.166  INFO     RX        /ERR/LOKO/0x00000002
11:32:57.195  DEBUG    TX /CONTROLL/0,0,-23,-100,0,0,0,0,0
11:32:57.199  INFO     RX        /ERR/LOKO/0x00000002
11:32:57.199  INFO     RX        /ERR/LOKO/0x00000002
11:32:57.199  INFO     RX        /ERR/LOKO/0x00000002
11:32:57.230  INFO     RX        /ERR/LOKO/0x00000002
11:32:57.230  INFO     RX        /ERR/LOKO/0x00000002
11:32:57.263  INFO     RX        /ERR/LOKO/0x00000002
11:32:57.263  INFO     RX        /ERR/LOKO/0x00000002
11:32:57.263  INFO     RX        /ERR/LOKO/0x00000002
11:32:57.296  INFO     RX        /ERR/LOKO/0x00000002
11:32:57.296  INFO     RX        /ERR/LOKO/0x00000002
11:32:57.296  INFO     RX        /ERR/LOKO/0x00000002
11:32:57.327  INFO     RX        /ERR/LOKO/0x00000002
11:32:57.327  INFO     RX        /ERR/LOKO/0x00000002
11:32:57.360  INFO     RX        /ERR/LOKO/0x00000002
11:32:57.360  INFO     RX        /ERR/LOKO/0x00000002
11:32:57.360  INFO     RX        /ERR/LOKO/0x00000002
11:32:57.391  INFO     RX        /ERR/LOKO/0x00000002
11:32:57.391  INFO     RX        /ERR/LOKO/0x00000002
11:32:57.391  INFO     RX        /ERR/LOKO/0x00000002
11:32:57.424  INFO     RX        /ERR/LOKO/0x00000002
11:32:57.424  INFO     RX        /ERR/LOKO/0x00000002
11:32:57.424  INFO     RX        /ERR/LOKO/0x00000002
11:32:57.456  INFO     RX        /ERR/LOKO/0x00000002
11:32:57.456  INFO     RX        /ERR/LOKO/0x00000002
11:32:57.489  INFO     RX        /ERR/LOKO/0x00000002
11:32:57.489  INFO     RX        /ERR/LOKO/0x00000002
11:32:57.489  INFO     RX        /ERR/LOKO/0x00000002
11:32:57.518  INFO     RX        /ERR/LOKO/0x00000002
11:32:57.519  INFO     RX        /ERR/LOKO/0x00000002
11:32:57.519  INFO     RX        /ERR/LOKO/0x00000002
11:32:57.553  INFO     RX        /ERR/LOKO/0x00000002
11:32:57.553  INFO     RX        /ERR/LOKO/0x00000002
11:32:57.588  INFO     RX        /ERR/LOKO/0x00000002
11:32:57.588  INFO     RX        /ERR/LOKO/0x00000002
11:32:57.588  INFO     RX        /ERR/LOKO/0x00000002
11:32:57.616  INFO     RX        /ERR/LOKO/0x00000002
11:32:57.616  INFO     RX        /ERR/LOKO/0x00000002
11:32:57.616  INFO     RX        /ERR/LOKO/0x00000002
11:32:57.647  INFO     RX        /ERR/LOKO/0x00000002
11:32:57.647  INFO     RX        /ERR/LOKO/0x00000002
11:32:57.648  INFO     RX        /ERR/LOKO/0x00000002
11:32:57.680  INFO     RX        /ERR/LOKO/0x00000002
11:32:57.680  INFO     RX        /ERR/LOKO/0x00000002
11:32:57.717  INFO     RX        /ERR/LOKO/0x00000002
11:32:57.717  INFO     RX        /ERR/LOKO/0x00000002
11:32:57.717  INFO     RX        /ERR/LOKO/0x00000002
11:32:57.744  INFO     RX        /ERR/LOKO/0x00000002
11:32:57.745  INFO     RX        /ERR/LOKO/0x00000002
11:32:57.745  INFO     RX        /ERR/LOKO/0x00000002
11:32:57.776  INFO     RX        /ERR/LOKO/0x00000002
11:32:57.776  INFO     RX        /ERR/LOKO/0x00000002
11:32:57.809  INFO     RX        /ERR/LOKO/0x00000002
11:32:57.809  INFO     RX        /ERR/LOKO/0x00000002
11:32:57.809  INFO     RX        /ERR/LOKO/0x00000002
11:32:57.841  INFO     RX        /ERR/LOKO/0x00000002
11:32:57.841  INFO     RX        /ERR/LOKO/0x00000002
11:32:57.841  INFO     RX        /ERR/LOKO/0x00000002
11:32:57.875  INFO     RX        /ERR/LOKO/0x00000002
11:32:57.875  INFO     RX        /ERR/LOKO/0x00000002
11:32:57.875  INFO     RX        /ERR/LOKO/0x00000002
11:32:57.905  INFO     RX        /ERR/LOKO/0x00000002
11:32:57.905  INFO     RX        /ERR/LOKO/0x00000002
11:32:57.938  INFO     RX        /ERR/LOKO/0x00000002
11:32:57.938  INFO     RX        /ERR/LOKO/0x00000002
11:32:57.938  INFO     RX        /ERR/LOKO/0x00000002
11:32:57.970  INFO     RX        /ERR/LOKO/0x00000002
11:32:57.970  INFO     RX        /ERR/LOKO/0x00000002
11:32:57.970  INFO     RX        /ERR/LOKO/0x00000002
11:32:58.003  INFO     RX        /ERR/LOKO/0x00000002
11:32:58.003  INFO     RX        /ERR/LOKO/0x00000002
11:32:58.003  INFO     RX        /ERR/LOKO/0x00000002
11:32:58.033  INFO     RX        /ERR/LOKO/0x00000002
11:32:58.033  INFO     RX        /ERR/LOKO/0x00000002
11:32:58.065  INFO     RX        /ERR/LOKO/0x00000002
11:32:58.065  INFO     RX        /ERR/LOKO/0x00000002
11:32:58.065  INFO     RX        /ERR/LOKO/0x00000002
11:32:58.097  INFO     RX        /ERR/LOKO/0x00000002
11:32:58.097  INFO     RX        /ERR/LOKO/0x00000002
11:32:58.097  INFO     RX        /ERR/LOKO/0x00000002
11:32:58.236  INFO     RX        /ERR/LOKO/0x00000002
11:32:58.237  INFO     RX        /ERR/LOKO/0x00000002
11:32:58.237  INFO     RX        /ERR/LOKO/0x00000002
11:32:58.237  INFO     RX        /ERR/LOKO/0x00000002
11:32:58.237  INFO     RX        /ERR/LOKO/0x00000002
11:32:58.237  INFO     RX        /ERR/LOKO/0x00000002
11:32:58.237  INFO     RX        /ERR/LOKO/0x00000002
11:32:58.238  INFO     RX        /ERR/LOKO/0x00000002
11:32:58.238  INFO     RX        /ERR/LOKO/0x00000002
11:32:58.238  INFO     RX        /ERR/LOKO/0x00000002
11:32:58.238  INFO     RX        /ERR/LOKO/0x00000002
11:32:58.238  INFO     RX        /ERR/LOKO/0x00000002
11:32:58.258  INFO     RX        /ERR/LOKO/0x00000002
11:32:58.291  INFO     RX        /ERR/LOKO/0x00000002
11:32:58.291  INFO     RX        /ERR/LOKO/0x00000002
11:32:58.291  INFO     RX        /ERR/LOKO/0x00000002
11:32:58.322  INFO     RX        /ERR/LOKO/0x00000002
11:32:58.322  INFO     RX        /ERR/LOKO/0x00000002
11:32:58.322  INFO     RX        /ERR/LOKO/0x00000002
11:32:58.354  INFO     RX        /ERR/LOKO/0x00000002
11:32:58.354  INFO     RX        /ERR/LOKO/0x00000002
11:32:58.354  INFO     RX        /ERR/LOKO/0x00000002
11:32:58.387  INFO     RX        /ERR/LOKO/0x00000002
11:32:58.387  INFO     RX        /ERR/LOKO/0x00000002
11:32:58.422  INFO     RX        /ERR/LOKO/0x00000002
11:32:58.423  INFO     RX        /ERR/LOKO/0x00000002
11:32:58.423  INFO     RX        /ERR/LOKO/0x00000002
11:32:58.452  INFO     RX        /ERR/LOKO/0x00000002
11:32:58.483  INFO     RX        /ERR/LOKO/0x00000002
11:32:58.522  INFO     RX        /ERR/LOKO/0x00000002
11:32:58.548  INFO     RX        /ERR/LOKO/0x00000002
11:32:58.586  INFO     RX        /ERR/LOKO/0x00000002
11:32:58.648  INFO     RX        /ERR/LOKO/0x00000002
11:32:58.677  INFO     RX        /ERR/LOKO/0x00000002
11:32:58.709  INFO     RX        /ERR/LOKO/0x00000002
11:32:58.741  INFO     RX        /ERR/LOKO/0x00000002
11:32:58.801  DEBUG    TX /CONTROLL/-46,-13,-16,-100,0,0,0,0,0
11:32:58.804  INFO     RX        /ERR/LOKO/0x00000002
11:32:58.836  INFO     RX        /ERR/LOKO/0x00000002
11:32:58.868  INFO     RX        /ERR/LOKO/0x00000002
11:32:58.901  INFO     RX        /ERR/LOKO/0x00000002
11:32:58.934  INFO     RX        /ERR/LOKO/0x00000002
11:32:58.965  INFO     RX        /ERR/LOKO/0x00000002
11:32:58.965  INFO     RX        /ERR/LOKO/0x00000002
11:32:58.997  INFO     RX        /ERR/LOKO/0x00000002
11:32:58.997  INFO     RX        /ERR/LOKO/0x00000002
11:32:58.997  INFO     RX        /ERR/LOKO/0x00000002
11:32:59.029  INFO     RX        /ERR/LOKO/0x00000002
11:32:59.061  INFO     RX        /ERR/LOKO/0x00000002
11:32:59.095  INFO     RX        /ERR/LOKO/0x00000002
11:32:59.127  INFO     RX        /ERR/LOKO/0x00000002
11:32:59.159  INFO     RX        /ERR/LOKO/0x00000002
11:32:59.224  INFO     RX        /ERR/LOKO/0x00000002
11:32:59.259  INFO     RX        /ERR/LOKO/0x00000002
11:32:59.289  INFO     RX        /ERR/LOKO/0x00000002
11:32:59.320  INFO     RX        /ERR/LOKO/0x00000002
11:32:59.361  INFO     RX        /ERR/LOKO/0x00000002
11:32:59.391  INFO     RX        /ERR/LOKO/0x00000002
11:32:59.453  INFO     RX        /ERR/LOKO/0x00000002
11:32:59.483  INFO     RX        /ERR/LOKO/0x00000002
11:32:59.516  INFO     RX        /ERR/LOKO/0x00000002
11:32:59.546  INFO     RX        /ERR/LOKO/0x00000002
11:32:59.610  INFO     RX        /ERR/LOKO/0x00000002
11:32:59.644  INFO     RX        /ERR/LOKO/0x00000002
11:32:59.676  INFO     RX        /ERR/LOKO/0x00000002
11:32:59.709  INFO     RX        /ERR/LOKO/0x00000002
11:32:59.741  INFO     RX        /ERR/LOKO/0x00000002
11:32:59.802  INFO     RX        /ERR/LOKO/0x00000002
11:32:59.835  INFO     RX        /ERR/LOKO/0x00000002
11:32:59.867  INFO     RX        /ERR/LOKO/0x00000002
11:32:59.899  INFO     RX        /ERR/LOKO/0x00000002
11:32:59.932  INFO     RX        /ERR/LOKO/0x00000002
11:32:59.996  INFO     RX        /ERR/LOKO/0x00000002
11:33:00.028  INFO     RX        /ERR/LOKO/0x00000002
11:33:00.060  INFO     RX        /ERR/LOKO/0x00000002
11:33:00.093  INFO     RX        /ERR/LOKO/0x00000002
11:33:00.158  INFO     RX        /ERR/LOKO/0x00000002
11:33:00.189  INFO     RX        /ERR/LOKO/0x00000002
11:33:00.222  INFO     RX        /ERR/LOKO/0x00000002
11:33:00.256  INFO     RX        /ERR/LOKO/0x00000002
11:33:00.286  INFO     RX        /ERR/LOKO/0x00000002
11:33:00.359  INFO     RX        /ERR/LOKO/0x00000002
11:33:00.359  INFO     RX        /ERR/LOKO/0x00000002
11:33:00.359  INFO     RX        /ERR/LOKO/0x00000002
11:33:00.359  INFO     RX        /ERR/LOKO/0x00000002
11:33:00.385  INFO     RX        /ERR/LOKO/0x00000002
11:33:00.385  INFO     RX        /ERR/LOKO/0x00000002
11:33:00.412  DEBUG    TX /CONTROLL/0,0,-33,-100,0,0,0,0,0
11:33:00.435  INFO     RX        /ERR/LOKO/0x00000002
11:33:00.435  INFO     RX        /ERR/LOKO/0x00000002
11:33:00.435  INFO     RX        /ERR/LOKO/0x00000002
11:33:00.435  INFO     RX        /ERR/LOKO/0x00000002
11:33:00.449  INFO     RX        /ERR/LOKO/0x00000002
11:33:00.485  INFO     RX        /ERR/LOKO/0x00000002
11:33:00.486  INFO     RX        /ERR/LOKO/0x00000002
11:33:00.486  INFO     RX        /ERR/LOKO/0x00000002
11:33:00.519  INFO     RX        /ERR/LOKO/0x00000002
11:33:00.519  INFO     RX        /ERR/LOKO/0x00000002
11:33:00.519  INFO     RX        /ERR/LOKO/0x00000002
11:33:00.555  INFO     RX        /ERR/LOKO/0x00000002
11:33:00.555  INFO     RX        /ERR/LOKO/0x00000002
11:33:00.555  INFO     RX        /ERR/LOKO/0x00000002
11:33:00.583  INFO     RX        /ERR/LOKO/0x00000002
11:33:00.583  INFO     RX        /ERR/LOKO/0x00000002
11:33:00.583  INFO     RX        /ERR/LOKO/0x00000002
11:33:00.613  INFO     RX        /ERR/LOKO/0x00000002
11:33:00.613  INFO     RX        /ERR/LOKO/0x00000002
11:33:00.646  INFO     RX        /ERR/LOKO/0x00000002
11:33:00.646  INFO     RX        /ERR/LOKO/0x00000002
11:33:00.646  INFO     RX        /ERR/LOKO/0x00000002
11:33:00.680  INFO     RX        /ERR/LOKO/0x00000002
11:33:00.680  INFO     RX        /ERR/LOKO/0x00000002
11:33:00.680  INFO     RX        /ERR/LOKO/0x00000002
11:33:00.708  INFO     RX        /ERR/LOKO/0x00000002
11:33:00.708  INFO     RX        /ERR/LOKO/0x00000002
11:33:00.740  INFO     RX        /ERR/LOKO/0x00000002
11:33:00.741  INFO     RX        /ERR/LOKO/0x00000002
11:33:00.741  INFO     RX        /ERR/LOKO/0x00000002
11:33:00.775  INFO     RX        /ERR/LOKO/0x00000002
11:33:00.775  INFO     RX        /ERR/LOKO/0x00000002
11:33:00.775  INFO     RX        /ERR/LOKO/0x00000002
11:33:00.805  INFO     RX        /ERR/LOKO/0x00000002
11:33:00.805  INFO     RX        /ERR/LOKO/0x00000002
11:33:00.805  INFO     RX        /ERR/LOKO/0x00000002
11:33:00.837  INFO     RX        /ERR/LOKO/0x00000002
11:33:00.837  INFO     RX        /ERR/LOKO/0x00000002
11:33:00.870  INFO     RX        /ERR/LOKO/0x00000002
11:33:00.870  INFO     RX        /ERR/LOKO/0x00000002
11:33:00.870  INFO     RX        /ERR/LOKO/0x00000002
11:33:00.901  INFO     RX        /ERR/LOKO/0x00000002
11:33:00.901  INFO     RX        /ERR/LOKO/0x00000002
11:33:00.901  INFO     RX        /ERR/LOKO/0x00000002
11:33:00.933  INFO     RX        /ERR/LOKO/0x00000002
11:33:00.965  INFO     RX        /ERR/LOKO/0x00000002
11:33:00.998  INFO     RX        /ERR/LOKO/0x00000002
11:33:01.030  INFO     RX        /ERR/LOKO/0x00000002
11:33:01.094  INFO     RX        /ERR/LOKO/0x00000002
11:33:01.231  INFO     RX        /ERR/LOKO/0x00000002
11:33:01.232  INFO     RX        /ERR/LOKO/0x00000002
11:33:01.232  INFO     RX        /ERR/LOKO/0x00000002
11:33:01.232  INFO     RX        /ERR/LOKO/0x00000002
11:33:01.286  INFO     RX        /ERR/LOKO/0x00000002
11:33:01.323  INFO     RX        /ERR/LOKO/0x00000002
11:33:01.353  INFO     RX        /ERR/LOKO/0x00000002
11:33:01.385  INFO     RX        /ERR/LOKO/0x00000002
11:33:01.455  INFO     RX        /ERR/LOKO/0x00000002
11:33:01.486  INFO     RX        /ERR/LOKO/0x00000002
11:33:01.513  INFO     RX        /ERR/LOKO/0x00000002
11:33:01.548  INFO     RX        /ERR/LOKO/0x00000002
11:33:01.580  INFO     RX        /ERR/LOKO/0x00000002
11:33:01.611  INFO     RX        /ERR/LOKO/0x00000002
11:33:01.680  INFO     RX        /ERR/LOKO/0x00000002
11:33:01.707  INFO     RX        /ERR/LOKO/0x00000002
11:33:01.738  INFO     RX        /ERR/LOKO/0x00000002
11:33:01.771  INFO     RX        /ERR/LOKO/0x00000002
11:33:01.834  INFO     RX        /ERR/LOKO/0x00000002
11:33:01.866  INFO     RX        /ERR/LOKO/0x00000002
11:33:01.899  INFO     RX        /ERR/LOKO/0x00000002
11:33:01.899  INFO     RX        /ERR/LOKO/0x00000002
11:33:01.933  INFO     RX        /ERR/LOKO/0x00000002
11:33:01.933  INFO     RX        /ERR/LOKO/0x00000002
11:33:01.933  INFO     RX        /ERR/LOKO/0x00000002
11:33:01.963  INFO     RX        /ERR/LOKO/0x00000002
11:33:01.963  INFO     RX        /ERR/LOKO/0x00000002
11:33:01.963  INFO     RX        /ERR/LOKO/0x00000002
11:33:01.995  INFO     RX        /ERR/LOKO/0x00000002
11:33:01.995  INFO     RX        /ERR/LOKO/0x00000002
11:33:02.023  DEBUG    TX /CONTROLL/0,-14,-33,-100,0,0,0,0,0
11:33:02.025  INFO     RX        /ERR/LOKO/0x00000002
11:33:02.025  INFO     RX        /ERR/LOKO/0x00000002
11:33:02.025  INFO     RX        /ERR/LOKO/0x00000002
11:33:02.058  INFO     RX        /ERR/LOKO/0x00000002
11:33:02.058  INFO     RX        /ERR/LOKO/0x00000002
11:33:02.058  INFO     RX        /ERR/LOKO/0x00000002
11:33:02.091  INFO     RX        /ERR/LOKO/0x00000002
11:33:02.091  INFO     RX        /ERR/LOKO/0x00000002
11:33:02.122  INFO     RX        /ERR/LOKO/0x00000002
11:33:02.122  INFO     RX        /ERR/LOKO/0x00000002
11:33:02.122  INFO     RX        /ERR/LOKO/0x00000002
11:33:02.154  INFO     RX        /ERR/LOKO/0x00000002
11:33:02.154  INFO     RX        /ERR/LOKO/0x00000002
11:33:02.154  INFO     RX        /ERR/LOKO/0x00000002
11:33:02.187  INFO     RX        /ERR/LOKO/0x00000002
11:33:02.187  INFO     RX        /ERR/LOKO/0x00000002
11:33:02.187  INFO     RX        /ERR/LOKO/0x00000002
11:33:02.222  INFO     RX        /ERR/LOKO/0x00000002
11:33:02.222  INFO     RX        /ERR/LOKO/0x00000002
11:33:02.222  INFO     RX        /ERR/LOKO/0x00000002
11:33:02.253  INFO     RX        /ERR/LOKO/0x00000002
11:33:02.253  INFO     RX        /ERR/LOKO/0x00000002
11:33:02.285  INFO     RX        /ERR/LOKO/0x00000002
11:33:02.285  INFO     RX        /ERR/LOKO/0x00000002
11:33:02.285  INFO     RX        /ERR/LOKO/0x00000002
11:33:02.321  INFO     RX        /ERR/LOKO/0x00000002
11:33:02.321  INFO     RX        /ERR/LOKO/0x00000002
11:33:02.321  INFO     RX        /ERR/LOKO/0x00000002
11:33:02.348  INFO     RX        /ERR/LOKO/0x00000002
11:33:02.348  INFO     RX        /ERR/LOKO/0x00000002
11:33:02.379  INFO     RX        /ERR/LOKO/0x00000002
11:33:02.379  INFO     RX        /ERR/LOKO/0x00000002
11:33:02.414  INFO     RX        /ERR/LOKO/0x00000002
11:33:02.414  INFO     RX        /ERR/LOKO/0x00000002
11:33:02.414  INFO     RX        /ERR/LOKO/0x00000002
11:33:02.414  INFO     RX        /ERR/LOKO/0x00000002
11:33:02.448  INFO     RX        /ERR/LOKO/0x00000002
11:33:02.448  INFO     RX        /ERR/LOKO/0x00000002
11:33:02.448  INFO     RX        /ERR/LOKO/0x00000002
11:33:02.480  INFO     RX        /ERR/LOKO/0x00000002
11:33:02.480  INFO     RX        /ERR/LOKO/0x00000002
11:33:02.509  INFO     RX        /ERR/LOKO/0x00000002
11:33:02.509  INFO     RX        /ERR/LOKO/0x00000002
11:33:02.509  INFO     RX        /ERR/LOKO/0x00000002
11:33:02.541  INFO     RX        /ERR/LOKO/0x00000002
11:33:02.542  INFO     RX        /ERR/LOKO/0x00000002
11:33:02.571  INFO     RX        /ERR/LOKO/0x00000002
11:33:02.571  INFO     RX        /ERR/LOKO/0x00000002
11:33:02.571  INFO     RX        /ERR/LOKO/0x00000002
11:33:02.604  INFO     RX        /ERR/LOKO/0x00000002
11:33:02.604  INFO     RX        /ERR/LOKO/0x00000002
11:33:02.604  INFO     RX        /ERR/LOKO/0x00000002
11:33:02.639  INFO     RX        /ERR/LOKO/0x00000002
11:33:02.639  INFO     RX        /ERR/LOKO/0x00000002
11:33:02.639  INFO     RX        /ERR/LOKO/0x00000002
11:33:02.668  INFO     RX        /ERR/LOKO/0x00000002
11:33:02.668  INFO     RX        /ERR/LOKO/0x00000002
11:33:02.700  INFO     RX        /ERR/LOKO/0x00000002
11:33:02.700  INFO     RX        /ERR/LOKO/0x00000002
11:33:02.700  INFO     RX        /ERR/LOKO/0x00000002
11:33:02.732  INFO     RX        /ERR/LOKO/0x00000002
11:33:02.732  INFO     RX        /ERR/LOKO/0x00000002
11:33:02.732  INFO     RX        /ERR/LOKO/0x00000002
11:33:02.764  INFO     RX        /ERR/LOKO/0x00000002
11:33:02.764  INFO     RX        /ERR/LOKO/0x00000002
11:33:02.796  INFO     RX        /ERR/LOKO/0x00000002
11:33:02.796  INFO     RX        /ERR/LOKO/0x00000002
11:33:02.796  INFO     RX        /ERR/LOKO/0x00000002
11:33:02.828  INFO     RX        /ERR/LOKO/0x00000002
11:33:02.828  INFO     RX        /ERR/LOKO/0x00000002
11:33:02.828  INFO     RX        /ERR/LOKO/0x00000002
11:33:02.861  INFO     RX        /ERR/LOKO/0x00000002
11:33:02.861  INFO     RX        /ERR/LOKO/0x00000002
11:33:02.861  INFO     RX        /ERR/LOKO/0x00000002
11:33:02.895  INFO     RX        /ERR/LOKO/0x00000002
11:33:02.895  INFO     RX        /ERR/LOKO/0x00000002
11:33:02.925  INFO     RX        /ERR/LOKO/0x00000002
11:33:02.925  INFO     RX        /ERR/LOKO/0x00000002
11:33:02.925  INFO     RX        /ERR/LOKO/0x00000002
11:33:02.957  INFO     RX        /ERR/LOKO/0x00000002
11:33:02.957  INFO     RX        /ERR/LOKO/0x00000002
11:33:02.957  INFO     RX        /ERR/LOKO/0x00000002
11:33:02.991  INFO     RX        /ERR/LOKO/0x00000002
11:33:02.991  INFO     RX        /ERR/LOKO/0x00000002
11:33:02.991  INFO     RX        /ERR/LOKO/0x00000002
11:33:03.023  INFO     RX        /ERR/LOKO/0x00000002
11:33:03.024  INFO     RX        /ERR/LOKO/0x00000002
11:33:03.055  INFO     RX        /ERR/LOKO/0x00000002
11:33:03.056  INFO     RX        /ERR/LOKO/0x00000002
11:33:03.056  INFO     RX        /ERR/LOKO/0x00000002
11:33:03.088  INFO     RX        /ERR/LOKO/0x00000002
11:33:03.088  INFO     RX        /ERR/LOKO/0x00000002
11:33:03.088  INFO     RX        /ERR/LOKO/0x00000002
11:33:03.121  INFO     RX        /ERR/LOKO/0x00000002
11:33:03.121  INFO     RX        /ERR/LOKO/0x00000002
11:33:03.121  INFO     RX        /ERR/LOKO/0x00000002
11:33:03.155  INFO     RX        /ERR/LOKO/0x00000002
11:33:03.155  INFO     RX        /ERR/LOKO/0x00000002
11:33:03.156  INFO     RX        /ERR/LOKO/0x00000002
11:33:03.184  INFO     RX        /ERR/LOKO/0x00000002
11:33:03.184  INFO     RX        /ERR/LOKO/0x00000002
11:33:03.216  INFO     RX        /ERR/LOKO/0x00000002
11:33:03.216  INFO     RX        /ERR/LOKO/0x00000002
11:33:03.216  INFO     RX        /ERR/LOKO/0x00000002
11:33:03.250  INFO     RX        /ERR/LOKO/0x00000002
11:33:03.250  INFO     RX        /ERR/LOKO/0x00000002
11:33:03.250  INFO     RX        /ERR/LOKO/0x00000002
11:33:03.280  INFO     RX        /ERR/LOKO/0x00000002
11:33:03.280  INFO     RX        /ERR/LOKO/0x00000002
11:33:03.313  INFO     RX        /ERR/LOKO/0x00000002
11:33:03.313  INFO     RX        /ERR/LOKO/0x00000002
11:33:03.313  INFO     RX        /ERR/LOKO/0x00000002
11:33:03.343  INFO     RX        /ERR/LOKO/0x00000002
11:33:03.343  INFO     RX        /ERR/LOKO/0x00000002
11:33:03.375  INFO     RX        /ERR/LOKO/0x00000002
11:33:03.375  INFO     RX        /ERR/LOKO/0x00000002
11:33:03.375  INFO     RX        /ERR/LOKO/0x00000002
11:33:03.407  INFO     RX        /ERR/LOKO/0x00000002
11:33:03.407  INFO     RX        /ERR/LOKO/0x00000002
11:33:03.407  INFO     RX        /ERR/LOKO/0x00000002
11:33:03.440  INFO     RX        /ERR/LOKO/0x00000002
11:33:03.440  INFO     RX        /ERR/LOKO/0x00000002
11:33:03.440  INFO     RX        /ERR/LOKO/0x00000002
11:33:03.472  INFO     RX        /ERR/LOKO/0x00000002
11:33:03.472  INFO     RX        /ERR/LOKO/0x00000002
11:33:03.504  INFO     RX        /ERR/LOKO/0x00000002
11:33:03.504  INFO     RX        /ERR/LOKO/0x00000002
11:33:03.504  INFO     RX        /ERR/LOKO/0x00000002
11:33:03.536  INFO     RX        /ERR/LOKO/0x00000002
11:33:03.536  INFO     RX        /ERR/LOKO/0x00000002
11:33:03.536  INFO     RX        /ERR/LOKO/0x00000002
11:33:03.568  INFO     RX        /ERR/LOKO/0x00000002
11:33:03.568  INFO     RX        /ERR/LOKO/0x00000002
11:33:03.568  INFO     RX        /ERR/LOKO/0x00000002
11:33:03.601  INFO     RX        /ERR/LOKO/0x00000002
11:33:03.601  INFO     RX        /ERR/LOKO/0x00000002
11:33:03.629  DEBUG    TX /CONTROLL/0,-16,0,-100,0,0,0,0,0
11:33:03.633  INFO     RX        /ERR/LOKO/0x00000002
11:33:03.633  INFO     RX        /ERR/LOKO/0x00000002
11:33:03.633  INFO     RX        /ERR/LOKO/0x00000002
11:33:03.665  INFO     RX        /ERR/LOKO/0x00000002
11:33:03.665  INFO     RX        /ERR/LOKO/0x00000002
11:33:03.665  INFO     RX        /ERR/LOKO/0x00000002
11:33:03.697  INFO     RX        /ERR/LOKO/0x00000002
11:33:03.698  INFO     RX        /ERR/LOKO/0x00000002
11:33:03.729  INFO     RX        /ERR/LOKO/0x00000002
11:33:03.729  INFO     RX        /ERR/LOKO/0x00000002
11:33:03.729  INFO     RX        /ERR/LOKO/0x00000002
11:33:03.762  INFO     RX        /ERR/LOKO/0x00000002
11:33:03.762  INFO     RX        /ERR/LOKO/0x00000002
11:33:03.762  INFO     RX        /ERR/LOKO/0x00000002
11:33:03.794  INFO     RX        /ERR/LOKO/0x00000002
11:33:03.794  INFO     RX        /ERR/LOKO/0x00000002
11:33:03.794  INFO     RX        /ERR/LOKO/0x00000002
11:33:03.826  INFO     RX        /ERR/LOKO/0x00000002
11:33:03.826  INFO     RX        /ERR/LOKO/0x00000002
11:33:03.857  INFO     RX        /ERR/LOKO/0x00000002
11:33:03.857  INFO     RX        /ERR/LOKO/0x00000002
11:33:03.857  INFO     RX        /ERR/LOKO/0x00000002
11:33:03.890  INFO     RX        /ERR/LOKO/0x00000002
11:33:03.890  INFO     RX        /ERR/LOKO/0x00000002
11:33:03.890  INFO     RX        /ERR/LOKO/0x00000002
11:33:03.926  INFO     RX        /ERR/LOKO/0x00000002
11:33:04.279  INFO     RX        /ERR/LOKO/0x00000002
11:33:04.280  INFO     RX        /ERR/LOKO/0x00000002
11:33:04.312  INFO     RX        /ERR/LOKO/0x00000002
11:33:04.312  INFO     RX        /ERR/LOKO/0x00000002
11:33:04.346  INFO     RX        /ERR/LOKO/0x00000002
11:33:04.346  INFO     RX        /ERR/LOKO/0x00000002
11:33:04.346  INFO     RX        /ERR/LOKO/0x00000002
11:33:04.373  INFO     RX        /ERR/LOKO/0x00000002
11:33:04.373  INFO     RX        /ERR/LOKO/0x00000002
11:33:04.373  INFO     RX        /ERR/LOKO/0x00000002
11:33:04.407  INFO     RX        /ERR/LOKO/0x00000002
11:33:04.408  INFO     RX        /ERR/LOKO/0x00000002
11:33:04.408  INFO     RX        /ERR/LOKO/0x00000002
11:33:04.447  INFO     RX        /ERR/LOKO/0x00000002
11:33:04.447  INFO     RX        /ERR/LOKO/0x00000002
11:33:04.447  INFO     RX        /ERR/LOKO/0x00000002
11:33:04.468  INFO     RX        /ERR/LOKO/0x00000002
11:33:04.469  INFO     RX        /ERR/LOKO/0x00000002
11:33:04.501  INFO     RX        /ERR/LOKO/0x00000002
11:33:04.501  INFO     RX        /ERR/LOKO/0x00000002
11:33:04.501  INFO     RX        /ERR/LOKO/0x00000002
11:33:04.533  INFO     RX        /ERR/LOKO/0x00000002
11:33:04.533  INFO     RX        /ERR/LOKO/0x00000002
11:33:04.565  INFO     RX        /ERR/LOKO/0x00000002
11:33:04.565  INFO     RX        /ERR/LOKO/0x00000002
11:33:04.565  INFO     RX        /ERR/LOKO/0x00000002
11:33:04.598  INFO     RX        /ERR/LOKO/0x00000002
11:33:04.598  INFO     RX        /ERR/LOKO/0x00000002
11:33:04.598  INFO     RX        /ERR/LOKO/0x00000002
11:33:04.631  INFO     RX        /ERR/LOKO/0x00000002
11:33:04.631  INFO     RX        /ERR/LOKO/0x00000002
11:33:04.631  INFO     RX        /ERR/LOKO/0x00000002
11:33:04.663  INFO     RX        /ERR/LOKO/0x00000002
11:33:04.663  INFO     RX        /ERR/LOKO/0x00000002
11:33:04.695  INFO     RX        /ERR/LOKO/0x00000002
11:33:04.695  INFO     RX        /ERR/LOKO/0x00000002
11:33:04.695  INFO     RX        /ERR/LOKO/0x00000002
11:33:04.727  INFO     RX        /ERR/LOKO/0x00000002
11:33:04.728  INFO     RX        /ERR/LOKO/0x00000002
11:33:04.728  INFO     RX        /ERR/LOKO/0x00000002
11:33:04.760  INFO     RX        /ERR/LOKO/0x00000002
11:33:04.760  INFO     RX        /ERR/LOKO/0x00000002
11:33:04.760  INFO     RX        /ERR/LOKO/0x00000002
11:33:04.790  INFO     RX        /ERR/LOKO/0x00000002
11:33:04.791  INFO     RX        /ERR/LOKO/0x00000002
11:33:04.823  INFO     RX        /ERR/LOKO/0x00000002
11:33:04.823  INFO     RX        /ERR/LOKO/0x00000002
11:33:04.823  INFO     RX        /ERR/LOKO/0x00000002
11:33:04.855  INFO     RX        /ERR/LOKO/0x00000002
11:33:04.855  INFO     RX        /ERR/LOKO/0x00000002
11:33:04.855  INFO     RX        /ERR/LOKO/0x00000002
11:33:04.888  INFO     RX        /ERR/LOKO/0x00000002
11:33:04.888  INFO     RX        /ERR/LOKO/0x00000002
11:33:04.888  INFO     RX        /ERR/LOKO/0x00000002
11:33:04.921  INFO     RX        /ERR/LOKO/0x00000002
11:33:04.921  INFO     RX        /ERR/LOKO/0x00000002
11:33:04.952  INFO     RX        /ERR/LOKO/0x00000002
11:33:04.952  INFO     RX        /ERR/LOKO/0x00000002
11:33:04.952  INFO     RX        /ERR/LOKO/0x00000002
11:33:04.989  INFO     RX        /ERR/LOKO/0x00000002
11:33:04.989  INFO     RX        /ERR/LOKO/0x00000002
11:33:04.989  INFO     RX        /ERR/LOKO/0x00000002
11:33:05.018  INFO     RX        /ERR/LOKO/0x00000002
11:33:05.018  INFO     RX        /ERR/LOKO/0x00000002
11:33:05.018  INFO     RX        /ERR/LOKO/0x00000002
11:33:05.054  INFO     RX        /ERR/LOKO/0x00000002
11:33:05.055  INFO     RX        /ERR/LOKO/0x00000002
11:33:05.055  INFO     RX        /ERR/LOKO/0x00000002
11:33:05.083  INFO     RX        /ERR/LOKO/0x00000002
11:33:05.083  INFO     RX        /ERR/LOKO/0x00000002
11:33:05.121  INFO     RX        /ERR/LOKO/0x00000002
11:33:05.121  INFO     RX        /ERR/LOKO/0x00000002
11:33:05.121  INFO     RX        /ERR/LOKO/0x00000002
11:33:05.147  INFO     RX        /ERR/LOKO/0x00000002
11:33:05.147  INFO     RX        /ERR/LOKO/0x00000002
11:33:05.180  INFO     RX        /ERR/LOKO/0x00000002
11:33:05.180  INFO     RX        /ERR/LOKO/0x00000002
11:33:05.180  INFO     RX        /ERR/LOKO/0x00000002
11:33:05.217  INFO     RX        /ERR/LOKO/0x00000002
11:33:05.217  INFO     RX        /ERR/LOKO/0x00000002
11:33:05.217  INFO     RX        /ERR/LOKO/0x00000002
11:33:05.239  DEBUG    TX /CONTROLL/0,-16,0,-100,0,0,0,0,0
11:33:05.244  INFO     RX        /ERR/LOKO/0x00000002
11:33:05.244  INFO     RX        /ERR/LOKO/0x00000002
11:33:05.245  INFO     RX        /ERR/LOKO/0x00000002
11:33:05.282  INFO     RX        /ERR/LOKO/0x00000002
11:33:05.283  INFO     RX        /ERR/LOKO/0x00000002
11:33:05.308  INFO     RX        /ERR/LOKO/0x00000002
11:33:05.308  INFO     RX        /ERR/LOKO/0x00000002
11:33:05.308  INFO     RX        /ERR/LOKO/0x00000002
11:33:05.339  INFO     RX        /ERR/LOKO/0x00000002
11:33:05.339  INFO     RX        /ERR/LOKO/0x00000002
11:33:05.339  INFO     RX        /ERR/LOKO/0x00000002
11:33:05.370  INFO     RX        /ERR/LOKO/0x00000002
11:33:05.370  INFO     RX        /ERR/LOKO/0x00000002
11:33:05.403  INFO     RX        /ERR/LOKO/0x00000002
11:33:05.403  INFO     RX        /ERR/LOKO/0x00000002
11:33:05.403  INFO     RX        /ERR/LOKO/0x00000002
11:33:05.435  INFO     RX        /ERR/LOKO/0x00000002
11:33:05.435  INFO     RX        /ERR/LOKO/0x00000002
11:33:05.435  INFO     RX        /ERR/LOKO/0x00000002
11:33:05.467  INFO     RX        /ERR/LOKO/0x00000002
11:33:05.467  INFO     RX        /ERR/LOKO/0x00000002
11:33:05.467  INFO     RX        /ERR/LOKO/0x00000002
11:33:05.499  INFO     RX        /ERR/LOKO/0x00000002
11:33:05.499  INFO     RX        /ERR/LOKO/0x00000002
11:33:05.531  INFO     RX        /ERR/LOKO/0x00000002
11:33:05.531  INFO     RX        /ERR/LOKO/0x00000002
11:33:05.531  INFO     RX        /ERR/LOKO/0x00000002
11:33:05.565  INFO     RX        /ERR/LOKO/0x00000002
11:33:05.565  INFO     RX        /ERR/LOKO/0x00000002
11:33:05.565  INFO     RX        /ERR/LOKO/0x00000002
11:33:05.601  INFO     RX        /ERR/LOKO/0x00000002
11:33:05.601  INFO     RX        /ERR/LOKO/0x00000002
11:33:05.601  INFO     RX        /ERR/LOKO/0x00000002
11:33:05.628  INFO     RX        /ERR/LOKO/0x00000002
11:33:05.629  INFO     RX        /ERR/LOKO/0x00000002
11:33:05.661  INFO     RX        /ERR/LOKO/0x00000002
11:33:05.661  INFO     RX        /ERR/LOKO/0x00000002
11:33:05.661  INFO     RX        /ERR/LOKO/0x00000002
11:33:05.696  INFO     RX        /ERR/LOKO/0x00000002
11:33:05.696  INFO     RX        /ERR/LOKO/0x00000002
11:33:05.696  INFO     RX        /ERR/LOKO/0x00000002
11:33:05.725  INFO     RX        /ERR/LOKO/0x00000002
11:33:05.725  INFO     RX        /ERR/LOKO/0x00000002
11:33:05.758  INFO     RX        /ERR/LOKO/0x00000002
11:33:05.758  INFO     RX        /ERR/LOKO/0x00000002
11:33:05.758  INFO     RX        /ERR/LOKO/0x00000002
11:33:05.790  INFO     RX        /ERR/LOKO/0x00000002
11:33:05.790  INFO     RX        /ERR/LOKO/0x00000002
11:33:05.790  INFO     RX        /ERR/LOKO/0x00000002
11:33:05.821  INFO     RX        /ERR/LOKO/0x00000002
11:33:05.822  INFO     RX        /ERR/LOKO/0x00000002
11:33:05.822  INFO     RX        /ERR/LOKO/0x00000002
11:33:05.856  INFO     RX        /ERR/LOKO/0x00000002
11:33:05.856  INFO     RX        /ERR/LOKO/0x00000002
11:33:05.856  INFO     RX        /ERR/LOKO/0x00000002
11:33:05.887  INFO     RX        /ERR/LOKO/0x00000002
11:33:05.888  INFO     RX        /ERR/LOKO/0x00000002
11:33:05.920  INFO     RX        /ERR/LOKO/0x00000002
11:33:05.920  INFO     RX        /ERR/LOKO/0x00000002
11:33:05.920  INFO     RX        /ERR/LOKO/0x00000002
11:33:05.956  INFO     RX        /ERR/LOKO/0x00000002
11:33:05.956  INFO     RX        /ERR/LOKO/0x00000002
11:33:05.956  INFO     RX        /ERR/LOKO/0x00000002
11:33:05.984  INFO     RX        /ERR/LOKO/0x00000002
11:33:05.984  INFO     RX        /ERR/LOKO/0x00000002
11:33:06.016  INFO     RX        /ERR/LOKO/0x00000002
11:33:06.016  INFO     RX        /ERR/LOKO/0x00000002
11:33:06.016  INFO     RX        /ERR/LOKO/0x00000002
11:33:06.056  INFO     RX        /ERR/LOKO/0x00000002
11:33:06.056  INFO     RX        /ERR/LOKO/0x00000002
11:33:06.056  INFO     RX        /ERR/LOKO/0x00000002
11:33:06.082  INFO     RX        /ERR/LOKO/0x00000002
11:33:06.083  INFO     RX        /ERR/LOKO/0x00000002
11:33:06.113  INFO     RX        /ERR/LOKO/0x00000002
11:33:06.113  INFO     RX        /ERR/LOKO/0x00000002
11:33:06.114  INFO     RX        /ERR/LOKO/0x00000002
11:33:06.150  INFO     RX        /ERR/LOKO/0x00000002
11:33:06.150  INFO     RX        /ERR/LOKO/0x00000002
11:33:06.150  INFO     RX        /ERR/LOKO/0x00000002
11:33:06.175  INFO     RX        /ERR/LOKO/0x00000002
11:33:06.176  INFO     RX        /ERR/LOKO/0x00000002
11:33:06.176  INFO     RX        /ERR/LOKO/0x00000002
11:33:06.212  INFO     RX        /ERR/LOKO/0x00000002
11:33:06.212  INFO     RX        /ERR/LOKO/0x00000002
11:33:06.241  INFO     RX        /ERR/LOKO/0x00000002
11:33:06.241  INFO     RX        /ERR/LOKO/0x00000002
11:33:06.241  INFO     RX        /ERR/LOKO/0x00000002
11:33:06.273  INFO     RX        /ERR/LOKO/0x00000002
11:33:06.273  INFO     RX        /ERR/LOKO/0x00000002
11:33:06.273  INFO     RX        /ERR/LOKO/0x00000002
11:33:06.304  INFO     RX        /ERR/LOKO/0x00000002
11:33:06.305  INFO     RX        /ERR/LOKO/0x00000002
11:33:06.305  INFO     RX        /ERR/LOKO/0x00000002
11:33:06.337  INFO     RX        /ERR/LOKO/0x00000002
11:33:06.337  INFO     RX        /ERR/LOKO/0x00000002
11:33:06.369  INFO     RX        /ERR/LOKO/0x00000002
11:33:06.369  INFO     RX        /ERR/LOKO/0x00000002
11:33:06.369  INFO     RX        /ERR/LOKO/0x00000002
11:33:06.401  INFO     RX        /ERR/LOKO/0x00000002
11:33:06.401  INFO     RX        /ERR/LOKO/0x00000002
11:33:06.401  INFO     RX        /ERR/LOKO/0x00000002
11:33:06.432  INFO     RX        /ERR/LOKO/0x00000002
11:33:06.432  INFO     RX        /ERR/LOKO/0x00000002
11:33:06.465  INFO     RX        /ERR/LOKO/0x00000002
11:33:06.465  INFO     RX        /ERR/LOKO/0x00000002
11:33:06.465  INFO     RX        /ERR/LOKO/0x00000002
11:33:06.498  INFO     RX        /ERR/LOKO/0x00000002
11:33:06.498  INFO     RX        /ERR/LOKO/0x00000002
11:33:06.498  INFO     RX        /ERR/LOKO/0x00000002
11:33:06.529  INFO     RX        /ERR/LOKO/0x00000002
11:33:06.529  INFO     RX        /ERR/LOKO/0x00000002
11:33:06.529  INFO     RX        /ERR/LOKO/0x00000002
11:33:06.561  INFO     RX        /ERR/LOKO/0x00000002
11:33:06.561  INFO     RX        /ERR/LOKO/0x00000002
11:33:06.593  INFO     RX        /ERR/LOKO/0x00000002
11:33:06.594  INFO     RX        /ERR/LOKO/0x00000002
11:33:06.594  INFO     RX        /ERR/LOKO/0x00000002
11:33:06.626  INFO     RX        /ERR/LOKO/0x00000002
11:33:06.850  DEBUG    TX /CONTROLL/0,0,0,0,0,0,0,0,0
11:33:07.399  INFO     RX        /ERR/LOKO/0x00000002
11:33:07.399  INFO     RX        /ERR/LOKO/0x00000002
11:33:07.431  INFO     RX        /ERR/LOKO/0x00000002
11:33:07.431  INFO     RX        /ERR/LOKO/0x00000002
11:33:07.431  INFO     RX        /ERR/LOKO/0x00000002
11:33:07.463  INFO     RX        /ERR/LOKO/0x00000002
11:33:07.463  INFO     RX        /ERR/LOKO/0x00000002
11:33:07.495  INFO     RX        /ERR/LOKO/0x00000002
11:33:07.495  INFO     RX        /ERR/LOKO/0x00000002
11:33:07.495  INFO     RX        /ERR/LOKO/0x00000002
11:33:07.527  INFO     RX        /ERR/LOKO/0x00000002
11:33:07.527  INFO     RX        /ERR/LOKO/0x00000002
11:33:07.527  INFO     RX        /ERR/LOKO/0x00000002
11:33:07.559  INFO     RX        /ERR/LOKO/0x00000002
11:33:07.559  INFO     RX        /ERR/LOKO/0x00000002
11:33:07.593  INFO     RX        /ERR/LOKO/0x00000002
11:33:07.593  INFO     RX        /ERR/LOKO/0x00000002
11:33:07.593  INFO     RX        /ERR/LOKO/0x00000002
11:33:07.625  INFO     RX        /ERR/LOKO/0x00000002
11:33:07.625  INFO     RX        /ERR/LOKO/0x00000002
11:33:07.625  INFO     RX        /ERR/LOKO/0x00000002
11:33:07.657  INFO     RX        /ERR/LOKO/0x00000002
11:33:07.657  INFO     RX        /ERR/LOKO/0x00000002
11:33:07.657  INFO     RX        /ERR/LOKO/0x00000002
11:33:07.689  INFO     RX        /ERR/LOKO/0x00000002
11:33:07.689  INFO     RX        /ERR/LOKO/0x00000002
11:33:07.721  INFO     RX        /ERR/LOKO/0x00000002
11:33:07.721  INFO     RX        /ERR/LOKO/0x00000002
11:33:07.721  INFO     RX        /ERR/LOKO/0x00000002
11:33:07.753  INFO     RX        /ERR/LOKO/0x00000002
11:33:07.753  INFO     RX        /ERR/LOKO/0x00000002
11:33:07.753  INFO     RX        /ERR/LOKO/0x00000002
11:33:07.790  INFO     RX        /ERR/LOKO/0x00000002
11:33:07.790  INFO     RX        /ERR/LOKO/0x00000002
11:33:07.790  INFO     RX        /ERR/LOKO/0x00000002
11:33:07.818  INFO     RX        /ERR/LOKO/0x00000002
11:33:07.819  INFO     RX        /ERR/LOKO/0x00000002
11:33:07.851  INFO     RX        /ERR/LOKO/0x00000002
11:33:07.851  INFO     RX        /ERR/LOKO/0x00000002
11:33:07.851  INFO     RX        /ERR/LOKO/0x00000002
11:33:07.883  INFO     RX        /ERR/LOKO/0x00000002
11:33:07.883  INFO     RX        /ERR/LOKO/0x00000002
11:33:07.883  INFO     RX        /ERR/LOKO/0x00000002
11:33:07.918  INFO     RX        /ERR/LOKO/0x00000002
11:33:07.919  INFO     RX        /ERR/LOKO/0x00000002
11:33:07.919  INFO     RX        /ERR/LOKO/0x00000002
11:33:07.950  INFO     RX        /ERR/LOKO/0x00000002
11:33:07.950  INFO     RX        /ERR/LOKO/0x00000002
11:33:07.981  INFO     RX        /ERR/LOKO/0x00000002
11:33:07.981  INFO     RX        /ERR/LOKO/0x00000002
11:33:07.981  INFO     RX        /ERR/LOKO/0x00000002
11:33:08.019  INFO     RX        /ERR/LOKO/0x00000002
11:33:08.019  INFO     RX        /ERR/LOKO/0x00000002
11:33:08.019  INFO     RX        /ERR/LOKO/0x00000002
11:33:08.047  INFO     RX        /ERR/LOKO/0x00000002
11:33:08.048  INFO     RX        /ERR/LOKO/0x00000002
11:33:08.048  INFO     RX        /ERR/LOKO/0x00000002
11:33:08.076  INFO     RX        /ERR/LOKO/0x00000002
11:33:08.076  INFO     RX        /ERR/LOKO/0x00000002
11:33:08.107  INFO     RX        /ERR/LOKO/0x00000002
11:33:08.107  INFO     RX        /ERR/LOKO/0x00000002
11:33:08.107  INFO     RX        /ERR/LOKO/0x00000002
11:33:08.140  INFO     RX        /ERR/LOKO/0x00000002
11:33:08.140  INFO     RX        /ERR/LOKO/0x00000002
11:33:08.141  INFO     RX        /ERR/LOKO/0x00000002
11:33:08.173  INFO     RX        /ERR/LOKO/0x00000002
11:33:08.173  INFO     RX        /ERR/LOKO/0x00000002
11:33:08.204  INFO     RX        /ERR/LOKO/0x00000002
11:33:08.204  INFO     RX        /ERR/LOKO/0x00000002
11:33:08.204  INFO     RX        /ERR/LOKO/0x00000002
11:33:08.236  INFO     RX        /ERR/LOKO/0x00000002
11:33:08.236  INFO     RX        /ERR/LOKO/0x00000002
11:33:08.236  INFO     RX        /ERR/LOKO/0x00000002
11:33:08.270  INFO     RX        /ERR/LOKO/0x00000002
11:33:08.270  INFO     RX        /ERR/LOKO/0x00000002
11:33:08.270  INFO     RX        /ERR/LOKO/0x00000002
11:33:08.300  INFO     RX        /ERR/LOKO/0x00000002
11:33:08.300  INFO     RX        /ERR/LOKO/0x00000002
11:33:08.332  INFO     RX        /ERR/LOKO/0x00000002
11:33:08.333  INFO     RX        /ERR/LOKO/0x00000002
11:33:08.333  INFO     RX        /ERR/LOKO/0x00000002
11:33:08.364  INFO     RX        /ERR/LOKO/0x00000002
11:33:08.364  INFO     RX        /ERR/LOKO/0x00000002
11:33:08.364  INFO     RX        /ERR/LOKO/0x00000002
11:33:08.396  INFO     RX        /ERR/LOKO/0x00000002
11:33:08.396  INFO     RX        /ERR/LOKO/0x00000002
11:33:08.430  INFO     RX        /ERR/LOKO/0x00000002
11:33:08.430  INFO     RX        /ERR/LOKO/0x00000002
11:33:08.430  INFO     RX        /ERR/LOKO/0x00000002
11:33:08.457  DEBUG    TX /CONTROLL/0,0,78,-20,0,0,0,0,0
11:33:08.461  INFO     RX        /ERR/LOKO/0x00000002
11:33:08.461  INFO     RX        /ERR/LOKO/0x00000002
11:33:08.461  INFO     RX        /ERR/LOKO/0x00000002
11:33:08.494  INFO     RX        /ERR/LOKO/0x00000002
11:33:08.494  INFO     RX        /ERR/LOKO/0x00000002
11:33:08.494  INFO     RX        /ERR/LOKO/0x00000002
11:33:08.527  INFO     RX        /ERR/LOKO/0x00000002
11:33:08.527  INFO     RX        /ERR/LOKO/0x00000002
11:33:08.527  INFO     RX        /ERR/LOKO/0x00000002
11:33:08.559  INFO     RX        /ERR/LOKO/0x00000002
11:33:08.560  INFO     RX        /ERR/LOKO/0x00000002
11:33:08.592  INFO     RX        /ERR/LOKO/0x00000002
11:33:08.593  INFO     RX        /ERR/LOKO/0x00000002
11:33:08.593  INFO     RX        /ERR/LOKO/0x00000002
11:33:08.625  INFO     RX        /ERR/LOKO/0x00000002
11:33:08.625  INFO     RX        /ERR/LOKO/0x00000002
11:33:08.625  INFO     RX        /ERR/LOKO/0x00000002
11:33:08.656  INFO     RX        /ERR/LOKO/0x00000002
11:33:08.656  INFO     RX        /ERR/LOKO/0x00000002
11:33:08.688  INFO     RX        /ERR/LOKO/0x00000002
11:33:08.688  INFO     RX        /ERR/LOKO/0x00000002
11:33:08.688  INFO     RX        /ERR/LOKO/0x00000002
11:33:08.720  INFO     RX        /ERR/LOKO/0x00000002
11:33:08.720  INFO     RX        /ERR/LOKO/0x00000002
11:33:08.720  INFO     RX        /ERR/LOKO/0x00000002
11:33:08.752  INFO     RX        /ERR/LOKO/0x00000002
11:33:08.753  INFO     RX        /ERR/LOKO/0x00000002
11:33:08.753  INFO     RX        /ERR/LOKO/0x00000002
11:33:08.785  INFO     RX        /ERR/LOKO/0x00000002
11:33:08.785  INFO     RX        /ERR/LOKO/0x00000002
11:33:08.817  INFO     RX        /ERR/LOKO/0x00000002
11:33:08.817  INFO     RX        /ERR/LOKO/0x00000002
11:33:08.817  INFO     RX        /ERR/LOKO/0x00000002
11:33:08.849  INFO     RX        /ERR/LOKO/0x00000002
11:33:08.849  INFO     RX        /ERR/LOKO/0x00000002
11:33:08.849  INFO     RX        /ERR/LOKO/0x00000002
11:33:08.882  INFO     RX        /ERR/LOKO/0x00000002
11:33:08.882  INFO     RX        /ERR/LOKO/0x00000002
11:33:08.919  INFO     RX        /ERR/LOKO/0x00000002
11:33:08.919  INFO     RX        /ERR/LOKO/0x00000002
11:33:08.919  INFO     RX        /ERR/LOKO/0x00000002
11:33:08.946  INFO     RX        /ERR/LOKO/0x00000002
11:33:08.946  INFO     RX        /ERR/LOKO/0x00000002
11:33:08.946  INFO     RX        /ERR/LOKO/0x00000002
11:33:08.980  INFO     RX        /ERR/LOKO/0x00000002
11:33:08.980  INFO     RX        /ERR/LOKO/0x00000002
11:33:09.008  INFO     RX        /ERR/LOKO/0x00000002
11:33:09.009  INFO     RX        /ERR/LOKO/0x00000002
11:33:09.009  INFO     RX        /ERR/LOKO/0x00000002
11:33:09.041  INFO     RX        /ERR/LOKO/0x00000002
11:33:09.041  INFO     RX        /ERR/LOKO/0x00000002
11:33:09.041  INFO     RX        /ERR/LOKO/0x00000002
11:33:09.074  INFO     RX        /ERR/LOKO/0x00000002
11:33:09.074  INFO     RX        /ERR/LOKO/0x00000002
11:33:09.074  INFO     RX        /ERR/LOKO/0x00000002
11:33:09.106  INFO     RX        /ERR/LOKO/0x00000002
11:33:09.106  INFO     RX        /ERR/LOKO/0x00000002
11:33:09.139  INFO     RX        /ERR/LOKO/0x00000002
11:33:09.139  INFO     RX        /ERR/LOKO/0x00000002
11:33:09.139  INFO     RX        /ERR/LOKO/0x00000002
11:33:09.172  INFO     RX        /ERR/LOKO/0x00000002
11:33:09.172  INFO     RX        /ERR/LOKO/0x00000002
11:33:09.172  INFO     RX        /ERR/LOKO/0x00000002
11:33:09.201  INFO     RX        /ERR/LOKO/0x00000002
11:33:09.201  INFO     RX        /ERR/LOKO/0x00000002
11:33:09.201  INFO     RX        /ERR/LOKO/0x00000002
11:33:09.233  INFO     RX        /ERR/LOKO/0x00000002
11:33:09.233  INFO     RX        /ERR/LOKO/0x00000002
11:33:09.265  INFO     RX        /ERR/LOKO/0x00000002
11:33:09.265  INFO     RX        /ERR/LOKO/0x00000002
11:33:09.265  INFO     RX        /ERR/LOKO/0x00000002
11:33:09.298  INFO     RX        /ERR/LOKO/0x00000002
11:33:09.298  INFO     RX        /ERR/LOKO/0x00000002
11:33:09.298  INFO     RX        /ERR/LOKO/0x00000002
11:33:09.329  INFO     RX        /ERR/LOKO/0x00000002
11:33:09.329  INFO     RX        /ERR/LOKO/0x00000002
11:33:09.362  INFO     RX        /ERR/LOKO/0x00000002
11:33:09.362  INFO     RX        /ERR/LOKO/0x00000002
11:33:09.362  INFO     RX        /ERR/LOKO/0x00000002
11:33:09.396  INFO     RX        /ERR/LOKO/0x00000002
11:33:09.587  INFO     RX        /ERR/LOKO/0x00000002
11:33:09.587  INFO     RX        /ERR/LOKO/0x00000002
11:33:09.621  INFO     RX        /ERR/LOKO/0x00000002
11:33:09.621  INFO     RX        /ERR/LOKO/0x00000002
11:33:09.621  INFO     RX        /ERR/LOKO/0x00000002
11:33:09.651  INFO     RX        /ERR/LOKO/0x00000002
11:33:09.651  INFO     RX        /ERR/LOKO/0x00000002
11:33:09.684  INFO     RX        /ERR/LOKO/0x00000002
11:33:09.684  INFO     RX        /ERR/LOKO/0x00000002
11:33:09.684  INFO     RX        /ERR/LOKO/0x00000002
11:33:09.717  INFO     RX        /ERR/LOKO/0x00000002
11:33:09.717  INFO     RX        /ERR/LOKO/0x00000002
11:33:09.717  INFO     RX        /ERR/LOKO/0x00000002
11:33:09.747  INFO     RX        /ERR/LOKO/0x00000002
11:33:09.747  INFO     RX        /ERR/LOKO/0x00000002
11:33:09.784  INFO     RX        /ERR/LOKO/0x00000002
11:33:09.784  INFO     RX        /ERR/LOKO/0x00000002
11:33:09.784  INFO     RX        /ERR/LOKO/0x00000002
11:33:09.830  INFO     RX        /ERR/LOKO/0x00000002
11:33:09.831  INFO     RX        /ERR/LOKO/0x00000002
11:33:09.831  INFO     RX        /ERR/LOKO/0x00000002
11:33:09.831  INFO     RX        /ERR/LOKO/0x00000002
11:33:09.844  INFO     RX        /ERR/LOKO/0x00000002
11:33:09.845  INFO     RX        /ERR/LOKO/0x00000002
11:33:09.880  INFO     RX        /ERR/LOKO/0x00000002
11:33:09.880  INFO     RX        /ERR/LOKO/0x00000002
11:33:09.911  INFO     RX        /ERR/LOKO/0x00000002
11:33:09.911  INFO     RX        /ERR/LOKO/0x00000002
11:33:09.911  INFO     RX        /ERR/LOKO/0x00000002
11:33:09.940  INFO     RX        /ERR/LOKO/0x00000002
11:33:09.940  INFO     RX        /ERR/LOKO/0x00000002
11:33:09.941  INFO     RX        /ERR/LOKO/0x00000002
11:33:09.973  INFO     RX        /ERR/LOKO/0x00000002
11:33:09.973  INFO     RX        /ERR/LOKO/0x00000002
11:33:09.973  INFO     RX        /ERR/LOKO/0x00000002
11:33:10.007  INFO     RX        /ERR/LOKO/0x00000002
11:33:10.007  INFO     RX        /ERR/LOKO/0x00000002
11:33:10.035  INFO     RX        /ERR/LOKO/0x00000002
11:33:10.036  INFO     RX        /ERR/LOKO/0x00000002
11:33:10.036  INFO     RX        /ERR/LOKO/0x00000002
11:33:10.065  DEBUG    TX /CONTROLL/0,23,-36,99,0,0,0,0,0
11:33:10.068  INFO     RX        /ERR/LOKO/0x00000002
11:33:10.068  INFO     RX        /ERR/LOKO/0x00000002
11:33:10.068  INFO     RX        /ERR/LOKO/0x00000002
11:33:10.101  INFO     RX        /ERR/LOKO/0x00000002
11:33:10.101  INFO     RX        /ERR/LOKO/0x00000002
11:33:10.133  INFO     RX        /ERR/LOKO/0x00000002
11:33:10.133  INFO     RX        /ERR/LOKO/0x00000002
11:33:10.133  INFO     RX        /ERR/LOKO/0x00000002
11:33:10.268  INFO     RX        /ERR/LOKO/0x00000002
11:33:10.268  INFO     RX        /ERR/LOKO/0x00000002
11:33:10.268  INFO     RX        /ERR/LOKO/0x00000002
11:33:10.268  INFO     RX        /ERR/LOKO/0x00000002
11:33:10.268  INFO     RX        /ERR/LOKO/0x00000002
11:33:10.268  INFO     RX        /ERR/LOKO/0x00000002
11:33:10.268  INFO     RX        /ERR/LOKO/0x00000002
11:33:10.268  INFO     RX        /ERR/LOKO/0x00000002
11:33:10.269  INFO     RX        /ERR/LOKO/0x00000002
11:33:10.269  INFO     RX        /ERR/LOKO/0x00000002
11:33:10.269  INFO     RX        /ERR/LOKO/0x00000002
11:33:10.280  INFO     RX        /ERR/LOKO/0x00000002
11:33:10.300  INFO     RX        /ERR/LOKO/0x00000002
11:33:10.300  INFO     RX        /ERR/LOKO/0x00000002
11:33:10.325  INFO     RX        /ERR/LOKO/0x00000002
11:33:11.129  INFO     RX        /ERR/LOKO/0x00000002
11:33:11.129  INFO     RX        /ERR/LOKO/0x00000002
11:33:11.162  INFO     RX        /ERR/LOKO/0x00000002
11:33:11.162  INFO     RX        /ERR/LOKO/0x00000002
11:33:11.162  INFO     RX        /ERR/LOKO/0x00000002
11:33:11.193  INFO     RX        /ERR/LOKO/0x00000002
11:33:11.194  INFO     RX        /ERR/LOKO/0x00000002
11:33:11.194  INFO     RX        /ERR/LOKO/0x00000002
11:33:11.225  INFO     RX        /ERR/LOKO/0x00000002
11:33:11.225  INFO     RX        /ERR/LOKO/0x00000002
11:33:11.257  INFO     RX        /ERR/LOKO/0x00000002
11:33:11.258  INFO     RX        /ERR/LOKO/0x00000002
11:33:11.258  INFO     RX        /ERR/LOKO/0x00000002
11:33:11.289  INFO     RX        /ERR/LOKO/0x00000002
11:33:11.289  INFO     RX        /ERR/LOKO/0x00000002
11:33:11.290  INFO     RX        /ERR/LOKO/0x00000002
11:33:11.323  INFO     RX        /ERR/LOKO/0x00000002
11:33:11.323  INFO     RX        /ERR/LOKO/0x00000002
11:33:11.354  INFO     RX        /ERR/LOKO/0x00000002
11:33:11.355  INFO     RX        /ERR/LOKO/0x00000002
11:33:11.355  INFO     RX        /ERR/LOKO/0x00000002
11:33:11.387  INFO     RX        /ERR/LOKO/0x00000002
11:33:11.387  INFO     RX        /ERR/LOKO/0x00000002
11:33:11.387  INFO     RX        /ERR/LOKO/0x00000002
11:33:11.421  INFO     RX        /ERR/LOKO/0x00000002
11:33:11.422  INFO     RX        /ERR/LOKO/0x00000002
11:33:11.422  INFO     RX        /ERR/LOKO/0x00000002
11:33:11.453  INFO     RX        /ERR/LOKO/0x00000002
11:33:11.453  INFO     RX        /ERR/LOKO/0x00000002
11:33:11.485  INFO     RX        /ERR/LOKO/0x00000002
11:33:11.486  INFO     RX        /ERR/LOKO/0x00000002
11:33:11.486  INFO     RX        /ERR/LOKO/0x00000002
11:33:11.519  INFO     RX        /ERR/LOKO/0x00000002
11:33:11.519  INFO     RX        /ERR/LOKO/0x00000002
11:33:11.519  INFO     RX        /ERR/LOKO/0x00000002
11:33:11.550  INFO     RX        /ERR/LOKO/0x00000002
11:33:11.550  INFO     RX        /ERR/LOKO/0x00000002
11:33:11.550  INFO     RX        /ERR/LOKO/0x00000002
11:33:11.582  INFO     RX        /ERR/LOKO/0x00000002
11:33:11.582  INFO     RX        /ERR/LOKO/0x00000002
11:33:11.615  INFO     RX        /ERR/LOKO/0x00000002
11:33:11.615  INFO     RX        /ERR/LOKO/0x00000002
11:33:11.615  INFO     RX        /ERR/LOKO/0x00000002
11:33:11.652  INFO     RX        /ERR/LOKO/0x00000002
11:33:11.652  INFO     RX        /ERR/LOKO/0x00000002
11:33:11.652  INFO     RX        /ERR/LOKO/0x00000002
11:33:11.674  DEBUG    TX /CONTROLL/0,-14,-51,-100,0,0,0,0,0
11:33:11.681  INFO     RX        /ERR/LOKO/0x00000002
11:33:11.681  INFO     RX        /ERR/LOKO/0x00000002
11:33:11.681  INFO     RX        /ERR/LOKO/0x00000002
11:33:11.718  INFO     RX        /ERR/LOKO/0x00000002
11:33:11.718  INFO     RX        /ERR/LOKO/0x00000002
11:33:11.718  INFO     RX        /ERR/LOKO/0x00000002
11:33:11.744  INFO     RX        /ERR/LOKO/0x00000002
11:33:11.744  INFO     RX        /ERR/LOKO/0x00000002
11:33:11.786  INFO     RX        /ERR/LOKO/0x00000002
11:33:11.787  INFO     RX        /ERR/LOKO/0x00000002
11:33:11.787  INFO     RX        /ERR/LOKO/0x00000002
11:33:11.807  INFO     RX        /ERR/LOKO/0x00000002
11:33:11.807  INFO     RX        /ERR/LOKO/0x00000002
11:33:11.840  INFO     RX        /ERR/LOKO/0x00000002
11:33:11.840  INFO     RX        /ERR/LOKO/0x00000002
11:33:11.840  INFO     RX        /ERR/LOKO/0x00000002
11:33:11.872  INFO     RX        /ERR/LOKO/0x00000002
11:33:11.873  INFO     RX        /ERR/LOKO/0x00000002
11:33:11.873  INFO     RX        /ERR/LOKO/0x00000002
11:33:11.904  INFO     RX        /ERR/LOKO/0x00000002
11:33:11.904  INFO     RX        /ERR/LOKO/0x00000002
11:33:11.904  INFO     RX        /ERR/LOKO/0x00000002
11:33:11.937  INFO     RX        /ERR/LOKO/0x00000002
11:33:11.937  INFO     RX        /ERR/LOKO/0x00000002
11:33:11.967  INFO     RX        /ERR/LOKO/0x00000002
11:33:11.967  INFO     RX        /ERR/LOKO/0x00000002
11:33:11.967  INFO     RX        /ERR/LOKO/0x00000002
11:33:12.000  INFO     RX        /ERR/LOKO/0x00000002
11:33:12.000  INFO     RX        /ERR/LOKO/0x00000002
11:33:12.000  INFO     RX        /ERR/LOKO/0x00000002
11:33:12.031  INFO     RX        /ERR/LOKO/0x00000002
11:33:12.031  INFO     RX        /ERR/LOKO/0x00000002
11:33:12.063  INFO     RX        /ERR/LOKO/0x00000002
11:33:12.063  INFO     RX        /ERR/LOKO/0x00000002
11:33:12.063  INFO     RX        /ERR/LOKO/0x00000002
11:33:12.096  INFO     RX        /ERR/LOKO/0x00000002
11:33:12.096  INFO     RX        /ERR/LOKO/0x00000002
11:33:12.096  INFO     RX        /ERR/LOKO/0x00000002
11:33:12.127  INFO     RX        /ERR/LOKO/0x00000002
11:33:12.128  INFO     RX        /ERR/LOKO/0x00000002
11:33:12.128  INFO     RX        /ERR/LOKO/0x00000002
11:33:12.163  INFO     RX        /ERR/LOKO/0x00000002
11:33:12.417  INFO     RX        /ERR/LOKO/0x00000002
11:33:12.417  INFO     RX        /ERR/LOKO/0x00000002
11:33:12.449  INFO     RX        /ERR/LOKO/0x00000002
11:33:12.449  INFO     RX        /ERR/LOKO/0x00000002
11:33:12.449  INFO     RX        /ERR/LOKO/0x00000002
11:33:12.482  INFO     RX        /ERR/LOKO/0x00000002
11:33:12.482  INFO     RX        /ERR/LOKO/0x00000002
11:33:12.518  INFO     RX        /ERR/LOKO/0x00000002
11:33:12.518  INFO     RX        /ERR/LOKO/0x00000002
11:33:12.518  INFO     RX        /ERR/LOKO/0x00000002
11:33:12.547  INFO     RX        /ERR/LOKO/0x00000002
11:33:12.547  INFO     RX        /ERR/LOKO/0x00000002
11:33:12.547  INFO     RX        /ERR/LOKO/0x00000002
11:33:12.579  INFO     RX        /ERR/LOKO/0x00000002
11:33:12.579  INFO     RX        /ERR/LOKO/0x00000002
11:33:12.579  INFO     RX        /ERR/LOKO/0x00000002
11:33:12.612  INFO     RX        /ERR/LOKO/0x00000002
11:33:12.612  INFO     RX        /ERR/LOKO/0x00000002
11:33:12.649  INFO     RX        /ERR/LOKO/0x00000002
11:33:12.649  INFO     RX        /ERR/LOKO/0x00000002
11:33:12.649  INFO     RX        /ERR/LOKO/0x00000002
11:33:12.676  INFO     RX        /ERR/LOKO/0x00000002
11:33:12.677  INFO     RX        /ERR/LOKO/0x00000002
11:33:12.677  INFO     RX        /ERR/LOKO/0x00000002
11:33:12.710  INFO     RX        /ERR/LOKO/0x00000002
11:33:12.710  INFO     RX        /ERR/LOKO/0x00000002
11:33:12.738  INFO     RX        /ERR/LOKO/0x00000002
11:33:12.738  INFO     RX        /ERR/LOKO/0x00000002
11:33:12.738  INFO     RX        /ERR/LOKO/0x00000002
11:33:12.770  INFO     RX        /ERR/LOKO/0x00000002
11:33:12.771  INFO     RX        /ERR/LOKO/0x00000002
11:33:12.771  INFO     RX        /ERR/LOKO/0x00000002
11:33:12.805  INFO     RX        /ERR/LOKO/0x00000002
11:33:12.805  INFO     RX        /ERR/LOKO/0x00000002
11:33:12.805  INFO     RX        /ERR/LOKO/0x00000002
11:33:12.835  INFO     RX        /ERR/LOKO/0x00000002
11:33:12.835  INFO     RX        /ERR/LOKO/0x00000002
11:33:12.867  INFO     RX        /ERR/LOKO/0x00000002
11:33:12.867  INFO     RX        /ERR/LOKO/0x00000002
11:33:12.867  INFO     RX        /ERR/LOKO/0x00000002
11:33:12.899  INFO     RX        /ERR/LOKO/0x00000002
11:33:12.899  INFO     RX        /ERR/LOKO/0x00000002
11:33:12.899  INFO     RX        /ERR/LOKO/0x00000002
11:33:12.931  INFO     RX        /ERR/LOKO/0x00000002
11:33:12.931  INFO     RX        /ERR/LOKO/0x00000002
11:33:12.963  INFO     RX        /ERR/LOKO/0x00000002
11:33:12.963  INFO     RX        /ERR/LOKO/0x00000002
11:33:12.963  INFO     RX        /ERR/LOKO/0x00000002
11:33:12.994  INFO     RX        /ERR/LOKO/0x00000002
11:33:12.994  INFO     RX        /ERR/LOKO/0x00000002
11:33:12.994  INFO     RX        /ERR/LOKO/0x00000002
11:33:13.027  INFO     RX        /ERR/LOKO/0x00000002
11:33:13.027  INFO     RX        /ERR/LOKO/0x00000002
11:33:13.027  INFO     RX        /ERR/LOKO/0x00000002
11:33:13.058  INFO     RX        /ERR/LOKO/0x00000002
11:33:13.058  INFO     RX        /ERR/LOKO/0x00000002
11:33:13.090  INFO     RX        /ERR/LOKO/0x00000002
11:33:13.280  DEBUG    TX /CONTROLL/0,0,26,0,0,0,0,0,0
11:33:13.397  INFO     RX        /ERR/LOKO/0x00000002
11:33:13.397  INFO     RX        /ERR/LOKO/0x00000002
11:33:13.397  INFO     RX        /ERR/LOKO/0x00000002
11:33:13.397  INFO     RX        /ERR/LOKO/0x00000002
11:33:13.397  INFO     RX        /ERR/LOKO/0x00000002
11:33:13.397  INFO     RX        /ERR/LOKO/0x00000002
11:33:13.397  INFO     RX        /ERR/LOKO/0x00000002
11:33:13.403  INFO     RX        /ERR/LOKO/0x00000002
11:33:13.403  INFO     RX        /ERR/LOKO/0x00000002
11:33:13.412  INFO     RX        /ERR/LOKO/0x00000002
11:33:13.420  INFO     RX        /ERR/LOKO/0x00000002
11:33:13.445  INFO     RX        /ERR/LOKO/0x00000002
11:33:13.445  INFO     RX        /ERR/LOKO/0x00000002
11:33:13.476  INFO     RX        /ERR/LOKO/0x00000002
11:33:13.476  INFO     RX        /ERR/LOKO/0x00000002
11:33:13.509  INFO     RX        /ERR/LOKO/0x00000002
11:33:13.509  INFO     RX        /ERR/LOKO/0x00000002
11:33:13.509  INFO     RX        /ERR/LOKO/0x00000002
11:33:13.545  INFO     RX        /ERR/LOKO/0x00000002
11:33:13.546  INFO     RX        /ERR/LOKO/0x00000002
11:33:13.546  INFO     RX        /ERR/LOKO/0x00000002
11:33:13.573  INFO     RX        /ERR/LOKO/0x00000002
11:33:13.573  INFO     RX        /ERR/LOKO/0x00000002
11:33:13.573  INFO     RX        /ERR/LOKO/0x00000002
11:33:13.606  INFO     RX        /ERR/LOKO/0x00000002
11:33:13.606  INFO     RX        /ERR/LOKO/0x00000002
11:33:13.638  INFO     RX        /ERR/LOKO/0x00000002
11:33:13.638  INFO     RX        /ERR/LOKO/0x00000002
11:33:13.638  INFO     RX        /ERR/LOKO/0x00000002
11:33:13.669  INFO     RX        /ERR/LOKO/0x00000002
11:33:13.669  INFO     RX        /ERR/LOKO/0x00000002
11:33:13.669  INFO     RX        /ERR/LOKO/0x00000002
11:33:13.703  INFO     RX        /ERR/LOKO/0x00000002
11:33:13.703  INFO     RX        /ERR/LOKO/0x00000002
11:33:13.703  INFO     RX        /ERR/LOKO/0x00000002
11:33:13.737  INFO     RX        /ERR/LOKO/0x00000002
11:33:13.737  INFO     RX        /ERR/LOKO/0x00000002
11:33:13.768  INFO     RX        /ERR/LOKO/0x00000002
11:33:13.768  INFO     RX        /ERR/LOKO/0x00000002
11:33:13.768  INFO     RX        /ERR/LOKO/0x00000002
11:33:13.798  INFO     RX        /ERR/LOKO/0x00000002
11:33:13.798  INFO     RX        /ERR/LOKO/0x00000002
11:33:13.798  INFO     RX        /ERR/LOKO/0x00000002
11:33:13.830  INFO     RX        /ERR/LOKO/0x00000002
11:33:13.830  INFO     RX        /ERR/LOKO/0x00000002
11:33:13.862  INFO     RX        /ERR/LOKO/0x00000002
11:33:13.863  INFO     RX        /ERR/LOKO/0x00000002
11:33:13.863  INFO     RX        /ERR/LOKO/0x00000002
11:33:13.895  INFO     RX        /ERR/LOKO/0x00000002
11:33:13.895  INFO     RX        /ERR/LOKO/0x00000002
11:33:13.895  INFO     RX        /ERR/LOKO/0x00000002
11:33:13.926  INFO     RX        /ERR/LOKO/0x00000002
11:33:13.927  INFO     RX        /ERR/LOKO/0x00000002
11:33:13.927  INFO     RX        /ERR/LOKO/0x00000002
11:33:13.960  INFO     RX        /ERR/LOKO/0x00000002
11:33:13.960  INFO     RX        /ERR/LOKO/0x00000002
11:33:13.991  INFO     RX        /ERR/LOKO/0x00000002
11:33:13.991  INFO     RX        /ERR/LOKO/0x00000002
11:33:13.991  INFO     RX        /ERR/LOKO/0x00000002
11:33:14.023  INFO     RX        /ERR/LOKO/0x00000002
11:33:14.023  INFO     RX        /ERR/LOKO/0x00000002
11:33:14.023  INFO     RX        /ERR/LOKO/0x00000002
11:33:14.055  INFO     RX        /ERR/LOKO/0x00000002
11:33:14.055  INFO     RX        /ERR/LOKO/0x00000002
11:33:14.055  INFO     RX        /ERR/LOKO/0x00000002
11:33:14.087  INFO     RX        /ERR/LOKO/0x00000002
11:33:14.087  INFO     RX        /ERR/LOKO/0x00000002
11:33:14.119  INFO     RX        /ERR/LOKO/0x00000002
11:33:14.120  INFO     RX        /ERR/LOKO/0x00000002
11:33:14.120  INFO     RX        /ERR/LOKO/0x00000002
11:33:14.152  INFO     RX        /ERR/LOKO/0x00000002
11:33:14.152  INFO     RX        /ERR/LOKO/0x00000002
11:33:14.152  INFO     RX        /ERR/LOKO/0x00000002
11:33:14.185  INFO     RX        /ERR/LOKO/0x00000002
11:33:14.185  INFO     RX        /ERR/LOKO/0x00000002
11:33:14.185  INFO     RX        /ERR/LOKO/0x00000002
11:33:14.220  INFO     RX        /ERR/LOKO/0x00000002
11:33:14.220  INFO     RX        /ERR/LOKO/0x00000002
11:33:14.249  INFO     RX        /ERR/LOKO/0x00000002
11:33:14.249  INFO     RX        /ERR/LOKO/0x00000002
11:33:14.249  INFO     RX        /ERR/LOKO/0x00000002
11:33:14.283  INFO     RX        /ERR/LOKO/0x00000002
11:33:14.283  INFO     RX        /ERR/LOKO/0x00000002
11:33:14.283  INFO     RX        /ERR/LOKO/0x00000002
11:33:14.319  INFO     RX        /ERR/LOKO/0x00000002
11:33:14.319  INFO     RX        /ERR/LOKO/0x00000002
11:33:14.319  INFO     RX        /ERR/LOKO/0x00000002
11:33:14.346  INFO     RX        /ERR/LOKO/0x00000002
11:33:14.346  INFO     RX        /ERR/LOKO/0x00000002
11:33:14.378  INFO     RX        /ERR/LOKO/0x00000002
11:33:14.379  INFO     RX        /ERR/LOKO/0x00000002
11:33:14.379  INFO     RX        /ERR/LOKO/0x00000002
11:33:14.411  INFO     RX        /ERR/LOKO/0x00000002
11:33:14.411  INFO     RX        /ERR/LOKO/0x00000002
11:33:14.444  INFO     RX        /ERR/LOKO/0x00000002
11:33:14.444  INFO     RX        /ERR/LOKO/0x00000002
11:33:14.444  INFO     RX        /ERR/LOKO/0x00000002
11:33:14.475  INFO     RX        /ERR/LOKO/0x00000002
11:33:14.475  INFO     RX        /ERR/LOKO/0x00000002
11:33:14.475  INFO     RX        /ERR/LOKO/0x00000002
11:33:14.508  INFO     RX        /ERR/LOKO/0x00000002
11:33:14.508  INFO     RX        /ERR/LOKO/0x00000002
11:33:14.509  INFO     RX        /ERR/LOKO/0x00000002
11:33:14.551  INFO     RX        /ERR/LOKO/0x00000002
11:33:14.551  INFO     RX        /ERR/LOKO/0x00000002
11:33:14.552  INFO     RX        /ERR/LOKO/0x00000002
11:33:14.573  INFO     RX        /ERR/LOKO/0x00000002
11:33:14.796  INFO     RX        /ERR/LOKO/0x00000002
11:33:14.796  INFO     RX        /ERR/LOKO/0x00000002
11:33:14.829  INFO     RX        /ERR/LOKO/0x00000002
11:33:14.829  INFO     RX        /ERR/LOKO/0x00000002
11:33:14.829  INFO     RX        /ERR/LOKO/0x00000002
11:33:14.861  INFO     RX        /ERR/LOKO/0x00000002
11:33:14.861  INFO     RX        /ERR/LOKO/0x00000002
11:33:14.861  INFO     RX        /ERR/LOKO/0x00000002
11:33:14.890  DEBUG    TX /CONTROLL/0,0,-100,-23,0,0,0,0,0
11:33:14.893  INFO     RX        /ERR/LOKO/0x00000002
11:33:14.893  INFO     RX        /ERR/LOKO/0x00000002
11:33:14.925  INFO     RX        /ERR/LOKO/0x00000002
11:33:14.925  INFO     RX        /ERR/LOKO/0x00000002
11:33:14.925  INFO     RX        /ERR/LOKO/0x00000002
11:33:14.957  INFO     RX        /ERR/LOKO/0x00000002
11:33:14.958  INFO     RX        /ERR/LOKO/0x00000002
11:33:14.958  INFO     RX        /ERR/LOKO/0x00000002
11:33:14.990  INFO     RX        /ERR/LOKO/0x00000002
11:33:14.990  INFO     RX        /ERR/LOKO/0x00000002
11:33:15.023  INFO     RX        /ERR/LOKO/0x00000002
11:33:15.023  INFO     RX        /ERR/LOKO/0x00000002
11:33:15.023  INFO     RX        /ERR/LOKO/0x00000002
11:33:15.058  INFO     RX        /ERR/LOKO/0x00000002
11:33:15.058  INFO     RX        /ERR/LOKO/0x00000002
11:33:15.058  INFO     RX        /ERR/LOKO/0x00000002
11:33:15.087  INFO     RX        /ERR/LOKO/0x00000002
11:33:15.087  INFO     RX        /ERR/LOKO/0x00000002
11:33:15.087  INFO     RX        /ERR/LOKO/0x00000002
11:33:15.121  INFO     RX        /ERR/LOKO/0x00000002
11:33:15.121  INFO     RX        /ERR/LOKO/0x00000002
11:33:15.121  INFO     RX        /ERR/LOKO/0x00000002
11:33:15.156  INFO     RX        /ERR/LOKO/0x00000002
11:33:15.157  INFO     RX        /ERR/LOKO/0x00000002
11:33:15.185  INFO     RX        /ERR/LOKO/0x00000002
11:33:15.185  INFO     RX        /ERR/LOKO/0x00000002
11:33:15.185  INFO     RX        /ERR/LOKO/0x00000002
11:33:15.218  INFO     RX        /ERR/LOKO/0x00000002
11:33:15.218  INFO     RX        /ERR/LOKO/0x00000002
11:33:15.218  INFO     RX        /ERR/LOKO/0x00000002
11:33:15.248  INFO     RX        /ERR/LOKO/0x00000002
11:33:15.248  INFO     RX        /ERR/LOKO/0x00000002
11:33:15.279  INFO     RX        /ERR/LOKO/0x00000002
11:33:15.279  INFO     RX        /ERR/LOKO/0x00000002
11:33:15.279  INFO     RX        /ERR/LOKO/0x00000002
11:33:15.312  INFO     RX        /ERR/LOKO/0x00000002
11:33:15.312  INFO     RX        /ERR/LOKO/0x00000002
11:33:15.345  INFO     RX        /ERR/LOKO/0x00000002
11:33:15.345  INFO     RX        /ERR/LOKO/0x00000002
11:33:15.345  INFO     RX        /ERR/LOKO/0x00000002
11:33:15.377  INFO     RX        /ERR/LOKO/0x00000002
11:33:15.377  INFO     RX        /ERR/LOKO/0x00000002
11:33:15.377  INFO     RX        /ERR/LOKO/0x00000002
11:33:15.412  INFO     RX        /ERR/LOKO/0x00000002
11:33:15.412  INFO     RX        /ERR/LOKO/0x00000002
11:33:15.412  INFO     RX        /ERR/LOKO/0x00000002
11:33:15.446  INFO     RX        /ERR/LOKO/0x00000002
11:33:15.446  INFO     RX        /ERR/LOKO/0x00000002
11:33:15.446  INFO     RX        /ERR/LOKO/0x00000002
11:33:15.473  INFO     RX        /ERR/LOKO/0x00000002
11:33:15.473  INFO     RX        /ERR/LOKO/0x00000002
11:33:15.508  INFO     RX        /ERR/LOKO/0x00000002
11:33:15.508  INFO     RX        /ERR/LOKO/0x00000002
11:33:15.508  INFO     RX        /ERR/LOKO/0x00000002
11:33:15.540  INFO     RX        /ERR/LOKO/0x00000002
11:33:16.472  INFO     RX        /ERR/LOKO/0x00000002
11:33:16.472  INFO     RX        /ERR/LOKO/0x00000002
11:33:16.501  DEBUG    TX /CONTROLL/0,18,-32,78,0,0,0,0,0
11:33:16.508  INFO     RX        /ERR/LOKO/0x00000002
11:33:16.508  INFO     RX        /ERR/LOKO/0x00000002
11:33:16.508  INFO     RX        /ERR/LOKO/0x00000002
11:33:16.537  INFO     RX        /ERR/LOKO/0x00000002
11:33:16.537  INFO     RX        /ERR/LOKO/0x00000002
11:33:16.569  INFO     RX        /ERR/LOKO/0x00000002
11:33:16.569  INFO     RX        /ERR/LOKO/0x00000002
11:33:16.569  INFO     RX        /ERR/LOKO/0x00000002
11:33:16.601  INFO     RX        /ERR/LOKO/0x00000002
11:33:16.601  INFO     RX        /ERR/LOKO/0x00000002
11:33:16.601  INFO     RX        /ERR/LOKO/0x00000002
11:33:16.634  INFO     RX        /ERR/LOKO/0x00000002
11:33:16.634  INFO     RX        /ERR/LOKO/0x00000002
11:33:16.665  INFO     RX        /ERR/LOKO/0x00000002
11:33:16.665  INFO     RX        /ERR/LOKO/0x00000002
11:33:17.053  INFO     RX        /ERR/LOKO/0x00000002
11:33:17.088  INFO     RX        /ERR/LOKO/0x00000002
11:33:17.088  INFO     RX        /ERR/LOKO/0x00000002
11:33:17.088  INFO     RX        /ERR/LOKO/0x00000002
11:33:17.119  INFO     RX        /ERR/LOKO/0x00000002
11:33:17.119  INFO     RX        /ERR/LOKO/0x00000002
11:33:17.119  INFO     RX        /ERR/LOKO/0x00000002
11:33:17.151  INFO     RX        /ERR/LOKO/0x00000002
11:33:17.151  INFO     RX        /ERR/LOKO/0x00000002
11:33:17.151  INFO     RX        /ERR/LOKO/0x00000002
11:33:17.184  INFO     RX        /ERR/LOKO/0x00000002
11:33:17.184  INFO     RX        /ERR/LOKO/0x00000002
11:33:17.217  INFO     RX        /ERR/LOKO/0x00000002
11:33:17.217  INFO     RX        /ERR/LOKO/0x00000002
11:33:17.217  INFO     RX        /ERR/LOKO/0x00000002
11:33:17.248  INFO     RX        /ERR/LOKO/0x00000002
11:33:17.248  INFO     RX        /ERR/LOKO/0x00000002
11:33:17.248  INFO     RX        /ERR/LOKO/0x00000002
11:33:17.284  INFO     RX        /ERR/LOKO/0x00000002
11:33:18.019  INFO     RX        /ERR/LOKO/0x00000002
11:33:18.019  INFO     RX        /ERR/LOKO/0x00000002
11:33:18.053  INFO     RX        /ERR/LOKO/0x00000002
11:33:18.053  INFO     RX        /ERR/LOKO/0x00000002
11:33:18.085  INFO     RX        /ERR/LOKO/0x00000002
11:33:18.085  INFO     RX        /ERR/LOKO/0x00000002
11:33:18.085  INFO     RX        /ERR/LOKO/0x00000002
11:33:18.113  DEBUG    TX /CONTROLL/0,0,16,-19,0,0,0,0,0
11:33:18.117  INFO     RX        /ERR/LOKO/0x00000002
11:33:18.117  INFO     RX        /ERR/LOKO/0x00000002
11:33:18.117  INFO     RX        /ERR/LOKO/0x00000002
11:33:18.149  INFO     RX        /ERR/LOKO/0x00000002
11:33:18.149  INFO     RX        /ERR/LOKO/0x00000002
11:33:18.149  INFO     RX        /ERR/LOKO/0x00000002
11:33:18.183  INFO     RX        /ERR/LOKO/0x00000002
11:33:19.724  DEBUG    TX /CONTROLL/0,0,0,0,0,0,0,0,0
11:33:21.328  DEBUG    TX /CONTROLL/0,0,0,0,0,0,0,0,0
11:33:22.934  DEBUG    TX /CONTROLL/0,0,0,0,0,0,0,0,0
11:33:24.540  DEBUG    TX /CONTROLL/0,0,0,0,0,0,0,0,0
11:33:26.153  DEBUG    TX /CONTROLL/0,0,0,0,0,0,0,0,0
11:33:27.249  INFO     RX        /ERR/LOKO/0x00000002
11:33:27.283  INFO     RX        /ERR/LOKO/0x00000002
11:33:27.283  INFO     RX        /ERR/LOKO/0x00000002
11:33:27.283  INFO     RX        /ERR/LOKO/0x00000002
11:33:27.315  INFO     RX        /ERR/LOKO/0x00000002
11:33:27.315  INFO     RX        /ERR/LOKO/0x00000002
11:33:27.315  INFO     RX        /ERR/LOKO/0x00000002
11:33:27.352  INFO     RX        /ERR/LOKO/0x00000002
11:33:27.352  INFO     RX        /ERR/LOKO/0x00000002
11:33:27.380  INFO     RX        /ERR/LOKO/0x00000002
11:33:27.380  INFO     RX        /ERR/LOKO/0x00000002
11:33:27.380  INFO     RX        /ERR/LOKO/0x00000002
11:33:27.412  INFO     RX        /ERR/LOKO/0x00000002
11:33:27.413  INFO     RX        /ERR/LOKO/0x00000002
11:33:27.413  INFO     RX        /ERR/LOKO/0x00000002
11:33:27.444  INFO     RX        /ERR/LOKO/0x00000002
11:33:27.444  INFO     RX        /ERR/LOKO/0x00000002
11:33:27.444  INFO     RX        /ERR/LOKO/0x00000002
11:33:27.476  INFO     RX        /ERR/LOKO/0x00000002
11:33:27.476  INFO     RX        /ERR/LOKO/0x00000002
11:33:27.512  INFO     RX        /ERR/LOKO/0x00000002
11:33:27.513  INFO     RX        /ERR/LOKO/0x00000002
11:33:27.513  INFO     RX        /ERR/LOKO/0x00000002
11:33:27.540  INFO     RX        /ERR/LOKO/0x00000002
11:33:27.541  INFO     RX        /ERR/LOKO/0x00000002
11:33:27.541  INFO     RX        /ERR/LOKO/0x00000002
11:33:27.572  INFO     RX        /ERR/LOKO/0x00000002
11:33:27.761  DEBUG    TX /CONTROLL/0,0,0,0,0,0,0,0,0
11:33:28.023  INFO     RX        /ERR/LOKO/0x00000002
11:33:28.054  INFO     RX        /ERR/LOKO/0x00000002
11:33:28.054  INFO     RX        /ERR/LOKO/0x00000002
11:33:28.054  INFO     RX        /ERR/LOKO/0x00000002
11:33:28.086  INFO     RX        /ERR/LOKO/0x00000002
11:33:28.086  INFO     RX        /ERR/LOKO/0x00000002
11:33:28.118  INFO     RX        /ERR/LOKO/0x00000002
11:33:28.118  INFO     RX        /ERR/LOKO/0x00000002
11:33:28.118  INFO     RX        /ERR/LOKO/0x00000002
11:33:28.151  INFO     RX        /ERR/LOKO/0x00000002
11:33:28.151  INFO     RX        /ERR/LOKO/0x00000002
11:33:28.151  INFO     RX        /ERR/LOKO/0x00000002
11:33:28.183  INFO     RX        /ERR/LOKO/0x00000002
11:33:28.183  INFO     RX        /ERR/LOKO/0x00000002
11:33:28.183  INFO     RX        /ERR/LOKO/0x00000002
11:33:28.216  INFO     RX        /ERR/LOKO/0x00000002
11:33:28.216  INFO     RX        /ERR/LOKO/0x00000002
11:33:28.216  INFO     RX        /ERR/LOKO/0x00000002
11:33:28.249  INFO     RX        /ERR/LOKO/0x00000002
11:33:28.829  INFO     RX        /ERR/LOKO/0x00000002
11:33:28.862  INFO     RX        /ERR/LOKO/0x00000002
11:33:28.862  INFO     RX        /ERR/LOKO/0x00000002
11:33:28.862  INFO     RX        /ERR/LOKO/0x00000002
11:33:28.893  INFO     RX        /ERR/LOKO/0x00000002
11:33:28.893  INFO     RX        /ERR/LOKO/0x00000002
11:33:28.893  INFO     RX        /ERR/LOKO/0x00000002
11:33:28.925  INFO     RX        /ERR/LOKO/0x00000002
11:33:28.925  INFO     RX        /ERR/LOKO/0x00000002
11:33:28.958  INFO     RX        /ERR/LOKO/0x00000002
11:33:28.958  INFO     RX        /ERR/LOKO/0x00000002
11:33:28.958  INFO     RX        /ERR/LOKO/0x00000002
11:33:28.990  INFO     RX        /ERR/LOKO/0x00000002
11:33:28.990  INFO     RX        /ERR/LOKO/0x00000002
11:33:28.990  INFO     RX        /ERR/LOKO/0x00000002
11:33:29.022  INFO     RX        /ERR/LOKO/0x00000002
11:33:29.022  INFO     RX        /ERR/LOKO/0x00000002
11:33:29.022  INFO     RX        /ERR/LOKO/0x00000002
11:33:29.054  INFO     RX        /ERR/LOKO/0x00000002
11:33:29.054  INFO     RX        /ERR/LOKO/0x00000002
11:33:29.087  INFO     RX        /ERR/LOKO/0x00000002
11:33:29.087  INFO     RX        /ERR/LOKO/0x00000002
11:33:29.087  INFO     RX        /ERR/LOKO/0x00000002
11:33:29.119  INFO     RX        /ERR/LOKO/0x00000002
11:33:29.119  INFO     RX        /ERR/LOKO/0x00000002
11:33:29.119  INFO     RX        /ERR/LOKO/0x00000002
11:33:29.150  INFO     RX        /ERR/LOKO/0x00000002
11:33:29.150  INFO     RX        /ERR/LOKO/0x00000002
11:33:29.183  INFO     RX        /ERR/LOKO/0x00000002
11:33:29.183  INFO     RX        /ERR/LOKO/0x00000002
11:33:29.183  INFO     RX        /ERR/LOKO/0x00000002
11:33:29.214  INFO     RX        /ERR/LOKO/0x00000002
11:33:29.214  INFO     RX        /ERR/LOKO/0x00000002
11:33:29.214  INFO     RX        /ERR/LOKO/0x00000002
11:33:29.247  INFO     RX        /ERR/LOKO/0x00000002
11:33:29.247  INFO     RX        /ERR/LOKO/0x00000002
11:33:29.247  INFO     RX        /ERR/LOKO/0x00000002
11:33:29.281  INFO     RX        /ERR/LOKO/0x00000002
11:33:29.281  INFO     RX        /ERR/LOKO/0x00000002
11:33:29.281  INFO     RX        /ERR/LOKO/0x00000002
11:33:29.312  INFO     RX        /ERR/LOKO/0x00000002
11:33:29.312  INFO     RX        /ERR/LOKO/0x00000002
11:33:29.349  INFO     RX        /ERR/LOKO/0x00000002
11:33:29.349  INFO     RX        /ERR/LOKO/0x00000002
11:33:29.349  INFO     RX        /ERR/LOKO/0x00000002
11:33:29.373  DEBUG    TX /CONTROLL/0,0,0,0,0,0,0,0,2
11:33:29.377  INFO     RX        /ERR/LOKO/0x00000002
11:33:29.377  INFO     RX        /ERR/LOKO/0x00000002
11:33:29.377  INFO     RX        /ERR/LOKO/0x00000002
11:33:29.414  INFO     RX        /ERR/LOKO/0x00000002
11:33:29.414  INFO     RX        /ERR/LOKO/0x00000002
11:33:29.446  INFO     RX        /ERR/LOKO/0x00000002
11:33:29.446  INFO     RX        /ERR/LOKO/0x00000002
11:33:29.446  INFO     RX        /ERR/LOKO/0x00000002
11:33:29.480  INFO     RX        /ERR/LOKO/0x00000002
11:33:29.480  INFO     RX        /ERR/LOKO/0x00000002
11:33:29.481  INFO     RX        /ERR/LOKO/0x00000002
11:33:29.506  INFO     RX        /ERR/LOKO/0x00000002
11:33:29.506  INFO     RX        /ERR/LOKO/0x00000002
11:33:29.506  INFO     RX        /ERR/LOKO/0x00000002
11:33:29.541  INFO     RX        /ERR/LOKO/0x00000002
11:33:29.572  INFO     RX        /ERR/LOKO/0x00000002
11:33:29.606  INFO     RX        /ERR/LOKO/0x00000002
11:33:29.636  INFO     RX        /ERR/LOKO/0x00000002
11:33:29.702  INFO     RX        /ERR/LOKO/0x00000002
11:33:29.732  INFO     RX        /ERR/LOKO/0x00000002
11:33:29.768  INFO     RX        /ERR/LOKO/0x00000002
11:33:29.797  INFO     RX        /ERR/LOKO/0x00000002
11:33:29.830  INFO     RX        /ERR/LOKO/0x00000002
11:33:29.870  INFO     RX        /ERR/LOKO/0x00000002
11:33:29.926  INFO     RX        /ERR/LOKO/0x00000002
11:33:29.958  INFO     RX        /ERR/LOKO/0x00000002
11:33:29.991  INFO     RX        /ERR/LOKO/0x00000002
11:33:30.023  INFO     RX        /ERR/LOKO/0x00000002
11:33:30.086  INFO     RX        /ERR/LOKO/0x00000002
11:33:30.118  INFO     RX        /ERR/LOKO/0x00000002
11:33:30.150  INFO     RX        /ERR/LOKO/0x00000002
11:33:30.183  INFO     RX        /ERR/LOKO/0x00000002
11:33:30.216  INFO     RX        /ERR/LOKO/0x00000002
11:33:30.283  INFO     RX        /ERR/LOKO/0x00000002
11:33:30.315  INFO     RX        /ERR/LOKO/0x00000002
11:33:30.345  INFO     RX        /ERR/LOKO/0x00000002
11:33:30.383  INFO     RX        /ERR/LOKO/0x00000002
11:33:30.441  INFO     RX        /ERR/LOKO/0x00000002
11:33:30.472  INFO     RX        /ERR/LOKO/0x00000002
11:33:30.508  INFO     RX        /ERR/LOKO/0x00000002
11:33:30.536  INFO     RX        /ERR/LOKO/0x00000002
11:33:30.566  INFO     RX        /ERR/LOKO/0x00000002
11:33:30.630  INFO     RX        /ERR/LOKO/0x00000002
11:33:30.663  INFO     RX        /ERR/LOKO/0x00000002
11:33:30.695  INFO     RX        /ERR/LOKO/0x00000002
11:33:30.726  INFO     RX        /ERR/LOKO/0x00000002
11:33:30.823  INFO     RX        /ERR/LOKO/0x00000002
11:33:30.854  INFO     RX        /ERR/LOKO/0x00000002
11:33:30.886  INFO     RX        /ERR/LOKO/0x00000002
11:33:30.917  INFO     RX        /ERR/LOKO/0x00000002
11:33:30.978  DEBUG    TX /CONTROLL/-100,34,0,0,0,0,0,0,2
11:33:30.982  INFO     RX        /ERR/LOKO/0x00000002
11:33:31.016  INFO     RX        /ERR/LOKO/0x00000002
11:33:31.047  INFO     RX        /ERR/LOKO/0x00000002
11:33:31.082  INFO     RX        /ERR/LOKO/0x00000002
11:33:31.114  INFO     RX        /ERR/LOKO/0x00000002
11:33:31.151  INFO     RX        /ERR/LOKO/0x00000002
11:33:31.209  INFO     RX        /ERR/LOKO/0x00000002
11:33:31.240  INFO     RX        /ERR/LOKO/0x00000002
11:33:31.275  INFO     RX        /ERR/LOKO/0x00000002
11:33:31.304  INFO     RX        /ERR/LOKO/0x00000002
11:33:31.467  INFO     RX        /ERR/LOKO/0x00000002
11:33:31.467  INFO     RX        /ERR/LOKO/0x00000002
11:33:31.467  INFO     RX        /ERR/LOKO/0x00000002
11:33:31.467  INFO     RX        /ERR/LOKO/0x00000002
11:33:31.501  INFO     RX        /ERR/LOKO/0x00000002
11:33:31.561  INFO     RX        /ERR/LOKO/0x00000002
11:33:31.591  INFO     RX        /ERR/LOKO/0x00000002
11:33:31.623  INFO     RX        /ERR/LOKO/0x00000002
11:33:31.655  INFO     RX        /ERR/LOKO/0x00000002
11:33:31.719  INFO     RX        /ERR/LOKO/0x00000002
11:33:31.758  INFO     RX        /ERR/LOKO/0x00000002
11:33:31.785  INFO     RX        /ERR/LOKO/0x00000002
11:33:31.785  INFO     RX        /ERR/LOKO/0x00000002
11:33:31.815  INFO     RX        /ERR/LOKO/0x00000002
11:33:31.815  INFO     RX        /ERR/LOKO/0x00000002
11:33:31.815  INFO     RX        /ERR/LOKO/0x00000002
11:33:31.849  INFO     RX        /ERR/LOKO/0x00000002
11:33:31.849  INFO     RX        /ERR/LOKO/0x00000002
11:33:31.881  INFO     RX        /ERR/LOKO/0x00000002
11:33:31.881  INFO     RX        /ERR/LOKO/0x00000002
11:33:31.881  INFO     RX        /ERR/LOKO/0x00000002
11:33:31.914  INFO     RX        /ERR/LOKO/0x00000002
11:33:31.914  INFO     RX        /ERR/LOKO/0x00000002
11:33:31.914  INFO     RX        /ERR/LOKO/0x00000002
11:33:31.947  INFO     RX        /ERR/LOKO/0x00000002
11:33:31.947  INFO     RX        /ERR/LOKO/0x00000002
11:33:31.947  INFO     RX        /ERR/LOKO/0x00000002
11:33:31.980  INFO     RX        /ERR/LOKO/0x00000002
11:33:31.980  INFO     RX        /ERR/LOKO/0x00000002
11:33:32.009  INFO     RX        /ERR/LOKO/0x00000002
11:33:32.009  INFO     RX        /ERR/LOKO/0x00000002
11:33:32.009  INFO     RX        /ERR/LOKO/0x00000002
11:33:32.045  INFO     RX        /ERR/LOKO/0x00000002
11:33:32.045  INFO     RX        /ERR/LOKO/0x00000002
11:33:32.045  INFO     RX        /ERR/LOKO/0x00000002
11:33:32.075  INFO     RX        /ERR/LOKO/0x00000002
11:33:32.075  INFO     RX        /ERR/LOKO/0x00000002
11:33:32.108  INFO     RX        /ERR/LOKO/0x00000002
11:33:32.108  INFO     RX        /ERR/LOKO/0x00000002
11:33:32.108  INFO     RX        /ERR/LOKO/0x00000002
11:33:32.141  INFO     RX        /ERR/LOKO/0x00000002
11:33:32.141  INFO     RX        /ERR/LOKO/0x00000002
11:33:32.141  INFO     RX        /ERR/LOKO/0x00000002
11:33:32.170  INFO     RX        /ERR/LOKO/0x00000002
11:33:32.587  DEBUG    TX /CONTROLL/0,0,0,0,0,0,0,0,0
11:33:34.200  DEBUG    TX /CONTROLL/0,0,0,0,0,0,0,0,0
11:33:35.810  DEBUG    TX /CONTROLL/0,0,0,0,0,0,0,0,0
11:33:37.422  DEBUG    TX /CONTROLL/0,0,0,0,0,0,0,0,0
11:33:39.031  DEBUG    TX /CONTROLL/0,0,0,0,0,0,0,0,0
11:33:40.643  DEBUG    TX /CONTROLL/0,0,0,0,0,0,0,0,0
11:33:42.251  DEBUG    TX /CONTROLL/0,0,0,0,0,0,0,0,0
11:33:43.862  DEBUG    TX /CONTROLL/0,0,0,0,0,0,0,0,0
11:33:45.473  DEBUG    TX /CONTROLL/0,0,0,0,0,0,0,0,0
11:33:47.081  DEBUG    TX /CONTROLL/0,0,0,0,0,0,0,0,0
11:33:48.694  DEBUG    TX /CONTROLL/0,0,0,0,0,0,0,0,0
11:33:50.298  DEBUG    TX /CONTROLL/0,0,0,0,0,0,0,0,0
11:33:51.909  DEBUG    TX /CONTROLL/0,0,0,0,0,0,0,0,0
11:33:53.521  DEBUG    TX /CONTROLL/0,0,0,0,0,0,0,0,0
11:33:55.140  DEBUG    TX /CONTROLL/0,0,0,0,0,0,0,0,0
11:33:56.751  DEBUG    TX /CONTROLL/0,0,0,0,0,0,0,0,0
11:33:58.364  DEBUG    TX /CONTROLL/0,0,0,0,0,0,0,0,0
11:33:59.977  DEBUG    TX /CONTROLL/0,0,0,0,0,0,0,0,0
11:34:01.587  DEBUG    TX /CONTROLL/0,0,0,0,0,0,0,0,0
11:34:03.198  DEBUG    TX /CONTROLL/0,0,0,0,0,0,0,0,0
11:34:04.806  DEBUG    TX /CONTROLL/0,0,0,0,0,0,0,0,0
11:34:06.414  DEBUG    TX /CONTROLL/0,0,0,0,0,0,0,0,0
11:34:08.022  DEBUG    TX /CONTROLL/0,0,0,0,0,0,0,0,0
11:34:09.632  DEBUG    TX /CONTROLL/0,0,0,0,0,0,0,0,0
11:34:11.241  DEBUG    TX /CONTROLL/0,0,0,0,0,0,0,0,0
11:34:12.849  DEBUG    TX /CONTROLL/0,0,0,0,0,0,0,0,0
11:34:14.461  DEBUG    TX /CONTROLL/0,0,0,0,0,0,0,0,0
11:34:16.077  DEBUG    TX /CONTROLL/0,0,0,0,0,0,0,0,0
11:34:17.683  DEBUG    TX /CONTROLL/0,0,0,0,0,0,0,0,0
11:34:19.294  DEBUG    TX /CONTROLL/0,0,0,0,0,0,0,0,0
11:34:20.905  DEBUG    TX /CONTROLL/0,0,0,0,0,0,0,0,0
11:34:22.512  DEBUG    TX /CONTROLL/0,0,0,0,0,0,0,0,0
11:34:24.122  DEBUG    TX /CONTROLL/0,0,0,0,0,0,0,0,0
11:34:25.736  DEBUG    TX /CONTROLL/0,0,0,0,0,0,0,0,0
11:34:27.347  DEBUG    TX /CONTROLL/0,0,0,0,0,0,0,0,0
11:34:28.956  DEBUG    TX /CONTROLL/0,0,0,0,0,0,0,0,0
11:34:30.568  DEBUG    TX /CONTROLL/0,0,0,0,0,0,0,0,0
11:34:32.184  DEBUG    TX /CONTROLL/0,0,0,0,0,0,0,0,0
11:34:33.794  DEBUG    TX /CONTROLL/0,0,0,0,0,0,0,0,0
11:34:35.406  DEBUG    TX /CONTROLL/0,0,0,0,0,0,0,0,0
11:34:37.023  DEBUG    TX /CONTROLL/0,0,0,0,0,0,0,0,0
11:34:38.629  DEBUG    TX /CONTROLL/0,0,0,0,0,0,0,0,0
11:34:40.243  DEBUG    TX /CONTROLL/0,0,0,0,0,0,0,0,0
11:34:41.852  DEBUG    TX /CONTROLL/0,0,0,0,0,0,0,0,0
11:34:43.458  DEBUG    TX /CONTROLL/0,0,0,0,0,0,0,0,0
11:34:45.079  DEBUG    TX /CONTROLL/0,0,0,0,0,0,0,0,0
11:34:46.688  DEBUG    TX /CONTROLL/0,0,0,0,0,0,0,0,0
11:34:48.306  DEBUG    TX /CONTROLL/0,0,0,0,0,0,0,0,0
11:34:49.919  DEBUG    TX /CONTROLL/0,0,0,0,0,0,0,0,0
11:34:51.537  DEBUG    TX /CONTROLL/0,0,0,0,0,0,0,0,0
11:34:53.151  DEBUG    TX /CONTROLL/0,0,0,0,0,0,0,0,0
11:34:54.762  DEBUG    TX /CONTROLL/0,0,0,0,0,0,0,0,0
11:34:56.374  DEBUG    TX /CONTROLL/0,0,0,0,0,0,0,0,0
11:34:57.982  DEBUG    TX /CONTROLL/0,0,0,0,0,0,0,0,0
11:34:59.604  DEBUG    TX /CONTROLL/0,0,0,0,0,0,0,0,0
11:35:01.212  DEBUG    TX /CONTROLL/0,0,0,0,0,0,0,0,0
11:35:02.818  DEBUG    TX /CONTROLL/0,0,0,0,0,0,0,0,0
11:35:04.426  DEBUG    TX /CONTROLL/0,0,0,0,0,0,0,0,0
11:35:06.035  DEBUG    TX /CONTROLL/0,0,0,0,0,0,0,0,0
11:35:07.647  DEBUG    TX /CONTROLL/0,0,0,0,0,0,0,0,0
11:35:09.265  DEBUG    TX /CONTROLL/0,0,0,0,0,0,0,0,0
11:35:10.880  DEBUG    TX /CONTROLL/0,0,0,0,0,0,0,0,0
11:35:12.495  DEBUG    TX /CONTROLL/0,0,0,0,0,0,0,0,0
11:35:14.108  DEBUG    TX /CONTROLL/0,0,0,0,0,0,0,0,0
11:35:15.718  DEBUG    TX /CONTROLL/0,0,0,0,0,0,0,0,0
11:35:17.322  DEBUG    TX /CONTROLL/0,0,0,0,0,0,0,0,0
11:35:18.931  DEBUG    TX /CONTROLL/0,0,0,0,0,0,0,0,0
11:35:20.544  DEBUG    TX /CONTROLL/0,0,0,0,0,0,0,0,0
11:35:22.151  DEBUG    TX /CONTROLL/0,0,0,0,0,0,0,0,0
11:35:23.765  DEBUG    TX /CONTROLL/0,0,0,0,0,0,0,0,0
11:35:25.375  DEBUG    TX /CONTROLL/0,0,0,0,0,0,0,0,0
11:35:26.990  DEBUG    TX /CONTROLL/0,0,0,0,0,0,0,0,0
11:35:28.604  DEBUG    TX /CONTROLL/0,0,0,0,0,0,0,0,0
11:35:30.216  DEBUG    TX /CONTROLL/0,0,0,0,0,0,0,0,0
11:35:31.827  DEBUG    TX /CONTROLL/0,0,0,0,0,0,0,0,0
11:35:33.440  DEBUG    TX /CONTROLL/0,0,0,0,0,0,0,0,0
11:35:35.051  DEBUG    TX /CONTROLL/0,0,0,0,0,0,0,0,0
11:35:36.665  DEBUG    TX /CONTROLL/0,0,0,0,0,0,0,0,0
11:35:38.276  DEBUG    TX /CONTROLL/0,0,0,0,0,0,0,0,0
11:35:39.892  DEBUG    TX /CONTROLL/0,0,0,0,0,0,0,0,0
11:35:41.504  DEBUG    TX /CONTROLL/0,0,0,0,0,0,0,0,0
11:35:43.131  DEBUG    TX /CONTROLL/0,0,0,0,0,0,0,0,0
11:35:44.744  DEBUG    TX /CONTROLL/0,0,0,0,0,0,0,0,0
11:35:46.354  DEBUG    TX /CONTROLL/0,0,0,0,0,0,0,0,0
11:35:47.970  DEBUG    TX /CONTROLL/0,0,0,0,0,0,0,0,0
