09:44:23.745  INFO     Connecting to 100.122.9.49:5000...
09:44:23.757  INFO     Network connection established
09:44:23.757  INFO     RX        PCA9685 Right: OK
09:44:23.757  INFO     RX        PCA9685 Left:  OK
09:44:23.757  INFO     RX        LSM6DSO IMU:   OK
09:44:23.757  INFO     RX        VL53L1X ToF:   OK
09:44:23.757  INFO     RX        Locomotion:    INIT (UN_ARMED, printf mode)
09:44:23.757  INFO     RX        Press L1 to arm, R1 to disarm at any time.
09:44:23.757  INFO     RX        Ready.
09:44:23.757  INFO     RX        /BATTERY/VDDA/12870 mV
09:44:23.757  INFO     RX        === Hexapod Mainboard ===
09:44:23.757  INFO     RX        PCA9685 Right: OK
09:44:23.757  INFO     RX        PCA9685 Left:  OK
09:44:23.757  INFO     RX        LSM6DSO IMU:   OK
09:44:23.757  INFO     RX        VL53L1X ToF:   OK
09:44:23.757  INFO     RX        Locomotion:    INIT (UN_ARMED, printf mode)
09:44:23.757  INFO     RX        Press L1 to arm, R1 to disarm at any time.
09:44:23.757  INFO     RX        Ready.
09:44:23.757  INFO     RX        /BATTERY/VDDA/12872 mV
09:44:23.757  INFO     RX        === Hexapod Mainboard ===
09:44:23.757  INFO     RX        PCA9685 Right: OK
09:44:23.757  INFO     RX        PCA9685 Left:  OK
09:44:23.757  INFO     RX        LSM6DSO IMU:   OK
09:44:23.757  INFO     RX        VL53L1X ToF:   OK
09:44:23.757  INFO     RX        Locomotion:    INIT (UN_ARMED, printf mode)
09:44:23.757  INFO     RX        Press L1 to arm, R1 to disarm at any time.
09:44:23.757  INFO     RX        Ready.
09:44:23.757  INFO     RX        /BATTERY/VDDA/12863 mV
09:44:23.757  INFO     RX        === Hexapod Mainboard ===
09:44:23.757  INFO     RX        PCA9685 Right: OK
09:44:23.757  INFO     RX        PCA9685 Left:  OK
09:44:23.757  INFO     RX        LSM6DSO IMU:   OK
09:44:23.757  INFO     RX        VL53L1X ToF:   OK
09:44:23.757  INFO     RX        Locomotion:    INIT (UN_ARMED, printf mode)
09:44:23.757  INFO     RX        Press L1 to arm, R1 to disarm at any time.
09:44:23.757  INFO     RX        Ready.
09:44:24.540  DEBUG    TX /CONTROLL/0,0,0,0,0,0,0,0,0
09:44:25.346  DEBUG    TX /CONTROLL/0,0,0,0,0,0,0,0,0
09:44:26.151  DEBUG    TX /CONTROLL/0,0,0,0,0,0,0,0,0
09:44:26.960  DEBUG    TX /CONTROLL/0,0,0,0,0,0,0,0,0
09:44:27.762  DEBUG    TX /CONTROLL/0,0,0,0,0,0,0,0,0
09:44:28.569  DEBUG    TX /CONTROLL/0,0,0,0,0,0,0,0,0
09:44:28.765  INFO     RX        /ERR/LOKO/0x00000002
09:44:28.781  INFO     RX        /ERR/LOKO/0x00000002
09:44:28.781  INFO     RX        /ERR/LOKO/0x00000002
09:44:28.796  INFO     RX        /ERR/LOKO/0x00000002
09:44:28.813  INFO     RX        /ERR/LOKO/0x00000002
09:44:28.830  INFO     RX        /ERR/LOKO/0x00000002
09:44:28.830  INFO     RX        /ERR/LOKO/0x00000002
09:44:28.918  INFO     RX        /ERR/LOKO/0x00000002
09:44:28.920  INFO     RX        /ERR/LOKO/0x00000002
09:44:28.920  INFO     RX        /ERR/LOKO/0x00000002
09:44:28.920  INFO     RX        /ERR/LOKO/0x00000002
09:44:28.920  INFO     RX        /ERR/LOKO/0x00000002
09:44:28.920  INFO     RX        /ERR/LOKO/0x00000002
09:44:28.920  INFO     RX        /ERR/LOKO/0x00000002
09:44:28.920  INFO     RX        /ERR/LOKO/0x00000002
09:44:28.941  INFO     RX        /ERR/LOKO/0x00000002
09:44:28.957  INFO     RX        /ERR/LOKO/0x00000002
09:44:29.372  DEBUG    TX /CONTROLL/0,0,0,0,0,0,0,0,0
09:44:29.840  INFO     RX        /ERR/LOKO/0x00000002
09:44:29.858  INFO     RX        /ERR/LOKO/0x00000002
09:44:29.858  INFO     RX        /ERR/LOKO/0x00000002
09:44:29.874  INFO     RX        /ERR/LOKO/0x00000002
09:44:29.890  INFO     RX        /ERR/LOKO/0x00000002
09:44:29.905  INFO     RX        /ERR/LOKO/0x00000002
09:44:29.905  INFO     RX        /ERR/LOKO/0x00000002
09:44:29.921  INFO     RX        /ERR/LOKO/0x00000002
09:44:29.953  INFO     RX        /ERR/LOKO/0x00000002
09:44:29.970  INFO     RX        /ERR/LOKO/0x00000002
09:44:29.986  INFO     RX        /ERR/LOKO/0x00000002
09:44:30.175  DEBUG    TX /CONTROLL/0,0,0,0,0,0,0,0,0
09:44:30.981  DEBUG    TX /CONTROLL/0,0,0,0,0,0,0,0,0
09:44:31.785  DEBUG    TX /CONTROLL/0,0,0,0,0,0,0,0,0
09:44:32.590  DEBUG    TX /CONTROLL/0,0,0,0,0,0,0,0,0
09:44:33.396  DEBUG    TX /CONTROLL/0,0,0,0,0,0,0,0,0
09:44:34.200  DEBUG    TX /CONTROLL/0,0,0,0,0,0,0,0,0
09:44:35.003  DEBUG    TX /CONTROLL/0,0,0,0,1,0,0,0,0
09:44:35.390  INFO     RX        /ERR/LOKO/0x00000002
09:44:35.408  INFO     RX        /ERR/LOKO/0x00000002
09:44:35.422  INFO     RX        /ERR/LOKO/0x00000002
09:44:35.440  INFO     RX        /ERR/LOKO/0x00000002
09:44:35.440  INFO     RX        /ERR/LOKO/0x00000002
09:44:35.457  INFO     RX        /ERR/LOKO/0x00000002
09:44:35.472  INFO     RX        /ERR/LOKO/0x00000002
09:44:35.472  INFO     RX        /ERR/LOKO/0x00000002
09:44:35.488  INFO     RX        /ERR/LOKO/0x00000002
09:44:35.503  INFO     RX        /ERR/LOKO/0x00000002
09:44:35.556  INFO     RX        /ERR/LOKO/0x00000002
09:44:35.572  INFO     RX        /ERR/LOKO/0x00000002
09:44:35.586  INFO     RX        /ERR/LOKO/0x00000002
09:44:35.601  INFO     RX        /ERR/LOKO/0x00000002
09:44:35.623  INFO     RX        /ERR/LOKO/0x00000002
09:44:35.623  INFO     RX        /ERR/LOKO/0x00000002
09:44:35.635  INFO     RX        /ERR/LOKO/0x00000002
09:44:35.649  INFO     RX        /ERR/LOKO/0x00000002
09:44:35.649  INFO     RX        /ERR/LOKO/0x00000002
09:44:35.666  INFO     RX        /ERR/LOKO/0x00000002
09:44:35.746  INFO     RX        /ERR/LOKO/0x00000002
09:44:35.746  INFO     RX        /ERR/LOKO/0x00000002
09:44:35.760  INFO     RX        /ERR/LOKO/0x00000002
09:44:35.776  INFO     RX        /ERR/LOKO/0x00000002
09:44:35.793  INFO     RX        /ERR/LOKO/0x00000002
09:44:35.793  INFO     RX        /ERR/LOKO/0x00000002
09:44:35.806  DEBUG    TX /CONTROLL/0,0,0,-30,0,0,0,0,0
09:44:35.810  INFO     RX        /ERR/LOKO/0x00000002
09:44:35.825  INFO     RX        /ERR/LOKO/0x00000002
09:44:35.825  INFO     RX        /ERR/LOKO/0x00000002
09:44:35.841  INFO     RX        /ERR/LOKO/0x00000002
09:44:35.859  INFO     RX        /ERR/LOKO/0x00000002
09:44:35.875  INFO     RX        /ERR/LOKO/0x00000002
09:44:35.955  INFO     RX        /ERR/LOKO/0x00000002
09:44:35.971  INFO     RX        /ERR/LOKO/0x00000002
09:44:35.989  INFO     RX        /ERR/LOKO/0x00000002
09:44:36.004  INFO     RX        /ERR/LOKO/0x00000002
09:44:36.004  INFO     RX        /ERR/LOKO/0x00000002
09:44:36.020  INFO     RX        /ERR/LOKO/0x00000002
09:44:36.035  INFO     RX        /ERR/LOKO/0x00000002
09:44:36.035  INFO     RX        /ERR/LOKO/0x00000002
09:44:36.052  INFO     RX        /ERR/LOKO/0x00000002
09:44:36.068  INFO     RX        /ERR/LOKO/0x00000002
09:44:36.084  INFO     RX        /ERR/LOKO/0x00000002
09:44:36.084  INFO     RX        /ERR/LOKO/0x00000002
09:44:36.213  INFO     RX        /ERR/LOKO/0x00000002
09:44:36.213  INFO     RX        /ERR/LOKO/0x00000002
09:44:36.231  INFO     RX        /ERR/LOKO/0x00000002
09:44:36.247  INFO     RX        /ERR/LOKO/0x00000002
09:44:36.262  INFO     RX        /ERR/LOKO/0x00000002
09:44:36.262  INFO     RX        /ERR/LOKO/0x00000002
09:44:36.279  INFO     RX        /ERR/LOKO/0x00000002
09:44:36.293  INFO     RX        /ERR/LOKO/0x00000002
09:44:36.293  INFO     RX        /ERR/LOKO/0x00000002
09:44:36.311  INFO     RX        /ERR/LOKO/0x00000002
09:44:36.327  INFO     RX        /ERR/LOKO/0x00000002
09:44:36.344  INFO     RX        /ERR/LOKO/0x00000002
09:44:36.456  INFO     RX        /ERR/LOKO/0x00000002
09:44:36.472  INFO     RX        /ERR/LOKO/0x00000002
09:44:36.472  INFO     RX        /ERR/LOKO/0x00000002
09:44:36.488  INFO     RX        /ERR/LOKO/0x00000002
09:44:36.504  INFO     RX        /ERR/LOKO/0x00000002
09:44:36.504  INFO     RX        /ERR/LOKO/0x00000002
09:44:36.521  INFO     RX        /ERR/LOKO/0x00000002
09:44:36.537  INFO     RX        /ERR/LOKO/0x00000002
09:44:36.554  INFO     RX        /ERR/LOKO/0x00000002
09:44:36.554  INFO     RX        /ERR/LOKO/0x00000002
09:44:36.569  INFO     RX        /ERR/LOKO/0x00000002
09:44:36.585  INFO     RX        /ERR/LOKO/0x00000002
09:44:36.615  DEBUG    TX /CONTROLL/0,0,0,-30,0,0,0,0,0
09:44:36.682  INFO     RX        /ERR/LOKO/0x00000002
09:44:36.682  INFO     RX        /ERR/LOKO/0x00000002
09:44:36.699  INFO     RX        /ERR/LOKO/0x00000002
09:44:36.714  INFO     RX        /ERR/LOKO/0x00000002
09:44:36.714  INFO     RX        /ERR/LOKO/0x00000002
09:44:36.730  INFO     RX        /ERR/LOKO/0x00000002
09:44:36.746  INFO     RX        /ERR/LOKO/0x00000002
09:44:36.764  INFO     RX        /ERR/LOKO/0x00000002
09:44:36.764  INFO     RX        /ERR/LOKO/0x00000002
09:44:36.778  INFO     RX        /ERR/LOKO/0x00000002
09:44:36.794  INFO     RX        /ERR/LOKO/0x00000002
09:44:36.812  INFO     RX        /ERR/LOKO/0x00000002
09:44:36.874  INFO     RX        /ERR/LOKO/0x00000002
09:44:36.891  INFO     RX        /ERR/LOKO/0x00000002
09:44:36.891  INFO     RX        /ERR/LOKO/0x00000002
09:44:36.907  INFO     RX        /ERR/LOKO/0x00000002
09:44:36.926  INFO     RX        /ERR/LOKO/0x00000002
09:44:36.942  INFO     RX        /ERR/LOKO/0x00000002
09:44:36.942  INFO     RX        /ERR/LOKO/0x00000002
09:44:36.956  INFO     RX        /ERR/LOKO/0x00000002
09:44:36.972  INFO     RX        /ERR/LOKO/0x00000002
09:44:36.988  INFO     RX        /ERR/LOKO/0x00000002
09:44:36.988  INFO     RX        /ERR/LOKO/0x00000002
09:44:37.004  INFO     RX        /ERR/LOKO/0x00000002
09:44:37.068  INFO     RX        /ERR/LOKO/0x00000002
09:44:37.068  INFO     RX        /ERR/LOKO/0x00000002
09:44:37.084  INFO     RX        /ERR/LOKO/0x00000002
09:44:37.100  INFO     RX        /ERR/LOKO/0x00000002
09:44:37.115  INFO     RX        /ERR/LOKO/0x00000002
09:44:37.115  INFO     RX        /ERR/LOKO/0x00000002
09:44:37.133  INFO     RX        /ERR/LOKO/0x00000002
09:44:37.148  INFO     RX        /ERR/LOKO/0x00000002
09:44:37.164  INFO     RX        /ERR/LOKO/0x00000002
09:44:37.164  INFO     RX        /ERR/LOKO/0x00000002
09:44:37.181  INFO     RX        /ERR/LOKO/0x00000002
09:44:37.196  INFO     RX        /ERR/LOKO/0x00000002
09:44:37.278  INFO     RX        /ERR/LOKO/0x00000002
09:44:37.293  INFO     RX        /ERR/LOKO/0x00000002
09:44:37.310  INFO     RX        /ERR/LOKO/0x00000002
09:44:37.327  INFO     RX        /ERR/LOKO/0x00000002
09:44:37.327  INFO     RX        /ERR/LOKO/0x00000002
09:44:37.341  INFO     RX        /ERR/LOKO/0x00000002
09:44:37.358  INFO     RX        /ERR/LOKO/0x00000002
09:44:37.374  INFO     RX        /ERR/LOKO/0x00000002
09:44:37.375  INFO     RX        /ERR/LOKO/0x00000002
09:44:37.393  INFO     RX        /ERR/LOKO/0x00000002
09:44:37.406  INFO     RX        /ERR/LOKO/0x00000002
09:44:37.419  DEBUG    TX /CONTROLL/0,0,0,-30,0,0,0,0,0
09:44:37.424  INFO     RX        /ERR/LOKO/0x00000002
09:44:37.536  INFO     RX        /ERR/LOKO/0x00000002
09:44:37.554  INFO     RX        /ERR/LOKO/0x00000002
09:44:37.569  INFO     RX        /ERR/LOKO/0x00000002
09:44:37.585  INFO     RX        /ERR/LOKO/0x00000002
09:44:37.585  INFO     RX        /ERR/LOKO/0x00000002
09:44:37.602  INFO     RX        /ERR/LOKO/0x00000002
09:44:37.617  INFO     RX        /ERR/LOKO/0x00000002
09:44:37.633  INFO     RX        /ERR/LOKO/0x00000002
09:44:37.633  INFO     RX        /ERR/LOKO/0x00000002
09:44:37.649  INFO     RX        /ERR/LOKO/0x00000002
09:44:37.665  INFO     RX        /ERR/LOKO/0x00000002
09:44:37.665  INFO     RX        /ERR/LOKO/0x00000002
09:44:37.794  INFO     RX        /ERR/LOKO/0x00000002
09:44:37.795  INFO     RX        /ERR/LOKO/0x00000002
09:44:37.811  INFO     RX        /ERR/LOKO/0x00000002
09:44:37.826  INFO     RX        /ERR/LOKO/0x00000002
09:44:37.842  INFO     RX        /ERR/LOKO/0x00000002
09:44:37.842  INFO     RX        /ERR/LOKO/0x00000002
09:44:37.859  INFO     RX        /ERR/LOKO/0x00000002
09:44:37.874  INFO     RX        /ERR/LOKO/0x00000002
09:44:37.892  INFO     RX        /ERR/LOKO/0x00000002
09:44:37.892  INFO     RX        /ERR/LOKO/0x00000002
09:44:37.906  INFO     RX        /ERR/LOKO/0x00000002
09:44:37.922  INFO     RX        /ERR/LOKO/0x00000002
09:44:38.019  INFO     RX        /ERR/LOKO/0x00000002
09:44:38.019  INFO     RX        /ERR/LOKO/0x00000002
09:44:38.035  INFO     RX        /ERR/LOKO/0x00000002
09:44:38.051  INFO     RX        /ERR/LOKO/0x00000002
09:44:38.051  INFO     RX        /ERR/LOKO/0x00000002
09:44:38.067  INFO     RX        /ERR/LOKO/0x00000002
09:44:38.085  INFO     RX        /ERR/LOKO/0x00000002
09:44:38.099  INFO     RX        /ERR/LOKO/0x00000002
09:44:38.099  INFO     RX        /ERR/LOKO/0x00000002
09:44:38.116  INFO     RX        /ERR/LOKO/0x00000002
09:44:38.132  INFO     RX        /ERR/LOKO/0x00000002
09:44:38.148  INFO     RX        /ERR/LOKO/0x00000002
09:44:38.213  INFO     RX        /ERR/LOKO/0x00000002
09:44:38.226  DEBUG    TX /CONTROLL/0,0,0,-30,0,0,0,0,0
09:44:38.229  INFO     RX        /ERR/LOKO/0x00000002
09:44:38.229  INFO     RX        /ERR/LOKO/0x00000002
09:44:38.245  INFO     RX        /ERR/LOKO/0x00000002
09:44:38.262  INFO     RX        /ERR/LOKO/0x00000002
09:44:38.277  INFO     RX        /ERR/LOKO/0x00000002
09:44:38.277  INFO     RX        /ERR/LOKO/0x00000002
09:44:38.293  INFO     RX        /ERR/LOKO/0x00000002
09:44:38.310  INFO     RX        /ERR/LOKO/0x00000002
09:44:38.326  INFO     RX        /ERR/LOKO/0x00000002
09:44:38.326  INFO     RX        /ERR/LOKO/0x00000002
09:44:38.341  INFO     RX        /ERR/LOKO/0x00000002
09:44:39.030  DEBUG    TX /CONTROLL/0,0,0,0,1,0,0,0,0
09:44:39.692  INFO     RX        /ERR/LOKO/0x00000002
09:44:39.708  INFO     RX        /ERR/LOKO/0x00000002
09:44:39.724  INFO     RX        /ERR/LOKO/0x00000002
09:44:39.724  INFO     RX        /ERR/LOKO/0x00000002
09:44:39.740  INFO     RX        /ERR/LOKO/0x00000002
09:44:39.756  INFO     RX        /ERR/LOKO/0x00000002
09:44:39.756  INFO     RX        /ERR/LOKO/0x00000002
09:44:39.772  INFO     RX        /ERR/LOKO/0x00000002
09:44:39.788  INFO     RX        /ERR/LOKO/0x00000002
09:44:39.804  INFO     RX        /ERR/LOKO/0x00000002
09:44:39.804  INFO     RX        /ERR/LOKO/0x00000002
09:44:39.820  INFO     RX        /ERR/LOKO/0x00000002
09:44:39.834  DEBUG    TX /CONTROLL/0,0,0,-28,0,0,0,0,0
09:44:39.836  INFO     RX        /ERR/LOKO/0x00000002
09:44:39.852  INFO     RX        /ERR/LOKO/0x00000002
09:44:39.852  INFO     RX        /ERR/LOKO/0x00000002
09:44:39.868  INFO     RX        /ERR/LOKO/0x00000002
09:44:39.884  INFO     RX        /ERR/LOKO/0x00000002
09:44:39.884  INFO     RX        /ERR/LOKO/0x00000002
09:44:40.029  INFO     RX        /ERR/LOKO/0x00000002
09:44:40.045  INFO     RX        /ERR/LOKO/0x00000002
09:44:40.061  INFO     RX        /ERR/LOKO/0x00000002
09:44:40.061  INFO     RX        /ERR/LOKO/0x00000002
09:44:40.080  INFO     RX        /ERR/LOKO/0x00000002
09:44:40.095  INFO     RX        /ERR/LOKO/0x00000002
09:44:40.095  INFO     RX        /ERR/LOKO/0x00000002
09:44:40.111  INFO     RX        /ERR/LOKO/0x00000002
09:44:40.127  INFO     RX        /ERR/LOKO/0x00000002
09:44:40.144  INFO     RX        /ERR/LOKO/0x00000002
09:44:40.144  INFO     RX        /ERR/LOKO/0x00000002
09:44:40.161  INFO     RX        /ERR/LOKO/0x00000002
09:44:40.175  INFO     RX        /ERR/LOKO/0x00000002
09:44:40.176  INFO     RX        /ERR/LOKO/0x00000002
09:44:40.194  INFO     RX        /ERR/LOKO/0x00000002
09:44:40.208  INFO     RX        /ERR/LOKO/0x00000002
09:44:40.223  INFO     RX        /ERR/LOKO/0x00000002
09:44:40.223  INFO     RX        /ERR/LOKO/0x00000002
09:44:40.239  INFO     RX        /ERR/LOKO/0x00000002
09:44:40.255  INFO     RX        /ERR/LOKO/0x00000002
09:44:40.432  INFO     RX        /ERR/LOKO/0x00000002
09:44:40.448  INFO     RX        /ERR/LOKO/0x00000002
09:44:40.464  INFO     RX        /ERR/LOKO/0x00000002
09:44:40.480  INFO     RX        /ERR/LOKO/0x00000002
09:44:40.480  INFO     RX        /ERR/LOKO/0x00000002
09:44:40.496  INFO     RX        /ERR/LOKO/0x00000002
09:44:40.512  INFO     RX        /ERR/LOKO/0x00000002
09:44:40.513  INFO     RX        /ERR/LOKO/0x00000002
09:44:40.528  INFO     RX        /ERR/LOKO/0x00000002
09:44:40.547  INFO     RX        /ERR/LOKO/0x00000002
09:44:40.548  INFO     RX        /ERR/LOKO/0x00000002
09:44:40.561  INFO     RX        /ERR/LOKO/0x00000002
09:44:40.578  INFO     RX        /ERR/LOKO/0x00000002
09:44:40.593  INFO     RX        /ERR/LOKO/0x00000002
09:44:40.608  INFO     RX        /ERR/LOKO/0x00000002
09:44:40.608  INFO     RX        /ERR/LOKO/0x00000002
09:44:40.624  INFO     RX        /ERR/LOKO/0x00000002
09:44:40.637  DEBUG    TX /CONTROLL/0,0,0,-28,0,0,0,0,0
09:44:40.641  INFO     RX        /ERR/LOKO/0x00000002
09:44:40.657  INFO     RX        /ERR/LOKO/0x00000002
09:44:40.785  INFO     RX        /ERR/LOKO/0x00000002
09:44:40.801  INFO     RX        /ERR/LOKO/0x00000002
09:44:40.817  INFO     RX        /ERR/LOKO/0x00000002
09:44:40.817  INFO     RX        /ERR/LOKO/0x00000002
09:44:40.834  INFO     RX        /ERR/LOKO/0x00000002
09:44:40.849  INFO     RX        /ERR/LOKO/0x00000002
09:44:40.865  INFO     RX        /ERR/LOKO/0x00000002
09:44:40.865  INFO     RX        /ERR/LOKO/0x00000002
09:44:40.882  INFO     RX        /ERR/LOKO/0x00000002
09:44:40.897  INFO     RX        /ERR/LOKO/0x00000002
09:44:40.897  INFO     RX        /ERR/LOKO/0x00000002
09:44:40.913  INFO     RX        /ERR/LOKO/0x00000002
09:44:40.929  INFO     RX        /ERR/LOKO/0x00000002
09:44:40.945  INFO     RX        /ERR/LOKO/0x00000002
09:44:40.945  INFO     RX        /ERR/LOKO/0x00000002
09:44:40.963  INFO     RX        /ERR/LOKO/0x00000002
09:44:40.977  INFO     RX        /ERR/LOKO/0x00000002
09:44:40.993  INFO     RX        /ERR/LOKO/0x00000002
09:44:40.994  INFO     RX        /ERR/LOKO/0x00000002
09:44:41.011  INFO     RX        /ERR/LOKO/0x00000002
09:44:41.107  INFO     RX        /ERR/LOKO/0x00000002
09:44:41.123  INFO     RX        /ERR/LOKO/0x00000002
09:44:41.123  INFO     RX        /ERR/LOKO/0x00000002
09:44:41.139  INFO     RX        /ERR/LOKO/0x00000002
09:44:41.156  INFO     RX        /ERR/LOKO/0x00000002
09:44:41.156  INFO     RX        /ERR/LOKO/0x00000002
09:44:41.171  INFO     RX        /ERR/LOKO/0x00000002
09:44:41.187  INFO     RX        /ERR/LOKO/0x00000002
09:44:41.204  INFO     RX        /ERR/LOKO/0x00000002
09:44:41.204  INFO     RX        /ERR/LOKO/0x00000002
09:44:41.219  INFO     RX        /ERR/LOKO/0x00000002
09:44:41.235  INFO     RX        /ERR/LOKO/0x00000002
09:44:41.251  INFO     RX        /ERR/LOKO/0x00000002
09:44:41.251  INFO     RX        /ERR/LOKO/0x00000002
09:44:41.267  INFO     RX        /ERR/LOKO/0x00000002
09:44:41.283  INFO     RX        /ERR/LOKO/0x00000002
09:44:41.283  INFO     RX        /ERR/LOKO/0x00000002
09:44:41.299  INFO     RX        /ERR/LOKO/0x00000002
09:44:41.315  INFO     RX        /ERR/LOKO/0x00000002
09:44:41.440  DEBUG    TX /CONTROLL/0,0,0,-28,0,0,0,0,0
09:44:41.459  INFO     RX        /ERR/LOKO/0x00000002
09:44:41.459  INFO     RX        /ERR/LOKO/0x00000002
09:44:41.475  INFO     RX        /ERR/LOKO/0x00000002
09:44:41.491  INFO     RX        /ERR/LOKO/0x00000002
09:44:41.507  INFO     RX        /ERR/LOKO/0x00000002
09:44:41.507  INFO     RX        /ERR/LOKO/0x00000002
09:44:41.523  INFO     RX        /ERR/LOKO/0x00000002
09:44:41.540  INFO     RX        /ERR/LOKO/0x00000002
09:44:41.540  INFO     RX        /ERR/LOKO/0x00000002
09:44:41.556  INFO     RX        /ERR/LOKO/0x00000002
09:44:41.572  INFO     RX        /ERR/LOKO/0x00000002
09:44:41.589  INFO     RX        /ERR/LOKO/0x00000002
09:44:41.589  INFO     RX        /ERR/LOKO/0x00000002
09:44:41.605  INFO     RX        /ERR/LOKO/0x00000002
09:44:41.621  INFO     RX        /ERR/LOKO/0x00000002
09:44:41.636  INFO     RX        /ERR/LOKO/0x00000002
09:44:41.636  INFO     RX        /ERR/LOKO/0x00000002
09:44:41.652  INFO     RX        /ERR/LOKO/0x00000002
09:44:41.668  INFO     RX        /ERR/LOKO/0x00000002
09:44:41.684  INFO     RX        /ERR/LOKO/0x00000002
09:44:41.862  INFO     RX        /ERR/LOKO/0x00000002
09:44:41.878  INFO     RX        /ERR/LOKO/0x00000002
09:44:41.878  INFO     RX        /ERR/LOKO/0x00000002
09:44:41.893  INFO     RX        /ERR/LOKO/0x00000002
09:44:41.909  INFO     RX        /ERR/LOKO/0x00000002
09:44:41.925  INFO     RX        /ERR/LOKO/0x00000002
09:44:41.925  INFO     RX        /ERR/LOKO/0x00000002
09:44:41.942  INFO     RX        /ERR/LOKO/0x00000002
09:44:41.958  INFO     RX        /ERR/LOKO/0x00000002
09:44:41.975  INFO     RX        /ERR/LOKO/0x00000002
09:44:41.975  INFO     RX        /ERR/LOKO/0x00000002
09:44:41.990  INFO     RX        /ERR/LOKO/0x00000002
09:44:42.007  INFO     RX        /ERR/LOKO/0x00000002
09:44:42.007  INFO     RX        /ERR/LOKO/0x00000002
09:44:42.024  INFO     RX        /ERR/LOKO/0x00000002
09:44:42.040  INFO     RX        /ERR/LOKO/0x00000002
09:44:42.056  INFO     RX        /ERR/LOKO/0x00000002
09:44:42.056  INFO     RX        /ERR/LOKO/0x00000002
09:44:42.073  INFO     RX        /ERR/LOKO/0x00000002
09:44:42.217  INFO     RX        /ERR/LOKO/0x00000002
09:44:42.232  INFO     RX        /ERR/LOKO/0x00000002
09:44:42.245  DEBUG    TX /CONTROLL/0,0,0,-28,0,0,0,0,0
09:44:42.248  INFO     RX        /ERR/LOKO/0x00000002
09:44:42.264  INFO     RX        /ERR/LOKO/0x00000002
09:44:42.264  INFO     RX        /ERR/LOKO/0x00000002
09:44:42.280  INFO     RX        /ERR/LOKO/0x00000002
09:44:42.298  INFO     RX        /ERR/LOKO/0x00000002
09:44:42.298  INFO     RX        /ERR/LOKO/0x00000002
09:44:42.314  INFO     RX        /ERR/LOKO/0x00000002
09:44:42.330  INFO     RX        /ERR/LOKO/0x00000002
09:44:42.346  INFO     RX        /ERR/LOKO/0x00000002
09:44:42.346  INFO     RX        /ERR/LOKO/0x00000002
09:44:42.362  INFO     RX        /ERR/LOKO/0x00000002
09:44:42.377  INFO     RX        /ERR/LOKO/0x00000002
09:44:42.395  INFO     RX        /ERR/LOKO/0x00000002
09:44:42.395  INFO     RX        /ERR/LOKO/0x00000002
09:44:42.409  INFO     RX        /ERR/LOKO/0x00000002
09:44:42.425  INFO     RX        /ERR/LOKO/0x00000002
09:44:42.441  INFO     RX        /ERR/LOKO/0x00000002
09:44:42.521  INFO     RX        /ERR/LOKO/0x00000002
09:44:42.537  INFO     RX        /ERR/LOKO/0x00000002
09:44:42.555  INFO     RX        /ERR/LOKO/0x00000002
09:44:42.555  INFO     RX        /ERR/LOKO/0x00000002
09:44:42.570  INFO     RX        /ERR/LOKO/0x00000002
09:44:42.586  INFO     RX        /ERR/LOKO/0x00000002
09:44:42.602  INFO     RX        /ERR/LOKO/0x00000002
09:44:42.602  INFO     RX        /ERR/LOKO/0x00000002
09:44:42.617  INFO     RX        /ERR/LOKO/0x00000002
09:44:42.633  INFO     RX        /ERR/LOKO/0x00000002
09:44:42.649  INFO     RX        /ERR/LOKO/0x00000002
09:44:42.649  INFO     RX        /ERR/LOKO/0x00000002
09:44:42.666  INFO     RX        /ERR/LOKO/0x00000002
09:44:42.681  INFO     RX        /ERR/LOKO/0x00000002
09:44:42.697  INFO     RX        /ERR/LOKO/0x00000002
09:44:42.697  INFO     RX        /ERR/LOKO/0x00000002
09:44:42.713  INFO     RX        /ERR/LOKO/0x00000002
09:44:42.729  INFO     RX        /ERR/LOKO/0x00000002
09:44:42.745  INFO     RX        /ERR/LOKO/0x00000002
09:44:42.745  INFO     RX        /ERR/LOKO/0x00000002
09:44:42.889  INFO     RX        /ERR/LOKO/0x00000002
09:44:42.906  INFO     RX        /ERR/LOKO/0x00000002
09:44:42.906  INFO     RX        /ERR/LOKO/0x00000002
09:44:42.922  INFO     RX        /ERR/LOKO/0x00000002
09:44:42.939  INFO     RX        /ERR/LOKO/0x00000002
09:44:42.955  INFO     RX        /ERR/LOKO/0x00000002
09:44:42.955  INFO     RX        /ERR/LOKO/0x00000002
09:44:42.971  INFO     RX        /ERR/LOKO/0x00000002
09:44:42.987  INFO     RX        /ERR/LOKO/0x00000002
09:44:42.987  INFO     RX        /ERR/LOKO/0x00000002
09:44:43.003  INFO     RX        /ERR/LOKO/0x00000002
09:44:43.019  INFO     RX        /ERR/LOKO/0x00000002
09:44:43.035  INFO     RX        /ERR/LOKO/0x00000002
09:44:43.035  INFO     RX        /ERR/LOKO/0x00000002
09:44:43.048  DEBUG    TX /CONTROLL/0,0,0,-28,0,0,0,0,0
09:44:43.050  INFO     RX        /ERR/LOKO/0x00000002
09:44:43.067  INFO     RX        /ERR/LOKO/0x00000002
09:44:43.083  INFO     RX        /ERR/LOKO/0x00000002
09:44:43.083  INFO     RX        /ERR/LOKO/0x00000002
09:44:43.099  INFO     RX        /ERR/LOKO/0x00000002
09:44:43.292  INFO     RX        /ERR/LOKO/0x00000002
09:44:43.310  INFO     RX        /ERR/LOKO/0x00000002
09:44:43.324  INFO     RX        /ERR/LOKO/0x00000002
09:44:43.324  INFO     RX        /ERR/LOKO/0x00000002
09:44:43.340  INFO     RX        /ERR/LOKO/0x00000002
09:44:43.356  INFO     RX        /ERR/LOKO/0x00000002
09:44:43.372  INFO     RX        /ERR/LOKO/0x00000002
09:44:43.373  INFO     RX        /ERR/LOKO/0x00000002
09:44:43.389  INFO     RX        /ERR/LOKO/0x00000002
09:44:43.404  INFO     RX        /ERR/LOKO/0x00000002
09:44:43.421  INFO     RX        /ERR/LOKO/0x00000002
09:44:43.421  INFO     RX        /ERR/LOKO/0x00000002
09:44:43.437  INFO     RX        /ERR/LOKO/0x00000002
09:44:43.452  INFO     RX        /ERR/LOKO/0x00000002
09:44:43.469  INFO     RX        /ERR/LOKO/0x00000002
09:44:43.469  INFO     RX        /ERR/LOKO/0x00000002
09:44:43.486  INFO     RX        /ERR/LOKO/0x00000002
09:44:43.501  INFO     RX        /ERR/LOKO/0x00000002
09:44:43.501  INFO     RX        /ERR/LOKO/0x00000002
09:44:43.645  INFO     RX        /ERR/LOKO/0x00000002
09:44:43.661  INFO     RX        /ERR/LOKO/0x00000002
09:44:43.677  INFO     RX        /ERR/LOKO/0x00000002
09:44:43.677  INFO     RX        /ERR/LOKO/0x00000002
09:44:43.693  INFO     RX        /ERR/LOKO/0x00000002
09:44:43.709  INFO     RX        /ERR/LOKO/0x00000002
09:44:43.709  INFO     RX        /ERR/LOKO/0x00000002
09:44:43.725  INFO     RX        /ERR/LOKO/0x00000002
09:44:43.741  INFO     RX        /ERR/LOKO/0x00000002
09:44:43.758  INFO     RX        /ERR/LOKO/0x00000002
09:44:43.758  INFO     RX        /ERR/LOKO/0x00000002
09:44:43.774  INFO     RX        /ERR/LOKO/0x00000002
09:44:43.789  INFO     RX        /ERR/LOKO/0x00000002
09:44:43.805  INFO     RX        /ERR/LOKO/0x00000002
09:44:43.805  INFO     RX        /ERR/LOKO/0x00000002
09:44:43.822  INFO     RX        /ERR/LOKO/0x00000002
09:44:43.837  INFO     RX        /ERR/LOKO/0x00000002
09:44:43.850  DEBUG    TX /CONTROLL/0,0,0,-28,0,0,0,0,0
09:44:43.853  INFO     RX        /ERR/LOKO/0x00000002
09:44:43.853  INFO     RX        /ERR/LOKO/0x00000002
09:44:43.870  INFO     RX        /ERR/LOKO/0x00000002
09:44:43.967  INFO     RX        /ERR/LOKO/0x00000002
09:44:43.967  INFO     RX        /ERR/LOKO/0x00000002
09:44:43.982  INFO     RX        /ERR/LOKO/0x00000002
09:44:43.999  INFO     RX        /ERR/LOKO/0x00000002
09:44:44.015  INFO     RX        /ERR/LOKO/0x00000002
09:44:44.015  INFO     RX        /ERR/LOKO/0x00000002
09:44:44.031  INFO     RX        /ERR/LOKO/0x00000002
09:44:44.049  INFO     RX        /ERR/LOKO/0x00000002
09:44:44.049  INFO     RX        /ERR/LOKO/0x00000002
09:44:44.063  INFO     RX        /ERR/LOKO/0x00000002
09:44:44.079  INFO     RX        /ERR/LOKO/0x00000002
09:44:44.096  INFO     RX        /ERR/LOKO/0x00000002
09:44:44.096  INFO     RX        /ERR/LOKO/0x00000002
09:44:44.111  INFO     RX        /ERR/LOKO/0x00000002
09:44:44.128  INFO     RX        /ERR/LOKO/0x00000002
09:44:44.143  INFO     RX        /ERR/LOKO/0x00000002
09:44:44.143  INFO     RX        /ERR/LOKO/0x00000002
09:44:44.160  INFO     RX        /ERR/LOKO/0x00000002
09:44:44.176  INFO     RX        /ERR/LOKO/0x00000002
09:44:44.306  INFO     RX        /ERR/LOKO/0x00000002
09:44:44.322  INFO     RX        /ERR/LOKO/0x00000002
09:44:44.338  INFO     RX        /ERR/LOKO/0x00000002
09:44:44.354  INFO     RX        /ERR/LOKO/0x00000002
09:44:44.354  INFO     RX        /ERR/LOKO/0x00000002
09:44:44.370  INFO     RX        /ERR/LOKO/0x00000002
09:44:44.387  INFO     RX        /ERR/LOKO/0x00000002
09:44:44.387  INFO     RX        /ERR/LOKO/0x00000002
09:44:44.402  INFO     RX        /ERR/LOKO/0x00000002
09:44:44.419  INFO     RX        /ERR/LOKO/0x00000002
09:44:44.434  INFO     RX        /ERR/LOKO/0x00000002
09:44:44.434  INFO     RX        /ERR/LOKO/0x00000002
09:44:44.450  INFO     RX        /ERR/LOKO/0x00000002
09:44:44.467  INFO     RX        /ERR/LOKO/0x00000002
09:44:44.482  INFO     RX        /ERR/LOKO/0x00000002
09:44:44.482  INFO     RX        /ERR/LOKO/0x00000002
09:44:44.498  INFO     RX        /ERR/LOKO/0x00000002
09:44:44.657  DEBUG    TX /CONTROLL/0,0,0,0,0,0,0,0,0
09:44:45.462  DEBUG    TX /CONTROLL/0,0,0,0,0,0,0,0,0
09:44:45.642  INFO     RX        /ERR/LOKO/0x00000002
09:44:45.659  INFO     RX        /ERR/LOKO/0x00000002
09:44:45.674  INFO     RX        /ERR/LOKO/0x00000002
09:44:45.674  INFO     RX        /ERR/LOKO/0x00000002
09:44:45.690  INFO     RX        /ERR/LOKO/0x00000002
09:44:45.707  INFO     RX        /ERR/LOKO/0x00000002
09:44:45.707  INFO     RX        /ERR/LOKO/0x00000002
09:44:45.723  INFO     RX        /ERR/LOKO/0x00000002
09:44:45.739  INFO     RX        /ERR/LOKO/0x00000002
09:44:45.756  INFO     RX        /ERR/LOKO/0x00000002
09:44:45.756  INFO     RX        /ERR/LOKO/0x00000002
09:44:45.771  INFO     RX        /ERR/LOKO/0x00000002
09:44:45.787  INFO     RX        /ERR/LOKO/0x00000002
09:44:45.804  INFO     RX        /ERR/LOKO/0x00000002
09:44:45.804  INFO     RX        /ERR/LOKO/0x00000002
09:44:45.820  INFO     RX        /ERR/LOKO/0x00000002
09:44:45.836  INFO     RX        /ERR/LOKO/0x00000002
09:44:45.836  INFO     RX        /ERR/LOKO/0x00000002
09:44:45.851  INFO     RX        /ERR/LOKO/0x00000002
09:44:45.868  INFO     RX        /ERR/LOKO/0x00000002
09:44:45.884  INFO     RX        /ERR/LOKO/0x00000002
09:44:45.884  INFO     RX        /ERR/LOKO/0x00000002
09:44:45.900  INFO     RX        /ERR/LOKO/0x00000002
09:44:45.916  INFO     RX        /ERR/LOKO/0x00000002
09:44:45.934  INFO     RX        /ERR/LOKO/0x00000002
09:44:45.934  INFO     RX        /ERR/LOKO/0x00000002
09:44:45.948  INFO     RX        /ERR/LOKO/0x00000002
09:44:45.965  INFO     RX        /ERR/LOKO/0x00000002
09:44:45.981  INFO     RX        /ERR/LOKO/0x00000002
09:44:45.981  INFO     RX        /ERR/LOKO/0x00000002
09:44:45.996  INFO     RX        /ERR/LOKO/0x00000002
09:44:46.013  INFO     RX        /ERR/LOKO/0x00000002
09:44:46.028  INFO     RX        /ERR/LOKO/0x00000002
09:44:46.028  INFO     RX        /ERR/LOKO/0x00000002
09:44:46.044  INFO     RX        /ERR/LOKO/0x00000002
09:44:46.061  INFO     RX        /ERR/LOKO/0x00000002
09:44:46.076  INFO     RX        /ERR/LOKO/0x00000002
09:44:46.077  INFO     RX        /ERR/LOKO/0x00000002
09:44:46.093  INFO     RX        /ERR/LOKO/0x00000002
09:44:46.189  INFO     RX        /ERR/LOKO/0x00000002
09:44:46.207  INFO     RX        /ERR/LOKO/0x00000002
09:44:46.207  INFO     RX        /ERR/LOKO/0x00000002
09:44:46.221  INFO     RX        /ERR/LOKO/0x00000002
09:44:46.238  INFO     RX        /ERR/LOKO/0x00000002
09:44:46.238  INFO     RX        /ERR/LOKO/0x00000002
09:44:46.253  INFO     RX        /ERR/LOKO/0x00000002
09:44:46.267  DEBUG    TX /CONTROLL/0,0,0,-26,0,0,0,0,0
09:44:46.269  INFO     RX        /ERR/LOKO/0x00000002
09:44:46.286  INFO     RX        /ERR/LOKO/0x00000002
09:44:46.286  INFO     RX        /ERR/LOKO/0x00000002
09:44:46.302  INFO     RX        /ERR/LOKO/0x00000002
09:44:46.319  INFO     RX        /ERR/LOKO/0x00000002
09:44:46.320  INFO     RX        /ERR/LOKO/0x00000002
09:44:46.334  INFO     RX        /ERR/LOKO/0x00000002
09:44:46.349  INFO     RX        /ERR/LOKO/0x00000002
09:44:46.365  INFO     RX        /ERR/LOKO/0x00000002
09:44:46.383  INFO     RX        /ERR/LOKO/0x00000002
09:44:46.383  INFO     RX        /ERR/LOKO/0x00000002
09:44:46.398  INFO     RX        /ERR/LOKO/0x00000002
09:44:46.414  INFO     RX        /ERR/LOKO/0x00000002
09:44:46.414  INFO     RX        /ERR/LOKO/0x00000002
09:44:46.431  INFO     RX        /ERR/LOKO/0x00000002
09:44:46.447  INFO     RX        /ERR/LOKO/0x00000002
09:44:46.463  INFO     RX        /ERR/LOKO/0x00000002
09:44:46.463  INFO     RX        /ERR/LOKO/0x00000002
09:44:46.479  INFO     RX        /ERR/LOKO/0x00000002
09:44:46.495  INFO     RX        /ERR/LOKO/0x00000002
09:44:46.511  INFO     RX        /ERR/LOKO/0x00000002
09:44:46.511  INFO     RX        /ERR/LOKO/0x00000002
09:44:46.527  INFO     RX        /ERR/LOKO/0x00000002
09:44:46.545  INFO     RX        /ERR/LOKO/0x00000002
09:44:46.545  INFO     RX        /ERR/LOKO/0x00000002
09:44:46.561  INFO     RX        /ERR/LOKO/0x00000002
09:44:46.576  INFO     RX        /ERR/LOKO/0x00000002
09:44:46.593  INFO     RX        /ERR/LOKO/0x00000002
09:44:46.593  INFO     RX        /ERR/LOKO/0x00000002
09:44:46.609  INFO     RX        /ERR/LOKO/0x00000002
09:44:46.625  INFO     RX        /ERR/LOKO/0x00000002
09:44:46.641  INFO     RX        /ERR/LOKO/0x00000002
09:44:46.641  INFO     RX        /ERR/LOKO/0x00000002
09:44:46.657  INFO     RX        /ERR/LOKO/0x00000002
09:44:46.673  INFO     RX        /ERR/LOKO/0x00000002
09:44:46.690  INFO     RX        /ERR/LOKO/0x00000002
09:44:46.690  INFO     RX        /ERR/LOKO/0x00000002
09:44:46.706  INFO     RX        /ERR/LOKO/0x00000002
09:44:46.723  INFO     RX        /ERR/LOKO/0x00000002
09:44:46.723  INFO     RX        /ERR/LOKO/0x00000002
09:44:46.739  INFO     RX        /ERR/LOKO/0x00000002
09:44:46.763  INFO     RX        /ERR/LOKO/0x00000002
09:44:46.772  INFO     RX        /ERR/LOKO/0x00000002
09:44:46.772  INFO     RX        /ERR/LOKO/0x00000002
09:44:46.786  INFO     RX        /ERR/LOKO/0x00000002
09:44:46.803  INFO     RX        /ERR/LOKO/0x00000002
09:44:46.819  INFO     RX        /ERR/LOKO/0x00000002
09:44:46.819  INFO     RX        /ERR/LOKO/0x00000002
09:44:46.835  INFO     RX        /ERR/LOKO/0x00000002
09:44:46.851  INFO     RX        /ERR/LOKO/0x00000002
09:44:46.867  INFO     RX        /ERR/LOKO/0x00000002
09:44:46.963  INFO     RX        /ERR/LOKO/0x00000002
09:44:46.979  INFO     RX        /ERR/LOKO/0x00000002
09:44:46.995  INFO     RX        /ERR/LOKO/0x00000002
09:44:46.995  INFO     RX        /ERR/LOKO/0x00000002
09:44:47.011  INFO     RX        /ERR/LOKO/0x00000002
09:44:47.028  INFO     RX        /ERR/LOKO/0x00000002
09:44:47.028  INFO     RX        /ERR/LOKO/0x00000002
09:44:47.044  INFO     RX        /ERR/LOKO/0x00000002
09:44:47.061  INFO     RX        /ERR/LOKO/0x00000002
09:44:47.073  DEBUG    TX /CONTROLL/0,0,0,-26,0,0,0,0,0
09:44:47.076  INFO     RX        /ERR/LOKO/0x00000002
09:44:47.076  INFO     RX        /ERR/LOKO/0x00000002
09:44:47.093  INFO     RX        /ERR/LOKO/0x00000002
09:44:47.109  INFO     RX        /ERR/LOKO/0x00000002
09:44:47.109  INFO     RX        /ERR/LOKO/0x00000002
09:44:47.125  INFO     RX        /ERR/LOKO/0x00000002
09:44:47.142  INFO     RX        /ERR/LOKO/0x00000002
09:44:47.158  INFO     RX        /ERR/LOKO/0x00000002
09:44:47.158  INFO     RX        /ERR/LOKO/0x00000002
09:44:47.174  INFO     RX        /ERR/LOKO/0x00000002
09:44:47.190  INFO     RX        /ERR/LOKO/0x00000002
09:44:47.206  INFO     RX        /ERR/LOKO/0x00000002
09:44:47.206  INFO     RX        /ERR/LOKO/0x00000002
09:44:47.222  INFO     RX        /ERR/LOKO/0x00000002
09:44:47.238  INFO     RX        /ERR/LOKO/0x00000002
09:44:47.238  INFO     RX        /ERR/LOKO/0x00000002
09:44:47.254  INFO     RX        /ERR/LOKO/0x00000002
09:44:47.270  INFO     RX        /ERR/LOKO/0x00000002
09:44:47.286  INFO     RX        /ERR/LOKO/0x00000002
09:44:47.286  INFO     RX        /ERR/LOKO/0x00000002
09:44:47.303  INFO     RX        /ERR/LOKO/0x00000002
09:44:47.318  INFO     RX        /ERR/LOKO/0x00000002
09:44:47.334  INFO     RX        /ERR/LOKO/0x00000002
09:44:47.334  INFO     RX        /ERR/LOKO/0x00000002
09:44:47.349  INFO     RX        /ERR/LOKO/0x00000002
09:44:47.367  INFO     RX        /ERR/LOKO/0x00000002
09:44:47.874  DEBUG    TX /CONTROLL/0,0,0,0,1,0,0,0,0
09:44:48.674  DEBUG    TX /CONTROLL/0,0,0,0,0,0,0,0,0
09:44:49.480  DEBUG    TX /CONTROLL/0,0,0,0,0,0,0,0,0
09:44:50.126  INFO     RX        /ERR/LOKO/0x00000002
09:44:50.142  INFO     RX        /ERR/LOKO/0x00000002
09:44:50.158  INFO     RX        /ERR/LOKO/0x00000002
09:44:50.174  INFO     RX        /ERR/LOKO/0x00000002
09:44:50.175  INFO     RX        /ERR/LOKO/0x00000002
09:44:50.191  INFO     RX        /ERR/LOKO/0x00000002
09:44:50.206  INFO     RX        /ERR/LOKO/0x00000002
09:44:50.223  INFO     RX        /ERR/LOKO/0x00000002
09:44:50.223  INFO     RX        /ERR/LOKO/0x00000002
09:44:50.239  INFO     RX        /ERR/LOKO/0x00000002
09:44:50.256  INFO     RX        /ERR/LOKO/0x00000002
09:44:50.256  INFO     RX        /ERR/LOKO/0x00000002
09:44:50.271  INFO     RX        /ERR/LOKO/0x00000002
09:44:50.284  DEBUG    TX /CONTROLL/0,0,0,-63,0,0,0,0,0
09:44:50.321  INFO     RX        /ERR/LOKO/0x00000002
09:44:50.336  INFO     RX        /ERR/LOKO/0x00000002
09:44:50.336  INFO     RX        /ERR/LOKO/0x00000002
09:44:50.353  INFO     RX        /ERR/LOKO/0x00000002
09:44:50.368  INFO     RX        /ERR/LOKO/0x00000002
09:44:50.384  INFO     RX        /ERR/LOKO/0x00000002
09:44:50.384  INFO     RX        /ERR/LOKO/0x00000002
09:44:50.400  INFO     RX        /ERR/LOKO/0x00000002
09:44:51.088  DEBUG    TX /CONTROLL/0,0,0,0,0,0,0,0,0
09:44:51.220  INFO     RX        /ERR/LOKO/0x00000002
09:44:51.268  INFO     RX        /ERR/LOKO/0x00000002
09:44:51.285  INFO     RX        /ERR/LOKO/0x00000002
09:44:51.300  INFO     RX        /ERR/LOKO/0x00000002
09:44:51.317  INFO     RX        /ERR/LOKO/0x00000002
09:44:51.317  INFO     RX        /ERR/LOKO/0x00000002
09:44:51.333  INFO     RX        /ERR/LOKO/0x00000002
09:44:51.381  INFO     RX        /ERR/LOKO/0x00000002
09:44:51.398  INFO     RX        /ERR/LOKO/0x00000002
09:44:51.398  INFO     RX        /ERR/LOKO/0x00000002
09:44:51.414  INFO     RX        /ERR/LOKO/0x00000002
09:44:51.430  INFO     RX        /ERR/LOKO/0x00000002
09:44:51.430  INFO     RX        /ERR/LOKO/0x00000002
09:44:51.448  INFO     RX        /ERR/LOKO/0x00000002
09:44:51.526  INFO     RX        /ERR/LOKO/0x00000002
09:44:51.527  INFO     RX        /ERR/LOKO/0x00000002
09:44:51.542  INFO     RX        /ERR/LOKO/0x00000002
09:44:51.559  INFO     RX        /ERR/LOKO/0x00000002
09:44:51.575  INFO     RX        /ERR/LOKO/0x00000002
09:44:51.575  INFO     RX        /ERR/LOKO/0x00000002
09:44:51.591  INFO     RX        /ERR/LOKO/0x00000002
09:44:51.607  INFO     RX        /ERR/LOKO/0x00000002
09:44:51.688  INFO     RX        /ERR/LOKO/0x00000002
09:44:51.688  INFO     RX        /ERR/LOKO/0x00000002
09:44:51.703  INFO     RX        /ERR/LOKO/0x00000002
09:44:51.720  INFO     RX        /ERR/LOKO/0x00000002
09:44:51.736  INFO     RX        /ERR/LOKO/0x00000002
09:44:51.736  INFO     RX        /ERR/LOKO/0x00000002
09:44:51.754  INFO     RX        /ERR/LOKO/0x00000002
09:44:51.768  INFO     RX        /ERR/LOKO/0x00000002
09:44:51.850  INFO     RX        /ERR/LOKO/0x00000002
09:44:51.866  INFO     RX        /ERR/LOKO/0x00000002
09:44:51.866  INFO     RX        /ERR/LOKO/0x00000002
09:44:51.882  INFO     RX        /ERR/LOKO/0x00000002
09:44:51.895  DEBUG    TX /CONTROLL/0,0,0,-45,0,0,0,0,0
09:44:51.898  INFO     RX        /ERR/LOKO/0x00000002
09:44:51.916  INFO     RX        /ERR/LOKO/0x00000002
09:44:51.916  INFO     RX        /ERR/LOKO/0x00000002
09:44:51.931  INFO     RX        /ERR/LOKO/0x00000002
09:44:51.995  INFO     RX        /ERR/LOKO/0x00000002
09:44:52.011  INFO     RX        /ERR/LOKO/0x00000002
09:44:52.027  INFO     RX        /ERR/LOKO/0x00000002
09:44:52.027  INFO     RX        /ERR/LOKO/0x00000002
09:44:52.043  INFO     RX        /ERR/LOKO/0x00000002
09:44:52.060  INFO     RX        /ERR/LOKO/0x00000002
09:44:52.075  INFO     RX        /ERR/LOKO/0x00000002
09:44:52.075  INFO     RX        /ERR/LOKO/0x00000002
09:44:52.125  INFO     RX        /ERR/LOKO/0x00000002
09:44:52.140  INFO     RX        /ERR/LOKO/0x00000002
09:44:52.157  INFO     RX        /ERR/LOKO/0x00000002
09:44:52.172  INFO     RX        /ERR/LOKO/0x00000002
09:44:52.172  INFO     RX        /ERR/LOKO/0x00000002
09:44:52.188  INFO     RX        /ERR/LOKO/0x00000002
09:44:52.205  INFO     RX        /ERR/LOKO/0x00000002
09:44:52.206  INFO     RX        /ERR/LOKO/0x00000002
09:44:52.253  INFO     RX        /ERR/LOKO/0x00000002
09:44:52.269  INFO     RX        /ERR/LOKO/0x00000002
09:44:52.286  INFO     RX        /ERR/LOKO/0x00000002
09:44:52.302  INFO     RX        /ERR/LOKO/0x00000002
09:44:52.302  INFO     RX        /ERR/LOKO/0x00000002
09:44:52.317  INFO     RX        /ERR/LOKO/0x00000002
09:44:52.333  INFO     RX        /ERR/LOKO/0x00000002
09:44:52.349  INFO     RX        /ERR/LOKO/0x00000002
09:44:52.398  INFO     RX        /ERR/LOKO/0x00000002
09:44:52.414  INFO     RX        /ERR/LOKO/0x00000002
09:44:52.433  INFO     RX        /ERR/LOKO/0x00000002
09:44:52.433  INFO     RX        /ERR/LOKO/0x00000002
09:44:52.446  INFO     RX        /ERR/LOKO/0x00000002
09:44:52.462  INFO     RX        /ERR/LOKO/0x00000002
09:44:52.463  INFO     RX        /ERR/LOKO/0x00000002
09:44:52.480  INFO     RX        /ERR/LOKO/0x00000002
09:44:52.575  INFO     RX        /ERR/LOKO/0x00000002
09:44:52.591  INFO     RX        /ERR/LOKO/0x00000002
09:44:52.592  INFO     RX        /ERR/LOKO/0x00000002
09:44:52.607  INFO     RX        /ERR/LOKO/0x00000002
09:44:52.624  INFO     RX        /ERR/LOKO/0x00000002
09:44:52.641  INFO     RX        /ERR/LOKO/0x00000002
09:44:52.641  INFO     RX        /ERR/LOKO/0x00000002
09:44:52.657  INFO     RX        /ERR/LOKO/0x00000002
09:44:52.702  DEBUG    TX /CONTROLL/0,0,0,-45,0,0,0,0,0
09:44:52.736  INFO     RX        /ERR/LOKO/0x00000002
09:44:52.753  INFO     RX        /ERR/LOKO/0x00000002
09:44:52.771  INFO     RX        /ERR/LOKO/0x00000002
09:44:52.771  INFO     RX        /ERR/LOKO/0x00000002
09:44:52.787  INFO     RX        /ERR/LOKO/0x00000002
09:44:52.805  INFO     RX        /ERR/LOKO/0x00000002
09:44:52.805  INFO     RX        /ERR/LOKO/0x00000002
09:44:52.819  INFO     RX        /ERR/LOKO/0x00000002
09:44:52.898  INFO     RX        /ERR/LOKO/0x00000002
09:44:52.898  INFO     RX        /ERR/LOKO/0x00000002
09:44:52.914  INFO     RX        /ERR/LOKO/0x00000002
09:44:52.930  INFO     RX        /ERR/LOKO/0x00000002
09:44:52.946  INFO     RX        /ERR/LOKO/0x00000002
09:44:52.946  INFO     RX        /ERR/LOKO/0x00000002
09:44:52.962  INFO     RX        /ERR/LOKO/0x00000002
09:44:52.979  INFO     RX        /ERR/LOKO/0x00000002
09:44:53.028  INFO     RX        /ERR/LOKO/0x00000002
09:44:53.029  INFO     RX        /ERR/LOKO/0x00000002
09:44:53.045  INFO     RX        /ERR/LOKO/0x00000002
09:44:53.062  INFO     RX        /ERR/LOKO/0x00000002
09:44:53.062  INFO     RX        /ERR/LOKO/0x00000002
09:44:53.077  INFO     RX        /ERR/LOKO/0x00000002
09:44:53.093  INFO     RX        /ERR/LOKO/0x00000002
09:44:53.110  INFO     RX        /ERR/LOKO/0x00000002
09:44:53.143  INFO     RX        /ERR/LOKO/0x00000002
09:44:53.159  INFO     RX        /ERR/LOKO/0x00000002
09:44:53.174  INFO     RX        /ERR/LOKO/0x00000002
09:44:53.189  INFO     RX        /ERR/LOKO/0x00000002
09:44:53.206  INFO     RX        /ERR/LOKO/0x00000002
09:44:53.206  INFO     RX        /ERR/LOKO/0x00000002
09:44:53.222  INFO     RX        /ERR/LOKO/0x00000002
09:44:53.239  INFO     RX        /ERR/LOKO/0x00000002
09:44:53.288  INFO     RX        /ERR/LOKO/0x00000002
09:44:53.305  INFO     RX        /ERR/LOKO/0x00000002
09:44:53.319  INFO     RX        /ERR/LOKO/0x00000002
09:44:53.319  INFO     RX        /ERR/LOKO/0x00000002
09:44:53.336  INFO     RX        /ERR/LOKO/0x00000002
09:44:53.352  INFO     RX        /ERR/LOKO/0x00000002
09:44:53.368  INFO     RX        /ERR/LOKO/0x00000002
09:44:53.369  INFO     RX        /ERR/LOKO/0x00000002
09:44:53.463  INFO     RX        /ERR/LOKO/0x00000002
09:44:53.480  INFO     RX        /ERR/LOKO/0x00000002
09:44:53.495  INFO     RX        /ERR/LOKO/0x00000002
09:44:53.508  DEBUG    TX /CONTROLL/0,0,0,0,0,0,0,0,0
09:44:53.736  INFO     RX        /ERR/LOKO/0x00000002
09:44:53.736  INFO     RX        /ERR/LOKO/0x00000002
09:44:53.752  INFO     RX        /ERR/LOKO/0x00000002
09:44:53.770  INFO     RX        /ERR/LOKO/0x00000002
09:44:53.770  INFO     RX        /ERR/LOKO/0x00000002
09:44:53.785  INFO     RX        /ERR/LOKO/0x00000002
09:44:53.801  INFO     RX        /ERR/LOKO/0x00000002
09:44:53.816  INFO     RX        /ERR/LOKO/0x00000002
09:44:53.816  INFO     RX        /ERR/LOKO/0x00000002
09:44:53.833  INFO     RX        /ERR/LOKO/0x00000002
09:44:53.848  INFO     RX        /ERR/LOKO/0x00000002
09:44:53.864  INFO     RX        /ERR/LOKO/0x00000002
09:44:53.864  INFO     RX        /ERR/LOKO/0x00000002
09:44:53.880  INFO     RX        /ERR/LOKO/0x00000002
09:44:53.896  INFO     RX        /ERR/LOKO/0x00000002
09:44:53.914  INFO     RX        /ERR/LOKO/0x00000002
09:44:53.914  INFO     RX        /ERR/LOKO/0x00000002
09:44:54.104  INFO     RX        /ERR/LOKO/0x00000002
09:44:54.122  INFO     RX        /ERR/LOKO/0x00000002
09:44:54.122  INFO     RX        /ERR/LOKO/0x00000002
09:44:54.136  INFO     RX        /ERR/LOKO/0x00000002
09:44:54.152  INFO     RX        /ERR/LOKO/0x00000002
09:44:54.170  INFO     RX        /ERR/LOKO/0x00000002
09:44:54.170  INFO     RX        /ERR/LOKO/0x00000002
09:44:54.185  INFO     RX        /ERR/LOKO/0x00000002
09:44:54.201  INFO     RX        /ERR/LOKO/0x00000002
09:44:54.217  INFO     RX        /ERR/LOKO/0x00000002
09:44:54.217  INFO     RX        /ERR/LOKO/0x00000002
09:44:54.232  INFO     RX        /ERR/LOKO/0x00000002
09:44:54.248  INFO     RX        /ERR/LOKO/0x00000002
09:44:54.264  INFO     RX        /ERR/LOKO/0x00000002
09:44:54.264  INFO     RX        /ERR/LOKO/0x00000002
09:44:54.280  INFO     RX        /ERR/LOKO/0x00000002
09:44:54.296  INFO     RX        /ERR/LOKO/0x00000002
09:44:54.309  DEBUG    TX /CONTROLL/0,0,0,-19,0,0,0,0,0
09:44:54.312  INFO     RX        /ERR/LOKO/0x00000002
09:44:54.313  INFO     RX        /ERR/LOKO/0x00000002
09:44:54.457  INFO     RX        /ERR/LOKO/0x00000002
09:44:54.475  INFO     RX        /ERR/LOKO/0x00000002
09:44:54.475  INFO     RX        /ERR/LOKO/0x00000002
09:44:54.489  INFO     RX        /ERR/LOKO/0x00000002
09:44:54.505  INFO     RX        /ERR/LOKO/0x00000002
09:44:54.521  INFO     RX        /ERR/LOKO/0x00000002
09:44:54.521  INFO     RX        /ERR/LOKO/0x00000002
09:44:54.537  INFO     RX        /ERR/LOKO/0x00000002
09:44:54.554  INFO     RX        /ERR/LOKO/0x00000002
09:44:54.569  INFO     RX        /ERR/LOKO/0x00000002
09:44:54.569  INFO     RX        /ERR/LOKO/0x00000002
09:44:54.586  INFO     RX        /ERR/LOKO/0x00000002
09:44:54.602  INFO     RX        /ERR/LOKO/0x00000002
09:44:54.619  INFO     RX        /ERR/LOKO/0x00000002
09:44:54.619  INFO     RX        /ERR/LOKO/0x00000002
09:44:54.633  INFO     RX        /ERR/LOKO/0x00000002
09:44:54.649  INFO     RX        /ERR/LOKO/0x00000002
09:44:54.649  INFO     RX        /ERR/LOKO/0x00000002
09:44:54.665  INFO     RX        /ERR/LOKO/0x00000002
09:44:54.762  INFO     RX        /ERR/LOKO/0x00000002
09:44:54.777  INFO     RX        /ERR/LOKO/0x00000002
09:44:54.777  INFO     RX        /ERR/LOKO/0x00000002
09:44:54.793  INFO     RX        /ERR/LOKO/0x00000002
09:44:54.811  INFO     RX        /ERR/LOKO/0x00000002
09:44:54.825  INFO     RX        /ERR/LOKO/0x00000002
09:44:54.825  INFO     RX        /ERR/LOKO/0x00000002
09:44:54.841  INFO     RX        /ERR/LOKO/0x00000002
09:44:54.858  INFO     RX        /ERR/LOKO/0x00000002
09:44:54.874  INFO     RX        /ERR/LOKO/0x00000002
09:44:54.874  INFO     RX        /ERR/LOKO/0x00000002
09:44:54.890  INFO     RX        /ERR/LOKO/0x00000002
09:44:54.906  INFO     RX        /ERR/LOKO/0x00000002
09:44:54.922  INFO     RX        /ERR/LOKO/0x00000002
09:44:54.922  INFO     RX        /ERR/LOKO/0x00000002
09:44:54.937  INFO     RX        /ERR/LOKO/0x00000002
09:44:54.954  INFO     RX        /ERR/LOKO/0x00000002
09:44:54.954  INFO     RX        /ERR/LOKO/0x00000002
09:44:54.970  INFO     RX        /ERR/LOKO/0x00000002
09:44:55.067  INFO     RX        /ERR/LOKO/0x00000002
09:44:55.083  INFO     RX        /ERR/LOKO/0x00000002
09:44:55.083  INFO     RX        /ERR/LOKO/0x00000002
09:44:55.100  INFO     RX        /ERR/LOKO/0x00000002
09:44:55.112  DEBUG    TX /CONTROLL/0,0,0,-19,0,0,0,0,0
09:44:55.115  INFO     RX        /ERR/LOKO/0x00000002
09:44:55.132  INFO     RX        /ERR/LOKO/0x00000002
09:44:55.132  INFO     RX        /ERR/LOKO/0x00000002
09:44:55.148  INFO     RX        /ERR/LOKO/0x00000002
09:44:55.163  INFO     RX        /ERR/LOKO/0x00000002
09:44:55.179  INFO     RX        /ERR/LOKO/0x00000002
09:44:55.179  INFO     RX        /ERR/LOKO/0x00000002
09:44:55.195  INFO     RX        /ERR/LOKO/0x00000002
09:44:55.211  INFO     RX        /ERR/LOKO/0x00000002
09:44:55.227  INFO     RX        /ERR/LOKO/0x00000002
09:44:55.228  INFO     RX        /ERR/LOKO/0x00000002
09:44:55.243  INFO     RX        /ERR/LOKO/0x00000002
09:44:55.259  INFO     RX        /ERR/LOKO/0x00000002
09:44:55.259  INFO     RX        /ERR/LOKO/0x00000002
09:44:55.275  INFO     RX        /ERR/LOKO/0x00000002
09:44:55.420  INFO     RX        /ERR/LOKO/0x00000002
09:44:55.436  INFO     RX        /ERR/LOKO/0x00000002
09:44:55.436  INFO     RX        /ERR/LOKO/0x00000002
09:44:55.452  INFO     RX        /ERR/LOKO/0x00000002
09:44:55.468  INFO     RX        /ERR/LOKO/0x00000002
09:44:55.485  INFO     RX        /ERR/LOKO/0x00000002
09:44:55.485  INFO     RX        /ERR/LOKO/0x00000002
09:44:55.501  INFO     RX        /ERR/LOKO/0x00000002
09:44:55.517  INFO     RX        /ERR/LOKO/0x00000002
09:44:55.517  INFO     RX        /ERR/LOKO/0x00000002
09:44:55.532  INFO     RX        /ERR/LOKO/0x00000002
09:44:55.549  INFO     RX        /ERR/LOKO/0x00000002
09:44:55.565  INFO     RX        /ERR/LOKO/0x00000002
09:44:55.565  INFO     RX        /ERR/LOKO/0x00000002
09:44:55.581  INFO     RX        /ERR/LOKO/0x00000002
09:44:55.596  INFO     RX        /ERR/LOKO/0x00000002
09:44:55.613  INFO     RX        /ERR/LOKO/0x00000002
09:44:55.613  INFO     RX        /ERR/LOKO/0x00000002
09:44:55.628  INFO     RX        /ERR/LOKO/0x00000002
09:44:55.805  INFO     RX        /ERR/LOKO/0x00000002
09:44:55.822  INFO     RX        /ERR/LOKO/0x00000002
09:44:55.822  INFO     RX        /ERR/LOKO/0x00000002
09:44:55.840  INFO     RX        /ERR/LOKO/0x00000002
09:44:55.854  INFO     RX        /ERR/LOKO/0x00000002
09:44:55.870  INFO     RX        /ERR/LOKO/0x00000002
09:44:55.870  INFO     RX        /ERR/LOKO/0x00000002
09:44:55.886  INFO     RX        /ERR/LOKO/0x00000002
09:44:55.903  INFO     RX        /ERR/LOKO/0x00000002
09:44:55.915  DEBUG    TX /CONTROLL/0,0,0,-19,0,0,0,0,0
09:44:55.920  INFO     RX        /ERR/LOKO/0x00000002
09:44:55.920  INFO     RX        /ERR/LOKO/0x00000002
09:44:55.935  INFO     RX        /ERR/LOKO/0x00000002
09:44:55.950  INFO     RX        /ERR/LOKO/0x00000002
09:44:55.966  INFO     RX        /ERR/LOKO/0x00000002
09:44:55.966  INFO     RX        /ERR/LOKO/0x00000002
09:44:55.983  INFO     RX        /ERR/LOKO/0x00000002
09:44:55.998  INFO     RX        /ERR/LOKO/0x00000002
09:44:55.998  INFO     RX        /ERR/LOKO/0x00000002
09:44:56.014  INFO     RX        /ERR/LOKO/0x00000002
09:44:56.206  INFO     RX        /ERR/LOKO/0x00000002
09:44:56.222  INFO     RX        /ERR/LOKO/0x00000002
09:44:56.222  INFO     RX        /ERR/LOKO/0x00000002
09:44:56.239  INFO     RX        /ERR/LOKO/0x00000002
09:44:56.255  INFO     RX        /ERR/LOKO/0x00000002
09:44:56.255  INFO     RX        /ERR/LOKO/0x00000002
09:44:56.270  INFO     RX        /ERR/LOKO/0x00000002
09:44:56.287  INFO     RX        /ERR/LOKO/0x00000002
09:44:56.303  INFO     RX        /ERR/LOKO/0x00000002
09:44:56.303  INFO     RX        /ERR/LOKO/0x00000002
09:44:56.320  INFO     RX        /ERR/LOKO/0x00000002
09:44:56.335  INFO     RX        /ERR/LOKO/0x00000002
09:44:56.351  INFO     RX        /ERR/LOKO/0x00000002
09:44:56.351  INFO     RX        /ERR/LOKO/0x00000002
09:44:56.367  INFO     RX        /ERR/LOKO/0x00000002
09:44:56.383  INFO     RX        /ERR/LOKO/0x00000002
09:44:56.400  INFO     RX        /ERR/LOKO/0x00000002
09:44:56.400  INFO     RX        /ERR/LOKO/0x00000002
09:44:56.415  INFO     RX        /ERR/LOKO/0x00000002
09:44:56.561  INFO     RX        /ERR/LOKO/0x00000002
09:44:56.561  INFO     RX        /ERR/LOKO/0x00000002
09:44:56.575  INFO     RX        /ERR/LOKO/0x00000002
09:44:56.591  INFO     RX        /ERR/LOKO/0x00000002
09:44:56.607  INFO     RX        /ERR/LOKO/0x00000002
09:44:56.607  INFO     RX        /ERR/LOKO/0x00000002
09:44:56.624  INFO     RX        /ERR/LOKO/0x00000002
09:44:56.640  INFO     RX        /ERR/LOKO/0x00000002
09:44:56.657  INFO     RX        /ERR/LOKO/0x00000002
09:44:56.657  INFO     RX        /ERR/LOKO/0x00000002
09:44:56.673  INFO     RX        /ERR/LOKO/0x00000002
09:44:56.688  INFO     RX        /ERR/LOKO/0x00000002
09:44:56.707  INFO     RX        /ERR/LOKO/0x00000002
09:44:56.707  INFO     RX        /ERR/LOKO/0x00000002
09:44:56.717  DEBUG    TX /CONTROLL/0,0,0,-19,0,0,0,0,0
09:44:56.720  INFO     RX        /ERR/LOKO/0x00000002
09:44:56.736  INFO     RX        /ERR/LOKO/0x00000002
09:44:56.736  INFO     RX        /ERR/LOKO/0x00000002
09:44:56.753  INFO     RX        /ERR/LOKO/0x00000002
09:44:56.769  INFO     RX        /ERR/LOKO/0x00000002
09:44:56.864  INFO     RX        /ERR/LOKO/0x00000002
09:44:56.881  INFO     RX        /ERR/LOKO/0x00000002
09:44:56.882  INFO     RX        /ERR/LOKO/0x00000002
09:44:56.896  INFO     RX        /ERR/LOKO/0x00000002
09:44:56.912  INFO     RX        /ERR/LOKO/0x00000002
09:44:56.912  INFO     RX        /ERR/LOKO/0x00000002
09:44:56.929  INFO     RX        /ERR/LOKO/0x00000002
09:44:56.945  INFO     RX        /ERR/LOKO/0x00000002
09:44:56.961  INFO     RX        /ERR/LOKO/0x00000002
09:44:56.961  INFO     RX        /ERR/LOKO/0x00000002
09:44:56.977  INFO     RX        /ERR/LOKO/0x00000002
09:44:56.993  INFO     RX        /ERR/LOKO/0x00000002
09:44:57.010  INFO     RX        /ERR/LOKO/0x00000002
09:44:57.010  INFO     RX        /ERR/LOKO/0x00000002
09:44:57.027  INFO     RX        /ERR/LOKO/0x00000002
09:44:57.042  INFO     RX        /ERR/LOKO/0x00000002
09:44:57.042  INFO     RX        /ERR/LOKO/0x00000002
09:44:57.058  INFO     RX        /ERR/LOKO/0x00000002
09:44:57.074  INFO     RX        /ERR/LOKO/0x00000002
09:44:57.171  INFO     RX        /ERR/LOKO/0x00000002
09:44:57.171  INFO     RX        /ERR/LOKO/0x00000002
09:44:57.187  INFO     RX        /ERR/LOKO/0x00000002
09:44:57.203  INFO     RX        /ERR/LOKO/0x00000002
09:44:57.220  INFO     RX        /ERR/LOKO/0x00000002
09:44:57.220  INFO     RX        /ERR/LOKO/0x00000002
09:44:57.236  INFO     RX        /ERR/LOKO/0x00000002
09:44:57.252  INFO     RX        /ERR/LOKO/0x00000002
09:44:57.252  INFO     RX        /ERR/LOKO/0x00000002
09:44:57.268  INFO     RX        /ERR/LOKO/0x00000002
09:44:57.285  INFO     RX        /ERR/LOKO/0x00000002
09:44:57.301  INFO     RX        /ERR/LOKO/0x00000002
09:44:57.301  INFO     RX        /ERR/LOKO/0x00000002
09:44:57.317  INFO     RX        /ERR/LOKO/0x00000002
09:44:57.333  INFO     RX        /ERR/LOKO/0x00000002
09:44:57.349  INFO     RX        /ERR/LOKO/0x00000002
09:44:57.349  INFO     RX        /ERR/LOKO/0x00000002
09:44:57.365  INFO     RX        /ERR/LOKO/0x00000002
09:44:57.381  INFO     RX        /ERR/LOKO/0x00000002
09:44:57.511  INFO     RX        /ERR/LOKO/0x00000002
09:44:57.523  DEBUG    TX /CONTROLL/0,0,0,-19,0,0,0,0,0
09:44:57.525  INFO     RX        /ERR/LOKO/0x00000002
09:44:57.542  INFO     RX        /ERR/LOKO/0x00000002
09:44:57.558  INFO     RX        /ERR/LOKO/0x00000002
09:44:57.558  INFO     RX        /ERR/LOKO/0x00000002
09:44:57.685  INFO     RX        /ERR/LOKO/0x00000002
09:44:57.685  INFO     RX        /ERR/LOKO/0x00000002
09:44:57.685  INFO     RX        /ERR/LOKO/0x00000002
09:44:57.685  INFO     RX        /ERR/LOKO/0x00000002
09:44:57.685  INFO     RX        /ERR/LOKO/0x00000002
09:44:57.685  INFO     RX        /ERR/LOKO/0x00000002
09:44:57.685  INFO     RX        /ERR/LOKO/0x00000002
09:44:57.685  INFO     RX        /ERR/LOKO/0x00000002
09:44:57.685  INFO     RX        /ERR/LOKO/0x00000002
09:44:57.685  INFO     RX        /ERR/LOKO/0x00000002
09:44:57.689  INFO     RX        /ERR/LOKO/0x00000002
09:44:57.697  INFO     RX        /ERR/LOKO/0x00000002
09:44:57.719  INFO     RX        /ERR/LOKO/0x00000002
09:44:57.734  INFO     RX        /ERR/LOKO/0x00000002
09:44:57.914  INFO     RX        /ERR/LOKO/0x00000002
09:44:57.929  INFO     RX        /ERR/LOKO/0x00000002
09:44:57.945  INFO     RX        /ERR/LOKO/0x00000002
09:44:57.945  INFO     RX        /ERR/LOKO/0x00000002
09:44:57.960  INFO     RX        /ERR/LOKO/0x00000002
09:44:57.980  INFO     RX        /ERR/LOKO/0x00000002
09:44:57.981  INFO     RX        /ERR/LOKO/0x00000002
09:44:57.998  INFO     RX        /ERR/LOKO/0x00000002
09:44:58.015  INFO     RX        /ERR/LOKO/0x00000002
09:44:58.015  INFO     RX        /ERR/LOKO/0x00000002
09:44:58.040  INFO     RX        /ERR/LOKO/0x00000002
09:44:58.041  INFO     RX        /ERR/LOKO/0x00000002
09:44:58.058  INFO     RX        /ERR/LOKO/0x00000002
09:44:58.073  INFO     RX        /ERR/LOKO/0x00000002
09:44:58.073  INFO     RX        /ERR/LOKO/0x00000002
09:44:58.088  INFO     RX        /ERR/LOKO/0x00000002
09:44:58.104  INFO     RX        /ERR/LOKO/0x00000002
09:44:58.122  INFO     RX        /ERR/LOKO/0x00000002
09:44:58.122  INFO     RX        /ERR/LOKO/0x00000002
09:44:58.313  INFO     RX        /ERR/LOKO/0x00000002
09:44:58.326  DEBUG    TX /CONTROLL/0,0,0,-19,0,0,0,0,0
09:44:58.330  INFO     RX        /ERR/LOKO/0x00000002
09:44:58.330  INFO     RX        /ERR/LOKO/0x00000002
09:44:58.346  INFO     RX        /ERR/LOKO/0x00000002
09:44:58.362  INFO     RX        /ERR/LOKO/0x00000002
09:44:58.378  INFO     RX        /ERR/LOKO/0x00000002
09:44:58.379  INFO     RX        /ERR/LOKO/0x00000002
09:44:58.394  INFO     RX        /ERR/LOKO/0x00000002
09:44:58.412  INFO     RX        /ERR/LOKO/0x00000002
09:44:58.412  INFO     RX        /ERR/LOKO/0x00000002
09:44:58.428  INFO     RX        /ERR/LOKO/0x00000002
09:44:58.443  INFO     RX        /ERR/LOKO/0x00000002
09:44:58.460  INFO     RX        /ERR/LOKO/0x00000002
09:44:58.460  INFO     RX        /ERR/LOKO/0x00000002
09:44:58.475  INFO     RX        /ERR/LOKO/0x00000002
09:44:58.490  INFO     RX        /ERR/LOKO/0x00000002
09:44:58.506  INFO     RX        /ERR/LOKO/0x00000002
09:44:58.506  INFO     RX        /ERR/LOKO/0x00000002
09:44:58.523  INFO     RX        /ERR/LOKO/0x00000002
09:44:58.669  INFO     RX        /ERR/LOKO/0x00000002
09:44:58.669  INFO     RX        /ERR/LOKO/0x00000002
09:44:58.683  INFO     RX        /ERR/LOKO/0x00000002
09:44:58.699  INFO     RX        /ERR/LOKO/0x00000002
09:44:58.715  INFO     RX        /ERR/LOKO/0x00000002
09:44:58.731  INFO     RX        /ERR/LOKO/0x00000002
09:44:58.731  INFO     RX        /ERR/LOKO/0x00000002
09:44:58.748  INFO     RX        /ERR/LOKO/0x00000002
09:44:58.764  INFO     RX        /ERR/LOKO/0x00000002
09:44:58.764  INFO     RX        /ERR/LOKO/0x00000002
09:44:58.780  INFO     RX        /ERR/LOKO/0x00000002
09:44:58.796  INFO     RX        /ERR/LOKO/0x00000002
09:44:58.812  INFO     RX        /ERR/LOKO/0x00000002
09:44:58.813  INFO     RX        /ERR/LOKO/0x00000002
09:44:58.830  INFO     RX        /ERR/LOKO/0x00000002
09:44:58.844  INFO     RX        /ERR/LOKO/0x00000002
09:44:58.860  INFO     RX        /ERR/LOKO/0x00000002
09:44:58.860  INFO     RX        /ERR/LOKO/0x00000002
09:44:58.876  INFO     RX        /ERR/LOKO/0x00000002
09:44:58.972  INFO     RX        /ERR/LOKO/0x00000002
09:44:58.990  INFO     RX        /ERR/LOKO/0x00000002
09:44:58.990  INFO     RX        /ERR/LOKO/0x00000002
09:44:59.005  INFO     RX        /ERR/LOKO/0x00000002
09:44:59.022  INFO     RX        /ERR/LOKO/0x00000002
09:44:59.022  INFO     RX        /ERR/LOKO/0x00000002
09:44:59.036  INFO     RX        /ERR/LOKO/0x00000002
09:44:59.052  INFO     RX        /ERR/LOKO/0x00000002
09:44:59.069  INFO     RX        /ERR/LOKO/0x00000002
09:44:59.069  INFO     RX        /ERR/LOKO/0x00000002
09:44:59.084  INFO     RX        /ERR/LOKO/0x00000002
09:44:59.101  INFO     RX        /ERR/LOKO/0x00000002
09:44:59.117  INFO     RX        /ERR/LOKO/0x00000002
09:44:59.117  INFO     RX        /ERR/LOKO/0x00000002
09:44:59.129  DEBUG    TX /CONTROLL/0,0,0,-19,0,0,0,0,0
09:44:59.132  INFO     RX        /ERR/LOKO/0x00000002
09:44:59.148  INFO     RX        /ERR/LOKO/0x00000002
09:44:59.165  INFO     RX        /ERR/LOKO/0x00000002
09:44:59.165  INFO     RX        /ERR/LOKO/0x00000002
09:44:59.181  INFO     RX        /ERR/LOKO/0x00000002
09:44:59.279  INFO     RX        /ERR/LOKO/0x00000002
09:44:59.280  INFO     RX        /ERR/LOKO/0x00000002
09:44:59.295  INFO     RX        /ERR/LOKO/0x00000002
09:44:59.311  INFO     RX        /ERR/LOKO/0x00000002
09:44:59.327  INFO     RX        /ERR/LOKO/0x00000002
09:44:59.327  INFO     RX        /ERR/LOKO/0x00000002
09:44:59.343  INFO     RX        /ERR/LOKO/0x00000002
09:44:59.360  INFO     RX        /ERR/LOKO/0x00000002
09:44:59.376  INFO     RX        /ERR/LOKO/0x00000002
09:44:59.376  INFO     RX        /ERR/LOKO/0x00000002
09:44:59.391  INFO     RX        /ERR/LOKO/0x00000002
09:44:59.406  INFO     RX        /ERR/LOKO/0x00000002
09:44:59.422  INFO     RX        /ERR/LOKO/0x00000002
09:44:59.422  INFO     RX        /ERR/LOKO/0x00000002
09:44:59.438  INFO     RX        /ERR/LOKO/0x00000002
09:44:59.454  INFO     RX        /ERR/LOKO/0x00000002
09:44:59.472  INFO     RX        /ERR/LOKO/0x00000002
09:44:59.472  INFO     RX        /ERR/LOKO/0x00000002
09:44:59.488  INFO     RX        /ERR/LOKO/0x00000002
09:44:59.631  INFO     RX        /ERR/LOKO/0x00000002
09:44:59.647  INFO     RX        /ERR/LOKO/0x00000002
09:44:59.647  INFO     RX        /ERR/LOKO/0x00000002
09:44:59.662  INFO     RX        /ERR/LOKO/0x00000002
09:44:59.678  INFO     RX        /ERR/LOKO/0x00000002
09:44:59.687  INFO     RX        /ERR/LOKO/0x00000002
09:44:59.695  INFO     RX        /ERR/LOKO/0x00000002
09:44:59.712  INFO     RX        /ERR/LOKO/0x00000002
09:44:59.726  INFO     RX        /ERR/LOKO/0x00000002
09:44:59.726  INFO     RX        /ERR/LOKO/0x00000002
09:44:59.743  INFO     RX        /ERR/LOKO/0x00000002
09:44:59.758  INFO     RX        /ERR/LOKO/0x00000002
09:44:59.775  INFO     RX        /ERR/LOKO/0x00000002
09:44:59.775  INFO     RX        /ERR/LOKO/0x00000002
09:44:59.790  INFO     RX        /ERR/LOKO/0x00000002
09:44:59.807  INFO     RX        /ERR/LOKO/0x00000002
09:44:59.823  INFO     RX        /ERR/LOKO/0x00000002
09:44:59.845  INFO     RX        /ERR/LOKO/0x00000002
09:44:59.845  INFO     RX        /ERR/LOKO/0x00000002
09:44:59.931  DEBUG    TX /CONTROLL/0,0,0,-19,0,0,0,0,0
09:45:00.031  INFO     RX        /ERR/LOKO/0x00000002
09:45:00.031  INFO     RX        /ERR/LOKO/0x00000002
09:45:00.046  INFO     RX        /ERR/LOKO/0x00000002
09:45:00.062  INFO     RX        /ERR/LOKO/0x00000002
09:45:00.080  INFO     RX        /ERR/LOKO/0x00000002
09:45:00.080  INFO     RX        /ERR/LOKO/0x00000002
09:45:00.095  INFO     RX        /ERR/LOKO/0x00000002
09:45:00.206  INFO     RX        /ERR/LOKO/0x00000002
09:45:00.206  INFO     RX        /ERR/LOKO/0x00000002
09:45:00.206  INFO     RX        /ERR/LOKO/0x00000002
09:45:00.206  INFO     RX        /ERR/LOKO/0x00000002
09:45:00.206  INFO     RX        /ERR/LOKO/0x00000002
09:45:00.207  INFO     RX        /ERR/LOKO/0x00000002
09:45:00.207  INFO     RX        /ERR/LOKO/0x00000002
09:45:00.207  INFO     RX        /ERR/LOKO/0x00000002
09:45:00.210  INFO     RX        /ERR/LOKO/0x00000002
09:45:00.210  INFO     RX        /ERR/LOKO/0x00000002
09:45:00.216  INFO     RX        /ERR/LOKO/0x00000002
09:45:00.241  INFO     RX        /ERR/LOKO/0x00000002
09:45:00.416  INFO     RX        /ERR/LOKO/0x00000002
09:45:00.416  INFO     RX        /ERR/LOKO/0x00000002
09:45:00.432  INFO     RX        /ERR/LOKO/0x00000002
09:45:00.448  INFO     RX        /ERR/LOKO/0x00000002
09:45:00.464  INFO     RX        /ERR/LOKO/0x00000002
09:45:00.464  INFO     RX        /ERR/LOKO/0x00000002
09:45:00.481  INFO     RX        /ERR/LOKO/0x00000002
09:45:00.496  INFO     RX        /ERR/LOKO/0x00000002
09:45:00.512  INFO     RX        /ERR/LOKO/0x00000002
09:45:00.512  INFO     RX        /ERR/LOKO/0x00000002
09:45:00.529  INFO     RX        /ERR/LOKO/0x00000002
09:45:00.545  INFO     RX        /ERR/LOKO/0x00000002
09:45:00.562  INFO     RX        /ERR/LOKO/0x00000002
09:45:00.562  INFO     RX        /ERR/LOKO/0x00000002
09:45:00.578  INFO     RX        /ERR/LOKO/0x00000002
09:45:00.593  INFO     RX        /ERR/LOKO/0x00000002
09:45:00.593  INFO     RX        /ERR/LOKO/0x00000002
09:45:00.609  INFO     RX        /ERR/LOKO/0x00000002
09:45:00.626  INFO     RX        /ERR/LOKO/0x00000002
09:45:00.736  DEBUG    TX /CONTROLL/0,0,0,-19,0,0,0,0,0
09:45:00.770  INFO     RX        /ERR/LOKO/0x00000002
09:45:00.770  INFO     RX        /ERR/LOKO/0x00000002
09:45:00.786  INFO     RX        /ERR/LOKO/0x00000002
09:45:00.802  INFO     RX        /ERR/LOKO/0x00000002
09:45:00.819  INFO     RX        /ERR/LOKO/0x00000002
09:45:00.819  INFO     RX        /ERR/LOKO/0x00000002
09:45:00.835  INFO     RX        /ERR/LOKO/0x00000002
09:45:00.850  INFO     RX        /ERR/LOKO/0x00000002
09:45:00.850  INFO     RX        /ERR/LOKO/0x00000002
09:45:00.866  INFO     RX        /ERR/LOKO/0x00000002
09:45:00.882  INFO     RX        /ERR/LOKO/0x00000002
09:45:00.898  INFO     RX        /ERR/LOKO/0x00000002
09:45:00.898  INFO     RX        /ERR/LOKO/0x00000002
09:45:00.914  INFO     RX        /ERR/LOKO/0x00000002
09:45:00.931  INFO     RX        /ERR/LOKO/0x00000002
09:45:00.946  INFO     RX        /ERR/LOKO/0x00000002
09:45:00.946  INFO     RX        /ERR/LOKO/0x00000002
09:45:00.962  INFO     RX        /ERR/LOKO/0x00000002
09:45:00.979  INFO     RX        /ERR/LOKO/0x00000002
09:45:01.076  INFO     RX        /ERR/LOKO/0x00000002
09:45:01.076  INFO     RX        /ERR/LOKO/0x00000002
09:45:01.094  INFO     RX        /ERR/LOKO/0x00000002
09:45:01.108  INFO     RX        /ERR/LOKO/0x00000002
09:45:01.125  INFO     RX        /ERR/LOKO/0x00000002
09:45:01.125  INFO     RX        /ERR/LOKO/0x00000002
09:45:01.141  INFO     RX        /ERR/LOKO/0x00000002
09:45:01.157  INFO     RX        /ERR/LOKO/0x00000002
09:45:01.157  INFO     RX        /ERR/LOKO/0x00000002
09:45:01.173  INFO     RX        /ERR/LOKO/0x00000002
09:45:01.189  INFO     RX        /ERR/LOKO/0x00000002
09:45:01.205  INFO     RX        /ERR/LOKO/0x00000002
09:45:01.205  INFO     RX        /ERR/LOKO/0x00000002
09:45:01.221  INFO     RX        /ERR/LOKO/0x00000002
09:45:01.238  INFO     RX        /ERR/LOKO/0x00000002
09:45:01.238  INFO     RX        /ERR/LOKO/0x00000002
09:45:01.254  INFO     RX        /ERR/LOKO/0x00000002
09:45:01.271  INFO     RX        /ERR/LOKO/0x00000002
09:45:01.287  INFO     RX        /ERR/LOKO/0x00000002
09:45:01.385  INFO     RX        /ERR/LOKO/0x00000002
09:45:01.401  INFO     RX        /ERR/LOKO/0x00000002
09:45:01.417  INFO     RX        /ERR/LOKO/0x00000002
09:45:01.417  INFO     RX        /ERR/LOKO/0x00000002
09:45:01.433  INFO     RX        /ERR/LOKO/0x00000002
09:45:01.449  INFO     RX        /ERR/LOKO/0x00000002
09:45:01.449  INFO     RX        /ERR/LOKO/0x00000002
09:45:01.465  INFO     RX        /ERR/LOKO/0x00000002
09:45:01.481  INFO     RX        /ERR/LOKO/0x00000002
09:45:01.498  INFO     RX        /ERR/LOKO/0x00000002
09:45:01.498  INFO     RX        /ERR/LOKO/0x00000002
09:45:01.514  INFO     RX        /ERR/LOKO/0x00000002
09:45:01.530  INFO     RX        /ERR/LOKO/0x00000002
09:45:01.542  DEBUG    TX /CONTROLL/0,0,0,-19,0,0,0,0,0
09:45:01.546  INFO     RX        /ERR/LOKO/0x00000002
09:45:01.546  INFO     RX        /ERR/LOKO/0x00000002
09:45:01.562  INFO     RX        /ERR/LOKO/0x00000002
09:45:01.578  INFO     RX        /ERR/LOKO/0x00000002
09:45:01.578  INFO     RX        /ERR/LOKO/0x00000002
09:45:01.723  INFO     RX        /ERR/LOKO/0x00000002
09:45:01.739  INFO     RX        /ERR/LOKO/0x00000002
09:45:01.755  INFO     RX        /ERR/LOKO/0x00000002
09:45:01.756  INFO     RX        /ERR/LOKO/0x00000002
09:45:01.771  INFO     RX        /ERR/LOKO/0x00000002
09:45:01.787  INFO     RX        /ERR/LOKO/0x00000002
09:45:01.805  INFO     RX        /ERR/LOKO/0x00000002
09:45:01.806  INFO     RX        /ERR/LOKO/0x00000002
09:45:01.820  INFO     RX        /ERR/LOKO/0x00000002
09:45:01.835  INFO     RX        /ERR/LOKO/0x00000002
09:45:01.835  INFO     RX        /ERR/LOKO/0x00000002
09:45:01.851  INFO     RX        /ERR/LOKO/0x00000002
09:45:01.867  INFO     RX        /ERR/LOKO/0x00000002
09:45:01.883  INFO     RX        /ERR/LOKO/0x00000002
09:45:01.883  INFO     RX        /ERR/LOKO/0x00000002
09:45:01.899  INFO     RX        /ERR/LOKO/0x00000002
09:45:01.916  INFO     RX        /ERR/LOKO/0x00000002
09:45:01.932  INFO     RX        /ERR/LOKO/0x00000002
09:45:01.932  INFO     RX        /ERR/LOKO/0x00000002
09:45:02.125  INFO     RX        /ERR/LOKO/0x00000002
09:45:02.142  INFO     RX        /ERR/LOKO/0x00000002
09:45:02.142  INFO     RX        /ERR/LOKO/0x00000002
09:45:02.158  INFO     RX        /ERR/LOKO/0x00000002
09:45:02.174  INFO     RX        /ERR/LOKO/0x00000002
09:45:02.189  INFO     RX        /ERR/LOKO/0x00000002
09:45:02.189  INFO     RX        /ERR/LOKO/0x00000002
09:45:02.206  INFO     RX        /ERR/LOKO/0x00000002
09:45:02.222  INFO     RX        /ERR/LOKO/0x00000002
09:45:02.222  INFO     RX        /ERR/LOKO/0x00000002
09:45:02.238  INFO     RX        /ERR/LOKO/0x00000002
09:45:02.254  INFO     RX        /ERR/LOKO/0x00000002
09:45:02.269  INFO     RX        /ERR/LOKO/0x00000002
09:45:02.269  INFO     RX        /ERR/LOKO/0x00000002
09:45:02.285  INFO     RX        /ERR/LOKO/0x00000002
09:45:02.301  INFO     RX        /ERR/LOKO/0x00000002
09:45:02.317  INFO     RX        /ERR/LOKO/0x00000002
09:45:02.317  INFO     RX        /ERR/LOKO/0x00000002
09:45:02.333  INFO     RX        /ERR/LOKO/0x00000002
09:45:02.347  DEBUG    TX /CONTROLL/0,0,0,-19,0,0,0,0,0
09:45:02.527  INFO     RX        /ERR/LOKO/0x00000002
09:45:02.528  INFO     RX        /ERR/LOKO/0x00000002
09:45:02.544  INFO     RX        /ERR/LOKO/0x00000002
09:45:02.562  INFO     RX        /ERR/LOKO/0x00000002
09:45:02.562  INFO     RX        /ERR/LOKO/0x00000002
09:45:02.576  INFO     RX        /ERR/LOKO/0x00000002
09:45:02.592  INFO     RX        /ERR/LOKO/0x00000002
09:45:02.609  INFO     RX        /ERR/LOKO/0x00000002
09:45:02.736  INFO     RX        /ERR/LOKO/0x00000002
09:45:02.736  INFO     RX        /ERR/LOKO/0x00000002
09:45:02.737  INFO     RX        /ERR/LOKO/0x00000002
09:45:02.737  INFO     RX        /ERR/LOKO/0x00000002
09:45:02.737  INFO     RX        /ERR/LOKO/0x00000002
09:45:02.737  INFO     RX        /ERR/LOKO/0x00000002
09:45:02.737  INFO     RX        /ERR/LOKO/0x00000002
09:45:02.737  INFO     RX        /ERR/LOKO/0x00000002
09:45:02.737  INFO     RX        /ERR/LOKO/0x00000002
09:45:02.737  INFO     RX        /ERR/LOKO/0x00000002
09:45:02.739  INFO     RX        /ERR/LOKO/0x00000002
09:45:02.868  INFO     RX        /ERR/LOKO/0x00000002
09:45:02.885  INFO     RX        /ERR/LOKO/0x00000002
09:45:02.900  INFO     RX        /ERR/LOKO/0x00000002
09:45:02.916  INFO     RX        /ERR/LOKO/0x00000002
09:45:02.916  INFO     RX        /ERR/LOKO/0x00000002
09:45:02.933  INFO     RX        /ERR/LOKO/0x00000002
09:45:02.949  INFO     RX        /ERR/LOKO/0x00000002
09:45:02.949  INFO     RX        /ERR/LOKO/0x00000002
09:45:02.966  INFO     RX        /ERR/LOKO/0x00000002
09:45:02.981  INFO     RX        /ERR/LOKO/0x00000002
09:45:02.998  INFO     RX        /ERR/LOKO/0x00000002
09:45:02.998  INFO     RX        /ERR/LOKO/0x00000002
09:45:03.013  INFO     RX        /ERR/LOKO/0x00000002
09:45:03.030  INFO     RX        /ERR/LOKO/0x00000002
09:45:03.045  INFO     RX        /ERR/LOKO/0x00000002
09:45:03.046  INFO     RX        /ERR/LOKO/0x00000002
09:45:03.062  INFO     RX        /ERR/LOKO/0x00000002
09:45:03.078  INFO     RX        /ERR/LOKO/0x00000002
09:45:03.094  INFO     RX        /ERR/LOKO/0x00000002
09:45:03.156  DEBUG    TX /CONTROLL/0,0,0,-21,0,0,0,0,0
09:45:03.175  INFO     RX        /ERR/LOKO/0x00000002
09:45:03.192  INFO     RX        /ERR/LOKO/0x00000002
09:45:03.207  INFO     RX        /ERR/LOKO/0x00000002
09:45:03.207  INFO     RX        /ERR/LOKO/0x00000002
09:45:03.224  INFO     RX        /ERR/LOKO/0x00000002
09:45:03.239  INFO     RX        /ERR/LOKO/0x00000002
09:45:03.256  INFO     RX        /ERR/LOKO/0x00000002
09:45:03.256  INFO     RX        /ERR/LOKO/0x00000002
09:45:03.272  INFO     RX        /ERR/LOKO/0x00000002
09:45:03.289  INFO     RX        /ERR/LOKO/0x00000002
09:45:03.289  INFO     RX        /ERR/LOKO/0x00000002
09:45:03.305  INFO     RX        /ERR/LOKO/0x00000002
09:45:03.321  INFO     RX        /ERR/LOKO/0x00000002
09:45:03.338  INFO     RX        /ERR/LOKO/0x00000002
09:45:03.338  INFO     RX        /ERR/LOKO/0x00000002
09:45:03.353  INFO     RX        /ERR/LOKO/0x00000002
09:45:03.369  INFO     RX        /ERR/LOKO/0x00000002
09:45:03.450  INFO     RX        /ERR/LOKO/0x00000002
09:45:03.466  INFO     RX        /ERR/LOKO/0x00000002
09:45:03.466  INFO     RX        /ERR/LOKO/0x00000002
09:45:03.482  INFO     RX        /ERR/LOKO/0x00000002
09:45:03.497  INFO     RX        /ERR/LOKO/0x00000002
09:45:03.513  INFO     RX        /ERR/LOKO/0x00000002
09:45:03.513  INFO     RX        /ERR/LOKO/0x00000002
09:45:03.531  INFO     RX        /ERR/LOKO/0x00000002
09:45:03.546  INFO     RX        /ERR/LOKO/0x00000002
09:45:03.564  INFO     RX        /ERR/LOKO/0x00000002
09:45:03.564  INFO     RX        /ERR/LOKO/0x00000002
09:45:03.579  INFO     RX        /ERR/LOKO/0x00000002
09:45:03.961  DEBUG    TX /CONTROLL/0,0,0,0,0,0,0,0,0
09:45:04.769  DEBUG    TX /CONTROLL/0,0,0,0,0,0,0,0,0
09:45:05.574  DEBUG    TX /CONTROLL/0,0,0,0,0,0,0,0,0
09:45:06.380  DEBUG    TX /CONTROLL/0,0,0,0,0,0,0,0,0
09:45:07.185  DEBUG    TX /CONTROLL/0,0,0,0,0,0,0,0,0
09:45:07.992  DEBUG    TX /CONTROLL/0,0,0,0,0,0,0,0,0
09:45:08.796  DEBUG    TX /CONTROLL/0,0,0,0,0,0,0,0,0
09:45:09.598  DEBUG    TX /CONTROLL/0,0,0,0,0,0,0,0,0
09:45:10.402  DEBUG    TX /CONTROLL/0,0,0,0,0,0,0,0,0
09:45:11.207  DEBUG    TX /CONTROLL/0,0,0,0,0,0,0,0,0
09:45:12.014  DEBUG    TX /CONTROLL/0,0,0,0,0,0,0,0,0
09:45:12.818  DEBUG    TX /CONTROLL/0,0,0,0,0,0,0,0,0
09:45:13.626  DEBUG    TX /CONTROLL/0,0,0,0,0,0,0,0,0
09:45:14.432  DEBUG    TX /CONTROLL/0,0,0,0,0,0,0,0,0
09:45:15.236  DEBUG    TX /CONTROLL/0,0,0,0,0,0,0,0,0
09:45:16.039  DEBUG    TX /CONTROLL/0,0,0,0,0,0,0,0,0
09:45:16.842  DEBUG    TX /CONTROLL/0,0,0,0,0,0,0,0,0
09:45:17.647  DEBUG    TX /CONTROLL/0,0,0,0,0,0,0,0,0
09:45:18.450  DEBUG    TX /CONTROLL/0,0,0,0,0,0,0,0,0
09:45:19.256  DEBUG    TX /CONTROLL/0,0,0,0,0,0,0,0,0
09:45:20.059  DEBUG    TX /CONTROLL/0,0,0,0,0,0,0,0,0
09:45:20.862  DEBUG    TX /CONTROLL/0,0,0,0,0,0,0,0,0
09:45:21.667  DEBUG    TX /CONTROLL/0,0,0,0,0,0,0,0,0
09:45:22.469  DEBUG    TX /CONTROLL/0,0,0,0,0,0,0,0,0
09:45:23.273  DEBUG    TX /CONTROLL/0,0,0,0,0,0,0,0,0
09:45:24.077  DEBUG    TX /CONTROLL/0,0,0,0,0,0,0,0,0
09:45:24.881  DEBUG    TX /CONTROLL/0,0,0,0,0,0,0,0,0
09:45:25.687  DEBUG    TX /CONTROLL/0,0,0,0,0,0,0,0,0
09:45:26.489  DEBUG    TX /CONTROLL/0,0,0,0,0,0,0,0,0
09:45:27.291  DEBUG    TX /CONTROLL/0,0,0,0,0,0,0,0,0
09:45:28.094  DEBUG    TX /CONTROLL/0,0,0,0,0,0,0,0,0
09:45:28.900  DEBUG    TX /CONTROLL/0,0,0,0,0,0,0,0,0
09:45:29.705  DEBUG    TX /CONTROLL/0,0,0,0,0,0,0,0,0
09:45:30.510  DEBUG    TX /CONTROLL/0,0,0,0,0,0,0,0,0
09:45:31.318  DEBUG    TX /CONTROLL/0,0,0,0,0,0,0,0,0
09:45:32.123  DEBUG    TX /CONTROLL/0,0,0,0,0,0,0,0,0
09:45:32.925  DEBUG    TX /CONTROLL/0,0,0,0,0,0,0,0,0
09:45:33.730  DEBUG    TX /CONTROLL/0,0,0,0,0,0,0,0,0
09:45:34.534  DEBUG    TX /CONTROLL/0,0,0,0,0,0,0,0,0
09:45:35.338  DEBUG    TX /CONTROLL/0,0,0,0,0,0,0,0,0
09:45:36.142  DEBUG    TX /CONTROLL/0,0,0,0,0,0,0,0,0
09:45:36.949  DEBUG    TX /CONTROLL/0,0,0,0,0,0,0,0,0
09:45:37.754  DEBUG    TX /CONTROLL/0,0,0,0,0,0,0,0,0
09:45:38.558  DEBUG    TX /CONTROLL/0,0,0,0,0,0,0,0,0
09:45:39.364  DEBUG    TX /CONTROLL/0,0,0,0,0,0,0,0,0
09:45:39.917  INFO     RX        /ERR/LOKO/0x00000002
09:45:39.917  INFO     RX        /ERR/LOKO/0x00000002
09:45:39.934  INFO     RX        /ERR/LOKO/0x00000002
09:45:39.949  INFO     RX        /ERR/LOKO/0x00000002
09:45:39.966  INFO     RX        /ERR/LOKO/0x00000002
09:45:39.966  INFO     RX        /ERR/LOKO/0x00000002
09:45:40.077  INFO     RX        /ERR/LOKO/0x00000002
09:45:40.094  INFO     RX        /ERR/LOKO/0x00000002
09:45:40.094  INFO     RX        /ERR/LOKO/0x00000002
09:45:40.110  INFO     RX        /ERR/LOKO/0x00000002
09:45:40.126  INFO     RX        /ERR/LOKO/0x00000002
09:45:40.142  INFO     RX        /ERR/LOKO/0x00000002
09:45:40.142  INFO     RX        /ERR/LOKO/0x00000002
09:45:40.158  INFO     RX        /ERR/LOKO/0x00000002
09:45:40.171  DEBUG    TX /CONTROLL/0,0,0,-25,0,0,0,0,0
09:45:40.174  INFO     RX        /ERR/LOKO/0x00000002
09:45:40.174  INFO     RX        /ERR/LOKO/0x00000002
09:45:40.189  INFO     RX        /ERR/LOKO/0x00000002
09:45:40.205  INFO     RX        /ERR/LOKO/0x00000002
09:45:40.222  INFO     RX        /ERR/LOKO/0x00000002
09:45:40.222  INFO     RX        /ERR/LOKO/0x00000002
09:45:40.383  INFO     RX        /ERR/LOKO/0x00000002
09:45:40.383  INFO     RX        /ERR/LOKO/0x00000002
09:45:40.401  INFO     RX        /ERR/LOKO/0x00000002
09:45:40.414  INFO     RX        /ERR/LOKO/0x00000002
09:45:40.430  INFO     RX        /ERR/LOKO/0x00000002
09:45:40.448  INFO     RX        /ERR/LOKO/0x00000002
09:45:40.448  INFO     RX        /ERR/LOKO/0x00000002
09:45:40.463  INFO     RX        /ERR/LOKO/0x00000002
09:45:40.478  INFO     RX        /ERR/LOKO/0x00000002
09:45:40.495  INFO     RX        /ERR/LOKO/0x00000002
09:45:40.495  INFO     RX        /ERR/LOKO/0x00000002
09:45:40.514  INFO     RX        /ERR/LOKO/0x00000002
09:45:40.514  INFO     RX        /ERR/LOKO/0x00000002
09:45:40.527  INFO     RX        /ERR/LOKO/0x00000002
09:45:40.675  INFO     RX        /ERR/LOKO/0x00000002
09:45:40.704  INFO     RX        /ERR/LOKO/0x00000002
09:45:40.704  INFO     RX        /ERR/LOKO/0x00000002
09:45:40.721  INFO     RX        /ERR/LOKO/0x00000002
09:45:40.737  INFO     RX        /ERR/LOKO/0x00000002
09:45:40.737  INFO     RX        /ERR/LOKO/0x00000002
09:45:40.753  INFO     RX        /ERR/LOKO/0x00000002
09:45:40.769  INFO     RX        /ERR/LOKO/0x00000002
09:45:40.785  INFO     RX        /ERR/LOKO/0x00000002
09:45:40.785  INFO     RX        /ERR/LOKO/0x00000002
09:45:40.801  INFO     RX        /ERR/LOKO/0x00000002
09:45:40.818  INFO     RX        /ERR/LOKO/0x00000002
09:45:40.818  INFO     RX        /ERR/LOKO/0x00000002
09:45:40.834  INFO     RX        /ERR/LOKO/0x00000002
09:45:40.850  INFO     RX        /ERR/LOKO/0x00000002
09:45:40.963  INFO     RX        /ERR/LOKO/0x00000002
09:45:40.977  DEBUG    TX /CONTROLL/0,0,0,-24,0,0,0,0,0
09:45:40.980  INFO     RX        /ERR/LOKO/0x00000002
09:45:40.996  INFO     RX        /ERR/LOKO/0x00000002
09:45:40.996  INFO     RX        /ERR/LOKO/0x00000002
09:45:41.011  INFO     RX        /ERR/LOKO/0x00000002
09:45:41.027  INFO     RX        /ERR/LOKO/0x00000002
09:45:41.043  INFO     RX        /ERR/LOKO/0x00000002
09:45:41.043  INFO     RX        /ERR/LOKO/0x00000002
09:45:41.060  INFO     RX        /ERR/LOKO/0x00000002
09:45:41.076  INFO     RX        /ERR/LOKO/0x00000002
09:45:41.076  INFO     RX        /ERR/LOKO/0x00000002
09:45:41.092  INFO     RX        /ERR/LOKO/0x00000002
09:45:41.108  INFO     RX        /ERR/LOKO/0x00000002
09:45:41.123  INFO     RX        /ERR/LOKO/0x00000002
09:45:41.123  INFO     RX        /ERR/LOKO/0x00000002
09:45:41.204  INFO     RX        /ERR/LOKO/0x00000002
09:45:41.204  INFO     RX        /ERR/LOKO/0x00000002
09:45:41.221  INFO     RX        /ERR/LOKO/0x00000002
09:45:41.237  INFO     RX        /ERR/LOKO/0x00000002
09:45:41.253  INFO     RX        /ERR/LOKO/0x00000002
09:45:41.253  INFO     RX        /ERR/LOKO/0x00000002
09:45:41.268  INFO     RX        /ERR/LOKO/0x00000002
09:45:41.285  INFO     RX        /ERR/LOKO/0x00000002
09:45:41.301  INFO     RX        /ERR/LOKO/0x00000002
09:45:41.301  INFO     RX        /ERR/LOKO/0x00000002
09:45:41.318  INFO     RX        /ERR/LOKO/0x00000002
09:45:41.333  INFO     RX        /ERR/LOKO/0x00000002
09:45:41.349  INFO     RX        /ERR/LOKO/0x00000002
09:45:41.349  INFO     RX        /ERR/LOKO/0x00000002
09:45:41.367  INFO     RX        /ERR/LOKO/0x00000002
09:45:41.445  INFO     RX        /ERR/LOKO/0x00000002
09:45:41.464  INFO     RX        /ERR/LOKO/0x00000002
09:45:41.478  INFO     RX        /ERR/LOKO/0x00000002
09:45:41.478  INFO     RX        /ERR/LOKO/0x00000002
09:45:41.494  INFO     RX        /ERR/LOKO/0x00000002
09:45:41.510  INFO     RX        /ERR/LOKO/0x00000002
09:45:41.510  INFO     RX        /ERR/LOKO/0x00000002
09:45:41.525  INFO     RX        /ERR/LOKO/0x00000002
09:45:41.542  INFO     RX        /ERR/LOKO/0x00000002
09:45:41.558  INFO     RX        /ERR/LOKO/0x00000002
09:45:41.558  INFO     RX        /ERR/LOKO/0x00000002
09:45:41.574  INFO     RX        /ERR/LOKO/0x00000002
09:45:41.590  INFO     RX        /ERR/LOKO/0x00000002
09:45:41.605  INFO     RX        /ERR/LOKO/0x00000002
09:45:41.605  INFO     RX        /ERR/LOKO/0x00000002
09:45:41.734  INFO     RX        /ERR/LOKO/0x00000002
09:45:41.734  INFO     RX        /ERR/LOKO/0x00000002
09:45:41.750  INFO     RX        /ERR/LOKO/0x00000002
09:45:41.769  INFO     RX        /ERR/LOKO/0x00000002
09:45:41.779  DEBUG    TX /CONTROLL/0,0,0,-24,0,0,0,0,0
09:45:41.785  INFO     RX        /ERR/LOKO/0x00000002
09:45:41.785  INFO     RX        /ERR/LOKO/0x00000002
09:45:41.802  INFO     RX        /ERR/LOKO/0x00000002
09:45:41.815  INFO     RX        /ERR/LOKO/0x00000002
09:45:41.815  INFO     RX        /ERR/LOKO/0x00000002
09:45:41.831  INFO     RX        /ERR/LOKO/0x00000002
09:45:41.848  INFO     RX        /ERR/LOKO/0x00000002
09:45:41.865  INFO     RX        /ERR/LOKO/0x00000002
09:45:41.865  INFO     RX        /ERR/LOKO/0x00000002
09:45:41.880  INFO     RX        /ERR/LOKO/0x00000002
09:45:41.896  INFO     RX        /ERR/LOKO/0x00000002
09:45:42.041  INFO     RX        /ERR/LOKO/0x00000002
09:45:42.057  INFO     RX        /ERR/LOKO/0x00000002
09:45:42.073  INFO     RX        /ERR/LOKO/0x00000002
09:45:42.073  INFO     RX        /ERR/LOKO/0x00000002
09:45:42.089  INFO     RX        /ERR/LOKO/0x00000002
09:45:42.105  INFO     RX        /ERR/LOKO/0x00000002
09:45:42.124  INFO     RX        /ERR/LOKO/0x00000002
09:45:42.124  INFO     RX        /ERR/LOKO/0x00000002
09:45:42.135  INFO     RX        /ERR/LOKO/0x00000002
09:45:42.151  INFO     RX        /ERR/LOKO/0x00000002
09:45:42.167  INFO     RX        /ERR/LOKO/0x00000002
09:45:42.167  INFO     RX        /ERR/LOKO/0x00000002
09:45:42.184  INFO     RX        /ERR/LOKO/0x00000002
09:45:42.199  INFO     RX        /ERR/LOKO/0x00000002
09:45:42.216  INFO     RX        /ERR/LOKO/0x00000002
09:45:42.216  INFO     RX        /ERR/LOKO/0x00000002
09:45:42.232  INFO     RX        /ERR/LOKO/0x00000002
09:45:42.248  INFO     RX        /ERR/LOKO/0x00000002
09:45:42.456  INFO     RX        /ERR/LOKO/0x00000002
09:45:42.472  INFO     RX        /ERR/LOKO/0x00000002
09:45:42.472  INFO     RX        /ERR/LOKO/0x00000002
09:45:42.489  INFO     RX        /ERR/LOKO/0x00000002
09:45:42.505  INFO     RX        /ERR/LOKO/0x00000002
09:45:42.521  INFO     RX        /ERR/LOKO/0x00000002
09:45:42.521  INFO     RX        /ERR/LOKO/0x00000002
09:45:42.537  INFO     RX        /ERR/LOKO/0x00000002
09:45:42.553  INFO     RX        /ERR/LOKO/0x00000002
09:45:42.553  INFO     RX        /ERR/LOKO/0x00000002
09:45:42.571  INFO     RX        /ERR/LOKO/0x00000002
09:45:42.584  DEBUG    TX /CONTROLL/0,0,0,-17,0,0,0,0,0
09:45:42.586  INFO     RX        /ERR/LOKO/0x00000002
09:45:42.605  INFO     RX        /ERR/LOKO/0x00000002
09:45:42.605  INFO     RX        /ERR/LOKO/0x00000002
09:45:42.620  INFO     RX        /ERR/LOKO/0x00000002
09:45:42.635  INFO     RX        /ERR/LOKO/0x00000002
09:45:42.653  INFO     RX        /ERR/LOKO/0x00000002
09:45:42.653  INFO     RX        /ERR/LOKO/0x00000002
09:45:42.667  INFO     RX        /ERR/LOKO/0x00000002
09:45:42.683  INFO     RX        /ERR/LOKO/0x00000002
09:45:42.683  INFO     RX        /ERR/LOKO/0x00000002
09:45:42.844  INFO     RX        /ERR/LOKO/0x00000002
09:45:42.861  INFO     RX        /ERR/LOKO/0x00000002
09:45:42.862  INFO     RX        /ERR/LOKO/0x00000002
09:45:42.877  INFO     RX        /ERR/LOKO/0x00000002
09:45:42.893  INFO     RX        /ERR/LOKO/0x00000002
09:45:42.893  INFO     RX        /ERR/LOKO/0x00000002
09:45:42.909  INFO     RX        /ERR/LOKO/0x00000002
09:45:42.926  INFO     RX        /ERR/LOKO/0x00000002
09:45:42.942  INFO     RX        /ERR/LOKO/0x00000002
09:45:42.942  INFO     RX        /ERR/LOKO/0x00000002
09:45:42.958  INFO     RX        /ERR/LOKO/0x00000002
09:45:43.389  DEBUG    TX /CONTROLL/0,0,0,0,0,0,0,0,0
09:45:44.196  DEBUG    TX /CONTROLL/0,0,0,0,0,0,0,0,0
09:45:44.998  DEBUG    TX /CONTROLL/0,0,0,0,0,0,0,0,0
09:45:45.805  DEBUG    TX /CONTROLL/0,0,0,0,0,0,0,0,0
09:45:46.606  DEBUG    TX /CONTROLL/0,0,0,0,0,0,0,0,0
09:45:47.406  DEBUG    TX /CONTROLL/0,0,0,0,0,0,0,0,0
09:45:48.210  DEBUG    TX /CONTROLL/0,0,0,0,0,0,0,0,0
09:45:49.016  DEBUG    TX /CONTROLL/0,0,0,0,0,0,0,0,0
09:45:49.825  DEBUG    TX /CONTROLL/0,0,0,0,0,0,0,0,0
09:45:50.628  DEBUG    TX /CONTROLL/0,0,0,0,0,0,0,0,0
09:45:51.432  DEBUG    TX /CONTROLL/0,0,0,0,0,0,0,0,0
09:45:52.237  DEBUG    TX /CONTROLL/0,0,0,0,0,0,0,0,0
09:45:53.040  DEBUG    TX /CONTROLL/0,0,0,0,0,0,0,0,0
09:45:53.844  DEBUG    TX /CONTROLL/0,0,0,0,0,0,0,0,0
09:45:54.650  DEBUG    TX /CONTROLL/0,0,0,0,0,0,0,0,0
09:45:55.456  DEBUG    TX /CONTROLL/0,0,0,0,0,0,0,0,0
09:45:56.265  DEBUG    TX /CONTROLL/0,0,0,0,0,0,0,0,0
09:45:57.073  DEBUG    TX /CONTROLL/0,0,0,0,0,0,0,0,0
09:45:57.878  DEBUG    TX /CONTROLL/0,0,0,0,0,0,0,0,0
09:45:58.684  DEBUG    TX /CONTROLL/0,0,0,0,0,0,0,0,0
09:45:59.490  DEBUG    TX /CONTROLL/0,0,0,0,0,0,0,0,0
09:46:00.295  DEBUG    TX /CONTROLL/0,0,0,0,0,0,0,0,0
09:46:01.100  DEBUG    TX /CONTROLL/0,0,0,0,0,0,0,0,0
09:46:01.905  DEBUG    TX /CONTROLL/0,0,0,0,0,0,0,0,0
09:46:02.708  DEBUG    TX /CONTROLL/0,0,0,0,0,0,0,0,0
09:46:03.510  DEBUG    TX /CONTROLL/0,0,0,0,0,0,0,0,0
09:46:04.314  DEBUG    TX /CONTROLL/0,0,0,0,0,0,0,0,0
09:46:05.119  DEBUG    TX /CONTROLL/0,0,0,0,0,0,0,0,0
09:46:05.923  DEBUG    TX /CONTROLL/0,0,0,0,0,0,0,0,0
09:46:06.729  DEBUG    TX /CONTROLL/0,0,0,0,0,0,0,0,0
09:46:07.533  DEBUG    TX /CONTROLL/0,0,0,0,0,0,0,0,0
09:46:08.337  DEBUG    TX /CONTROLL/0,0,0,0,0,0,0,0,0
09:46:09.142  DEBUG    TX /CONTROLL/0,0,0,0,0,0,0,0,0
09:46:09.943  DEBUG    TX /CONTROLL/0,0,0,0,0,0,0,0,0
09:46:10.749  DEBUG    TX /CONTROLL/0,0,0,0,0,0,0,0,0
09:46:11.551  DEBUG    TX /CONTROLL/0,0,0,0,0,0,0,0,0
09:46:12.354  DEBUG    TX /CONTROLL/0,0,0,0,0,0,0,0,0
09:46:13.158  DEBUG    TX /CONTROLL/0,0,0,0,0,0,0,0,0
09:46:13.959  DEBUG    TX /CONTROLL/0,0,0,0,0,0,0,0,0
09:46:14.766  DEBUG    TX /CONTROLL/0,0,0,0,0,0,0,0,0
09:46:15.577  DEBUG    TX /CONTROLL/0,0,0,0,0,0,0,0,0
09:46:16.388  DEBUG    TX /CONTROLL/0,0,0,0,0,0,0,0,0
09:46:17.190  DEBUG    TX /CONTROLL/0,0,0,0,0,0,0,0,0
09:46:17.995  DEBUG    TX /CONTROLL/0,0,0,0,0,0,0,0,0
09:46:18.799  DEBUG    TX /CONTROLL/0,0,0,0,0,0,0,0,0
09:46:19.600  DEBUG    TX /CONTROLL/0,0,0,0,0,0,0,0,0
09:46:20.407  DEBUG    TX /CONTROLL/0,0,0,0,0,0,0,0,0
09:46:21.209  DEBUG    TX /CONTROLL/0,0,0,0,0,0,0,0,0
09:46:22.012  DEBUG    TX /CONTROLL/0,0,0,0,0,0,0,0,0
09:46:22.821  DEBUG    TX /CONTROLL/0,0,0,0,0,0,0,0,0
09:46:23.630  DEBUG    TX /CONTROLL/0,0,0,0,0,0,0,0,0
09:46:24.439  DEBUG    TX /CONTROLL/0,0,0,0,0,0,0,0,0
09:46:25.246  DEBUG    TX /CONTROLL/0,0,0,0,0,0,0,0,0
09:46:26.049  DEBUG    TX /CONTROLL/0,0,0,0,0,0,0,0,0
09:46:26.854  DEBUG    TX /CONTROLL/0,0,0,0,0,0,0,0,0
09:46:27.663  DEBUG    TX /CONTROLL/0,0,0,0,0,0,0,0,0
09:46:28.468  DEBUG    TX /CONTROLL/0,0,0,0,0,0,0,0,0
09:46:29.275  DEBUG    TX /CONTROLL/0,0,0,0,0,0,0,0,0
09:46:30.077  DEBUG    TX /CONTROLL/0,0,0,0,0,0,0,0,0
09:46:30.881  DEBUG    TX /CONTROLL/0,0,0,0,0,0,0,0,0
09:46:31.688  DEBUG    TX /CONTROLL/0,0,0,0,0,0,0,0,0
09:46:32.494  DEBUG    TX /CONTROLL/0,0,0,0,0,0,0,0,0
09:46:33.299  DEBUG    TX /CONTROLL/0,0,0,0,0,0,0,0,0
09:46:34.107  DEBUG    TX /CONTROLL/0,0,0,0,0,0,0,0,0
09:46:34.915  DEBUG    TX /CONTROLL/0,0,0,0,0,0,0,0,0
09:46:35.725  DEBUG    TX /CONTROLL/0,0,0,0,0,0,0,0,0
09:46:36.528  DEBUG    TX /CONTROLL/0,0,0,0,0,0,0,0,0
09:46:37.331  DEBUG    TX /CONTROLL/0,0,0,0,0,0,0,0,0
09:46:38.133  DEBUG    TX /CONTROLL/0,0,0,0,0,0,0,0,0
09:46:38.940  DEBUG    TX /CONTROLL/0,0,0,0,0,0,0,0,0
09:46:39.741  DEBUG    TX /CONTROLL/0,0,0,0,0,0,0,0,0
09:46:40.545  DEBUG    TX /CONTROLL/0,0,0,0,0,0,0,0,0
09:46:41.348  DEBUG    TX /CONTROLL/0,0,0,0,0,0,0,0,0
09:46:42.153  DEBUG    TX /CONTROLL/0,0,0,0,0,0,0,0,0
09:46:42.955  DEBUG    TX /CONTROLL/0,0,0,0,0,0,0,0,0
09:46:43.761  DEBUG    TX /CONTROLL/0,0,0,0,0,0,0,0,0
09:46:44.562  DEBUG    TX /CONTROLL/0,0,0,0,0,0,0,0,0
09:46:45.369  DEBUG    TX /CONTROLL/0,0,0,0,0,0,0,0,0
09:46:46.175  DEBUG    TX /CONTROLL/0,0,0,0,0,0,0,0,0
09:46:46.980  DEBUG    TX /CONTROLL/0,0,0,0,0,0,0,0,0
09:46:47.782  DEBUG    TX /CONTROLL/0,0,0,0,0,0,0,0,0
09:46:48.584  DEBUG    TX /CONTROLL/0,0,0,0,0,0,0,0,0
09:46:49.385  DEBUG    TX /CONTROLL/0,0,0,0,0,0,0,0,0
09:46:50.190  DEBUG    TX /CONTROLL/0,0,0,0,0,0,0,0,0
09:46:50.993  DEBUG    TX /CONTROLL/0,0,0,0,0,0,0,0,0
09:46:51.796  DEBUG    TX /CONTROLL/0,0,0,0,0,0,0,0,0
09:46:52.597  DEBUG    TX /CONTROLL/0,0,0,0,0,0,0,0,0
09:46:53.400  DEBUG    TX /CONTROLL/0,0,0,0,0,0,0,0,0
09:46:54.206  DEBUG    TX /CONTROLL/0,0,0,0,0,0,0,0,0
09:46:55.010  DEBUG    TX /CONTROLL/0,0,0,0,0,0,0,0,0
09:46:55.813  DEBUG    TX /CONTROLL/0,0,0,0,0,0,0,0,0
09:46:56.615  DEBUG    TX /CONTROLL/0,0,0,0,0,0,0,0,0
09:46:57.418  DEBUG    TX /CONTROLL/0,0,0,0,0,0,0,0,0
09:46:58.219  DEBUG    TX /CONTROLL/0,0,0,0,0,0,0,0,0
09:46:59.027  DEBUG    TX /CONTROLL/0,0,0,0,0,0,0,0,0
09:46:59.834  DEBUG    TX /CONTROLL/0,0,0,0,0,0,0,0,0
09:47:00.638  DEBUG    TX /CONTROLL/0,0,0,0,0,0,0,0,0
09:47:01.438  DEBUG    TX /CONTROLL/0,0,0,0,0,0,0,0,0
09:47:02.242  DEBUG    TX /CONTROLL/0,0,0,0,0,0,0,0,0
09:47:03.044  DEBUG    TX /CONTROLL/0,0,0,0,0,0,0,0,0
09:47:03.849  DEBUG    TX /CONTROLL/0,0,0,0,0,0,0,0,0
09:47:04.654  DEBUG    TX /CONTROLL/0,0,0,0,0,0,0,0,0
09:47:05.457  DEBUG    TX /CONTROLL/0,0,0,0,0,0,0,0,0
09:47:06.259  DEBUG    TX /CONTROLL/0,0,0,0,0,0,0,0,0
09:47:07.062  DEBUG    TX /CONTROLL/0,0,0,0,0,0,0,0,0
10:02:10.044  WARNING  Connection closed by remote
10:02:10.300  DEBUG    TX /CONTROLL/0,0,0,0,0,0,0,0,0
10:02:11.107  DEBUG    TX /CONTROLL/0,0,0,0,0,0,0,0,0
10:02:11.911  DEBUG    TX /CONTROLL/0,0,0,0,0,0,0,0,0
10:02:12.714  DEBUG    TX /CONTROLL/0,0,0,0,0,0,0,0,0
10:02:13.519  DEBUG    TX /CONTROLL/0,0,0,0,0,0,0,0,0
10:02:14.323  DEBUG    TX /CONTROLL/0,0,0,0,0,0,0,0,0
10:02:15.129  DEBUG    TX /CONTROLL/0,0,0,0,0,0,0,0,0
10:02:15.934  DEBUG    TX /CONTROLL/0,0,0,0,0,0,0,0,0
10:02:16.739  DEBUG    TX /CONTROLL/0,0,0,0,0,0,0,0,0
10:02:17.542  DEBUG    TX /CONTROLL/0,0,0,0,0,0,0,0,0
10:02:18.345  DEBUG    TX /CONTROLL/0,0,0,0,0,0,0,0,0
10:02:19.151  DEBUG    TX /CONTROLL/0,0,0,0,0,0,0,0,0
10:02:19.959  DEBUG    TX /CONTROLL/0,0,0,0,0,0,0,0,0
10:02:20.763  DEBUG    TX /CONTROLL/0,0,0,0,0,0,0,0,0
10:02:21.568  DEBUG    TX /CONTROLL/0,0,0,0,0,0,0,0,0
10:02:22.373  DEBUG    TX /CONTROLL/0,0,0,0,0,0,0,0,0
10:02:23.179  DEBUG    TX /CONTROLL/0,0,0,0,0,0,0,0,0
10:02:23.980  DEBUG    TX /CONTROLL/0,0,0,0,0,0,0,0,0
10:02:24.786  DEBUG    TX /CONTROLL/0,0,0,0,0,0,0,0,0
10:02:25.591  DEBUG    TX /CONTROLL/0,0,0,0,0,0,0,0,0
10:02:26.394  DEBUG    TX /CONTROLL/0,0,0,0,0,0,0,0,0
10:02:27.198  DEBUG    TX /CONTROLL/0,0,0,0,0,0,0,0,0
10:02:28.000  DEBUG    TX /CONTROLL/0,0,0,0,0,0,0,0,0
10:02:28.802  DEBUG    TX /CONTROLL/0,0,0,0,0,0,0,0,0
10:02:29.607  DEBUG    TX /CONTROLL/0,0,0,0,0,0,0,0,0
10:02:30.410  DEBUG    TX /CONTROLL/0,0,0,0,0,0,0,0,0
10:02:31.210  DEBUG    TX /CONTROLL/0,0,0,0,0,0,0,0,0
10:02:32.011  DEBUG    TX /CONTROLL/0,0,0,0,0,0,0,0,0
10:02:32.817  DEBUG    TX /CONTROLL/0,0,0,0,0,0,0,0,0
10:02:33.621  DEBUG    TX /CONTROLL/0,0,0,0,0,0,0,0,0
10:02:34.424  DEBUG    TX /CONTROLL/0,0,0,0,0,0,0,0,0
10:02:35.231  DEBUG    TX /CONTROLL/0,0,0,0,0,0,0,0,0
10:02:36.038  DEBUG    TX /CONTROLL/0,0,0,0,0,0,0,0,0
10:02:36.846  DEBUG    TX /CONTROLL/0,0,0,0,0,0,0,0,0
10:02:37.649  DEBUG    TX /CONTROLL/0,0,0,0,0,0,0,0,0
10:02:38.453  DEBUG    TX /CONTROLL/0,0,0,0,0,0,0,0,0
10:02:39.263  DEBUG    TX /CONTROLL/0,0,0,0,0,0,0,0,0
10:02:40.068  DEBUG    TX /CONTROLL/0,0,0,0,0,0,0,0,0
10:02:40.872  DEBUG    TX /CONTROLL/0,0,0,0,0,0,0,0,0
10:02:41.677  DEBUG    TX /CONTROLL/0,0,0,0,0,0,0,0,0
10:02:42.481  DEBUG    TX /CONTROLL/0,0,0,0,0,0,0,0,0
10:02:43.284  DEBUG    TX /CONTROLL/0,0,0,0,0,0,0,0,0
10:02:44.090  DEBUG    TX /CONTROLL/0,0,0,0,0,0,0,0,0
10:02:44.892  DEBUG    TX /CONTROLL/0,0,0,0,0,0,0,0,0
10:02:45.697  DEBUG    TX /CONTROLL/0,0,0,0,0,0,0,0,0
10:02:46.498  DEBUG    TX /CONTROLL/0,0,0,0,0,0,0,0,0
10:02:47.304  DEBUG    TX /CONTROLL/0,0,0,0,0,0,0,0,0
10:02:48.108  DEBUG    TX /CONTROLL/0,0,0,0,0,0,0,0,0
10:02:48.912  DEBUG    TX /CONTROLL/0,0,0,0,0,0,0,0,0
10:02:49.718  DEBUG    TX /CONTROLL/0,0,0,0,0,0,0,0,0
10:02:50.525  DEBUG    TX /CONTROLL/0,0,0,0,0,0,0,0,0
10:02:51.329  DEBUG    TX /CONTROLL/0,0,0,0,0,0,0,0,0
10:02:52.136  DEBUG    TX /CONTROLL/0,0,0,0,0,0,0,0,0
10:02:52.939  DEBUG    TX /CONTROLL/0,0,0,0,0,0,0,0,0
10:02:53.743  DEBUG    TX /CONTROLL/0,0,0,0,0,0,0,0,0
10:02:54.547  DEBUG    TX /CONTROLL/0,0,0,0,0,0,0,0,0
10:02:55.349  DEBUG    TX /CONTROLL/0,0,0,0,0,0,0,0,0
10:02:56.154  DEBUG    TX /CONTROLL/0,0,0,0,0,0,0,0,0
10:02:56.958  DEBUG    TX /CONTROLL/0,0,0,0,0,0,0,0,0
10:02:57.766  DEBUG    TX /CONTROLL/0,0,0,0,0,0,0,0,0
10:02:58.580  DEBUG    TX /CONTROLL/0,0,0,0,0,0,0,0,0
10:02:59.387  DEBUG    TX /CONTROLL/0,0,0,0,0,0,0,0,0
10:03:00.193  DEBUG    TX /CONTROLL/0,0,0,0,0,0,0,0,0
10:03:00.999  DEBUG    TX /CONTROLL/0,0,0,0,0,0,0,0,0
10:03:01.802  DEBUG    TX /CONTROLL/0,0,0,0,0,0,0,0,0
10:03:02.611  DEBUG    TX /CONTROLL/0,0,0,0,0,0,0,0,0
10:03:03.416  DEBUG    TX /CONTROLL/0,0,0,0,0,0,0,0,0
10:03:04.222  DEBUG    TX /CONTROLL/0,0,0,0,0,0,0,0,0
10:03:05.025  DEBUG    TX /CONTROLL/0,0,0,0,0,0,0,0,0
10:03:05.830  DEBUG    TX /CONTROLL/0,0,0,0,0,0,0,0,0
10:03:06.639  DEBUG    TX /CONTROLL/0,0,0,0,0,0,0,0,0
10:03:07.440  DEBUG    TX /CONTROLL/0,0,0,0,0,0,0,0,0
10:03:08.244  DEBUG    TX /CONTROLL/0,0,0,0,0,0,0,0,0
10:03:09.051  DEBUG    TX /CONTROLL/0,0,0,0,0,0,0,0,0
10:03:09.852  DEBUG    TX /CONTROLL/0,0,0,0,0,0,0,0,0
10:03:10.653  DEBUG    TX /CONTROLL/0,0,0,0,0,0,0,0,0
10:03:11.457  DEBUG    TX /CONTROLL/0,0,0,0,0,0,0,0,0
10:03:12.260  DEBUG    TX /CONTROLL/0,0,0,0,0,0,0,0,0
10:03:13.064  DEBUG    TX /CONTROLL/0,0,0,0,0,0,0,0,0
10:03:13.867  DEBUG    TX /CONTROLL/0,0,0,0,0,0,0,0,0
10:03:14.672  DEBUG    TX /CONTROLL/0,0,0,0,0,0,0,0,0
10:03:15.475  DEBUG    TX /CONTROLL/0,0,0,0,0,0,0,0,0
10:03:16.283  DEBUG    TX /CONTROLL/0,0,0,0,0,0,0,0,0
10:03:17.086  DEBUG    TX /CONTROLL/0,0,0,0,0,0,0,0,0
10:03:17.889  DEBUG    TX /CONTROLL/0,0,0,0,0,0,0,0,0
10:03:18.691  DEBUG    TX /CONTROLL/0,0,0,0,0,0,0,0,0
10:03:19.499  DEBUG    TX /CONTROLL/0,0,0,0,0,0,0,0,0
10:03:20.301  DEBUG    TX /CONTROLL/0,0,0,0,0,0,0,0,0
10:03:21.107  DEBUG    TX /CONTROLL/0,0,0,0,0,0,0,0,0
10:03:21.912  DEBUG    TX /CONTROLL/0,0,0,0,0,0,0,0,0
10:03:22.720  DEBUG    TX /CONTROLL/0,0,0,0,0,0,0,0,0
10:03:23.527  DEBUG    TX /CONTROLL/0,0,0,0,0,0,0,0,0
10:03:24.336  DEBUG    TX /CONTROLL/0,0,0,0,0,0,0,0,0
10:03:25.141  DEBUG    TX /CONTROLL/0,0,0,0,0,0,0,0,0
10:03:25.945  DEBUG    TX /CONTROLL/0,0,0,0,0,0,0,0,0
10:03:26.748  DEBUG    TX /CONTROLL/0,0,0,0,0,0,0,0,0
10:03:27.553  DEBUG    TX /CONTROLL/0,0,0,0,0,0,0,0,0
10:03:28.357  DEBUG    TX /CONTROLL/0,0,0,0,0,0,0,0,0
10:03:29.160  DEBUG    TX /CONTROLL/0,0,0,0,0,0,0,0,0
10:03:29.971  DEBUG    TX /CONTROLL/0,0,0,0,0,0,0,0,0
10:03:30.775  DEBUG    TX /CONTROLL/0,0,0,0,0,0,0,0,0
10:03:31.586  DEBUG    TX /CONTROLL/0,0,0,0,0,0,0,0,0
10:03:32.394  DEBUG    TX /CONTROLL/0,0,0,0,0,0,0,0,0
10:03:33.198  DEBUG    TX /CONTROLL/0,0,0,0,0,0,0,0,0
10:03:34.004  DEBUG    TX /CONTROLL/0,0,0,0,0,0,0,0,0
10:03:34.812  DEBUG    TX /CONTROLL/0,0,0,0,0,0,0,0,0
10:03:35.616  DEBUG    TX /CONTROLL/0,0,0,0,0,0,0,0,0
10:03:36.418  DEBUG    TX /CONTROLL/0,0,0,0,0,0,0,0,0
10:03:37.224  DEBUG    TX /CONTROLL/0,0,0,0,0,0,0,0,0
10:03:38.031  DEBUG    TX /CONTROLL/0,0,0,0,0,0,0,0,0
10:03:38.838  DEBUG    TX /CONTROLL/0,0,0,0,0,0,0,0,0
10:03:39.644  DEBUG    TX /CONTROLL/0,0,0,0,0,0,0,0,0
10:03:40.446  DEBUG    TX /CONTROLL/0,0,0,0,0,0,0,0,0
10:03:41.250  DEBUG    TX /CONTROLL/0,0,0,0,0,0,0,0,0
10:03:42.056  DEBUG    TX /CONTROLL/0,0,0,0,0,0,0,0,0
10:03:42.859  DEBUG    TX /CONTROLL/0,0,0,0,0,0,0,0,0
10:03:43.660  DEBUG    TX /CONTROLL/0,0,0,0,0,0,0,0,0
10:03:44.466  DEBUG    TX /CONTROLL/0,0,0,0,0,0,0,0,0
10:03:45.273  DEBUG    TX /CONTROLL/0,0,0,0,0,0,0,0,0
10:03:46.076  DEBUG    TX /CONTROLL/0,0,0,0,0,0,0,0,0
10:03:46.882  DEBUG    TX /CONTROLL/0,0,0,0,0,0,0,0,0
10:03:47.684  DEBUG    TX /CONTROLL/0,0,0,0,0,0,0,0,0
10:03:48.490  DEBUG    TX /CONTROLL/0,0,0,0,0,0,0,0,0
10:03:49.301  DEBUG    TX /CONTROLL/0,0,0,0,0,0,0,0,0
10:03:50.109  DEBUG    TX /CONTROLL/0,0,0,0,0,0,0,0,0
10:03:50.914  DEBUG    TX /CONTROLL/0,0,0,0,0,0,0,0,0
10:03:51.718  DEBUG    TX /CONTROLL/0,0,0,0,0,0,0,0,0
10:03:52.521  DEBUG    TX /CONTROLL/0,0,0,0,0,0,0,0,0
10:03:53.327  DEBUG    TX /CONTROLL/0,0,0,0,0,0,0,0,0
10:03:54.128  DEBUG    TX /CONTROLL/0,0,0,0,0,0,0,0,0
10:03:54.932  DEBUG    TX /CONTROLL/0,0,0,0,0,0,0,0,0
10:03:55.737  DEBUG    TX /CONTROLL/0,0,0,0,0,0,0,0,0
10:03:56.539  DEBUG    TX /CONTROLL/0,0,0,0,0,0,0,0,0
10:03:57.348  DEBUG    TX /CONTROLL/0,0,0,0,0,0,0,0,0
10:03:58.155  DEBUG    TX /CONTROLL/0,0,0,0,0,0,0,0,0
10:03:58.959  DEBUG    TX /CONTROLL/0,0,0,0,0,0,0,0,0
10:03:59.764  DEBUG    TX /CONTROLL/0,0,0,0,0,0,0,0,0
10:04:00.571  DEBUG    TX /CONTROLL/0,0,0,0,0,0,0,0,0
10:04:01.373  DEBUG    TX /CONTROLL/0,0,0,0,0,0,0,0,0
10:04:02.177  DEBUG    TX /CONTROLL/0,0,0,0,0,0,0,0,0
10:04:02.981  DEBUG    TX /CONTROLL/0,0,0,0,0,0,0,0,0
10:04:03.786  DEBUG    TX /CONTROLL/0,0,0,0,0,0,0,0,0
10:04:04.594  DEBUG    TX /CONTROLL/0,0,0,0,0,0,0,0,0
10:04:05.397  DEBUG    TX /CONTROLL/0,0,0,0,0,0,0,0,0
10:04:06.199  DEBUG    TX /CONTROLL/0,0,0,0,0,0,0,0,0
10:04:07.001  DEBUG    TX /CONTROLL/0,0,0,0,0,0,0,0,0
10:04:07.803  DEBUG    TX /CONTROLL/0,0,0,0,0,0,0,0,0
10:04:08.605  DEBUG    TX /CONTROLL/0,0,0,0,0,0,0,0,0
10:04:09.410  DEBUG    TX /CONTROLL/0,0,0,0,0,0,0,0,0
10:04:10.211  DEBUG    TX /CONTROLL/0,0,0,0,0,0,0,0,0
10:04:11.015  DEBUG    TX /CONTROLL/0,0,0,0,0,0,0,0,0
10:04:11.819  DEBUG    TX /CONTROLL/0,0,0,0,0,0,0,0,0
10:04:12.625  DEBUG    TX /CONTROLL/0,0,0,0,0,0,0,0,0
10:04:13.433  DEBUG    TX /CONTROLL/0,0,0,0,0,0,0,0,0
10:04:14.238  DEBUG    TX /CONTROLL/0,0,0,0,0,0,0,0,0
10:04:15.040  DEBUG    TX /CONTROLL/0,0,0,0,0,0,0,0,0
10:04:15.845  DEBUG    TX /CONTROLL/0,0,0,0,0,0,0,0,0
10:04:16.654  DEBUG    TX /CONTROLL/0,0,0,0,0,0,0,0,0
10:04:17.459  DEBUG    TX /CONTROLL/0,0,0,0,0,0,0,0,0
10:04:18.265  DEBUG    TX /CONTROLL/0,0,0,0,0,0,0,0,0
10:04:19.072  DEBUG    TX /CONTROLL/0,0,0,0,0,0,0,0,0
10:04:19.878  DEBUG    TX /CONTROLL/0,0,0,0,0,0,0,0,0
10:04:20.684  DEBUG    TX /CONTROLL/0,0,0,0,0,0,0,0,0
10:04:21.487  DEBUG    TX /CONTROLL/0,0,0,0,0,0,0,0,0
10:04:22.293  DEBUG    TX /CONTROLL/0,0,0,0,0,0,0,0,0
10:04:23.098  DEBUG    TX /CONTROLL/0,0,0,0,0,0,0,0,0
10:04:23.900  DEBUG    TX /CONTROLL/0,0,0,0,0,0,0,0,0
10:04:24.703  DEBUG    TX /CONTROLL/0,0,0,0,0,0,0,0,0
10:04:25.509  DEBUG    TX /CONTROLL/0,0,0,0,0,0,0,0,0
10:04:26.313  DEBUG    TX /CONTROLL/0,0,0,0,0,0,0,0,0
10:04:27.118  DEBUG    TX /CONTROLL/0,0,0,0,0,0,0,0,0
10:04:27.922  DEBUG    TX /CONTROLL/0,0,0,0,0,0,0,0,0
10:04:28.724  DEBUG    TX /CONTROLL/0,0,0,0,0,0,0,0,0
10:04:29.527  DEBUG    TX /CONTROLL/0,0,0,0,0,0,0,0,0
10:04:30.332  DEBUG    TX /CONTROLL/0,0,0,0,0,0,0,0,0
10:04:31.135  DEBUG    TX /CONTROLL/0,0,0,0,0,0,0,0,0
10:04:31.940  DEBUG    TX /CONTROLL/0,0,0,0,0,0,0,0,0
10:04:32.742  DEBUG    TX /CONTROLL/0,0,0,0,0,0,0,0,0
10:04:33.546  DEBUG    TX /CONTROLL/0,0,0,0,0,0,0,0,0
10:04:34.349  DEBUG    TX /CONTROLL/0,0,0,0,0,0,0,0,0
10:04:35.151  DEBUG    TX /CONTROLL/0,0,0,0,0,0,0,0,0
10:04:35.955  DEBUG    TX /CONTROLL/0,0,0,0,0,0,0,0,0
10:04:36.756  DEBUG    TX /CONTROLL/0,0,0,0,0,0,0,0,0
10:04:37.562  DEBUG    TX /CONTROLL/0,0,0,0,0,0,0,0,0
10:04:38.367  DEBUG    TX /CONTROLL/0,0,0,0,0,0,0,0,0
10:04:39.170  DEBUG    TX /CONTROLL/0,0,0,0,0,0,0,0,0
10:04:39.979  DEBUG    TX /CONTROLL/0,0,0,0,0,0,0,0,0
10:04:40.786  DEBUG    TX /CONTROLL/0,0,0,0,0,0,0,0,0
10:04:41.591  DEBUG    TX /CONTROLL/0,0,0,0,0,0,0,0,0
10:04:42.397  DEBUG    TX /CONTROLL/0,0,0,0,0,0,0,0,0
10:04:43.202  DEBUG    TX /CONTROLL/0,0,0,0,0,0,0,0,0
10:04:44.010  DEBUG    TX /CONTROLL/0,0,0,0,0,0,0,0,0
10:04:44.812  DEBUG    TX /CONTROLL/0,0,0,0,0,0,0,0,0
10:04:45.618  DEBUG    TX /CONTROLL/0,0,0,0,0,0,0,0,0
10:04:46.422  DEBUG    TX /CONTROLL/0,0,0,0,0,0,0,0,0
10:04:47.224  DEBUG    TX /CONTROLL/0,0,0,0,0,0,0,0,0
10:04:48.029  DEBUG    TX /CONTROLL/0,0,0,0,0,0,0,0,0
10:04:48.831  DEBUG    TX /CONTROLL/0,0,0,0,0,0,0,0,0
10:04:49.632  DEBUG    TX /CONTROLL/0,0,0,0,0,0,0,0,0
10:04:50.435  DEBUG    TX /CONTROLL/0,0,0,0,0,0,0,0,0
10:04:51.240  DEBUG    TX /CONTROLL/0,0,0,0,0,0,0,0,0
10:04:52.048  DEBUG    TX /CONTROLL/0,0,0,0,0,0,0,0,0
10:04:52.855  DEBUG    TX /CONTROLL/0,0,0,0,0,0,0,0,0
10:04:53.660  DEBUG    TX /CONTROLL/0,0,0,0,0,0,0,0,0
10:04:54.462  DEBUG    TX /CONTROLL/0,0,0,0,0,0,0,0,0
10:04:55.268  DEBUG    TX /CONTROLL/0,0,0,0,0,0,0,0,0
10:04:56.070  DEBUG    TX /CONTROLL/0,0,0,0,0,0,0,0,0
10:04:56.871  DEBUG    TX /CONTROLL/0,0,0,0,0,0,0,0,0
10:04:57.678  DEBUG    TX /CONTROLL/0,0,0,0,0,0,0,0,0
10:04:58.481  DEBUG    TX /CONTROLL/0,0,0,0,0,0,0,0,0
10:04:59.289  DEBUG    TX /CONTROLL/0,0,0,0,0,0,0,0,0
10:05:00.096  DEBUG    TX /CONTROLL/0,0,0,0,0,0,0,0,0
10:05:00.902  DEBUG    TX /CONTROLL/0,0,0,0,0,0,0,0,0
10:05:01.707  DEBUG    TX /CONTROLL/0,0,0,0,0,0,0,0,0
10:05:02.511  DEBUG    TX /CONTROLL/0,0,0,0,0,0,0,0,0
10:05:03.314  DEBUG    TX /CONTROLL/0,0,0,0,0,0,0,0,0
10:05:04.115  DEBUG    TX /CONTROLL/0,0,0,0,0,0,0,0,0
10:05:04.920  DEBUG    TX /CONTROLL/0,0,0,0,0,0,0,0,0
10:05:05.722  DEBUG    TX /CONTROLL/0,0,0,0,0,0,0,0,0
10:05:06.525  DEBUG    TX /CONTROLL/0,0,0,0,0,0,0,0,0
10:05:07.330  DEBUG    TX /CONTROLL/0,0,0,0,0,0,0,0,0
10:05:08.134  DEBUG    TX /CONTROLL/0,0,0,0,0,0,0,0,0
10:05:08.940  DEBUG    TX /CONTROLL/0,0,0,0,0,0,0,0,0
10:05:09.744  DEBUG    TX /CONTROLL/0,0,0,0,0,0,0,0,0
10:05:10.547  DEBUG    TX /CONTROLL/0,0,0,0,0,0,0,0,0
10:05:11.351  DEBUG    TX /CONTROLL/0,0,0,0,0,0,0,0,0
10:05:12.161  DEBUG    TX /CONTROLL/0,0,0,0,0,0,0,0,0
10:05:12.969  DEBUG    TX /CONTROLL/0,0,0,0,0,0,0,0,0
10:05:13.773  DEBUG    TX /CONTROLL/0,0,0,0,0,0,0,0,0
10:05:14.580  DEBUG    TX /CONTROLL/0,0,0,0,0,0,0,0,0
10:05:15.389  DEBUG    TX /CONTROLL/0,0,0,0,0,0,0,0,0
10:05:16.192  DEBUG    TX /CONTROLL/0,0,0,0,0,0,0,0,0
10:05:16.998  DEBUG    TX /CONTROLL/0,0,0,0,0,0,0,0,0
10:05:17.806  DEBUG    TX /CONTROLL/0,0,0,0,0,0,0,0,0
10:05:18.614  DEBUG    TX /CONTROLL/0,0,0,0,0,0,0,0,0
10:05:19.418  DEBUG    TX /CONTROLL/0,0,0,0,0,0,0,0,0
10:05:20.224  DEBUG    TX /CONTROLL/0,0,0,0,0,0,0,0,0
10:05:21.029  DEBUG    TX /CONTROLL/0,0,0,0,0,0,0,0,0
10:05:21.833  DEBUG    TX /CONTROLL/0,0,0,0,0,0,0,0,0
10:05:22.641  DEBUG    TX /CONTROLL/0,0,0,0,0,0,0,0,0
10:05:23.447  DEBUG    TX /CONTROLL/0,0,0,0,0,0,0,0,0
10:05:24.252  DEBUG    TX /CONTROLL/0,0,0,0,0,0,0,0,0
10:05:25.056  DEBUG    TX /CONTROLL/0,0,0,0,0,0,0,0,0
10:05:25.863  DEBUG    TX /CONTROLL/0,0,0,0,0,0,0,0,0
10:05:26.670  DEBUG    TX /CONTROLL/0,0,0,0,0,0,0,0,0
10:05:27.473  DEBUG    TX /CONTROLL/0,0,0,0,0,0,0,0,0
10:05:28.278  DEBUG    TX /CONTROLL/0,0,0,0,0,0,0,0,0
10:05:29.082  DEBUG    TX /CONTROLL/0,0,0,0,0,0,0,0,0
10:05:29.887  DEBUG    TX /CONTROLL/0,0,0,0,0,0,0,0,0
10:05:30.695  DEBUG    TX /CONTROLL/0,0,0,0,0,0,0,0,0
10:05:31.499  DEBUG    TX /CONTROLL/0,0,0,0,0,0,0,0,0
10:05:32.301  DEBUG    TX /CONTROLL/0,0,0,0,0,0,0,0,0
10:05:33.104  DEBUG    TX /CONTROLL/0,0,0,0,0,0,0,0,0
10:05:33.908  DEBUG    TX /CONTROLL/0,0,0,0,0,0,0,0,0
10:05:34.712  DEBUG    TX /CONTROLL/0,0,0,0,0,0,0,0,0
10:05:35.513  DEBUG    TX /CONTROLL/0,0,0,0,0,0,0,0,0
10:05:36.320  DEBUG    TX /CONTROLL/0,0,0,0,0,0,0,0,0
10:05:37.127  DEBUG    TX /CONTROLL/0,0,0,0,0,0,0,0,0
10:05:37.934  DEBUG    TX /CONTROLL/0,0,0,0,0,0,0,0,0
10:05:38.738  DEBUG    TX /CONTROLL/0,0,0,0,0,0,0,0,0
10:05:39.543  DEBUG    TX /CONTROLL/0,0,0,0,0,0,0,0,0
10:05:40.347  DEBUG    TX /CONTROLL/0,0,0,0,0,0,0,0,0
10:05:41.153  DEBUG    TX /CONTROLL/0,0,0,0,0,0,0,0,0
10:05:41.956  DEBUG    TX /CONTROLL/0,0,0,0,0,0,0,0,0
10:05:42.762  DEBUG    TX /CONTROLL/0,0,0,0,0,0,0,0,0
10:05:43.565  DEBUG    TX /CONTROLL/0,0,0,0,0,0,0,0,0
10:05:44.382  DEBUG    TX /CONTROLL/0,0,0,0,0,0,0,0,0
10:05:45.192  DEBUG    TX /CONTROLL/0,0,0,0,0,0,0,0,0
10:05:46.003  DEBUG    TX /CONTROLL/0,0,0,0,0,0,0,0,0
10:05:46.804  DEBUG    TX /CONTROLL/0,0,0,0,0,0,0,0,0
10:05:47.608  DEBUG    TX /CONTROLL/0,0,0,0,0,0,0,0,0
10:05:48.418  DEBUG    TX /CONTROLL/0,0,0,0,0,0,0,0,0
10:05:49.222  DEBUG    TX /CONTROLL/0,0,0,0,0,0,0,0,0
10:05:50.026  DEBUG    TX /CONTROLL/0,0,0,0,0,0,0,0,0
10:05:50.829  DEBUG    TX /CONTROLL/0,0,0,0,0,0,0,0,0
10:05:51.633  DEBUG    TX /CONTROLL/0,0,0,0,0,0,0,0,0
10:05:52.436  DEBUG    TX /CONTROLL/0,0,0,0,0,0,0,0,0
10:05:53.242  DEBUG    TX /CONTROLL/0,0,0,0,0,0,0,0,0
10:05:54.053  DEBUG    TX /CONTROLL/0,0,0,0,0,0,0,0,0
10:05:54.858  DEBUG    TX /CONTROLL/0,0,0,0,0,0,0,0,0
10:05:55.661  DEBUG    TX /CONTROLL/0,0,0,0,0,0,0,0,0
10:05:56.468  DEBUG    TX /CONTROLL/0,0,0,0,0,0,0,0,0
10:05:57.272  DEBUG    TX /CONTROLL/0,0,0,0,0,0,0,0,0
10:05:58.077  DEBUG    TX /CONTROLL/0,0,0,0,0,0,0,0,0
10:05:58.884  DEBUG    TX /CONTROLL/0,0,0,0,0,0,0,0,0
10:05:59.689  DEBUG    TX /CONTROLL/0,0,0,0,0,0,0,0,0
10:06:00.492  DEBUG    TX /CONTROLL/0,0,0,0,0,0,0,0,0
10:06:01.293  DEBUG    TX /CONTROLL/0,0,0,0,0,0,0,0,0
10:06:02.101  DEBUG    TX /CONTROLL/0,0,0,0,0,0,0,0,0
10:06:02.906  DEBUG    TX /CONTROLL/0,0,0,0,0,0,0,0,0
10:06:03.709  DEBUG    TX /CONTROLL/0,0,0,0,0,0,0,0,0
10:06:04.515  DEBUG    TX /CONTROLL/0,0,0,0,0,0,0,0,0
10:06:05.318  DEBUG    TX /CONTROLL/0,0,0,0,0,0,0,0,0
10:06:06.127  DEBUG    TX /CONTROLL/0,0,0,0,0,0,0,0,0
10:06:06.929  DEBUG    TX /CONTROLL/0,0,0,0,0,0,0,0,0
10:06:07.737  DEBUG    TX /CONTROLL/0,0,0,0,0,0,0,0,0
10:06:08.541  DEBUG    TX /CONTROLL/0,0,0,0,0,0,0,0,0
10:06:09.344  DEBUG    TX /CONTROLL/0,0,0,0,0,0,0,0,0
10:06:10.148  DEBUG    TX /CONTROLL/0,0,0,0,0,0,0,0,0
10:06:10.951  DEBUG    TX /CONTROLL/0,0,0,0,0,0,0,0,0
10:06:11.754  DEBUG    TX /CONTROLL/0,0,0,0,0,0,0,0,0
10:06:12.560  DEBUG    TX /CONTROLL/0,0,0,0,0,0,0,0,0
10:06:13.366  DEBUG    TX /CONTROLL/0,0,0,0,0,0,0,0,0
10:06:14.173  DEBUG    TX /CONTROLL/0,0,0,0,0,0,0,0,0
10:06:14.976  DEBUG    TX /CONTROLL/0,0,0,0,0,0,0,0,0
10:06:15.779  DEBUG    TX /CONTROLL/0,0,0,0,0,0,0,0,0
10:06:16.583  DEBUG    TX /CONTROLL/0,0,0,0,0,0,0,0,0
10:06:17.391  DEBUG    TX /CONTROLL/0,0,0,0,0,0,0,0,0
10:06:18.197  DEBUG    TX /CONTROLL/0,0,0,0,0,0,0,0,0
10:06:19.002  DEBUG    TX /CONTROLL/0,0,0,0,0,0,0,0,0
10:06:19.806  DEBUG    TX /CONTROLL/0,0,0,0,0,0,0,0,0
10:06:20.612  DEBUG    TX /CONTROLL/0,0,0,0,0,0,0,0,0
10:06:21.421  DEBUG    TX /CONTROLL/0,0,0,0,0,0,0,0,0
10:06:22.228  DEBUG    TX /CONTROLL/0,0,0,0,0,0,0,0,0
10:06:23.039  DEBUG    TX /CONTROLL/0,0,0,0,0,0,0,0,0
10:06:23.846  DEBUG    TX /CONTROLL/0,0,0,0,0,0,0,0,0
10:06:24.654  DEBUG    TX /CONTROLL/0,0,0,0,0,0,0,0,0
10:06:25.461  DEBUG    TX /CONTROLL/0,0,0,0,0,0,0,0,0
10:06:26.267  DEBUG    TX /CONTROLL/0,0,0,0,0,0,0,0,0
10:06:27.073  DEBUG    TX /CONTROLL/0,0,0,0,0,0,0,0,0
10:06:27.881  DEBUG    TX /CONTROLL/0,0,0,0,0,0,0,0,0
10:06:28.691  DEBUG    TX /CONTROLL/0,0,0,0,0,0,0,0,0
10:06:29.493  DEBUG    TX /CONTROLL/0,0,0,0,0,0,0,0,0
10:06:30.299  DEBUG    TX /CONTROLL/0,0,0,0,0,0,0,0,0
10:06:31.102  DEBUG    TX /CONTROLL/0,0,0,0,0,0,0,0,0
10:06:31.906  DEBUG    TX /CONTROLL/0,0,0,0,0,0,0,0,0
10:06:32.708  DEBUG    TX /CONTROLL/0,0,0,0,0,0,0,0,0
10:06:33.513  DEBUG    TX /CONTROLL/0,0,0,0,0,0,0,0,0
10:06:34.319  DEBUG    TX /CONTROLL/0,0,0,0,0,0,0,0,0
10:06:35.123  DEBUG    TX /CONTROLL/0,0,0,0,0,0,0,0,0
10:06:35.929  DEBUG    TX /CONTROLL/0,0,0,0,0,0,0,0,0
10:06:36.736  DEBUG    TX /CONTROLL/0,0,0,0,0,0,0,0,0
10:06:37.540  DEBUG    TX /CONTROLL/0,0,0,0,0,0,0,0,0
10:06:38.347  DEBUG    TX /CONTROLL/0,0,0,0,0,0,0,0,0
10:06:39.147  DEBUG    TX /CONTROLL/0,0,0,0,0,0,0,0,0
10:06:39.951  DEBUG    TX /CONTROLL/0,0,0,0,0,0,0,0,0
10:06:40.756  DEBUG    TX /CONTROLL/0,0,0,0,0,0,0,0,0
10:06:41.563  DEBUG    TX /CONTROLL/0,0,0,0,0,0,0,0,0
10:06:42.368  DEBUG    TX /CONTROLL/0,0,0,0,0,0,0,0,0
10:06:43.171  DEBUG    TX /CONTROLL/0,0,0,0,0,0,0,0,0
10:06:43.978  DEBUG    TX /CONTROLL/0,0,0,0,0,0,0,0,0
10:06:44.790  DEBUG    TX /CONTROLL/0,0,0,0,0,0,0,0,0
10:06:45.593  DEBUG    TX /CONTROLL/0,0,0,0,0,0,0,0,0
10:06:46.399  DEBUG    TX /CONTROLL/0,0,0,0,0,0,0,0,0
10:06:47.207  DEBUG    TX /CONTROLL/0,0,0,0,0,0,0,0,0
10:06:48.010  DEBUG    TX /CONTROLL/0,0,0,0,0,0,0,0,0
10:06:48.817  DEBUG    TX /CONTROLL/0,0,0,0,0,0,0,0,0
10:06:49.621  DEBUG    TX /CONTROLL/0,0,0,0,0,0,0,0,0
10:06:50.426  DEBUG    TX /CONTROLL/0,0,0,0,0,0,0,0,0
10:06:51.231  DEBUG    TX /CONTROLL/0,0,0,0,0,0,0,0,0
10:06:52.035  DEBUG    TX /CONTROLL/0,0,0,0,0,0,0,0,0
10:06:52.841  DEBUG    TX /CONTROLL/0,0,0,0,0,0,0,0,0
10:06:53.648  DEBUG    TX /CONTROLL/0,0,0,0,0,0,0,0,0
10:06:54.450  DEBUG    TX /CONTROLL/0,0,0,0,0,0,0,0,0
10:06:55.255  DEBUG    TX /CONTROLL/0,0,0,0,0,0,0,0,0
10:06:56.059  DEBUG    TX /CONTROLL/0,0,0,0,0,0,0,0,0
10:06:56.866  DEBUG    TX /CONTROLL/0,0,0,0,0,0,0,0,0
10:06:57.671  DEBUG    TX /CONTROLL/0,0,0,0,0,0,0,0,0
10:06:58.475  DEBUG    TX /CONTROLL/0,0,0,0,0,0,0,0,0
10:06:59.286  DEBUG    TX /CONTROLL/0,0,0,0,0,0,0,0,0
10:07:00.088  DEBUG    TX /CONTROLL/0,0,0,0,0,0,0,0,0
10:07:00.894  DEBUG    TX /CONTROLL/0,0,0,0,0,0,0,0,0
10:07:01.701  DEBUG    TX /CONTROLL/0,0,0,0,0,0,0,0,0
10:07:02.504  DEBUG    TX /CONTROLL/0,0,0,0,0,0,0,0,0
10:07:03.309  DEBUG    TX /CONTROLL/0,0,0,0,0,0,0,0,0
10:07:04.113  DEBUG    TX /CONTROLL/0,0,0,0,0,0,0,0,0
10:07:04.916  DEBUG    TX /CONTROLL/0,0,0,0,0,0,0,0,0
10:07:05.719  DEBUG    TX /CONTROLL/0,0,0,0,0,0,0,0,0
10:07:06.524  DEBUG    TX /CONTROLL/0,0,0,0,0,0,0,0,0
10:07:07.331  DEBUG    TX /CONTROLL/0,0,0,0,0,0,0,0,0
10:07:08.134  DEBUG    TX /CONTROLL/0,0,0,0,0,0,0,0,0
10:07:08.936  DEBUG    TX /CONTROLL/0,0,0,0,0,0,0,0,0
10:07:09.737  DEBUG    TX /CONTROLL/0,0,0,0,0,0,0,0,0
10:07:10.546  DEBUG    TX /CONTROLL/0,0,0,0,0,0,0,0,0
10:07:11.351  DEBUG    TX /CONTROLL/0,0,0,0,0,0,0,0,0
10:07:12.153  DEBUG    TX /CONTROLL/0,0,0,0,0,0,0,0,0
10:07:12.957  DEBUG    TX /CONTROLL/0,0,0,0,0,0,0,0,0
10:07:13.765  DEBUG    TX /CONTROLL/0,0,0,0,0,0,0,0,0
10:07:14.568  DEBUG    TX /CONTROLL/0,0,0,0,0,0,0,0,0
10:07:15.372  DEBUG    TX /CONTROLL/0,0,0,0,0,0,0,0,0
10:07:16.176  DEBUG    TX /CONTROLL/0,0,0,0,0,0,0,0,0
10:07:16.985  DEBUG    TX /CONTROLL/0,0,0,0,0,0,0,0,0
10:07:17.789  DEBUG    TX /CONTROLL/0,0,0,0,0,0,0,0,0
10:07:18.594  DEBUG    TX /CONTROLL/0,0,0,0,0,0,0,0,0
10:07:19.397  DEBUG    TX /CONTROLL/0,0,0,0,0,0,0,0,0
10:07:20.199  DEBUG    TX /CONTROLL/0,0,0,0,0,0,0,0,0
10:07:21.003  DEBUG    TX /CONTROLL/0,0,0,0,0,0,0,0,0
10:07:21.808  DEBUG    TX /CONTROLL/0,0,0,0,0,0,0,0,0
10:07:22.615  DEBUG    TX /CONTROLL/0,0,0,0,0,0,0,0,0
10:07:23.422  DEBUG    TX /CONTROLL/0,0,0,0,0,0,0,0,0
10:07:24.228  DEBUG    TX /CONTROLL/0,0,0,0,0,0,0,0,0
10:07:25.031  DEBUG    TX /CONTROLL/0,0,0,0,0,0,0,0,0
10:07:25.834  DEBUG    TX /CONTROLL/0,0,0,0,0,0,0,0,0
10:07:26.638  DEBUG    TX /CONTROLL/0,0,0,0,0,0,0,0,0
10:07:27.444  DEBUG    TX /CONTROLL/0,0,0,0,0,0,0,0,0
10:07:28.248  DEBUG    TX /CONTROLL/0,0,0,0,0,0,0,0,0
10:07:29.052  DEBUG    TX /CONTROLL/0,0,0,0,0,0,0,0,0
10:07:29.862  DEBUG    TX /CONTROLL/0,0,0,0,0,0,0,0,0
10:07:30.667  DEBUG    TX /CONTROLL/0,0,0,0,0,0,0,0,0
10:07:31.477  DEBUG    TX /CONTROLL/0,0,0,0,0,0,0,0,0
10:07:32.283  DEBUG    TX /CONTROLL/0,0,0,0,0,0,0,0,0
10:07:33.083  DEBUG    TX /CONTROLL/0,0,0,0,0,0,0,0,0
10:07:33.886  DEBUG    TX /CONTROLL/0,0,0,0,0,0,0,0,0
10:07:34.691  DEBUG    TX /CONTROLL/0,0,0,0,0,0,0,0,0
10:07:35.496  DEBUG    TX /CONTROLL/0,0,0,0,0,0,0,0,0
10:07:36.301  DEBUG    TX /CONTROLL/0,0,0,0,0,0,0,0,0
10:07:37.103  DEBUG    TX /CONTROLL/0,0,0,0,0,0,0,0,0
10:07:37.910  DEBUG    TX /CONTROLL/0,0,0,0,0,0,0,0,0
10:07:38.714  DEBUG    TX /CONTROLL/0,0,0,0,0,0,0,0,0
10:07:39.517  DEBUG    TX /CONTROLL/0,0,0,0,0,0,0,0,0
10:07:40.322  DEBUG    TX /CONTROLL/0,0,0,0,0,0,0,0,0
10:07:41.125  DEBUG    TX /CONTROLL/0,0,0,0,0,0,0,0,0
10:07:41.928  DEBUG    TX /CONTROLL/0,0,0,0,0,0,0,0,0
10:07:42.730  DEBUG    TX /CONTROLL/0,0,0,0,0,0,0,0,0
10:07:43.538  DEBUG    TX /CONTROLL/0,0,0,0,0,0,0,0,0
10:07:44.339  DEBUG    TX /CONTROLL/0,0,0,0,0,0,0,0,0
10:07:45.145  DEBUG    TX /CONTROLL/0,0,0,0,0,0,0,0,0
10:07:45.963  DEBUG    TX /CONTROLL/0,0,0,0,0,0,0,0,0
10:07:46.769  DEBUG    TX /CONTROLL/0,0,0,0,0,0,0,0,0
10:07:47.575  DEBUG    TX /CONTROLL/0,0,0,0,0,0,0,0,0
10:07:48.375  DEBUG    TX /CONTROLL/0,0,0,0,0,0,0,0,0
10:07:49.184  DEBUG    TX /CONTROLL/0,0,0,0,0,0,0,0,0
10:07:49.987  DEBUG    TX /CONTROLL/0,0,0,0,0,0,0,0,0
10:07:50.790  DEBUG    TX /CONTROLL/0,0,0,0,0,0,0,0,0
10:07:51.595  DEBUG    TX /CONTROLL/0,0,0,0,0,0,0,0,0
10:07:52.398  DEBUG    TX /CONTROLL/0,0,0,0,0,0,0,0,0
10:07:53.201  DEBUG    TX /CONTROLL/0,0,0,0,0,0,0,0,0
10:07:54.007  DEBUG    TX /CONTROLL/0,0,0,0,0,0,0,0,0
10:07:54.813  DEBUG    TX /CONTROLL/0,0,0,0,0,0,0,0,0
10:07:55.620  DEBUG    TX /CONTROLL/0,0,0,0,0,0,0,0,0
10:07:56.424  DEBUG    TX /CONTROLL/0,0,0,0,0,0,0,0,0
10:07:57.228  DEBUG    TX /CONTROLL/0,0,0,0,0,0,0,0,0
10:07:58.037  DEBUG    TX /CONTROLL/0,0,0,0,0,0,0,0,0
10:07:58.843  DEBUG    TX /CONTROLL/0,0,0,0,0,0,0,0,0
10:07:59.648  DEBUG    TX /CONTROLL/0,0,0,0,0,0,0,0,0
10:08:00.449  DEBUG    TX /CONTROLL/0,0,0,0,0,0,0,0,0
10:08:01.260  DEBUG    TX /CONTROLL/0,0,0,0,0,0,0,0,0
10:08:02.064  DEBUG    TX /CONTROLL/0,0,0,0,0,0,0,0,0
10:08:02.870  DEBUG    TX /CONTROLL/0,0,0,0,0,0,0,0,0
10:08:03.680  DEBUG    TX /CONTROLL/0,0,0,0,0,0,0,0,0
10:08:04.486  DEBUG    TX /CONTROLL/0,0,0,0,0,0,0,0,0
10:08:05.293  DEBUG    TX /CONTROLL/0,0,0,0,0,0,0,0,0
10:08:06.096  DEBUG    TX /CONTROLL/0,0,0,0,0,0,0,0,0
10:08:06.902  DEBUG    TX /CONTROLL/0,0,0,0,0,0,0,0,0
10:08:07.708  DEBUG    TX /CONTROLL/0,0,0,0,0,0,0,0,0
10:08:08.512  DEBUG    TX /CONTROLL/0,0,0,0,0,0,0,0,0
10:08:09.315  DEBUG    TX /CONTROLL/0,0,0,0,0,0,0,0,0
10:08:10.117  DEBUG    TX /CONTROLL/0,0,0,0,0,0,0,0,0
10:08:10.922  DEBUG    TX /CONTROLL/0,0,0,0,0,0,0,0,0
10:08:11.730  DEBUG    TX /CONTROLL/0,0,0,0,0,0,0,0,0
10:08:12.543  DEBUG    TX /CONTROLL/0,0,0,0,0,0,0,0,0
10:08:13.348  DEBUG    TX /CONTROLL/0,0,0,0,0,0,0,0,0
10:08:14.156  DEBUG    TX /CONTROLL/0,0,0,0,0,0,0,0,0
10:08:14.963  DEBUG    TX /CONTROLL/0,0,0,0,0,0,0,0,0
10:08:15.767  DEBUG    TX /CONTROLL/0,0,0,0,0,0,0,0,0
10:08:16.569  DEBUG    TX /CONTROLL/0,0,0,0,0,0,0,0,0
10:08:17.369  DEBUG    TX /CONTROLL/0,0,0,0,0,0,0,0,0
10:08:18.171  DEBUG    TX /CONTROLL/0,0,0,0,0,0,0,0,0
10:08:18.974  DEBUG    TX /CONTROLL/0,0,0,0,0,0,0,0,0
10:08:19.779  DEBUG    TX /CONTROLL/0,0,0,0,0,0,0,0,0
10:08:20.589  DEBUG    TX /CONTROLL/0,0,0,0,0,0,0,0,0
10:08:21.406  DEBUG    TX /CONTROLL/0,0,0,0,0,0,0,0,0
10:08:22.208  DEBUG    TX /CONTROLL/0,0,0,0,0,0,0,0,0
10:08:23.010  DEBUG    TX /CONTROLL/0,0,0,0,0,0,0,0,0
10:08:23.814  DEBUG    TX /CONTROLL/0,0,0,0,0,0,0,0,0
10:08:24.618  DEBUG    TX /CONTROLL/0,0,0,0,0,0,0,0,0
10:08:25.424  DEBUG    TX /CONTROLL/0,0,0,0,0,0,0,0,0
10:08:26.229  DEBUG    TX /CONTROLL/0,0,0,0,0,0,0,0,0
10:08:27.032  DEBUG    TX /CONTROLL/0,0,0,0,0,0,0,0,0
10:08:27.834  DEBUG    TX /CONTROLL/0,0,0,0,0,0,0,0,0
10:08:28.641  DEBUG    TX /CONTROLL/0,0,0,0,0,0,0,0,0
10:08:29.443  DEBUG    TX /CONTROLL/0,0,0,0,0,0,0,0,0
10:08:30.247  DEBUG    TX /CONTROLL/0,0,0,0,0,0,0,0,0
10:08:31.051  DEBUG    TX /CONTROLL/0,0,0,0,0,0,0,0,0
10:08:31.855  DEBUG    TX /CONTROLL/0,0,0,0,0,0,0,0,0
10:08:32.663  DEBUG    TX /CONTROLL/0,0,0,0,0,0,0,0,0
10:08:33.466  DEBUG    TX /CONTROLL/0,0,0,0,0,0,0,0,0
10:08:34.268  DEBUG    TX /CONTROLL/0,0,0,0,0,0,0,0,0
10:08:35.075  DEBUG    TX /CONTROLL/0,0,0,0,0,0,0,0,0
10:08:35.879  DEBUG    TX /CONTROLL/0,0,0,0,0,0,0,0,0
10:08:36.681  DEBUG    TX /CONTROLL/0,0,0,0,0,0,0,0,0
10:08:37.482  DEBUG    TX /CONTROLL/0,0,0,0,0,0,0,0,0
10:08:38.292  DEBUG    TX /CONTROLL/0,0,0,0,0,0,0,0,0
10:08:39.100  DEBUG    TX /CONTROLL/0,0,0,0,0,0,0,0,0
10:08:39.904  DEBUG    TX /CONTROLL/0,0,0,0,0,0,0,0,0
10:08:40.715  DEBUG    TX /CONTROLL/0,0,0,0,0,0,0,0,0
10:08:41.522  DEBUG    TX /CONTROLL/0,0,0,0,0,0,0,0,0
10:08:42.325  DEBUG    TX /CONTROLL/0,0,0,0,0,0,0,0,0
10:08:43.130  DEBUG    TX /CONTROLL/0,0,0,0,0,0,0,0,0
10:08:43.934  DEBUG    TX /CONTROLL/0,0,0,0,0,0,0,0,0
10:08:44.737  DEBUG    TX /CONTROLL/0,0,0,0,0,0,0,0,0
10:08:45.538  DEBUG    TX /CONTROLL/0,0,0,0,0,0,0,0,0
10:08:46.341  DEBUG    TX /CONTROLL/0,0,0,0,0,0,0,0,0
10:08:47.144  DEBUG    TX /CONTROLL/0,0,0,0,0,0,0,0,0
10:08:47.955  DEBUG    TX /CONTROLL/0,0,0,0,0,0,0,0,0
10:08:48.759  DEBUG    TX /CONTROLL/0,0,0,0,0,0,0,0,0
10:08:49.561  DEBUG    TX /CONTROLL/0,0,0,0,0,0,0,0,0
10:08:50.365  DEBUG    TX /CONTROLL/0,0,0,0,0,0,0,0,0
10:08:51.170  DEBUG    TX /CONTROLL/0,0,0,0,0,0,0,0,0
10:08:51.974  DEBUG    TX /CONTROLL/0,0,0,0,0,0,0,0,0
10:08:52.781  DEBUG    TX /CONTROLL/0,0,0,0,0,0,0,0,0
10:08:53.588  DEBUG    TX /CONTROLL/0,0,0,0,0,0,0,0,0
10:08:54.388  DEBUG    TX /CONTROLL/0,0,0,0,0,0,0,0,0
10:08:55.202  DEBUG    TX /CONTROLL/0,0,0,0,0,0,0,0,0
10:08:56.010  DEBUG    TX /CONTROLL/0,0,0,0,0,0,0,0,0
10:08:56.816  DEBUG    TX /CONTROLL/0,0,0,0,0,0,0,0,0
10:08:57.623  DEBUG    TX /CONTROLL/0,0,0,0,0,0,0,0,0
10:08:58.427  DEBUG    TX /CONTROLL/0,0,0,0,0,0,0,0,0
10:08:59.230  DEBUG    TX /CONTROLL/0,0,0,0,0,0,0,0,0
10:09:00.035  DEBUG    TX /CONTROLL/0,0,0,0,0,0,0,0,0
10:09:00.838  DEBUG    TX /CONTROLL/0,0,0,0,0,0,0,0,0
10:09:01.640  DEBUG    TX /CONTROLL/0,0,0,0,0,0,0,0,0
10:09:02.442  DEBUG    TX /CONTROLL/0,0,0,0,0,0,0,0,0
10:09:03.248  DEBUG    TX /CONTROLL/0,0,0,0,0,0,0,0,0
10:09:04.055  DEBUG    TX /CONTROLL/0,0,0,0,0,0,0,0,0
10:09:04.856  DEBUG    TX /CONTROLL/0,0,0,0,0,0,0,0,0
10:09:05.666  DEBUG    TX /CONTROLL/0,0,0,0,0,0,0,0,0
10:09:06.468  DEBUG    TX /CONTROLL/0,0,0,0,0,0,0,0,0
10:09:07.271  DEBUG    TX /CONTROLL/0,0,0,0,0,0,0,0,0
10:09:08.076  DEBUG    TX /CONTROLL/0,0,0,0,0,0,0,0,0
10:09:08.879  DEBUG    TX /CONTROLL/0,0,0,0,0,0,0,0,0
10:09:09.679  DEBUG    TX /CONTROLL/0,0,0,0,0,0,0,0,0
10:09:10.484  DEBUG    TX /CONTROLL/0,0,0,0,0,0,0,0,0
10:09:11.295  DEBUG    TX /CONTROLL/0,0,0,0,0,0,0,0,0
10:09:12.098  DEBUG    TX /CONTROLL/0,0,0,0,0,0,0,0,0
10:09:12.901  DEBUG    TX /CONTROLL/0,0,0,0,0,0,0,0,0
10:09:13.709  DEBUG    TX /CONTROLL/0,0,0,0,0,0,0,0,0
10:09:14.510  DEBUG    TX /CONTROLL/0,0,0,0,0,0,0,0,0
10:09:15.316  DEBUG    TX /CONTROLL/0,0,0,0,0,0,0,0,0
10:09:16.119  DEBUG    TX /CONTROLL/0,0,0,0,0,0,0,0,0
10:09:16.930  DEBUG    TX /CONTROLL/0,0,0,0,0,0,0,0,0
10:09:17.733  DEBUG    TX /CONTROLL/0,0,0,0,0,0,0,0,0
10:09:18.538  DEBUG    TX /CONTROLL/0,0,0,0,0,0,0,0,0
10:09:19.342  DEBUG    TX /CONTROLL/0,0,0,0,0,0,0,0,0
10:09:20.146  DEBUG    TX /CONTROLL/0,0,0,0,0,0,0,0,0
10:09:20.951  DEBUG    TX /CONTROLL/0,0,0,0,0,0,0,0,0
10:09:21.757  DEBUG    TX /CONTROLL/0,0,0,0,0,0,0,0,0
10:09:22.558  DEBUG    TX /CONTROLL/0,0,0,0,0,0,0,0,0
10:09:23.362  DEBUG    TX /CONTROLL/0,0,0,0,0,0,0,0,0
10:09:24.167  DEBUG    TX /CONTROLL/0,0,0,0,0,0,0,0,0
10:09:24.970  DEBUG    TX /CONTROLL/0,0,0,0,0,0,0,0,0
10:09:25.775  DEBUG    TX /CONTROLL/0,0,0,0,0,0,0,0,0
10:09:26.579  DEBUG    TX /CONTROLL/0,0,0,0,0,0,0,0,0
10:09:27.383  DEBUG    TX /CONTROLL/0,0,0,0,0,0,0,0,0
10:09:28.186  DEBUG    TX /CONTROLL/0,0,0,0,0,0,0,0,0
10:09:28.990  DEBUG    TX /CONTROLL/0,0,0,0,0,0,0,0,0
10:09:29.796  DEBUG    TX /CONTROLL/0,0,0,0,0,0,0,0,0
10:09:30.598  DEBUG    TX /CONTROLL/0,0,0,0,0,0,0,0,0
10:09:31.402  DEBUG    TX /CONTROLL/0,0,0,0,0,0,0,0,0
10:09:32.206  DEBUG    TX /CONTROLL/0,0,0,0,0,0,0,0,0
10:09:33.011  DEBUG    TX /CONTROLL/0,0,0,0,0,0,0,0,0
10:09:33.822  DEBUG    TX /CONTROLL/0,0,0,0,0,0,0,0,0
10:09:34.624  DEBUG    TX /CONTROLL/0,0,0,0,0,0,0,0,0
10:09:35.428  DEBUG    TX /CONTROLL/0,0,0,0,0,0,0,0,0
10:09:36.232  DEBUG    TX /CONTROLL/0,0,0,0,0,0,0,0,0
10:09:37.037  DEBUG    TX /CONTROLL/0,0,0,0,0,0,0,0,0
10:09:37.840  DEBUG    TX /CONTROLL/0,0,0,0,0,0,0,0,0
10:09:38.644  DEBUG    TX /CONTROLL/0,0,0,0,0,0,0,0,0
10:09:39.448  DEBUG    TX /CONTROLL/0,0,0,0,0,0,0,0,0
10:09:40.254  DEBUG    TX /CONTROLL/0,0,0,0,0,0,0,0,0
10:09:41.057  DEBUG    TX /CONTROLL/0,0,0,0,0,0,0,0,0
10:09:41.862  DEBUG    TX /CONTROLL/0,0,0,0,0,0,0,0,0
10:09:42.665  DEBUG    TX /CONTROLL/0,0,0,0,0,0,0,0,0
10:09:43.468  DEBUG    TX /CONTROLL/0,0,0,0,0,0,0,0,0
10:09:44.278  DEBUG    TX /CONTROLL/0,0,0,0,0,0,0,0,0
10:09:45.084  DEBUG    TX /CONTROLL/0,0,0,0,0,0,0,0,0
10:09:45.891  DEBUG    TX /CONTROLL/0,0,0,0,0,0,0,0,0
10:09:46.693  DEBUG    TX /CONTROLL/0,0,0,0,0,0,0,0,0
10:09:47.497  DEBUG    TX /CONTROLL/0,0,0,0,0,0,0,0,0
10:09:48.301  DEBUG    TX /CONTROLL/0,0,0,0,0,0,0,0,0
10:09:49.103  DEBUG    TX /CONTROLL/0,0,0,0,0,0,0,0,0
10:09:49.908  DEBUG    TX /CONTROLL/0,0,0,0,0,0,0,0,0
10:09:50.709  DEBUG    TX /CONTROLL/0,0,0,0,0,0,0,0,0
10:09:51.511  DEBUG    TX /CONTROLL/0,0,0,0,0,0,0,0,0
10:09:52.316  DEBUG    TX /CONTROLL/0,0,0,0,0,0,0,0,0
10:09:53.119  DEBUG    TX /CONTROLL/0,0,0,0,0,0,0,0,0
10:09:53.922  DEBUG    TX /CONTROLL/0,0,0,0,0,0,0,0,0
10:09:54.725  DEBUG    TX /CONTROLL/0,0,0,0,0,0,0,0,0
10:09:55.531  DEBUG    TX /CONTROLL/0,0,0,0,0,0,0,0,0
10:09:56.334  DEBUG    TX /CONTROLL/0,0,0,0,0,0,0,0,0
10:09:57.138  DEBUG    TX /CONTROLL/0,0,0,0,0,0,0,0,0
10:09:57.942  DEBUG    TX /CONTROLL/0,0,0,0,0,0,0,0,0
10:09:58.749  DEBUG    TX /CONTROLL/0,0,0,0,0,0,0,0,0
10:09:59.554  DEBUG    TX /CONTROLL/0,0,0,0,0,0,0,0,0
10:10:00.358  DEBUG    TX /CONTROLL/0,0,0,0,0,0,0,0,0
10:10:01.165  DEBUG    TX /CONTROLL/0,0,0,0,0,0,0,0,0
10:10:01.976  DEBUG    TX /CONTROLL/0,0,0,0,0,0,0,0,0
10:10:02.778  DEBUG    TX /CONTROLL/0,0,0,0,0,0,0,0,0
10:10:03.583  DEBUG    TX /CONTROLL/0,0,0,0,0,0,0,0,0
10:10:04.396  DEBUG    TX /CONTROLL/0,0,0,0,0,0,0,0,0
10:10:05.205  DEBUG    TX /CONTROLL/0,0,0,0,0,0,0,0,0
10:10:06.009  DEBUG    TX /CONTROLL/0,0,0,0,0,0,0,0,0
10:10:06.814  DEBUG    TX /CONTROLL/0,0,0,0,0,0,0,0,0
10:10:07.621  DEBUG    TX /CONTROLL/0,0,0,0,0,0,0,0,0
10:10:08.427  DEBUG    TX /CONTROLL/0,0,0,0,0,0,0,0,0
10:10:09.230  DEBUG    TX /CONTROLL/0,0,0,0,0,0,0,0,0
10:10:10.034  DEBUG    TX /CONTROLL/0,0,0,0,0,0,0,0,0
10:10:10.842  DEBUG    TX /CONTROLL/0,0,0,0,0,0,0,0,0
10:10:11.645  DEBUG    TX /CONTROLL/0,0,0,0,0,0,0,0,0
10:10:12.448  DEBUG    TX /CONTROLL/0,0,0,0,0,0,0,0,0
10:10:13.250  DEBUG    TX /CONTROLL/0,0,0,0,0,0,0,0,0
10:10:14.054  DEBUG    TX /CONTROLL/0,0,0,0,0,0,0,0,0
10:10:14.856  DEBUG    TX /CONTROLL/0,0,0,0,0,0,0,0,0
10:10:15.659  DEBUG    TX /CONTROLL/0,0,0,0,0,0,0,0,0
10:10:16.463  DEBUG    TX /CONTROLL/0,0,0,0,0,0,0,0,0
10:10:17.266  DEBUG    TX /CONTROLL/0,0,0,0,0,0,0,0,0
10:10:18.069  DEBUG    TX /CONTROLL/0,0,0,0,0,0,0,0,0
10:10:18.873  DEBUG    TX /CONTROLL/0,0,0,0,0,0,0,0,0
10:10:19.677  DEBUG    TX /CONTROLL/0,0,0,0,0,0,0,0,0
10:10:20.481  DEBUG    TX /CONTROLL/0,0,0,0,0,0,0,0,0
10:10:21.286  DEBUG    TX /CONTROLL/0,0,0,0,0,0,0,0,0
10:10:22.093  DEBUG    TX /CONTROLL/0,0,0,0,0,0,0,0,0
10:10:22.897  DEBUG    TX /CONTROLL/0,0,0,0,0,0,0,0,0
10:10:23.710  DEBUG    TX /CONTROLL/0,0,0,0,0,0,0,0,0
10:10:24.519  DEBUG    TX /CONTROLL/0,0,0,0,0,0,0,0,0
10:10:25.324  DEBUG    TX /CONTROLL/0,0,0,0,0,0,0,0,0
10:10:26.128  DEBUG    TX /CONTROLL/0,0,0,0,0,0,0,0,0
10:10:26.931  DEBUG    TX /CONTROLL/0,0,0,0,0,0,0,0,0
10:10:27.738  DEBUG    TX /CONTROLL/0,0,0,0,0,0,0,0,0
10:10:28.541  DEBUG    TX /CONTROLL/0,0,0,0,0,0,0,0,0
10:10:29.345  DEBUG    TX /CONTROLL/0,0,0,0,0,0,0,0,0
10:10:30.147  DEBUG    TX /CONTROLL/0,0,0,0,0,0,0,0,0
10:10:30.955  DEBUG    TX /CONTROLL/0,0,0,0,0,0,0,0,0
10:10:31.763  DEBUG    TX /CONTROLL/0,0,0,0,0,0,0,0,0
10:10:32.567  DEBUG    TX /CONTROLL/0,0,0,0,0,0,0,0,0
10:10:33.377  DEBUG    TX /CONTROLL/0,0,0,0,0,0,0,0,0
10:10:34.182  DEBUG    TX /CONTROLL/0,0,0,0,0,0,0,0,0
10:10:34.987  DEBUG    TX /CONTROLL/0,0,0,0,0,0,0,0,0
10:10:35.793  DEBUG    TX /CONTROLL/0,0,0,0,0,0,0,0,0
10:10:36.598  DEBUG    TX /CONTROLL/0,0,0,0,0,0,0,0,0
10:10:37.400  DEBUG    TX /CONTROLL/0,0,0,0,0,0,0,0,0
10:10:38.206  DEBUG    TX /CONTROLL/0,0,0,0,0,0,0,0,0
10:10:39.012  DEBUG    TX /CONTROLL/0,0,0,0,0,0,0,0,0
10:10:39.817  DEBUG    TX /CONTROLL/0,0,0,0,0,0,0,0,0
10:10:40.625  DEBUG    TX /CONTROLL/0,0,0,0,0,0,0,0,0
10:10:41.430  DEBUG    TX /CONTROLL/0,0,0,0,0,0,0,0,0
10:10:42.234  DEBUG    TX /CONTROLL/0,0,0,0,0,0,0,0,0
10:10:43.039  DEBUG    TX /CONTROLL/0,0,0,0,0,0,0,0,0
10:10:43.840  DEBUG    TX /CONTROLL/0,0,0,0,0,0,0,0,0
10:10:44.645  DEBUG    TX /CONTROLL/0,0,0,0,0,0,0,0,0
10:10:45.447  DEBUG    TX /CONTROLL/0,0,0,0,0,0,0,0,0
10:10:46.254  DEBUG    TX /CONTROLL/0,0,0,0,0,0,0,0,0
10:10:47.062  DEBUG    TX /CONTROLL/0,0,0,0,0,0,0,0,0
10:10:47.867  DEBUG    TX /CONTROLL/0,0,0,0,0,0,0,0,0
10:10:48.669  DEBUG    TX /CONTROLL/0,0,0,0,0,0,0,0,0
10:10:49.485  DEBUG    TX /CONTROLL/0,0,0,0,0,0,0,0,0
10:10:50.288  DEBUG    TX /CONTROLL/0,0,0,0,0,0,0,0,0
10:10:51.089  DEBUG    TX /CONTROLL/0,0,0,0,0,0,0,0,0
10:10:51.896  DEBUG    TX /CONTROLL/0,0,0,0,0,0,0,0,0
10:10:52.700  DEBUG    TX /CONTROLL/0,0,0,0,0,0,0,0,0
10:10:53.503  DEBUG    TX /CONTROLL/0,0,0,0,0,0,0,0,0
10:10:54.307  DEBUG    TX /CONTROLL/0,0,0,0,0,0,0,0,0
10:10:55.113  DEBUG    TX /CONTROLL/0,0,0,0,0,0,0,0,0
10:10:55.916  DEBUG    TX /CONTROLL/0,0,0,0,0,0,0,0,0
10:10:56.719  DEBUG    TX /CONTROLL/0,0,0,0,0,0,0,0,0
10:10:57.522  DEBUG    TX /CONTROLL/0,0,0,0,0,0,0,0,0
10:10:58.327  DEBUG    TX /CONTROLL/0,0,0,0,0,0,0,0,0
10:10:59.130  DEBUG    TX /CONTROLL/0,0,0,0,0,0,0,0,0
10:10:59.937  DEBUG    TX /CONTROLL/0,0,0,0,0,0,0,0,0
10:11:00.736  DEBUG    TX /CONTROLL/0,0,0,0,0,0,0,0,0
10:11:01.541  DEBUG    TX /CONTROLL/0,0,0,0,0,0,0,0,0
10:11:02.347  DEBUG    TX /CONTROLL/0,0,0,0,0,0,0,0,0
10:11:03.151  DEBUG    TX /CONTROLL/0,0,0,0,0,0,0,0,0
10:11:03.958  DEBUG    TX /CONTROLL/0,0,0,0,0,0,0,0,0
10:11:04.764  DEBUG    TX /CONTROLL/0,0,0,0,0,0,0,0,0
10:11:05.573  DEBUG    TX /CONTROLL/0,0,0,0,0,0,0,0,0
10:11:06.379  DEBUG    TX /CONTROLL/0,0,0,0,0,0,0,0,0
10:11:07.179  DEBUG    TX /CONTROLL/0,0,0,0,0,0,0,0,0
10:11:07.982  DEBUG    TX /CONTROLL/0,0,0,0,0,0,0,0,0
10:11:08.786  DEBUG    TX /CONTROLL/0,0,0,0,0,0,0,0,0
10:11:09.593  DEBUG    TX /CONTROLL/0,0,0,0,0,0,0,0,0
10:11:10.395  DEBUG    TX /CONTROLL/0,0,0,0,0,0,0,0,0
10:11:11.196  DEBUG    TX /CONTROLL/0,0,0,0,0,0,0,0,0
10:11:12.005  DEBUG    TX /CONTROLL/0,0,0,0,0,0,0,0,0
10:11:12.815  DEBUG    TX /CONTROLL/0,0,0,0,0,0,0,0,0
10:11:13.617  DEBUG    TX /CONTROLL/0,0,0,0,0,0,0,0,0
10:11:14.428  DEBUG    TX /CONTROLL/0,0,0,0,0,0,0,0,0
10:11:15.235  DEBUG    TX /CONTROLL/0,0,0,0,0,0,0,0,0
10:11:16.040  DEBUG    TX /CONTROLL/0,0,0,0,0,0,0,0,0
10:11:16.846  DEBUG    TX /CONTROLL/0,0,0,0,0,0,0,0,0
10:11:17.647  DEBUG    TX /CONTROLL/0,0,0,0,0,0,0,0,0
10:11:18.451  DEBUG    TX /CONTROLL/0,0,0,0,0,0,0,0,0
10:11:19.250  DEBUG    TX /CONTROLL/0,0,0,0,0,0,0,0,0
10:11:20.052  DEBUG    TX /CONTROLL/0,0,0,0,0,0,0,0,0
10:11:20.854  DEBUG    TX /CONTROLL/0,0,0,0,0,0,0,0,0
10:11:21.658  DEBUG    TX /CONTROLL/0,0,0,0,0,0,0,0,0
10:11:22.462  DEBUG    TX /CONTROLL/0,0,0,0,0,0,0,0,0
10:11:23.268  DEBUG    TX /CONTROLL/0,0,0,0,0,0,0,0,0
10:11:24.070  DEBUG    TX /CONTROLL/0,0,0,0,0,0,0,0,0
10:11:24.872  DEBUG    TX /CONTROLL/0,0,0,0,0,0,0,0,0
10:11:25.677  DEBUG    TX /CONTROLL/0,0,0,0,0,0,0,0,0
10:11:26.483  DEBUG    TX /CONTROLL/0,0,0,0,0,0,0,0,0
10:11:27.288  DEBUG    TX /CONTROLL/0,0,0,0,0,0,0,0,0
10:11:28.091  DEBUG    TX /CONTROLL/0,0,0,0,0,0,0,0,0
10:11:28.898  DEBUG    TX /CONTROLL/0,0,0,0,0,0,0,0,0
10:11:29.703  DEBUG    TX /CONTROLL/0,0,0,0,0,0,0,0,0
10:11:30.505  DEBUG    TX /CONTROLL/0,0,0,0,0,0,0,0,0
10:11:31.310  DEBUG    TX /CONTROLL/0,0,0,0,0,0,0,0,0
10:11:32.114  DEBUG    TX /CONTROLL/0,0,0,0,0,0,0,0,0
10:11:32.924  DEBUG    TX /CONTROLL/0,0,0,0,0,0,0,0,0
10:11:33.725  DEBUG    TX /CONTROLL/0,0,0,0,0,0,0,0,0
10:11:34.528  DEBUG    TX /CONTROLL/0,0,0,0,0,0,0,0,0
10:11:35.335  DEBUG    TX /CONTROLL/0,0,0,0,0,0,0,0,0
10:11:36.141  DEBUG    TX /CONTROLL/0,0,0,0,0,0,0,0,0
10:11:36.950  DEBUG    TX /CONTROLL/0,0,0,0,0,0,0,0,0
10:11:37.753  DEBUG    TX /CONTROLL/0,0,0,0,0,0,0,0,0
10:11:38.555  DEBUG    TX /CONTROLL/0,0,0,0,0,0,0,0,0
10:11:39.359  DEBUG    TX /CONTROLL/0,0,0,0,0,0,0,0,0
10:11:40.163  DEBUG    TX /CONTROLL/0,0,0,0,0,0,0,0,0
10:11:40.969  DEBUG    TX /CONTROLL/0,0,0,0,0,0,0,0,0
10:11:41.775  DEBUG    TX /CONTROLL/0,0,0,0,0,0,0,0,0
10:11:42.576  DEBUG    TX /CONTROLL/0,0,0,0,0,0,0,0,0
10:11:43.382  DEBUG    TX /CONTROLL/0,0,0,0,0,0,0,0,0
10:11:44.192  DEBUG    TX /CONTROLL/0,0,0,0,0,0,0,0,0
10:11:44.996  DEBUG    TX /CONTROLL/0,0,0,0,0,0,0,0,0
10:11:45.800  DEBUG    TX /CONTROLL/0,0,0,0,0,0,0,0,0
10:11:46.602  DEBUG    TX /CONTROLL/0,0,0,0,0,0,0,0,0
10:11:47.408  DEBUG    TX /CONTROLL/0,0,0,0,0,0,0,0,0
10:11:48.213  DEBUG    TX /CONTROLL/0,0,0,0,0,0,0,0,0
10:11:49.018  DEBUG    TX /CONTROLL/0,0,0,0,0,0,0,0,0
10:11:49.822  DEBUG    TX /CONTROLL/0,0,0,0,0,0,0,0,0
10:11:50.626  DEBUG    TX /CONTROLL/0,0,0,0,0,0,0,0,0
10:11:51.433  DEBUG    TX /CONTROLL/0,0,0,0,0,0,0,0,0
10:11:52.235  DEBUG    TX /CONTROLL/0,0,0,0,0,0,0,0,0
10:11:53.045  DEBUG    TX /CONTROLL/0,0,0,0,0,0,0,0,0
10:11:53.848  DEBUG    TX /CONTROLL/0,0,0,0,0,0,0,0,0
10:11:54.651  DEBUG    TX /CONTROLL/0,0,0,0,0,0,0,0,0
10:11:55.456  DEBUG    TX /CONTROLL/0,0,0,0,0,0,0,0,0
10:11:56.256  DEBUG    TX /CONTROLL/0,0,0,0,0,0,0,0,0
10:11:57.057  DEBUG    TX /CONTROLL/0,0,0,0,0,0,0,0,0
10:11:57.862  DEBUG    TX /CONTROLL/0,0,0,0,0,0,0,0,0
10:11:58.668  DEBUG    TX /CONTROLL/0,0,0,0,0,0,0,0,0
10:11:59.471  DEBUG    TX /CONTROLL/0,0,0,0,0,0,0,0,0
10:12:00.276  DEBUG    TX /CONTROLL/0,0,0,0,0,0,0,0,0
10:12:01.082  DEBUG    TX /CONTROLL/0,0,0,0,0,0,0,0,0
10:12:01.890  DEBUG    TX /CONTROLL/0,0,0,0,0,0,0,0,0
10:12:02.695  DEBUG    TX /CONTROLL/0,0,0,0,0,0,0,0,0
10:12:03.499  DEBUG    TX /CONTROLL/0,0,0,0,0,0,0,0,0
10:12:04.307  DEBUG    TX /CONTROLL/0,0,0,0,0,0,0,0,0
10:12:05.113  DEBUG    TX /CONTROLL/0,0,0,0,0,0,0,0,0
10:12:05.920  DEBUG    TX /CONTROLL/0,0,0,0,0,0,0,0,0
10:12:06.723  DEBUG    TX /CONTROLL/0,0,0,0,0,0,0,0,0
10:12:07.529  DEBUG    TX /CONTROLL/0,0,0,0,0,0,0,0,0
10:12:08.332  DEBUG    TX /CONTROLL/0,0,0,0,0,0,0,0,0
10:12:09.134  DEBUG    TX /CONTROLL/0,0,0,0,0,0,0,0,0
10:12:09.939  DEBUG    TX /CONTROLL/0,0,0,0,0,0,0,0,0
10:12:10.743  DEBUG    TX /CONTROLL/0,0,0,0,0,0,0,0,0
10:12:11.551  DEBUG    TX /CONTROLL/0,0,0,0,0,0,0,0,0
10:12:12.357  DEBUG    TX /CONTROLL/0,0,0,0,0,0,0,0,0
10:12:13.160  DEBUG    TX /CONTROLL/0,0,0,0,0,0,0,0,0
10:12:13.969  DEBUG    TX /CONTROLL/0,0,0,0,0,0,0,0,0
10:12:14.778  DEBUG    TX /CONTROLL/0,0,0,0,0,0,0,0,0
10:12:15.590  DEBUG    TX /CONTROLL/0,0,0,0,0,0,0,0,0
10:12:16.394  DEBUG    TX /CONTROLL/0,0,0,0,0,0,0,0,0
10:12:17.199  DEBUG    TX /CONTROLL/0,0,0,0,0,0,0,0,0
10:12:18.003  DEBUG    TX /CONTROLL/0,0,0,0,0,0,0,0,0
10:12:18.808  DEBUG    TX /CONTROLL/0,0,0,0,0,0,0,0,0
10:12:19.615  DEBUG    TX /CONTROLL/0,0,0,0,0,0,0,0,0
10:12:20.418  DEBUG    TX /CONTROLL/0,0,0,0,0,0,0,0,0
10:12:21.222  DEBUG    TX /CONTROLL/0,0,0,0,0,0,0,0,0
10:12:22.025  DEBUG    TX /CONTROLL/0,0,0,0,0,0,0,0,0
10:12:22.831  DEBUG    TX /CONTROLL/0,0,0,0,0,0,0,0,0
10:12:23.638  DEBUG    TX /CONTROLL/0,0,0,0,0,0,0,0,0
10:12:24.441  DEBUG    TX /CONTROLL/0,0,0,0,0,0,0,0,0
10:12:25.244  DEBUG    TX /CONTROLL/0,0,0,0,0,0,0,0,0
10:12:26.049  DEBUG    TX /CONTROLL/0,0,0,0,0,0,0,0,0
10:12:26.852  DEBUG    TX /CONTROLL/0,0,0,0,0,0,0,0,0
10:12:27.654  DEBUG    TX /CONTROLL/0,0,0,0,0,0,0,0,0
10:12:28.457  DEBUG    TX /CONTROLL/0,0,0,0,0,0,0,0,0
10:12:29.261  DEBUG    TX /CONTROLL/0,0,0,0,0,0,0,0,0
10:12:30.064  DEBUG    TX /CONTROLL/0,0,0,0,0,0,0,0,0
10:12:30.871  DEBUG    TX /CONTROLL/0,0,0,0,0,0,0,0,0
10:12:31.674  DEBUG    TX /CONTROLL/0,0,0,0,0,0,0,0,0
10:12:32.476  DEBUG    TX /CONTROLL/0,0,0,0,0,0,0,0,0
10:12:33.281  DEBUG    TX /CONTROLL/0,0,0,0,0,0,0,0,0
10:12:34.082  DEBUG    TX /CONTROLL/0,0,0,0,0,0,0,0,0
10:12:34.889  DEBUG    TX /CONTROLL/0,0,0,0,0,0,0,0,0
10:12:35.690  DEBUG    TX /CONTROLL/0,0,0,0,0,0,0,0,0
10:12:36.496  DEBUG    TX /CONTROLL/0,0,0,0,0,0,0,0,0
10:12:37.301  DEBUG    TX /CONTROLL/0,0,0,0,0,0,0,0,0
10:12:38.108  DEBUG    TX /CONTROLL/0,0,0,0,0,0,0,0,0
10:12:38.910  DEBUG    TX /CONTROLL/0,0,0,0,0,0,0,0,0
10:12:39.713  DEBUG    TX /CONTROLL/0,0,0,0,0,0,0,0,0
10:12:40.516  DEBUG    TX /CONTROLL/0,0,0,0,0,0,0,0,0
10:12:41.320  DEBUG    TX /CONTROLL/0,0,0,0,0,0,0,0,0
10:12:42.124  DEBUG    TX /CONTROLL/0,0,0,0,0,0,0,0,0
10:12:42.925  DEBUG    TX /CONTROLL/0,0,0,0,0,0,0,0,0
10:12:43.726  DEBUG    TX /CONTROLL/0,0,0,0,0,0,0,0,0
10:12:44.531  DEBUG    TX /CONTROLL/0,0,0,0,0,0,0,0,0
10:12:45.340  DEBUG    TX /CONTROLL/0,0,0,0,0,0,0,0,0
10:12:46.158  DEBUG    TX /CONTROLL/0,0,0,0,0,0,0,0,0
10:12:46.967  DEBUG    TX /CONTROLL/0,0,0,0,0,0,0,0,0
10:12:47.771  DEBUG    TX /CONTROLL/0,0,0,0,0,0,0,0,0
10:12:48.577  DEBUG    TX /CONTROLL/0,0,0,0,0,0,0,0,0
10:12:49.383  DEBUG    TX /CONTROLL/0,0,0,0,0,0,0,0,0
10:12:50.188  DEBUG    TX /CONTROLL/0,0,0,0,0,0,0,0,0
10:12:50.996  DEBUG    TX /CONTROLL/0,0,0,0,0,0,0,0,0
10:12:51.802  DEBUG    TX /CONTROLL/0,0,0,0,0,0,0,0,0
10:12:52.606  DEBUG    TX /CONTROLL/0,0,0,0,0,0,0,0,0
10:12:53.415  DEBUG    TX /CONTROLL/0,0,0,0,0,0,0,0,0
10:12:54.219  DEBUG    TX /CONTROLL/0,0,0,0,0,0,0,0,0
10:12:55.024  DEBUG    TX /CONTROLL/0,0,0,0,0,0,0,0,0
10:12:55.828  DEBUG    TX /CONTROLL/0,0,0,0,0,0,0,0,0
10:12:56.629  DEBUG    TX /CONTROLL/0,0,0,0,0,0,0,0,0
10:12:57.436  DEBUG    TX /CONTROLL/0,0,0,0,0,0,0,0,0
10:12:58.241  DEBUG    TX /CONTROLL/0,0,0,0,0,0,0,0,0
10:12:59.048  DEBUG    TX /CONTROLL/0,0,0,0,0,0,0,0,0
10:12:59.849  DEBUG    TX /CONTROLL/0,0,0,0,0,0,0,0,0
10:13:00.655  DEBUG    TX /CONTROLL/0,0,0,0,0,0,0,0,0
10:13:01.459  DEBUG    TX /CONTROLL/0,0,0,0,0,0,0,0,0
10:13:02.264  DEBUG    TX /CONTROLL/0,0,0,0,0,0,0,0,0
10:13:03.069  DEBUG    TX /CONTROLL/0,0,0,0,0,0,0,0,0
10:13:03.874  DEBUG    TX /CONTROLL/0,0,0,0,0,0,0,0,0
10:13:04.682  DEBUG    TX /CONTROLL/0,0,0,0,0,0,0,0,0
10:13:05.484  DEBUG    TX /CONTROLL/0,0,0,0,0,0,0,0,0
10:13:06.285  DEBUG    TX /CONTROLL/0,0,0,0,0,0,0,0,0
10:13:07.088  DEBUG    TX /CONTROLL/0,0,0,0,0,0,0,0,0
10:13:07.893  DEBUG    TX /CONTROLL/0,0,0,0,0,0,0,0,0
10:13:08.699  DEBUG    TX /CONTROLL/0,0,0,0,0,0,0,0,0
10:13:09.502  DEBUG    TX /CONTROLL/0,0,0,0,0,0,0,0,0
10:13:10.306  DEBUG    TX /CONTROLL/0,0,0,0,0,0,0,0,0
10:13:11.114  DEBUG    TX /CONTROLL/0,0,0,0,0,0,0,0,0
10:13:11.918  DEBUG    TX /CONTROLL/0,0,0,0,0,0,0,0,0
10:13:12.718  DEBUG    TX /CONTROLL/0,0,0,0,0,0,0,0,0
10:13:13.520  DEBUG    TX /CONTROLL/0,0,0,0,0,0,0,0,0
10:13:14.328  DEBUG    TX /CONTROLL/0,0,0,0,0,0,0,0,0
10:13:15.133  DEBUG    TX /CONTROLL/0,0,0,0,0,0,0,0,0
10:13:15.939  DEBUG    TX /CONTROLL/0,0,0,0,0,0,0,0,0
10:13:16.748  DEBUG    TX /CONTROLL/0,0,0,0,0,0,0,0,0
10:13:17.552  DEBUG    TX /CONTROLL/0,0,0,0,0,0,0,0,0
10:13:18.352  DEBUG    TX /CONTROLL/0,0,0,0,0,0,0,0,0
10:13:19.158  DEBUG    TX /CONTROLL/0,0,0,0,0,0,0,0,0
10:13:19.965  DEBUG    TX /CONTROLL/0,0,0,0,0,0,0,0,0
10:13:20.772  DEBUG    TX /CONTROLL/0,0,0,0,0,0,0,0,0
10:13:21.578  DEBUG    TX /CONTROLL/0,0,0,0,0,0,0,0,0
10:13:22.383  DEBUG    TX /CONTROLL/0,0,0,0,0,0,0,0,0
10:13:23.187  DEBUG    TX /CONTROLL/0,0,0,0,0,0,0,0,0
10:13:23.995  DEBUG    TX /CONTROLL/0,0,0,0,0,0,0,0,0
10:13:24.801  DEBUG    TX /CONTROLL/0,0,0,0,0,0,0,0,0
10:13:25.607  DEBUG    TX /CONTROLL/0,0,0,0,0,0,0,0,0
10:13:26.415  DEBUG    TX /CONTROLL/0,0,0,0,0,0,0,0,0
10:13:27.219  DEBUG    TX /CONTROLL/0,0,0,0,0,0,0,0,0
10:13:28.022  DEBUG    TX /CONTROLL/0,0,0,0,0,0,0,0,0
10:13:28.824  DEBUG    TX /CONTROLL/0,0,0,0,0,0,0,0,0
10:13:29.625  DEBUG    TX /CONTROLL/0,0,0,0,0,0,0,0,0
10:13:30.427  DEBUG    TX /CONTROLL/0,0,0,0,0,0,0,0,0
10:13:31.231  DEBUG    TX /CONTROLL/0,0,0,0,0,0,0,0,0
10:13:32.035  DEBUG    TX /CONTROLL/0,0,0,0,0,0,0,0,0
10:13:32.847  DEBUG    TX /CONTROLL/0,0,0,0,0,0,0,0,0
10:13:33.649  DEBUG    TX /CONTROLL/0,0,0,0,0,0,0,0,0
10:13:34.455  DEBUG    TX /CONTROLL/0,0,0,0,0,0,0,0,0
10:13:35.256  DEBUG    TX /CONTROLL/0,0,0,0,0,0,0,0,0
10:13:36.062  DEBUG    TX /CONTROLL/0,0,0,0,0,0,0,0,0
10:13:36.867  DEBUG    TX /CONTROLL/0,0,0,0,0,0,0,0,0
10:13:37.669  DEBUG    TX /CONTROLL/0,0,0,0,0,0,0,0,0
10:13:38.473  DEBUG    TX /CONTROLL/0,0,0,0,0,0,0,0,0
10:13:39.278  DEBUG    TX /CONTROLL/0,0,0,0,0,0,0,0,0
10:13:40.080  DEBUG    TX /CONTROLL/0,0,0,0,0,0,0,0,0
10:13:40.888  DEBUG    TX /CONTROLL/0,0,0,0,0,0,0,0,0
10:13:41.694  DEBUG    TX /CONTROLL/0,0,0,0,0,0,0,0,0
10:13:42.501  DEBUG    TX /CONTROLL/0,0,0,0,0,0,0,0,0
10:13:43.306  DEBUG    TX /CONTROLL/0,0,0,0,0,0,0,0,0
10:13:44.112  DEBUG    TX /CONTROLL/0,0,0,0,0,0,0,0,0
10:13:44.915  DEBUG    TX /CONTROLL/0,0,0,0,0,0,0,0,0
10:13:45.720  DEBUG    TX /CONTROLL/0,0,0,0,0,0,0,0,0
10:13:46.523  DEBUG    TX /CONTROLL/0,0,0,0,0,0,0,0,0
10:13:47.330  DEBUG    TX /CONTROLL/0,0,0,0,0,0,0,0,0
10:13:48.134  DEBUG    TX /CONTROLL/0,0,0,0,0,0,0,0,0
10:13:48.941  DEBUG    TX /CONTROLL/0,0,0,0,0,0,0,0,0
10:13:49.744  DEBUG    TX /CONTROLL/0,0,0,0,0,0,0,0,0
10:13:50.548  DEBUG    TX /CONTROLL/0,0,0,0,0,0,0,0,0
10:13:51.355  DEBUG    TX /CONTROLL/0,0,0,0,0,0,0,0,0
10:13:52.161  DEBUG    TX /CONTROLL/0,0,0,0,0,0,0,0,0
10:13:52.967  DEBUG    TX /CONTROLL/0,0,0,0,0,0,0,0,0
10:13:53.772  DEBUG    TX /CONTROLL/0,0,0,0,0,0,0,0,0
10:13:54.574  DEBUG    TX /CONTROLL/0,0,0,0,0,0,0,0,0
10:13:55.388  DEBUG    TX /CONTROLL/0,0,0,0,0,0,0,0,0
10:13:56.196  DEBUG    TX /CONTROLL/0,0,0,0,0,0,0,0,0
10:13:57.004  DEBUG    TX /CONTROLL/0,0,0,0,0,0,0,0,0
10:13:57.815  DEBUG    TX /CONTROLL/0,0,0,0,0,0,0,0,0
10:13:58.619  DEBUG    TX /CONTROLL/0,0,0,0,0,0,0,0,0
10:13:59.421  DEBUG    TX /CONTROLL/0,0,0,0,0,0,0,0,0
10:14:00.224  DEBUG    TX /CONTROLL/0,0,0,0,0,0,0,0,0
10:14:01.032  DEBUG    TX /CONTROLL/0,0,0,0,0,0,0,0,0
10:14:01.843  DEBUG    TX /CONTROLL/0,0,0,0,0,0,0,0,0
10:14:02.646  DEBUG    TX /CONTROLL/0,0,0,0,0,0,0,0,0
10:14:03.453  DEBUG    TX /CONTROLL/0,0,0,0,0,0,0,0,0
10:14:04.257  DEBUG    TX /CONTROLL/0,0,0,0,0,0,0,0,0
10:14:05.062  DEBUG    TX /CONTROLL/0,0,0,0,0,0,0,0,0
10:14:05.868  DEBUG    TX /CONTROLL/0,0,0,0,0,0,0,0,0
10:14:06.670  DEBUG    TX /CONTROLL/0,0,0,0,0,0,0,0,0
10:14:07.475  DEBUG    TX /CONTROLL/0,0,0,0,0,0,0,0,0
10:14:08.279  DEBUG    TX /CONTROLL/0,0,0,0,0,0,0,0,0
10:14:09.089  DEBUG    TX /CONTROLL/0,0,0,0,0,0,0,0,0
10:14:09.895  DEBUG    TX /CONTROLL/0,0,0,0,0,0,0,0,0
10:14:10.698  DEBUG    TX /CONTROLL/0,0,0,0,0,0,0,0,0
10:14:11.506  DEBUG    TX /CONTROLL/0,0,0,0,0,0,0,0,0
10:14:12.314  DEBUG    TX /CONTROLL/0,0,0,0,0,0,0,0,0
10:14:13.126  DEBUG    TX /CONTROLL/0,0,0,0,0,0,0,0,0
10:14:13.928  DEBUG    TX /CONTROLL/0,0,0,0,0,0,0,0,0
10:14:14.730  DEBUG    TX /CONTROLL/0,0,0,0,0,0,0,0,0
10:14:15.533  DEBUG    TX /CONTROLL/0,0,0,0,0,0,0,0,0
10:14:16.339  DEBUG    TX /CONTROLL/0,0,0,0,0,0,0,0,0
10:14:17.142  DEBUG    TX /CONTROLL/0,0,0,0,0,0,0,0,0
10:14:17.948  DEBUG    TX /CONTROLL/0,0,0,0,0,0,0,0,0
10:14:18.750  DEBUG    TX /CONTROLL/0,0,0,0,0,0,0,0,0
10:14:19.553  DEBUG    TX /CONTROLL/0,0,0,0,0,0,0,0,0
10:14:20.356  DEBUG    TX /CONTROLL/0,0,0,0,0,0,0,0,0
10:14:21.160  DEBUG    TX /CONTROLL/0,0,0,0,0,0,0,0,0
10:14:21.964  DEBUG    TX /CONTROLL/0,0,0,0,0,0,0,0,0
10:14:22.773  DEBUG    TX /CONTROLL/0,0,0,0,0,0,0,0,0
10:14:23.578  DEBUG    TX /CONTROLL/0,0,0,0,0,0,0,0,0
10:14:24.386  DEBUG    TX /CONTROLL/0,0,0,0,0,0,0,0,0
10:14:25.187  DEBUG    TX /CONTROLL/0,0,0,0,0,0,0,0,0
10:14:25.990  DEBUG    TX /CONTROLL/0,0,0,0,0,0,0,0,0
10:14:26.799  DEBUG    TX /CONTROLL/0,0,0,0,0,0,0,0,0
10:14:27.605  DEBUG    TX /CONTROLL/0,0,0,0,0,0,0,0,0
10:14:28.409  DEBUG    TX /CONTROLL/0,0,0,0,0,0,0,0,0
10:14:29.217  DEBUG    TX /CONTROLL/0,0,0,0,0,0,0,0,0
10:14:30.020  DEBUG    TX /CONTROLL/0,0,0,0,0,0,0,0,0
10:14:30.829  DEBUG    TX /CONTROLL/0,0,0,0,0,0,0,0,0
10:14:31.641  DEBUG    TX /CONTROLL/0,0,0,0,0,0,0,0,0
10:14:32.446  DEBUG    TX /CONTROLL/0,0,0,0,0,0,0,0,0
10:14:33.249  DEBUG    TX /CONTROLL/0,0,0,0,0,0,0,0,0
10:14:34.052  DEBUG    TX /CONTROLL/0,0,0,0,0,0,0,0,0
10:14:34.853  DEBUG    TX /CONTROLL/0,0,0,0,0,0,0,0,0
10:14:35.656  DEBUG    TX /CONTROLL/0,0,0,0,0,0,0,0,0
10:14:36.459  DEBUG    TX /CONTROLL/0,0,0,0,0,0,0,0,0
10:14:37.262  DEBUG    TX /CONTROLL/0,0,0,0,0,0,0,0,0
10:14:38.062  DEBUG    TX /CONTROLL/0,0,0,0,0,0,0,0,0
10:14:38.866  DEBUG    TX /CONTROLL/0,0,0,0,0,0,0,0,0
10:14:39.671  DEBUG    TX /CONTROLL/0,0,0,0,0,0,0,0,0
10:14:40.474  DEBUG    TX /CONTROLL/0,0,0,0,0,0,0,0,0
10:14:41.281  DEBUG    TX /CONTROLL/0,0,0,0,0,0,0,0,0
10:14:42.085  DEBUG    TX /CONTROLL/0,0,0,0,0,0,0,0,0
10:14:42.889  DEBUG    TX /CONTROLL/0,0,0,0,0,0,0,0,0
10:14:43.695  DEBUG    TX /CONTROLL/0,0,0,0,0,0,0,0,0
10:14:44.499  DEBUG    TX /CONTROLL/0,0,0,0,0,0,0,0,0
10:14:45.303  DEBUG    TX /CONTROLL/0,0,0,0,0,0,0,0,0
10:14:46.108  DEBUG    TX /CONTROLL/0,0,0,0,0,0,0,0,0
10:14:46.914  DEBUG    TX /CONTROLL/0,0,0,0,0,0,0,0,0
10:14:47.729  DEBUG    TX /CONTROLL/0,0,0,0,0,0,0,0,0
10:14:48.535  DEBUG    TX /CONTROLL/0,0,0,0,0,0,0,0,0
10:14:49.340  DEBUG    TX /CONTROLL/0,0,0,0,0,0,0,0,0
10:14:50.143  DEBUG    TX /CONTROLL/0,0,0,0,0,0,0,0,0
10:14:50.946  DEBUG    TX /CONTROLL/0,0,0,0,0,0,0,0,0
10:14:51.757  DEBUG    TX /CONTROLL/0,0,0,0,0,0,0,0,0
10:14:52.563  DEBUG    TX /CONTROLL/0,0,0,0,0,0,0,0,0
10:14:53.373  DEBUG    TX /CONTROLL/0,0,0,0,0,0,0,0,0
10:14:54.183  DEBUG    TX /CONTROLL/0,0,0,0,0,0,0,0,0
10:14:54.992  DEBUG    TX /CONTROLL/0,0,0,0,0,0,0,0,0
10:14:55.800  DEBUG    TX /CONTROLL/0,0,0,0,0,0,0,0,0
10:14:56.604  DEBUG    TX /CONTROLL/0,0,0,0,0,0,0,0,0
10:14:57.408  DEBUG    TX /CONTROLL/0,0,0,0,0,0,0,0,0
10:14:58.215  DEBUG    TX /CONTROLL/0,0,0,0,0,0,0,0,0
10:14:59.016  DEBUG    TX /CONTROLL/0,0,0,0,0,0,0,0,0
10:14:59.820  DEBUG    TX /CONTROLL/0,0,0,0,0,0,0,0,0
10:15:00.625  DEBUG    TX /CONTROLL/0,0,0,0,0,0,0,0,0
10:15:01.428  DEBUG    TX /CONTROLL/0,0,0,0,0,0,0,0,0
10:15:02.231  DEBUG    TX /CONTROLL/0,0,0,0,0,0,0,0,0
10:15:03.033  DEBUG    TX /CONTROLL/0,0,0,0,0,0,0,0,0
10:15:03.834  DEBUG    TX /CONTROLL/0,0,0,0,0,0,0,0,0
10:15:04.637  DEBUG    TX /CONTROLL/0,0,0,0,0,0,0,0,0
10:15:05.442  DEBUG    TX /CONTROLL/0,0,0,0,0,0,0,0,0
10:15:06.248  DEBUG    TX /CONTROLL/0,0,0,0,0,0,0,0,0
10:15:07.052  DEBUG    TX /CONTROLL/0,0,0,0,0,0,0,0,0
10:15:07.854  DEBUG    TX /CONTROLL/0,0,0,0,0,0,0,0,0
10:15:08.656  DEBUG    TX /CONTROLL/0,0,0,0,0,0,0,0,0
10:15:09.460  DEBUG    TX /CONTROLL/0,0,0,0,0,0,0,0,0
10:15:10.262  DEBUG    TX /CONTROLL/0,0,0,0,0,0,0,0,0
10:15:11.066  DEBUG    TX /CONTROLL/0,0,0,0,0,0,0,0,0
10:15:11.870  DEBUG    TX /CONTROLL/0,0,0,0,0,0,0,0,0
10:15:12.685  DEBUG    TX /CONTROLL/0,0,0,0,0,0,0,0,0
10:15:13.487  DEBUG    TX /CONTROLL/0,0,0,0,0,0,0,0,0
10:15:14.292  DEBUG    TX /CONTROLL/0,0,0,0,0,0,0,0,0
10:15:15.095  DEBUG    TX /CONTROLL/0,0,0,0,0,0,0,0,0
10:15:15.901  DEBUG    TX /CONTROLL/0,0,0,0,0,0,0,0,0
10:15:16.706  DEBUG    TX /CONTROLL/0,0,0,0,0,0,0,0,0
10:15:17.509  DEBUG    TX /CONTROLL/0,0,0,0,0,0,0,0,0
10:15:18.316  DEBUG    TX /CONTROLL/0,0,0,0,0,0,0,0,0
10:15:19.122  DEBUG    TX /CONTROLL/0,0,0,0,0,0,0,0,0
10:15:19.926  DEBUG    TX /CONTROLL/0,0,0,0,0,0,0,0,0
10:15:20.729  DEBUG    TX /CONTROLL/0,0,0,0,0,0,0,0,0
10:15:21.541  DEBUG    TX /CONTROLL/0,0,0,0,0,0,0,0,0
10:15:22.350  DEBUG    TX /CONTROLL/0,0,0,0,0,0,0,0,0
10:15:23.152  DEBUG    TX /CONTROLL/0,0,0,0,0,0,0,0,0
10:15:23.957  DEBUG    TX /CONTROLL/0,0,0,0,0,0,0,0,0
10:15:24.765  DEBUG    TX /CONTROLL/0,0,0,0,0,0,0,0,0
10:15:25.568  DEBUG    TX /CONTROLL/0,0,0,0,0,0,0,0,0
10:15:26.369  DEBUG    TX /CONTROLL/0,0,0,0,0,0,0,0,0
10:15:27.176  DEBUG    TX /CONTROLL/0,0,0,0,0,0,0,0,0
10:15:27.981  DEBUG    TX /CONTROLL/0,0,0,0,0,0,0,0,0
10:15:28.790  DEBUG    TX /CONTROLL/0,0,0,0,0,0,0,0,0
10:15:29.594  DEBUG    TX /CONTROLL/0,0,0,0,0,0,0,0,0
10:15:30.398  DEBUG    TX /CONTROLL/0,0,0,0,0,0,0,0,0
10:15:31.200  DEBUG    TX /CONTROLL/0,0,0,0,0,0,0,0,0
10:15:32.003  DEBUG    TX /CONTROLL/0,0,0,0,0,0,0,0,0
10:15:32.808  DEBUG    TX /CONTROLL/0,0,0,0,0,0,0,0,0
10:15:33.609  DEBUG    TX /CONTROLL/0,0,0,0,0,0,0,0,0
10:15:34.414  DEBUG    TX /CONTROLL/0,0,0,0,0,0,0,0,0
10:15:35.216  DEBUG    TX /CONTROLL/0,0,0,0,0,0,0,0,0
10:15:36.019  DEBUG    TX /CONTROLL/0,0,0,0,0,0,0,0,0
10:15:36.831  DEBUG    TX /CONTROLL/0,0,0,0,0,0,0,0,0
10:15:37.640  DEBUG    TX /CONTROLL/0,0,0,0,0,0,0,0,0
10:15:38.448  DEBUG    TX /CONTROLL/0,0,0,0,0,0,0,0,0
10:15:39.250  DEBUG    TX /CONTROLL/0,0,0,0,0,0,0,0,0
10:15:40.058  DEBUG    TX /CONTROLL/0,0,0,0,0,0,0,0,0
10:15:40.866  DEBUG    TX /CONTROLL/0,0,0,0,0,0,0,0,0
10:15:41.669  DEBUG    TX /CONTROLL/0,0,0,0,0,0,0,0,0
10:15:42.476  DEBUG    TX /CONTROLL/0,0,0,0,0,0,0,0,0
10:15:43.279  DEBUG    TX /CONTROLL/0,0,0,0,0,0,0,0,0
10:15:44.083  DEBUG    TX /CONTROLL/0,0,0,0,0,0,0,0,0
10:15:44.887  DEBUG    TX /CONTROLL/0,0,0,0,0,0,0,0,0
10:15:45.690  DEBUG    TX /CONTROLL/0,0,0,0,0,0,0,0,0
10:15:46.496  DEBUG    TX /CONTROLL/0,0,0,0,0,0,0,0,0
10:15:47.303  DEBUG    TX /CONTROLL/0,0,0,0,0,0,0,0,0
10:15:48.112  DEBUG    TX /CONTROLL/0,0,0,0,0,0,0,0,0
10:15:48.917  DEBUG    TX /CONTROLL/0,0,0,0,0,0,0,0,0
10:15:49.724  DEBUG    TX /CONTROLL/0,0,0,0,0,0,0,0,0
10:15:50.531  DEBUG    TX /CONTROLL/0,0,0,0,0,0,0,0,0
10:15:51.340  DEBUG    TX /CONTROLL/0,0,0,0,0,0,0,0,0
10:15:52.147  DEBUG    TX /CONTROLL/0,0,0,0,0,0,0,0,0
10:15:52.953  DEBUG    TX /CONTROLL/0,0,0,0,0,0,0,0,0
10:15:53.761  DEBUG    TX /CONTROLL/0,0,0,0,0,0,0,0,0
10:15:54.566  DEBUG    TX /CONTROLL/0,0,0,0,0,0,0,0,0
10:15:55.370  DEBUG    TX /CONTROLL/0,0,0,0,0,0,0,0,0
10:15:56.175  DEBUG    TX /CONTROLL/0,0,0,0,0,0,0,0,0
10:15:56.981  DEBUG    TX /CONTROLL/0,0,0,0,0,0,0,0,0
10:15:57.784  DEBUG    TX /CONTROLL/0,0,0,0,0,0,0,0,0
10:15:58.589  DEBUG    TX /CONTROLL/0,0,0,0,0,0,0,0,0
10:15:59.390  DEBUG    TX /CONTROLL/0,0,0,0,0,0,0,0,0
10:16:00.192  DEBUG    TX /CONTROLL/0,0,0,0,0,0,0,0,0
10:16:00.995  DEBUG    TX /CONTROLL/0,0,0,0,0,0,0,0,0
10:16:01.802  DEBUG    TX /CONTROLL/0,0,0,0,0,0,0,0,0
10:16:02.605  DEBUG    TX /CONTROLL/0,0,0,0,0,0,0,0,0
10:16:03.407  DEBUG    TX /CONTROLL/0,0,0,0,0,0,0,0,0
10:16:04.210  DEBUG    TX /CONTROLL/0,0,0,0,0,0,0,0,0
10:16:05.016  DEBUG    TX /CONTROLL/0,0,0,0,0,0,0,0,0
10:16:05.823  DEBUG    TX /CONTROLL/0,0,0,0,0,0,0,0,0
10:16:06.629  DEBUG    TX /CONTROLL/0,0,0,0,0,0,0,0,0
10:16:07.430  DEBUG    TX /CONTROLL/0,0,0,0,0,0,0,0,0
10:16:08.238  DEBUG    TX /CONTROLL/0,0,0,0,0,0,0,0,0
10:16:09.045  DEBUG    TX /CONTROLL/0,0,0,0,0,0,0,0,0
10:16:09.849  DEBUG    TX /CONTROLL/0,0,0,0,0,0,0,0,0
10:16:10.653  DEBUG    TX /CONTROLL/0,0,0,0,0,0,0,0,0
10:16:11.458  DEBUG    TX /CONTROLL/0,0,0,0,0,0,0,0,0
10:16:12.263  DEBUG    TX /CONTROLL/0,0,0,0,0,0,0,0,0
10:16:13.069  DEBUG    TX /CONTROLL/0,0,0,0,0,0,0,0,0
10:16:13.876  DEBUG    TX /CONTROLL/0,0,0,0,0,0,0,0,0
10:16:14.678  DEBUG    TX /CONTROLL/0,0,0,0,0,0,0,0,0
10:16:15.484  DEBUG    TX /CONTROLL/0,0,0,0,0,0,0,0,0
10:16:16.290  DEBUG    TX /CONTROLL/0,0,0,0,0,0,0,0,0
10:16:17.095  DEBUG    TX /CONTROLL/0,0,0,0,0,0,0,0,0
10:16:17.898  DEBUG    TX /CONTROLL/0,0,0,0,0,0,0,0,0
10:16:18.709  DEBUG    TX /CONTROLL/0,0,0,0,0,0,0,0,0
10:16:19.511  DEBUG    TX /CONTROLL/0,0,0,0,0,0,0,0,0
10:16:20.315  DEBUG    TX /CONTROLL/0,0,0,0,0,0,0,0,0
10:16:21.121  DEBUG    TX /CONTROLL/0,0,0,0,0,0,0,0,0
10:16:21.924  DEBUG    TX /CONTROLL/0,0,0,0,0,0,0,0,0
10:16:22.728  DEBUG    TX /CONTROLL/0,0,0,0,0,0,0,0,0
10:16:23.542  DEBUG    TX /CONTROLL/0,0,0,0,0,0,0,0,0
10:16:24.347  DEBUG    TX /CONTROLL/0,0,0,0,0,0,0,0,0
10:16:25.154  DEBUG    TX /CONTROLL/0,0,0,0,0,0,0,0,0
10:16:25.959  DEBUG    TX /CONTROLL/0,0,0,0,0,0,0,0,0
10:16:26.763  DEBUG    TX /CONTROLL/0,0,0,0,0,0,0,0,0
10:16:27.571  DEBUG    TX /CONTROLL/0,0,0,0,0,0,0,0,0
10:16:28.375  DEBUG    TX /CONTROLL/0,0,0,0,0,0,0,0,0
10:16:29.179  DEBUG    TX /CONTROLL/0,0,0,0,0,0,0,0,0
10:16:29.981  DEBUG    TX /CONTROLL/0,0,0,0,0,0,0,0,0
10:16:30.785  DEBUG    TX /CONTROLL/0,0,0,0,0,0,0,0,0
10:16:31.592  DEBUG    TX /CONTROLL/0,0,0,0,0,0,0,0,0
10:16:32.397  DEBUG    TX /CONTROLL/0,0,0,0,0,0,0,0,0
10:16:33.202  DEBUG    TX /CONTROLL/0,0,0,0,0,0,0,0,0
10:16:34.010  DEBUG    TX /CONTROLL/0,0,0,0,0,0,0,0,0
10:16:34.816  DEBUG    TX /CONTROLL/0,0,0,0,0,0,0,0,0
10:16:35.619  DEBUG    TX /CONTROLL/0,0,0,0,0,0,0,0,0
10:16:36.427  DEBUG    TX /CONTROLL/0,0,0,0,0,0,0,0,0
10:16:37.234  DEBUG    TX /CONTROLL/0,0,0,0,0,0,0,0,0
10:16:38.041  DEBUG    TX /CONTROLL/0,0,0,0,0,0,0,0,0
10:16:38.843  DEBUG    TX /CONTROLL/0,0,0,0,0,0,0,0,0
10:16:39.646  DEBUG    TX /CONTROLL/0,0,0,0,0,0,0,0,0
10:16:40.451  DEBUG    TX /CONTROLL/0,0,0,0,0,0,0,0,0
10:16:41.253  DEBUG    TX /CONTROLL/0,0,0,0,0,0,0,0,0
10:16:42.056  DEBUG    TX /CONTROLL/0,0,0,0,0,0,0,0,0
10:16:42.862  DEBUG    TX /CONTROLL/0,0,0,0,0,0,0,0,0
10:16:43.665  DEBUG    TX /CONTROLL/0,0,0,0,0,0,0,0,0
10:16:44.472  DEBUG    TX /CONTROLL/0,0,0,0,0,0,0,0,0
10:16:45.278  DEBUG    TX /CONTROLL/0,0,0,0,0,0,0,0,0
10:16:46.082  DEBUG    TX /CONTROLL/0,0,0,0,0,0,0,0,0
10:16:46.887  DEBUG    TX /CONTROLL/0,0,0,0,0,0,0,0,0
10:16:47.690  DEBUG    TX /CONTROLL/0,0,0,0,0,0,0,0,0
10:16:48.496  DEBUG    TX /CONTROLL/0,0,0,0,0,0,0,0,0
10:16:49.300  DEBUG    TX /CONTROLL/0,0,0,0,0,0,0,0,0
10:16:50.108  DEBUG    TX /CONTROLL/0,0,0,0,0,0,0,0,0
10:16:50.914  DEBUG    TX /CONTROLL/0,0,0,0,0,0,0,0,0
10:16:51.719  DEBUG    TX /CONTROLL/0,0,0,0,0,0,0,0,0
10:16:52.528  DEBUG    TX /CONTROLL/0,0,0,0,0,0,0,0,0
10:16:53.333  DEBUG    TX /CONTROLL/0,0,0,0,0,0,0,0,0
10:16:54.142  DEBUG    TX /CONTROLL/0,0,0,0,0,0,0,0,0
10:16:54.953  DEBUG    TX /CONTROLL/0,0,0,0,0,0,0,0,0
10:16:55.756  DEBUG    TX /CONTROLL/0,0,0,0,0,0,0,0,0
10:16:56.559  DEBUG    TX /CONTROLL/0,0,0,0,0,0,0,0,0
10:16:57.361  DEBUG    TX /CONTROLL/0,0,0,0,0,0,0,0,0
10:16:58.165  DEBUG    TX /CONTROLL/0,0,0,0,0,0,0,0,0
10:16:58.970  DEBUG    TX /CONTROLL/0,0,0,0,0,0,0,0,0
10:16:59.779  DEBUG    TX /CONTROLL/0,0,0,0,0,0,0,0,0
10:17:00.580  DEBUG    TX /CONTROLL/0,0,0,0,0,0,0,0,0
10:17:01.384  DEBUG    TX /CONTROLL/0,0,0,0,0,0,0,0,0
10:17:02.188  DEBUG    TX /CONTROLL/0,0,0,0,0,0,0,0,0
10:17:02.997  DEBUG    TX /CONTROLL/0,0,0,0,0,0,0,0,0
10:17:03.802  DEBUG    TX /CONTROLL/0,0,0,0,0,0,0,0,0
10:17:04.607  DEBUG    TX /CONTROLL/0,0,0,0,0,0,0,0,0
10:17:05.409  DEBUG    TX /CONTROLL/0,0,0,0,0,0,0,0,0
10:17:06.212  DEBUG    TX /CONTROLL/0,0,0,0,0,0,0,0,0
10:17:07.016  DEBUG    TX /CONTROLL/0,0,0,0,0,0,0,0,0
10:17:07.819  DEBUG    TX /CONTROLL/0,0,0,0,0,0,0,0,0
10:17:08.624  DEBUG    TX /CONTROLL/0,0,0,0,0,0,0,0,0
10:17:09.427  DEBUG    TX /CONTROLL/0,0,0,0,0,0,0,0,0
10:17:10.229  DEBUG    TX /CONTROLL/0,0,0,0,0,0,0,0,0
10:17:11.035  DEBUG    TX /CONTROLL/0,0,0,0,0,0,0,0,0
10:17:11.844  DEBUG    TX /CONTROLL/0,0,0,0,0,0,0,0,0
10:17:12.649  DEBUG    TX /CONTROLL/0,0,0,0,0,0,0,0,0
10:17:13.454  DEBUG    TX /CONTROLL/0,0,0,0,0,0,0,0,0
10:17:14.257  DEBUG    TX /CONTROLL/0,0,0,0,0,0,0,0,0
10:17:15.058  DEBUG    TX /CONTROLL/0,0,0,0,0,0,0,0,0
10:17:15.863  DEBUG    TX /CONTROLL/0,0,0,0,0,0,0,0,0
10:17:16.670  DEBUG    TX /CONTROLL/0,0,0,0,0,0,0,0,0
10:17:17.475  DEBUG    TX /CONTROLL/0,0,0,0,0,0,0,0,0
10:17:18.275  DEBUG    TX /CONTROLL/0,0,0,0,0,0,0,0,0
10:17:19.083  DEBUG    TX /CONTROLL/0,0,0,0,0,0,0,0,0
10:17:19.888  DEBUG    TX /CONTROLL/0,0,0,0,0,0,0,0,0
10:17:20.700  DEBUG    TX /CONTROLL/0,0,0,0,0,0,0,0,0
10:17:21.507  DEBUG    TX /CONTROLL/0,0,0,0,0,0,0,0,0
10:17:22.308  DEBUG    TX /CONTROLL/0,0,0,0,0,0,0,0,0
10:17:23.114  DEBUG    TX /CONTROLL/0,0,0,0,0,0,0,0,0
10:17:23.916  DEBUG    TX /CONTROLL/0,0,0,0,0,0,0,0,0
10:17:24.720  DEBUG    TX /CONTROLL/0,0,0,0,0,0,0,0,0
10:17:25.527  DEBUG    TX /CONTROLL/0,0,0,0,0,0,0,0,0
10:17:26.335  DEBUG    TX /CONTROLL/0,0,0,0,0,0,0,0,0
10:17:27.137  DEBUG    TX /CONTROLL/0,0,0,0,0,0,0,0,0
10:17:27.942  DEBUG    TX /CONTROLL/0,0,0,0,0,0,0,0,0
10:17:28.750  DEBUG    TX /CONTROLL/0,0,0,0,0,0,0,0,0
10:17:29.578  DEBUG    TX /CONTROLL/0,0,0,0,0,0,0,0,0
10:17:30.382  DEBUG    TX /CONTROLL/0,0,0,0,0,0,0,0,0
10:17:31.195  DEBUG    TX /CONTROLL/0,0,0,0,0,0,0,0,0
10:17:31.996  DEBUG    TX /CONTROLL/0,0,0,0,0,0,0,0,0
10:17:32.798  DEBUG    TX /CONTROLL/0,0,0,0,0,0,0,0,0
10:17:33.603  DEBUG    TX /CONTROLL/0,0,0,0,0,0,0,0,0
10:17:34.406  DEBUG    TX /CONTROLL/0,0,0,0,0,0,0,0,0
10:17:35.214  DEBUG    TX /CONTROLL/0,0,0,0,0,0,0,0,0
10:17:36.018  DEBUG    TX /CONTROLL/0,0,0,0,0,0,0,0,0
10:17:36.823  DEBUG    TX /CONTROLL/0,0,0,0,0,0,0,0,0
10:17:37.626  DEBUG    TX /CONTROLL/0,0,0,0,0,0,0,0,0
10:17:38.433  DEBUG    TX /CONTROLL/0,0,0,0,0,0,0,0,0
10:17:39.238  DEBUG    TX /CONTROLL/0,0,0,0,0,0,0,0,0
10:17:40.041  DEBUG    TX /CONTROLL/0,0,0,0,0,0,0,0,0
10:17:40.845  DEBUG    TX /CONTROLL/0,0,0,0,0,0,0,0,0
10:17:41.651  DEBUG    TX /CONTROLL/0,0,0,0,0,0,0,0,0
10:17:42.452  DEBUG    TX /CONTROLL/0,0,0,0,0,0,0,0,0
10:17:43.253  DEBUG    TX /CONTROLL/0,0,0,0,0,0,0,0,0
10:17:44.062  DEBUG    TX /CONTROLL/0,0,0,0,0,0,0,0,0
10:17:44.866  DEBUG    TX /CONTROLL/0,0,0,0,0,0,0,0,0
10:17:45.669  DEBUG    TX /CONTROLL/0,0,0,0,0,0,0,0,0
10:17:46.478  DEBUG    TX /CONTROLL/0,0,0,0,0,0,0,0,0
10:17:47.282  DEBUG    TX /CONTROLL/0,0,0,0,0,0,0,0,0
10:17:48.084  DEBUG    TX /CONTROLL/0,0,0,0,0,0,0,0,0
10:17:48.891  DEBUG    TX /CONTROLL/0,0,0,0,0,0,0,0,0
10:17:49.697  DEBUG    TX /CONTROLL/0,0,0,0,0,0,0,0,0
10:17:50.501  DEBUG    TX /CONTROLL/0,0,0,0,0,0,0,0,0
10:17:51.304  DEBUG    TX /CONTROLL/0,0,0,0,0,0,0,0,0
10:17:52.104  DEBUG    TX /CONTROLL/0,0,0,0,0,0,0,0,0
10:17:52.907  DEBUG    TX /CONTROLL/0,0,0,0,0,0,0,0,0
10:17:53.709  DEBUG    TX /CONTROLL/0,0,0,0,0,0,0,0,0
10:17:54.513  DEBUG    TX /CONTROLL/0,0,0,0,0,0,0,0,0
10:17:55.319  DEBUG    TX /CONTROLL/0,0,0,0,0,0,0,0,0
10:17:56.123  DEBUG    TX /CONTROLL/0,0,0,0,0,0,0,0,0
10:17:56.924  DEBUG    TX /CONTROLL/0,0,0,0,0,0,0,0,0
10:17:57.729  DEBUG    TX /CONTROLL/0,0,0,0,0,0,0,0,0
10:17:58.531  DEBUG    TX /CONTROLL/0,0,0,0,0,0,0,0,0
10:17:59.333  DEBUG    TX /CONTROLL/0,0,0,0,0,0,0,0,0
10:18:00.136  DEBUG    TX /CONTROLL/0,0,0,0,0,0,0,0,0
10:18:00.940  DEBUG    TX /CONTROLL/0,0,0,0,0,0,0,0,0
10:18:01.747  DEBUG    TX /CONTROLL/0,0,0,0,0,0,0,0,0
10:18:02.555  DEBUG    TX /CONTROLL/0,0,0,0,0,0,0,0,0
10:18:03.359  DEBUG    TX /CONTROLL/0,0,0,0,0,0,0,0,0
10:18:04.163  DEBUG    TX /CONTROLL/0,0,0,0,0,0,0,0,0
10:18:04.969  DEBUG    TX /CONTROLL/0,0,0,0,0,0,0,0,0
10:18:05.774  DEBUG    TX /CONTROLL/0,0,0,0,0,0,0,0,0
10:18:06.581  DEBUG    TX /CONTROLL/0,0,0,0,0,0,0,0,0
10:18:07.385  DEBUG    TX /CONTROLL/0,0,0,0,0,0,0,0,0
10:18:08.193  DEBUG    TX /CONTROLL/0,0,0,0,0,0,0,0,0
10:18:09.003  DEBUG    TX /CONTROLL/0,0,0,0,0,0,0,0,0
10:18:09.810  DEBUG    TX /CONTROLL/0,0,0,0,0,0,0,0,0
10:18:10.615  DEBUG    TX /CONTROLL/0,0,0,0,0,0,0,0,0
10:18:11.423  DEBUG    TX /CONTROLL/0,0,0,0,0,0,0,0,0
10:18:12.229  DEBUG    TX /CONTROLL/0,0,0,0,0,0,0,0,0
10:18:13.034  DEBUG    TX /CONTROLL/0,0,0,0,0,0,0,0,0
10:18:13.839  DEBUG    TX /CONTROLL/0,0,0,0,0,0,0,0,0
10:18:14.644  DEBUG    TX /CONTROLL/0,0,0,0,0,0,0,0,0
10:18:15.449  DEBUG    TX /CONTROLL/0,0,0,0,0,0,0,0,0
10:18:16.255  DEBUG    TX /CONTROLL/0,0,0,0,0,0,0,0,0
10:18:17.059  DEBUG    TX /CONTROLL/0,0,0,0,0,0,0,0,0
10:18:17.864  DEBUG    TX /CONTROLL/0,0,0,0,0,0,0,0,0
10:18:18.670  DEBUG    TX /CONTROLL/0,0,0,0,0,0,0,0,0
10:18:19.472  DEBUG    TX /CONTROLL/0,0,0,0,0,0,0,0,0
10:18:20.279  DEBUG    TX /CONTROLL/0,0,0,0,0,0,0,0,0
10:18:21.085  DEBUG    TX /CONTROLL/0,0,0,0,0,0,0,0,0
10:18:21.891  DEBUG    TX /CONTROLL/0,0,0,0,0,0,0,0,0
10:18:22.699  DEBUG    TX /CONTROLL/0,0,0,0,0,0,0,0,0
10:18:23.504  DEBUG    TX /CONTROLL/0,0,0,0,0,0,0,0,0
10:18:24.311  DEBUG    TX /CONTROLL/0,0,0,0,0,0,0,0,0
10:18:25.116  DEBUG    TX /CONTROLL/0,0,0,0,0,0,0,0,0
10:18:25.922  DEBUG    TX /CONTROLL/0,0,0,0,0,0,0,0,0
10:18:26.723  DEBUG    TX /CONTROLL/0,0,0,0,0,0,0,0,0
10:18:27.524  DEBUG    TX /CONTROLL/0,0,0,0,0,0,0,0,0
10:18:28.327  DEBUG    TX /CONTROLL/0,0,0,0,0,0,0,0,0
10:18:29.133  DEBUG    TX /CONTROLL/0,0,0,0,0,0,0,0,0
10:18:29.943  DEBUG    TX /CONTROLL/0,0,0,0,0,0,0,0,0
10:18:30.755  DEBUG    TX /CONTROLL/0,0,0,0,0,0,0,0,0
10:18:31.560  DEBUG    TX /CONTROLL/0,0,0,0,0,0,0,0,0
10:18:32.370  DEBUG    TX /CONTROLL/0,0,0,0,0,0,0,0,0
10:18:33.176  DEBUG    TX /CONTROLL/0,0,0,0,0,0,0,0,0
10:18:33.977  DEBUG    TX /CONTROLL/0,0,0,0,0,0,0,0,0
10:18:34.781  DEBUG    TX /CONTROLL/0,0,0,0,0,0,0,0,0
10:18:35.583  DEBUG    TX /CONTROLL/0,0,0,0,0,0,0,0,0
10:18:36.388  DEBUG    TX /CONTROLL/0,0,0,0,0,0,0,0,0
10:18:37.193  DEBUG    TX /CONTROLL/0,0,0,0,0,0,0,0,0
10:18:37.997  DEBUG    TX /CONTROLL/0,0,0,0,0,0,0,0,0
10:18:38.802  DEBUG    TX /CONTROLL/0,0,0,0,0,0,0,0,0
10:18:39.602  DEBUG    TX /CONTROLL/0,0,0,0,0,0,0,0,0
10:18:40.405  DEBUG    TX /CONTROLL/0,0,0,0,0,0,0,0,0
10:18:41.211  DEBUG    TX /CONTROLL/0,0,0,0,0,0,0,0,0
10:18:42.015  DEBUG    TX /CONTROLL/0,0,0,0,0,0,0,0,0
10:18:42.818  DEBUG    TX /CONTROLL/0,0,0,0,0,0,0,0,0
10:18:43.621  DEBUG    TX /CONTROLL/0,0,0,0,0,0,0,0,0
10:18:44.424  DEBUG    TX /CONTROLL/0,0,0,0,0,0,0,0,0
10:18:45.227  DEBUG    TX /CONTROLL/0,0,0,0,0,0,0,0,0
10:18:46.032  DEBUG    TX /CONTROLL/0,0,0,0,0,0,0,0,0
10:18:46.839  DEBUG    TX /CONTROLL/0,0,0,0,0,0,0,0,0
10:18:47.641  DEBUG    TX /CONTROLL/0,0,0,0,0,0,0,0,0
10:18:48.447  DEBUG    TX /CONTROLL/0,0,0,0,0,0,0,0,0
10:18:49.247  DEBUG    TX /CONTROLL/0,0,0,0,0,0,0,0,0
10:18:50.053  DEBUG    TX /CONTROLL/0,0,0,0,0,0,0,0,0
10:18:50.857  DEBUG    TX /CONTROLL/0,0,0,0,0,0,0,0,0
10:18:51.661  DEBUG    TX /CONTROLL/0,0,0,0,0,0,0,0,0
10:18:52.467  DEBUG    TX /CONTROLL/0,0,0,0,0,0,0,0,0
10:18:53.271  DEBUG    TX /CONTROLL/0,0,0,0,0,0,0,0,0
10:18:54.078  DEBUG    TX /CONTROLL/0,0,0,0,0,0,0,0,0
10:18:54.882  DEBUG    TX /CONTROLL/0,0,0,0,0,0,0,0,0
10:18:55.687  DEBUG    TX /CONTROLL/0,0,0,0,0,0,0,0,0
10:18:56.496  DEBUG    TX /CONTROLL/0,0,0,0,0,0,0,0,0
10:18:57.301  DEBUG    TX /CONTROLL/0,0,0,0,0,0,0,0,0
10:18:58.114  DEBUG    TX /CONTROLL/0,0,0,0,0,0,0,0,0
10:18:58.920  DEBUG    TX /CONTROLL/0,0,0,0,0,0,0,0,0
10:18:59.723  DEBUG    TX /CONTROLL/0,0,0,0,0,0,0,0,0
10:19:00.535  DEBUG    TX /CONTROLL/0,0,0,0,0,0,0,0,0
10:19:01.342  DEBUG    TX /CONTROLL/0,0,0,0,0,0,0,0,0
10:19:02.147  DEBUG    TX /CONTROLL/0,0,0,0,0,0,0,0,0
10:19:02.950  DEBUG    TX /CONTROLL/0,0,0,0,0,0,0,0,0
10:19:03.755  DEBUG    TX /CONTROLL/0,0,0,0,0,0,0,0,0
10:19:04.561  DEBUG    TX /CONTROLL/0,0,0,0,0,0,0,0,0
10:19:05.365  DEBUG    TX /CONTROLL/0,0,0,0,0,0,0,0,0
10:19:06.171  DEBUG    TX /CONTROLL/0,0,0,0,0,0,0,0,0
10:19:06.975  DEBUG    TX /CONTROLL/0,0,0,0,0,0,0,0,0
10:19:07.777  DEBUG    TX /CONTROLL/0,0,0,0,0,0,0,0,0
10:19:08.581  DEBUG    TX /CONTROLL/0,0,0,0,0,0,0,0,0
10:19:09.386  DEBUG    TX /CONTROLL/0,0,0,0,0,0,0,0,0
10:19:10.189  DEBUG    TX /CONTROLL/0,0,0,0,0,0,0,0,0
10:19:10.992  DEBUG    TX /CONTROLL/0,0,0,0,0,0,0,0,0
10:19:11.797  DEBUG    TX /CONTROLL/0,0,0,0,0,0,0,0,0
10:19:12.597  DEBUG    TX /CONTROLL/0,0,0,0,0,0,0,0,0
10:19:13.398  DEBUG    TX /CONTROLL/0,0,0,0,0,0,0,0,0
10:19:14.202  DEBUG    TX /CONTROLL/0,0,0,0,0,0,0,0,0
10:19:15.006  DEBUG    TX /CONTROLL/0,0,0,0,0,0,0,0,0
10:19:15.811  DEBUG    TX /CONTROLL/0,0,0,0,0,0,0,0,0
10:19:16.615  DEBUG    TX /CONTROLL/0,0,0,0,0,0,0,0,0
10:19:17.425  DEBUG    TX /CONTROLL/0,0,0,0,0,0,0,0,0
10:19:18.228  DEBUG    TX /CONTROLL/0,0,0,0,0,0,0,0,0
10:19:19.032  DEBUG    TX /CONTROLL/0,0,0,0,0,0,0,0,0
10:19:19.839  DEBUG    TX /CONTROLL/0,0,0,0,0,0,0,0,0
10:19:20.645  DEBUG    TX /CONTROLL/0,0,0,0,0,0,0,0,0
10:19:21.450  DEBUG    TX /CONTROLL/0,0,0,0,0,0,0,0,0
10:19:22.256  DEBUG    TX /CONTROLL/0,0,0,0,0,0,0,0,0
10:19:23.060  DEBUG    TX /CONTROLL/0,0,0,0,0,0,0,0,0
10:19:23.863  DEBUG    TX /CONTROLL/0,0,0,0,0,0,0,0,0
10:19:24.667  DEBUG    TX /CONTROLL/0,0,0,0,0,0,0,0,0
10:19:25.467  DEBUG    TX /CONTROLL/0,0,0,0,0,0,0,0,0
10:19:26.273  DEBUG    TX /CONTROLL/0,0,0,0,0,0,0,0,0
10:19:27.079  DEBUG    TX /CONTROLL/0,0,0,0,0,0,0,0,0
10:19:27.886  DEBUG    TX /CONTROLL/0,0,0,0,0,0,0,0,0
10:19:28.690  DEBUG    TX /CONTROLL/0,0,0,0,0,0,0,0,0
10:19:29.494  DEBUG    TX /CONTROLL/0,0,0,0,0,0,0,0,0
10:19:30.300  DEBUG    TX /CONTROLL/0,0,0,0,0,0,0,0,0
10:19:31.105  DEBUG    TX /CONTROLL/0,0,0,0,0,0,0,0,0
10:19:31.916  DEBUG    TX /CONTROLL/0,0,0,0,0,0,0,0,0
10:19:32.721  DEBUG    TX /CONTROLL/0,0,0,0,0,0,0,0,0
10:19:33.527  DEBUG    TX /CONTROLL/0,0,0,0,0,0,0,0,0
10:19:34.333  DEBUG    TX /CONTROLL/0,0,0,0,0,0,0,0,0
10:19:35.138  DEBUG    TX /CONTROLL/0,0,0,0,0,0,0,0,0
10:19:35.940  DEBUG    TX /CONTROLL/0,0,0,0,0,0,0,0,0
10:19:36.741  DEBUG    TX /CONTROLL/0,0,0,0,0,0,0,0,0
10:19:37.548  DEBUG    TX /CONTROLL/0,0,0,0,0,0,0,0,0
10:19:38.353  DEBUG    TX /CONTROLL/0,0,0,0,0,0,0,0,0
10:19:39.154  DEBUG    TX /CONTROLL/0,0,0,0,0,0,0,0,0
10:19:39.958  DEBUG    TX /CONTROLL/0,0,0,0,0,0,0,0,0
10:19:40.761  DEBUG    TX /CONTROLL/0,0,0,0,0,0,0,0,0
10:19:41.565  DEBUG    TX /CONTROLL/0,0,0,0,0,0,0,0,0
10:19:42.369  DEBUG    TX /CONTROLL/0,0,0,0,0,0,0,0,0
10:19:43.175  DEBUG    TX /CONTROLL/0,0,0,0,0,0,0,0,0
10:19:43.980  DEBUG    TX /CONTROLL/0,0,0,0,0,0,0,0,0
10:19:44.784  DEBUG    TX /CONTROLL/0,0,0,0,0,0,0,0,0
10:19:45.594  DEBUG    TX /CONTROLL/0,0,0,0,0,0,0,0,0
10:19:46.397  DEBUG    TX /CONTROLL/0,0,0,0,0,0,0,0,0
10:19:47.204  DEBUG    TX /CONTROLL/0,0,0,0,0,0,0,0,0
10:19:48.016  DEBUG    TX /CONTROLL/0,0,0,0,0,0,0,0,0
10:19:48.827  DEBUG    TX /CONTROLL/0,0,0,0,0,0,0,0,0
10:19:49.635  DEBUG    TX /CONTROLL/0,0,0,0,0,0,0,0,0
10:19:50.443  DEBUG    TX /CONTROLL/0,0,0,0,0,0,0,0,0
10:19:51.247  DEBUG    TX /CONTROLL/0,0,0,0,0,0,0,0,0
10:19:52.053  DEBUG    TX /CONTROLL/0,0,0,0,0,0,0,0,0
10:19:52.861  DEBUG    TX /CONTROLL/0,0,0,0,0,0,0,0,0
10:19:53.667  DEBUG    TX /CONTROLL/0,0,0,0,0,0,0,0,0
10:19:54.473  DEBUG    TX /CONTROLL/0,0,0,0,0,0,0,0,0
10:19:55.274  DEBUG    TX /CONTROLL/0,0,0,0,0,0,0,0,0
10:19:56.077  DEBUG    TX /CONTROLL/0,0,0,0,0,0,0,0,0
10:19:56.882  DEBUG    TX /CONTROLL/0,0,0,0,0,0,0,0,0
10:19:57.685  DEBUG    TX /CONTROLL/0,0,0,0,0,0,0,0,0
10:19:58.490  DEBUG    TX /CONTROLL/0,0,0,0,0,0,0,0,0
10:19:59.296  DEBUG    TX /CONTROLL/0,0,0,0,0,0,0,0,0
10:20:00.107  DEBUG    TX /CONTROLL/0,0,0,0,0,0,0,0,0
10:20:00.909  DEBUG    TX /CONTROLL/0,0,0,0,0,0,0,0,0
10:20:01.715  DEBUG    TX /CONTROLL/0,0,0,0,0,0,0,0,0
10:20:02.524  DEBUG    TX /CONTROLL/0,0,0,0,0,0,0,0,0
10:20:03.331  DEBUG    TX /CONTROLL/0,0,0,0,0,0,0,0,0
10:20:04.135  DEBUG    TX /CONTROLL/0,0,0,0,0,0,0,0,0
10:20:04.938  DEBUG    TX /CONTROLL/0,0,0,0,0,0,0,0,0
10:20:05.740  DEBUG    TX /CONTROLL/0,0,0,0,0,0,0,0,0
10:20:06.546  DEBUG    TX /CONTROLL/0,0,0,0,0,0,0,0,0
10:20:07.352  DEBUG    TX /CONTROLL/0,0,0,0,0,0,0,0,0
10:20:08.159  DEBUG    TX /CONTROLL/0,0,0,0,0,0,0,0,0
10:20:08.970  DEBUG    TX /CONTROLL/0,0,0,0,0,0,0,0,0
10:20:09.777  DEBUG    TX /CONTROLL/0,0,0,0,0,0,0,0,0
10:20:10.579  DEBUG    TX /CONTROLL/0,0,0,0,0,0,0,0,0
10:20:11.383  DEBUG    TX /CONTROLL/0,0,0,0,0,0,0,0,0
10:20:12.191  DEBUG    TX /CONTROLL/0,0,0,0,0,0,0,0,0
10:20:12.994  DEBUG    TX /CONTROLL/0,0,0,0,0,0,0,0,0
10:20:13.799  DEBUG    TX /CONTROLL/0,0,0,0,0,0,0,0,0
10:20:14.607  DEBUG    TX /CONTROLL/0,0,0,0,0,0,0,0,0
10:20:15.410  DEBUG    TX /CONTROLL/0,0,0,0,0,0,0,0,0
10:20:16.216  DEBUG    TX /CONTROLL/0,0,0,0,0,0,0,0,0
10:20:17.021  DEBUG    TX /CONTROLL/0,0,0,0,0,0,0,0,0
10:20:17.828  DEBUG    TX /CONTROLL/0,0,0,0,0,0,0,0,0
10:20:18.634  DEBUG    TX /CONTROLL/0,0,0,0,0,0,0,0,0
10:20:19.437  DEBUG    TX /CONTROLL/0,0,0,0,0,0,0,0,0
10:20:20.239  DEBUG    TX /CONTROLL/0,0,0,0,0,0,0,0,0
10:20:21.043  DEBUG    TX /CONTROLL/0,0,0,0,0,0,0,0,0
10:20:21.848  DEBUG    TX /CONTROLL/0,0,0,0,0,0,0,0,0
10:20:22.648  DEBUG    TX /CONTROLL/0,0,0,0,0,0,0,0,0
10:20:23.450  DEBUG    TX /CONTROLL/0,0,0,0,0,0,0,0,0
10:20:24.251  DEBUG    TX /CONTROLL/0,0,0,0,0,0,0,0,0
10:20:25.052  DEBUG    TX /CONTROLL/0,0,0,0,0,0,0,0,0
10:20:25.855  DEBUG    TX /CONTROLL/0,0,0,0,0,0,0,0,0
10:20:26.660  DEBUG    TX /CONTROLL/0,0,0,0,0,0,0,0,0
10:20:27.467  DEBUG    TX /CONTROLL/0,0,0,0,0,0,0,0,0
10:20:28.271  DEBUG    TX /CONTROLL/0,0,0,0,0,0,0,0,0
10:20:29.073  DEBUG    TX /CONTROLL/0,0,0,0,0,0,0,0,0
10:20:29.878  DEBUG    TX /CONTROLL/0,0,0,0,0,0,0,0,0
10:20:30.684  DEBUG    TX /CONTROLL/0,0,0,0,0,0,0,0,0
10:20:31.489  DEBUG    TX /CONTROLL/0,0,0,0,0,0,0,0,0
10:20:32.292  DEBUG    TX /CONTROLL/0,0,0,0,0,0,0,0,0
10:20:33.100  DEBUG    TX /CONTROLL/0,0,0,0,0,0,0,0,0
10:20:33.905  DEBUG    TX /CONTROLL/0,0,0,0,0,0,0,0,0
10:20:34.708  DEBUG    TX /CONTROLL/0,0,0,0,0,0,0,0,0
10:20:35.515  DEBUG    TX /CONTROLL/0,0,0,0,0,0,0,0,0
10:20:36.319  DEBUG    TX /CONTROLL/0,0,0,0,0,0,0,0,0
10:20:37.121  DEBUG    TX /CONTROLL/0,0,0,0,0,0,0,0,0
10:20:37.924  DEBUG    TX /CONTROLL/0,0,0,0,0,0,0,0,0
10:20:38.731  DEBUG    TX /CONTROLL/0,0,0,0,0,0,0,0,0
10:20:39.538  DEBUG    TX /CONTROLL/0,0,0,0,0,0,0,0,0
10:20:40.345  DEBUG    TX /CONTROLL/0,0,0,0,0,0,0,0,0
10:20:41.150  DEBUG    TX /CONTROLL/0,0,0,0,0,0,0,0,0
10:20:41.960  DEBUG    TX /CONTROLL/0,0,0,0,0,0,0,0,0
10:20:42.766  DEBUG    TX /CONTROLL/0,0,0,0,0,0,0,0,0
10:20:43.574  DEBUG    TX /CONTROLL/0,0,0,0,0,0,0,0,0
10:20:44.376  DEBUG    TX /CONTROLL/0,0,0,0,0,0,0,0,0
10:20:45.181  DEBUG    TX /CONTROLL/0,0,0,0,0,0,0,0,0
10:20:45.990  DEBUG    TX /CONTROLL/0,0,0,0,0,0,0,0,0
10:20:46.797  DEBUG    TX /CONTROLL/0,0,0,0,0,0,0,0,0
10:20:47.600  DEBUG    TX /CONTROLL/0,0,0,0,0,0,0,0,0
10:20:48.408  DEBUG    TX /CONTROLL/0,0,0,0,0,0,0,0,0
10:20:49.216  DEBUG    TX /CONTROLL/0,0,0,0,0,0,0,0,0
10:20:50.018  DEBUG    TX /CONTROLL/0,0,0,0,0,0,0,0,0
10:20:50.824  DEBUG    TX /CONTROLL/0,0,0,0,0,0,0,0,0
10:20:51.625  DEBUG    TX /CONTROLL/0,0,0,0,0,0,0,0,0
10:20:52.429  DEBUG    TX /CONTROLL/0,0,0,0,0,0,0,0,0
10:20:53.232  DEBUG    TX /CONTROLL/0,0,0,0,0,0,0,0,0
10:20:54.036  DEBUG    TX /CONTROLL/0,0,0,0,0,0,0,0,0
10:20:54.840  DEBUG    TX /CONTROLL/0,0,0,0,0,0,0,0,0
10:20:55.643  DEBUG    TX /CONTROLL/0,0,0,0,0,0,0,0,0
10:20:56.449  DEBUG    TX /CONTROLL/0,0,0,0,0,0,0,0,0
10:20:57.254  DEBUG    TX /CONTROLL/0,0,0,0,0,0,0,0,0
10:20:58.056  DEBUG    TX /CONTROLL/0,0,0,0,0,0,0,0,0
10:20:58.857  DEBUG    TX /CONTROLL/0,0,0,0,0,0,0,0,0
10:20:59.662  DEBUG    TX /CONTROLL/0,0,0,0,0,0,0,0,0
10:21:00.467  DEBUG    TX /CONTROLL/0,0,0,0,0,0,0,0,0
10:21:01.273  DEBUG    TX /CONTROLL/0,0,0,0,0,0,0,0,0
10:21:02.080  DEBUG    TX /CONTROLL/0,0,0,0,0,0,0,0,0
10:21:02.885  DEBUG    TX /CONTROLL/0,0,0,0,0,0,0,0,0
10:21:03.690  DEBUG    TX /CONTROLL/0,0,0,0,0,0,0,0,0
10:21:04.496  DEBUG    TX /CONTROLL/0,0,0,0,0,0,0,0,0
10:21:05.297  DEBUG    TX /CONTROLL/0,0,0,0,0,0,0,0,0
10:21:06.100  DEBUG    TX /CONTROLL/0,0,0,0,0,0,0,0,0
10:21:06.906  DEBUG    TX /CONTROLL/0,0,0,0,0,0,0,0,0
10:21:07.710  DEBUG    TX /CONTROLL/0,0,0,0,0,0,0,0,0
10:21:08.528  DEBUG    TX /CONTROLL/0,0,0,0,0,0,0,0,0
10:21:09.333  DEBUG    TX /CONTROLL/0,0,0,0,0,0,0,0,0
10:21:10.138  DEBUG    TX /CONTROLL/0,0,0,0,0,0,0,0,0
10:21:10.942  DEBUG    TX /CONTROLL/0,0,0,0,0,0,0,0,0
10:21:11.748  DEBUG    TX /CONTROLL/0,0,0,0,0,0,0,0,0
10:21:12.549  DEBUG    TX /CONTROLL/0,0,0,0,0,0,0,0,0
10:21:13.352  DEBUG    TX /CONTROLL/0,0,0,0,0,0,0,0,0
10:21:14.160  DEBUG    TX /CONTROLL/0,0,0,0,0,0,0,0,0
10:21:14.965  DEBUG    TX /CONTROLL/0,0,0,0,0,0,0,0,0
10:21:15.770  DEBUG    TX /CONTROLL/0,0,0,0,0,0,0,0,0
10:21:16.574  DEBUG    TX /CONTROLL/0,0,0,0,0,0,0,0,0
10:21:17.378  DEBUG    TX /CONTROLL/0,0,0,0,0,0,0,0,0
10:21:18.182  DEBUG    TX /CONTROLL/0,0,0,0,0,0,0,0,0
10:21:18.984  DEBUG    TX /CONTROLL/0,0,0,0,0,0,0,0,0
10:21:19.788  DEBUG    TX /CONTROLL/0,0,0,0,0,0,0,0,0
10:21:20.592  DEBUG    TX /CONTROLL/0,0,0,0,0,0,0,0,0
10:21:21.397  DEBUG    TX /CONTROLL/0,0,0,0,0,0,0,0,0
10:21:22.199  DEBUG    TX /CONTROLL/0,0,0,0,0,0,0,0,0
10:21:23.003  DEBUG    TX /CONTROLL/0,0,0,0,0,0,0,0,0
10:21:23.806  DEBUG    TX /CONTROLL/0,0,0,0,0,0,0,0,0
10:21:24.612  DEBUG    TX /CONTROLL/0,0,0,0,0,0,0,0,0
10:21:25.420  DEBUG    TX /CONTROLL/0,0,0,0,0,0,0,0,0
10:21:26.228  DEBUG    TX /CONTROLL/0,0,0,0,0,0,0,0,0
10:21:27.034  DEBUG    TX /CONTROLL/0,0,0,0,0,0,0,0,0
10:21:27.836  DEBUG    TX /CONTROLL/0,0,0,0,0,0,0,0,0
10:21:28.642  DEBUG    TX /CONTROLL/0,0,0,0,0,0,0,0,0
10:21:29.445  DEBUG    TX /CONTROLL/0,0,0,0,0,0,0,0,0
10:21:30.249  DEBUG    TX /CONTROLL/0,0,0,0,0,0,0,0,0
10:21:31.054  DEBUG    TX /CONTROLL/0,0,0,0,0,0,0,0,0
10:21:31.862  DEBUG    TX /CONTROLL/0,0,0,0,0,0,0,0,0
10:21:32.666  DEBUG    TX /CONTROLL/0,0,0,0,0,0,0,0,0
10:21:33.470  DEBUG    TX /CONTROLL/0,0,0,0,0,0,0,0,0
10:21:34.273  DEBUG    TX /CONTROLL/0,0,0,0,0,0,0,0,0
10:21:35.078  DEBUG    TX /CONTROLL/0,0,0,0,0,0,0,0,0
10:21:35.880  DEBUG    TX /CONTROLL/0,0,0,0,0,0,0,0,0
10:21:36.684  DEBUG    TX /CONTROLL/0,0,0,0,0,0,0,0,0
10:21:37.489  DEBUG    TX /CONTROLL/0,0,0,0,0,0,0,0,0
10:21:38.296  DEBUG    TX /CONTROLL/0,0,0,0,0,0,0,0,0
10:21:39.097  DEBUG    TX /CONTROLL/0,0,0,0,0,0,0,0,0
10:21:39.903  DEBUG    TX /CONTROLL/0,0,0,0,0,0,0,0,0
10:21:40.708  DEBUG    TX /CONTROLL/0,0,0,0,0,0,0,0,0
10:21:41.510  DEBUG    TX /CONTROLL/0,0,0,0,0,0,0,0,0
10:21:42.311  DEBUG    TX /CONTROLL/0,0,0,0,0,0,0,0,0
10:21:43.118  DEBUG    TX /CONTROLL/0,0,0,0,0,0,0,0,0
10:21:43.928  DEBUG    TX /CONTROLL/0,0,0,0,0,0,0,0,0
10:21:44.733  DEBUG    TX /CONTROLL/0,0,0,0,0,0,0,0,0
10:21:45.539  DEBUG    TX /CONTROLL/0,0,0,0,0,0,0,0,0
10:21:46.349  DEBUG    TX /CONTROLL/0,0,0,0,0,0,0,0,0
10:21:47.152  DEBUG    TX /CONTROLL/0,0,0,0,0,0,0,0,0
10:21:47.955  DEBUG    TX /CONTROLL/0,0,0,0,0,0,0,0,0
10:21:48.757  DEBUG    TX /CONTROLL/0,0,0,0,0,0,0,0,0
10:21:49.559  DEBUG    TX /CONTROLL/0,0,0,0,0,0,0,0,0
10:21:50.365  DEBUG    TX /CONTROLL/0,0,0,0,0,0,0,0,0
10:21:51.171  DEBUG    TX /CONTROLL/0,0,0,0,0,0,0,0,0
10:21:51.975  DEBUG    TX /CONTROLL/0,0,0,0,0,0,0,0,0
10:21:52.782  DEBUG    TX /CONTROLL/0,0,0,0,0,0,0,0,0
10:21:53.586  DEBUG    TX /CONTROLL/0,0,0,0,0,0,0,0,0
10:21:54.390  DEBUG    TX /CONTROLL/0,0,0,0,0,0,0,0,0
10:21:55.203  DEBUG    TX /CONTROLL/0,0,0,0,0,0,0,0,0
10:21:56.013  DEBUG    TX /CONTROLL/0,0,0,0,0,0,0,0,0
10:21:56.822  DEBUG    TX /CONTROLL/0,0,0,0,0,0,0,0,0
10:21:57.626  DEBUG    TX /CONTROLL/0,0,0,0,0,0,0,0,0
10:21:58.429  DEBUG    TX /CONTROLL/0,0,0,0,0,0,0,0,0
10:21:59.233  DEBUG    TX /CONTROLL/0,0,0,0,0,0,0,0,0
10:22:00.035  DEBUG    TX /CONTROLL/0,0,0,0,0,0,0,0,0
10:22:00.839  DEBUG    TX /CONTROLL/0,0,0,0,0,0,0,0,0
10:22:01.645  DEBUG    TX /CONTROLL/0,0,0,0,0,0,0,0,0
10:22:02.453  DEBUG    TX /CONTROLL/0,0,0,0,0,0,0,0,0
10:22:03.256  DEBUG    TX /CONTROLL/0,0,0,0,0,0,0,0,0
10:22:04.059  DEBUG    TX /CONTROLL/0,0,0,0,0,0,0,0,0
10:22:04.867  DEBUG    TX /CONTROLL/0,0,0,0,0,0,0,0,0
10:22:05.669  DEBUG    TX /CONTROLL/0,0,0,0,0,0,0,0,0
10:22:06.477  DEBUG    TX /CONTROLL/0,0,0,0,0,0,0,0,0
10:22:07.284  DEBUG    TX /CONTROLL/0,0,0,0,0,0,0,0,0
10:22:08.096  DEBUG    TX /CONTROLL/0,0,0,0,0,0,0,0,0
10:22:08.907  DEBUG    TX /CONTROLL/0,0,0,0,0,0,0,0,0
10:22:09.715  DEBUG    TX /CONTROLL/0,0,0,0,0,0,0,0,0
10:22:10.518  DEBUG    TX /CONTROLL/0,0,0,0,0,0,0,0,0
10:22:11.324  DEBUG    TX /CONTROLL/0,0,0,0,0,0,0,0,0
10:22:12.128  DEBUG    TX /CONTROLL/0,0,0,0,0,0,0,0,0
10:22:12.935  DEBUG    TX /CONTROLL/0,0,0,0,0,0,0,0,0
10:22:13.739  DEBUG    TX /CONTROLL/0,0,0,0,0,0,0,0,0
10:22:14.545  DEBUG    TX /CONTROLL/0,0,0,0,0,0,0,0,0
10:22:15.350  DEBUG    TX /CONTROLL/0,0,0,0,0,0,0,0,0
10:22:16.153  DEBUG    TX /CONTROLL/0,0,0,0,0,0,0,0,0
10:22:16.956  DEBUG    TX /CONTROLL/0,0,0,0,0,0,0,0,0
10:22:17.762  DEBUG    TX /CONTROLL/0,0,0,0,0,0,0,0,0
10:22:18.565  DEBUG    TX /CONTROLL/0,0,0,0,0,0,0,0,0
10:22:19.372  DEBUG    TX /CONTROLL/0,0,0,0,0,0,0,0,0
10:22:20.175  DEBUG    TX /CONTROLL/0,0,0,0,0,0,0,0,0
10:22:20.980  DEBUG    TX /CONTROLL/0,0,0,0,0,0,0,0,0
10:22:21.786  DEBUG    TX /CONTROLL/0,0,0,0,0,0,0,0,0
10:22:22.592  DEBUG    TX /CONTROLL/0,0,0,0,0,0,0,0,0
10:22:23.395  DEBUG    TX /CONTROLL/0,0,0,0,0,0,0,0,0
10:22:24.202  DEBUG    TX /CONTROLL/0,0,0,0,0,0,0,0,0
10:22:25.006  DEBUG    TX /CONTROLL/0,0,0,0,0,0,0,0,0
10:22:25.809  DEBUG    TX /CONTROLL/0,0,0,0,0,0,0,0,0
10:22:26.611  DEBUG    TX /CONTROLL/0,0,0,0,0,0,0,0,0
10:22:27.416  DEBUG    TX /CONTROLL/0,0,0,0,0,0,0,0,0
10:22:28.221  DEBUG    TX /CONTROLL/0,0,0,0,0,0,0,0,0
10:22:29.024  DEBUG    TX /CONTROLL/0,0,0,0,0,0,0,0,0
10:22:29.828  DEBUG    TX /CONTROLL/0,0,0,0,0,0,0,0,0
10:22:30.632  DEBUG    TX /CONTROLL/0,0,0,0,0,0,0,0,0
10:22:31.441  DEBUG    TX /CONTROLL/0,0,0,0,0,0,0,0,0
10:22:32.243  DEBUG    TX /CONTROLL/0,0,0,0,0,0,0,0,0
10:22:33.046  DEBUG    TX /CONTROLL/0,0,0,0,0,0,0,0,0
10:22:33.848  DEBUG    TX /CONTROLL/0,0,0,0,0,0,0,0,0
10:22:34.651  DEBUG    TX /CONTROLL/0,0,0,0,0,0,0,0,0
10:22:35.457  DEBUG    TX /CONTROLL/0,0,0,0,0,0,0,0,0
10:22:36.264  DEBUG    TX /CONTROLL/0,0,0,0,0,0,0,0,0
10:22:37.072  DEBUG    TX /CONTROLL/0,0,0,0,0,0,0,0,0
10:22:37.879  DEBUG    TX /CONTROLL/0,0,0,0,0,0,0,0,0
10:22:38.685  DEBUG    TX /CONTROLL/0,0,0,0,0,0,0,0,0
10:22:39.489  DEBUG    TX /CONTROLL/0,0,0,0,0,0,0,0,0
10:22:40.292  DEBUG    TX /CONTROLL/0,0,0,0,0,0,0,0,0
10:22:41.095  DEBUG    TX /CONTROLL/0,0,0,0,0,0,0,0,0
10:22:41.902  DEBUG    TX /CONTROLL/0,0,0,0,0,0,0,0,0
10:22:42.705  DEBUG    TX /CONTROLL/0,0,0,0,0,0,0,0,0
10:22:43.508  DEBUG    TX /CONTROLL/0,0,0,0,0,0,0,0,0
10:22:44.315  DEBUG    TX /CONTROLL/0,0,0,0,0,0,0,0,0
10:22:45.125  DEBUG    TX /CONTROLL/0,0,0,0,0,0,0,0,0
10:22:45.927  DEBUG    TX /CONTROLL/0,0,0,0,0,0,0,0,0
10:22:46.731  DEBUG    TX /CONTROLL/0,0,0,0,0,0,0,0,0
10:22:47.538  DEBUG    TX /CONTROLL/0,0,0,0,0,0,0,0,0
10:22:48.342  DEBUG    TX /CONTROLL/0,0,0,0,0,0,0,0,0
10:22:49.145  DEBUG    TX /CONTROLL/0,0,0,0,0,0,0,0,0
10:22:49.954  DEBUG    TX /CONTROLL/0,0,0,0,0,0,0,0,0
10:22:50.760  DEBUG    TX /CONTROLL/0,0,0,0,0,0,0,0,0
10:22:51.566  DEBUG    TX /CONTROLL/0,0,0,0,0,0,0,0,0
10:22:52.372  DEBUG    TX /CONTROLL/0,0,0,0,0,0,0,0,0
10:22:53.180  DEBUG    TX /CONTROLL/0,0,0,0,0,0,0,0,0
10:22:53.982  DEBUG    TX /CONTROLL/0,0,0,0,0,0,0,0,0
10:22:54.784  DEBUG    TX /CONTROLL/0,0,0,0,0,0,0,0,0
10:22:55.589  DEBUG    TX /CONTROLL/0,0,0,0,0,0,0,0,0
10:22:56.391  DEBUG    TX /CONTROLL/0,0,0,0,0,0,0,0,0
10:22:57.194  DEBUG    TX /CONTROLL/0,0,0,0,0,0,0,0,0
10:22:57.995  DEBUG    TX /CONTROLL/0,0,0,0,0,0,0,0,0
10:22:58.802  DEBUG    TX /CONTROLL/0,0,0,0,0,0,0,0,0
10:22:59.605  DEBUG    TX /CONTROLL/0,0,0,0,0,0,0,0,0
10:23:00.407  DEBUG    TX /CONTROLL/0,0,0,0,0,0,0,0,0
10:23:01.211  DEBUG    TX /CONTROLL/0,0,0,0,0,0,0,0,0
10:23:02.017  DEBUG    TX /CONTROLL/0,0,0,0,0,0,0,0,0
10:23:02.822  DEBUG    TX /CONTROLL/0,0,0,0,0,0,0,0,0
10:23:03.624  DEBUG    TX /CONTROLL/0,0,0,0,0,0,0,0,0
10:23:04.428  DEBUG    TX /CONTROLL/0,0,0,0,0,0,0,0,0
10:23:05.234  DEBUG    TX /CONTROLL/0,0,0,0,0,0,0,0,0
10:23:06.036  DEBUG    TX /CONTROLL/0,0,0,0,0,0,0,0,0
10:23:06.842  DEBUG    TX /CONTROLL/0,0,0,0,0,0,0,0,0
10:23:07.650  DEBUG    TX /CONTROLL/0,0,0,0,0,0,0,0,0
10:23:08.454  DEBUG    TX /CONTROLL/0,0,0,0,0,0,0,0,0
10:23:09.257  DEBUG    TX /CONTROLL/0,0,0,0,0,0,0,0,0
10:23:10.061  DEBUG    TX /CONTROLL/0,0,0,0,0,0,0,0,0
10:23:10.866  DEBUG    TX /CONTROLL/0,0,0,0,0,0,0,0,0
10:23:11.670  DEBUG    TX /CONTROLL/0,0,0,0,0,0,0,0,0
10:23:12.474  DEBUG    TX /CONTROLL/0,0,0,0,0,0,0,0,0
10:23:13.281  DEBUG    TX /CONTROLL/0,0,0,0,0,0,0,0,0
10:23:14.087  DEBUG    TX /CONTROLL/0,0,0,0,0,0,0,0,0
10:23:14.891  DEBUG    TX /CONTROLL/0,0,0,0,0,0,0,0,0
10:23:15.693  DEBUG    TX /CONTROLL/0,0,0,0,0,0,0,0,0
10:23:16.497  DEBUG    TX /CONTROLL/0,0,0,0,0,0,0,0,0
10:23:17.300  DEBUG    TX /CONTROLL/0,0,0,0,0,0,0,0,0
10:23:18.105  DEBUG    TX /CONTROLL/0,0,0,0,0,0,0,0,0
10:23:18.909  DEBUG    TX /CONTROLL/0,0,0,0,0,0,0,0,0
10:23:19.709  DEBUG    TX /CONTROLL/0,0,0,0,0,0,0,0,0
10:23:20.515  DEBUG    TX /CONTROLL/0,0,0,0,0,0,0,0,0
10:23:21.318  DEBUG    TX /CONTROLL/0,0,0,0,0,0,0,0,0
10:23:22.122  DEBUG    TX /CONTROLL/0,0,0,0,0,0,0,0,0
10:23:22.930  DEBUG    TX /CONTROLL/0,0,0,0,0,0,0,0,0
10:23:23.733  DEBUG    TX /CONTROLL/0,0,0,0,0,0,0,0,0
10:23:24.535  DEBUG    TX /CONTROLL/0,0,0,0,0,0,0,0,0
10:23:25.340  DEBUG    TX /CONTROLL/0,0,0,0,0,0,0,0,0
10:23:26.144  DEBUG    TX /CONTROLL/0,0,0,0,0,0,0,0,0
10:23:26.950  DEBUG    TX /CONTROLL/0,0,0,0,0,0,0,0,0
10:23:27.753  DEBUG    TX /CONTROLL/0,0,0,0,0,0,0,0,0
10:23:28.559  DEBUG    TX /CONTROLL/0,0,0,0,0,0,0,0,0
10:23:29.363  DEBUG    TX /CONTROLL/0,0,0,0,0,0,0,0,0
10:23:30.172  DEBUG    TX /CONTROLL/0,0,0,0,0,0,0,0,0
10:23:30.975  DEBUG    TX /CONTROLL/0,0,0,0,0,0,0,0,0
10:23:31.779  DEBUG    TX /CONTROLL/0,0,0,0,0,0,0,0,0
10:23:32.587  DEBUG    TX /CONTROLL/0,0,0,0,0,0,0,0,0
10:23:33.393  DEBUG    TX /CONTROLL/0,0,0,0,0,0,0,0,0
10:23:34.197  DEBUG    TX /CONTROLL/0,0,0,0,0,0,0,0,0
10:23:35.004  DEBUG    TX /CONTROLL/0,0,0,0,0,0,0,0,0
10:23:35.805  DEBUG    TX /CONTROLL/0,0,0,0,0,0,0,0,0
10:23:36.611  DEBUG    TX /CONTROLL/0,0,0,0,0,0,0,0,0
10:23:37.417  DEBUG    TX /CONTROLL/0,0,0,0,0,0,0,0,0
10:23:38.225  DEBUG    TX /CONTROLL/0,0,0,0,0,0,0,0,0
10:23:39.029  DEBUG    TX /CONTROLL/0,0,0,0,0,0,0,0,0
10:23:39.834  DEBUG    TX /CONTROLL/0,0,0,0,0,0,0,0,0
10:23:40.638  DEBUG    TX /CONTROLL/0,0,0,0,0,0,0,0,0
10:23:41.442  DEBUG    TX /CONTROLL/0,0,0,0,0,0,0,0,0
10:23:42.246  DEBUG    TX /CONTROLL/0,0,0,0,0,0,0,0,0
10:23:43.050  DEBUG    TX /CONTROLL/0,0,0,0,0,0,0,0,0
10:23:43.858  DEBUG    TX /CONTROLL/0,0,0,0,0,0,0,0,0
10:23:44.662  DEBUG    TX /CONTROLL/0,0,0,0,0,0,0,0,0
10:23:45.469  DEBUG    TX /CONTROLL/0,0,0,0,0,0,0,0,0
10:23:46.278  DEBUG    TX /CONTROLL/0,0,0,0,0,0,0,0,0
10:23:47.086  DEBUG    TX /CONTROLL/0,0,0,0,0,0,0,0,0
10:23:47.889  DEBUG    TX /CONTROLL/0,0,0,0,0,0,0,0,0
10:23:48.705  DEBUG    TX /CONTROLL/0,0,0,0,0,0,0,0,0
10:23:49.512  DEBUG    TX /CONTROLL/0,0,0,0,0,0,0,0,0
10:23:50.317  DEBUG    TX /CONTROLL/0,0,0,0,0,0,0,0,0
10:23:51.127  DEBUG    TX /CONTROLL/0,0,0,0,0,0,0,0,0
10:23:51.936  DEBUG    TX /CONTROLL/0,0,0,0,0,0,0,0,0
10:23:52.743  DEBUG    TX /CONTROLL/0,0,0,0,0,0,0,0,0
10:23:53.549  DEBUG    TX /CONTROLL/0,0,0,0,0,0,0,0,0
10:23:54.354  DEBUG    TX /CONTROLL/0,0,0,0,0,0,0,0,0
10:23:55.165  DEBUG    TX /CONTROLL/0,0,0,0,0,0,0,0,0
10:23:55.973  DEBUG    TX /CONTROLL/0,0,0,0,0,0,0,0,0
10:23:56.775  DEBUG    TX /CONTROLL/0,0,0,0,0,0,0,0,0
10:23:57.579  DEBUG    TX /CONTROLL/0,0,0,0,0,0,0,0,0
10:23:58.387  DEBUG    TX /CONTROLL/0,0,0,0,0,0,0,0,0
10:23:59.196  DEBUG    TX /CONTROLL/0,0,0,0,0,0,0,0,0
10:24:00.000  DEBUG    TX /CONTROLL/0,0,0,0,0,0,0,0,0
10:24:00.806  DEBUG    TX /CONTROLL/0,0,0,0,0,0,0,0,0
10:24:01.613  DEBUG    TX /CONTROLL/0,0,0,0,0,0,0,0,0
10:24:02.418  DEBUG    TX /CONTROLL/0,0,0,0,0,0,0,0,0
10:24:03.220  DEBUG    TX /CONTROLL/0,0,0,0,0,0,0,0,0
10:24:04.026  DEBUG    TX /CONTROLL/0,0,0,0,0,0,0,0,0
10:24:04.836  DEBUG    TX /CONTROLL/0,0,0,0,0,0,0,0,0
10:24:05.642  DEBUG    TX /CONTROLL/0,0,0,0,0,0,0,0,0
10:24:06.457  DEBUG    TX /CONTROLL/0,0,0,0,0,0,0,0,0
10:24:07.264  DEBUG    TX /CONTROLL/0,0,0,0,0,0,0,0,0
10:24:08.071  DEBUG    TX /CONTROLL/0,0,0,0,0,0,0,0,0
10:24:08.881  DEBUG    TX /CONTROLL/0,0,0,0,0,0,0,0,0
10:24:09.689  DEBUG    TX /CONTROLL/0,0,0,0,0,0,0,0,0
10:24:10.496  DEBUG    TX /CONTROLL/0,0,0,0,0,0,0,0,0
10:24:11.307  DEBUG    TX /CONTROLL/0,0,0,0,0,0,0,0,0
10:24:12.129  DEBUG    TX /CONTROLL/0,0,0,0,0,0,0,0,0
10:24:12.931  DEBUG    TX /CONTROLL/0,0,0,0,0,0,0,0,0
10:24:13.734  DEBUG    TX /CONTROLL/0,0,0,0,0,0,0,0,0
10:24:14.540  DEBUG    TX /CONTROLL/0,0,0,0,0,0,0,0,0
10:24:15.351  DEBUG    TX /CONTROLL/0,0,0,0,0,0,0,0,0
10:24:16.158  DEBUG    TX /CONTROLL/0,0,0,0,0,0,0,0,0
10:24:16.962  DEBUG    TX /CONTROLL/0,0,0,0,0,0,0,0,0
10:24:17.767  DEBUG    TX /CONTROLL/0,0,0,0,0,0,0,0,0
10:24:18.568  DEBUG    TX /CONTROLL/0,0,0,0,0,0,0,0,0
10:24:19.376  DEBUG    TX /CONTROLL/0,0,0,0,0,0,0,0,0
