10:30:46.762  INFO     Connecting to 100.122.9.49:5000...
10:30:47.557  DEBUG    TX /CONTROLL/0,0,0,0,0,0,0,0,0
10:30:48.362  DEBUG    TX /CONTROLL/0,0,0,0,0,0,0,0,0
10:30:49.171  DEBUG    TX /CONTROLL/0,0,0,0,0,0,0,0,0
10:30:49.977  DEBUG    TX /CONTROLL/0,0,0,0,0,0,0,0,4
10:30:50.781  DEBUG    TX /CONTROLL/0,0,0,0,0,0,0,0,0
10:30:51.584  DEBUG    TX /CONTROLL/0,0,0,0,0,0,0,0,0
10:30:52.338  INFO     Network connection established
10:30:52.343  INFO     RX        /BATTERY/VDDA/12859 mV
10:30:52.343  INFO     RX        === Hexapod Mainboard ===
10:30:52.343  INFO     RX        PCA9685 Right: OK
10:30:52.343  INFO     RX        PCA9685 Left:  OK
10:30:52.343  INFO     RX        LSM6DSO IMU:   OK
10:30:52.386  DEBUG    TX /CONTROLL/0,0,0,0,0,0,0,0,0
10:30:52.506  INFO     RX        VL53L1X ToF:   OK
10:30:52.562  INFO     RX        Locomotion:    INIT (UN_ARMED, printf mode)
10:30:53.189  DEBUG    TX /CONTROLL/0,0,0,0,0,0,0,0,0
10:30:53.992  DEBUG    TX /CONTROLL/0,0,0,0,0,0,0,0,0
10:30:54.464  INFO     RX        Press L1 to arm, R1 to /BATTERY/VDDA/12874 mV
10:30:54.464  INFO     RX        === Hexapod Mainboard ===
10:30:54.479  INFO     RX        PCA9685 Right: OK
10:30:54.496  INFO     RX        PCA9685 Left:  OK
10:30:54.512  INFO     RX        LSM6DSO IMU:   OK
10:30:54.671  INFO     RX        VL53L1X ToF:   OK
10:30:54.728  INFO     RX        Locomotion:    INIT (UN_ARMED, printf mode)
10:30:54.728  INFO     RX        Press L1 to arm, R1 to disarm at any time.
10:30:54.728  INFO     RX        Ready.
10:30:54.799  DEBUG    TX /CONTROLL/0,0,0,0,0,0,0,0,0
10:30:55.603  DEBUG    TX /CONTROLL/0,0,0,0,0,0,0,0,0
10:30:56.409  DEBUG    TX /CONTROLL/0,0,0,0,0,0,0,0,0
10:30:57.214  DEBUG    TX /CONTROLL/0,0,0,0,0,0,0,0,0
10:30:58.018  DEBUG    TX /CONTROLL/0,0,0,-44,0,0,0,0,0
10:30:58.822  DEBUG    TX /CONTROLL/0,13,19,99,0,0,0,0,0
10:30:59.625  DEBUG    TX /CONTROLL/16,-72,0,0,0,0,0,0,0
10:31:00.430  DEBUG    TX /CONTROLL/0,0,0,0,0,0,0,0,0
10:31:01.234  DEBUG    TX /CONTROLL/0,0,0,0,0,0,0,0,0
10:31:01.365  INFO     RX        SERVO FR.[C: 90 F:106 T:107] MR.[C: 90 F:106 T:107] BR.[C: 90 F:106 T:1/BATTERY/VDDA/12870 mV
10:31:01.365  INFO     RX        === Hexapod Mainboard ===
10:31:01.382  INFO     RX        PCA9685 Right: OK
10:31:01.382  INFO     RX        PCA9685 Left:  OK
10:31:01.397  INFO     RX        LSM6DSO IMU:   OK
10:31:01.568  INFO     RX        VL53L1X ToF:   OK
10:31:01.643  INFO     RX        Locomotion:    INIT (UN_ARMED, printf mode)
10:31:01.643  INFO     RX        Press L1 to arm, R1 to disarm at any time.
10:31:01.643  INFO     RX        Ready.
10:31:02.041  DEBUG    TX /CONTROLL/0,0,0,0,0,0,0,0,0
10:31:02.843  DEBUG    TX /CONTROLL/0,0,0,0,0,0,0,0,0
10:31:03.647  DEBUG    TX /CONTROLL/0,0,0,0,0,0,0,0,0
10:31:04.450  DEBUG    TX /CONTROLL/0,0,0,0,0,0,0,0,0
10:31:05.253  DEBUG    TX /CONTROLL/0,0,0,0,0,0,0,0,0
10:31:06.057  DEBUG    TX /CONTROLL/0,0,0,0,0,0,0,0,0
10:31:06.861  DEBUG    TX /CONTROLL/0,0,0,0,0,0,0,0,0
10:31:06.889  INFO     RX        SERVO FR.[C: 90 F:106 T:107] MR.[C: 90 F:106 T:107] BR.[C: 90 F:106 T:1/BATTERY/VDDA/12857 mV
10:31:06.889  INFO     RX        === Hexapod Mainboard ===
10:31:06.896  INFO     RX        PCA9685 Right: OK
10:31:06.912  INFO     RX        PCA9685 Left:  OK
10:31:06.930  INFO     RX        LSM6DSO IMU:   OK
10:31:07.096  INFO     RX        VL53L1X ToF:   OK
10:31:07.155  INFO     RX        Locomotion:    INIT (UN_ARMED, printf mode)
10:31:07.155  INFO     RX        Press L1 to arm, R1 to disarm at any time.
10:31:07.155  INFO     RX        Ready.
10:31:07.665  DEBUG    TX /CONTROLL/0,0,0,0,0,0,0,0,0
10:31:08.470  DEBUG    TX /CONTROLL/0,0,0,0,0,0,0,0,0
10:31:09.274  DEBUG    TX /CONTROLL/0,0,0,0,0,0,0,0,32
10:31:10.075  DEBUG    TX /CONTROLL/0,0,0,0,0,0,0,0,0
10:31:10.878  DEBUG    TX /CONTROLL/0,0,0,0,0,0,0,0,32
10:31:11.682  DEBUG    TX /CONTROLL/0,0,0,0,0,0,0,0,0
10:31:12.265  INFO     RX        SERVO FR.[C: 90 F:106 T:/BATTERY/VDDA/12867 mV
10:31:12.265  INFO     RX        === Hexapod Mainboard ===
10:31:12.279  INFO     RX        PCA9685 Right: OK
10:31:12.295  INFO     RX        PCA9685 Left:  OK
10:31:12.311  INFO     RX        LSM6DSO IMU:   OK
10:31:12.471  INFO     RX        VL53L1X ToF:   OK
10:31:12.487  DEBUG    TX /CONTROLL/0,0,0,0,0,0,0,0,0
10:31:12.534  INFO     RX        Locomotion:    INIT (UN_ARMED, printf mode)
10:31:12.534  INFO     RX        Press L1 to arm, R1 to disarm at any time.
10:31:12.534  INFO     RX        Ready.
10:31:13.290  DEBUG    TX /CONTROLL/0,0,0,0,0,0,0,0,0
10:31:14.097  DEBUG    TX /CONTROLL/0,0,0,0,0,0,0,0,0
10:31:14.903  DEBUG    TX /CONTROLL/0,0,0,0,0,0,0,0,0
10:31:15.706  DEBUG    TX /CONTROLL/0,0,0,0,0,0,0,0,0
10:31:16.511  DEBUG    TX /CONTROLL/0,0,0,0,0,0,0,0,0
10:31:17.313  DEBUG    TX /CONTROLL/0,0,0,0,0,0,0,0,0
10:31:17.790  INFO     RX        SERVO FR.[C: 90 F:106 T:/BATTERY/VDDA/12861 mV
10:31:17.790  INFO     RX        === Hexapod Mainboard ===
10:31:17.800  INFO     RX        PCA9685 Right: OK
10:31:17.815  INFO     RX        PCA9685 Left:  OK
10:31:17.831  INFO     RX        LSM6DSO IMU:   OK
10:31:17.996  INFO     RX        VL53L1X ToF:   OK
10:31:18.055  INFO     RX        Locomotion:    INIT (UN_ARMED, printf mode)
10:31:18.055  INFO     RX        Press L1 to arm, R1 to disarm at any time.
10:31:18.055  INFO     RX        Ready.
10:31:18.117  DEBUG    TX /CONTROLL/0,0,0,0,0,0,0,0,0
10:31:18.920  DEBUG    TX /CONTROLL/0,0,0,0,0,0,0,0,0
10:31:19.724  DEBUG    TX /CONTROLL/0,0,0,0,0,0,0,0,0
10:31:20.529  DEBUG    TX /CONTROLL/0,0,0,0,0,0,0,0,0
10:31:21.331  DEBUG    TX /CONTROLL/0,0,0,0,0,0,0,0,0
10:31:22.135  DEBUG    TX /CONTROLL/0,0,0,0,0,0,0,0,0
10:31:22.938  DEBUG    TX /CONTROLL/0,0,0,0,0,0,0,0,0
10:31:23.741  DEBUG    TX /CONTROLL/0,0,0,0,0,0,0,0,0
10:31:24.545  DEBUG    TX /CONTROLL/0,0,0,0,0,0,4,0,0
10:31:25.352  DEBUG    TX /CONTROLL/0,0,0,0,0,0,0,0,0
10:31:25.758  INFO     RX        /ERR/LOKO/0x00000002
10:31:25.773  INFO     RX        /ERR/LOKO/0x00000002
10:31:25.791  INFO     RX        /ERR/LOKO/0x00000002
10:31:25.805  INFO     RX        /ERR/LOKO/0x00000002
10:31:25.805  INFO     RX        /ERR/LOKO/0x00000002
10:31:25.822  INFO     RX        /ERR/LOKO/0x00000002
10:31:25.839  INFO     RX        /ERR/LOKO/0x00000002
10:31:25.839  INFO     RX        /ERR/LOKO/0x00000002
10:31:25.855  INFO     RX        /ERR/LOKO/0x00000002
10:31:25.870  INFO     RX        /ERR/LOKO/0x00000002
10:31:25.887  INFO     RX        /ERR/LOKO/0x00000002
10:31:25.887  INFO     RX        /ERR/LOKO/0x00000002
10:31:25.902  INFO     RX        /ERR/LOKO/0x00000002
10:31:25.918  INFO     RX        /ERR/LOKO/0x00000002
10:31:26.157  DEBUG    TX /CONTROLL/0,0,0,0,0,0,0,0,0
10:31:26.959  DEBUG    TX /CONTROLL/0,0,0,0,0,0,0,0,0
10:31:27.763  DEBUG    TX /CONTROLL/0,0,0,0,1,0,0,0,0
10:31:28.232  INFO     RX        /ERR/LOKO/0x00000002
10:31:28.427  INFO     RX        /ERR/LOKO/0x00000002
10:31:28.443  INFO     RX        /ERR/LOKO/0x00000002
10:31:28.458  INFO     RX        /ERR/LOKO/0x00000002
10:31:28.474  INFO     RX        /ERR/LOKO/0x00000002
10:31:28.474  INFO     RX        /ERR/LOKO/0x00000002
10:31:28.490  INFO     RX        /ERR/LOKO/0x00000002
10:31:28.508  INFO     RX        /ERR/LOKO/0x00000002
10:31:28.508  INFO     RX        /ERR/LOKO/0x00000002
10:31:28.525  INFO     RX        /ERR/LOKO/0x00000002
10:31:28.539  INFO     RX        /ERR/LOKO/0x00000002
10:31:28.557  INFO     RX        /ERR/LOKO/0x00000002
10:31:28.557  INFO     RX        /ERR/LOKO/0x00000002
10:31:28.568  DEBUG    TX /CONTROLL/0,0,0,-18,0,0,0,0,0
10:31:28.572  INFO     RX        /ERR/LOKO/0x00000002
10:31:28.588  INFO     RX        /ERR/LOKO/0x00000002
10:31:28.604  INFO     RX        /ERR/LOKO/0x00000002
10:31:28.604  INFO     RX        /ERR/LOKO/0x00000002
10:31:28.620  INFO     RX        /ERR/LOKO/0x00000002
10:31:28.636  INFO     RX        /ERR/LOKO/0x00000002
10:31:28.652  INFO     RX        /ERR/LOKO/0x00000002
10:31:28.652  INFO     RX        /ERR/LOKO/0x00000002
10:31:28.844  INFO     RX        /ERR/LOKO/0x00000002
10:31:28.860  INFO     RX        /ERR/LOKO/0x00000002
10:31:28.860  INFO     RX        /ERR/LOKO/0x00000002
10:31:28.876  INFO     RX        /ERR/LOKO/0x00000002
10:31:28.892  INFO     RX        /ERR/LOKO/0x00000002
10:31:28.908  INFO     RX        /ERR/LOKO/0x00000002
10:31:28.908  INFO     RX        /ERR/LOKO/0x00000002
10:31:28.924  INFO     RX        /ERR/LOKO/0x00000002
10:31:28.941  INFO     RX        /ERR/LOKO/0x00000002
10:31:28.958  INFO     RX        /ERR/LOKO/0x00000002
10:31:28.958  INFO     RX        /ERR/LOKO/0x00000002
10:31:28.973  INFO     RX        /ERR/LOKO/0x00000002
10:31:28.991  INFO     RX        /ERR/LOKO/0x00000002
10:31:28.991  INFO     RX        /ERR/LOKO/0x00000002
10:31:29.005  INFO     RX        /ERR/LOKO/0x00000002
10:31:29.022  INFO     RX        /ERR/LOKO/0x00000002
10:31:29.038  INFO     RX        /ERR/LOKO/0x00000002
10:31:29.038  INFO     RX        /ERR/LOKO/0x00000002
10:31:29.053  INFO     RX        /ERR/LOKO/0x00000002
10:31:29.069  INFO     RX        /ERR/LOKO/0x00000002
10:31:29.214  INFO     RX        /ERR/LOKO/0x00000002
10:31:29.230  INFO     RX        /ERR/LOKO/0x00000002
10:31:29.247  INFO     RX        /ERR/LOKO/0x00000002
10:31:29.247  INFO     RX        /ERR/LOKO/0x00000002
10:31:29.262  INFO     RX        /ERR/LOKO/0x00000002
10:31:29.278  INFO     RX        /ERR/LOKO/0x00000002
10:31:29.295  INFO     RX        /ERR/LOKO/0x00000002
10:31:29.295  INFO     RX        /ERR/LOKO/0x00000002
10:31:29.311  INFO     RX        /ERR/LOKO/0x00000002
10:31:29.327  INFO     RX        /ERR/LOKO/0x00000002
10:31:29.343  INFO     RX        /ERR/LOKO/0x00000002
10:31:29.343  INFO     RX        /ERR/LOKO/0x00000002
10:31:29.359  INFO     RX        /ERR/LOKO/0x00000002
10:31:29.373  DEBUG    TX /CONTROLL/0,0,0,-18,0,0,0,0,0
10:31:29.376  INFO     RX        /ERR/LOKO/0x00000002
10:31:29.392  INFO     RX        /ERR/LOKO/0x00000002
10:31:29.392  INFO     RX        /ERR/LOKO/0x00000002
10:31:29.407  INFO     RX        /ERR/LOKO/0x00000002
10:31:29.423  INFO     RX        /ERR/LOKO/0x00000002
10:31:29.441  INFO     RX        /ERR/LOKO/0x00000002
10:31:29.441  INFO     RX        /ERR/LOKO/0x00000002
10:31:29.537  INFO     RX        /ERR/LOKO/0x00000002
10:31:29.553  INFO     RX        /ERR/LOKO/0x00000002
10:31:29.569  INFO     RX        /ERR/LOKO/0x00000002
10:31:29.569  INFO     RX        /ERR/LOKO/0x00000002
10:31:29.583  INFO     RX        /ERR/LOKO/0x00000002
10:31:29.599  INFO     RX        /ERR/LOKO/0x00000002
10:31:29.617  INFO     RX        /ERR/LOKO/0x00000002
10:31:29.617  INFO     RX        /ERR/LOKO/0x00000002
10:31:29.631  INFO     RX        /ERR/LOKO/0x00000002
10:31:29.650  INFO     RX        /ERR/LOKO/0x00000002
10:31:29.650  INFO     RX        /ERR/LOKO/0x00000002
10:31:29.664  INFO     RX        /ERR/LOKO/0x00000002
10:31:29.681  INFO     RX        /ERR/LOKO/0x00000002
10:31:29.696  INFO     RX        /ERR/LOKO/0x00000002
10:31:29.696  INFO     RX        /ERR/LOKO/0x00000002
10:31:29.713  INFO     RX        /ERR/LOKO/0x00000002
10:31:29.730  INFO     RX        /ERR/LOKO/0x00000002
10:31:29.746  INFO     RX        /ERR/LOKO/0x00000002
10:31:29.746  INFO     RX        /ERR/LOKO/0x00000002
10:31:29.762  INFO     RX        /ERR/LOKO/0x00000002
10:31:29.874  INFO     RX        /ERR/LOKO/0x00000002
10:31:29.874  INFO     RX        /ERR/LOKO/0x00000002
10:31:29.891  INFO     RX        /ERR/LOKO/0x00000002
10:31:29.907  INFO     RX        /ERR/LOKO/0x00000002
10:31:29.926  INFO     RX        /ERR/LOKO/0x00000002
10:31:29.926  INFO     RX        /ERR/LOKO/0x00000002
10:31:30.175  DEBUG    TX /CONTROLL/0,0,0,0,0,0,0,0,0
10:31:30.979  DEBUG    TX /CONTROLL/0,0,0,-20,0,0,0,0,0
10:31:30.999  INFO     RX        /ERR/LOKO/0x00000002
10:31:31.009  INFO     RX        /ERR/LOKO/0x00000002
10:31:31.015  INFO     RX        /ERR/LOKO/0x00000002
10:31:31.030  INFO     RX        /ERR/LOKO/0x00000002
10:31:31.046  INFO     RX        /ERR/LOKO/0x00000002
10:31:31.046  INFO     RX        /ERR/LOKO/0x00000002
10:31:31.062  INFO     RX        /ERR/LOKO/0x00000002
10:31:31.079  INFO     RX        /ERR/LOKO/0x00000002
10:31:31.079  INFO     RX        /ERR/LOKO/0x00000002
10:31:31.096  INFO     RX        /ERR/LOKO/0x00000002
10:31:31.110  INFO     RX        /ERR/LOKO/0x00000002
10:31:31.128  INFO     RX        /ERR/LOKO/0x00000002
10:31:31.128  INFO     RX        /ERR/LOKO/0x00000002
10:31:31.143  INFO     RX        /ERR/LOKO/0x00000002
10:31:31.159  INFO     RX        /ERR/LOKO/0x00000002
10:31:31.177  INFO     RX        /ERR/LOKO/0x00000002
10:31:31.336  INFO     RX        /ERR/LOKO/0x00000002
10:31:31.352  INFO     RX        /ERR/LOKO/0x00000002
10:31:31.368  INFO     RX        /ERR/LOKO/0x00000002
10:31:31.385  INFO     RX        /ERR/LOKO/0x00000002
10:31:31.385  INFO     RX        /ERR/LOKO/0x00000002
10:31:31.401  INFO     RX        /ERR/LOKO/0x00000002
10:31:31.417  INFO     RX        /ERR/LOKO/0x00000002
10:31:31.433  INFO     RX        /ERR/LOKO/0x00000002
10:31:31.433  INFO     RX        /ERR/LOKO/0x00000002
10:31:31.449  INFO     RX        /ERR/LOKO/0x00000002
10:31:31.467  INFO     RX        /ERR/LOKO/0x00000002
10:31:31.482  INFO     RX        /ERR/LOKO/0x00000002
10:31:31.482  INFO     RX        /ERR/LOKO/0x00000002
10:31:31.498  INFO     RX        /ERR/LOKO/0x00000002
10:31:31.514  INFO     RX        /ERR/LOKO/0x00000002
10:31:31.514  INFO     RX        /ERR/LOKO/0x00000002
10:31:31.531  INFO     RX        /ERR/LOKO/0x00000002
10:31:31.548  INFO     RX        /ERR/LOKO/0x00000002
10:31:31.566  INFO     RX        /ERR/LOKO/0x00000002
10:31:31.566  INFO     RX        /ERR/LOKO/0x00000002
10:31:31.580  INFO     RX        /ERR/LOKO/0x00000002
10:31:31.596  INFO     RX        /ERR/LOKO/0x00000002
10:31:31.596  INFO     RX        /ERR/LOKO/0x00000002
10:31:31.612  INFO     RX        /ERR/LOKO/0x00000002
10:31:31.628  INFO     RX        /ERR/LOKO/0x00000002
10:31:31.644  INFO     RX        /ERR/LOKO/0x00000002
10:31:31.645  INFO     RX        /ERR/LOKO/0x00000002
10:31:31.661  INFO     RX        /ERR/LOKO/0x00000002
10:31:31.678  INFO     RX        /ERR/LOKO/0x00000002
10:31:31.693  INFO     RX        /ERR/LOKO/0x00000002
10:31:31.693  INFO     RX        /ERR/LOKO/0x00000002
10:31:31.709  INFO     RX        /ERR/LOKO/0x00000002
10:31:31.724  INFO     RX        /ERR/LOKO/0x00000002
10:31:31.740  INFO     RX        /ERR/LOKO/0x00000002
10:31:31.740  INFO     RX        /ERR/LOKO/0x00000002
10:31:31.756  INFO     RX        /ERR/LOKO/0x00000002
10:31:31.786  DEBUG    TX /CONTROLL/0,0,0,-20,0,0,0,0,0
10:31:31.917  INFO     RX        /ERR/LOKO/0x00000002
10:31:31.933  INFO     RX        /ERR/LOKO/0x00000002
10:31:31.949  INFO     RX        /ERR/LOKO/0x00000002
10:31:31.949  INFO     RX        /ERR/LOKO/0x00000002
10:31:31.965  INFO     RX        /ERR/LOKO/0x00000002
10:31:31.981  INFO     RX        /ERR/LOKO/0x00000002
10:31:31.998  INFO     RX        /ERR/LOKO/0x00000002
10:31:31.998  INFO     RX        /ERR/LOKO/0x00000002
10:31:32.013  INFO     RX        /ERR/LOKO/0x00000002
10:31:32.030  INFO     RX        /ERR/LOKO/0x00000002
10:31:32.044  INFO     RX        /ERR/LOKO/0x00000002
10:31:32.045  INFO     RX        /ERR/LOKO/0x00000002
10:31:32.061  INFO     RX        /ERR/LOKO/0x00000002
10:31:32.078  INFO     RX        /ERR/LOKO/0x00000002
10:31:32.093  INFO     RX        /ERR/LOKO/0x00000002
10:31:32.094  INFO     RX        /ERR/LOKO/0x00000002
10:31:32.109  INFO     RX        /ERR/LOKO/0x00000002
10:31:32.126  INFO     RX        /ERR/LOKO/0x00000002
10:31:32.126  INFO     RX        /ERR/LOKO/0x00000002
10:31:32.143  INFO     RX        /ERR/LOKO/0x00000002
10:31:32.157  INFO     RX        /ERR/LOKO/0x00000002
10:31:32.173  INFO     RX        /ERR/LOKO/0x00000002
10:31:32.189  INFO     RX        /ERR/LOKO/0x00000002
10:31:32.189  INFO     RX        /ERR/LOKO/0x00000002
10:31:32.205  INFO     RX        /ERR/LOKO/0x00000002
10:31:32.221  INFO     RX        /ERR/LOKO/0x00000002
10:31:32.221  INFO     RX        /ERR/LOKO/0x00000002
10:31:32.237  INFO     RX        /ERR/LOKO/0x00000002
10:31:32.253  INFO     RX        /ERR/LOKO/0x00000002
10:31:32.270  INFO     RX        /ERR/LOKO/0x00000002
10:31:32.270  INFO     RX        /ERR/LOKO/0x00000002
10:31:32.285  INFO     RX        /ERR/LOKO/0x00000002
10:31:32.301  INFO     RX        /ERR/LOKO/0x00000002
10:31:32.318  INFO     RX        /ERR/LOKO/0x00000002
10:31:32.318  INFO     RX        /ERR/LOKO/0x00000002
10:31:32.333  INFO     RX        /ERR/LOKO/0x00000002
10:31:32.349  INFO     RX        /ERR/LOKO/0x00000002
10:31:32.365  INFO     RX        /ERR/LOKO/0x00000002
10:31:32.365  INFO     RX        /ERR/LOKO/0x00000002
10:31:32.381  INFO     RX        /ERR/LOKO/0x00000002
10:31:32.398  INFO     RX        /ERR/LOKO/0x00000002
10:31:32.412  INFO     RX        /ERR/LOKO/0x00000002
10:31:32.412  INFO     RX        /ERR/LOKO/0x00000002
10:31:32.429  INFO     RX        /ERR/LOKO/0x00000002
10:31:32.445  INFO     RX        /ERR/LOKO/0x00000002
10:31:32.462  INFO     RX        /ERR/LOKO/0x00000002
10:31:32.462  INFO     RX        /ERR/LOKO/0x00000002
10:31:32.478  INFO     RX        /ERR/LOKO/0x00000002
10:31:32.495  INFO     RX        /ERR/LOKO/0x00000002
10:31:32.496  INFO     RX        /ERR/LOKO/0x00000002
10:31:32.587  DEBUG    TX /CONTROLL/0,0,0,-20,0,0,0,0,0
10:31:32.591  INFO     RX        /ERR/LOKO/0x00000002
10:31:32.606  INFO     RX        /ERR/LOKO/0x00000002
10:31:32.623  INFO     RX        /ERR/LOKO/0x00000002
10:31:32.623  INFO     RX        /ERR/LOKO/0x00000002
10:31:32.638  INFO     RX        /ERR/LOKO/0x00000002
10:31:32.654  INFO     RX        /ERR/LOKO/0x00000002
10:31:32.671  INFO     RX        /ERR/LOKO/0x00000002
10:31:32.671  INFO     RX        /ERR/LOKO/0x00000002
10:31:32.686  INFO     RX        /ERR/LOKO/0x00000002
10:31:32.703  INFO     RX        /ERR/LOKO/0x00000002
10:31:32.719  INFO     RX        /ERR/LOKO/0x00000002
10:31:32.719  INFO     RX        /ERR/LOKO/0x00000002
10:31:32.736  INFO     RX        /ERR/LOKO/0x00000002
10:31:32.751  INFO     RX        /ERR/LOKO/0x00000002
10:31:32.767  INFO     RX        /ERR/LOKO/0x00000002
10:31:32.767  INFO     RX        /ERR/LOKO/0x00000002
10:31:32.783  INFO     RX        /ERR/LOKO/0x00000002
10:31:32.799  INFO     RX        /ERR/LOKO/0x00000002
10:31:32.799  INFO     RX        /ERR/LOKO/0x00000002
10:31:32.816  INFO     RX        /ERR/LOKO/0x00000002
10:31:32.831  INFO     RX        /ERR/LOKO/0x00000002
10:31:32.847  INFO     RX        /ERR/LOKO/0x00000002
10:31:32.847  INFO     RX        /ERR/LOKO/0x00000002
10:31:32.865  INFO     RX        /ERR/LOKO/0x00000002
10:31:32.880  INFO     RX        /ERR/LOKO/0x00000002
10:31:32.896  INFO     RX        /ERR/LOKO/0x00000002
10:31:32.896  INFO     RX        /ERR/LOKO/0x00000002
10:31:32.913  INFO     RX        /ERR/LOKO/0x00000002
10:31:32.928  INFO     RX        /ERR/LOKO/0x00000002
10:31:32.945  INFO     RX        /ERR/LOKO/0x00000002
10:31:32.945  INFO     RX        /ERR/LOKO/0x00000002
10:31:32.962  INFO     RX        /ERR/LOKO/0x00000002
10:31:32.977  INFO     RX        /ERR/LOKO/0x00000002
10:31:32.977  INFO     RX        /ERR/LOKO/0x00000002
10:31:32.993  INFO     RX        /ERR/LOKO/0x00000002
10:31:33.010  INFO     RX        /ERR/LOKO/0x00000002
10:31:33.026  INFO     RX        /ERR/LOKO/0x00000002
10:31:33.026  INFO     RX        /ERR/LOKO/0x00000002
10:31:33.041  INFO     RX        /ERR/LOKO/0x00000002
10:31:33.057  INFO     RX        /ERR/LOKO/0x00000002
10:31:33.073  INFO     RX        /ERR/LOKO/0x00000002
10:31:33.073  INFO     RX        /ERR/LOKO/0x00000002
10:31:33.090  INFO     RX        /ERR/LOKO/0x00000002
10:31:33.105  INFO     RX        /ERR/LOKO/0x00000002
10:31:33.121  INFO     RX        /ERR/LOKO/0x00000002
10:31:33.121  INFO     RX        /ERR/LOKO/0x00000002
10:31:33.137  INFO     RX        /ERR/LOKO/0x00000002
10:31:33.153  INFO     RX        /ERR/LOKO/0x00000002
10:31:33.169  INFO     RX        /ERR/LOKO/0x00000002
10:31:33.169  INFO     RX        /ERR/LOKO/0x00000002
10:31:33.330  INFO     RX        /ERR/LOKO/0x00000002
10:31:33.347  INFO     RX        /ERR/LOKO/0x00000002
10:31:33.363  INFO     RX        /ERR/LOKO/0x00000002
10:31:33.379  INFO     RX        /ERR/LOKO/0x00000002
10:31:33.379  INFO     RX        /ERR/LOKO/0x00000002
10:31:33.392  DEBUG    TX /CONTROLL/0,0,0,-20,0,0,0,0,0
10:31:33.396  INFO     RX        /ERR/LOKO/0x00000002
10:31:33.412  INFO     RX        /ERR/LOKO/0x00000002
10:31:33.429  INFO     RX        /ERR/LOKO/0x00000002
10:31:33.429  INFO     RX        /ERR/LOKO/0x00000002
10:31:33.444  INFO     RX        /ERR/LOKO/0x00000002
10:31:33.460  INFO     RX        /ERR/LOKO/0x00000002
10:31:33.460  INFO     RX        /ERR/LOKO/0x00000002
10:31:33.476  INFO     RX        /ERR/LOKO/0x00000002
10:31:33.493  INFO     RX        /ERR/LOKO/0x00000002
10:31:33.509  INFO     RX        /ERR/LOKO/0x00000002
10:31:33.509  INFO     RX        /ERR/LOKO/0x00000002
10:31:33.525  INFO     RX        /ERR/LOKO/0x00000002
10:31:33.540  INFO     RX        /ERR/LOKO/0x00000002
10:31:33.558  INFO     RX        /ERR/LOKO/0x00000002
10:31:33.558  INFO     RX        /ERR/LOKO/0x00000002
10:31:33.573  INFO     RX        /ERR/LOKO/0x00000002
10:31:33.589  INFO     RX        /ERR/LOKO/0x00000002
10:31:33.589  INFO     RX        /ERR/LOKO/0x00000002
10:31:33.605  INFO     RX        /ERR/LOKO/0x00000002
10:31:33.620  INFO     RX        /ERR/LOKO/0x00000002
10:31:33.637  INFO     RX        /ERR/LOKO/0x00000002
10:31:33.637  INFO     RX        /ERR/LOKO/0x00000002
10:31:33.652  INFO     RX        /ERR/LOKO/0x00000002
10:31:33.668  INFO     RX        /ERR/LOKO/0x00000002
10:31:33.684  INFO     RX        /ERR/LOKO/0x00000002
10:31:33.684  INFO     RX        /ERR/LOKO/0x00000002
10:31:33.700  INFO     RX        /ERR/LOKO/0x00000002
10:31:33.716  INFO     RX        /ERR/LOKO/0x00000002
10:31:33.733  INFO     RX        /ERR/LOKO/0x00000002
10:31:33.733  INFO     RX        /ERR/LOKO/0x00000002
10:31:33.749  INFO     RX        /ERR/LOKO/0x00000002
10:31:33.926  INFO     RX        /ERR/LOKO/0x00000002
10:31:33.942  INFO     RX        /ERR/LOKO/0x00000002
10:31:33.943  INFO     RX        /ERR/LOKO/0x00000002
10:31:33.958  INFO     RX        /ERR/LOKO/0x00000002
10:31:33.974  INFO     RX        /ERR/LOKO/0x00000002
10:31:33.990  INFO     RX        /ERR/LOKO/0x00000002
10:31:33.990  INFO     RX        /ERR/LOKO/0x00000002
10:31:34.006  INFO     RX        /ERR/LOKO/0x00000002
10:31:34.022  INFO     RX        /ERR/LOKO/0x00000002
10:31:34.038  INFO     RX        /ERR/LOKO/0x00000002
10:31:34.038  INFO     RX        /ERR/LOKO/0x00000002
10:31:34.054  INFO     RX        /ERR/LOKO/0x00000002
10:31:34.070  INFO     RX        /ERR/LOKO/0x00000002
10:31:34.086  INFO     RX        /ERR/LOKO/0x00000002
10:31:34.086  INFO     RX        /ERR/LOKO/0x00000002
10:31:34.102  INFO     RX        /ERR/LOKO/0x00000002
10:31:34.118  INFO     RX        /ERR/LOKO/0x00000002
10:31:34.134  INFO     RX        /ERR/LOKO/0x00000002
10:31:34.134  INFO     RX        /ERR/LOKO/0x00000002
10:31:34.151  INFO     RX        /ERR/LOKO/0x00000002
10:31:34.165  INFO     RX        /ERR/LOKO/0x00000002
10:31:34.185  INFO     RX        /ERR/LOKO/0x00000002
10:31:34.185  INFO     RX        /ERR/LOKO/0x00000002
10:31:34.195  DEBUG    TX /CONTROLL/0,0,0,-20,0,0,0,0,0
10:31:34.199  INFO     RX        /ERR/LOKO/0x00000002
10:31:34.215  INFO     RX        /ERR/LOKO/0x00000002
10:31:34.215  INFO     RX        /ERR/LOKO/0x00000002
10:31:34.231  INFO     RX        /ERR/LOKO/0x00000002
10:31:34.246  INFO     RX        /ERR/LOKO/0x00000002
10:31:34.263  INFO     RX        /ERR/LOKO/0x00000002
10:31:34.263  INFO     RX        /ERR/LOKO/0x00000002
10:31:34.279  INFO     RX        /ERR/LOKO/0x00000002
10:31:34.295  INFO     RX        /ERR/LOKO/0x00000002
10:31:34.312  INFO     RX        /ERR/LOKO/0x00000002
10:31:34.312  INFO     RX        /ERR/LOKO/0x00000002
10:31:34.327  INFO     RX        /ERR/LOKO/0x00000002
10:31:34.343  INFO     RX        /ERR/LOKO/0x00000002
10:31:34.360  INFO     RX        /ERR/LOKO/0x00000002
10:31:34.361  INFO     RX        /ERR/LOKO/0x00000002
10:31:34.375  INFO     RX        /ERR/LOKO/0x00000002
10:31:34.391  INFO     RX        /ERR/LOKO/0x00000002
10:31:34.409  INFO     RX        /ERR/LOKO/0x00000002
10:31:34.409  INFO     RX        /ERR/LOKO/0x00000002
10:31:34.423  INFO     RX        /ERR/LOKO/0x00000002
10:31:34.446  INFO     RX        /ERR/LOKO/0x00000002
10:31:34.446  INFO     RX        /ERR/LOKO/0x00000002
10:31:34.455  INFO     RX        /ERR/LOKO/0x00000002
10:31:34.472  INFO     RX        /ERR/LOKO/0x00000002
10:31:34.488  INFO     RX        /ERR/LOKO/0x00000002
10:31:34.488  INFO     RX        /ERR/LOKO/0x00000002
10:31:34.504  INFO     RX        /ERR/LOKO/0x00000002
10:31:34.584  INFO     RX        /ERR/LOKO/0x00000002
10:31:34.601  INFO     RX        /ERR/LOKO/0x00000002
10:31:34.616  INFO     RX        /ERR/LOKO/0x00000002
10:31:34.633  INFO     RX        /ERR/LOKO/0x00000002
10:31:34.633  INFO     RX        /ERR/LOKO/0x00000002
10:31:34.649  INFO     RX        /ERR/LOKO/0x00000002
10:31:34.665  INFO     RX        /ERR/LOKO/0x00000002
10:31:34.665  INFO     RX        /ERR/LOKO/0x00000002
10:31:34.683  INFO     RX        /ERR/LOKO/0x00000002
10:31:34.698  INFO     RX        /ERR/LOKO/0x00000002
10:31:34.715  INFO     RX        /ERR/LOKO/0x00000002
10:31:34.715  INFO     RX        /ERR/LOKO/0x00000002
10:31:34.730  INFO     RX        /ERR/LOKO/0x00000002
10:31:34.746  INFO     RX        /ERR/LOKO/0x00000002
10:31:34.746  INFO     RX        /ERR/LOKO/0x00000002
10:31:34.763  INFO     RX        /ERR/LOKO/0x00000002
10:31:34.778  INFO     RX        /ERR/LOKO/0x00000002
10:31:34.794  INFO     RX        /ERR/LOKO/0x00000002
10:31:34.795  INFO     RX        /ERR/LOKO/0x00000002
10:31:34.811  INFO     RX        /ERR/LOKO/0x00000002
10:31:34.827  INFO     RX        /ERR/LOKO/0x00000002
10:31:34.843  INFO     RX        /ERR/LOKO/0x00000002
10:31:34.843  INFO     RX        /ERR/LOKO/0x00000002
10:31:34.859  INFO     RX        /ERR/LOKO/0x00000002
10:31:34.874  INFO     RX        /ERR/LOKO/0x00000002
10:31:34.891  INFO     RX        /ERR/LOKO/0x00000002
10:31:34.891  INFO     RX        /ERR/LOKO/0x00000002
10:31:34.906  INFO     RX        /ERR/LOKO/0x00000002
10:31:34.922  INFO     RX        /ERR/LOKO/0x00000002
10:31:34.938  INFO     RX        /ERR/LOKO/0x00000002
10:31:34.939  INFO     RX        /ERR/LOKO/0x00000002
10:31:34.954  INFO     RX        /ERR/LOKO/0x00000002
10:31:34.971  INFO     RX        /ERR/LOKO/0x00000002
10:31:34.971  INFO     RX        /ERR/LOKO/0x00000002
10:31:34.987  INFO     RX        /ERR/LOKO/0x00000002
10:31:35.000  DEBUG    TX /CONTROLL/0,0,0,-20,0,0,0,0,0
10:31:35.003  INFO     RX        /ERR/LOKO/0x00000002
10:31:35.020  INFO     RX        /ERR/LOKO/0x00000002
10:31:35.020  INFO     RX        /ERR/LOKO/0x00000002
10:31:35.036  INFO     RX        /ERR/LOKO/0x00000002
10:31:35.051  INFO     RX        /ERR/LOKO/0x00000002
10:31:35.067  INFO     RX        /ERR/LOKO/0x00000002
10:31:35.067  INFO     RX        /ERR/LOKO/0x00000002
10:31:35.084  INFO     RX        /ERR/LOKO/0x00000002
10:31:35.099  INFO     RX        /ERR/LOKO/0x00000002
10:31:35.116  INFO     RX        /ERR/LOKO/0x00000002
10:31:35.116  INFO     RX        /ERR/LOKO/0x00000002
10:31:35.131  INFO     RX        /ERR/LOKO/0x00000002
10:31:35.147  INFO     RX        /ERR/LOKO/0x00000002
10:31:35.163  INFO     RX        /ERR/LOKO/0x00000002
10:31:35.164  INFO     RX        /ERR/LOKO/0x00000002
10:31:35.341  INFO     RX        /ERR/LOKO/0x00000002
10:31:35.357  INFO     RX        /ERR/LOKO/0x00000002
10:31:35.373  INFO     RX        /ERR/LOKO/0x00000002
10:31:35.373  INFO     RX        /ERR/LOKO/0x00000002
10:31:35.389  INFO     RX        /ERR/LOKO/0x00000002
10:31:35.405  INFO     RX        /ERR/LOKO/0x00000002
10:31:35.421  INFO     RX        /ERR/LOKO/0x00000002
10:31:35.421  INFO     RX        /ERR/LOKO/0x00000002
10:31:35.438  INFO     RX        /ERR/LOKO/0x00000002
10:31:35.453  INFO     RX        /ERR/LOKO/0x00000002
10:31:35.453  INFO     RX        /ERR/LOKO/0x00000002
10:31:35.469  INFO     RX        /ERR/LOKO/0x00000002
10:31:35.487  INFO     RX        /ERR/LOKO/0x00000002
10:31:35.503  INFO     RX        /ERR/LOKO/0x00000002
10:31:35.503  INFO     RX        /ERR/LOKO/0x00000002
10:31:35.519  INFO     RX        /ERR/LOKO/0x00000002
10:31:35.535  INFO     RX        /ERR/LOKO/0x00000002
10:31:35.552  INFO     RX        /ERR/LOKO/0x00000002
10:31:35.552  INFO     RX        /ERR/LOKO/0x00000002
10:31:35.568  INFO     RX        /ERR/LOKO/0x00000002
10:31:35.583  INFO     RX        /ERR/LOKO/0x00000002
10:31:35.599  INFO     RX        /ERR/LOKO/0x00000002
10:31:35.600  INFO     RX        /ERR/LOKO/0x00000002
10:31:35.616  INFO     RX        /ERR/LOKO/0x00000002
10:31:35.632  INFO     RX        /ERR/LOKO/0x00000002
10:31:35.632  INFO     RX        /ERR/LOKO/0x00000002
10:31:35.648  INFO     RX        /ERR/LOKO/0x00000002
10:31:35.665  INFO     RX        /ERR/LOKO/0x00000002
10:31:35.680  INFO     RX        /ERR/LOKO/0x00000002
10:31:35.680  INFO     RX        /ERR/LOKO/0x00000002
10:31:35.696  INFO     RX        /ERR/LOKO/0x00000002
10:31:35.712  INFO     RX        /ERR/LOKO/0x00000002
10:31:35.729  INFO     RX        /ERR/LOKO/0x00000002
10:31:35.729  INFO     RX        /ERR/LOKO/0x00000002
10:31:35.744  INFO     RX        /ERR/LOKO/0x00000002
10:31:35.761  INFO     RX        /ERR/LOKO/0x00000002
10:31:35.806  DEBUG    TX /CONTROLL/0,0,0,-20,0,0,0,0,0
10:31:35.922  INFO     RX        /ERR/LOKO/0x00000002
10:31:35.938  INFO     RX        /ERR/LOKO/0x00000002
10:31:35.938  INFO     RX        /ERR/LOKO/0x00000002
10:31:35.954  INFO     RX        /ERR/LOKO/0x00000002
10:31:35.970  INFO     RX        /ERR/LOKO/0x00000002
10:31:35.986  INFO     RX        /ERR/LOKO/0x00000002
10:31:35.986  INFO     RX        /ERR/LOKO/0x00000002
10:31:36.002  INFO     RX        /ERR/LOKO/0x00000002
10:31:36.018  INFO     RX        /ERR/LOKO/0x00000002
10:31:36.035  INFO     RX        /ERR/LOKO/0x00000002
10:31:36.036  INFO     RX        /ERR/LOKO/0x00000002
10:31:36.051  INFO     RX        /ERR/LOKO/0x00000002
10:31:36.067  INFO     RX        /ERR/LOKO/0x00000002
10:31:36.067  INFO     RX        /ERR/LOKO/0x00000002
10:31:36.084  INFO     RX        /ERR/LOKO/0x00000002
10:31:36.099  INFO     RX        /ERR/LOKO/0x00000002
10:31:36.117  INFO     RX        /ERR/LOKO/0x00000002
10:31:36.117  INFO     RX        /ERR/LOKO/0x00000002
10:31:36.131  INFO     RX        /ERR/LOKO/0x00000002
10:31:36.149  INFO     RX        /ERR/LOKO/0x00000002
10:31:36.164  INFO     RX        /ERR/LOKO/0x00000002
10:31:36.164  INFO     RX        /ERR/LOKO/0x00000002
10:31:36.180  INFO     RX        /ERR/LOKO/0x00000002
10:31:36.196  INFO     RX        /ERR/LOKO/0x00000002
10:31:36.211  INFO     RX        /ERR/LOKO/0x00000002
10:31:36.211  INFO     RX        /ERR/LOKO/0x00000002
10:31:36.228  INFO     RX        /ERR/LOKO/0x00000002
10:31:36.243  INFO     RX        /ERR/LOKO/0x00000002
10:31:36.259  INFO     RX        /ERR/LOKO/0x00000002
10:31:36.259  INFO     RX        /ERR/LOKO/0x00000002
10:31:36.275  INFO     RX        /ERR/LOKO/0x00000002
10:31:36.291  INFO     RX        /ERR/LOKO/0x00000002
10:31:36.308  INFO     RX        /ERR/LOKO/0x00000002
10:31:36.308  INFO     RX        /ERR/LOKO/0x00000002
10:31:36.324  INFO     RX        /ERR/LOKO/0x00000002
10:31:36.340  INFO     RX        /ERR/LOKO/0x00000002
10:31:36.355  INFO     RX        /ERR/LOKO/0x00000002
10:31:36.355  INFO     RX        /ERR/LOKO/0x00000002
10:31:36.371  INFO     RX        /ERR/LOKO/0x00000002
10:31:36.387  INFO     RX        /ERR/LOKO/0x00000002
10:31:36.403  INFO     RX        /ERR/LOKO/0x00000002
10:31:36.403  INFO     RX        /ERR/LOKO/0x00000002
10:31:36.419  INFO     RX        /ERR/LOKO/0x00000002
10:31:36.436  INFO     RX        /ERR/LOKO/0x00000002
10:31:36.437  INFO     RX        /ERR/LOKO/0x00000002
10:31:36.451  INFO     RX        /ERR/LOKO/0x00000002
10:31:36.467  INFO     RX        /ERR/LOKO/0x00000002
10:31:36.484  INFO     RX        /ERR/LOKO/0x00000002
10:31:36.484  INFO     RX        /ERR/LOKO/0x00000002
10:31:36.500  INFO     RX        /ERR/LOKO/0x00000002
10:31:36.582  INFO     RX        /ERR/LOKO/0x00000002
10:31:36.597  INFO     RX        /ERR/LOKO/0x00000002
10:31:36.610  DEBUG    TX /CONTROLL/0,0,0,-20,0,0,0,0,0
10:31:36.614  INFO     RX        /ERR/LOKO/0x00000002
10:31:36.614  INFO     RX        /ERR/LOKO/0x00000002
10:31:36.630  INFO     RX        /ERR/LOKO/0x00000002
10:31:36.645  INFO     RX        /ERR/LOKO/0x00000002
10:31:36.662  INFO     RX        /ERR/LOKO/0x00000002
10:31:36.662  INFO     RX        /ERR/LOKO/0x00000002
10:31:36.678  INFO     RX        /ERR/LOKO/0x00000002
10:31:36.695  INFO     RX        /ERR/LOKO/0x00000002
10:31:36.710  INFO     RX        /ERR/LOKO/0x00000002
10:31:36.710  INFO     RX        /ERR/LOKO/0x00000002
10:31:36.726  INFO     RX        /ERR/LOKO/0x00000002
10:31:36.744  INFO     RX        /ERR/LOKO/0x00000002
10:31:36.744  INFO     RX        /ERR/LOKO/0x00000002
10:31:36.758  INFO     RX        /ERR/LOKO/0x00000002
10:31:36.774  INFO     RX        /ERR/LOKO/0x00000002
10:31:36.790  INFO     RX        /ERR/LOKO/0x00000002
10:31:36.790  INFO     RX        /ERR/LOKO/0x00000002
10:31:36.806  INFO     RX        /ERR/LOKO/0x00000002
10:31:36.822  INFO     RX        /ERR/LOKO/0x00000002
10:31:36.839  INFO     RX        /ERR/LOKO/0x00000002
10:31:36.839  INFO     RX        /ERR/LOKO/0x00000002
10:31:36.854  INFO     RX        /ERR/LOKO/0x00000002
10:31:36.870  INFO     RX        /ERR/LOKO/0x00000002
10:31:36.887  INFO     RX        /ERR/LOKO/0x00000002
10:31:36.887  INFO     RX        /ERR/LOKO/0x00000002
10:31:36.902  INFO     RX        /ERR/LOKO/0x00000002
10:31:36.918  INFO     RX        /ERR/LOKO/0x00000002
10:31:36.934  INFO     RX        /ERR/LOKO/0x00000002
10:31:36.934  INFO     RX        /ERR/LOKO/0x00000002
10:31:36.951  INFO     RX        /ERR/LOKO/0x00000002
10:31:36.967  INFO     RX        /ERR/LOKO/0x00000002
10:31:36.967  INFO     RX        /ERR/LOKO/0x00000002
10:31:36.982  INFO     RX        /ERR/LOKO/0x00000002
10:31:36.998  INFO     RX        /ERR/LOKO/0x00000002
10:31:37.015  INFO     RX        /ERR/LOKO/0x00000002
10:31:37.015  INFO     RX        /ERR/LOKO/0x00000002
10:31:37.031  INFO     RX        /ERR/LOKO/0x00000002
10:31:37.049  INFO     RX        /ERR/LOKO/0x00000002
10:31:37.063  INFO     RX        /ERR/LOKO/0x00000002
10:31:37.063  INFO     RX        /ERR/LOKO/0x00000002
10:31:37.078  INFO     RX        /ERR/LOKO/0x00000002
10:31:37.095  INFO     RX        /ERR/LOKO/0x00000002
10:31:37.110  INFO     RX        /ERR/LOKO/0x00000002
10:31:37.110  INFO     RX        /ERR/LOKO/0x00000002
10:31:37.127  INFO     RX        /ERR/LOKO/0x00000002
10:31:37.142  INFO     RX        /ERR/LOKO/0x00000002
10:31:37.158  INFO     RX        /ERR/LOKO/0x00000002
10:31:37.158  INFO     RX        /ERR/LOKO/0x00000002
10:31:37.175  INFO     RX        /ERR/LOKO/0x00000002
10:31:37.335  INFO     RX        /ERR/LOKO/0x00000002
10:31:37.351  INFO     RX        /ERR/LOKO/0x00000002
10:31:37.368  INFO     RX        /ERR/LOKO/0x00000002
10:31:37.368  INFO     RX        /ERR/LOKO/0x00000002
10:31:37.385  INFO     RX        /ERR/LOKO/0x00000002
10:31:37.400  INFO     RX        /ERR/LOKO/0x00000002
10:31:37.413  DEBUG    TX /CONTROLL/0,0,0,-20,0,0,0,0,0
10:31:37.416  INFO     RX        /ERR/LOKO/0x00000002
10:31:37.416  INFO     RX        /ERR/LOKO/0x00000002
10:31:37.433  INFO     RX        /ERR/LOKO/0x00000002
10:31:37.448  INFO     RX        /ERR/LOKO/0x00000002
10:31:37.465  INFO     RX        /ERR/LOKO/0x00000002
10:31:37.465  INFO     RX        /ERR/LOKO/0x00000002
10:31:37.481  INFO     RX        /ERR/LOKO/0x00000002
10:31:37.497  INFO     RX        /ERR/LOKO/0x00000002
10:31:37.497  INFO     RX        /ERR/LOKO/0x00000002
10:31:37.515  INFO     RX        /ERR/LOKO/0x00000002
10:31:37.529  INFO     RX        /ERR/LOKO/0x00000002
10:31:37.545  INFO     RX        /ERR/LOKO/0x00000002
10:31:37.545  INFO     RX        /ERR/LOKO/0x00000002
10:31:37.561  INFO     RX        /ERR/LOKO/0x00000002
10:31:37.578  INFO     RX        /ERR/LOKO/0x00000002
10:31:37.593  INFO     RX        /ERR/LOKO/0x00000002
10:31:37.593  INFO     RX        /ERR/LOKO/0x00000002
10:31:37.609  INFO     RX        /ERR/LOKO/0x00000002
10:31:37.625  INFO     RX        /ERR/LOKO/0x00000002
10:31:37.641  INFO     RX        /ERR/LOKO/0x00000002
10:31:37.641  INFO     RX        /ERR/LOKO/0x00000002
10:31:37.658  INFO     RX        /ERR/LOKO/0x00000002
10:31:37.673  INFO     RX        /ERR/LOKO/0x00000002
10:31:37.689  INFO     RX        /ERR/LOKO/0x00000002
10:31:37.689  INFO     RX        /ERR/LOKO/0x00000002
10:31:37.705  INFO     RX        /ERR/LOKO/0x00000002
10:31:37.721  INFO     RX        /ERR/LOKO/0x00000002
10:31:37.738  INFO     RX        /ERR/LOKO/0x00000002
10:31:37.738  INFO     RX        /ERR/LOKO/0x00000002
10:31:37.755  INFO     RX        /ERR/LOKO/0x00000002
10:31:37.915  INFO     RX        /ERR/LOKO/0x00000002
10:31:37.933  INFO     RX        /ERR/LOKO/0x00000002
10:31:37.933  INFO     RX        /ERR/LOKO/0x00000002
10:31:37.948  INFO     RX        /ERR/LOKO/0x00000002
10:31:37.964  INFO     RX        /ERR/LOKO/0x00000002
10:31:37.982  INFO     RX        /ERR/LOKO/0x00000002
10:31:37.982  INFO     RX        /ERR/LOKO/0x00000002
10:31:37.996  INFO     RX        /ERR/LOKO/0x00000002
10:31:38.013  INFO     RX        /ERR/LOKO/0x00000002
10:31:38.029  INFO     RX        /ERR/LOKO/0x00000002
10:31:38.029  INFO     RX        /ERR/LOKO/0x00000002
10:31:38.045  INFO     RX        /ERR/LOKO/0x00000002
10:31:38.063  INFO     RX        /ERR/LOKO/0x00000002
10:31:38.063  INFO     RX        /ERR/LOKO/0x00000002
10:31:38.077  INFO     RX        /ERR/LOKO/0x00000002
10:31:38.093  INFO     RX        /ERR/LOKO/0x00000002
10:31:38.110  INFO     RX        /ERR/LOKO/0x00000002
10:31:38.110  INFO     RX        /ERR/LOKO/0x00000002
10:31:38.125  INFO     RX        /ERR/LOKO/0x00000002
10:31:38.143  INFO     RX        /ERR/LOKO/0x00000002
10:31:38.158  INFO     RX        /ERR/LOKO/0x00000002
10:31:38.158  INFO     RX        /ERR/LOKO/0x00000002
10:31:38.175  INFO     RX        /ERR/LOKO/0x00000002
10:31:38.191  INFO     RX        /ERR/LOKO/0x00000002
10:31:38.207  INFO     RX        /ERR/LOKO/0x00000002
10:31:38.207  INFO     RX        /ERR/LOKO/0x00000002
10:31:38.220  DEBUG    TX /CONTROLL/0,0,0,-20,0,0,0,0,0
10:31:38.223  INFO     RX        /ERR/LOKO/0x00000002
10:31:38.239  INFO     RX        /ERR/LOKO/0x00000002
10:31:38.239  INFO     RX        /ERR/LOKO/0x00000002
10:31:38.256  INFO     RX        /ERR/LOKO/0x00000002
10:31:38.272  INFO     RX        /ERR/LOKO/0x00000002
10:31:38.287  INFO     RX        /ERR/LOKO/0x00000002
10:31:38.288  INFO     RX        /ERR/LOKO/0x00000002
10:31:38.303  INFO     RX        /ERR/LOKO/0x00000002
10:31:38.319  INFO     RX        /ERR/LOKO/0x00000002
10:31:38.335  INFO     RX        /ERR/LOKO/0x00000002
10:31:38.335  INFO     RX        /ERR/LOKO/0x00000002
10:31:38.351  INFO     RX        /ERR/LOKO/0x00000002
10:31:38.368  INFO     RX        /ERR/LOKO/0x00000002
10:31:38.384  INFO     RX        /ERR/LOKO/0x00000002
10:31:38.384  INFO     RX        /ERR/LOKO/0x00000002
10:31:38.400  INFO     RX        /ERR/LOKO/0x00000002
10:31:38.415  INFO     RX        /ERR/LOKO/0x00000002
10:31:38.432  INFO     RX        /ERR/LOKO/0x00000002
10:31:38.432  INFO     RX        /ERR/LOKO/0x00000002
10:31:38.448  INFO     RX        /ERR/LOKO/0x00000002
10:31:38.463  INFO     RX        /ERR/LOKO/0x00000002
10:31:38.479  INFO     RX        /ERR/LOKO/0x00000002
10:31:38.479  INFO     RX        /ERR/LOKO/0x00000002
10:31:38.495  INFO     RX        /ERR/LOKO/0x00000002
10:31:38.511  INFO     RX        /ERR/LOKO/0x00000002
10:31:38.594  INFO     RX        /ERR/LOKO/0x00000002
10:31:38.608  INFO     RX        /ERR/LOKO/0x00000002
10:31:38.608  INFO     RX        /ERR/LOKO/0x00000002
10:31:38.626  INFO     RX        /ERR/LOKO/0x00000002
10:31:38.640  INFO     RX        /ERR/LOKO/0x00000002
10:31:38.657  INFO     RX        /ERR/LOKO/0x00000002
10:31:38.657  INFO     RX        /ERR/LOKO/0x00000002
10:31:38.672  INFO     RX        /ERR/LOKO/0x00000002
10:31:38.689  INFO     RX        /ERR/LOKO/0x00000002
10:31:38.689  INFO     RX        /ERR/LOKO/0x00000002
10:31:38.706  INFO     RX        /ERR/LOKO/0x00000002
10:31:38.720  INFO     RX        /ERR/LOKO/0x00000002
10:31:38.737  INFO     RX        /ERR/LOKO/0x00000002
10:31:38.737  INFO     RX        /ERR/LOKO/0x00000002
10:31:38.754  INFO     RX        /ERR/LOKO/0x00000002
10:31:38.769  INFO     RX        /ERR/LOKO/0x00000002
10:31:38.784  INFO     RX        /ERR/LOKO/0x00000002
10:31:38.784  INFO     RX        /ERR/LOKO/0x00000002
10:31:38.801  INFO     RX        /ERR/LOKO/0x00000002
10:31:38.816  INFO     RX        /ERR/LOKO/0x00000002
10:31:38.833  INFO     RX        /ERR/LOKO/0x00000002
10:31:38.833  INFO     RX        /ERR/LOKO/0x00000002
10:31:38.849  INFO     RX        /ERR/LOKO/0x00000002
10:31:38.866  INFO     RX        /ERR/LOKO/0x00000002
10:31:38.882  INFO     RX        /ERR/LOKO/0x00000002
10:31:38.882  INFO     RX        /ERR/LOKO/0x00000002
10:31:38.898  INFO     RX        /ERR/LOKO/0x00000002
10:31:38.916  INFO     RX        /ERR/LOKO/0x00000002
10:31:38.916  INFO     RX        /ERR/LOKO/0x00000002
10:31:38.931  INFO     RX        /ERR/LOKO/0x00000002
10:31:38.947  INFO     RX        /ERR/LOKO/0x00000002
10:31:38.962  INFO     RX        /ERR/LOKO/0x00000002
10:31:38.962  INFO     RX        /ERR/LOKO/0x00000002
10:31:38.978  INFO     RX        /ERR/LOKO/0x00000002
10:31:38.995  INFO     RX        /ERR/LOKO/0x00000002
10:31:39.010  INFO     RX        /ERR/LOKO/0x00000002
10:31:39.010  INFO     RX        /ERR/LOKO/0x00000002
10:31:39.024  DEBUG    TX /CONTROLL/0,0,0,-20,0,0,0,0,0
10:31:39.026  INFO     RX        /ERR/LOKO/0x00000002
10:31:39.044  INFO     RX        /ERR/LOKO/0x00000002
10:31:39.060  INFO     RX        /ERR/LOKO/0x00000002
10:31:39.060  INFO     RX        /ERR/LOKO/0x00000002
10:31:39.075  INFO     RX        /ERR/LOKO/0x00000002
10:31:39.091  INFO     RX        /ERR/LOKO/0x00000002
10:31:39.091  INFO     RX        /ERR/LOKO/0x00000002
10:31:39.108  INFO     RX        /ERR/LOKO/0x00000002
10:31:39.124  INFO     RX        /ERR/LOKO/0x00000002
10:31:39.141  INFO     RX        /ERR/LOKO/0x00000002
10:31:39.141  INFO     RX        /ERR/LOKO/0x00000002
10:31:39.156  INFO     RX        /ERR/LOKO/0x00000002
10:31:39.173  INFO     RX        /ERR/LOKO/0x00000002
10:31:39.331  INFO     RX        /ERR/LOKO/0x00000002
10:31:39.347  INFO     RX        /ERR/LOKO/0x00000002
10:31:39.363  INFO     RX        /ERR/LOKO/0x00000002
10:31:39.363  INFO     RX        /ERR/LOKO/0x00000002
10:31:39.380  INFO     RX        /ERR/LOKO/0x00000002
10:31:39.396  INFO     RX        /ERR/LOKO/0x00000002
10:31:39.412  INFO     RX        /ERR/LOKO/0x00000002
10:31:39.412  INFO     RX        /ERR/LOKO/0x00000002
10:31:39.427  INFO     RX        /ERR/LOKO/0x00000002
10:31:39.444  INFO     RX        /ERR/LOKO/0x00000002
10:31:39.444  INFO     RX        /ERR/LOKO/0x00000002
10:31:39.459  INFO     RX        /ERR/LOKO/0x00000002
10:31:39.475  INFO     RX        /ERR/LOKO/0x00000002
10:31:39.492  INFO     RX        /ERR/LOKO/0x00000002
10:31:39.492  INFO     RX        /ERR/LOKO/0x00000002
10:31:39.510  INFO     RX        /ERR/LOKO/0x00000002
10:31:39.525  INFO     RX        /ERR/LOKO/0x00000002
10:31:39.541  INFO     RX        /ERR/LOKO/0x00000002
10:31:39.541  INFO     RX        /ERR/LOKO/0x00000002
10:31:39.556  INFO     RX        /ERR/LOKO/0x00000002
10:31:39.573  INFO     RX        /ERR/LOKO/0x00000002
10:31:39.589  INFO     RX        /ERR/LOKO/0x00000002
10:31:39.589  INFO     RX        /ERR/LOKO/0x00000002
10:31:39.604  INFO     RX        /ERR/LOKO/0x00000002
10:31:39.622  INFO     RX        /ERR/LOKO/0x00000002
10:31:39.622  INFO     RX        /ERR/LOKO/0x00000002
10:31:39.637  INFO     RX        /ERR/LOKO/0x00000002
10:31:39.652  INFO     RX        /ERR/LOKO/0x00000002
10:31:39.668  INFO     RX        /ERR/LOKO/0x00000002
10:31:39.669  INFO     RX        /ERR/LOKO/0x00000002
10:31:39.684  INFO     RX        /ERR/LOKO/0x00000002
10:31:39.701  INFO     RX        /ERR/LOKO/0x00000002
10:31:39.718  INFO     RX        /ERR/LOKO/0x00000002
10:31:39.718  INFO     RX        /ERR/LOKO/0x00000002
10:31:39.753  INFO     RX        /ERR/LOKO/0x00000002
10:31:39.753  INFO     RX        /ERR/LOKO/0x00000002
10:31:39.753  INFO     RX        /ERR/LOKO/0x00000002
10:31:39.827  DEBUG    TX /CONTROLL/0,0,0,-20,0,0,0,0,0
10:31:39.927  INFO     RX        /ERR/LOKO/0x00000002
10:31:39.927  INFO     RX        /ERR/LOKO/0x00000002
10:31:39.943  INFO     RX        /ERR/LOKO/0x00000002
10:31:39.960  INFO     RX        /ERR/LOKO/0x00000002
10:31:39.977  INFO     RX        /ERR/LOKO/0x00000002
10:31:39.977  INFO     RX        /ERR/LOKO/0x00000002
10:31:39.993  INFO     RX        /ERR/LOKO/0x00000002
10:31:40.008  INFO     RX        /ERR/LOKO/0x00000002
10:31:40.027  INFO     RX        /ERR/LOKO/0x00000002
10:31:40.027  INFO     RX        /ERR/LOKO/0x00000002
10:31:40.041  INFO     RX        /ERR/LOKO/0x00000002
10:31:40.059  INFO     RX        /ERR/LOKO/0x00000002
10:31:40.059  INFO     RX        /ERR/LOKO/0x00000002
10:31:40.073  INFO     RX        /ERR/LOKO/0x00000002
10:31:40.090  INFO     RX        /ERR/LOKO/0x00000002
10:31:40.105  INFO     RX        /ERR/LOKO/0x00000002
10:31:40.106  INFO     RX        /ERR/LOKO/0x00000002
10:31:40.121  INFO     RX        /ERR/LOKO/0x00000002
10:31:40.137  INFO     RX        /ERR/LOKO/0x00000002
10:31:40.153  INFO     RX        /ERR/LOKO/0x00000002
10:31:40.153  INFO     RX        /ERR/LOKO/0x00000002
10:31:40.170  INFO     RX        /ERR/LOKO/0x00000002
10:31:40.185  INFO     RX        /ERR/LOKO/0x00000002
10:31:40.201  INFO     RX        /ERR/LOKO/0x00000002
10:31:40.201  INFO     RX        /ERR/LOKO/0x00000002
10:31:40.217  INFO     RX        /ERR/LOKO/0x00000002
10:31:40.233  INFO     RX        /ERR/LOKO/0x00000002
10:31:40.233  INFO     RX        /ERR/LOKO/0x00000002
10:31:40.249  INFO     RX        /ERR/LOKO/0x00000002
10:31:40.265  INFO     RX        /ERR/LOKO/0x00000002
10:31:40.282  INFO     RX        /ERR/LOKO/0x00000002
10:31:40.282  INFO     RX        /ERR/LOKO/0x00000002
10:31:40.297  INFO     RX        /ERR/LOKO/0x00000002
10:31:40.314  INFO     RX        /ERR/LOKO/0x00000002
10:31:40.329  INFO     RX        /ERR/LOKO/0x00000002
10:31:40.329  INFO     RX        /ERR/LOKO/0x00000002
10:31:40.345  INFO     RX        /ERR/LOKO/0x00000002
10:31:40.361  INFO     RX        /ERR/LOKO/0x00000002
10:31:40.377  INFO     RX        /ERR/LOKO/0x00000002
10:31:40.377  INFO     RX        /ERR/LOKO/0x00000002
10:31:40.393  INFO     RX        /ERR/LOKO/0x00000002
10:31:40.410  INFO     RX        /ERR/LOKO/0x00000002
10:31:40.427  INFO     RX        /ERR/LOKO/0x00000002
10:31:40.427  INFO     RX        /ERR/LOKO/0x00000002
10:31:40.442  INFO     RX        /ERR/LOKO/0x00000002
10:31:40.458  INFO     RX        /ERR/LOKO/0x00000002
10:31:40.475  INFO     RX        /ERR/LOKO/0x00000002
10:31:40.475  INFO     RX        /ERR/LOKO/0x00000002
10:31:40.492  INFO     RX        /ERR/LOKO/0x00000002
10:31:40.507  INFO     RX        /ERR/LOKO/0x00000002
10:31:40.587  INFO     RX        /ERR/LOKO/0x00000002
10:31:40.605  INFO     RX        /ERR/LOKO/0x00000002
10:31:40.605  INFO     RX        /ERR/LOKO/0x00000002
10:31:40.620  INFO     RX        /ERR/LOKO/0x00000002
10:31:40.633  DEBUG    TX /CONTROLL/0,0,0,-20,0,0,0,0,0
10:31:40.638  INFO     RX        /ERR/LOKO/0x00000002
10:31:40.638  INFO     RX        /ERR/LOKO/0x00000002
10:31:40.652  INFO     RX        /ERR/LOKO/0x00000002
10:31:40.669  INFO     RX        /ERR/LOKO/0x00000002
10:31:40.684  INFO     RX        /ERR/LOKO/0x00000002
10:31:40.684  INFO     RX        /ERR/LOKO/0x00000002
10:31:40.700  INFO     RX        /ERR/LOKO/0x00000002
10:31:40.717  INFO     RX        /ERR/LOKO/0x00000002
10:31:40.733  INFO     RX        /ERR/LOKO/0x00000002
10:31:40.733  INFO     RX        /ERR/LOKO/0x00000002
10:31:40.749  INFO     RX        /ERR/LOKO/0x00000002
10:31:40.765  INFO     RX        /ERR/LOKO/0x00000002
10:31:40.765  INFO     RX        /ERR/LOKO/0x00000002
10:31:40.784  INFO     RX        /ERR/LOKO/0x00000002
10:31:40.797  INFO     RX        /ERR/LOKO/0x00000002
10:31:40.814  INFO     RX        /ERR/LOKO/0x00000002
10:31:40.814  INFO     RX        /ERR/LOKO/0x00000002
10:31:40.830  INFO     RX        /ERR/LOKO/0x00000002
10:31:40.847  INFO     RX        /ERR/LOKO/0x00000002
10:31:40.862  INFO     RX        /ERR/LOKO/0x00000002
10:31:40.862  INFO     RX        /ERR/LOKO/0x00000002
10:31:40.879  INFO     RX        /ERR/LOKO/0x00000002
10:31:40.894  INFO     RX        /ERR/LOKO/0x00000002
10:31:40.912  INFO     RX        /ERR/LOKO/0x00000002
10:31:40.912  INFO     RX        /ERR/LOKO/0x00000002
10:31:40.928  INFO     RX        /ERR/LOKO/0x00000002
10:31:40.943  INFO     RX        /ERR/LOKO/0x00000002
10:31:40.943  INFO     RX        /ERR/LOKO/0x00000002
10:31:40.959  INFO     RX        /ERR/LOKO/0x00000002
10:31:40.975  INFO     RX        /ERR/LOKO/0x00000002
10:31:40.992  INFO     RX        /ERR/LOKO/0x00000002
10:31:40.992  INFO     RX        /ERR/LOKO/0x00000002
10:31:41.009  INFO     RX        /ERR/LOKO/0x00000002
10:31:41.024  INFO     RX        /ERR/LOKO/0x00000002
10:31:41.042  INFO     RX        /ERR/LOKO/0x00000002
10:31:41.042  INFO     RX        /ERR/LOKO/0x00000002
10:31:41.059  INFO     RX        /ERR/LOKO/0x00000002
10:31:41.072  INFO     RX        /ERR/LOKO/0x00000002
10:31:41.089  INFO     RX        /ERR/LOKO/0x00000002
10:31:41.090  INFO     RX        /ERR/LOKO/0x00000002
10:31:41.105  INFO     RX        /ERR/LOKO/0x00000002
10:31:41.121  INFO     RX        /ERR/LOKO/0x00000002
10:31:41.138  INFO     RX        /ERR/LOKO/0x00000002
10:31:41.138  INFO     RX        /ERR/LOKO/0x00000002
10:31:41.153  INFO     RX        /ERR/LOKO/0x00000002
10:31:41.169  INFO     RX        /ERR/LOKO/0x00000002
10:31:41.347  INFO     RX        /ERR/LOKO/0x00000002
10:31:41.347  INFO     RX        /ERR/LOKO/0x00000002
10:31:41.365  INFO     RX        /ERR/LOKO/0x00000002
10:31:41.382  INFO     RX        /ERR/LOKO/0x00000002
10:31:41.382  INFO     RX        /ERR/LOKO/0x00000002
10:31:41.395  INFO     RX        /ERR/LOKO/0x00000002
10:31:41.413  INFO     RX        /ERR/LOKO/0x00000002
10:31:41.427  INFO     RX        /ERR/LOKO/0x00000002
10:31:41.427  INFO     RX        /ERR/LOKO/0x00000002
10:31:41.440  DEBUG    TX /CONTROLL/0,0,0,-20,0,0,0,0,0
10:31:41.443  INFO     RX        /ERR/LOKO/0x00000002
10:31:41.462  INFO     RX        /ERR/LOKO/0x00000002
10:31:41.581  INFO     RX        /ERR/LOKO/0x00000002
10:31:41.581  INFO     RX        /ERR/LOKO/0x00000002
10:31:41.581  INFO     RX        /ERR/LOKO/0x00000002
10:31:41.581  INFO     RX        /ERR/LOKO/0x00000002
10:31:41.581  INFO     RX        /ERR/LOKO/0x00000002
10:31:41.581  INFO     RX        /ERR/LOKO/0x00000002
10:31:41.581  INFO     RX        /ERR/LOKO/0x00000002
10:31:41.581  INFO     RX        /ERR/LOKO/0x00000002
10:31:41.587  INFO     RX        /ERR/LOKO/0x00000002
10:31:41.587  INFO     RX        /ERR/LOKO/0x00000002
10:31:41.587  INFO     RX        /ERR/LOKO/0x00000002
10:31:41.591  INFO     RX        /ERR/LOKO/0x00000002
10:31:41.604  INFO     RX        /ERR/LOKO/0x00000002
10:31:41.620  INFO     RX        /ERR/LOKO/0x00000002
10:31:41.636  INFO     RX        /ERR/LOKO/0x00000002
10:31:41.652  INFO     RX        /ERR/LOKO/0x00000002
10:31:41.652  INFO     RX        /ERR/LOKO/0x00000002
10:31:41.669  INFO     RX        /ERR/LOKO/0x00000002
10:31:41.684  INFO     RX        /ERR/LOKO/0x00000002
10:31:41.700  INFO     RX        /ERR/LOKO/0x00000002
10:31:41.700  INFO     RX        /ERR/LOKO/0x00000002
10:31:41.717  INFO     RX        /ERR/LOKO/0x00000002
10:31:41.733  INFO     RX        /ERR/LOKO/0x00000002
10:31:41.749  INFO     RX        /ERR/LOKO/0x00000002
10:31:41.749  INFO     RX        /ERR/LOKO/0x00000002
10:31:41.910  INFO     RX        /ERR/LOKO/0x00000002
10:31:41.926  INFO     RX        /ERR/LOKO/0x00000002
10:31:41.942  INFO     RX        /ERR/LOKO/0x00000002
10:31:41.958  INFO     RX        /ERR/LOKO/0x00000002
10:31:41.958  INFO     RX        /ERR/LOKO/0x00000002
10:31:41.974  INFO     RX        /ERR/LOKO/0x00000002
10:31:41.990  INFO     RX        /ERR/LOKO/0x00000002
10:31:42.006  INFO     RX        /ERR/LOKO/0x00000002
10:31:42.006  INFO     RX        /ERR/LOKO/0x00000002
10:31:42.022  INFO     RX        /ERR/LOKO/0x00000002
10:31:42.038  INFO     RX        /ERR/LOKO/0x00000002
10:31:42.038  INFO     RX        /ERR/LOKO/0x00000002
10:31:42.054  INFO     RX        /ERR/LOKO/0x00000002
10:31:42.071  INFO     RX        /ERR/LOKO/0x00000002
10:31:42.087  INFO     RX        /ERR/LOKO/0x00000002
10:31:42.087  INFO     RX        /ERR/LOKO/0x00000002
10:31:42.103  INFO     RX        /ERR/LOKO/0x00000002
10:31:42.119  INFO     RX        /ERR/LOKO/0x00000002
10:31:42.135  INFO     RX        /ERR/LOKO/0x00000002
10:31:42.135  INFO     RX        /ERR/LOKO/0x00000002
10:31:42.151  INFO     RX        /ERR/LOKO/0x00000002
10:31:42.167  INFO     RX        /ERR/LOKO/0x00000002
10:31:42.184  INFO     RX        /ERR/LOKO/0x00000002
10:31:42.184  INFO     RX        /ERR/LOKO/0x00000002
10:31:42.200  INFO     RX        /ERR/LOKO/0x00000002
10:31:42.217  INFO     RX        /ERR/LOKO/0x00000002
10:31:42.233  INFO     RX        /ERR/LOKO/0x00000002
10:31:42.233  INFO     RX        /ERR/LOKO/0x00000002
10:31:42.245  DEBUG    TX /CONTROLL/0,0,0,-20,0,0,0,0,0
10:31:42.249  INFO     RX        /ERR/LOKO/0x00000002
10:31:42.264  INFO     RX        /ERR/LOKO/0x00000002
10:31:42.265  INFO     RX        /ERR/LOKO/0x00000002
10:31:42.281  INFO     RX        /ERR/LOKO/0x00000002
10:31:42.296  INFO     RX        /ERR/LOKO/0x00000002
10:31:42.312  INFO     RX        /ERR/LOKO/0x00000002
10:31:42.312  INFO     RX        /ERR/LOKO/0x00000002
10:31:42.328  INFO     RX        /ERR/LOKO/0x00000002
10:31:42.345  INFO     RX        /ERR/LOKO/0x00000002
10:31:42.361  INFO     RX        /ERR/LOKO/0x00000002
10:31:42.361  INFO     RX        /ERR/LOKO/0x00000002
10:31:42.376  INFO     RX        /ERR/LOKO/0x00000002
10:31:42.393  INFO     RX        /ERR/LOKO/0x00000002
10:31:42.410  INFO     RX        /ERR/LOKO/0x00000002
10:31:42.410  INFO     RX        /ERR/LOKO/0x00000002
10:31:42.426  INFO     RX        /ERR/LOKO/0x00000002
10:31:42.442  INFO     RX        /ERR/LOKO/0x00000002
10:31:42.442  INFO     RX        /ERR/LOKO/0x00000002
10:31:42.459  INFO     RX        /ERR/LOKO/0x00000002
10:31:43.050  DEBUG    TX /CONTROLL/0,0,0,0,0,0,0,0,0
10:31:43.858  DEBUG    TX /CONTROLL/0,0,0,0,0,0,0,0,0
10:31:44.389  INFO     RX        /ERR/LOKO/0x00000002
10:31:44.406  INFO     RX        /ERR/LOKO/0x00000002
10:31:44.423  INFO     RX        /ERR/LOKO/0x00000002
10:31:44.423  INFO     RX        /ERR/LOKO/0x00000002
10:31:44.438  INFO     RX        /ERR/LOKO/0x00000002
10:31:44.454  INFO     RX        /ERR/LOKO/0x00000002
10:31:44.470  INFO     RX        /ERR/LOKO/0x00000002
10:31:44.471  INFO     RX        /ERR/LOKO/0x00000002
10:31:44.486  INFO     RX        /ERR/LOKO/0x00000002
10:31:44.502  INFO     RX        /ERR/LOKO/0x00000002
10:31:44.521  INFO     RX        /ERR/LOKO/0x00000002
10:31:44.521  INFO     RX        /ERR/LOKO/0x00000002
10:31:44.534  INFO     RX        /ERR/LOKO/0x00000002
10:31:44.552  INFO     RX        /ERR/LOKO/0x00000002
10:31:44.552  INFO     RX        /ERR/LOKO/0x00000002
10:31:44.567  INFO     RX        /ERR/LOKO/0x00000002
10:31:44.583  INFO     RX        /ERR/LOKO/0x00000002
10:31:44.600  INFO     RX        /ERR/LOKO/0x00000002
10:31:44.600  INFO     RX        /ERR/LOKO/0x00000002
10:31:44.616  INFO     RX        /ERR/LOKO/0x00000002
10:31:44.631  INFO     RX        /ERR/LOKO/0x00000002
10:31:44.647  INFO     RX        /ERR/LOKO/0x00000002
10:31:44.647  INFO     RX        /ERR/LOKO/0x00000002
10:31:44.660  DEBUG    TX /CONTROLL/0,0,0,-13,0,0,0,0,0
10:31:44.663  INFO     RX        /ERR/LOKO/0x00000002
10:31:44.679  INFO     RX        /ERR/LOKO/0x00000002
10:31:44.700  INFO     RX        /ERR/LOKO/0x00000002
10:31:44.700  INFO     RX        /ERR/LOKO/0x00000002
10:31:44.713  INFO     RX        /ERR/LOKO/0x00000002
10:31:44.728  INFO     RX        /ERR/LOKO/0x00000002
10:31:44.728  INFO     RX        /ERR/LOKO/0x00000002
10:31:44.743  INFO     RX        /ERR/LOKO/0x00000002
10:31:44.759  INFO     RX        /ERR/LOKO/0x00000002
10:31:44.776  INFO     RX        /ERR/LOKO/0x00000002
10:31:44.776  INFO     RX        /ERR/LOKO/0x00000002
10:31:44.792  INFO     RX        /ERR/LOKO/0x00000002
10:31:44.808  INFO     RX        /ERR/LOKO/0x00000002
10:31:44.823  INFO     RX        /ERR/LOKO/0x00000002
10:31:44.823  INFO     RX        /ERR/LOKO/0x00000002
10:31:44.841  INFO     RX        /ERR/LOKO/0x00000002
10:31:44.856  INFO     RX        /ERR/LOKO/0x00000002
10:31:44.872  INFO     RX        /ERR/LOKO/0x00000002
10:31:44.872  INFO     RX        /ERR/LOKO/0x00000002
10:31:44.889  INFO     RX        /ERR/LOKO/0x00000002
10:31:44.904  INFO     RX        /ERR/LOKO/0x00000002
10:31:44.920  INFO     RX        /ERR/LOKO/0x00000002
10:31:44.920  INFO     RX        /ERR/LOKO/0x00000002
10:31:44.937  INFO     RX        /ERR/LOKO/0x00000002
10:31:44.953  INFO     RX        /ERR/LOKO/0x00000002
10:31:44.969  INFO     RX        /ERR/LOKO/0x00000002
10:31:44.969  INFO     RX        /ERR/LOKO/0x00000002
10:31:44.985  INFO     RX        /ERR/LOKO/0x00000002
10:31:45.000  INFO     RX        /ERR/LOKO/0x00000002
10:31:45.016  INFO     RX        /ERR/LOKO/0x00000002
10:31:45.016  INFO     RX        /ERR/LOKO/0x00000002
10:31:45.032  INFO     RX        /ERR/LOKO/0x00000002
10:31:45.048  INFO     RX        /ERR/LOKO/0x00000002
10:31:45.064  INFO     RX        /ERR/LOKO/0x00000002
10:31:45.064  INFO     RX        /ERR/LOKO/0x00000002
10:31:45.080  INFO     RX        /ERR/LOKO/0x00000002
10:31:45.097  INFO     RX        /ERR/LOKO/0x00000002
10:31:45.097  INFO     RX        /ERR/LOKO/0x00000002
10:31:45.112  INFO     RX        /ERR/LOKO/0x00000002
10:31:45.129  INFO     RX        /ERR/LOKO/0x00000002
10:31:45.145  INFO     RX        /ERR/LOKO/0x00000002
10:31:45.145  INFO     RX        /ERR/LOKO/0x00000002
10:31:45.162  INFO     RX        /ERR/LOKO/0x00000002
10:31:45.177  INFO     RX        /ERR/LOKO/0x00000002
10:31:45.194  INFO     RX        /ERR/LOKO/0x00000002
10:31:45.194  INFO     RX        /ERR/LOKO/0x00000002
10:31:45.209  INFO     RX        /ERR/LOKO/0x00000002
10:31:45.225  INFO     RX        /ERR/LOKO/0x00000002
10:31:45.242  INFO     RX        /ERR/LOKO/0x00000002
10:31:45.242  INFO     RX        /ERR/LOKO/0x00000002
10:31:45.259  INFO     RX        /ERR/LOKO/0x00000002
10:31:45.275  INFO     RX        /ERR/LOKO/0x00000002
10:31:45.292  INFO     RX        /ERR/LOKO/0x00000002
10:31:45.292  INFO     RX        /ERR/LOKO/0x00000002
10:31:45.306  INFO     RX        /ERR/LOKO/0x00000002
10:31:45.323  INFO     RX        /ERR/LOKO/0x00000002
10:31:45.339  INFO     RX        /ERR/LOKO/0x00000002
10:31:45.339  INFO     RX        /ERR/LOKO/0x00000002
10:31:45.355  INFO     RX        /ERR/LOKO/0x00000002
10:31:45.371  INFO     RX        /ERR/LOKO/0x00000002
10:31:45.386  INFO     RX        /ERR/LOKO/0x00000002
10:31:45.386  INFO     RX        /ERR/LOKO/0x00000002
10:31:45.403  INFO     RX        /ERR/LOKO/0x00000002
10:31:45.418  INFO     RX        /ERR/LOKO/0x00000002
10:31:45.418  INFO     RX        /ERR/LOKO/0x00000002
10:31:45.434  INFO     RX        /ERR/LOKO/0x00000002
10:31:45.463  DEBUG    TX /CONTROLL/0,0,0,-13,0,0,0,0,0
10:31:45.611  INFO     RX        /ERR/LOKO/0x00000002
10:31:45.628  INFO     RX        /ERR/LOKO/0x00000002
10:31:45.645  INFO     RX        /ERR/LOKO/0x00000002
10:31:45.645  INFO     RX        /ERR/LOKO/0x00000002
10:31:45.658  INFO     RX        /ERR/LOKO/0x00000002
10:31:45.678  INFO     RX        /ERR/LOKO/0x00000002
10:31:45.694  INFO     RX        /ERR/LOKO/0x00000002
10:31:45.694  INFO     RX        /ERR/LOKO/0x00000002
10:31:45.706  INFO     RX        /ERR/LOKO/0x00000002
10:31:45.723  INFO     RX        /ERR/LOKO/0x00000002
10:31:45.723  INFO     RX        /ERR/LOKO/0x00000002
10:31:45.738  INFO     RX        /ERR/LOKO/0x00000002
10:31:45.754  INFO     RX        /ERR/LOKO/0x00000002
10:31:45.770  INFO     RX        /ERR/LOKO/0x00000002
10:31:45.770  INFO     RX        /ERR/LOKO/0x00000002
10:31:45.786  INFO     RX        /ERR/LOKO/0x00000002
10:31:45.804  INFO     RX        /ERR/LOKO/0x00000002
10:31:45.818  INFO     RX        /ERR/LOKO/0x00000002
10:31:45.818  INFO     RX        /ERR/LOKO/0x00000002
10:31:45.834  INFO     RX        /ERR/LOKO/0x00000002
10:31:45.850  INFO     RX        /ERR/LOKO/0x00000002
10:31:45.866  INFO     RX        /ERR/LOKO/0x00000002
10:31:45.867  INFO     RX        /ERR/LOKO/0x00000002
10:31:45.882  INFO     RX        /ERR/LOKO/0x00000002
10:31:45.899  INFO     RX        /ERR/LOKO/0x00000002
10:31:45.899  INFO     RX        /ERR/LOKO/0x00000002
10:31:45.915  INFO     RX        /ERR/LOKO/0x00000002
10:31:45.932  INFO     RX        /ERR/LOKO/0x00000002
10:31:45.947  INFO     RX        /ERR/LOKO/0x00000002
10:31:45.947  INFO     RX        /ERR/LOKO/0x00000002
10:31:45.963  INFO     RX        /ERR/LOKO/0x00000002
10:31:45.979  INFO     RX        /ERR/LOKO/0x00000002
10:31:45.995  INFO     RX        /ERR/LOKO/0x00000002
10:31:45.995  INFO     RX        /ERR/LOKO/0x00000002
10:31:46.011  INFO     RX        /ERR/LOKO/0x00000002
10:31:46.027  INFO     RX        /ERR/LOKO/0x00000002
10:31:46.043  INFO     RX        /ERR/LOKO/0x00000002
10:31:46.043  INFO     RX        /ERR/LOKO/0x00000002
10:31:46.060  INFO     RX        /ERR/LOKO/0x00000002
10:31:46.076  INFO     RX        /ERR/LOKO/0x00000002
10:31:46.092  INFO     RX        /ERR/LOKO/0x00000002
10:31:46.092  INFO     RX        /ERR/LOKO/0x00000002
10:31:46.108  INFO     RX        /ERR/LOKO/0x00000002
10:31:46.123  INFO     RX        /ERR/LOKO/0x00000002
10:31:46.124  INFO     RX        /ERR/LOKO/0x00000002
10:31:46.140  INFO     RX        /ERR/LOKO/0x00000002
10:31:46.156  INFO     RX        /ERR/LOKO/0x00000002
10:31:46.172  INFO     RX        /ERR/LOKO/0x00000002
10:31:46.172  INFO     RX        /ERR/LOKO/0x00000002
10:31:46.188  INFO     RX        /ERR/LOKO/0x00000002
10:31:46.204  INFO     RX        /ERR/LOKO/0x00000002
10:31:46.219  INFO     RX        /ERR/LOKO/0x00000002
10:31:46.219  INFO     RX        /ERR/LOKO/0x00000002
10:31:46.238  INFO     RX        /ERR/LOKO/0x00000002
10:31:46.252  INFO     RX        /ERR/LOKO/0x00000002
10:31:46.265  DEBUG    TX /CONTROLL/0,0,0,-13,0,0,0,0,0
10:31:46.270  INFO     RX        /ERR/LOKO/0x00000002
10:31:46.270  INFO     RX        /ERR/LOKO/0x00000002
10:31:46.284  INFO     RX        /ERR/LOKO/0x00000002
10:31:46.300  INFO     RX        /ERR/LOKO/0x00000002
10:31:46.318  INFO     RX        /ERR/LOKO/0x00000002
10:31:46.318  INFO     RX        /ERR/LOKO/0x00000002
10:31:46.333  INFO     RX        /ERR/LOKO/0x00000002
10:31:46.349  INFO     RX        /ERR/LOKO/0x00000002
10:31:46.349  INFO     RX        /ERR/LOKO/0x00000002
10:31:46.365  INFO     RX        /ERR/LOKO/0x00000002
10:31:46.380  INFO     RX        /ERR/LOKO/0x00000002
10:31:46.398  INFO     RX        /ERR/LOKO/0x00000002
10:31:46.399  INFO     RX        /ERR/LOKO/0x00000002
10:31:46.413  INFO     RX        /ERR/LOKO/0x00000002
10:31:46.430  INFO     RX        /ERR/LOKO/0x00000002
10:31:46.446  INFO     RX        /ERR/LOKO/0x00000002
10:31:46.446  INFO     RX        /ERR/LOKO/0x00000002
10:31:46.461  INFO     RX        /ERR/LOKO/0x00000002
10:31:46.478  INFO     RX        /ERR/LOKO/0x00000002
10:31:46.493  INFO     RX        /ERR/LOKO/0x00000002
10:31:46.493  INFO     RX        /ERR/LOKO/0x00000002
10:31:46.509  INFO     RX        /ERR/LOKO/0x00000002
10:31:46.525  INFO     RX        /ERR/LOKO/0x00000002
10:31:46.542  INFO     RX        /ERR/LOKO/0x00000002
10:31:46.542  INFO     RX        /ERR/LOKO/0x00000002
10:31:46.557  INFO     RX        /ERR/LOKO/0x00000002
10:31:46.577  INFO     RX        /ERR/LOKO/0x00000002
10:31:46.591  INFO     RX        /ERR/LOKO/0x00000002
10:31:46.591  INFO     RX        /ERR/LOKO/0x00000002
10:31:46.606  INFO     RX        /ERR/LOKO/0x00000002
10:31:46.623  INFO     RX        /ERR/LOKO/0x00000002
10:31:46.623  INFO     RX        /ERR/LOKO/0x00000002
10:31:46.638  INFO     RX        /ERR/LOKO/0x00000002
10:31:46.654  INFO     RX        /ERR/LOKO/0x00000002
10:31:46.670  INFO     RX        /ERR/LOKO/0x00000002
10:31:46.671  INFO     RX        /ERR/LOKO/0x00000002
10:31:46.690  INFO     RX        /ERR/LOKO/0x00000002
10:31:46.703  INFO     RX        /ERR/LOKO/0x00000002
10:31:46.719  INFO     RX        /ERR/LOKO/0x00000002
10:31:46.719  INFO     RX        /ERR/LOKO/0x00000002
10:31:46.737  INFO     RX        /ERR/LOKO/0x00000002
10:31:46.751  INFO     RX        /ERR/LOKO/0x00000002
10:31:46.769  INFO     RX        /ERR/LOKO/0x00000002
10:31:46.769  INFO     RX        /ERR/LOKO/0x00000002
10:31:46.786  INFO     RX        /ERR/LOKO/0x00000002
10:31:46.801  INFO     RX        /ERR/LOKO/0x00000002
10:31:46.801  INFO     RX        /ERR/LOKO/0x00000002
10:31:46.819  INFO     RX        /ERR/LOKO/0x00000002
10:31:46.834  INFO     RX        /ERR/LOKO/0x00000002
10:31:46.852  INFO     RX        /ERR/LOKO/0x00000002
10:31:46.852  INFO     RX        /ERR/LOKO/0x00000002
10:31:46.867  INFO     RX        /ERR/LOKO/0x00000002
10:31:46.882  INFO     RX        /ERR/LOKO/0x00000002
10:31:46.897  INFO     RX        /ERR/LOKO/0x00000002
10:31:46.897  INFO     RX        /ERR/LOKO/0x00000002
10:31:46.914  INFO     RX        /ERR/LOKO/0x00000002
10:31:46.930  INFO     RX        /ERR/LOKO/0x00000002
10:31:46.945  INFO     RX        /ERR/LOKO/0x00000002
10:31:46.945  INFO     RX        /ERR/LOKO/0x00000002
10:31:46.961  INFO     RX        /ERR/LOKO/0x00000002
10:31:46.978  INFO     RX        /ERR/LOKO/0x00000002
10:31:47.071  DEBUG    TX /CONTROLL/0,0,0,0,0,0,0,0,0
10:31:47.872  DEBUG    TX /CONTROLL/0,0,0,0,0,0,0,0,0
10:31:48.678  DEBUG    TX /CONTROLL/0,0,0,-14,0,0,0,0,0
10:31:48.683  INFO     RX        /ERR/LOKO/0x00000002
10:31:48.698  INFO     RX        /ERR/LOKO/0x00000002
10:31:48.954  INFO     RX        /ERR/LOKO/0x00000002
10:31:48.969  INFO     RX        /ERR/LOKO/0x00000002
10:31:48.985  INFO     RX        /ERR/LOKO/0x00000002
10:31:49.002  INFO     RX        /ERR/LOKO/0x00000002
10:31:49.002  INFO     RX        /ERR/LOKO/0x00000002
10:31:49.019  INFO     RX        /ERR/LOKO/0x00000002
10:31:49.034  INFO     RX        /ERR/LOKO/0x00000002
10:31:49.049  INFO     RX        /ERR/LOKO/0x00000002
10:31:49.049  INFO     RX        /ERR/LOKO/0x00000002
10:31:49.067  INFO     RX        /ERR/LOKO/0x00000002
10:31:49.082  INFO     RX        /ERR/LOKO/0x00000002
10:31:49.082  INFO     RX        /ERR/LOKO/0x00000002
10:31:49.099  INFO     RX        /ERR/LOKO/0x00000002
10:31:49.114  INFO     RX        /ERR/LOKO/0x00000002
10:31:49.131  INFO     RX        /ERR/LOKO/0x00000002
10:31:49.131  INFO     RX        /ERR/LOKO/0x00000002
10:31:49.146  INFO     RX        /ERR/LOKO/0x00000002
10:31:49.162  INFO     RX        /ERR/LOKO/0x00000002
10:31:49.180  INFO     RX        /ERR/LOKO/0x00000002
10:31:49.180  INFO     RX        /ERR/LOKO/0x00000002
10:31:49.194  INFO     RX        /ERR/LOKO/0x00000002
10:31:49.210  INFO     RX        /ERR/LOKO/0x00000002
10:31:49.227  INFO     RX        /ERR/LOKO/0x00000002
10:31:49.227  INFO     RX        /ERR/LOKO/0x00000002
10:31:49.244  INFO     RX        /ERR/LOKO/0x00000002
10:31:49.258  INFO     RX        /ERR/LOKO/0x00000002
10:31:49.258  INFO     RX        /ERR/LOKO/0x00000002
10:31:49.274  INFO     RX        /ERR/LOKO/0x00000002
10:31:49.290  INFO     RX        /ERR/LOKO/0x00000002
10:31:49.307  INFO     RX        /ERR/LOKO/0x00000002
10:31:49.307  INFO     RX        /ERR/LOKO/0x00000002
10:31:49.324  INFO     RX        /ERR/LOKO/0x00000002
10:31:49.338  INFO     RX        /ERR/LOKO/0x00000002
10:31:49.354  INFO     RX        /ERR/LOKO/0x00000002
10:31:49.354  INFO     RX        /ERR/LOKO/0x00000002
10:31:49.371  INFO     RX        /ERR/LOKO/0x00000002
10:31:49.386  INFO     RX        /ERR/LOKO/0x00000002
10:31:49.402  INFO     RX        /ERR/LOKO/0x00000002
10:31:49.402  INFO     RX        /ERR/LOKO/0x00000002
10:31:49.480  DEBUG    TX /CONTROLL/0,0,0,-14,0,0,0,0,0
10:31:49.595  INFO     RX        /ERR/LOKO/0x00000002
10:31:49.613  INFO     RX        /ERR/LOKO/0x00000002
10:31:49.613  INFO     RX        /ERR/LOKO/0x00000002
10:31:49.628  INFO     RX        /ERR/LOKO/0x00000002
10:31:49.645  INFO     RX        /ERR/LOKO/0x00000002
10:31:49.645  INFO     RX        /ERR/LOKO/0x00000002
10:31:49.661  INFO     RX        /ERR/LOKO/0x00000002
10:31:49.677  INFO     RX        /ERR/LOKO/0x00000002
10:31:49.694  INFO     RX        /ERR/LOKO/0x00000002
10:31:49.694  INFO     RX        /ERR/LOKO/0x00000002
10:31:49.709  INFO     RX        /ERR/LOKO/0x00000002
10:31:49.725  INFO     RX        /ERR/LOKO/0x00000002
10:31:49.741  INFO     RX        /ERR/LOKO/0x00000002
10:31:49.741  INFO     RX        /ERR/LOKO/0x00000002
10:31:49.758  INFO     RX        /ERR/LOKO/0x00000002
10:31:49.773  INFO     RX        /ERR/LOKO/0x00000002
10:31:49.773  INFO     RX        /ERR/LOKO/0x00000002
10:31:49.790  INFO     RX        /ERR/LOKO/0x00000002
10:31:49.806  INFO     RX        /ERR/LOKO/0x00000002
10:31:49.823  INFO     RX        /ERR/LOKO/0x00000002
10:31:49.823  INFO     RX        /ERR/LOKO/0x00000002
10:31:50.286  DEBUG    TX /CONTROLL/0,0,0,-14,0,0,0,0,0
10:31:50.305  INFO     RX        /ERR/LOKO/0x00000002
10:31:50.322  INFO     RX        /ERR/LOKO/0x00000002
10:31:50.322  INFO     RX        /ERR/LOKO/0x00000002
10:31:50.338  INFO     RX        /ERR/LOKO/0x00000002
10:31:50.356  INFO     RX        /ERR/LOKO/0x00000002
10:31:50.356  INFO     RX        /ERR/LOKO/0x00000002
10:31:50.370  INFO     RX        /ERR/LOKO/0x00000002
10:31:50.385  INFO     RX        /ERR/LOKO/0x00000002
10:31:50.401  INFO     RX        /ERR/LOKO/0x00000002
10:31:50.401  INFO     RX        /ERR/LOKO/0x00000002
10:31:50.417  INFO     RX        /ERR/LOKO/0x00000002
10:31:50.434  INFO     RX        /ERR/LOKO/0x00000002
10:31:50.450  INFO     RX        /ERR/LOKO/0x00000002
10:31:50.450  INFO     RX        /ERR/LOKO/0x00000002
10:31:50.465  INFO     RX        /ERR/LOKO/0x00000002
10:31:50.481  INFO     RX        /ERR/LOKO/0x00000002
10:31:50.498  INFO     RX        /ERR/LOKO/0x00000002
10:31:50.498  INFO     RX        /ERR/LOKO/0x00000002
10:31:50.514  INFO     RX        /ERR/LOKO/0x00000002
10:31:50.530  INFO     RX        /ERR/LOKO/0x00000002
10:31:50.546  INFO     RX        /ERR/LOKO/0x00000002
10:31:51.090  DEBUG    TX /CONTROLL/0,0,0,-14,0,0,0,0,0
10:31:51.110  INFO     RX        /ERR/LOKO/0x00000002
10:31:51.110  INFO     RX        /ERR/LOKO/0x00000002
10:31:51.125  INFO     RX        /ERR/LOKO/0x00000002
10:31:51.141  INFO     RX        /ERR/LOKO/0x00000002
10:31:51.160  INFO     RX        /ERR/LOKO/0x00000002
10:31:51.160  INFO     RX        /ERR/LOKO/0x00000002
10:31:51.173  INFO     RX        /ERR/LOKO/0x00000002
10:31:51.190  INFO     RX        /ERR/LOKO/0x00000002
10:31:51.190  INFO     RX        /ERR/LOKO/0x00000002
10:31:51.205  INFO     RX        /ERR/LOKO/0x00000002
10:31:51.223  INFO     RX        /ERR/LOKO/0x00000002
10:31:51.238  INFO     RX        /ERR/LOKO/0x00000002
10:31:51.238  INFO     RX        /ERR/LOKO/0x00000002
10:31:51.254  INFO     RX        /ERR/LOKO/0x00000002
10:31:51.269  INFO     RX        /ERR/LOKO/0x00000002
10:31:51.290  INFO     RX        /ERR/LOKO/0x00000002
10:31:51.290  INFO     RX        /ERR/LOKO/0x00000002
10:31:51.301  INFO     RX        /ERR/LOKO/0x00000002
10:31:51.318  INFO     RX        /ERR/LOKO/0x00000002
10:31:51.333  INFO     RX        /ERR/LOKO/0x00000002
10:31:51.333  INFO     RX        /ERR/LOKO/0x00000002
10:31:51.349  INFO     RX        /ERR/LOKO/0x00000002
10:31:51.365  INFO     RX        /ERR/LOKO/0x00000002
10:31:51.381  INFO     RX        /ERR/LOKO/0x00000002
10:31:51.381  INFO     RX        /ERR/LOKO/0x00000002
10:31:51.397  INFO     RX        /ERR/LOKO/0x00000002
10:31:51.413  INFO     RX        /ERR/LOKO/0x00000002
10:31:51.430  INFO     RX        /ERR/LOKO/0x00000002
10:31:51.430  INFO     RX        /ERR/LOKO/0x00000002
10:31:51.447  INFO     RX        /ERR/LOKO/0x00000002
10:31:51.462  INFO     RX        /ERR/LOKO/0x00000002
10:31:51.462  INFO     RX        /ERR/LOKO/0x00000002
10:31:51.478  INFO     RX        /ERR/LOKO/0x00000002
10:31:51.495  INFO     RX        /ERR/LOKO/0x00000002
10:31:51.511  INFO     RX        /ERR/LOKO/0x00000002
10:31:51.511  INFO     RX        /ERR/LOKO/0x00000002
10:31:51.527  INFO     RX        /ERR/LOKO/0x00000002
10:31:51.544  INFO     RX        /ERR/LOKO/0x00000002
10:31:51.560  INFO     RX        /ERR/LOKO/0x00000002
10:31:51.895  DEBUG    TX /CONTROLL/0,0,0,-14,0,0,0,0,0
10:31:51.907  INFO     RX        /ERR/LOKO/0x00000002
10:31:51.907  INFO     RX        /ERR/LOKO/0x00000002
10:31:51.907  INFO     RX        /ERR/LOKO/0x00000002
10:31:51.907  INFO     RX        /ERR/LOKO/0x00000002
10:31:51.907  INFO     RX        /ERR/LOKO/0x00000002
10:31:51.907  INFO     RX        /ERR/LOKO/0x00000002
10:31:51.907  INFO     RX        /ERR/LOKO/0x00000002
10:31:51.907  INFO     RX        /ERR/LOKO/0x00000002
10:31:51.908  INFO     RX        /ERR/LOKO/0x00000002
10:31:51.916  INFO     RX        /ERR/LOKO/0x00000002
10:31:51.930  INFO     RX        /ERR/LOKO/0x00000002
10:31:51.946  INFO     RX        /ERR/LOKO/0x00000002
10:31:51.962  INFO     RX        /ERR/LOKO/0x00000002
10:31:51.978  INFO     RX        /ERR/LOKO/0x00000002
10:31:51.978  INFO     RX        /ERR/LOKO/0x00000002
10:31:51.994  INFO     RX        /ERR/LOKO/0x00000002
10:31:52.010  INFO     RX        /ERR/LOKO/0x00000002
10:31:52.026  INFO     RX        /ERR/LOKO/0x00000002
10:31:52.027  INFO     RX        /ERR/LOKO/0x00000002
10:31:52.043  INFO     RX        /ERR/LOKO/0x00000002
10:31:52.059  INFO     RX        /ERR/LOKO/0x00000002
10:31:52.059  INFO     RX        /ERR/LOKO/0x00000002
10:31:52.075  INFO     RX        /ERR/LOKO/0x00000002
10:31:52.091  INFO     RX        /ERR/LOKO/0x00000002
10:31:52.107  INFO     RX        /ERR/LOKO/0x00000002
10:31:52.107  INFO     RX        /ERR/LOKO/0x00000002
10:31:52.123  INFO     RX        /ERR/LOKO/0x00000002
10:31:52.139  INFO     RX        /ERR/LOKO/0x00000002
10:31:52.156  INFO     RX        /ERR/LOKO/0x00000002
10:31:52.156  INFO     RX        /ERR/LOKO/0x00000002
10:31:52.172  INFO     RX        /ERR/LOKO/0x00000002
10:31:52.188  INFO     RX        /ERR/LOKO/0x00000002
10:31:52.188  INFO     RX        /ERR/LOKO/0x00000002
10:31:52.204  INFO     RX        /ERR/LOKO/0x00000002
10:31:52.221  INFO     RX        /ERR/LOKO/0x00000002
10:31:52.236  INFO     RX        /ERR/LOKO/0x00000002
10:31:52.236  INFO     RX        /ERR/LOKO/0x00000002
10:31:52.252  INFO     RX        /ERR/LOKO/0x00000002
10:31:52.268  INFO     RX        /ERR/LOKO/0x00000002
10:31:52.446  INFO     RX        /ERR/LOKO/0x00000002
10:31:52.462  INFO     RX        /ERR/LOKO/0x00000002
10:31:52.479  INFO     RX        /ERR/LOKO/0x00000002
10:31:52.479  INFO     RX        /ERR/LOKO/0x00000002
10:31:52.494  INFO     RX        /ERR/LOKO/0x00000002
10:31:52.510  INFO     RX        /ERR/LOKO/0x00000002
10:31:52.526  INFO     RX        /ERR/LOKO/0x00000002
10:31:52.526  INFO     RX        /ERR/LOKO/0x00000002
10:31:52.542  INFO     RX        /ERR/LOKO/0x00000002
10:31:52.558  INFO     RX        /ERR/LOKO/0x00000002
10:31:52.575  INFO     RX        /ERR/LOKO/0x00000002
10:31:52.575  INFO     RX        /ERR/LOKO/0x00000002
10:31:52.591  INFO     RX        /ERR/LOKO/0x00000002
10:31:52.607  INFO     RX        /ERR/LOKO/0x00000002
10:31:52.623  INFO     RX        /ERR/LOKO/0x00000002
10:31:52.623  INFO     RX        /ERR/LOKO/0x00000002
10:31:52.639  INFO     RX        /ERR/LOKO/0x00000002
10:31:52.655  INFO     RX        /ERR/LOKO/0x00000002
10:31:52.655  INFO     RX        /ERR/LOKO/0x00000002
10:31:52.672  INFO     RX        /ERR/LOKO/0x00000002
10:31:52.688  INFO     RX        /ERR/LOKO/0x00000002
10:31:52.701  DEBUG    TX /CONTROLL/0,0,0,-14,0,0,0,0,0
10:31:53.157  INFO     RX        /ERR/LOKO/0x00000002
10:31:53.171  INFO     RX        /ERR/LOKO/0x00000002
10:31:53.187  INFO     RX        /ERR/LOKO/0x00000002
10:31:53.204  INFO     RX        /ERR/LOKO/0x00000002
10:31:53.204  INFO     RX        /ERR/LOKO/0x00000002
10:31:53.219  INFO     RX        /ERR/LOKO/0x00000002
10:31:53.236  INFO     RX        /ERR/LOKO/0x00000002
10:31:53.236  INFO     RX        /ERR/LOKO/0x00000002
10:31:53.251  INFO     RX        /ERR/LOKO/0x00000002
10:31:53.267  INFO     RX        /ERR/LOKO/0x00000002
10:31:53.283  INFO     RX        /ERR/LOKO/0x00000002
10:31:53.283  INFO     RX        /ERR/LOKO/0x00000002
10:31:53.299  INFO     RX        /ERR/LOKO/0x00000002
10:31:53.315  INFO     RX        /ERR/LOKO/0x00000002
10:31:53.331  INFO     RX        /ERR/LOKO/0x00000002
10:31:53.331  INFO     RX        /ERR/LOKO/0x00000002
10:31:53.348  INFO     RX        /ERR/LOKO/0x00000002
10:31:53.363  INFO     RX        /ERR/LOKO/0x00000002
10:31:53.379  INFO     RX        /ERR/LOKO/0x00000002
10:31:53.379  INFO     RX        /ERR/LOKO/0x00000002
10:31:53.395  INFO     RX        /ERR/LOKO/0x00000002
10:31:53.505  DEBUG    TX /CONTROLL/0,0,0,-14,0,0,0,0,0
10:31:53.958  INFO     RX        /ERR/LOKO/0x00000002
10:31:53.975  INFO     RX        /ERR/LOKO/0x00000002
10:31:53.991  INFO     RX        /ERR/LOKO/0x00000002
10:31:53.991  INFO     RX        /ERR/LOKO/0x00000002
10:31:54.007  INFO     RX        /ERR/LOKO/0x00000002
10:31:54.023  INFO     RX        /ERR/LOKO/0x00000002
10:31:54.040  INFO     RX        /ERR/LOKO/0x00000002
10:31:54.040  INFO     RX        /ERR/LOKO/0x00000002
10:31:54.056  INFO     RX        /ERR/LOKO/0x00000002
10:31:54.072  INFO     RX        /ERR/LOKO/0x00000002
10:31:54.072  INFO     RX        /ERR/LOKO/0x00000002
10:31:54.089  INFO     RX        /ERR/LOKO/0x00000002
10:31:54.104  INFO     RX        /ERR/LOKO/0x00000002
10:31:54.121  INFO     RX        /ERR/LOKO/0x00000002
10:31:54.121  INFO     RX        /ERR/LOKO/0x00000002
10:31:54.137  INFO     RX        /ERR/LOKO/0x00000002
10:31:54.153  INFO     RX        /ERR/LOKO/0x00000002
10:31:54.168  INFO     RX        /ERR/LOKO/0x00000002
10:31:54.168  INFO     RX        /ERR/LOKO/0x00000002
10:31:54.184  INFO     RX        /ERR/LOKO/0x00000002
10:31:54.200  INFO     RX        /ERR/LOKO/0x00000002
10:31:54.217  INFO     RX        /ERR/LOKO/0x00000002
10:31:54.217  INFO     RX        /ERR/LOKO/0x00000002
10:31:54.233  INFO     RX        /ERR/LOKO/0x00000002
10:31:54.249  INFO     RX        /ERR/LOKO/0x00000002
10:31:54.249  INFO     RX        /ERR/LOKO/0x00000002
10:31:54.265  INFO     RX        /ERR/LOKO/0x00000002
10:31:54.282  INFO     RX        /ERR/LOKO/0x00000002
10:31:54.298  INFO     RX        /ERR/LOKO/0x00000002
10:31:54.298  INFO     RX        /ERR/LOKO/0x00000002
10:31:54.311  DEBUG    TX /CONTROLL/0,0,0,-14,0,0,0,0,0
10:31:54.314  INFO     RX        /ERR/LOKO/0x00000002
10:31:54.330  INFO     RX        /ERR/LOKO/0x00000002
10:31:54.346  INFO     RX        /ERR/LOKO/0x00000002
10:31:54.346  INFO     RX        /ERR/LOKO/0x00000002
10:31:54.363  INFO     RX        /ERR/LOKO/0x00000002
10:31:54.378  INFO     RX        /ERR/LOKO/0x00000002
10:31:54.394  INFO     RX        /ERR/LOKO/0x00000002
10:31:54.394  INFO     RX        /ERR/LOKO/0x00000002
10:31:54.410  INFO     RX        /ERR/LOKO/0x00000002
10:31:54.669  INFO     RX        /ERR/LOKO/0x00000002
10:31:54.686  INFO     RX        /ERR/LOKO/0x00000002
10:31:54.702  INFO     RX        /ERR/LOKO/0x00000002
10:31:54.717  INFO     RX        /ERR/LOKO/0x00000002
10:31:54.717  INFO     RX        /ERR/LOKO/0x00000002
10:31:54.733  INFO     RX        /ERR/LOKO/0x00000002
10:31:54.749  INFO     RX        /ERR/LOKO/0x00000002
10:31:54.766  INFO     RX        /ERR/LOKO/0x00000002
10:31:54.766  INFO     RX        /ERR/LOKO/0x00000002
10:31:54.781  INFO     RX        /ERR/LOKO/0x00000002
10:31:54.797  INFO     RX        /ERR/LOKO/0x00000002
10:31:54.813  INFO     RX        /ERR/LOKO/0x00000002
10:31:54.813  INFO     RX        /ERR/LOKO/0x00000002
10:31:54.829  INFO     RX        /ERR/LOKO/0x00000002
10:31:54.845  INFO     RX        /ERR/LOKO/0x00000002
10:31:54.846  INFO     RX        /ERR/LOKO/0x00000002
10:31:54.862  INFO     RX        /ERR/LOKO/0x00000002
10:31:54.878  INFO     RX        /ERR/LOKO/0x00000002
10:31:54.894  INFO     RX        /ERR/LOKO/0x00000002
10:31:54.894  INFO     RX        /ERR/LOKO/0x00000002
10:31:54.911  INFO     RX        /ERR/LOKO/0x00000002
10:31:54.927  INFO     RX        /ERR/LOKO/0x00000002
10:31:54.944  INFO     RX        /ERR/LOKO/0x00000002
10:31:54.944  INFO     RX        /ERR/LOKO/0x00000002
10:31:54.960  INFO     RX        /ERR/LOKO/0x00000002
10:31:54.976  INFO     RX        /ERR/LOKO/0x00000002
10:31:54.976  INFO     RX        /ERR/LOKO/0x00000002
10:31:54.992  INFO     RX        /ERR/LOKO/0x00000002
10:31:55.008  INFO     RX        /ERR/LOKO/0x00000002
10:31:55.026  INFO     RX        /ERR/LOKO/0x00000002
10:31:55.026  INFO     RX        /ERR/LOKO/0x00000002
10:31:55.040  INFO     RX        /ERR/LOKO/0x00000002
10:31:55.056  INFO     RX        /ERR/LOKO/0x00000002
10:31:55.072  INFO     RX        /ERR/LOKO/0x00000002
10:31:55.072  INFO     RX        /ERR/LOKO/0x00000002
10:31:55.088  INFO     RX        /ERR/LOKO/0x00000002
10:31:55.104  INFO     RX        /ERR/LOKO/0x00000002
10:31:55.117  DEBUG    TX /CONTROLL/0,0,0,-14,0,0,0,0,0
10:31:55.120  INFO     RX        /ERR/LOKO/0x00000002
10:31:55.120  INFO     RX        /ERR/LOKO/0x00000002
10:31:55.314  INFO     RX        /ERR/LOKO/0x00000002
10:31:55.314  INFO     RX        /ERR/LOKO/0x00000002
10:31:55.330  INFO     RX        /ERR/LOKO/0x00000002
10:31:55.346  INFO     RX        /ERR/LOKO/0x00000002
10:31:55.363  INFO     RX        /ERR/LOKO/0x00000002
10:31:55.363  INFO     RX        /ERR/LOKO/0x00000002
10:31:55.379  INFO     RX        /ERR/LOKO/0x00000002
10:31:55.395  INFO     RX        /ERR/LOKO/0x00000002
10:31:55.412  INFO     RX        /ERR/LOKO/0x00000002
10:31:55.412  INFO     RX        /ERR/LOKO/0x00000002
10:31:55.429  INFO     RX        /ERR/LOKO/0x00000002
10:31:55.444  INFO     RX        /ERR/LOKO/0x00000002
10:31:55.444  INFO     RX        /ERR/LOKO/0x00000002
10:31:55.460  INFO     RX        /ERR/LOKO/0x00000002
10:31:55.476  INFO     RX        /ERR/LOKO/0x00000002
10:31:55.494  INFO     RX        /ERR/LOKO/0x00000002
10:31:55.494  INFO     RX        /ERR/LOKO/0x00000002
10:31:55.508  INFO     RX        /ERR/LOKO/0x00000002
10:31:55.525  INFO     RX        /ERR/LOKO/0x00000002
10:31:55.541  INFO     RX        /ERR/LOKO/0x00000002
10:31:55.924  DEBUG    TX /CONTROLL/0,0,0,-14,0,0,0,0,0
10:31:56.023  INFO     RX        /ERR/LOKO/0x00000002
10:31:56.023  INFO     RX        /ERR/LOKO/0x00000002
10:31:56.039  INFO     RX        /ERR/LOKO/0x00000002
10:31:56.055  INFO     RX        /ERR/LOKO/0x00000002
10:31:56.074  INFO     RX        /ERR/LOKO/0x00000002
10:31:56.074  INFO     RX        /ERR/LOKO/0x00000002
10:31:56.088  INFO     RX        /ERR/LOKO/0x00000002
10:31:56.104  INFO     RX        /ERR/LOKO/0x00000002
10:31:56.120  INFO     RX        /ERR/LOKO/0x00000002
10:31:56.120  INFO     RX        /ERR/LOKO/0x00000002
10:31:56.136  INFO     RX        /ERR/LOKO/0x00000002
10:31:56.153  INFO     RX        /ERR/LOKO/0x00000002
10:31:56.153  INFO     RX        /ERR/LOKO/0x00000002
10:31:56.168  INFO     RX        /ERR/LOKO/0x00000002
10:31:56.184  INFO     RX        /ERR/LOKO/0x00000002
10:31:56.201  INFO     RX        /ERR/LOKO/0x00000002
10:31:56.201  INFO     RX        /ERR/LOKO/0x00000002
10:31:56.217  INFO     RX        /ERR/LOKO/0x00000002
10:31:56.233  INFO     RX        /ERR/LOKO/0x00000002
10:31:56.249  INFO     RX        /ERR/LOKO/0x00000002
10:31:56.249  INFO     RX        /ERR/LOKO/0x00000002
10:31:56.728  DEBUG    TX /CONTROLL/0,0,0,-14,0,0,0,0,0
10:31:56.827  INFO     RX        /ERR/LOKO/0x00000002
10:31:56.828  INFO     RX        /ERR/LOKO/0x00000002
10:31:56.843  INFO     RX        /ERR/LOKO/0x00000002
10:31:56.859  INFO     RX        /ERR/LOKO/0x00000002
10:31:56.875  INFO     RX        /ERR/LOKO/0x00000002
10:31:56.875  INFO     RX        /ERR/LOKO/0x00000002
10:31:56.893  INFO     RX        /ERR/LOKO/0x00000002
10:31:56.908  INFO     RX        /ERR/LOKO/0x00000002
10:31:56.908  INFO     RX        /ERR/LOKO/0x00000002
10:31:56.923  INFO     RX        /ERR/LOKO/0x00000002
10:31:56.940  INFO     RX        /ERR/LOKO/0x00000002
10:31:56.955  INFO     RX        /ERR/LOKO/0x00000002
10:31:56.955  INFO     RX        /ERR/LOKO/0x00000002
10:31:56.973  INFO     RX        /ERR/LOKO/0x00000002
10:31:56.988  INFO     RX        /ERR/LOKO/0x00000002
10:31:57.004  INFO     RX        /ERR/LOKO/0x00000002
10:31:57.004  INFO     RX        /ERR/LOKO/0x00000002
10:31:57.021  INFO     RX        /ERR/LOKO/0x00000002
10:31:57.036  INFO     RX        /ERR/LOKO/0x00000002
10:31:57.052  INFO     RX        /ERR/LOKO/0x00000002
10:31:57.052  INFO     RX        /ERR/LOKO/0x00000002
10:31:57.068  INFO     RX        /ERR/LOKO/0x00000002
10:31:57.535  DEBUG    TX /CONTROLL/0,0,0,0,0,0,0,0,0
10:31:58.342  DEBUG    TX /CONTROLL/0,0,0,0,0,0,0,0,0
10:31:59.146  DEBUG    TX /CONTROLL/0,0,0,0,0,0,0,0,0
10:31:59.949  DEBUG    TX /CONTROLL/0,0,0,0,0,0,0,0,0
10:32:00.756  DEBUG    TX /CONTROLL/0,0,0,0,0,0,0,0,0
10:32:01.560  DEBUG    TX /CONTROLL/0,0,0,0,0,0,0,0,0
10:32:02.363  DEBUG    TX /CONTROLL/0,0,0,0,0,0,0,0,0
10:32:03.173  DEBUG    TX /CONTROLL/0,0,0,0,0,0,0,0,0
10:32:03.977  DEBUG    TX /CONTROLL/0,0,0,0,0,0,0,0,0
10:32:04.780  DEBUG    TX /CONTROLL/0,0,0,0,0,0,0,0,0
10:32:05.583  DEBUG    TX /CONTROLL/0,0,0,0,0,0,0,0,0
10:32:06.389  DEBUG    TX /CONTROLL/0,0,0,0,0,0,0,0,0
10:32:07.193  DEBUG    TX /CONTROLL/0,0,0,0,0,0,0,0,0
10:32:07.997  DEBUG    TX /CONTROLL/0,0,0,0,0,0,0,0,0
10:32:08.802  DEBUG    TX /CONTROLL/0,0,0,0,0,0,0,0,0
10:32:09.607  DEBUG    TX /CONTROLL/0,0,0,0,0,0,0,0,0
10:32:10.412  DEBUG    TX /CONTROLL/0,0,0,0,0,0,0,0,0
10:32:11.216  DEBUG    TX /CONTROLL/0,0,0,0,0,0,0,0,0
10:32:12.021  DEBUG    TX /CONTROLL/0,0,0,0,0,0,0,0,0
10:32:12.827  DEBUG    TX /CONTROLL/0,0,0,0,0,0,0,0,0
10:32:13.634  DEBUG    TX /CONTROLL/0,0,0,0,0,0,0,0,0
10:32:14.442  DEBUG    TX /CONTROLL/0,0,0,0,0,0,0,0,0
10:32:15.247  DEBUG    TX /CONTROLL/0,0,0,0,0,0,0,0,0
10:32:16.051  DEBUG    TX /CONTROLL/0,0,0,0,0,0,0,0,0
10:32:16.856  DEBUG    TX /CONTROLL/0,0,0,0,0,0,0,0,0
10:32:17.660  DEBUG    TX /CONTROLL/0,0,0,0,0,0,0,0,0
10:32:18.467  DEBUG    TX /CONTROLL/0,0,0,0,0,0,0,0,0
10:32:19.270  DEBUG    TX /CONTROLL/0,0,0,0,0,0,0,0,0
10:32:20.076  DEBUG    TX /CONTROLL/0,0,0,0,0,0,0,0,0
10:32:20.881  DEBUG    TX /CONTROLL/0,0,0,0,0,0,0,0,0
10:32:21.686  DEBUG    TX /CONTROLL/0,0,0,0,0,0,0,0,0
10:32:22.490  DEBUG    TX /CONTROLL/0,0,0,0,0,0,0,0,0
10:32:23.039  INFO     RX        /ERR/LOKO/0x00000002
10:32:23.055  INFO     RX        /ERR/LOKO/0x00000002
10:32:23.055  INFO     RX        /ERR/LOKO/0x00000002
10:32:23.073  INFO     RX        /ERR/LOKO/0x00000002
10:32:23.135  INFO     RX        /ERR/LOKO/0x00000002
10:32:23.151  INFO     RX        /ERR/LOKO/0x00000002
10:32:23.167  INFO     RX        /ERR/LOKO/0x00000002
10:32:23.183  INFO     RX        /ERR/LOKO/0x00000002
10:32:23.183  INFO     RX        /ERR/LOKO/0x00000002
10:32:23.199  INFO     RX        /ERR/LOKO/0x00000002
10:32:23.215  INFO     RX        /ERR/LOKO/0x00000002
10:32:23.215  INFO     RX        /ERR/LOKO/0x00000002
10:32:23.231  INFO     RX        /ERR/LOKO/0x00000002
10:32:23.247  INFO     RX        /ERR/LOKO/0x00000002
10:32:23.263  INFO     RX        /ERR/LOKO/0x00000002
10:32:23.263  INFO     RX        /ERR/LOKO/0x00000002
10:32:23.279  INFO     RX        /ERR/LOKO/0x00000002
10:32:23.292  DEBUG    TX /CONTROLL/0,0,0,-27,0,0,0,0,0
10:32:23.295  INFO     RX        /ERR/LOKO/0x00000002
10:32:23.311  INFO     RX        /ERR/LOKO/0x00000002
10:32:23.311  INFO     RX        /ERR/LOKO/0x00000002
10:32:23.328  INFO     RX        /ERR/LOKO/0x00000002
10:32:23.344  INFO     RX        /ERR/LOKO/0x00000002
10:32:23.361  INFO     RX        /ERR/LOKO/0x00000002
10:32:23.361  INFO     RX        /ERR/LOKO/0x00000002
10:32:23.377  INFO     RX        /ERR/LOKO/0x00000002
10:32:23.392  INFO     RX        /ERR/LOKO/0x00000002
10:32:23.408  INFO     RX        /ERR/LOKO/0x00000002
10:32:23.408  INFO     RX        /ERR/LOKO/0x00000002
10:32:23.429  INFO     RX        /ERR/LOKO/0x00000002
10:32:23.441  INFO     RX        /ERR/LOKO/0x00000002
10:32:23.441  INFO     RX        /ERR/LOKO/0x00000002
10:32:23.457  INFO     RX        /ERR/LOKO/0x00000002
10:32:23.473  INFO     RX        /ERR/LOKO/0x00000002
10:32:23.489  INFO     RX        /ERR/LOKO/0x00000002
10:32:23.490  INFO     RX        /ERR/LOKO/0x00000002
10:32:23.508  INFO     RX        /ERR/LOKO/0x00000002
10:32:23.522  INFO     RX        /ERR/LOKO/0x00000002
10:32:23.538  INFO     RX        /ERR/LOKO/0x00000002
10:32:23.538  INFO     RX        /ERR/LOKO/0x00000002
10:32:23.554  INFO     RX        /ERR/LOKO/0x00000002
10:32:23.570  INFO     RX        /ERR/LOKO/0x00000002
10:32:23.586  INFO     RX        /ERR/LOKO/0x00000002
10:32:23.586  INFO     RX        /ERR/LOKO/0x00000002
10:32:23.602  INFO     RX        /ERR/LOKO/0x00000002
10:32:23.618  INFO     RX        /ERR/LOKO/0x00000002
10:32:23.635  INFO     RX        /ERR/LOKO/0x00000002
10:32:23.635  INFO     RX        /ERR/LOKO/0x00000002
10:32:23.651  INFO     RX        /ERR/LOKO/0x00000002
10:32:23.667  INFO     RX        /ERR/LOKO/0x00000002
10:32:23.667  INFO     RX        /ERR/LOKO/0x00000002
10:32:23.684  INFO     RX        /ERR/LOKO/0x00000002
10:32:23.701  INFO     RX        /ERR/LOKO/0x00000002
10:32:23.715  INFO     RX        /ERR/LOKO/0x00000002
10:32:23.716  INFO     RX        /ERR/LOKO/0x00000002
10:32:23.732  INFO     RX        /ERR/LOKO/0x00000002
10:32:23.748  INFO     RX        /ERR/LOKO/0x00000002
10:32:23.764  INFO     RX        /ERR/LOKO/0x00000002
10:32:23.845  INFO     RX        /ERR/LOKO/0x00000002
10:32:23.860  INFO     RX        /ERR/LOKO/0x00000002
10:32:23.875  INFO     RX        /ERR/LOKO/0x00000002
10:32:23.892  INFO     RX        /ERR/LOKO/0x00000002
10:32:23.892  INFO     RX        /ERR/LOKO/0x00000002
10:32:23.908  INFO     RX        /ERR/LOKO/0x00000002
10:32:23.925  INFO     RX        /ERR/LOKO/0x00000002
10:32:23.940  INFO     RX        /ERR/LOKO/0x00000002
10:32:23.940  INFO     RX        /ERR/LOKO/0x00000002
10:32:23.956  INFO     RX        /ERR/LOKO/0x00000002
10:32:23.973  INFO     RX        /ERR/LOKO/0x00000002
10:32:23.988  INFO     RX        /ERR/LOKO/0x00000002
10:32:23.988  INFO     RX        /ERR/LOKO/0x00000002
10:32:24.005  INFO     RX        /ERR/LOKO/0x00000002
10:32:24.020  INFO     RX        /ERR/LOKO/0x00000002
10:32:24.020  INFO     RX        /ERR/LOKO/0x00000002
10:32:24.036  INFO     RX        /ERR/LOKO/0x00000002
10:32:24.052  INFO     RX        /ERR/LOKO/0x00000002
10:32:24.068  INFO     RX        /ERR/LOKO/0x00000002
10:32:24.068  INFO     RX        /ERR/LOKO/0x00000002
10:32:24.084  INFO     RX        /ERR/LOKO/0x00000002
10:32:24.097  DEBUG    TX /CONTROLL/0,0,0,-27,0,0,0,0,0
10:32:24.100  INFO     RX        /ERR/LOKO/0x00000002
10:32:24.116  INFO     RX        /ERR/LOKO/0x00000002
10:32:24.116  INFO     RX        /ERR/LOKO/0x00000002
10:32:24.132  INFO     RX        /ERR/LOKO/0x00000002
10:32:24.148  INFO     RX        /ERR/LOKO/0x00000002
10:32:24.164  INFO     RX        /ERR/LOKO/0x00000002
10:32:24.164  INFO     RX        /ERR/LOKO/0x00000002
10:32:24.181  INFO     RX        /ERR/LOKO/0x00000002
10:32:24.196  INFO     RX        /ERR/LOKO/0x00000002
10:32:24.212  INFO     RX        /ERR/LOKO/0x00000002
10:32:24.212  INFO     RX        /ERR/LOKO/0x00000002
10:32:24.228  INFO     RX        /ERR/LOKO/0x00000002
10:32:24.244  INFO     RX        /ERR/LOKO/0x00000002
10:32:24.244  INFO     RX        /ERR/LOKO/0x00000002
10:32:24.260  INFO     RX        /ERR/LOKO/0x00000002
10:32:24.276  INFO     RX        /ERR/LOKO/0x00000002
10:32:24.292  INFO     RX        /ERR/LOKO/0x00000002
10:32:24.292  INFO     RX        /ERR/LOKO/0x00000002
10:32:24.308  INFO     RX        /ERR/LOKO/0x00000002
10:32:24.326  INFO     RX        /ERR/LOKO/0x00000002
10:32:24.340  INFO     RX        /ERR/LOKO/0x00000002
10:32:24.340  INFO     RX        /ERR/LOKO/0x00000002
10:32:24.357  INFO     RX        /ERR/LOKO/0x00000002
10:32:24.373  INFO     RX        /ERR/LOKO/0x00000002
10:32:24.388  INFO     RX        /ERR/LOKO/0x00000002
10:32:24.440  INFO     RX        /ERR/LOKO/0x00000002
10:32:24.582  INFO     RX        /ERR/LOKO/0x00000002
10:32:24.646  INFO     RX        /ERR/LOKO/0x00000002
10:32:24.697  INFO     RX        /ERR/LOKO/0x00000002
10:32:24.762  INFO     RX        /ERR/LOKO/0x00000002
10:32:24.826  INFO     RX        /ERR/LOKO/0x00000002
10:32:24.902  DEBUG    TX /CONTROLL/-14,0,0,-27,0,0,0,0,0
10:32:25.019  INFO     RX        /ERR/LOKO/0x00000002
10:32:25.033  INFO     RX        /ERR/LOKO/0x00000002
10:32:25.049  INFO     RX        /ERR/LOKO/0x00000002
10:32:25.065  INFO     RX        /ERR/LOKO/0x00000002
10:32:25.081  INFO     RX        /ERR/LOKO/0x00000002
10:32:25.081  INFO     RX        /ERR/LOKO/0x00000002
10:32:25.097  INFO     RX        /ERR/LOKO/0x00000002
10:32:25.115  INFO     RX        /ERR/LOKO/0x00000002
10:32:25.115  INFO     RX        /ERR/LOKO/0x00000002
10:32:25.130  INFO     RX        /ERR/LOKO/0x00000002
10:32:25.147  INFO     RX        /ERR/LOKO/0x00000002
10:32:25.163  INFO     RX        /ERR/LOKO/0x00000002
10:32:25.163  INFO     RX        /ERR/LOKO/0x00000002
10:32:25.180  INFO     RX        /ERR/LOKO/0x00000002
10:32:25.199  INFO     RX        /ERR/LOKO/0x00000002
10:32:25.199  INFO     RX        /ERR/LOKO/0x00000002
10:32:25.211  INFO     RX        /ERR/LOKO/0x00000002
10:32:25.232  INFO     RX        /ERR/LOKO/0x00000002
10:32:25.232  INFO     RX        /ERR/LOKO/0x00000002
10:32:25.245  INFO     RX        /ERR/LOKO/0x00000002
10:32:25.260  INFO     RX        /ERR/LOKO/0x00000002
10:32:25.277  INFO     RX        /ERR/LOKO/0x00000002
10:32:25.294  INFO     RX        /ERR/LOKO/0x00000002
10:32:25.294  INFO     RX        /ERR/LOKO/0x00000002
10:32:25.310  INFO     RX        /ERR/LOKO/0x00000002
10:32:25.327  INFO     RX        /ERR/LOKO/0x00000002
10:32:25.327  INFO     RX        /ERR/LOKO/0x00000002
10:32:25.343  INFO     RX        /ERR/LOKO/0x00000002
10:32:25.358  INFO     RX        /ERR/LOKO/0x00000002
10:32:25.377  INFO     RX        /ERR/LOKO/0x00000002
10:32:25.377  INFO     RX        /ERR/LOKO/0x00000002
10:32:25.391  INFO     RX        /ERR/LOKO/0x00000002
10:32:25.406  INFO     RX        /ERR/LOKO/0x00000002
10:32:25.423  INFO     RX        /ERR/LOKO/0x00000002
10:32:25.423  INFO     RX        /ERR/LOKO/0x00000002
10:32:25.440  INFO     RX        /ERR/LOKO/0x00000002
10:32:25.455  INFO     RX        /ERR/LOKO/0x00000002
10:32:25.471  INFO     RX        /ERR/LOKO/0x00000002
10:32:25.471  INFO     RX        /ERR/LOKO/0x00000002
10:32:25.487  INFO     RX        /ERR/LOKO/0x00000002
10:32:25.504  INFO     RX        /ERR/LOKO/0x00000002
10:32:25.519  INFO     RX        /ERR/LOKO/0x00000002
10:32:25.519  INFO     RX        /ERR/LOKO/0x00000002
10:32:25.535  INFO     RX        /ERR/LOKO/0x00000002
10:32:25.551  INFO     RX        /ERR/LOKO/0x00000002
10:32:25.567  INFO     RX        /ERR/LOKO/0x00000002
10:32:25.647  INFO     RX        /ERR/LOKO/0x00000002
10:32:25.663  INFO     RX        /ERR/LOKO/0x00000002
10:32:25.680  INFO     RX        /ERR/LOKO/0x00000002
10:32:25.696  INFO     RX        /ERR/LOKO/0x00000002
10:32:25.696  INFO     RX        /ERR/LOKO/0x00000002
10:32:25.709  DEBUG    TX /CONTROLL/0,0,0,-27,0,0,0,0,0
10:32:25.712  INFO     RX        /ERR/LOKO/0x00000002
10:32:25.729  INFO     RX        /ERR/LOKO/0x00000002
10:32:25.729  INFO     RX        /ERR/LOKO/0x00000002
10:32:25.745  INFO     RX        /ERR/LOKO/0x00000002
10:32:25.760  INFO     RX        /ERR/LOKO/0x00000002
10:32:25.777  INFO     RX        /ERR/LOKO/0x00000002
10:32:25.777  INFO     RX        /ERR/LOKO/0x00000002
10:32:25.792  INFO     RX        /ERR/LOKO/0x00000002
10:32:25.810  INFO     RX        /ERR/LOKO/0x00000002
10:32:25.826  INFO     RX        /ERR/LOKO/0x00000002
10:32:25.826  INFO     RX        /ERR/LOKO/0x00000002
10:32:25.843  INFO     RX        /ERR/LOKO/0x00000002
10:32:25.857  INFO     RX        /ERR/LOKO/0x00000002
10:32:25.873  INFO     RX        /ERR/LOKO/0x00000002
10:32:25.873  INFO     RX        /ERR/LOKO/0x00000002
10:32:25.889  INFO     RX        /ERR/LOKO/0x00000002
10:32:25.906  INFO     RX        /ERR/LOKO/0x00000002
10:32:25.906  INFO     RX        /ERR/LOKO/0x00000002
10:32:25.922  INFO     RX        /ERR/LOKO/0x00000002
10:32:25.938  INFO     RX        /ERR/LOKO/0x00000002
10:32:25.954  INFO     RX        /ERR/LOKO/0x00000002
10:32:25.954  INFO     RX        /ERR/LOKO/0x00000002
10:32:25.972  INFO     RX        /ERR/LOKO/0x00000002
10:32:25.987  INFO     RX        /ERR/LOKO/0x00000002
10:32:26.003  INFO     RX        /ERR/LOKO/0x00000002
10:32:26.003  INFO     RX        /ERR/LOKO/0x00000002
10:32:26.020  INFO     RX        /ERR/LOKO/0x00000002
10:32:26.035  INFO     RX        /ERR/LOKO/0x00000002
10:32:26.051  INFO     RX        /ERR/LOKO/0x00000002
10:32:26.051  INFO     RX        /ERR/LOKO/0x00000002
10:32:26.067  INFO     RX        /ERR/LOKO/0x00000002
10:32:26.083  INFO     RX        /ERR/LOKO/0x00000002
10:32:26.083  INFO     RX        /ERR/LOKO/0x00000002
10:32:26.099  INFO     RX        /ERR/LOKO/0x00000002
10:32:26.115  INFO     RX        /ERR/LOKO/0x00000002
10:32:26.131  INFO     RX        /ERR/LOKO/0x00000002
10:32:26.132  INFO     RX        /ERR/LOKO/0x00000002
10:32:26.148  INFO     RX        /ERR/LOKO/0x00000002
10:32:26.164  INFO     RX        /ERR/LOKO/0x00000002
10:32:26.180  INFO     RX        /ERR/LOKO/0x00000002
10:32:26.180  INFO     RX        /ERR/LOKO/0x00000002
10:32:26.196  INFO     RX        /ERR/LOKO/0x00000002
10:32:26.212  INFO     RX        /ERR/LOKO/0x00000002
10:32:26.228  INFO     RX        /ERR/LOKO/0x00000002
10:32:26.228  INFO     RX        /ERR/LOKO/0x00000002
10:32:26.245  INFO     RX        /ERR/LOKO/0x00000002
10:32:26.260  INFO     RX        /ERR/LOKO/0x00000002
10:32:26.277  INFO     RX        /ERR/LOKO/0x00000002
10:32:26.277  INFO     RX        /ERR/LOKO/0x00000002
10:32:26.293  INFO     RX        /ERR/LOKO/0x00000002
10:32:26.311  INFO     RX        /ERR/LOKO/0x00000002
10:32:26.391  INFO     RX        /ERR/LOKO/0x00000002
10:32:26.406  INFO     RX        /ERR/LOKO/0x00000002
10:32:26.424  INFO     RX        /ERR/LOKO/0x00000002
10:32:26.438  INFO     RX        /ERR/LOKO/0x00000002
10:32:26.438  INFO     RX        /ERR/LOKO/0x00000002
10:32:26.454  INFO     RX        /ERR/LOKO/0x00000002
10:32:26.471  INFO     RX        /ERR/LOKO/0x00000002
10:32:26.487  INFO     RX        /ERR/LOKO/0x00000002
10:32:26.487  INFO     RX        /ERR/LOKO/0x00000002
10:32:26.503  INFO     RX        /ERR/LOKO/0x00000002
10:32:26.516  DEBUG    TX /CONTROLL/-16,0,0,-27,0,0,0,0,0
10:32:26.519  INFO     RX        /ERR/LOKO/0x00000002
10:32:26.572  INFO     RX        /ERR/LOKO/0x00000002
10:32:26.647  INFO     RX        /ERR/LOKO/0x00000002
10:32:26.701  INFO     RX        /ERR/LOKO/0x00000002
10:32:26.777  INFO     RX        /ERR/LOKO/0x00000002
10:32:26.842  INFO     RX        /ERR/LOKO/0x00000002
10:32:26.894  INFO     RX        /ERR/LOKO/0x00000002
10:32:26.969  INFO     RX        /ERR/LOKO/0x00000002
10:32:27.050  INFO     RX        /ERR/LOKO/0x00000002
10:32:27.066  INFO     RX        /ERR/LOKO/0x00000002
10:32:27.066  INFO     RX        /ERR/LOKO/0x00000002
10:32:27.082  INFO     RX        /ERR/LOKO/0x00000002
10:32:27.098  INFO     RX        /ERR/LOKO/0x00000002
10:32:27.114  INFO     RX        /ERR/LOKO/0x00000002
10:32:27.114  INFO     RX        /ERR/LOKO/0x00000002
10:32:27.131  INFO     RX        /ERR/LOKO/0x00000002
10:32:27.146  INFO     RX        /ERR/LOKO/0x00000002
10:32:27.163  INFO     RX        /ERR/LOKO/0x00000002
10:32:27.163  INFO     RX        /ERR/LOKO/0x00000002
10:32:27.179  INFO     RX        /ERR/LOKO/0x00000002
10:32:27.195  INFO     RX        /ERR/LOKO/0x00000002
10:32:27.320  DEBUG    TX /CONTROLL/0,0,0,0,0,0,0,0,0
10:32:28.125  DEBUG    TX /CONTROLL/0,0,0,0,0,0,0,0,0
10:32:28.930  DEBUG    TX /CONTROLL/0,0,0,0,0,0,0,0,0
10:32:29.060  INFO     RX        /ERR/LOKO/0x00000002
10:32:29.060  INFO     RX        /ERR/LOKO/0x00000002
10:32:29.077  INFO     RX        /ERR/LOKO/0x00000002
10:32:29.093  INFO     RX        /ERR/LOKO/0x00000002
10:32:29.093  INFO     RX        /ERR/LOKO/0x00000002
10:32:29.109  INFO     RX        /ERR/LOKO/0x00000002
10:32:29.173  INFO     RX        /ERR/LOKO/0x00000002
10:32:29.190  INFO     RX        /ERR/LOKO/0x00000002
10:32:29.190  INFO     RX        /ERR/LOKO/0x00000002
10:32:29.205  INFO     RX        /ERR/LOKO/0x00000002
10:32:29.220  INFO     RX        /ERR/LOKO/0x00000002
10:32:29.237  INFO     RX        /ERR/LOKO/0x00000002
10:32:29.268  INFO     RX        /ERR/LOKO/0x00000002
10:32:29.284  INFO     RX        /ERR/LOKO/0x00000002
10:32:29.300  INFO     RX        /ERR/LOKO/0x00000002
10:32:29.316  INFO     RX        /ERR/LOKO/0x00000002
10:32:29.332  INFO     RX        /ERR/LOKO/0x00000002
10:32:29.332  INFO     RX        /ERR/LOKO/0x00000002
10:32:29.364  INFO     RX        /ERR/LOKO/0x00000002
10:32:29.380  INFO     RX        /ERR/LOKO/0x00000002
10:32:29.397  INFO     RX        /ERR/LOKO/0x00000002
10:32:29.413  INFO     RX        /ERR/LOKO/0x00000002
10:32:29.413  INFO     RX        /ERR/LOKO/0x00000002
10:32:29.429  INFO     RX        /ERR/LOKO/0x00000002
10:32:29.461  INFO     RX        /ERR/LOKO/0x00000002
10:32:29.476  INFO     RX        /ERR/LOKO/0x00000002
10:32:29.493  INFO     RX        /ERR/LOKO/0x00000002
10:32:29.509  INFO     RX        /ERR/LOKO/0x00000002
10:32:29.509  INFO     RX        /ERR/LOKO/0x00000002
10:32:29.573  INFO     RX        /ERR/LOKO/0x00000002
10:32:29.590  INFO     RX        /ERR/LOKO/0x00000002
10:32:29.590  INFO     RX        /ERR/LOKO/0x00000002
10:32:29.606  INFO     RX        /ERR/LOKO/0x00000002
10:32:29.621  INFO     RX        /ERR/LOKO/0x00000002
10:32:29.686  INFO     RX        /ERR/LOKO/0x00000002
10:32:29.702  INFO     RX        /ERR/LOKO/0x00000002
10:32:29.718  INFO     RX        /ERR/LOKO/0x00000002
10:32:29.718  INFO     RX        /ERR/LOKO/0x00000002
10:32:29.731  DEBUG    TX /CONTROLL/0,17,0,63,0,0,0,0,0
10:32:29.735  INFO     RX        /ERR/LOKO/0x00000002
10:32:29.798  INFO     RX        /ERR/LOKO/0x00000002
10:32:29.814  INFO     RX        /ERR/LOKO/0x00000002
10:32:29.830  INFO     RX        /ERR/LOKO/0x00000002
10:32:29.845  INFO     RX        /ERR/LOKO/0x00000002
10:32:29.846  INFO     RX        /ERR/LOKO/0x00000002
10:32:29.862  INFO     RX        /ERR/LOKO/0x00000002
10:32:29.910  INFO     RX        /ERR/LOKO/0x00000002
10:32:29.926  INFO     RX        /ERR/LOKO/0x00000002
10:32:29.942  INFO     RX        /ERR/LOKO/0x00000002
10:32:29.942  INFO     RX        /ERR/LOKO/0x00000002
10:32:29.959  INFO     RX        /ERR/LOKO/0x00000002
10:32:29.974  INFO     RX        /ERR/LOKO/0x00000002
10:32:30.006  INFO     RX        /ERR/LOKO/0x00000002
10:32:30.023  INFO     RX        /ERR/LOKO/0x00000002
10:32:30.023  INFO     RX        /ERR/LOKO/0x00000002
10:32:30.040  INFO     RX        /ERR/LOKO/0x00000002
10:32:30.057  INFO     RX        /ERR/LOKO/0x00000002
10:32:30.104  INFO     RX        /ERR/LOKO/0x00000002
10:32:30.120  INFO     RX        /ERR/LOKO/0x00000002
10:32:30.120  INFO     RX        /ERR/LOKO/0x00000002
10:32:30.136  INFO     RX        /ERR/LOKO/0x00000002
10:32:30.152  INFO     RX        /ERR/LOKO/0x00000002
10:32:30.200  INFO     RX        /ERR/LOKO/0x00000002
10:32:30.218  INFO     RX        /ERR/LOKO/0x00000002
10:32:30.233  INFO     RX        /ERR/LOKO/0x00000002
10:32:30.249  INFO     RX        /ERR/LOKO/0x00000002
10:32:30.249  INFO     RX        /ERR/LOKO/0x00000002
10:32:30.386  INFO     RX        /ERR/LOKO/0x00000002
10:32:30.386  INFO     RX        /ERR/LOKO/0x00000002
10:32:30.386  INFO     RX        /ERR/LOKO/0x00000002
10:32:30.386  INFO     RX        /ERR/LOKO/0x00000002
10:32:30.386  INFO     RX        /ERR/LOKO/0x00000002
10:32:30.386  INFO     RX        /ERR/LOKO/0x00000002
10:32:30.441  INFO     RX        /ERR/LOKO/0x00000002
10:32:30.457  INFO     RX        /ERR/LOKO/0x00000002
10:32:30.457  INFO     RX        /ERR/LOKO/0x00000002
10:32:30.474  INFO     RX        /ERR/LOKO/0x00000002
10:32:30.488  INFO     RX        /ERR/LOKO/0x00000002
10:32:30.505  INFO     RX        /ERR/LOKO/0x00000002
10:32:30.534  DEBUG    TX /CONTROLL/0,18,0,63,0,0,0,0,0
10:32:30.555  INFO     RX        /ERR/LOKO/0x00000002
10:32:30.555  INFO     RX        /ERR/LOKO/0x00000002
10:32:30.569  INFO     RX        /ERR/LOKO/0x00000002
10:32:30.585  INFO     RX        /ERR/LOKO/0x00000002
10:32:30.603  INFO     RX        /ERR/LOKO/0x00000002
10:32:30.603  INFO     RX        /ERR/LOKO/0x00000002
10:32:30.636  INFO     RX        /ERR/LOKO/0x00000002
10:32:30.651  INFO     RX        /ERR/LOKO/0x00000002
10:32:30.667  INFO     RX        /ERR/LOKO/0x00000002
10:32:30.684  INFO     RX        /ERR/LOKO/0x00000002
10:32:30.684  INFO     RX        /ERR/LOKO/0x00000002
10:32:30.732  INFO     RX        /ERR/LOKO/0x00000002
10:32:30.732  INFO     RX        /ERR/LOKO/0x00000002
10:32:30.748  INFO     RX        /ERR/LOKO/0x00000002
10:32:30.764  INFO     RX        /ERR/LOKO/0x00000002
10:32:30.780  INFO     RX        /ERR/LOKO/0x00000002
10:32:30.780  INFO     RX        /ERR/LOKO/0x00000002
10:32:30.828  INFO     RX        /ERR/LOKO/0x00000002
10:32:30.844  INFO     RX        /ERR/LOKO/0x00000002
10:32:30.862  INFO     RX        /ERR/LOKO/0x00000002
10:32:30.862  INFO     RX        /ERR/LOKO/0x00000002
10:32:30.876  INFO     RX        /ERR/LOKO/0x00000002
10:32:30.893  INFO     RX        /ERR/LOKO/0x00000002
10:32:30.957  INFO     RX        /ERR/LOKO/0x00000002
10:32:30.973  INFO     RX        /ERR/LOKO/0x00000002
10:32:30.991  INFO     RX        /ERR/LOKO/0x00000002
10:32:30.991  INFO     RX        /ERR/LOKO/0x00000002
10:32:31.005  INFO     RX        /ERR/LOKO/0x00000002
10:32:31.069  INFO     RX        /ERR/LOKO/0x00000002
10:32:31.085  INFO     RX        /ERR/LOKO/0x00000002
10:32:31.101  INFO     RX        /ERR/LOKO/0x00000002
10:32:31.117  INFO     RX        /ERR/LOKO/0x00000002
10:32:31.117  INFO     RX        /ERR/LOKO/0x00000002
10:32:31.133  INFO     RX        /ERR/LOKO/0x00000002
10:32:31.182  INFO     RX        /ERR/LOKO/0x00000002
10:32:31.199  INFO     RX        /ERR/LOKO/0x00000002
10:32:31.199  INFO     RX        /ERR/LOKO/0x00000002
10:32:31.215  INFO     RX        /ERR/LOKO/0x00000002
10:32:31.230  INFO     RX        /ERR/LOKO/0x00000002
10:32:31.246  INFO     RX        /ERR/LOKO/0x00000002
10:32:31.278  INFO     RX        /ERR/LOKO/0x00000002
10:32:31.294  INFO     RX        /ERR/LOKO/0x00000002
10:32:31.295  INFO     RX        /ERR/LOKO/0x00000002
10:32:31.311  INFO     RX        /ERR/LOKO/0x00000002
10:32:31.326  INFO     RX        /ERR/LOKO/0x00000002
10:32:31.339  DEBUG    TX /CONTROLL/0,17,0,63,0,0,0,0,0
10:32:31.359  INFO     RX        /ERR/LOKO/0x00000002
10:32:31.374  INFO     RX        /ERR/LOKO/0x00000002
10:32:31.390  INFO     RX        /ERR/LOKO/0x00000002
10:32:31.390  INFO     RX        /ERR/LOKO/0x00000002
10:32:31.410  INFO     RX        /ERR/LOKO/0x00000002
10:32:31.423  INFO     RX        /ERR/LOKO/0x00000002
10:32:31.471  INFO     RX        /ERR/LOKO/0x00000002
10:32:31.471  INFO     RX        /ERR/LOKO/0x00000002
10:32:31.487  INFO     RX        /ERR/LOKO/0x00000002
10:32:31.503  INFO     RX        /ERR/LOKO/0x00000002
10:32:31.519  INFO     RX        /ERR/LOKO/0x00000002
10:32:31.533  INFO     RX        /ERR/LOKO/0x00000002
10:32:31.600  INFO     RX        /ERR/LOKO/0x00000002
10:32:31.600  INFO     RX        /ERR/LOKO/0x00000002
10:32:31.615  INFO     RX        /ERR/LOKO/0x00000002
10:32:31.632  INFO     RX        /ERR/LOKO/0x00000002
10:32:31.648  INFO     RX        /ERR/LOKO/0x00000002
10:32:31.712  INFO     RX        /ERR/LOKO/0x00000002
10:32:31.728  INFO     RX        /ERR/LOKO/0x00000002
10:32:31.729  INFO     RX        /ERR/LOKO/0x00000002
10:32:31.744  INFO     RX        /ERR/LOKO/0x00000002
10:32:31.760  INFO     RX        /ERR/LOKO/0x00000002
10:32:31.776  INFO     RX        /ERR/LOKO/0x00000002
10:32:31.811  INFO     RX        /ERR/LOKO/0x00000002
10:32:31.828  INFO     RX        /ERR/LOKO/0x00000002
10:32:31.840  INFO     RX        /ERR/LOKO/0x00000002
10:32:31.857  INFO     RX        /ERR/LOKO/0x00000002
10:32:31.872  INFO     RX        /ERR/LOKO/0x00000002
10:32:31.872  INFO     RX        /ERR/LOKO/0x00000002
10:32:31.920  INFO     RX        /ERR/LOKO/0x00000002
10:32:31.920  INFO     RX        /ERR/LOKO/0x00000002
10:32:31.936  INFO     RX        /ERR/LOKO/0x00000002
10:32:31.952  INFO     RX        /ERR/LOKO/0x00000002
10:32:31.952  INFO     RX        /ERR/LOKO/0x00000002
10:32:32.000  INFO     RX        /ERR/LOKO/0x00000002
10:32:32.000  INFO     RX        /ERR/LOKO/0x00000002
10:32:32.016  INFO     RX        /ERR/LOKO/0x00000002
10:32:32.033  INFO     RX        /ERR/LOKO/0x00000002
10:32:32.050  INFO     RX        /ERR/LOKO/0x00000002
10:32:32.050  INFO     RX        /ERR/LOKO/0x00000002
10:32:32.065  INFO     RX        /ERR/LOKO/0x00000002
10:32:32.129  INFO     RX        /ERR/LOKO/0x00000002
10:32:32.130  INFO     RX        /ERR/LOKO/0x00000002
10:32:32.142  DEBUG    TX /CONTROLL/0,14,0,34,0,0,0,0,0
10:32:32.146  INFO     RX        /ERR/LOKO/0x00000002
10:32:32.160  INFO     RX        /ERR/LOKO/0x00000002
10:32:32.177  INFO     RX        /ERR/LOKO/0x00000002
10:32:32.177  INFO     RX        /ERR/LOKO/0x00000002
10:32:32.193  INFO     RX        /ERR/LOKO/0x00000002
10:32:32.210  INFO     RX        /ERR/LOKO/0x00000002
10:32:32.226  INFO     RX        /ERR/LOKO/0x00000002
10:32:32.226  INFO     RX        /ERR/LOKO/0x00000002
10:32:32.242  INFO     RX        /ERR/LOKO/0x00000002
10:32:32.261  INFO     RX        /ERR/LOKO/0x00000002
10:32:32.261  INFO     RX        /ERR/LOKO/0x00000002
10:32:32.949  DEBUG    TX /CONTROLL/0,0,0,0,0,0,0,0,0
10:32:33.752  DEBUG    TX /CONTROLL/0,0,0,0,0,0,0,0,0
10:32:34.012  INFO     RX        /ERR/LOKO/0x00000002
10:32:34.012  INFO     RX        /ERR/LOKO/0x00000002
10:32:34.076  INFO     RX        /ERR/LOKO/0x00000002
10:32:34.091  INFO     RX        /ERR/LOKO/0x00000002
10:32:34.091  INFO     RX        /ERR/LOKO/0x00000002
10:32:34.107  INFO     RX        /ERR/LOKO/0x00000002
10:32:34.129  INFO     RX        /ERR/LOKO/0x00000002
10:32:34.139  INFO     RX        /ERR/LOKO/0x00000002
10:32:34.139  INFO     RX        /ERR/LOKO/0x00000002
10:32:34.156  INFO     RX        /ERR/LOKO/0x00000002
10:32:34.171  INFO     RX        /ERR/LOKO/0x00000002
10:32:34.188  INFO     RX        /ERR/LOKO/0x00000002
10:32:34.188  INFO     RX        /ERR/LOKO/0x00000002
10:32:34.203  INFO     RX        /ERR/LOKO/0x00000002
10:32:34.220  INFO     RX        /ERR/LOKO/0x00000002
10:32:34.220  INFO     RX        /ERR/LOKO/0x00000002
10:32:34.236  INFO     RX        /ERR/LOKO/0x00000002
10:32:34.253  INFO     RX        /ERR/LOKO/0x00000002
10:32:34.270  INFO     RX        /ERR/LOKO/0x00000002
10:32:34.270  INFO     RX        /ERR/LOKO/0x00000002
10:32:34.285  INFO     RX        /ERR/LOKO/0x00000002
10:32:34.302  INFO     RX        /ERR/LOKO/0x00000002
10:32:34.318  INFO     RX        /ERR/LOKO/0x00000002
10:32:34.318  INFO     RX        /ERR/LOKO/0x00000002
10:32:34.334  INFO     RX        /ERR/LOKO/0x00000002
10:32:34.350  INFO     RX        /ERR/LOKO/0x00000002
10:32:34.350  INFO     RX        /ERR/LOKO/0x00000002
10:32:34.366  INFO     RX        /ERR/LOKO/0x00000002
10:32:34.381  INFO     RX        /ERR/LOKO/0x00000002
10:32:34.398  INFO     RX        /ERR/LOKO/0x00000002
10:32:34.398  INFO     RX        /ERR/LOKO/0x00000002
10:32:34.414  INFO     RX        /ERR/LOKO/0x00000002
10:32:34.429  INFO     RX        /ERR/LOKO/0x00000002
10:32:34.446  INFO     RX        /ERR/LOKO/0x00000002
10:32:34.446  INFO     RX        /ERR/LOKO/0x00000002
10:32:34.555  DEBUG    TX /CONTROLL/0,0,0,-27,0,0,0,0,0
10:32:34.574  INFO     RX        /ERR/LOKO/0x00000002
10:32:34.590  INFO     RX        /ERR/LOKO/0x00000002
10:32:34.607  INFO     RX        /ERR/LOKO/0x00000002
10:32:34.623  INFO     RX        /ERR/LOKO/0x00000002
10:32:34.623  INFO     RX        /ERR/LOKO/0x00000002
10:32:34.639  INFO     RX        /ERR/LOKO/0x00000002
10:32:34.654  INFO     RX        /ERR/LOKO/0x00000002
10:32:34.671  INFO     RX        /ERR/LOKO/0x00000002
10:32:34.671  INFO     RX        /ERR/LOKO/0x00000002
10:32:34.686  INFO     RX        /ERR/LOKO/0x00000002
10:32:34.704  INFO     RX        /ERR/LOKO/0x00000002
10:32:34.704  INFO     RX        /ERR/LOKO/0x00000002
10:32:34.721  INFO     RX        /ERR/LOKO/0x00000002
10:32:34.736  INFO     RX        /ERR/LOKO/0x00000002
10:32:34.752  INFO     RX        /ERR/LOKO/0x00000002
10:32:34.752  INFO     RX        /ERR/LOKO/0x00000002
10:32:34.768  INFO     RX        /ERR/LOKO/0x00000002
10:32:34.784  INFO     RX        /ERR/LOKO/0x00000002
10:32:34.800  INFO     RX        /ERR/LOKO/0x00000002
10:32:34.800  INFO     RX        /ERR/LOKO/0x00000002
10:32:34.815  INFO     RX        /ERR/LOKO/0x00000002
10:32:34.833  INFO     RX        /ERR/LOKO/0x00000002
10:32:34.833  INFO     RX        /ERR/LOKO/0x00000002
10:32:34.848  INFO     RX        /ERR/LOKO/0x00000002
10:32:34.864  INFO     RX        /ERR/LOKO/0x00000002
10:32:34.880  INFO     RX        /ERR/LOKO/0x00000002
10:32:34.896  INFO     RX        /ERR/LOKO/0x00000002
10:32:35.024  INFO     RX        /ERR/LOKO/0x00000002
10:32:35.024  INFO     RX        /ERR/LOKO/0x00000002
10:32:35.041  INFO     RX        /ERR/LOKO/0x00000002
10:32:35.056  INFO     RX        /ERR/LOKO/0x00000002
10:32:35.072  INFO     RX        /ERR/LOKO/0x00000002
10:32:35.072  INFO     RX        /ERR/LOKO/0x00000002
10:32:35.088  INFO     RX        /ERR/LOKO/0x00000002
10:32:35.105  INFO     RX        /ERR/LOKO/0x00000002
10:32:35.105  INFO     RX        /ERR/LOKO/0x00000002
10:32:35.121  INFO     RX        /ERR/LOKO/0x00000002
10:32:35.137  INFO     RX        /ERR/LOKO/0x00000002
10:32:35.153  INFO     RX        /ERR/LOKO/0x00000002
10:32:35.153  INFO     RX        /ERR/LOKO/0x00000002
10:32:35.169  INFO     RX        /ERR/LOKO/0x00000002
10:32:35.185  INFO     RX        /ERR/LOKO/0x00000002
10:32:35.201  INFO     RX        /ERR/LOKO/0x00000002
10:32:35.201  INFO     RX        /ERR/LOKO/0x00000002
10:32:35.217  INFO     RX        /ERR/LOKO/0x00000002
10:32:35.233  INFO     RX        /ERR/LOKO/0x00000002
10:32:35.249  INFO     RX        /ERR/LOKO/0x00000002
10:32:35.250  INFO     RX        /ERR/LOKO/0x00000002
10:32:35.265  INFO     RX        /ERR/LOKO/0x00000002
10:32:35.281  INFO     RX        /ERR/LOKO/0x00000002
10:32:35.281  INFO     RX        /ERR/LOKO/0x00000002
10:32:35.298  INFO     RX        /ERR/LOKO/0x00000002
10:32:35.313  INFO     RX        /ERR/LOKO/0x00000002
10:32:35.329  INFO     RX        /ERR/LOKO/0x00000002
10:32:35.329  INFO     RX        /ERR/LOKO/0x00000002
10:32:35.345  INFO     RX        /ERR/LOKO/0x00000002
10:32:35.358  DEBUG    TX /CONTROLL/0,0,0,-27,0,0,0,0,0
10:32:35.360  INFO     RX        /ERR/LOKO/0x00000002
10:32:35.377  INFO     RX        /ERR/LOKO/0x00000002
10:32:35.377  INFO     RX        /ERR/LOKO/0x00000002
10:32:35.393  INFO     RX        /ERR/LOKO/0x00000002
10:32:35.408  INFO     RX        /ERR/LOKO/0x00000002
10:32:35.426  INFO     RX        /ERR/LOKO/0x00000002
10:32:35.427  INFO     RX        /ERR/LOKO/0x00000002
10:32:35.441  INFO     RX        /ERR/LOKO/0x00000002
10:32:35.521  INFO     RX        /ERR/LOKO/0x00000002
10:32:35.521  INFO     RX        /ERR/LOKO/0x00000002
10:32:35.537  INFO     RX        /ERR/LOKO/0x00000002
10:32:35.554  INFO     RX        /ERR/LOKO/0x00000002
10:32:35.554  INFO     RX        /ERR/LOKO/0x00000002
10:32:35.570  INFO     RX        /ERR/LOKO/0x00000002
10:32:35.586  INFO     RX        /ERR/LOKO/0x00000002
10:32:35.602  INFO     RX        /ERR/LOKO/0x00000002
10:32:35.602  INFO     RX        /ERR/LOKO/0x00000002
10:32:35.618  INFO     RX        /ERR/LOKO/0x00000002
10:32:35.633  INFO     RX        /ERR/LOKO/0x00000002
10:32:35.649  INFO     RX        /ERR/LOKO/0x00000002
10:32:35.650  INFO     RX        /ERR/LOKO/0x00000002
10:32:35.666  INFO     RX        /ERR/LOKO/0x00000002
10:32:35.683  INFO     RX        /ERR/LOKO/0x00000002
10:32:35.699  INFO     RX        /ERR/LOKO/0x00000002
10:32:35.699  INFO     RX        /ERR/LOKO/0x00000002
10:32:35.713  INFO     RX        /ERR/LOKO/0x00000002
10:32:35.730  INFO     RX        /ERR/LOKO/0x00000002
10:32:35.745  INFO     RX        /ERR/LOKO/0x00000002
10:32:35.745  INFO     RX        /ERR/LOKO/0x00000002
10:32:35.764  INFO     RX        /ERR/LOKO/0x00000002
10:32:35.777  INFO     RX        /ERR/LOKO/0x00000002
10:32:35.793  INFO     RX        /ERR/LOKO/0x00000002
10:32:35.793  INFO     RX        /ERR/LOKO/0x00000002
10:32:35.809  INFO     RX        /ERR/LOKO/0x00000002
10:32:35.825  INFO     RX        /ERR/LOKO/0x00000002
10:32:35.825  INFO     RX        /ERR/LOKO/0x00000002
10:32:35.844  INFO     RX        /ERR/LOKO/0x00000002
10:32:35.857  INFO     RX        /ERR/LOKO/0x00000002
10:32:35.873  INFO     RX        /ERR/LOKO/0x00000002
10:32:35.873  INFO     RX        /ERR/LOKO/0x00000002
10:32:35.889  INFO     RX        /ERR/LOKO/0x00000002
10:32:35.904  INFO     RX        /ERR/LOKO/0x00000002
10:32:35.920  INFO     RX        /ERR/LOKO/0x00000002
10:32:35.937  INFO     RX        /ERR/LOKO/0x00000002
10:32:35.937  INFO     RX        /ERR/LOKO/0x00000002
10:32:36.065  INFO     RX        /ERR/LOKO/0x00000002
10:32:36.081  INFO     RX        /ERR/LOKO/0x00000002
10:32:36.098  INFO     RX        /ERR/LOKO/0x00000002
10:32:36.098  INFO     RX        /ERR/LOKO/0x00000002
10:32:36.116  INFO     RX        /ERR/LOKO/0x00000002
10:32:36.130  INFO     RX        /ERR/LOKO/0x00000002
10:32:36.147  INFO     RX        /ERR/LOKO/0x00000002
10:32:36.147  INFO     RX        /ERR/LOKO/0x00000002
10:32:36.159  DEBUG    TX /CONTROLL/0,0,0,-27,0,0,0,0,0
10:32:36.163  INFO     RX        /ERR/LOKO/0x00000002
10:32:36.178  INFO     RX        /ERR/LOKO/0x00000002
10:32:36.194  INFO     RX        /ERR/LOKO/0x00000002
10:32:36.194  INFO     RX        /ERR/LOKO/0x00000002
10:32:36.210  INFO     RX        /ERR/LOKO/0x00000002
10:32:36.227  INFO     RX        /ERR/LOKO/0x00000002
10:32:36.227  INFO     RX        /ERR/LOKO/0x00000002
10:32:36.243  INFO     RX        /ERR/LOKO/0x00000002
10:32:36.258  INFO     RX        /ERR/LOKO/0x00000002
10:32:36.274  INFO     RX        /ERR/LOKO/0x00000002
10:32:36.274  INFO     RX        /ERR/LOKO/0x00000002
10:32:36.290  INFO     RX        /ERR/LOKO/0x00000002
10:32:36.306  INFO     RX        /ERR/LOKO/0x00000002
10:32:36.322  INFO     RX        /ERR/LOKO/0x00000002
10:32:36.323  INFO     RX        /ERR/LOKO/0x00000002
10:32:36.339  INFO     RX        /ERR/LOKO/0x00000002
10:32:36.355  INFO     RX        /ERR/LOKO/0x00000002
10:32:36.371  INFO     RX        /ERR/LOKO/0x00000002
10:32:36.499  INFO     RX        /ERR/LOKO/0x00000002
10:32:36.499  INFO     RX        /ERR/LOKO/0x00000002
10:32:36.515  INFO     RX        /ERR/LOKO/0x00000002
10:32:36.531  INFO     RX        /ERR/LOKO/0x00000002
10:32:36.547  INFO     RX        /ERR/LOKO/0x00000002
10:32:36.561  INFO     RX        /ERR/LOKO/0x00000002
10:32:36.565  INFO     RX        /ERR/LOKO/0x00000002
10:32:36.580  INFO     RX        /ERR/LOKO/0x00000002
10:32:36.595  INFO     RX        /ERR/LOKO/0x00000002
10:32:36.596  INFO     RX        /ERR/LOKO/0x00000002
10:32:36.612  INFO     RX        /ERR/LOKO/0x00000002
10:32:36.628  INFO     RX        /ERR/LOKO/0x00000002
10:32:36.628  INFO     RX        /ERR/LOKO/0x00000002
10:32:36.645  INFO     RX        /ERR/LOKO/0x00000002
10:32:36.662  INFO     RX        /ERR/LOKO/0x00000002
10:32:36.662  INFO     RX        /ERR/LOKO/0x00000002
10:32:36.678  INFO     RX        /ERR/LOKO/0x00000002
10:32:36.695  INFO     RX        /ERR/LOKO/0x00000002
10:32:36.713  INFO     RX        /ERR/LOKO/0x00000002
10:32:36.713  INFO     RX        /ERR/LOKO/0x00000002
10:32:36.726  INFO     RX        /ERR/LOKO/0x00000002
10:32:36.742  INFO     RX        /ERR/LOKO/0x00000002
10:32:36.758  INFO     RX        /ERR/LOKO/0x00000002
10:32:36.758  INFO     RX        /ERR/LOKO/0x00000002
10:32:36.774  INFO     RX        /ERR/LOKO/0x00000002
10:32:36.790  INFO     RX        /ERR/LOKO/0x00000002
10:32:36.806  INFO     RX        /ERR/LOKO/0x00000002
10:32:36.806  INFO     RX        /ERR/LOKO/0x00000002
10:32:36.822  INFO     RX        /ERR/LOKO/0x00000002
10:32:36.839  INFO     RX        /ERR/LOKO/0x00000002
10:32:36.855  INFO     RX        /ERR/LOKO/0x00000002
10:32:36.855  INFO     RX        /ERR/LOKO/0x00000002
10:32:36.871  INFO     RX        /ERR/LOKO/0x00000002
10:32:36.887  INFO     RX        /ERR/LOKO/0x00000002
10:32:36.903  INFO     RX        /ERR/LOKO/0x00000002
10:32:36.903  INFO     RX        /ERR/LOKO/0x00000002
10:32:36.919  INFO     RX        /ERR/LOKO/0x00000002
10:32:36.965  DEBUG    TX /CONTROLL/0,0,0,-27,0,0,0,0,0
10:32:36.984  INFO     RX        /ERR/LOKO/0x00000002
10:32:37.000  INFO     RX        /ERR/LOKO/0x00000002
10:32:37.016  INFO     RX        /ERR/LOKO/0x00000002
10:32:37.033  INFO     RX        /ERR/LOKO/0x00000002
10:32:37.033  INFO     RX        /ERR/LOKO/0x00000002
10:32:37.050  INFO     RX        /ERR/LOKO/0x00000002
10:32:37.065  INFO     RX        /ERR/LOKO/0x00000002
10:32:37.065  INFO     RX        /ERR/LOKO/0x00000002
10:32:37.081  INFO     RX        /ERR/LOKO/0x00000002
10:32:37.097  INFO     RX        /ERR/LOKO/0x00000002
10:32:37.113  INFO     RX        /ERR/LOKO/0x00000002
10:32:37.113  INFO     RX        /ERR/LOKO/0x00000002
10:32:37.130  INFO     RX        /ERR/LOKO/0x00000002
10:32:37.146  INFO     RX        /ERR/LOKO/0x00000002
10:32:37.164  INFO     RX        /ERR/LOKO/0x00000002
10:32:37.164  INFO     RX        /ERR/LOKO/0x00000002
10:32:37.179  INFO     RX        /ERR/LOKO/0x00000002
10:32:37.194  INFO     RX        /ERR/LOKO/0x00000002
10:32:37.194  INFO     RX        /ERR/LOKO/0x00000002
10:32:37.210  INFO     RX        /ERR/LOKO/0x00000002
10:32:37.226  INFO     RX        /ERR/LOKO/0x00000002
10:32:37.321  INFO     RX        /ERR/LOKO/0x00000002
10:32:37.322  INFO     RX        /ERR/LOKO/0x00000002
10:32:37.327  INFO     RX        /ERR/LOKO/0x00000002
10:32:37.327  INFO     RX        /ERR/LOKO/0x00000002
10:32:37.327  INFO     RX        /ERR/LOKO/0x00000002
10:32:37.327  INFO     RX        /ERR/LOKO/0x00000002
10:32:37.327  INFO     RX        /ERR/LOKO/0x00000002
10:32:37.327  INFO     RX        /ERR/LOKO/0x00000002
10:32:37.327  INFO     RX        /ERR/LOKO/0x00000002
10:32:37.337  INFO     RX        /ERR/LOKO/0x00000002
10:32:37.355  INFO     RX        /ERR/LOKO/0x00000002
10:32:37.372  INFO     RX        /ERR/LOKO/0x00000002
10:32:37.387  INFO     RX        /ERR/LOKO/0x00000002
10:32:37.387  INFO     RX        /ERR/LOKO/0x00000002
10:32:37.404  INFO     RX        /ERR/LOKO/0x00000002
10:32:37.420  INFO     RX        /ERR/LOKO/0x00000002
10:32:37.548  INFO     RX        /ERR/LOKO/0x00000002
10:32:37.548  INFO     RX        /ERR/LOKO/0x00000002
10:32:37.564  INFO     RX        /ERR/LOKO/0x00000002
10:32:37.580  INFO     RX        /ERR/LOKO/0x00000002
10:32:37.597  INFO     RX        /ERR/LOKO/0x00000002
10:32:37.597  INFO     RX        /ERR/LOKO/0x00000002
10:32:37.612  INFO     RX        /ERR/LOKO/0x00000002
10:32:37.628  INFO     RX        /ERR/LOKO/0x00000002
10:32:37.644  INFO     RX        /ERR/LOKO/0x00000002
10:32:37.644  INFO     RX        /ERR/LOKO/0x00000002
10:32:37.660  INFO     RX        /ERR/LOKO/0x00000002
10:32:37.676  INFO     RX        /ERR/LOKO/0x00000002
10:32:37.692  INFO     RX        /ERR/LOKO/0x00000002
10:32:37.692  INFO     RX        /ERR/LOKO/0x00000002
10:32:37.708  INFO     RX        /ERR/LOKO/0x00000002
10:32:37.724  INFO     RX        /ERR/LOKO/0x00000002
10:32:37.740  INFO     RX        /ERR/LOKO/0x00000002
10:32:37.740  INFO     RX        /ERR/LOKO/0x00000002
10:32:37.756  INFO     RX        /ERR/LOKO/0x00000002
10:32:37.770  DEBUG    TX /CONTROLL/0,0,0,-27,0,0,0,0,0
10:32:37.773  INFO     RX        /ERR/LOKO/0x00000002
10:32:37.789  INFO     RX        /ERR/LOKO/0x00000002
10:32:37.789  INFO     RX        /ERR/LOKO/0x00000002
10:32:37.805  INFO     RX        /ERR/LOKO/0x00000002
10:32:37.821  INFO     RX        /ERR/LOKO/0x00000002
10:32:37.821  INFO     RX        /ERR/LOKO/0x00000002
10:32:37.837  INFO     RX        /ERR/LOKO/0x00000002
10:32:37.852  INFO     RX        /ERR/LOKO/0x00000002
10:32:37.983  INFO     RX        /ERR/LOKO/0x00000002
10:32:37.999  INFO     RX        /ERR/LOKO/0x00000002
10:32:37.999  INFO     RX        /ERR/LOKO/0x00000002
10:32:38.016  INFO     RX        /ERR/LOKO/0x00000002
10:32:38.031  INFO     RX        /ERR/LOKO/0x00000002
10:32:38.031  INFO     RX        /ERR/LOKO/0x00000002
10:32:38.048  INFO     RX        /ERR/LOKO/0x00000002
10:32:38.065  INFO     RX        /ERR/LOKO/0x00000002
10:32:38.078  INFO     RX        /ERR/LOKO/0x00000002
10:32:38.079  INFO     RX        /ERR/LOKO/0x00000002
10:32:38.095  INFO     RX        /ERR/LOKO/0x00000002
10:32:38.113  INFO     RX        /ERR/LOKO/0x00000002
10:32:38.128  INFO     RX        /ERR/LOKO/0x00000002
10:32:38.128  INFO     RX        /ERR/LOKO/0x00000002
10:32:38.147  INFO     RX        /ERR/LOKO/0x00000002
10:32:38.160  INFO     RX        /ERR/LOKO/0x00000002
10:32:38.176  INFO     RX        /ERR/LOKO/0x00000002
10:32:38.176  INFO     RX        /ERR/LOKO/0x00000002
10:32:38.192  INFO     RX        /ERR/LOKO/0x00000002
10:32:38.208  INFO     RX        /ERR/LOKO/0x00000002
10:32:38.225  INFO     RX        /ERR/LOKO/0x00000002
10:32:38.225  INFO     RX        /ERR/LOKO/0x00000002
10:32:38.242  INFO     RX        /ERR/LOKO/0x00000002
10:32:38.256  INFO     RX        /ERR/LOKO/0x00000002
10:32:38.272  INFO     RX        /ERR/LOKO/0x00000002
10:32:38.272  INFO     RX        /ERR/LOKO/0x00000002
10:32:38.289  INFO     RX        /ERR/LOKO/0x00000002
10:32:38.304  INFO     RX        /ERR/LOKO/0x00000002
10:32:38.304  INFO     RX        /ERR/LOKO/0x00000002
10:32:38.320  INFO     RX        /ERR/LOKO/0x00000002
10:32:38.574  DEBUG    TX /CONTROLL/0,0,0,0,0,0,0,0,0
10:32:39.378  DEBUG    TX /CONTROLL/0,0,0,0,0,0,0,0,0
10:32:39.557  INFO     RX        /ERR/LOKO/0x00000002
10:32:39.573  INFO     RX        /ERR/LOKO/0x00000002
10:32:39.592  INFO     RX        /ERR/LOKO/0x00000002
10:32:39.592  INFO     RX        /ERR/LOKO/0x00000002
10:32:39.605  INFO     RX        /ERR/LOKO/0x00000002
10:32:39.622  INFO     RX        /ERR/LOKO/0x00000002
10:32:39.622  INFO     RX        /ERR/LOKO/0x00000002
10:32:39.638  INFO     RX        /ERR/LOKO/0x00000002
10:32:39.654  INFO     RX        /ERR/LOKO/0x00000002
10:32:39.670  INFO     RX        /ERR/LOKO/0x00000002
10:32:39.670  INFO     RX        /ERR/LOKO/0x00000002
10:32:39.687  INFO     RX        /ERR/LOKO/0x00000002
10:32:39.703  INFO     RX        /ERR/LOKO/0x00000002
10:32:39.719  INFO     RX        /ERR/LOKO/0x00000002
10:32:39.719  INFO     RX        /ERR/LOKO/0x00000002
10:32:39.735  INFO     RX        /ERR/LOKO/0x00000002
10:32:39.751  INFO     RX        /ERR/LOKO/0x00000002
10:32:39.768  INFO     RX        /ERR/LOKO/0x00000002
10:32:39.768  INFO     RX        /ERR/LOKO/0x00000002
10:32:39.784  INFO     RX        /ERR/LOKO/0x00000002
10:32:39.801  INFO     RX        /ERR/LOKO/0x00000002
10:32:39.849  INFO     RX        /ERR/LOKO/0x00000002
10:32:39.865  INFO     RX        /ERR/LOKO/0x00000002
10:32:39.881  INFO     RX        /ERR/LOKO/0x00000002
10:32:39.896  INFO     RX        /ERR/LOKO/0x00000002
10:32:39.896  INFO     RX        /ERR/LOKO/0x00000002
10:32:39.912  INFO     RX        /ERR/LOKO/0x00000002
10:32:39.929  INFO     RX        /ERR/LOKO/0x00000002
10:32:39.944  INFO     RX        /ERR/LOKO/0x00000002
10:32:39.944  INFO     RX        /ERR/LOKO/0x00000002
10:32:39.960  INFO     RX        /ERR/LOKO/0x00000002
10:32:39.976  INFO     RX        /ERR/LOKO/0x00000002
10:32:39.992  INFO     RX        /ERR/LOKO/0x00000002
10:32:39.992  INFO     RX        /ERR/LOKO/0x00000002
10:32:40.008  INFO     RX        /ERR/LOKO/0x00000002
10:32:40.024  INFO     RX        /ERR/LOKO/0x00000002
10:32:40.024  INFO     RX        /ERR/LOKO/0x00000002
10:32:40.041  INFO     RX        /ERR/LOKO/0x00000002
10:32:40.057  INFO     RX        /ERR/LOKO/0x00000002
10:32:40.073  INFO     RX        /ERR/LOKO/0x00000002
10:32:40.073  INFO     RX        /ERR/LOKO/0x00000002
10:32:40.089  INFO     RX        /ERR/LOKO/0x00000002
10:32:40.105  INFO     RX        /ERR/LOKO/0x00000002
10:32:40.121  INFO     RX        /ERR/LOKO/0x00000002
10:32:40.121  INFO     RX        /ERR/LOKO/0x00000002
10:32:40.137  INFO     RX        /ERR/LOKO/0x00000002
10:32:40.183  DEBUG    TX /CONTROLL/0,0,0,0,0,0,0,0,0
10:32:40.556  INFO     RX        /ERR/LOKO/0x00000002
10:32:40.556  INFO     RX        /ERR/LOKO/0x00000002
10:32:40.572  INFO     RX        /ERR/LOKO/0x00000002
10:32:40.588  INFO     RX        /ERR/LOKO/0x00000002
10:32:40.605  INFO     RX        /ERR/LOKO/0x00000002
10:32:40.605  INFO     RX        /ERR/LOKO/0x00000002
10:32:40.620  INFO     RX        /ERR/LOKO/0x00000002
10:32:40.637  INFO     RX        /ERR/LOKO/0x00000002
10:32:40.637  INFO     RX        /ERR/LOKO/0x00000002
10:32:40.654  INFO     RX        /ERR/LOKO/0x00000002
10:32:40.670  INFO     RX        /ERR/LOKO/0x00000002
10:32:40.685  INFO     RX        /ERR/LOKO/0x00000002
10:32:40.686  INFO     RX        /ERR/LOKO/0x00000002
10:32:40.701  INFO     RX        /ERR/LOKO/0x00000002
10:32:40.717  INFO     RX        /ERR/LOKO/0x00000002
10:32:40.733  INFO     RX        /ERR/LOKO/0x00000002
10:32:40.733  INFO     RX        /ERR/LOKO/0x00000002
10:32:40.749  INFO     RX        /ERR/LOKO/0x00000002
10:32:40.766  INFO     RX        /ERR/LOKO/0x00000002
10:32:40.783  INFO     RX        /ERR/LOKO/0x00000002
10:32:40.783  INFO     RX        /ERR/LOKO/0x00000002
10:32:40.798  INFO     RX        /ERR/LOKO/0x00000002
10:32:40.815  INFO     RX        /ERR/LOKO/0x00000002
10:32:40.815  INFO     RX        /ERR/LOKO/0x00000002
10:32:40.831  INFO     RX        /ERR/LOKO/0x00000002
10:32:40.846  INFO     RX        /ERR/LOKO/0x00000002
10:32:40.863  INFO     RX        /ERR/LOKO/0x00000002
10:32:40.863  INFO     RX        /ERR/LOKO/0x00000002
10:32:40.879  INFO     RX        /ERR/LOKO/0x00000002
10:32:40.895  INFO     RX        /ERR/LOKO/0x00000002
10:32:40.913  INFO     RX        /ERR/LOKO/0x00000002
10:32:40.913  INFO     RX        /ERR/LOKO/0x00000002
10:32:40.927  INFO     RX        /ERR/LOKO/0x00000002
10:32:40.944  INFO     RX        /ERR/LOKO/0x00000002
10:32:40.960  INFO     RX        /ERR/LOKO/0x00000002
10:32:40.960  INFO     RX        /ERR/LOKO/0x00000002
10:32:40.975  INFO     RX        /ERR/LOKO/0x00000002
10:32:40.988  DEBUG    TX /CONTROLL/0,0,0,0,0,0,0,0,2
10:32:40.992  INFO     RX        /ERR/LOKO/0x00000002
10:32:41.007  INFO     RX        /ERR/LOKO/0x00000002
10:32:41.007  INFO     RX        /ERR/LOKO/0x00000002
10:32:41.024  INFO     RX        /ERR/LOKO/0x00000002
10:32:41.040  INFO     RX        /ERR/LOKO/0x00000002
10:32:41.056  INFO     RX        /ERR/LOKO/0x00000002
10:32:41.056  INFO     RX        /ERR/LOKO/0x00000002
10:32:41.072  INFO     RX        /ERR/LOKO/0x00000002
10:32:41.090  INFO     RX        /ERR/LOKO/0x00000002
10:32:41.091  INFO     RX        /ERR/LOKO/0x00000002
10:32:41.105  INFO     RX        /ERR/LOKO/0x00000002
10:32:41.122  INFO     RX        /ERR/LOKO/0x00000002
10:32:41.138  INFO     RX        /ERR/LOKO/0x00000002
10:32:41.138  INFO     RX        /ERR/LOKO/0x00000002
10:32:41.152  INFO     RX        /ERR/LOKO/0x00000002
10:32:41.169  INFO     RX        /ERR/LOKO/0x00000002
10:32:41.185  INFO     RX        /ERR/LOKO/0x00000002
10:32:41.185  INFO     RX        /ERR/LOKO/0x00000002
10:32:41.202  INFO     RX        /ERR/LOKO/0x00000002
10:32:41.217  INFO     RX        /ERR/LOKO/0x00000002
10:32:41.233  INFO     RX        /ERR/LOKO/0x00000002
10:32:41.233  INFO     RX        /ERR/LOKO/0x00000002
10:32:41.249  INFO     RX        /ERR/LOKO/0x00000002
10:32:41.267  INFO     RX        /ERR/LOKO/0x00000002
10:32:41.282  INFO     RX        /ERR/LOKO/0x00000002
10:32:41.282  INFO     RX        /ERR/LOKO/0x00000002
10:32:41.298  INFO     RX        /ERR/LOKO/0x00000002
10:32:41.315  INFO     RX        /ERR/LOKO/0x00000002
10:32:41.315  INFO     RX        /ERR/LOKO/0x00000002
10:32:41.330  INFO     RX        /ERR/LOKO/0x00000002
10:32:41.347  INFO     RX        /ERR/LOKO/0x00000002
10:32:41.366  INFO     RX        /ERR/LOKO/0x00000002
10:32:41.366  INFO     RX        /ERR/LOKO/0x00000002
10:32:41.380  INFO     RX        /ERR/LOKO/0x00000002
10:32:41.396  INFO     RX        /ERR/LOKO/0x00000002
10:32:41.412  INFO     RX        /ERR/LOKO/0x00000002
10:32:41.412  INFO     RX        /ERR/LOKO/0x00000002
10:32:41.427  INFO     RX        /ERR/LOKO/0x00000002
10:32:41.444  INFO     RX        /ERR/LOKO/0x00000002
10:32:41.460  INFO     RX        /ERR/LOKO/0x00000002
10:32:41.460  INFO     RX        /ERR/LOKO/0x00000002
10:32:41.476  INFO     RX        /ERR/LOKO/0x00000002
10:32:41.492  INFO     RX        /ERR/LOKO/0x00000002
10:32:41.492  INFO     RX        /ERR/LOKO/0x00000002
10:32:41.509  INFO     RX        /ERR/LOKO/0x00000002
10:32:41.524  INFO     RX        /ERR/LOKO/0x00000002
10:32:41.542  INFO     RX        /ERR/LOKO/0x00000002
10:32:41.542  INFO     RX        /ERR/LOKO/0x00000002
10:32:41.557  INFO     RX        /ERR/LOKO/0x00000002
10:32:41.573  INFO     RX        /ERR/LOKO/0x00000002
10:32:41.589  INFO     RX        /ERR/LOKO/0x00000002
10:32:41.589  INFO     RX        /ERR/LOKO/0x00000002
10:32:41.605  INFO     RX        /ERR/LOKO/0x00000002
10:32:41.620  INFO     RX        /ERR/LOKO/0x00000002
10:32:41.637  INFO     RX        /ERR/LOKO/0x00000002
10:32:41.637  INFO     RX        /ERR/LOKO/0x00000002
10:32:41.653  INFO     RX        /ERR/LOKO/0x00000002
10:32:41.669  INFO     RX        /ERR/LOKO/0x00000002
10:32:41.685  INFO     RX        /ERR/LOKO/0x00000002
10:32:41.685  INFO     RX        /ERR/LOKO/0x00000002
10:32:41.701  INFO     RX        /ERR/LOKO/0x00000002
10:32:41.719  INFO     RX        /ERR/LOKO/0x00000002
10:32:41.719  INFO     RX        /ERR/LOKO/0x00000002
10:32:41.733  INFO     RX        /ERR/LOKO/0x00000002
10:32:41.749  INFO     RX        /ERR/LOKO/0x00000002
10:32:41.766  INFO     RX        /ERR/LOKO/0x00000002
10:32:41.766  INFO     RX        /ERR/LOKO/0x00000002
10:32:41.782  INFO     RX        /ERR/LOKO/0x00000002
10:32:41.795  DEBUG    TX /CONTROLL/0,0,34,0,0,0,0,0,2
10:32:41.798  INFO     RX        /ERR/LOKO/0x00000002
10:32:41.814  INFO     RX        /ERR/LOKO/0x00000002
10:32:41.814  INFO     RX        /ERR/LOKO/0x00000002
10:32:41.830  INFO     RX        /ERR/LOKO/0x00000002
10:32:41.847  INFO     RX        /ERR/LOKO/0x00000002
10:32:41.862  INFO     RX        /ERR/LOKO/0x00000002
10:32:41.862  INFO     RX        /ERR/LOKO/0x00000002
10:32:41.879  INFO     RX        /ERR/LOKO/0x00000002
10:32:41.895  INFO     RX        /ERR/LOKO/0x00000002
10:32:41.911  INFO     RX        /ERR/LOKO/0x00000002
10:32:41.911  INFO     RX        /ERR/LOKO/0x00000002
10:32:41.927  INFO     RX        /ERR/LOKO/0x00000002
10:32:41.943  INFO     RX        /ERR/LOKO/0x00000002
10:32:41.959  INFO     RX        /ERR/LOKO/0x00000002
10:32:41.959  INFO     RX        /ERR/LOKO/0x00000002
10:32:41.975  INFO     RX        /ERR/LOKO/0x00000002
10:32:41.991  INFO     RX        /ERR/LOKO/0x00000002
10:32:41.992  INFO     RX        /ERR/LOKO/0x00000002
10:32:42.007  INFO     RX        /ERR/LOKO/0x00000002
10:32:42.022  INFO     RX        /ERR/LOKO/0x00000002
10:32:42.039  INFO     RX        /ERR/LOKO/0x00000002
10:32:42.039  INFO     RX        /ERR/LOKO/0x00000002
10:32:42.055  INFO     RX        /ERR/LOKO/0x00000002
10:32:42.071  INFO     RX        /ERR/LOKO/0x00000002
10:32:42.087  INFO     RX        /ERR/LOKO/0x00000002
10:32:42.087  INFO     RX        /ERR/LOKO/0x00000002
10:32:42.103  INFO     RX        /ERR/LOKO/0x00000002
10:32:42.119  INFO     RX        /ERR/LOKO/0x00000002
10:32:42.135  INFO     RX        /ERR/LOKO/0x00000002
10:32:42.135  INFO     RX        /ERR/LOKO/0x00000002
10:32:42.151  INFO     RX        /ERR/LOKO/0x00000002
10:32:42.167  INFO     RX        /ERR/LOKO/0x00000002
10:32:42.184  INFO     RX        /ERR/LOKO/0x00000002
10:32:42.184  INFO     RX        /ERR/LOKO/0x00000002
10:32:42.199  INFO     RX        /ERR/LOKO/0x00000002
10:32:42.215  INFO     RX        /ERR/LOKO/0x00000002
10:32:42.231  INFO     RX        /ERR/LOKO/0x00000002
10:32:42.231  INFO     RX        /ERR/LOKO/0x00000002
10:32:42.247  INFO     RX        /ERR/LOKO/0x00000002
10:32:42.263  INFO     RX        /ERR/LOKO/0x00000002
10:32:42.280  INFO     RX        /ERR/LOKO/0x00000002
10:32:42.280  INFO     RX        /ERR/LOKO/0x00000002
10:32:42.345  INFO     RX        /ERR/LOKO/0x00000002
10:32:42.409  INFO     RX        /ERR/LOKO/0x00000002
10:32:42.473  INFO     RX        /ERR/LOKO/0x00000002
10:32:42.600  DEBUG    TX /CONTROLL/28,0,0,0,0,0,0,0,2
10:32:42.762  INFO     RX        /ERR/LOKO/0x00000002
10:32:42.827  INFO     RX        /ERR/LOKO/0x00000002
10:32:42.860  INFO     RX        /ERR/LOKO/0x00000002
10:32:42.925  INFO     RX        /ERR/LOKO/0x00000002
10:32:42.987  INFO     RX        /ERR/LOKO/0x00000002
10:32:43.052  INFO     RX        /ERR/LOKO/0x00000002
10:32:43.118  INFO     RX        /ERR/LOKO/0x00000002
10:32:43.182  INFO     RX        /ERR/LOKO/0x00000002
10:32:43.403  DEBUG    TX /CONTROLL/0,0,0,0,0,0,0,0,2
10:32:43.439  INFO     RX        /ERR/LOKO/0x00000002
10:32:43.502  INFO     RX        /ERR/LOKO/0x00000002
10:32:43.519  INFO     RX        /ERR/LOKO/0x00000002
10:32:43.536  INFO     RX        /ERR/LOKO/0x00000002
10:32:43.536  INFO     RX        /ERR/LOKO/0x00000002
10:32:43.551  INFO     RX        /ERR/LOKO/0x00000002
10:32:43.567  INFO     RX        /ERR/LOKO/0x00000002
10:32:43.587  INFO     RX        /ERR/LOKO/0x00000002
10:32:43.587  INFO     RX        /ERR/LOKO/0x00000002
10:32:43.599  INFO     RX        /ERR/LOKO/0x00000002
10:32:43.616  INFO     RX        /ERR/LOKO/0x00000002
10:32:43.616  INFO     RX        /ERR/LOKO/0x00000002
10:32:43.632  INFO     RX        /ERR/LOKO/0x00000002
10:32:43.648  INFO     RX        /ERR/LOKO/0x00000002
10:32:43.664  INFO     RX        /ERR/LOKO/0x00000002
10:32:43.664  INFO     RX        /ERR/LOKO/0x00000002
10:32:43.681  INFO     RX        /ERR/LOKO/0x00000002
10:32:43.696  INFO     RX        /ERR/LOKO/0x00000002
10:32:43.712  INFO     RX        /ERR/LOKO/0x00000002
10:32:43.712  INFO     RX        /ERR/LOKO/0x00000002
10:32:43.730  INFO     RX        /ERR/LOKO/0x00000002
10:32:43.745  INFO     RX        /ERR/LOKO/0x00000002
10:32:43.745  INFO     RX        /ERR/LOKO/0x00000002
10:32:43.761  INFO     RX        /ERR/LOKO/0x00000002
10:32:43.776  INFO     RX        /ERR/LOKO/0x00000002
10:32:43.793  INFO     RX        /ERR/LOKO/0x00000002
10:32:43.793  INFO     RX        /ERR/LOKO/0x00000002
10:32:43.809  INFO     RX        /ERR/LOKO/0x00000002
10:32:43.826  INFO     RX        /ERR/LOKO/0x00000002
10:32:43.841  INFO     RX        /ERR/LOKO/0x00000002
10:32:43.841  INFO     RX        /ERR/LOKO/0x00000002
10:32:43.857  INFO     RX        /ERR/LOKO/0x00000002
10:32:43.874  INFO     RX        /ERR/LOKO/0x00000002
10:32:43.874  INFO     RX        /ERR/LOKO/0x00000002
10:32:43.890  INFO     RX        /ERR/LOKO/0x00000002
10:32:43.906  INFO     RX        /ERR/LOKO/0x00000002
10:32:43.922  INFO     RX        /ERR/LOKO/0x00000002
10:32:43.922  INFO     RX        /ERR/LOKO/0x00000002
10:32:43.938  INFO     RX        /ERR/LOKO/0x00000002
10:32:43.954  INFO     RX        /ERR/LOKO/0x00000002
10:32:43.970  INFO     RX        /ERR/LOKO/0x00000002
10:32:43.971  INFO     RX        /ERR/LOKO/0x00000002
10:32:43.988  INFO     RX        /ERR/LOKO/0x00000002
10:32:44.006  INFO     RX        /ERR/LOKO/0x00000002
10:32:44.006  INFO     RX        /ERR/LOKO/0x00000002
10:32:44.019  INFO     RX        /ERR/LOKO/0x00000002
10:32:44.035  INFO     RX        /ERR/LOKO/0x00000002
10:32:44.054  INFO     RX        /ERR/LOKO/0x00000002
10:32:44.054  INFO     RX        /ERR/LOKO/0x00000002
10:32:44.067  INFO     RX        /ERR/LOKO/0x00000002
10:32:44.085  INFO     RX        /ERR/LOKO/0x00000002
10:32:44.085  INFO     RX        /ERR/LOKO/0x00000002
10:32:44.100  INFO     RX        /ERR/LOKO/0x00000002
10:32:44.116  INFO     RX        /ERR/LOKO/0x00000002
10:32:44.132  INFO     RX        /ERR/LOKO/0x00000002
10:32:44.148  INFO     RX        /ERR/LOKO/0x00000002
10:32:44.148  INFO     RX        /ERR/LOKO/0x00000002
10:32:44.164  INFO     RX        /ERR/LOKO/0x00000002
10:32:44.181  INFO     RX        /ERR/LOKO/0x00000002
10:32:44.181  INFO     RX        /ERR/LOKO/0x00000002
10:32:44.196  INFO     RX        /ERR/LOKO/0x00000002
10:32:44.209  DEBUG    TX /CONTROLL/-12,0,0,0,0,0,0,0,2
10:32:44.212  INFO     RX        /ERR/LOKO/0x00000002
10:32:44.229  INFO     RX        /ERR/LOKO/0x00000002
10:32:44.278  INFO     RX        /ERR/LOKO/0x00000002
10:32:44.343  INFO     RX        /ERR/LOKO/0x00000002
10:32:44.407  INFO     RX        /ERR/LOKO/0x00000002
10:32:44.472  INFO     RX        /ERR/LOKO/0x00000002
10:32:44.535  INFO     RX        /ERR/LOKO/0x00000002
10:32:44.600  INFO     RX        /ERR/LOKO/0x00000002
10:32:44.664  INFO     RX        /ERR/LOKO/0x00000002
10:32:44.729  INFO     RX        /ERR/LOKO/0x00000002
10:32:44.794  INFO     RX        /ERR/LOKO/0x00000002
10:32:44.873  INFO     RX        /ERR/LOKO/0x00000002
10:32:44.922  INFO     RX        /ERR/LOKO/0x00000002
10:32:44.988  INFO     RX        /ERR/LOKO/0x00000002
10:32:45.015  DEBUG    TX /CONTROLL/-18,0,0,0,0,0,0,0,2
10:32:45.389  INFO     RX        /ERR/LOKO/0x00000002
10:32:45.438  INFO     RX        /ERR/LOKO/0x00000002
10:32:45.502  INFO     RX        /ERR/LOKO/0x00000002
10:32:45.566  INFO     RX        /ERR/LOKO/0x00000002
10:32:45.631  INFO     RX        /ERR/LOKO/0x00000002
10:32:45.695  INFO     RX        /ERR/LOKO/0x00000002
10:32:45.761  INFO     RX        /ERR/LOKO/0x00000002
10:32:45.820  DEBUG    TX /CONTROLL/-18,0,0,0,0,0,0,0,2
10:32:45.825  INFO     RX        /ERR/LOKO/0x00000002
10:32:45.888  INFO     RX        /ERR/LOKO/0x00000002
10:32:45.955  INFO     RX        /ERR/LOKO/0x00000002
10:32:46.018  INFO     RX        /ERR/LOKO/0x00000002
10:32:46.082  INFO     RX        /ERR/LOKO/0x00000002
10:32:46.146  INFO     RX        /ERR/LOKO/0x00000002
10:32:46.546  INFO     RX        /ERR/LOKO/0x00000002
10:32:46.596  INFO     RX        /ERR/LOKO/0x00000002
10:32:46.623  DEBUG    TX /CONTROLL/-16,0,0,0,0,0,0,0,2
10:32:46.661  INFO     RX        /ERR/LOKO/0x00000002
10:32:46.725  INFO     RX        /ERR/LOKO/0x00000002
10:32:46.740  INFO     RX        /ERR/LOKO/0x00000002
10:32:46.756  INFO     RX        /ERR/LOKO/0x00000002
10:32:46.772  INFO     RX        /ERR/LOKO/0x00000002
10:32:46.787  INFO     RX        /ERR/LOKO/0x00000002
10:32:46.787  INFO     RX        /ERR/LOKO/0x00000002
10:32:46.804  INFO     RX        /ERR/LOKO/0x00000002
10:32:46.820  INFO     RX        /ERR/LOKO/0x00000002
10:32:46.820  INFO     RX        /ERR/LOKO/0x00000002
10:32:46.837  INFO     RX        /ERR/LOKO/0x00000002
10:32:46.855  INFO     RX        /ERR/LOKO/0x00000002
10:32:46.869  INFO     RX        /ERR/LOKO/0x00000002
10:32:46.869  INFO     RX        /ERR/LOKO/0x00000002
10:32:46.885  INFO     RX        /ERR/LOKO/0x00000002
10:32:46.901  INFO     RX        /ERR/LOKO/0x00000002
10:32:46.918  INFO     RX        /ERR/LOKO/0x00000002
10:32:46.919  INFO     RX        /ERR/LOKO/0x00000002
10:32:46.933  INFO     RX        /ERR/LOKO/0x00000002
10:32:46.950  INFO     RX        /ERR/LOKO/0x00000002
10:32:46.966  INFO     RX        /ERR/LOKO/0x00000002
10:32:46.966  INFO     RX        /ERR/LOKO/0x00000002
10:32:46.982  INFO     RX        /ERR/LOKO/0x00000002
10:32:46.998  INFO     RX        /ERR/LOKO/0x00000002
10:32:46.998  INFO     RX        /ERR/LOKO/0x00000002
10:32:47.014  INFO     RX        /ERR/LOKO/0x00000002
10:32:47.030  INFO     RX        /ERR/LOKO/0x00000002
10:32:47.045  INFO     RX        /ERR/LOKO/0x00000002
10:32:47.045  INFO     RX        /ERR/LOKO/0x00000002
10:32:47.061  INFO     RX        /ERR/LOKO/0x00000002
10:32:47.077  INFO     RX        /ERR/LOKO/0x00000002
10:32:47.094  INFO     RX        /ERR/LOKO/0x00000002
10:32:47.094  INFO     RX        /ERR/LOKO/0x00000002
10:32:47.110  INFO     RX        /ERR/LOKO/0x00000002
10:32:47.126  INFO     RX        /ERR/LOKO/0x00000002
10:32:47.126  INFO     RX        /ERR/LOKO/0x00000002
10:32:47.142  INFO     RX        /ERR/LOKO/0x00000002
10:32:47.158  INFO     RX        /ERR/LOKO/0x00000002
10:32:47.174  INFO     RX        /ERR/LOKO/0x00000002
10:32:47.174  INFO     RX        /ERR/LOKO/0x00000002
10:32:47.190  INFO     RX        /ERR/LOKO/0x00000002
10:32:47.206  INFO     RX        /ERR/LOKO/0x00000002
10:32:47.222  INFO     RX        /ERR/LOKO/0x00000002
10:32:47.222  INFO     RX        /ERR/LOKO/0x00000002
10:32:47.239  INFO     RX        /ERR/LOKO/0x00000002
10:32:47.254  INFO     RX        /ERR/LOKO/0x00000002
10:32:47.271  INFO     RX        /ERR/LOKO/0x00000002
10:32:47.271  INFO     RX        /ERR/LOKO/0x00000002
10:32:47.287  INFO     RX        /ERR/LOKO/0x00000002
10:32:47.303  INFO     RX        /ERR/LOKO/0x00000002
10:32:47.304  INFO     RX        /ERR/LOKO/0x00000002
10:32:47.320  INFO     RX        /ERR/LOKO/0x00000002
10:32:47.337  INFO     RX        /ERR/LOKO/0x00000002
10:32:47.353  INFO     RX        /ERR/LOKO/0x00000002
10:32:47.353  INFO     RX        /ERR/LOKO/0x00000002
10:32:47.368  INFO     RX        /ERR/LOKO/0x00000002
10:32:47.394  INFO     RX        /ERR/LOKO/0x00000002
10:32:47.394  INFO     RX        /ERR/LOKO/0x00000002
10:32:47.401  INFO     RX        /ERR/LOKO/0x00000002
10:32:47.416  INFO     RX        /ERR/LOKO/0x00000002
10:32:47.429  DEBUG    TX /CONTROLL/0,0,0,0,0,0,0,0,2
10:32:47.432  INFO     RX        /ERR/LOKO/0x00000002
10:32:47.432  INFO     RX        /ERR/LOKO/0x00000002
10:32:47.448  INFO     RX        /ERR/LOKO/0x00000002
10:32:47.465  INFO     RX        /ERR/LOKO/0x00000002
10:32:47.480  INFO     RX        /ERR/LOKO/0x00000002
10:32:47.480  INFO     RX        /ERR/LOKO/0x00000002
10:32:47.496  INFO     RX        /ERR/LOKO/0x00000002
10:32:47.513  INFO     RX        /ERR/LOKO/0x00000002
10:32:47.529  INFO     RX        /ERR/LOKO/0x00000002
10:32:47.529  INFO     RX        /ERR/LOKO/0x00000002
10:32:47.545  INFO     RX        /ERR/LOKO/0x00000002
10:32:47.561  INFO     RX        /ERR/LOKO/0x00000002
10:32:47.561  INFO     RX        /ERR/LOKO/0x00000002
10:32:47.578  INFO     RX        /ERR/LOKO/0x00000002
10:32:47.593  INFO     RX        /ERR/LOKO/0x00000002
10:32:47.610  INFO     RX        /ERR/LOKO/0x00000002
10:32:47.610  INFO     RX        /ERR/LOKO/0x00000002
10:32:47.625  INFO     RX        /ERR/LOKO/0x00000002
10:32:47.642  INFO     RX        /ERR/LOKO/0x00000002
10:32:47.658  INFO     RX        /ERR/LOKO/0x00000002
10:32:47.658  INFO     RX        /ERR/LOKO/0x00000002
10:32:47.675  INFO     RX        /ERR/LOKO/0x00000002
10:32:47.690  INFO     RX        /ERR/LOKO/0x00000002
10:32:47.743  INFO     RX        /ERR/LOKO/0x00000002
10:32:47.819  INFO     RX        /ERR/LOKO/0x00000002
10:32:47.872  INFO     RX        /ERR/LOKO/0x00000002
10:32:47.949  INFO     RX        /ERR/LOKO/0x00000002
10:32:47.964  INFO     RX        /ERR/LOKO/0x00000002
10:32:47.964  INFO     RX        /ERR/LOKO/0x00000002
10:32:47.980  INFO     RX        /ERR/LOKO/0x00000002
10:32:47.997  INFO     RX        /ERR/LOKO/0x00000002
10:32:47.997  INFO     RX        /ERR/LOKO/0x00000002
10:32:48.012  INFO     RX        /ERR/LOKO/0x00000002
10:32:48.029  INFO     RX        /ERR/LOKO/0x00000002
10:32:48.045  INFO     RX        /ERR/LOKO/0x00000002
10:32:48.045  INFO     RX        /ERR/LOKO/0x00000002
10:32:48.061  INFO     RX        /ERR/LOKO/0x00000002
10:32:48.077  INFO     RX        /ERR/LOKO/0x00000002
10:32:48.093  INFO     RX        /ERR/LOKO/0x00000002
10:32:48.093  INFO     RX        /ERR/LOKO/0x00000002
10:32:48.109  INFO     RX        /ERR/LOKO/0x00000002
10:32:48.125  INFO     RX        /ERR/LOKO/0x00000002
10:32:48.125  INFO     RX        /ERR/LOKO/0x00000002
10:32:48.141  INFO     RX        /ERR/LOKO/0x00000002
10:32:48.157  INFO     RX        /ERR/LOKO/0x00000002
10:32:48.174  INFO     RX        /ERR/LOKO/0x00000002
10:32:48.175  INFO     RX        /ERR/LOKO/0x00000002
10:32:48.189  INFO     RX        /ERR/LOKO/0x00000002
10:32:48.205  INFO     RX        /ERR/LOKO/0x00000002
10:32:48.221  INFO     RX        /ERR/LOKO/0x00000002
10:32:48.221  INFO     RX        /ERR/LOKO/0x00000002
10:32:48.234  DEBUG    TX /CONTROLL/0,0,0,0,0,0,0,0,2
10:32:48.237  INFO     RX        /ERR/LOKO/0x00000002
10:32:48.254  INFO     RX        /ERR/LOKO/0x00000002
10:32:48.269  INFO     RX        /ERR/LOKO/0x00000002
10:32:48.269  INFO     RX        /ERR/LOKO/0x00000002
10:32:48.286  INFO     RX        /ERR/LOKO/0x00000002
10:32:48.301  INFO     RX        /ERR/LOKO/0x00000002
10:32:48.318  INFO     RX        /ERR/LOKO/0x00000002
10:32:48.318  INFO     RX        /ERR/LOKO/0x00000002
10:32:48.334  INFO     RX        /ERR/LOKO/0x00000002
10:32:48.399  INFO     RX        /ERR/LOKO/0x00000002
10:32:48.455  INFO     RX        /ERR/LOKO/0x00000002
10:32:48.527  INFO     RX        /ERR/LOKO/0x00000002
10:32:48.585  INFO     RX        /ERR/LOKO/0x00000002
10:32:48.609  INFO     RX        /ERR/LOKO/0x00000002
10:32:48.609  INFO     RX        /ERR/LOKO/0x00000002
10:32:48.624  INFO     RX        /ERR/LOKO/0x00000002
10:32:48.640  INFO     RX        /ERR/LOKO/0x00000002
10:32:48.656  INFO     RX        /ERR/LOKO/0x00000002
10:32:48.656  INFO     RX        /ERR/LOKO/0x00000002
10:32:48.672  INFO     RX        /ERR/LOKO/0x00000002
10:32:48.688  INFO     RX        /ERR/LOKO/0x00000002
10:32:48.704  INFO     RX        /ERR/LOKO/0x00000002
10:32:48.704  INFO     RX        /ERR/LOKO/0x00000002
10:32:48.721  INFO     RX        /ERR/LOKO/0x00000002
10:32:48.736  INFO     RX        /ERR/LOKO/0x00000002
10:32:48.752  INFO     RX        /ERR/LOKO/0x00000002
10:32:48.752  INFO     RX        /ERR/LOKO/0x00000002
10:32:48.768  INFO     RX        /ERR/LOKO/0x00000002
10:32:48.784  INFO     RX        /ERR/LOKO/0x00000002
10:32:48.800  INFO     RX        /ERR/LOKO/0x00000002
10:32:48.800  INFO     RX        /ERR/LOKO/0x00000002
10:32:48.816  INFO     RX        /ERR/LOKO/0x00000002
10:32:48.832  INFO     RX        /ERR/LOKO/0x00000002
10:32:48.849  INFO     RX        /ERR/LOKO/0x00000002
10:32:48.849  INFO     RX        /ERR/LOKO/0x00000002
10:32:48.865  INFO     RX        /ERR/LOKO/0x00000002
10:32:48.881  INFO     RX        /ERR/LOKO/0x00000002
10:32:48.897  INFO     RX        /ERR/LOKO/0x00000002
10:32:48.897  INFO     RX        /ERR/LOKO/0x00000002
10:32:48.913  INFO     RX        /ERR/LOKO/0x00000002
10:32:48.929  INFO     RX        /ERR/LOKO/0x00000002
10:32:48.929  INFO     RX        /ERR/LOKO/0x00000002
10:32:48.945  INFO     RX        /ERR/LOKO/0x00000002
10:32:48.962  INFO     RX        /ERR/LOKO/0x00000002
10:32:48.978  INFO     RX        /ERR/LOKO/0x00000002
10:32:48.978  INFO     RX        /ERR/LOKO/0x00000002
10:32:48.994  INFO     RX        /ERR/LOKO/0x00000002
10:32:49.010  INFO     RX        /ERR/LOKO/0x00000002
10:32:49.026  INFO     RX        /ERR/LOKO/0x00000002
10:32:49.026  INFO     RX        /ERR/LOKO/0x00000002
10:32:49.039  DEBUG    TX /CONTROLL/0,0,0,0,0,0,0,0,2
10:32:49.044  INFO     RX        /ERR/LOKO/0x00000002
10:32:49.058  INFO     RX        /ERR/LOKO/0x00000002
10:32:49.075  INFO     RX        /ERR/LOKO/0x00000002
10:32:49.075  INFO     RX        /ERR/LOKO/0x00000002
10:32:49.091  INFO     RX        /ERR/LOKO/0x00000002
10:32:49.107  INFO     RX        /ERR/LOKO/0x00000002
10:32:49.107  INFO     RX        /ERR/LOKO/0x00000002
10:32:49.124  INFO     RX        /ERR/LOKO/0x00000002
10:32:49.141  INFO     RX        /ERR/LOKO/0x00000002
10:32:49.156  INFO     RX        /ERR/LOKO/0x00000002
10:32:49.156  INFO     RX        /ERR/LOKO/0x00000002
10:32:49.173  INFO     RX        /ERR/LOKO/0x00000002
10:32:49.190  INFO     RX        /ERR/LOKO/0x00000002
10:32:49.190  INFO     RX        /ERR/LOKO/0x00000002
10:32:49.205  INFO     RX        /ERR/LOKO/0x00000002
10:32:49.221  INFO     RX        /ERR/LOKO/0x00000002
10:32:49.237  INFO     RX        /ERR/LOKO/0x00000002
10:32:49.253  INFO     RX        /ERR/LOKO/0x00000002
10:32:49.253  INFO     RX        /ERR/LOKO/0x00000002
10:32:49.269  INFO     RX        /ERR/LOKO/0x00000002
10:32:49.285  INFO     RX        /ERR/LOKO/0x00000002
10:32:49.285  INFO     RX        /ERR/LOKO/0x00000002
10:32:49.304  INFO     RX        /ERR/LOKO/0x00000002
10:32:49.318  INFO     RX        /ERR/LOKO/0x00000002
10:32:49.333  INFO     RX        /ERR/LOKO/0x00000002
10:32:49.397  INFO     RX        /ERR/LOKO/0x00000002
10:32:49.449  INFO     RX        /ERR/LOKO/0x00000002
10:32:49.529  INFO     RX        /ERR/LOKO/0x00000002
10:32:49.787  INFO     RX        /ERR/LOKO/0x00000002
10:32:49.835  INFO     RX        /ERR/LOKO/0x00000002
10:32:49.845  DEBUG    TX /CONTROLL/23,13,0,0,0,0,0,0,2
10:32:49.902  INFO     RX        /ERR/LOKO/0x00000002
10:32:49.963  INFO     RX        /ERR/LOKO/0x00000002
10:32:50.028  INFO     RX        /ERR/LOKO/0x00000002
10:32:50.044  INFO     RX        /ERR/LOKO/0x00000002
10:32:50.059  INFO     RX        /ERR/LOKO/0x00000002
10:32:50.074  INFO     RX        /ERR/LOKO/0x00000002
10:32:50.090  INFO     RX        /ERR/LOKO/0x00000002
10:32:50.090  INFO     RX        /ERR/LOKO/0x00000002
10:32:50.106  INFO     RX        /ERR/LOKO/0x00000002
10:32:50.124  INFO     RX        /ERR/LOKO/0x00000002
10:32:50.124  INFO     RX        /ERR/LOKO/0x00000002
10:32:50.138  INFO     RX        /ERR/LOKO/0x00000002
10:32:50.155  INFO     RX        /ERR/LOKO/0x00000002
10:32:50.173  INFO     RX        /ERR/LOKO/0x00000002
10:32:50.173  INFO     RX        /ERR/LOKO/0x00000002
10:32:50.187  INFO     RX        /ERR/LOKO/0x00000002
10:32:50.203  INFO     RX        /ERR/LOKO/0x00000002
10:32:50.219  INFO     RX        /ERR/LOKO/0x00000002
10:32:50.219  INFO     RX        /ERR/LOKO/0x00000002
10:32:50.235  INFO     RX        /ERR/LOKO/0x00000002
10:32:50.252  INFO     RX        /ERR/LOKO/0x00000002
10:32:50.268  INFO     RX        /ERR/LOKO/0x00000002
10:32:50.268  INFO     RX        /ERR/LOKO/0x00000002
10:32:50.284  INFO     RX        /ERR/LOKO/0x00000002
10:32:50.300  INFO     RX        /ERR/LOKO/0x00000002
10:32:50.300  INFO     RX        /ERR/LOKO/0x00000002
10:32:50.317  INFO     RX        /ERR/LOKO/0x00000002
10:32:50.332  INFO     RX        /ERR/LOKO/0x00000002
10:32:50.347  INFO     RX        /ERR/LOKO/0x00000002
10:32:50.348  INFO     RX        /ERR/LOKO/0x00000002
10:32:50.364  INFO     RX        /ERR/LOKO/0x00000002
10:32:50.381  INFO     RX        /ERR/LOKO/0x00000002
10:32:50.397  INFO     RX        /ERR/LOKO/0x00000002
10:32:50.397  INFO     RX        /ERR/LOKO/0x00000002
10:32:50.411  INFO     RX        /ERR/LOKO/0x00000002
10:32:50.429  INFO     RX        /ERR/LOKO/0x00000002
10:32:50.445  INFO     RX        /ERR/LOKO/0x00000002
10:32:50.445  INFO     RX        /ERR/LOKO/0x00000002
10:32:50.461  INFO     RX        /ERR/LOKO/0x00000002
10:32:50.477  INFO     RX        /ERR/LOKO/0x00000002
10:32:50.477  INFO     RX        /ERR/LOKO/0x00000002
10:32:50.493  INFO     RX        /ERR/LOKO/0x00000002
10:32:50.509  INFO     RX        /ERR/LOKO/0x00000002
10:32:50.524  INFO     RX        /ERR/LOKO/0x00000002
10:32:50.524  INFO     RX        /ERR/LOKO/0x00000002
10:32:50.540  INFO     RX        /ERR/LOKO/0x00000002
10:32:50.557  INFO     RX        /ERR/LOKO/0x00000002
10:32:50.572  INFO     RX        /ERR/LOKO/0x00000002
10:32:50.572  INFO     RX        /ERR/LOKO/0x00000002
10:32:50.592  INFO     RX        /ERR/LOKO/0x00000002
10:32:50.605  INFO     RX        /ERR/LOKO/0x00000002
10:32:50.622  INFO     RX        /ERR/LOKO/0x00000002
10:32:50.622  INFO     RX        /ERR/LOKO/0x00000002
10:32:50.637  INFO     RX        /ERR/LOKO/0x00000002
10:32:50.650  DEBUG    TX /CONTROLL/0,0,0,0,0,0,0,0,2
10:32:50.653  INFO     RX        /ERR/LOKO/0x00000002
10:32:50.653  INFO     RX        /ERR/LOKO/0x00000002
10:32:50.669  INFO     RX        /ERR/LOKO/0x00000002
10:32:50.685  INFO     RX        /ERR/LOKO/0x00000002
10:32:50.701  INFO     RX        /ERR/LOKO/0x00000002
10:32:50.702  INFO     RX        /ERR/LOKO/0x00000002
10:32:50.718  INFO     RX        /ERR/LOKO/0x00000002
10:32:50.734  INFO     RX        /ERR/LOKO/0x00000002
10:32:50.750  INFO     RX        /ERR/LOKO/0x00000002
10:32:50.750  INFO     RX        /ERR/LOKO/0x00000002
10:32:50.766  INFO     RX        /ERR/LOKO/0x00000002
10:32:50.783  INFO     RX        /ERR/LOKO/0x00000002
10:32:50.783  INFO     RX        /ERR/LOKO/0x00000002
10:32:50.799  INFO     RX        /ERR/LOKO/0x00000002
10:32:50.815  INFO     RX        /ERR/LOKO/0x00000002
10:32:50.831  INFO     RX        /ERR/LOKO/0x00000002
10:32:50.831  INFO     RX        /ERR/LOKO/0x00000002
10:32:50.847  INFO     RX        /ERR/LOKO/0x00000002
10:32:50.862  INFO     RX        /ERR/LOKO/0x00000002
10:32:50.879  INFO     RX        /ERR/LOKO/0x00000002
10:32:50.879  INFO     RX        /ERR/LOKO/0x00000002
10:32:50.896  INFO     RX        /ERR/LOKO/0x00000002
10:32:50.912  INFO     RX        /ERR/LOKO/0x00000002
10:32:50.912  INFO     RX        /ERR/LOKO/0x00000002
10:32:50.928  INFO     RX        /ERR/LOKO/0x00000002
10:32:50.944  INFO     RX        /ERR/LOKO/0x00000002
10:32:50.960  INFO     RX        /ERR/LOKO/0x00000002
10:32:50.975  INFO     RX        /ERR/LOKO/0x00000002
10:32:50.975  INFO     RX        /ERR/LOKO/0x00000002
10:32:50.991  INFO     RX        /ERR/LOKO/0x00000002
10:32:51.008  INFO     RX        /ERR/LOKO/0x00000002
10:32:51.008  INFO     RX        /ERR/LOKO/0x00000002
10:32:51.022  INFO     RX        /ERR/LOKO/0x00000002
10:32:51.039  INFO     RX        /ERR/LOKO/0x00000002
10:32:51.055  INFO     RX        /ERR/LOKO/0x00000002
10:32:51.055  INFO     RX        /ERR/LOKO/0x00000002
10:32:51.071  INFO     RX        /ERR/LOKO/0x00000002
10:32:51.087  INFO     RX        /ERR/LOKO/0x00000002
10:32:51.103  INFO     RX        /ERR/LOKO/0x00000002
10:32:51.103  INFO     RX        /ERR/LOKO/0x00000002
10:32:51.119  INFO     RX        /ERR/LOKO/0x00000002
10:32:51.136  INFO     RX        /ERR/LOKO/0x00000002
10:32:51.151  INFO     RX        /ERR/LOKO/0x00000002
10:32:51.151  INFO     RX        /ERR/LOKO/0x00000002
10:32:51.167  INFO     RX        /ERR/LOKO/0x00000002
10:32:51.184  INFO     RX        /ERR/LOKO/0x00000002
10:32:51.184  INFO     RX        /ERR/LOKO/0x00000002
10:32:51.200  INFO     RX        /ERR/LOKO/0x00000002
10:32:51.216  INFO     RX        /ERR/LOKO/0x00000002
10:32:51.232  INFO     RX        /ERR/LOKO/0x00000002
10:32:51.232  INFO     RX        /ERR/LOKO/0x00000002
10:32:51.249  INFO     RX        /ERR/LOKO/0x00000002
10:32:51.264  INFO     RX        /ERR/LOKO/0x00000002
10:32:51.281  INFO     RX        /ERR/LOKO/0x00000002
10:32:51.281  INFO     RX        /ERR/LOKO/0x00000002
10:32:51.297  INFO     RX        /ERR/LOKO/0x00000002
10:32:51.313  INFO     RX        /ERR/LOKO/0x00000002
10:32:51.313  INFO     RX        /ERR/LOKO/0x00000002
10:32:51.329  INFO     RX        /ERR/LOKO/0x00000002
10:32:51.346  INFO     RX        /ERR/LOKO/0x00000002
10:32:51.361  INFO     RX        /ERR/LOKO/0x00000002
10:32:51.361  INFO     RX        /ERR/LOKO/0x00000002
10:32:51.378  INFO     RX        /ERR/LOKO/0x00000002
10:32:51.394  INFO     RX        /ERR/LOKO/0x00000002
10:32:51.410  INFO     RX        /ERR/LOKO/0x00000002
10:32:51.455  DEBUG    TX /CONTROLL/-13,0,0,0,0,0,0,0,2
10:32:51.474  INFO     RX        /ERR/LOKO/0x00000002
10:32:51.524  INFO     RX        /ERR/LOKO/0x00000002
10:32:51.588  INFO     RX        /ERR/LOKO/0x00000002
10:32:51.653  INFO     RX        /ERR/LOKO/0x00000002
10:32:51.717  INFO     RX        /ERR/LOKO/0x00000002
10:32:51.781  INFO     RX        /ERR/LOKO/0x00000002
10:32:51.846  INFO     RX        /ERR/LOKO/0x00000002
10:32:51.911  INFO     RX        /ERR/LOKO/0x00000002
10:32:51.975  INFO     RX        /ERR/LOKO/0x00000002
10:32:52.040  INFO     RX        /ERR/LOKO/0x00000002
10:32:52.106  INFO     RX        /ERR/LOKO/0x00000002
10:32:52.174  INFO     RX        /ERR/LOKO/0x00000002
10:32:52.260  DEBUG    TX /CONTROLL/-14,0,0,0,0,0,0,0,2
10:32:52.618  INFO     RX        /ERR/LOKO/0x00000002
10:32:52.684  INFO     RX        /ERR/LOKO/0x00000002
10:32:52.748  INFO     RX        /ERR/LOKO/0x00000002
10:32:52.812  INFO     RX        /ERR/LOKO/0x00000002
10:32:52.876  INFO     RX        /ERR/LOKO/0x00000002
10:32:52.941  INFO     RX        /ERR/LOKO/0x00000002
10:32:53.005  INFO     RX        /ERR/LOKO/0x00000002
10:32:53.063  DEBUG    TX /CONTROLL/0,0,0,0,0,0,0,0,2
10:32:53.082  INFO     RX        /ERR/LOKO/0x00000002
10:32:53.134  INFO     RX        /ERR/LOKO/0x00000002
10:32:53.147  INFO     RX        /ERR/LOKO/0x00000002
10:32:53.163  INFO     RX        /ERR/LOKO/0x00000002
10:32:53.181  INFO     RX        /ERR/LOKO/0x00000002
10:32:53.196  INFO     RX        /ERR/LOKO/0x00000002
10:32:53.196  INFO     RX        /ERR/LOKO/0x00000002
10:32:53.212  INFO     RX        /ERR/LOKO/0x00000002
10:32:53.228  INFO     RX        /ERR/LOKO/0x00000002
10:32:53.244  INFO     RX        /ERR/LOKO/0x00000002
10:32:53.244  INFO     RX        /ERR/LOKO/0x00000002
10:32:53.260  INFO     RX        /ERR/LOKO/0x00000002
10:32:53.277  INFO     RX        /ERR/LOKO/0x00000002
10:32:53.277  INFO     RX        /ERR/LOKO/0x00000002
10:32:53.292  INFO     RX        /ERR/LOKO/0x00000002
10:32:53.309  INFO     RX        /ERR/LOKO/0x00000002
10:32:53.325  INFO     RX        /ERR/LOKO/0x00000002
10:32:53.325  INFO     RX        /ERR/LOKO/0x00000002
10:32:53.342  INFO     RX        /ERR/LOKO/0x00000002
10:32:53.357  INFO     RX        /ERR/LOKO/0x00000002
10:32:53.375  INFO     RX        /ERR/LOKO/0x00000002
10:32:53.375  INFO     RX        /ERR/LOKO/0x00000002
10:32:53.390  INFO     RX        /ERR/LOKO/0x00000002
10:32:53.405  INFO     RX        /ERR/LOKO/0x00000002
10:32:53.405  INFO     RX        /ERR/LOKO/0x00000002
10:32:53.423  INFO     RX        /ERR/LOKO/0x00000002
10:32:53.438  INFO     RX        /ERR/LOKO/0x00000002
10:32:53.453  INFO     RX        /ERR/LOKO/0x00000002
10:32:53.468  INFO     RX        /ERR/LOKO/0x00000002
10:32:53.468  INFO     RX        /ERR/LOKO/0x00000002
10:32:53.485  INFO     RX        /ERR/LOKO/0x00000002
10:32:53.500  INFO     RX        /ERR/LOKO/0x00000002
10:32:53.500  INFO     RX        /ERR/LOKO/0x00000002
10:32:53.517  INFO     RX        /ERR/LOKO/0x00000002
10:32:53.533  INFO     RX        /ERR/LOKO/0x00000002
10:32:53.549  INFO     RX        /ERR/LOKO/0x00000002
10:32:53.549  INFO     RX        /ERR/LOKO/0x00000002
10:32:53.565  INFO     RX        /ERR/LOKO/0x00000002
10:32:53.580  INFO     RX        /ERR/LOKO/0x00000002
10:32:53.597  INFO     RX        /ERR/LOKO/0x00000002
10:32:53.597  INFO     RX        /ERR/LOKO/0x00000002
10:32:53.613  INFO     RX        /ERR/LOKO/0x00000002
10:32:53.629  INFO     RX        /ERR/LOKO/0x00000002
10:32:53.645  INFO     RX        /ERR/LOKO/0x00000002
10:32:53.645  INFO     RX        /ERR/LOKO/0x00000002
10:32:53.662  INFO     RX        /ERR/LOKO/0x00000002
10:32:53.678  INFO     RX        /ERR/LOKO/0x00000002
10:32:53.678  INFO     RX        /ERR/LOKO/0x00000002
10:32:53.694  INFO     RX        /ERR/LOKO/0x00000002
10:32:53.709  INFO     RX        /ERR/LOKO/0x00000002
10:32:53.725  INFO     RX        /ERR/LOKO/0x00000002
10:32:53.726  INFO     RX        /ERR/LOKO/0x00000002
10:32:53.742  INFO     RX        /ERR/LOKO/0x00000002
10:32:53.758  INFO     RX        /ERR/LOKO/0x00000002
10:32:53.775  INFO     RX        /ERR/LOKO/0x00000002
10:32:53.775  INFO     RX        /ERR/LOKO/0x00000002
10:32:53.791  INFO     RX        /ERR/LOKO/0x00000002
10:32:53.856  INFO     RX        /ERR/LOKO/0x00000002
10:32:53.868  DEBUG    TX /CONTROLL/-14,0,0,0,0,0,0,0,2
10:32:53.919  INFO     RX        /ERR/LOKO/0x00000002
10:32:53.984  INFO     RX        /ERR/LOKO/0x00000002
10:32:54.046  INFO     RX        /ERR/LOKO/0x00000002
10:32:54.111  INFO     RX        /ERR/LOKO/0x00000002
10:32:54.175  INFO     RX        /ERR/LOKO/0x00000002
10:32:54.239  INFO     RX        /ERR/LOKO/0x00000002
10:32:54.304  INFO     RX        /ERR/LOKO/0x00000002
10:32:54.369  INFO     RX        /ERR/LOKO/0x00000002
10:32:54.531  INFO     RX        /ERR/LOKO/0x00000002
10:32:54.531  INFO     RX        /ERR/LOKO/0x00000002
10:32:54.531  INFO     RX        /ERR/LOKO/0x00000002
10:32:54.531  INFO     RX        /ERR/LOKO/0x00000002
10:32:54.541  INFO     RX        /ERR/LOKO/0x00000002
10:32:54.590  INFO     RX        /ERR/LOKO/0x00000002
10:32:54.590  INFO     RX        /ERR/LOKO/0x00000002
10:32:54.590  INFO     RX        /ERR/LOKO/0x00000002
10:32:54.590  INFO     RX        /ERR/LOKO/0x00000002
10:32:54.640  INFO     RX        /ERR/LOKO/0x00000002
10:32:54.640  INFO     RX        /ERR/LOKO/0x00000002
10:32:54.640  INFO     RX        /ERR/LOKO/0x00000002
10:32:54.640  INFO     RX        /ERR/LOKO/0x00000002
10:32:54.649  INFO     RX        /ERR/LOKO/0x00000002
10:32:54.660  INFO     RX        /ERR/LOKO/0x00000002
10:32:54.671  DEBUG    TX /CONTROLL/0,0,0,0,0,0,0,0,2
10:32:54.674  INFO     RX        /ERR/LOKO/0x00000002
10:32:54.690  INFO     RX        /ERR/LOKO/0x00000002
10:32:54.706  INFO     RX        /ERR/LOKO/0x00000002
10:32:54.722  INFO     RX        /ERR/LOKO/0x00000002
10:32:54.722  INFO     RX        /ERR/LOKO/0x00000002
10:32:54.738  INFO     RX        /ERR/LOKO/0x00000002
10:32:54.754  INFO     RX        /ERR/LOKO/0x00000002
10:32:54.771  INFO     RX        /ERR/LOKO/0x00000002
10:32:54.771  INFO     RX        /ERR/LOKO/0x00000002
10:32:54.788  INFO     RX        /ERR/LOKO/0x00000002
10:32:54.802  INFO     RX        /ERR/LOKO/0x00000002
10:32:54.818  INFO     RX        /ERR/LOKO/0x00000002
10:32:54.818  INFO     RX        /ERR/LOKO/0x00000002
10:32:54.835  INFO     RX        /ERR/LOKO/0x00000002
10:32:54.851  INFO     RX        /ERR/LOKO/0x00000002
10:32:54.851  INFO     RX        /ERR/LOKO/0x00000002
10:32:54.867  INFO     RX        /ERR/LOKO/0x00000002
10:32:54.884  INFO     RX        /ERR/LOKO/0x00000002
10:32:54.900  INFO     RX        /ERR/LOKO/0x00000002
10:32:54.900  INFO     RX        /ERR/LOKO/0x00000002
10:32:54.916  INFO     RX        /ERR/LOKO/0x00000002
10:32:55.025  INFO     RX        /ERR/LOKO/0x00000002
10:32:55.026  INFO     RX        /ERR/LOKO/0x00000002
10:32:55.026  INFO     RX        /ERR/LOKO/0x00000002
10:32:55.026  INFO     RX        /ERR/LOKO/0x00000002
10:32:55.026  INFO     RX        /ERR/LOKO/0x00000002
10:32:55.026  INFO     RX        /ERR/LOKO/0x00000002
10:32:55.026  INFO     RX        /ERR/LOKO/0x00000002
10:32:55.026  INFO     RX        /ERR/LOKO/0x00000002
10:32:55.026  INFO     RX        /ERR/LOKO/0x00000002
10:32:55.031  INFO     RX        /ERR/LOKO/0x00000002
10:32:55.044  INFO     RX        /ERR/LOKO/0x00000002
10:32:55.061  INFO     RX        /ERR/LOKO/0x00000002
10:32:55.076  INFO     RX        /ERR/LOKO/0x00000002
10:32:55.092  INFO     RX        /ERR/LOKO/0x00000002
10:32:55.092  INFO     RX        /ERR/LOKO/0x00000002
10:32:55.108  INFO     RX        /ERR/LOKO/0x00000002
10:32:55.475  DEBUG    TX /CONTROLL/0,0,0,0,0,0,0,0,0
10:32:55.800  INFO     RX        /ERR/LOKO/0x00000002
10:32:55.814  INFO     RX        /ERR/LOKO/0x00000002
10:32:55.831  INFO     RX        /ERR/LOKO/0x00000002
10:32:55.847  INFO     RX        /ERR/LOKO/0x00000002
10:32:55.863  INFO     RX        /ERR/LOKO/0x00000002
10:32:55.863  INFO     RX        /ERR/LOKO/0x00000002
10:32:55.879  INFO     RX        /ERR/LOKO/0x00000002
10:32:55.895  INFO     RX        /ERR/LOKO/0x00000002
10:32:55.895  INFO     RX        /ERR/LOKO/0x00000002
10:32:55.911  INFO     RX        /ERR/LOKO/0x00000002
10:32:55.927  INFO     RX        /ERR/LOKO/0x00000002
10:32:55.943  INFO     RX        /ERR/LOKO/0x00000002
10:32:55.943  INFO     RX        /ERR/LOKO/0x00000002
10:32:55.961  INFO     RX        /ERR/LOKO/0x00000002
10:32:55.976  INFO     RX        /ERR/LOKO/0x00000002
10:32:55.992  INFO     RX        /ERR/LOKO/0x00000002
10:32:55.992  INFO     RX        /ERR/LOKO/0x00000002
10:32:56.008  INFO     RX        /ERR/LOKO/0x00000002
10:32:56.024  INFO     RX        /ERR/LOKO/0x00000002
10:32:56.041  INFO     RX        /ERR/LOKO/0x00000002
10:32:56.041  INFO     RX        /ERR/LOKO/0x00000002
10:32:56.057  INFO     RX        /ERR/LOKO/0x00000002
10:32:56.075  INFO     RX        /ERR/LOKO/0x00000002
10:32:56.090  INFO     RX        /ERR/LOKO/0x00000002
10:32:56.090  INFO     RX        /ERR/LOKO/0x00000002
10:32:56.106  INFO     RX        /ERR/LOKO/0x00000002
10:32:56.121  INFO     RX        /ERR/LOKO/0x00000002
10:32:56.137  INFO     RX        /ERR/LOKO/0x00000002
10:32:56.279  DEBUG    TX /CONTROLL/0,0,0,0,0,0,0,0,0
10:32:56.363  INFO     RX        /ERR/LOKO/0x00000002
10:32:56.379  INFO     RX        /ERR/LOKO/0x00000002
10:32:56.379  INFO     RX        /ERR/LOKO/0x00000002
10:32:56.395  INFO     RX        /ERR/LOKO/0x00000002
10:32:56.410  INFO     RX        /ERR/LOKO/0x00000002
10:32:56.410  INFO     RX        /ERR/LOKO/0x00000002
10:32:56.427  INFO     RX        /ERR/LOKO/0x00000002
10:32:56.443  INFO     RX        /ERR/LOKO/0x00000002
10:32:56.459  INFO     RX        /ERR/LOKO/0x00000002
10:32:56.459  INFO     RX        /ERR/LOKO/0x00000002
10:32:56.475  INFO     RX        /ERR/LOKO/0x00000002
10:32:56.491  INFO     RX        /ERR/LOKO/0x00000002
10:32:56.508  INFO     RX        /ERR/LOKO/0x00000002
10:32:56.508  INFO     RX        /ERR/LOKO/0x00000002
10:32:56.524  INFO     RX        /ERR/LOKO/0x00000002
10:32:56.542  INFO     RX        /ERR/LOKO/0x00000002
10:32:56.587  INFO     RX        /ERR/LOKO/0x00000002
10:32:56.605  INFO     RX        /ERR/LOKO/0x00000002
10:32:56.605  INFO     RX        /ERR/LOKO/0x00000002
10:32:56.620  INFO     RX        /ERR/LOKO/0x00000002
10:32:56.636  INFO     RX        /ERR/LOKO/0x00000002
10:32:56.652  INFO     RX        /ERR/LOKO/0x00000002
10:32:56.652  INFO     RX        /ERR/LOKO/0x00000002
10:32:56.668  INFO     RX        /ERR/LOKO/0x00000002
10:32:56.684  INFO     RX        /ERR/LOKO/0x00000002
10:32:56.700  INFO     RX        /ERR/LOKO/0x00000002
10:32:56.700  INFO     RX        /ERR/LOKO/0x00000002
10:32:56.716  INFO     RX        /ERR/LOKO/0x00000002
10:32:56.732  INFO     RX        /ERR/LOKO/0x00000002
10:32:56.732  INFO     RX        /ERR/LOKO/0x00000002
10:32:56.749  INFO     RX        /ERR/LOKO/0x00000002
10:32:56.764  INFO     RX        /ERR/LOKO/0x00000002
10:32:56.779  INFO     RX        /ERR/LOKO/0x00000002
10:32:56.796  INFO     RX        /ERR/LOKO/0x00000002
10:32:56.796  INFO     RX        /ERR/LOKO/0x00000002
10:32:56.861  INFO     RX        /ERR/LOKO/0x00000002
10:32:56.876  INFO     RX        /ERR/LOKO/0x00000002
10:32:56.876  INFO     RX        /ERR/LOKO/0x00000002
10:32:56.894  INFO     RX        /ERR/LOKO/0x00000002
10:32:56.909  INFO     RX        /ERR/LOKO/0x00000002
10:32:56.925  INFO     RX        /ERR/LOKO/0x00000002
10:32:56.925  INFO     RX        /ERR/LOKO/0x00000002
10:32:56.941  INFO     RX        /ERR/LOKO/0x00000002
10:32:56.957  INFO     RX        /ERR/LOKO/0x00000002
10:32:56.973  INFO     RX        /ERR/LOKO/0x00000002
10:32:56.973  INFO     RX        /ERR/LOKO/0x00000002
10:32:57.053  INFO     RX        /ERR/LOKO/0x00000002
10:32:57.053  INFO     RX        /ERR/LOKO/0x00000002
10:32:57.069  INFO     RX        /ERR/LOKO/0x00000002
10:32:57.082  DEBUG    TX /CONTROLL/0,0,0,0,0,0,0,0,2
10:32:57.086  INFO     RX        /ERR/LOKO/0x00000002
10:32:57.086  INFO     RX        /ERR/LOKO/0x00000002
10:32:57.103  INFO     RX        /ERR/LOKO/0x00000002
10:32:57.118  INFO     RX        /ERR/LOKO/0x00000002
10:32:57.134  INFO     RX        /ERR/LOKO/0x00000002
10:32:57.134  INFO     RX        /ERR/LOKO/0x00000002
10:32:57.151  INFO     RX        /ERR/LOKO/0x00000002
10:32:57.167  INFO     RX        /ERR/LOKO/0x00000002
10:32:57.184  INFO     RX        /ERR/LOKO/0x00000002
10:32:57.184  INFO     RX        /ERR/LOKO/0x00000002
10:32:57.199  INFO     RX        /ERR/LOKO/0x00000002
10:32:57.215  INFO     RX        /ERR/LOKO/0x00000002
10:32:57.231  INFO     RX        /ERR/LOKO/0x00000002
10:32:57.231  INFO     RX        /ERR/LOKO/0x00000002
10:32:57.247  INFO     RX        /ERR/LOKO/0x00000002
10:32:57.263  INFO     RX        /ERR/LOKO/0x00000002
10:32:57.279  INFO     RX        /ERR/LOKO/0x00000002
10:32:57.279  INFO     RX        /ERR/LOKO/0x00000002
10:32:57.296  INFO     RX        /ERR/LOKO/0x00000002
10:32:57.312  INFO     RX        /ERR/LOKO/0x00000002
10:32:57.328  INFO     RX        /ERR/LOKO/0x00000002
10:32:57.328  INFO     RX        /ERR/LOKO/0x00000002
10:32:57.343  INFO     RX        /ERR/LOKO/0x00000002
10:32:57.362  INFO     RX        /ERR/LOKO/0x00000002
10:32:57.362  INFO     RX        /ERR/LOKO/0x00000002
10:32:57.376  INFO     RX        /ERR/LOKO/0x00000002
10:32:57.391  INFO     RX        /ERR/LOKO/0x00000002
10:32:57.408  INFO     RX        /ERR/LOKO/0x00000002
10:32:57.424  INFO     RX        /ERR/LOKO/0x00000002
10:32:57.424  INFO     RX        /ERR/LOKO/0x00000002
10:32:57.440  INFO     RX        /ERR/LOKO/0x00000002
10:32:57.456  INFO     RX        /ERR/LOKO/0x00000002
10:32:57.472  INFO     RX        /ERR/LOKO/0x00000002
10:32:57.472  INFO     RX        /ERR/LOKO/0x00000002
10:32:57.489  INFO     RX        /ERR/LOKO/0x00000002
10:32:57.504  INFO     RX        /ERR/LOKO/0x00000002
10:32:57.504  INFO     RX        /ERR/LOKO/0x00000002
10:32:57.521  INFO     RX        /ERR/LOKO/0x00000002
10:32:57.647  INFO     RX        /ERR/LOKO/0x00000002
10:32:57.647  INFO     RX        /ERR/LOKO/0x00000002
10:32:57.647  INFO     RX        /ERR/LOKO/0x00000002
10:32:57.647  INFO     RX        /ERR/LOKO/0x00000002
10:32:57.647  INFO     RX        /ERR/LOKO/0x00000002
10:32:57.647  INFO     RX        /ERR/LOKO/0x00000002
10:32:57.647  INFO     RX        /ERR/LOKO/0x00000002
10:32:57.647  INFO     RX        /ERR/LOKO/0x00000002
10:32:57.653  INFO     RX        /ERR/LOKO/0x00000002
10:32:57.653  INFO     RX        /ERR/LOKO/0x00000002
10:32:57.653  INFO     RX        /ERR/LOKO/0x00000002
10:32:57.659  INFO     RX        /ERR/LOKO/0x00000002
10:32:57.671  INFO     RX        /ERR/LOKO/0x00000002
10:32:57.698  INFO     RX        /ERR/LOKO/0x00000002
10:32:57.698  INFO     RX        /ERR/LOKO/0x00000002
10:32:57.714  INFO     RX        /ERR/LOKO/0x00000002
10:32:57.730  INFO     RX        /ERR/LOKO/0x00000002
10:32:57.746  INFO     RX        /ERR/LOKO/0x00000002
10:32:57.746  INFO     RX        /ERR/LOKO/0x00000002
10:32:57.762  INFO     RX        /ERR/LOKO/0x00000002
10:32:57.778  INFO     RX        /ERR/LOKO/0x00000002
10:32:57.794  INFO     RX        /ERR/LOKO/0x00000002
10:32:57.794  INFO     RX        /ERR/LOKO/0x00000002
10:32:57.888  DEBUG    TX /CONTROLL/0,0,0,0,0,0,0,0,0
10:32:58.181  INFO     RX        /ERR/LOKO/0x00000002
10:32:58.197  INFO     RX        /ERR/LOKO/0x00000002
10:32:58.212  INFO     RX        /ERR/LOKO/0x00000002
10:32:58.227  INFO     RX        /ERR/LOKO/0x00000002
10:32:58.228  INFO     RX        /ERR/LOKO/0x00000002
10:32:58.244  INFO     RX        /ERR/LOKO/0x00000002
10:32:58.260  INFO     RX        /ERR/LOKO/0x00000002
10:32:58.276  INFO     RX        /ERR/LOKO/0x00000002
10:32:58.276  INFO     RX        /ERR/LOKO/0x00000002
10:32:58.293  INFO     RX        /ERR/LOKO/0x00000002
10:32:58.308  INFO     RX        /ERR/LOKO/0x00000002
10:32:58.325  INFO     RX        /ERR/LOKO/0x00000002
10:32:58.325  INFO     RX        /ERR/LOKO/0x00000002
10:32:58.340  INFO     RX        /ERR/LOKO/0x00000002
10:32:58.357  INFO     RX        /ERR/LOKO/0x00000002
10:32:58.371  INFO     RX        /ERR/LOKO/0x00000002
10:32:58.372  INFO     RX        /ERR/LOKO/0x00000002
10:32:58.388  INFO     RX        /ERR/LOKO/0x00000002
10:32:58.404  INFO     RX        /ERR/LOKO/0x00000002
10:32:58.613  INFO     RX        /ERR/LOKO/0x00000002
10:32:58.628  INFO     RX        /ERR/LOKO/0x00000002
10:32:58.645  INFO     RX        /ERR/LOKO/0x00000002
10:32:58.662  INFO     RX        /ERR/LOKO/0x00000002
10:32:58.662  INFO     RX        /ERR/LOKO/0x00000002
10:32:58.678  INFO     RX        /ERR/LOKO/0x00000002
10:32:58.691  DEBUG    TX /CONTROLL/0,0,0,0,0,0,0,0,2
10:32:58.694  INFO     RX        /ERR/LOKO/0x00000002
10:32:58.712  INFO     RX        /ERR/LOKO/0x00000002
10:32:58.712  INFO     RX        /ERR/LOKO/0x00000002
10:32:58.726  INFO     RX        /ERR/LOKO/0x00000002
10:32:58.743  INFO     RX        /ERR/LOKO/0x00000002
10:32:58.760  INFO     RX        /ERR/LOKO/0x00000002
10:32:58.760  INFO     RX        /ERR/LOKO/0x00000002
10:32:58.775  INFO     RX        /ERR/LOKO/0x00000002
10:32:58.791  INFO     RX        /ERR/LOKO/0x00000002
10:32:58.807  INFO     RX        /ERR/LOKO/0x00000002
10:32:58.807  INFO     RX        /ERR/LOKO/0x00000002
10:32:58.952  INFO     RX        /ERR/LOKO/0x00000002
10:32:58.967  INFO     RX        /ERR/LOKO/0x00000002
10:32:58.968  INFO     RX        /ERR/LOKO/0x00000002
10:32:58.984  INFO     RX        /ERR/LOKO/0x00000002
10:32:59.000  INFO     RX        /ERR/LOKO/0x00000002
10:32:59.016  INFO     RX        /ERR/LOKO/0x00000002
10:32:59.016  INFO     RX        /ERR/LOKO/0x00000002
10:32:59.032  INFO     RX        /ERR/LOKO/0x00000002
10:32:59.048  INFO     RX        /ERR/LOKO/0x00000002
10:32:59.048  INFO     RX        /ERR/LOKO/0x00000002
10:32:59.063  INFO     RX        /ERR/LOKO/0x00000002
10:32:59.079  INFO     RX        /ERR/LOKO/0x00000002
10:32:59.096  INFO     RX        /ERR/LOKO/0x00000002
10:32:59.112  INFO     RX        /ERR/LOKO/0x00000002
10:32:59.112  INFO     RX        /ERR/LOKO/0x00000002
10:32:59.225  INFO     RX        /ERR/LOKO/0x00000002
10:32:59.225  INFO     RX        /ERR/LOKO/0x00000002
10:32:59.241  INFO     RX        /ERR/LOKO/0x00000002
10:32:59.258  INFO     RX        /ERR/LOKO/0x00000002
10:32:59.273  INFO     RX        /ERR/LOKO/0x00000002
10:32:59.273  INFO     RX        /ERR/LOKO/0x00000002
10:32:59.289  INFO     RX        /ERR/LOKO/0x00000002
10:32:59.306  INFO     RX        /ERR/LOKO/0x00000002
10:32:59.322  INFO     RX        /ERR/LOKO/0x00000002
10:32:59.322  INFO     RX        /ERR/LOKO/0x00000002
10:32:59.338  INFO     RX        /ERR/LOKO/0x00000002
10:32:59.354  INFO     RX        /ERR/LOKO/0x00000002
10:32:59.371  INFO     RX        /ERR/LOKO/0x00000002
10:32:59.371  INFO     RX        /ERR/LOKO/0x00000002
10:32:59.467  INFO     RX        /ERR/LOKO/0x00000002
10:32:59.483  INFO     RX        /ERR/LOKO/0x00000002
10:32:59.483  INFO     RX        /ERR/LOKO/0x00000002
10:32:59.496  DEBUG    TX /CONTROLL/0,0,0,0,0,0,0,0,2
10:32:59.499  INFO     RX        /ERR/LOKO/0x00000002
10:32:59.517  INFO     RX        /ERR/LOKO/0x00000002
10:32:59.532  INFO     RX        /ERR/LOKO/0x00000002
10:32:59.532  INFO     RX        /ERR/LOKO/0x00000002
10:32:59.549  INFO     RX        /ERR/LOKO/0x00000002
10:32:59.564  INFO     RX        /ERR/LOKO/0x00000002
10:32:59.580  INFO     RX        /ERR/LOKO/0x00000002
10:32:59.645  INFO     RX        /ERR/LOKO/0x00000002
10:32:59.662  INFO     RX        /ERR/LOKO/0x00000002
10:32:59.662  INFO     RX        /ERR/LOKO/0x00000002
10:32:59.678  INFO     RX        /ERR/LOKO/0x00000002
10:32:59.696  INFO     RX        /ERR/LOKO/0x00000002
10:32:59.696  INFO     RX        /ERR/LOKO/0x00000002
10:32:59.710  INFO     RX        /ERR/LOKO/0x00000002
10:32:59.727  INFO     RX        /ERR/LOKO/0x00000002
10:32:59.743  INFO     RX        /ERR/LOKO/0x00000002
10:32:59.743  INFO     RX        /ERR/LOKO/0x00000002
10:32:59.760  INFO     RX        /ERR/LOKO/0x00000002
10:32:59.776  INFO     RX        /ERR/LOKO/0x00000002
10:32:59.793  INFO     RX        /ERR/LOKO/0x00000002
10:32:59.793  INFO     RX        /ERR/LOKO/0x00000002
10:32:59.810  INFO     RX        /ERR/LOKO/0x00000002
10:32:59.824  INFO     RX        /ERR/LOKO/0x00000002
10:32:59.839  INFO     RX        /ERR/LOKO/0x00000002
10:32:59.839  INFO     RX        /ERR/LOKO/0x00000002
10:32:59.855  INFO     RX        /ERR/LOKO/0x00000002
10:32:59.872  INFO     RX        /ERR/LOKO/0x00000002
10:32:59.889  INFO     RX        /ERR/LOKO/0x00000002
10:32:59.889  INFO     RX        /ERR/LOKO/0x00000002
10:32:59.903  INFO     RX        /ERR/LOKO/0x00000002
10:32:59.919  INFO     RX        /ERR/LOKO/0x00000002
10:33:00.303  DEBUG    TX /CONTROLL/0,0,0,0,0,0,0,0,0
10:33:00.515  INFO     RX        /ERR/LOKO/0x00000002
10:33:00.546  INFO     RX        /ERR/LOKO/0x00000002
10:33:00.563  INFO     RX        /ERR/LOKO/0x00000002
10:33:00.563  INFO     RX        /ERR/LOKO/0x00000002
10:33:00.579  INFO     RX        /ERR/LOKO/0x00000002
10:33:00.675  INFO     RX        /ERR/LOKO/0x00000002
10:33:00.692  INFO     RX        /ERR/LOKO/0x00000002
10:33:00.692  INFO     RX        /ERR/LOKO/0x00000002
10:33:00.707  INFO     RX        /ERR/LOKO/0x00000002
10:33:00.725  INFO     RX        /ERR/LOKO/0x00000002
10:33:00.740  INFO     RX        /ERR/LOKO/0x00000002
10:33:00.740  INFO     RX        /ERR/LOKO/0x00000002
10:33:00.756  INFO     RX        /ERR/LOKO/0x00000002
10:33:01.106  DEBUG    TX /CONTROLL/0,0,0,0,0,0,0,0,0
10:33:01.157  INFO     RX        /ERR/LOKO/0x00000002
10:33:01.176  INFO     RX        /ERR/LOKO/0x00000002
10:33:01.176  INFO     RX        /ERR/LOKO/0x00000002
10:33:01.190  INFO     RX        /ERR/LOKO/0x00000002
10:33:01.207  INFO     RX        /ERR/LOKO/0x00000002
10:33:01.239  INFO     RX        /ERR/LOKO/0x00000002
10:33:01.255  INFO     RX        /ERR/LOKO/0x00000002
10:33:01.255  INFO     RX        /ERR/LOKO/0x00000002
10:33:01.271  INFO     RX        /ERR/LOKO/0x00000002
10:33:01.286  INFO     RX        /ERR/LOKO/0x00000002
10:33:01.303  INFO     RX        /ERR/LOKO/0x00000002
10:33:01.303  INFO     RX        /ERR/LOKO/0x00000002
10:33:01.318  INFO     RX        /ERR/LOKO/0x00000002
10:33:01.334  INFO     RX        /ERR/LOKO/0x00000002
10:33:01.350  INFO     RX        /ERR/LOKO/0x00000002
10:33:01.350  INFO     RX        /ERR/LOKO/0x00000002
10:33:01.367  INFO     RX        /ERR/LOKO/0x00000002
10:33:01.382  INFO     RX        /ERR/LOKO/0x00000002
10:33:01.398  INFO     RX        /ERR/LOKO/0x00000002
10:33:01.399  INFO     RX        /ERR/LOKO/0x00000002
10:33:01.415  INFO     RX        /ERR/LOKO/0x00000002
10:33:01.431  INFO     RX        /ERR/LOKO/0x00000002
10:33:01.431  INFO     RX        /ERR/LOKO/0x00000002
10:33:01.448  INFO     RX        /ERR/LOKO/0x00000002
10:33:01.463  INFO     RX        /ERR/LOKO/0x00000002
10:33:01.479  INFO     RX        /ERR/LOKO/0x00000002
10:33:01.479  INFO     RX        /ERR/LOKO/0x00000002
10:33:01.495  INFO     RX        /ERR/LOKO/0x00000002
10:33:01.511  INFO     RX        /ERR/LOKO/0x00000002
10:33:01.527  INFO     RX        /ERR/LOKO/0x00000002
10:33:01.527  INFO     RX        /ERR/LOKO/0x00000002
10:33:01.543  INFO     RX        /ERR/LOKO/0x00000002
10:33:01.561  INFO     RX        /ERR/LOKO/0x00000002
10:33:01.576  INFO     RX        /ERR/LOKO/0x00000002
10:33:01.576  INFO     RX        /ERR/LOKO/0x00000002
10:33:01.594  INFO     RX        /ERR/LOKO/0x00000002
10:33:01.609  INFO     RX        /ERR/LOKO/0x00000002
10:33:01.624  INFO     RX        /ERR/LOKO/0x00000002
10:33:01.624  INFO     RX        /ERR/LOKO/0x00000002
10:33:01.640  INFO     RX        /ERR/LOKO/0x00000002
10:33:01.656  INFO     RX        /ERR/LOKO/0x00000002
10:33:01.656  INFO     RX        /ERR/LOKO/0x00000002
10:33:01.672  INFO     RX        /ERR/LOKO/0x00000002
10:33:01.689  INFO     RX        /ERR/LOKO/0x00000002
10:33:01.705  INFO     RX        /ERR/LOKO/0x00000002
10:33:01.705  INFO     RX        /ERR/LOKO/0x00000002
10:33:01.721  INFO     RX        /ERR/LOKO/0x00000002
10:33:01.738  INFO     RX        /ERR/LOKO/0x00000002
10:33:01.753  INFO     RX        /ERR/LOKO/0x00000002
10:33:01.754  INFO     RX        /ERR/LOKO/0x00000002
10:33:01.770  INFO     RX        /ERR/LOKO/0x00000002
10:33:01.785  INFO     RX        /ERR/LOKO/0x00000002
10:33:01.801  INFO     RX        /ERR/LOKO/0x00000002
10:33:01.801  INFO     RX        /ERR/LOKO/0x00000002
10:33:01.817  INFO     RX        /ERR/LOKO/0x00000002
10:33:01.833  INFO     RX        /ERR/LOKO/0x00000002
10:33:01.849  INFO     RX        /ERR/LOKO/0x00000002
10:33:01.849  INFO     RX        /ERR/LOKO/0x00000002
10:33:01.866  INFO     RX        /ERR/LOKO/0x00000002
10:33:01.882  INFO     RX        /ERR/LOKO/0x00000002
10:33:01.900  INFO     RX        /ERR/LOKO/0x00000002
10:33:01.900  INFO     RX        /ERR/LOKO/0x00000002
10:33:01.911  DEBUG    TX /CONTROLL/0,0,17,0,0,0,0,0,0
10:33:01.914  INFO     RX        /ERR/LOKO/0x00000002
10:33:01.931  INFO     RX        /ERR/LOKO/0x00000002
10:33:01.931  INFO     RX        /ERR/LOKO/0x00000002
10:33:01.946  INFO     RX        /ERR/LOKO/0x00000002
10:33:01.962  INFO     RX        /ERR/LOKO/0x00000002
10:33:01.979  INFO     RX        /ERR/LOKO/0x00000002
10:33:01.994  INFO     RX        /ERR/LOKO/0x00000002
10:33:01.994  INFO     RX        /ERR/LOKO/0x00000002
10:33:02.010  INFO     RX        /ERR/LOKO/0x00000002
10:33:02.026  INFO     RX        /ERR/LOKO/0x00000002
10:33:02.026  INFO     RX        /ERR/LOKO/0x00000002
10:33:02.043  INFO     RX        /ERR/LOKO/0x00000002
10:33:02.058  INFO     RX        /ERR/LOKO/0x00000002
10:33:02.075  INFO     RX        /ERR/LOKO/0x00000002
10:33:02.138  INFO     RX        /ERR/LOKO/0x00000002
10:33:02.155  INFO     RX        /ERR/LOKO/0x00000002
10:33:02.171  INFO     RX        /ERR/LOKO/0x00000002
10:33:02.171  INFO     RX        /ERR/LOKO/0x00000002
10:33:02.187  INFO     RX        /ERR/LOKO/0x00000002
10:33:02.204  INFO     RX        /ERR/LOKO/0x00000002
10:33:02.204  INFO     RX        /ERR/LOKO/0x00000002
10:33:02.220  INFO     RX        /ERR/LOKO/0x00000002
10:33:02.235  INFO     RX        /ERR/LOKO/0x00000002
10:33:02.252  INFO     RX        /ERR/LOKO/0x00000002
10:33:02.252  INFO     RX        /ERR/LOKO/0x00000002
10:33:02.268  INFO     RX        /ERR/LOKO/0x00000002
10:33:02.284  INFO     RX        /ERR/LOKO/0x00000002
10:33:02.284  INFO     RX        /ERR/LOKO/0x00000002
10:33:02.301  INFO     RX        /ERR/LOKO/0x00000002
10:33:02.317  INFO     RX        /ERR/LOKO/0x00000002
10:33:02.332  INFO     RX        /ERR/LOKO/0x00000002
10:33:02.332  INFO     RX        /ERR/LOKO/0x00000002
10:33:02.348  INFO     RX        /ERR/LOKO/0x00000002
10:33:02.365  INFO     RX        /ERR/LOKO/0x00000002
10:33:02.381  INFO     RX        /ERR/LOKO/0x00000002
10:33:02.381  INFO     RX        /ERR/LOKO/0x00000002
10:33:02.397  INFO     RX        /ERR/LOKO/0x00000002
10:33:02.413  INFO     RX        /ERR/LOKO/0x00000002
10:33:02.429  INFO     RX        /ERR/LOKO/0x00000002
10:33:02.429  INFO     RX        /ERR/LOKO/0x00000002
10:33:02.445  INFO     RX        /ERR/LOKO/0x00000002
10:33:02.461  INFO     RX        /ERR/LOKO/0x00000002
10:33:02.461  INFO     RX        /ERR/LOKO/0x00000002
10:33:02.477  INFO     RX        /ERR/LOKO/0x00000002
10:33:02.493  INFO     RX        /ERR/LOKO/0x00000002
10:33:02.509  INFO     RX        /ERR/LOKO/0x00000002
10:33:02.509  INFO     RX        /ERR/LOKO/0x00000002
10:33:02.525  INFO     RX        /ERR/LOKO/0x00000002
10:33:02.541  INFO     RX        /ERR/LOKO/0x00000002
10:33:02.557  INFO     RX        /ERR/LOKO/0x00000002
10:33:02.557  INFO     RX        /ERR/LOKO/0x00000002
10:33:02.573  INFO     RX        /ERR/LOKO/0x00000002
10:33:02.589  INFO     RX        /ERR/LOKO/0x00000002
10:33:02.605  INFO     RX        /ERR/LOKO/0x00000002
10:33:02.605  INFO     RX        /ERR/LOKO/0x00000002
10:33:02.622  INFO     RX        /ERR/LOKO/0x00000002
10:33:02.638  INFO     RX        /ERR/LOKO/0x00000002
10:33:02.638  INFO     RX        /ERR/LOKO/0x00000002
10:33:02.653  INFO     RX        /ERR/LOKO/0x00000002
10:33:02.669  INFO     RX        /ERR/LOKO/0x00000002
10:33:02.686  INFO     RX        /ERR/LOKO/0x00000002
10:33:02.686  INFO     RX        /ERR/LOKO/0x00000002
10:33:02.702  INFO     RX        /ERR/LOKO/0x00000002
10:33:02.715  DEBUG    TX /CONTROLL/0,0,17,0,0,0,0,0,0
10:33:02.719  INFO     RX        /ERR/LOKO/0x00000002
10:33:02.735  INFO     RX        /ERR/LOKO/0x00000002
10:33:02.735  INFO     RX        /ERR/LOKO/0x00000002
10:33:02.856  INFO     RX        /ERR/LOKO/0x00000002
10:33:02.856  INFO     RX        /ERR/LOKO/0x00000002
10:33:02.856  INFO     RX        /ERR/LOKO/0x00000002
10:33:02.856  INFO     RX        /ERR/LOKO/0x00000002
10:33:02.856  INFO     RX        /ERR/LOKO/0x00000002
10:33:02.856  INFO     RX        /ERR/LOKO/0x00000002
10:33:02.856  INFO     RX        /ERR/LOKO/0x00000002
10:33:02.856  INFO     RX        /ERR/LOKO/0x00000002
10:33:02.856  INFO     RX        /ERR/LOKO/0x00000002
10:33:02.859  INFO     RX        /ERR/LOKO/0x00000002
10:33:02.863  INFO     RX        /ERR/LOKO/0x00000002
10:33:02.909  INFO     RX        /ERR/LOKO/0x00000002
10:33:02.909  INFO     RX        /ERR/LOKO/0x00000002
10:33:02.909  INFO     RX        /ERR/LOKO/0x00000002
10:33:02.912  INFO     RX        /ERR/LOKO/0x00000002
10:33:02.922  INFO     RX        /ERR/LOKO/0x00000002
10:33:03.080  INFO     RX        /ERR/LOKO/0x00000002
10:33:03.080  INFO     RX        /ERR/LOKO/0x00000002
10:33:03.080  INFO     RX        /ERR/LOKO/0x00000002
10:33:03.080  INFO     RX        /ERR/LOKO/0x00000002
10:33:03.080  INFO     RX        /ERR/LOKO/0x00000002
10:33:03.080  INFO     RX        /ERR/LOKO/0x00000002
10:33:03.080  INFO     RX        /ERR/LOKO/0x00000002
10:33:03.080  INFO     RX        /ERR/LOKO/0x00000002
10:33:03.080  INFO     RX        /ERR/LOKO/0x00000002
10:33:03.080  INFO     RX        /ERR/LOKO/0x00000002
10:33:03.080  INFO     RX        /ERR/LOKO/0x00000002
10:33:03.085  INFO     RX        /ERR/LOKO/0x00000002
10:33:03.085  INFO     RX        /ERR/LOKO/0x00000002
10:33:03.089  INFO     RX        /ERR/LOKO/0x00000002
10:33:03.134  INFO     RX        /ERR/LOKO/0x00000002
10:33:03.134  INFO     RX        /ERR/LOKO/0x00000002
10:33:03.134  INFO     RX        /ERR/LOKO/0x00000002
10:33:03.137  INFO     RX        /ERR/LOKO/0x00000002
10:33:03.181  INFO     RX        /ERR/LOKO/0x00000002
10:33:03.181  INFO     RX        /ERR/LOKO/0x00000002
10:33:03.182  INFO     RX        /ERR/LOKO/0x00000002
10:33:03.522  DEBUG    TX /CONTROLL/0,0,0,0,0,0,0,0,0
10:33:04.325  DEBUG    TX /CONTROLL/0,0,0,0,0,0,0,0,0
10:33:05.133  DEBUG    TX /CONTROLL/0,0,0,0,0,0,0,0,0
10:33:05.937  DEBUG    TX /CONTROLL/0,0,0,0,0,0,0,0,0
10:33:06.741  DEBUG    TX /CONTROLL/0,0,0,0,0,0,0,0,0
10:33:07.542  DEBUG    TX /CONTROLL/0,0,0,0,0,0,0,0,0
10:33:08.345  DEBUG    TX /CONTROLL/0,0,0,0,0,0,0,0,0
10:33:09.148  DEBUG    TX /CONTROLL/0,0,0,0,0,0,0,0,0
10:33:09.951  DEBUG    TX /CONTROLL/0,0,0,0,1,0,0,0,0
10:33:10.757  DEBUG    TX /CONTROLL/0,0,0,0,-1,0,0,0,0
10:33:11.562  DEBUG    TX /CONTROLL/0,0,0,0,0,0,0,0,0
10:33:12.367  DEBUG    TX /CONTROLL/0,0,0,0,0,0,0,0,0
10:33:13.172  DEBUG    TX /CONTROLL/0,0,0,0,0,0,0,0,1
10:33:13.977  DEBUG    TX /CONTROLL/0,0,0,0,0,0,0,0,0
10:33:14.782  DEBUG    TX /CONTROLL/0,0,0,0,0,0,0,0,0
10:33:15.585  DEBUG    TX /CONTROLL/0,0,0,0,0,0,0,0,0
10:33:16.388  DEBUG    TX /CONTROLL/0,0,0,0,0,0,0,0,0
10:33:17.190  DEBUG    TX /CONTROLL/0,0,0,0,0,0,0,0,0
10:33:17.995  DEBUG    TX /CONTROLL/0,0,0,0,0,0,0,0,0
10:33:18.800  DEBUG    TX /CONTROLL/0,0,0,0,0,0,0,0,0
10:33:18.916  INFO     RX        /ERR/LOKO/0x00000002
10:33:18.932  INFO     RX        /ERR/LOKO/0x00000002
10:33:18.948  INFO     RX        /ERR/LOKO/0x00000002
10:33:18.964  INFO     RX        /ERR/LOKO/0x00000002
10:33:18.965  INFO     RX        /ERR/LOKO/0x00000002
10:33:18.981  INFO     RX        /ERR/LOKO/0x00000002
10:33:18.997  INFO     RX        /ERR/LOKO/0x00000002
10:33:19.013  INFO     RX        /ERR/LOKO/0x00000002
10:33:19.013  INFO     RX        /ERR/LOKO/0x00000002
10:33:19.029  INFO     RX        /ERR/LOKO/0x00000002
10:33:19.046  INFO     RX        /ERR/LOKO/0x00000002
10:33:19.060  INFO     RX        /ERR/LOKO/0x00000002
10:33:19.060  INFO     RX        /ERR/LOKO/0x00000002
10:33:19.076  INFO     RX        /ERR/LOKO/0x00000002
10:33:19.092  INFO     RX        /ERR/LOKO/0x00000002
10:33:19.092  INFO     RX        /ERR/LOKO/0x00000002
10:33:19.108  INFO     RX        /ERR/LOKO/0x00000002
10:33:19.124  INFO     RX        /ERR/LOKO/0x00000002
10:33:19.141  INFO     RX        /ERR/LOKO/0x00000002
10:33:19.141  INFO     RX        /ERR/LOKO/0x00000002
10:33:19.158  INFO     RX        /ERR/LOKO/0x00000002
10:33:19.174  INFO     RX        /ERR/LOKO/0x00000002
10:33:19.174  INFO     RX        /ERR/LOKO/0x00000002
10:33:19.191  INFO     RX        /ERR/LOKO/0x00000002
10:33:19.206  INFO     RX        /ERR/LOKO/0x00000002
10:33:19.224  INFO     RX        /ERR/LOKO/0x00000002
10:33:19.224  INFO     RX        /ERR/LOKO/0x00000002
10:33:19.240  INFO     RX        /ERR/LOKO/0x00000002
10:33:19.253  INFO     RX        /ERR/LOKO/0x00000002
10:33:19.271  INFO     RX        /ERR/LOKO/0x00000002
10:33:19.271  INFO     RX        /ERR/LOKO/0x00000002
10:33:19.284  INFO     RX        /ERR/LOKO/0x00000002
10:33:19.301  INFO     RX        /ERR/LOKO/0x00000002
10:33:19.317  INFO     RX        /ERR/LOKO/0x00000002
10:33:19.317  INFO     RX        /ERR/LOKO/0x00000002
10:33:19.333  INFO     RX        /ERR/LOKO/0x00000002
10:33:19.348  INFO     RX        /ERR/LOKO/0x00000002
10:33:19.348  INFO     RX        /ERR/LOKO/0x00000002
10:33:19.365  INFO     RX        /ERR/LOKO/0x00000002
10:33:19.381  INFO     RX        /ERR/LOKO/0x00000002
10:33:19.397  INFO     RX        /ERR/LOKO/0x00000002
10:33:19.397  INFO     RX        /ERR/LOKO/0x00000002
10:33:19.413  INFO     RX        /ERR/LOKO/0x00000002
10:33:19.431  INFO     RX        /ERR/LOKO/0x00000002
10:33:19.431  INFO     RX        /ERR/LOKO/0x00000002
10:33:19.446  INFO     RX        /ERR/LOKO/0x00000002
10:33:19.463  INFO     RX        /ERR/LOKO/0x00000002
10:33:19.478  INFO     RX        /ERR/LOKO/0x00000002
10:33:19.478  INFO     RX        /ERR/LOKO/0x00000002
10:33:19.494  INFO     RX        /ERR/LOKO/0x00000002
10:33:19.510  INFO     RX        /ERR/LOKO/0x00000002
10:33:19.510  INFO     RX        /ERR/LOKO/0x00000002
10:33:19.527  INFO     RX        /ERR/LOKO/0x00000002
10:33:19.543  INFO     RX        /ERR/LOKO/0x00000002
10:33:19.561  INFO     RX        /ERR/LOKO/0x00000002
10:33:19.561  INFO     RX        /ERR/LOKO/0x00000002
10:33:19.575  INFO     RX        /ERR/LOKO/0x00000002
10:33:19.592  INFO     RX        /ERR/LOKO/0x00000002
10:33:19.605  DEBUG    TX /CONTROLL/0,0,0,0,0,1,0,0,0
10:33:19.607  INFO     RX        /ERR/LOKO/0x00000002
10:33:19.607  INFO     RX        /ERR/LOKO/0x00000002
10:33:19.625  INFO     RX        /ERR/LOKO/0x00000002
10:33:19.640  INFO     RX        /ERR/LOKO/0x00000002
10:33:19.640  INFO     RX        /ERR/LOKO/0x00000002
10:33:19.658  INFO     RX        /ERR/LOKO/0x00000002
10:33:19.674  INFO     RX        /ERR/LOKO/0x00000002
10:33:19.674  INFO     RX        /ERR/LOKO/0x00000002
10:33:19.688  INFO     RX        /ERR/LOKO/0x00000002
10:33:19.704  INFO     RX        /ERR/LOKO/0x00000002
10:33:19.720  INFO     RX        /ERR/LOKO/0x00000002
10:33:19.720  INFO     RX        /ERR/LOKO/0x00000002
10:33:19.736  INFO     RX        /ERR/LOKO/0x00000002
10:33:19.753  INFO     RX        /ERR/LOKO/0x00000002
10:33:19.770  INFO     RX        /ERR/LOKO/0x00000002
10:33:19.770  INFO     RX        /ERR/LOKO/0x00000002
10:33:19.786  INFO     RX        /ERR/LOKO/0x00000002
10:33:19.800  INFO     RX        /ERR/LOKO/0x00000002
10:33:19.816  INFO     RX        /ERR/LOKO/0x00000002
10:33:19.816  INFO     RX        /ERR/LOKO/0x00000002
10:33:19.833  INFO     RX        /ERR/LOKO/0x00000002
10:33:19.848  INFO     RX        /ERR/LOKO/0x00000002
10:33:19.848  INFO     RX        /ERR/LOKO/0x00000002
10:33:19.865  INFO     RX        /ERR/LOKO/0x00000002
10:33:19.881  INFO     RX        /ERR/LOKO/0x00000002
10:33:19.897  INFO     RX        /ERR/LOKO/0x00000002
10:33:19.897  INFO     RX        /ERR/LOKO/0x00000002
10:33:19.914  INFO     RX        /ERR/LOKO/0x00000002
10:33:19.930  INFO     RX        /ERR/LOKO/0x00000002
10:33:19.945  INFO     RX        /ERR/LOKO/0x00000002
10:33:19.945  INFO     RX        /ERR/LOKO/0x00000002
10:33:19.963  INFO     RX        /ERR/LOKO/0x00000002
10:33:19.976  INFO     RX        /ERR/LOKO/0x00000002
10:33:19.977  INFO     RX        /ERR/LOKO/0x00000002
10:33:19.993  INFO     RX        /ERR/LOKO/0x00000002
10:33:20.009  INFO     RX        /ERR/LOKO/0x00000002
10:33:20.025  INFO     RX        /ERR/LOKO/0x00000002
10:33:20.025  INFO     RX        /ERR/LOKO/0x00000002
10:33:20.041  INFO     RX        /ERR/LOKO/0x00000002
10:33:20.057  INFO     RX        /ERR/LOKO/0x00000002
10:33:20.057  INFO     RX        /ERR/LOKO/0x00000002
10:33:20.073  INFO     RX        /ERR/LOKO/0x00000002
10:33:20.089  INFO     RX        /ERR/LOKO/0x00000002
10:33:20.105  INFO     RX        /ERR/LOKO/0x00000002
10:33:20.106  INFO     RX        /ERR/LOKO/0x00000002
10:33:20.122  INFO     RX        /ERR/LOKO/0x00000002
10:33:20.139  INFO     RX        /ERR/LOKO/0x00000002
10:33:20.139  INFO     RX        /ERR/LOKO/0x00000002
10:33:20.153  INFO     RX        /ERR/LOKO/0x00000002
10:33:20.169  INFO     RX        /ERR/LOKO/0x00000002
10:33:20.186  INFO     RX        /ERR/LOKO/0x00000002
10:33:20.186  INFO     RX        /ERR/LOKO/0x00000002
10:33:20.202  INFO     RX        /ERR/LOKO/0x00000002
10:33:20.218  INFO     RX        /ERR/LOKO/0x00000002
10:33:20.235  INFO     RX        /ERR/LOKO/0x00000002
10:33:20.235  INFO     RX        /ERR/LOKO/0x00000002
10:33:20.250  INFO     RX        /ERR/LOKO/0x00000002
10:33:20.267  INFO     RX        /ERR/LOKO/0x00000002
10:33:20.267  INFO     RX        /ERR/LOKO/0x00000002
10:33:20.283  INFO     RX        /ERR/LOKO/0x00000002
10:33:20.299  INFO     RX        /ERR/LOKO/0x00000002
10:33:20.315  INFO     RX        /ERR/LOKO/0x00000002
10:33:20.315  INFO     RX        /ERR/LOKO/0x00000002
10:33:20.330  INFO     RX        /ERR/LOKO/0x00000002
10:33:20.347  INFO     RX        /ERR/LOKO/0x00000002
10:33:20.363  INFO     RX        /ERR/LOKO/0x00000002
10:33:20.363  INFO     RX        /ERR/LOKO/0x00000002
10:33:20.379  INFO     RX        /ERR/LOKO/0x00000002
10:33:20.394  INFO     RX        /ERR/LOKO/0x00000002
10:33:20.408  DEBUG    TX /CONTROLL/0,0,0,0,0,0,0,0,0
10:33:20.410  INFO     RX        /ERR/LOKO/0x00000002
10:33:20.410  INFO     RX        /ERR/LOKO/0x00000002
10:33:20.427  INFO     RX        /ERR/LOKO/0x00000002
10:33:20.443  INFO     RX        /ERR/LOKO/0x00000002
10:33:20.443  INFO     RX        /ERR/LOKO/0x00000002
10:33:20.459  INFO     RX        /ERR/LOKO/0x00000002
10:33:20.475  INFO     RX        /ERR/LOKO/0x00000002
10:33:20.491  INFO     RX        /ERR/LOKO/0x00000002
10:33:20.491  INFO     RX        /ERR/LOKO/0x00000002
10:33:20.507  INFO     RX        /ERR/LOKO/0x00000002
10:33:20.523  INFO     RX        /ERR/LOKO/0x00000002
10:33:20.539  INFO     RX        /ERR/LOKO/0x00000002
10:33:20.539  INFO     RX        /ERR/LOKO/0x00000002
10:33:20.555  INFO     RX        /ERR/LOKO/0x00000002
10:33:20.571  INFO     RX        /ERR/LOKO/0x00000002
10:33:20.571  INFO     RX        /ERR/LOKO/0x00000002
10:33:20.586  INFO     RX        /ERR/LOKO/0x00000002
10:33:20.603  INFO     RX        /ERR/LOKO/0x00000002
10:33:20.618  INFO     RX        /ERR/LOKO/0x00000002
10:33:20.619  INFO     RX        /ERR/LOKO/0x00000002
10:33:20.635  INFO     RX        /ERR/LOKO/0x00000002
10:33:20.652  INFO     RX        /ERR/LOKO/0x00000002
10:33:20.652  INFO     RX        /ERR/LOKO/0x00000002
10:33:20.668  INFO     RX        /ERR/LOKO/0x00000002
10:33:20.683  INFO     RX        /ERR/LOKO/0x00000002
10:33:20.700  INFO     RX        /ERR/LOKO/0x00000002
10:33:20.700  INFO     RX        /ERR/LOKO/0x00000002
10:33:20.716  INFO     RX        /ERR/LOKO/0x00000002
10:33:20.732  INFO     RX        /ERR/LOKO/0x00000002
10:33:20.747  INFO     RX        /ERR/LOKO/0x00000002
10:33:20.747  INFO     RX        /ERR/LOKO/0x00000002
10:33:20.764  INFO     RX        /ERR/LOKO/0x00000002
10:33:20.779  INFO     RX        /ERR/LOKO/0x00000002
10:33:20.779  INFO     RX        /ERR/LOKO/0x00000002
10:33:20.795  INFO     RX        /ERR/LOKO/0x00000002
10:33:20.813  INFO     RX        /ERR/LOKO/0x00000002
10:33:20.827  INFO     RX        /ERR/LOKO/0x00000002
10:33:20.828  INFO     RX        /ERR/LOKO/0x00000002
10:33:20.844  INFO     RX        /ERR/LOKO/0x00000002
10:33:20.861  INFO     RX        /ERR/LOKO/0x00000002
10:33:20.877  INFO     RX        /ERR/LOKO/0x00000002
10:33:20.877  INFO     RX        /ERR/LOKO/0x00000002
10:33:20.891  INFO     RX        /ERR/LOKO/0x00000002
10:33:20.907  INFO     RX        /ERR/LOKO/0x00000002
10:33:20.924  INFO     RX        /ERR/LOKO/0x00000002
10:33:20.924  INFO     RX        /ERR/LOKO/0x00000002
10:33:20.939  INFO     RX        /ERR/LOKO/0x00000002
10:33:20.954  INFO     RX        /ERR/LOKO/0x00000002
10:33:20.955  INFO     RX        /ERR/LOKO/0x00000002
10:33:20.971  INFO     RX        /ERR/LOKO/0x00000002
10:33:20.987  INFO     RX        /ERR/LOKO/0x00000002
10:33:21.003  INFO     RX        /ERR/LOKO/0x00000002
10:33:21.003  INFO     RX        /ERR/LOKO/0x00000002
10:33:21.019  INFO     RX        /ERR/LOKO/0x00000002
10:33:21.035  INFO     RX        /ERR/LOKO/0x00000002
10:33:21.035  INFO     RX        /ERR/LOKO/0x00000002
10:33:21.051  INFO     RX        /ERR/LOKO/0x00000002
10:33:21.067  INFO     RX        /ERR/LOKO/0x00000002
10:33:21.084  INFO     RX        /ERR/LOKO/0x00000002
10:33:21.084  INFO     RX        /ERR/LOKO/0x00000002
10:33:21.099  INFO     RX        /ERR/LOKO/0x00000002
10:33:21.115  INFO     RX        /ERR/LOKO/0x00000002
10:33:21.134  INFO     RX        /ERR/LOKO/0x00000002
10:33:21.134  INFO     RX        /ERR/LOKO/0x00000002
10:33:21.148  INFO     RX        /ERR/LOKO/0x00000002
10:33:21.164  INFO     RX        /ERR/LOKO/0x00000002
10:33:21.164  INFO     RX        /ERR/LOKO/0x00000002
10:33:21.181  INFO     RX        /ERR/LOKO/0x00000002
10:33:21.197  INFO     RX        /ERR/LOKO/0x00000002
10:33:21.210  DEBUG    TX /CONTROLL/0,0,0,0,0,1,0,0,0
10:33:21.213  INFO     RX        /ERR/LOKO/0x00000002
10:33:21.213  INFO     RX        /ERR/LOKO/0x00000002
10:33:21.229  INFO     RX        /ERR/LOKO/0x00000002
10:33:21.245  INFO     RX        /ERR/LOKO/0x00000002
10:33:21.245  INFO     RX        /ERR/LOKO/0x00000002
10:33:21.262  INFO     RX        /ERR/LOKO/0x00000002
10:33:21.277  INFO     RX        /ERR/LOKO/0x00000002
10:33:21.293  INFO     RX        /ERR/LOKO/0x00000002
10:33:21.293  INFO     RX        /ERR/LOKO/0x00000002
10:33:21.309  INFO     RX        /ERR/LOKO/0x00000002
10:33:21.325  INFO     RX        /ERR/LOKO/0x00000002
10:33:21.340  INFO     RX        /ERR/LOKO/0x00000002
10:33:21.340  INFO     RX        /ERR/LOKO/0x00000002
10:33:21.356  INFO     RX        /ERR/LOKO/0x00000002
10:33:21.372  INFO     RX        /ERR/LOKO/0x00000002
10:33:21.372  INFO     RX        /ERR/LOKO/0x00000002
10:33:21.389  INFO     RX        /ERR/LOKO/0x00000002
10:33:21.406  INFO     RX        /ERR/LOKO/0x00000002
10:33:21.421  INFO     RX        /ERR/LOKO/0x00000002
10:33:21.421  INFO     RX        /ERR/LOKO/0x00000002
10:33:21.438  INFO     RX        /ERR/LOKO/0x00000002
10:33:21.454  INFO     RX        /ERR/LOKO/0x00000002
10:33:21.454  INFO     RX        /ERR/LOKO/0x00000002
10:33:21.470  INFO     RX        /ERR/LOKO/0x00000002
10:33:21.486  INFO     RX        /ERR/LOKO/0x00000002
10:33:21.502  INFO     RX        /ERR/LOKO/0x00000002
10:33:21.502  INFO     RX        /ERR/LOKO/0x00000002
10:33:21.517  INFO     RX        /ERR/LOKO/0x00000002
10:33:21.533  INFO     RX        /ERR/LOKO/0x00000002
10:33:21.553  INFO     RX        /ERR/LOKO/0x00000002
10:33:21.553  INFO     RX        /ERR/LOKO/0x00000002
10:33:21.566  INFO     RX        /ERR/LOKO/0x00000002
10:33:21.582  INFO     RX        /ERR/LOKO/0x00000002
10:33:21.597  INFO     RX        /ERR/LOKO/0x00000002
10:33:21.597  INFO     RX        /ERR/LOKO/0x00000002
10:33:21.613  INFO     RX        /ERR/LOKO/0x00000002
10:33:21.629  INFO     RX        /ERR/LOKO/0x00000002
10:33:21.629  INFO     RX        /ERR/LOKO/0x00000002
10:33:21.645  INFO     RX        /ERR/LOKO/0x00000002
10:33:21.662  INFO     RX        /ERR/LOKO/0x00000002
10:33:21.678  INFO     RX        /ERR/LOKO/0x00000002
10:33:21.678  INFO     RX        /ERR/LOKO/0x00000002
10:33:21.694  INFO     RX        /ERR/LOKO/0x00000002
10:33:21.710  INFO     RX        /ERR/LOKO/0x00000002
10:33:21.710  INFO     RX        /ERR/LOKO/0x00000002
10:33:21.726  INFO     RX        /ERR/LOKO/0x00000002
10:33:21.742  INFO     RX        /ERR/LOKO/0x00000002
10:33:21.760  INFO     RX        /ERR/LOKO/0x00000002
10:33:21.760  INFO     RX        /ERR/LOKO/0x00000002
10:33:21.774  INFO     RX        /ERR/LOKO/0x00000002
10:33:21.790  INFO     RX        /ERR/LOKO/0x00000002
10:33:21.806  INFO     RX        /ERR/LOKO/0x00000002
10:33:21.806  INFO     RX        /ERR/LOKO/0x00000002
10:33:21.824  INFO     RX        /ERR/LOKO/0x00000002
10:33:21.839  INFO     RX        /ERR/LOKO/0x00000002
10:33:21.839  INFO     RX        /ERR/LOKO/0x00000002
10:33:21.856  INFO     RX        /ERR/LOKO/0x00000002
10:33:21.870  INFO     RX        /ERR/LOKO/0x00000002
10:33:21.887  INFO     RX        /ERR/LOKO/0x00000002
10:33:21.887  INFO     RX        /ERR/LOKO/0x00000002
10:33:21.903  INFO     RX        /ERR/LOKO/0x00000002
10:33:21.919  INFO     RX        /ERR/LOKO/0x00000002
10:33:21.935  INFO     RX        /ERR/LOKO/0x00000002
10:33:21.935  INFO     RX        /ERR/LOKO/0x00000002
10:33:21.951  INFO     RX        /ERR/LOKO/0x00000002
10:33:21.967  INFO     RX        /ERR/LOKO/0x00000002
10:33:21.967  INFO     RX        /ERR/LOKO/0x00000002
10:33:21.983  INFO     RX        /ERR/LOKO/0x00000002
10:33:22.000  INFO     RX        /ERR/LOKO/0x00000002
10:33:22.013  DEBUG    TX /CONTROLL/0,0,0,0,0,0,0,0,0
10:33:22.016  INFO     RX        /ERR/LOKO/0x00000002
10:33:22.017  INFO     RX        /ERR/LOKO/0x00000002
10:33:22.032  INFO     RX        /ERR/LOKO/0x00000002
10:33:22.048  INFO     RX        /ERR/LOKO/0x00000002
10:33:22.048  INFO     RX        /ERR/LOKO/0x00000002
10:33:22.064  INFO     RX        /ERR/LOKO/0x00000002
10:33:22.081  INFO     RX        /ERR/LOKO/0x00000002
10:33:22.097  INFO     RX        /ERR/LOKO/0x00000002
10:33:22.097  INFO     RX        /ERR/LOKO/0x00000002
10:33:22.113  INFO     RX        /ERR/LOKO/0x00000002
10:33:22.129  INFO     RX        /ERR/LOKO/0x00000002
10:33:22.130  INFO     RX        /ERR/LOKO/0x00000002
10:33:22.145  INFO     RX        /ERR/LOKO/0x00000002
10:33:22.161  INFO     RX        /ERR/LOKO/0x00000002
10:33:22.177  INFO     RX        /ERR/LOKO/0x00000002
10:33:22.177  INFO     RX        /ERR/LOKO/0x00000002
10:33:22.194  INFO     RX        /ERR/LOKO/0x00000002
10:33:22.404  INFO     RX        /ERR/LOKO/0x00000002
10:33:22.420  INFO     RX        /ERR/LOKO/0x00000002
10:33:22.435  INFO     RX        /ERR/LOKO/0x00000002
10:33:22.452  INFO     RX        /ERR/LOKO/0x00000002
10:33:22.452  INFO     RX        /ERR/LOKO/0x00000002
10:33:22.468  INFO     RX        /ERR/LOKO/0x00000002
10:33:22.484  INFO     RX        /ERR/LOKO/0x00000002
10:33:22.499  INFO     RX        /ERR/LOKO/0x00000002
10:33:22.500  INFO     RX        /ERR/LOKO/0x00000002
10:33:22.516  INFO     RX        /ERR/LOKO/0x00000002
10:33:22.533  INFO     RX        /ERR/LOKO/0x00000002
10:33:22.533  INFO     RX        /ERR/LOKO/0x00000002
10:33:22.548  INFO     RX        /ERR/LOKO/0x00000002
10:33:22.565  INFO     RX        /ERR/LOKO/0x00000002
10:33:22.581  INFO     RX        /ERR/LOKO/0x00000002
10:33:22.581  INFO     RX        /ERR/LOKO/0x00000002
10:33:22.598  INFO     RX        /ERR/LOKO/0x00000002
10:33:22.614  INFO     RX        /ERR/LOKO/0x00000002
10:33:22.614  INFO     RX        /ERR/LOKO/0x00000002
10:33:22.630  INFO     RX        /ERR/LOKO/0x00000002
10:33:22.646  INFO     RX        /ERR/LOKO/0x00000002
10:33:22.661  INFO     RX        /ERR/LOKO/0x00000002
10:33:22.661  INFO     RX        /ERR/LOKO/0x00000002
10:33:22.678  INFO     RX        /ERR/LOKO/0x00000002
10:33:22.694  INFO     RX        /ERR/LOKO/0x00000002
10:33:22.709  INFO     RX        /ERR/LOKO/0x00000002
10:33:22.709  INFO     RX        /ERR/LOKO/0x00000002
10:33:22.725  INFO     RX        /ERR/LOKO/0x00000002
10:33:22.742  INFO     RX        /ERR/LOKO/0x00000002
10:33:22.742  INFO     RX        /ERR/LOKO/0x00000002
10:33:22.757  INFO     RX        /ERR/LOKO/0x00000002
10:33:22.774  INFO     RX        /ERR/LOKO/0x00000002
10:33:22.790  INFO     RX        /ERR/LOKO/0x00000002
10:33:22.790  INFO     RX        /ERR/LOKO/0x00000002
10:33:22.807  INFO     RX        /ERR/LOKO/0x00000002
10:33:22.818  DEBUG    TX /CONTROLL/0,0,0,0,0,0,0,0,2
10:33:23.063  INFO     RX        /ERR/LOKO/0x00000002
10:33:23.080  INFO     RX        /ERR/LOKO/0x00000002
10:33:23.096  INFO     RX        /ERR/LOKO/0x00000002
10:33:23.111  INFO     RX        /ERR/LOKO/0x00000002
10:33:23.111  INFO     RX        /ERR/LOKO/0x00000002
10:33:23.127  INFO     RX        /ERR/LOKO/0x00000002
10:33:23.143  INFO     RX        /ERR/LOKO/0x00000002
10:33:23.143  INFO     RX        /ERR/LOKO/0x00000002
10:33:23.159  INFO     RX        /ERR/LOKO/0x00000002
10:33:23.175  INFO     RX        /ERR/LOKO/0x00000002
10:33:23.192  INFO     RX        /ERR/LOKO/0x00000002
10:33:23.192  INFO     RX        /ERR/LOKO/0x00000002
10:33:23.208  INFO     RX        /ERR/LOKO/0x00000002
10:33:23.225  INFO     RX        /ERR/LOKO/0x00000002
10:33:23.241  INFO     RX        /ERR/LOKO/0x00000002
10:33:23.241  INFO     RX        /ERR/LOKO/0x00000002
10:33:23.497  INFO     RX        /ERR/LOKO/0x00000002
10:33:23.513  INFO     RX        /ERR/LOKO/0x00000002
10:33:23.513  INFO     RX        /ERR/LOKO/0x00000002
10:33:23.529  INFO     RX        /ERR/LOKO/0x00000002
10:33:23.545  INFO     RX        /ERR/LOKO/0x00000002
10:33:23.563  INFO     RX        /ERR/LOKO/0x00000002
10:33:23.563  INFO     RX        /ERR/LOKO/0x00000002
10:33:23.577  INFO     RX        /ERR/LOKO/0x00000002
10:33:23.594  INFO     RX        /ERR/LOKO/0x00000002
10:33:23.622  DEBUG    TX /CONTROLL/0,0,0,0,0,0,0,0,2
10:33:23.787  INFO     RX        /ERR/LOKO/0x00000002
10:33:23.802  INFO     RX        /ERR/LOKO/0x00000002
10:33:23.818  INFO     RX        /ERR/LOKO/0x00000002
10:33:23.834  INFO     RX        /ERR/LOKO/0x00000002
10:33:23.834  INFO     RX        /ERR/LOKO/0x00000002
10:33:23.851  INFO     RX        /ERR/LOKO/0x00000002
10:33:23.867  INFO     RX        /ERR/LOKO/0x00000002
10:33:23.883  INFO     RX        /ERR/LOKO/0x00000002
10:33:23.883  INFO     RX        /ERR/LOKO/0x00000002
10:33:23.898  INFO     RX        /ERR/LOKO/0x00000002
10:33:24.075  INFO     RX        /ERR/LOKO/0x00000002
10:33:24.075  INFO     RX        /ERR/LOKO/0x00000002
10:33:24.094  INFO     RX        /ERR/LOKO/0x00000002
10:33:24.108  INFO     RX        /ERR/LOKO/0x00000002
10:33:24.124  INFO     RX        /ERR/LOKO/0x00000002
10:33:24.124  INFO     RX        /ERR/LOKO/0x00000002
10:33:24.140  INFO     RX        /ERR/LOKO/0x00000002
10:33:24.156  INFO     RX        /ERR/LOKO/0x00000002
10:33:24.171  INFO     RX        /ERR/LOKO/0x00000002
10:33:24.171  INFO     RX        /ERR/LOKO/0x00000002
10:33:24.188  INFO     RX        /ERR/LOKO/0x00000002
10:33:24.365  INFO     RX        /ERR/LOKO/0x00000002
10:33:24.365  INFO     RX        /ERR/LOKO/0x00000002
10:33:24.381  INFO     RX        /ERR/LOKO/0x00000002
10:33:24.397  INFO     RX        /ERR/LOKO/0x00000002
10:33:24.414  INFO     RX        /ERR/LOKO/0x00000002
10:33:24.414  INFO     RX        /ERR/LOKO/0x00000002
10:33:24.427  DEBUG    TX /CONTROLL/0,0,0,0,0,0,0,0,0
10:33:24.431  INFO     RX        /ERR/LOKO/0x00000002
10:33:24.446  INFO     RX        /ERR/LOKO/0x00000002
10:33:24.446  INFO     RX        /ERR/LOKO/0x00000002
10:33:24.463  INFO     RX        /ERR/LOKO/0x00000002
10:33:24.479  INFO     RX        /ERR/LOKO/0x00000002
10:33:24.495  INFO     RX        /ERR/LOKO/0x00000002
10:33:24.496  INFO     RX        /ERR/LOKO/0x00000002
10:33:24.511  INFO     RX        /ERR/LOKO/0x00000002
10:33:24.527  INFO     RX        /ERR/LOKO/0x00000002
10:33:24.527  INFO     RX        /ERR/LOKO/0x00000002
10:33:24.543  INFO     RX        /ERR/LOKO/0x00000002
10:33:24.561  INFO     RX        /ERR/LOKO/0x00000002
10:33:24.561  INFO     RX        /ERR/LOKO/0x00000002
10:33:24.575  INFO     RX        /ERR/LOKO/0x00000002
10:33:24.591  INFO     RX        /ERR/LOKO/0x00000002
10:33:24.607  INFO     RX        /ERR/LOKO/0x00000002
10:33:24.623  INFO     RX        /ERR/LOKO/0x00000002
10:33:24.624  INFO     RX        /ERR/LOKO/0x00000002
10:33:24.638  INFO     RX        /ERR/LOKO/0x00000002
10:33:24.654  INFO     RX        /ERR/LOKO/0x00000002
10:33:24.654  INFO     RX        /ERR/LOKO/0x00000002
10:33:24.672  INFO     RX        /ERR/LOKO/0x00000002
10:33:24.688  INFO     RX        /ERR/LOKO/0x00000002
10:33:24.703  INFO     RX        /ERR/LOKO/0x00000002
10:33:24.703  INFO     RX        /ERR/LOKO/0x00000002
10:33:24.719  INFO     RX        /ERR/LOKO/0x00000002
10:33:24.734  INFO     RX        /ERR/LOKO/0x00000002
10:33:24.750  INFO     RX        /ERR/LOKO/0x00000002
10:33:24.750  INFO     RX        /ERR/LOKO/0x00000002
10:33:24.766  INFO     RX        /ERR/LOKO/0x00000002
10:33:24.782  INFO     RX        /ERR/LOKO/0x00000002
10:33:24.782  INFO     RX        /ERR/LOKO/0x00000002
10:33:24.799  INFO     RX        /ERR/LOKO/0x00000002
10:33:24.815  INFO     RX        /ERR/LOKO/0x00000002
10:33:24.831  INFO     RX        /ERR/LOKO/0x00000002
10:33:24.831  INFO     RX        /ERR/LOKO/0x00000002
10:33:24.847  INFO     RX        /ERR/LOKO/0x00000002
10:33:24.863  INFO     RX        /ERR/LOKO/0x00000002
10:33:24.863  INFO     RX        /ERR/LOKO/0x00000002
10:33:24.880  INFO     RX        /ERR/LOKO/0x00000002
10:33:24.896  INFO     RX        /ERR/LOKO/0x00000002
10:33:24.912  INFO     RX        /ERR/LOKO/0x00000002
10:33:24.912  INFO     RX        /ERR/LOKO/0x00000002
10:33:24.928  INFO     RX        /ERR/LOKO/0x00000002
10:33:24.944  INFO     RX        /ERR/LOKO/0x00000002
10:33:24.962  INFO     RX        /ERR/LOKO/0x00000002
10:33:24.962  INFO     RX        /ERR/LOKO/0x00000002
10:33:24.977  INFO     RX        /ERR/LOKO/0x00000002
10:33:24.994  INFO     RX        /ERR/LOKO/0x00000002
10:33:24.994  INFO     RX        /ERR/LOKO/0x00000002
10:33:25.011  INFO     RX        /ERR/LOKO/0x00000002
10:33:25.028  INFO     RX        /ERR/LOKO/0x00000002
10:33:25.028  INFO     RX        /ERR/LOKO/0x00000002
10:33:25.042  INFO     RX        /ERR/LOKO/0x00000002
10:33:25.057  INFO     RX        /ERR/LOKO/0x00000002
10:33:25.074  INFO     RX        /ERR/LOKO/0x00000002
10:33:25.074  INFO     RX        /ERR/LOKO/0x00000002
10:33:25.090  INFO     RX        /ERR/LOKO/0x00000002
10:33:25.105  INFO     RX        /ERR/LOKO/0x00000002
10:33:25.122  INFO     RX        /ERR/LOKO/0x00000002
10:33:25.122  INFO     RX        /ERR/LOKO/0x00000002
10:33:25.138  INFO     RX        /ERR/LOKO/0x00000002
10:33:25.155  INFO     RX        /ERR/LOKO/0x00000002
10:33:25.169  INFO     RX        /ERR/LOKO/0x00000002
10:33:25.169  INFO     RX        /ERR/LOKO/0x00000002
10:33:25.185  INFO     RX        /ERR/LOKO/0x00000002
10:33:25.202  INFO     RX        /ERR/LOKO/0x00000002
10:33:25.202  INFO     RX        /ERR/LOKO/0x00000002
10:33:25.218  INFO     RX        /ERR/LOKO/0x00000002
10:33:25.231  DEBUG    TX /CONTROLL/0,0,0,0,0,0,0,0,0
10:33:25.234  INFO     RX        /ERR/LOKO/0x00000002
10:33:25.249  INFO     RX        /ERR/LOKO/0x00000002
10:33:25.249  INFO     RX        /ERR/LOKO/0x00000002
10:33:25.265  INFO     RX        /ERR/LOKO/0x00000002
10:33:25.282  INFO     RX        /ERR/LOKO/0x00000002
10:33:25.299  INFO     RX        /ERR/LOKO/0x00000002
10:33:25.299  INFO     RX        /ERR/LOKO/0x00000002
10:33:25.316  INFO     RX        /ERR/LOKO/0x00000002
10:33:25.333  INFO     RX        /ERR/LOKO/0x00000002
10:33:25.333  INFO     RX        /ERR/LOKO/0x00000002
10:33:25.348  INFO     RX        /ERR/LOKO/0x00000002
10:33:25.364  INFO     RX        /ERR/LOKO/0x00000002
10:33:25.364  INFO     RX        /ERR/LOKO/0x00000002
10:33:25.381  INFO     RX        /ERR/LOKO/0x00000002
10:33:25.397  INFO     RX        /ERR/LOKO/0x00000002
10:33:25.413  INFO     RX        /ERR/LOKO/0x00000002
10:33:25.413  INFO     RX        /ERR/LOKO/0x00000002
10:33:25.430  INFO     RX        /ERR/LOKO/0x00000002
10:33:25.446  INFO     RX        /ERR/LOKO/0x00000002
10:33:25.446  INFO     RX        /ERR/LOKO/0x00000002
10:33:25.461  INFO     RX        /ERR/LOKO/0x00000002
10:33:25.478  INFO     RX        /ERR/LOKO/0x00000002
10:33:25.494  INFO     RX        /ERR/LOKO/0x00000002
10:33:25.494  INFO     RX        /ERR/LOKO/0x00000002
10:33:25.510  INFO     RX        /ERR/LOKO/0x00000002
10:33:25.526  INFO     RX        /ERR/LOKO/0x00000002
10:33:25.542  INFO     RX        /ERR/LOKO/0x00000002
10:33:25.542  INFO     RX        /ERR/LOKO/0x00000002
10:33:25.558  INFO     RX        /ERR/LOKO/0x00000002
10:33:25.575  INFO     RX        /ERR/LOKO/0x00000002
10:33:25.575  INFO     RX        /ERR/LOKO/0x00000002
10:33:25.590  INFO     RX        /ERR/LOKO/0x00000002
10:33:25.606  INFO     RX        /ERR/LOKO/0x00000002
10:33:25.622  INFO     RX        /ERR/LOKO/0x00000002
10:33:25.622  INFO     RX        /ERR/LOKO/0x00000002
10:33:25.638  INFO     RX        /ERR/LOKO/0x00000002
10:33:25.654  INFO     RX        /ERR/LOKO/0x00000002
10:33:25.670  INFO     RX        /ERR/LOKO/0x00000002
10:33:25.670  INFO     RX        /ERR/LOKO/0x00000002
10:33:25.687  INFO     RX        /ERR/LOKO/0x00000002
10:33:25.703  INFO     RX        /ERR/LOKO/0x00000002
10:33:25.703  INFO     RX        /ERR/LOKO/0x00000002
10:33:25.719  INFO     RX        /ERR/LOKO/0x00000002
10:33:25.734  INFO     RX        /ERR/LOKO/0x00000002
10:33:25.751  INFO     RX        /ERR/LOKO/0x00000002
10:33:25.751  INFO     RX        /ERR/LOKO/0x00000002
10:33:25.767  INFO     RX        /ERR/LOKO/0x00000002
10:33:25.783  INFO     RX        /ERR/LOKO/0x00000002
10:33:25.799  INFO     RX        /ERR/LOKO/0x00000002
10:33:25.799  INFO     RX        /ERR/LOKO/0x00000002
10:33:25.815  INFO     RX        /ERR/LOKO/0x00000002
10:33:25.831  INFO     RX        /ERR/LOKO/0x00000002
10:33:25.831  INFO     RX        /ERR/LOKO/0x00000002
10:33:25.847  INFO     RX        /ERR/LOKO/0x00000002
10:33:25.863  INFO     RX        /ERR/LOKO/0x00000002
10:33:25.879  INFO     RX        /ERR/LOKO/0x00000002
10:33:25.879  INFO     RX        /ERR/LOKO/0x00000002
10:33:25.896  INFO     RX        /ERR/LOKO/0x00000002
10:33:25.913  INFO     RX        /ERR/LOKO/0x00000002
10:33:25.913  INFO     RX        /ERR/LOKO/0x00000002
10:33:25.928  INFO     RX        /ERR/LOKO/0x00000002
10:33:25.945  INFO     RX        /ERR/LOKO/0x00000002
10:33:25.961  INFO     RX        /ERR/LOKO/0x00000002
10:33:25.961  INFO     RX        /ERR/LOKO/0x00000002
10:33:25.977  INFO     RX        /ERR/LOKO/0x00000002
10:33:25.994  INFO     RX        /ERR/LOKO/0x00000002
10:33:25.994  INFO     RX        /ERR/LOKO/0x00000002
10:33:26.009  INFO     RX        /ERR/LOKO/0x00000002
10:33:26.025  INFO     RX        /ERR/LOKO/0x00000002
10:33:26.038  DEBUG    TX /CONTROLL/12,-43,0,0,0,0,0,0,0
10:33:26.041  INFO     RX        /ERR/LOKO/0x00000002
10:33:26.041  INFO     RX        /ERR/LOKO/0x00000002
10:33:26.057  INFO     RX        /ERR/LOKO/0x00000002
10:33:26.072  INFO     RX        /ERR/LOKO/0x00000002
10:33:26.089  INFO     RX        /ERR/LOKO/0x00000002
10:33:26.089  INFO     RX        /ERR/LOKO/0x00000002
10:33:26.105  INFO     RX        /ERR/LOKO/0x00000002
10:33:26.121  INFO     RX        /ERR/LOKO/0x00000002
10:33:26.121  INFO     RX        /ERR/LOKO/0x00000002
10:33:26.137  INFO     RX        /ERR/LOKO/0x00000002
10:33:26.153  INFO     RX        /ERR/LOKO/0x00000002
10:33:26.169  INFO     RX        /ERR/LOKO/0x00000002
10:33:26.169  INFO     RX        /ERR/LOKO/0x00000002
10:33:26.186  INFO     RX        /ERR/LOKO/0x00000002
10:33:26.202  INFO     RX        /ERR/LOKO/0x00000002
10:33:26.220  INFO     RX        /ERR/LOKO/0x00000002
10:33:26.220  INFO     RX        /ERR/LOKO/0x00000002
10:33:26.234  INFO     RX        /ERR/LOKO/0x00000002
10:33:26.249  INFO     RX        /ERR/LOKO/0x00000002
10:33:26.250  INFO     RX        /ERR/LOKO/0x00000002
10:33:26.265  INFO     RX        /ERR/LOKO/0x00000002
10:33:26.282  INFO     RX        /ERR/LOKO/0x00000002
10:33:26.298  INFO     RX        /ERR/LOKO/0x00000002
10:33:26.298  INFO     RX        /ERR/LOKO/0x00000002
10:33:26.314  INFO     RX        /ERR/LOKO/0x00000002
10:33:26.330  INFO     RX        /ERR/LOKO/0x00000002
10:33:26.346  INFO     RX        /ERR/LOKO/0x00000002
10:33:26.346  INFO     RX        /ERR/LOKO/0x00000002
10:33:26.362  INFO     RX        /ERR/LOKO/0x00000002
10:33:26.379  INFO     RX        /ERR/LOKO/0x00000002
10:33:26.379  INFO     RX        /ERR/LOKO/0x00000002
10:33:26.395  INFO     RX        /ERR/LOKO/0x00000002
10:33:26.411  INFO     RX        /ERR/LOKO/0x00000002
10:33:26.429  INFO     RX        /ERR/LOKO/0x00000002
10:33:26.429  INFO     RX        /ERR/LOKO/0x00000002
10:33:26.443  INFO     RX        /ERR/LOKO/0x00000002
10:33:26.460  INFO     RX        /ERR/LOKO/0x00000002
10:33:26.460  INFO     RX        /ERR/LOKO/0x00000002
10:33:26.476  INFO     RX        /ERR/LOKO/0x00000002
10:33:26.491  INFO     RX        /ERR/LOKO/0x00000002
10:33:26.509  INFO     RX        /ERR/LOKO/0x00000002
10:33:26.509  INFO     RX        /ERR/LOKO/0x00000002
10:33:26.523  INFO     RX        /ERR/LOKO/0x00000002
10:33:26.540  INFO     RX        /ERR/LOKO/0x00000002
10:33:26.540  INFO     RX        /ERR/LOKO/0x00000002
10:33:26.556  INFO     RX        /ERR/LOKO/0x00000002
10:33:26.571  INFO     RX        /ERR/LOKO/0x00000002
10:33:26.587  INFO     RX        /ERR/LOKO/0x00000002
10:33:26.587  INFO     RX        /ERR/LOKO/0x00000002
10:33:26.701  INFO     RX        /ERR/LOKO/0x00000002
10:33:26.701  INFO     RX        /ERR/LOKO/0x00000002
10:33:26.701  INFO     RX        /ERR/LOKO/0x00000002
10:33:26.701  INFO     RX        /ERR/LOKO/0x00000002
10:33:26.701  INFO     RX        /ERR/LOKO/0x00000002
10:33:26.701  INFO     RX        /ERR/LOKO/0x00000002
10:33:26.701  INFO     RX        /ERR/LOKO/0x00000002
10:33:26.701  INFO     RX        /ERR/LOKO/0x00000002
10:33:26.701  INFO     RX        /ERR/LOKO/0x00000002
10:33:26.704  INFO     RX        /ERR/LOKO/0x00000002
10:33:26.716  INFO     RX        /ERR/LOKO/0x00000002
10:33:26.733  INFO     RX        /ERR/LOKO/0x00000002
10:33:26.748  INFO     RX        /ERR/LOKO/0x00000002
10:33:26.764  INFO     RX        /ERR/LOKO/0x00000002
10:33:26.765  INFO     RX        /ERR/LOKO/0x00000002
10:33:26.780  INFO     RX        /ERR/LOKO/0x00000002
10:33:26.796  INFO     RX        /ERR/LOKO/0x00000002
10:33:26.797  INFO     RX        /ERR/LOKO/0x00000002
10:33:26.813  INFO     RX        /ERR/LOKO/0x00000002
10:33:26.828  INFO     RX        /ERR/LOKO/0x00000002
10:33:26.842  DEBUG    TX /CONTROLL/0,0,0,0,0,0,0,0,0
10:33:26.845  INFO     RX        /ERR/LOKO/0x00000002
10:33:26.845  INFO     RX        /ERR/LOKO/0x00000002
10:33:26.861  INFO     RX        /ERR/LOKO/0x00000002
10:33:26.878  INFO     RX        /ERR/LOKO/0x00000002
10:33:26.878  INFO     RX        /ERR/LOKO/0x00000002
10:33:26.896  INFO     RX        /ERR/LOKO/0x00000002
10:33:26.910  INFO     RX        /ERR/LOKO/0x00000002
10:33:26.927  INFO     RX        /ERR/LOKO/0x00000002
10:33:26.927  INFO     RX        /ERR/LOKO/0x00000002
10:33:26.943  INFO     RX        /ERR/LOKO/0x00000002
10:33:26.958  INFO     RX        /ERR/LOKO/0x00000002
10:33:26.958  INFO     RX        /ERR/LOKO/0x00000002
10:33:26.975  INFO     RX        /ERR/LOKO/0x00000002
10:33:26.991  INFO     RX        /ERR/LOKO/0x00000002
10:33:27.007  INFO     RX        /ERR/LOKO/0x00000002
10:33:27.007  INFO     RX        /ERR/LOKO/0x00000002
10:33:27.023  INFO     RX        /ERR/LOKO/0x00000002
10:33:27.038  INFO     RX        /ERR/LOKO/0x00000002
10:33:27.054  INFO     RX        /ERR/LOKO/0x00000002
10:33:27.055  INFO     RX        /ERR/LOKO/0x00000002
10:33:27.070  INFO     RX        /ERR/LOKO/0x00000002
10:33:27.087  INFO     RX        /ERR/LOKO/0x00000002
10:33:27.087  INFO     RX        /ERR/LOKO/0x00000002
10:33:27.102  INFO     RX        /ERR/LOKO/0x00000002
10:33:27.119  INFO     RX        /ERR/LOKO/0x00000002
10:33:27.135  INFO     RX        /ERR/LOKO/0x00000002
10:33:27.135  INFO     RX        /ERR/LOKO/0x00000002
10:33:27.151  INFO     RX        /ERR/LOKO/0x00000002
10:33:27.167  INFO     RX        /ERR/LOKO/0x00000002
10:33:27.183  INFO     RX        /ERR/LOKO/0x00000002
10:33:27.183  INFO     RX        /ERR/LOKO/0x00000002
10:33:27.199  INFO     RX        /ERR/LOKO/0x00000002
10:33:27.215  INFO     RX        /ERR/LOKO/0x00000002
10:33:27.215  INFO     RX        /ERR/LOKO/0x00000002
10:33:27.230  INFO     RX        /ERR/LOKO/0x00000002
10:33:27.247  INFO     RX        /ERR/LOKO/0x00000002
10:33:27.262  INFO     RX        /ERR/LOKO/0x00000002
10:33:27.262  INFO     RX        /ERR/LOKO/0x00000002
10:33:27.278  INFO     RX        /ERR/LOKO/0x00000002
10:33:27.295  INFO     RX        /ERR/LOKO/0x00000002
10:33:27.312  INFO     RX        /ERR/LOKO/0x00000002
10:33:27.312  INFO     RX        /ERR/LOKO/0x00000002
10:33:27.328  INFO     RX        /ERR/LOKO/0x00000002
10:33:27.344  INFO     RX        /ERR/LOKO/0x00000002
10:33:27.344  INFO     RX        /ERR/LOKO/0x00000002
10:33:27.362  INFO     RX        /ERR/LOKO/0x00000002
10:33:27.376  INFO     RX        /ERR/LOKO/0x00000002
10:33:27.393  INFO     RX        /ERR/LOKO/0x00000002
10:33:27.393  INFO     RX        /ERR/LOKO/0x00000002
10:33:27.409  INFO     RX        /ERR/LOKO/0x00000002
10:33:27.425  INFO     RX        /ERR/LOKO/0x00000002
10:33:27.426  INFO     RX        /ERR/LOKO/0x00000002
10:33:27.441  INFO     RX        /ERR/LOKO/0x00000002
10:33:27.457  INFO     RX        /ERR/LOKO/0x00000002
10:33:27.473  INFO     RX        /ERR/LOKO/0x00000002
10:33:27.473  INFO     RX        /ERR/LOKO/0x00000002
10:33:27.490  INFO     RX        /ERR/LOKO/0x00000002
10:33:27.505  INFO     RX        /ERR/LOKO/0x00000002
10:33:27.505  INFO     RX        /ERR/LOKO/0x00000002
10:33:27.522  INFO     RX        /ERR/LOKO/0x00000002
10:33:27.539  INFO     RX        /ERR/LOKO/0x00000002
10:33:27.555  INFO     RX        /ERR/LOKO/0x00000002
10:33:27.555  INFO     RX        /ERR/LOKO/0x00000002
10:33:27.571  INFO     RX        /ERR/LOKO/0x00000002
10:33:27.587  INFO     RX        /ERR/LOKO/0x00000002
10:33:27.587  INFO     RX        /ERR/LOKO/0x00000002
10:33:27.602  INFO     RX        /ERR/LOKO/0x00000002
10:33:27.618  INFO     RX        /ERR/LOKO/0x00000002
10:33:27.635  INFO     RX        /ERR/LOKO/0x00000002
10:33:27.635  INFO     RX        /ERR/LOKO/0x00000002
10:33:27.648  DEBUG    TX /CONTROLL/0,99,0,0,0,0,0,0,0
10:33:27.651  INFO     RX        /ERR/LOKO/0x00000002
10:33:27.666  INFO     RX        /ERR/LOKO/0x00000002
10:33:27.683  INFO     RX        /ERR/LOKO/0x00000002
10:33:27.683  INFO     RX        /ERR/LOKO/0x00000002
10:33:27.698  INFO     RX        /ERR/LOKO/0x00000002
10:33:27.715  INFO     RX        /ERR/LOKO/0x00000002
10:33:27.715  INFO     RX        /ERR/LOKO/0x00000002
10:33:27.731  INFO     RX        /ERR/LOKO/0x00000002
10:33:27.747  INFO     RX        /ERR/LOKO/0x00000002
10:33:27.766  INFO     RX        /ERR/LOKO/0x00000002
10:33:27.766  INFO     RX        /ERR/LOKO/0x00000002
10:33:27.779  INFO     RX        /ERR/LOKO/0x00000002
10:33:27.796  INFO     RX        /ERR/LOKO/0x00000002
10:33:27.796  INFO     RX        /ERR/LOKO/0x00000002
10:33:27.813  INFO     RX        /ERR/LOKO/0x00000002
10:33:27.829  INFO     RX        /ERR/LOKO/0x00000002
10:33:27.844  INFO     RX        /ERR/LOKO/0x00000002
10:33:27.844  INFO     RX        /ERR/LOKO/0x00000002
10:33:27.860  INFO     RX        /ERR/LOKO/0x00000002
10:33:27.877  INFO     RX        /ERR/LOKO/0x00000002
10:33:27.892  INFO     RX        /ERR/LOKO/0x00000002
10:33:27.892  INFO     RX        /ERR/LOKO/0x00000002
10:33:27.909  INFO     RX        /ERR/LOKO/0x00000002
10:33:27.925  INFO     RX        /ERR/LOKO/0x00000002
10:33:27.925  INFO     RX        /ERR/LOKO/0x00000002
10:33:27.941  INFO     RX        /ERR/LOKO/0x00000002
10:33:27.957  INFO     RX        /ERR/LOKO/0x00000002
10:33:27.973  INFO     RX        /ERR/LOKO/0x00000002
10:33:27.973  INFO     RX        /ERR/LOKO/0x00000002
10:33:27.990  INFO     RX        /ERR/LOKO/0x00000002
10:33:28.006  INFO     RX        /ERR/LOKO/0x00000002
10:33:28.006  INFO     RX        /ERR/LOKO/0x00000002
10:33:28.023  INFO     RX        /ERR/LOKO/0x00000002
10:33:28.038  INFO     RX        /ERR/LOKO/0x00000002
10:33:28.054  INFO     RX        /ERR/LOKO/0x00000002
10:33:28.054  INFO     RX        /ERR/LOKO/0x00000002
10:33:28.071  INFO     RX        /ERR/LOKO/0x00000002
10:33:28.087  INFO     RX        /ERR/LOKO/0x00000002
10:33:28.087  INFO     RX        /ERR/LOKO/0x00000002
10:33:28.103  INFO     RX        /ERR/LOKO/0x00000002
10:33:28.120  INFO     RX        /ERR/LOKO/0x00000002
10:33:28.135  INFO     RX        /ERR/LOKO/0x00000002
10:33:28.136  INFO     RX        /ERR/LOKO/0x00000002
10:33:28.152  INFO     RX        /ERR/LOKO/0x00000002
10:33:28.168  INFO     RX        /ERR/LOKO/0x00000002
10:33:28.185  INFO     RX        /ERR/LOKO/0x00000002
10:33:28.185  INFO     RX        /ERR/LOKO/0x00000002
10:33:28.200  INFO     RX        /ERR/LOKO/0x00000002
10:33:28.218  INFO     RX        /ERR/LOKO/0x00000002
10:33:28.218  INFO     RX        /ERR/LOKO/0x00000002
10:33:28.233  INFO     RX        /ERR/LOKO/0x00000002
10:33:28.249  INFO     RX        /ERR/LOKO/0x00000002
10:33:28.265  INFO     RX        /ERR/LOKO/0x00000002
10:33:28.266  INFO     RX        /ERR/LOKO/0x00000002
10:33:28.281  INFO     RX        /ERR/LOKO/0x00000002
10:33:28.298  INFO     RX        /ERR/LOKO/0x00000002
10:33:28.298  INFO     RX        /ERR/LOKO/0x00000002
10:33:28.314  INFO     RX        /ERR/LOKO/0x00000002
10:33:28.330  INFO     RX        /ERR/LOKO/0x00000002
10:33:28.348  INFO     RX        /ERR/LOKO/0x00000002
10:33:28.348  INFO     RX        /ERR/LOKO/0x00000002
10:33:28.364  INFO     RX        /ERR/LOKO/0x00000002
10:33:28.379  INFO     RX        /ERR/LOKO/0x00000002
10:33:28.379  INFO     RX        /ERR/LOKO/0x00000002
10:33:28.395  INFO     RX        /ERR/LOKO/0x00000002
10:33:28.412  INFO     RX        /ERR/LOKO/0x00000002
10:33:28.427  INFO     RX        /ERR/LOKO/0x00000002
10:33:28.428  INFO     RX        /ERR/LOKO/0x00000002
10:33:28.444  INFO     RX        /ERR/LOKO/0x00000002
10:33:28.457  DEBUG    TX /CONTROLL/0,0,0,0,0,0,0,0,0
10:33:28.460  INFO     RX        /ERR/LOKO/0x00000002
10:33:28.460  INFO     RX        /ERR/LOKO/0x00000002
10:33:28.475  INFO     RX        /ERR/LOKO/0x00000002
10:33:28.492  INFO     RX        /ERR/LOKO/0x00000002
10:33:28.508  INFO     RX        /ERR/LOKO/0x00000002
10:33:28.508  INFO     RX        /ERR/LOKO/0x00000002
10:33:28.524  INFO     RX        /ERR/LOKO/0x00000002
10:33:28.541  INFO     RX        /ERR/LOKO/0x00000002
10:33:28.556  INFO     RX        /ERR/LOKO/0x00000002
10:33:28.556  INFO     RX        /ERR/LOKO/0x00000002
10:33:28.572  INFO     RX        /ERR/LOKO/0x00000002
10:33:28.589  INFO     RX        /ERR/LOKO/0x00000002
10:33:28.589  INFO     RX        /ERR/LOKO/0x00000002
10:33:28.605  INFO     RX        /ERR/LOKO/0x00000002
10:33:28.621  INFO     RX        /ERR/LOKO/0x00000002
10:33:28.636  INFO     RX        /ERR/LOKO/0x00000002
10:33:28.636  INFO     RX        /ERR/LOKO/0x00000002
10:33:28.653  INFO     RX        /ERR/LOKO/0x00000002
10:33:28.669  INFO     RX        /ERR/LOKO/0x00000002
10:33:28.685  INFO     RX        /ERR/LOKO/0x00000002
10:33:28.685  INFO     RX        /ERR/LOKO/0x00000002
10:33:28.702  INFO     RX        /ERR/LOKO/0x00000002
10:33:28.718  INFO     RX        /ERR/LOKO/0x00000002
10:33:28.718  INFO     RX        /ERR/LOKO/0x00000002
10:33:28.734  INFO     RX        /ERR/LOKO/0x00000002
10:33:28.749  INFO     RX        /ERR/LOKO/0x00000002
10:33:28.766  INFO     RX        /ERR/LOKO/0x00000002
10:33:28.766  INFO     RX        /ERR/LOKO/0x00000002
10:33:28.781  INFO     RX        /ERR/LOKO/0x00000002
10:33:28.798  INFO     RX        /ERR/LOKO/0x00000002
10:33:28.798  INFO     RX        /ERR/LOKO/0x00000002
10:33:28.814  INFO     RX        /ERR/LOKO/0x00000002
10:33:28.831  INFO     RX        /ERR/LOKO/0x00000002
10:33:28.846  INFO     RX        /ERR/LOKO/0x00000002
10:33:28.846  INFO     RX        /ERR/LOKO/0x00000002
10:33:28.862  INFO     RX        /ERR/LOKO/0x00000002
10:33:28.880  INFO     RX        /ERR/LOKO/0x00000002
10:33:28.880  INFO     RX        /ERR/LOKO/0x00000002
10:33:28.894  INFO     RX        /ERR/LOKO/0x00000002
10:33:28.910  INFO     RX        /ERR/LOKO/0x00000002
10:33:28.927  INFO     RX        /ERR/LOKO/0x00000002
10:33:28.927  INFO     RX        /ERR/LOKO/0x00000002
10:33:28.943  INFO     RX        /ERR/LOKO/0x00000002
10:33:28.958  INFO     RX        /ERR/LOKO/0x00000002
10:33:28.974  INFO     RX        /ERR/LOKO/0x00000002
10:33:28.975  INFO     RX        /ERR/LOKO/0x00000002
10:33:28.991  INFO     RX        /ERR/LOKO/0x00000002
10:33:29.008  INFO     RX        /ERR/LOKO/0x00000002
10:33:29.008  INFO     RX        /ERR/LOKO/0x00000002
10:33:29.024  INFO     RX        /ERR/LOKO/0x00000002
10:33:29.039  INFO     RX        /ERR/LOKO/0x00000002
10:33:29.054  INFO     RX        /ERR/LOKO/0x00000002
10:33:29.054  INFO     RX        /ERR/LOKO/0x00000002
10:33:29.071  INFO     RX        /ERR/LOKO/0x00000002
10:33:29.087  INFO     RX        /ERR/LOKO/0x00000002
10:33:29.103  INFO     RX        /ERR/LOKO/0x00000002
10:33:29.103  INFO     RX        /ERR/LOKO/0x00000002
10:33:29.119  INFO     RX        /ERR/LOKO/0x00000002
10:33:29.134  INFO     RX        /ERR/LOKO/0x00000002
10:33:29.151  INFO     RX        /ERR/LOKO/0x00000002
10:33:29.151  INFO     RX        /ERR/LOKO/0x00000002
10:33:29.167  INFO     RX        /ERR/LOKO/0x00000002
10:33:29.184  INFO     RX        /ERR/LOKO/0x00000002
10:33:29.184  INFO     RX        /ERR/LOKO/0x00000002
10:33:29.201  INFO     RX        /ERR/LOKO/0x00000002
10:33:29.217  INFO     RX        /ERR/LOKO/0x00000002
10:33:29.232  INFO     RX        /ERR/LOKO/0x00000002
10:33:29.232  INFO     RX        /ERR/LOKO/0x00000002
10:33:29.248  INFO     RX        /ERR/LOKO/0x00000002
10:33:29.261  DEBUG    TX /CONTROLL/0,-100,0,0,0,0,0,0,0
10:33:29.264  INFO     RX        /ERR/LOKO/0x00000001
10:33:29.264  INFO     RX        /ERR/LOKO/0x00000001
10:33:29.281  INFO     RX        /ERR/LOKO/0x00000001
10:33:29.297  INFO     RX        /ERR/LOKO/0x00000001
10:33:29.313  INFO     RX        /ERR/LOKO/0x00000001
10:33:29.313  INFO     RX        /ERR/LOKO/0x00000001
10:33:29.328  INFO     RX        /ERR/LOKO/0x00000001
10:33:29.346  INFO     RX        /ERR/LOKO/0x00000001
10:33:29.346  INFO     RX        /ERR/LOKO/0x00000001
10:33:29.361  INFO     RX        /ERR/LOKO/0x00000001
10:33:29.377  INFO     RX        /ERR/LOKO/0x00000001
10:33:29.486  INFO     RX        /ERR/LOKO/0x00000001
10:33:29.487  INFO     RX        /ERR/LOKO/0x00000001
10:33:29.487  INFO     RX        /ERR/LOKO/0x00000001
10:33:29.487  INFO     RX        /ERR/LOKO/0x00000001
10:33:29.487  INFO     RX        /ERR/LOKO/0x00000001
10:33:29.487  INFO     RX        /ERR/LOKO/0x00000001
10:33:29.487  INFO     RX        /ERR/LOKO/0x00000001
10:33:29.487  INFO     RX        /ERR/LOKO/0x00000001
10:33:29.490  INFO     RX        /ERR/LOKO/0x00000001
10:33:29.490  INFO     RX        /ERR/LOKO/0x00000001
10:33:29.506  INFO     RX        /ERR/LOKO/0x00000001
10:33:29.522  INFO     RX        /ERR/LOKO/0x00000001
10:33:29.522  INFO     RX        /ERR/LOKO/0x00000001
10:33:29.539  INFO     RX        /ERR/LOKO/0x00000001
10:33:29.554  INFO     RX        /ERR/LOKO/0x00000001
10:33:29.554  INFO     RX        /ERR/LOKO/0x00000001
10:33:29.571  INFO     RX        /ERR/LOKO/0x00000001
10:33:29.587  INFO     RX        /ERR/LOKO/0x00000001
10:33:29.602  INFO     RX        /ERR/LOKO/0x00000001
10:33:29.603  INFO     RX        /ERR/LOKO/0x00000001
10:33:29.618  INFO     RX        /ERR/LOKO/0x00000001
10:33:29.635  INFO     RX        /ERR/LOKO/0x00000001
10:33:29.651  INFO     RX        /ERR/LOKO/0x00000001
10:33:29.651  INFO     RX        /ERR/LOKO/0x00000001
10:33:29.667  INFO     RX        /ERR/LOKO/0x00000001
10:33:29.683  INFO     RX        /ERR/LOKO/0x00000001
10:33:29.684  INFO     RX        /ERR/LOKO/0x00000001
10:33:29.700  INFO     RX        /ERR/LOKO/0x00000001
10:33:29.716  INFO     RX        /ERR/LOKO/0x00000001
10:33:29.732  INFO     RX        /ERR/LOKO/0x00000001
10:33:29.733  INFO     RX        /ERR/LOKO/0x00000001
10:33:29.748  INFO     RX        /ERR/LOKO/0x00000001
10:33:29.765  INFO     RX        /ERR/LOKO/0x00000001
10:33:29.765  INFO     RX        /ERR/LOKO/0x00000001
10:33:29.781  INFO     RX        /ERR/LOKO/0x00000001
10:33:29.797  INFO     RX        /ERR/LOKO/0x00000001
10:33:29.813  INFO     RX        /ERR/LOKO/0x00000001
10:33:29.813  INFO     RX        /ERR/LOKO/0x00000001
10:33:29.829  INFO     RX        /ERR/LOKO/0x00000001
10:33:29.845  INFO     RX        /ERR/LOKO/0x00000001
10:33:29.845  INFO     RX        /ERR/LOKO/0x00000001
10:33:29.861  INFO     RX        /ERR/LOKO/0x00000001
10:33:29.877  INFO     RX        /ERR/LOKO/0x00000001
10:33:29.893  INFO     RX        /ERR/LOKO/0x00000001
10:33:29.893  INFO     RX        /ERR/LOKO/0x00000001
10:33:29.909  INFO     RX        /ERR/LOKO/0x00000001
10:33:29.926  INFO     RX        /ERR/LOKO/0x00000001
10:33:29.926  INFO     RX        /ERR/LOKO/0x00000001
10:33:29.942  INFO     RX        /ERR/LOKO/0x00000001
10:33:29.957  INFO     RX        /ERR/LOKO/0x00000001
10:33:29.974  INFO     RX        /ERR/LOKO/0x00000001
10:33:29.974  INFO     RX        /ERR/LOKO/0x00000001
10:33:29.990  INFO     RX        /ERR/LOKO/0x00000001
10:33:30.006  INFO     RX        /ERR/LOKO/0x00000001
10:33:30.022  INFO     RX        /ERR/LOKO/0x00000001
10:33:30.022  INFO     RX        /ERR/LOKO/0x00000001
10:33:30.038  INFO     RX        /ERR/LOKO/0x00000001
10:33:30.055  INFO     RX        /ERR/LOKO/0x00000001
10:33:30.055  INFO     RX        /ERR/LOKO/0x00000001
10:33:30.068  DEBUG    TX /CONTROLL/0,-100,0,0,0,0,0,0,0
10:33:30.071  INFO     RX        /ERR/LOKO/0x00000001
10:33:30.087  INFO     RX        /ERR/LOKO/0x00000001
10:33:30.103  INFO     RX        /ERR/LOKO/0x00000001
10:33:30.103  INFO     RX        /ERR/LOKO/0x00000001
10:33:30.120  INFO     RX        /ERR/LOKO/0x00000001
10:33:30.136  INFO     RX        /ERR/LOKO/0x00000001
10:33:30.152  INFO     RX        /ERR/LOKO/0x00000001
10:33:30.153  INFO     RX        /ERR/LOKO/0x00000001
10:33:30.168  INFO     RX        /ERR/LOKO/0x00000001
10:33:30.184  INFO     RX        /ERR/LOKO/0x00000001
10:33:30.184  INFO     RX        /ERR/LOKO/0x00000001
10:33:30.202  INFO     RX        /ERR/LOKO/0x00000001
10:33:30.216  INFO     RX        /ERR/LOKO/0x00000001
10:33:30.233  INFO     RX        /ERR/LOKO/0x00000001
10:33:30.233  INFO     RX        /ERR/LOKO/0x00000001
10:33:30.248  INFO     RX        /ERR/LOKO/0x00000001
10:33:30.264  INFO     RX        /ERR/LOKO/0x00000001
10:33:30.264  INFO     RX        /ERR/LOKO/0x00000001
10:33:30.280  INFO     RX        /ERR/LOKO/0x00000001
10:33:30.297  INFO     RX        /ERR/LOKO/0x00000001
10:33:30.314  INFO     RX        /ERR/LOKO/0x00000001
10:33:30.314  INFO     RX        /ERR/LOKO/0x00000001
10:33:30.330  INFO     RX        /ERR/LOKO/0x00000001
10:33:30.346  INFO     RX        /ERR/LOKO/0x00000001
10:33:30.346  INFO     RX        /ERR/LOKO/0x00000001
10:33:30.362  INFO     RX        /ERR/LOKO/0x00000001
10:33:30.379  INFO     RX        /ERR/LOKO/0x00000001
10:33:30.395  INFO     RX        /ERR/LOKO/0x00000001
10:33:30.396  INFO     RX        /ERR/LOKO/0x00000001
10:33:30.411  INFO     RX        /ERR/LOKO/0x00000001
10:33:30.427  INFO     RX        /ERR/LOKO/0x00000001
10:33:30.427  INFO     RX        /ERR/LOKO/0x00000001
10:33:30.531  INFO     RX        /ERR/LOKO/0x00000001
10:33:30.532  INFO     RX        /ERR/LOKO/0x00000001
10:33:30.532  INFO     RX        /ERR/LOKO/0x00000001
10:33:30.532  INFO     RX        /ERR/LOKO/0x00000001
10:33:30.532  INFO     RX        /ERR/LOKO/0x00000001
10:33:30.532  INFO     RX        /ERR/LOKO/0x00000001
10:33:30.532  INFO     RX        /ERR/LOKO/0x00000001
10:33:30.532  INFO     RX        /ERR/LOKO/0x00000001
10:33:30.532  INFO     RX        /ERR/LOKO/0x00000001
10:33:30.542  INFO     RX        /ERR/LOKO/0x00000001
10:33:30.555  INFO     RX        /ERR/LOKO/0x00000001
10:33:30.572  INFO     RX        /ERR/LOKO/0x00000001
10:33:30.588  INFO     RX        /ERR/LOKO/0x00000001
10:33:30.605  INFO     RX        /ERR/LOKO/0x00000001
10:33:30.605  INFO     RX        /ERR/LOKO/0x00000001
10:33:30.621  INFO     RX        /ERR/LOKO/0x00000001
10:33:30.637  INFO     RX        /ERR/LOKO/0x00000001
10:33:30.637  INFO     RX        /ERR/LOKO/0x00000001
10:33:30.653  INFO     RX        /ERR/LOKO/0x00000001
10:33:30.669  INFO     RX        /ERR/LOKO/0x00000001
10:33:30.686  INFO     RX        /ERR/LOKO/0x00000001
10:33:30.686  INFO     RX        /ERR/LOKO/0x00000001
10:33:30.702  INFO     RX        /ERR/LOKO/0x00000001
10:33:30.719  INFO     RX        /ERR/LOKO/0x00000001
10:33:30.719  INFO     RX        /ERR/LOKO/0x00000001
10:33:30.735  INFO     RX        /ERR/LOKO/0x00000001
10:33:30.751  INFO     RX        /ERR/LOKO/0x00000001
10:33:30.751  INFO     RX        /ERR/LOKO/0x00000001
10:33:30.768  INFO     RX        /ERR/LOKO/0x00000001
10:33:30.783  INFO     RX        /ERR/LOKO/0x00000001
10:33:30.799  INFO     RX        /ERR/LOKO/0x00000001
10:33:30.799  INFO     RX        /ERR/LOKO/0x00000001
10:33:30.815  INFO     RX        /ERR/LOKO/0x00000001
10:33:30.831  INFO     RX        /ERR/LOKO/0x00000001
10:33:30.848  INFO     RX        /ERR/LOKO/0x00000001
10:33:30.848  INFO     RX        /ERR/LOKO/0x00000001
10:33:30.864  INFO     RX        /ERR/LOKO/0x00000001
10:33:30.877  DEBUG    TX /CONTROLL/0,-100,0,0,0,0,0,0,0
10:33:30.879  INFO     RX        /ERR/LOKO/0x00000001
10:33:30.879  INFO     RX        /ERR/LOKO/0x00000001
10:33:30.896  INFO     RX        /ERR/LOKO/0x00000001
10:33:30.913  INFO     RX        /ERR/LOKO/0x00000001
10:33:30.928  INFO     RX        /ERR/LOKO/0x00000001
10:33:30.928  INFO     RX        /ERR/LOKO/0x00000001
10:33:30.943  INFO     RX        /ERR/LOKO/0x00000001
10:33:30.960  INFO     RX        /ERR/LOKO/0x00000001
10:33:30.976  INFO     RX        /ERR/LOKO/0x00000001
10:33:30.976  INFO     RX        /ERR/LOKO/0x00000001
10:33:30.993  INFO     RX        /ERR/LOKO/0x00000001
10:33:31.008  INFO     RX        /ERR/LOKO/0x00000001
10:33:31.008  INFO     RX        /ERR/LOKO/0x00000001
10:33:31.023  INFO     RX        /ERR/LOKO/0x00000001
10:33:31.039  INFO     RX        /ERR/LOKO/0x00000001
10:33:31.056  INFO     RX        /ERR/LOKO/0x00000001
10:33:31.056  INFO     RX        /ERR/LOKO/0x00000001
10:33:31.072  INFO     RX        /ERR/LOKO/0x00000001
10:33:31.087  INFO     RX        /ERR/LOKO/0x00000001
10:33:31.104  INFO     RX        /ERR/LOKO/0x00000001
10:33:31.104  INFO     RX        /ERR/LOKO/0x00000001
10:33:31.120  INFO     RX        /ERR/LOKO/0x00000001
10:33:31.136  INFO     RX        /ERR/LOKO/0x00000001
10:33:31.137  INFO     RX        /ERR/LOKO/0x00000001
10:33:31.152  INFO     RX        /ERR/LOKO/0x00000001
10:33:31.168  INFO     RX        /ERR/LOKO/0x00000001
10:33:31.185  INFO     RX        /ERR/LOKO/0x00000001
10:33:31.185  INFO     RX        /ERR/LOKO/0x00000001
10:33:31.200  INFO     RX        /ERR/LOKO/0x00000001
10:33:31.216  INFO     RX        /ERR/LOKO/0x00000001
10:33:31.233  INFO     RX        /ERR/LOKO/0x00000001
10:33:31.233  INFO     RX        /ERR/LOKO/0x00000001
10:33:31.249  INFO     RX        /ERR/LOKO/0x00000001
10:33:31.265  INFO     RX        /ERR/LOKO/0x00000001
10:33:31.266  INFO     RX        /ERR/LOKO/0x00000001
10:33:31.281  INFO     RX        /ERR/LOKO/0x00000001
10:33:31.298  INFO     RX        /ERR/LOKO/0x00000001
10:33:31.298  INFO     RX        /ERR/LOKO/0x00000001
10:33:31.313  INFO     RX        /ERR/LOKO/0x00000001
10:33:31.331  INFO     RX        /ERR/LOKO/0x00000001
10:33:31.346  INFO     RX        /ERR/LOKO/0x00000001
10:33:31.346  INFO     RX        /ERR/LOKO/0x00000001
10:33:31.362  INFO     RX        /ERR/LOKO/0x00000001
10:33:31.378  INFO     RX        /ERR/LOKO/0x00000001
10:33:31.394  INFO     RX        /ERR/LOKO/0x00000001
10:33:31.394  INFO     RX        /ERR/LOKO/0x00000001
10:33:31.410  INFO     RX        /ERR/LOKO/0x00000001
10:33:31.427  INFO     RX        /ERR/LOKO/0x00000001
10:33:31.427  INFO     RX        /ERR/LOKO/0x00000001
10:33:31.442  INFO     RX        /ERR/LOKO/0x00000001
10:33:31.459  INFO     RX        /ERR/LOKO/0x00000001
10:33:31.474  INFO     RX        /ERR/LOKO/0x00000001
10:33:31.474  INFO     RX        /ERR/LOKO/0x00000001
10:33:31.490  INFO     RX        /ERR/LOKO/0x00000001
10:33:31.509  INFO     RX        /ERR/LOKO/0x00000001
10:33:31.523  INFO     RX        /ERR/LOKO/0x00000001
10:33:31.523  INFO     RX        /ERR/LOKO/0x00000001
10:33:31.539  INFO     RX        /ERR/LOKO/0x00000001
10:33:31.555  INFO     RX        /ERR/LOKO/0x00000001
10:33:31.555  INFO     RX        /ERR/LOKO/0x00000001
10:33:31.571  INFO     RX        /ERR/LOKO/0x00000001
10:33:31.587  INFO     RX        /ERR/LOKO/0x00000001
10:33:31.603  INFO     RX        /ERR/LOKO/0x00000001
10:33:31.603  INFO     RX        /ERR/LOKO/0x00000001
10:33:31.619  INFO     RX        /ERR/LOKO/0x00000001
10:33:31.635  INFO     RX        /ERR/LOKO/0x00000001
10:33:31.636  INFO     RX        /ERR/LOKO/0x00000001
10:33:31.652  INFO     RX        /ERR/LOKO/0x00000001
10:33:31.668  INFO     RX        /ERR/LOKO/0x00000001
10:33:31.681  DEBUG    TX /CONTROLL/-21,99,0,0,0,0,0,0,0
10:33:31.684  INFO     RX        /ERR/LOKO/0x00000001
10:33:31.684  INFO     RX        /ERR/LOKO/0x00000001
10:33:31.704  INFO     RX        /ERR/LOKO/0x00000001
10:33:31.716  INFO     RX        /ERR/LOKO/0x00000001
10:33:31.733  INFO     RX        /ERR/LOKO/0x00000001
10:33:31.733  INFO     RX        /ERR/LOKO/0x00000001
10:33:31.750  INFO     RX        /ERR/LOKO/0x00000001
10:33:31.765  INFO     RX        /ERR/LOKO/0x00000001
10:33:31.765  INFO     RX        /ERR/LOKO/0x00000001
10:33:31.781  INFO     RX        /ERR/LOKO/0x00000001
10:33:31.802  INFO     RX        /ERR/LOKO/0x00000001
10:33:31.802  INFO     RX        /ERR/LOKO/0x00000001
10:33:31.812  INFO     RX        /ERR/LOKO/0x00000001
10:33:31.829  INFO     RX        /ERR/LOKO/0x00000001
10:33:31.844  INFO     RX        /ERR/LOKO/0x00000001
10:33:31.861  INFO     RX        /ERR/LOKO/0x00000001
10:33:31.861  INFO     RX        /ERR/LOKO/0x00000001
10:33:31.877  INFO     RX        /ERR/LOKO/0x00000001
10:33:31.893  INFO     RX        /ERR/LOKO/0x00000001
10:33:31.893  INFO     RX        /ERR/LOKO/0x00000001
10:33:31.909  INFO     RX        /ERR/LOKO/0x00000001
10:33:31.926  INFO     RX        /ERR/LOKO/0x00000001
10:33:31.941  INFO     RX        /ERR/LOKO/0x00000001
10:33:31.941  INFO     RX        /ERR/LOKO/0x00000001
10:33:31.956  INFO     RX        /ERR/LOKO/0x00000001
10:33:31.972  INFO     RX        /ERR/LOKO/0x00000001
10:33:31.972  INFO     RX        /ERR/LOKO/0x00000001
10:33:32.085  INFO     RX        /ERR/LOKO/0x00000001
10:33:32.085  INFO     RX        /ERR/LOKO/0x00000001
10:33:32.085  INFO     RX        /ERR/LOKO/0x00000001
10:33:32.085  INFO     RX        /ERR/LOKO/0x00000001
10:33:32.085  INFO     RX        /ERR/LOKO/0x00000001
10:33:32.085  INFO     RX        /ERR/LOKO/0x00000001
10:33:32.085  INFO     RX        /ERR/LOKO/0x00000001
10:33:32.085  INFO     RX        /ERR/LOKO/0x00000001
10:33:32.085  INFO     RX        /ERR/LOKO/0x00000001
10:33:32.090  INFO     RX        /ERR/LOKO/0x00000001
10:33:32.101  INFO     RX        /ERR/LOKO/0x00000001
10:33:32.118  INFO     RX        /ERR/LOKO/0x00000001
10:33:32.133  INFO     RX        /ERR/LOKO/0x00000001
10:33:32.150  INFO     RX        /ERR/LOKO/0x00000001
10:33:32.150  INFO     RX        /ERR/LOKO/0x00000001
10:33:32.166  INFO     RX        /ERR/LOKO/0x00000001
10:33:32.183  INFO     RX        /ERR/LOKO/0x00000001
10:33:32.199  INFO     RX        /ERR/LOKO/0x00000001
10:33:32.199  INFO     RX        /ERR/LOKO/0x00000001
10:33:32.214  INFO     RX        /ERR/LOKO/0x00000001
10:33:32.230  INFO     RX        /ERR/LOKO/0x00000001
10:33:32.231  INFO     RX        /ERR/LOKO/0x00000001
10:33:32.247  INFO     RX        /ERR/LOKO/0x00000001
10:33:32.263  INFO     RX        /ERR/LOKO/0x00000001
10:33:32.279  INFO     RX        /ERR/LOKO/0x00000001
10:33:32.279  INFO     RX        /ERR/LOKO/0x00000001
10:33:32.295  INFO     RX        /ERR/LOKO/0x00000001
10:33:32.312  INFO     RX        /ERR/LOKO/0x00000001
10:33:32.312  INFO     RX        /ERR/LOKO/0x00000001
10:33:32.328  INFO     RX        /ERR/LOKO/0x00000001
10:33:32.343  INFO     RX        /ERR/LOKO/0x00000001
10:33:32.359  INFO     RX        /ERR/LOKO/0x00000001
10:33:32.359  INFO     RX        /ERR/LOKO/0x00000001
10:33:32.375  INFO     RX        /ERR/LOKO/0x00000001
10:33:32.391  INFO     RX        /ERR/LOKO/0x00000001
10:33:32.407  INFO     RX        /ERR/LOKO/0x00000001
10:33:32.408  INFO     RX        /ERR/LOKO/0x00000001
10:33:32.424  INFO     RX        /ERR/LOKO/0x00000001
10:33:32.440  INFO     RX        /ERR/LOKO/0x00000001
10:33:32.440  INFO     RX        /ERR/LOKO/0x00000001
10:33:32.458  INFO     RX        /ERR/LOKO/0x00000001
10:33:32.472  INFO     RX        /ERR/LOKO/0x00000001
10:33:32.486  DEBUG    TX /CONTROLL/-21,99,0,0,0,0,0,0,0
10:33:32.489  INFO     RX        /ERR/LOKO/0x00000001
10:33:32.489  INFO     RX        /ERR/LOKO/0x00000001
10:33:32.506  INFO     RX        /ERR/LOKO/0x00000001
10:33:32.521  INFO     RX        /ERR/LOKO/0x00000001
10:33:32.522  INFO     RX        /ERR/LOKO/0x00000001
10:33:32.537  INFO     RX        /ERR/LOKO/0x00000001
10:33:32.554  INFO     RX        /ERR/LOKO/0x00000001
10:33:32.570  INFO     RX        /ERR/LOKO/0x00000001
10:33:32.570  INFO     RX        /ERR/LOKO/0x00000001
10:33:32.586  INFO     RX        /ERR/LOKO/0x00000001
10:33:32.602  INFO     RX        /ERR/LOKO/0x00000001
10:33:32.618  INFO     RX        /ERR/LOKO/0x00000001
10:33:32.618  INFO     RX        /ERR/LOKO/0x00000001
10:33:32.634  INFO     RX        /ERR/LOKO/0x00000001
10:33:32.650  INFO     RX        /ERR/LOKO/0x00000001
10:33:32.650  INFO     RX        /ERR/LOKO/0x00000001
10:33:32.667  INFO     RX        /ERR/LOKO/0x00000001
10:33:32.683  INFO     RX        /ERR/LOKO/0x00000001
10:33:32.699  INFO     RX        /ERR/LOKO/0x00000001
10:33:32.699  INFO     RX        /ERR/LOKO/0x00000001
10:33:32.715  INFO     RX        /ERR/LOKO/0x00000001
10:33:32.733  INFO     RX        /ERR/LOKO/0x00000001
10:33:32.733  INFO     RX        /ERR/LOKO/0x00000001
10:33:32.747  INFO     RX        /ERR/LOKO/0x00000001
10:33:32.763  INFO     RX        /ERR/LOKO/0x00000001
10:33:32.779  INFO     RX        /ERR/LOKO/0x00000001
10:33:32.779  INFO     RX        /ERR/LOKO/0x00000001
10:33:32.795  INFO     RX        /ERR/LOKO/0x00000001
10:33:32.811  INFO     RX        /ERR/LOKO/0x00000001
10:33:32.827  INFO     RX        /ERR/LOKO/0x00000001
10:33:32.827  INFO     RX        /ERR/LOKO/0x00000001
10:33:32.843  INFO     RX        /ERR/LOKO/0x00000001
10:33:32.859  INFO     RX        /ERR/LOKO/0x00000001
10:33:32.874  INFO     RX        /ERR/LOKO/0x00000001
10:33:32.874  INFO     RX        /ERR/LOKO/0x00000001
10:33:32.890  INFO     RX        /ERR/LOKO/0x00000001
10:33:32.907  INFO     RX        /ERR/LOKO/0x00000001
10:33:32.907  INFO     RX        /ERR/LOKO/0x00000001
10:33:32.924  INFO     RX        /ERR/LOKO/0x00000001
10:33:32.939  INFO     RX        /ERR/LOKO/0x00000001
10:33:32.955  INFO     RX        /ERR/LOKO/0x00000001
10:33:32.955  INFO     RX        /ERR/LOKO/0x00000001
10:33:32.971  INFO     RX        /ERR/LOKO/0x00000001
10:33:32.987  INFO     RX        /ERR/LOKO/0x00000001
10:33:32.988  INFO     RX        /ERR/LOKO/0x00000001
10:33:33.003  INFO     RX        /ERR/LOKO/0x00000001
10:33:33.020  INFO     RX        /ERR/LOKO/0x00000001
10:33:33.036  INFO     RX        /ERR/LOKO/0x00000001
10:33:33.036  INFO     RX        /ERR/LOKO/0x00000001
10:33:33.052  INFO     RX        /ERR/LOKO/0x00000001
10:33:33.069  INFO     RX        /ERR/LOKO/0x00000001
10:33:33.069  INFO     RX        /ERR/LOKO/0x00000001
10:33:33.085  INFO     RX        /ERR/LOKO/0x00000001
10:33:33.100  INFO     RX        /ERR/LOKO/0x00000001
10:33:33.116  INFO     RX        /ERR/LOKO/0x00000001
10:33:33.116  INFO     RX        /ERR/LOKO/0x00000001
10:33:33.132  INFO     RX        /ERR/LOKO/0x00000001
10:33:33.148  INFO     RX        /ERR/LOKO/0x00000001
10:33:33.164  INFO     RX        /ERR/LOKO/0x00000001
10:33:33.178  INFO     RX        /ERR/LOKO/0x00000001
10:33:33.181  INFO     RX        /ERR/LOKO/0x00000001
10:33:33.197  INFO     RX        /ERR/LOKO/0x00000001
10:33:33.197  INFO     RX        /ERR/LOKO/0x00000001
10:33:33.212  INFO     RX        /ERR/LOKO/0x00000001
10:33:33.228  INFO     RX        /ERR/LOKO/0x00000001
10:33:33.244  INFO     RX        /ERR/LOKO/0x00000001
10:33:33.244  INFO     RX        /ERR/LOKO/0x00000001
10:33:33.260  INFO     RX        /ERR/LOKO/0x00000001
10:33:33.276  INFO     RX        /ERR/LOKO/0x00000001
10:33:33.289  DEBUG    TX /CONTROLL/-21,99,0,0,0,0,0,0,0
10:33:33.292  INFO     RX        /ERR/LOKO/0x00000002
10:33:33.292  INFO     RX        /ERR/LOKO/0x00000002
10:33:33.309  INFO     RX        /ERR/LOKO/0x00000002
10:33:33.325  INFO     RX        /ERR/LOKO/0x00000002
10:33:33.325  INFO     RX        /ERR/LOKO/0x00000002
10:33:33.340  INFO     RX        /ERR/LOKO/0x00000002
10:33:33.356  INFO     RX        /ERR/LOKO/0x00000002
10:33:33.372  INFO     RX        /ERR/LOKO/0x00000002
10:33:33.372  INFO     RX        /ERR/LOKO/0x00000002
10:33:33.389  INFO     RX        /ERR/LOKO/0x00000002
10:33:33.404  INFO     RX        /ERR/LOKO/0x00000002
10:33:33.405  INFO     RX        /ERR/LOKO/0x00000002
10:33:33.420  INFO     RX        /ERR/LOKO/0x00000002
10:33:33.437  INFO     RX        /ERR/LOKO/0x00000002
10:33:33.453  INFO     RX        /ERR/LOKO/0x00000002
10:33:33.453  INFO     RX        /ERR/LOKO/0x00000002
10:33:33.469  INFO     RX        /ERR/LOKO/0x00000002
10:33:33.486  INFO     RX        /ERR/LOKO/0x00000002
10:33:33.501  INFO     RX        /ERR/LOKO/0x00000002
10:33:33.501  INFO     RX        /ERR/LOKO/0x00000002
10:33:33.518  INFO     RX        /ERR/LOKO/0x00000002
10:33:33.534  INFO     RX        /ERR/LOKO/0x00000002
10:33:33.534  INFO     RX        /ERR/LOKO/0x00000002
10:33:33.550  INFO     RX        /ERR/LOKO/0x00000002
10:33:33.566  INFO     RX        /ERR/LOKO/0x00000002
10:33:33.582  INFO     RX        /ERR/LOKO/0x00000002
10:33:33.582  INFO     RX        /ERR/LOKO/0x00000002
10:33:33.597  INFO     RX        /ERR/LOKO/0x00000002
10:33:33.616  INFO     RX        /ERR/LOKO/0x00000002
10:33:33.617  INFO     RX        /ERR/LOKO/0x00000002
10:33:33.630  INFO     RX        /ERR/LOKO/0x00000002
10:33:33.647  INFO     RX        /ERR/LOKO/0x00000002
10:33:33.663  INFO     RX        /ERR/LOKO/0x00000002
10:33:33.664  INFO     RX        /ERR/LOKO/0x00000002
10:33:33.678  INFO     RX        /ERR/LOKO/0x00000002
10:33:33.694  INFO     RX        /ERR/LOKO/0x00000002
10:33:33.712  INFO     RX        /ERR/LOKO/0x00000002
10:33:33.712  INFO     RX        /ERR/LOKO/0x00000002
10:33:33.727  INFO     RX        /ERR/LOKO/0x00000002
10:33:33.743  INFO     RX        /ERR/LOKO/0x00000002
10:33:33.743  INFO     RX        /ERR/LOKO/0x00000002
10:33:33.760  INFO     RX        /ERR/LOKO/0x00000002
10:33:33.776  INFO     RX        /ERR/LOKO/0x00000002
10:33:33.792  INFO     RX        /ERR/LOKO/0x00000002
10:33:33.792  INFO     RX        /ERR/LOKO/0x00000002
10:33:33.807  INFO     RX        /ERR/LOKO/0x00000002
10:33:33.823  INFO     RX        /ERR/LOKO/0x00000002
10:33:33.839  INFO     RX        /ERR/LOKO/0x00000002
10:33:33.840  INFO     RX        /ERR/LOKO/0x00000002
10:33:33.856  INFO     RX        /ERR/LOKO/0x00000002
10:33:33.872  INFO     RX        /ERR/LOKO/0x00000002
10:33:33.872  INFO     RX        /ERR/LOKO/0x00000002
10:33:33.888  INFO     RX        /ERR/LOKO/0x00000002
10:33:33.904  INFO     RX        /ERR/LOKO/0x00000002
10:33:33.920  INFO     RX        /ERR/LOKO/0x00000002
10:33:33.920  INFO     RX        /ERR/LOKO/0x00000002
10:33:33.936  INFO     RX        /ERR/LOKO/0x00000002
10:33:33.952  INFO     RX        /ERR/LOKO/0x00000002
10:33:33.952  INFO     RX        /ERR/LOKO/0x00000002
10:33:33.968  INFO     RX        /ERR/LOKO/0x00000002
10:33:33.984  INFO     RX        /ERR/LOKO/0x00000002
10:33:34.001  INFO     RX        /ERR/LOKO/0x00000002
10:33:34.001  INFO     RX        /ERR/LOKO/0x00000002
10:33:34.017  INFO     RX        /ERR/LOKO/0x00000002
10:33:34.033  INFO     RX        /ERR/LOKO/0x00000002
10:33:34.050  INFO     RX        /ERR/LOKO/0x00000002
10:33:34.050  INFO     RX        /ERR/LOKO/0x00000002
10:33:34.066  INFO     RX        /ERR/LOKO/0x00000002
10:33:34.082  INFO     RX        /ERR/LOKO/0x00000002
10:33:34.082  INFO     RX        /ERR/LOKO/0x00000002
10:33:34.094  DEBUG    TX /CONTROLL/0,0,0,0,0,0,0,0,0
10:33:34.098  INFO     RX        /ERR/LOKO/0x00000002
10:33:34.114  INFO     RX        /ERR/LOKO/0x00000002
10:33:34.133  INFO     RX        /ERR/LOKO/0x00000002
10:33:34.133  INFO     RX        /ERR/LOKO/0x00000002
10:33:34.147  INFO     RX        /ERR/LOKO/0x00000002
10:33:34.162  INFO     RX        /ERR/LOKO/0x00000002
10:33:34.162  INFO     RX        /ERR/LOKO/0x00000002
10:33:34.180  INFO     RX        /ERR/LOKO/0x00000002
10:33:34.195  INFO     RX        /ERR/LOKO/0x00000002
10:33:34.211  INFO     RX        /ERR/LOKO/0x00000002
10:33:34.211  INFO     RX        /ERR/LOKO/0x00000002
10:33:34.227  INFO     RX        /ERR/LOKO/0x00000002
10:33:34.244  INFO     RX        /ERR/LOKO/0x00000002
10:33:34.244  INFO     RX        /ERR/LOKO/0x00000002
10:33:34.261  INFO     RX        /ERR/LOKO/0x00000002
10:33:34.276  INFO     RX        /ERR/LOKO/0x00000002
10:33:34.292  INFO     RX        /ERR/LOKO/0x00000002
10:33:34.292  INFO     RX        /ERR/LOKO/0x00000002
10:33:34.308  INFO     RX        /ERR/LOKO/0x00000002
10:33:34.324  INFO     RX        /ERR/LOKO/0x00000002
10:33:34.340  INFO     RX        /ERR/LOKO/0x00000002
10:33:34.341  INFO     RX        /ERR/LOKO/0x00000002
10:33:34.357  INFO     RX        /ERR/LOKO/0x00000002
10:33:34.373  INFO     RX        /ERR/LOKO/0x00000002
10:33:34.373  INFO     RX        /ERR/LOKO/0x00000002
10:33:34.388  INFO     RX        /ERR/LOKO/0x00000002
10:33:34.404  INFO     RX        /ERR/LOKO/0x00000002
10:33:34.421  INFO     RX        /ERR/LOKO/0x00000002
10:33:34.421  INFO     RX        /ERR/LOKO/0x00000002
10:33:34.437  INFO     RX        /ERR/LOKO/0x00000002
10:33:34.453  INFO     RX        /ERR/LOKO/0x00000002
10:33:34.453  INFO     RX        /ERR/LOKO/0x00000002
10:33:34.469  INFO     RX        /ERR/LOKO/0x00000002
10:33:34.485  INFO     RX        /ERR/LOKO/0x00000002
10:33:34.501  INFO     RX        /ERR/LOKO/0x00000002
10:33:34.501  INFO     RX        /ERR/LOKO/0x00000002
10:33:34.517  INFO     RX        /ERR/LOKO/0x00000002
10:33:34.533  INFO     RX        /ERR/LOKO/0x00000002
10:33:34.549  INFO     RX        /ERR/LOKO/0x00000002
10:33:34.549  INFO     RX        /ERR/LOKO/0x00000002
10:33:34.565  INFO     RX        /ERR/LOKO/0x00000002
10:33:34.581  INFO     RX        /ERR/LOKO/0x00000002
10:33:34.582  INFO     RX        /ERR/LOKO/0x00000002
10:33:34.600  INFO     RX        /ERR/LOKO/0x00000002
10:33:34.612  INFO     RX        /ERR/LOKO/0x00000002
10:33:34.629  INFO     RX        /ERR/LOKO/0x00000002
10:33:34.629  INFO     RX        /ERR/LOKO/0x00000002
10:33:34.645  INFO     RX        /ERR/LOKO/0x00000002
10:33:34.662  INFO     RX        /ERR/LOKO/0x00000002
10:33:34.662  INFO     RX        /ERR/LOKO/0x00000002
10:33:34.678  INFO     RX        /ERR/LOKO/0x00000002
10:33:34.694  INFO     RX        /ERR/LOKO/0x00000002
10:33:34.710  INFO     RX        /ERR/LOKO/0x00000002
10:33:34.711  INFO     RX        /ERR/LOKO/0x00000002
10:33:34.727  INFO     RX        /ERR/LOKO/0x00000002
10:33:34.744  INFO     RX        /ERR/LOKO/0x00000002
10:33:34.759  INFO     RX        /ERR/LOKO/0x00000002
10:33:34.759  INFO     RX        /ERR/LOKO/0x00000002
10:33:34.775  INFO     RX        /ERR/LOKO/0x00000002
10:33:34.791  INFO     RX        /ERR/LOKO/0x00000002
10:33:34.791  INFO     RX        /ERR/LOKO/0x00000002
10:33:34.807  INFO     RX        /ERR/LOKO/0x00000002
10:33:34.824  INFO     RX        /ERR/LOKO/0x00000002
10:33:34.840  INFO     RX        /ERR/LOKO/0x00000002
10:33:34.841  INFO     RX        /ERR/LOKO/0x00000002
10:33:34.856  INFO     RX        /ERR/LOKO/0x00000002
10:33:34.873  INFO     RX        /ERR/LOKO/0x00000002
10:33:34.873  INFO     RX        /ERR/LOKO/0x00000002
10:33:34.889  INFO     RX        /ERR/LOKO/0x00000002
10:33:34.902  DEBUG    TX /CONTROLL/0,0,0,0,0,0,0,0,0
10:33:34.905  INFO     RX        /ERR/LOKO/0x00000002
10:33:34.921  INFO     RX        /ERR/LOKO/0x00000002
10:33:34.921  INFO     RX        /ERR/LOKO/0x00000002
10:33:34.938  INFO     RX        /ERR/LOKO/0x00000002
10:33:34.953  INFO     RX        /ERR/LOKO/0x00000002
10:33:34.969  INFO     RX        /ERR/LOKO/0x00000002
10:33:34.969  INFO     RX        /ERR/LOKO/0x00000002
10:33:34.986  INFO     RX        /ERR/LOKO/0x00000002
10:33:35.002  INFO     RX        /ERR/LOKO/0x00000002
10:33:35.002  INFO     RX        /ERR/LOKO/0x00000002
10:33:35.018  INFO     RX        /ERR/LOKO/0x00000002
10:33:35.034  INFO     RX        /ERR/LOKO/0x00000002
10:33:35.050  INFO     RX        /ERR/LOKO/0x00000002
10:33:35.050  INFO     RX        /ERR/LOKO/0x00000002
10:33:35.067  INFO     RX        /ERR/LOKO/0x00000002
10:33:35.082  INFO     RX        /ERR/LOKO/0x00000002
10:33:35.083  INFO     RX        /ERR/LOKO/0x00000002
10:33:35.097  INFO     RX        /ERR/LOKO/0x00000002
10:33:35.114  INFO     RX        /ERR/LOKO/0x00000002
10:33:35.130  INFO     RX        /ERR/LOKO/0x00000002
10:33:35.130  INFO     RX        /ERR/LOKO/0x00000002
10:33:35.146  INFO     RX        /ERR/LOKO/0x00000002
10:33:35.162  INFO     RX        /ERR/LOKO/0x00000002
10:33:35.178  INFO     RX        /ERR/LOKO/0x00000002
10:33:35.178  INFO     RX        /ERR/LOKO/0x00000002
10:33:35.195  INFO     RX        /ERR/LOKO/0x00000002
10:33:35.210  INFO     RX        /ERR/LOKO/0x00000002
10:33:35.210  INFO     RX        /ERR/LOKO/0x00000002
10:33:35.226  INFO     RX        /ERR/LOKO/0x00000002
10:33:35.242  INFO     RX        /ERR/LOKO/0x00000002
10:33:35.258  INFO     RX        /ERR/LOKO/0x00000002
10:33:35.258  INFO     RX        /ERR/LOKO/0x00000002
10:33:35.275  INFO     RX        /ERR/LOKO/0x00000002
10:33:35.291  INFO     RX        /ERR/LOKO/0x00000002
10:33:35.291  INFO     RX        /ERR/LOKO/0x00000002
10:33:35.307  INFO     RX        /ERR/LOKO/0x00000002
10:33:35.323  INFO     RX        /ERR/LOKO/0x00000002
10:33:35.339  INFO     RX        /ERR/LOKO/0x00000002
10:33:35.339  INFO     RX        /ERR/LOKO/0x00000002
10:33:35.355  INFO     RX        /ERR/LOKO/0x00000002
10:33:35.372  INFO     RX        /ERR/LOKO/0x00000002
10:33:35.390  INFO     RX        /ERR/LOKO/0x00000002
10:33:35.390  INFO     RX        /ERR/LOKO/0x00000002
10:33:35.405  INFO     RX        /ERR/LOKO/0x00000002
10:33:35.421  INFO     RX        /ERR/LOKO/0x00000002
10:33:35.421  INFO     RX        /ERR/LOKO/0x00000002
10:33:35.438  INFO     RX        /ERR/LOKO/0x00000002
10:33:35.453  INFO     RX        /ERR/LOKO/0x00000002
10:33:35.469  INFO     RX        /ERR/LOKO/0x00000002
10:33:35.469  INFO     RX        /ERR/LOKO/0x00000002
10:33:35.486  INFO     RX        /ERR/LOKO/0x00000002
10:33:35.502  INFO     RX        /ERR/LOKO/0x00000002
10:33:35.503  INFO     RX        /ERR/LOKO/0x00000002
10:33:35.518  INFO     RX        /ERR/LOKO/0x00000002
10:33:35.534  INFO     RX        /ERR/LOKO/0x00000002
10:33:35.551  INFO     RX        /ERR/LOKO/0x00000002
10:33:35.551  INFO     RX        /ERR/LOKO/0x00000002
10:33:35.567  INFO     RX        /ERR/LOKO/0x00000002
10:33:35.583  INFO     RX        /ERR/LOKO/0x00000002
10:33:35.583  INFO     RX        /ERR/LOKO/0x00000002
10:33:35.599  INFO     RX        /ERR/LOKO/0x00000002
10:33:35.616  INFO     RX        /ERR/LOKO/0x00000002
10:33:35.632  INFO     RX        /ERR/LOKO/0x00000002
10:33:35.632  INFO     RX        /ERR/LOKO/0x00000002
10:33:35.648  INFO     RX        /ERR/LOKO/0x00000002
10:33:35.664  INFO     RX        /ERR/LOKO/0x00000002
10:33:35.664  INFO     RX        /ERR/LOKO/0x00000002
10:33:35.681  INFO     RX        /ERR/LOKO/0x00000002
10:33:35.696  INFO     RX        /ERR/LOKO/0x00000002
10:33:35.709  DEBUG    TX /CONTROLL/0,0,0,0,-1,0,0,0,0
10:33:35.712  INFO     RX        /ERR/LOKO/0x00000002
10:33:35.712  INFO     RX        /ERR/LOKO/0x00000002
10:33:35.728  INFO     RX        /ERR/LOKO/0x00000002
10:33:35.744  INFO     RX        /ERR/LOKO/0x00000002
10:33:35.760  INFO     RX        /ERR/LOKO/0x00000002
10:33:35.760  INFO     RX        /ERR/LOKO/0x00000002
10:33:35.777  INFO     RX        /ERR/LOKO/0x00000002
10:33:35.793  INFO     RX        /ERR/LOKO/0x00000002
10:33:35.793  INFO     RX        /ERR/LOKO/0x00000002
10:33:35.809  INFO     RX        /ERR/LOKO/0x00000002
10:33:35.824  INFO     RX        /ERR/LOKO/0x00000002
10:33:35.840  INFO     RX        /ERR/LOKO/0x00000002
10:33:35.840  INFO     RX        /ERR/LOKO/0x00000002
10:33:35.856  INFO     RX        /ERR/LOKO/0x00000002
10:33:35.872  INFO     RX        /ERR/LOKO/0x00000002
10:33:35.888  INFO     RX        /ERR/LOKO/0x00000002
10:33:35.888  INFO     RX        /ERR/LOKO/0x00000002
10:33:35.905  INFO     RX        /ERR/LOKO/0x00000002
10:33:35.922  INFO     RX        /ERR/LOKO/0x00000002
10:33:35.922  INFO     RX        /ERR/LOKO/0x00000002
10:33:35.937  INFO     RX        /ERR/LOKO/0x00000002
10:33:36.045  INFO     RX        /ERR/LOKO/0x00000002
10:33:36.045  INFO     RX        /ERR/LOKO/0x00000002
10:33:36.045  INFO     RX        /ERR/LOKO/0x00000002
10:33:36.046  INFO     RX        /ERR/LOKO/0x00000002
10:33:36.046  INFO     RX        /ERR/LOKO/0x00000002
10:33:36.046  INFO     RX        /ERR/LOKO/0x00000002
10:33:36.046  INFO     RX        /ERR/LOKO/0x00000002
10:33:36.046  INFO     RX        /ERR/LOKO/0x00000002
10:33:36.052  INFO     RX        /ERR/LOKO/0x00000002
10:33:36.052  INFO     RX        /ERR/LOKO/0x00000002
10:33:36.058  INFO     RX        /ERR/LOKO/0x00000002
10:33:36.081  INFO     RX        /ERR/LOKO/0x00000002
10:33:36.097  INFO     RX        /ERR/LOKO/0x00000002
10:33:36.097  INFO     RX        /ERR/LOKO/0x00000002
10:33:36.115  INFO     RX        /ERR/LOKO/0x00000002
10:33:36.130  INFO     RX        /ERR/LOKO/0x00000002
10:33:36.130  INFO     RX        /ERR/LOKO/0x00000002
10:33:36.146  INFO     RX        /ERR/LOKO/0x00000002
10:33:36.162  INFO     RX        /ERR/LOKO/0x00000002
10:33:36.178  INFO     RX        /ERR/LOKO/0x00000002
10:33:36.178  INFO     RX        /ERR/LOKO/0x00000002
10:33:36.194  INFO     RX        /ERR/LOKO/0x00000002
10:33:36.209  INFO     RX        /ERR/LOKO/0x00000002
10:33:36.226  INFO     RX        /ERR/LOKO/0x00000002
10:33:36.226  INFO     RX        /ERR/LOKO/0x00000002
10:33:36.242  INFO     RX        /ERR/LOKO/0x00000002
10:33:36.258  INFO     RX        /ERR/LOKO/0x00000002
10:33:36.258  INFO     RX        /ERR/LOKO/0x00000002
10:33:36.274  INFO     RX        /ERR/LOKO/0x00000002
10:33:36.290  INFO     RX        /ERR/LOKO/0x00000002
10:33:36.306  INFO     RX        /ERR/LOKO/0x00000002
10:33:36.306  INFO     RX        /ERR/LOKO/0x00000002
10:33:36.321  INFO     RX        /ERR/LOKO/0x00000002
10:33:36.337  INFO     RX        /ERR/LOKO/0x00000002
10:33:36.353  INFO     RX        /ERR/LOKO/0x00000002
10:33:36.353  INFO     RX        /ERR/LOKO/0x00000002
10:33:36.370  INFO     RX        /ERR/LOKO/0x00000002
10:33:36.386  INFO     RX        /ERR/LOKO/0x00000002
10:33:36.386  INFO     RX        /ERR/LOKO/0x00000002
10:33:36.401  INFO     RX        /ERR/LOKO/0x00000002
10:33:36.418  INFO     RX        /ERR/LOKO/0x00000002
10:33:36.434  INFO     RX        /ERR/LOKO/0x00000002
10:33:36.434  INFO     RX        /ERR/LOKO/0x00000002
10:33:36.449  INFO     RX        /ERR/LOKO/0x00000002
10:33:36.467  INFO     RX        /ERR/LOKO/0x00000002
10:33:36.467  INFO     RX        /ERR/LOKO/0x00000002
10:33:36.481  INFO     RX        /ERR/LOKO/0x00000002
10:33:36.497  INFO     RX        /ERR/LOKO/0x00000002
10:33:36.511  DEBUG    TX /CONTROLL/0,0,0,0,1,0,0,0,0
10:33:36.513  INFO     RX        /ERR/LOKO/0x00000002
10:33:36.513  INFO     RX        /ERR/LOKO/0x00000002
10:33:36.530  INFO     RX        /ERR/LOKO/0x00000002
10:33:36.546  INFO     RX        /ERR/LOKO/0x00000002
10:33:36.563  INFO     RX        /ERR/LOKO/0x00000002
10:33:36.563  INFO     RX        /ERR/LOKO/0x00000002
10:33:36.578  INFO     RX        /ERR/LOKO/0x00000002
10:33:36.595  INFO     RX        /ERR/LOKO/0x00000002
10:33:36.595  INFO     RX        /ERR/LOKO/0x00000002
10:33:36.611  INFO     RX        /ERR/LOKO/0x00000002
10:33:36.627  INFO     RX        /ERR/LOKO/0x00000002
10:33:36.644  INFO     RX        /ERR/LOKO/0x00000002
10:33:36.644  INFO     RX        /ERR/LOKO/0x00000002
10:33:36.659  INFO     RX        /ERR/LOKO/0x00000002
10:33:36.677  INFO     RX        /ERR/LOKO/0x00000002
10:33:36.677  INFO     RX        /ERR/LOKO/0x00000002
10:33:36.693  INFO     RX        /ERR/LOKO/0x00000002
10:33:36.709  INFO     RX        /ERR/LOKO/0x00000002
10:33:36.726  INFO     RX        /ERR/LOKO/0x00000002
10:33:36.726  INFO     RX        /ERR/LOKO/0x00000002
10:33:36.740  INFO     RX        /ERR/LOKO/0x00000002
10:33:36.756  INFO     RX        /ERR/LOKO/0x00000002
10:33:36.775  INFO     RX        /ERR/LOKO/0x00000002
10:33:36.775  INFO     RX        /ERR/LOKO/0x00000002
10:33:36.788  INFO     RX        /ERR/LOKO/0x00000002
10:33:36.804  INFO     RX        /ERR/LOKO/0x00000002
10:33:36.821  INFO     RX        /ERR/LOKO/0x00000002
10:33:36.821  INFO     RX        /ERR/LOKO/0x00000002
10:33:36.836  INFO     RX        /ERR/LOKO/0x00000002
10:33:36.853  INFO     RX        /ERR/LOKO/0x00000002
10:33:36.853  INFO     RX        /ERR/LOKO/0x00000002
10:33:36.869  INFO     RX        /ERR/LOKO/0x00000002
10:33:36.884  INFO     RX        /ERR/LOKO/0x00000002
10:33:36.901  INFO     RX        /ERR/LOKO/0x00000002
10:33:36.901  INFO     RX        /ERR/LOKO/0x00000002
10:33:36.917  INFO     RX        /ERR/LOKO/0x00000002
10:33:36.934  INFO     RX        /ERR/LOKO/0x00000002
10:33:36.935  INFO     RX        /ERR/LOKO/0x00000002
10:33:36.949  INFO     RX        /ERR/LOKO/0x00000002
10:33:36.964  INFO     RX        /ERR/LOKO/0x00000002
10:33:36.981  INFO     RX        /ERR/LOKO/0x00000002
10:33:36.981  INFO     RX        /ERR/LOKO/0x00000002
10:33:36.996  INFO     RX        /ERR/LOKO/0x00000002
10:33:37.013  INFO     RX        /ERR/LOKO/0x00000002
10:33:37.029  INFO     RX        /ERR/LOKO/0x00000002
10:33:37.029  INFO     RX        /ERR/LOKO/0x00000002
10:33:37.045  INFO     RX        /ERR/LOKO/0x00000002
10:33:37.061  INFO     RX        /ERR/LOKO/0x00000002
10:33:37.061  INFO     RX        /ERR/LOKO/0x00000002
10:33:37.077  INFO     RX        /ERR/LOKO/0x00000002
10:33:37.093  INFO     RX        /ERR/LOKO/0x00000002
10:33:37.315  DEBUG    TX /CONTROLL/0,0,0,0,0,0,0,0,2
10:33:37.725  INFO     RX        /ERR/LOKO/0x00000002
10:33:37.725  INFO     RX        /ERR/LOKO/0x00000002
10:33:37.741  INFO     RX        /ERR/LOKO/0x00000002
10:33:37.757  INFO     RX        /ERR/LOKO/0x00000002
10:33:37.773  INFO     RX        /ERR/LOKO/0x00000002
10:33:37.773  INFO     RX        /ERR/LOKO/0x00000002
10:33:37.789  INFO     RX        /ERR/LOKO/0x00000002
10:33:37.806  INFO     RX        /ERR/LOKO/0x00000002
10:33:37.806  INFO     RX        /ERR/LOKO/0x00000002
10:33:37.822  INFO     RX        /ERR/LOKO/0x00000002
10:33:37.839  INFO     RX        /ERR/LOKO/0x00000002
10:33:37.854  INFO     RX        /ERR/LOKO/0x00000002
10:33:37.854  INFO     RX        /ERR/LOKO/0x00000002
10:33:37.870  INFO     RX        /ERR/LOKO/0x00000002
10:33:37.887  INFO     RX        /ERR/LOKO/0x00000002
10:33:37.887  INFO     RX        /ERR/LOKO/0x00000002
10:33:37.903  INFO     RX        /ERR/LOKO/0x00000002
10:33:37.918  INFO     RX        /ERR/LOKO/0x00000002
10:33:37.935  INFO     RX        /ERR/LOKO/0x00000002
10:33:37.935  INFO     RX        /ERR/LOKO/0x00000002
10:33:37.957  INFO     RX        /ERR/LOKO/0x00000002
10:33:37.957  INFO     RX        /ERR/LOKO/0x00000002
10:33:37.967  INFO     RX        /ERR/LOKO/0x00000002
10:33:37.985  INFO     RX        /ERR/LOKO/0x00000002
10:33:38.000  INFO     RX        /ERR/LOKO/0x00000002
10:33:38.016  INFO     RX        /ERR/LOKO/0x00000002
10:33:38.016  INFO     RX        /ERR/LOKO/0x00000002
10:33:38.032  INFO     RX        /ERR/LOKO/0x00000002
10:33:38.050  INFO     RX        /ERR/LOKO/0x00000002
10:33:38.050  INFO     RX        /ERR/LOKO/0x00000002
10:33:38.064  INFO     RX        /ERR/LOKO/0x00000002
10:33:38.082  INFO     RX        /ERR/LOKO/0x00000002
10:33:38.099  INFO     RX        /ERR/LOKO/0x00000002
10:33:38.099  INFO     RX        /ERR/LOKO/0x00000002
10:33:38.114  INFO     RX        /ERR/LOKO/0x00000002
10:33:38.127  DEBUG    TX /CONTROLL/0,0,0,0,0,0,0,0,0
10:33:38.130  INFO     RX        /ERR/LOKO/0x00000002
10:33:38.130  INFO     RX        /ERR/LOKO/0x00000002
10:33:38.146  INFO     RX        /ERR/LOKO/0x00000002
10:33:38.163  INFO     RX        /ERR/LOKO/0x00000002
10:33:38.180  INFO     RX        /ERR/LOKO/0x00000002
10:33:38.180  INFO     RX        /ERR/LOKO/0x00000002
10:33:38.194  INFO     RX        /ERR/LOKO/0x00000002
10:33:38.210  INFO     RX        /ERR/LOKO/0x00000002
10:33:38.227  INFO     RX        /ERR/LOKO/0x00000002
10:33:38.227  INFO     RX        /ERR/LOKO/0x00000002
10:33:38.243  INFO     RX        /ERR/LOKO/0x00000002
10:33:38.259  INFO     RX        /ERR/LOKO/0x00000002
10:33:38.259  INFO     RX        /ERR/LOKO/0x00000002
10:33:38.274  INFO     RX        /ERR/LOKO/0x00000002
10:33:38.291  INFO     RX        /ERR/LOKO/0x00000002
10:33:38.307  INFO     RX        /ERR/LOKO/0x00000002
10:33:38.307  INFO     RX        /ERR/LOKO/0x00000002
10:33:38.323  INFO     RX        /ERR/LOKO/0x00000002
10:33:38.339  INFO     RX        /ERR/LOKO/0x00000002
10:33:38.355  INFO     RX        /ERR/LOKO/0x00000002
10:33:38.355  INFO     RX        /ERR/LOKO/0x00000002
10:33:38.371  INFO     RX        /ERR/LOKO/0x00000002
10:33:38.387  INFO     RX        /ERR/LOKO/0x00000002
10:33:38.387  INFO     RX        /ERR/LOKO/0x00000002
10:33:38.403  INFO     RX        /ERR/LOKO/0x00000002
10:33:38.420  INFO     RX        /ERR/LOKO/0x00000002
10:33:38.436  INFO     RX        /ERR/LOKO/0x00000002
10:33:38.436  INFO     RX        /ERR/LOKO/0x00000002
10:33:38.452  INFO     RX        /ERR/LOKO/0x00000002
10:33:38.468  INFO     RX        /ERR/LOKO/0x00000002
10:33:38.468  INFO     RX        /ERR/LOKO/0x00000002
10:33:38.484  INFO     RX        /ERR/LOKO/0x00000002
10:33:38.500  INFO     RX        /ERR/LOKO/0x00000002
10:33:38.516  INFO     RX        /ERR/LOKO/0x00000002
10:33:38.516  INFO     RX        /ERR/LOKO/0x00000002
10:33:38.532  INFO     RX        /ERR/LOKO/0x00000002
10:33:38.548  INFO     RX        /ERR/LOKO/0x00000002
10:33:38.564  INFO     RX        /ERR/LOKO/0x00000002
10:33:38.564  INFO     RX        /ERR/LOKO/0x00000002
10:33:38.580  INFO     RX        /ERR/LOKO/0x00000002
10:33:38.596  INFO     RX        /ERR/LOKO/0x00000002
10:33:38.596  INFO     RX        /ERR/LOKO/0x00000002
10:33:38.613  INFO     RX        /ERR/LOKO/0x00000002
10:33:38.629  INFO     RX        /ERR/LOKO/0x00000002
10:33:38.645  INFO     RX        /ERR/LOKO/0x00000002
10:33:38.645  INFO     RX        /ERR/LOKO/0x00000002
10:33:38.661  INFO     RX        /ERR/LOKO/0x00000002
10:33:38.678  INFO     RX        /ERR/LOKO/0x00000002
10:33:38.678  INFO     RX        /ERR/LOKO/0x00000002
10:33:38.694  INFO     RX        /ERR/LOKO/0x00000002
10:33:38.710  INFO     RX        /ERR/LOKO/0x00000002
10:33:38.726  INFO     RX        /ERR/LOKO/0x00000002
10:33:38.726  INFO     RX        /ERR/LOKO/0x00000002
10:33:38.742  INFO     RX        /ERR/LOKO/0x00000002
10:33:38.758  INFO     RX        /ERR/LOKO/0x00000002
10:33:38.774  INFO     RX        /ERR/LOKO/0x00000002
10:33:38.774  INFO     RX        /ERR/LOKO/0x00000002
10:33:38.789  INFO     RX        /ERR/LOKO/0x00000002
10:33:38.805  INFO     RX        /ERR/LOKO/0x00000002
10:33:38.821  INFO     RX        /ERR/LOKO/0x00000002
10:33:38.822  INFO     RX        /ERR/LOKO/0x00000002
10:33:38.837  INFO     RX        /ERR/LOKO/0x00000002
10:33:38.854  INFO     RX        /ERR/LOKO/0x00000002
10:33:38.854  INFO     RX        /ERR/LOKO/0x00000002
10:33:38.870  INFO     RX        /ERR/LOKO/0x00000002
10:33:38.885  INFO     RX        /ERR/LOKO/0x00000002
10:33:38.901  INFO     RX        /ERR/LOKO/0x00000002
10:33:38.902  INFO     RX        /ERR/LOKO/0x00000002
10:33:38.919  INFO     RX        /ERR/LOKO/0x00000002
10:33:38.931  DEBUG    TX /CONTROLL/0,0,0,-23,0,0,0,0,0
10:33:38.934  INFO     RX        /ERR/LOKO/0x00000002
10:33:38.950  INFO     RX        /ERR/LOKO/0x00000002
10:33:38.950  INFO     RX        /ERR/LOKO/0x00000002
10:33:38.966  INFO     RX        /ERR/LOKO/0x00000002
10:33:38.982  INFO     RX        /ERR/LOKO/0x00000002
10:33:38.999  INFO     RX        /ERR/LOKO/0x00000002
10:33:38.999  INFO     RX        /ERR/LOKO/0x00000002
10:33:39.014  INFO     RX        /ERR/LOKO/0x00000002
10:33:39.031  INFO     RX        /ERR/LOKO/0x00000002
10:33:39.031  INFO     RX        /ERR/LOKO/0x00000002
10:33:39.048  INFO     RX        /ERR/LOKO/0x00000002
10:33:39.063  INFO     RX        /ERR/LOKO/0x00000002
10:33:39.079  INFO     RX        /ERR/LOKO/0x00000002
10:33:39.079  INFO     RX        /ERR/LOKO/0x00000002
10:33:39.095  INFO     RX        /ERR/LOKO/0x00000002
10:33:39.111  INFO     RX        /ERR/LOKO/0x00000002
10:33:39.127  INFO     RX        /ERR/LOKO/0x00000002
10:33:39.127  INFO     RX        /ERR/LOKO/0x00000002
10:33:39.143  INFO     RX        /ERR/LOKO/0x00000002
10:33:39.160  INFO     RX        /ERR/LOKO/0x00000002
10:33:39.160  INFO     RX        /ERR/LOKO/0x00000002
10:33:39.176  INFO     RX        /ERR/LOKO/0x00000002
10:33:39.192  INFO     RX        /ERR/LOKO/0x00000002
10:33:39.208  INFO     RX        /ERR/LOKO/0x00000002
10:33:39.209  INFO     RX        /ERR/LOKO/0x00000002
10:33:39.224  INFO     RX        /ERR/LOKO/0x00000002
10:33:39.241  INFO     RX        /ERR/LOKO/0x00000002
10:33:39.257  INFO     RX        /ERR/LOKO/0x00000002
10:33:39.257  INFO     RX        /ERR/LOKO/0x00000002
10:33:39.273  INFO     RX        /ERR/LOKO/0x00000002
10:33:39.288  INFO     RX        /ERR/LOKO/0x00000002
10:33:39.305  INFO     RX        /ERR/LOKO/0x00000002
10:33:39.305  INFO     RX        /ERR/LOKO/0x00000002
10:33:39.321  INFO     RX        /ERR/LOKO/0x00000002
10:33:39.337  INFO     RX        /ERR/LOKO/0x00000002
10:33:39.337  INFO     RX        /ERR/LOKO/0x00000002
10:33:39.353  INFO     RX        /ERR/LOKO/0x00000002
10:33:39.370  INFO     RX        /ERR/LOKO/0x00000002
10:33:39.387  INFO     RX        /ERR/LOKO/0x00000002
10:33:39.387  INFO     RX        /ERR/LOKO/0x00000002
10:33:39.403  INFO     RX        /ERR/LOKO/0x00000002
10:33:39.421  INFO     RX        /ERR/LOKO/0x00000002
10:33:39.421  INFO     RX        /ERR/LOKO/0x00000002
10:33:39.436  INFO     RX        /ERR/LOKO/0x00000002
10:33:39.452  INFO     RX        /ERR/LOKO/0x00000002
10:33:39.468  INFO     RX        /ERR/LOKO/0x00000002
10:33:39.469  INFO     RX        /ERR/LOKO/0x00000002
10:33:39.485  INFO     RX        /ERR/LOKO/0x00000002
10:33:39.500  INFO     RX        /ERR/LOKO/0x00000002
10:33:39.515  INFO     RX        /ERR/LOKO/0x00000002
10:33:39.515  INFO     RX        /ERR/LOKO/0x00000002
10:33:39.531  INFO     RX        /ERR/LOKO/0x00000002
10:33:39.547  INFO     RX        /ERR/LOKO/0x00000002
10:33:39.564  INFO     RX        /ERR/LOKO/0x00000002
10:33:39.564  INFO     RX        /ERR/LOKO/0x00000002
10:33:39.580  INFO     RX        /ERR/LOKO/0x00000002
10:33:39.596  INFO     RX        /ERR/LOKO/0x00000002
10:33:39.596  INFO     RX        /ERR/LOKO/0x00000002
10:33:39.613  INFO     RX        /ERR/LOKO/0x00000002
10:33:39.629  INFO     RX        /ERR/LOKO/0x00000002
10:33:39.645  INFO     RX        /ERR/LOKO/0x00000002
10:33:39.645  INFO     RX        /ERR/LOKO/0x00000002
10:33:39.661  INFO     RX        /ERR/LOKO/0x00000002
10:33:39.678  INFO     RX        /ERR/LOKO/0x00000002
10:33:39.694  INFO     RX        /ERR/LOKO/0x00000002
10:33:39.694  INFO     RX        /ERR/LOKO/0x00000002
10:33:39.710  INFO     RX        /ERR/LOKO/0x00000002
10:33:39.726  INFO     RX        /ERR/LOKO/0x00000002
10:33:39.726  INFO     RX        /ERR/LOKO/0x00000002
10:33:39.739  DEBUG    TX /CONTROLL/0,0,0,-23,0,0,0,0,0
10:33:39.742  INFO     RX        /ERR/LOKO/0x00000002
10:33:39.758  INFO     RX        /ERR/LOKO/0x00000002
10:33:39.774  INFO     RX        /ERR/LOKO/0x00000002
10:33:39.774  INFO     RX        /ERR/LOKO/0x00000002
10:33:39.790  INFO     RX        /ERR/LOKO/0x00000002
10:33:39.807  INFO     RX        /ERR/LOKO/0x00000002
10:33:39.823  INFO     RX        /ERR/LOKO/0x00000002
10:33:39.823  INFO     RX        /ERR/LOKO/0x00000002
10:33:39.839  INFO     RX        /ERR/LOKO/0x00000002
10:33:39.855  INFO     RX        /ERR/LOKO/0x00000002
10:33:39.855  INFO     RX        /ERR/LOKO/0x00000002
10:33:39.871  INFO     RX        /ERR/LOKO/0x00000002
10:33:39.886  INFO     RX        /ERR/LOKO/0x00000002
10:33:39.903  INFO     RX        /ERR/LOKO/0x00000002
10:33:39.903  INFO     RX        /ERR/LOKO/0x00000002
10:33:39.919  INFO     RX        /ERR/LOKO/0x00000002
10:33:39.935  INFO     RX        /ERR/LOKO/0x00000002
10:33:39.951  INFO     RX        /ERR/LOKO/0x00000002
10:33:39.951  INFO     RX        /ERR/LOKO/0x00000002
10:33:39.969  INFO     RX        /ERR/LOKO/0x00000002
10:33:39.984  INFO     RX        /ERR/LOKO/0x00000002
10:33:40.000  INFO     RX        /ERR/LOKO/0x00000002
10:33:40.000  INFO     RX        /ERR/LOKO/0x00000002
10:33:40.016  INFO     RX        /ERR/LOKO/0x00000002
10:33:40.031  INFO     RX        /ERR/LOKO/0x00000002
10:33:40.047  INFO     RX        /ERR/LOKO/0x00000002
10:33:40.048  INFO     RX        /ERR/LOKO/0x00000002
10:33:40.063  INFO     RX        /ERR/LOKO/0x00000002
10:33:40.080  INFO     RX        /ERR/LOKO/0x00000002
10:33:40.080  INFO     RX        /ERR/LOKO/0x00000002
10:33:40.097  INFO     RX        /ERR/LOKO/0x00000002
10:33:40.113  INFO     RX        /ERR/LOKO/0x00000002
10:33:40.129  INFO     RX        /ERR/LOKO/0x00000002
10:33:40.129  INFO     RX        /ERR/LOKO/0x00000002
10:33:40.145  INFO     RX        /ERR/LOKO/0x00000002
10:33:40.160  INFO     RX        /ERR/LOKO/0x00000002
10:33:40.176  INFO     RX        /ERR/LOKO/0x00000002
10:33:40.176  INFO     RX        /ERR/LOKO/0x00000002
10:33:40.192  INFO     RX        /ERR/LOKO/0x00000002
10:33:40.208  INFO     RX        /ERR/LOKO/0x00000002
10:33:40.208  INFO     RX        /ERR/LOKO/0x00000002
10:33:40.224  INFO     RX        /ERR/LOKO/0x00000002
10:33:40.241  INFO     RX        /ERR/LOKO/0x00000002
10:33:40.257  INFO     RX        /ERR/LOKO/0x00000002
10:33:40.257  INFO     RX        /ERR/LOKO/0x00000002
10:33:40.273  INFO     RX        /ERR/LOKO/0x00000002
10:33:40.289  INFO     RX        /ERR/LOKO/0x00000002
10:33:40.305  INFO     RX        /ERR/LOKO/0x00000002
10:33:40.305  INFO     RX        /ERR/LOKO/0x00000002
10:33:40.322  INFO     RX        /ERR/LOKO/0x00000002
10:33:40.339  INFO     RX        /ERR/LOKO/0x00000002
10:33:40.339  INFO     RX        /ERR/LOKO/0x00000002
10:33:40.355  INFO     RX        /ERR/LOKO/0x00000002
10:33:40.370  INFO     RX        /ERR/LOKO/0x00000002
10:33:40.386  INFO     RX        /ERR/LOKO/0x00000002
10:33:40.386  INFO     RX        /ERR/LOKO/0x00000002
10:33:40.402  INFO     RX        /ERR/LOKO/0x00000002
10:33:40.418  INFO     RX        /ERR/LOKO/0x00000002
10:33:40.418  INFO     RX        /ERR/LOKO/0x00000002
10:33:40.434  INFO     RX        /ERR/LOKO/0x00000002
10:33:40.450  INFO     RX        /ERR/LOKO/0x00000002
10:33:40.466  INFO     RX        /ERR/LOKO/0x00000002
10:33:40.466  INFO     RX        /ERR/LOKO/0x00000002
10:33:40.483  INFO     RX        /ERR/LOKO/0x00000002
10:33:40.498  INFO     RX        /ERR/LOKO/0x00000002
10:33:40.515  INFO     RX        /ERR/LOKO/0x00000002
10:33:40.515  INFO     RX        /ERR/LOKO/0x00000002
10:33:40.531  INFO     RX        /ERR/LOKO/0x00000002
10:33:40.543  DEBUG    TX /CONTROLL/0,0,0,0,0,0,0,0,0
10:33:40.546  INFO     RX        /ERR/LOKO/0x00000002
10:33:40.546  INFO     RX        /ERR/LOKO/0x00000002
10:33:40.562  INFO     RX        /ERR/LOKO/0x00000002
10:33:40.579  INFO     RX        /ERR/LOKO/0x00000002
10:33:40.595  INFO     RX        /ERR/LOKO/0x00000002
10:33:40.595  INFO     RX        /ERR/LOKO/0x00000002
10:33:40.611  INFO     RX        /ERR/LOKO/0x00000002
10:33:40.627  INFO     RX        /ERR/LOKO/0x00000002
10:33:40.642  INFO     RX        /ERR/LOKO/0x00000002
10:33:40.642  INFO     RX        /ERR/LOKO/0x00000002
10:33:40.658  INFO     RX        /ERR/LOKO/0x00000002
10:33:40.674  INFO     RX        /ERR/LOKO/0x00000002
10:33:40.674  INFO     RX        /ERR/LOKO/0x00000002
10:33:40.690  INFO     RX        /ERR/LOKO/0x00000002
10:33:40.707  INFO     RX        /ERR/LOKO/0x00000002
10:33:40.723  INFO     RX        /ERR/LOKO/0x00000002
10:33:40.723  INFO     RX        /ERR/LOKO/0x00000002
10:33:40.740  INFO     RX        /ERR/LOKO/0x00000002
10:33:40.866  INFO     RX        /ERR/LOKO/0x00000002
10:33:40.866  INFO     RX        /ERR/LOKO/0x00000002
10:33:40.866  INFO     RX        /ERR/LOKO/0x00000002
10:33:40.866  INFO     RX        /ERR/LOKO/0x00000002
10:33:40.866  INFO     RX        /ERR/LOKO/0x00000002
10:33:40.866  INFO     RX        /ERR/LOKO/0x00000002
10:33:40.866  INFO     RX        /ERR/LOKO/0x00000002
10:33:40.866  INFO     RX        /ERR/LOKO/0x00000002
10:33:40.866  INFO     RX        /ERR/LOKO/0x00000002
10:33:40.875  INFO     RX        /ERR/LOKO/0x00000002
10:33:40.876  INFO     RX        /ERR/LOKO/0x00000002
10:33:40.876  INFO     RX        /ERR/LOKO/0x00000002
10:33:40.883  INFO     RX        /ERR/LOKO/0x00000002
10:33:40.901  INFO     RX        /ERR/LOKO/0x00000002
10:33:40.916  INFO     RX        /ERR/LOKO/0x00000002
10:33:40.931  INFO     RX        /ERR/LOKO/0x00000002
10:33:40.931  INFO     RX        /ERR/LOKO/0x00000002
10:33:40.946  INFO     RX        /ERR/LOKO/0x00000002
10:33:40.962  INFO     RX        /ERR/LOKO/0x00000002
10:33:40.978  INFO     RX        /ERR/LOKO/0x00000002
10:33:40.979  INFO     RX        /ERR/LOKO/0x00000002
10:33:40.995  INFO     RX        /ERR/LOKO/0x00000002
10:33:41.011  INFO     RX        /ERR/LOKO/0x00000002
10:33:41.027  INFO     RX        /ERR/LOKO/0x00000002
10:33:41.027  INFO     RX        /ERR/LOKO/0x00000002
10:33:41.044  INFO     RX        /ERR/LOKO/0x00000002
10:33:41.059  INFO     RX        /ERR/LOKO/0x00000002
10:33:41.059  INFO     RX        /ERR/LOKO/0x00000002
10:33:41.075  INFO     RX        /ERR/LOKO/0x00000002
10:33:41.090  INFO     RX        /ERR/LOKO/0x00000002
10:33:41.106  INFO     RX        /ERR/LOKO/0x00000002
10:33:41.106  INFO     RX        /ERR/LOKO/0x00000002
10:33:41.122  INFO     RX        /ERR/LOKO/0x00000002
10:33:41.139  INFO     RX        /ERR/LOKO/0x00000002
10:33:41.155  INFO     RX        /ERR/LOKO/0x00000002
10:33:41.155  INFO     RX        /ERR/LOKO/0x00000002
10:33:41.171  INFO     RX        /ERR/LOKO/0x00000002
10:33:41.188  INFO     RX        /ERR/LOKO/0x00000002
10:33:41.188  INFO     RX        /ERR/LOKO/0x00000002
10:33:41.204  INFO     RX        /ERR/LOKO/0x00000002
10:33:41.220  INFO     RX        /ERR/LOKO/0x00000002
10:33:41.235  INFO     RX        /ERR/LOKO/0x00000002
10:33:41.235  INFO     RX        /ERR/LOKO/0x00000002
10:33:41.254  INFO     RX        /ERR/LOKO/0x00000002
10:33:41.269  INFO     RX        /ERR/LOKO/0x00000002
10:33:41.269  INFO     RX        /ERR/LOKO/0x00000002
10:33:41.284  INFO     RX        /ERR/LOKO/0x00000002
10:33:41.300  INFO     RX        /ERR/LOKO/0x00000002
10:33:41.317  INFO     RX        /ERR/LOKO/0x00000002
10:33:41.317  INFO     RX        /ERR/LOKO/0x00000002
10:33:41.331  INFO     RX        /ERR/LOKO/0x00000002
10:33:41.345  DEBUG    TX /CONTROLL/0,0,0,0,0,0,0,0,0
10:33:41.348  INFO     RX        /ERR/LOKO/0x00000002
10:33:41.364  INFO     RX        /ERR/LOKO/0x00000002
10:33:41.364  INFO     RX        /ERR/LOKO/0x00000002
10:33:41.381  INFO     RX        /ERR/LOKO/0x00000002
10:33:41.396  INFO     RX        /ERR/LOKO/0x00000002
10:33:41.396  INFO     RX        /ERR/LOKO/0x00000002
10:33:41.412  INFO     RX        /ERR/LOKO/0x00000002
10:33:41.428  INFO     RX        /ERR/LOKO/0x00000002
10:33:41.444  INFO     RX        /ERR/LOKO/0x00000002
10:33:41.444  INFO     RX        /ERR/LOKO/0x00000002
10:33:41.460  INFO     RX        /ERR/LOKO/0x00000002
10:33:41.476  INFO     RX        /ERR/LOKO/0x00000002
10:33:41.493  INFO     RX        /ERR/LOKO/0x00000002
10:33:41.493  INFO     RX        /ERR/LOKO/0x00000002
10:33:41.508  INFO     RX        /ERR/LOKO/0x00000002
10:33:41.525  INFO     RX        /ERR/LOKO/0x00000002
10:33:41.525  INFO     RX        /ERR/LOKO/0x00000002
10:33:41.541  INFO     RX        /ERR/LOKO/0x00000002
10:33:41.557  INFO     RX        /ERR/LOKO/0x00000002
10:33:41.573  INFO     RX        /ERR/LOKO/0x00000002
10:33:41.573  INFO     RX        /ERR/LOKO/0x00000002
10:33:41.589  INFO     RX        /ERR/LOKO/0x00000002
10:33:41.605  INFO     RX        /ERR/LOKO/0x00000002
10:33:41.605  INFO     RX        /ERR/LOKO/0x00000002
10:33:41.621  INFO     RX        /ERR/LOKO/0x00000002
10:33:41.638  INFO     RX        /ERR/LOKO/0x00000002
10:33:41.654  INFO     RX        /ERR/LOKO/0x00000002
10:33:41.654  INFO     RX        /ERR/LOKO/0x00000002
10:33:41.670  INFO     RX        /ERR/LOKO/0x00000002
10:33:41.687  INFO     RX        /ERR/LOKO/0x00000002
10:33:41.703  INFO     RX        /ERR/LOKO/0x00000002
10:33:41.703  INFO     RX        /ERR/LOKO/0x00000002
10:33:41.722  INFO     RX        /ERR/LOKO/0x00000002
10:33:41.722  INFO     RX        /ERR/LOKO/0x00000002
10:33:41.736  INFO     RX        /ERR/LOKO/0x00000002
10:33:41.752  INFO     RX        /ERR/LOKO/0x00000002
10:33:41.768  INFO     RX        /ERR/LOKO/0x00000002
10:33:41.784  INFO     RX        /ERR/LOKO/0x00000002
10:33:41.784  INFO     RX        /ERR/LOKO/0x00000002
10:33:41.800  INFO     RX        /ERR/LOKO/0x00000002
10:33:41.816  INFO     RX        /ERR/LOKO/0x00000002
10:33:41.816  INFO     RX        /ERR/LOKO/0x00000002
10:33:41.835  INFO     RX        /ERR/LOKO/0x00000002
10:33:41.848  INFO     RX        /ERR/LOKO/0x00000002
10:33:41.865  INFO     RX        /ERR/LOKO/0x00000002
10:33:41.865  INFO     RX        /ERR/LOKO/0x00000002
10:33:41.881  INFO     RX        /ERR/LOKO/0x00000002
10:33:41.897  INFO     RX        /ERR/LOKO/0x00000002
10:33:41.897  INFO     RX        /ERR/LOKO/0x00000002
10:33:41.913  INFO     RX        /ERR/LOKO/0x00000002
10:33:41.930  INFO     RX        /ERR/LOKO/0x00000002
10:33:41.945  INFO     RX        /ERR/LOKO/0x00000002
10:33:41.945  INFO     RX        /ERR/LOKO/0x00000002
10:33:41.961  INFO     RX        /ERR/LOKO/0x00000002
10:33:41.977  INFO     RX        /ERR/LOKO/0x00000002
10:33:41.993  INFO     RX        /ERR/LOKO/0x00000002
10:33:41.993  INFO     RX        /ERR/LOKO/0x00000002
10:33:42.009  INFO     RX        /ERR/LOKO/0x00000002
10:33:42.025  INFO     RX        /ERR/LOKO/0x00000002
10:33:42.025  INFO     RX        /ERR/LOKO/0x00000002
10:33:42.041  INFO     RX        /ERR/LOKO/0x00000002
10:33:42.057  INFO     RX        /ERR/LOKO/0x00000002
10:33:42.074  INFO     RX        /ERR/LOKO/0x00000002
10:33:42.074  INFO     RX        /ERR/LOKO/0x00000002
10:33:42.090  INFO     RX        /ERR/LOKO/0x00000002
10:33:42.106  INFO     RX        /ERR/LOKO/0x00000002
10:33:42.106  INFO     RX        /ERR/LOKO/0x00000002
10:33:42.122  INFO     RX        /ERR/LOKO/0x00000002
10:33:42.138  INFO     RX        /ERR/LOKO/0x00000002
10:33:42.152  DEBUG    TX /CONTROLL/0,0,0,0,0,0,0,0,0
10:33:42.156  INFO     RX        /ERR/LOKO/0x00000002
10:33:42.156  INFO     RX        /ERR/LOKO/0x00000002
10:33:42.171  INFO     RX        /ERR/LOKO/0x00000002
10:33:42.189  INFO     RX        /ERR/LOKO/0x00000002
10:33:42.189  INFO     RX        /ERR/LOKO/0x00000002
10:33:42.206  INFO     RX        /ERR/LOKO/0x00000002
10:33:42.220  INFO     RX        /ERR/LOKO/0x00000002
10:33:42.239  INFO     RX        /ERR/LOKO/0x00000002
10:33:42.239  INFO     RX        /ERR/LOKO/0x00000002
10:33:42.252  INFO     RX        /ERR/LOKO/0x00000002
10:33:42.268  INFO     RX        /ERR/LOKO/0x00000002
10:33:42.284  INFO     RX        /ERR/LOKO/0x00000002
10:33:42.284  INFO     RX        /ERR/LOKO/0x00000002
10:33:42.305  INFO     RX        /ERR/LOKO/0x00000002
10:33:42.305  INFO     RX        /ERR/LOKO/0x00000002
10:33:42.316  INFO     RX        /ERR/LOKO/0x00000002
10:33:42.333  INFO     RX        /ERR/LOKO/0x00000002
10:33:42.347  INFO     RX        /ERR/LOKO/0x00000002
10:33:42.363  INFO     RX        /ERR/LOKO/0x00000002
10:33:42.364  INFO     RX        /ERR/LOKO/0x00000002
10:33:42.379  INFO     RX        /ERR/LOKO/0x00000002
10:33:42.395  INFO     RX        /ERR/LOKO/0x00000002
10:33:42.411  INFO     RX        /ERR/LOKO/0x00000002
10:33:42.412  INFO     RX        /ERR/LOKO/0x00000002
10:33:42.428  INFO     RX        /ERR/LOKO/0x00000002
10:33:42.444  INFO     RX        /ERR/LOKO/0x00000002
10:33:42.444  INFO     RX        /ERR/LOKO/0x00000002
10:33:42.460  INFO     RX        /ERR/LOKO/0x00000002
10:33:42.476  INFO     RX        /ERR/LOKO/0x00000002
10:33:42.492  INFO     RX        /ERR/LOKO/0x00000002
10:33:42.492  INFO     RX        /ERR/LOKO/0x00000002
10:33:42.509  INFO     RX        /ERR/LOKO/0x00000002
10:33:42.525  INFO     RX        /ERR/LOKO/0x00000002
10:33:42.542  INFO     RX        /ERR/LOKO/0x00000002
10:33:42.542  INFO     RX        /ERR/LOKO/0x00000002
10:33:42.557  INFO     RX        /ERR/LOKO/0x00000002
10:33:42.573  INFO     RX        /ERR/LOKO/0x00000002
10:33:42.574  INFO     RX        /ERR/LOKO/0x00000002
10:33:42.590  INFO     RX        /ERR/LOKO/0x00000002
10:33:42.606  INFO     RX        /ERR/LOKO/0x00000002
10:33:42.607  INFO     RX        /ERR/LOKO/0x00000002
10:33:42.622  INFO     RX        /ERR/LOKO/0x00000002
10:33:42.639  INFO     RX        /ERR/LOKO/0x00000002
10:33:42.655  INFO     RX        /ERR/LOKO/0x00000002
10:33:42.655  INFO     RX        /ERR/LOKO/0x00000002
10:33:42.671  INFO     RX        /ERR/LOKO/0x00000002
10:33:42.688  INFO     RX        /ERR/LOKO/0x00000002
10:33:42.703  INFO     RX        /ERR/LOKO/0x00000002
10:33:42.703  INFO     RX        /ERR/LOKO/0x00000002
10:33:42.719  INFO     RX        /ERR/LOKO/0x00000002
10:33:42.736  INFO     RX        /ERR/LOKO/0x00000002
10:33:42.736  INFO     RX        /ERR/LOKO/0x00000002
10:33:42.752  INFO     RX        /ERR/LOKO/0x00000002
10:33:42.769  INFO     RX        /ERR/LOKO/0x00000002
10:33:42.784  INFO     RX        /ERR/LOKO/0x00000002
10:33:42.784  INFO     RX        /ERR/LOKO/0x00000002
10:33:42.799  INFO     RX        /ERR/LOKO/0x00000002
10:33:42.816  INFO     RX        /ERR/LOKO/0x00000002
10:33:42.831  INFO     RX        /ERR/LOKO/0x00000002
10:33:42.831  INFO     RX        /ERR/LOKO/0x00000002
10:33:42.848  INFO     RX        /ERR/LOKO/0x00000002
10:33:42.864  INFO     RX        /ERR/LOKO/0x00000002
10:33:42.864  INFO     RX        /ERR/LOKO/0x00000002
10:33:42.880  INFO     RX        /ERR/LOKO/0x00000002
10:33:42.895  INFO     RX        /ERR/LOKO/0x00000002
10:33:42.911  INFO     RX        /ERR/LOKO/0x00000002
10:33:42.911  INFO     RX        /ERR/LOKO/0x00000002
10:33:42.927  INFO     RX        /ERR/LOKO/0x00000002
10:33:42.943  INFO     RX        /ERR/LOKO/0x00000002
10:33:42.957  DEBUG    TX /CONTROLL/0,0,0,0,0,0,0,0,32
10:33:42.960  INFO     RX        /ERR/LOKO/0x00000002
10:33:42.960  INFO     RX        /ERR/LOKO/0x00000002
10:33:42.977  INFO     RX        /ERR/LOKO/0x00000002
10:33:43.763  DEBUG    TX /CONTROLL/0,0,0,0,0,0,0,0,0
10:33:44.577  DEBUG    TX /CONTROLL/0,0,0,0,0,0,0,0,0
10:33:45.385  DEBUG    TX /CONTROLL/0,0,0,0,0,0,0,0,0
10:33:46.191  DEBUG    TX /CONTROLL/0,0,0,0,0,0,0,0,0
10:33:46.995  DEBUG    TX /CONTROLL/0,0,0,0,0,0,0,0,0
10:33:47.799  DEBUG    TX /CONTROLL/0,0,0,0,0,0,0,0,0
10:33:48.603  DEBUG    TX /CONTROLL/0,0,0,0,0,0,0,0,0
10:33:49.409  DEBUG    TX /CONTROLL/0,0,0,0,0,0,0,0,0
10:33:50.215  DEBUG    TX /CONTROLL/0,0,0,0,0,0,0,0,0
10:33:51.017  DEBUG    TX /CONTROLL/0,0,0,0,0,0,0,0,0
10:33:51.822  DEBUG    TX /CONTROLL/0,0,0,0,0,0,0,0,0
10:33:52.630  DEBUG    TX /CONTROLL/0,0,0,0,0,0,0,0,0
10:33:53.438  DEBUG    TX /CONTROLL/0,0,0,0,0,0,0,0,0
10:33:54.244  DEBUG    TX /CONTROLL/0,0,0,0,0,0,0,0,0
10:33:55.048  DEBUG    TX /CONTROLL/0,0,0,0,0,0,0,0,0
10:33:55.852  DEBUG    TX /CONTROLL/0,0,0,0,0,0,0,0,0
10:33:56.656  DEBUG    TX /CONTROLL/0,0,0,0,0,0,0,0,0
10:33:57.462  DEBUG    TX /CONTROLL/0,0,0,0,0,0,0,0,0
10:33:58.266  DEBUG    TX /CONTROLL/0,0,0,0,0,0,0,0,0
10:33:59.072  DEBUG    TX /CONTROLL/0,0,0,0,0,0,0,0,0
10:33:59.877  DEBUG    TX /CONTROLL/0,0,0,0,0,0,0,0,0
10:34:00.681  DEBUG    TX /CONTROLL/0,0,0,0,0,0,0,0,0
10:34:01.485  DEBUG    TX /CONTROLL/0,0,0,0,0,0,0,0,0
10:34:02.290  DEBUG    TX /CONTROLL/0,0,0,0,0,0,0,0,0
10:34:03.095  DEBUG    TX /CONTROLL/0,0,0,0,0,0,0,0,0
10:34:03.901  DEBUG    TX /CONTROLL/0,0,0,0,0,0,0,0,0
10:34:04.703  DEBUG    TX /CONTROLL/0,0,0,0,0,0,0,0,0
10:34:05.509  DEBUG    TX /CONTROLL/0,0,0,0,0,0,0,0,0
10:34:06.311  DEBUG    TX /CONTROLL/0,0,0,0,0,0,0,0,0
10:34:07.118  DEBUG    TX /CONTROLL/0,0,0,0,0,0,0,0,0
10:34:07.922  DEBUG    TX /CONTROLL/0,0,0,0,0,0,0,0,0
10:34:08.727  DEBUG    TX /CONTROLL/0,0,0,0,0,0,0,0,0
10:34:09.533  DEBUG    TX /CONTROLL/0,0,0,0,0,0,0,0,0
10:34:10.337  DEBUG    TX /CONTROLL/0,0,0,0,0,0,0,0,0
10:34:11.140  DEBUG    TX /CONTROLL/0,0,0,0,0,0,0,0,0
10:34:11.946  DEBUG    TX /CONTROLL/0,0,0,0,0,0,0,0,0
10:34:12.753  DEBUG    TX /CONTROLL/0,0,0,0,0,0,0,0,0
10:34:13.556  DEBUG    TX /CONTROLL/0,0,0,0,0,0,0,0,0
10:34:14.362  DEBUG    TX /CONTROLL/0,0,0,0,0,0,0,0,0
10:34:15.162  DEBUG    TX /CONTROLL/0,0,0,0,0,0,0,0,0
10:34:15.966  DEBUG    TX /CONTROLL/0,0,0,0,0,0,0,0,0
10:34:16.772  DEBUG    TX /CONTROLL/0,0,0,0,0,0,0,0,0
10:34:17.579  DEBUG    TX /CONTROLL/0,0,0,0,0,0,0,0,0
10:34:18.380  DEBUG    TX /CONTROLL/0,0,0,0,0,0,0,0,0
10:34:19.183  DEBUG    TX /CONTROLL/0,0,0,0,0,0,0,0,0
10:34:19.986  DEBUG    TX /CONTROLL/0,0,0,0,0,0,0,0,0
10:34:20.792  DEBUG    TX /CONTROLL/0,0,0,0,0,0,0,0,0
10:34:21.596  DEBUG    TX /CONTROLL/0,0,0,0,0,0,0,0,0
10:34:22.396  DEBUG    TX /CONTROLL/0,0,0,0,0,0,0,0,0
10:34:23.200  DEBUG    TX /CONTROLL/0,0,0,0,0,0,0,0,0
10:34:24.004  DEBUG    TX /CONTROLL/0,0,0,0,0,0,0,0,0
10:34:24.807  DEBUG    TX /CONTROLL/0,0,0,0,0,0,0,0,0
10:34:25.610  DEBUG    TX /CONTROLL/0,0,0,0,0,0,0,0,0
10:34:26.415  DEBUG    TX /CONTROLL/0,0,0,0,0,0,0,0,0
10:34:27.221  DEBUG    TX /CONTROLL/0,0,0,0,0,0,0,0,0
10:34:28.025  DEBUG    TX /CONTROLL/0,0,0,0,0,0,0,0,0
10:34:28.829  DEBUG    TX /CONTROLL/0,0,0,0,0,0,0,0,0
10:34:29.634  DEBUG    TX /CONTROLL/0,0,0,0,0,0,0,0,0
10:34:30.438  DEBUG    TX /CONTROLL/0,0,0,0,0,0,0,0,0
10:34:31.240  DEBUG    TX /CONTROLL/0,0,0,0,0,0,0,0,0
10:34:32.041  DEBUG    TX /CONTROLL/0,0,0,0,0,0,0,0,0
10:34:32.845  DEBUG    TX /CONTROLL/0,0,0,0,0,0,0,0,0
10:34:33.652  DEBUG    TX /CONTROLL/0,0,0,0,0,0,0,0,0
10:34:34.453  DEBUG    TX /CONTROLL/0,0,0,0,0,0,0,0,0
10:34:35.255  DEBUG    TX /CONTROLL/0,0,0,0,0,0,0,0,0
10:34:36.056  DEBUG    TX /CONTROLL/0,0,0,0,0,0,0,0,0
10:34:36.860  DEBUG    TX /CONTROLL/0,0,0,0,0,0,0,0,0
10:34:37.661  DEBUG    TX /CONTROLL/0,0,0,0,0,0,0,0,0
10:34:38.466  DEBUG    TX /CONTROLL/0,0,0,0,0,0,0,0,0
10:34:39.269  DEBUG    TX /CONTROLL/0,0,0,0,0,0,0,0,0
10:34:40.075  DEBUG    TX /CONTROLL/0,0,0,0,0,0,0,0,0
10:34:40.878  DEBUG    TX /CONTROLL/0,0,0,0,0,0,0,0,0
10:34:41.684  DEBUG    TX /CONTROLL/0,0,0,0,0,0,0,0,0
10:34:42.486  DEBUG    TX /CONTROLL/0,0,0,0,0,0,0,0,0
10:34:43.291  DEBUG    TX /CONTROLL/0,0,0,0,0,0,0,0,0
10:34:44.102  DEBUG    TX /CONTROLL/0,0,0,0,0,0,0,0,0
10:34:44.905  DEBUG    TX /CONTROLL/0,0,0,0,0,0,0,0,0
10:34:45.707  DEBUG    TX /CONTROLL/0,0,0,0,0,0,0,0,0
10:34:46.511  DEBUG    TX /CONTROLL/0,0,0,0,0,0,0,0,0
10:34:47.317  DEBUG    TX /CONTROLL/0,0,0,0,0,0,0,0,0
10:34:48.120  DEBUG    TX /CONTROLL/0,0,0,0,0,0,0,0,0
10:34:48.924  DEBUG    TX /CONTROLL/0,0,0,0,0,0,0,0,0
10:34:49.726  DEBUG    TX /CONTROLL/0,0,0,0,0,0,0,0,0
10:34:50.534  DEBUG    TX /CONTROLL/0,0,0,0,0,0,0,0,0
10:34:51.339  DEBUG    TX /CONTROLL/0,0,0,0,0,0,0,0,0
10:34:52.146  DEBUG    TX /CONTROLL/0,0,0,0,0,0,0,0,0
10:34:52.950  DEBUG    TX /CONTROLL/0,0,0,0,0,0,0,0,0
10:34:53.755  DEBUG    TX /CONTROLL/0,0,0,0,0,0,0,0,0
10:34:54.560  DEBUG    TX /CONTROLL/0,0,0,0,0,0,0,0,0
10:34:55.366  DEBUG    TX /CONTROLL/0,0,0,0,0,0,0,0,0
10:34:56.169  DEBUG    TX /CONTROLL/0,0,0,0,0,0,0,0,0
10:34:56.973  DEBUG    TX /CONTROLL/0,0,0,0,0,0,0,0,0
10:34:57.778  DEBUG    TX /CONTROLL/0,0,0,0,0,0,0,0,0
10:34:58.582  DEBUG    TX /CONTROLL/0,0,0,0,0,0,0,0,0
10:34:59.384  DEBUG    TX /CONTROLL/0,0,0,0,0,0,0,0,0
10:35:00.189  DEBUG    TX /CONTROLL/0,0,0,0,0,0,0,0,0
